LP_Folder,LP_Catalog,LP_Title,Side,Track_No,Track_Title,Track_Year,Match_Status,Disc_Date,Disc_Title,Disc_AltTitle,Singer,Master,Matrix,Note
Armenonville,AVL-3989,Armenonville,A,1,Retintín,1969,matched,10/20/1969,Retintín,,Instrumental,Tape-S,9566,
Armenonville,AVL-3989,Armenonville,A,2,Dulce Novia,1969,matched,8/1/1969,Dulce Novia,,Osvaldo Ramos,Tape-S,9175,
Armenonville,AVL-3989,Armenonville,A,3,Catamarca,1969,matched,10/20/1969,Catamarca,Estocada a Fondo,Instrumental,Tape-S,9565,
Armenonville,AVL-3989,Armenonville,A,4,Requiem Para Una Luca,1970,matched,8/13/1970,Réquiem Para una Luca,,Armando Laborde,Tape-S,10502,
Armenonville,AVL-3989,Armenonville,A,5,Armenonville,1970,matched,8/21/1970,Armenonville,,Instrumental,Tape-S,10516,
Armenonville,AVL-3989,Armenonville,B,1,Falso,1969,matched,10/20/1969,Falso,,Osvaldo Ramos,Tape-S,9571,
Armenonville,AVL-3989,Armenonville,B,2,Porteñísimo,1970,matched_variant,8/13/1970,Porteñismo,,Instrumental,Tape-S,10500,fuzzy 0.95 of 'Porteñismo'
Armenonville,AVL-3989,Armenonville,B,3,Dos Dedos,1970,matched,9/15/1970,Dos Dedos,,Alberto Echagüe,Tape-S,10555,
Armenonville,AVL-3989,Armenonville,B,4,Recuerdo La Casa,1970,matched_variant,8/13/1970,Recuerdo de la Casa,,Osvaldo Ramos,Tape-S,10503,fuzzy 0.91 of 'Recuerdo de la Casa'
Armenonville,AVL-3989,Armenonville,B,5,El Pimpollo,1969,matched,10/20/1969,El Pimpollo,,Armando Laborde,Tape-S,9576,
Armenonville,AVL-3989,Armenonville,B,6,El Africano,1969,matched,8/1/1969,El Africano,,Instrumental,Tape-S,9179,
Armenonville,AVL-3989,Armenonville,B,7,Senda Florida,1970,matched,8/21/1970,Senda Florida,,Osvaldo Ramos,Tape-S,10518,
Bailarin Compadrito,AVS-4579,Bailarin Compadrito,A,1,Rio Bamba,1975,matched,1/30/1975,Rio Bamba,,Instrumental,Tape-S,16815,
Bailarin Compadrito,AVS-4579,Bailarin Compadrito,A,2,Bailarín Compadrito,1973,matched,12/14/1973,Bailarín Compadrito,,Armando Laborde,Tape-S,15316,
Bailarin Compadrito,AVS-4579,Bailarin Compadrito,A,3,Para Vos Querida Pebeta,1975,matched_variant,1/30/1975,Para Vos Mi Querida Pebeta,,Osvaldo Ramos,Tape-S,16808,fuzzy 0.94 of 'Para Vos Mi Querida Pebeta'
Bailarin Compadrito,AVS-4579,Bailarin Compadrito,A,4,El 13,1969,matched,10/20/1969,El Trece,El 13,Instrumental,Tape-S,9569,
Bailarin Compadrito,AVS-4579,Bailarin Compadrito,A,5,Tremolina,1970,matched,12/16/1970,Tremolina,,Instrumental,Tape-S,11127,
Bailarin Compadrito,AVS-4579,Bailarin Compadrito,A,6,Tuve Que Llorar,1970,matched,12/16/1970,Tuve Que Llorar,,Osvaldo Ramos,Tape-S,11130,
Bailarin Compadrito,AVS-4579,Bailarin Compadrito,B,1,Tengo Miedo,1970,matched,9/15/1970,Tengo Miedo,,Alberto Echagüe,Tape-S,10550,
Bailarin Compadrito,AVS-4579,Bailarin Compadrito,B,2,Siempre Primero,1970,matched,12/16/1970,Siempre Primero,,Instrumental,Tape-S,11134,
Bailarin Compadrito,AVS-4579,Bailarin Compadrito,B,3,El Látigo,1970,matched,9/15/1970,El Látigo,,Instrumental,Tape-S,,
Bailarin Compadrito,AVS-4579,Bailarin Compadrito,B,4,Madame Julie,1971,matched,11/26/1971,Madame Julié,,Armando Laborde,Tape-S,12243,
Bailarin Compadrito,AVS-4579,Bailarin Compadrito,B,5,Ay Aurora,1973,matched,12/14/1973,Ay Aurora,,Alberto Echagüe,Tape-S,15318,
Bailarin Compadrito,AVS-4579,Bailarin Compadrito,B,6,Mimí Pinsón,1973,matched,12/14/1973,Mimí Pinsón,,Osvaldo Ramos,Tape-S,15319,
Bailate un Tango Ricardo,AVL-3730,"Bailate un Tango Ricardo, Ricardo",A,1,"Bailate Un Tango, Ricardo",1966,matched,11/10/1966,Bailate un Tango Ricardo,,Osvaldo Ramos,Tape-S,6500,
Bailate un Tango Ricardo,AVL-3730,"Bailate un Tango Ricardo, Ricardo",A,2,Me Diste Un Beso,1966,matched,11/22/1966,Me Diste un Beso,,Osvaldo Ramos,Tape-S,6665,
Bailate un Tango Ricardo,AVL-3730,"Bailate un Tango Ricardo, Ricardo",A,3,Al Gran Maestro D'Arienzo,1966,matched,11/17/1966,Al Gran Maestro D'Arienzo,,Instrumental,Tape-S,6521,
Bailate un Tango Ricardo,AVL-3730,"Bailate un Tango Ricardo, Ricardo",A,4,Un Trabajo Flor Y Flor,1966,matched,11/10/1966,Un Trabajo Flor y Flor,,Armando Laborde,Tape-S,6497,
Bailate un Tango Ricardo,AVL-3730,"Bailate un Tango Ricardo, Ricardo",A,5,Argañaráz,1966,matched,11/10/1966,Argañaraz,Aquellas Farras,Armando Laborde,Tape-S,6499,
Bailate un Tango Ricardo,AVL-3730,"Bailate un Tango Ricardo, Ricardo",A,6,Virgen De La Serrania,1966,matched,11/17/1966,Virgen de la Serranía,,Ramos y Laborde,Tape-S,6519,
Bailate un Tango Ricardo,AVL-3730,"Bailate un Tango Ricardo, Ricardo",B,1,Para Siempre,1966,matched,11/10/1966,Para Siempre,,Osvaldo Ramos,Tape-S,6492,
Bailate un Tango Ricardo,AVL-3730,"Bailate un Tango Ricardo, Ricardo",B,2,Presente Barra Querida,1966,matched,11/10/1966,Presente Barra Querida,,Osvaldo Ramos,Tape-S,6498,
Bailate un Tango Ricardo,AVL-3730,"Bailate un Tango Ricardo, Ricardo",B,3,Amor De Fortinera,1966,matched,11/17/1966,Amor de Fortinera,,Ramos y Laborde,Tape-S,6516,
Bailate un Tango Ricardo,AVL-3730,"Bailate un Tango Ricardo, Ricardo",B,4,Arrorro Nené,1966,matched_variant,11/17/1966,Arroró Nene,,Armando Laborde,Tape-S,6517,fuzzy 0.96 of 'Arroró Nene'
Bailate un Tango Ricardo,AVL-3730,"Bailate un Tango Ricardo, Ricardo",B,5,"Azul, Siempre Azul",1966,matched,11/17/1966,Azul Siempre Azul,,Osvaldo Ramos,Tape-S,6518,
Bailate un Tango Ricardo,AVL-3730,"Bailate un Tango Ricardo, Ricardo",B,6,Orlando Goñi,1966,matched,11/17/1966,Orlando Goñi,,Instrumental,Tape-S,6520,
Barrio Reo,AVL/AVS-3854,Barrio Reo,A,1,El Opio,1967,matched,11/14/1967,El Opio,,Instrumental,Tape-S,7525,
Barrio Reo,AVL/AVS-3854,Barrio Reo,A,2,"Portero, Suba Y Díga",1967,matched,11/28/1967,Portero Suba y Diga,,Armando Laborde,Tape-S,7544,
Barrio Reo,AVL/AVS-3854,Barrio Reo,A,3,C.T.V.,1967,matched_variant,11/28/1967,Ctv,,Instrumental,Tape-S,,variant of 'Ctv'
Barrio Reo,AVL/AVS-3854,Barrio Reo,A,4,Cuéntame Tu Pena,1967,matched,11/14/1967,Cuéntame Tu Pena,,Osvaldo Ramos,Tape-S,7527,
Barrio Reo,AVL/AVS-3854,Barrio Reo,A,5,Milagro De Tango,1967,matched,11/14/1967,Milagro de Tango,,Armando Laborde,Tape-S,7528,
Barrio Reo,AVL/AVS-3854,Barrio Reo,A,6,La Trilla,1967,matched,11/14/1967,La Trilla,,Instrumental,Tape-S,7531,
Barrio Reo,AVL/AVS-3854,Barrio Reo,B,1,Barrio Reo,1967,matched,11/14/1967,Barrio Reo,,Armando Laborde,Tape-S,7526,
Barrio Reo,AVL/AVS-3854,Barrio Reo,B,2,Canaro en París,1967,matched,11/28/1967,Canaro en París,,Instrumental,Tape-S,7542,
Barrio Reo,AVL/AVS-3854,Barrio Reo,B,3,La Mariposa,1967,matched,11/14/1967,La Mariposa,,Osvaldo Ramos,Tape-S,,
Barrio Reo,AVL/AVS-3854,Barrio Reo,B,4,Tinta Verde,1967,matched,11/14/1967,Tinta Verde,,Instrumental,Tape-S,7532,
Barrio Reo,AVL/AVS-3854,Barrio Reo,B,5,Me Vio Tu Barrio,1967,matched,11/14/1967,Me Vio Tu Barrio,,Osvaldo Ramos,Tape-S,7529,
Barrio Reo,AVL/AVS-3854,Barrio Reo,B,6,Adiós Bardi,1967,matched,11/14/1967,Adiós Bardi,,Instrumental,Tape-S,7530,
Che Timbero,AVL-3688,Che Timbero,A,1,Che Timbero,1965,matched,9/27/1965,Che Timbero,,Armando Laborde,Tape-S,5376,
Che Timbero,AVL-3688,Che Timbero,A,2,"Nada, Nada Más Que Amor",1965,matched,11/18/1965,Nada Nada Más Que Amor,,Osvaldo Ramos,Tape-S,5478,
Che Timbero,AVL-3688,Che Timbero,A,3,La Mimada,1965,matched,9/27/1965,La Mimada,,Ramos y Laborde,Tape-S,5377,
Che Timbero,AVL-3688,Che Timbero,A,4,Calla,1965,matched,10/14/1965,Calla,,Armando Laborde,Tape-S,5395,
Che Timbero,AVL-3688,Che Timbero,A,5,Desconocidos,1965,matched,9/2/1965,Desconocidos,,Osvaldo Ramos,Tape-S,5325,
Che Timbero,AVL-3688,Che Timbero,A,6,Formidable,1962,matched,9/10/1962,Formidable,,Instrumental,Tape,3454,
Che Timbero,AVL-3688,Che Timbero,B,1,Tucumán,1950,matched,9/28/1950,Tucumán,,Instrumental,Micro,BAVE-093890,
Che Timbero,AVL-3688,Che Timbero,B,2,Ya Lo Ves,1964,matched,11/18/1964,Ya Lo Ves,,Armando Laborde,Tape-S,4663,
Che Timbero,AVL-3688,Che Timbero,B,3,Suerte Loca,1964,matched,10/9/1964,Suerte Loca,,Armando Laborde,Tape-S,4561,
Che Timbero,AVL-3688,Che Timbero,B,4,Solo Un Renglón,1965,matched,9/27/1965,Sólo un Renglón,,Osvaldo Ramos,Tape-S,5375,
Che Timbero,AVL-3688,Che Timbero,B,5,Julieta y Romeo,1965,matched,9/2/1965,Julieta y Romeo,,Armando Laborde,Tape-S,,
Che Timbero,AVL-3688,Che Timbero,B,6,Junto A Mi China,1965,matched,9/27/1965,Junto a Mi China,,Ramos y Laborde,Tape-S,5378,
Con Alma y Nervio,AVS-4099,Con Alma y Nervio,A,1,El Arroyito,1970,matched,12/16/1970,El Arroyito,,Instrumental,Tape-S,11128,
Con Alma y Nervio,AVS-4099,Con Alma y Nervio,A,2,El Carrerito,1970,matched,12/16/1970,El Carrerito,,Osvaldo Ramos,Tape-S,11136,
Con Alma y Nervio,AVS-4099,Con Alma y Nervio,A,3,Elegante Papirusa,1970,matched,12/16/1970,Elegante Papirusa,,Instrumental,Tape-S,11135,
Con Alma y Nervio,AVS-4099,Con Alma y Nervio,A,4,Sin Dobleces,1971,matched,11/26/1971,Sin Dobleces,,Armando Laborde,Tape-S,12239,
Con Alma y Nervio,AVS-4099,Con Alma y Nervio,A,5,Zapatitos De Raso,1970,matched,10/29/1970,Zapatitos de Raso,,Ramos y Laborde,Tape-S,10855,
Con Alma y Nervio,AVS-4099,Con Alma y Nervio,A,6,La Biyarda,1971,matched,11/26/1971,La Biyarda,,Instrumental,Tape-S,12198,
Con Alma y Nervio,AVS-4099,Con Alma y Nervio,B,1,El Taura,1970,matched,8/21/1970,El Taura,,Instrumental,Tape-S,10515,
Con Alma y Nervio,AVS-4099,Con Alma y Nervio,B,2,Con Alma Y Nervio,1970,matched,12/16/1970,Con Alma y Nervio,,Armando Laborde,Tape-S,11132,
Con Alma y Nervio,AVS-4099,Con Alma y Nervio,B,3,La Cautiva,1970,matched,8/21/1970,La Cautiva,,Instrumental,Tape-S,10517,
Con Alma y Nervio,AVS-4099,Con Alma y Nervio,B,4,Paciencia,1970,matched,12/16/1970,Paciencia,,Alberto Echagüe,Tape-S,11133,
Con Alma y Nervio,AVS-4099,Con Alma y Nervio,B,5,Un Lamento,1969,matched,10/20/1969,Un Lamento,,Instrumental,Tape-S,9567,
Con Alma y Nervio,AVS-4099,Con Alma y Nervio,B,6,De Corte Arrabalero,1971,matched,11/26/1971,De Corte Arrabalero,,Instrumental,Tape-S,12200,
Con tu Compas,AVL-3883,Con Tu Compás,A,1,Mariposita,1969,matched,9/18/1969,Mariposita,,Instrumental,Tape-S,9486,
Con tu Compas,AVL-3883,Con Tu Compás,A,2,Solo Tuya,1969,matched,8/12/1969,Sólo Tuya,,Osvaldo Ramos,Tape-S,9443,
Con tu Compas,AVL-3883,Con Tu Compás,A,3,El Incendio,1969,matched,9/18/1969,El Incendio,,Instrumental,Tape-S,9490,
Con tu Compas,AVL-3883,Con Tu Compás,A,4,Con Tu Compás,1969,matched,8/1/1969,Con Tu Compás,,Armando Laborde,Tape-S,9173,
Con tu Compas,AVL-3883,Con Tu Compás,A,5,El Jaguar,1969,matched,9/18/1969,El Jaguar,,Instrumental,Tape-S,9489,
Con tu Compas,AVL-3883,Con Tu Compás,A,6,Gotas De Veneno,1969,matched,8/12/1969,Gotas de Veneno,,Armando Laborde,Tape-S,9442,
Con tu Compas,AVL-3883,Con Tu Compás,B,1,El Arranque,1969,matched,9/18/1969,El Arranque,,Instrumental,Tape-S,9488,
Con tu Compas,AVL-3883,Con Tu Compás,B,2,Aquel Abril,1969,matched,8/1/1969,Aquel Abril,,Osvaldo Ramos,Tape-S,9178,
Con tu Compas,AVL-3883,Con Tu Compás,B,3,Las Cuarenta,1969,matched,8/1/1969,Las Cuarenta,,Alberto Echagüe,Tape-S,9176,
Con tu Compas,AVL-3883,Con Tu Compás,B,4,Sin Ti,1969,matched,8/1/1969,Sin Ti,,Osvaldo Ramos,Tape-S,9172,
Con tu Compas,AVL-3883,Con Tu Compás,B,5,Pregonera,1969,matched,9/18/1969,Pregonera,,Ramos y Laborde,Tape-S,9496,
Con tu Compas,AVL-3883,Con Tu Compás,B,6,La Chiflada,1969,matched,9/18/1969,La Chiflada,El Silbido,Instrumental,Tape-S,9492,
Cumpleanos de Mi Esposa,AVL-3537,Cumpleaños de mi Esposa,A,1,Cumpleaños de mi Esposa,1963,matched,8/1/1963,Cumpleaños de Mi Esposa,,Jorge Valdez,Tape-S,3943,
Cumpleanos de Mi Esposa,AVL-3537,Cumpleaños de mi Esposa,A,2,Del Tiempo De La Morocha,1962,matched,9/12/1962,Del Tiempo de la Morocha,,Horacio Palma,Tape,3465,
Cumpleanos de Mi Esposa,AVL-3537,Cumpleaños de mi Esposa,A,3,El Tigre De Almagro,1962,matched,10/10/1962,El Tigre de Almagro,,Horacio Palma,Tape-S,3534,
Cumpleanos de Mi Esposa,AVL-3537,Cumpleaños de mi Esposa,A,4,La Paparruchita,1962,matched,9/6/1962,La Paparruchita,,Instrumental,Tape,3446,
Cumpleanos de Mi Esposa,AVL-3537,Cumpleaños de mi Esposa,A,5,Déjame Con Mis Centavos,1962,matched,9/10/1962,Déjame con Mis Centavos,,Jorge Valdez,Tape,3453,
Cumpleanos de Mi Esposa,AVL-3537,Cumpleaños de mi Esposa,A,6,Caña,1964,matched,6/30/1964,Caña,,Armando Laborde,Tape,4396,
Cumpleanos de Mi Esposa,AVL-3537,Cumpleaños de mi Esposa,B,1,Nada,1964,matched,6/30/1964,Nada,,Jorge Valdez,Tape,4394,
Cumpleanos de Mi Esposa,AVL-3537,Cumpleaños de mi Esposa,B,2,Prometedora,1962,matched,9/10/1962,Prometedora,,Horacio Palma,Tape,3451,
Cumpleanos de Mi Esposa,AVL-3537,Cumpleaños de mi Esposa,B,3,Yuyo Brujo,1964,matched,6/30/1964,Yuyo Brujo,,Armando Laborde,Tape,4397,
Cumpleanos de Mi Esposa,AVL-3537,Cumpleaños de mi Esposa,B,4,Hola Ricurita,1962,matched,11/13/1962,Hola Ricurita,,Jorge Valdez,Tape-S,3583,
Cumpleanos de Mi Esposa,AVL-3537,Cumpleaños de mi Esposa,B,5,Color Esperanza,1961,matched,7/11/1961,Color Esperanza,,Jorge Valdez,Tape,2507,
Cumpleanos de Mi Esposa,AVL-3537,Cumpleaños de mi Esposa,B,6,Qué Falta Que Me Hacés,1964,matched,6/30/1964,Qué Falta Que Me Hacés,,Jorge Valdez,Tape,4395,
DArienzo for Export Vol 1,AVL-3512,D'Arienzo For Export - Vol.1,A,1,La Cumparsita,1963,matched,12/10/1963,La Cumparsita,Si Supieras,Instrumental,Tape,4120,
DArienzo for Export Vol 1,AVL-3512,D'Arienzo For Export - Vol.1,A,2,A Media Luz,1963,matched,12/17/1963,A Media Luz,,Instrumental,Tape,4131,
DArienzo for Export Vol 1,AVL-3512,D'Arienzo For Export - Vol.1,A,3,La Catrera,1963,matched,12/10/1963,La Catrera,,Instrumental,Tape-S,4119,
DArienzo for Export Vol 1,AVL-3512,D'Arienzo For Export - Vol.1,A,4,Felicia,1963,matched,11/6/1963,Felicia,,Instrumental,Tape-S,4059,
DArienzo for Export Vol 1,AVL-3512,D'Arienzo For Export - Vol.1,A,5,El Choclo,1963,matched,12/4/1963,El Choclo,,Instrumental,Tape-S,4107,
DArienzo for Export Vol 1,AVL-3512,D'Arienzo For Export - Vol.1,A,6,Derecho Viejo,1963,matched,11/13/1963,Derecho Viejo,,Instrumental,Tape-S,4071,
DArienzo for Export Vol 1,AVL-3512,D'Arienzo For Export - Vol.1,B,1,La Puñalada,1963,matched,12/10/1963,La Puñalada,,Instrumental,Tape,4118,
DArienzo for Export Vol 1,AVL-3512,D'Arienzo For Export - Vol.1,B,2,El Irresistible,1963,matched,11/13/1963,El Irresistible,,Instrumental,Tape-S,4069,
DArienzo for Export Vol 1,AVL-3512,D'Arienzo For Export - Vol.1,B,3,El Entrerriano,1963,matched,12/4/1963,El Entrerriano,,Instrumental,Tape-S,4108,
DArienzo for Export Vol 1,AVL-3512,D'Arienzo For Export - Vol.1,B,4,Pimienta,1963,matched,12/17/1963,Pimienta,,Instrumental,Tape,4129,
DArienzo for Export Vol 1,AVL-3512,D'Arienzo For Export - Vol.1,B,5,La Morocha,1963,matched,11/13/1963,La Morocha,,Instrumental,Tape-S,4070,
DArienzo for Export Vol 1,AVL-3512,D'Arienzo For Export - Vol.1,B,6,A La Gran Muñeca,1963,matched,12/17/1963,A la Gran Muñeca,,Instrumental,Tape,4130,
DArienzo for Export Vol 2,AVL/AVS-3705,D'Arienzo For Export - Vol.2,A,1,Pura Trampa,1966,matched,8/3/1966,Pura Trampa,,Instrumental,Tape-S,6166,
DArienzo for Export Vol 2,AVL/AVS-3705,D'Arienzo For Export - Vol.2,A,2,La Payanca,1966,matched,7/25/1966,La Payanca,,Instrumental,Tape-S,6144,
DArienzo for Export Vol 2,AVL/AVS-3705,D'Arienzo For Export - Vol.2,A,3,"Vea, Vea",1966,matched,7/25/1966,Vea Vea,,Instrumental,Tape-S,6147,
DArienzo for Export Vol 2,AVL/AVS-3705,D'Arienzo For Export - Vol.2,A,4,Nueve de Julio,1966,matched,8/3/1966,Nueve de Julio,9 de Julio,Instrumental,Tape-S,6165,
DArienzo for Export Vol 2,AVL/AVS-3705,D'Arienzo For Export - Vol.2,A,5,De Mi Flor,1966,matched,8/3/1966,De Mi Flor,,Instrumental,Tape-S,6164,
DArienzo for Export Vol 2,AVL/AVS-3705,D'Arienzo For Export - Vol.2,A,6,Entre Dos Fuegos,1966,matched,7/25/1966,Entre Dos Fuegos,,Instrumental,Tape-S,6148,
DArienzo for Export Vol 2,AVL/AVS-3705,D'Arienzo For Export - Vol.2,B,1,El Once,1966,matched,8/3/1966,El Once,,Instrumental,Tape-S,6167,
DArienzo for Export Vol 2,AVL/AVS-3705,D'Arienzo For Export - Vol.2,B,2,Hotel Victoria,1966,matched,8/3/1966,Hotel Victoria,,Instrumental,Tape-S,6168,
DArienzo for Export Vol 2,AVL/AVS-3705,D'Arienzo For Export - Vol.2,B,3,Rodriguez Peña,1966,matched,7/25/1966,Rodríguez Peña,,Instrumental,Tape-S,6146,
DArienzo for Export Vol 2,AVL/AVS-3705,D'Arienzo For Export - Vol.2,B,4,La Viruta,1966,matched,7/25/1966,La Viruta,,Instrumental,Tape-S,6145,
DArienzo for Export Vol 2,AVL/AVS-3705,D'Arienzo For Export - Vol.2,B,5,Benguria,1966,matched,8/3/1966,Benguria,,Instrumental,Tape-S,6163,
DArienzo for Export Vol 2,AVL/AVS-3705,D'Arienzo For Export - Vol.2,B,6,El Amanecer,1966,matched,7/25/1966,El Amanecer,,Instrumental,Tape-S,6143,
DArienzo for Export Vol 3,AVL-3759,D'Arienzo For Export - Vol.3,A,1,Organito de la Tarde,1967,matched,7/27/1967,Organito de la Tarde,,Instrumental,Tape-S,6994,
DArienzo for Export Vol 3,AVL-3759,D'Arienzo For Export - Vol.3,A,2,Qué Noche,1967,matched,7/27/1967,Qué Noche,,Instrumental,Tape-S,6995,
DArienzo for Export Vol 3,AVL-3759,D'Arienzo For Export - Vol.3,A,3,Papas Calientes,1967,matched,7/27/1967,Papas Calientes,,Instrumental,Tape-S,6999,
DArienzo for Export Vol 3,AVL-3759,D'Arienzo For Export - Vol.3,A,4,Inspiración,1967,matched,7/27/1967,Inspiración,,Instrumental,Tape-S,6996,
DArienzo for Export Vol 3,AVL-3759,D'Arienzo For Export - Vol.3,A,5,La Clavada,1967,matched,8/16/1967,La Clavada,,Instrumental,Tape-S,7027,
DArienzo for Export Vol 3,AVL-3759,D'Arienzo For Export - Vol.3,A,6,El Chupete,1967,matched,7/27/1967,El Chupete,,Instrumental,Tape-S,6998,
DArienzo for Export Vol 3,AVL-3759,D'Arienzo For Export - Vol.3,B,1,Ahí Va El Dulce,1967,matched,7/27/1967,Ahí Va el Dulce,,Instrumental,Tape-S,6997,
DArienzo for Export Vol 3,AVL-3759,D'Arienzo For Export - Vol.3,B,2,El Horizonte,1967,matched,8/21/1967,El Horizonte,,Instrumental,Tape-S,7195,
DArienzo for Export Vol 3,AVL-3759,D'Arienzo For Export - Vol.3,B,3,La Guitarrita,1967,matched,8/16/1967,La Guitarrita,,Instrumental,Tape-S,7028,
DArienzo for Export Vol 3,AVL-3759,D'Arienzo For Export - Vol.3,B,4,El Tamango,1967,matched,8/16/1967,El Tamango,,Instrumental,Tape-S,7026,
DArienzo for Export Vol 3,AVL-3759,D'Arienzo For Export - Vol.3,B,5,Sollozos,1967,matched,8/21/1967,Sollozos,,Instrumental,Tape-S,7190,
DArienzo for Export Vol 3,AVL-3759,D'Arienzo For Export - Vol.3,B,6,La Racha,1967,matched,8/2/1967,La Racha,,Instrumental,Tape-S,7012,
DArienzo for Export Vol 4,AVS-4210,D'Arienzo For Export - Vol.4,A,1,La Guiñada,1973,matched,12/14/1973,La Guiñada,,Instrumental,Tape-S,15321,
DArienzo for Export Vol 4,AVS-4210,D'Arienzo For Export - Vol.4,A,2,Bar Exposición,1973,matched,12/14/1973,Bar Exposición,Cosa Linda Barata,Instrumental,Tape-S,15314,
DArienzo for Export Vol 4,AVS-4210,D'Arienzo For Export - Vol.4,A,3,Zorro Gris,1973,matched,12/14/1973,Zorro Gris,,Instrumental,Tape-S,15323,
DArienzo for Export Vol 4,AVS-4210,D'Arienzo For Export - Vol.4,A,4,Milonga de Mis Amores,1970,matched,12/16/1970,Milonga de Mis Amores,,Instrumental,Tape-S,11126,
DArienzo for Export Vol 4,AVS-4210,D'Arienzo For Export - Vol.4,A,5,Criolla Linda,1970,matched,10/29/1970,Criolla Linda,,Instrumental,Tape-S,10856,
DArienzo for Export Vol 4,AVS-4210,D'Arienzo For Export - Vol.4,A,6,Gallo Ciego,1969,matched,9/18/1969,Gallo Ciego,,Instrumental,Tape-S,9494,
DArienzo for Export Vol 4,AVS-4210,D'Arienzo For Export - Vol.4,B,1,El Pillete,1973,matched,12/14/1973,El Pillete,,Instrumental,Tape-S,15325,
DArienzo for Export Vol 4,AVS-4210,D'Arienzo For Export - Vol.4,B,2,Viernes 13,1973,matched,12/14/1973,Viernes Trece,Viernes 13,Instrumental,Tape-S,15324,
DArienzo for Export Vol 4,AVS-4210,D'Arienzo For Export - Vol.4,B,3,Primerísimo,1973,matched,12/14/1973,Primerísimo,,Instrumental,Tape-S,15315,
DArienzo for Export Vol 4,AVS-4210,D'Arienzo For Export - Vol.4,B,4,Germaine,1969,matched,10/20/1969,Germaine,,Instrumental,Tape-S,9570,
DArienzo for Export Vol 4,AVS-4210,D'Arienzo For Export - Vol.4,B,5,El Estagiario,1970,matched,8/21/1970,El Estagiario,,Instrumental,Tape-S,10514,
DArienzo for Export Vol 4,AVS-4210,D'Arienzo For Export - Vol.4,B,6,Este Es El Rey,1971,matched,11/26/1971,Este Es el Rey,,Instrumental,Tape-S,12199,
DArienzo Interpreta a Canaro,AVL-3603,Juan D'Arienzo Interpreta a Canaro,A,1,Nueve Puntos,1965,matched,8/11/1965,Nueve Puntos,,Instrumental,Tape-S,5268,
DArienzo Interpreta a Canaro,AVL-3603,Juan D'Arienzo Interpreta a Canaro,A,2,Tiempos Viejos,1965,matched,8/12/1965,Tiempos Viejos,Te Acordás Hermano,Armando Laborde,Tape-S,5275,
DArienzo Interpreta a Canaro,AVL-3603,Juan D'Arienzo Interpreta a Canaro,A,3,La Tablada,1965,matched,8/11/1965,La Tablada,,Instrumental,Tape-S,5269,
DArienzo Interpreta a Canaro,AVL-3603,Juan D'Arienzo Interpreta a Canaro,A,4,El Internado,1965,matched,8/27/1965,El Internado,,Instrumental,Tape-S,5323,
DArienzo Interpreta a Canaro,AVL-3603,Juan D'Arienzo Interpreta a Canaro,A,5,Yo No Sé Que Me Han Hecho Tus Ojos,1965,matched_variant,8/12/1965,Yo No Sé Qué Me Han Echo Tus Ojos,,Osvaldo Ramos,Tape-S,5274,fuzzy 0.99 of 'Yo No Sé Qué Me Han Echo Tus Ojos'
DArienzo Interpreta a Canaro,AVL-3603,Juan D'Arienzo Interpreta a Canaro,A,6,El Alacrán,1965,matched,8/27/1965,El Alacrán,,Instrumental,Tape-S,5322,
DArienzo Interpreta a Canaro,AVL-3603,Juan D'Arienzo Interpreta a Canaro,B,1,Sentimiento Gaucho,1965,matched,8/11/1965,Sentimiento Gaucho,,Osvaldo Ramos,Tape-S,5270,
DArienzo Interpreta a Canaro,AVL-3603,Juan D'Arienzo Interpreta a Canaro,B,2,El Triunfo,1965,matched,8/12/1965,El Triunfo,,Instrumental,Tape-S,5276,
DArienzo Interpreta a Canaro,AVL-3603,Juan D'Arienzo Interpreta a Canaro,B,3,Se Acabaron Los Otarios,1965,matched,8/27/1965,Se Acabaron los Otarios,,Armando Laborde,Tape-S,5324,
DArienzo Interpreta a Canaro,AVL-3603,Juan D'Arienzo Interpreta a Canaro,B,4,El Pollito,1965,matched,8/11/1965,El Pollito,,Instrumental,Tape-S,5271,
DArienzo Interpreta a Canaro,AVL-3603,Juan D'Arienzo Interpreta a Canaro,B,5,El Chamuyo,1965,matched,8/11/1965,El Chamuyo,,Instrumental,Tape-S,5272,
DArienzo Interpreta a Canaro,AVL-3603,Juan D'Arienzo Interpreta a Canaro,B,6,Charamusca,1965,matched,8/11/1965,Charamusca,,Instrumental,Tape-S,5273,
DArienzo Interpreta a Lomuto,AVS-4308,D'Arienzo Interpreta a Francisco Lomuto,A,1,Mala Suerte,1974,matched,12/11/1974,Mala Suerte,,Alberto Echagüe,Tape-S,16791,
DArienzo Interpreta a Lomuto,AVS-4308,D'Arienzo Interpreta a Francisco Lomuto,A,2,Sombras Nada Más,1974,matched,12/11/1974,Sombras Nada Más,,Osvaldo Ramos,Tape-S,16790,
DArienzo Interpreta a Lomuto,AVS-4308,D'Arienzo Interpreta a Francisco Lomuto,A,3,Churrasca,1974,matched,12/11/1974,Churrasca,,Armando Laborde,Tape-S,16792,
DArienzo Interpreta a Lomuto,AVS-4308,D'Arienzo Interpreta a Francisco Lomuto,A,4,Muñequita,1974,matched,12/11/1974,Muñequita,,Instrumental,Tape-S,16788,
DArienzo Interpreta a Lomuto,AVS-4308,D'Arienzo Interpreta a Francisco Lomuto,A,5,Mis Amigos De Ayer,1974,matched,12/11/1974,Mis Amigos de Ayer,,Armando Laborde,Tape-S,16799,
DArienzo Interpreta a Lomuto,AVS-4308,D'Arienzo Interpreta a Francisco Lomuto,A,6,Muchachita Del Campo,1974,matched,12/11/1974,Muchachita del Campo,,Osvaldo Ramos,Tape-S,16798,
DArienzo Interpreta a Lomuto,AVS-4308,D'Arienzo Interpreta a Francisco Lomuto,B,1,La Rezongona,1974,matched,12/11/1974,La Rezongona,,Instrumental,Tape-S,16789,
DArienzo Interpreta a Lomuto,AVS-4308,D'Arienzo Interpreta a Francisco Lomuto,B,2,Dímelo Al Oído,1974,matched,12/11/1974,Dímelo Al Oído,,Osvaldo Ramos,Tape-S,16795,
DArienzo Interpreta a Lomuto,AVS-4308,D'Arienzo Interpreta a Francisco Lomuto,B,3,Nunca Más,1974,matched,12/11/1974,Nunca Más,,Alberto Echagüe,Tape-S,16796,
DArienzo Interpreta a Lomuto,AVS-4308,D'Arienzo Interpreta a Francisco Lomuto,B,4,Tango Amigo,1974,matched,12/11/1974,Tango Amigo,,Armando Laborde,Tape-S,16797,
DArienzo Interpreta a Lomuto,AVS-4308,D'Arienzo Interpreta a Francisco Lomuto,B,5,Cachadora,1974,matched,12/11/1974,Cachadora,,Alberto Echagüe,Tape-S,16794,
DArienzo Interpreta a Lomuto,AVS-4308,D'Arienzo Interpreta a Francisco Lomuto,B,6,Si Dejaras De Quererme,1974,matched,12/11/1974,Si Dejaras de Quererme,,Ramos y Laborde,Tape-S,16793,
El Bar de Rosendo,AVS-4154,El Bar de Rosendo,A,1,Re-Fa-Si,1972,matched,12/14/1972,Re Fa Si,,Instrumental,Tape-S,13686,
El Bar de Rosendo,AVS-4154,El Bar de Rosendo,A,2,Mi Dolor,1972,matched,12/14/1972,Mi Dolor,,Osvaldo Ramos,Tape-S,13690,
El Bar de Rosendo,AVS-4154,El Bar de Rosendo,A,3,Selección De Tangos,1972,matched,12/14/1972,Selección de Tangos,,Instrumental,Tape-S,13688,
El Bar de Rosendo,AVS-4154,El Bar de Rosendo,A,4,Merecés Un Monumento,1972,matched,12/14/1972,Merecés un Monumento,,Echagüe y Laborde,Tape-S,13689,
El Bar de Rosendo,AVS-4154,El Bar de Rosendo,A,5,Entre Sueños,1972,matched,12/14/1972,Entre Sueños,,Instrumental,Tape-S,13692,
El Bar de Rosendo,AVS-4154,El Bar de Rosendo,A,6,Llámame Amor Mío,1972,matched,12/14/1972,Llámame Amor Mío,,Osvaldo Ramos,Tape-S,13696,
El Bar de Rosendo,AVS-4154,El Bar de Rosendo,B,1,El Bar De Rosendo,1972,matched,12/14/1972,El Bar de Rosendo,,Osvaldo Ramos,Tape-S,13691,
El Bar de Rosendo,AVS-4154,El Bar de Rosendo,B,2,Naciste Para El Tango,1972,matched_variant,12/14/1972,Nacistes Para el Tango,,Instrumental,Tape-S,13693,fuzzy 0.98 of 'Nacistes Para el Tango'
El Bar de Rosendo,AVS-4154,El Bar de Rosendo,B,3,Señor Del Compas,1972,matched,12/14/1972,Señor del Compas,,Osvaldo Ramos,Tape-S,13694,
El Bar de Rosendo,AVS-4154,El Bar de Rosendo,B,4,Adiós Coco,1972,matched,12/14/1972,Adíos Coco,,Instrumental,Tape-S,13687,
El Bar de Rosendo,AVS-4154,El Bar de Rosendo,B,5,Mi Vida Yo La Reviento,1972,matched,12/14/1972,Mi Vida Yo la Reviento,,Osvaldo Ramos,Tape-S,13695,
El Bar de Rosendo,AVS-4154,El Bar de Rosendo,B,6,Y Porque No,1972,matched,12/14/1972,Y Porque No,,Instrumental,Tape-S,13697,
Estampas de Antano,AVL-3556,Estampas de Antaño,A,1,Estampas de Antaño,1964,matched,9/25/1964,Estampas de Antaño,,Armando Laborde,Tape,4534,
Estampas de Antano,AVL-3556,Estampas de Antaño,A,2,Y Cualquier Cantidad,1964,matched,9/25/1964,Y Cualquier Cantidad,,Armando Laborde,Tape,4536,
Estampas de Antano,AVL-3556,Estampas de Antaño,A,3,Cada Vez Te Extraño Más,1964,matched,10/9/1964,Cada Vez Te Extraño Más,,Armando Laborde,Tape-S,4560,
Estampas de Antano,AVL-3556,Estampas de Antaño,A,4,Se Prendió La Colorada,1964,matched,10/2/1964,Se Prendió la Colorada,,Valdez y Laborde,Tape-S,4551,
Estampas de Antano,AVL-3556,Estampas de Antaño,A,5,Necesito Amor,1964,matched,10/2/1964,Necesito Amor,,Jorge Valdez,Tape-S,4550,
Estampas de Antano,AVL-3556,Estampas de Antaño,A,6,Pura Trampa,1964,matched,10/2/1964,Pura Trampa,,Instrumental,Tape-S,4549,
Estampas de Antano,AVL-3556,Estampas de Antaño,B,1,Remembranzas,1964,matched,9/25/1964,Remembranzas,,Jorge Valdez,Tape,4537,
Estampas de Antano,AVL-3556,Estampas de Antaño,B,2,El Ultimo Café,1964,matched,9/25/1964,El Último Café,,Jorge Valdez,Tape,4535,
Estampas de Antano,AVL-3556,Estampas de Antaño,B,3,Puro Cuento,1964,matched,9/25/1964,Puro Cuento,,Armando Laborde,Tape,4538,
Estampas de Antano,AVL-3556,Estampas de Antaño,B,4,Quiero Verte Una Vez Más,1964,matched,9/25/1964,Quiero Verte una Vez Más,Viejo Gaucho,Jorge Valdez,Tape,4539,
Estampas de Antano,AVL-3556,Estampas de Antaño,B,5,El Vino Triste,1960,matched,6/27/1960,El Vino Triste,,Horacio Palma,Tape,1798,
Estampas de Antano,AVL-3556,Estampas de Antaño,B,6,Tambor Moreno,1964,matched,10/2/1964,Tambor Moreno,,Valdez y Laborde,Tape-S,4548,
Juan de Dios Filiberto,AVL-3494,Juan D'Arienzo Interpreta a Juan de Dios Filiberto,A,1,Malevaje,1963,matched,5/30/1963,Malevaje,,Horacio Palma,Tape-S,3858,
Juan de Dios Filiberto,AVL-3494,Juan D'Arienzo Interpreta a Juan de Dios Filiberto,A,2,Clavel del Aire,1963,matched,6/10/1963,Clavel del Aire,,Jorge Valdez,Tape-S,3878,
Juan de Dios Filiberto,AVL-3494,Juan D'Arienzo Interpreta a Juan de Dios Filiberto,A,3,Ladrillo,1963,matched,9/16/1963,Ladrillo,,Héctor Millán,Tape-S,3981,
Juan de Dios Filiberto,AVL-3494,Juan D'Arienzo Interpreta a Juan de Dios Filiberto,A,4,El Pañuelito,1963,matched,8/26/1963,El Pañuelito,,Valdez y Millán,Tape-S,3964,
Juan de Dios Filiberto,AVL-3494,Juan D'Arienzo Interpreta a Juan de Dios Filiberto,A,5,Amigazo,1963,matched,8/1/1963,Amigazo,,Horacio Palma,Tape-S,3940,
Juan de Dios Filiberto,AVL-3494,Juan D'Arienzo Interpreta a Juan de Dios Filiberto,A,6,Compañero,1963,matched,9/9/1963,Compañero,,Héctor Millán,Tape-S,3973,
Juan de Dios Filiberto,AVL-3494,Juan D'Arienzo Interpreta a Juan de Dios Filiberto,B,1,Cuando Llora la Milonga,1963,matched,8/1/1963,Cuando Llora la Milonga,,Héctor Millán,Tape-S,3941,
Juan de Dios Filiberto,AVL-3494,Juan D'Arienzo Interpreta a Juan de Dios Filiberto,B,2,Caminito,1963,matched,6/10/1963,Caminito,,Jorge Valdez,Tape-S,3879,
Juan de Dios Filiberto,AVL-3494,Juan D'Arienzo Interpreta a Juan de Dios Filiberto,B,3,Langosta,1963,matched,8/15/1963,Langosta,,Horacio Palma,Tape-S,3954,
Juan de Dios Filiberto,AVL-3494,Juan D'Arienzo Interpreta a Juan de Dios Filiberto,B,4,Yo Te Bendigo,1963,matched,8/1/1963,Yo Te Bendigo,,Héctor Millán,Tape-S,3942,
Juan de Dios Filiberto,AVL-3494,Juan D'Arienzo Interpreta a Juan de Dios Filiberto,B,5,Quejas de Bandoneón,1963,matched,9/2/1963,Quejas de Bandoneón,,Instrumental,Tape-S,3970,
Juan de Dios Filiberto,AVL-3494,Juan D'Arienzo Interpreta a Juan de Dios Filiberto,B,6,La Canción,1963,matched,8/8/1963,La Canción,Flor de Mburucuyá,Jorge Valdez,Tape-S,3948,
Mi Japon,AVL-3819,Mi Japón,A,1,El Oriental,1968,matched,8/27/1968,El Oriental,,Instrumental,Tape-S,8272,
Mi Japon,AVL-3819,Mi Japón,A,2,Porqué Porqué Mi Dios,1968,matched_variant,8/27/1968,Por Qué Por Qué Mi Dios,,Osvaldo Ramos,Tape-S,8231,variant of 'Por Qué Por Qué Mi Dios'
Mi Japon,AVL-3819,Mi Japón,A,3,No Te Hagas La Lechuguita,1968,matched,8/27/1968,No Te Hagás la Lechuguita,,Armando Laborde,Tape-S,8233,
Mi Japon,AVL-3819,Mi Japón,A,4,Si Pido Más Me Paso,1968,matched,8/27/1968,Si Pido Más Me Paso,,Alberto Echagüe,Tape-S,8236,
Mi Japon,AVL-3819,Mi Japón,A,5,Viejo Lobo,1968,matched,9/6/1968,Viejo Lobo,,Osvaldo Ramos,Tape-S,8288,
Mi Japon,AVL-3819,Mi Japón,A,6,A La D'Arienzo,1968,matched,9/13/1968,A la D'Arienzo,,Instrumental,Tape-S,8298,
Mi Japon,AVL-3819,Mi Japón,B,1,Mi Japón,1968,matched,8/27/1968,Mi Japón,,Alberto Echagüe,Tape-S,8232,
Mi Japon,AVL-3819,Mi Japón,B,2,Siguiendo El Compás,1968,matched,9/13/1968,Siguiendo el Compas,,Instrumental,Tape-S,8297,
Mi Japon,AVL-3819,Mi Japón,B,3,La Pista Esta Que Arde,1968,matched,8/27/1968,La Pista Esta Que Arde,,Armando Laborde,Tape-S,8234,
Mi Japon,AVL-3819,Mi Japón,B,4,Padre Mío,1968,matched,9/6/1968,Padre Mio,,Osvaldo Ramos,Tape-S,8289,
Mi Japon,AVL-3819,Mi Japón,B,5,A Mi Vieja,1968,matched,8/27/1968,A Mi Vieja,,Armando Laborde,Tape-S,8271,
Mi Japon,AVL-3819,Mi Japón,B,6,Gardenias,1968,matched,8/27/1968,Gardenias,,Osvaldo Ramos,Tape-S,8235,
Mi Noche Triste,AVL-3634,Mi Noche Triste,A,1,El Tren De Las Ocho,1965,matched,10/14/1965,El Tren De Las Ocho,,Osvaldo Ramos,Tape-S,5396,
Mi Noche Triste,AVL-3634,Mi Noche Triste,A,2,Solamente Por Amor,1965,matched,10/14/1965,Solamente Por Amor,,Osvaldo Ramos,Tape-S,5394,
Mi Noche Triste,AVL-3634,Mi Noche Triste,A,3,De Puro Curda,1965,matched,10/14/1965,De Puro Curda,,Armando Laborde,Tape-S,5392,
Mi Noche Triste,AVL-3634,Mi Noche Triste,A,4,Solo Tu Voz,1965,matched,11/19/1965,Sólo Tu Voz,,Osvaldo Ramos,Tape-S,5474,
Mi Noche Triste,AVL-3634,Mi Noche Triste,A,5,Cuanto Te Extraño Vida Mía,1965,matched,11/18/1965,Cuanto Te Extraño Vida Mía,,Osvaldo Ramos,Tape-S,5476,
Mi Noche Triste,AVL-3634,Mi Noche Triste,A,6,Amor de Verano,1964,matched,11/18/1964,Amor de Verano,,Jorge Valdez,Tape-S,4664,
Mi Noche Triste,AVL-3634,Mi Noche Triste,B,1,Mi Noche Triste,1965,matched,11/18/1965,Mi Noche Triste,,Armando Laborde,Tape-S,5479,
Mi Noche Triste,AVL-3634,Mi Noche Triste,B,2,Dandy,1965,matched,10/14/1965,Dandy,,Osvaldo Ramos,Tape-S,5391,
Mi Noche Triste,AVL-3634,Mi Noche Triste,B,3,Día De Tango,1965,matched,11/18/1965,Día de Tango,,Armando Laborde,Tape-S,5475,
Mi Noche Triste,AVL-3634,Mi Noche Triste,B,4,Camino Sin Final,1965,matched,10/14/1965,Camino Sin Final,,Osvaldo Ramos,Tape-S,5393,
Mi Noche Triste,AVL-3634,Mi Noche Triste,B,5,El Que Atrasó El Reloj,1965,matched,11/18/1965,El Que Atrasó el Reloj,,Armando Laborde,Tape-S,5477,
Mi Noche Triste,AVL-3634,Mi Noche Triste,B,6,No Nos Veremos Más,1963,matched,9/2/1963,No Nos Veremos Más,,Jorge Valdez,Tape-S,3971,
Sacale Chispas,AVL-4047,Sacale Chispas,A,1,La Torcacita,1971,matched,9/16/1971,La Torcacita,,Instrumental,Tape-S,11860,
Sacale Chispas,AVL-4047,Sacale Chispas,A,2,Sacale Chispas,1971,matched,9/16/1971,Sacale Chispas,,Instrumental,Tape-S,11859,
Sacale Chispas,AVL-4047,Sacale Chispas,A,3,Estoy Pagando La Culpa,1971,matched,9/16/1971,Estoy Pagando la Culpa,,Osvaldo Ramos,Tape-S,11862,
Sacale Chispas,AVL-4047,Sacale Chispas,A,4,La Cara De La Luna,1971,matched,9/30/1971,La Cara de la Luna,,Instrumental,Tape-S,11876,
Sacale Chispas,AVL-4047,Sacale Chispas,A,5,Sisebuta,1971,matched,9/30/1971,Sisebuta,Mi Querida Sisebuta,Alberto Echagüe,Tape-S,11880,
Sacale Chispas,AVL-4047,Sacale Chispas,A,6,Rezongón,1971,matched,9/30/1971,Rezongón,,Armando Laborde,Tape-S,11877,
Sacale Chispas,AVL-4047,Sacale Chispas,B,1,Cenizas,1971,matched,9/16/1971,Cenizas,,Instrumental,Tape-S,11857,
Sacale Chispas,AVL-4047,Sacale Chispas,B,2,Ché Quijote,1971,matched,9/30/1971,Che Quijote,,Armando Laborde,Tape-S,11879,
Sacale Chispas,AVL-4047,Sacale Chispas,B,3,Entrada Prohibida,1971,matched,9/16/1971,Entrada Prohibida,,Instrumental,Tape-S,11858,
Sacale Chispas,AVL-4047,Sacale Chispas,B,4,Quereme Un Poco Más,1971,matched,9/30/1971,Quereme un Poco Más,,Osvaldo Ramos,Tape-S,11878,
Sacale Chispas,AVL-4047,Sacale Chispas,B,5,Luces De Colores,1971,matched,9/16/1971,Luces de Colores,,Instrumental,Tape-S,11861,
Sacale Chispas,AVL-4047,Sacale Chispas,B,6,Sentimiento De Bohemio,1971,matched,9/30/1971,Sentimiento de Bohemio,,Instrumental,Tape-S,11875,
Tiempos Viejos,AVS-4360,Tiempos Viejos,A,1,La Tablada,1965,matched,8/11/1965,La Tablada,,Instrumental,Tape-S,5269,
Tiempos Viejos,AVS-4360,Tiempos Viejos,A,2,El Alacrán,1965,matched,8/27/1965,El Alacrán,,Instrumental,Tape-S,5322,
Tiempos Viejos,AVS-4360,Tiempos Viejos,A,3,El Pollito,1965,matched,8/11/1965,El Pollito,,Instrumental,Tape-S,5271,
Tiempos Viejos,AVS-4360,Tiempos Viejos,A,4,Yo No Sé Que Me Han Hecho Tus Ojos,1965,matched_variant,8/12/1965,Yo No Sé Qué Me Han Echo Tus Ojos,,Osvaldo Ramos,Tape-S,5274,fuzzy 0.99 of 'Yo No Sé Qué Me Han Echo Tus Ojos'
Tiempos Viejos,AVS-4360,Tiempos Viejos,A,5,Charamusca,1965,matched,8/11/1965,Charamusca,,Instrumental,Tape-S,5273,
Tiempos Viejos,AVS-4360,Tiempos Viejos,A,6,Tiempos Viejos,1965,matched,8/12/1965,Tiempos Viejos,Te Acordás Hermano,Armando Laborde,Tape-S,5275,
Tiempos Viejos,AVS-4360,Tiempos Viejos,B,1,El Chamuyo,1965,matched,8/11/1965,El Chamuyo,,Instrumental,Tape-S,5272,
Tiempos Viejos,AVS-4360,Tiempos Viejos,B,2,Nueve Puntos,1965,matched,8/11/1965,Nueve Puntos,,Instrumental,Tape-S,5268,
Tiempos Viejos,AVS-4360,Tiempos Viejos,B,3,Se Acabaron Los Otarios,1965,matched,8/27/1965,Se Acabaron los Otarios,,Armando Laborde,Tape-S,5324,
Tiempos Viejos,AVS-4360,Tiempos Viejos,B,4,El Triunfo,1965,matched,8/12/1965,El Triunfo,,Instrumental,Tape-S,5276,
Tiempos Viejos,AVS-4360,Tiempos Viejos,B,5,El Internado,1965,matched,8/27/1965,El Internado,,Instrumental,Tape-S,5323,
Tiempos Viejos,AVS-4360,Tiempos Viejos,B,6,Sentimiento Gaucho,1965,matched, ,Sentimiento Gaucho,,Osvaldo Ramos,Tape-S,5270,
Tigre Viejo,AVL-3925,Tigre Viejo,A,1,Tigre Viejo,1969,matched,9/18/1969,Tigre Viejo,,Instrumental,Tape-S,9491,
Tigre Viejo,AVL-3925,Tigre Viejo,A,2,Qué Mufa Ché,1969,matched,10/20/1969,Qué Mufa Ché,,Alberto Echagüe,Tape-S,9574,
Tigre Viejo,AVL-3925,Tigre Viejo,A,3,Pelele,1969,matched,10/20/1969,Pelele,,Instrumental,Tape-S,9568,
Tigre Viejo,AVL-3925,Tigre Viejo,A,4,Milonga Para Un Viejo Amor,1969,matched,8/1/1969,Milonga Para un Viejo Amor,,Armando Laborde,Tape-S,9177,
Tigre Viejo,AVL-3925,Tigre Viejo,A,5,De Puro Guapo,1969,matched,9/18/1969,De Puro Guapo,,Instrumental,Tape-S,9487,
Tigre Viejo,AVL-3925,Tigre Viejo,A,6,Sombras de Olvido,1969,matched,8/12/1969,Sombras de Olvido,,Osvaldo Ramos,Tape-S,9441,
Tigre Viejo,AVL-3925,Tigre Viejo,B,1,Ojos Negros,1969,matched,9/18/1969,Ojos Negros,,Instrumental,Tape-S,9485,
Tigre Viejo,AVL-3925,Tigre Viejo,B,2,A Tu Lado,1969,matched,10/20/1969,A Tu Lado,,Osvaldo Ramos,Tape-S,9573,
Tigre Viejo,AVL-3925,Tigre Viejo,B,3,El Aguacero,1969,matched,10/20/1969,El Aguacero,Canción de la Pampa,Ramos y Laborde,Tape-S,9575,
Tigre Viejo,AVL-3925,Tigre Viejo,B,4,La Sonámbula,1969,matched,9/18/1969,La Sonámbula,,Instrumental,Tape-S,9493,
Tigre Viejo,AVL-3925,Tigre Viejo,B,5,Cumpleaños de Mamá,1969,matched,9/18/1969,Cumpleaños de Mamá,,Osvaldo Ramos,Tape-S,9495,
Tigre Viejo,AVL-3925,Tigre Viejo,B,6,El Tren de Buenos Aires,1969,matched,8/1/1969,El Tren de Buenos Aires,,Osvaldo Ramos,Tape-S,9174,
De Ayer y Hoy,AVS-3790,De Ayer y Hoy,A,1,De Ayer y Hoy,1968,,8/21/1967,De Ayer Y Hoy,,,,,
De Ayer y Hoy,AVS-3790,De Ayer y Hoy,A,2,Yo Te Quiero Así,1968,,10/23/1967,Yo Te Quiero Así,,,,,
De Ayer y Hoy,AVS-3790,De Ayer y Hoy,A,3,Sin Explicación,1968,,10/30/1967,El Buey Solo,,,,,
De Ayer y Hoy,AVS-3790,De Ayer y Hoy,A,4,Ventarrón,1968,,10/23/1967,Ventarrón,,,,,
De Ayer y Hoy,AVS-3790,De Ayer y Hoy,A,5,Sin Explicación,1968,,10/30/1967,Sin Explicación,,,,,
De Ayer y Hoy,AVS-3790,De Ayer y Hoy,A,6,Guitarra,1968,,10/30/1967,Guitarra,,,,,
De Ayer y Hoy,AVS-3790,De Ayer y Hoy,B,1,Cordón de Oro,1968,,10/23/1967,Cordón de Oro,,,,,
De Ayer y Hoy,AVS-3790,De Ayer y Hoy,B,2,Eso Sí Que No y Que No,1968,,8/2/1967,Eso Si Que No y Que No,,,,,
De Ayer y Hoy,AVS-3790,De Ayer y Hoy,B,3,El Jagüel,1968,,10/23/1967,El Jaguel,,,,,
De Ayer y Hoy,AVS-3790,De Ayer y Hoy,B,4,D'Arienzo Vos Sos el Rey,1968,,10/30/1967,D'Arienzo Vos Sos El Rey,,,,,
De Ayer y Hoy,AVS-3790,De Ayer y Hoy,B,5,El Recodo,1968,,10/23/1967,El Recodo,,,,,
De Ayer y Hoy,AVS-3790,De Ayer y Hoy,B,6,Buscate un Amorcito,1968,,10/30/1967,Búscate Un Amorcito,,,,,
Morocho y Cantor,AVL-3424,,A,1,Morocho Y Cantor ,1962,,11/6/1961,,,,,,
Morocho y Cantor,AVL-3424,,,2,Yo Te Saludo Palermo ,1962,,,,,,,,
Morocho y Cantor,AVL-3424,,,3,Gran Señor ,1962,,,,,,,,
Morocho y Cantor,AVL-3424,,,4,Una Hora Más ,1962,,,,,,,,
Morocho y Cantor,AVL-3424,,,5,Recuérdame Amor Mío ,1962,,,,,,,,
Morocho y Cantor,AVL-3424,,,6,Poco Y Bueno ,1962,,,,,,,,
Morocho y Cantor,AVL-3424,,,1,Mi Novia De Ayer,1962,,,,,,,,
Morocho y Cantor,AVL-3424,,,2,Cielo De Sombra ,1962,,,,,,,,
Morocho y Cantor,AVL-3424,,,3,Detrás De Tus Mentiras ,1962,,,,,,,,
Morocho y Cantor,AVL-3424,,,4,Cansada De Sufrir,1962,,,,,,,,
Morocho y Cantor,AVL-3424,,,5,"Mi Vida, Que Te Pasa",1962,,,,,,,,
Morocho y Cantor,AVL-3424,,,6,Mientras Sueña Buenos Aires ,1962,,,,,,,,
El Vals de 15 Anos,AVL-3372,El Vals De Los 15 Años,A,1,El Vals de los Quince Años,1961,,6/6/1961,El Vals De Los 15 Años,,,,,
El Vals de 15 Anos,AVL-3372,El Vals De Los 15 Años,A,2,Garronero,1961,,6/9/1961,Garronero,,,,,
El Vals de 15 Anos,AVL-3372,El Vals De Los 15 Años,A,3,Qué Seré Yo,1961,,7/19/1961,Qué Seré Yo,,,,,
El Vals de 15 Anos,AVL-3372,El Vals De Los 15 Años,A,4,Sé Que Te Voy A Llorar,1961,,6/29/1961,Sé Que Te Voy A Llorar,,,,,
El Vals de 15 Anos,AVL-3372,El Vals De Los 15 Años,A,5,Mi Viejo Montevideo,1961,,6/13/1961,Mi Viejo Montevideo,,,,,
El Vals de 15 Anos,AVL-3372,El Vals De Los 15 Años,A,6,Abc del Amor,1961,,7/11/1961,A.B.C. Del Amor,,,,,
El Vals de 15 Anos,AVL-3372,El Vals De Los 15 Años,B,1,Mi Caperucita,1961,,8/4/1961,Mi Caperucita,,,,,
El Vals de 15 Anos,AVL-3372,El Vals De Los 15 Años,B,2,Media Noche,1961,,12/28/1953,Media Noche,,,,,
El Vals de 15 Anos,AVL-3372,El Vals De Los 15 Años,B,3,Adiós Pampa Mía,1961,,6/13/1961,Adiós Pampa Mía,,,,,
El Vals de 15 Anos,AVL-3372,El Vals De Los 15 Años,B,4,Dicha Pasada,1961,,7/11/1961,Dicha Pasada,,,,,
El Vals de 15 Anos,AVL-3372,El Vals De Los 15 Años,B,5,Amigo Bandoneón,1961,,6/29/1961,Amigo Bandoneón,,,,,
El Vals de 15 Anos,AVL-3372,El Vals De Los 15 Años,B,6,En La Madrugada,1961,,7/19/1961,En La Madrugada,,,,,
Ultima Grabacion,RVP-6105,Ultima Grabacion,A,1,Soy Un Gorrion Esquinero,1975,matched,1/30/1975,Soy un Gorrion Esquinero,,Osvaldo Ramos,Tape-S,,
Ultima Grabacion,RVP-6105,Ultima Grabacion,A,2,Rio Bamba,1975,matched,1/30/1975,Rio Bamba,,Instrumental,Tape-S,16815,
Ultima Grabacion,RVP-6105,Ultima Grabacion,A,3,Otra Noche Porteña,1975,matched,1/30/1975,Otra Noche Porteña,,Armando Laborde,Tape-S,,
Ultima Grabacion,RVP-6105,Ultima Grabacion,A,4,Viejo Malevo,1975,matched,1/30/1975,Viejo Malevo,,Armando Laborde,Tape-S,,
Ultima Grabacion,RVP-6105,Ultima Grabacion,A,5,Para Vos Querida Pebeta,1975,matched_variant,1/30/1975,Para Vos Mi Querida Pebeta,,Osvaldo Ramos,Tape-S,16808,fuzzy 0.94 of 'Para Vos Mi Querida Pebeta'
Ultima Grabacion,RVP-6105,Ultima Grabacion,B,1,Chavero Soy,1975,matched,1/30/1975,Chavero Soy,,Osvaldo Ramos,Tape-S,16809,
Ultima Grabacion,RVP-6105,Ultima Grabacion,B,2,Dialogando Con El Rio,1975,matched,1/30/1975,Dialogando con el Río,,Osvaldo Ramos,Tape-S,16810,
Ultima Grabacion,RVP-6105,Ultima Grabacion,B,3,Vamos Topo Todavía,1975,matched,1/30/1975,Vamos Topo Todavia,,Alberto Echagüe,Tape-S,16811,
Ultima Grabacion,RVP-6105,Ultima Grabacion,B,4,Su Pena,1975,matched,1/30/1975,Su Pena,,Osvaldo Ramos,Tape-S,,
Ultima Grabacion,RVP-6105,Ultima Grabacion,B,5,Romance De Otoño,1975,matched,1/30/1975,Romance de Otoño,,Osvaldo Ramos,Tape-S,,
Adios Chantecler,AVL-3204,"Adiós, Chantecler",A,1,"Adiós, Chantecler",1959,matched_year_flex,11/19/1958,Adiós Chantecler,,Jorge Valdez,Tape,0766,LP year 1959 != recording year 1958
Adios Chantecler,AVL-3204,"Adiós, Chantecler",A,2,Justo El 31,1959,matched_year_flex,12/17/1958,Justo el Treinta y Uno,Justo el 31,Mario Bustos,Tape,0818,LP year 1959 != recording year 1958
Adios Chantecler,AVL-3204,"Adiós, Chantecler",A,3,Buenas Noches Mi Amor,1959,matched_year_flex,12/17/1958,Buenas Noches Mi Amor,,Jorge Valdez,Tape,0817,LP year 1959 != recording year 1958
Adios Chantecler,AVL-3204,"Adiós, Chantecler",A,4,Muñeca Brava,1959,matched_year_flex,12/17/1958,Muñeca Brava,,Mario Bustos,Tape,0820,LP year 1959 != recording year 1958
Adios Chantecler,AVL-3204,"Adiós, Chantecler",A,5,Hasta Siempre Amor,1959,matched_year_flex,12/23/1958,Hasta Siempre Amor,,Jorge Valdez,Tape,0827,LP year 1959 != recording year 1958
Adios Chantecler,AVL-3204,"Adiós, Chantecler",A,6,Bonanza,1959,matched_year_flex,12/23/1958,Bonanza,,Mario Bustos,Tape,0829,LP year 1959 != recording year 1958
Adios Chantecler,AVL-3204,"Adiós, Chantecler",A,7,Marinera,1959,matched_year_flex,10/29/1958,Marinera,,Jorge Valdez,Tape,0741,LP year 1959 != recording year 1958
Adios Chantecler,AVL-3204,"Adiós, Chantecler",B,1,El Tigre Millán,1959,matched_year_flex,12/10/1958,El Tigre Millán,,Mario Bustos,Tape,0800,3 takes in discography; picked 1958-12-10 (Mario Bustos) as closest to 1959 LP
Adios Chantecler,AVL-3204,"Adiós, Chantecler",B,2,Sabrás Quien Soy,1959,matched_year_flex,11/12/1958,Sabras Quién Soy,,Jorge Valdez,Tape,0752,LP year 1959 != recording year 1958
Adios Chantecler,AVL-3204,"Adiós, Chantecler",B,3,Gerardo Matos Rodríguez,1959,matched_year_flex,10/29/1958,Gerardo Matos Rodríguez,,Mario Bustos,Tape,0743,LP year 1959 != recording year 1958
Adios Chantecler,AVL-3204,"Adiós, Chantecler",B,4,Sin Alma Y Sin Dios,1959,matched_year_flex,11/19/1958,Sin Alma y Sin Dios,,Jorge Valdez,Tape,0767,LP year 1959 != recording year 1958
Adios Chantecler,AVL-3204,"Adiós, Chantecler",B,5,Justo Un Año,1959,matched_year_flex,11/12/1958,Justo un Año,,Mario Bustos,Tape,0750,LP year 1959 != recording year 1958
Adios Chantecler,AVL-3204,"Adiós, Chantecler",B,6,"No Llores, Por Favor",1959,matched_year_flex,9/11/1958,No Llores Por Favor,,Jorge Valdez,Tape,0643,LP year 1959 != recording year 1958
Adios Chantecler,AVL-3204,"Adiós, Chantecler",B,7,"Che, Fulano",1959,matched_year_flex,11/12/1958,Che Fulano,,Mario Bustos,Tape,0751,LP year 1959 != recording year 1958
Mas Grande Que Nunca,AVL-3127,,,,Papa,1958,,,,,,,,
Mas Grande Que Nunca,AVL-3127,,,,Castigo Y Pasión ,1958,,,,,,,,
Mas Grande Que Nunca,AVL-3127,,,,Pienso,1958,,,,,,,,
Mas Grande Que Nunca,AVL-3127,,,,En El Rosal,1958,,,,,,,,
Mas Grande Que Nunca,AVL-3127,,,,"Bueno, Derecho Y Varón",1958,,,,,,,,
Mas Grande Que Nunca,AVL-3127,,,,Muchachito De Paris,1958,,,,,,,,
Mas Grande Que Nunca,AVL-3127,,,,No Tenemos Perdón,1958,,,,,,,,
Mas Grande Que Nunca,AVL-3127,,,,Adios Corazón,1958,,,,,,,,
Mas Grande Que Nunca,AVL-3127,,,,Que Seas Muy Feliz (Lita),1958,,,,,,,,
Mas Grande Que Nunca,AVL-3127,,,,Yo Se Que Te Adoro,1958,,,,,,,,
Mas Grande Que Nunca,AVL-3127,,,,Andate Con Mama,1958,,,,,,,,
Mas Grande Que Nunca,AVL-3127,,,,Igual Que Judas,1958,,,,,,,,
Mas Grande Que Nunca,AVL-3127,,,,Por Donde Andara,1958,,,,,,,,
Mas Grande Que Nunca,AVL-3127,,,,Mi Amor Y Tu Amor,1958,,,,,,,,
Pasajera,AVL-3248,,,,Pasajera,1960,,,,,,,,
Pasajera,AVL-3248,,,,El Embrollo,1960,,,,,,,,
Pasajera,AVL-3248,,,,Por la Vuelta,1960,,,,,,,,
Pasajera,AVL-3248,,,,El Embrollo,1960,,,,,,,,
Pasajera,AVL-3248,,,,Por la Vuelta,1960,,,,,,,,
Pasajera,AVL-3248,,,,De los Dos,1960,,,,,,,,
Pasajera,AVL-3248,,,,La Bruja,1960,,,,,,,,
Pasajera,AVL-3248,,,,Ríe Payaso,1960,,,,,,,,
Pasajera,AVL-3248,,,,Tapado Gris (Petit Gris),1960,,,,,,,,
Pasajera,AVL-3248,,,,Pero Solo Estoy Mejor,1960,,,,,,,,
Pasajera,AVL-3248,,,,Casita de Nacar,1960,,,,,,,,
Pasajera,AVL-3248,,,,La Negra Bozan,1960,,,,,,,,
Pasajera,AVL-3248,,,,Tu Noche es mi Noche,1960,,,,,,,,
Pasajera,AVL-3248,,,,Engañadora,1960,,,,,,,,
,,,,,,,,,,,,,,
,,,,,,,,,,,,,,
,,,,,,,,,,,,,,
,,,,,,,,,,,,,,
,,,,,,,,,,,,,,
,,,,,,,,,,,,,,
,,,,,,,,,,,,,,
,,,,,,,,,,,,,,
,,,,,,,,,,,,,,
,,,,,,,,,,,,,,
,,,,,,,,,,,,,,
,,,,,,,,,,,,,,
,,,,,,,,,,,,,,
,,,,,,,,,,,,,,
,,,,,,,,,,,,,,
,,,,,,,,,,,,,,
,,,,,,,,,,,,,,
,,,,,,,,,,,,,,
,,,,,,,,,,,,,,
,,,,,,,,,,,,,,
"Don Juan, El Irresistible",AVL-3179,"Don Juan, El Irresistible",A,1,Don Juan,1959,,,,,,,,
"Don Juan, El Irresistible",AVL-3179,"Don Juan, El Irresistible",A,2,El Irresistible,1959,,,,,,,,
"Don Juan, El Irresistible",AVL-3179,"Don Juan, El Irresistible",A,3,La Maleva,1959,,,,,,,,
"Don Juan, El Irresistible",AVL-3179,"Don Juan, El Irresistible",A,4,Jueves,1959,,,,,,,,
"Don Juan, El Irresistible",AVL-3179,"Don Juan, El Irresistible",A,5,El Entrerriano,1959,,,,,,,,
"Don Juan, El Irresistible",AVL-3179,"Don Juan, El Irresistible",A,6,Loca,1959,,,,,,,,
"Don Juan, El Irresistible",AVL-3179,"Don Juan, El Irresistible",A,7,Yapeyu,1959,,,,,,,,
"Don Juan, El Irresistible",AVL-3179,"Don Juan, El Irresistible",B,1,Canaro En Paris,1959,,,,,,,,
"Don Juan, El Irresistible",AVL-3179,"Don Juan, El Irresistible",B,2,Independencia,1959,,,,,,,,
"Don Juan, El Irresistible",AVL-3179,"Don Juan, El Irresistible",B,3,El Marne,1959,,,,,,,,
"Don Juan, El Irresistible",AVL-3179,"Don Juan, El Irresistible",B,4,La Catrera,1959,,,,,,,,
"Don Juan, El Irresistible",AVL-3179,"Don Juan, El Irresistible",B,5,La Puñalada,1959,,,,,,,,
"Don Juan, El Irresistible",AVL-3179,"Don Juan, El Irresistible",B,6,Mas Grande Que Nunca,1959,,,,,,,,
"Don Juan, El Irresistible",AVL-3179,"Don Juan, El Irresistible",B,7,La Cumparsita,1959,,,,,,,,
14 De Diciembre,AVL-3360,14 De Diciembre,A,1,14 De Diciembre,1961,,,,,,,,
14 De Diciembre,AVL-3360,14 De Diciembre,A,2,La Calle Del Pecado,1961,,,,,,,,
14 De Diciembre,AVL-3360,14 De Diciembre,A,3,Mis Tres Marías,1961,,,,,,,,
14 De Diciembre,AVL-3360,14 De Diciembre,A,4,Estrella,1961,,,,,,,,
14 De Diciembre,AVL-3360,14 De Diciembre,A,5,Puro Tango,1961,,,,,,,,
14 De Diciembre,AVL-3360,14 De Diciembre,A,6,Plata Y Luna,1961,,,,,,,,
14 De Diciembre,AVL-3360,14 De Diciembre,B,1,Después De La Boda,1961,,,,,,,,
14 De Diciembre,AVL-3360,14 De Diciembre,B,2,El Caramelito,1961,,,,,,,,
14 De Diciembre,AVL-3360,14 De Diciembre,B,3,El Último Brindis,1961,,,,,,,,
14 De Diciembre,AVL-3360,14 De Diciembre,B,4,Adiós Arolas (Se Llamaba Eduardo Arolas),1961,,,,,,,,
14 De Diciembre,AVL-3360,14 De Diciembre,B,5,Paciencia,1961,,,,,,,,
14 De Diciembre,AVL-3360,14 De Diciembre,B,6,Se Casó El Abuelo,1961,,,,,,,,
Malumba,AVL-3446,Malumba,A,1,Del Compás Te Llaman Rey,1962,,,,,,,,
Malumba,AVL-3446,Malumba,A,2,Rocío,1962,,,,,,,,
Malumba,AVL-3446,Malumba,A,3,A Mis Pagos Voy,1962,,,,,,,,
Malumba,AVL-3446,Malumba,A,4,El Victorioso,1962,,,,,,,,
Malumba,AVL-3446,Malumba,A,5,Yo Me Presento Aquí,1962,,,,,,,,
Malumba,AVL-3446,Malumba,A,6,Por Favor No Vuelvas!,1962,,,,,,,,
Malumba,AVL-3446,Malumba,B,1,Vos Y Yo Corazón,1962,,,,,,,,
Malumba,AVL-3446,Malumba,B,2,Tu Verdugo,1962,,,,,,,,
Malumba,AVL-3446,Malumba,B,3,Escuchá Tango,1962,,,,,,,,
Malumba,AVL-3446,Malumba,B,4,Buenos Aires De Mi Amor,1962,,,,,,,,
Malumba,AVL-3446,Malumba,B,5,Tambaleando,1962,,,,,,,,
Malumba,AVL-3446,Malumba,B,6,Malumba,1962,,,,,,,,
Juan D'Arienzo - Héctor Mauré,AVL-3488,Juan D'Arienzo - Héctor Mauré,A,1,Compadrón,1963,,,,,,,,
Juan D'Arienzo - Héctor Mauré,AVL-3488,Juan D'Arienzo - Héctor Mauré,A,2,Carnavalera,1963,,,,,,,,
Juan D'Arienzo - Héctor Mauré,AVL-3488,Juan D'Arienzo - Héctor Mauré,A,3,Adiós Querida,1963,,,,,,,,
Juan D'Arienzo - Héctor Mauré,AVL-3488,Juan D'Arienzo - Héctor Mauré,A,4,El Olivo,1963,,,,,,,,
Juan D'Arienzo - Héctor Mauré,AVL-3488,Juan D'Arienzo - Héctor Mauré,A,5,Cuatro Palabras,1963,,,,,,,,
Juan D'Arienzo - Héctor Mauré,AVL-3488,Juan D'Arienzo - Héctor Mauré,A,6,Tirando A Matar,1963,,,,,,,,
Juan D'Arienzo - Héctor Mauré,AVL-3488,Juan D'Arienzo - Héctor Mauré,B,1,Tierrita,1963,,,,,,,,
Juan D'Arienzo - Héctor Mauré,AVL-3488,Juan D'Arienzo - Héctor Mauré,B,2,La Serenata De Ayer,1963,,,,,,,,
Juan D'Arienzo - Héctor Mauré,AVL-3488,Juan D'Arienzo - Héctor Mauré,B,3,Cortada De San Ignacio,1963,,,,,,,,
Juan D'Arienzo - Héctor Mauré,AVL-3488,Juan D'Arienzo - Héctor Mauré,B,4,Claudinette,1963,,,,,,,,
Juan D'Arienzo - Héctor Mauré,AVL-3488,Juan D'Arienzo - Héctor Mauré,B,5,Miedo,1963,,,,,,,,
Juan D'Arienzo - Héctor Mauré,AVL-3488,Juan D'Arienzo - Héctor Mauré,B,6,Sobre El Pucho,1963,,,,,,,,
Academia Del Lunfardo,CAL-2915,Academia Del Lunfardo,A,1,Bien Pulenta ,1964,,,,,,,,
Academia Del Lunfardo,CAL-2915,Academia Del Lunfardo,A,2,Farabute ,1964,,,,,,,,
Academia Del Lunfardo,CAL-2915,Academia Del Lunfardo,A,3,Pan Comido,1964,,,,,,,,
Academia Del Lunfardo,CAL-2915,Academia Del Lunfardo,A,4,El Nene Del Abasto ,1964,,,,,,,,
Academia Del Lunfardo,CAL-2915,Academia Del Lunfardo,A,5,Amarroto ,1964,,,,,,,,
Academia Del Lunfardo,CAL-2915,Academia Del Lunfardo,A,6,Don Juan Mondiola (De La Película Argentina Del Mismo Nombre),1964,,,,,,,,
Academia Del Lunfardo,CAL-2915,Academia Del Lunfardo,B,1,Y Suma Y Sigue ,1964,,,,,,,,
Academia Del Lunfardo,CAL-2915,Academia Del Lunfardo,B,2,Pituca ,1964,,,,,,,,
Academia Del Lunfardo,CAL-2915,Academia Del Lunfardo,B,3,Che Existencialista ,1964,,,,,,,,
Academia Del Lunfardo,CAL-2915,Academia Del Lunfardo,B,4,El Raje ,1964,,,,,,,,
Academia Del Lunfardo,CAL-2915,Academia Del Lunfardo,B,5,Sarampión ,1964,,,,,,,,
Academia Del Lunfardo,CAL-2915,Academia Del Lunfardo,B,6,Cambalache ,1964,,,,,,,,
Evocando El Ayer - Volumen 2,CAL-2995,Evocando El Ayer - Volumen 2,A,1,Hotel Victoria - 18-2-48,1965,,,,,,,,
Evocando El Ayer - Volumen 2,CAL-2995,Evocando El Ayer - Volumen 2,A,2,Re-Fa-Si - Tango - 3-10-35,1965,,,,,,,,
Evocando El Ayer - Volumen 2,CAL-2995,Evocando El Ayer - Volumen 2,A,3,Desde El Alma - 2-7-35,1965,,,,,,,,
Evocando El Ayer - Volumen 2,CAL-2995,Evocando El Ayer - Volumen 2,A,4,De Pura Cepa - 18-11-35,1965,,,,,,,,
Evocando El Ayer - Volumen 2,CAL-2995,Evocando El Ayer - Volumen 2,A,5,9  De Julio - 31-12-35,1965,,,,,,,,
Evocando El Ayer - Volumen 2,CAL-2995,Evocando El Ayer - Volumen 2,A,6,Orillas Del Plata - 31-12-35,1965,,,,,,,,
Evocando El Ayer - Volumen 2,CAL-2995,Evocando El Ayer - Volumen 2,A,7,La Guitarrita - 13-5-47,1965,,,,,,,,
Evocando El Ayer - Volumen 2,CAL-2995,Evocando El Ayer - Volumen 2,B,1,La Viruta - 30-12-36,1965,,,,,,,,
Evocando El Ayer - Volumen 2,CAL-2995,Evocando El Ayer - Volumen 2,B,2,¡Qué Noche! - 5-7-36,1965,,,,,,,,
Evocando El Ayer - Volumen 2,CAL-2995,Evocando El Ayer - Volumen 2,B,3,Un Placer - 3-4-36,1965,,,,,,,,
Evocando El Ayer - Volumen 2,CAL-2995,Evocando El Ayer - Volumen 2,B,4,El Cachafáz - 2-6-37,1965,,,,,,,,
Evocando El Ayer - Volumen 2,CAL-2995,Evocando El Ayer - Volumen 2,B,5,La Rosarina - 2-3-37,1965,,,,,,,,
Evocando El Ayer - Volumen 2,CAL-2995,Evocando El Ayer - Volumen 2,B,6,Rodríguez Peña - 7-1-38,1965,,,,,,,,
Evocando El Ayer - Volumen 2,CAL-2995,Evocando El Ayer - Volumen 2,B,7,El Resero - 12-11-41,1965,,,,,,,,
Su Majestad,AVL-6101,Su Majestad,,,Lado 1,1967,,,,,,,,
Su Majestad,AVL-6101,Su Majestad,A,1,Hotel Victoria,1967,,,,,,,,
Su Majestad,AVL-6101,Su Majestad,A,2,Silueta Porteña,1967,,,,,,,,
Su Majestad,AVL-6101,Su Majestad,A,3,9 De Julio,1967,,,,,,,,
Su Majestad,AVL-6101,Su Majestad,A,4,Ríe Payaso,1967,,,,,,,,
Su Majestad,AVL-6101,Su Majestad,A,5,El Porteñito,1967,,,,,,,,
Su Majestad,AVL-6101,Su Majestad,A,6,Sobre El Pucho,1967,,,,,,,,
Su Majestad,AVL-6101,Su Majestad,,,Lado 2,1967,,,,,,,,
Su Majestad,AVL-6101,Su Majestad,B,1,El Choclo,1967,,,,,,,,
Su Majestad,AVL-6101,Su Majestad,B,2,Paciencia,1967,,,,,,,,
Su Majestad,AVL-6101,Su Majestad,B,3,Chique!,1967,,,,,,,,
Su Majestad,AVL-6101,Su Majestad,B,4,No Llores Madre,1967,,,,,,,,
Su Majestad,AVL-6101,Su Majestad,B,5,Sans Souci,1967,,,,,,,,
Su Majestad,AVL-6101,Su Majestad,B,6,Pompas De Jabón,1967,,,,,,,,
Su Majestad,AVL-6101,Su Majestad,,,Lado 3,1967,,,,,,,,
Su Majestad,AVL-6101,Su Majestad,,1,Felicia,1967,,,,,,,,
Su Majestad,AVL-6101,Su Majestad,,2,Compadron,1967,,,,,,,,
Su Majestad,AVL-6101,Su Majestad,,3,El Aeroplano,1967,,,,,,,,
Su Majestad,AVL-6101,Su Majestad,,4,El Tigre Millan,1967,,,,,,,,
Su Majestad,AVL-6101,Su Majestad,,5,Tierra Negra,1967,,,,,,,,
Su Majestad,AVL-6101,Su Majestad,,6,Dios Te Salve M'Hijo,1967,,,,,,,,
Su Majestad,AVL-6101,Su Majestad,,,Lado 4,1967,,,,,,,,
Su Majestad,AVL-6101,Su Majestad,,1,Derecho Viejo,1967,,,,,,,,
Su Majestad,AVL-6101,Su Majestad,,2,El Paisanito,1967,,,,,,,,
Su Majestad,AVL-6101,Su Majestad,,3,El Huracán ,1967,,,,,,,,
Su Majestad,AVL-6101,Su Majestad,,4,Lágrimas Y Sonrisas,1967,,,,,,,,
Su Majestad,AVL-6101,Su Majestad,,5,El Esquinazo,1967,,,,,,,,
Su Majestad,AVL-6101,Su Majestad,,6,El Hipo,1967,,,,,,,,
Su Majestad,AVL-6101,Su Majestad,,,Lado 5,1967,,,,,,,,
Su Majestad,AVL-6101,Su Majestad,,1,El Rey Del Compás ,1967,,,,,,,,
Su Majestad,AVL-6101,Su Majestad,,2,Viejo Smocking,1967,,,,,,,,
Su Majestad,AVL-6101,Su Majestad,,3,La Puñalada,1967,,,,,,,,
Su Majestad,AVL-6101,Su Majestad,,4,El Tarta,1967,,,,,,,,
Su Majestad,AVL-6101,Su Majestad,,5,El Simpático,1967,,,,,,,,
Su Majestad,AVL-6101,Su Majestad,,6,Mandria,1967,,,,,,,,
Su Majestad,AVL-6101,Su Majestad,,,Lado 6,1967,,,,,,,,
Su Majestad,AVL-6101,Su Majestad,,1,Santa Milonguita,1967,,,,,,,,
Su Majestad,AVL-6101,Su Majestad,,2,No Te Quiero Más,1967,,,,,,,,
Su Majestad,AVL-6101,Su Majestad,,3,Olga,1967,,,,,,,,
Su Majestad,AVL-6101,Su Majestad,,4,Hasta Siempre Amor,1967,,,,,,,,
Su Majestad,AVL-6101,Su Majestad,,5,Rompe Y Raja,1967,,,,,,,,
Su Majestad,AVL-6101,Su Majestad,,6,La Cumparsita,1967,,,,,,,,
Evocando El Ayer Vol. 4,CAL-3234,Evocando El Ayer Vol. 4,A,1,Ataniche,1969,,,,,,,,
Evocando El Ayer Vol. 4,CAL-3234,Evocando El Ayer Vol. 4,A,2,El Cencerro,1969,,,,,,,,
Evocando El Ayer Vol. 4,CAL-3234,Evocando El Ayer Vol. 4,A,3,Corazón De Artista,1969,,,,,,,,
Evocando El Ayer Vol. 4,CAL-3234,Evocando El Ayer Vol. 4,A,4,Comme Il Faut,1969,,,,,,,,
Evocando El Ayer Vol. 4,CAL-3234,Evocando El Ayer Vol. 4,A,5,Por Qué Razón,1969,,,,,,,,
Evocando El Ayer Vol. 4,CAL-3234,Evocando El Ayer Vol. 4,A,6,El Aeroplano,1969,,,,,,,,
Evocando El Ayer Vol. 4,CAL-3234,Evocando El Ayer Vol. 4,B,1,Maipo,1969,,,,,,,,
Evocando El Ayer Vol. 4,CAL-3234,Evocando El Ayer Vol. 4,B,2,El Horizonte,1969,,,,,,,,
Evocando El Ayer Vol. 4,CAL-3234,Evocando El Ayer Vol. 4,B,3,Visión Celeste,1969,,,,,,,,
Evocando El Ayer Vol. 4,CAL-3234,Evocando El Ayer Vol. 4,B,4,Fuegos Artificiales,1969,,,,,,,,
Evocando El Ayer Vol. 4,CAL-3234,Evocando El Ayer Vol. 4,B,5,Alma Dolorida,1969,,,,,,,,
Evocando El Ayer Vol. 4,CAL-3234,Evocando El Ayer Vol. 4,B,6,Pof-Pof,1969,,,,,,,,
Chirusa,CAS-3442,Chirusa,A,1,Chirusa - Tango,1974,,,,,,,,
Chirusa,CAS-3442,Chirusa,A,2,Estrella - Tango,1974,,,,,,,,
Chirusa,CAS-3442,Chirusa,A,3,Marinera - Tango,1974,,,,,,,,
Chirusa,CAS-3442,Chirusa,A,4,La Canción - Tango,1974,,,,,,,,
Chirusa,CAS-3442,Chirusa,A,5,En El Cielo - Tango,1974,,,,,,,,
Chirusa,CAS-3442,Chirusa,A,6,Ave De Paso - Tango,1974,,,,,,,,
Chirusa,CAS-3442,Chirusa,B,1,Castigo Y Pasión - Tango,1974,,,,,,,,
Chirusa,CAS-3442,Chirusa,B,2,Amor De Verano - Tango,1974,,,,,,,,
Chirusa,CAS-3442,Chirusa,B,3,Adiós Chantecler - Tango,1974,,,,,,,,
Chirusa,CAS-3442,Chirusa,B,4,Por La Vuelta - Tango,1974,,,,,,,,
Chirusa,CAS-3442,Chirusa,B,5,Destino De Flor - Tango,1974,,,,,,,,
Chirusa,CAS-3442,Chirusa,B,6,Hasta Siempre Amor - Tango,1974,,,,,,,,
El Tango No Tiene Contra,AVL-3150,El Tango No Tiene Contra,A,1,El Embrollo - Tango (The Tangle),,,,,,,,,
El Tango No Tiene Contra,AVL-3150,El Tango No Tiene Contra,A,2,Barrio De Guapos - Tango (Bold Men's Quarter),,,,,,,,,
El Tango No Tiene Contra,AVL-3150,El Tango No Tiene Contra,A,3,El Tango No Tiene Contra - Tango (The Tango Has No Rival),,,,,,,,,
El Tango No Tiene Contra,AVL-3150,El Tango No Tiene Contra,A,4,Nada Mas - Tango (Nothing More),,,,,,,,,
El Tango No Tiene Contra,AVL-3150,El Tango No Tiene Contra,A,5,Don Alejandro - Tango,,,,,,,,,
El Tango No Tiene Contra,AVL-3150,El Tango No Tiene Contra,A,6,Un Vals Para Mama - Vals (A Waltz For Mother),,,,,,,,,
El Tango No Tiene Contra,AVL-3150,El Tango No Tiene Contra,A,7,Que Dios Te Bendiga - Tango (May God Bless You),,,,,,,,,
El Tango No Tiene Contra,AVL-3150,El Tango No Tiene Contra,B,1,Nosotros - Tango (We),,,,,,,,,
El Tango No Tiene Contra,AVL-3150,El Tango No Tiene Contra,B,2,Lastima - Tango (A Pity),,,,,,,,,
El Tango No Tiene Contra,AVL-3150,El Tango No Tiene Contra,B,3,Baldosa Floja - Milonga (Loose Tile),,,,,,,,,
El Tango No Tiene Contra,AVL-3150,El Tango No Tiene Contra,B,4,Soy Un Palido Fantasma - Tango (I'm A Pale Ghost),,,,,,,,,
El Tango No Tiene Contra,AVL-3150,El Tango No Tiene Contra,B,5,No Me Extraña - Tango (I Don't Wonder),,,,,,,,,
El Tango No Tiene Contra,AVL-3150,El Tango No Tiene Contra,B,6,Que Me Importa Tu Pasado - Tango (What Do I Care About Your Past),,,,,,,,,
El Tango No Tiene Contra,AVL-3150,El Tango No Tiene Contra,B,7,Criollo De Ley - Tango (True Blue),,,,,,,,,
Lo Mejor de Juan D'Arienzo,AVLP-3703,Lo Mejor de Juan D'Arienzo,A,1,Independencia,,,,,,,,,
Lo Mejor de Juan D'Arienzo,AVLP-3703,Lo Mejor de Juan D'Arienzo,A,2,El Huracán,,,,,,,,,
Lo Mejor de Juan D'Arienzo,AVLP-3703,Lo Mejor de Juan D'Arienzo,A,3,Almanaque De Ilusión,,,,,,,,,
Lo Mejor de Juan D'Arienzo,AVLP-3703,Lo Mejor de Juan D'Arienzo,A,4,El Aeroplano,,,,,,,,,
Lo Mejor de Juan D'Arienzo,AVLP-3703,Lo Mejor de Juan D'Arienzo,A,5,Paciencia,,,,,,,,,
Lo Mejor de Juan D'Arienzo,AVLP-3703,Lo Mejor de Juan D'Arienzo,A,6,Sábado Inglés,,,,,,,,,
Lo Mejor de Juan D'Arienzo,AVLP-3703,Lo Mejor de Juan D'Arienzo,A,7,El Penado 14,,,,,,,,,
Lo Mejor de Juan D'Arienzo,AVLP-3703,Lo Mejor de Juan D'Arienzo,B,1,El Marne,,,,,,,,,
Lo Mejor de Juan D'Arienzo,AVLP-3703,Lo Mejor de Juan D'Arienzo,B,2,El Paisanito,,,,,,,,,
Lo Mejor de Juan D'Arienzo,AVLP-3703,Lo Mejor de Juan D'Arienzo,B,3,Compadron,,,,,,,,,
Lo Mejor de Juan D'Arienzo,AVLP-3703,Lo Mejor de Juan D'Arienzo,B,4,Sans Souci,,,,,,,,,
Lo Mejor de Juan D'Arienzo,AVLP-3703,Lo Mejor de Juan D'Arienzo,B,5,Amor Y Celo,,,,,,,,,
Lo Mejor de Juan D'Arienzo,AVLP-3703,Lo Mejor de Juan D'Arienzo,B,6,Indiferencia,,,,,,,,,
Lo Mejor de Juan D'Arienzo,AVLP-3703,Lo Mejor de Juan D'Arienzo,B,7,Quejas De Bandoneón,,,,,,,,,
Evocando El Ayer,CAL 2932,Evocando El Ayer,A,1,El Romantico,,,,,,,,,
Evocando El Ayer,CAL 2932,Evocando El Ayer,A,2,Lorenzo,,,,,,,,,
Evocando El Ayer,CAL 2932,Evocando El Ayer,A,3,El Apache Argentino,,,,,,,,,
Evocando El Ayer,CAL 2932,Evocando El Ayer,A,4,Amor Y Celo,,,,,,,,,
Evocando El Ayer,CAL 2932,Evocando El Ayer,A,5,El Africano,,,,,,,,,
Evocando El Ayer,CAL 2932,Evocando El Ayer,A,6,La Clavada,,,,,,,,,
Evocando El Ayer,CAL 2932,Evocando El Ayer,A,7,Francia,,,,,,,,,
Evocando El Ayer,CAL 2932,Evocando El Ayer,B,1,Union Civica,,,,,,,,,
Evocando El Ayer,CAL 2932,Evocando El Ayer,B,2,Rawson,,,,,,,,,
Evocando El Ayer,CAL 2932,Evocando El Ayer,B,3,El Cisne,,,,,,,,,
Evocando El Ayer,CAL 2932,Evocando El Ayer,B,4,Champagne Tango,,,,,,,,,
Evocando El Ayer,CAL 2932,Evocando El Ayer,B,5,Sabado Ingles,,,,,,,,,
Evocando El Ayer,CAL 2932,Evocando El Ayer,B,6,Pabellon De Las Rosas,,,,,,,,,
Evocando El Ayer,CAL 2932,Evocando El Ayer,B,7,El Flete,,,,,,,,,
Bien Porteño,AVL-3088,Bien Porteño,A,1,Llegando A Puerto,,,,,,,,,
Bien Porteño,AVL-3088,Bien Porteño,A,2,Andate Por Dios,,,,,,,,,
Bien Porteño,AVL-3088,Bien Porteño,A,3,No Te Quiero Más,,,,,,,,,
Bien Porteño,AVL-3088,Bien Porteño,A,4,Bien Porteño,,,,,,,,,
Bien Porteño,AVL-3088,Bien Porteño,A,5,La Calesita,,,,,,,,,
Bien Porteño,AVL-3088,Bien Porteño,A,6,Julie,,,,,,,,,
Bien Porteño,AVL-3088,Bien Porteño,B,1,Mandria,,,,,,,,,
Bien Porteño,AVL-3088,Bien Porteño,B,2,Destino De Flor,,,,,,,,,
Bien Porteño,AVL-3088,Bien Porteño,B,3,Susanita (Yo Me Quedo Con El Tango),,,,,,,,,
Bien Porteño,AVL-3088,Bien Porteño,B,4,Don Goyo,,,,,,,,,
Bien Porteño,AVL-3088,Bien Porteño,B,5,El Reloj,,,,,,,,,
Bien Porteño,AVL-3088,Bien Porteño,B,6,Señora Princesa,,,,,,,,,
D'Arienzo Echagüe,CAL-3148,D'Arienzo Echagüe,A,1,Que Dios Te Ayude,,,,,,,,,
D'Arienzo Echagüe,CAL-3148,D'Arienzo Echagüe,A,2,Leguisamo Solo,,,,,,,,,
D'Arienzo Echagüe,CAL-3148,D'Arienzo Echagüe,A,3,La Cicatriz,,,,,,,,,
D'Arienzo Echagüe,CAL-3148,D'Arienzo Echagüe,A,4,Esta Noche Me Emborracho,,,,,,,,,
D'Arienzo Echagüe,CAL-3148,D'Arienzo Echagüe,A,5,Santa Milonguita,,,,,,,,,
D'Arienzo Echagüe,CAL-3148,D'Arienzo Echagüe,A,6,Castigo,,,,,,,,,
D'Arienzo Echagüe,CAL-3148,D'Arienzo Echagüe,A,7,N.P.,,,,,,,,,
D'Arienzo Echagüe,CAL-3148,D'Arienzo Echagüe,B,1,Canchero,,,,,,,,,
D'Arienzo Echagüe,CAL-3148,D'Arienzo Echagüe,B,2,No Va Más,,,,,,,,,
D'Arienzo Echagüe,CAL-3148,D'Arienzo Echagüe,B,3,El Penado 14,,,,,,,,,
D'Arienzo Echagüe,CAL-3148,D'Arienzo Echagüe,B,4,Yo Me Llamo Eloy Peralta,,,,,,,,,
D'Arienzo Echagüe,CAL-3148,D'Arienzo Echagüe,B,5,Malas Mañas,,,,,,,,,
D'Arienzo Echagüe,CAL-3148,D'Arienzo Echagüe,B,6,Pero... Pobre De Ellos,,,,,,,,,
D'Arienzo Echagüe,CAL-3148,D'Arienzo Echagüe,B,7,No Nos Veremos Nunca,,,,,,,,,
La Puñalada (Homenaje A Pintín Castellanos),CAL-3276,La Puñalada (Homenaje A Pintín Castellanos),A,1,Don Horacio,,,,,,,,,
La Puñalada (Homenaje A Pintín Castellanos),CAL-3276,La Puñalada (Homenaje A Pintín Castellanos),A,2,Peringundín,,,,,,,,,
La Puñalada (Homenaje A Pintín Castellanos),CAL-3276,La Puñalada (Homenaje A Pintín Castellanos),A,3,El Potro,,,,,,,,,
La Puñalada (Homenaje A Pintín Castellanos),CAL-3276,La Puñalada (Homenaje A Pintín Castellanos),A,4,Barrio De Guapos,,,,,,,,,
La Puñalada (Homenaje A Pintín Castellanos),CAL-3276,La Puñalada (Homenaje A Pintín Castellanos),A,5,Chaparron,,,,,,,,,
La Puñalada (Homenaje A Pintín Castellanos),CAL-3276,La Puñalada (Homenaje A Pintín Castellanos),A,6,A Puño Limpio,,,,,,,,,
La Puñalada (Homenaje A Pintín Castellanos),CAL-3276,La Puñalada (Homenaje A Pintín Castellanos),B,1,La Puñalada,,,,,,,,,
La Puñalada (Homenaje A Pintín Castellanos),CAL-3276,La Puñalada (Homenaje A Pintín Castellanos),B,2,Candombe Oriental,,,,,,,,,
La Puñalada (Homenaje A Pintín Castellanos),CAL-3276,La Puñalada (Homenaje A Pintín Castellanos),B,3,El Temblor,,,,,,,,,
La Puñalada (Homenaje A Pintín Castellanos),CAL-3276,La Puñalada (Homenaje A Pintín Castellanos),B,4,La Endiablada,,,,,,,,,
La Puñalada (Homenaje A Pintín Castellanos),CAL-3276,La Puñalada (Homenaje A Pintín Castellanos),B,5,Me Gusta Bailar,,,,,,,,,
La Puñalada (Homenaje A Pintín Castellanos),CAL-3276,La Puñalada (Homenaje A Pintín Castellanos),B,6,Meta Fierro,,,,,,,,,
Evocando El Ayer Vol. 3,CAL -3057,"""Evocando El Ayer"" Vol. 3",A,1,Joaquina - Tango,,,,,,,,,
Evocando El Ayer Vol. 3,CAL -3057,"""Evocando El Ayer"" Vol. 3",A,2,La Catrera - Tango,,,,,,,,,
Evocando El Ayer Vol. 3,CAL -3057,"""Evocando El Ayer"" Vol. 3",A,3,La Bicoca - Tango,,,,,,,,,
Evocando El Ayer Vol. 3,CAL -3057,"""Evocando El Ayer"" Vol. 3",A,4,El Porteñito - Tango,,,,,,,,,
Evocando El Ayer Vol. 3,CAL -3057,"""Evocando El Ayer"" Vol. 3",A,5,Una Lágrima - Vals,,,,,,,,,
Evocando El Ayer Vol. 3,CAL -3057,"""Evocando El Ayer"" Vol. 3",A,6,El Choclo - Tango,,,,,,,,,
Evocando El Ayer Vol. 3,CAL -3057,"""Evocando El Ayer"" Vol. 3",A,7,El Esquinazo - Milonga,,,,,,,,,
Evocando El Ayer Vol. 3,CAL -3057,"""Evocando El Ayer"" Vol. 3",B,1,Felicia - Tango,,,,,,,,,
Evocando El Ayer Vol. 3,CAL -3057,"""Evocando El Ayer"" Vol. 3",B,2,La Puñalada - Milonga Tangueada,,,,,,,,,
Evocando El Ayer Vol. 3,CAL -3057,"""Evocando El Ayer"" Vol. 3",B,3,Pampa - Tango,,,,,,,,,
Evocando El Ayer Vol. 3,CAL -3057,"""Evocando El Ayer"" Vol. 3",B,4,Lágrimas Y Sonrisas - Vals,,,,,,,,,
Evocando El Ayer Vol. 3,CAL -3057,"""Evocando El Ayer"" Vol. 3",B,5,La Payanca - Tango,,,,,,,,,
Evocando El Ayer Vol. 3,CAL -3057,"""Evocando El Ayer"" Vol. 3",B,6,Don Pacifico - Tango,,,,,,,,,
Evocando El Ayer Vol. 3,CAL -3057,"""Evocando El Ayer"" Vol. 3",B,7,El Internado - Tango,,,,,,,,,
Oro De Ley En Las Voces De La Orquesta Juan D'arienzo,AVL-3359,Oro De Ley En Las Voces De La Orquesta Juan D'arienzo,A,1,Tu Olvido,,,,,,,,,
Oro De Ley En Las Voces De La Orquesta Juan D'arienzo,AVL-3359,Oro De Ley En Las Voces De La Orquesta Juan D'arienzo,A,2,Paciencia,,,,,,,,,
Oro De Ley En Las Voces De La Orquesta Juan D'arienzo,AVL-3359,Oro De Ley En Las Voces De La Orquesta Juan D'arienzo,A,3,Almanaque De Ilusión,,,,,,,,,
Oro De Ley En Las Voces De La Orquesta Juan D'arienzo,AVL-3359,Oro De Ley En Las Voces De La Orquesta Juan D'arienzo,A,4,Ríe Payaso,,,,,,,,,
Oro De Ley En Las Voces De La Orquesta Juan D'arienzo,AVL-3359,Oro De Ley En Las Voces De La Orquesta Juan D'arienzo,A,5,Vieja Recova,,,,,,,,,
Oro De Ley En Las Voces De La Orquesta Juan D'arienzo,AVL-3359,Oro De Ley En Las Voces De La Orquesta Juan D'arienzo,A,6,Precio,,,,,,,,,
Oro De Ley En Las Voces De La Orquesta Juan D'arienzo,AVL-3359,Oro De Ley En Las Voces De La Orquesta Juan D'arienzo,B,1,Oro De Ley,,,,,,,,,
Oro De Ley En Las Voces De La Orquesta Juan D'arienzo,AVL-3359,Oro De Ley En Las Voces De La Orquesta Juan D'arienzo,B,2,Yuyo Brujo,,,,,,,,,
Oro De Ley En Las Voces De La Orquesta Juan D'arienzo,AVL-3359,Oro De Ley En Las Voces De La Orquesta Juan D'arienzo,B,3,Cortada De San Ignacio,,,,,,,,,
Oro De Ley En Las Voces De La Orquesta Juan D'arienzo,AVL-3359,Oro De Ley En Las Voces De La Orquesta Juan D'arienzo,B,4,Andáte Con Tu Mamá,,,,,,,,,
Oro De Ley En Las Voces De La Orquesta Juan D'arienzo,AVL-3359,Oro De Ley En Las Voces De La Orquesta Juan D'arienzo,B,5,Chirusa,,,,,,,,,
Oro De Ley En Las Voces De La Orquesta Juan D'arienzo,AVL-3359,Oro De Ley En Las Voces De La Orquesta Juan D'arienzo,B,6,Tu Amor Fué Mentira,,,,,,,,,
El Rey Juan D'Arienzo Y Alberto Echague,AVL-3378,El Rey Juan D'Arienzo Y Alberto Echague,A,1,El Hipo,,,,,,,,,
El Rey Juan D'Arienzo Y Alberto Echague,AVL-3378,El Rey Juan D'Arienzo Y Alberto Echague,A,2,Milonga Del Recuerdo,,,,,,,,,
El Rey Juan D'Arienzo Y Alberto Echague,AVL-3378,El Rey Juan D'Arienzo Y Alberto Echague,A,3,Giuseppe El Crooner,,,,,,,,,
El Rey Juan D'Arienzo Y Alberto Echague,AVL-3378,El Rey Juan D'Arienzo Y Alberto Echague,A,4,Sarampión,,,,,,,,,
El Rey Juan D'Arienzo Y Alberto Echague,AVL-3378,El Rey Juan D'Arienzo Y Alberto Echague,A,5,Se-Pe-Ño-Po-Ri-Pi-Ta-Pa,,,,,,,,,
El Rey Juan D'Arienzo Y Alberto Echague,AVL-3378,El Rey Juan D'Arienzo Y Alberto Echague,A,6,Oro De Ley,,,,,,,,,
El Rey Juan D'Arienzo Y Alberto Echague,AVL-3378,El Rey Juan D'Arienzo Y Alberto Echague,B,1,El Tarta,,,,,,,,,
El Rey Juan D'Arienzo Y Alberto Echague,AVL-3378,El Rey Juan D'Arienzo Y Alberto Echague,B,2,Ganzúa,,,,,,,,,
El Rey Juan D'Arienzo Y Alberto Echague,AVL-3378,El Rey Juan D'Arienzo Y Alberto Echague,B,3,El Penado 14,,,,,,,,,
El Rey Juan D'Arienzo Y Alberto Echague,AVL-3378,El Rey Juan D'Arienzo Y Alberto Echague,B,4,Esta Vida Es Puro Grupo,,,,,,,,,
El Rey Juan D'Arienzo Y Alberto Echague,AVL-3378,El Rey Juan D'Arienzo Y Alberto Echague,B,5,Tomá Estas Monedas,,,,,,,,,
El Rey Juan D'Arienzo Y Alberto Echague,AVL-3378,El Rey Juan D'Arienzo Y Alberto Echague,B,6,El Paisanito,,,,,,,,,
Cartón Junao,AVL-4022,Cartón Junao,A,1,Cartón Junao,,,,,,,,,
Cartón Junao,AVL-4022,Cartón Junao,A,2,Mandria,,,,,,,,,
Cartón Junao,AVL-4022,Cartón Junao,A,3,Barajando,,,,,,,,,
Cartón Junao,AVL-4022,Cartón Junao,A,4,La Madrugada,,,,,,,,,
Cartón Junao,AVL-4022,Cartón Junao,A,5,El Viento Me Cuenta Cosas,,,,,,,,,
Cartón Junao,AVL-4022,Cartón Junao,A,6,Olvídame,,,,,,,,,
Cartón Junao,AVL-4022,Cartón Junao,A,7,Este Carnaval,,,,,,,,,
Cartón Junao,AVL-4022,Cartón Junao,B,1,Trago Amargo,,,,,,,,,
Cartón Junao,AVL-4022,Cartón Junao,B,2,Yo No Sé Llorar,,,,,,,,,
Cartón Junao,AVL-4022,Cartón Junao,B,3,Chichipía,,,,,,,,,
Cartón Junao,AVL-4022,Cartón Junao,B,4,Calandria Pampa,,,,,,,,,
Cartón Junao,AVL-4022,Cartón Junao,B,5,Con Todo Mi Corazón,,,,,,,,,
Cartón Junao,AVL-4022,Cartón Junao,B,6,En Tu Corazón,,,,,,,,,
Cartón Junao,AVL-4022,Cartón Junao,B,7,Qué Apuro Tengo,,,,,,,,,
Juan D'Arienzo y Su Orquesta Típica. Cantan Alberto Echagüe y Hector Maure,CAL-3025,Juan D'Arienzo y Su Orquesta Típica. Cantan: Alberto Echagüe y Hector Maure,A,1,De Antaño,,,,,,,,,
Juan D'Arienzo y Su Orquesta Típica. Cantan Alberto Echagüe y Hector Maure,CAL-3025,Juan D'Arienzo y Su Orquesta Típica. Cantan: Alberto Echagüe y Hector Maure,A,2,Dos Guitas,,,,,,,,,
Juan D'Arienzo y Su Orquesta Típica. Cantan Alberto Echagüe y Hector Maure,CAL-3025,Juan D'Arienzo y Su Orquesta Típica. Cantan: Alberto Echagüe y Hector Maure,A,3,Indiferencia,,,,,,,,,
Juan D'Arienzo y Su Orquesta Típica. Cantan Alberto Echagüe y Hector Maure,CAL-3025,Juan D'Arienzo y Su Orquesta Típica. Cantan: Alberto Echagüe y Hector Maure,A,4,"Ay, Aurora",,,,,,,,,
Juan D'Arienzo y Su Orquesta Típica. Cantan Alberto Echagüe y Hector Maure,CAL-3025,Juan D'Arienzo y Su Orquesta Típica. Cantan: Alberto Echagüe y Hector Maure,A,5,Meta Fierro,,,,,,,,,
Juan D'Arienzo y Su Orquesta Típica. Cantan Alberto Echagüe y Hector Maure,CAL-3025,Juan D'Arienzo y Su Orquesta Típica. Cantan: Alberto Echagüe y Hector Maure,A,6,Corrientes Y Esmeralda,,,,,,,,,
Juan D'Arienzo y Su Orquesta Típica. Cantan Alberto Echagüe y Hector Maure,CAL-3025,Juan D'Arienzo y Su Orquesta Típica. Cantan: Alberto Echagüe y Hector Maure,A,7,Y Siempre La Misma Historia,,,,,,,,,
Juan D'Arienzo y Su Orquesta Típica. Cantan Alberto Echagüe y Hector Maure,CAL-3025,Juan D'Arienzo y Su Orquesta Típica. Cantan: Alberto Echagüe y Hector Maure,B,1,Enamorado (Metido),,,,,,,,,
Juan D'Arienzo y Su Orquesta Típica. Cantan Alberto Echagüe y Hector Maure,CAL-3025,Juan D'Arienzo y Su Orquesta Típica. Cantan: Alberto Echagüe y Hector Maure,B,2,Ya Lo Ves,,,,,,,,,
Juan D'Arienzo y Su Orquesta Típica. Cantan Alberto Echagüe y Hector Maure,CAL-3025,Juan D'Arienzo y Su Orquesta Típica. Cantan: Alberto Echagüe y Hector Maure,B,3,Flor Del Mal,,,,,,,,,
Juan D'Arienzo y Su Orquesta Típica. Cantan Alberto Echagüe y Hector Maure,CAL-3025,Juan D'Arienzo y Su Orquesta Típica. Cantan: Alberto Echagüe y Hector Maure,B,4,Si La Llegaran A Ver,,,,,,,,,
Juan D'Arienzo y Su Orquesta Típica. Cantan Alberto Echagüe y Hector Maure,CAL-3025,Juan D'Arienzo y Su Orquesta Típica. Cantan: Alberto Echagüe y Hector Maure,B,5,Amarras,,,,,,,,,
Juan D'Arienzo y Su Orquesta Típica. Cantan Alberto Echagüe y Hector Maure,CAL-3025,Juan D'Arienzo y Su Orquesta Típica. Cantan: Alberto Echagüe y Hector Maure,B,6,Lilián,,,,,,,,,
Juan D'Arienzo y Su Orquesta Típica. Cantan Alberto Echagüe y Hector Maure,CAL-3025,Juan D'Arienzo y Su Orquesta Típica. Cantan: Alberto Echagüe y Hector Maure,B,7,La Mentirosa,,,,,,,,,
"Bueno, Derecho Y Varón",CAL-3262,"Bueno, Derecho Y Varón",A,1,No Te Quiero Más,1970,,,,,,,,
"Bueno, Derecho Y Varón",CAL-3262,"Bueno, Derecho Y Varón",A,2,Mandría,1970,,,,,,,,
"Bueno, Derecho Y Varón",CAL-3262,"Bueno, Derecho Y Varón",A,3,Andate Con Tu Mamá,1970,,,,,,,,
"Bueno, Derecho Y Varón",CAL-3262,"Bueno, Derecho Y Varón",A,4,Justo El 31,1970,,,,,,,,
"Bueno, Derecho Y Varón",CAL-3262,"Bueno, Derecho Y Varón",A,5,Señora Princesa,1970,,,,,,,,
"Bueno, Derecho Y Varón",CAL-3262,"Bueno, Derecho Y Varón",A,6,Papá,1970,,,,,,,,
"Bueno, Derecho Y Varón",CAL-3262,"Bueno, Derecho Y Varón",A,7,Che Fulano,1970,,,,,,,,
"Bueno, Derecho Y Varón",CAL-3262,"Bueno, Derecho Y Varón",B,1,Si Soy Así,1970,,,,,,,,
"Bueno, Derecho Y Varón",CAL-3262,"Bueno, Derecho Y Varón",B,2,Rie Payaso,1970,,,,,,,,
"Bueno, Derecho Y Varón",CAL-3262,"Bueno, Derecho Y Varón",B,3,"Bueno, Derecho Y Varón",1970,,,,,,,,
"Bueno, Derecho Y Varón",CAL-3262,"Bueno, Derecho Y Varón",B,4,El Tigre Millán ,1970,,,,,,,,
"Bueno, Derecho Y Varón",CAL-3262,"Bueno, Derecho Y Varón",B,5,Muñeca Brava,1970,,,,,,,,
"Bueno, Derecho Y Varón",CAL-3262,"Bueno, Derecho Y Varón",B,6,Un Vals Para Mamá,1970,,,,,,,,
"Bueno, Derecho Y Varón",CAL-3262,"Bueno, Derecho Y Varón",B,7,Susanita ,1970,,,,,,,,
Juan D'Arienzo = フアン・ダリエンソ・ベスト,SX-24,Juan D'Arienzo = フアン・ダリエンソ・ベスト,A,1,La Cumparsita,1972,,,,,,,,
Juan D'Arienzo = フアン・ダリエンソ・ベスト,SX-24,Juan D'Arienzo = フアン・ダリエンソ・ベスト,A,2,Felicia,1972,,,,,,,,
Juan D'Arienzo = フアン・ダリエンソ・ベスト,SX-24,Juan D'Arienzo = フアン・ダリエンソ・ベスト,A,3,El Chocolo,1972,,,,,,,,
Juan D'Arienzo = フアン・ダリエンソ・ベスト,SX-24,Juan D'Arienzo = フアン・ダリエンソ・ベスト,A,4,A Media Luz,1972,,,,,,,,
Juan D'Arienzo = フアン・ダリエンソ・ベスト,SX-24,Juan D'Arienzo = フアン・ダリエンソ・ベスト,A,5,La Punalada,1972,,,,,,,,
Juan D'Arienzo = フアン・ダリエンソ・ベスト,SX-24,Juan D'Arienzo = フアン・ダリエンソ・ベスト,A,6,Derecho Viejo,1972,,,,,,,,
Juan D'Arienzo = フアン・ダリエンソ・ベスト,SX-24,Juan D'Arienzo = フアン・ダリエンソ・ベスト,A,5,El Entrerriano,1972,,,,,,,,
Juan D'Arienzo = フアン・ダリエンソ・ベスト,SX-24,Juan D'Arienzo = フアン・ダリエンソ・ベスト,B,1,El Amanecer,1972,,,,,,,,
Juan D'Arienzo = フアン・ダリエンソ・ベスト,SX-24,Juan D'Arienzo = フアン・ダリエンソ・ベスト,B,2,Rodriguez Pena,1972,,,,,,,,
Juan D'Arienzo = フアン・ダリエンソ・ベスト,SX-24,Juan D'Arienzo = フアン・ダリエンソ・ベスト,B,3,9 De Julio,1972,,,,,,,,
Juan D'Arienzo = フアン・ダリエンソ・ベスト,SX-24,Juan D'Arienzo = フアン・ダリエンソ・ベスト,B,4,La Viruta,1972,,,,,,,,
Juan D'Arienzo = フアン・ダリエンソ・ベスト,SX-24,Juan D'Arienzo = フアン・ダリエンソ・ベスト,B,5,El Once,1972,,,,,,,,
Juan D'Arienzo = フアン・ダリエンソ・ベスト,SX-24,Juan D'Arienzo = フアン・ダリエンソ・ベスト,B,6,Grand Hotel Victoria ,1972,,,,,,,,
Juan D'Arienzo = フアン・ダリエンソ・ベスト,SX-24,Juan D'Arienzo = フアン・ダリエンソ・ベスト,B,7,La Payanca,1972,,,,,,,,
黄金時代のフアン・ダリエンソ・第３集,RA-5492,黄金時代のフアン・ダリエンソ・第３集 ,A,1,Ataniche,1973,,,,,,,,
黄金時代のフアン・ダリエンソ・第３集,RA-5492,黄金時代のフアン・ダリエンソ・第３集 ,A,2, El Cencerro,1973,,,,,,,,
黄金時代のフアン・ダリエンソ・第３集,RA-5492,黄金時代のフアン・ダリエンソ・第３集 ,A,3,Corazón de Artista ,1973,,,,,,,,
黄金時代のフアン・ダリエンソ・第３集,RA-5492,黄金時代のフアン・ダリエンソ・第３集 ,A,4,Comme Il Faut,1973,,,,,,,,
黄金時代のフアン・ダリエンソ・第３集,RA-5492,黄金時代のフアン・ダリエンソ・第３集 ,A,5,Por Que Razón,1973,,,,,,,,
黄金時代のフアン・ダリエンソ・第３集,RA-5492,黄金時代のフアン・ダリエンソ・第３集 ,A,6,El Aeroplano,1973,,,,,,,,
黄金時代のフアン・ダリエンソ・第３集,RA-5492,黄金時代のフアン・ダリエンソ・第３集 ,B,1,Maipo,1973,,,,,,,,
黄金時代のフアン・ダリエンソ・第３集,RA-5492,黄金時代のフアン・ダリエンソ・第３集 ,B,2,El Horizonte,1973,,,,,,,,
黄金時代のフアン・ダリエンソ・第３集,RA-5492,黄金時代のフアン・ダリエンソ・第３集 ,B,3,Visión Celeste,1973,,,,,,,,
黄金時代のフアン・ダリエンソ・第３集,RA-5492,黄金時代のフアン・ダリエンソ・第３集 ,B,4,Fuegos Artificiales,1973,,,,,,,,
黄金時代のフアン・ダリエンソ・第３集,RA-5492,黄金時代のフアン・ダリエンソ・第３集 ,B,5,Alma Dolorida,1973,,,,,,,,
黄金時代のフアン・ダリエンソ・第３集,RA-5492,黄金時代のフアン・ダリエンソ・第３集 ,B,6,Pof Pof,1973,,,,,,,,
Yo Me Quedo Con El Tango,HCL 1-0005,Yo Me Quedo Con El Tango,A,1,Yo Me Quedo Con El Tango,1974,,,,,,,,
Yo Me Quedo Con El Tango,HCL 1-0005,Yo Me Quedo Con El Tango,A,2,Bien Pulenta,1974,,,,,,,,
Yo Me Quedo Con El Tango,HCL 1-0005,Yo Me Quedo Con El Tango,A,3,Che Existencialista,1974,,,,,,,,
Yo Me Quedo Con El Tango,HCL 1-0005,Yo Me Quedo Con El Tango,A,4,El Vino Triste,1974,,,,,,,,
Yo Me Quedo Con El Tango,HCL 1-0005,Yo Me Quedo Con El Tango,A,5,Como Una De Tantas,1974,,,,,,,,
Yo Me Quedo Con El Tango,HCL 1-0005,Yo Me Quedo Con El Tango,B,1,Un Tango Para Mi Vieja,1974,,,,,,,,
Yo Me Quedo Con El Tango,HCL 1-0005,Yo Me Quedo Con El Tango,B,2,Gladiolo,1974,,,,,,,,
Yo Me Quedo Con El Tango,HCL 1-0005,Yo Me Quedo Con El Tango,B,3,No Mientas,1974,,,,,,,,
Yo Me Quedo Con El Tango,HCL 1-0005,Yo Me Quedo Con El Tango,B,4,Vas Muerto En La Parada,1974,,,,,,,,
Yo Me Quedo Con El Tango,HCL 1-0005,Yo Me Quedo Con El Tango,B,5,La Tango,1974,,,,,,,,
Evocando El Ayer Vol. 5,CAL-3318,Evocando El Ayer Vol. 5,A,1,Don Juan,,,,,,,,,
Evocando El Ayer Vol. 5,CAL-3318,Evocando El Ayer Vol. 5,A,2,Pasion,,,,,,,,,
Evocando El Ayer Vol. 5,CAL-3318,Evocando El Ayer Vol. 5,A,3,El Apronte,,,,,,,,,
Evocando El Ayer Vol. 5,CAL-3318,Evocando El Ayer Vol. 5,A,4,La Cumparsita,,,,,,,,,
Evocando El Ayer Vol. 5,CAL-3318,Evocando El Ayer Vol. 5,A,5,Mentias,,,,,,,,,
Evocando El Ayer Vol. 5,CAL-3318,Evocando El Ayer Vol. 5,A,6,Homero,,,,,,,,,
Evocando El Ayer Vol. 5,CAL-3318,Evocando El Ayer Vol. 5,B,1,Gallo Ciego,,,,,,,,,
Evocando El Ayer Vol. 5,CAL-3318,Evocando El Ayer Vol. 5,B,2,Valcesito Criollo,,,,,,,,,
Evocando El Ayer Vol. 5,CAL-3318,Evocando El Ayer Vol. 5,B,3,El Triunfo,,,,,,,,,
Evocando El Ayer Vol. 5,CAL-3318,Evocando El Ayer Vol. 5,B,4,La Mariposa,,,,,,,,,
Evocando El Ayer Vol. 5,CAL-3318,Evocando El Ayer Vol. 5,B,5,Lelia,,,,,,,,,
Evocando El Ayer Vol. 5,CAL-3318,Evocando El Ayer Vol. 5,B,6,Charamusca,,,,,,,,,
Grandes Éxitos De Juan D' Arienzo Y Su Orquesta Típica Vol. II,05(0131)00163,Grandes Éxitos De Juan D' Arienzo Y Su Orquesta Típica Vol. II,A,1,La Cumparsita ,,,,,,,,,
Grandes Éxitos De Juan D' Arienzo Y Su Orquesta Típica Vol. II,05(0131)00163,Grandes Éxitos De Juan D' Arienzo Y Su Orquesta Típica Vol. II,A,2,Paciencia ,,,,,,,,,
Grandes Éxitos De Juan D' Arienzo Y Su Orquesta Típica Vol. II,05(0131)00163,Grandes Éxitos De Juan D' Arienzo Y Su Orquesta Típica Vol. II,A,3,Tendrás Que Llorar ,,,,,,,,,
Grandes Éxitos De Juan D' Arienzo Y Su Orquesta Típica Vol. II,05(0131)00163,Grandes Éxitos De Juan D' Arienzo Y Su Orquesta Típica Vol. II,A,4,Si Supiera Que La Extraño ,,,,,,,,,
Grandes Éxitos De Juan D' Arienzo Y Su Orquesta Típica Vol. II,05(0131)00163,Grandes Éxitos De Juan D' Arienzo Y Su Orquesta Típica Vol. II,A,5,La Bruja ,,,,,,,,,
Grandes Éxitos De Juan D' Arienzo Y Su Orquesta Típica Vol. II,05(0131)00163,Grandes Éxitos De Juan D' Arienzo Y Su Orquesta Típica Vol. II,A,6,Precio ,,,,,,,,,
Grandes Éxitos De Juan D' Arienzo Y Su Orquesta Típica Vol. II,05(0131)00163,Grandes Éxitos De Juan D' Arienzo Y Su Orquesta Típica Vol. II,B,1,Tu Boca Mintió ,,,,,,,,,
Grandes Éxitos De Juan D' Arienzo Y Su Orquesta Típica Vol. II,05(0131)00163,Grandes Éxitos De Juan D' Arienzo Y Su Orquesta Típica Vol. II,B,2,El Olivo ,,,,,,,,,
Grandes Éxitos De Juan D' Arienzo Y Su Orquesta Típica Vol. II,05(0131)00163,Grandes Éxitos De Juan D' Arienzo Y Su Orquesta Típica Vol. II,B,3,Yuyo Brujo ,,,,,,,,,
Grandes Éxitos De Juan D' Arienzo Y Su Orquesta Típica Vol. II,05(0131)00163,Grandes Éxitos De Juan D' Arienzo Y Su Orquesta Típica Vol. II,B,4,Derecho Viejo ,,,,,,,,,
Grandes Éxitos De Juan D' Arienzo Y Su Orquesta Típica Vol. II,05(0131)00163,Grandes Éxitos De Juan D' Arienzo Y Su Orquesta Típica Vol. II,B,5,Milonga Del Recuerdo ,,,,,,,,,
Grandes Éxitos De Juan D' Arienzo Y Su Orquesta Típica Vol. II,05(0131)00163,Grandes Éxitos De Juan D' Arienzo Y Su Orquesta Típica Vol. II,B,6,Te Odio Y Te Quiero ,,,,,,,,,
Grandes Exitos Vol. I,LPVC 162,Grandes Exitos Vol. I,A,1,Andate Por Dios,,,,,,,,,
Grandes Exitos Vol. I,LPVC 162,Grandes Exitos Vol. I,A,2,Nada Más,,,,,,,,,
Grandes Exitos Vol. I,LPVC 162,Grandes Exitos Vol. I,A,3,Casita De Nacar,,,,,,,,,
Grandes Exitos Vol. I,LPVC 162,Grandes Exitos Vol. I,A,4,No Te Quiero Más,,,,,,,,,
Grandes Exitos Vol. I,LPVC 162,Grandes Exitos Vol. I,A,5,Marinera,,,,,,,,,
Grandes Exitos Vol. I,LPVC 162,Grandes Exitos Vol. I,A,6,Adios Corazón,,,,,,,,,
Grandes Exitos Vol. I,LPVC 162,Grandes Exitos Vol. I,B,1,Por La Vuelta,,,,,,,,,
Grandes Exitos Vol. I,LPVC 162,Grandes Exitos Vol. I,B,2,Hasta Siempre Amor,,,,,,,,,
Grandes Exitos Vol. I,LPVC 162,Grandes Exitos Vol. I,B,3,Que Me Importa Tu Pasado,,,,,,,,,
Grandes Exitos Vol. I,LPVC 162,Grandes Exitos Vol. I,B,4,Por Donde Andara,,,,,,,,,
Grandes Exitos Vol. I,LPVC 162,Grandes Exitos Vol. I,B,5,Tu Noche Es Mi Noche,,,,,,,,,
Grandes Exitos Vol. I,LPVC 162,Grandes Exitos Vol. I,B,6,Destino De Flor ,,,,,,,,,
El Rey Del Compás,BKL 3063,El Rey Del Compás,A,1,No Te Quero Mas,,,,,,,,,
El Rey Del Compás,BKL 3063,El Rey Del Compás,A,2,Bien Portena,,,,,,,,,
El Rey Del Compás,BKL 3063,El Rey Del Compás,A,3,Susanita,,,,,,,,,
El Rey Del Compás,BKL 3063,El Rey Del Compás,A,4,Don Goyo,,,,,,,,,
El Rey Del Compás,BKL 3063,El Rey Del Compás,B,1,El Reloj,,,,,,,,,
El Rey Del Compás,BKL 3063,El Rey Del Compás,B,2,Senora Princesa,,,,,,,,,
El Rey Del Compás,BKL 3063,El Rey Del Compás,B,3,La Calesita,,,,,,,,,
El Rey Del Compás,BKL 3063,El Rey Del Compás,B,4,Julie,,,,,,,,,
Tangos,CAS-151,Tangos,A,1,La Cumparsita,,,,,,,,,
Tangos,CAS-151,Tangos,A,2,A Media Luz,,,,,,,,,
Tangos,CAS-151,Tangos,A,3,La Catrera,,,,,,,,,
Tangos,CAS-151,Tangos,A,4,Felicia,,,,,,,,,
Tangos,CAS-151,Tangos,A,5,El Choclo,,,,,,,,,
Tangos,CAS-151,Tangos,A,6,Derecho Viejo,,,,,,,,,
Tangos,CAS-151,Tangos,B,1,La Puñalada,,,,,,,,,
Tangos,CAS-151,Tangos,B,2,El Irresistible,,,,,,,,,
Tangos,CAS-151,Tangos,B,3,El Entrerriano,,,,,,,,,
Tangos,CAS-151,Tangos,B,4,Pimienta,,,,,,,,,
Tangos,CAS-151,Tangos,B,5,La Morocha,,,,,,,,,
Tangos,CAS-151,Tangos,B,6,A La Gran Muñeca,,,,,,,,,
Llegando Al Puerto,05(0131)00481,Llegando Al Puerto,A,1,Llegando A Puerto,,,,,,,,,
Llegando Al Puerto,05(0131)00481,Llegando Al Puerto,A,2,Si Soy Así,,,,,,,,,
Llegando Al Puerto,05(0131)00481,Llegando Al Puerto,A,3,El Tigre Millán,,,,,,,,,
Llegando Al Puerto,05(0131)00481,Llegando Al Puerto,A,4,Pienso,,,,,,,,,
Llegando Al Puerto,05(0131)00481,Llegando Al Puerto,A,5,Justo El 31,,,,,,,,,
Llegando Al Puerto,05(0131)00481,Llegando Al Puerto,A,6,"No, No Me La Nombres",,,,,,,,,
Llegando Al Puerto,05(0131)00481,Llegando Al Puerto,B,1,La Negra Bozán,,,,,,,,,
Llegando Al Puerto,05(0131)00481,Llegando Al Puerto,B,2,Pero Solo Estoy Mejor,,,,,,,,,
Llegando Al Puerto,05(0131)00481,Llegando Al Puerto,B,3,No Tenemos Perdón,,,,,,,,,
Llegando Al Puerto,05(0131)00481,Llegando Al Puerto,B,4,Soy Un Pálido Fantasma,,,,,,,,,
Llegando Al Puerto,05(0131)00481,Llegando Al Puerto,B,5,"Ríe, Payaso",,,,,,,,,
Llegando Al Puerto,05(0131)00481,Llegando Al Puerto,B,6,Susanita,,,,,,,,,
Éxitos Inolvidables De Juan D' Arienzo Y Su Orquesta Típica,LPC 52-793,Éxitos Inolvidables De Juan D' Arienzo Y Su Orquesta Típica ,A,1,Dos Amores ,,,,,,,,,
Éxitos Inolvidables De Juan D' Arienzo Y Su Orquesta Típica,LPC 52-793,Éxitos Inolvidables De Juan D' Arienzo Y Su Orquesta Típica ,A,2,De Corazón A Corazón ,,,,,,,,,
Éxitos Inolvidables De Juan D' Arienzo Y Su Orquesta Típica,LPC 52-793,Éxitos Inolvidables De Juan D' Arienzo Y Su Orquesta Típica ,A,3,Dios Te Salve Mi Hijo ,,,,,,,,,
Éxitos Inolvidables De Juan D' Arienzo Y Su Orquesta Típica,LPC 52-793,Éxitos Inolvidables De Juan D' Arienzo Y Su Orquesta Típica ,A,4,Mala Pasión ,,,,,,,,,
Éxitos Inolvidables De Juan D' Arienzo Y Su Orquesta Típica,LPC 52-793,Éxitos Inolvidables De Juan D' Arienzo Y Su Orquesta Típica ,A,5,Santa Madrecita ,,,,,,,,,
Éxitos Inolvidables De Juan D' Arienzo Y Su Orquesta Típica,LPC 52-793,Éxitos Inolvidables De Juan D' Arienzo Y Su Orquesta Típica ,A,6,Color Cielo ,,,,,,,,,
Éxitos Inolvidables De Juan D' Arienzo Y Su Orquesta Típica,LPC 52-793,Éxitos Inolvidables De Juan D' Arienzo Y Su Orquesta Típica ,B,1,Canzoneta,,,,,,,,,
Éxitos Inolvidables De Juan D' Arienzo Y Su Orquesta Típica,LPC 52-793,Éxitos Inolvidables De Juan D' Arienzo Y Su Orquesta Típica ,B,2,Viejo Smoking ,,,,,,,,,
Éxitos Inolvidables De Juan D' Arienzo Y Su Orquesta Típica,LPC 52-793,Éxitos Inolvidables De Juan D' Arienzo Y Su Orquesta Típica ,B,3,Palabras Amargas ,,,,,,,,,
Éxitos Inolvidables De Juan D' Arienzo Y Su Orquesta Típica,LPC 52-793,Éxitos Inolvidables De Juan D' Arienzo Y Su Orquesta Típica ,B,4,Siempre Tu En Mi Corazón ,,,,,,,,,
Éxitos Inolvidables De Juan D' Arienzo Y Su Orquesta Típica,LPC 52-793,Éxitos Inolvidables De Juan D' Arienzo Y Su Orquesta Típica ,B,5,Un Alma Buena ,,,,,,,,,
Éxitos Inolvidables De Juan D' Arienzo Y Su Orquesta Típica,LPC 52-793,Éxitos Inolvidables De Juan D' Arienzo Y Su Orquesta Típica ,B,6,Magdala ,,,,,,,,,
El Irresistible Vol 3,LPVC -235,"""El Irresistible"" Vol 3",A,1,Cantemos Corazón,,,,,,,,,
El Irresistible Vol 3,LPVC -235,"""El Irresistible"" Vol 3",A,2,Mandría ,,,,,,,,,
El Irresistible Vol 3,LPVC -235,"""El Irresistible"" Vol 3",A,3,Aquí He Venido A Cantar,,,,,,,,,
El Irresistible Vol 3,LPVC -235,"""El Irresistible"" Vol 3",A,4,Vieja Recova,,,,,,,,,
El Irresistible Vol 3,LPVC -235,"""El Irresistible"" Vol 3",A,5,Milonga Que Peina Canas,,,,,,,,,
El Irresistible Vol 3,LPVC -235,"""El Irresistible"" Vol 3",A,6,El Nene Del Abasto,,,,,,,,,
El Irresistible Vol 3,LPVC -235,"""El Irresistible"" Vol 3",A,7,Rawson,,,,,,,,,
El Irresistible Vol 3,LPVC -235,"""El Irresistible"" Vol 3",B,1,No Nos Veremos Nunca,,,,,,,,,
El Irresistible Vol 3,LPVC -235,"""El Irresistible"" Vol 3",B,2,Aclaremos ,,,,,,,,,
El Irresistible Vol 3,LPVC -235,"""El Irresistible"" Vol 3",B,3,Canchero,,,,,,,,,
El Irresistible Vol 3,LPVC -235,"""El Irresistible"" Vol 3",B,4,Quisieran Verme Llorar,,,,,,,,,
El Irresistible Vol 3,LPVC -235,"""El Irresistible"" Vol 3",B,5,Chique ,,,,,,,,,
El Irresistible Vol 3,LPVC -235,"""El Irresistible"" Vol 3",B,6,Milonga Del Recuerdo,,,,,,,,,
El Irresistible Vol 3,LPVC -235,"""El Irresistible"" Vol 3",B,7,Hoy Me Vas A Escuchar,,,,,,,,,
Estrella,LPC 271,Estrella,A,1,Quedémonos Aquí,,,,,,,,,
Estrella,LPC 271,Estrella,A,2,Un Solo Minuto De Amor,,,,,,,,,
Estrella,LPC 271,Estrella,A,3,Se Que Te Voy A Llorar,,,,,,,,,
Estrella,LPC 271,Estrella,A,4,Nada Más,,,,,,,,,
Estrella,LPC 271,Estrella,A,5,No Me Extraña,,,,,,,,,
Estrella,LPC 271,Estrella,A,6,Baldosa Floja,,,,,,,,,
Estrella,LPC 271,Estrella,B,1,Estrella,,,,,,,,,
Estrella,LPC 271,Estrella,B,2,Tu Olvido Y Yo,,,,,,,,,
Estrella,LPC 271,Estrella,B,3,Pasajera,,,,,,,,,
Estrella,LPC 271,Estrella,B,4,Hasta Siempre Amor,,,,,,,,,
Estrella,LPC 271,Estrella,B,5,Que Dios Te Bendiga,,,,,,,,,
Estrella,LPC 271,Estrella,B,6,La Misma Canción,,,,,,,,,
Tangos De Todos Los Tiempos,AVL-7,Tangos De Todos Los Tiempos,A,1,Felicia,1955,,,,,,,,
Tangos De Todos Los Tiempos,AVL-7,Tangos De Todos Los Tiempos,A,2,El Entrerriano,1955,,,,,,,,
Tangos De Todos Los Tiempos,AVL-7,Tangos De Todos Los Tiempos,A,3,El Torito,1955,,,,,,,,
Tangos De Todos Los Tiempos,AVL-7,Tangos De Todos Los Tiempos,A,4,Yuyo Brujo,1955,,,,,,,,
Tangos De Todos Los Tiempos,AVL-7,Tangos De Todos Los Tiempos,B,1,Te Odio Y Te Quiero,1955,,,,,,,,
Tangos De Todos Los Tiempos,AVL-7,Tangos De Todos Los Tiempos,B,2,Le Cumparsita,1955,,,,,,,,
Tangos De Todos Los Tiempos,AVL-7,Tangos De Todos Los Tiempos,B,3,Toma Estas Monedas,1955,,,,,,,,
Tangos De Todos Los Tiempos,AVL-7,Tangos De Todos Los Tiempos,B,4,La Puñalada,1955,,,,,,,,
El Rey Del Compas - Vol. 2,AVL 20,El Rey Del Compas - Vol. 2,A,1,La Sonrisa De Mama,1955,,,,,,,,
El Rey Del Compas - Vol. 2,AVL 20,El Rey Del Compas - Vol. 2,A,2,Joaquina,1955,,,,,,,,
El Rey Del Compas - Vol. 2,AVL 20,El Rey Del Compas - Vol. 2,A,3,"Che, Existencialista",1955,,,,,,,,
El Rey Del Compas - Vol. 2,AVL 20,El Rey Del Compas - Vol. 2,A,4,Esta Noche Me Emborracho,1955,,,,,,,,
El Rey Del Compas - Vol. 2,AVL 20,El Rey Del Compas - Vol. 2,B,1,El Simpatico,1955,,,,,,,,
El Rey Del Compas - Vol. 2,AVL 20,El Rey Del Compas - Vol. 2,B,2,Independencia,1955,,,,,,,,
El Rey Del Compas - Vol. 2,AVL 20,El Rey Del Compas - Vol. 2,B,3,Muchachos Arranquemos Para El Centro,1955,,,,,,,,
El Rey Del Compas - Vol. 2,AVL 20,El Rey Del Compas - Vol. 2,B,4,El Irresistible,1955,,,,,,,,
Un Solo Minuto De Amor,AVL-3322,Un Solo Minuto De Amor,A,1,El Vino Triste,1961,,,,,,,,
Un Solo Minuto De Amor,AVL-3322,Un Solo Minuto De Amor,A,2,La Canción,1961,,,,,,,,
Un Solo Minuto De Amor,AVL-3322,Un Solo Minuto De Amor,A,3,Cuatro Pasos En Las Nubes,1961,,,,,,,,
Un Solo Minuto De Amor,AVL-3322,Un Solo Minuto De Amor,A,4,Rosita De Arrabal,1961,,,,,,,,
Un Solo Minuto De Amor,AVL-3322,Un Solo Minuto De Amor,A,5,Yo Soy Un Picaflor,1961,,,,,,,,
Un Solo Minuto De Amor,AVL-3322,Un Solo Minuto De Amor,A,6,Quemá Esas Cartas,1961,,,,,,,,
Un Solo Minuto De Amor,AVL-3322,Un Solo Minuto De Amor,B,1,Un Solo Minuto De Amor,1961,,,,,,,,
Un Solo Minuto De Amor,AVL-3322,Un Solo Minuto De Amor,B,2,La Manzanita,1961,,,,,,,,
Un Solo Minuto De Amor,AVL-3322,Un Solo Minuto De Amor,B,3,Tu Olvido Y Yo,1961,,,,,,,,
Un Solo Minuto De Amor,AVL-3322,Un Solo Minuto De Amor,B,4,Hablame De Frente,1961,,,,,,,,
Un Solo Minuto De Amor,AVL-3322,Un Solo Minuto De Amor,B,5,¿Por Qué Te Sigo Queriendo?,1961,,,,,,,,
Un Solo Minuto De Amor,AVL-3322,Un Solo Minuto De Amor,B,6,Una Carta,1961,,,,,,,,
Yo Te Canto Buenos Aires Y Otros Temas,AVL-3486,Yo Te Canto Buenos Aires Y Otros Temas,A,1,Yo Te Canto Buenos Aires - Tango,1963,,,,,,,,
Yo Te Canto Buenos Aires Y Otros Temas,AVL-3486,Yo Te Canto Buenos Aires Y Otros Temas,A,2,María - Tango,1963,,,,,,,,
Yo Te Canto Buenos Aires Y Otros Temas,AVL-3486,Yo Te Canto Buenos Aires Y Otros Temas,A,3,Entre Tango Y Zamba - Tango,1963,,,,,,,,
Yo Te Canto Buenos Aires Y Otros Temas,AVL-3486,Yo Te Canto Buenos Aires Y Otros Temas,A,4,Quiero Huir De Mí - Vals,1963,,,,,,,,
Yo Te Canto Buenos Aires Y Otros Temas,AVL-3486,Yo Te Canto Buenos Aires Y Otros Temas,A,5,Fangal De Dolor - Tango,1963,,,,,,,,
Yo Te Canto Buenos Aires Y Otros Temas,AVL-3486,Yo Te Canto Buenos Aires Y Otros Temas,A,6,Mi Viejo Reloj - Tango,1963,,,,,,,,
Yo Te Canto Buenos Aires Y Otros Temas,AVL-3486,Yo Te Canto Buenos Aires Y Otros Temas,B,1,Malevaje - Tango,1963,,,,,,,,
Yo Te Canto Buenos Aires Y Otros Temas,AVL-3486,Yo Te Canto Buenos Aires Y Otros Temas,B,2,Amores De Estudiante - Tango,1963,,,,,,,,
Yo Te Canto Buenos Aires Y Otros Temas,AVL-3486,Yo Te Canto Buenos Aires Y Otros Temas,B,3,Callejera - Tango,1963,,,,,,,,
Yo Te Canto Buenos Aires Y Otros Temas,AVL-3486,Yo Te Canto Buenos Aires Y Otros Temas,B,4,La Última Curda - Tango,1963,,,,,,,,
Yo Te Canto Buenos Aires Y Otros Temas,AVL-3486,Yo Te Canto Buenos Aires Y Otros Temas,B,5,Ave De Paso - Tango,1963,,,,,,,,
Yo Te Canto Buenos Aires Y Otros Temas,AVL-3486,Yo Te Canto Buenos Aires Y Otros Temas,B,6,Mi Chiquita - Tango,1963,,,,,,,,
Evocando El Ayer (1935 - 1939) - Volumen 6,CAS-3465,Evocando El Ayer (1935 - 1939) - Volumen 6,A,1,Sábado Inglés,1974,,,,,,,,
Evocando El Ayer (1935 - 1939) - Volumen 6,CAS-3465,Evocando El Ayer (1935 - 1939) - Volumen 6,A,2,Tu Olvido,1974,,,,,,,,
Evocando El Ayer (1935 - 1939) - Volumen 6,CAS-3465,Evocando El Ayer (1935 - 1939) - Volumen 6,A,3,El Caburé,1974,,,,,,,,
Evocando El Ayer (1935 - 1939) - Volumen 6,CAS-3465,Evocando El Ayer (1935 - 1939) - Volumen 6,A,4,"Milonga, Vieja Milonga",1974,,,,,,,,
Evocando El Ayer (1935 - 1939) - Volumen 6,CAS-3465,Evocando El Ayer (1935 - 1939) - Volumen 6,A,5,Jueves,1974,,,,,,,,
Evocando El Ayer (1935 - 1939) - Volumen 6,CAS-3465,Evocando El Ayer (1935 - 1939) - Volumen 6,A,6,Paciencia,1974,,,,,,,,
Evocando El Ayer (1935 - 1939) - Volumen 6,CAS-3465,Evocando El Ayer (1935 - 1939) - Volumen 6,B,1,Florida,1974,,,,,,,,
Evocando El Ayer (1935 - 1939) - Volumen 6,CAS-3465,Evocando El Ayer (1935 - 1939) - Volumen 6,B,2,El Pollito,1974,,,,,,,,
Evocando El Ayer (1935 - 1939) - Volumen 6,CAS-3465,Evocando El Ayer (1935 - 1939) - Volumen 6,B,3,Yunta Brava,1974,,,,,,,,
Evocando El Ayer (1935 - 1939) - Volumen 6,CAS-3465,Evocando El Ayer (1935 - 1939) - Volumen 6,B,4,Pico Blanco,1974,,,,,,,,
Evocando El Ayer (1935 - 1939) - Volumen 6,CAS-3465,Evocando El Ayer (1935 - 1939) - Volumen 6,B,5,Milonga Del Recuerdo,1974,,,,,,,,
Evocando El Ayer (1935 - 1939) - Volumen 6,CAS-3465,Evocando El Ayer (1935 - 1939) - Volumen 6,B,6,Derecho Viejo,1974,,,,,,,,
Tangos De Oro En Estereo,AVS-4312,Tangos De Oro En Estereo,A,1,La Cumparsita,1975,,,,,,,,
Tangos De Oro En Estereo,AVS-4312,Tangos De Oro En Estereo,A,2,Gran Hotel Victoria,1975,,,,,,,,
Tangos De Oro En Estereo,AVS-4312,Tangos De Oro En Estereo,A,3,Canaro En Paris,1975,,,,,,,,
Tangos De Oro En Estereo,AVS-4312,Tangos De Oro En Estereo,A,4,La Clavada,1975,,,,,,,,
Tangos De Oro En Estereo,AVS-4312,Tangos De Oro En Estereo,A,5,Inspiración,1975,,,,,,,,
Tangos De Oro En Estereo,AVS-4312,Tangos De Oro En Estereo,A,6,Taquito Militar,1975,,,,,,,,
Tangos De Oro En Estereo,AVS-4312,Tangos De Oro En Estereo,A,7,A Los Amigos,1975,,,,,,,,
Tangos De Oro En Estereo,AVS-4312,Tangos De Oro En Estereo,B,1,El Africano,1975,,,,,,,,
Tangos De Oro En Estereo,AVS-4312,Tangos De Oro En Estereo,B,2,De Puro Guapo,1975,,,,,,,,
Tangos De Oro En Estereo,AVS-4312,Tangos De Oro En Estereo,B,3,Entre Sueños,1975,,,,,,,,
Tangos De Oro En Estereo,AVS-4312,Tangos De Oro En Estereo,B,4,El Choclo,1975,,,,,,,,
Tangos De Oro En Estereo,AVS-4312,Tangos De Oro En Estereo,B,5,El Arranque,1975,,,,,,,,
Tangos De Oro En Estereo,AVS-4312,Tangos De Oro En Estereo,B,6,La Guiñada,1975,,,,,,,,
Tangos De Oro En Estereo,AVS-4312,Tangos De Oro En Estereo,B,7,Tierra Querida,1975,,,,,,,,
Viejo Smoking,CAS-3370,Viejo Smoking,A,1,Yuyo Brujo,,,,,,,,,
Viejo Smoking,CAS-3370,Viejo Smoking,A,2,El Purrete,,,,,,,,,
Viejo Smoking,CAS-3370,Viejo Smoking,A,3,Viejo Smoking,,,,,,,,,
Viejo Smoking,CAS-3370,Viejo Smoking,A,4,Lenguas De Fuego,,,,,,,,,
Viejo Smoking,CAS-3370,Viejo Smoking,A,5,"Dios Te Salve, M'Hijo",,,,,,,,,
Viejo Smoking,CAS-3370,Viejo Smoking,A,6,Desde Aquella Noche,,,,,,,,,
Viejo Smoking,CAS-3370,Viejo Smoking,B,1,Si Supiera Que La Extraño,,,,,,,,,
Viejo Smoking,CAS-3370,Viejo Smoking,B,2,Amarga Sospecha,,,,,,,,,
Viejo Smoking,CAS-3370,Viejo Smoking,B,3,Tu Boca Mintió,,,,,,,,,
Viejo Smoking,CAS-3370,Viejo Smoking,B,4,Milonga Que Peina Canas,,,,,,,,,
Viejo Smoking,CAS-3370,Viejo Smoking,B,5,Santa Madrecita,,,,,,,,,
Viejo Smoking,CAS-3370,Viejo Smoking,B,6,Canzoneta,,,,,,,,,
D'Arienzo 1928 Con Carlos Dante,SDS 22525,D'Arienzo 1928 Con Carlos Dante,A,1,La Cumparsita,,,,,,,,,
D'Arienzo 1928 Con Carlos Dante,SDS 22525,D'Arienzo 1928 Con Carlos Dante,A,2,No Te Engañes Corazón,,,,,,,,,
D'Arienzo 1928 Con Carlos Dante,SDS 22525,D'Arienzo 1928 Con Carlos Dante,A,3,Mascaras,,,,,,,,,
D'Arienzo 1928 Con Carlos Dante,SDS 22525,D'Arienzo 1928 Con Carlos Dante,A,4,Acordate Lo Que Fuiste,,,,,,,,,
D'Arienzo 1928 Con Carlos Dante,SDS 22525,D'Arienzo 1928 Con Carlos Dante,A,5,Pa' Que Pensas,,,,,,,,,
D'Arienzo 1928 Con Carlos Dante,SDS 22525,D'Arienzo 1928 Con Carlos Dante,A,6,Pálida Silueta,,,,,,,,,
D'Arienzo 1928 Con Carlos Dante,SDS 22525,D'Arienzo 1928 Con Carlos Dante,B,1,Medianoche,,,,,,,,,
D'Arienzo 1928 Con Carlos Dante,SDS 22525,D'Arienzo 1928 Con Carlos Dante,B,2,Volvé Al Cotorro,,,,,,,,,
D'Arienzo 1928 Con Carlos Dante,SDS 22525,D'Arienzo 1928 Con Carlos Dante,B,3,Quejas Del Suburbio,,,,,,,,,
D'Arienzo 1928 Con Carlos Dante,SDS 22525,D'Arienzo 1928 Con Carlos Dante,B,4,Puro Grupo,,,,,,,,,
D'Arienzo 1928 Con Carlos Dante,SDS 22525,D'Arienzo 1928 Con Carlos Dante,B,5,Reite Mujercita,,,,,,,,,
D'Arienzo 1928 Con Carlos Dante,SDS 22525,D'Arienzo 1928 Con Carlos Dante,B,6,Ilusiones,,,,,,,,,
El Choclo Y Otras Creaciones Inolvidables,TLP-40151,El Choclo Y Otras Creaciones Inolvidables,A,1,Joaquina,,,,,,,,,
El Choclo Y Otras Creaciones Inolvidables,TLP-40151,El Choclo Y Otras Creaciones Inolvidables,A,2,La Catrera,,,,,,,,,
El Choclo Y Otras Creaciones Inolvidables,TLP-40151,El Choclo Y Otras Creaciones Inolvidables,A,3,La Bicoca,,,,,,,,,
El Choclo Y Otras Creaciones Inolvidables,TLP-40151,El Choclo Y Otras Creaciones Inolvidables,A,4,El Porteñito,,,,,,,,,
El Choclo Y Otras Creaciones Inolvidables,TLP-40151,El Choclo Y Otras Creaciones Inolvidables,A,5,Una Lágrima,,,,,,,,,
El Choclo Y Otras Creaciones Inolvidables,TLP-40151,El Choclo Y Otras Creaciones Inolvidables,A,6,El Choclo,,,,,,,,,
El Choclo Y Otras Creaciones Inolvidables,TLP-40151,El Choclo Y Otras Creaciones Inolvidables,A,7,El Esquinazo,,,,,,,,,
El Choclo Y Otras Creaciones Inolvidables,TLP-40151,El Choclo Y Otras Creaciones Inolvidables,B,1,Felicia,,,,,,,,,
El Choclo Y Otras Creaciones Inolvidables,TLP-40151,El Choclo Y Otras Creaciones Inolvidables,B,2,La Puñalada,,,,,,,,,
El Choclo Y Otras Creaciones Inolvidables,TLP-40151,El Choclo Y Otras Creaciones Inolvidables,B,3,Pampa,,,,,,,,,
El Choclo Y Otras Creaciones Inolvidables,TLP-40151,El Choclo Y Otras Creaciones Inolvidables,B,4,Lágrimas Y Sonrisas,,,,,,,,,
El Choclo Y Otras Creaciones Inolvidables,TLP-40151,El Choclo Y Otras Creaciones Inolvidables,B,5,La Payanca,,,,,,,,,
El Choclo Y Otras Creaciones Inolvidables,TLP-40151,El Choclo Y Otras Creaciones Inolvidables,B,6,Don Pacífico,,,,,,,,,
El Choclo Y Otras Creaciones Inolvidables,TLP-40151,El Choclo Y Otras Creaciones Inolvidables,B,7,El Internado,,,,,,,,,
Juan D Arienzo En Estéreo,SHP 5615,Juan D Arienzo En Estéreo ,A,1,El Amanecer,1967,,,,,,,,
Juan D Arienzo En Estéreo,SHP 5615,Juan D Arienzo En Estéreo ,A,2,Rodríguez Peña,1967,,,,,,,,
Juan D Arienzo En Estéreo,SHP 5615,Juan D Arienzo En Estéreo ,A,3,La Viruta,1967,,,,,,,,
Juan D Arienzo En Estéreo,SHP 5615,Juan D Arienzo En Estéreo ,A,4,Benguria,1967,,,,,,,,
Juan D Arienzo En Estéreo,SHP 5615,Juan D Arienzo En Estéreo ,A,5,Vea Vea,1967,,,,,,,,
Juan D Arienzo En Estéreo,SHP 5615,Juan D Arienzo En Estéreo ,A,6,El Once,1967,,,,,,,,
Juan D Arienzo En Estéreo,SHP 5615,Juan D Arienzo En Estéreo ,B,1,9 De Julio,1967,,,,,,,,
Juan D Arienzo En Estéreo,SHP 5615,Juan D Arienzo En Estéreo ,B,2,Gran Hotel Victoria,1967,,,,,,,,
Juan D Arienzo En Estéreo,SHP 5615,Juan D Arienzo En Estéreo ,B,3,Pura Trampa,1967,,,,,,,,
Juan D Arienzo En Estéreo,SHP 5615,Juan D Arienzo En Estéreo ,B,4,De Mi Flor,1967,,,,,,,,
Juan D Arienzo En Estéreo,SHP 5615,Juan D Arienzo En Estéreo ,B,5,Entre Dos Fuegos,1967,,,,,,,,
Juan D Arienzo En Estéreo,SHP 5615,Juan D Arienzo En Estéreo ,B,6,La Payanca,1967,,,,,,,,
Festival De Tangos,CML-2841-X,Festival De Tangos,A,1,Mano A Mano,1970,,,,,,,,
Festival De Tangos,CML-2841-X,Festival De Tangos,A,2,Pregonera,1970,,,,,,,,
Festival De Tangos,CML-2841-X,Festival De Tangos,A,3,El Choclo,1970,,,,,,,,
Festival De Tangos,CML-2841-X,Festival De Tangos,A,4,La Cumparsita,1970,,,,,,,,
Festival De Tangos,CML-2841-X,Festival De Tangos,A,5,Uno,1970,,,,,,,,
Festival De Tangos,CML-2841-X,Festival De Tangos,A,6,Inspiración,1970,,,,,,,,
Festival De Tangos,CML-2841-X,Festival De Tangos,B,1,Tamar,1970,,,,,,,,
Festival De Tangos,CML-2841-X,Festival De Tangos,B,2,Quién Tiene Tu Amor,1970,,,,,,,,
Festival De Tangos,CML-2841-X,Festival De Tangos,B,3,Adiós Muchachos,1970,,,,,,,,
Festival De Tangos,CML-2841-X,Festival De Tangos,B,4,Espérame En El Cielo,1970,,,,,,,,
Festival De Tangos,CML-2841-X,Festival De Tangos,B,5,Balada Para Un Loco,1970,,,,,,,,
Festival De Tangos,CML-2841-X,Festival De Tangos,B,6,Muñeca Brava,1970,,,,,,,,
Best - 24,SRA-9354-55,Best - 24,A,1,La Cumparsita,1972,,,,,,,,
Best - 24,SRA-9354-55,Best - 24,A,2,Gran Hotel Victoria,1972,,,,,,,,
Best - 24,SRA-9354-55,Best - 24,A,3,La Viruta,1972,,,,,,,,
Best - 24,SRA-9354-55,Best - 24,A,4,La Payanca,1972,,,,,,,,
Best - 24,SRA-9354-55,Best - 24,A,5,Ojos Negros,1972,,,,,,,,
Best - 24,SRA-9354-55,Best - 24,A,6,Organito De La Tarde,1972,,,,,,,,
Best - 24,SRA-9354-55,Best - 24,B,1,El Choclo,1972,,,,,,,,
Best - 24,SRA-9354-55,Best - 24,B,2,Rodriguez Pena,1972,,,,,,,,
Best - 24,SRA-9354-55,Best - 24,B,3,La Guitarrita,1972,,,,,,,,
Best - 24,SRA-9354-55,Best - 24,B,4,Pimienta,1972,,,,,,,,
Best - 24,SRA-9354-55,Best - 24,B,5,Felicia,1972,,,,,,,,
Best - 24,SRA-9354-55,Best - 24,B,6,El Once,1972,,,,,,,,
Best - 24,SRA-9354-55,Best - 24,,1,A Media Luz,1972,,,,,,,,
Best - 24,SRA-9354-55,Best - 24,,2,La Morocha,1972,,,,,,,,
Best - 24,SRA-9354-55,Best - 24,,3,Canaro En Paris,1972,,,,,,,,
Best - 24,SRA-9354-55,Best - 24,,4,Derecho Viejo,1972,,,,,,,,
Best - 24,SRA-9354-55,Best - 24,,5,El Amanecer,1972,,,,,,,,
Best - 24,SRA-9354-55,Best - 24,,6,9 De Julio,1972,,,,,,,,
Best - 24,SRA-9354-55,Best - 24,,1,A La Gran Muneca,1972,,,,,,,,
Best - 24,SRA-9354-55,Best - 24,,2,Tigre Viejo,1972,,,,,,,,
Best - 24,SRA-9354-55,Best - 24,,3,El Entrerriano,1972,,,,,,,,
Best - 24,SRA-9354-55,Best - 24,,4,La Punalada,1972,,,,,,,,
Best - 24,SRA-9354-55,Best - 24,,5,Tinta Verde,1972,,,,,,,,
Best - 24,SRA-9354-55,Best - 24,,6,Inspiracion,1972,,,,,,,,
Recuerdame Amor Mío,05(0131)01189,Recuerdame Amor Mío ,A,1,Yo Se Que Te Adoro ,1973,,,,,,,,
Recuerdame Amor Mío,05(0131)01189,Recuerdame Amor Mío ,A,2,Llore Como Un Pibe ,1973,,,,,,,,
Recuerdame Amor Mío,05(0131)01189,Recuerdame Amor Mío ,A,3,Igual Que Judas,1973,,,,,,,,
Recuerdame Amor Mío,05(0131)01189,Recuerdame Amor Mío ,A,4,Necesito Amor ,1973,,,,,,,,
Recuerdame Amor Mío,05(0131)01189,Recuerdame Amor Mío ,A,5,Recuerdame Amor Mío ,1973,,,,,,,,
Recuerdame Amor Mío,05(0131)01189,Recuerdame Amor Mío ,A,6,En El Cielo ,1973,,,,,,,,
Recuerdame Amor Mío,05(0131)01189,Recuerdame Amor Mío ,B,1,Ya Te Arrepentirás,1973,,,,,,,,
Recuerdame Amor Mío,05(0131)01189,Recuerdame Amor Mío ,B,2,Muchachita De París ,1973,,,,,,,,
Recuerdame Amor Mío,05(0131)01189,Recuerdame Amor Mío ,B,3,Vos Y Corazón ,1973,,,,,,,,
Recuerdame Amor Mío,05(0131)01189,Recuerdame Amor Mío ,B,4,Lastima ,1973,,,,,,,,
Recuerdame Amor Mío,05(0131)01189,Recuerdame Amor Mío ,B,5,Yo Solo ,1973,,,,,,,,
Recuerdame Amor Mío,05(0131)01189,Recuerdame Amor Mío ,B,6,Por Favor No Vuelvas ,1973,,,,,,,,
El Rey Del Estereo,RCA-5151,El Rey Del Estereo,A,1,La Cumparsita,1974,,,,,,,,
El Rey Del Estereo,RCA-5151,El Rey Del Estereo,A,2,Felicia,1974,,,,,,,,
El Rey Del Estereo,RCA-5151,El Rey Del Estereo,A,3,El Choclo,1974,,,,,,,,
El Rey Del Estereo,RCA-5151,El Rey Del Estereo,A,4,Derecho Viejo,1974,,,,,,,,
El Rey Del Estereo,RCA-5151,El Rey Del Estereo,A,5,La Catrera,1974,,,,,,,,
El Rey Del Estereo,RCA-5151,El Rey Del Estereo,A,6,A Media Luz,1974,,,,,,,,
El Rey Del Estereo,RCA-5151,El Rey Del Estereo,B,1,La Punalada,1974,,,,,,,,
El Rey Del Estereo,RCA-5151,El Rey Del Estereo,B,2,El Irresistible,1974,,,,,,,,
El Rey Del Estereo,RCA-5151,El Rey Del Estereo,B,3,El Entrerriano,1974,,,,,,,,
El Rey Del Estereo,RCA-5151,El Rey Del Estereo,B,4,Pimienta,1974,,,,,,,,
El Rey Del Estereo,RCA-5151,El Rey Del Estereo,B,5,La Morocha,1974,,,,,,,,
El Rey Del Estereo,RCA-5151,El Rey Del Estereo,B,6,A La Gran Muneca,1974,,,,,,,,
El Tango Del Millón vol1,PRL-3042,El Tango Del Millón vol1,A,1,La Cumparsita,1974,,,,,,,,
El Tango Del Millón vol1,PRL-3042,El Tango Del Millón vol1,A,2,A Media Luz,1974,,,,,,,,
El Tango Del Millón vol1,PRL-3042,El Tango Del Millón vol1,A,3,Nunca Tuvo Novio,1974,,,,,,,,
El Tango Del Millón vol1,PRL-3042,El Tango Del Millón vol1,A,4,Alma De Bohemio,1974,,,,,,,,
El Tango Del Millón vol1,PRL-3042,El Tango Del Millón vol1,A,5,Tengo Mil Novias,1974,,,,,,,,
El Tango Del Millón vol1,PRL-3042,El Tango Del Millón vol1,A,6,"Y A Mi, Que..",1974,,,,,,,,
El Tango Del Millón vol1,PRL-3042,El Tango Del Millón vol1,B,1,Sur,1974,,,,,,,,
El Tango Del Millón vol1,PRL-3042,El Tango Del Millón vol1,B,2,Acquaforte,1974,,,,,,,,
El Tango Del Millón vol1,PRL-3042,El Tango Del Millón vol1,B,3,No Te Quiero Más,1974,,,,,,,,
El Tango Del Millón vol1,PRL-3042,El Tango Del Millón vol1,B,4,Cuando Entres A Fallar,1974,,,,,,,,
El Tango Del Millón vol1,PRL-3042,El Tango Del Millón vol1,B,5,El Abrojito,1974,,,,,,,,
El Tango Del Millón vol1,PRL-3042,El Tango Del Millón vol1,B,6,Soy Un Arlequin,1974,,,,,,,,
Original,RA 9021 - 22,Original,A,1,La Cumparsita ,1974,,,,,,,,
Original,RA 9021 - 22,Original,A,2,Contra Luz,1974,,,,,,,,
Original,RA 9021 - 22,Original,A,3,Pampeana,1974,,,,,,,,
Original,RA 9021 - 22,Original,A,4,Esta Noche Me Emborracho,1974,,,,,,,,
Original,RA 9021 - 22,Original,A,5,La Morocha,1974,,,,,,,,
Original,RA 9021 - 22,Original,A,6,Canaro En Paris,1974,,,,,,,,
Original,RA 9021 - 22,Original,B,1,Independencia,1974,,,,,,,,
Original,RA 9021 - 22,Original,B,2,Derecho Viejo,1974,,,,,,,,
Original,RA 9021 - 22,Original,B,3,La Espuela,1974,,,,,,,,
Original,RA 9021 - 22,Original,B,4,Don Goyo,1974,,,,,,,,
Original,RA 9021 - 22,Original,B,5,El Huracán ,1974,,,,,,,,
Original,RA 9021 - 22,Original,B,6,El Mame,1974,,,,,,,,
Original,RA 9021 - 22,Original,,1,El Choclo,1974,,,,,,,,
Original,RA 9021 - 22,Original,,2,Fuegos Artificiales ,1974,,,,,,,,
Original,RA 9021 - 22,Original,,3,El Simpático ,1974,,,,,,,,
Original,RA 9021 - 22,Original,,4,El Pitro,1974,,,,,,,,
Original,RA 9021 - 22,Original,,5,Don Orlando,1974,,,,,,,,
Original,RA 9021 - 22,Original,,6,Muchachos Arranquemos Para El Centro,1974,,,,,,,,
Original,RA 9021 - 22,Original,,1,El Irresistible ,1974,,,,,,,,
Original,RA 9021 - 22,Original,,2,Viento Sur,1974,,,,,,,,
Original,RA 9021 - 22,Original,,3,Homero,1974,,,,,,,,
Original,RA 9021 - 22,Original,,4,La Puñalada,1974,,,,,,,,
Original,RA 9021 - 22,Original,,5,Nací En Pompeya,1974,,,,,,,,
Original,RA 9021 - 22,Original,,6,El Pollo Ricardo,1974,,,,,,,,
Tango Mi Amor,RCA-5160,Tango Mi Amor,,1,Bar Exposicion,1975,,,,,,,,
Tango Mi Amor,RCA-5160,Tango Mi Amor,,2,Germaine,1975,,,,,,,,
Tango Mi Amor,RCA-5160,Tango Mi Amor,,3,Milonga de mis Amores,1975,,,,,,,,
Tango Mi Amor,RCA-5160,Tango Mi Amor,,4,Criollita Linda,1975,,,,,,,,
Tango Mi Amor,RCA-5160,Tango Mi Amor,,5,El Pillete,1975,,,,,,,,
Tango Mi Amor,RCA-5160,Tango Mi Amor,,6,Viernes 13,1975,,,,,,,,
Tango Mi Amor,RCA-5160,Tango Mi Amor,,1,La Guinada,1975,,,,,,,,
Tango Mi Amor,RCA-5160,Tango Mi Amor,,2,"Seleccion: Loca, Derecho Viejo, El Irresistible, El Rey del Compas, La Punalalda, Canaro en Paris, La Cumparsita",1975,,,,,,,,
Tango Mi Amor,RCA-5160,Tango Mi Amor,,3,Mi Dolor,1975,,,,,,,,
Tango Mi Amor,RCA-5160,Tango Mi Amor,,4,Re-Fa-Si,1975,,,,,,,,
Tango Mi Amor,RCA-5160,Tango Mi Amor,,5,Gallo Ciego,1975,,,,,,,,
Tango Mi Amor,RCA-5160,Tango Mi Amor,,6,Zorro Gris,1975,,,,,,,,
El Raje,05(0131)01569,El Raje,A,1,Cartón Junao,,,,,,,,,
El Raje,05(0131)01569,El Raje,A,2,Malas Mañas,,,,,,,,,
El Raje,05(0131)01569,El Raje,A,3,El Raje,,,,,,,,,
El Raje,05(0131)01569,El Raje,A,4,"Guissepe ""El Cruner""",,,,,,,,,
El Raje,05(0131)01569,El Raje,A,5,Barajando,,,,,,,,,
El Raje,05(0131)01569,El Raje,A,6,El tarta,,,,,,,,,
El Raje,05(0131)01569,El Raje,B,1,Y Siempre La Misma Historia,,,,,,,,,
El Raje,05(0131)01569,El Raje,B,2,No Va Más,,,,,,,,,
El Raje,05(0131)01569,El Raje,B,3,Yo Me Llamo Eloy Peralta,,,,,,,,,
El Raje,05(0131)01569,El Raje,B,4,Pero Pobres Ellos,,,,,,,,,
El Raje,05(0131)01569,El Raje,B,5,Este Carnaval,,,,,,,,,
El Raje,05(0131)01569,El Raje,B,6,Sepe Ñopo Ripi Tapa,,,,,,,,,
No Te Engañes Corazon,LL-11,No Te Engañes Corazon,A,1,"Dale, Dale, Caballito",,,,,,,,,
No Te Engañes Corazon,LL-11,No Te Engañes Corazon,A,2,Contra Luz,,,,,,,,,
No Te Engañes Corazon,LL-11,No Te Engañes Corazon,A,3,Derecha Viejo,,,,,,,,,
No Te Engañes Corazon,LL-11,No Te Engañes Corazon,A,4,El Esquinaze,,,,,,,,,
No Te Engañes Corazon,LL-11,No Te Engañes Corazon,A,5,Don Horacio,,,,,,,,,
No Te Engañes Corazon,LL-11,No Te Engañes Corazon,A,6,El Viento Me Cuenta Cosas,,,,,,,,,
No Te Engañes Corazon,LL-11,No Te Engañes Corazon,B,1,En Olivo,,,,,,,,,
No Te Engañes Corazon,LL-11,No Te Engañes Corazon,B,2,Humillacion,,,,,,,,,
No Te Engañes Corazon,LL-11,No Te Engañes Corazon,B,3,Esclavas Blancas,,,,,,,,,
No Te Engañes Corazon,LL-11,No Te Engañes Corazon,B,4,No Te Engañes Corazon,,,,,,,,,
No Te Engañes Corazon,LL-11,No Te Engañes Corazon,B,5,Fuegos Artificiales,,,,,,,,,
No Te Engañes Corazon,LL-11,No Te Engañes Corazon,B,6,Flor Del Mal,,,,,,,,,
The Wonderful Latin American Sound Of RCA Argentina,LSP 10 083,The Wonderful Latin American Sound Of RCA Argentina,A,1,La Cumparsita,,,,,,,,,
The Wonderful Latin American Sound Of RCA Argentina,LSP 10 083,The Wonderful Latin American Sound Of RCA Argentina,A,2,A Media Luz,,,,,,,,,
The Wonderful Latin American Sound Of RCA Argentina,LSP 10 083,The Wonderful Latin American Sound Of RCA Argentina,A,3,La Catrera,,,,,,,,,
The Wonderful Latin American Sound Of RCA Argentina,LSP 10 083,The Wonderful Latin American Sound Of RCA Argentina,A,4,Felicia,,,,,,,,,
The Wonderful Latin American Sound Of RCA Argentina,LSP 10 083,The Wonderful Latin American Sound Of RCA Argentina,A,5,El Choclo,,,,,,,,,
The Wonderful Latin American Sound Of RCA Argentina,LSP 10 083,The Wonderful Latin American Sound Of RCA Argentina,A,6,Derecho Viejo,,,,,,,,,
The Wonderful Latin American Sound Of RCA Argentina,LSP 10 083,The Wonderful Latin American Sound Of RCA Argentina,B,1,La Punalada,,,,,,,,,
The Wonderful Latin American Sound Of RCA Argentina,LSP 10 083,The Wonderful Latin American Sound Of RCA Argentina,B,2,El Irresistible,,,,,,,,,
The Wonderful Latin American Sound Of RCA Argentina,LSP 10 083,The Wonderful Latin American Sound Of RCA Argentina,B,3,El Entrerriano,,,,,,,,,
The Wonderful Latin American Sound Of RCA Argentina,LSP 10 083,The Wonderful Latin American Sound Of RCA Argentina,B,4,Rimienta,,,,,,,,,
The Wonderful Latin American Sound Of RCA Argentina,LSP 10 083,The Wonderful Latin American Sound Of RCA Argentina,B,5,La Morocha,,,,,,,,,
The Wonderful Latin American Sound Of RCA Argentina,LSP 10 083,The Wonderful Latin American Sound Of RCA Argentina,B,6,A La Gran Muñeca,,,,,,,,,
Juan D'Arienzo Y Sus Nuevos Exitos,LPS 53-1174,Juan D'Arienzo Y Sus Nuevos Exitos,A,1,Estoy Pagando La Culpa,,,,,,,,,
Juan D'Arienzo Y Sus Nuevos Exitos,LPS 53-1174,Juan D'Arienzo Y Sus Nuevos Exitos,A,2,Gotas De Veneno,,,,,,,,,
Juan D'Arienzo Y Sus Nuevos Exitos,LPS 53-1174,Juan D'Arienzo Y Sus Nuevos Exitos,A,3,El Aguacero,,,,,,,,,
Juan D'Arienzo Y Sus Nuevos Exitos,LPS 53-1174,Juan D'Arienzo Y Sus Nuevos Exitos,A,4,Senda Florida,,,,,,,,,
Juan D'Arienzo Y Sus Nuevos Exitos,LPS 53-1174,Juan D'Arienzo Y Sus Nuevos Exitos,A,5,Las Cuarenta,,,,,,,,,
Juan D'Arienzo Y Sus Nuevos Exitos,LPS 53-1174,Juan D'Arienzo Y Sus Nuevos Exitos,A,6,La Cumparsita,,,,,,,,,
Juan D'Arienzo Y Sus Nuevos Exitos,LPS 53-1174,Juan D'Arienzo Y Sus Nuevos Exitos,B,1,Dos Dedos,,,,,,,,,
Juan D'Arienzo Y Sus Nuevos Exitos,LPS 53-1174,Juan D'Arienzo Y Sus Nuevos Exitos,B,2,Cuentame Tu Pena,,,,,,,,,
Juan D'Arienzo Y Sus Nuevos Exitos,LPS 53-1174,Juan D'Arienzo Y Sus Nuevos Exitos,B,3,Habla Un Milonga,,,,,,,,,
Juan D'Arienzo Y Sus Nuevos Exitos,LPS 53-1174,Juan D'Arienzo Y Sus Nuevos Exitos,B,4,Suerte Loca,,,,,,,,,
Juan D'Arienzo Y Sus Nuevos Exitos,LPS 53-1174,Juan D'Arienzo Y Sus Nuevos Exitos,B,5,Desconocidos,,,,,,,,,
Juan D'Arienzo Y Sus Nuevos Exitos,LPS 53-1174,Juan D'Arienzo Y Sus Nuevos Exitos,B,6,Ya Lo Ves,,,,,,,,,
Tango Por Lo Alto Vol 2,05(0131)00075,Tango Por Lo Alto Vol 2,A,1,La Cumparsita,,,,,,,,,
Tango Por Lo Alto Vol 2,05(0131)00075,Tango Por Lo Alto Vol 2,A,2,A Media Luz,,,,,,,,,
Tango Por Lo Alto Vol 2,05(0131)00075,Tango Por Lo Alto Vol 2,A,3,La Cartera,,,,,,,,,
Tango Por Lo Alto Vol 2,05(0131)00075,Tango Por Lo Alto Vol 2,A,4,Felicia,,,,,,,,,
Tango Por Lo Alto Vol 2,05(0131)00075,Tango Por Lo Alto Vol 2,A,5,El Choclo,,,,,,,,,
Tango Por Lo Alto Vol 2,05(0131)00075,Tango Por Lo Alto Vol 2,A,6,Derecho Viejo,,,,,,,,,
Tango Por Lo Alto Vol 2,05(0131)00075,Tango Por Lo Alto Vol 2,B,1,La Puñalada,,,,,,,,,
Tango Por Lo Alto Vol 2,05(0131)00075,Tango Por Lo Alto Vol 2,B,2,El Irresistible,,,,,,,,,
Tango Por Lo Alto Vol 2,05(0131)00075,Tango Por Lo Alto Vol 2,B,3,El Entrerriano,,,,,,,,,
Tango Por Lo Alto Vol 2,05(0131)00075,Tango Por Lo Alto Vol 2,B,4,Pimienta,,,,,,,,,
Tango Por Lo Alto Vol 2,05(0131)00075,Tango Por Lo Alto Vol 2,B,5,La Morocha,,,,,,,,,
Tango Por Lo Alto Vol 2,05(0131)00075,Tango Por Lo Alto Vol 2,B,6,A La Gran Muñeca,,,,,,,,,
Argentin Tango De Luxe,UPS -36,Argentin Tango  De Luxe,,1,La Cumparsita,,,,,,,,,
Argentin Tango De Luxe,UPS -36,Argentin Tango  De Luxe,,2,Media Luz,,,,,,,,,
Argentin Tango De Luxe,UPS -36,Argentin Tango  De Luxe,,3,La Morocha,,,,,,,,,
Argentin Tango De Luxe,UPS -36,Argentin Tango  De Luxe,,4,Felicita,,,,,,,,,
Argentin Tango De Luxe,UPS -36,Argentin Tango  De Luxe,,5,Adios Mucachos,,,,,,,,,
Argentin Tango De Luxe,UPS -36,Argentin Tango  De Luxe,,1,El Choclo,,,,,,,,,
Argentin Tango De Luxe,UPS -36,Argentin Tango  De Luxe,,2,Yira Yira,,,,,,,,,
Argentin Tango De Luxe,UPS -36,Argentin Tango  De Luxe,,3,Canaro En Paris,,,,,,,,,
Argentin Tango De Luxe,UPS -36,Argentin Tango  De Luxe,,4,El Amanecer,,,,,,,,,
Argentin Tango De Luxe,UPS -36,Argentin Tango  De Luxe,,5,Adios  Pampa Mia,,,,,,,,,
Los 14 De D' Arienzo Y Su Orquesta Típica,LPC 52-967,Los 14 De D' Arienzo Y Su Orquesta Típica ,A,1,Calla Bandoneón,,,,,,,,,
Los 14 De D' Arienzo Y Su Orquesta Típica,LPC 52-967,Los 14 De D' Arienzo Y Su Orquesta Típica ,A,2,De Abolengo ,,,,,,,,,
Los 14 De D' Arienzo Y Su Orquesta Típica,LPC 52-967,Los 14 De D' Arienzo Y Su Orquesta Típica ,A,3,Prefiero Perderte ,,,,,,,,,
Los 14 De D' Arienzo Y Su Orquesta Típica,LPC 52-967,Los 14 De D' Arienzo Y Su Orquesta Típica ,A,4,Dicha Pasada,,,,,,,,,
Los 14 De D' Arienzo Y Su Orquesta Típica,LPC 52-967,Los 14 De D' Arienzo Y Su Orquesta Típica ,A,5,No Llores Madre,,,,,,,,,
Los 14 De D' Arienzo Y Su Orquesta Típica,LPC 52-967,Los 14 De D' Arienzo Y Su Orquesta Típica ,A,6,"Ríe, Payaso",,,,,,,,,
Los 14 De D' Arienzo Y Su Orquesta Típica,LPC 52-967,Los 14 De D' Arienzo Y Su Orquesta Típica ,A,7,Pompas De Jabón,,,,,,,,,
Los 14 De D' Arienzo Y Su Orquesta Típica,LPC 52-967,Los 14 De D' Arienzo Y Su Orquesta Típica ,B,1,Amarras,,,,,,,,,
Los 14 De D' Arienzo Y Su Orquesta Típica,LPC 52-967,Los 14 De D' Arienzo Y Su Orquesta Típica ,B,2,Vidas Marcadas,,,,,,,,,
Los 14 De D' Arienzo Y Su Orquesta Típica,LPC 52-967,Los 14 De D' Arienzo Y Su Orquesta Típica ,B,3,Solo Tu Voz,,,,,,,,,
Los 14 De D' Arienzo Y Su Orquesta Típica,LPC 52-967,Los 14 De D' Arienzo Y Su Orquesta Típica ,B,4,Silueta Porteña,,,,,,,,,
Los 14 De D' Arienzo Y Su Orquesta Típica,LPC 52-967,Los 14 De D' Arienzo Y Su Orquesta Típica ,B,5,Cuando Llora La Milonga,,,,,,,,,
Los 14 De D' Arienzo Y Su Orquesta Típica,LPC 52-967,Los 14 De D' Arienzo Y Su Orquesta Típica ,B,6,Paciencia,,,,,,,,,
Los 14 De D' Arienzo Y Su Orquesta Típica,LPC 52-967,Los 14 De D' Arienzo Y Su Orquesta Típica ,B,7,Muñeca Brava,,,,,,,,,
La Cumparsita,AVL-5002,La Cumparsita,A,1,南の風,,,,,,,,,
La Cumparsita,AVL-5002,La Cumparsita,A,2,チャムスキーナ,,,,,,,,,
La Cumparsita,AVL-5002,La Cumparsita,A,3,エル・トリート,,,,,,,,,
La Cumparsita,AVL-5002,La Cumparsita,A,4,チェ・エクジスタンシアリスタ,,,,,,,,,
La Cumparsita,AVL-5002,La Cumparsita,A,5,ホアキーナ,,,,,,,,,
La Cumparsita,AVL-5002,La Cumparsita,A,6,ラ・タンゴ,,,,,,,,,
La Cumparsita,AVL-5002,La Cumparsita,B,1,ラ・カトレーラ,,,,,,,,,
La Cumparsita,AVL-5002,La Cumparsita,B,2,インデペンシア,,,,,,,,,
La Cumparsita,AVL-5002,La Cumparsita,B,3,ジュジョ・ブルホ,,,,,,,,,
La Cumparsita,AVL-5002,La Cumparsita,B,4,子馬,,,,,,,,,
La Cumparsita,AVL-5002,La Cumparsita,B,5,ラ・クンパルシータ,,,,,,,,,
El Rey Y El Señor = リズムの王様とタンゴの紳士,AVL-5005,El Rey Y El Señor = リズムの王様とタンゴの紳士,A,1,Calla Bandoneón ,,,,,,,,,
El Rey Y El Señor = リズムの王様とタンゴの紳士,AVL-5005,El Rey Y El Señor = リズムの王様とタンゴの紳士,A,2,Petitero,,,,,,,,,
El Rey Y El Señor = リズムの王様とタンゴの紳士,AVL-5005,El Rey Y El Señor = リズムの王様とタンゴの紳士,A,3,Pampeana,,,,,,,,,
El Rey Y El Señor = リズムの王様とタンゴの紳士,AVL-5005,El Rey Y El Señor = リズムの王様とタンゴの紳士,A,4,Lloremos,,,,,,,,,
El Rey Y El Señor = リズムの王様とタンゴの紳士,AVL-5005,El Rey Y El Señor = リズムの王様とタンゴの紳士,A,5,Oiga,,,,,,,,,
El Rey Y El Señor = リズムの王様とタンゴの紳士,AVL-5005,El Rey Y El Señor = リズムの王様とタンゴの紳士,A,6,Te Odio Y Te Quiero,,,,,,,,,
El Rey Y El Señor = リズムの王様とタンゴの紳士,AVL-5005,El Rey Y El Señor = リズムの王様とタンゴの紳士,B,1,Germaine,,,,,,,,,
El Rey Y El Señor = リズムの王様とタンゴの紳士,AVL-5005,El Rey Y El Señor = リズムの王様とタンゴの紳士,B,2,Buenos Aires,,,,,,,,,
El Rey Y El Señor = リズムの王様とタンゴの紳士,AVL-5005,El Rey Y El Señor = リズムの王様とタンゴの紳士,B,3,Don Juan ,,,,,,,,,
El Rey Y El Señor = リズムの王様とタンゴの紳士,AVL-5005,El Rey Y El Señor = リズムの王様とタンゴの紳士,B,4,Sonatina,,,,,,,,,
El Rey Y El Señor = リズムの王様とタンゴの紳士,AVL-5005,El Rey Y El Señor = リズムの王様とタンゴの紳士,B,5,Cuidado Con Los 50,,,,,,,,,
El Rey Y El Señor = リズムの王様とタンゴの紳士,AVL-5005,El Rey Y El Señor = リズムの王様とタンゴの紳士,B,6,A La Luz Del Candil,,,,,,,,,
Juan D'Arienzo Y Su Orquesta,RPL 3521,Juan D'Arienzo Y Su Orquesta,A,1,La Cumparsita,,,,,,,,,
Juan D'Arienzo Y Su Orquesta,RPL 3521,Juan D'Arienzo Y Su Orquesta,A,2,Canaro En Paris,,,,,,,,,
Juan D'Arienzo Y Su Orquesta,RPL 3521,Juan D'Arienzo Y Su Orquesta,A,3,Inspiración ,,,,,,,,,
Juan D'Arienzo Y Su Orquesta,RPL 3521,Juan D'Arienzo Y Su Orquesta,A,4,Tinta Verde,,,,,,,,,
Juan D'Arienzo Y Su Orquesta,RPL 3521,Juan D'Arienzo Y Su Orquesta,A,5,La Morocha ,,,,,,,,,
Juan D'Arienzo Y Su Orquesta,RPL 3521,Juan D'Arienzo Y Su Orquesta,A,6,El Amanecer,,,,,,,,,
Juan D'Arienzo Y Su Orquesta,RPL 3521,Juan D'Arienzo Y Su Orquesta,A,7,A La Gran Muñeca,,,,,,,,,
Juan D'Arienzo Y Su Orquesta,RPL 3521,Juan D'Arienzo Y Su Orquesta,B,1,El Choclo,,,,,,,,,
Juan D'Arienzo Y Su Orquesta,RPL 3521,Juan D'Arienzo Y Su Orquesta,B,2,Felicia,,,,,,,,,
Juan D'Arienzo Y Su Orquesta,RPL 3521,Juan D'Arienzo Y Su Orquesta,B,3,A Media Luz,,,,,,,,,
Juan D'Arienzo Y Su Orquesta,RPL 3521,Juan D'Arienzo Y Su Orquesta,B,4,La Puñalada,,,,,,,,,
Juan D'Arienzo Y Su Orquesta,RPL 3521,Juan D'Arienzo Y Su Orquesta,B,5,Rodríguez Peña,,,,,,,,,
Juan D'Arienzo Y Su Orquesta,RPL 3521,Juan D'Arienzo Y Su Orquesta,B,6,9 De Julio ,,,,,,,,,
Juan D'Arienzo Y Su Orquesta,RPL 3521,Juan D'Arienzo Y Su Orquesta,B,7,Organito De La Tarde,,,,,,,,,
Vol.3 1940-1955,DL - 143,Vol.3 1940-1955,A,1,Entre Dos Fuegos,,,,,,,,,
Vol.3 1940-1955,DL - 143,Vol.3 1940-1955,A,2,Sali De Perpedor,,,,,,,,,
Vol.3 1940-1955,DL - 143,Vol.3 1940-1955,A,3,El Pillin,,,,,,,,,
Vol.3 1940-1955,DL - 143,Vol.3 1940-1955,A,4,Barracas Al Sud,,,,,,,,,
Vol.3 1940-1955,DL - 143,Vol.3 1940-1955,A,5,Esclavas Blancas,,,,,,,,,
Vol.3 1940-1955,DL - 143,Vol.3 1940-1955,A,6,Quasi Nada,,,,,,,,,
Vol.3 1940-1955,DL - 143,Vol.3 1940-1955,A,7,Quien Te Iguala,,,,,,,,,
Vol.3 1940-1955,DL - 143,Vol.3 1940-1955,B,1,Canaro,,,,,,,,,
Vol.3 1940-1955,DL - 143,Vol.3 1940-1955,B,2,El Amasijo,,,,,,,,,
Vol.3 1940-1955,DL - 143,Vol.3 1940-1955,B,3,El Retobao,,,,,,,,,
Vol.3 1940-1955,DL - 143,Vol.3 1940-1955,B,4,El Pensamiento,,,,,,,,,
Vol.3 1940-1955,DL - 143,Vol.3 1940-1955,B,5,Pregonera,,,,,,,,,
Vol.3 1940-1955,DL - 143,Vol.3 1940-1955,B,6,Trago Amargo,,,,,,,,,
Vol.3 1940-1955,DL - 143,Vol.3 1940-1955,B,7,El Chupete,,,,,,,,,
Los 14 De D´Arienzo Y Su Orquesta Típica,05(0131)00967,Los 14 De D´Arienzo Y Su Orquesta Típica,A,1,Calla Bandoneon,,,,,,,,,
Los 14 De D´Arienzo Y Su Orquesta Típica,05(0131)00967,Los 14 De D´Arienzo Y Su Orquesta Típica,A,2,De Abolengo,,,,,,,,,
Los 14 De D´Arienzo Y Su Orquesta Típica,05(0131)00967,Los 14 De D´Arienzo Y Su Orquesta Típica,A,3,Prefiero Perderte,,,,,,,,,
Los 14 De D´Arienzo Y Su Orquesta Típica,05(0131)00967,Los 14 De D´Arienzo Y Su Orquesta Típica,A,4,Dicha Pasada,,,,,,,,,
Los 14 De D´Arienzo Y Su Orquesta Típica,05(0131)00967,Los 14 De D´Arienzo Y Su Orquesta Típica,A,5,No Llores,,,,,,,,,
Los 14 De D´Arienzo Y Su Orquesta Típica,05(0131)00967,Los 14 De D´Arienzo Y Su Orquesta Típica,A,6,"Rie, Payaso",,,,,,,,,
Los 14 De D´Arienzo Y Su Orquesta Típica,05(0131)00967,Los 14 De D´Arienzo Y Su Orquesta Típica,A,7,Pompas De Jabón,,,,,,,,,
Los 14 De D´Arienzo Y Su Orquesta Típica,05(0131)00967,Los 14 De D´Arienzo Y Su Orquesta Típica,B,1,Amarras,,,,,,,,,
Los 14 De D´Arienzo Y Su Orquesta Típica,05(0131)00967,Los 14 De D´Arienzo Y Su Orquesta Típica,B,2,Vidas Marcadas,,,,,,,,,
Los 14 De D´Arienzo Y Su Orquesta Típica,05(0131)00967,Los 14 De D´Arienzo Y Su Orquesta Típica,B,3,Solo Tu Voz,,,,,,,,,
Los 14 De D´Arienzo Y Su Orquesta Típica,05(0131)00967,Los 14 De D´Arienzo Y Su Orquesta Típica,B,4,Silueta Porteña,,,,,,,,,
Los 14 De D´Arienzo Y Su Orquesta Típica,05(0131)00967,Los 14 De D´Arienzo Y Su Orquesta Típica,B,5,Cuando Llora La Milonga,,,,,,,,,
Los 14 De D´Arienzo Y Su Orquesta Típica,05(0131)00967,Los 14 De D´Arienzo Y Su Orquesta Típica,B,6,Paciencia ,,,,,,,,,
Los 14 De D´Arienzo Y Su Orquesta Típica,05(0131)00967,Los 14 De D´Arienzo Y Su Orquesta Típica,B,7,Muñeca Brava,,,,,,,,,
"Grandes Existos De Juan D'Arienzo, Angel Vargas, Carlos Di Sarli",AVL-5013,"Grandes Existos De Juan D'Arienzo, Angel Vargas, Carlos Di Sarli",A,1,Don Jose Maria,,,,,,,,,
"Grandes Existos De Juan D'Arienzo, Angel Vargas, Carlos Di Sarli",AVL-5013,"Grandes Existos De Juan D'Arienzo, Angel Vargas, Carlos Di Sarli",A,2,El Once,,,,,,,,,
"Grandes Existos De Juan D'Arienzo, Angel Vargas, Carlos Di Sarli",AVL-5013,"Grandes Existos De Juan D'Arienzo, Angel Vargas, Carlos Di Sarli",A,3,Castanuelas,,,,,,,,,
"Grandes Existos De Juan D'Arienzo, Angel Vargas, Carlos Di Sarli",AVL-5013,"Grandes Existos De Juan D'Arienzo, Angel Vargas, Carlos Di Sarli",A,4,El Jaguel,,,,,,,,,
"Grandes Existos De Juan D'Arienzo, Angel Vargas, Carlos Di Sarli",AVL-5013,"Grandes Existos De Juan D'Arienzo, Angel Vargas, Carlos Di Sarli",A,5,9 Puntos,,,,,,,,,
"Grandes Existos De Juan D'Arienzo, Angel Vargas, Carlos Di Sarli",AVL-5013,"Grandes Existos De Juan D'Arienzo, Angel Vargas, Carlos Di Sarli",A,6,Cuartito Azul,,,,,,,,,
"Grandes Existos De Juan D'Arienzo, Angel Vargas, Carlos Di Sarli",AVL-5013,"Grandes Existos De Juan D'Arienzo, Angel Vargas, Carlos Di Sarli",A,7,El Adios,,,,,,,,,
"Grandes Existos De Juan D'Arienzo, Angel Vargas, Carlos Di Sarli",AVL-5013,"Grandes Existos De Juan D'Arienzo, Angel Vargas, Carlos Di Sarli",B,1,Cascabelito,,,,,,,,,
"Grandes Existos De Juan D'Arienzo, Angel Vargas, Carlos Di Sarli",AVL-5013,"Grandes Existos De Juan D'Arienzo, Angel Vargas, Carlos Di Sarli",B,2,Shusheta,,,,,,,,,
"Grandes Existos De Juan D'Arienzo, Angel Vargas, Carlos Di Sarli",AVL-5013,"Grandes Existos De Juan D'Arienzo, Angel Vargas, Carlos Di Sarli",B,3,Don Goyo,,,,,,,,,
"Grandes Existos De Juan D'Arienzo, Angel Vargas, Carlos Di Sarli",AVL-5013,"Grandes Existos De Juan D'Arienzo, Angel Vargas, Carlos Di Sarli",B,4,El Pollo Ricardo,,,,,,,,,
"Grandes Existos De Juan D'Arienzo, Angel Vargas, Carlos Di Sarli",AVL-5013,"Grandes Existos De Juan D'Arienzo, Angel Vargas, Carlos Di Sarli",B,5,Loca,,,,,,,,,
"Grandes Existos De Juan D'Arienzo, Angel Vargas, Carlos Di Sarli",AVL-5013,"Grandes Existos De Juan D'Arienzo, Angel Vargas, Carlos Di Sarli",B,6,Muchachos Arranquemos Para El Centro,,,,,,,,,
"Grandes Existos De Juan D'Arienzo, Angel Vargas, Carlos Di Sarli",AVL-5013,"Grandes Existos De Juan D'Arienzo, Angel Vargas, Carlos Di Sarli",B,7,Bien Portena,,,,,,,,,
Homenaje A Juan D'Arienzo,L.P. 400234,Homenaje A Juan D'Arienzo  ,,1,Dos Lagrimas Tibias ,,,,,,,,,
Homenaje A Juan D'Arienzo,L.P. 400234,Homenaje A Juan D'Arienzo  ,,1,Una Eternidad ,,,,,,,,,
Homenaje A Juan D'Arienzo,L.P. 400234,Homenaje A Juan D'Arienzo  ,,1,Peliroja ,,,,,,,,,
Homenaje A Juan D'Arienzo,L.P. 400234,Homenaje A Juan D'Arienzo  ,,1,Mi Juramento ,,,,,,,,,
Homenaje A Juan D'Arienzo,L.P. 400234,Homenaje A Juan D'Arienzo  ,,1,Esta Locura de Amor ,,,,,,,,,
Homenaje A Juan D'Arienzo,L.P. 400234,Homenaje A Juan D'Arienzo  ,,1,El Satelite,,,,,,,,,
Homenaje A Juan D'Arienzo,L.P. 400234,Homenaje A Juan D'Arienzo  ,,2,A Los Tangueros ,,,,,,,,,
Homenaje A Juan D'Arienzo,L.P. 400234,Homenaje A Juan D'Arienzo  ,,2,Vals Del Soldado ,,,,,,,,,
Homenaje A Juan D'Arienzo,L.P. 400234,Homenaje A Juan D'Arienzo  ,,2,Tres Monedas,,,,,,,,,
Homenaje A Juan D'Arienzo,L.P. 400234,Homenaje A Juan D'Arienzo  ,,2,El Tobogán,,,,,,,,,
Homenaje A Juan D'Arienzo,L.P. 400234,Homenaje A Juan D'Arienzo  ,,2,Rica ,,,,,,,,,
Homenaje A Juan D'Arienzo,L.P. 400234,Homenaje A Juan D'Arienzo  ,,2,Gran Pique ,,,,,,,,,
Grandes Éxitos De El Rey Del Compás Vol. 1,05(0131)00162,"Grandes Éxitos De "" El Rey Del Compás "" Vol. 1",A,1,Ándate Por Dios,,,,,,,,,
Grandes Éxitos De El Rey Del Compás Vol. 1,05(0131)00162,"Grandes Éxitos De "" El Rey Del Compás "" Vol. 1",A,2,Nada Más,,,,,,,,,
Grandes Éxitos De El Rey Del Compás Vol. 1,05(0131)00162,"Grandes Éxitos De "" El Rey Del Compás "" Vol. 1",A,3,Casita De Nacar,,,,,,,,,
Grandes Éxitos De El Rey Del Compás Vol. 1,05(0131)00162,"Grandes Éxitos De "" El Rey Del Compás "" Vol. 1",A,4,No Te Quiero Más,,,,,,,,,
Grandes Éxitos De El Rey Del Compás Vol. 1,05(0131)00162,"Grandes Éxitos De "" El Rey Del Compás "" Vol. 1",A,5,Marinera,,,,,,,,,
Grandes Éxitos De El Rey Del Compás Vol. 1,05(0131)00162,"Grandes Éxitos De "" El Rey Del Compás "" Vol. 1",A,6,Adiós Corazón,,,,,,,,,
Grandes Éxitos De El Rey Del Compás Vol. 1,05(0131)00162,"Grandes Éxitos De "" El Rey Del Compás "" Vol. 1",B,1,Por La Vuelta,,,,,,,,,
Grandes Éxitos De El Rey Del Compás Vol. 1,05(0131)00162,"Grandes Éxitos De "" El Rey Del Compás "" Vol. 1",B,2,Hasta Siempre Amor,,,,,,,,,
Grandes Éxitos De El Rey Del Compás Vol. 1,05(0131)00162,"Grandes Éxitos De "" El Rey Del Compás "" Vol. 1",B,3,Que Me Importa Tu Pasado,,,,,,,,,
Grandes Éxitos De El Rey Del Compás Vol. 1,05(0131)00162,"Grandes Éxitos De "" El Rey Del Compás "" Vol. 1",B,4,Por Donde Andará,,,,,,,,,
Grandes Éxitos De El Rey Del Compás Vol. 1,05(0131)00162,"Grandes Éxitos De "" El Rey Del Compás "" Vol. 1",B,5,Tu Noche Es Mi Noche,,,,,,,,,
Grandes Éxitos De El Rey Del Compás Vol. 1,05(0131)00162,"Grandes Éxitos De "" El Rey Del Compás "" Vol. 1",B,6,Destino De Flor,,,,,,,,,
Puro Tango,LPC-433,Puro Tango,A,1,Puro Tango,,,,,,,,,
Puro Tango,LPC-433,Puro Tango,A,2,El Marne,,,,,,,,,
Puro Tango,LPC-433,Puro Tango,A,3,El Entrerriano,,,,,,,,,
Puro Tango,LPC-433,Puro Tango,A,4,La Maleva,,,,,,,,,
Puro Tango,LPC-433,Puro Tango,A,5,Independencia,,,,,,,,,
Puro Tango,LPC-433,Puro Tango,A,6,La Puñalada,,,,,,,,,
Puro Tango,LPC-433,Puro Tango,B,1,Jueves,,,,,,,,,
Puro Tango,LPC-433,Puro Tango,B,2,Rawson,,,,,,,,,
Puro Tango,LPC-433,Puro Tango,B,3,El Embrollo,,,,,,,,,
Puro Tango,LPC-433,Puro Tango,B,4,El Irresistible,,,,,,,,,
Puro Tango,LPC-433,Puro Tango,B,5,El Chapucero,,,,,,,,,
Puro Tango,LPC-433,Puro Tango,B,6,Poco Y Bueno,,,,,,,,,
Gran Obelisco Del Tango - Juan D'Arienzo,RA-5017,Gran Obelisco Del Tango - Juan D'Arienzo,A,1,La Cumparsita,,,,,,,,,
Gran Obelisco Del Tango - Juan D'Arienzo,RA-5017,Gran Obelisco Del Tango - Juan D'Arienzo,A,2,La Payanca,,,,,,,,,
Gran Obelisco Del Tango - Juan D'Arienzo,RA-5017,Gran Obelisco Del Tango - Juan D'Arienzo,A,3,Don Pacifico,,,,,,,,,
Gran Obelisco Del Tango - Juan D'Arienzo,RA-5017,Gran Obelisco Del Tango - Juan D'Arienzo,A,4,Nueve De Julio,,,,,,,,,
Gran Obelisco Del Tango - Juan D'Arienzo,RA-5017,Gran Obelisco Del Tango - Juan D'Arienzo,A,5,Jueves,,,,,,,,,
Gran Obelisco Del Tango - Juan D'Arienzo,RA-5017,Gran Obelisco Del Tango - Juan D'Arienzo,A,6,El Choclo,,,,,,,,,
Gran Obelisco Del Tango - Juan D'Arienzo,RA-5017,Gran Obelisco Del Tango - Juan D'Arienzo,A,7,Felicia,,,,,,,,,
Gran Obelisco Del Tango - Juan D'Arienzo,RA-5017,Gran Obelisco Del Tango - Juan D'Arienzo,B,1,Don Juan,,,,,,,,,
Gran Obelisco Del Tango - Juan D'Arienzo,RA-5017,Gran Obelisco Del Tango - Juan D'Arienzo,B,2,El Marine,,,,,,,,,
Gran Obelisco Del Tango - Juan D'Arienzo,RA-5017,Gran Obelisco Del Tango - Juan D'Arienzo,B,3,Pampa,,,,,,,,,
Gran Obelisco Del Tango - Juan D'Arienzo,RA-5017,Gran Obelisco Del Tango - Juan D'Arienzo,B,4,El Irristible,,,,,,,,,
Gran Obelisco Del Tango - Juan D'Arienzo,RA-5017,Gran Obelisco Del Tango - Juan D'Arienzo,B,5,Independencia,,,,,,,,,
Gran Obelisco Del Tango - Juan D'Arienzo,RA-5017,Gran Obelisco Del Tango - Juan D'Arienzo,B,6,El Entrerriano,,,,,,,,,
Gran Obelisco Del Tango - Juan D'Arienzo,RA-5017,Gran Obelisco Del Tango - Juan D'Arienzo,B,7,Rey De Triumfo,,,,,,,,,
