Bandleader,Orchestra,Date,Title,AltTitle,Genre,Singer,Label,Master,Matrix,Disk,Composer,Author,Arranger,Grouping,Pianist,Bassist,Bandoneons,Strings,Lineup
Alfredo De Angelis,Orquesta Alfredo De Angelis,7/23/1943,Marioneta,,Tango,Floreal Ruiz,Odeón,78rpm,12956,3770-A,Juan José Guichandut,Armando Tagini,,Before Dante (1943-44),Alfredo De Angelis,Hugo Besnatti,"Carlos Cubría, Eduardo Talián, Guillermo Vilar, Alfredo Dafuncio, Jorge Musante","Wenceslao Cinosi, Ángel Vilar, Hamlet Cicero, Hipólito Caron","Piano, Bass, 5 Bandoneons, 4 Violins"
Alfredo De Angelis,Orquesta Alfredo De Angelis,7/23/1943,Qué buena es,,Tango,Julio Martel Y Nestor Rodi,Odeón,78rpm,12955,3770-B,Armando Ferreiro,Hipólito Oneca,,Before Dante (1943-44),Alfredo De Angelis,Hugo Besnatti,"Carlos Cubría, Eduardo Talián, Guillermo Vilar, Alfredo Dafuncio, Jorge Musante","Wenceslao Cinosi, Ángel Vilar, Hamlet Cicero, Hipólito Caron","Piano, Bass, 5 Bandoneons, 4 Violins"
Alfredo De Angelis,Orquesta Alfredo De Angelis,8/10/1943,Buenos Aires de ayer,,Milonga,Julio Martel Y Nestor Rodi,Odeón,78rpm,13020,3171-B,Alfredo De Angelis,Ricardo Olcese,,Before Dante (1943-44),Alfredo De Angelis,Hugo Besnatti,"Carlos Cubría, Eduardo Talián, Guillermo Vilar, Alfredo Dafuncio, Jorge Musante","Wenceslao Cinosi, Ángel Vilar, Hamlet Cicero, Hipólito Caron","Piano, Bass, 5 Bandoneons, 4 Violins"
Alfredo De Angelis,Orquesta Alfredo De Angelis,8/10/1943,Dejame así,,Tango,Floreal Ruiz,Odeón,78rpm,13019,3771-A,Victor Braña,Oscar Rubens,,Before Dante (1943-44),Alfredo De Angelis,Hugo Besnatti,"Carlos Cubría, Eduardo Talián, Guillermo Vilar, Alfredo Dafuncio, Jorge Musante","Wenceslao Cinosi, Ángel Vilar, Hamlet Cicero, Hipólito Caron","Piano, Bass, 5 Bandoneons, 4 Violins"
Alfredo De Angelis,Orquesta Alfredo De Angelis,11/4/1943,Como se muere de amor,,Tango,Floreal Ruiz y Nestor Rodi,Odeón,78rpm,13340,3772-A,Daniel Alvarez,Daniel Alvarez,,Before Dante (1943-44),Alfredo De Angelis,Hugo Besnatti,"Carlos Cubría, Eduardo Talián, Guillermo Vilar, Alfredo Dafuncio, Jorge Musante","Wenceslao Cinosi, Ángel Vilar, Hamlet Cicero, Hipólito Caron","Piano, Bass, 5 Bandoneons, 4 Violins"
Alfredo De Angelis,Orquesta Alfredo De Angelis,11/4/1943,Pura maña,,Tango,Instrumental,Odeón,78rpm,13341,3772-B,Pedro Maffia,,,Before Dante (1943-44),Alfredo De Angelis,Hugo Besnatti,"Carlos Cubría, Eduardo Talián, Guillermo Vilar, Alfredo Dafuncio, Jorge Musante","Wenceslao Cinosi, Ángel Vilar, Hamlet Cicero, Hipólito Caron","Piano, Bass, 5 Bandoneons, 4 Violins"
Alfredo De Angelis,Orquesta Alfredo De Angelis,2/29/1944,Bajo el cono azul,,Tango,Floreal Ruiz y Nestor Rodi,Odeón,78rpm,13606,3773-A,Alfredo De Angelis,Carmelo Volpe,,Before Dante (1943-44),Alfredo De Angelis,Hugo Besnatti,"Carlos Cubría, Eduardo Talián, Guillermo Vilar, Alfredo Dafuncio, Jorge Musante","Wenceslao Cinosi, Ángel Vilar, Hamlet Cicero, Hipólito Caron","Piano, Bass, 5 Bandoneons, 4 Violins"
Alfredo De Angelis,Orquesta Alfredo De Angelis,2/29/1944,Ya sé que siguen hablando,,Tango,Julio Martel,Odeón,78rpm,13607,3773-B,Héctor Palacios,Iván Diez,,Before Dante (1943-44),Alfredo De Angelis,Hugo Besnatti,"Carlos Cubría, Eduardo Talián, Guillermo Vilar, Alfredo Dafuncio, Jorge Musante","Wenceslao Cinosi, Ángel Vilar, Hamlet Cicero, Hipólito Caron","Piano, Bass, 5 Bandoneons, 4 Violins"
Alfredo De Angelis,Orquesta Alfredo De Angelis,4/28/1944,Cero al as,,Tango,Floreal Ruiz,Odeón,78rpm,13731,3774-A,Arturo Gallucci,Francisco Bohigas,,Before Dante (1943-44),Alfredo De Angelis,Hugo Besnatti,"Carlos Cubría, Eduardo Talián, Guillermo Vilar, Alfredo Dafuncio, Jorge Musante","Wenceslao Cinosi, Ángel Vilar, Hamlet Cicero, Hipólito Caron","Piano, Bass, 5 Bandoneons, 4 Violins"
Alfredo De Angelis,Orquesta Alfredo De Angelis,4/28/1944,Mi novia de ayer,,Vals,Floreal Ruiz,Odeón,78rpm,13730,3774-B,Arturo Gallucci,José Barreiros Bazán,,Before Dante (1943-44),Alfredo De Angelis,Hugo Besnatti,"Carlos Cubría, Eduardo Talián, Guillermo Vilar, Alfredo Dafuncio, Jorge Musante","Wenceslao Cinosi, Ángel Vilar, Hamlet Cicero, Hipólito Caron","Piano, Bass, 5 Bandoneons, 4 Violins"
Alfredo De Angelis,Orquesta Alfredo De Angelis,6/3/1944,La cumparsita (Si supieras),Si Supieras,Tango,Nestor Rodi,Odeón,78rpm,13831,3775-A,Gerardo Matos Rodríguez,Pascual Contursi,,Before Dante (1943-44),Alfredo De Angelis,Hugo Besnatti,"Carlos Cubría, Eduardo Talián, Guillermo Vilar, Alfredo Dafuncio, Jorge Musante","Wenceslao Cinosi, Ángel Vilar, Hamlet Cicero, Hipólito Caron","Piano, Bass, 5 Bandoneons, 4 Violins"
Alfredo De Angelis,Orquesta Alfredo De Angelis,6/3/1944,Madre,,Tango,Floreal Ruiz,Odeón,78rpm,13832,3775-B,Francisco Pracánico,Verminio Servetto,,Before Dante (1943-44),Alfredo De Angelis,Hugo Besnatti,"Carlos Cubría, Eduardo Talián, Guillermo Vilar, Alfredo Dafuncio, Jorge Musante","Wenceslao Cinosi, Ángel Vilar, Hamlet Cicero, Hipólito Caron","Piano, Bass, 5 Bandoneons, 4 Violins"
Alfredo De Angelis,Orquesta Alfredo De Angelis,7/31/1944,De igual a igual,,Tango,Julio Martel Y Nestor Rodi,Odeón,78rpm,13990,3776-B,Rodolfo Schiammarella,Rodolfo Schiammarella,,Before Dante (1943-44),Alfredo De Angelis,Hugo Besnatti,"Carlos Cubría, Eduardo Talián, Guillermo Vilar, Alfredo Dafuncio, Jorge Musante","Wenceslao Cinosi, Ángel Vilar, Hamlet Cicero, Hipólito Caron","Piano, Bass, 5 Bandoneons, 4 Violins"
Alfredo De Angelis,Orquesta Alfredo De Angelis,7/31/1944,La guitarrera,,Milonga,Floreal Ruiz,Odeón,78rpm,13989,3776-A,Rafael Dadino,Rafael Dadino,,Before Dante (1943-44),Alfredo De Angelis,Hugo Besnatti,"Carlos Cubría, Eduardo Talián, Guillermo Vilar, Alfredo Dafuncio, Jorge Musante","Wenceslao Cinosi, Ángel Vilar, Hamlet Cicero, Hipólito Caron","Piano, Bass, 5 Bandoneons, 4 Violins"
Alfredo De Angelis,Orquesta Alfredo De Angelis,8/29/1944,El tropero del amor,,Tango,Carlos Dante,Odeón,78rpm,14062,3777-B,Teófilo Yespés,Yaraví,,Dante + Martel Duo (1944-50),Alfredo De Angelis,Hugo Besnatti,"Carlos Cubría, Eduardo Talián, Guillermo Vilar, Alfredo Dafuncio, Jorge Musante","Wenceslao Cinosi, Ángel Vilar, Hamlet Cicero, Hipólito Caron","Piano, Bass, 5 Bandoneons, 4 Violins"
Alfredo De Angelis,Orquesta Alfredo De Angelis,8/29/1944,Soñar y nada más,,Vals,Carlos Dante y Julio Martel,Odeón,78rpm,14061,3777-A,Francisco Canaro,Ivo Pelay,,Dante + Martel Duo (1944-50),Alfredo De Angelis,Hugo Besnatti,"Carlos Cubría, Eduardo Talián, Guillermo Vilar, Alfredo Dafuncio, Jorge Musante","Wenceslao Cinosi, Ángel Vilar, Hamlet Cicero, Hipólito Caron","Piano, Bass, 5 Bandoneons, 4 Violins"
Alfredo De Angelis,Orquesta Alfredo De Angelis,10/10/1944,Campanita,,Tango,Julio Martel,Odeón,78rpm,14147,3778-A,Juan Polito,Salvador Polito,,Dante + Martel Duo (1944-50),Alfredo De Angelis,Hugo Besnatti,"Carlos Cubría, Eduardo Talián, Guillermo Vilar, Alfredo Dafuncio, Jorge Musante","Wenceslao Cinosi, Ángel Vilar, Hamlet Cicero, Hipólito Caron","Piano, Bass, 5 Bandoneons, 4 Violins"
Alfredo De Angelis,Orquesta Alfredo De Angelis,10/10/1944,Melenita de oro,,Tango,Carlos Dante,Odeón,78rpm,14148,3778-B,Carlos Vicente Geroni Flores,Eduardo Linnig,,Dante + Martel Duo (1944-50),Alfredo De Angelis,Hugo Besnatti,"Carlos Cubría, Eduardo Talián, Guillermo Vilar, Alfredo Dafuncio, Jorge Musante","Wenceslao Cinosi, Ángel Vilar, Hamlet Cicero, Hipólito Caron","Piano, Bass, 5 Bandoneons, 4 Violins"
Alfredo De Angelis,Orquesta Alfredo De Angelis,11/23/1944,Cruz de palo,,Tango,Carlos Dante,Odeón,78rpm,14236,3780-A,Guillermo Barbieri,Enrique Cadícamo,,Dante + Martel Duo (1944-50),Alfredo De Angelis,Hugo Besnatti,"Carlos Cubría, Eduardo Talián, Guillermo Vilar, Alfredo Dafuncio, Jorge Musante","Wenceslao Cinosi, Ángel Vilar, Hamlet Cicero, Hipólito Caron","Piano, Bass, 5 Bandoneons, 4 Violins"
Alfredo De Angelis,Orquesta Alfredo De Angelis,11/23/1944,Parece un cuento,,Tango,Julio Martel,Odeón,78rpm,14235,3779-A,Lalo Etchegoncelay,José Rótulo,,Dante + Martel Duo (1944-50),Alfredo De Angelis,Hugo Besnatti,"Carlos Cubría, Eduardo Talián, Guillermo Vilar, Alfredo Dafuncio, Jorge Musante","Wenceslao Cinosi, Ángel Vilar, Hamlet Cicero, Hipólito Caron","Piano, Bass, 5 Bandoneons, 4 Violins"
Alfredo De Angelis,Orquesta Alfredo De Angelis,11/27/1944,El vals de nochebuena,Para que Tú Lo Bailes,Vals,Carlos Dante,Odeón,78rpm,14254,3779-B,Domingo Losso,Néstor Rodi,,Dante + Martel Duo (1944-50),Alfredo De Angelis,Hugo Besnatti,"Carlos Cubría, Eduardo Talián, Guillermo Vilar, Alfredo Dafuncio, Jorge Musante","Wenceslao Cinosi, Ángel Vilar, Hamlet Cicero, Hipólito Caron","Piano, Bass, 5 Bandoneons, 4 Violins"
Alfredo De Angelis,Orquesta Alfredo De Angelis,12/18/1944,Va llegando gente al baile,,Tango,Julio Martel,Odeón,78rpm,14322,3780-B,Félix Lipesker,Lito Bayardo,,Dante + Martel Duo (1944-50),Alfredo De Angelis,Hugo Besnatti,"Carlos Cubría, Eduardo Talián, Guillermo Vilar, Alfredo Dafuncio, Jorge Musante","Wenceslao Cinosi, Ángel Vilar, Hamlet Cicero, Hipólito Caron","Piano, Bass, 5 Bandoneons, 4 Violins"
Alfredo De Angelis,Orquesta Alfredo De Angelis,1/9/1945,El pial,,Tango,Instrumental,Odeón,78rpm,14378,3782-A,Agustín Bardi,,,Dante + Martel Duo (1944-50),Alfredo De Angelis,Hugo Besnatti,"Carlos Cubría, Eduardo Talián, Guillermo Vilar, Alfredo Dafuncio, Jorge Musante","Wenceslao Cinosi, Ángel Vilar, Hamlet Cicero, Hipólito Caron","Piano, Bass, 5 Bandoneons, 4 Violins"
Alfredo De Angelis,Orquesta Alfredo De Angelis,1/9/1945,La mañana,,Milonga,Julio Martel,Odeón,78rpm,14377,3781-A,Miguel Bucino,Miguel Bucino,,Dante + Martel Duo (1944-50),Alfredo De Angelis,Hugo Besnatti,"Carlos Cubría, Eduardo Talián, Guillermo Vilar, Alfredo Dafuncio, Jorge Musante","Wenceslao Cinosi, Ángel Vilar, Hamlet Cicero, Hipólito Caron","Piano, Bass, 5 Bandoneons, 4 Violins"
Alfredo De Angelis,Orquesta Alfredo De Angelis,1/9/1945,Nieve de amor,,Tango,Carlos Dante,Odeón,78rpm,14384,3782-B,Alberto Talián,Horacio Sanguinetti,,Dante + Martel Duo (1944-50),Alfredo De Angelis,Hugo Besnatti,"Carlos Cubría, Eduardo Talián, Guillermo Vilar, Alfredo Dafuncio, Jorge Musante","Wenceslao Cinosi, Ángel Vilar, Hamlet Cicero, Hipólito Caron","Piano, Bass, 5 Bandoneons, 4 Violins"
Alfredo De Angelis,Orquesta Alfredo De Angelis,1/9/1945,No me importa su amor,,Tango,Carlos Dante,Odeón,78rpm,14383,3781-B,José Dames,Enrique Cadícamo,,Dante + Martel Duo (1944-50),Alfredo De Angelis,Hugo Besnatti,"Carlos Cubría, Eduardo Talián, Guillermo Vilar, Alfredo Dafuncio, Jorge Musante","Wenceslao Cinosi, Ángel Vilar, Hamlet Cicero, Hipólito Caron","Piano, Bass, 5 Bandoneons, 4 Violins"
Alfredo De Angelis,Orquesta Alfredo De Angelis,3/26/1945,Cuando tú me quieras,,Tango,Carlos Dante,Odeón,78rpm,14508,3783-B,Julio Pollero,Francisco Bohigas,,Dante + Martel Duo (1944-50),Alfredo De Angelis,Hugo Besnatti,"Carlos Cubría, Eduardo Talián, Guillermo Vilar, Alfredo Dafuncio, Jorge Musante","Wenceslao Cinosi, Ángel Vilar, Hamlet Cicero, Hipólito Caron","Piano, Bass, 5 Bandoneons, 4 Violins"
Alfredo De Angelis,Orquesta Alfredo De Angelis,3/26/1945,Pregonera,,Tango,Carlos Dante y Julio Martel,Odeón,78rpm,14507,3783-A,Alfredo De Angelis,José Rótulo,,Dante + Martel Duo (1944-50),Alfredo De Angelis,Hugo Besnatti,"Carlos Cubría, Eduardo Talián, Guillermo Vilar, Alfredo Dafuncio, Jorge Musante","Wenceslao Cinosi, Ángel Vilar, Hamlet Cicero, Hipólito Caron","Piano, Bass, 5 Bandoneons, 4 Violins"
Alfredo De Angelis,Orquesta Alfredo De Angelis,5/4/1945,Acordes porteños,,Tango,Julio Martel,Odeón,78rpm,14607,3784-A,Francisco Laino,Francisco Laino,,Dante + Martel Duo (1944-50),Alfredo De Angelis,Hugo Besnatti,"Carlos Cubría, Eduardo Talián, Guillermo Vilar, Alfredo Dafuncio, Jorge Musante","Wenceslao Cinosi, Ángel Vilar, Hamlet Cicero, Hipólito Caron","Piano, Bass, 5 Bandoneons, 4 Violins"
Alfredo De Angelis,Orquesta Alfredo De Angelis,5/4/1945,Ya estamos iguales,,Tango,Carlos Dante,Odeón,78rpm,14608,3784-B,Anselmo Aieta,Francisco García Jiménez,,Dante + Martel Duo (1944-50),Alfredo De Angelis,Hugo Besnatti,"Carlos Cubría, Eduardo Talián, Guillermo Vilar, Alfredo Dafuncio, Jorge Musante","Wenceslao Cinosi, Ángel Vilar, Hamlet Cicero, Hipólito Caron","Piano, Bass, 5 Bandoneons, 4 Violins"
Alfredo De Angelis,Orquesta Alfredo De Angelis,6/8/1945,Altar sin luz,,Tango,Julio Martel,Odeón,78rpm,14668,3785-B,Guillermo Vilar,Iván Diez,,Dante + Martel Duo (1944-50),Alfredo De Angelis,Hugo Besnatti,"Carlos Cubría, Eduardo Talián, Guillermo Vilar, Alfredo Dafuncio, Jorge Musante","Wenceslao Cinosi, Ángel Vilar, Hamlet Cicero, Hipólito Caron","Piano, Bass, 5 Bandoneons, 4 Violins"
Alfredo De Angelis,Orquesta Alfredo De Angelis,6/8/1945,Ilusión azul,,Vals,Carlos Dante,Odeón,78rpm,14667,3785-A,Arquimedes Arci,Arquimedes Arci,,Dante + Martel Duo (1944-50),Alfredo De Angelis,Hugo Besnatti,"Carlos Cubría, Eduardo Talián, Guillermo Vilar, Alfredo Dafuncio, Jorge Musante","Wenceslao Cinosi, Ángel Vilar, Hamlet Cicero, Hipólito Caron","Piano, Bass, 5 Bandoneons, 4 Violins"
Alfredo De Angelis,Orquesta Alfredo De Angelis,7/17/1945,No me abandones,,Tango,Julio Martel,Odeón,78rpm,14779,3786-B,Héctor Grane,Justo Ricardo Thompson,,Dante + Martel Duo (1944-50),Alfredo De Angelis,Hugo Besnatti,"Carlos Cubría, Eduardo Talián, Guillermo Vilar, Alfredo Dafuncio, Jorge Musante","Wenceslao Cinosi, Ángel Vilar, Hamlet Cicero, Hipólito Caron","Piano, Bass, 5 Bandoneons, 4 Violins"
Alfredo De Angelis,Orquesta Alfredo De Angelis,7/17/1945,Un tango y nada más,,Tango,Julio Martel,Odeón,78rpm,14778,3786-A,Armando Lacava,Carlos Waiss,,Dante + Martel Duo (1944-50),Alfredo De Angelis,Hugo Besnatti,"Carlos Cubría, Eduardo Talián, Guillermo Vilar, Alfredo Dafuncio, Jorge Musante","Wenceslao Cinosi, Ángel Vilar, Hamlet Cicero, Hipólito Caron","Piano, Bass, 5 Bandoneons, 4 Violins"
Alfredo De Angelis,Orquesta Alfredo De Angelis,8/10/1945,Por eso grito,,Tango,Julio Martel,Odeón,78rpm,14848,3787-A,Edgardo Donato,César Córdoba,,Dante + Martel Duo (1944-50),Alfredo De Angelis,Hugo Besnatti,"Carlos Cubría, Eduardo Talián, Guillermo Vilar, Alfredo Dafuncio, Jorge Musante","Wenceslao Cinosi, Ángel Vilar, Hamlet Cicero, Hipólito Caron","Piano, Bass, 5 Bandoneons, 4 Violins"
Alfredo De Angelis,Orquesta Alfredo De Angelis,8/31/1945,Vieja luna,,Tango,Carlos Dante,Odeón,78rpm,14885,3787-B,Arturo Gallucci,Celedonio Flores,,Dante + Martel Duo (1944-50),Alfredo De Angelis,Hugo Besnatti,"Carlos Cubría, Eduardo Talián, Guillermo Vilar, Alfredo Dafuncio, Jorge Musante","Wenceslao Cinosi, Ángel Vilar, Hamlet Cicero, Hipólito Caron","Piano, Bass, 5 Bandoneons, 4 Violins"
Alfredo De Angelis,Orquesta Alfredo De Angelis,9/11/1945,Rendido,,Tango,Julio Martel,Odeón,78rpm,14905,3788-A,Alfredo Cordisco,Alberto Leiva,,Dante + Martel Duo (1944-50),Alfredo De Angelis,Hugo Besnatti,"Carlos Cubría, Eduardo Talián, Guillermo Vilar, Alfredo Dafuncio, Jorge Musante","Wenceslao Cinosi, Ángel Vilar, Hamlet Cicero, Hipólito Caron","Piano, Bass, 5 Bandoneons, 4 Violins"
Alfredo De Angelis,Orquesta Alfredo De Angelis,9/11/1945,Soy un arlequín,,Tango,Carlos Dante,Odeón,78rpm,14906,3788-B,Enrique Santos Discépolo,Enrique Santos Discépolo,,Dante + Martel Duo (1944-50),Alfredo De Angelis,Hugo Besnatti,"Carlos Cubría, Eduardo Talián, Guillermo Vilar, Alfredo Dafuncio, Jorge Musante","Wenceslao Cinosi, Ángel Vilar, Hamlet Cicero, Hipólito Caron","Piano, Bass, 5 Bandoneons, 4 Violins"
Alfredo De Angelis,Orquesta Alfredo De Angelis,10/29/1945,Mentiras piadosas,,Tango,Carlos Dante,Odeón,78rpm,15042,3789-B,Miguel Nijensohn,Carlos Marín,,Dante + Martel Duo (1944-50),Alfredo De Angelis,Hugo Besnatti,"Carlos Cubría, Eduardo Talián, Guillermo Vilar, Alfredo Dafuncio, Jorge Musante","Wenceslao Cinosi, Ángel Vilar, Hamlet Cicero, Hipólito Caron","Piano, Bass, 5 Bandoneons, 4 Violins"
Alfredo De Angelis,Orquesta Alfredo De Angelis,10/30/1945,Ivón,,Tango,Julio Martel,Odeón,78rpm,15051,3789-A,Luis Visca,Horacio Sanguinetti,,Dante + Martel Duo (1944-50),Alfredo De Angelis,Hugo Besnatti,"Carlos Cubría, Eduardo Talián, Guillermo Vilar, Alfredo Dafuncio, Jorge Musante","Wenceslao Cinosi, Ángel Vilar, Hamlet Cicero, Hipólito Caron","Piano, Bass, 5 Bandoneons, 4 Violins"
Alfredo De Angelis,Orquesta Alfredo De Angelis,11/13/1945,Del pasado [b],,Milonga,Carlos Dante y Julio Martel,Odeón,78rpm,15097,3790-B,Alfredo Marino,Alfredo Marino,,Dante + Martel Duo (1944-50),Alfredo De Angelis,Hugo Besnatti,"Carlos Cubría, Eduardo Talián, Guillermo Vilar, Alfredo Dafuncio, Jorge Musante","Wenceslao Cinosi, Ángel Vilar, Hamlet Cicero, Hipólito Caron","Piano, Bass, 5 Bandoneons, 4 Violins"
Alfredo De Angelis,Orquesta Alfredo De Angelis,11/13/1945,Para qué te quiero tanto,,Tango,Carlos Dante,Odeón,78rpm,15096,3790-A,Juan Larenza,Cátulo Castillo,,Dante + Martel Duo (1944-50),Alfredo De Angelis,Hugo Besnatti,"Carlos Cubría, Eduardo Talián, Guillermo Vilar, Alfredo Dafuncio, Jorge Musante","Wenceslao Cinosi, Ángel Vilar, Hamlet Cicero, Hipólito Caron","Piano, Bass, 5 Bandoneons, 4 Violins"
Alfredo De Angelis,Orquesta Alfredo De Angelis,12/13/1945,Aquí he venido a cantar,,Tango,Julio Martel,Odeón,78rpm,15183,3791-B,Fulvio Salamanca,Carlos Bahr,,Dante + Martel Duo (1944-50),Alfredo De Angelis,Hugo Besnatti,"Carlos Cubría, Eduardo Talián, Guillermo Vilar, Alfredo Dafuncio, Jorge Musante","Wenceslao Cinosi, Ángel Vilar, Hamlet Cicero, Hipólito Caron","Piano, Bass, 5 Bandoneons, 4 Violins"
Alfredo De Angelis,Orquesta Alfredo De Angelis,12/13/1945,Sirva otra copa,,Tango,Carlos Dante,Odeón,78rpm,15182,3791-A,Arturo Gallucci,José Rótulo,,Dante + Martel Duo (1944-50),Alfredo De Angelis,Hugo Besnatti,"Carlos Cubría, Eduardo Talián, Guillermo Vilar, Alfredo Dafuncio, Jorge Musante","Wenceslao Cinosi, Ángel Vilar, Hamlet Cicero, Hipólito Caron","Piano, Bass, 5 Bandoneons, 4 Violins"
Alfredo De Angelis,Orquesta Alfredo De Angelis,1/7/1946,El entrerriano,,Tango,Instrumental,Odeón,78rpm,15259,3792-B,Rosendo Mendizabal,,,Dante + Martel Duo (1944-50),Alfredo De Angelis,Hugo Besnatti,"Carlos Cubría, Eduardo Talián, Guillermo Vilar, Alfredo Dafuncio, Jorge Musante","Wenceslao Cinosi, Ángel Vilar, Hamlet Cicero, Hipólito Caron","Piano, Bass, 5 Bandoneons, 4 Violins"
Alfredo De Angelis,Orquesta Alfredo De Angelis,1/7/1946,Pobre flor (Primera ilusión),Primera Ilusión,Vals,Carlos Dante y Julio Martel,Odeón,78rpm,15257,3792-A,Luis Mottolese,Victor Spíndola,,Dante + Martel Duo (1944-50),Alfredo De Angelis,Hugo Besnatti,"Carlos Cubría, Eduardo Talián, Guillermo Vilar, Alfredo Dafuncio, Jorge Musante","Wenceslao Cinosi, Ángel Vilar, Hamlet Cicero, Hipólito Caron","Piano, Bass, 5 Bandoneons, 4 Violins"
Alfredo De Angelis,Orquesta Alfredo De Angelis,3/1/1946,Carnaval,,Tango,Carlos Dante,Odeón,78rpm,15337,3793-B,Anselmo Aieta,Francisco García Jiménez,,Dante + Martel Duo (1944-50),Alfredo De Angelis,Hugo Besnatti,"Carlos Cubría, Eduardo Talián, Guillermo Vilar, Alfredo Dafuncio, Jorge Musante","Wenceslao Cinosi, Ángel Vilar, Hamlet Cicero, Hipólito Caron","Piano, Bass, 5 Bandoneons, 4 Violins"
Alfredo De Angelis,Orquesta Alfredo De Angelis,3/1/1946,Hoy al recordarla,,Tango,Julio Martel,Odeón,78rpm,15336,3793-A,José Canet,José Canet,,Dante + Martel Duo (1944-50),Alfredo De Angelis,Hugo Besnatti,"Carlos Cubría, Eduardo Talián, Guillermo Vilar, Alfredo Dafuncio, Jorge Musante","Wenceslao Cinosi, Ángel Vilar, Hamlet Cicero, Hipólito Caron","Piano, Bass, 5 Bandoneons, 4 Violins"
Alfredo De Angelis,Orquesta Alfredo De Angelis,3/29/1946,Para mí lo mismo da,,Tango,Carlos Dante,Odeón,78rpm,15401,3794-B,Alberto Talián,Santiago Adamini,,Dante + Martel Duo (1944-50),Alfredo De Angelis,Hugo Besnatti,"Carlos Cubría, Eduardo Talián, Guillermo Vilar, Alfredo Dafuncio, Jorge Musante","Wenceslao Cinosi, Ángel Vilar, Hamlet Cicero, Hipólito Caron","Piano, Bass, 5 Bandoneons, 4 Violins"
Alfredo De Angelis,Orquesta Alfredo De Angelis,3/29/1946,Y no volvió,,Tango,Julio Martel,Odeón,78rpm,15400,3794-A,Carlos Cubría,José Rótulo,,Dante + Martel Duo (1944-50),Alfredo De Angelis,Hugo Besnatti,"Carlos Cubría, Eduardo Talián, Guillermo Vilar, Alfredo Dafuncio, Jorge Musante","Wenceslao Cinosi, Ángel Vilar, Hamlet Cicero, Hipólito Caron","Piano, Bass, 5 Bandoneons, 4 Violins"
Alfredo De Angelis,Orquesta Alfredo De Angelis,4/26/1946,El mayoral del tranvía,,Milonga,Julio Martel,Odeón,78rpm,15469,3795-B,Carlos Mayel,Francisco Laino,,Dante + Martel Duo (1944-50),Alfredo De Angelis,Hugo Besnatti,"Carlos Cubría, Eduardo Talián, Guillermo Vilar, Alfredo Dafuncio, Jorge Musante","Wenceslao Cinosi, Ángel Vilar, Hamlet Cicero, Hipólito Caron","Piano, Bass, 5 Bandoneons, 4 Violins"
Alfredo De Angelis,Orquesta Alfredo De Angelis,4/26/1946,La brisa,,Tango,Carlos Dante,Odeón,78rpm,15468,3795-A,Francisco Canaro,Juan Andrés Caruso,,Dante + Martel Duo (1944-50),Alfredo De Angelis,Hugo Besnatti,"Carlos Cubría, Eduardo Talián, Guillermo Vilar, Alfredo Dafuncio, Jorge Musante","Wenceslao Cinosi, Ángel Vilar, Hamlet Cicero, Hipólito Caron","Piano, Bass, 5 Bandoneons, 4 Violins"
Alfredo De Angelis,Orquesta Alfredo De Angelis,5/24/1946,Esa noche,,Vals,Julio Martel,Odeón,78rpm,15532,3796-B,Tito Ribero,Carlos Waiss,,Dante + Martel Duo (1944-50),Alfredo De Angelis,Hugo Besnatti,"Carlos Cubría, Eduardo Talián, Guillermo Vilar, Alfredo Dafuncio, Jorge Musante","Wenceslao Cinosi, Ángel Vilar, Hamlet Cicero, Hipólito Caron","Piano, Bass, 5 Bandoneons, 4 Violins"
Alfredo De Angelis,Orquesta Alfredo De Angelis,5/24/1946,Remolino,,Tango,Carlos Dante y Julio Martel,Odeón,78rpm,15531,3796-A,Alfredo De Angelis,José Rótulo,,Dante + Martel Duo (1944-50),Alfredo De Angelis,Hugo Besnatti,"Carlos Cubría, Eduardo Talián, Guillermo Vilar, Alfredo Dafuncio, Jorge Musante","Wenceslao Cinosi, Ángel Vilar, Hamlet Cicero, Hipólito Caron","Piano, Bass, 5 Bandoneons, 4 Violins"
Alfredo De Angelis,Orquesta Alfredo De Angelis,6/28/1946,Con alma de tango,,Tango,Carlos Dante,Odeón,78rpm,15622,3797-A,Juan D'Arienzo,Carlos Waiss,,Dante + Martel Duo (1944-50),Alfredo De Angelis,Hugo Besnatti,"Carlos Cubría, Eduardo Talián, Guillermo Vilar, Alfredo Dafuncio, Jorge Musante","Wenceslao Cinosi, Ángel Vilar, Hamlet Cicero, Hipólito Caron","Piano, Bass, 5 Bandoneons, 4 Violins"
Alfredo De Angelis,Orquesta Alfredo De Angelis,6/28/1946,El chañar,,Tango,Instrumental,Odeón,78rpm,15623,3797-B,Eduardo Arolas,,,Dante + Martel Duo (1944-50),Alfredo De Angelis,Hugo Besnatti,"Carlos Cubría, Eduardo Talián, Guillermo Vilar, Alfredo Dafuncio, Jorge Musante","Wenceslao Cinosi, Ángel Vilar, Hamlet Cicero, Hipólito Caron","Piano, Bass, 5 Bandoneons, 4 Violins"
Alfredo De Angelis,Orquesta Alfredo De Angelis,7/11/1946,En la noche de tus ojos,,Tango,Carlos Dante,Odeón,78rpm,15653,3798-A,Pacífico Lambertucci,Francisco García Jiménez,,Dante + Martel Duo (1944-50),Alfredo De Angelis,Hugo Besnatti,"Carlos Cubría, Eduardo Talián, Guillermo Vilar, Alfredo Dafuncio, Jorge Musante","Wenceslao Cinosi, Ángel Vilar, Hamlet Cicero, Hipólito Caron","Piano, Bass, 5 Bandoneons, 4 Violins"
Alfredo De Angelis,Orquesta Alfredo De Angelis,7/11/1946,Melodía gris,,Tango,Julio Martel,Odeón,78rpm,15654,3798-B,Raúl Bruno,Ricardo Duggan,,Dante + Martel Duo (1944-50),Alfredo De Angelis,Hugo Besnatti,"Carlos Cubría, Eduardo Talián, Guillermo Vilar, Alfredo Dafuncio, Jorge Musante","Wenceslao Cinosi, Ángel Vilar, Hamlet Cicero, Hipólito Caron","Piano, Bass, 5 Bandoneons, 4 Violins"
Alfredo De Angelis,Orquesta Alfredo De Angelis,8/23/1946,La vida me engañó,,Tango,Julio Martel,Odeón,78rpm,15766,3799-A,Alfonso Casini,Marvil (Elizardo Martínez Vilas),,Dante + Martel Duo (1944-50),Alfredo De Angelis,Hugo Besnatti,"Carlos Cubría, Eduardo Talián, Guillermo Vilar, Alfredo Dafuncio, Jorge Musante","Wenceslao Cinosi, Ángel Vilar, Hamlet Cicero, Hipólito Caron","Piano, Bass, 5 Bandoneons, 4 Violins"
Alfredo De Angelis,Orquesta Alfredo De Angelis,8/23/1946,Tiene razón amigazo,,Tango,Julio Martel,Odeón,78rpm,17767,3799-B,Alfredo Calabró,Enrique Dizeo,,Dante + Martel Duo (1944-50),Alfredo De Angelis,Hugo Besnatti,"Carlos Cubría, Eduardo Talián, Guillermo Vilar, Alfredo Dafuncio, Jorge Musante","Wenceslao Cinosi, Ángel Vilar, Hamlet Cicero, Hipólito Caron","Piano, Bass, 5 Bandoneons, 4 Violins"
Alfredo De Angelis,Orquesta Alfredo De Angelis,9/25/1946,Así es Ninón,,Tango,Carlos Dante,Odeón,78rpm,15831,30401-B,Juan Larenza,Marsilio Robles,,Dante + Martel Duo (1944-50),Alfredo De Angelis,Hugo Besnatti,"Carlos Cubría, Eduardo Talián, Guillermo Vilar, Alfredo Dafuncio, Jorge Musante","Wenceslao Cinosi, Ángel Vilar, Hamlet Cicero, Hipólito Caron","Piano, Bass, 5 Bandoneons, 4 Violins"
Alfredo De Angelis,Orquesta Alfredo De Angelis,9/25/1946,El taladro,,Tango,Instrumental,Odeón,78rpm,15830,30401-A,Alfredo De Angelis,,,Dante + Martel Duo (1944-50),Alfredo De Angelis,Hugo Besnatti,"Carlos Cubría, Eduardo Talián, Guillermo Vilar, Alfredo Dafuncio, Jorge Musante","Wenceslao Cinosi, Ángel Vilar, Hamlet Cicero, Hipólito Caron","Piano, Bass, 5 Bandoneons, 4 Violins"
Alfredo De Angelis,Orquesta Alfredo De Angelis,11/7/1946,Justicia criolla,,Tango,Carlos Dante,Odeón,78rpm,15936,30402-A,Rafael Iriarte,Francisco Brancatti,,Dante + Martel Duo (1944-50),Alfredo De Angelis,Hugo Besnatti,"Carlos Cubría, Eduardo Talián, Guillermo Vilar, Alfredo Dafuncio, Jorge Musante","Wenceslao Cinosi, Ángel Vilar, Hamlet Cicero, Hipólito Caron","Piano, Bass, 5 Bandoneons, 4 Violins"
Alfredo De Angelis,Orquesta Alfredo De Angelis,11/7/1946,Rosicler,,Tango,Julio Martel,Odeón,78rpm,15937,30402-B,José Basso,Francisco García Jiménez,,Dante + Martel Duo (1944-50),Alfredo De Angelis,Hugo Besnatti,"Carlos Cubría, Eduardo Talián, Guillermo Vilar, Alfredo Dafuncio, Jorge Musante","Wenceslao Cinosi, Ángel Vilar, Hamlet Cicero, Hipólito Caron","Piano, Bass, 5 Bandoneons, 4 Violins"
Alfredo De Angelis,Orquesta Alfredo De Angelis,11/29/1946,Oro muerto (Jirón porteño),Oro Muerto,Tango,Julio Martel,Odeón,78rpm,16037,30403-B,Juan Raggi,Juan Raggi,,Dante + Martel Duo (1944-50),Alfredo De Angelis,Hugo Besnatti,"Carlos Cubría, Eduardo Talián, Guillermo Vilar, Alfredo Dafuncio, Jorge Musante","Wenceslao Cinosi, Ángel Vilar, Hamlet Cicero, Hipólito Caron","Piano, Bass, 5 Bandoneons, 4 Violins"
Alfredo De Angelis,Orquesta Alfredo De Angelis,11/29/1946,Qué lindo es estar metido,,Tango,Carlos Dante,Odeón,78rpm,16038,30403-A,Enrique Delfino,Pascual Contursi,,Dante + Martel Duo (1944-50),Alfredo De Angelis,Hugo Besnatti,"Carlos Cubría, Eduardo Talián, Guillermo Vilar, Alfredo Dafuncio, Jorge Musante","Wenceslao Cinosi, Ángel Vilar, Hamlet Cicero, Hipólito Caron","Piano, Bass, 5 Bandoneons, 4 Violins"
Alfredo De Angelis,Orquesta Alfredo De Angelis,12/13/1946,Yo también carrero fui,,Tango,Julio Martel,Odeón,78rpm,16100,30404-A,Antonio Scatasso,Héctor Marcó,,Dante + Martel Duo (1944-50),Alfredo De Angelis,Hugo Besnatti,"Carlos Cubría, Eduardo Talián, Guillermo Vilar, Alfredo Dafuncio, Jorge Musante","Wenceslao Cinosi, Ángel Vilar, Hamlet Cicero, Hipólito Caron","Piano, Bass, 5 Bandoneons, 4 Violins"
Alfredo De Angelis,Orquesta Alfredo De Angelis,12/27/1946,Adiós marinero,,Tango,Carlos Dante y Julio Martel,Odeón,78rpm,16152,30404-B,Arturo Gallucci,Reinaldo Yiso,,Dante + Martel Duo (1944-50),Alfredo De Angelis,Hugo Besnatti,"Carlos Cubría, Eduardo Talián, Guillermo Vilar, Alfredo Dafuncio, Jorge Musante","Wenceslao Cinosi, Ángel Vilar, Hamlet Cicero, Hipólito Caron","Piano, Bass, 5 Bandoneons, 4 Violins"
Alfredo De Angelis,Orquesta Alfredo De Angelis,12/27/1946,Chorra,,Tango,Julio Martel,Odeón,78rpm,16154,30405-B,Enrique Santos Discépolo,Enrique Santos Discépolo,,Dante + Martel Duo (1944-50),Alfredo De Angelis,Hugo Besnatti,"Carlos Cubría, Eduardo Talián, Guillermo Vilar, Alfredo Dafuncio, Jorge Musante","Wenceslao Cinosi, Ángel Vilar, Hamlet Cicero, Hipólito Caron","Piano, Bass, 5 Bandoneons, 4 Violins"
Alfredo De Angelis,Orquesta Alfredo De Angelis,12/27/1946,Mano a mano,Viejo Bandoneón,Tango,Carlos Dante,Odeón,78rpm,16153,30405-A,Carlos Gardel,Celedonio Flores,,Dante + Martel Duo (1944-50),Alfredo De Angelis,Hugo Besnatti,"Carlos Cubría, Eduardo Talián, Guillermo Vilar, Alfredo Dafuncio, Jorge Musante","Wenceslao Cinosi, Ángel Vilar, Hamlet Cicero, Hipólito Caron","Piano, Bass, 5 Bandoneons, 4 Violins"
Alfredo De Angelis,Orquesta Alfredo De Angelis,3/20/1947,Alelí,,Tango,Carlos Dante,Odeón,78rpm,16317,30406-B,Alfredo De Angelis,José Rótulo,,Dante + Martel Duo (1944-50),Alfredo De Angelis,Hugo Besnatti,"Carlos Cubría, Eduardo Talián, Guillermo Vilar, Alfredo Dafuncio, Jorge Musante","Wenceslao Cinosi, Ángel Vilar, Hamlet Cicero, Hipólito Caron","Piano, Bass, 5 Bandoneons, 4 Violins"
Alfredo De Angelis,Orquesta Alfredo De Angelis,3/20/1947,Yo también reí,,Tango,Julio Martel,Odeón,78rpm,16316,30406-A,Carlos Cubría,José Rótulo,,Dante + Martel Duo (1944-50),Alfredo De Angelis,Hugo Besnatti,"Carlos Cubría, Eduardo Talián, Guillermo Vilar, Alfredo Dafuncio, Jorge Musante","Wenceslao Cinosi, Ángel Vilar, Hamlet Cicero, Hipólito Caron","Piano, Bass, 5 Bandoneons, 4 Violins"
Alfredo De Angelis,Orquesta Alfredo De Angelis,4/23/1947,A su memoria,,Vals,Carlos Dante,Odeón,78rpm,16412,30407-B,Antonio Sureda,Homero Manzi,,Dante + Martel Duo (1944-50),Alfredo De Angelis,Hugo Besnatti,"Carlos Cubría, Eduardo Talián, Guillermo Vilar, Alfredo Dafuncio, Jorge Musante","Wenceslao Cinosi, Ángel Vilar, Hamlet Cicero, Hipólito Caron","Piano, Bass, 5 Bandoneons, 4 Violins"
Alfredo De Angelis,Orquesta Alfredo De Angelis,4/23/1947,Entrá sin miedo hermana,,Tango,Julio Martel,Odeón,78rpm,16411,30407-A,Raúl de los Hoyos,Mario Flores,,Dante + Martel Duo (1944-50),Alfredo De Angelis,Hugo Besnatti,"Carlos Cubría, Eduardo Talián, Guillermo Vilar, Alfredo Dafuncio, Jorge Musante","Wenceslao Cinosi, Ángel Vilar, Hamlet Cicero, Hipólito Caron","Piano, Bass, 5 Bandoneons, 4 Violins"
Alfredo De Angelis,Orquesta Alfredo De Angelis,5/8/1947,Con la otra,,Tango,Carlos Dante,Odeón,78rpm,16447,30408-B,Lito Bayardo,Lito Bayardo,,Dante + Martel Duo (1944-50),Alfredo De Angelis,Hugo Besnatti,"Carlos Cubría, Eduardo Talián, Guillermo Vilar, Alfredo Dafuncio, Jorge Musante","Wenceslao Cinosi, Ángel Vilar, Hamlet Cicero, Hipólito Caron","Piano, Bass, 5 Bandoneons, 4 Violins"
Alfredo De Angelis,Orquesta Alfredo De Angelis,5/8/1947,Sigan tomando muchachos,,Tango,Julio Martel,Odeón,78rpm,16446,30408-A,Antonio Rodio,Rodolfo Scafidi,,Dante + Martel Duo (1944-50),Alfredo De Angelis,Hugo Besnatti,"Carlos Cubría, Eduardo Talián, Guillermo Vilar, Alfredo Dafuncio, Jorge Musante","Wenceslao Cinosi, Ángel Vilar, Hamlet Cicero, Hipólito Caron","Piano, Bass, 5 Bandoneons, 4 Violins"
Alfredo De Angelis,Orquesta Alfredo De Angelis,6/6/1947,La novia ausente,,Tango,Julio Martel,Odeón,78rpm,16512,30410-A,Guillermo Barbieri,Enrique Cadícamo,,Dante + Martel Duo (1944-50),Alfredo De Angelis,Hugo Besnatti,"Carlos Cubría, Eduardo Talián, Guillermo Vilar, Alfredo Dafuncio, Jorge Musante","Wenceslao Cinosi, Ángel Vilar, Hamlet Cicero, Hipólito Caron","Piano, Bass, 5 Bandoneons, 4 Violins"
Alfredo De Angelis,Orquesta Alfredo De Angelis,6/6/1947,Lunes,Lunes Trece,Tango,Carlos Dante,Odeón,78rpm,16513,30409-A,José Luis Padula,Francisco García Jiménez,,Dante + Martel Duo (1944-50),Alfredo De Angelis,Hugo Besnatti,"Carlos Cubría, Eduardo Talián, Guillermo Vilar, Alfredo Dafuncio, Jorge Musante","Wenceslao Cinosi, Ángel Vilar, Hamlet Cicero, Hipólito Caron","Piano, Bass, 5 Bandoneons, 4 Violins"
Alfredo De Angelis,Orquesta Alfredo De Angelis,7/3/1947,Cien guitarras,,Milonga,Carlos Dante y Julio Martel,Odeón,78rpm,16570,30410-B,Arturo Gallucci,Raúl Hormazabal,,Dante + Martel Duo (1944-50),Alfredo De Angelis,Hugo Besnatti,"Carlos Cubría, Eduardo Talián, Guillermo Vilar, Alfredo Dafuncio, Jorge Musante","Wenceslao Cinosi, Ángel Vilar, Hamlet Cicero, Hipólito Caron","Piano, Bass, 5 Bandoneons, 4 Violins"
Alfredo De Angelis,Orquesta Alfredo De Angelis,7/3/1947,Flores del alma,,Vals,Carlos Dante y Julio Martel,Odeón,78rpm,16569,30409-B,Juan Larenza,Alfredo Lucero Palacios,,Dante + Martel Duo (1944-50),Alfredo De Angelis,Hugo Besnatti,"Carlos Cubría, Eduardo Talián, Guillermo Vilar, Alfredo Dafuncio, Jorge Musante","Wenceslao Cinosi, Ángel Vilar, Hamlet Cicero, Hipólito Caron","Piano, Bass, 5 Bandoneons, 4 Violins"
Alfredo De Angelis,Orquesta Alfredo De Angelis,8/20/1947,Pinche,,Tango,Instrumental,Odeón,78rpm,16650,30416-A,Francisco Canaro,Juan Andrés Caruso,,Dante + Martel Duo (1944-50),Alfredo De Angelis,Hugo Besnatti,"Carlos Cubría, Eduardo Talián, Guillermo Vilar, Alfredo Dafuncio, Jorge Musante","Wenceslao Cinosi, Ángel Vilar, Hamlet Cicero, Hipólito Caron","Piano, Bass, 5 Bandoneons, 4 Violins"
Alfredo De Angelis,Orquesta Alfredo De Angelis,8/20/1947,Sentencia,,Tango,Carlos Dante,Odeón,78rpm,16651,30411-A,Pedro Maffia,Celedonio Flores,,Dante + Martel Duo (1944-50),Alfredo De Angelis,Hugo Besnatti,"Carlos Cubría, Eduardo Talián, Guillermo Vilar, Alfredo Dafuncio, Jorge Musante","Wenceslao Cinosi, Ángel Vilar, Hamlet Cicero, Hipólito Caron","Piano, Bass, 5 Bandoneons, 4 Violins"
Alfredo De Angelis,Orquesta Alfredo De Angelis,10/21/1947,A Magaldi,,Vals,Carlos Dante y Julio Martel,Odeón,78rpm,16757,30411-B,Carlos Dante,Juan Tiggi,,Dante + Martel Duo (1944-50),Alfredo De Angelis,Hugo Besnatti,"Carlos Cubría, Eduardo Talián, Guillermo Vilar, Alfredo Dafuncio, Jorge Musante","Wenceslao Cinosi, Ángel Vilar, Hamlet Cicero, Hipólito Caron","Piano, Bass, 5 Bandoneons, 4 Violins"
Alfredo De Angelis,Orquesta Alfredo De Angelis,10/21/1947,Esta vuelta pago yo,,Tango,Carlos Dante,Odeón,78rpm,16756,30412-A,Miguel Bonano,José De Grassi,,Dante + Martel Duo (1944-50),Alfredo De Angelis,Hugo Besnatti,"Carlos Cubría, Eduardo Talián, Guillermo Vilar, Alfredo Dafuncio, Jorge Musante","Wenceslao Cinosi, Ángel Vilar, Hamlet Cicero, Hipólito Caron","Piano, Bass, 5 Bandoneons, 4 Violins"
Alfredo De Angelis,Orquesta Alfredo De Angelis,12/23/1947,Fruto dulce,,Tango,Carlos Dante y Julio Martel,Odeón,78rpm,16828,30412-B,Horacio Susena,Horacio Susena,,Dante + Martel Duo (1944-50),Alfredo De Angelis,Hugo Besnatti,"Carlos Cubría, Eduardo Talián, Guillermo Vilar, Alfredo Dafuncio, Jorge Musante","Wenceslao Cinosi, Ángel Vilar, Hamlet Cicero, Hipólito Caron","Piano, Bass, 5 Bandoneons, 4 Violins"
Alfredo De Angelis,Orquesta Alfredo De Angelis,12/23/1947,Por quererte te perdí,,Tango,Julio Martel,Odeón,78rpm,16829,30417-A,Antonio Cascini,Marvil (Elizardo Martínez Vilas),,Dante + Martel Duo (1944-50),Alfredo De Angelis,Hugo Besnatti,"Carlos Cubría, Eduardo Talián, Guillermo Vilar, Alfredo Dafuncio, Jorge Musante","Wenceslao Cinosi, Ángel Vilar, Hamlet Cicero, Hipólito Caron","Piano, Bass, 5 Bandoneons, 4 Violins"
Alfredo De Angelis,Orquesta Alfredo De Angelis,4/16/1948,Pa' qué te voy a contar,,Milonga,Julio Martel,Odeón,78rpm,16883,30413-B,Domingo Sciaraffia,Domingo Sciaraffia,,Dante + Martel Duo (1944-50),Alfredo De Angelis,Hugo Besnatti,"Carlos Cubría, Eduardo Talián, Guillermo Vilar, Alfredo Dafuncio, Jorge Musante","Wenceslao Cinosi, Ángel Vilar, Hamlet Cicero, Hipólito Caron","Piano, Bass, 5 Bandoneons, 4 Violins"
Alfredo De Angelis,Orquesta Alfredo De Angelis,4/16/1948,Pastora,,Tango,Carlos Dante y Julio Martel,Odeón,78rpm,16882,30413-A,Alfredo De Angelis,José Rótulo,,Dante + Martel Duo (1944-50),Alfredo De Angelis,Hugo Besnatti,"Carlos Cubría, Eduardo Talián, Guillermo Vilar, Alfredo Dafuncio, Jorge Musante","Wenceslao Cinosi, Ángel Vilar, Hamlet Cicero, Hipólito Caron","Piano, Bass, 5 Bandoneons, 4 Violins"
Alfredo De Angelis,Orquesta Alfredo De Angelis,6/11/1948,Cristal y luna,,Tango,Carlos Dante,Odeón,78rpm,16945,30414-A,Pedro Blasco,Guillermo Vilar,,Dante + Martel Duo (1944-50),Alfredo De Angelis,Hugo Besnatti,"Carlos Cubría, Eduardo Talián, Guillermo Vilar, Alfredo Dafuncio, Jorge Musante","Wenceslao Cinosi, Ángel Vilar, Hamlet Cicero, Hipólito Caron","Piano, Bass, 5 Bandoneons, 4 Violins"
Alfredo De Angelis,Orquesta Alfredo De Angelis,6/11/1948,Selección de Tangos de Discépolo,Victoria-que Vachaché-Confesión-Esta Noche Me Emborracho,Tango,Carlos Dante y Julio Martel,Odeón,78rpm,,,Enrique Discépolo,Enrique Santos Discépolo,,Dante + Martel Duo (1944-50),Alfredo De Angelis,Hugo Besnatti,"Carlos Cubría, Eduardo Talián, Guillermo Vilar, Alfredo Dafuncio, Jorge Musante","Wenceslao Cinosi, Ángel Vilar, Hamlet Cicero, Hipólito Caron","Piano, Bass, 5 Bandoneons, 4 Violins"
Alfredo De Angelis,Orquesta Alfredo De Angelis,7/23/1948,No te perdono más,,Tango,Julio Martel,Odeón,78rpm,17010,30415-A,Rodolfo Schiammarella,Rodolfo Schiammarella,,Dante + Martel Duo (1944-50),Alfredo De Angelis,Hugo Besnatti,"Carlos Cubría, Eduardo Talián, Guillermo Vilar, Alfredo Dafuncio, Jorge Musante","Wenceslao Cinosi, Ángel Vilar, Hamlet Cicero, Hipólito Caron","Piano, Bass, 5 Bandoneons, 4 Violins"
Alfredo De Angelis,Orquesta Alfredo De Angelis,7/23/1948,Para ti madre,,Vals,Carlos Dante,Odeón,78rpm,17011,30415-B,José Mocciola,Venancio Clauso,,Dante + Martel Duo (1944-50),Alfredo De Angelis,Hugo Besnatti,"Carlos Cubría, Eduardo Talián, Guillermo Vilar, Alfredo Dafuncio, Jorge Musante","Wenceslao Cinosi, Ángel Vilar, Hamlet Cicero, Hipólito Caron","Piano, Bass, 5 Bandoneons, 4 Violins"
Alfredo De Angelis,Orquesta Alfredo De Angelis,9/21/1948,El huracán,,Tango,Instrumental,Odeón,78rpm,17082,30416-B,Osvaldo Donato,Nolo López,,Dante + Martel Duo (1944-50),Alfredo De Angelis,Hugo Besnatti,"Carlos Cubría, Eduardo Talián, Guillermo Vilar, Alfredo Dafuncio, Jorge Musante","Wenceslao Cinosi, Ángel Vilar, Hamlet Cicero, Hipólito Caron","Piano, Bass, 5 Bandoneons, 4 Violins"
Alfredo De Angelis,Orquesta Alfredo De Angelis,12/17/1948,Cuatro líneas para el cielo,,Tango,Carlos Dante,Odeón,78rpm,17116,30418-B,Arturo Gallucci,Reinaldo Yiso,,Dante + Martel Duo (1944-50),Alfredo De Angelis,Hugo Besnatti,"Carlos Cubría, Eduardo Talián, Guillermo Vilar, Alfredo Dafuncio, Jorge Musante","Wenceslao Cinosi, Ángel Vilar, Hamlet Cicero, Hipólito Caron","Piano, Bass, 5 Bandoneons, 4 Violins"
Alfredo De Angelis,Orquesta Alfredo De Angelis,12/17/1948,Una carta,,Tango,Julio Martel,Odeón,78rpm,17115,30418-A,Miguel Bucino,Miguel Bucino,,Dante + Martel Duo (1944-50),Alfredo De Angelis,Hugo Besnatti,"Carlos Cubría, Eduardo Talián, Guillermo Vilar, Alfredo Dafuncio, Jorge Musante","Wenceslao Cinosi, Ángel Vilar, Hamlet Cicero, Hipólito Caron","Piano, Bass, 5 Bandoneons, 4 Violins"
Alfredo De Angelis,Orquesta Alfredo De Angelis,4/20/1949,Bajo Belgrano,,Tango,Julio Martel,Odeón,Micro,17258,30420-B,Anselmo Aieta,Francisco García Jiménez,,Dante + Martel Duo (1944-50),Alfredo De Angelis,Hugo Besnatti,"Carlos Cubría, Eduardo Talián, Guillermo Vilar, Alfredo Dafuncio, Jorge Musante","Wenceslao Cinosi, Ángel Vilar, Hamlet Cicero, Hipólito Caron","Piano, Bass, 5 Bandoneons, 4 Violins"
Alfredo De Angelis,Orquesta Alfredo De Angelis,4/20/1949,Mocosita,,Tango,Carlos Dante,Odeón,Micro,17257,30420-A,Gerardo Matos Rodríguez,Victor Soliño,,Dante + Martel Duo (1944-50),Alfredo De Angelis,Hugo Besnatti,"Carlos Cubría, Eduardo Talián, Guillermo Vilar, Alfredo Dafuncio, Jorge Musante","Wenceslao Cinosi, Ángel Vilar, Hamlet Cicero, Hipólito Caron","Piano, Bass, 5 Bandoneons, 4 Violins"
Alfredo De Angelis,Orquesta Alfredo De Angelis,5/12/1949,Esta noche me despido,,Tango,Carlos Dante,Odeón,Micro,17288,30421-A,Carlos Dante,José Rótulo,,Dante + Martel Duo (1944-50),Alfredo De Angelis,Hugo Besnatti,"Carlos Cubría, Eduardo Talián, Guillermo Vilar, Alfredo Dafuncio, Jorge Musante","Wenceslao Cinosi, Ángel Vilar, Hamlet Cicero, Hipólito Caron","Piano, Bass, 5 Bandoneons, 4 Violins"
Alfredo De Angelis,Orquesta Alfredo De Angelis,5/12/1949,Mi cariñito,,Vals,Carlos Dante y Julio Martel,Odeón,Micro,17289,30421-B,Alfredo De Angelis,José Rótulo,,Dante + Martel Duo (1944-50),Alfredo De Angelis,Hugo Besnatti,"Carlos Cubría, Eduardo Talián, Guillermo Vilar, Alfredo Dafuncio, Jorge Musante","Wenceslao Cinosi, Ángel Vilar, Hamlet Cicero, Hipólito Caron","Piano, Bass, 5 Bandoneons, 4 Violins"
Alfredo De Angelis,Orquesta Alfredo De Angelis,6/2/1949,Allá en el bajo,,Tango,Carlos Dante,Odeón,Micro,17310,30422-A,Agustín Magaldi,Ismael R. Aguilar,,Dante + Martel Duo (1944-50),Alfredo De Angelis,Hugo Besnatti,"Carlos Cubría, Eduardo Talián, Guillermo Vilar, Alfredo Dafuncio, Jorge Musante","Wenceslao Cinosi, Ángel Vilar, Hamlet Cicero, Hipólito Caron","Piano, Bass, 5 Bandoneons, 4 Violins"
Alfredo De Angelis,Orquesta Alfredo De Angelis,6/2/1949,El ciruja,,Tango,Julio Martel,Odeón,Micro,17311,30422-B,Ernesto de la Cruz,Alfredo Marino,,Dante + Martel Duo (1944-50),Alfredo De Angelis,Hugo Besnatti,"Carlos Cubría, Eduardo Talián, Guillermo Vilar, Alfredo Dafuncio, Jorge Musante","Wenceslao Cinosi, Ángel Vilar, Hamlet Cicero, Hipólito Caron","Piano, Bass, 5 Bandoneons, 4 Violins"
Alfredo De Angelis,Orquesta Alfredo De Angelis,8/16/1949,Atenti pebeta,,Tango,Julio Martel,Odeón,Micro,17391,30423-A,Ciriaco Ortíz,Celedonio Flores,,Dante + Martel Duo (1944-50),Alfredo De Angelis,Hugo Besnatti,"Carlos Cubría, Eduardo Talián, Guillermo Vilar, Alfredo Dafuncio, Jorge Musante","Wenceslao Cinosi, Ángel Vilar, Hamlet Cicero, Hipólito Caron","Piano, Bass, 5 Bandoneons, 4 Violins"
Alfredo De Angelis,Orquesta Alfredo De Angelis,8/16/1949,Compadrón,,Tango,Carlos Dante,Odeón,Micro,17392,30423-B,Luis Visca,Enrique Cadícamo,,Dante + Martel Duo (1944-50),Alfredo De Angelis,Hugo Besnatti,"Carlos Cubría, Eduardo Talián, Guillermo Vilar, Alfredo Dafuncio, Jorge Musante","Wenceslao Cinosi, Ángel Vilar, Hamlet Cicero, Hipólito Caron","Piano, Bass, 5 Bandoneons, 4 Violins"
Alfredo De Angelis,Orquesta Alfredo De Angelis,9/26/1949,Amigazo,,Tango,Carlos Dante,Odeón,Micro,17432,30424-A,Juan de Dios Filiberto,Francisco Brancatti,,Dante + Martel Duo (1944-50),Alfredo De Angelis,Hugo Besnatti,"Carlos Cubría, Eduardo Talián, Guillermo Vilar, Alfredo Dafuncio, Jorge Musante","Wenceslao Cinosi, Ángel Vilar, Hamlet Cicero, Hipólito Caron","Piano, Bass, 5 Bandoneons, 4 Violins"
Alfredo De Angelis,Orquesta Alfredo De Angelis,9/26/1949,Buscando perdón,,Tango,Carlos Dante,Odeón,Micro,17433,30424-B,Alberto Talian,Santiago Adamini,,Dante + Martel Duo (1944-50),Alfredo De Angelis,Hugo Besnatti,"Carlos Cubría, Eduardo Talián, Guillermo Vilar, Alfredo Dafuncio, Jorge Musante","Wenceslao Cinosi, Ángel Vilar, Hamlet Cicero, Hipólito Caron","Piano, Bass, 5 Bandoneons, 4 Violins"
Alfredo De Angelis,Orquesta Alfredo De Angelis,10/14/1949,Misa de once,,Tango,Julio Martel,Odeón,Micro,17456,30425-B,Juan Jose Guichandut,Armando Tagini,,Dante + Martel Duo (1944-50),Alfredo De Angelis,Hugo Besnatti,"Carlos Cubría, Eduardo Talián, Guillermo Vilar, Alfredo Dafuncio, Jorge Musante","Wenceslao Cinosi, Ángel Vilar, Hamlet Cicero, Hipólito Caron","Piano, Bass, 5 Bandoneons, 4 Violins"
Alfredo De Angelis,Orquesta Alfredo De Angelis,10/14/1949,Pequeña,,Vals,Carlos Dante,Odeón,Micro,17455,30425-A,Osmar Maderna,Homero Expósito,,Dante + Martel Duo (1944-50),Alfredo De Angelis,Hugo Besnatti,"Carlos Cubría, Eduardo Talián, Guillermo Vilar, Alfredo Dafuncio, Jorge Musante","Wenceslao Cinosi, Ángel Vilar, Hamlet Cicero, Hipólito Caron","Piano, Bass, 5 Bandoneons, 4 Violins"
Alfredo De Angelis,Orquesta Alfredo De Angelis,12/6/1949,Carga,,Tango,Carlos Dante,Odeón,Micro,17514,30426-A,Wenceslao Cinosi,Carlos Bahr,,Dante + Martel Duo (1944-50),Alfredo De Angelis,Hugo Besnatti,"Carlos Cubría, Eduardo Talián, Guillermo Vilar, Alfredo Dafuncio, Jorge Musante","Wenceslao Cinosi, Ángel Vilar, Hamlet Cicero, Hipólito Caron","Piano, Bass, 5 Bandoneons, 4 Violins"
Alfredo De Angelis,Orquesta Alfredo De Angelis,12/6/1949,Santa madrecita,,Tango,Carlos Dante,Odeón,Micro,17513,30428-A,Juan D'Arienzo,Carlos Waiss,,Dante + Martel Duo (1944-50),Alfredo De Angelis,Hugo Besnatti,"Carlos Cubría, Eduardo Talián, Guillermo Vilar, Alfredo Dafuncio, Jorge Musante","Wenceslao Cinosi, Ángel Vilar, Hamlet Cicero, Hipólito Caron","Piano, Bass, 5 Bandoneons, 4 Violins"
Alfredo De Angelis,Orquesta Alfredo De Angelis,12/13/1949,Carro viejo,,Tango,Julio Martel,Odeón,Micro,17520,30428-B,Fernando Montoni,Máximo Orsi,,Dante + Martel Duo (1944-50),Alfredo De Angelis,Hugo Besnatti,"Carlos Cubría, Eduardo Talián, Guillermo Vilar, Alfredo Dafuncio, Jorge Musante","Wenceslao Cinosi, Ángel Vilar, Hamlet Cicero, Hipólito Caron","Piano, Bass, 5 Bandoneons, 4 Violins"
Alfredo De Angelis,Orquesta Alfredo De Angelis,12/13/1949,La limosna,,Tango,Julio Martel,Odeón,Micro,17519,30427-A,Juan José Guichandut,Horacio Sanguinetti,,Dante + Martel Duo (1944-50),Alfredo De Angelis,Hugo Besnatti,"Carlos Cubría, Eduardo Talián, Guillermo Vilar, Alfredo Dafuncio, Jorge Musante","Wenceslao Cinosi, Ángel Vilar, Hamlet Cicero, Hipólito Caron","Piano, Bass, 5 Bandoneons, 4 Violins"
Alfredo De Angelis,Orquesta Alfredo De Angelis,12/23/1949,Adiós vidalita,,Tango,Carlos Dante,Odeón,Micro,17537,30427-B,Juan Larenza,Lito Bayardo,,Dante + Martel Duo (1944-50),Alfredo De Angelis,Hugo Besnatti,"Carlos Cubría, Eduardo Talián, Guillermo Vilar, Alfredo Dafuncio, Jorge Musante","Wenceslao Cinosi, Ángel Vilar, Hamlet Cicero, Hipólito Caron","Piano, Bass, 5 Bandoneons, 4 Violins"
Alfredo De Angelis,Orquesta Alfredo De Angelis,12/23/1949,Al pie de la Santa Cruz,,Tango,Carlos Dante,Odeón,Micro,17536,30426-B,Enrique Delfino,Mario Battistella,,Dante + Martel Duo (1944-50),Alfredo De Angelis,Hugo Besnatti,"Carlos Cubría, Eduardo Talián, Guillermo Vilar, Alfredo Dafuncio, Jorge Musante","Wenceslao Cinosi, Ángel Vilar, Hamlet Cicero, Hipólito Caron","Piano, Bass, 5 Bandoneons, 4 Violins"
Alfredo De Angelis,Orquesta Alfredo De Angelis,3/28/1950,Gloria,,Tango,Carlos Dante,Odeón,Micro,17598,30430-B,Humberto Canaro,Armando Tagini,,Dante + Martel Duo (1944-50),Alfredo De Angelis,Hugo Besnatti,"Carlos Cubría, Eduardo Talián, Guillermo Vilar, Alfredo Dafuncio, Jorge Musante","Wenceslao Cinosi, Ángel Vilar, Hamlet Cicero, Hipólito Caron","Piano, Bass, 5 Bandoneons, 4 Violins"
Alfredo De Angelis,Orquesta Alfredo De Angelis,3/28/1950,Sos bueno vos también,,Tango,Julio Martel,Odeón,Micro,17597,30430-A,Francisco Canaro,Juan Andrés Caruso,,Dante + Martel Duo (1944-50),Alfredo De Angelis,Hugo Besnatti,"Carlos Cubría, Eduardo Talián, Guillermo Vilar, Alfredo Dafuncio, Jorge Musante","Wenceslao Cinosi, Ángel Vilar, Hamlet Cicero, Hipólito Caron","Piano, Bass, 5 Bandoneons, 4 Violins"
Alfredo De Angelis,Orquesta Alfredo De Angelis,4/19/1950,Jorge Duval,,Tango,Instrumental,Odeón,Micro,17623,55095-A,Alfredo De Angelis,,,Dante + Martel Duo (1944-50),Alfredo De Angelis,Hugo Besnatti,"Carlos Cubría, Eduardo Talián, Guillermo Vilar, Alfredo Dafuncio, Jorge Musante","Wenceslao Cinosi, Ángel Vilar, Hamlet Cicero, Hipólito Caron","Piano, Bass, 5 Bandoneons, 4 Violins"
Alfredo De Angelis,Orquesta Alfredo De Angelis,4/16/1950,No vuelvas María,,Vals,Carlos Dante y Julio Martel,Odeón,Micro,17624,55095-B,Juan Larenza,Cátulo Castillo,,Dante + Martel Duo (1944-50),Alfredo De Angelis,Hugo Besnatti,"Carlos Cubría, Eduardo Talián, Guillermo Vilar, Alfredo Dafuncio, Jorge Musante","Wenceslao Cinosi, Ángel Vilar, Hamlet Cicero, Hipólito Caron","Piano, Bass, 5 Bandoneons, 4 Violins"
Alfredo De Angelis,Orquesta Alfredo De Angelis,5/19/1950,Adiós muchachos,,Tango,Julio Martel,Odeón,Micro,17660,55104-B,Julio Cesar Sanders,Cesar Vedani,,Dante + Martel Duo (1944-50),Alfredo De Angelis,Hugo Besnatti,"Carlos Cubría, Eduardo Talián, Guillermo Vilar, Alfredo Dafuncio, Jorge Musante","Wenceslao Cinosi, Ángel Vilar, Hamlet Cicero, Hipólito Caron","Piano, Bass, 5 Bandoneons, 4 Violins"
Alfredo De Angelis,Orquesta Alfredo De Angelis,5/19/1950,Bésame en la boca,,Tango,Carlos Dante,Odeón,Micro,17659,55104-A,José María Rizzuti,Eduardo Calvo,,Dante + Martel Duo (1944-50),Alfredo De Angelis,Hugo Besnatti,"Carlos Cubría, Eduardo Talián, Guillermo Vilar, Alfredo Dafuncio, Jorge Musante","Wenceslao Cinosi, Ángel Vilar, Hamlet Cicero, Hipólito Caron","Piano, Bass, 5 Bandoneons, 4 Violins"
Alfredo De Angelis,Orquesta Alfredo De Angelis,6/7/1950,El otario,,Milonga,Instrumental,Odeón,Micro,17678,55129-A,Gerardo Metalle,Juan Velich,,Dante + Martel Duo (1944-50),Alfredo De Angelis,Hugo Besnatti,"Carlos Cubría, Eduardo Talián, Guillermo Vilar, Alfredo Dafuncio, Jorge Musante","Wenceslao Cinosi, Ángel Vilar, Hamlet Cicero, Hipólito Caron","Piano, Bass, 5 Bandoneons, 4 Violins"
Alfredo De Angelis,Orquesta Alfredo De Angelis,6/7/1950,El santo de la espada,,Vals,Julio Martel,Odeón,Micro,17673,55116-A,Luis Mendoza,Reinaldo Yiso,,Dante + Martel Duo (1944-50),Alfredo De Angelis,Hugo Besnatti,"Carlos Cubría, Eduardo Talián, Guillermo Vilar, Alfredo Dafuncio, Jorge Musante","Wenceslao Cinosi, Ángel Vilar, Hamlet Cicero, Hipólito Caron","Piano, Bass, 5 Bandoneons, 4 Violins"
Alfredo De Angelis,Orquesta Alfredo De Angelis,6/7/1950,La marcha nupcial,,Tango,Carlos Dante,Odeón,Micro,17675,55116-B,Venancio Clauso,Armando Tagini,,Dante + Martel Duo (1944-50),Alfredo De Angelis,Hugo Besnatti,"Carlos Cubría, Eduardo Talián, Guillermo Vilar, Alfredo Dafuncio, Jorge Musante","Wenceslao Cinosi, Ángel Vilar, Hamlet Cicero, Hipólito Caron","Piano, Bass, 5 Bandoneons, 4 Violins"
Alfredo De Angelis,Orquesta Alfredo De Angelis,9/22/1950,Nunca te podré olvidar,,Tango,Carlos Dante,Odeón,Micro,17810,55158-A,Victor Braña,Enrique Gaudino,,Dante + Martel Duo (1944-50),Alfredo De Angelis,Hugo Besnatti,"Carlos Cubría, Eduardo Talián, Guillermo Vilar, Alfredo Dafuncio, Jorge Musante","Wenceslao Cinosi, Ángel Vilar, Hamlet Cicero, Hipólito Caron","Piano, Bass, 5 Bandoneons, 4 Violins"
Alfredo De Angelis,Orquesta Alfredo De Angelis,7/20/1950,Nueve de julio,9 De Julio,Tango,Instrumental,Odeón,Micro,17722,55129-B,José Luis Padula,,,Dante + Martel Duo (1944-50),Alfredo De Angelis,Hugo Besnatti,"Carlos Cubría, Eduardo Talián, Guillermo Vilar, Alfredo Dafuncio, Jorge Musante","Wenceslao Cinosi, Ángel Vilar, Hamlet Cicero, Hipólito Caron","Piano, Bass, 5 Bandoneons, 4 Violins"
Alfredo De Angelis,Orquesta Alfredo De Angelis,9/22/1950,Virgen de la serranía,,Tango,Carlos Dante y Julio Martel,Odeón,Micro,17811,55158-B,Angel Donato,Alberto Cosentino,,Dante + Martel Duo (1944-50),Alfredo De Angelis,Hugo Besnatti,"Carlos Cubría, Eduardo Talián, Guillermo Vilar, Alfredo Dafuncio, Jorge Musante","Wenceslao Cinosi, Ángel Vilar, Hamlet Cicero, Hipólito Caron","Piano, Bass, 5 Bandoneons, 4 Violins"
Alfredo De Angelis,Orquesta Alfredo De Angelis,11/10/1950,Como la caperucita,,Tango,Carlos Dante y Julio Martel,Odeón,Micro,17876,55183-A,Alfredo De Angelis,José Rótulo,,Dante + Martel Duo (1944-50),Alfredo De Angelis,Hugo Besnatti,"Carlos Cubría, Eduardo Talián, Guillermo Vilar, Alfredo Dafuncio, Jorge Musante","Wenceslao Cinosi, Ángel Vilar, Hamlet Cicero, Hipólito Caron","Piano, Bass, 5 Bandoneons, 4 Violins"
Alfredo De Angelis,Orquesta Alfredo De Angelis,11/10/1950,Selección de tangos de Enrique Delfino,Cuando Era Chiquitito - Palermo - Araca la Cana - el que con Chicos se Acuesta - Otario que Andás Penando - Haragán,Tango,Carlos Dante y Julio Martel,Odeón,Micro,17877,55183-B,Enrique Delfino,Varios,,Dante + Martel Duo (1944-50),Alfredo De Angelis,Hugo Besnatti,"Carlos Cubría, Eduardo Talián, Guillermo Vilar, Alfredo Dafuncio, Jorge Musante","Wenceslao Cinosi, Ángel Vilar, Hamlet Cicero, Hipólito Caron","Piano, Bass, 5 Bandoneons, 4 Violins"
Alfredo De Angelis,Orquesta Alfredo De Angelis,12/12/1950,Apadrinando,,Vals,Carlos Dante,Odeón,Micro,17931,55220-A,Víctor Braña,Enrique Gaudino,,Dante + Martel Duo (1944-50),Alfredo De Angelis,Hugo Besnatti,"Carlos Cubría, Eduardo Talián, Guillermo Vilar, Alfredo Dafuncio, Jorge Musante","Wenceslao Cinosi, Ángel Vilar, Hamlet Cicero, Hipólito Caron","Piano, Bass, 5 Bandoneons, 4 Violins"
Alfredo De Angelis,Orquesta Alfredo De Angelis,12/12/1950,Imaginación,,Vals,Instrumental,Odeón,Micro,17928,55229-A,Elvino Vardaro,Francisco García Jiménez,,Dante + Martel Duo (1944-50),Alfredo De Angelis,Hugo Besnatti,"Carlos Cubría, Eduardo Talián, Guillermo Vilar, Alfredo Dafuncio, Jorge Musante","Wenceslao Cinosi, Ángel Vilar, Hamlet Cicero, Hipólito Caron","Piano, Bass, 5 Bandoneons, 4 Violins"
Alfredo De Angelis,Orquesta Alfredo De Angelis,12/12/1950,Largaron,,Tango,Instrumental,Odeón,Micro,17930,55203-B,Carlos Cubría,,,Dante + Martel Duo (1944-50),Alfredo De Angelis,Hugo Besnatti,"Carlos Cubría, Eduardo Talián, Guillermo Vilar, Alfredo Dafuncio, Jorge Musante","Wenceslao Cinosi, Ángel Vilar, Hamlet Cicero, Hipólito Caron","Piano, Bass, 5 Bandoneons, 4 Violins"
Alfredo De Angelis,Orquesta Alfredo De Angelis,12/12/1950,Tus palabras y la noche,,Tango,Julio Martel,Odeón,Micro,17929,55203-A,Emilio Querejeta,Carlos Cacciari,,Dante + Martel Duo (1944-50),Alfredo De Angelis,Hugo Besnatti,"Carlos Cubría, Eduardo Talián, Guillermo Vilar, Alfredo Dafuncio, Jorge Musante","Wenceslao Cinosi, Ángel Vilar, Hamlet Cicero, Hipólito Caron","Piano, Bass, 5 Bandoneons, 4 Violins"
Alfredo De Angelis,Orquesta Alfredo De Angelis,5/10/1951,Flor de fango,,Tango,Oscar Larroca,Odeón,Micro,17994,55261-A,Augusto Gentile,Pascual Contursi,,Dante + Larroca (1950-52),Alfredo De Angelis,Hugo Besnatti,"Carlos Cubría, Eduardo Talián, Guillermo Vilar, Alfredo Dafuncio, Jorge Musante","Wenceslao Cinosi, Ángel Vilar, Hamlet Cicero, Hipólito Caron","Piano, Bass, 5 Bandoneons, 4 Violins"
Alfredo De Angelis,Orquesta Alfredo De Angelis,5/10/1951,Llevátelo todo,,Tango,Oscar Larroca,Odeón,Micro,17995,55279-A,Rodolfo Schiammarella,Rodolfo Schiammarella,,Dante + Larroca (1950-52),Alfredo De Angelis,Hugo Besnatti,"Carlos Cubría, Eduardo Talián, Guillermo Vilar, Alfredo Dafuncio, Jorge Musante","Wenceslao Cinosi, Ángel Vilar, Hamlet Cicero, Hipólito Caron","Piano, Bass, 5 Bandoneons, 4 Violins"
Alfredo De Angelis,Orquesta Alfredo De Angelis,5/10/1951,Por qué me das dique,,Tango,Oscar Larroca,Odeón,Micro,17993,55242-A,Rodolfo Schiammarella,Luis Alonso,,Dante + Larroca (1950-52),Alfredo De Angelis,Hugo Besnatti,"Carlos Cubría, Eduardo Talián, Guillermo Vilar, Alfredo Dafuncio, Jorge Musante","Wenceslao Cinosi, Ángel Vilar, Hamlet Cicero, Hipólito Caron","Piano, Bass, 5 Bandoneons, 4 Violins"
Alfredo De Angelis,Orquesta Alfredo De Angelis,5/29/1951,Patrona,,Milonga,Carlos Dante,Odeón,Micro,18033,55179-B,Juan Larenza,Cátulo Castillo,,Dante + Larroca (1950-52),Alfredo De Angelis,Hugo Besnatti,"Carlos Cubría, Eduardo Talián, Guillermo Vilar, Alfredo Dafuncio, Jorge Musante","Wenceslao Cinosi, Ángel Vilar, Hamlet Cicero, Hipólito Caron","Piano, Bass, 5 Bandoneons, 4 Violins"
Alfredo De Angelis,Orquesta Alfredo De Angelis,5/29/1951,Por qué doblan las campanas,,Tango,Carlos Dante y Oscar Larroca,Odeón,Micro,18034,55242-B,Alfredo De Angelis,José Rótulo,,Dante + Larroca (1950-52),Alfredo De Angelis,Hugo Besnatti,"Carlos Cubría, Eduardo Talián, Guillermo Vilar, Alfredo Dafuncio, Jorge Musante","Wenceslao Cinosi, Ángel Vilar, Hamlet Cicero, Hipólito Caron","Piano, Bass, 5 Bandoneons, 4 Violins"
Alfredo De Angelis,Orquesta Alfredo De Angelis,5/29/1951,Telarañas,,Tango,Carlos Dante y Oscar Larroca,Odeón,Micro,18035,55261-B,Andrés Domenech,Jesús Fernández Blanco,,Dante + Larroca (1950-52),Alfredo De Angelis,Hugo Besnatti,"Carlos Cubría, Eduardo Talián, Guillermo Vilar, Alfredo Dafuncio, Jorge Musante","Wenceslao Cinosi, Ángel Vilar, Hamlet Cicero, Hipólito Caron","Piano, Bass, 5 Bandoneons, 4 Violins"
Alfredo De Angelis,Orquesta Alfredo De Angelis,7/11/1951,Caminito del taller,,Tango,Carlos Dante,Odeón,Micro,18100,55293-A,Cátulo Castillo,Cátulo Castillo,,Dante + Larroca (1950-52),Alfredo De Angelis,Hugo Besnatti,"Carlos Cubría, Eduardo Talián, Guillermo Vilar, Alfredo Dafuncio, Jorge Musante","Wenceslao Cinosi, Ángel Vilar, Hamlet Cicero, Hipólito Caron","Piano, Bass, 5 Bandoneons, 4 Violins"
Alfredo De Angelis,Orquesta Alfredo De Angelis,7/11/1951,Criolla,,Vals,Carlos Dante y Oscar Larroca,Odeón,Micro,18101,55293-B,Arturo Gallucci,Enrique Gaudino,,Dante + Larroca (1950-52),Alfredo De Angelis,Hugo Besnatti,"Carlos Cubría, Eduardo Talián, Guillermo Vilar, Alfredo Dafuncio, Jorge Musante","Wenceslao Cinosi, Ángel Vilar, Hamlet Cicero, Hipólito Caron","Piano, Bass, 5 Bandoneons, 4 Violins"
Alfredo De Angelis,Orquesta Alfredo De Angelis,10/23/1951,Almagro,,Tango,Oscar Larroca,Odeón,Micro,18248,55329-A,Vicente San Lorenzo,Iván Diez,,Dante + Larroca (1950-52),Alfredo De Angelis,Hugo Besnatti,"Carlos Cubría, Eduardo Talián, Guillermo Vilar, Alfredo Dafuncio, Jorge Musante","Wenceslao Cinosi, Ángel Vilar, Hamlet Cicero, Hipólito Caron","Piano, Bass, 5 Bandoneons, 4 Violins"
Alfredo De Angelis,Orquesta Alfredo De Angelis,10/23/1951,Entrá nomás,,Tango,Oscar Larroca,Odeón,Micro,18247,55302-A,Juan Rezzano,Francisco Bastardi,,Dante + Larroca (1950-52),Alfredo De Angelis,Hugo Besnatti,"Carlos Cubría, Eduardo Talián, Guillermo Vilar, Alfredo Dafuncio, Jorge Musante","Wenceslao Cinosi, Ángel Vilar, Hamlet Cicero, Hipólito Caron","Piano, Bass, 5 Bandoneons, 4 Violins"
Alfredo De Angelis,Orquesta Alfredo De Angelis,11/3/1951,Pasional,,Tango,Oscar Larroca,Odeón,Micro,18255,55319-A,Jorge Caldara,Mario Soto,,Dante + Larroca (1950-52),Alfredo De Angelis,Hugo Besnatti,"Carlos Cubría, Eduardo Talián, Guillermo Vilar, Alfredo Dafuncio, Jorge Musante","Wenceslao Cinosi, Ángel Vilar, Hamlet Cicero, Hipólito Caron","Piano, Bass, 5 Bandoneons, 4 Violins"
Alfredo De Angelis,Orquesta Alfredo De Angelis,11/5/1951,Miguelito el arriero,,Tango,Carlos Dante y Oscar Larroca,Odeón,Micro,18256,55302-B,Hipólito Carón,Hipólito Oneca,,Dante + Larroca (1950-52),Alfredo De Angelis,Hugo Besnatti,"Carlos Cubría, Eduardo Talián, Guillermo Vilar, Alfredo Dafuncio, Jorge Musante","Wenceslao Cinosi, Ángel Vilar, Hamlet Cicero, Hipólito Caron","Piano, Bass, 5 Bandoneons, 4 Violins"
Alfredo De Angelis,Orquesta Alfredo De Angelis,11/12/1951,La misma tarde,,Tango,Carlos Dante y Oscar Larroca,Odeón,Micro,18261,55329-B,Graciano Gómez,Justo Ricardo Thompson,,Dante + Larroca (1950-52),Alfredo De Angelis,Hugo Besnatti,"Carlos Cubría, Eduardo Talián, Guillermo Vilar, Alfredo Dafuncio, Jorge Musante","Wenceslao Cinosi, Ángel Vilar, Hamlet Cicero, Hipólito Caron","Piano, Bass, 5 Bandoneons, 4 Violins"
Alfredo De Angelis,Orquesta Alfredo De Angelis,11/12/1951,Pampa y cielo,,Vals,Carlos Dante,Odeón,Micro,18262,55319-B,Pacífico Lambertucci,Pacífico Lambertucci,,Dante + Larroca (1950-52),Alfredo De Angelis,Hugo Besnatti,"Carlos Cubría, Eduardo Talián, Guillermo Vilar, Alfredo Dafuncio, Jorge Musante","Wenceslao Cinosi, Ángel Vilar, Hamlet Cicero, Hipólito Caron","Piano, Bass, 5 Bandoneons, 4 Violins"
Alfredo De Angelis,Orquesta Alfredo De Angelis,4/15/1952,La flauta de Bartolo,,Milonga,Carlos Dante y Oscar Larroca,Odeón,Micro,18367,55382-B,Domingo Sciaraffia,Domingo Sciaraffia,,Dante + Larroca (1950-52),Alfredo De Angelis,Hugo Besnatti,"Carlos Cubría, Eduardo Talián, Guillermo Vilar, Alfredo Dafuncio, Jorge Musante","Wenceslao Cinosi, Ángel Vilar, Hamlet Cicero, Hipólito Caron","Piano, Bass, 5 Bandoneons, 4 Violins"
Alfredo De Angelis,Orquesta Alfredo De Angelis,4/15/1952,Pobre de ellos,,Tango,Carlos Dante,Odeón,Micro,18366,55382-A,Héctor Marcó,Héctor Marcó,,Dante + Larroca (1950-52),Alfredo De Angelis,Hugo Besnatti,"Carlos Cubría, Eduardo Talián, Guillermo Vilar, Alfredo Dafuncio, Jorge Musante","Wenceslao Cinosi, Ángel Vilar, Hamlet Cicero, Hipólito Caron","Piano, Bass, 5 Bandoneons, 4 Violins"
Alfredo De Angelis,Orquesta Alfredo De Angelis,5/20/1952,Medallita de la suerte,Mon Bijou,Tango,Oscar Larroca,Odeón,Micro,18408,55406-A,Carlos Gardel,Mario Battistella,,Dante + Larroca (1950-52),Alfredo De Angelis,Hugo Besnatti,"Carlos Cubría, Eduardo Talián, Guillermo Vilar, Alfredo Dafuncio, Jorge Musante","Wenceslao Cinosi, Ángel Vilar, Hamlet Cicero, Hipólito Caron","Piano, Bass, 5 Bandoneons, 4 Violins"
Alfredo De Angelis,Orquesta Alfredo De Angelis,5/20/1952,Pa' mí es igual,Siempre Amigos,Tango,Oscar Larroca,Odeón,Micro,18409,55423-A,Lucio Demare,Enrique Cadícamo,,Dante + Larroca (1950-52),Alfredo De Angelis,Hugo Besnatti,"Carlos Cubría, Eduardo Talián, Guillermo Vilar, Alfredo Dafuncio, Jorge Musante","Wenceslao Cinosi, Ángel Vilar, Hamlet Cicero, Hipólito Caron","Piano, Bass, 5 Bandoneons, 4 Violins"
Alfredo De Angelis,Orquesta Alfredo De Angelis,5/30/1952,Sonsa,,Tango,Carlos Dante,Odeón,Micro,18424,55423-B,Raúl de los Hoyos,Emilio Fresedo,,Dante + Larroca (1950-52),Alfredo De Angelis,Hugo Besnatti,"Carlos Cubría, Eduardo Talián, Guillermo Vilar, Alfredo Dafuncio, Jorge Musante","Wenceslao Cinosi, Ángel Vilar, Hamlet Cicero, Hipólito Caron","Piano, Bass, 5 Bandoneons, 4 Violins"
Alfredo De Angelis,Orquesta Alfredo De Angelis,5/30/1952,Un cacho 'e tango,,Tango,Carlos Dante,Odeón,Micro,18425,55406-B,Alfredo De Angelis,Francisco Amor,,Dante + Larroca (1950-52),Alfredo De Angelis,Hugo Besnatti,"Carlos Cubría, Eduardo Talián, Guillermo Vilar, Alfredo Dafuncio, Jorge Musante","Wenceslao Cinosi, Ángel Vilar, Hamlet Cicero, Hipólito Caron","Piano, Bass, 5 Bandoneons, 4 Violins"
Alfredo De Angelis,Orquesta Alfredo De Angelis,7/1/1952,Cuando llora la milonga,,Tango,Instrumental,Odeón,Micro,18462,55559-A,Juan de Dios Filiberto,María Luisa Carnelli,,Dante + Larroca (1950-52),Alfredo De Angelis,Hugo Besnatti,"Carlos Cubría, Eduardo Talián, Guillermo Vilar, Alfredo Dafuncio, Jorge Musante","Wenceslao Cinosi, Ángel Vilar, Hamlet Cicero, Hipólito Caron","Piano, Bass, 5 Bandoneons, 4 Violins"
Alfredo De Angelis,Orquesta Alfredo De Angelis,7/1/1952,Zorro gris,,Tango,Oscar Larroca,Odeón,Micro,18463,55455-A,Rafael Tuegols,Francisco García Jiménez,,Dante + Larroca (1950-52),Alfredo De Angelis,Hugo Besnatti,"Carlos Cubría, Eduardo Talián, Guillermo Vilar, Alfredo Dafuncio, Jorge Musante","Wenceslao Cinosi, Ángel Vilar, Hamlet Cicero, Hipólito Caron","Piano, Bass, 5 Bandoneons, 4 Violins"
Alfredo De Angelis,Orquesta Alfredo De Angelis,8/5/1952,El choclo,,Tango,Instrumental,Odeón,Micro,18510,55455-B,Angel Villoldo,Enrique Santos Discépolo,,Dante + Larroca (1950-52),Alfredo De Angelis,Hugo Besnatti,"Carlos Cubría, Eduardo Talián, Guillermo Vilar, Alfredo Dafuncio, Jorge Musante","Wenceslao Cinosi, Ángel Vilar, Hamlet Cicero, Hipólito Caron","Piano, Bass, 5 Bandoneons, 4 Violins"
Alfredo De Angelis,Orquesta Alfredo De Angelis,8/5/1952,Tradición,,Tango,Carlos Dante y Oscar Larroca,Odeón,Micro,18511,55406-A,Fausto Frontera,Enrique Cadícamo,,Dante + Larroca (1950-52),Alfredo De Angelis,Hugo Besnatti,"Carlos Cubría, Eduardo Talián, Guillermo Vilar, Alfredo Dafuncio, Jorge Musante","Wenceslao Cinosi, Ángel Vilar, Hamlet Cicero, Hipólito Caron","Piano, Bass, 5 Bandoneons, 4 Violins"
Alfredo De Angelis,Orquesta Alfredo De Angelis,8/5/1952,Trapo Viejo,,Tango,Carlos Dante,Odeón,Micro,18512,55460-B,Agustín Magaldi,Benjamín Tagle Lara,,Dante + Larroca (1950-52),Alfredo De Angelis,Hugo Besnatti,"Carlos Cubría, Eduardo Talián, Guillermo Vilar, Alfredo Dafuncio, Jorge Musante","Wenceslao Cinosi, Ángel Vilar, Hamlet Cicero, Hipólito Caron","Piano, Bass, 5 Bandoneons, 4 Violins"
Alfredo De Angelis,Orquesta Alfredo De Angelis,10/8/1952,Lina,,Vals,Carlos Dante y Oscar Larroca,Odeón,Tape,18643,55482-A,Venancio Clauso,Venancio Clauso,,Tape (1952-56),Alfredo De Angelis,Hugo Besnatti,"Carlos Cubría, Eduardo Talián, Guillermo Vilar, Alfredo Dafuncio, Jorge Musante","Wenceslao Cinosi, Ángel Vilar, Hamlet Cicero, Hipólito Caron","Piano, Bass, 5 Bandoneons, 4 Violins"
Alfredo De Angelis,Orquesta Alfredo De Angelis,10/8/1952,Seis de enero,,Tango,Carlos Dante,Odeón,Tape,18644,55482-B,Arturo Gallucci,Reinaldo Yiso,,Tape (1952-56),Alfredo De Angelis,Hugo Besnatti,"Carlos Cubría, Eduardo Talián, Guillermo Vilar, Alfredo Dafuncio, Jorge Musante","Wenceslao Cinosi, Ángel Vilar, Hamlet Cicero, Hipólito Caron","Piano, Bass, 5 Bandoneons, 4 Violins"
Alfredo De Angelis,Orquesta Alfredo De Angelis,11/14/1952,El once (A divertirse),A Divertirse,Tango,Instrumental,Odeón,Tape,18706,55522-A,Osvaldo Fresedo,Emilio Fresedo,,Tape (1952-56),Alfredo De Angelis,Hugo Besnatti,"Carlos Cubría, Eduardo Talián, Guillermo Vilar, Alfredo Dafuncio, Jorge Musante","Wenceslao Cinosi, Ángel Vilar, Hamlet Cicero, Hipólito Caron","Piano, Bass, 5 Bandoneons, 4 Violins"
Alfredo De Angelis,Orquesta Alfredo De Angelis,11/14/1952,Hacelo por la vieja,,Tango,Oscar Larroca,Odeón,Tape,18708,55501-A,Rodolfo Schiammarella,Carlos Viván,,Tape (1952-56),Alfredo De Angelis,Hugo Besnatti,"Carlos Cubría, Eduardo Talián, Guillermo Vilar, Alfredo Dafuncio, Jorge Musante","Wenceslao Cinosi, Ángel Vilar, Hamlet Cicero, Hipólito Caron","Piano, Bass, 5 Bandoneons, 4 Violins"
Alfredo De Angelis,Orquesta Alfredo De Angelis,11/14/1952,Rayito,,Tango,Instrumental,Odeón,Tape,18707,55559-A,Alfonso Lacueva,,,Tape (1952-56),Alfredo De Angelis,Hugo Besnatti,"Carlos Cubría, Eduardo Talián, Guillermo Vilar, Alfredo Dafuncio, Jorge Musante","Wenceslao Cinosi, Ángel Vilar, Hamlet Cicero, Hipólito Caron","Piano, Bass, 5 Bandoneons, 4 Violins"
Alfredo De Angelis,Orquesta Alfredo De Angelis,11/14/1952,Tus besos fueron míos,,Tango,Carlos Dante,Odeón,Tape,18709,55501-B,Anselmo Aieta,Francisco García Jiménez,,Tape (1952-56),Alfredo De Angelis,Hugo Besnatti,"Carlos Cubría, Eduardo Talián, Guillermo Vilar, Alfredo Dafuncio, Jorge Musante","Wenceslao Cinosi, Ángel Vilar, Hamlet Cicero, Hipólito Caron","Piano, Bass, 5 Bandoneons, 4 Violins"
Alfredo De Angelis,Orquesta Alfredo De Angelis,11/25/1952,Como la margarita,,Vals,Carlos Dante y Oscar Larroca,Odeón,Tape,18719,55670-A,Héctor Gentile,José Rótulo,,Tape (1952-56),Alfredo De Angelis,Hugo Besnatti,"Carlos Cubría, Eduardo Talián, Guillermo Vilar, Alfredo Dafuncio, Jorge Musante","Wenceslao Cinosi, Ángel Vilar, Hamlet Cicero, Hipólito Caron","Piano, Bass, 5 Bandoneons, 4 Violins"
Alfredo De Angelis,Orquesta Alfredo De Angelis,11/25/1952,Para ustedes,,Tango,Instrumental,Odeón,Tape,18718,55564-A,Guillermo Vilar,,,Tape (1952-56),Alfredo De Angelis,Hugo Besnatti,"Carlos Cubría, Eduardo Talián, Guillermo Vilar, Alfredo Dafuncio, Jorge Musante","Wenceslao Cinosi, Ángel Vilar, Hamlet Cicero, Hipólito Caron","Piano, Bass, 5 Bandoneons, 4 Violins"
Alfredo De Angelis,Orquesta Alfredo De Angelis,11/25/1952,Que nadie se entere,,Tango,Oscar Larroca,Odeón,Tape,18717,55534-A,Alberto Gómez,Alberto Gómez,,Tape (1952-56),Alfredo De Angelis,Hugo Besnatti,"Carlos Cubría, Eduardo Talián, Guillermo Vilar, Alfredo Dafuncio, Jorge Musante","Wenceslao Cinosi, Ángel Vilar, Hamlet Cicero, Hipólito Caron","Piano, Bass, 5 Bandoneons, 4 Violins"
Alfredo De Angelis,Orquesta Alfredo De Angelis,12/23/1952,Oyeme mamá,,Tango,Carlos Dante,Odeón,Tape,18757,55534-b,Armando Balioti,Julio Jorge Nelson,,Tape (1952-56),Alfredo De Angelis,Hugo Besnatti,"Carlos Cubría, Eduardo Talián, Guillermo Vilar, Alfredo Dafuncio, Jorge Musante","Wenceslao Cinosi, Ángel Vilar, Hamlet Cicero, Hipólito Caron","Piano, Bass, 5 Bandoneons, 4 Violins"
Alfredo De Angelis,Orquesta Alfredo De Angelis,12/23/1952,Verdad que no,,Tango,Carlos Dante,Odeón,Tape,18758,55564-B,Juan Miguel Rodríguez,José Rótulo,,Tape (1952-56),Alfredo De Angelis,Hugo Besnatti,"Carlos Cubría, Eduardo Talián, Guillermo Vilar, Alfredo Dafuncio, Jorge Musante","Wenceslao Cinosi, Ángel Vilar, Hamlet Cicero, Hipólito Caron","Piano, Bass, 5 Bandoneons, 4 Violins"
Alfredo De Angelis,Orquesta Alfredo De Angelis,4/14/1953,Quién más quién menos,,Tango,Carlos Dante,Odeón,Tape,18870,55632-A,Enrique Santos Discépolo,Enrique Santos Discépolo,,Tape (1952-56),Alfredo De Angelis,Hugo Besnatti,"Carlos Cubría, Eduardo Talián, Guillermo Vilar, Alfredo Dafuncio, Jorge Musante","Wenceslao Cinosi, Ángel Vilar, Hamlet Cicero, Hipólito Caron","Piano, Bass, 5 Bandoneons, 4 Violins"
Alfredo De Angelis,Orquesta Alfredo De Angelis,4/14/1953,Viejo rincón,,Tango,Oscar Larroca,Odeón,Tape,18871,55632-B,Raúl de los Hoyos,Roberto Lino Cayol,,Tape (1952-56),Alfredo De Angelis,Hugo Besnatti,"Carlos Cubría, Eduardo Talián, Guillermo Vilar, Alfredo Dafuncio, Jorge Musante","Wenceslao Cinosi, Ángel Vilar, Hamlet Cicero, Hipólito Caron","Piano, Bass, 5 Bandoneons, 4 Violins"
Alfredo De Angelis,Orquesta Alfredo De Angelis,5/6/1953,Cómo nos cambia la vida,,Tango,Oscar Larroca,Odeón,Tape,18898,55670-B,Roberto Rufino,Marvil (Elizardo Martínez Vilas),,Tape (1952-56),Alfredo De Angelis,Hugo Besnatti,"Carlos Cubría, Eduardo Talián, Guillermo Vilar, Alfredo Dafuncio, Jorge Musante","Wenceslao Cinosi, Ángel Vilar, Hamlet Cicero, Hipólito Caron","Piano, Bass, 5 Bandoneons, 4 Violins"
Alfredo De Angelis,Orquesta Alfredo De Angelis,5/6/1953,Lo llevo en la sangre,,Tango,Carlos Dante,Odeón,Tape,18897,55670-A,Victor Braña,Enrique Gaudino,,Tape (1952-56),Alfredo De Angelis,Hugo Besnatti,"Carlos Cubría, Eduardo Talián, Guillermo Vilar, Alfredo Dafuncio, Jorge Musante","Wenceslao Cinosi, Ángel Vilar, Hamlet Cicero, Hipólito Caron","Piano, Bass, 5 Bandoneons, 4 Violins"
Alfredo De Angelis,Orquesta Alfredo De Angelis,6/11/1953,Bailarín compadrito,,Tango,Oscar Larroca,Odeón,Tape,18960,55700-B,Miguel Bucino,Miguel Bucino,,Tape (1952-56),Alfredo De Angelis,Hugo Besnatti,"Carlos Cubría, Eduardo Talián, Guillermo Vilar, Alfredo Dafuncio, Jorge Musante","Wenceslao Cinosi, Ángel Vilar, Hamlet Cicero, Hipólito Caron","Piano, Bass, 5 Bandoneons, 4 Violins"
Alfredo De Angelis,Orquesta Alfredo De Angelis,6/11/1953,Milonguita (Esthercita),Esthercita,Tango,Carlos Dante,Odeón,Tape,18959,55700-A,Enrique Delfino,Samuel Linnig,,Tape (1952-56),Alfredo De Angelis,Hugo Besnatti,"Carlos Cubría, Eduardo Talián, Guillermo Vilar, Alfredo Dafuncio, Jorge Musante","Wenceslao Cinosi, Ángel Vilar, Hamlet Cicero, Hipólito Caron","Piano, Bass, 5 Bandoneons, 4 Violins"
Alfredo De Angelis,Orquesta Alfredo De Angelis,7/3/1953,La loba,,Tango,Instrumental,Odeón,Tape,19001,55734-A,Oscar Cianciarulo,Vicente Planells del Campo,,Tape (1952-56),Alfredo De Angelis,Hugo Besnatti,"Carlos Cubría, Eduardo Talián, Guillermo Vilar, Alfredo Dafuncio, Jorge Musante","Wenceslao Cinosi, Ángel Vilar, Hamlet Cicero, Hipólito Caron","Piano, Bass, 5 Bandoneons, 4 Violins"
Alfredo De Angelis,Orquesta Alfredo De Angelis,7/3/1953,Mañanita linda,,Tango,Carlos Dante y Oscar Larroca,Odeón,Tape,19002,55734-B,Alfredo De Angelis,José Rótulo,,Tape (1952-56),Alfredo De Angelis,Hugo Besnatti,"Carlos Cubría, Eduardo Talián, Guillermo Vilar, Alfredo Dafuncio, Jorge Musante","Wenceslao Cinosi, Ángel Vilar, Hamlet Cicero, Hipólito Caron","Piano, Bass, 5 Bandoneons, 4 Violins"
Alfredo De Angelis,Orquesta Alfredo De Angelis,8/26/1953,Selección de tangos [a],Pinche Cruz de Palo La Copa del Olvido Canaro en París Ventanita Florida Carnaval Tiempos Viejos Buen Amigo Pregonera,Tango,Carlos Dante y Oscar Larroca,Odeón,Tape,19088,55842-A,Varios,Varios,,Tape (1952-56),Alfredo De Angelis,Hugo Besnatti,"Carlos Cubría, Eduardo Talián, Guillermo Vilar, Alfredo Dafuncio, Jorge Musante","Wenceslao Cinosi, Ángel Vilar, Hamlet Cicero, Hipólito Caron","Piano, Bass, 5 Bandoneons, 4 Violins"
Alfredo De Angelis,Orquesta Alfredo De Angelis,8/26/1953,Selección de valses,Nubes que Pasan El Aeroplano Desde el Alma El Jardín del Amor Pobre Flor A Magaldi Hay Luz en Tu Ventana Mali Tu Olvido,Vals,Carlos Dante y Oscar Larroca,Odeón,Tape,19089,55789-B,Varios,Varios,,Tape (1952-56),Alfredo De Angelis,Hugo Besnatti,"Carlos Cubría, Eduardo Talián, Guillermo Vilar, Alfredo Dafuncio, Jorge Musante","Wenceslao Cinosi, Ángel Vilar, Hamlet Cicero, Hipólito Caron","Piano, Bass, 5 Bandoneons, 4 Violins"
Alfredo De Angelis,Orquesta Alfredo De Angelis,10/6/1953,Noche callada,,Tango,Carlos Dante y Oscar Larroca,Odeón,Tape,19168,55789-A,Julio De Caro,Eduardo Beccar,,Tape (1952-56),Alfredo De Angelis,Hugo Besnatti,"Carlos Cubría, Eduardo Talián, Guillermo Vilar, Alfredo Dafuncio, Jorge Musante","Wenceslao Cinosi, Ángel Vilar, Hamlet Cicero, Hipólito Caron","Piano, Bass, 5 Bandoneons, 4 Violins"
Alfredo De Angelis,Orquesta Alfredo De Angelis,10/6/1953,Prohibido,,Tango,Oscar Larroca,Odeón,Tape,19169,55789-B,Manuel sucher,Carlos Bahr,,Tape (1952-56),Alfredo De Angelis,Hugo Besnatti,"Carlos Cubría, Eduardo Talián, Guillermo Vilar, Alfredo Dafuncio, Jorge Musante","Wenceslao Cinosi, Ángel Vilar, Hamlet Cicero, Hipólito Caron","Piano, Bass, 5 Bandoneons, 4 Violins"
Alfredo De Angelis,Orquesta Alfredo De Angelis,11/5/1953,La novena,,Tango,Carlos Dante,Odeón,Tape,19219,55816-B,Miguel Bonano,Alfredo Bigeschi,,Tape (1952-56),Alfredo De Angelis,Hugo Besnatti,"Carlos Cubría, Eduardo Talián, Guillermo Vilar, Alfredo Dafuncio, Jorge Musante","Wenceslao Cinosi, Ángel Vilar, Hamlet Cicero, Hipólito Caron","Piano, Bass, 5 Bandoneons, 4 Violins"
Alfredo De Angelis,Orquesta Alfredo De Angelis,11/5/1953,Marcao,,Tango,Oscar Larroca,Odeón,Tape,19218,55816-A,Vicente Demarco,Alfredo Faustino Roldán,,Tape (1952-56),Alfredo De Angelis,Hugo Besnatti,"Carlos Cubría, Eduardo Talián, Guillermo Vilar, Alfredo Dafuncio, Jorge Musante","Wenceslao Cinosi, Ángel Vilar, Hamlet Cicero, Hipólito Caron","Piano, Bass, 5 Bandoneons, 4 Violins"
Alfredo De Angelis,Orquesta Alfredo De Angelis,12/4/1953,Selección de tangos [b],,Tango,Carlos Dante y Oscar Larroca,Odeón,Tape,19266,55842-B,Varios,Varios,,Tape (1952-56),Alfredo De Angelis,Hugo Besnatti,"Carlos Cubría, Eduardo Talián, Guillermo Vilar, Alfredo Dafuncio, Jorge Musante","Wenceslao Cinosi, Ángel Vilar, Hamlet Cicero, Hipólito Caron","Piano, Bass, 5 Bandoneons, 4 Violins"
Alfredo De Angelis,Orquesta Alfredo De Angelis,12/7/1953,Visión,,Tango,Oscar Larroca,Odeón,Tape,19271,55863-B,Jaime de los Hoyos,Nolo López,,Tape (1952-56),Alfredo De Angelis,Hugo Besnatti,"Carlos Cubría, Eduardo Talián, Guillermo Vilar, Alfredo Dafuncio, Jorge Musante","Wenceslao Cinosi, Ángel Vilar, Hamlet Cicero, Hipólito Caron","Piano, Bass, 5 Bandoneons, 4 Violins"
Alfredo De Angelis,Orquesta Alfredo De Angelis,12/7/1953,Volvamos a empezar,,Tango,Oscar Larroca,Odeón,Tape,12485,55878-A,Daniel Alvarez,E. Maradei,,Tape (1952-56),Alfredo De Angelis,Hugo Besnatti,"Carlos Cubría, Eduardo Talián, Guillermo Vilar, Alfredo Dafuncio, Jorge Musante","Wenceslao Cinosi, Ángel Vilar, Hamlet Cicero, Hipólito Caron","Piano, Bass, 5 Bandoneons, 4 Violins"
Alfredo De Angelis,Orquesta Alfredo De Angelis,12/18/1953,Por eso te quiero,,Tango,Carlos Dante,Odeón,Tape,19301,55863-A,Carlos Dante,Reinaldo Yiso,,Tape (1952-56),Alfredo De Angelis,Hugo Besnatti,"Carlos Cubría, Eduardo Talián, Guillermo Vilar, Alfredo Dafuncio, Jorge Musante","Wenceslao Cinosi, Ángel Vilar, Hamlet Cicero, Hipólito Caron","Piano, Bass, 5 Bandoneons, 4 Violins"
Alfredo De Angelis,Orquesta Alfredo De Angelis,12/18/1953,Que nadie sepa mi sufrir,,Vals,Carlos Dante,Odeón,Tape,19302,55878-B,Ángel Cabral,Enrique Dizeo,,Tape (1952-56),Alfredo De Angelis,Hugo Besnatti,"Carlos Cubría, Eduardo Talián, Guillermo Vilar, Alfredo Dafuncio, Jorge Musante","Wenceslao Cinosi, Ángel Vilar, Hamlet Cicero, Hipólito Caron","Piano, Bass, 5 Bandoneons, 4 Violins"
Alfredo De Angelis,Orquesta Alfredo De Angelis,3/15/1954,Amor de cielo,,Tango,Carlos Dante,Odeón,Tape,19394,55910-A,Hipólito Carón,Hipólito Oneca,,Tape (1952-56),Alfredo De Angelis,Hugo Besnatti,"Carlos Cubría, Eduardo Talián, Guillermo Vilar, Alfredo Dafuncio, Jorge Musante","Wenceslao Cinosi, Ángel Vilar, Hamlet Cicero, Hipólito Caron","Piano, Bass, 5 Bandoneons, 4 Violins"
Alfredo De Angelis,Orquesta Alfredo De Angelis,3/15/1954,Cuando te fuiste,,Tango,Oscar Larroca,Odeón,Tape,19395,55910-B,Benjamín García,Paul Gerardy,,Tape (1952-56),Alfredo De Angelis,Hugo Besnatti,"Carlos Cubría, Eduardo Talián, Guillermo Vilar, Alfredo Dafuncio, Jorge Musante","Wenceslao Cinosi, Ángel Vilar, Hamlet Cicero, Hipólito Caron","Piano, Bass, 5 Bandoneons, 4 Violins"
Alfredo De Angelis,Orquesta Alfredo De Angelis,4/21/1954,Soy una fiera,,Milonga,Oscar Larroca,Odeón,Tape,19443,55933-A,Francisco Martino,Francisco Martino,,Tape (1952-56),Alfredo De Angelis,Hugo Besnatti,"Carlos Cubría, Eduardo Talián, Guillermo Vilar, Alfredo Dafuncio, Jorge Musante","Wenceslao Cinosi, Ángel Vilar, Hamlet Cicero, Hipólito Caron","Piano, Bass, 5 Bandoneons, 4 Violins"
Alfredo De Angelis,Orquesta Alfredo De Angelis,4/21/1954,Un kilo de tango,,Tango,Carlos Dante,Odeón,Tape,19444,55933-B,Susana Orlandini (Aguamansa),Susana Orlandini,,Tape (1952-56),Alfredo De Angelis,Hugo Besnatti,"Carlos Cubría, Eduardo Talián, Guillermo Vilar, Alfredo Dafuncio, Jorge Musante","Wenceslao Cinosi, Ángel Vilar, Hamlet Cicero, Hipólito Caron","Piano, Bass, 5 Bandoneons, 4 Violins"
Alfredo De Angelis,Orquesta Alfredo De Angelis,5/19/1954,Mi ambición,,Vals,Carlos Dante y Oscar Larroca,Odeón,Tape,19497,55954-B,Cristino Tapia,Cristino Tapia,,Tape (1952-56),Alfredo De Angelis,Hugo Besnatti,"Carlos Cubría, Eduardo Talián, Guillermo Vilar, Alfredo Dafuncio, Jorge Musante","Wenceslao Cinosi, Ángel Vilar, Hamlet Cicero, Hipólito Caron","Piano, Bass, 5 Bandoneons, 4 Violins"
Alfredo De Angelis,Orquesta Alfredo De Angelis,5/19/1954,Qué lento corre el tren,,Tango,Carlos Dante,Odeón,Tape,19496,55954-A,Alfredo De Angelis,Carmelo Volpe,,Tape (1952-56),Alfredo De Angelis,Hugo Besnatti,"Carlos Cubría, Eduardo Talián, Guillermo Vilar, Alfredo Dafuncio, Jorge Musante","Wenceslao Cinosi, Ángel Vilar, Hamlet Cicero, Hipólito Caron","Piano, Bass, 5 Bandoneons, 4 Violins"
Alfredo De Angelis,Orquesta Alfredo De Angelis,6/23/1954,Mía (Para ti),Para Ti,Tango,Carlos Dante,Odeón,Tape,19539,55966-B,José Bohr,Andrés Caruso,,Tape (1952-56),Alfredo De Angelis,Hugo Besnatti,"Carlos Cubría, Eduardo Talián, Guillermo Vilar, Alfredo Dafuncio, Jorge Musante","Wenceslao Cinosi, Ángel Vilar, Hamlet Cicero, Hipólito Caron","Piano, Bass, 5 Bandoneons, 4 Violins"
Alfredo De Angelis,Orquesta Alfredo De Angelis,6/23/1954,Oración rante,,Tango,Oscar Larroca,Odeón,Tape,19538,55966-A,Roberto Chanel,Aldo Queirolo,,Tape (1952-56),Alfredo De Angelis,Hugo Besnatti,"Carlos Cubría, Eduardo Talián, Guillermo Vilar, Alfredo Dafuncio, Jorge Musante","Wenceslao Cinosi, Ángel Vilar, Hamlet Cicero, Hipólito Caron","Piano, Bass, 5 Bandoneons, 4 Violins"
Alfredo De Angelis,Orquesta Alfredo De Angelis,8/1/1954,Chau,,Tango,Oscar Larroca,Odeón,Tape,19625,55984-A,Wenceslao Cinosi,Reinaldo Yiso,,Tape (1952-56),Alfredo De Angelis,Hugo Besnatti,"Carlos Cubría, Eduardo Talián, Guillermo Vilar, Alfredo Dafuncio, Jorge Musante","Wenceslao Cinosi, Ángel Vilar, Hamlet Cicero, Hipólito Caron","Piano, Bass, 5 Bandoneons, 4 Violins"
Alfredo De Angelis,Orquesta Alfredo De Angelis,8/4/1954,Selección de tangos camperos,El Tropero de Amor Pastora Adiós Pampa Mía,Tango,Carlos Dante y Oscar Larroca,Odeón,Tape,19626,55984-B,Varios,Varios,,Tape (1952-56),Alfredo De Angelis,Hugo Besnatti,"Carlos Cubría, Eduardo Talián, Guillermo Vilar, Alfredo Dafuncio, Jorge Musante","Wenceslao Cinosi, Ángel Vilar, Hamlet Cicero, Hipólito Caron","Piano, Bass, 5 Bandoneons, 4 Violins"
Alfredo De Angelis,Orquesta Alfredo De Angelis,9/3/1954,Guardia vieja,,Tango,Instrumental,Odeón,Tape,19677,55997-A,Julio De Caro,José De Grandis,,Tape (1952-56),Alfredo De Angelis,Hugo Besnatti,"Carlos Cubría, Eduardo Talián, Guillermo Vilar, Alfredo Dafuncio, Jorge Musante","Wenceslao Cinosi, Ángel Vilar, Hamlet Cicero, Hipólito Caron","Piano, Bass, 5 Bandoneons, 4 Violins"
Alfredo De Angelis,Orquesta Alfredo De Angelis,9/3/1954,Malambo,,Tango,Carlos Dante y Oscar Larroca,Odeón,Tape,19676,55966-A,Alfredo De Angelis,José Rótulo,,Tape (1952-56),Alfredo De Angelis,Hugo Besnatti,"Carlos Cubría, Eduardo Talián, Guillermo Vilar, Alfredo Dafuncio, Jorge Musante","Wenceslao Cinosi, Ángel Vilar, Hamlet Cicero, Hipólito Caron","Piano, Bass, 5 Bandoneons, 4 Violins"
Alfredo De Angelis,Orquesta Alfredo De Angelis,9/7/1954,El escondite de Hernando (Hernando's hideaway),Hernando's Hideaway,Tango,Instrumental,Odeón,Tape,19688,55996-B,Richard Adler,,,Tape (1952-56),Alfredo De Angelis,Hugo Besnatti,"Carlos Cubría, Eduardo Talián, Guillermo Vilar, Alfredo Dafuncio, Jorge Musante","Wenceslao Cinosi, Ángel Vilar, Hamlet Cicero, Hipólito Caron","Piano, Bass, 5 Bandoneons, 4 Violins"
Alfredo De Angelis,Orquesta Alfredo De Angelis,9/7/1954,Mentira,,Tango,Oscar Larroca,Odeón,Tape,19689,55997-B,Francisco Pracánico,Celedonio Flores,,Tape (1952-56),Alfredo De Angelis,Hugo Besnatti,"Carlos Cubría, Eduardo Talián, Guillermo Vilar, Alfredo Dafuncio, Jorge Musante","Wenceslao Cinosi, Ángel Vilar, Hamlet Cicero, Hipólito Caron","Piano, Bass, 5 Bandoneons, 4 Violins"
Alfredo De Angelis,Orquesta Alfredo De Angelis,10/15/1954,En tus brazos,,Tango,Oscar Larroca,Odeón,Tape,19769,51632-A,Carlos Zárate,Marvil (Elizardo Martínez Vilas),,Tape (1952-56),Alfredo De Angelis,Hugo Besnatti,"Carlos Cubría, Eduardo Talián, Guillermo Vilar, Alfredo Dafuncio, Jorge Musante","Wenceslao Cinosi, Ángel Vilar, Hamlet Cicero, Hipólito Caron","Piano, Bass, 5 Bandoneons, 4 Violins"
Alfredo De Angelis,Orquesta Alfredo De Angelis,10/15/1954,Felisa Tolosa,,Vals,Carlos Dante,Odeón,Tape,19770,51632-B,Raúl de los Hoyos,Luis César Amadori,,Tape (1952-56),Alfredo De Angelis,Hugo Besnatti,"Carlos Cubría, Eduardo Talián, Guillermo Vilar, Alfredo Dafuncio, Jorge Musante","Wenceslao Cinosi, Ángel Vilar, Hamlet Cicero, Hipólito Caron","Piano, Bass, 5 Bandoneons, 4 Violins"
Alfredo De Angelis,Orquesta Alfredo De Angelis,11/25/1954,A tu recuerdo,,Tango,Carlos Dante,Odeón,Tape,19824,51641-A,Guillermo Vilar,Pedro Blasco,,Tape (1952-56),Alfredo De Angelis,Hugo Besnatti,"Carlos Cubría, Eduardo Talián, Guillermo Vilar, Alfredo Dafuncio, Jorge Musante","Wenceslao Cinosi, Ángel Vilar, Hamlet Cicero, Hipólito Caron","Piano, Bass, 5 Bandoneons, 4 Violins"
Alfredo De Angelis,Orquesta Alfredo De Angelis,11/25/1954,Noche de locura,,Tango,Oscar Larroca,Odeón,Tape,19825,51641-B,Manuel Sucher,Carlos Bahr,,Tape (1952-56),Alfredo De Angelis,Hugo Besnatti,"Carlos Cubría, Eduardo Talián, Guillermo Vilar, Alfredo Dafuncio, Jorge Musante","Wenceslao Cinosi, Ángel Vilar, Hamlet Cicero, Hipólito Caron","Piano, Bass, 5 Bandoneons, 4 Violins"
Alfredo De Angelis,Orquesta Alfredo De Angelis,12/1/1954,Nobleza de arrabal [Caruso],,Tango,Carlos Dante,Odeón,Tape,19838,51656-B,Francisco Canaro,Juan Caruso,,Tape (1952-56),Alfredo De Angelis,Hugo Besnatti,"Carlos Cubría, Eduardo Talián, Guillermo Vilar, Alfredo Dafuncio, Jorge Musante","Wenceslao Cinosi, Ángel Vilar, Hamlet Cicero, Hipólito Caron","Piano, Bass, 5 Bandoneons, 4 Violins"
Alfredo De Angelis,Orquesta Alfredo De Angelis,12/1/1954,Una señora milonga,,Milonga,Carlos Dante y Oscar Larroca,Odeón,Tape,19837,51656-A,Enrique Delfino,Venancio Clauso,,Tape (1952-56),Alfredo De Angelis,Hugo Besnatti,"Carlos Cubría, Eduardo Talián, Guillermo Vilar, Alfredo Dafuncio, Jorge Musante","Wenceslao Cinosi, Ángel Vilar, Hamlet Cicero, Hipólito Caron","Piano, Bass, 5 Bandoneons, 4 Violins"
Alfredo De Angelis,Orquesta Alfredo De Angelis,12/28/1954,Olga,,Vals,Instrumental,Odeón,Tape,19897,51667-B,Francisco Peña,Francisco Peña,,Tape (1952-56),Alfredo De Angelis,Hugo Besnatti,"Carlos Cubría, Eduardo Talián, Guillermo Vilar, Alfredo Dafuncio, Jorge Musante","Wenceslao Cinosi, Ángel Vilar, Hamlet Cicero, Hipólito Caron","Piano, Bass, 5 Bandoneons, 4 Violins"
Alfredo De Angelis,Orquesta Alfredo De Angelis,12/28/1954,Remembranza,,Tango,Carlos Dante,Odeón,Tape,19896,51667-A,Mario Melfi,Mario Battistella,,Tape (1952-56),Alfredo De Angelis,Hugo Besnatti,"Carlos Cubría, Eduardo Talián, Guillermo Vilar, Alfredo Dafuncio, Jorge Musante","Wenceslao Cinosi, Ángel Vilar, Hamlet Cicero, Hipólito Caron","Piano, Bass, 5 Bandoneons, 4 Violins"
Alfredo De Angelis,Orquesta Alfredo De Angelis,3/1/1955,Igual que Dios,,Tango,Oscar Larroca,Odeón,Tape,19984,51702-B,Antonio Rodio,José Rótulo,,Tape (1952-56),Alfredo De Angelis,Hugo Besnatti,"Carlos Cubría, Eduardo Talián, Guillermo Vilar, Alfredo Dafuncio, Jorge Musante","Wenceslao Cinosi, Ángel Vilar, Hamlet Cicero, Hipólito Caron","Piano, Bass, 5 Bandoneons, 4 Violins"
Alfredo De Angelis,Orquesta Alfredo De Angelis,3/1/1955,Tu corazón,,Tango,Carlos Dante,Odeón,Tape,19983,51702-A,Donato Racciatti,Enrique Soriano,,Tape (1952-56),Alfredo De Angelis,Hugo Besnatti,"Carlos Cubría, Eduardo Talián, Guillermo Vilar, Alfredo Dafuncio, Jorge Musante","Wenceslao Cinosi, Ángel Vilar, Hamlet Cicero, Hipólito Caron","Piano, Bass, 5 Bandoneons, 4 Violins"
Alfredo De Angelis,Orquesta Alfredo De Angelis,4/24/1955,Triste destino,,Tango,Oscar Larroca,Odeón,Tape,20186,51753-A,Agustín Magaldi,Antonio Esteban Tello,,Tape (1952-56),Alfredo De Angelis,Hugo Besnatti,"Carlos Cubría, Eduardo Talián, Guillermo Vilar, Alfredo Dafuncio, Jorge Musante","Wenceslao Cinosi, Ángel Vilar, Hamlet Cicero, Hipólito Caron","Piano, Bass, 5 Bandoneons, 4 Violins"
Alfredo De Angelis,Orquesta Alfredo De Angelis,4/26/1955,Caído del cielo,,Tango,Instrumental,Odeón,Tape,20106,51732-B,Pedro Polito,Antonio Polito,,Tape (1952-56),Alfredo De Angelis,Hugo Besnatti,"Carlos Cubría, Eduardo Talián, Guillermo Vilar, Alfredo Dafuncio, Jorge Musante","Wenceslao Cinosi, Ángel Vilar, Hamlet Cicero, Hipólito Caron","Piano, Bass, 5 Bandoneons, 4 Violins"
Alfredo De Angelis,Orquesta Alfredo De Angelis,4/26/1955,El huérfano,,Tango,Carlos Dante,Odeón,Tape,20107,51715-A,Anselmo Aieta,Francisco García Jiménez,,Tape (1952-56),Alfredo De Angelis,Hugo Besnatti,"Carlos Cubría, Eduardo Talián, Guillermo Vilar, Alfredo Dafuncio, Jorge Musante","Wenceslao Cinosi, Ángel Vilar, Hamlet Cicero, Hipólito Caron","Piano, Bass, 5 Bandoneons, 4 Violins"
Alfredo De Angelis,Orquesta Alfredo De Angelis,4/26/1955,Pare aquí chofer,,Tango,Oscar Larroca,Odeón,Tape,20109,51715-B,Alfonso Casini,Alfonso Casini,,Tape (1952-56),Alfredo De Angelis,Hugo Besnatti,"Carlos Cubría, Eduardo Talián, Guillermo Vilar, Alfredo Dafuncio, Jorge Musante","Wenceslao Cinosi, Ángel Vilar, Hamlet Cicero, Hipólito Caron","Piano, Bass, 5 Bandoneons, 4 Violins"
Alfredo De Angelis,Orquesta Alfredo De Angelis,4/26/1955,Virgen de Guadalupe,,Tango,Carlos Dante y Oscar Larroca,Odeón,Tape,20108,51732-A,Francisco Pracánico,Luis Rubistein,,Tape (1952-56),Alfredo De Angelis,Hugo Besnatti,"Carlos Cubría, Eduardo Talián, Guillermo Vilar, Alfredo Dafuncio, Jorge Musante","Wenceslao Cinosi, Ángel Vilar, Hamlet Cicero, Hipólito Caron","Piano, Bass, 5 Bandoneons, 4 Violins"
Alfredo De Angelis,Orquesta Alfredo De Angelis,5/24/1955,Tenía que suceder,,Tango,Carlos Dante,Odeón,Tape,20187,51753-B,Arturo Gallucci,Julio Camilloni,,Tape (1952-56),Alfredo De Angelis,Hugo Besnatti,"Carlos Cubría, Eduardo Talián, Guillermo Vilar, Alfredo Dafuncio, Jorge Musante","Wenceslao Cinosi, Ángel Vilar, Hamlet Cicero, Hipólito Caron","Piano, Bass, 5 Bandoneons, 4 Violins"
Alfredo De Angelis,Orquesta Alfredo De Angelis,6/23/1955,Caminito,,Tango,,Odeón,Tape,20263,51798-A,Juan de Dios Filiberto,Gabino Coria Peñaloza,,Tape (1952-56),Alfredo De Angelis,Hugo Besnatti,"Carlos Cubría, Eduardo Talián, Guillermo Vilar, Alfredo Dafuncio, Jorge Musante","Wenceslao Cinosi, Ángel Vilar, Hamlet Cicero, Hipólito Caron","Piano, Bass, 5 Bandoneons, 4 Violins"
Alfredo De Angelis,Orquesta Alfredo De Angelis,6/23/1955,Lágrimas de sangre,,Tango,Oscar Larroca,Odeón,Tape,20264,51775-B,Roberto Giménez,Roberto Giménez,,Tape (1952-56),Alfredo De Angelis,Hugo Besnatti,"Carlos Cubría, Eduardo Talián, Guillermo Vilar, Alfredo Dafuncio, Jorge Musante","Wenceslao Cinosi, Ángel Vilar, Hamlet Cicero, Hipólito Caron","Piano, Bass, 5 Bandoneons, 4 Violins"
Alfredo De Angelis,Orquesta Alfredo De Angelis,7/13/1955,Adiós adiós,,Vals,Carlos Dante y Oscar Larroca,Odeón,Tape,20263,51775-A,Alfredo Pelala,Alfredo Pelala,,Tape (1952-56),Alfredo De Angelis,Hugo Besnatti,"Carlos Cubría, Eduardo Talián, Guillermo Vilar, Alfredo Dafuncio, Jorge Musante","Wenceslao Cinosi, Ángel Vilar, Hamlet Cicero, Hipólito Caron","Piano, Bass, 5 Bandoneons, 4 Violins"
Alfredo De Angelis,Orquesta Alfredo De Angelis,7/13/1955,Una madre,,Tango,Carlos Dante,Odeón,Tape,20343,51978-B,Mario Melfi,Enrique Cadícamo,,Tape (1952-56),Alfredo De Angelis,Hugo Besnatti,"Carlos Cubría, Eduardo Talián, Guillermo Vilar, Alfredo Dafuncio, Jorge Musante","Wenceslao Cinosi, Ángel Vilar, Hamlet Cicero, Hipólito Caron","Piano, Bass, 5 Bandoneons, 4 Violins"
Alfredo De Angelis,Orquesta Alfredo De Angelis,11/2/1955,A mi padre,,Tango,Oscar Larroca,Odeón,Tape,20541,51828-B,Héctor Marcó,Héctor Marcó,,Tape (1952-56),Alfredo De Angelis,Hugo Besnatti,"Carlos Cubría, Eduardo Talián, Guillermo Vilar, Alfredo Dafuncio, Jorge Musante","Wenceslao Cinosi, Ángel Vilar, Hamlet Cicero, Hipólito Caron","Piano, Bass, 5 Bandoneons, 4 Violins"
Alfredo De Angelis,Orquesta Alfredo De Angelis,10/4/1955,Mi rebeldía,,Tango,Carlos Dante,Odeón,Tape,20494,51822-A,Guillermo Vilar,Pedro Blasco,,Tape (1952-56),Alfredo De Angelis,Hugo Besnatti,"Carlos Cubría, Eduardo Talián, Guillermo Vilar, Alfredo Dafuncio, Jorge Musante","Wenceslao Cinosi, Ángel Vilar, Hamlet Cicero, Hipólito Caron","Piano, Bass, 5 Bandoneons, 4 Violins"
Alfredo De Angelis,Orquesta Alfredo De Angelis,10/4/1955,Sangre maleva,,Tango,Oscar Larroca,Odeón,Tape,,¿20493?,Dante Tortonese,Juan Velich-Pedro Platas,,Tape (1952-56),Alfredo De Angelis,Hugo Besnatti,"Carlos Cubría, Eduardo Talián, Guillermo Vilar, Alfredo Dafuncio, Jorge Musante","Wenceslao Cinosi, Ángel Vilar, Hamlet Cicero, Hipólito Caron","Piano, Bass, 5 Bandoneons, 4 Violins"
Alfredo De Angelis,Orquesta Alfredo De Angelis,10/4/1955,Tu íntimo secreto,,Tango,Carlos Dante y Oscar Larroca,Odeón,Tape,20539,51822-B,Graciano Gómez,Héctor Marcó,,Tape (1952-56),Alfredo De Angelis,Hugo Besnatti,"Carlos Cubría, Eduardo Talián, Guillermo Vilar, Alfredo Dafuncio, Jorge Musante","Wenceslao Cinosi, Ángel Vilar, Hamlet Cicero, Hipólito Caron","Piano, Bass, 5 Bandoneons, 4 Violins"
Alfredo De Angelis,Orquesta Alfredo De Angelis,11/2/1955,Juana Milonga señores,,Milonga,Carlos Dante y Oscar Larroca,Odeón,Tape,20543,51828-A,Hipólito Carón,Hipólito Oneca,,Tape (1952-56),Alfredo De Angelis,Hugo Besnatti,"Carlos Cubría, Eduardo Talián, Guillermo Vilar, Alfredo Dafuncio, Jorge Musante","Wenceslao Cinosi, Ángel Vilar, Hamlet Cicero, Hipólito Caron","Piano, Bass, 5 Bandoneons, 4 Violins"
Alfredo De Angelis,Orquesta Alfredo De Angelis,12/13/1955,No le digas que la quiero,,Tango,Carlos Dante,Odeón,Tape,20641,51858-A,Enrique Delfino,Alberto Vacarezza,,Tape (1952-56),Alfredo De Angelis,Hugo Besnatti,"Carlos Cubría, Eduardo Talián, Guillermo Vilar, Alfredo Dafuncio, Jorge Musante","Wenceslao Cinosi, Ángel Vilar, Hamlet Cicero, Hipólito Caron","Piano, Bass, 5 Bandoneons, 4 Violins"
Alfredo De Angelis,Orquesta Alfredo De Angelis,12/13/1955,Pifia,,Tango,Oscar Larroca,Odeón,Tape,20642,51858-B,Wenceslao Cinosi,Sara Rainer,,Tape (1952-56),Alfredo De Angelis,Hugo Besnatti,"Carlos Cubría, Eduardo Talián, Guillermo Vilar, Alfredo Dafuncio, Jorge Musante","Wenceslao Cinosi, Ángel Vilar, Hamlet Cicero, Hipólito Caron","Piano, Bass, 5 Bandoneons, 4 Violins"
Alfredo De Angelis,Orquesta Alfredo De Angelis,12/28/1955,El vasquito,,Tango,,Odeón,Tape,20688,51882-A,Luis Berstein,,,Tape (1952-56),Alfredo De Angelis,Hugo Besnatti,"Carlos Cubría, Eduardo Talián, Guillermo Vilar, Alfredo Dafuncio, Jorge Musante","Wenceslao Cinosi, Ángel Vilar, Hamlet Cicero, Hipólito Caron","Piano, Bass, 5 Bandoneons, 4 Violins"
Alfredo De Angelis,Orquesta Alfredo De Angelis,12/28/1955,Leyenda del río,,Tango,Carlos Dante y Oscar Larroca,Odeón,Tape,20689,51882-B,Miguel Nijensohn,Juan Pueblito,,Tape (1952-56),Alfredo De Angelis,Hugo Besnatti,"Carlos Cubría, Eduardo Talián, Guillermo Vilar, Alfredo Dafuncio, Jorge Musante","Wenceslao Cinosi, Ángel Vilar, Hamlet Cicero, Hipólito Caron","Piano, Bass, 5 Bandoneons, 4 Violins"
Alfredo De Angelis,Orquesta Alfredo De Angelis,4/3/1956,El mimoso,,Tango,,Odeón,Tape,20882,51933-A,Santiago Fernández,,,"Rodríguez 1st bando, Braña 1st violin (1956-61)",Alfredo De Angelis,Hugo Besnatti,"Juan Miguel Rodríguez, Carlos Cubría, Américo Pinelli, Guillermo Vilar, Alfredo Dafuncio","Víctor Braña, Wenceslao Cinosi, Hipólito Caron, Ángel Vilar","Piano, Bass, 5 Bandoneons, 4 Violins"
Alfredo De Angelis,Orquesta Alfredo De Angelis,4/3/1956,Fumando espero,,Tango,Carlos Dante,Odeón,Tape,20880,51919-A,Juan Viladomat,Félix Garzo,,"Rodríguez 1st bando, Braña 1st violin (1956-61)",Alfredo De Angelis,Hugo Besnatti,"Juan Miguel Rodríguez, Carlos Cubría, Américo Pinelli, Guillermo Vilar, Alfredo Dafuncio","Víctor Braña, Wenceslao Cinosi, Hipólito Caron, Ángel Vilar","Piano, Bass, 5 Bandoneons, 4 Violins"
Alfredo De Angelis,Orquesta Alfredo De Angelis,4/3/1956,Temas de carnaval [selección],Largaron Ríe Payaso Pobre Mascarita Pobre Colombina Yo Me Quiero Divertir Siga el Corso,Tango,Carlos Dante y Oscar Larroca,Odeón,Tape,20881,51919-B,Varios,Varios,,"Rodríguez 1st bando, Braña 1st violin (1956-61)",Alfredo De Angelis,Hugo Besnatti,"Juan Miguel Rodríguez, Carlos Cubría, Américo Pinelli, Guillermo Vilar, Alfredo Dafuncio","Víctor Braña, Wenceslao Cinosi, Hipólito Caron, Ángel Vilar","Piano, Bass, 5 Bandoneons, 4 Violins"
Alfredo De Angelis,Orquesta Alfredo De Angelis,4/30/1956,Canción del inmigrante,,Tango,Carlos Dante,Odeón,Tape,20950,51933-B,Ricardo Malerba,Enrique Cadícamo,,"Rodríguez 1st bando, Braña 1st violin (1956-61)",Alfredo De Angelis,Hugo Besnatti,"Juan Miguel Rodríguez, Carlos Cubría, Américo Pinelli, Guillermo Vilar, Alfredo Dafuncio","Víctor Braña, Wenceslao Cinosi, Hipólito Caron, Ángel Vilar","Piano, Bass, 5 Bandoneons, 4 Violins"
Alfredo De Angelis,Orquesta Alfredo De Angelis,4/30/1956,Cuando no se quiere más,,Tango,Oscar Larroca,Odeón,Tape,20951,52078-A,Roberto Rufino,Abel Aznar,,"Rodríguez 1st bando, Braña 1st violin (1956-61)",Alfredo De Angelis,Hugo Besnatti,"Juan Miguel Rodríguez, Carlos Cubría, Américo Pinelli, Guillermo Vilar, Alfredo Dafuncio","Víctor Braña, Wenceslao Cinosi, Hipólito Caron, Ángel Vilar","Piano, Bass, 5 Bandoneons, 4 Violins"
Alfredo De Angelis,Orquesta Alfredo De Angelis,5/18/1956,Y todavía te quiero,,Tango,Oscar Larroca,Odeón,Tape,21088,51962-B,Luciano Leocata,Abel Aznar,,"Rodríguez 1st bando, Braña 1st violin (1956-61)",Alfredo De Angelis,Hugo Besnatti,"Juan Miguel Rodríguez, Carlos Cubría, Américo Pinelli, Guillermo Vilar, Alfredo Dafuncio","Víctor Braña, Wenceslao Cinosi, Hipólito Caron, Ángel Vilar","Piano, Bass, 5 Bandoneons, 4 Violins"
Alfredo De Angelis,Orquesta Alfredo De Angelis,5/23/1956,Corazón encadenado,,Tango,Oscar Larroca,Odeón,Tape,21002,52009-A,Francisco Canaro,Ivo Pelay,,"Rodríguez 1st bando, Braña 1st violin (1956-61)",Alfredo De Angelis,Hugo Besnatti,"Juan Miguel Rodríguez, Carlos Cubría, Américo Pinelli, Guillermo Vilar, Alfredo Dafuncio","Víctor Braña, Wenceslao Cinosi, Hipólito Caron, Ángel Vilar","Piano, Bass, 5 Bandoneons, 4 Violins"
Alfredo De Angelis,Orquesta Alfredo De Angelis,5/23/1956,Perdóname señor,,Tango,Carlos Dante,Odeón,Tape,21003,51962-A,Francisco Pracánico,Verminio Servetto,,"Rodríguez 1st bando, Braña 1st violin (1956-61)",Alfredo De Angelis,Hugo Besnatti,"Juan Miguel Rodríguez, Carlos Cubría, Américo Pinelli, Guillermo Vilar, Alfredo Dafuncio","Víctor Braña, Wenceslao Cinosi, Hipólito Caron, Ángel Vilar","Piano, Bass, 5 Bandoneons, 4 Violins"
Alfredo De Angelis,Orquesta Alfredo De Angelis,6/18/1956,Qué risa,,Tango,Carlos Dante,Odeón,Tape,21087,52009-B,Marsilio Robles,Marsilio Robles,,"Rodríguez 1st bando, Braña 1st violin (1956-61)",Alfredo De Angelis,Hugo Besnatti,"Juan Miguel Rodríguez, Carlos Cubría, Américo Pinelli, Guillermo Vilar, Alfredo Dafuncio","Víctor Braña, Wenceslao Cinosi, Hipólito Caron, Ángel Vilar","Piano, Bass, 5 Bandoneons, 4 Violins"
Alfredo De Angelis,Orquesta Alfredo De Angelis,7/20/1956,La clueca,,Tango,,Odeón,Tape,21152,52021-A,Alfredo De Angelis,,,"Rodríguez 1st bando, Braña 1st violin (1956-61)",Alfredo De Angelis,Hugo Besnatti,"Juan Miguel Rodríguez, Carlos Cubría, Américo Pinelli, Guillermo Vilar, Alfredo Dafuncio","Víctor Braña, Wenceslao Cinosi, Hipólito Caron, Ángel Vilar","Piano, Bass, 5 Bandoneons, 4 Violins"
Alfredo De Angelis,Orquesta Alfredo De Angelis,7/20/1956,Sabe Don,,Tango,Oscar Larroca,Odeón,Tape,21151,52111-A,Juan Miguel Rodríguez,Justo Ricardo Thompson,,"Rodríguez 1st bando, Braña 1st violin (1956-61)",Alfredo De Angelis,Hugo Besnatti,"Juan Miguel Rodríguez, Carlos Cubría, Américo Pinelli, Guillermo Vilar, Alfredo Dafuncio","Víctor Braña, Wenceslao Cinosi, Hipólito Caron, Ángel Vilar","Piano, Bass, 5 Bandoneons, 4 Violins"
Alfredo De Angelis,Orquesta Alfredo De Angelis,8/8/1956,Farolas de cielo,,Tango,Carlos Dante,Odeón,Tape,21201,52021-B,Alfredo De Angelis,Maritza de Castro,,"Rodríguez 1st bando, Braña 1st violin (1956-61)",Alfredo De Angelis,Hugo Besnatti,"Juan Miguel Rodríguez, Carlos Cubría, Américo Pinelli, Guillermo Vilar, Alfredo Dafuncio","Víctor Braña, Wenceslao Cinosi, Hipólito Caron, Ángel Vilar","Piano, Bass, 5 Bandoneons, 4 Violins"
Alfredo De Angelis,Orquesta Alfredo De Angelis,8/8/1956,Luz y sombra,,Vals,Carlos Dante y Oscar Larroca,Odeón,Tape,21202,52111-B,Alfredo De Angelis,Gervasio López,,"Rodríguez 1st bando, Braña 1st violin (1956-61)",Alfredo De Angelis,Hugo Besnatti,"Juan Miguel Rodríguez, Carlos Cubría, Américo Pinelli, Guillermo Vilar, Alfredo Dafuncio","Víctor Braña, Wenceslao Cinosi, Hipólito Caron, Ángel Vilar","Piano, Bass, 5 Bandoneons, 4 Violins"
Alfredo De Angelis,Orquesta Alfredo De Angelis,8/16/1956,A media luz,,Tango,,Odeón,Tape,21236,52017-B,Edgardo Donato,Carlos Lenzi,,"Rodríguez 1st bando, Braña 1st violin (1956-61)",Alfredo De Angelis,Hugo Besnatti,"Juan Miguel Rodríguez, Carlos Cubría, Américo Pinelli, Guillermo Vilar, Alfredo Dafuncio","Víctor Braña, Wenceslao Cinosi, Hipólito Caron, Ángel Vilar","Piano, Bass, 5 Bandoneons, 4 Violins"
Alfredo De Angelis,Orquesta Alfredo De Angelis,8/16/1956,Mi promesa,,Tango,Carlos Dante y Oscar Larroca,Odeón,Tape,21235,52017-A,Alfredo De Angelis,José Rótulo,,"Rodríguez 1st bando, Braña 1st violin (1956-61)",Alfredo De Angelis,Hugo Besnatti,"Juan Miguel Rodríguez, Carlos Cubría, Américo Pinelli, Guillermo Vilar, Alfredo Dafuncio","Víctor Braña, Wenceslao Cinosi, Hipólito Caron, Ángel Vilar","Piano, Bass, 5 Bandoneons, 4 Violins"
Alfredo De Angelis,Orquesta Alfredo De Angelis,10/29/1956,Café para dos,,Tango,Oscar Larroca,Odeón,Tape,21477,52066-B,Francisco Canaro,Francisco Canaro,,"Rodríguez 1st bando, Braña 1st violin (1956-61)",Alfredo De Angelis,Hugo Besnatti,"Juan Miguel Rodríguez, Carlos Cubría, Américo Pinelli, Guillermo Vilar, Alfredo Dafuncio","Víctor Braña, Wenceslao Cinosi, Hipólito Caron, Ángel Vilar","Piano, Bass, 5 Bandoneons, 4 Violins"
Alfredo De Angelis,Orquesta Alfredo De Angelis,10/29/1956,El retrato de los viejos,,Tango,Oscar Larroca,Odeón,Tape,21476,52063-A,Carlos Dante,Jesús Otero,,"Rodríguez 1st bando, Braña 1st violin (1956-61)",Alfredo De Angelis,Hugo Besnatti,"Juan Miguel Rodríguez, Carlos Cubría, Américo Pinelli, Guillermo Vilar, Alfredo Dafuncio","Víctor Braña, Wenceslao Cinosi, Hipólito Caron, Ángel Vilar","Piano, Bass, 5 Bandoneons, 4 Violins"
Alfredo De Angelis,Orquesta Alfredo De Angelis,11/9/1956,Adiós querida (Adeus querida),,Tango,Carlos Dante y Oscar Larroca,Odeón,Tape,21530,52063-A,Floriano Faissal,Oscar Rubens,,"Rodríguez 1st bando, Braña 1st violin (1956-61)",Alfredo De Angelis,Hugo Besnatti,"Juan Miguel Rodríguez, Carlos Cubría, Américo Pinelli, Guillermo Vilar, Alfredo Dafuncio","Víctor Braña, Wenceslao Cinosi, Hipólito Caron, Ángel Vilar","Piano, Bass, 5 Bandoneons, 4 Violins"
Alfredo De Angelis,Orquesta Alfredo De Angelis,11/9/1956,Es mejor,,Tango,Carlos Dante,Odeón,Tape,21529,52066-A,Miguel Caló,Miguel Caló,,"Rodríguez 1st bando, Braña 1st violin (1956-61)",Alfredo De Angelis,Hugo Besnatti,"Juan Miguel Rodríguez, Carlos Cubría, Américo Pinelli, Guillermo Vilar, Alfredo Dafuncio","Víctor Braña, Wenceslao Cinosi, Hipólito Caron, Ángel Vilar","Piano, Bass, 5 Bandoneons, 4 Violins"
Alfredo De Angelis,Orquesta Alfredo De Angelis,12/11/1956,Corralera,,Milonga,,Odeón,Tape,21654,52123-A,Anselmo Aieta,,,"Rodríguez 1st bando, Braña 1st violin (1956-61)",Alfredo De Angelis,Hugo Besnatti,"Juan Miguel Rodríguez, Carlos Cubría, Américo Pinelli, Guillermo Vilar, Alfredo Dafuncio","Víctor Braña, Wenceslao Cinosi, Hipólito Caron, Ángel Vilar","Piano, Bass, 5 Bandoneons, 4 Violins"
Alfredo De Angelis,Orquesta Alfredo De Angelis,12/11/1956,Muriéndome de amor,,Tango,Oscar Larroca,Odeón,Tape,21650,52098-A,Manuel Sucher,Carlos Bahr,,"Rodríguez 1st bando, Braña 1st violin (1956-61)",Alfredo De Angelis,Hugo Besnatti,"Juan Miguel Rodríguez, Carlos Cubría, Américo Pinelli, Guillermo Vilar, Alfredo Dafuncio","Víctor Braña, Wenceslao Cinosi, Hipólito Caron, Ángel Vilar","Piano, Bass, 5 Bandoneons, 4 Violins"
Alfredo De Angelis,Orquesta Alfredo De Angelis,12/11/1956,Si no me engaña el corazón,,Tango,Carlos Dante,Odeón,Tape,21653,52098-B,Mauricio Misé,Carlos Bahr,,"Rodríguez 1st bando, Braña 1st violin (1956-61)",Alfredo De Angelis,Hugo Besnatti,"Juan Miguel Rodríguez, Carlos Cubría, Américo Pinelli, Guillermo Vilar, Alfredo Dafuncio","Víctor Braña, Wenceslao Cinosi, Hipólito Caron, Ángel Vilar","Piano, Bass, 5 Bandoneons, 4 Violins"
Alfredo De Angelis,Orquesta Alfredo De Angelis,12/11/1956,Soñemos,,Tango,Oscar Larroca,Odeón,Tape,21651,52123-A,Roberto Caló,Reinaldo Yiso,,"Rodríguez 1st bando, Braña 1st violin (1956-61)",Alfredo De Angelis,Hugo Besnatti,"Juan Miguel Rodríguez, Carlos Cubría, Américo Pinelli, Guillermo Vilar, Alfredo Dafuncio","Víctor Braña, Wenceslao Cinosi, Hipólito Caron, Ángel Vilar","Piano, Bass, 5 Bandoneons, 4 Violins"
Alfredo De Angelis,Orquesta Alfredo De Angelis,12/11/1956,Tirame una serpentina,,Tango,Carlos Dante,Odeón,Tape,21652,52078-A,Anselmo Aieta,Juan Sarcione,,"Rodríguez 1st bando, Braña 1st violin (1956-61)",Alfredo De Angelis,Hugo Besnatti,"Juan Miguel Rodríguez, Carlos Cubría, Américo Pinelli, Guillermo Vilar, Alfredo Dafuncio","Víctor Braña, Wenceslao Cinosi, Hipólito Caron, Ángel Vilar","Piano, Bass, 5 Bandoneons, 4 Violins"
Alfredo De Angelis,Orquesta Alfredo De Angelis,4/29/1957,Arrabalero,,Tango,Oscar Larroca,Odeón,Tape,22040,52207-A,Osvaldo Fresedo,Eduardo Calvo,,"Rodríguez 1st bando, Braña 1st violin (1956-61)",Alfredo De Angelis,Hugo Besnatti,"Juan Miguel Rodríguez, Carlos Cubría, Américo Pinelli, Guillermo Vilar, Alfredo Dafuncio","Víctor Braña, Wenceslao Cinosi, Hipólito Caron, Ángel Vilar","Piano, Bass, 5 Bandoneons, 4 Violins"
Alfredo De Angelis,Orquesta Alfredo De Angelis,4/29/1957,Cielo de sombra,,Tango,Carlos Dante,Odeón,Tape,22041,52207-B,Antonio Sciacca,Carlos Canapalo,,"Rodríguez 1st bando, Braña 1st violin (1956-61)",Alfredo De Angelis,Hugo Besnatti,"Juan Miguel Rodríguez, Carlos Cubría, Américo Pinelli, Guillermo Vilar, Alfredo Dafuncio","Víctor Braña, Wenceslao Cinosi, Hipólito Caron, Ángel Vilar","Piano, Bass, 5 Bandoneons, 4 Violins"
Alfredo De Angelis,Orquesta Alfredo De Angelis,5/23/1957,El Tango Club,,Tango,,Odeón,Tape,22124,52164-B,Alfredo De Angelis,,,"Rodríguez 1st bando, Braña 1st violin (1956-61)",Alfredo De Angelis,Hugo Besnatti,"Juan Miguel Rodríguez, Carlos Cubría, Américo Pinelli, Guillermo Vilar, Alfredo Dafuncio","Víctor Braña, Wenceslao Cinosi, Hipólito Caron, Ángel Vilar","Piano, Bass, 5 Bandoneons, 4 Violins"
Alfredo De Angelis,Orquesta Alfredo De Angelis,5/23/1957,La criolla,,Milonga,Carlos Dante y Oscar Larroca,Odeón,Tape,22121,52194,Carlos Gardel,Carlos Gardel,,"Rodríguez 1st bando, Braña 1st violin (1956-61)",Alfredo De Angelis,Hugo Besnatti,"Juan Miguel Rodríguez, Carlos Cubría, Américo Pinelli, Guillermo Vilar, Alfredo Dafuncio","Víctor Braña, Wenceslao Cinosi, Hipólito Caron, Ángel Vilar","Piano, Bass, 5 Bandoneons, 4 Violins"
Alfredo De Angelis,Orquesta Alfredo De Angelis,5/23/1957,Mi dolor,,Tango,,Odeón,Tape,22123,52194,Carlos Marcucci,Manuel  Meaños,,"Rodríguez 1st bando, Braña 1st violin (1956-61)",Alfredo De Angelis,Hugo Besnatti,"Juan Miguel Rodríguez, Carlos Cubría, Américo Pinelli, Guillermo Vilar, Alfredo Dafuncio","Víctor Braña, Wenceslao Cinosi, Hipólito Caron, Ángel Vilar","Piano, Bass, 5 Bandoneons, 4 Violins"
Alfredo De Angelis,Orquesta Alfredo De Angelis,5/23/1957,Selección burrera,,Tango,Carlos Dante y Oscar Larroca,Odeón,Tape,22122,52164-A,Varios,Varios,,"Rodríguez 1st bando, Braña 1st violin (1956-61)",Alfredo De Angelis,Hugo Besnatti,"Juan Miguel Rodríguez, Carlos Cubría, Américo Pinelli, Guillermo Vilar, Alfredo Dafuncio","Víctor Braña, Wenceslao Cinosi, Hipólito Caron, Ángel Vilar","Piano, Bass, 5 Bandoneons, 4 Violins"
Alfredo De Angelis,Orquesta Alfredo De Angelis,8/9/1957,Los largos del pibe,,Tango,Oscar Larroca,Odeón,Tape,22365,55227-B,Samuel Pribluda (Sampri),Enrique Lary,,"Rodríguez 1st bando, Braña 1st violin (1956-61)",Alfredo De Angelis,Hugo Besnatti,"Juan Miguel Rodríguez, Carlos Cubría, Américo Pinelli, Guillermo Vilar, Alfredo Dafuncio","Víctor Braña, Wenceslao Cinosi, Hipólito Caron, Ángel Vilar","Piano, Bass, 5 Bandoneons, 4 Violins"
Alfredo De Angelis,Orquesta Alfredo De Angelis,8/9/1957,Plata,,Tango,Carlos Dante,Odeón,Tape,22364,52227-A,Roberto Morel,Aldo Queirolo,,"Rodríguez 1st bando, Braña 1st violin (1956-61)",Alfredo De Angelis,Hugo Besnatti,"Juan Miguel Rodríguez, Carlos Cubría, Américo Pinelli, Guillermo Vilar, Alfredo Dafuncio","Víctor Braña, Wenceslao Cinosi, Hipólito Caron, Ángel Vilar","Piano, Bass, 5 Bandoneons, 4 Violins"
Alfredo De Angelis,Orquesta Alfredo De Angelis,9/5/1957,Cantando,,Tango,Carlos Dante y Oscar Larroca,Odeón,Tape,22465,52236-B,Mercedes Simone,Mercedes Simone,,"Rodríguez 1st bando, Braña 1st violin (1956-61)",Alfredo De Angelis,Hugo Besnatti,"Juan Miguel Rodríguez, Carlos Cubría, Américo Pinelli, Guillermo Vilar, Alfredo Dafuncio","Víctor Braña, Wenceslao Cinosi, Hipólito Caron, Ángel Vilar","Piano, Bass, 5 Bandoneons, 4 Violins"
Alfredo De Angelis,Orquesta Alfredo De Angelis,9/18/1957,Carillón de La Merced,,Tango,Carlos Dante,Odeón,Tape,22493,52256-A,Enrique Santos Discépolo,Enrique Santos Discépolo,,"Rodríguez 1st bando, Braña 1st violin (1956-61)",Alfredo De Angelis,Hugo Besnatti,"Juan Miguel Rodríguez, Carlos Cubría, Américo Pinelli, Guillermo Vilar, Alfredo Dafuncio","Víctor Braña, Wenceslao Cinosi, Hipólito Caron, Ángel Vilar","Piano, Bass, 5 Bandoneons, 4 Violins"
Alfredo De Angelis,Orquesta Alfredo De Angelis,9/5/1957,Incomparable,,Vals,Carlos Dante,Odeón,Tape,22464,55236-A,Angel Cabral,Manuel Barros,,"Rodríguez 1st bando, Braña 1st violin (1956-61)",Alfredo De Angelis,Hugo Besnatti,"Juan Miguel Rodríguez, Carlos Cubría, Américo Pinelli, Guillermo Vilar, Alfredo Dafuncio","Víctor Braña, Wenceslao Cinosi, Hipólito Caron, Ángel Vilar","Piano, Bass, 5 Bandoneons, 4 Violins"
Alfredo De Angelis,Orquesta Alfredo De Angelis,12/29/1957,La flor del palmar,,Tango,Carlos Dante y Oscar Larroca,Odeón,Tape,22775,52273-B,Alba Picas,Jesús Fernández Blanco,,"Rodríguez 1st bando, Braña 1st violin (1956-61)",Alfredo De Angelis,Hugo Besnatti,"Juan Miguel Rodríguez, Carlos Cubría, Américo Pinelli, Guillermo Vilar, Alfredo Dafuncio","Víctor Braña, Wenceslao Cinosi, Hipólito Caron, Ángel Vilar","Piano, Bass, 5 Bandoneons, 4 Violins"
Alfredo De Angelis,Orquesta Alfredo De Angelis,9/18/1957,Se te nota en los ojos,,Tango,Oscar Larroca,Odeón,Tape,22494,52256-B,Félix Lipesker,Félix Lipesker,,"Rodríguez 1st bando, Braña 1st violin (1956-61)",Alfredo De Angelis,Hugo Besnatti,"Juan Miguel Rodríguez, Carlos Cubría, Américo Pinelli, Guillermo Vilar, Alfredo Dafuncio","Víctor Braña, Wenceslao Cinosi, Hipólito Caron, Ángel Vilar","Piano, Bass, 5 Bandoneons, 4 Violins"
Alfredo De Angelis,Orquesta Alfredo De Angelis,12/16/1957,Te quiero,,Tango,Oscar Larroca,Odeón,Tape,22774,52273-A,Francisco Canaro,Francisco Canaro,,"Rodríguez 1st bando, Braña 1st violin (1956-61)",Alfredo De Angelis,Hugo Besnatti,"Juan Miguel Rodríguez, Carlos Cubría, Américo Pinelli, Guillermo Vilar, Alfredo Dafuncio","Víctor Braña, Wenceslao Cinosi, Hipólito Caron, Ángel Vilar","Piano, Bass, 5 Bandoneons, 4 Violins"
Alfredo De Angelis,Orquesta Alfredo De Angelis,4/7/1958,Aguantate Casimiro,,Tango,Oscar Larroca,Odeón,Tape,22949,52325-B,Alberto Mastra,Alberto Mastra,,"Rodríguez 1st bando, Braña 1st violin (1956-61)",Alfredo De Angelis,Hugo Besnatti,"Juan Miguel Rodríguez, Carlos Cubría, Américo Pinelli, Guillermo Vilar, Alfredo Dafuncio","Víctor Braña, Wenceslao Cinosi, Hipólito Caron, Ángel Vilar","Piano, Bass, 5 Bandoneons, 4 Violins"
Alfredo De Angelis,Orquesta Alfredo De Angelis,4/7/1958,No culpes al amor,,Tango,Juan Carlos Godoy,Odeón,Tape,22948,52325-A,Roberto Caló,Juan Pueblito,,"Rodríguez 1st bando, Braña 1st violin (1956-61)",Alfredo De Angelis,Hugo Besnatti,"Juan Miguel Rodríguez, Carlos Cubría, Américo Pinelli, Guillermo Vilar, Alfredo Dafuncio","Víctor Braña, Wenceslao Cinosi, Hipólito Caron, Ángel Vilar","Piano, Bass, 5 Bandoneons, 4 Violins"
Alfredo De Angelis,Orquesta Alfredo De Angelis,4/17/1958,La última copa,,Tango,Juan Carlos Godoy,Odeón,Tape,23000,52337-A,Francisco Canaro,Juan Andrés Caruso,,"Rodríguez 1st bando, Braña 1st violin (1956-61)",Alfredo De Angelis,Hugo Besnatti,"Juan Miguel Rodríguez, Carlos Cubría, Américo Pinelli, Guillermo Vilar, Alfredo Dafuncio","Víctor Braña, Wenceslao Cinosi, Hipólito Caron, Ángel Vilar","Piano, Bass, 5 Bandoneons, 4 Violins"
Alfredo De Angelis,Orquesta Alfredo De Angelis,4/17/1958,Yo no sé llorar,,Tango,Juan Carlos Godoy y Oscar Larroca,Odeón,Tape,23001,52337-B,Joaquín Do Reyes,Celedonio Flores,,"Rodríguez 1st bando, Braña 1st violin (1956-61)",Alfredo De Angelis,Hugo Besnatti,"Juan Miguel Rodríguez, Carlos Cubría, Américo Pinelli, Guillermo Vilar, Alfredo Dafuncio","Víctor Braña, Wenceslao Cinosi, Hipólito Caron, Ángel Vilar","Piano, Bass, 5 Bandoneons, 4 Violins"
Alfredo De Angelis,Orquesta Alfredo De Angelis,6/25/1958,Pavadita,,Tango,,Odeón,Tape,23161,52366-B,Anselmo Aieta,,,"Rodríguez 1st bando, Braña 1st violin (1956-61)",Alfredo De Angelis,Hugo Besnatti,"Juan Miguel Rodríguez, Carlos Cubría, Américo Pinelli, Guillermo Vilar, Alfredo Dafuncio","Víctor Braña, Wenceslao Cinosi, Hipólito Caron, Ángel Vilar","Piano, Bass, 5 Bandoneons, 4 Violins"
Alfredo De Angelis,Orquesta Alfredo De Angelis,6/25/1958,Yo sé que te adoro,,Tango,Juan Carlos Godoy,Odeón,Tape,23160,52366-A,Juan Polito,Pedro Gregorio Gallelli,,"Rodríguez 1st bando, Braña 1st violin (1956-61)",Alfredo De Angelis,Hugo Besnatti,"Juan Miguel Rodríguez, Carlos Cubría, Américo Pinelli, Guillermo Vilar, Alfredo Dafuncio","Víctor Braña, Wenceslao Cinosi, Hipólito Caron, Ángel Vilar","Piano, Bass, 5 Bandoneons, 4 Violins"
Alfredo De Angelis,Orquesta Alfredo De Angelis,7/25/1958,Puede ser que no te rías,,Tango,Roberto Florio,Odeón,Tape,23265,52382-B,Leo Lipesker,Reinaldo Yiso,,"Rodríguez 1st bando, Braña 1st violin (1956-61)",Alfredo De Angelis,Hugo Besnatti,"Juan Miguel Rodríguez, Carlos Cubría, Américo Pinelli, Guillermo Vilar, Alfredo Dafuncio","Víctor Braña, Wenceslao Cinosi, Hipólito Caron, Ángel Vilar","Piano, Bass, 5 Bandoneons, 4 Violins"
Alfredo De Angelis,Orquesta Alfredo De Angelis,7/25/1958,Que será corazón,,Tango,Roberto Florio,Odeón,Tape,23264,52382-A,Jorge Dragone,Eduardo Blanco,,"Rodríguez 1st bando, Braña 1st violin (1956-61)",Alfredo De Angelis,Hugo Besnatti,"Juan Miguel Rodríguez, Carlos Cubría, Américo Pinelli, Guillermo Vilar, Alfredo Dafuncio","Víctor Braña, Wenceslao Cinosi, Hipólito Caron, Ángel Vilar","Piano, Bass, 5 Bandoneons, 4 Violins"
Alfredo De Angelis,Orquesta Alfredo De Angelis,8/21/1958,Cosas olvidadas,,Tango,Roberto Florio,Odeón,Tape,23398,52395-A,Antonio Rodio,José María Contursi,,"Rodríguez 1st bando, Braña 1st violin (1956-61)",Alfredo De Angelis,Hugo Besnatti,"Juan Miguel Rodríguez, Carlos Cubría, Américo Pinelli, Guillermo Vilar, Alfredo Dafuncio","Víctor Braña, Wenceslao Cinosi, Hipólito Caron, Ángel Vilar","Piano, Bass, 5 Bandoneons, 4 Violins"
Alfredo De Angelis,Orquesta Alfredo De Angelis,8/21/1958,Quién tiene tu amor,,Tango,Juan Carlos Godoy,Odeón,Tape,23399,52395-B,Leopoldo Díaz Velez,Leopoldo Díaz Vélez,,"Rodríguez 1st bando, Braña 1st violin (1956-61)",Alfredo De Angelis,Hugo Besnatti,"Juan Miguel Rodríguez, Carlos Cubría, Américo Pinelli, Guillermo Vilar, Alfredo Dafuncio","Víctor Braña, Wenceslao Cinosi, Hipólito Caron, Ángel Vilar","Piano, Bass, 5 Bandoneons, 4 Violins"
Alfredo De Angelis,Orquesta Alfredo De Angelis,9/26/1958,Hermana,,Vals,Juan Carlos Godoy,Odeón,Tape,23526,52416-B,Miguel Roberto Abrodos,Eugenio Majul,,"Rodríguez 1st bando, Braña 1st violin (1956-61)",Alfredo De Angelis,Hugo Besnatti,"Juan Miguel Rodríguez, Carlos Cubría, Américo Pinelli, Guillermo Vilar, Alfredo Dafuncio","Víctor Braña, Wenceslao Cinosi, Hipólito Caron, Ángel Vilar","Piano, Bass, 5 Bandoneons, 4 Violins"
Alfredo De Angelis,Orquesta Alfredo De Angelis,9/26/1958,Qué ironía (Ironía),,Tango,Roberto Florio,Odeón,Tape,23525,52416-A,Juan José Sanchez,Manuel Barros,,"Rodríguez 1st bando, Braña 1st violin (1956-61)",Alfredo De Angelis,Hugo Besnatti,"Juan Miguel Rodríguez, Carlos Cubría, Américo Pinelli, Guillermo Vilar, Alfredo Dafuncio","Víctor Braña, Wenceslao Cinosi, Hipólito Caron, Ángel Vilar","Piano, Bass, 5 Bandoneons, 4 Violins"
Alfredo De Angelis,Orquesta Alfredo De Angelis,10/15/1958,En Tus Brazos,,Tango,Oscar Larroca,Odeón,Tape,,,Marvil Zárate,Marvil,,"Rodríguez 1st bando, Braña 1st violin (1956-61)",Alfredo De Angelis,Hugo Besnatti,"Juan Miguel Rodríguez, Carlos Cubría, Américo Pinelli, Guillermo Vilar, Alfredo Dafuncio","Víctor Braña, Wenceslao Cinosi, Hipólito Caron, Ángel Vilar","Piano, Bass, 5 Bandoneons, 4 Violins"
Alfredo De Angelis,Orquesta Alfredo De Angelis,11/5/1958,Bajo el cono azul,,Tango,Roberto Florio,Odeón,Tape,23618,52453-A,Alfredo De Angelis,Carmelo Volpe,,"Rodríguez 1st bando, Braña 1st violin (1956-61)",Alfredo De Angelis,Hugo Besnatti,"Juan Miguel Rodríguez, Carlos Cubría, Américo Pinelli, Guillermo Vilar, Alfredo Dafuncio","Víctor Braña, Wenceslao Cinosi, Hipólito Caron, Ángel Vilar","Piano, Bass, 5 Bandoneons, 4 Violins"
Alfredo De Angelis,Orquesta Alfredo De Angelis,11/5/1958,Nadie quiso más,,Tango,Juan Carlos Godoy,Odeón,Tape,23619,52453-B,Alfredo De Angelis,José Rótulo,,"Rodríguez 1st bando, Braña 1st violin (1956-61)",Alfredo De Angelis,Hugo Besnatti,"Juan Miguel Rodríguez, Carlos Cubría, Américo Pinelli, Guillermo Vilar, Alfredo Dafuncio","Víctor Braña, Wenceslao Cinosi, Hipólito Caron, Ángel Vilar","Piano, Bass, 5 Bandoneons, 4 Violins"
Alfredo De Angelis,Orquesta Alfredo De Angelis,11/7/1958,No Culpes Al Amor,,Tango,Juan Carlos Godoy,Odeón,Tape,,,"Roberto Caló, Juan Scolnik","Roberto Caló, Juan Pueblito",,"Rodríguez 1st bando, Braña 1st violin (1956-61)",Alfredo De Angelis,Hugo Besnatti,"Juan Miguel Rodríguez, Carlos Cubría, Américo Pinelli, Guillermo Vilar, Alfredo Dafuncio","Víctor Braña, Wenceslao Cinosi, Hipólito Caron, Ángel Vilar","Piano, Bass, 5 Bandoneons, 4 Violins"
Alfredo De Angelis,Orquesta Alfredo De Angelis,12/11/1958,Amor de marinero,,Tango,Roberto Florio,Odeón,Tape,23699,52462-B,Dante Gilardoni,Roberto Cassinelli,,"Rodríguez 1st bando, Braña 1st violin (1956-61)",Alfredo De Angelis,Hugo Besnatti,"Juan Miguel Rodríguez, Carlos Cubría, Américo Pinelli, Guillermo Vilar, Alfredo Dafuncio","Víctor Braña, Wenceslao Cinosi, Hipólito Caron, Ángel Vilar","Piano, Bass, 5 Bandoneons, 4 Violins"
Alfredo De Angelis,Orquesta Alfredo De Angelis,12/11/1958,Media noche,,Tango,Juan Carlos Godoy,Odeón,Tape,23698,52462-A,Alberto Tavarozzi,Eduardo Escaris Méndez,,"Rodríguez 1st bando, Braña 1st violin (1956-61)",Alfredo De Angelis,Hugo Besnatti,"Juan Miguel Rodríguez, Carlos Cubría, Américo Pinelli, Guillermo Vilar, Alfredo Dafuncio","Víctor Braña, Wenceslao Cinosi, Hipólito Caron, Ángel Vilar","Piano, Bass, 5 Bandoneons, 4 Violins"
Alfredo De Angelis,Orquesta Alfredo De Angelis,4/6/1959,Anoche estuve llorando,,Vals,Lalo Martel,Odeón,Tape,23919,53484-B,Carlos Sánchez,Carlos Sánchez,,"Rodríguez 1st bando, Braña 1st violin (1956-61)",Alfredo De Angelis,Hugo Besnatti,"Juan Miguel Rodríguez, Carlos Cubría, Américo Pinelli, Guillermo Vilar, Alfredo Dafuncio","Víctor Braña, Wenceslao Cinosi, Hipólito Caron, Ángel Vilar","Piano, Bass, 5 Bandoneons, 4 Violins"
Alfredo De Angelis,Orquesta Alfredo De Angelis,4/6/1959,Se va la vida,,Tango,Juan Carlos Godoy,Odeón,Tape,23920,53484-A,Edgardo Donato,María Luisa Carnelli,,"Rodríguez 1st bando, Braña 1st violin (1956-61)",Alfredo De Angelis,Hugo Besnatti,"Juan Miguel Rodríguez, Carlos Cubría, Américo Pinelli, Guillermo Vilar, Alfredo Dafuncio","Víctor Braña, Wenceslao Cinosi, Hipólito Caron, Ángel Vilar","Piano, Bass, 5 Bandoneons, 4 Violins"
Alfredo De Angelis,Orquesta Alfredo De Angelis,5/4/1959,Amor de resero,,Tango,Juan Carlos Godoy y Lalo Martel,Odeón,Tape,24007,52495-B,Arturo Gallucci,Yaraví,,"Rodríguez 1st bando, Braña 1st violin (1956-61)",Alfredo De Angelis,Hugo Besnatti,"Juan Miguel Rodríguez, Carlos Cubría, Américo Pinelli, Guillermo Vilar, Alfredo Dafuncio","Víctor Braña, Wenceslao Cinosi, Hipólito Caron, Ángel Vilar","Piano, Bass, 5 Bandoneons, 4 Violins"
Alfredo De Angelis,Orquesta Alfredo De Angelis,5/4/1959,El piropo,,Tango,Lalo Martel,Odeón,Tape,24008,52495-A,Félix Blanco,José Rótulo,,"Rodríguez 1st bando, Braña 1st violin (1956-61)",Alfredo De Angelis,Hugo Besnatti,"Juan Miguel Rodríguez, Carlos Cubría, Américo Pinelli, Guillermo Vilar, Alfredo Dafuncio","Víctor Braña, Wenceslao Cinosi, Hipólito Caron, Ángel Vilar","Piano, Bass, 5 Bandoneons, 4 Violins"
Alfredo De Angelis,Orquesta Alfredo De Angelis,7/20/1959,Muñeca brava,,Tango,Lalo Martel,Odeón,Tape,24092,52518-b,Luis Visca,Enrique Cadícamo,,"Rodríguez 1st bando, Braña 1st violin (1956-61)",Alfredo De Angelis,Hugo Besnatti,"Juan Miguel Rodríguez, Carlos Cubría, Américo Pinelli, Guillermo Vilar, Alfredo Dafuncio","Víctor Braña, Wenceslao Cinosi, Hipólito Caron, Ángel Vilar","Piano, Bass, 5 Bandoneons, 4 Violins"
Alfredo De Angelis,Orquesta Alfredo De Angelis,6/5/1959,Si nos queremos todavía,,Tango,Juan Carlos Godoy,Odeón,Tape,24091,52518-A,Héctor Gentile,Angel Di Rosa,,"Rodríguez 1st bando, Braña 1st violin (1956-61)",Alfredo De Angelis,Hugo Besnatti,"Juan Miguel Rodríguez, Carlos Cubría, Américo Pinelli, Guillermo Vilar, Alfredo Dafuncio","Víctor Braña, Wenceslao Cinosi, Hipólito Caron, Ángel Vilar","Piano, Bass, 5 Bandoneons, 4 Violins"
Alfredo De Angelis,Orquesta Alfredo De Angelis,7/20/1959,Al mundo le falta un tornillo,,Tango,Lalo Martel,Odeón,Tape,24245,1223-B,José María Aguilar,Enrique Cadícamo,,"Rodríguez 1st bando, Braña 1st violin (1956-61)",Alfredo De Angelis,Hugo Besnatti,"Juan Miguel Rodríguez, Carlos Cubría, Américo Pinelli, Guillermo Vilar, Alfredo Dafuncio","Víctor Braña, Wenceslao Cinosi, Hipólito Caron, Ángel Vilar","Piano, Bass, 5 Bandoneons, 4 Violins"
Alfredo De Angelis,Orquesta Alfredo De Angelis,7/20/1959,Vuelve amor,,Tango,Juan Carlos Godoy,Odeón,Tape,24246,1223-A,Roberto Rufino,Reinaldo Yiso,,"Rodríguez 1st bando, Braña 1st violin (1956-61)",Alfredo De Angelis,Hugo Besnatti,"Juan Miguel Rodríguez, Carlos Cubría, Américo Pinelli, Guillermo Vilar, Alfredo Dafuncio","Víctor Braña, Wenceslao Cinosi, Hipólito Caron, Ángel Vilar","Piano, Bass, 5 Bandoneons, 4 Violins"
Alfredo De Angelis,Orquesta Alfredo De Angelis,8/18/1959,Entre tu amor y mi amor,,Tango,Juan Carlos Godoy,Odeón,Tape,24354,52531-A,Juan Pomati,Leopoldo Díaz Vélez,,"Rodríguez 1st bando, Braña 1st violin (1956-61)",Alfredo De Angelis,Hugo Besnatti,"Juan Miguel Rodríguez, Carlos Cubría, Américo Pinelli, Guillermo Vilar, Alfredo Dafuncio","Víctor Braña, Wenceslao Cinosi, Hipólito Caron, Ángel Vilar","Piano, Bass, 5 Bandoneons, 4 Violins"
Alfredo De Angelis,Orquesta Alfredo De Angelis,8/18/1959,Orgullo tanguero,,Tango,Lalo Martel,Odeón,Tape,24353,52531-B,Luis Stazo,Enrique Cadícamo,,"Rodríguez 1st bando, Braña 1st violin (1956-61)",Alfredo De Angelis,Hugo Besnatti,"Juan Miguel Rodríguez, Carlos Cubría, Américo Pinelli, Guillermo Vilar, Alfredo Dafuncio","Víctor Braña, Wenceslao Cinosi, Hipólito Caron, Ángel Vilar","Piano, Bass, 5 Bandoneons, 4 Violins"
Alfredo De Angelis,Orquesta Alfredo De Angelis,10/13/1959,Así nació esta milonga,,Milonga,Lalo Martel,Odeón,Tape,24573,52601-B,Angel Cabral,Sara Rainer,,"Rodríguez 1st bando, Braña 1st violin (1956-61)",Alfredo De Angelis,Hugo Besnatti,"Juan Miguel Rodríguez, Carlos Cubría, Américo Pinelli, Guillermo Vilar, Alfredo Dafuncio","Víctor Braña, Wenceslao Cinosi, Hipólito Caron, Ángel Vilar","Piano, Bass, 5 Bandoneons, 4 Violins"
Alfredo De Angelis,Orquesta Alfredo De Angelis,10/13/1959,Más allá del corazón,,Tango,Juan Carlos Godoy,Odeón,Tape,24574,52601-A,Juan Pomati,Reinaldo Yiso,,"Rodríguez 1st bando, Braña 1st violin (1956-61)",Alfredo De Angelis,Hugo Besnatti,"Juan Miguel Rodríguez, Carlos Cubría, Américo Pinelli, Guillermo Vilar, Alfredo Dafuncio","Víctor Braña, Wenceslao Cinosi, Hipólito Caron, Ángel Vilar","Piano, Bass, 5 Bandoneons, 4 Violins"
Alfredo De Angelis,Orquesta Alfredo De Angelis,11/13/1959,Amarrete,,Tango,,Odeón,Tape,24705,52702-B,Pacífico Lambertucci,Luis Coraggio,,"Rodríguez 1st bando, Braña 1st violin (1956-61)",Alfredo De Angelis,Hugo Besnatti,"Juan Miguel Rodríguez, Carlos Cubría, Américo Pinelli, Guillermo Vilar, Alfredo Dafuncio","Víctor Braña, Wenceslao Cinosi, Hipólito Caron, Ángel Vilar","Piano, Bass, 5 Bandoneons, 4 Violins"
Alfredo De Angelis,Orquesta Alfredo De Angelis,11/13/1959,Re fa si,,Tango,,Odeón,Tape,24704,52587-B,Enrique Delfino,,,"Rodríguez 1st bando, Braña 1st violin (1956-61)",Alfredo De Angelis,Hugo Besnatti,"Juan Miguel Rodríguez, Carlos Cubría, Américo Pinelli, Guillermo Vilar, Alfredo Dafuncio","Víctor Braña, Wenceslao Cinosi, Hipólito Caron, Ángel Vilar","Piano, Bass, 5 Bandoneons, 4 Violins"
Alfredo De Angelis,Orquesta Alfredo De Angelis,11/20/1959,A tu memoria madrecita,,Vals,Juan Carlos Godoy,Odeón,Tape,24729,52587-A,Alberto Cosentino,Alberto Cosentino,,"Rodríguez 1st bando, Braña 1st violin (1956-61)",Alfredo De Angelis,Hugo Besnatti,"Juan Miguel Rodríguez, Carlos Cubría, Américo Pinelli, Guillermo Vilar, Alfredo Dafuncio","Víctor Braña, Wenceslao Cinosi, Hipólito Caron, Ángel Vilar","Piano, Bass, 5 Bandoneons, 4 Violins"
Alfredo De Angelis,Orquesta Alfredo De Angelis,11/20/1959,No aflojés,,Tango,Lalo Martel,Odeón,Tape,24730,52702-A,Pedro Maffia,Mario Battistella,,"Rodríguez 1st bando, Braña 1st violin (1956-61)",Alfredo De Angelis,Hugo Besnatti,"Juan Miguel Rodríguez, Carlos Cubría, Américo Pinelli, Guillermo Vilar, Alfredo Dafuncio","Víctor Braña, Wenceslao Cinosi, Hipólito Caron, Ángel Vilar","Piano, Bass, 5 Bandoneons, 4 Violins"
Alfredo De Angelis,Orquesta Alfredo De Angelis,12/21/1959,Abuela,,Tango,Juan Carlos Godoy y Lalo Martel,Odeón,Tape,24826,52767-B,Hipólito Carón,Ricardo Otero,,"Rodríguez 1st bando, Braña 1st violin (1956-61)",Alfredo De Angelis,Hugo Besnatti,"Juan Miguel Rodríguez, Carlos Cubría, Américo Pinelli, Guillermo Vilar, Alfredo Dafuncio","Víctor Braña, Wenceslao Cinosi, Hipólito Caron, Ángel Vilar","Piano, Bass, 5 Bandoneons, 4 Violins"
Alfredo De Angelis,Orquesta Alfredo De Angelis,12/21/1959,Felicidad,,Tango,Juan Carlos Godoy,Odeón,Tape,24825,52767-A,Alfredo De Angelis,José Rótulo,,"Rodríguez 1st bando, Braña 1st violin (1956-61)",Alfredo De Angelis,Hugo Besnatti,"Juan Miguel Rodríguez, Carlos Cubría, Américo Pinelli, Guillermo Vilar, Alfredo Dafuncio","Víctor Braña, Wenceslao Cinosi, Hipólito Caron, Ángel Vilar","Piano, Bass, 5 Bandoneons, 4 Violins"
Alfredo De Angelis,Orquesta Alfredo De Angelis,5/16/1960,Bonita,,Tango,Juan Carlos Godoy,Odeón,Tape,25307,52610-B,Guillermo Vilar,Santiago Adamini,,"Rodríguez 1st bando, Braña 1st violin (1956-61)",Alfredo De Angelis,Hugo Besnatti,"Juan Miguel Rodríguez, Carlos Cubría, Américo Pinelli, Guillermo Vilar, Alfredo Dafuncio","Víctor Braña, Wenceslao Cinosi, Hipólito Caron, Ángel Vilar","Piano, Bass, 5 Bandoneons, 4 Violins"
Alfredo De Angelis,Orquesta Alfredo De Angelis,5/16/1960,Que Dios te perdone,,Vals,Juan Carlos Godoy y Lalo Martel,Odeón,Tape,25308,52610-A,Félix Blanco,Félix Blanco,,"Rodríguez 1st bando, Braña 1st violin (1956-61)",Alfredo De Angelis,Hugo Besnatti,"Juan Miguel Rodríguez, Carlos Cubría, Américo Pinelli, Guillermo Vilar, Alfredo Dafuncio","Víctor Braña, Wenceslao Cinosi, Hipólito Caron, Ángel Vilar","Piano, Bass, 5 Bandoneons, 4 Violins"
Alfredo De Angelis,Orquesta Alfredo De Angelis,6/17/1960,Guitarra de ausencia,,Tango,Juan Carlos Godoy,Odeón,Tape,25442,52640-A,Arturo Gallucci,Yaraví,,"Rodríguez 1st bando, Braña 1st violin (1956-61)",Alfredo De Angelis,Hugo Besnatti,"Juan Miguel Rodríguez, Carlos Cubría, Américo Pinelli, Guillermo Vilar, Alfredo Dafuncio","Víctor Braña, Wenceslao Cinosi, Hipólito Caron, Ángel Vilar","Piano, Bass, 5 Bandoneons, 4 Violins"
Alfredo De Angelis,Orquesta Alfredo De Angelis,6/17/1960,La manzanita,,Milonga,Lalo Martel,Odeón,Tape,25441,52623-B,Carlos Lazzari,Juan Polito,,"Rodríguez 1st bando, Braña 1st violin (1956-61)",Alfredo De Angelis,Hugo Besnatti,"Juan Miguel Rodríguez, Carlos Cubría, Américo Pinelli, Guillermo Vilar, Alfredo Dafuncio","Víctor Braña, Wenceslao Cinosi, Hipólito Caron, Ángel Vilar","Piano, Bass, 5 Bandoneons, 4 Violins"
Alfredo De Angelis,Orquesta Alfredo De Angelis,6/30/1960,Ruiseñor de Puente Alsina,,Tango,Lalo Martel,Odeón,Tape,25474,52640-B,Wenceslao Cinosi,Sara Rainer,,"Rodríguez 1st bando, Braña 1st violin (1956-61)",Alfredo De Angelis,Hugo Besnatti,"Juan Miguel Rodríguez, Carlos Cubría, Américo Pinelli, Guillermo Vilar, Alfredo Dafuncio","Víctor Braña, Wenceslao Cinosi, Hipólito Caron, Ángel Vilar","Piano, Bass, 5 Bandoneons, 4 Violins"
Alfredo De Angelis,Orquesta Alfredo De Angelis,6/30/1960,Y olvida corazón,,Tango,Juan Carlos Godoy,Odeón,Tape,25475,52623-A,Juan Pomati,Leopoldo Díaz Vélez,,"Rodríguez 1st bando, Braña 1st violin (1956-61)",Alfredo De Angelis,Hugo Besnatti,"Juan Miguel Rodríguez, Carlos Cubría, Américo Pinelli, Guillermo Vilar, Alfredo Dafuncio","Víctor Braña, Wenceslao Cinosi, Hipólito Caron, Ángel Vilar","Piano, Bass, 5 Bandoneons, 4 Violins"
Alfredo De Angelis,Orquesta Alfredo De Angelis,10/19/1960,T.B.C.,,Tango,Lalo Martel,Odeón,Tape,25809,52658-B,Edgardo Donato,Victor Soliño,,"Rodríguez 1st bando, Braña 1st violin (1956-61)",Alfredo De Angelis,Hugo Besnatti,"Juan Miguel Rodríguez, Carlos Cubría, Américo Pinelli, Guillermo Vilar, Alfredo Dafuncio","Víctor Braña, Wenceslao Cinosi, Hipólito Caron, Ángel Vilar","Piano, Bass, 5 Bandoneons, 4 Violins"
Alfredo De Angelis,Orquesta Alfredo De Angelis,10/19/1960,Un duende nada más,,Tango,Juan Carlos Godoy,Odeón,Tape,25810,52658-A,Tito Ferrari,Alberto Coria (Juan Birome),,"Rodríguez 1st bando, Braña 1st violin (1956-61)",Alfredo De Angelis,Hugo Besnatti,"Juan Miguel Rodríguez, Carlos Cubría, Américo Pinelli, Guillermo Vilar, Alfredo Dafuncio","Víctor Braña, Wenceslao Cinosi, Hipólito Caron, Ángel Vilar","Piano, Bass, 5 Bandoneons, 4 Violins"
Alfredo De Angelis,Orquesta Alfredo De Angelis,11/28/1960,Pastorcita de Amancay,,Vals,Lalo Martel,Odeón,Tape,25895,52671-B,Chito Galindo,Chito Galindo,,"Rodríguez 1st bando, Braña 1st violin (1956-61)",Alfredo De Angelis,Hugo Besnatti,"Juan Miguel Rodríguez, Carlos Cubría, Américo Pinelli, Guillermo Vilar, Alfredo Dafuncio","Víctor Braña, Wenceslao Cinosi, Hipólito Caron, Ángel Vilar","Piano, Bass, 5 Bandoneons, 4 Violins"
Alfredo De Angelis,Orquesta Alfredo De Angelis,11/28/1960,Tu olvido y yo,,Tango,Juan Carlos Godoy,Odeón,Tape,25896,52671-A,Manuel sucher,Roberto Lambertucci,,"Rodríguez 1st bando, Braña 1st violin (1956-61)",Alfredo De Angelis,Hugo Besnatti,"Juan Miguel Rodríguez, Carlos Cubría, Américo Pinelli, Guillermo Vilar, Alfredo Dafuncio","Víctor Braña, Wenceslao Cinosi, Hipólito Caron, Ángel Vilar","Piano, Bass, 5 Bandoneons, 4 Violins"
Alfredo De Angelis,Orquesta Alfredo De Angelis,12/22/1960,Chau pebeta,,Tango,Lalo Martel,Odeón,Tape,25928,52693-B,Leo Lipesker,Mario Bustos,,"Rodríguez 1st bando, Braña 1st violin (1956-61)",Alfredo De Angelis,Hugo Besnatti,"Juan Miguel Rodríguez, Carlos Cubría, Américo Pinelli, Guillermo Vilar, Alfredo Dafuncio","Víctor Braña, Wenceslao Cinosi, Hipólito Caron, Ángel Vilar","Piano, Bass, 5 Bandoneons, 4 Violins"
Alfredo De Angelis,Orquesta Alfredo De Angelis,12/22/1960,Maldito corazón,,Vals,Juan Carlos Godoy,Odeón,Tape,25927,52693-A,Angel Cabral,Reinaldo Yiso,,"Rodríguez 1st bando, Braña 1st violin (1956-61)",Alfredo De Angelis,Hugo Besnatti,"Juan Miguel Rodríguez, Carlos Cubría, Américo Pinelli, Guillermo Vilar, Alfredo Dafuncio","Víctor Braña, Wenceslao Cinosi, Hipólito Caron, Ángel Vilar","Piano, Bass, 5 Bandoneons, 4 Violins"
Alfredo De Angelis,Orquesta Alfredo De Angelis,6/26/1961,Llevame carretero,,Tango,Juan Carlos Godoy,Odeón,Tape,26560,52711-A,Manuel Parada,José Cicarelli,,"Rodríguez 1st bando, Braña 1st violin (1956-61)",Alfredo De Angelis,Hugo Besnatti,"Juan Miguel Rodríguez, Carlos Cubría, Américo Pinelli, Guillermo Vilar, Alfredo Dafuncio","Víctor Braña, Wenceslao Cinosi, Hipólito Caron, Ángel Vilar","Piano, Bass, 5 Bandoneons, 4 Violins"
Alfredo De Angelis,Orquesta Alfredo De Angelis,6/26/1961,Chistando,,Tango,Lalo Martel,Odeón,Tape,26559,52711-B,Francisco Canaro,Francisco Canaro,,"Rodríguez 1st bando, Braña 1st violin (1956-61)",Alfredo De Angelis,Hugo Besnatti,"Juan Miguel Rodríguez, Carlos Cubría, Américo Pinelli, Guillermo Vilar, Alfredo Dafuncio","Víctor Braña, Wenceslao Cinosi, Hipólito Caron, Ángel Vilar","Piano, Bass, 5 Bandoneons, 4 Violins"
Alfredo De Angelis,Orquesta Alfredo De Angelis,7/28/1961,A la gran muñeca,,Tango,,Odeón,Tape,26695,52733-B,Jesús Ventura,Miguel Osés,,"Rodríguez 1st bando, Braña 1st violin (1956-61)",Alfredo De Angelis,Hugo Besnatti,"Juan Miguel Rodríguez, Carlos Cubría, Américo Pinelli, Guillermo Vilar, Alfredo Dafuncio","Víctor Braña, Wenceslao Cinosi, Hipólito Caron, Ángel Vilar","Piano, Bass, 5 Bandoneons, 4 Violins"
Alfredo De Angelis,Orquesta Alfredo De Angelis,7/28/1961,Malambo,,Tango,,Odeón,Tape,26696,1896,Alfredo De Angelis,José Rótulo,,"Rodríguez 1st bando, Braña 1st violin (1956-61)",Alfredo De Angelis,Hugo Besnatti,"Juan Miguel Rodríguez, Carlos Cubría, Américo Pinelli, Guillermo Vilar, Alfredo Dafuncio","Víctor Braña, Wenceslao Cinosi, Hipólito Caron, Ángel Vilar","Piano, Bass, 5 Bandoneons, 4 Violins"
Alfredo De Angelis,Orquesta Alfredo De Angelis,8/8/1961,Angélica,,Vals,Juan Carlos Godoy,Odeón,Tape,26745,52721-A,Roberto Cambaré,Roberto Cambaré,,"Rodríguez 1st bando, Braña 1st violin (1956-61)",Alfredo De Angelis,Hugo Besnatti,"Juan Miguel Rodríguez, Carlos Cubría, Américo Pinelli, Guillermo Vilar, Alfredo Dafuncio","Víctor Braña, Wenceslao Cinosi, Hipólito Caron, Ángel Vilar","Piano, Bass, 5 Bandoneons, 4 Violins"
Alfredo De Angelis,Orquesta Alfredo De Angelis,8/8/1961,Blanca nieve [c],,Milonga,Lalo Martel,Odeón,Tape,26744,52721-B,Isabel De Angelis,José Rótulo,,"Rodríguez 1st bando, Braña 1st violin (1956-61)",Alfredo De Angelis,Hugo Besnatti,"Juan Miguel Rodríguez, Carlos Cubría, Américo Pinelli, Guillermo Vilar, Alfredo Dafuncio","Víctor Braña, Wenceslao Cinosi, Hipólito Caron, Ángel Vilar","Piano, Bass, 5 Bandoneons, 4 Violins"
Alfredo De Angelis,Orquesta Alfredo De Angelis,8/15/1961,A la criolla,,Tango,,Odeón,Tape,26776,55554-B,Francisco García Jimenez,Anselmo Aieta,,"Rodríguez 1st bando, Braña 1st violin (1956-61)",Alfredo De Angelis,Hugo Besnatti,"Juan Miguel Rodríguez, Carlos Cubría, Américo Pinelli, Guillermo Vilar, Alfredo Dafuncio","Víctor Braña, Wenceslao Cinosi, Hipólito Caron, Ángel Vilar","Piano, Bass, 5 Bandoneons, 4 Violins"
Alfredo De Angelis,Orquesta Alfredo De Angelis,8/15/1961,Flores negras,,Tango,,Odeón,Tape,26775,55554-A,Francisco De Caro,Mario César Gomila,,"Rodríguez 1st bando, Braña 1st violin (1956-61)",Alfredo De Angelis,Hugo Besnatti,"Juan Miguel Rodríguez, Carlos Cubría, Américo Pinelli, Guillermo Vilar, Alfredo Dafuncio","Víctor Braña, Wenceslao Cinosi, Hipólito Caron, Ángel Vilar","Piano, Bass, 5 Bandoneons, 4 Violins"
Alfredo De Angelis,Orquesta Alfredo De Angelis,8/21/1961,Meta garufa,,Tango,Lalo Martel,Odeón,Tape,26792,52740-A,Leo Lipesker,Mario Bustos,,"Rodríguez 1st bando, Braña 1st violin (1956-61)",Alfredo De Angelis,Hugo Besnatti,"Juan Miguel Rodríguez, Carlos Cubría, Américo Pinelli, Guillermo Vilar, Alfredo Dafuncio","Víctor Braña, Wenceslao Cinosi, Hipólito Caron, Ángel Vilar","Piano, Bass, 5 Bandoneons, 4 Violins"
Alfredo De Angelis,Orquesta Alfredo De Angelis,8/21/1961,Tres compadres,,Tango,,Odeón,Tape,26793,52740-B,Luis Stazo,Américo Pineda,,"Rodríguez 1st bando, Braña 1st violin (1956-61)",Alfredo De Angelis,Hugo Besnatti,"Juan Miguel Rodríguez, Carlos Cubría, Américo Pinelli, Guillermo Vilar, Alfredo Dafuncio","Víctor Braña, Wenceslao Cinosi, Hipólito Caron, Ángel Vilar","Piano, Bass, 5 Bandoneons, 4 Violins"
Alfredo De Angelis,Orquesta Alfredo De Angelis,8/29/1961,La cumparsita,Si Supieras,Tango,,Odeón,Tape,26831,1942-A,Gerardo Matos Rodríguez,,,"Rodríguez 1st bando, Braña 1st violin (1956-61)",Alfredo De Angelis,Hugo Besnatti,"Juan Miguel Rodríguez, Carlos Cubría, Américo Pinelli, Guillermo Vilar, Alfredo Dafuncio","Víctor Braña, Wenceslao Cinosi, Hipólito Caron, Ángel Vilar","Piano, Bass, 5 Bandoneons, 4 Violins"
Alfredo De Angelis,Orquesta Alfredo De Angelis,8/29/1961,Ni Tú Ni Yo,,Tango,Juan Carlos Godoy,Odeón,Tape,1942-B,1942-B,J. Pomati,Reinaldo Yiso,,"Rodríguez 1st bando, Braña 1st violin (1956-61)",Alfredo De Angelis,Hugo Besnatti,"Juan Miguel Rodríguez, Carlos Cubría, Américo Pinelli, Guillermo Vilar, Alfredo Dafuncio","Víctor Braña, Wenceslao Cinosi, Hipólito Caron, Ángel Vilar","Piano, Bass, 5 Bandoneons, 4 Violins"
Alfredo De Angelis,Orquesta Alfredo De Angelis,12/21/1961,Locura locura,,Tango,Juan Carlos Godoy,Odeón,Tape,27365,52750-A,Manuel Sucher,Roberto Cantoral,,"Rodríguez 1st bando, Braña 1st violin (1956-61)",Alfredo De Angelis,Hugo Besnatti,"Juan Miguel Rodríguez, Carlos Cubría, Américo Pinelli, Guillermo Vilar, Alfredo Dafuncio","Víctor Braña, Wenceslao Cinosi, Hipólito Caron, Ángel Vilar","Piano, Bass, 5 Bandoneons, 4 Violins"
Alfredo De Angelis,Orquesta Alfredo De Angelis,12/21/1961,Yira yira,,Tango,Lalo Martel,Odeón,Tape,27364,52750-B,Enrique Santos Discépolo,Enrique Santos Discépolo,,"Rodríguez 1st bando, Braña 1st violin (1956-61)",Alfredo De Angelis,Hugo Besnatti,"Juan Miguel Rodríguez, Carlos Cubría, Américo Pinelli, Guillermo Vilar, Alfredo Dafuncio","Víctor Braña, Wenceslao Cinosi, Hipólito Caron, Ángel Vilar","Piano, Bass, 5 Bandoneons, 4 Violins"
Alfredo De Angelis,Orquesta Alfredo De Angelis,4/30/1962,Desagradecida,,Vals,Lalo Martel,Odeón,Tape-S,27710,52764-A,Angel Cabral,Reinaldo Yiso,,"Stazo 1st bando, Cinosi 1st violin (1962-67)",Alfredo De Angelis,Hugo Besnatti,"Luis Stazo, Carlos Cubría, Américo Pinelli, Guillermo Vilar","Wenceslao Cinosi, Ángel Vilar, Hipólito Caron, Germán Ojeda, Hamlet Cicero","Piano, Bass, 4 Bandoneons, 5 Violins"
Alfredo De Angelis,Orquesta Alfredo De Angelis,4/30/1962,Sólo quiero ser feliz,,Tango,Juan Carlos Godoy,Odeón,Tape-S,27711,52764-B,Domingo Pranteda,Pedro Gregorio Gallelli,,"Stazo 1st bando, Cinosi 1st violin (1962-67)",Alfredo De Angelis,Hugo Besnatti,"Luis Stazo, Carlos Cubría, Américo Pinelli, Guillermo Vilar","Wenceslao Cinosi, Ángel Vilar, Hipólito Caron, Germán Ojeda, Hamlet Cicero","Piano, Bass, 4 Bandoneons, 5 Violins"
Alfredo De Angelis,Orquesta Alfredo De Angelis,5/28/1962,No tengo contra,,Tango,,Odeón,Tape-S,27926,1982-B,Wenceslao Cinosi,,,"Stazo 1st bando, Cinosi 1st violin (1962-67)",Alfredo De Angelis,Hugo Besnatti,"Luis Stazo, Carlos Cubría, Américo Pinelli, Guillermo Vilar","Wenceslao Cinosi, Ángel Vilar, Hipólito Caron, Germán Ojeda, Hamlet Cicero","Piano, Bass, 4 Bandoneons, 5 Violins"
Alfredo De Angelis,Orquesta Alfredo De Angelis,5/28/1962,Tango y turf [selección],Leguisamo Solo Bajo Belgrano Domingo Uno Y Uno Palermo,Tango,Juan Carlos Godoy y Lalo Martel,Odeón,Tape-S,27925,2023-A,Varios,Varios,,"Stazo 1st bando, Cinosi 1st violin (1962-67)",Alfredo De Angelis,Hugo Besnatti,"Luis Stazo, Carlos Cubría, Américo Pinelli, Guillermo Vilar","Wenceslao Cinosi, Ángel Vilar, Hipólito Caron, Germán Ojeda, Hamlet Cicero","Piano, Bass, 4 Bandoneons, 5 Violins"
Alfredo De Angelis,Orquesta Alfredo De Angelis,10/12/1962,Mon cherie (Mi querida),Mi Querida,Tango,Juan Carlos Godoy,Odeón,Tape-S,20825,52780-B,Alfredo De Angelis,José Rótulo,,"Stazo 1st bando, Cinosi 1st violin (1962-67)",Alfredo De Angelis,Hugo Besnatti,"Luis Stazo, Carlos Cubría, Américo Pinelli, Guillermo Vilar","Wenceslao Cinosi, Ángel Vilar, Hipólito Caron, Germán Ojeda, Hamlet Cicero","Piano, Bass, 4 Bandoneons, 5 Violins"
Alfredo De Angelis,Orquesta Alfredo De Angelis,10/25/1962,El sonsonete,,Tango,Lalo Martel,Odeón,Tape-S,28439,52778-A,Carlos Figari,José Rótulo,,"Stazo 1st bando, Cinosi 1st violin (1962-67)",Alfredo De Angelis,Hugo Besnatti,"Luis Stazo, Carlos Cubría, Américo Pinelli, Guillermo Vilar","Wenceslao Cinosi, Ángel Vilar, Hipólito Caron, Germán Ojeda, Hamlet Cicero","Piano, Bass, 4 Bandoneons, 5 Violins"
Alfredo De Angelis,Orquesta Alfredo De Angelis,10/25/1962,Hasta Callao no más,,Milonga,Juan Carlos Godoy,Odeón,Tape-S,28440,52778-B,Azucena Maizani,Elena Pistoia de Leper (Mara),,"Stazo 1st bando, Cinosi 1st violin (1962-67)",Alfredo De Angelis,Hugo Besnatti,"Luis Stazo, Carlos Cubría, Américo Pinelli, Guillermo Vilar","Wenceslao Cinosi, Ángel Vilar, Hipólito Caron, Germán Ojeda, Hamlet Cicero","Piano, Bass, 4 Bandoneons, 5 Violins"
Alfredo De Angelis,Orquesta Alfredo De Angelis,12/10/1962,Si me esperaras a mí,,Tango,Lalo Martel,Odeón,Tape-S,28624,52780-A,Don Filinto,Alfonso Casini,,"Stazo 1st bando, Cinosi 1st violin (1962-67)",Alfredo De Angelis,Hugo Besnatti,"Luis Stazo, Carlos Cubría, Américo Pinelli, Guillermo Vilar","Wenceslao Cinosi, Ángel Vilar, Hipólito Caron, Germán Ojeda, Hamlet Cicero","Piano, Bass, 4 Bandoneons, 5 Violins"
Alfredo De Angelis,Orquesta Alfredo De Angelis,12/27/1962,Qué tenés que hablar de mí,,Tango,Lalo Martel,Odeón,Tape-S,28682,2037-B,Leo Lipesker,Abel Aznar,,"Stazo 1st bando, Cinosi 1st violin (1962-67)",Alfredo De Angelis,Hugo Besnatti,"Luis Stazo, Carlos Cubría, Américo Pinelli, Guillermo Vilar","Wenceslao Cinosi, Ángel Vilar, Hipólito Caron, Germán Ojeda, Hamlet Cicero","Piano, Bass, 4 Bandoneons, 5 Violins"
Alfredo De Angelis,Orquesta Alfredo De Angelis,12/27/1962,Señor no me la quites,,Tango,Juan Carlos Godoy,Odeón,Tape-S,28683,2037-A,Carlos Cubría,Hércules Calvi,,"Stazo 1st bando, Cinosi 1st violin (1962-67)",Alfredo De Angelis,Hugo Besnatti,"Luis Stazo, Carlos Cubría, Américo Pinelli, Guillermo Vilar","Wenceslao Cinosi, Ángel Vilar, Hipólito Caron, Germán Ojeda, Hamlet Cicero","Piano, Bass, 4 Bandoneons, 5 Violins"
Alfredo De Angelis,Orquesta Alfredo De Angelis,1/3/1963,Sin aliento,,Tango,,Odeón,Tape-S,28691,52789-B,Isabel De Angelis,,,"Stazo 1st bando, Cinosi 1st violin (1962-67)",Alfredo De Angelis,Hugo Besnatti,"Luis Stazo, Carlos Cubría, Américo Pinelli, Guillermo Vilar","Wenceslao Cinosi, Ángel Vilar, Hipólito Caron, Germán Ojeda, Hamlet Cicero","Piano, Bass, 4 Bandoneons, 5 Violins"
Alfredo De Angelis,Orquesta Alfredo De Angelis,1/3/1963,Tropero soy,,Tango,Juan Carlos Godoy y Lalo Martel,Odeón,Tape-S,28690,52789-A,Arturo Gallucci,Yaraví,,"Stazo 1st bando, Cinosi 1st violin (1962-67)",Alfredo De Angelis,Hugo Besnatti,"Luis Stazo, Carlos Cubría, Américo Pinelli, Guillermo Vilar","Wenceslao Cinosi, Ángel Vilar, Hipólito Caron, Germán Ojeda, Hamlet Cicero","Piano, Bass, 4 Bandoneons, 5 Violins"
Alfredo De Angelis,Orquesta Alfredo De Angelis,7/25/1963,Amar hasta morir,,Tango,Juan Carlos Godoy,Odeón,Tape-S,29320,7004-B,Nino Fassa,Jorge Burbridge,,"Stazo 1st bando, Cinosi 1st violin (1962-67)",Alfredo De Angelis,Hugo Besnatti,"Luis Stazo, Carlos Cubría, Américo Pinelli, Guillermo Vilar","Wenceslao Cinosi, Ángel Vilar, Hipólito Caron, Germán Ojeda, Hamlet Cicero","Piano, Bass, 4 Bandoneons, 5 Violins"
Alfredo De Angelis,Orquesta Alfredo De Angelis,7/25/1963,Carta para Renée,,Tango,Roberto Mancini,Odeón,Tape-S,29319,7004-A,Manuel Sucher,Marvil (Elizardo Martínez Vilas),,"Stazo 1st bando, Cinosi 1st violin (1962-67)",Alfredo De Angelis,Hugo Besnatti,"Luis Stazo, Carlos Cubría, Américo Pinelli, Guillermo Vilar","Wenceslao Cinosi, Ángel Vilar, Hipólito Caron, Germán Ojeda, Hamlet Cicero","Piano, Bass, 4 Bandoneons, 5 Violins"
Alfredo De Angelis,Orquesta Alfredo De Angelis,8/30/1963,Loco por ti,,Vals,Juan Carlos Godoy y Roberto Mancini,Odeón,Tape-S,29420,2074-A,Roberto Trippi,José Alvarez,,"Stazo 1st bando, Cinosi 1st violin (1962-67)",Alfredo De Angelis,Hugo Besnatti,"Luis Stazo, Carlos Cubría, Américo Pinelli, Guillermo Vilar","Wenceslao Cinosi, Ángel Vilar, Hipólito Caron, Germán Ojeda, Hamlet Cicero","Piano, Bass, 4 Bandoneons, 5 Violins"
Alfredo De Angelis,Orquesta Alfredo De Angelis,7/25/1963,Mi malacara y yo,,Tango,Juan Carlos Godoy y Roberto Mancini,Odeón,Tape-S,29419,2074-B,Luis Stazo,Federico Silva,,"Stazo 1st bando, Cinosi 1st violin (1962-67)",Alfredo De Angelis,Hugo Besnatti,"Luis Stazo, Carlos Cubría, Américo Pinelli, Guillermo Vilar","Wenceslao Cinosi, Ángel Vilar, Hipólito Caron, Germán Ojeda, Hamlet Cicero","Piano, Bass, 4 Bandoneons, 5 Violins"
Alfredo De Angelis,Orquesta Alfredo De Angelis,11/29/1963,Mujercita,,Tango,Roberto Mancini,Odeón,Tape-S,29637,7040-B,Hipólito Carón,,,"Stazo 1st bando, Cinosi 1st violin (1962-67)",Alfredo De Angelis,Hugo Besnatti,"Luis Stazo, Carlos Cubría, Américo Pinelli, Guillermo Vilar","Wenceslao Cinosi, Ángel Vilar, Hipólito Caron, Germán Ojeda, Hamlet Cicero","Piano, Bass, 4 Bandoneons, 5 Violins"
Alfredo De Angelis,Orquesta Alfredo De Angelis,11/29/1963,Un mendigo,,Tango,Juan Carlos Godoy,Odeón,Tape-S,29636,7040-A,Juan Pomati,Reinaldo Yiso,,"Stazo 1st bando, Cinosi 1st violin (1962-67)",Alfredo De Angelis,Hugo Besnatti,"Luis Stazo, Carlos Cubría, Américo Pinelli, Guillermo Vilar","Wenceslao Cinosi, Ángel Vilar, Hipólito Caron, Germán Ojeda, Hamlet Cicero","Piano, Bass, 4 Bandoneons, 5 Violins"
Alfredo De Angelis,Orquesta Alfredo De Angelis,3/24/1964,Como se muere de amor,,Tango,Roberto Mancini,Odeón,Tape-S,29910,7073-B,Daniel Alvarez,Daniel Alvarez,,"Stazo 1st bando, Cinosi 1st violin (1962-67)",Alfredo De Angelis,Hugo Besnatti,"Luis Stazo, Carlos Cubría, Américo Pinelli, Guillermo Vilar","Wenceslao Cinosi, Ángel Vilar, Hipólito Caron, Germán Ojeda, Hamlet Cicero","Piano, Bass, 4 Bandoneons, 5 Violins"
Alfredo De Angelis,Orquesta Alfredo De Angelis,3/4/1964,Cuando era mía mi vieja,,Tango,Juan Carlos Godoy,Odeón,Tape-S,29911,7073-A,Pascual Mamone,Juan Tiggi,,"Stazo 1st bando, Cinosi 1st violin (1962-67)",Alfredo De Angelis,Hugo Besnatti,"Luis Stazo, Carlos Cubría, Américo Pinelli, Guillermo Vilar","Wenceslao Cinosi, Ángel Vilar, Hipólito Caron, Germán Ojeda, Hamlet Cicero","Piano, Bass, 4 Bandoneons, 5 Violins"
Alfredo De Angelis,Orquesta Alfredo De Angelis,3/30/1964,Color de rouge,,Tango,Juan Carlos Godoy,Odeón,Tape-S,29925,2194-B,Alfredo De Angelis,Marvil (Elizardo Martínez Vilas),,"Stazo 1st bando, Cinosi 1st violin (1962-67)",Alfredo De Angelis,Hugo Besnatti,"Luis Stazo, Carlos Cubría, Américo Pinelli, Guillermo Vilar","Wenceslao Cinosi, Ángel Vilar, Hipólito Caron, Germán Ojeda, Hamlet Cicero","Piano, Bass, 4 Bandoneons, 5 Violins"
Alfredo De Angelis,Orquesta Alfredo De Angelis,3/30/1964,Isla de Capri,,Tango,Roberto Mancini,Odeón,Tape-S,29926,2194,Will Grosz,Angel Del Valle,,"Stazo 1st bando, Cinosi 1st violin (1962-67)",Alfredo De Angelis,Hugo Besnatti,"Luis Stazo, Carlos Cubría, Américo Pinelli, Guillermo Vilar","Wenceslao Cinosi, Ángel Vilar, Hipólito Caron, Germán Ojeda, Hamlet Cicero","Piano, Bass, 4 Bandoneons, 5 Violins"
Alfredo De Angelis,Orquesta Alfredo De Angelis,1964,Y a mi qué,,Tango,,Odeón,Tape-S,3001,,Aníbal Troilo,Cátulo Castillo,,"Stazo 1st bando, Cinosi 1st violin (1962-67)",Alfredo De Angelis,Hugo Besnatti,"Luis Stazo, Carlos Cubría, Américo Pinelli, Guillermo Vilar","Wenceslao Cinosi, Ángel Vilar, Hipólito Caron, Germán Ojeda, Hamlet Cicero","Piano, Bass, 4 Bandoneons, 5 Violins"
Alfredo De Angelis,Orquesta Alfredo De Angelis,1964-04,Así se baila hoy,,Tango,,Odeón,Tape-S,3001,,Marcos Vera,Ernesto Cardenal,,"Stazo 1st bando, Cinosi 1st violin (1962-67)",Alfredo De Angelis,Hugo Besnatti,"Luis Stazo, Carlos Cubría, Américo Pinelli, Guillermo Vilar","Wenceslao Cinosi, Ángel Vilar, Hipólito Caron, Germán Ojeda, Hamlet Cicero","Piano, Bass, 4 Bandoneons, 5 Violins"
Alfredo De Angelis,Orquesta Alfredo De Angelis,1964-04,Calvario [b],,Tango,,Odeón,Tape-S,3001,,R. Lanzetta,R. Lanzetta,,"Stazo 1st bando, Cinosi 1st violin (1962-67)",Alfredo De Angelis,Hugo Besnatti,"Luis Stazo, Carlos Cubría, Américo Pinelli, Guillermo Vilar","Wenceslao Cinosi, Ángel Vilar, Hipólito Caron, Germán Ojeda, Hamlet Cicero","Piano, Bass, 4 Bandoneons, 5 Violins"
Alfredo De Angelis,Orquesta Alfredo De Angelis,1964-04,Derecho Viejo,,Tango,,Odeón,Tape-S,2054,,Eduardo Arolas,,,"Stazo 1st bando, Cinosi 1st violin (1962-67)",Alfredo De Angelis,Hugo Besnatti,"Luis Stazo, Carlos Cubría, Américo Pinelli, Guillermo Vilar","Wenceslao Cinosi, Ángel Vilar, Hipólito Caron, Germán Ojeda, Hamlet Cicero","Piano, Bass, 4 Bandoneons, 5 Violins"
Alfredo De Angelis,Orquesta Alfredo De Angelis,1964-04,El Amanecer,,Tango,,Odeón,Tape-S,3001,,Roberto Firpo,,,"Stazo 1st bando, Cinosi 1st violin (1962-67)",Alfredo De Angelis,Hugo Besnatti,"Luis Stazo, Carlos Cubría, Américo Pinelli, Guillermo Vilar","Wenceslao Cinosi, Ángel Vilar, Hipólito Caron, Germán Ojeda, Hamlet Cicero","Piano, Bass, 4 Bandoneons, 5 Violins"
Alfredo De Angelis,Orquesta Alfredo De Angelis,1964-04,El Pollo Ricardo,,Tango,,Odeón,Tape-S,2054,,Luis Alberto Fernández,,,"Stazo 1st bando, Cinosi 1st violin (1962-67)",Alfredo De Angelis,Hugo Besnatti,"Luis Stazo, Carlos Cubría, Américo Pinelli, Guillermo Vilar","Wenceslao Cinosi, Ángel Vilar, Hipólito Caron, Germán Ojeda, Hamlet Cicero","Piano, Bass, 4 Bandoneons, 5 Violins"
Alfredo De Angelis,Orquesta Alfredo De Angelis,1964-04,Gurisa,Gurisa,Tango,,Odeón,Tape-S,3001,,Aminto Vidal,Enrique García Satur,,"Stazo 1st bando, Cinosi 1st violin (1962-67)",Alfredo De Angelis,Hugo Besnatti,"Luis Stazo, Carlos Cubría, Américo Pinelli, Guillermo Vilar","Wenceslao Cinosi, Ángel Vilar, Hipólito Caron, Germán Ojeda, Hamlet Cicero","Piano, Bass, 4 Bandoneons, 5 Violins"
Alfredo De Angelis,Orquesta Alfredo De Angelis,1964-04,Ilusión azul,,Vals,,Odeón,Tape-S,3001,,Arquímides Arci,Arquímides Arci,,"Stazo 1st bando, Cinosi 1st violin (1962-67)",Alfredo De Angelis,Hugo Besnatti,"Luis Stazo, Carlos Cubría, Américo Pinelli, Guillermo Vilar","Wenceslao Cinosi, Ángel Vilar, Hipólito Caron, Germán Ojeda, Hamlet Cicero","Piano, Bass, 4 Bandoneons, 5 Violins"
Alfredo De Angelis,Orquesta Alfredo De Angelis,1964-04,La trampa,,Tango,,Odeón,Tape-S,3001,,H. Lamas,Francisco Yoni,,"Stazo 1st bando, Cinosi 1st violin (1962-67)",Alfredo De Angelis,Hugo Besnatti,"Luis Stazo, Carlos Cubría, Américo Pinelli, Guillermo Vilar","Wenceslao Cinosi, Ángel Vilar, Hipólito Caron, Germán Ojeda, Hamlet Cicero","Piano, Bass, 4 Bandoneons, 5 Violins"
Alfredo De Angelis,Orquesta Alfredo De Angelis,1964-04,Loca,,Tango,,Odeón,Tape-S,3001,,Manuel Joves,Antonio Viergol,,"Stazo 1st bando, Cinosi 1st violin (1962-67)",Alfredo De Angelis,Hugo Besnatti,"Luis Stazo, Carlos Cubría, Américo Pinelli, Guillermo Vilar","Wenceslao Cinosi, Ángel Vilar, Hipólito Caron, Germán Ojeda, Hamlet Cicero","Piano, Bass, 4 Bandoneons, 5 Violins"
Alfredo De Angelis,Orquesta Alfredo De Angelis,1964-04,Madre hay una sola,,Tango,,Odeón,Tape-S,2054,,Agustin Bardi,José de la Vega,,"Stazo 1st bando, Cinosi 1st violin (1962-67)",Alfredo De Angelis,Hugo Besnatti,"Luis Stazo, Carlos Cubría, Américo Pinelli, Guillermo Vilar","Wenceslao Cinosi, Ángel Vilar, Hipólito Caron, Germán Ojeda, Hamlet Cicero","Piano, Bass, 4 Bandoneons, 5 Violins"
Alfredo De Angelis,Orquesta Alfredo De Angelis,1964-04,Me embrujaste,,Tango,,Odeón,Tape-S,3001,,Luis Bernardo Saldarriaga,Luis Bernardo Saldarriaga,,"Stazo 1st bando, Cinosi 1st violin (1962-67)",Alfredo De Angelis,Hugo Besnatti,"Luis Stazo, Carlos Cubría, Américo Pinelli, Guillermo Vilar","Wenceslao Cinosi, Ángel Vilar, Hipólito Caron, Germán Ojeda, Hamlet Cicero","Piano, Bass, 4 Bandoneons, 5 Violins"
Alfredo De Angelis,Orquesta Alfredo De Angelis,1964-04,Mi noche triste (Lita),,Tango,,Odeón,Tape-S,2054,,Samuel Castriota,Pascual Contursi,,"Stazo 1st bando, Cinosi 1st violin (1962-67)",Alfredo De Angelis,Hugo Besnatti,"Luis Stazo, Carlos Cubría, Américo Pinelli, Guillermo Vilar","Wenceslao Cinosi, Ángel Vilar, Hipólito Caron, Germán Ojeda, Hamlet Cicero","Piano, Bass, 4 Bandoneons, 5 Violins"
Alfredo De Angelis,Orquesta Alfredo De Angelis,1964-04,La milonga celestial,,Milonga,,Odeón,Tape-S,2054,,Angel Greco,Angel Greco,,"Stazo 1st bando, Cinosi 1st violin (1962-67)",Alfredo De Angelis,Hugo Besnatti,"Luis Stazo, Carlos Cubría, Américo Pinelli, Guillermo Vilar","Wenceslao Cinosi, Ángel Vilar, Hipólito Caron, Germán Ojeda, Hamlet Cicero","Piano, Bass, 4 Bandoneons, 5 Violins"
Alfredo De Angelis,Orquesta Alfredo De Angelis,1964-04,No nos veremos más,,Tango,,Odeón,Tape-S,2054,,Luis Stazo,Federico Silva,,"Stazo 1st bando, Cinosi 1st violin (1962-67)",Alfredo De Angelis,Hugo Besnatti,"Luis Stazo, Carlos Cubría, Américo Pinelli, Guillermo Vilar","Wenceslao Cinosi, Ángel Vilar, Hipólito Caron, Germán Ojeda, Hamlet Cicero","Piano, Bass, 4 Bandoneons, 5 Violins"
Alfredo De Angelis,Orquesta Alfredo De Angelis,1964-04,Obsesión [b],,Tango,,Odeón,Tape-S,3001,,R. Lanzetta,R. Lanzetta,,"Stazo 1st bando, Cinosi 1st violin (1962-67)",Alfredo De Angelis,Hugo Besnatti,"Luis Stazo, Carlos Cubría, Américo Pinelli, Guillermo Vilar","Wenceslao Cinosi, Ángel Vilar, Hipólito Caron, Germán Ojeda, Hamlet Cicero","Piano, Bass, 4 Bandoneons, 5 Violins"
Alfredo De Angelis,Orquesta Alfredo De Angelis,1964-04,Otario que andás penando,,Tango,,Odeón,Tape-S,2054,,Enrique Delfino,Alberto Vacarezza,,"Stazo 1st bando, Cinosi 1st violin (1962-67)",Alfredo De Angelis,Hugo Besnatti,"Luis Stazo, Carlos Cubría, Américo Pinelli, Guillermo Vilar","Wenceslao Cinosi, Ángel Vilar, Hipólito Caron, Germán Ojeda, Hamlet Cicero","Piano, Bass, 4 Bandoneons, 5 Violins"
Alfredo De Angelis,Orquesta Alfredo De Angelis,1964-04,Pastora,,Tango,,Odeón,Tape-S,2054,,Alfredo De Angelis,José Rótulo,,"Stazo 1st bando, Cinosi 1st violin (1962-67)",Alfredo De Angelis,Hugo Besnatti,"Luis Stazo, Carlos Cubría, Américo Pinelli, Guillermo Vilar","Wenceslao Cinosi, Ángel Vilar, Hipólito Caron, Germán Ojeda, Hamlet Cicero","Piano, Bass, 4 Bandoneons, 5 Violins"
Alfredo De Angelis,Orquesta Alfredo De Angelis,1964-04,Pregonera,,Tango,,Odeón,Tape-S,2054,,Alfredo De Angelis,José Rótulo,,"Stazo 1st bando, Cinosi 1st violin (1962-67)",Alfredo De Angelis,Hugo Besnatti,"Luis Stazo, Carlos Cubría, Américo Pinelli, Guillermo Vilar","Wenceslao Cinosi, Ángel Vilar, Hipólito Caron, Germán Ojeda, Hamlet Cicero","Piano, Bass, 4 Bandoneons, 5 Violins"
Alfredo De Angelis,Orquesta Alfredo De Angelis,1964-04,Son cosas mías,,Tango,,Odeón,Tape-S,2054,,Alfredo De Angelis,Francisco Yoni,,"Stazo 1st bando, Cinosi 1st violin (1962-67)",Alfredo De Angelis,Hugo Besnatti,"Luis Stazo, Carlos Cubría, Américo Pinelli, Guillermo Vilar","Wenceslao Cinosi, Ángel Vilar, Hipólito Caron, Germán Ojeda, Hamlet Cicero","Piano, Bass, 4 Bandoneons, 5 Violins"
Alfredo De Angelis,Orquesta Alfredo De Angelis,1964-04,Victoria,,Tango,,Odeón,Tape-S,3001,,Enrique Santos Discépolo,Enrique Santos Discépolo,,"Stazo 1st bando, Cinosi 1st violin (1962-67)",Alfredo De Angelis,Hugo Besnatti,"Luis Stazo, Carlos Cubría, Américo Pinelli, Guillermo Vilar","Wenceslao Cinosi, Ángel Vilar, Hipólito Caron, Germán Ojeda, Hamlet Cicero","Piano, Bass, 4 Bandoneons, 5 Violins"
Alfredo De Angelis,Orquesta Alfredo De Angelis,1964-04,Virgen de la serranía,,Tango,,Odeón,Tape-S,2054,,Angel Donato,Alberto Cosentino,,"Stazo 1st bando, Cinosi 1st violin (1962-67)",Alfredo De Angelis,Hugo Besnatti,"Luis Stazo, Carlos Cubría, Américo Pinelli, Guillermo Vilar","Wenceslao Cinosi, Ángel Vilar, Hipólito Caron, Germán Ojeda, Hamlet Cicero","Piano, Bass, 4 Bandoneons, 5 Violins"
Alfredo De Angelis,Orquesta Alfredo De Angelis,1964-04,Ya estamos iguales,,Tango,,Odeón,Tape-S,2054,,Anselmo Aieta,Francisco García Jimenez,,"Stazo 1st bando, Cinosi 1st violin (1962-67)",Alfredo De Angelis,Hugo Besnatti,"Luis Stazo, Carlos Cubría, Américo Pinelli, Guillermo Vilar","Wenceslao Cinosi, Ángel Vilar, Hipólito Caron, Germán Ojeda, Hamlet Cicero","Piano, Bass, 4 Bandoneons, 5 Violins"
Alfredo De Angelis,Orquesta Alfredo De Angelis,10/27/1964,Amor de verano,,Tango,Alberto Cuello,Odeón,Tape-S,30782,7109-A,Luis Stazo,Federico Silva,,"Stazo 1st bando, Cinosi 1st violin (1962-67)",Alfredo De Angelis,Hugo Besnatti,"Luis Stazo, Carlos Cubría, Américo Pinelli, Guillermo Vilar","Wenceslao Cinosi, Ángel Vilar, Hipólito Caron, Germán Ojeda, Hamlet Cicero","Piano, Bass, 4 Bandoneons, 5 Violins"
Alfredo De Angelis,Orquesta Alfredo De Angelis,10/27/1964,Sombras nada más,,Tango,Julio Martel,Odeón,Tape-S,30783,7109-B,Francisco Lomuto,José María Contursi,,"Stazo 1st bando, Cinosi 1st violin (1962-67)",Alfredo De Angelis,Hugo Besnatti,"Luis Stazo, Carlos Cubría, Américo Pinelli, Guillermo Vilar","Wenceslao Cinosi, Ángel Vilar, Hipólito Caron, Germán Ojeda, Hamlet Cicero","Piano, Bass, 4 Bandoneons, 5 Violins"
Alfredo De Angelis,Orquesta Alfredo De Angelis,11/25/1964,Decime Dios dónde estás,,Tango,Carlos Aguirre,Odeón,Tape-S,30910,¿2130-B?,Manuel Sucher,Tita Merello,,"Stazo 1st bando, Cinosi 1st violin (1962-67)",Alfredo De Angelis,Hugo Besnatti,"Luis Stazo, Carlos Cubría, Américo Pinelli, Guillermo Vilar","Wenceslao Cinosi, Ángel Vilar, Hipólito Caron, Germán Ojeda, Hamlet Cicero","Piano, Bass, 4 Bandoneons, 5 Violins"
Alfredo De Angelis,Orquesta Alfredo De Angelis,11/25/1964,Se alquila un corazón,,Vals,Nino Fassa,Odeón,Tape-S,30909,7127-B,Isabel De Angelis,Leandro Primerano,,"Stazo 1st bando, Cinosi 1st violin (1962-67)",Alfredo De Angelis,Hugo Besnatti,"Luis Stazo, Carlos Cubría, Américo Pinelli, Guillermo Vilar","Wenceslao Cinosi, Ángel Vilar, Hipólito Caron, Germán Ojeda, Hamlet Cicero","Piano, Bass, 4 Bandoneons, 5 Violins"
Alfredo De Angelis,Orquesta Alfredo De Angelis,4/28/1965,Antes que salga el sol,,Tango,Alberto Cuello,Odeón,Tape-S,31289,7127-A,Héctor Palacios,Primo Antonio,,"Stazo 1st bando, Cinosi 1st violin (1962-67)",Alfredo De Angelis,Hugo Besnatti,"Luis Stazo, Carlos Cubría, Américo Pinelli, Guillermo Vilar","Wenceslao Cinosi, Ángel Vilar, Hipólito Caron, Germán Ojeda, Hamlet Cicero","Piano, Bass, 4 Bandoneons, 5 Violins"
Alfredo De Angelis,Orquesta Alfredo De Angelis,4/28/1965,Evocación de París,,Tango,Ángel Vargas,Odeón,Tape-S,31467,81-B,Luis Mandarino,Luis Mandarino,,"Stazo 1st bando, Cinosi 1st violin (1962-67)",Alfredo De Angelis,Hugo Besnatti,"Luis Stazo, Carlos Cubría, Américo Pinelli, Guillermo Vilar","Wenceslao Cinosi, Ángel Vilar, Hipólito Caron, Germán Ojeda, Hamlet Cicero","Piano, Bass, 4 Bandoneons, 5 Violins"
Alfredo De Angelis,Orquesta Alfredo De Angelis,6/23/1965,Quiero verte una vez más,Viejo Gaucho,Tango,Alberto Cuello,Odeón,Tape-S,31468,81-A,Mario Canaro,José María Contursi,,"Stazo 1st bando, Cinosi 1st violin (1962-67)",Alfredo De Angelis,Hugo Besnatti,"Luis Stazo, Carlos Cubría, Américo Pinelli, Guillermo Vilar","Wenceslao Cinosi, Ángel Vilar, Hipólito Caron, Germán Ojeda, Hamlet Cicero","Piano, Bass, 4 Bandoneons, 5 Violins"
Alfredo De Angelis,Orquesta Alfredo De Angelis,6/23/1965,Soy un yo yo,,Tango,Carlos Aguirre,Odeón,Tape-S,31467,81-B,Alfredo De Angelis,Marvil (Elizardo Martínez Vilas),,"Stazo 1st bando, Cinosi 1st violin (1962-67)",Alfredo De Angelis,Hugo Besnatti,"Luis Stazo, Carlos Cubría, Américo Pinelli, Guillermo Vilar","Wenceslao Cinosi, Ángel Vilar, Hipólito Caron, Germán Ojeda, Hamlet Cicero","Piano, Bass, 4 Bandoneons, 5 Violins"
Alfredo De Angelis,Orquesta Alfredo De Angelis,7/9/1965,Juntitos vos y yo,,Tango,Alberto Cuello,Odeón,Tape-S,,,Wenceslao Cinosi,Carlos Antonio Russo,,"Stazo 1st bando, Cinosi 1st violin (1962-67)",Alfredo De Angelis,Hugo Besnatti,"Luis Stazo, Carlos Cubría, Américo Pinelli, Guillermo Vilar","Wenceslao Cinosi, Ángel Vilar, Hipólito Caron, Germán Ojeda, Hamlet Cicero","Piano, Bass, 4 Bandoneons, 5 Violins"
Alfredo De Angelis,Orquesta Alfredo De Angelis,9/7/1965,Don Juan (El taita del barrio),Mozos Guapos,Tango,Instrumental,Odeón,Tape-S,31724,81-A,Ernesto Ponzio,Ricardo Podestá,,"Stazo 1st bando, Cinosi 1st violin (1962-67)",Alfredo De Angelis,Hugo Besnatti,"Luis Stazo, Carlos Cubría, Américo Pinelli, Guillermo Vilar","Wenceslao Cinosi, Ángel Vilar, Hipólito Caron, Germán Ojeda, Hamlet Cicero","Piano, Bass, 4 Bandoneons, 5 Violins"
Alfredo De Angelis,Orquesta Alfredo De Angelis,9/7/1965,Juntitos vos y yo,,Tango,Alberto Cuello,Odeón,Tape-S,31725,81-B,Wenceslao Cinosi,Carlos Antonio Russo,,"Stazo 1st bando, Cinosi 1st violin (1962-67)",Alfredo De Angelis,Hugo Besnatti,"Luis Stazo, Carlos Cubría, Américo Pinelli, Guillermo Vilar","Wenceslao Cinosi, Ángel Vilar, Hipólito Caron, Germán Ojeda, Hamlet Cicero","Piano, Bass, 4 Bandoneons, 5 Violins"
Alfredo De Angelis,Orquesta Alfredo De Angelis,9/7/1965,La maquinita,,Milonga,Alberto Cuell,Odeón,Tape-S,31723,81-A,Alfredo De Angelis,Alfredo De Angelis,,"Stazo 1st bando, Cinosi 1st violin (1962-67)",Alfredo De Angelis,Hugo Besnatti,"Luis Stazo, Carlos Cubría, Américo Pinelli, Guillermo Vilar","Wenceslao Cinosi, Ángel Vilar, Hipólito Caron, Germán Ojeda, Hamlet Cicero","Piano, Bass, 4 Bandoneons, 5 Violins"
Alfredo De Angelis,Orquesta Alfredo De Angelis,9/7/1965,Sólo un renglón,,Tango,Carlos Aguirre,Odeón,Tape-S,31722,81-B,Ángel Gatti,Ángel Gatti,,"Stazo 1st bando, Cinosi 1st violin (1962-67)",Alfredo De Angelis,Hugo Besnatti,"Luis Stazo, Carlos Cubría, Américo Pinelli, Guillermo Vilar","Wenceslao Cinosi, Ángel Vilar, Hipólito Caron, Germán Ojeda, Hamlet Cicero","Piano, Bass, 4 Bandoneons, 5 Violins"
Alfredo De Angelis,Orquesta Alfredo De Angelis,6/1/1966,De igual a igual,,Tango,Julio Martel Y Nestor Rodi,Odeón,Tape-S,32420,7183-A,Rodolfo Schiammarella,Rodolfo Schiammarella,,"Stazo 1st bando, Cinosi 1st violin (1962-67)",Alfredo De Angelis,Hugo Besnatti,"Luis Stazo, Carlos Cubría, Américo Pinelli, Guillermo Vilar","Wenceslao Cinosi, Ángel Vilar, Hipólito Caron, Germán Ojeda, Hamlet Cicero","Piano, Bass, 4 Bandoneons, 5 Violins"
Alfredo De Angelis,Orquesta Alfredo De Angelis,6/1/1966,Siempre te recordaré,,Tango,Alberto Cuello,Odeón,Tape-S,32419,7183-B,Yaco Monti,Yaco Monti,,"Stazo 1st bando, Cinosi 1st violin (1962-67)",Alfredo De Angelis,Hugo Besnatti,"Luis Stazo, Carlos Cubría, Américo Pinelli, Guillermo Vilar","Wenceslao Cinosi, Ángel Vilar, Hipólito Caron, Germán Ojeda, Hamlet Cicero","Piano, Bass, 4 Bandoneons, 5 Violins"
Alfredo De Angelis,Orquesta Alfredo De Angelis,10/31/1966,A usted señorita,,Tango,Alberto Cuello,Odeón,Tape-S,32951,2205-B,Osvaldo Rizzo,Félix Rosario Arena,,"Stazo 1st bando, Cinosi 1st violin (1962-67)",Alfredo De Angelis,Hugo Besnatti,"Luis Stazo, Carlos Cubría, Américo Pinelli, Guillermo Vilar","Wenceslao Cinosi, Ángel Vilar, Hipólito Caron, Germán Ojeda, Hamlet Cicero","Piano, Bass, 4 Bandoneons, 5 Violins"
Alfredo De Angelis,Orquesta Alfredo De Angelis,10/31/1966,El ciruja,,Tango,Julio Martel,Odeón,Tape-S,32952,2205-A,Ernesto de la Cruz,Alfredo Marino,,"Stazo 1st bando, Cinosi 1st violin (1962-67)",Alfredo De Angelis,Hugo Besnatti,"Luis Stazo, Carlos Cubría, Américo Pinelli, Guillermo Vilar","Wenceslao Cinosi, Ángel Vilar, Hipólito Caron, Germán Ojeda, Hamlet Cicero","Piano, Bass, 4 Bandoneons, 5 Violins"
Alfredo De Angelis,Orquesta Alfredo De Angelis,10/31/1966,No hay palenque en que rascarse,,Milonga,Alberto Cuello y Carlos Aguirre,Odeón,Tape-S,32953,2205-A,Isabel De Angelis,Domingo Zocco,,"Stazo 1st bando, Cinosi 1st violin (1962-67)",Alfredo De Angelis,Hugo Besnatti,"Luis Stazo, Carlos Cubría, Américo Pinelli, Guillermo Vilar","Wenceslao Cinosi, Ángel Vilar, Hipólito Caron, Germán Ojeda, Hamlet Cicero","Piano, Bass, 4 Bandoneons, 5 Violins"
Alfredo De Angelis,Orquesta Alfredo De Angelis,10/31/1966,Tokio querido,,Tango,Instrumental,Odeón,Tape-S,32950,2205-B,Alfredo De Angelis,Alfredo De Angelis,,"Stazo 1st bando, Cinosi 1st violin (1962-67)",Alfredo De Angelis,Hugo Besnatti,"Luis Stazo, Carlos Cubría, Américo Pinelli, Guillermo Vilar","Wenceslao Cinosi, Ángel Vilar, Hipólito Caron, Germán Ojeda, Hamlet Cicero","Piano, Bass, 4 Bandoneons, 5 Violins"
Alfredo De Angelis,Orquesta Alfredo De Angelis,4/3/1967,Si Dios bajara del cielo,,Tango,Carlos Aguirre,Odeón,Tape-S,33308,7243-B,Alfredo De Angelis,Ricardo Otero,,"Stazo 1st bando, Cinosi 1st violin (1962-67)",Alfredo De Angelis,Hugo Besnatti,"Luis Stazo, Carlos Cubría, Américo Pinelli, Guillermo Vilar","Wenceslao Cinosi, Ángel Vilar, Hipólito Caron, Germán Ojeda, Hamlet Cicero","Piano, Bass, 4 Bandoneons, 5 Violins"
Alfredo De Angelis,Orquesta Alfredo De Angelis,4/3/1967,Tan solo cuatro besos,,Tango,Alberto Cuello,Odeón,Tape-S,33307,7231-B,Américo Pinella,Juan Tiggi,,"Stazo 1st bando, Cinosi 1st violin (1962-67)",Alfredo De Angelis,Hugo Besnatti,"Luis Stazo, Carlos Cubría, Américo Pinelli, Guillermo Vilar","Wenceslao Cinosi, Ángel Vilar, Hipólito Caron, Germán Ojeda, Hamlet Cicero","Piano, Bass, 4 Bandoneons, 5 Violins"
Alfredo De Angelis,Orquesta Alfredo De Angelis,4/5/1967,Tengo que verte mañana,,Tango,Alberto Cuello,Odeón,Tape-S,33316,260-A,Alfredo De Angelis,Pedro Gregorio Gallelli,,"Stazo 1st bando, Cinosi 1st violin (1962-67)",Alfredo De Angelis,Hugo Besnatti,"Luis Stazo, Carlos Cubría, Américo Pinelli, Guillermo Vilar","Wenceslao Cinosi, Ángel Vilar, Hipólito Caron, Germán Ojeda, Hamlet Cicero","Piano, Bass, 4 Bandoneons, 5 Violins"
Alfredo De Angelis,Orquesta Alfredo De Angelis,4/5/1967,Volvamos a empezar,,Tango,Oscar Larroca,Odeón,Tape-S,33315,7243-A,Daniel Alvarez,Eduardo Maradei,,"Stazo 1st bando, Cinosi 1st violin (1962-67)",Alfredo De Angelis,Hugo Besnatti,"Luis Stazo, Carlos Cubría, Américo Pinelli, Guillermo Vilar","Wenceslao Cinosi, Ángel Vilar, Hipólito Caron, Germán Ojeda, Hamlet Cicero","Piano, Bass, 4 Bandoneons, 5 Violins"
Alfredo De Angelis,Orquesta Alfredo De Angelis,7/18/1967,Bogotá,,Tango,,Odeón,Tape-S,33652,260-A,Alfredo De Angelis,,,"Stazo 1st bando, Cinosi 1st violin (1962-67)",Alfredo De Angelis,Hugo Besnatti,"Luis Stazo, Carlos Cubría, Américo Pinelli, Guillermo Vilar","Wenceslao Cinosi, Ángel Vilar, Hipólito Caron, Germán Ojeda, Hamlet Cicero","Piano, Bass, 4 Bandoneons, 5 Violins"
Alfredo De Angelis,Orquesta Alfredo De Angelis,7/18/1967,Los versos para mi madre,,Vals,Alberto Cuello y Carlos Aguirre,Odeón,Tape-S,33653,7231-A,Alfredo De Angelis,Alejandro Mariscotti,,"Stazo 1st bando, Cinosi 1st violin (1962-67)",Alfredo De Angelis,Hugo Besnatti,"Luis Stazo, Carlos Cubría, Américo Pinelli, Guillermo Vilar","Wenceslao Cinosi, Ángel Vilar, Hipólito Caron, Germán Ojeda, Hamlet Cicero","Piano, Bass, 4 Bandoneons, 5 Violins"
Alfredo De Angelis,Orquesta Alfredo De Angelis,12/28/1967,Capillita limeña,,Vals,Carlos Aguirre,Odeón,Tape-S,34191,7255-B,Luis de Olivei,Carlos Dato,,"Stazo 1st bando, Cinosi 1st violin (1962-67)",Alfredo De Angelis,Hugo Besnatti,"Luis Stazo, Carlos Cubría, Américo Pinelli, Guillermo Vilar","Wenceslao Cinosi, Ángel Vilar, Hipólito Caron, Germán Ojeda, Hamlet Cicero","Piano, Bass, 4 Bandoneons, 5 Violins"
Alfredo De Angelis,Orquesta Alfredo De Angelis,12/28/1967,Quiero llenarme de ti,,Tango,Alberto Cuello,Odeón,Tape-S,34198,7255-A,Oscar Anderle,Oscar Anderle,,"Stazo 1st bando, Cinosi 1st violin (1962-67)",Alfredo De Angelis,Hugo Besnatti,"Luis Stazo, Carlos Cubría, Américo Pinelli, Guillermo Vilar","Wenceslao Cinosi, Ángel Vilar, Hipólito Caron, Germán Ojeda, Hamlet Cicero","Piano, Bass, 4 Bandoneons, 5 Violins"
Alfredo De Angelis,Orquesta Alfredo De Angelis,5/22/1968,Compro un corazón,,Tango,Alberto Cuello,Odeón,Tape-S,34658,7272-B,Isabel De Angelis,Ricardo Otero,,"Rizzo 1st bando, Cinosi 1st violin (1968-77)",Alfredo De Angelis,Hugo Besnatti,"Osvaldo Rizzo, Alfredo Dafuncio, Carlos Cubría, Américo Pinelli","Wenceslao Cinosi, Simón Broitman, Ángel Vilar, Germán Ojeda","Piano, Bass, 4 Bandoneons, 4 Violins"
Alfredo De Angelis,Orquesta Alfredo De Angelis,5/22/1968,Hacé bulín,,Tango,Carlos Aguirre,Odeón,Tape-S,34659,7272-A,Héctor Palacios,Mario Savino,,"Rizzo 1st bando, Cinosi 1st violin (1968-77)",Alfredo De Angelis,Hugo Besnatti,"Osvaldo Rizzo, Alfredo Dafuncio, Carlos Cubría, Américo Pinelli","Wenceslao Cinosi, Simón Broitman, Ángel Vilar, Germán Ojeda","Piano, Bass, 4 Bandoneons, 4 Violins"
Alfredo De Angelis,Orquesta Alfredo De Angelis,7/18/1968,Los Versos Para mi Madre,,Vals,Alberto Cuello y Carlos Aguirre,Odeón,Tape-S,,,Alfredo Ángelis,Roberto Arrieta,,"Rizzo 1st bando, Cinosi 1st violin (1968-77)",Alfredo De Angelis,Hugo Besnatti,"Osvaldo Rizzo, Alfredo Dafuncio, Carlos Cubría, Américo Pinelli","Wenceslao Cinosi, Simón Broitman, Ángel Vilar, Germán Ojeda","Piano, Bass, 4 Bandoneons, 4 Violins"
Alfredo De Angelis,Orquesta Alfredo De Angelis,10/30/1968,Bendición de amor,,Tango,Carlos Aguirre,Odeón,Tape-S,35252,7295-B,Alberto Nery,Gino Tombesi,,"Rizzo 1st bando, Cinosi 1st violin (1968-77)",Alfredo De Angelis,Hugo Besnatti,"Osvaldo Rizzo, Alfredo Dafuncio, Carlos Cubría, Américo Pinelli","Wenceslao Cinosi, Simón Broitman, Ángel Vilar, Germán Ojeda","Piano, Bass, 4 Bandoneons, 4 Violins"
Alfredo De Angelis,Orquesta Alfredo De Angelis,10/30/1968,Porque yo quiero,,Tango,Alberto Cuello,Odeón,Tape-S,35251,7295-A,Salvatore Adamo,Salvatore Adamo,,"Rizzo 1st bando, Cinosi 1st violin (1968-77)",Alfredo De Angelis,Hugo Besnatti,"Osvaldo Rizzo, Alfredo Dafuncio, Carlos Cubría, Américo Pinelli","Wenceslao Cinosi, Simón Broitman, Ángel Vilar, Germán Ojeda","Piano, Bass, 4 Bandoneons, 4 Violins"
Alfredo De Angelis,Orquesta Alfredo De Angelis,3/3/1969,Andate con ella,,Tango,Carlos Aguirre,Odeón,Tape-S,35453,7329-A,Norberto Ramos,Alfredo Dalton,,"Rizzo 1st bando, Cinosi 1st violin (1968-77)",Alfredo De Angelis,Hugo Besnatti,"Osvaldo Rizzo, Alfredo Dafuncio, Carlos Cubría, Américo Pinelli","Wenceslao Cinosi, Simón Broitman, Ángel Vilar, Germán Ojeda","Piano, Bass, 4 Bandoneons, 4 Violins"
Alfredo De Angelis,Orquesta Alfredo De Angelis,3/3/1969,Vals de verano,,Vals,Alberto Cuello,Odeón,Tape-S,35452,7329-B,Salvatore Adamo,Salvatore Adamo,,"Rizzo 1st bando, Cinosi 1st violin (1968-77)",Alfredo De Angelis,Hugo Besnatti,"Osvaldo Rizzo, Alfredo Dafuncio, Carlos Cubría, Américo Pinelli","Wenceslao Cinosi, Simón Broitman, Ángel Vilar, Germán Ojeda","Piano, Bass, 4 Bandoneons, 4 Violins"
Alfredo De Angelis,Orquesta Alfredo De Angelis,7/10/1969,Fuegos artificiales,,Tango,,Odeón,Tape-S,36007,7364-B,Roberto Firpo,,,"Rizzo 1st bando, Cinosi 1st violin (1968-77)",Alfredo De Angelis,Hugo Besnatti,"Osvaldo Rizzo, Alfredo Dafuncio, Carlos Cubría, Américo Pinelli","Wenceslao Cinosi, Simón Broitman, Ángel Vilar, Germán Ojeda","Piano, Bass, 4 Bandoneons, 4 Violins"
Alfredo De Angelis,Orquesta Alfredo De Angelis,7/10/1969,Mi gran noche,,Tango,Carlos Aguirre,Odeón,Tape-S,36008,7364-A,Salvatore Adamo,Salvatore Adamo,,"Rizzo 1st bando, Cinosi 1st violin (1968-77)",Alfredo De Angelis,Hugo Besnatti,"Osvaldo Rizzo, Alfredo Dafuncio, Carlos Cubría, Américo Pinelli","Wenceslao Cinosi, Simón Broitman, Ángel Vilar, Germán Ojeda","Piano, Bass, 4 Bandoneons, 4 Violins"
Alfredo De Angelis,Orquesta Alfredo De Angelis,7/24/1969,El beso que te di,,Tango,Carlos Aguirre,Odeón,Tape-S,36105,190-B,Nino Fassa,Isabel De Angelis,,"Rizzo 1st bando, Cinosi 1st violin (1968-77)",Alfredo De Angelis,Hugo Besnatti,"Osvaldo Rizzo, Alfredo Dafuncio, Carlos Cubría, Américo Pinelli","Wenceslao Cinosi, Simón Broitman, Ángel Vilar, Germán Ojeda","Piano, Bass, 4 Bandoneons, 4 Violins"
Alfredo De Angelis,Orquesta Alfredo De Angelis,7/24/1969,Una cita con el tango,,Tango,Julián Rosales,Odeón,Tape-S,36104,190-A,Manuel sucher,Abel Aznar,,"Rizzo 1st bando, Cinosi 1st violin (1968-77)",Alfredo De Angelis,Hugo Besnatti,"Osvaldo Rizzo, Alfredo Dafuncio, Carlos Cubría, Américo Pinelli","Wenceslao Cinosi, Simón Broitman, Ángel Vilar, Germán Ojeda","Piano, Bass, 4 Bandoneons, 4 Violins"
Alfredo De Angelis,Orquesta Alfredo De Angelis,8/1/1969,El apache argentino,,Tango,,Odeón,Tape-S,36153,190-A,Manuel Aróztegui,Arturo Mathon,,"Rizzo 1st bando, Cinosi 1st violin (1968-77)",Alfredo De Angelis,Hugo Besnatti,"Osvaldo Rizzo, Alfredo Dafuncio, Carlos Cubría, Américo Pinelli","Wenceslao Cinosi, Simón Broitman, Ángel Vilar, Germán Ojeda","Piano, Bass, 4 Bandoneons, 4 Violins"
Alfredo De Angelis,Orquesta Alfredo De Angelis,8/1/1969,Pincharrata,,Tango,Instrumental,Odeón,Tape-S,36152,190-B,Alfredo De Angelis,,,"Rizzo 1st bando, Cinosi 1st violin (1968-77)",Alfredo De Angelis,Hugo Besnatti,"Osvaldo Rizzo, Alfredo Dafuncio, Carlos Cubría, Américo Pinelli","Wenceslao Cinosi, Simón Broitman, Ángel Vilar, Germán Ojeda","Piano, Bass, 4 Bandoneons, 4 Violins"
Alfredo De Angelis,Orquesta Alfredo De Angelis,8/21/1969,Mentira,,Tango,Oscar Larroca,Odeón,Tape-S,36247,190-B,Francisco Pracánico,Celedonio Flores,,"Rizzo 1st bando, Cinosi 1st violin (1968-77)",Alfredo De Angelis,Hugo Besnatti,"Osvaldo Rizzo, Alfredo Dafuncio, Carlos Cubría, Américo Pinelli","Wenceslao Cinosi, Simón Broitman, Ángel Vilar, Germán Ojeda","Piano, Bass, 4 Bandoneons, 4 Violins"
Alfredo De Angelis,Orquesta Alfredo De Angelis,8/21/1969,Qué sapa señor,,Tango,Julián Rosales,Odeón,Tape-S,36248,190-B,Enrique Santos Discépolo,Enrique Santos Discépolo,,"Rizzo 1st bando, Cinosi 1st violin (1968-77)",Alfredo De Angelis,Hugo Besnatti,"Osvaldo Rizzo, Alfredo Dafuncio, Carlos Cubría, Américo Pinelli","Wenceslao Cinosi, Simón Broitman, Ángel Vilar, Germán Ojeda","Piano, Bass, 4 Bandoneons, 4 Violins"
Alfredo De Angelis,Orquesta Alfredo De Angelis,8/22/1969,Felicia,,Tango,,Odeón,Tape-S,36251,190-A,Enrique Saborido,Carlos Mauricio Pacheco,,"Rizzo 1st bando, Cinosi 1st violin (1968-77)",Alfredo De Angelis,Hugo Besnatti,"Osvaldo Rizzo, Alfredo Dafuncio, Carlos Cubría, Américo Pinelli","Wenceslao Cinosi, Simón Broitman, Ángel Vilar, Germán Ojeda","Piano, Bass, 4 Bandoneons, 4 Violins"
Alfredo De Angelis,Orquesta Alfredo De Angelis,8/22/1969,Loca bohemia,,Tango,,Odeón,Tape-S,36252,190-A,Francisco De Caro,Dante A. Linyera,,"Rizzo 1st bando, Cinosi 1st violin (1968-77)",Alfredo De Angelis,Hugo Besnatti,"Osvaldo Rizzo, Alfredo Dafuncio, Carlos Cubría, Américo Pinelli","Wenceslao Cinosi, Simón Broitman, Ángel Vilar, Germán Ojeda","Piano, Bass, 4 Bandoneons, 4 Violins"
Alfredo De Angelis,Orquesta Alfredo De Angelis,8/29/1969,Embrujado,,Tango,Julián Rosales,Odeón,Tape-S,36283,190-B,Fina Maldonado,Carlos Marín,,"Rizzo 1st bando, Cinosi 1st violin (1968-77)",Alfredo De Angelis,Hugo Besnatti,"Osvaldo Rizzo, Alfredo Dafuncio, Carlos Cubría, Américo Pinelli","Wenceslao Cinosi, Simón Broitman, Ángel Vilar, Germán Ojeda","Piano, Bass, 4 Bandoneons, 4 Violins"
Alfredo De Angelis,Orquesta Alfredo De Angelis,8/29/1969,Trenzas negras,,Milonga,Carlos Aguirre y Julián Rosales,Odeón,Tape-S,36282,190-B,José María Aguilar,José María Aguilar,,"Rizzo 1st bando, Cinosi 1st violin (1968-77)",Alfredo De Angelis,Hugo Besnatti,"Osvaldo Rizzo, Alfredo Dafuncio, Carlos Cubría, Américo Pinelli","Wenceslao Cinosi, Simón Broitman, Ángel Vilar, Germán Ojeda","Piano, Bass, 4 Bandoneons, 4 Violins"
Alfredo De Angelis,Orquesta Alfredo De Angelis,12/18/1969,Una piba como vos,,Tango,Julián Rosales,Odeón,Tape-S,36736,858-A,Dante Gilardoni,Dante Gilardoni,,"Rizzo 1st bando, Cinosi 1st violin (1968-77)",Alfredo De Angelis,Hugo Besnatti,"Osvaldo Rizzo, Alfredo Dafuncio, Carlos Cubría, Américo Pinelli","Wenceslao Cinosi, Simón Broitman, Ángel Vilar, Germán Ojeda","Piano, Bass, 4 Bandoneons, 4 Violins"
Alfredo De Angelis,Orquesta Alfredo De Angelis,12/18/1969,Y dicen que no es amor,,Tango,Carlos Aguirre,Odeón,Tape-S,36737,858-B,Norberto Ramos,Alfredo Dalton,,"Rizzo 1st bando, Cinosi 1st violin (1968-77)",Alfredo De Angelis,Hugo Besnatti,"Osvaldo Rizzo, Alfredo Dafuncio, Carlos Cubría, Américo Pinelli","Wenceslao Cinosi, Simón Broitman, Ángel Vilar, Germán Ojeda","Piano, Bass, 4 Bandoneons, 4 Violins"
Alfredo De Angelis,Orquesta Alfredo De Angelis,5/5/1970,Bambolino,,Tango,Julián Rosales,Odeón,Tape-S,37014,858-B,Alfredo De Angelis,Isabel De Angelis,,"Rizzo 1st bando, Cinosi 1st violin (1968-77)",Alfredo De Angelis,Hugo Besnatti,"Osvaldo Rizzo, Alfredo Dafuncio, Carlos Cubría, Américo Pinelli","Wenceslao Cinosi, Simón Broitman, Ángel Vilar, Germán Ojeda","Piano, Bass, 4 Bandoneons, 4 Violins"
Alfredo De Angelis,Orquesta Alfredo De Angelis,5/5/1970,Río de angustia,,Tango,Carlos Aguirre,Odeón,Tape-S,37015,858-A,Cholo Aguirre,Cholo Aguirre,,"Rizzo 1st bando, Cinosi 1st violin (1968-77)",Alfredo De Angelis,Hugo Besnatti,"Osvaldo Rizzo, Alfredo Dafuncio, Carlos Cubría, Américo Pinelli","Wenceslao Cinosi, Simón Broitman, Ángel Vilar, Germán Ojeda","Piano, Bass, 4 Bandoneons, 4 Violins"
Alfredo De Angelis,Orquesta Alfredo De Angelis,8/4/1970,Por un mundo distinto,,Tango,Julián Rosales,Odeón,Tape-S,37384,858-A,Roberto Pansera,Roberto Lambertucci,,"Rizzo 1st bando, Cinosi 1st violin (1968-77)",Alfredo De Angelis,Hugo Besnatti,"Osvaldo Rizzo, Alfredo Dafuncio, Carlos Cubría, Américo Pinelli","Wenceslao Cinosi, Simón Broitman, Ángel Vilar, Germán Ojeda","Piano, Bass, 4 Bandoneons, 4 Violins"
Alfredo De Angelis,Orquesta Alfredo De Angelis,8/4/1970,Sabor de adiós,,Tango,Carlos Aguirre,Odeón,Tape-S,37385,858-B,Mariano Mores,Silvio Soldán,,"Rizzo 1st bando, Cinosi 1st violin (1968-77)",Alfredo De Angelis,Hugo Besnatti,"Osvaldo Rizzo, Alfredo Dafuncio, Carlos Cubría, Américo Pinelli","Wenceslao Cinosi, Simón Broitman, Ángel Vilar, Germán Ojeda","Piano, Bass, 4 Bandoneons, 4 Violins"
Alfredo De Angelis,Orquesta Alfredo De Angelis,8/6/1970,El tango se viene con todo,,Tango,Julián Rosales,Odeón,Tape-S,37402,858-A,Vicente Demarco,C. García Dávila,,"Rizzo 1st bando, Cinosi 1st violin (1968-77)",Alfredo De Angelis,Hugo Besnatti,"Osvaldo Rizzo, Alfredo Dafuncio, Carlos Cubría, Américo Pinelli","Wenceslao Cinosi, Simón Broitman, Ángel Vilar, Germán Ojeda","Piano, Bass, 4 Bandoneons, 4 Violins"
Alfredo De Angelis,Orquesta Alfredo De Angelis,8/6/1970,Nada más mi amor,,Tango,Carlos Aguirre,Odeón,Tape-S,37403,858-B,Roberto Nievas Blanco,Eugenio Majul,,"Rizzo 1st bando, Cinosi 1st violin (1968-77)",Alfredo De Angelis,Hugo Besnatti,"Osvaldo Rizzo, Alfredo Dafuncio, Carlos Cubría, Américo Pinelli","Wenceslao Cinosi, Simón Broitman, Ángel Vilar, Germán Ojeda","Piano, Bass, 4 Bandoneons, 4 Violins"
Alfredo De Angelis,Orquesta Alfredo De Angelis,8/14/1970,En el dos mil,En el 2000,Tango,Carlos Aguirre,Odeón,Tape-S,37457,858-A,Héctor Stamponi,Cátulo Castillo,,"Rizzo 1st bando, Cinosi 1st violin (1968-77)",Alfredo De Angelis,Hugo Besnatti,"Osvaldo Rizzo, Alfredo Dafuncio, Carlos Cubría, Américo Pinelli","Wenceslao Cinosi, Simón Broitman, Ángel Vilar, Germán Ojeda","Piano, Bass, 4 Bandoneons, 4 Violins"
Alfredo De Angelis,Orquesta Alfredo De Angelis,8/14/1970,No estoy solo,,Tango,Julián Rosales,Odeón,Tape-S,37456,858-B,Héctor Bisogno,Domingo Sciaraffia,,"Rizzo 1st bando, Cinosi 1st violin (1968-77)",Alfredo De Angelis,Hugo Besnatti,"Osvaldo Rizzo, Alfredo Dafuncio, Carlos Cubría, Américo Pinelli","Wenceslao Cinosi, Simón Broitman, Ángel Vilar, Germán Ojeda","Piano, Bass, 4 Bandoneons, 4 Violins"
Alfredo De Angelis,Orquesta Alfredo De Angelis,9/1/1970,Noche de amor,,Tango,Instrumental,Odeón,Tape-S,37495,858-B,Fernando Franco,,,"Rizzo 1st bando, Cinosi 1st violin (1968-77)",Alfredo De Angelis,Hugo Besnatti,"Osvaldo Rizzo, Alfredo Dafuncio, Carlos Cubría, Américo Pinelli","Wenceslao Cinosi, Simón Broitman, Ángel Vilar, Germán Ojeda","Piano, Bass, 4 Bandoneons, 4 Violins"
Alfredo De Angelis,Orquesta Alfredo De Angelis,9/1/1970,Sufra,,Tango,Instrumental,Odeón,Tape-S,37496,858-A,Francisco Canaro,Juan Andrés Caruso,,"Rizzo 1st bando, Cinosi 1st violin (1968-77)",Alfredo De Angelis,Hugo Besnatti,"Osvaldo Rizzo, Alfredo Dafuncio, Carlos Cubría, Américo Pinelli","Wenceslao Cinosi, Simón Broitman, Ángel Vilar, Germán Ojeda","Piano, Bass, 4 Bandoneons, 4 Violins"
Alfredo De Angelis,Orquesta Alfredo De Angelis,9/8/1970,Dichosa tú,,Tango,Carlos Aguirre,Odeón,Tape-S,37528,858-A,Edgardo Truffa,Edgardo Truffa,,"Rizzo 1st bando, Cinosi 1st violin (1968-77)",Alfredo De Angelis,Hugo Besnatti,"Osvaldo Rizzo, Alfredo Dafuncio, Carlos Cubría, Américo Pinelli","Wenceslao Cinosi, Simón Broitman, Ángel Vilar, Germán Ojeda","Piano, Bass, 4 Bandoneons, 4 Violins"
Alfredo De Angelis,Orquesta Alfredo De Angelis,9/8/1970,Señor de la amargura,,Tango,Julián Rosales,Odeón,Tape-S,37527,858-B,Manuel sucher,Zelmar Gueñol,,"Rizzo 1st bando, Cinosi 1st violin (1968-77)",Alfredo De Angelis,Hugo Besnatti,"Osvaldo Rizzo, Alfredo Dafuncio, Carlos Cubría, Américo Pinelli","Wenceslao Cinosi, Simón Broitman, Ángel Vilar, Germán Ojeda","Piano, Bass, 4 Bandoneons, 4 Violins"
Alfredo De Angelis,Orquesta Alfredo De Angelis,11/23/1970,Las cuarenta,,Tango,Carlos Aguirre,Odeón,Tape-S,37724,2312-A,Roberto Grela,Francisco Gorrindo,,"Rizzo 1st bando, Cinosi 1st violin (1968-77)",Alfredo De Angelis,Hugo Besnatti,"Osvaldo Rizzo, Alfredo Dafuncio, Carlos Cubría, Américo Pinelli","Wenceslao Cinosi, Simón Broitman, Ángel Vilar, Germán Ojeda","Piano, Bass, 4 Bandoneons, 4 Violins"
Alfredo De Angelis,Orquesta Alfredo De Angelis,11/23/1970,Lo había visto a Gardel,,Tango,Julián Rosales,Odeón,Tape-S,37723,2312-A,Alfredo De Angelis,Pepe Biondi,,"Rizzo 1st bando, Cinosi 1st violin (1968-77)",Alfredo De Angelis,Hugo Besnatti,"Osvaldo Rizzo, Alfredo Dafuncio, Carlos Cubría, Américo Pinelli","Wenceslao Cinosi, Simón Broitman, Ángel Vilar, Germán Ojeda","Piano, Bass, 4 Bandoneons, 4 Violins"
Alfredo De Angelis,Orquesta Alfredo De Angelis,11/27/1970,Porteñísimo,,Tango,Instrumental,Odeón,Tape-S,37753,2312-B,Miguel Caló,,,"Rizzo 1st bando, Cinosi 1st violin (1968-77)",Alfredo De Angelis,Hugo Besnatti,"Osvaldo Rizzo, Alfredo Dafuncio, Carlos Cubría, Américo Pinelli","Wenceslao Cinosi, Simón Broitman, Ángel Vilar, Germán Ojeda","Piano, Bass, 4 Bandoneons, 4 Violins"
Alfredo De Angelis,Orquesta Alfredo De Angelis,11/27/1970,Yo sí que la emboqué,,Milonga,Carlos Aguirre y Julián Rosales,Odeón,Tape-S,37752,2312-B,Alfredo De Angelis,Pepe Biondi,,"Rizzo 1st bando, Cinosi 1st violin (1968-77)",Alfredo De Angelis,Hugo Besnatti,"Osvaldo Rizzo, Alfredo Dafuncio, Carlos Cubría, Américo Pinelli","Wenceslao Cinosi, Simón Broitman, Ángel Vilar, Germán Ojeda","Piano, Bass, 4 Bandoneons, 4 Violins"
Alfredo De Angelis,Orquesta Alfredo De Angelis,12/8/1970,Ayer escribí en el viento,,Tango,Carlos Aguirre,Odeón,Tape-S,37809,1051-B,Luis Stazo,Federico Silva,,"Rizzo 1st bando, Cinosi 1st violin (1968-77)",Alfredo De Angelis,Hugo Besnatti,"Osvaldo Rizzo, Alfredo Dafuncio, Carlos Cubría, Américo Pinelli","Wenceslao Cinosi, Simón Broitman, Ángel Vilar, Germán Ojeda","Piano, Bass, 4 Bandoneons, 4 Violins"
Alfredo De Angelis,Orquesta Alfredo De Angelis,12/8/1970,Para que no me olvides,,Tango,Julián Rosales,Odeón,Tape-S,37808,1051-A,Ariel Arancibia,Oscar Castro,,"Rizzo 1st bando, Cinosi 1st violin (1968-77)",Alfredo De Angelis,Hugo Besnatti,"Osvaldo Rizzo, Alfredo Dafuncio, Carlos Cubría, Américo Pinelli","Wenceslao Cinosi, Simón Broitman, Ángel Vilar, Germán Ojeda","Piano, Bass, 4 Bandoneons, 4 Violins"
Alfredo De Angelis,Orquesta Alfredo De Angelis,5/11/1971,Sin sol en los bolsillos,,Tango,Julián Rosales,Odeón,Tape-S,38220,1051-A,Alfredo De Angelis,Claudio Román,,"Rizzo 1st bando, Cinosi 1st violin (1968-77)",Alfredo De Angelis,Hugo Besnatti,"Osvaldo Rizzo, Alfredo Dafuncio, Carlos Cubría, Américo Pinelli","Wenceslao Cinosi, Simón Broitman, Ángel Vilar, Germán Ojeda","Piano, Bass, 4 Bandoneons, 4 Violins"
Alfredo De Angelis,Orquesta Alfredo De Angelis,5/11/1971,Vuelvo a vivir vuelvo a cantar,,Tango,Julián Rosales,Odeón,Tape-S,38219,1051-B,Varios,Varios,,"Rizzo 1st bando, Cinosi 1st violin (1968-77)",Alfredo De Angelis,Hugo Besnatti,"Osvaldo Rizzo, Alfredo Dafuncio, Carlos Cubría, Américo Pinelli","Wenceslao Cinosi, Simón Broitman, Ángel Vilar, Germán Ojeda","Piano, Bass, 4 Bandoneons, 4 Violins"
Alfredo De Angelis,Orquesta Alfredo De Angelis,5/17/1971,Cuál de los dos,,Tango,Julián Rosales,Odeón,Tape-S,38241,1051-B,Luis Stazo,Enrique Cadícamo,,"Rizzo 1st bando, Cinosi 1st violin (1968-77)",Alfredo De Angelis,Hugo Besnatti,"Osvaldo Rizzo, Alfredo Dafuncio, Carlos Cubría, Américo Pinelli","Wenceslao Cinosi, Simón Broitman, Ángel Vilar, Germán Ojeda","Piano, Bass, 4 Bandoneons, 4 Violins"
Alfredo De Angelis,Orquesta Alfredo De Angelis,5/17/1971,El choclo,,Tango,,Odeón,Tape-S,,,Angel Villoldo,Enrique Santos Discépolo,,"Rizzo 1st bando, Cinosi 1st violin (1968-77)",Alfredo De Angelis,Hugo Besnatti,"Osvaldo Rizzo, Alfredo Dafuncio, Carlos Cubría, Américo Pinelli","Wenceslao Cinosi, Simón Broitman, Ángel Vilar, Germán Ojeda","Piano, Bass, 4 Bandoneons, 4 Violins"
Alfredo De Angelis,Orquesta Alfredo De Angelis,6/17/1971,Estoy pagando la culpa,,Tango,Julián Rosales,Odeón,Tape-S,38413,1051-B,Roberto Rufino,Roberto Giménez,,"Rizzo 1st bando, Cinosi 1st violin (1968-77)",Alfredo De Angelis,Hugo Besnatti,"Osvaldo Rizzo, Alfredo Dafuncio, Carlos Cubría, Américo Pinelli","Wenceslao Cinosi, Simón Broitman, Ángel Vilar, Germán Ojeda","Piano, Bass, 4 Bandoneons, 4 Violins"
Alfredo De Angelis,Orquesta Alfredo De Angelis,6/17/1971,Historia de amor (Love story),,Tango,Carlos Aguirre,Odeón,Tape-S,38414,1051-B,Francis Albert Lai,Carl Sigman,,"Rizzo 1st bando, Cinosi 1st violin (1968-77)",Alfredo De Angelis,Hugo Besnatti,"Osvaldo Rizzo, Alfredo Dafuncio, Carlos Cubría, Américo Pinelli","Wenceslao Cinosi, Simón Broitman, Ángel Vilar, Germán Ojeda","Piano, Bass, 4 Bandoneons, 4 Violins"
Alfredo De Angelis,Orquesta Alfredo De Angelis,6/24/1971,Novedoso,,Tango,Instrumental,Odeón,Tape-S,38456,1051-A,Primo Antonio Savorgnano,,,"Rizzo 1st bando, Cinosi 1st violin (1968-77)",Alfredo De Angelis,Hugo Besnatti,"Osvaldo Rizzo, Alfredo Dafuncio, Carlos Cubría, Américo Pinelli","Wenceslao Cinosi, Simón Broitman, Ángel Vilar, Germán Ojeda","Piano, Bass, 4 Bandoneons, 4 Violins"
Alfredo De Angelis,Orquesta Alfredo De Angelis,6/24/1971,Sin gritar,,Tango,Carlos Aguirre,Odeón,Tape-S,38455,1051-A,Marcelino Hernández,Marcelino Hernández,,"Rizzo 1st bando, Cinosi 1st violin (1968-77)",Alfredo De Angelis,Hugo Besnatti,"Osvaldo Rizzo, Alfredo Dafuncio, Carlos Cubría, Américo Pinelli","Wenceslao Cinosi, Simón Broitman, Ángel Vilar, Germán Ojeda","Piano, Bass, 4 Bandoneons, 4 Violins"
Alfredo De Angelis,Orquesta Alfredo De Angelis,7/7/1971,El acorde final,,Tango,Carlos Aguirre,Odeón,Tape-S,38494,1051-B,José Dames,Oscar Valles,,"Rizzo 1st bando, Cinosi 1st violin (1968-77)",Alfredo De Angelis,Hugo Besnatti,"Osvaldo Rizzo, Alfredo Dafuncio, Carlos Cubría, Américo Pinelli","Wenceslao Cinosi, Simón Broitman, Ángel Vilar, Germán Ojeda","Piano, Bass, 4 Bandoneons, 4 Violins"
Alfredo De Angelis,Orquesta Alfredo De Angelis,7/7/1971,Somos los dos,,Tango,Julián Rosales,Odeón,Tape-S,38493,1051-B,Juan Larenza,Cátulo Castillo,,"Rizzo 1st bando, Cinosi 1st violin (1968-77)",Alfredo De Angelis,Hugo Besnatti,"Osvaldo Rizzo, Alfredo Dafuncio, Carlos Cubría, Américo Pinelli","Wenceslao Cinosi, Simón Broitman, Ángel Vilar, Germán Ojeda","Piano, Bass, 4 Bandoneons, 4 Violins"
Alfredo De Angelis,Orquesta Alfredo De Angelis,9/8/1971,De igual a igual,,Tango,Carlos Aguirre,Odeón,Tape-S,38688,1051-A,Rodolfo Schiammarella,Rodolfo Schiammarella,,"Rizzo 1st bando, Cinosi 1st violin (1968-77)",Alfredo De Angelis,Hugo Besnatti,"Osvaldo Rizzo, Alfredo Dafuncio, Carlos Cubría, Américo Pinelli","Wenceslao Cinosi, Simón Broitman, Ángel Vilar, Germán Ojeda","Piano, Bass, 4 Bandoneons, 4 Violins"
Alfredo De Angelis,Orquesta Alfredo De Angelis,9/8/1971,Leyenda india,,Tango,Carlos Aguirre y Julián Rosales,Odeón,Tape-S,38686,7438-B,Gino Tombesi,Domingo Zocco,,"Rizzo 1st bando, Cinosi 1st violin (1968-77)",Alfredo De Angelis,Hugo Besnatti,"Osvaldo Rizzo, Alfredo Dafuncio, Carlos Cubría, Américo Pinelli","Wenceslao Cinosi, Simón Broitman, Ángel Vilar, Germán Ojeda","Piano, Bass, 4 Bandoneons, 4 Violins"
Alfredo De Angelis,Orquesta Alfredo De Angelis,9/8/1971,Mi madre querida (My Yiddishe Momme),,Tango,Carlos Aguirre,Odeón,Tape-S,38687,7438-A,Lew Pollack,Ben Molar,,"Rizzo 1st bando, Cinosi 1st violin (1968-77)",Alfredo De Angelis,Hugo Besnatti,"Osvaldo Rizzo, Alfredo Dafuncio, Carlos Cubría, Américo Pinelli","Wenceslao Cinosi, Simón Broitman, Ángel Vilar, Germán Ojeda","Piano, Bass, 4 Bandoneons, 4 Violins"
Alfredo De Angelis,Orquesta Alfredo De Angelis,4/25/1971,A un gran amor,,Tango,Carlos Aguirre,Odeón,Tape-S,,,Wenceslao Cinosi,Carlos Antonio Russo,,"Rizzo 1st bando, Cinosi 1st violin (1968-77)",Alfredo De Angelis,Hugo Besnatti,"Osvaldo Rizzo, Alfredo Dafuncio, Carlos Cubría, Américo Pinelli","Wenceslao Cinosi, Simón Broitman, Ángel Vilar, Germán Ojeda","Piano, Bass, 4 Bandoneons, 4 Violins"
Alfredo De Angelis,Orquesta Alfredo De Angelis,4/25/1971,Filsofía de cantor,,Tango,Julián Rosales,Odeón,Tape-S,,,Dante Gilardoni,Edgardo Roberto Truffa,,"Rizzo 1st bando, Cinosi 1st violin (1968-77)",Alfredo De Angelis,Hugo Besnatti,"Osvaldo Rizzo, Alfredo Dafuncio, Carlos Cubría, Américo Pinelli","Wenceslao Cinosi, Simón Broitman, Ángel Vilar, Germán Ojeda","Piano, Bass, 4 Bandoneons, 4 Violins"
Alfredo De Angelis,Orquesta Alfredo De Angelis,5/23/1972,Estoy contanto los días,,Tango,Julián Rosales,Odeón,Tape-S,39393,51016-A,Chito Galindo,Chito Galindo,,"Rizzo 1st bando, Cinosi 1st violin (1968-77)",Alfredo De Angelis,Hugo Besnatti,"Osvaldo Rizzo, Alfredo Dafuncio, Carlos Cubría, Américo Pinelli","Wenceslao Cinosi, Simón Broitman, Ángel Vilar, Germán Ojeda","Piano, Bass, 4 Bandoneons, 4 Violins"
Alfredo De Angelis,Orquesta Alfredo De Angelis,5/23/1972,La comparsa argentina,,Tango,Instrumental,Odeón,Tape-S,39392,51016-B,José Dames,Líber Locascio,,"Rizzo 1st bando, Cinosi 1st violin (1968-77)",Alfredo De Angelis,Hugo Besnatti,"Osvaldo Rizzo, Alfredo Dafuncio, Carlos Cubría, Américo Pinelli","Wenceslao Cinosi, Simón Broitman, Ángel Vilar, Germán Ojeda","Piano, Bass, 4 Bandoneons, 4 Violins"
Alfredo De Angelis,Orquesta Alfredo De Angelis,6/21/1972,Con la flor que tu me diste,,Vals,Carlos Aguirre y Julián Rosales,Odeón,Tape-S,39487,51016-B,Isabel De Angelis,Claudio Román,,"Rizzo 1st bando, Cinosi 1st violin (1968-77)",Alfredo De Angelis,Hugo Besnatti,"Osvaldo Rizzo, Alfredo Dafuncio, Carlos Cubría, Américo Pinelli","Wenceslao Cinosi, Simón Broitman, Ángel Vilar, Germán Ojeda","Piano, Bass, 4 Bandoneons, 4 Violins"
Alfredo De Angelis,Orquesta Alfredo De Angelis,7/18/1972,Paciencia,,Tango,Carlos Aguirre,Odeón,Tape-S,39610,51016-A,Juan D'Arienzo,Francisco Gorrindo,,"Rizzo 1st bando, Cinosi 1st violin (1968-77)",Alfredo De Angelis,Hugo Besnatti,"Osvaldo Rizzo, Alfredo Dafuncio, Carlos Cubría, Américo Pinelli","Wenceslao Cinosi, Simón Broitman, Ángel Vilar, Germán Ojeda","Piano, Bass, 4 Bandoneons, 4 Violins"
Alfredo De Angelis,Orquesta Alfredo De Angelis,7/18/1972,Singular,,Tango,Instrumental,Odeón,Tape-S,39609,51016-B,Oscar Cabrera,,,"Rizzo 1st bando, Cinosi 1st violin (1968-77)",Alfredo De Angelis,Hugo Besnatti,"Osvaldo Rizzo, Alfredo Dafuncio, Carlos Cubría, Américo Pinelli","Wenceslao Cinosi, Simón Broitman, Ángel Vilar, Germán Ojeda","Piano, Bass, 4 Bandoneons, 4 Violins"
Alfredo De Angelis,Orquesta Alfredo De Angelis,8/3/1972,Amor en voz baja,,Tango,Julián Rosales,Odeón,Tape-S,39672,51016-A,Nino Rotta,Larry Kusik,,"Rizzo 1st bando, Cinosi 1st violin (1968-77)",Alfredo De Angelis,Hugo Besnatti,"Osvaldo Rizzo, Alfredo Dafuncio, Carlos Cubría, Américo Pinelli","Wenceslao Cinosi, Simón Broitman, Ángel Vilar, Germán Ojeda","Piano, Bass, 4 Bandoneons, 4 Violins"
Alfredo De Angelis,Orquesta Alfredo De Angelis,8/3/1972,Hanon en tango,,Tango,Instrumental,Odeón,Tape-S,39671,51016-A,Alfredo De Angelis,Juan Pomati,,"Rizzo 1st bando, Cinosi 1st violin (1968-77)",Alfredo De Angelis,Hugo Besnatti,"Osvaldo Rizzo, Alfredo Dafuncio, Carlos Cubría, Américo Pinelli","Wenceslao Cinosi, Simón Broitman, Ángel Vilar, Germán Ojeda","Piano, Bass, 4 Bandoneons, 4 Violins"
Alfredo De Angelis,Orquesta Alfredo De Angelis,8/7/1972,Con historia,,Milonga,Instrumental,Odeón,Tape-S,39678,51016-A,Orlando Calautti,Américo Cardinale,,"Rizzo 1st bando, Cinosi 1st violin (1968-77)",Alfredo De Angelis,Hugo Besnatti,"Osvaldo Rizzo, Alfredo Dafuncio, Carlos Cubría, Américo Pinelli","Wenceslao Cinosi, Simón Broitman, Ángel Vilar, Germán Ojeda","Piano, Bass, 4 Bandoneons, 4 Violins"
Alfredo De Angelis,Orquesta Alfredo De Angelis,8/7/1972,Sorpresa,,Tango,Carlos Aguirre y Julián Rosales,Odeón,Tape-S,39679,51016-A,Miguel Tanga,Juan Giliberti,,"Rizzo 1st bando, Cinosi 1st violin (1968-77)",Alfredo De Angelis,Hugo Besnatti,"Osvaldo Rizzo, Alfredo Dafuncio, Carlos Cubría, Américo Pinelli","Wenceslao Cinosi, Simón Broitman, Ángel Vilar, Germán Ojeda","Piano, Bass, 4 Bandoneons, 4 Violins"
Alfredo De Angelis,Orquesta Alfredo De Angelis,8/18/1972,La mariposa,,Tango,,Odeón,Tape-S,39730,51016-A,Pedro Maffia,Celedonio Flores,,"Rizzo 1st bando, Cinosi 1st violin (1968-77)",Alfredo De Angelis,Hugo Besnatti,"Osvaldo Rizzo, Alfredo Dafuncio, Carlos Cubría, Américo Pinelli","Wenceslao Cinosi, Simón Broitman, Ángel Vilar, Germán Ojeda","Piano, Bass, 4 Bandoneons, 4 Violins"
Alfredo De Angelis,Orquesta Alfredo De Angelis,8/18/1972,La noche tiene ojos negros,,Tango,Carlos Aguirre,Odeón,Tape-S,39731,51016-A,Miguel Montero,Roberto O'Durnin,,"Rizzo 1st bando, Cinosi 1st violin (1968-77)",Alfredo De Angelis,Hugo Besnatti,"Osvaldo Rizzo, Alfredo Dafuncio, Carlos Cubría, Américo Pinelli","Wenceslao Cinosi, Simón Broitman, Ángel Vilar, Germán Ojeda","Piano, Bass, 4 Bandoneons, 4 Violins"
Alfredo De Angelis,Orquesta Alfredo De Angelis,8/13/1973,Estoy en la plaza tirado,,Tango,Carlos Aguirre,Odeón,Tape-S,40721,1866-B,Isabel De Angelis,Claudio Román,,"Rizzo 1st bando, Cinosi 1st violin (1968-77)",Alfredo De Angelis,Hugo Besnatti,"Osvaldo Rizzo, Alfredo Dafuncio, Carlos Cubría, Américo Pinelli","Wenceslao Cinosi, Simón Broitman, Ángel Vilar, Germán Ojeda","Piano, Bass, 4 Bandoneons, 4 Violins"
Alfredo De Angelis,Orquesta Alfredo De Angelis,8/13/1973,Me olvidé de tu nombre,,Tango,Carlos Aguirre,Odeón,Tape-S,40722,1866-A,Enrique Espinoza,Argentino Luna,,"Rizzo 1st bando, Cinosi 1st violin (1968-77)",Alfredo De Angelis,Hugo Besnatti,"Osvaldo Rizzo, Alfredo Dafuncio, Carlos Cubría, Américo Pinelli","Wenceslao Cinosi, Simón Broitman, Ángel Vilar, Germán Ojeda","Piano, Bass, 4 Bandoneons, 4 Violins"
Alfredo De Angelis,Orquesta Alfredo De Angelis,9/17/1973,Mama Vieja,,Vals,Carlos Aguirre y Julián Rosales,Odeón,Tape-S,40817,6576-B,Juan Larenza,Lito Bayardo,,"Rizzo 1st bando, Cinosi 1st violin (1968-77)",Alfredo De Angelis,Hugo Besnatti,"Osvaldo Rizzo, Alfredo Dafuncio, Carlos Cubría, Américo Pinelli","Wenceslao Cinosi, Simón Broitman, Ángel Vilar, Germán Ojeda","Piano, Bass, 4 Bandoneons, 4 Violins"
Alfredo De Angelis,Orquesta Alfredo De Angelis,10/11/1973,Ausencia [d],,Vals,Carlos Gardel,Odeón,Tape-S,40935,8015-B,Carlos Gardel,Francisco Bianco,,"Rizzo 1st bando, Cinosi 1st violin (1968-77)",Alfredo De Angelis,Hugo Besnatti,"Osvaldo Rizzo, Alfredo Dafuncio, Carlos Cubría, Américo Pinelli","Wenceslao Cinosi, Simón Broitman, Ángel Vilar, Germán Ojeda","Piano, Bass, 4 Bandoneons, 4 Violins"
Alfredo De Angelis,Orquesta Alfredo De Angelis,10/11/1973,Melodía de arrabal,,Tango,Carlos Gardel,Odeón,Tape-S,40934,8015-A,Carlos Gardel,Alfredo Le Pera,,"Rizzo 1st bando, Cinosi 1st violin (1968-77)",Alfredo De Angelis,Hugo Besnatti,"Osvaldo Rizzo, Alfredo Dafuncio, Carlos Cubría, Américo Pinelli","Wenceslao Cinosi, Simón Broitman, Ángel Vilar, Germán Ojeda","Piano, Bass, 4 Bandoneons, 4 Violins"
Alfredo De Angelis,Orquesta Alfredo De Angelis,10/25/1973,Esta noche me emborracho,,Tango,Carlos Gardel,Odeón,Tape-S,40987,8015-A,Enrique Santos Discépolo,Enrique Santos Discépolo,,"Rizzo 1st bando, Cinosi 1st violin (1968-77)",Alfredo De Angelis,Hugo Besnatti,"Osvaldo Rizzo, Alfredo Dafuncio, Carlos Cubría, Américo Pinelli","Wenceslao Cinosi, Simón Broitman, Ángel Vilar, Germán Ojeda","Piano, Bass, 4 Bandoneons, 4 Violins"
Alfredo De Angelis,Orquesta Alfredo De Angelis,10/25/1973,Yira yira,,Tango,Carlos Gardel,Odeón,Tape-S,40986,8015-A,Enrique Santos Discépolo,Enrique Santos Discépolo,,"Rizzo 1st bando, Cinosi 1st violin (1968-77)",Alfredo De Angelis,Hugo Besnatti,"Osvaldo Rizzo, Alfredo Dafuncio, Carlos Cubría, Américo Pinelli","Wenceslao Cinosi, Simón Broitman, Ángel Vilar, Germán Ojeda","Piano, Bass, 4 Bandoneons, 4 Violins"
Alfredo De Angelis,Orquesta Alfredo De Angelis,11/8/1973,Adiós muchachos,,Tango,Carlos Gardel,Odeón,Tape-S,41005,8015-B,Julio Cesar Sanders,Cesar Vedani,,"Rizzo 1st bando, Cinosi 1st violin (1968-77)",Alfredo De Angelis,Hugo Besnatti,"Osvaldo Rizzo, Alfredo Dafuncio, Carlos Cubría, Américo Pinelli","Wenceslao Cinosi, Simón Broitman, Ángel Vilar, Germán Ojeda","Piano, Bass, 4 Bandoneons, 4 Violins"
Alfredo De Angelis,Orquesta Alfredo De Angelis,11/8/1973,La cumparsita (Si supieras),Si Supieras,Tango,Carlos Gardel,Odeón,Tape-S,41004,8015-B,Gerardo Matos Rodríguez,Pascual Contursi,,"Rizzo 1st bando, Cinosi 1st violin (1968-77)",Alfredo De Angelis,Hugo Besnatti,"Osvaldo Rizzo, Alfredo Dafuncio, Carlos Cubría, Américo Pinelli","Wenceslao Cinosi, Simón Broitman, Ángel Vilar, Germán Ojeda","Piano, Bass, 4 Bandoneons, 4 Violins"
Alfredo De Angelis,Orquesta Alfredo De Angelis,11/13/1973,Alma en pena,,Tango,Carlos Gardel,Odeón,Tape-S,41021,8015-B,Anselmo Aieta,Francisco García Jiménez,,"Rizzo 1st bando, Cinosi 1st violin (1968-77)",Alfredo De Angelis,Hugo Besnatti,"Osvaldo Rizzo, Alfredo Dafuncio, Carlos Cubría, Américo Pinelli","Wenceslao Cinosi, Simón Broitman, Ángel Vilar, Germán Ojeda","Piano, Bass, 4 Bandoneons, 4 Violins"
Alfredo De Angelis,Orquesta Alfredo De Angelis,11/13/1973,Nelly [b],,Vals,Carlos Gardel,Odeón,Tape-S,41020,8015-B,Luis Bates,Luis Bates,,"Rizzo 1st bando, Cinosi 1st violin (1968-77)",Alfredo De Angelis,Hugo Besnatti,"Osvaldo Rizzo, Alfredo Dafuncio, Carlos Cubría, Américo Pinelli","Wenceslao Cinosi, Simón Broitman, Ángel Vilar, Germán Ojeda","Piano, Bass, 4 Bandoneons, 4 Violins"
Alfredo De Angelis,Orquesta Alfredo De Angelis,11/27/1973,Palermo,,Tango,Carlos Gardel,Odeón,Tape-S,41238,8015-A,Enrique Delfino,Juan Villalba,,"Rizzo 1st bando, Cinosi 1st violin (1968-77)",Alfredo De Angelis,Hugo Besnatti,"Osvaldo Rizzo, Alfredo Dafuncio, Carlos Cubría, Américo Pinelli","Wenceslao Cinosi, Simón Broitman, Ángel Vilar, Germán Ojeda","Piano, Bass, 4 Bandoneons, 4 Violins"
Alfredo De Angelis,Orquesta Alfredo De Angelis,11/27/1973,Siga el corso,,Tango,Carlos Gardel,Odeón,Tape-S,41239,8015-B,Anselmo Aieta,Francisco García Jiménez,,"Rizzo 1st bando, Cinosi 1st violin (1968-77)",Alfredo De Angelis,Hugo Besnatti,"Osvaldo Rizzo, Alfredo Dafuncio, Carlos Cubría, Américo Pinelli","Wenceslao Cinosi, Simón Broitman, Ángel Vilar, Germán Ojeda","Piano, Bass, 4 Bandoneons, 4 Violins"
Alfredo De Angelis,Orquesta Alfredo De Angelis,11/30/1973,Duelo criollo,,Tango,Carlos Gardel,Odeón,Tape-S,41246,8015-A,Juan Rezzano,Lito Bayardo,,"Rizzo 1st bando, Cinosi 1st violin (1968-77)",Alfredo De Angelis,Hugo Besnatti,"Osvaldo Rizzo, Alfredo Dafuncio, Carlos Cubría, Américo Pinelli","Wenceslao Cinosi, Simón Broitman, Ángel Vilar, Germán Ojeda","Piano, Bass, 4 Bandoneons, 4 Violins"
Alfredo De Angelis,Orquesta Alfredo De Angelis,4/3/1974,Por la vuelta,,Tango,Julián Rosales,Odeón,Tape-S,41295,6576-A,José Tinelli,Enrique Cadícamo,,"Rizzo 1st bando, Cinosi 1st violin (1968-77)",Alfredo De Angelis,Hugo Besnatti,"Osvaldo Rizzo, Alfredo Dafuncio, Carlos Cubría, Américo Pinelli","Wenceslao Cinosi, Simón Broitman, Ángel Vilar, Germán Ojeda","Piano, Bass, 4 Bandoneons, 4 Violins"
Alfredo De Angelis,Orquesta Alfredo De Angelis,4/3/1974,Vida mía,,Tango,Julián Rosales,Odeón,Tape-S,41294,8017-B,Osvaldo Fresedo,Emilio Fresedo,,"Rizzo 1st bando, Cinosi 1st violin (1968-77)",Alfredo De Angelis,Hugo Besnatti,"Osvaldo Rizzo, Alfredo Dafuncio, Carlos Cubría, Américo Pinelli","Wenceslao Cinosi, Simón Broitman, Ángel Vilar, Germán Ojeda","Piano, Bass, 4 Bandoneons, 4 Violins"
Alfredo De Angelis,Orquesta Alfredo De Angelis,4/19/1974,De puro curda,,Tango,Carlos Aguirre,Odeón,Tape-S,41350,6576-A,Carlos Olmedo,Abel Aznar,,"Rizzo 1st bando, Cinosi 1st violin (1968-77)",Alfredo De Angelis,Hugo Besnatti,"Osvaldo Rizzo, Alfredo Dafuncio, Carlos Cubría, Américo Pinelli","Wenceslao Cinosi, Simón Broitman, Ángel Vilar, Germán Ojeda","Piano, Bass, 4 Bandoneons, 4 Violins"
Alfredo De Angelis,Orquesta Alfredo De Angelis,4/19/1974,La yumba,,Tango,Instrumental,Odeón,Tape-S,41349,6576-A,Osvaldo Pugliese,,,"Rizzo 1st bando, Cinosi 1st violin (1968-77)",Alfredo De Angelis,Hugo Besnatti,"Osvaldo Rizzo, Alfredo Dafuncio, Carlos Cubría, Américo Pinelli","Wenceslao Cinosi, Simón Broitman, Ángel Vilar, Germán Ojeda","Piano, Bass, 4 Bandoneons, 4 Violins"
Alfredo De Angelis,Orquesta Alfredo De Angelis,4/26/1974,El torito,,Milonga,,Odeón,Tape-S,41370,6576-B,Angel Villoldo,Angel Villoldo,,"Rizzo 1st bando, Cinosi 1st violin (1968-77)",Alfredo De Angelis,Hugo Besnatti,"Osvaldo Rizzo, Alfredo Dafuncio, Carlos Cubría, Américo Pinelli","Wenceslao Cinosi, Simón Broitman, Ángel Vilar, Germán Ojeda","Piano, Bass, 4 Bandoneons, 4 Violins"
Alfredo De Angelis,Orquesta Alfredo De Angelis,4/26/1974,Lágrimas y sonrisas,,Vals,,Odeón,Tape-S,41369,6576-A,Pascual De Gullo,,,"Rizzo 1st bando, Cinosi 1st violin (1968-77)",Alfredo De Angelis,Hugo Besnatti,"Osvaldo Rizzo, Alfredo Dafuncio, Carlos Cubría, Américo Pinelli","Wenceslao Cinosi, Simón Broitman, Ángel Vilar, Germán Ojeda","Piano, Bass, 4 Bandoneons, 4 Violins"
Alfredo De Angelis,Orquesta Alfredo De Angelis,8/23/1974,Malevaje,,Tango,Carlos Gardel,Odeón,Tape-S,41640,8152-A,Juan de Dios Filiberto,Enrique Santos Discépolo,,"Rizzo 1st bando, Cinosi 1st violin (1968-77)",Alfredo De Angelis,Hugo Besnatti,"Osvaldo Rizzo, Alfredo Dafuncio, Carlos Cubría, Américo Pinelli","Wenceslao Cinosi, Simón Broitman, Ángel Vilar, Germán Ojeda","Piano, Bass, 4 Bandoneons, 4 Violins"
Alfredo De Angelis,Orquesta Alfredo De Angelis,8/23/1974,Muñeca brava,,Tango,Carlos Gardel,Odeón,Tape-S,41639,8152-A,Luis Visca,Enrique Cadícamo,,"Rizzo 1st bando, Cinosi 1st violin (1968-77)",Alfredo De Angelis,Hugo Besnatti,"Osvaldo Rizzo, Alfredo Dafuncio, Carlos Cubría, Américo Pinelli","Wenceslao Cinosi, Simón Broitman, Ángel Vilar, Germán Ojeda","Piano, Bass, 4 Bandoneons, 4 Violins"
Alfredo De Angelis,Orquesta Alfredo De Angelis,8/23/1974,Rosas De Abril,,Vals,Carlos Gardel,Odeón,Tape-S,,,Rafael Rossi,Eugenio Cárdenas,,"Rizzo 1st bando, Cinosi 1st violin (1968-77)",Alfredo De Angelis,Hugo Besnatti,"Osvaldo Rizzo, Alfredo Dafuncio, Carlos Cubría, Américo Pinelli","Wenceslao Cinosi, Simón Broitman, Ángel Vilar, Germán Ojeda","Piano, Bass, 4 Bandoneons, 4 Violins"
Alfredo De Angelis,Orquesta Alfredo De Angelis,8/28/1974,Almagro,,Tango,Carlos Gardel,Odeón,Tape-S,41644,8152-A,Vicente San Lorenzo,Iván Diez,,"Rizzo 1st bando, Cinosi 1st violin (1968-77)",Alfredo De Angelis,Hugo Besnatti,"Osvaldo Rizzo, Alfredo Dafuncio, Carlos Cubría, Américo Pinelli","Wenceslao Cinosi, Simón Broitman, Ángel Vilar, Germán Ojeda","Piano, Bass, 4 Bandoneons, 4 Violins"
Alfredo De Angelis,Orquesta Alfredo De Angelis,8/28/1974,Giuseppe el zapatero,,Tango,Carlos Gardel,Odeón,Tape-S,41648,8152-A,Guillermo Del Ciancio,Guillermo Del Ciancio,,"Rizzo 1st bando, Cinosi 1st violin (1968-77)",Alfredo De Angelis,Hugo Besnatti,"Osvaldo Rizzo, Alfredo Dafuncio, Carlos Cubría, Américo Pinelli","Wenceslao Cinosi, Simón Broitman, Ángel Vilar, Germán Ojeda","Piano, Bass, 4 Bandoneons, 4 Violins"
Alfredo De Angelis,Orquesta Alfredo De Angelis,8/28/1974,Rosas de abril,,Vals,Carlos Gardel,Odeón,Tape-S,41643,8152-A,Rafael Rossi,Eugenio Cárdenas,,"Rizzo 1st bando, Cinosi 1st violin (1968-77)",Alfredo De Angelis,Hugo Besnatti,"Osvaldo Rizzo, Alfredo Dafuncio, Carlos Cubría, Américo Pinelli","Wenceslao Cinosi, Simón Broitman, Ángel Vilar, Germán Ojeda","Piano, Bass, 4 Bandoneons, 4 Violins"
Alfredo De Angelis,Orquesta Alfredo De Angelis,8/29/1974,Intimas,,Tango,Carlos Gardel,Odeón,Tape-S,41647,8152-A,Alfonso Lacueva,Ricardo Luis Vignolo,,"Rizzo 1st bando, Cinosi 1st violin (1968-77)",Alfredo De Angelis,Hugo Besnatti,"Osvaldo Rizzo, Alfredo Dafuncio, Carlos Cubría, Américo Pinelli","Wenceslao Cinosi, Simón Broitman, Ángel Vilar, Germán Ojeda","Piano, Bass, 4 Bandoneons, 4 Violins"
Alfredo De Angelis,Orquesta Alfredo De Angelis,9/4/1974,Tomo y obligo,,Tango,Carlos Gardel,Odeón,Tape-S,41651,8152-A,Carlos Gardel,Manuel Romero,,"Rizzo 1st bando, Cinosi 1st violin (1968-77)",Alfredo De Angelis,Hugo Besnatti,"Osvaldo Rizzo, Alfredo Dafuncio, Carlos Cubría, Américo Pinelli","Wenceslao Cinosi, Simón Broitman, Ángel Vilar, Germán Ojeda","Piano, Bass, 4 Bandoneons, 4 Violins"
Alfredo De Angelis,Orquesta Alfredo De Angelis,9/4/1974,Viejo smoking,,Tango,Carlos Gardel,Odeón,Tape-S,41652,8152-A,Guillermo Barbieri,Celedonio Flores,,"Rizzo 1st bando, Cinosi 1st violin (1968-77)",Alfredo De Angelis,Hugo Besnatti,"Osvaldo Rizzo, Alfredo Dafuncio, Carlos Cubría, Américo Pinelli","Wenceslao Cinosi, Simón Broitman, Ángel Vilar, Germán Ojeda","Piano, Bass, 4 Bandoneons, 4 Violins"
Alfredo De Angelis,Orquesta Alfredo De Angelis,9/6/1974,Si soy así,,Tango,Carlos Gardel,Odeón,Tape-S,41666,8152-B,Francisco Lomuto,Antonio Botta,,"Rizzo 1st bando, Cinosi 1st violin (1968-77)",Alfredo De Angelis,Hugo Besnatti,"Osvaldo Rizzo, Alfredo Dafuncio, Carlos Cubría, Américo Pinelli","Wenceslao Cinosi, Simón Broitman, Ángel Vilar, Germán Ojeda","Piano, Bass, 4 Bandoneons, 4 Violins"
Alfredo De Angelis,Orquesta Alfredo De Angelis,9/6/1974,Viejo jardín,,Vals,Carlos Gardel,Odeón,Tape-S,41665,8152-B,Francisco Ceraso,Virgilio San Clemente,,"Rizzo 1st bando, Cinosi 1st violin (1968-77)",Alfredo De Angelis,Hugo Besnatti,"Osvaldo Rizzo, Alfredo Dafuncio, Carlos Cubría, Américo Pinelli","Wenceslao Cinosi, Simón Broitman, Ángel Vilar, Germán Ojeda","Piano, Bass, 4 Bandoneons, 4 Violins"
Alfredo De Angelis,Orquesta Alfredo De Angelis,9/13/1974,Chorra,,Tango,Carlos Gardel,Odeón,Tape-S,41680,8152-B,Enrique Santos Discépolo,Enrique Santos Discépolo,,"Rizzo 1st bando, Cinosi 1st violin (1968-77)",Alfredo De Angelis,Hugo Besnatti,"Osvaldo Rizzo, Alfredo Dafuncio, Carlos Cubría, Américo Pinelli","Wenceslao Cinosi, Simón Broitman, Ángel Vilar, Germán Ojeda","Piano, Bass, 4 Bandoneons, 4 Violins"
Alfredo De Angelis,Orquesta Alfredo De Angelis,9/13/1974,Cualquier cosa,,Tango,Carlos Gardel,Odeón,Tape-S,41681,8152-B,Herminia Velich,Herminia Velich,,"Rizzo 1st bando, Cinosi 1st violin (1968-77)",Alfredo De Angelis,Hugo Besnatti,"Osvaldo Rizzo, Alfredo Dafuncio, Carlos Cubría, Américo Pinelli","Wenceslao Cinosi, Simón Broitman, Ángel Vilar, Germán Ojeda","Piano, Bass, 4 Bandoneons, 4 Violins"
Alfredo De Angelis,Orquesta Alfredo De Angelis,9/17/1976,Cornetín,,Tango,Instrumental,Odeón,Tape-S,6505,6505,Pedro Maffia,Homero Manzi,,"Rizzo 1st bando, Cinosi 1st violin (1968-77)",Alfredo De Angelis,Hugo Besnatti,"Osvaldo Rizzo, Alfredo Dafuncio, Carlos Cubría, Américo Pinelli","Wenceslao Cinosi, Simón Broitman, Ángel Vilar, Germán Ojeda","Piano, Bass, 4 Bandoneons, 4 Violins"
Alfredo De Angelis,Orquesta Alfredo De Angelis,9/17/1976,Lunes,,Tango,Isabel De Angelis,Odeón,Tape-S,43124,6505-B,Padula,Francisco García Jiménez,,"Rizzo 1st bando, Cinosi 1st violin (1968-77)",Alfredo De Angelis,Hugo Besnatti,"Osvaldo Rizzo, Alfredo Dafuncio, Carlos Cubría, Américo Pinelli","Wenceslao Cinosi, Simón Broitman, Ángel Vilar, Germán Ojeda","Piano, Bass, 4 Bandoneons, 4 Violins"
Alfredo De Angelis,Orquesta Alfredo De Angelis,9/17/1976,Se dice de mí,,Milonga,Isabel De Angelis,Odeón,Tape-S,43123,6505-A,Francisco Canaro,Ivo Pelay,,"Rizzo 1st bando, Cinosi 1st violin (1968-77)",Alfredo De Angelis,Hugo Besnatti,"Osvaldo Rizzo, Alfredo Dafuncio, Carlos Cubría, Américo Pinelli","Wenceslao Cinosi, Simón Broitman, Ángel Vilar, Germán Ojeda","Piano, Bass, 4 Bandoneons, 4 Violins"
Alfredo De Angelis,Orquesta Alfredo De Angelis,9/24/1976,Cambalache,,Tango,Isabel De Angelis,Odeón,Tape-S,43135,6505-B,Enrique Santos Discépolo,Enrique Santos Discépolo,,"Rizzo 1st bando, Cinosi 1st violin (1968-77)",Alfredo De Angelis,Hugo Besnatti,"Osvaldo Rizzo, Alfredo Dafuncio, Carlos Cubría, Américo Pinelli","Wenceslao Cinosi, Simón Broitman, Ángel Vilar, Germán Ojeda","Piano, Bass, 4 Bandoneons, 4 Violins"
Alfredo De Angelis,Orquesta Alfredo De Angelis,9/24/1976,Canaro en París,,Tango,,Odeón,Tape-S,43132,6505-A,Alejandro Scarpino-Juan Caldarella,José Scarpino,,"Rizzo 1st bando, Cinosi 1st violin (1968-77)",Alfredo De Angelis,Hugo Besnatti,"Osvaldo Rizzo, Alfredo Dafuncio, Carlos Cubría, Américo Pinelli","Wenceslao Cinosi, Simón Broitman, Ángel Vilar, Germán Ojeda","Piano, Bass, 4 Bandoneons, 4 Violins"
Alfredo De Angelis,Orquesta Alfredo De Angelis,9/24/1976,Pero no vienes,,Tango,Carlos Aguirre,Odeón,Tape-S,43134,6505-B,Alfredo De Angelis,Alfredo Acerenza,,"Rizzo 1st bando, Cinosi 1st violin (1968-77)",Alfredo De Angelis,Hugo Besnatti,"Osvaldo Rizzo, Alfredo Dafuncio, Carlos Cubría, Américo Pinelli","Wenceslao Cinosi, Simón Broitman, Ángel Vilar, Germán Ojeda","Piano, Bass, 4 Bandoneons, 4 Violins"
Alfredo De Angelis,Orquesta Alfredo De Angelis,9/24/1976,Por una cabeza,,Tango,Carlos Aguirre,Odeón,Tape-S,43133,6505-A,Carlos Gardel,Alfredo Le Pera,,"Rizzo 1st bando, Cinosi 1st violin (1968-77)",Alfredo De Angelis,Hugo Besnatti,"Osvaldo Rizzo, Alfredo Dafuncio, Carlos Cubría, Américo Pinelli","Wenceslao Cinosi, Simón Broitman, Ángel Vilar, Germán Ojeda","Piano, Bass, 4 Bandoneons, 4 Violins"
Alfredo De Angelis,Orquesta Alfredo De Angelis,1/21/1977,Así se baila el tango,,Tango,Isabel De Angelis,Odeón,Tape-S,43307,6505-A,Elías Randal,Marvil (Elizardo Martínez Vilas),,"Rizzo 1st bando, Cinosi 1st violin (1968-77)",Alfredo De Angelis,Hugo Besnatti,"Carlos Cubría, Américo Pinelli, Julio Pizzorni, Benigno Noval","Wenceslao Cinosi, Ángel Vilar, Simón Broitman, Germán Ojeda","Piano, Bass, 4 Bandoneons, 4 Violins"
Alfredo De Angelis,Orquesta Alfredo De Angelis,1/21/1977,El día que me quieras,,Tango,Ruben Amendola,Odeón,Tape-S,43305,6505-A,Carlos Gardel,Alfredo Le Pera,,"Rizzo 1st bando, Cinosi 1st violin (1968-77)",Alfredo De Angelis,Hugo Besnatti,"Carlos Cubría, Américo Pinelli, Julio Pizzorni, Benigno Noval","Wenceslao Cinosi, Ángel Vilar, Simón Broitman, Germán Ojeda","Piano, Bass, 4 Bandoneons, 4 Violins"
Alfredo De Angelis,Orquesta Alfredo De Angelis,1/21/1977,En tu pecho muere una rosa,,Tango,Ruben Amendola,Odeón,Tape-S,43306,6505-B,Alfredo De Angelis,Marvil (Elizardo Martínez Vilas),,"Rizzo 1st bando, Cinosi 1st violin (1968-77)",Alfredo De Angelis,Hugo Besnatti,"Carlos Cubría, Américo Pinelli, Julio Pizzorni, Benigno Noval","Wenceslao Cinosi, Ángel Vilar, Simón Broitman, Germán Ojeda","Piano, Bass, 4 Bandoneons, 4 Violins"
Alfredo De Angelis,Orquesta Alfredo De Angelis,1/21/1977,Tecleando,,Tango,Instrumental,Odeón,Tape-S,43304,6505-B,Carlos Figari,,,"Rizzo 1st bando, Cinosi 1st violin (1968-77)",Alfredo De Angelis,Hugo Besnatti,"Carlos Cubría, Américo Pinelli, Julio Pizzorni, Benigno Noval","Wenceslao Cinosi, Ángel Vilar, Simón Broitman, Germán Ojeda","Piano, Bass, 4 Bandoneons, 4 Violins"
Alfredo De Angelis,Orquesta Alfredo De Angelis,1980,Alas azules,,Tango,,Microfón,Tape-S,,60129,Alfredo De Angelis,Isabel De Angelis,,Microfón + Columbia (1980-85),Alfredo De Angelis,Mario Montagna,"Ángel Di Giovanni, Nicolás Paracino, Oscar Barrios, Héctor Silva, Gigí De Angelis (electric organ)","Eduardo Massara, Rodolfo Defino, Miguel Taboada, Luis Paz","Piano, Bass, 4 Bandoneons, 4 Violins, Electric Organ"
Alfredo De Angelis,Orquesta Alfredo De Angelis,1980,Alma de bohemio,,Tango,,Microfón,Tape-S,,60129,Roberto Firpo,Juan Andrés Caruso,,Microfón + Columbia (1980-85),Alfredo De Angelis,Mario Montagna,"Ángel Di Giovanni, Nicolás Paracino, Oscar Barrios, Héctor Silva, Gigí De Angelis (electric organ)","Eduardo Massara, Rodolfo Defino, Miguel Taboada, Luis Paz","Piano, Bass, 4 Bandoneons, 4 Violins, Electric Organ"
Alfredo De Angelis,Orquesta Alfredo De Angelis,1980,Amor y baile,,Milonga,,Microfón,Tape-S,,60129,Alfredo De Angelis,Alberto Losavio,,Microfón + Columbia (1980-85),Alfredo De Angelis,Mario Montagna,"Ángel Di Giovanni, Nicolás Paracino, Oscar Barrios, Héctor Silva, Gigí De Angelis (electric organ)","Eduardo Massara, Rodolfo Defino, Miguel Taboada, Luis Paz","Piano, Bass, 4 Bandoneons, 4 Violins, Electric Organ"
Alfredo De Angelis,Orquesta Alfredo De Angelis,1980,Comme il faut,,Tango,,Microfón,Tape-S,,60129,Eduardo Arolas,Gabriel Clausi,,Microfón + Columbia (1980-85),Alfredo De Angelis,Mario Montagna,"Ángel Di Giovanni, Nicolás Paracino, Oscar Barrios, Héctor Silva, Gigí De Angelis (electric organ)","Eduardo Massara, Rodolfo Defino, Miguel Taboada, Luis Paz","Piano, Bass, 4 Bandoneons, 4 Violins, Electric Organ"
Alfredo De Angelis,Orquesta Alfredo De Angelis,1980,Corazón de oro,,Vals,,Microfón,Tape-S,,60129,Francisco Canaro,Jesús Fernández Blanco,,Microfón + Columbia (1980-85),Alfredo De Angelis,Mario Montagna,"Ángel Di Giovanni, Nicolás Paracino, Oscar Barrios, Héctor Silva, Gigí De Angelis (electric organ)","Eduardo Massara, Rodolfo Defino, Miguel Taboada, Luis Paz","Piano, Bass, 4 Bandoneons, 4 Violins, Electric Organ"
Alfredo De Angelis,Orquesta Alfredo De Angelis,1980,Esta noche,,Tango,Carlos Boledi,Microfón,Tape-S,,60129,Carlos Marcucci,Lito Bayardo,,Microfón + Columbia (1980-85),Alfredo De Angelis,Mario Montagna,"Ángel Di Giovanni, Nicolás Paracino, Oscar Barrios, Héctor Silva, Gigí De Angelis (electric organ)","Eduardo Massara, Rodolfo Defino, Miguel Taboada, Luis Paz","Piano, Bass, 4 Bandoneons, 4 Violins, Electric Organ"
Alfredo De Angelis,Orquesta Alfredo De Angelis,1980,Mi refugio,,Tango,,Microfón,Tape-S,,60129,Juan Carlos Cobián,Pedro Numa Córdoba,,Microfón + Columbia (1980-85),Alfredo De Angelis,Mario Montagna,"Ángel Di Giovanni, Nicolás Paracino, Oscar Barrios, Héctor Silva, Gigí De Angelis (electric organ)","Eduardo Massara, Rodolfo Defino, Miguel Taboada, Luis Paz","Piano, Bass, 4 Bandoneons, 4 Violins, Electric Organ"
Alfredo De Angelis,Orquesta Alfredo De Angelis,1980,Pollito picarón,,Milonga,Carlos Boledi y Gigí De Angelis,Microfón,Tape-S,,60129,Isabel De Angelis,Gino Tombesi,,Microfón + Columbia (1980-85),Alfredo De Angelis,Mario Montagna,"Ángel Di Giovanni, Nicolás Paracino, Oscar Barrios, Héctor Silva, Gigí De Angelis (electric organ)","Eduardo Massara, Rodolfo Defino, Miguel Taboada, Luis Paz","Piano, Bass, 4 Bandoneons, 4 Violins, Electric Organ"
Alfredo De Angelis,Orquesta Alfredo De Angelis,1980,Rodríguez Peña,,Tango,,Microfón,Tape-S,,60129,Vicente Greco,,,Microfón + Columbia (1980-85),Alfredo De Angelis,Mario Montagna,"Ángel Di Giovanni, Nicolás Paracino, Oscar Barrios, Héctor Silva, Gigí De Angelis (electric organ)","Eduardo Massara, Rodolfo Defino, Miguel Taboada, Luis Paz","Piano, Bass, 4 Bandoneons, 4 Violins, Electric Organ"
Alfredo De Angelis,Orquesta Alfredo De Angelis,1980,Tachero de mi ciudad,,Tango,Gigí De Angelis,Microfón,Tape-S,,60129,Alfredo De Angelis,Alberto Lago,,Microfón + Columbia (1980-85),Alfredo De Angelis,Mario Montagna,"Ángel Di Giovanni, Nicolás Paracino, Oscar Barrios, Héctor Silva, Gigí De Angelis (electric organ)","Eduardo Massara, Rodolfo Defino, Miguel Taboada, Luis Paz","Piano, Bass, 4 Bandoneons, 4 Violins, Electric Organ"
Alfredo De Angelis,Orquesta Alfredo De Angelis,1981,Bolita cola,,Tango,,Columbia,Tape-S,,60171,Domingo Armendano,Gino Tombesi,,Microfón + Columbia (1980-85),Alfredo De Angelis,Mario Montagna,"Ángel Di Giovanni, Nicolás Paracino, Oscar Barrios, Héctor Silva, Gigí De Angelis (electric organ)","Eduardo Massara, Rodolfo Defino, Miguel Taboada, Luis Paz","Piano, Bass, 4 Bandoneons, 4 Violins, Electric Organ"
Alfredo De Angelis,Orquesta Alfredo De Angelis,1981,Cabecita descocada,,Tango,Rubén Linares,Columbia,Tape-S,,20307,Luis de Olivei,Marvil (Elizardo Martínez Vilas),,Microfón + Columbia (1980-85),Alfredo De Angelis,Mario Montagna,"Ángel Di Giovanni, Nicolás Paracino, Oscar Barrios, Héctor Silva, Gigí De Angelis (electric organ)","Eduardo Massara, Rodolfo Defino, Miguel Taboada, Luis Paz","Piano, Bass, 4 Bandoneons, 4 Violins, Electric Organ"
Alfredo De Angelis,Orquesta Alfredo De Angelis,1981,El carrerito,,Tango,Gigí De Angelis,Columbia,Tape-S,,60171,Raúl de los Hoyos,Alberto Vacarezza,,Microfón + Columbia (1980-85),Alfredo De Angelis,Mario Montagna,"Ángel Di Giovanni, Nicolás Paracino, Oscar Barrios, Héctor Silva, Gigí De Angelis (electric organ)","Eduardo Massara, Rodolfo Defino, Miguel Taboada, Luis Paz","Piano, Bass, 4 Bandoneons, 4 Violins, Electric Organ"
Alfredo De Angelis,Orquesta Alfredo De Angelis,1981,Fe tanguera,,Tango,,Columbia,Tape-S,,60171,Angel Cicchetti,,,Microfón + Columbia (1980-85),Alfredo De Angelis,Mario Montagna,"Ángel Di Giovanni, Nicolás Paracino, Oscar Barrios, Héctor Silva, Gigí De Angelis (electric organ)","Eduardo Massara, Rodolfo Defino, Miguel Taboada, Luis Paz","Piano, Bass, 4 Bandoneons, 4 Violins, Electric Organ"
Alfredo De Angelis,Orquesta Alfredo De Angelis,1981,La calesita,,Tango,,Columbia,Tape-S,,20307,Mariano Mores,Cátulo Castillo,,Microfón + Columbia (1980-85),Alfredo De Angelis,Mario Montagna,"Ángel Di Giovanni, Nicolás Paracino, Oscar Barrios, Héctor Silva, Gigí De Angelis (electric organ)","Eduardo Massara, Rodolfo Defino, Miguel Taboada, Luis Paz","Piano, Bass, 4 Bandoneons, 4 Violins, Electric Organ"
Alfredo De Angelis,Orquesta Alfredo De Angelis,1981,La morocha,,Tango,,Columbia,Tape-S,,60171,Enrique Saborido,Angel Villoldo,,Microfón + Columbia (1980-85),Alfredo De Angelis,Mario Montagna,"Ángel Di Giovanni, Nicolás Paracino, Oscar Barrios, Héctor Silva, Gigí De Angelis (electric organ)","Eduardo Massara, Rodolfo Defino, Miguel Taboada, Luis Paz","Piano, Bass, 4 Bandoneons, 4 Violins, Electric Organ"
Alfredo De Angelis,Orquesta Alfredo De Angelis,1981,Los mareados,,Tango,Marcelo Biondini,Columbia,Tape-S,,20307,Juan Carlos Cobián,Enrique Cadícamo,,Microfón + Columbia (1980-85),Alfredo De Angelis,Mario Montagna,"Ángel Di Giovanni, Nicolás Paracino, Oscar Barrios, Héctor Silva, Gigí De Angelis (electric organ)","Eduardo Massara, Rodolfo Defino, Miguel Taboada, Luis Paz","Piano, Bass, 4 Bandoneons, 4 Violins, Electric Organ"
Alfredo De Angelis,Orquesta Alfredo De Angelis,1981,Los ojazos de mi negra,,Vals,,Columbia,Tape-S,,20307,Adolfo Avilés,Adolfo Avilés,,Microfón + Columbia (1980-85),Alfredo De Angelis,Mario Montagna,"Ángel Di Giovanni, Nicolás Paracino, Oscar Barrios, Héctor Silva, Gigí De Angelis (electric organ)","Eduardo Massara, Rodolfo Defino, Miguel Taboada, Luis Paz","Piano, Bass, 4 Bandoneons, 4 Violins, Electric Organ"
Alfredo De Angelis,Orquesta Alfredo De Angelis,1981,Mi diosa,,Tango,,Columbia,Tape-S,,60171,Francisco De Caro,José De Grandis,,Microfón + Columbia (1980-85),Alfredo De Angelis,Mario Montagna,"Ángel Di Giovanni, Nicolás Paracino, Oscar Barrios, Héctor Silva, Gigí De Angelis (electric organ)","Eduardo Massara, Rodolfo Defino, Miguel Taboada, Luis Paz","Piano, Bass, 4 Bandoneons, 4 Violins, Electric Organ"
Alfredo De Angelis,Orquesta Alfredo De Angelis,1981,Mi pampa blanca,,Tango,,Columbia,Tape-S,,20307,Alfredo De Angelis,Roberto Cardé,,Microfón + Columbia (1980-85),Alfredo De Angelis,Mario Montagna,"Ángel Di Giovanni, Nicolás Paracino, Oscar Barrios, Héctor Silva, Gigí De Angelis (electric organ)","Eduardo Massara, Rodolfo Defino, Miguel Taboada, Luis Paz","Piano, Bass, 4 Bandoneons, 4 Violins, Electric Organ"
Alfredo De Angelis,Orquesta Alfredo De Angelis,1981,Nubes de humo (Fume compadre),Fume Compadre,Tango,,Columbia,Tape-S,,20307,Manuel Joves,Manuel Romero,,Microfón + Columbia (1980-85),Alfredo De Angelis,Mario Montagna,"Ángel Di Giovanni, Nicolás Paracino, Oscar Barrios, Héctor Silva, Gigí De Angelis (electric organ)","Eduardo Massara, Rodolfo Defino, Miguel Taboada, Luis Paz","Piano, Bass, 4 Bandoneons, 4 Violins, Electric Organ"
Alfredo De Angelis,Orquesta Alfredo De Angelis,1981,Organito de la tarde,,Tango,,Columbia,Tape-S,,20307,Cátulo Castillo,José González Castillo,,Microfón + Columbia (1980-85),Alfredo De Angelis,Mario Montagna,"Ángel Di Giovanni, Nicolás Paracino, Oscar Barrios, Héctor Silva, Gigí De Angelis (electric organ)","Eduardo Massara, Rodolfo Defino, Miguel Taboada, Luis Paz","Piano, Bass, 4 Bandoneons, 4 Violins, Electric Organ"
Alfredo De Angelis,Orquesta Alfredo De Angelis,1981,Quietito,,Tango,,Columbia,Tape-S,,60171,Alfredo De Angelis,Alfonso Casini,,Microfón + Columbia (1980-85),Alfredo De Angelis,Mario Montagna,"Ángel Di Giovanni, Nicolás Paracino, Oscar Barrios, Héctor Silva, Gigí De Angelis (electric organ)","Eduardo Massara, Rodolfo Defino, Miguel Taboada, Luis Paz","Piano, Bass, 4 Bandoneons, 4 Violins, Electric Organ"
Alfredo De Angelis,Orquesta Alfredo De Angelis,1981,Rincón de sueño,,Tango,,Columbia,Tape-S,,60171,Isabel De Angelis,Salvador Martuccio,,Microfón + Columbia (1980-85),Alfredo De Angelis,Mario Montagna,"Ángel Di Giovanni, Nicolás Paracino, Oscar Barrios, Héctor Silva, Gigí De Angelis (electric organ)","Eduardo Massara, Rodolfo Defino, Miguel Taboada, Luis Paz","Piano, Bass, 4 Bandoneons, 4 Violins, Electric Organ"
Alfredo De Angelis,Orquesta Alfredo De Angelis,1981,Sentimiento gaucho,,Tango,,Columbia,Tape-S,,60171,Rafael Canaro,Juan Andrés Caruso,,Microfón + Columbia (1980-85),Alfredo De Angelis,Mario Montagna,"Ángel Di Giovanni, Nicolás Paracino, Oscar Barrios, Héctor Silva, Gigí De Angelis (electric organ)","Eduardo Massara, Rodolfo Defino, Miguel Taboada, Luis Paz","Piano, Bass, 4 Bandoneons, 4 Violins, Electric Organ"
Alfredo De Angelis,Orquesta Alfredo De Angelis,1981,Si soy así,,Tango,Jorge Guillermo,Columbia,Tape-S,,20307,Francisco Lomuto,Antonio Botta,,Microfón + Columbia (1980-85),Alfredo De Angelis,Mario Montagna,"Ángel Di Giovanni, Nicolás Paracino, Oscar Barrios, Héctor Silva, Gigí De Angelis (electric organ)","Eduardo Massara, Rodolfo Defino, Miguel Taboada, Luis Paz","Piano, Bass, 4 Bandoneons, 4 Violins, Electric Organ"
Alfredo De Angelis,Orquesta Alfredo De Angelis,1981,Siempre milonga,,Milonga,,Columbia,Tape-S,,60171,Alfredo De Angelis,,,Microfón + Columbia (1980-85),Alfredo De Angelis,Mario Montagna,"Ángel Di Giovanni, Nicolás Paracino, Oscar Barrios, Héctor Silva, Gigí De Angelis (electric organ)","Eduardo Massara, Rodolfo Defino, Miguel Taboada, Luis Paz","Piano, Bass, 4 Bandoneons, 4 Violins, Electric Organ"
Alfredo De Angelis,Orquesta Alfredo De Angelis,1981,Tengo mil novias,,Vals,,Columbia,Tape-S,,20307,Enrique Rodríguez,Enrique Cadícamo,,Microfón + Columbia (1980-85),Alfredo De Angelis,Mario Montagna,"Ángel Di Giovanni, Nicolás Paracino, Oscar Barrios, Héctor Silva, Gigí De Angelis (electric organ)","Eduardo Massara, Rodolfo Defino, Miguel Taboada, Luis Paz","Piano, Bass, 4 Bandoneons, 4 Violins, Electric Organ"
Alfredo De Angelis,Orquesta Alfredo De Angelis,1981,Vive el cantor,,Tango,,Columbia,Tape-S,,60171,Alfredo De Angelis,Alberto Lago,,Microfón + Columbia (1980-85),Alfredo De Angelis,Mario Montagna,"Ángel Di Giovanni, Nicolás Paracino, Oscar Barrios, Héctor Silva, Gigí De Angelis (electric organ)","Eduardo Massara, Rodolfo Defino, Miguel Taboada, Luis Paz","Piano, Bass, 4 Bandoneons, 4 Violins, Electric Organ"
Alfredo De Angelis,Orquesta Alfredo De Angelis,1981,Y bésame otra vez,,Tango,,Columbia,Tape-S,,20307,Ángel Condercuri,Carlos Waiss,,Microfón + Columbia (1980-85),Alfredo De Angelis,Mario Montagna,"Ángel Di Giovanni, Nicolás Paracino, Oscar Barrios, Héctor Silva, Gigí De Angelis (electric organ)","Eduardo Massara, Rodolfo Defino, Miguel Taboada, Luis Paz","Piano, Bass, 4 Bandoneons, 4 Violins, Electric Organ"
Alfredo De Angelis,Orquesta Alfredo De Angelis,1985,Al Colorado de Banfield,,Tango,,Columbia,Tape-S,,80292,Ernesto Baffa,,,Microfón + Columbia (1980-85),Alfredo De Angelis,Mario Montagna,"Ángel Di Giovanni, Nicolás Paracino, Oscar Barrios, Héctor Silva, Gigí De Angelis (electric organ)","Eduardo Massara, Rodolfo Defino, Miguel Taboada, Luis Paz","Piano, Bass, 4 Bandoneons, 4 Violins, Electric Organ"
Alfredo De Angelis,Orquesta Alfredo De Angelis,1985,Argañaraz (Aquellas farras),Aquellas Farras,Tango,Rubén Linares,Columbia,Tape-S,,80292,Roberto Firpo,Enrique Cadícamo,,Microfón + Columbia (1980-85),Alfredo De Angelis,Mario Montagna,"Ángel Di Giovanni, Nicolás Paracino, Oscar Barrios, Héctor Silva, Gigí De Angelis (electric organ)","Eduardo Massara, Rodolfo Defino, Miguel Taboada, Luis Paz","Piano, Bass, 4 Bandoneons, 4 Violins, Electric Organ"
Alfredo De Angelis,Orquesta Alfredo De Angelis,1985,Besos brujos,,Tango,,Columbia,Tape-S,,80292,Alfredo Malerba,Alfredo Malerba,,Microfón + Columbia (1980-85),Alfredo De Angelis,Mario Montagna,"Ángel Di Giovanni, Nicolás Paracino, Oscar Barrios, Héctor Silva, Gigí De Angelis (electric organ)","Eduardo Massara, Rodolfo Defino, Miguel Taboada, Luis Paz","Piano, Bass, 4 Bandoneons, 4 Violins, Electric Organ"
Alfredo De Angelis,Orquesta Alfredo De Angelis,1985,Cascabelito,,Tango,Rubén Linares,Columbia,Tape-S,,80292,José Bohr,Juan Andrés Caruso,,Microfón + Columbia (1980-85),Alfredo De Angelis,Mario Montagna,"Ángel Di Giovanni, Nicolás Paracino, Oscar Barrios, Héctor Silva, Gigí De Angelis (electric organ)","Eduardo Massara, Rodolfo Defino, Miguel Taboada, Luis Paz","Piano, Bass, 4 Bandoneons, 4 Violins, Electric Organ"
Alfredo De Angelis,Orquesta Alfredo De Angelis,1985,Gracias por el silencio,,Tango,Rubén Linares,Columbia,Tape-S,,80292,Don Filinto,Don Filinto,,Microfón + Columbia (1980-85),Alfredo De Angelis,Mario Montagna,"Ángel Di Giovanni, Nicolás Paracino, Oscar Barrios, Héctor Silva, Gigí De Angelis (electric organ)","Eduardo Massara, Rodolfo Defino, Miguel Taboada, Luis Paz","Piano, Bass, 4 Bandoneons, 4 Violins, Electric Organ"
Alfredo De Angelis,Orquesta Alfredo De Angelis,1985,Gricel,,Tango,Marcelo Biondini,Columbia,Tape-S,,80292,Mariano Mores,José Maria Contursi,,Microfón + Columbia (1980-85),Alfredo De Angelis,Mario Montagna,"Ángel Di Giovanni, Nicolás Paracino, Oscar Barrios, Héctor Silva, Gigí De Angelis (electric organ)","Eduardo Massara, Rodolfo Defino, Miguel Taboada, Luis Paz","Piano, Bass, 4 Bandoneons, 4 Violins, Electric Organ"
Alfredo De Angelis,Orquesta Alfredo De Angelis,1985,La piel de Buenos Aires,,Tango,Marcelo Biondini,Columbia,Tape-S,,80292,Pedro Ortiz,Javier Mazzea,,Microfón + Columbia (1980-85),Alfredo De Angelis,Mario Montagna,"Ángel Di Giovanni, Nicolás Paracino, Oscar Barrios, Héctor Silva, Gigí De Angelis (electric organ)","Eduardo Massara, Rodolfo Defino, Miguel Taboada, Luis Paz","Piano, Bass, 4 Bandoneons, 4 Violins, Electric Organ"
Alfredo De Angelis,Orquesta Alfredo De Angelis,1985,Lluvia de estrellas,,Tango,,Columbia,Tape-S,,80292,Osmar Maderna,,,Microfón + Columbia (1980-85),Alfredo De Angelis,Mario Montagna,"Ángel Di Giovanni, Nicolás Paracino, Oscar Barrios, Héctor Silva, Gigí De Angelis (electric organ)","Eduardo Massara, Rodolfo Defino, Miguel Taboada, Luis Paz","Piano, Bass, 4 Bandoneons, 4 Violins, Electric Organ"
Alfredo De Angelis,Orquesta Alfredo De Angelis,1985,Made in,,Tango,,Columbia,Tape-S,,80292,Alfredo De Angelis,Oscar Castrogé,,Microfón + Columbia (1980-85),Alfredo De Angelis,Mario Montagna,"Ángel Di Giovanni, Nicolás Paracino, Oscar Barrios, Héctor Silva, Gigí De Angelis (electric organ)","Eduardo Massara, Rodolfo Defino, Miguel Taboada, Luis Paz","Piano, Bass, 4 Bandoneons, 4 Violins, Electric Organ"
Alfredo De Angelis,Orquesta Alfredo De Angelis,1985,Mi Yerutí,,Vals,Rubén Linares y Marcelo Biondini,Columbia,Tape-S,,80292,Pedro Rodríguez de Ciervi,Roberto Palmer,,Microfón + Columbia (1980-85),Alfredo De Angelis,Mario Montagna,"Ángel Di Giovanni, Nicolás Paracino, Oscar Barrios, Héctor Silva, Gigí De Angelis (electric organ)","Eduardo Massara, Rodolfo Defino, Miguel Taboada, Luis Paz","Piano, Bass, 4 Bandoneons, 4 Violins, Electric Organ"
