Bandleader,Orchestra,Date,Title,Alt_Title,Genre,Singer,Label,Master,Composer,Author,Arranger,Grouping,Pianist,Bassist,Bandoneons,Strings,Matrix_Number,Disk_Number
Aníbal Troilo,Aníbal Troilo y su orquesta Típica,3/7/1938,Comme Il Faut,,Tango,Instrumental,Odeón,78rpm,Eduardo Arolas,,,38-41 / Goñi (Pre-Malena),Orlando Goñi,Enrique Díaz,Aníbal Troilo; Juan Miguel Rodriguez; Eduardo Marino,David Díaz; Hugo Baralis;  Pedro Sapochnik,9326-1,7160 A
Aníbal Troilo,Aníbal Troilo y su orquesta Típica,3/7/1938,Tinta Verde,,Tango,Instrumental,Odeón,78rpm,Agustín Bardi,,,38-41 / Goñi (Pre-Malena),Orlando Goñi,Enrique Díaz,Aníbal Troilo; Juan Miguel Rodriguez; Eduardo Marino,David Díaz; Hugo Baralis;  Pedro Sapochnik,9327-1,7160 B
Aníbal Troilo,Aníbal Troilo y su orquesta Típica,3/4/1941,Yo Soy El Tango,,Tango,Francisco Fiorentino,Víctor,78rpm,Domingo Federico,Homero Expósito,,38-41 / Goñi (Pre-Malena),Orlando Goñi,Enrique Díaz,Aníbal Troilo; Juan Miguel Rodriguez; Eduardo Marino; Astor Piazzolla; Marcos Troilo ,David Díaz; Reynaldo Nichele; Hugo Baralis;  Pedro Sapochnik,39822-1,39246 A
Aníbal Troilo,Aníbal Troilo y su orquesta Típica,3/4/1941,Mano Brava,,Milonga,Francisco Fiorentino,Víctor,78rpm,Manuel Buzón,Enrique Cadícamo,,38-41 / Goñi (Pre-Malena),Orlando Goñi,Enrique Díaz,Aníbal Troilo; Juan Miguel Rodriguez; Eduardo Marino; Astor Piazzolla; Marcos Troilo ,David Díaz; Reynaldo Nichele; Hugo Baralis;  Pedro Sapochnik,39823-1,39246 B
Aníbal Troilo,Aníbal Troilo y su orquesta Típica,3/4/1941,Toda Mi Vida,,Tango,Francisco Fiorentino,Víctor,78rpm,Aníbal Troilo,José Contursi,,38-41 / Goñi (Pre-Malena),Orlando Goñi,Enrique Díaz,Aníbal Troilo; Juan Miguel Rodriguez; Eduardo Marino; Astor Piazzolla; Marcos Troilo ,David Díaz; Reynaldo Nichele; Hugo Baralis;  Pedro Sapochnik,BAVE-039824,Victor (Argentina) 39256 A
Aníbal Troilo,Aníbal Troilo y su orquesta Típica,3/4/1941,Cachirulo,,Tango,Instrumental,Víctor,78rpm,Francisco Cafiero,,,38-41 / Goñi (Pre-Malena),Orlando Goñi,Enrique Díaz,Aníbal Troilo; Juan Miguel Rodriguez; Eduardo Marino; Astor Piazzolla; Marcos Troilo ,David Díaz; Reynaldo Nichele; Hugo Baralis;  Pedro Sapochnik,BAVE-039825,Victor (Argentina) 39256 B
Aníbal Troilo,Aníbal Troilo y su orquesta Típica,4/16/1941,Con Toda La Voz Que Tengo,,Milonga,Francisco Fiorentino,Víctor,78rpm,Aníbal Troilo,Enrique Dizeo,,38-41 / Goñi (Pre-Malena),Orlando Goñi,Enrique Díaz,Aníbal Troilo; Juan Miguel Rodriguez; Eduardo Marino; Astor Piazzolla; Marcos Troilo ,David Díaz; Reynaldo Nichele; Hugo Baralis;  Pedro Sapochnik,BAVE-039852,Victor (Argentina) 39265 B
Aníbal Troilo,Aníbal Troilo y su orquesta Típica,4/16/1941,Te Aconsejo Que Me Olvides,,Tango,Francisco Fiorentino,Víctor,78rpm,Pedro Maffia,Jorge Curí,,38-41 / Goñi (Pre-Malena),Orlando Goñi,Enrique Díaz,Aníbal Troilo; Juan Miguel Rodriguez; Eduardo Marino; Astor Piazzolla; Marcos Troilo ,David Díaz; Reynaldo Nichele; Hugo Baralis;  Pedro Sapochnik,BAVE-039853,Victor (Argentina) 39265 A
Aníbal Troilo,Aníbal Troilo y su orquesta Típica,5/28/1941,Pájaro Ciego,,Tango,Fiorentino / Mandarino,Víctor,78rpm,Antonio Bonavena,Lito Bayardo,,38-41 / Goñi (Pre-Malena),Orlando Goñi,Enrique Díaz,Aníbal Troilo; Juan Miguel Rodriguez; Eduardo Marino; Astor Piazzolla; Marcos Troilo ,David Díaz; Reynaldo Nichele; Hugo Baralis;  Pedro Sapochnik,BAVE-039981,Victor (Argentina) 39299 B
Aníbal Troilo,Aníbal Troilo y su orquesta Típica,5/28/1941,Tabernero,,Tango,Francisco Fiorentino,Víctor,78rpm,Fausto Frontera; Miguel Cafre,Raúl Oliveri,,38-41 / Goñi (Pre-Malena),Orlando Goñi,Enrique Díaz,Aníbal Troilo; Juan Miguel Rodriguez; Eduardo Marino; Astor Piazzolla; Marcos Troilo ,David Díaz; Reynaldo Nichele; Hugo Baralis;  Pedro Sapochnik,BAVE-039980,Victor (Argentina) 39299 A
Aníbal Troilo,Aníbal Troilo y su orquesta Típica,6/17/1941,El Bulín De La Calle Ayacucho,,Tango,Francisco Fiorentino,Víctor,78rpm,José Servidio; Luis Servidio,Celedonio Flores,,38-41 / Goñi (Pre-Malena),Orlando Goñi,Enrique Díaz,Aníbal Troilo; Juan Miguel Rodriguez; Eduardo Marino; Astor Piazzolla; Marcos Troilo ,David Díaz; Reynaldo Nichele; Hugo Baralis;  Pedro Sapochnik,BAVE-059523,Victor (Argentina) 39318 A
Aníbal Troilo,Aníbal Troilo y su orquesta Típica,6/17/1941,Milongueando En El 40,,Tango,Instrumental,Víctor,78rpm,Armando Pontier,,,38-41 / Goñi (Pre-Malena),Orlando Goñi,Enrique Díaz,Aníbal Troilo; Juan Miguel Rodriguez; Eduardo Marino; Astor Piazzolla; Marcos Troilo ,David Díaz; Reynaldo Nichele; Hugo Baralis;  Pedro Sapochnik,59524-1,39318 B
Aníbal Troilo,Aníbal Troilo y su orquesta Típica,7/11/1941,Una Carta,,Tango,Francisco Fiorentino,Víctor,78rpm,Miguel Bucino,Miguel Bucino,,38-41 / Goñi (Pre-Malena),Orlando Goñi,Enrique Díaz,Aníbal Troilo; Juan Miguel Rodriguez; Eduardo Marino; Astor Piazzolla; Marcos Troilo ,David Díaz; Reynaldo Nichele; Hugo Baralis;  Pedro Sapochnik,BAVE-059572,Victor (Argentina) 39323 B
Aníbal Troilo,Aníbal Troilo y su orquesta Típica,7/11/1941,Guapeando,,Tango,Instrumental,Víctor,78rpm,Juan Larenza,,,38-41 / Goñi (Pre-Malena),Orlando Goñi,Enrique Díaz,Aníbal Troilo; Juan Miguel Rodriguez; Eduardo Marino; Astor Piazzolla; Marcos Troilo ,David Díaz; Reynaldo Nichele; Hugo Baralis;  Pedro Sapochnik,BAVE-059571,Victor (Argentina) 39323 A
Aníbal Troilo,Aníbal Troilo y su orquesta Típica,7/18/1941,En Esta Tarde Gris,,Tango,Francisco Fiorentino,Víctor,78rpm,Mariano Mores,José Contursi,,38-41 / Goñi (Pre-Malena),Orlando Goñi,Enrique Díaz,Aníbal Troilo; Juan Miguel Rodriguez; Eduardo Marino; Astor Piazzolla; Marcos Troilo ,David Díaz; Reynaldo Nichele; Hugo Baralis;  Pedro Sapochnik,59583-1,39348 A
Aníbal Troilo,Aníbal Troilo y su orquesta Típica,7/18/1941,Cordón De Oro,,Tango,Instrumental,Víctor,78rpm,Carlos Posadas,,,38-41 / Goñi (Pre-Malena),Orlando Goñi,Enrique Díaz,Aníbal Troilo; Juan Miguel Rodriguez; Eduardo Marino; Astor Piazzolla; Marcos Troilo ,David Díaz; Reynaldo Nichele; Hugo Baralis;  Pedro Sapochnik,BAVE-059584,Victor (Argentina) 39348 B
Aníbal Troilo,Aníbal Troilo y su orquesta Típica,9/6/1941,El Cuarteador,,Tango,Francisco Fiorentino,Víctor,78rpm,Enrique Cadícamo,Rosendo Luna,,38-41 / Goñi (Pre-Malena),Orlando Goñi,Enrique Díaz,Aníbal Troilo; Juan Miguel Rodriguez; Eduardo Marino; Astor Piazzolla; Marcos Troilo ,David Díaz; Reynaldo Nichele; Hugo Baralis;  Pedro Sapochnik,59767-1,39403 B
Aníbal Troilo,Aníbal Troilo y su orquesta Típica,9/8/1941,Total Pa' Qué Sirvo,,Tango,Francisco Fiorentino,Víctor,78rpm,Aníbal Troilo,Enrique Dizeo,,38-41 / Goñi (Pre-Malena),Orlando Goñi,Enrique Díaz,Aníbal Troilo; Juan Miguel Rodriguez; Eduardo Marino; Astor Piazzolla; Marcos Troilo ,David Díaz; Reynaldo Nichele; Hugo Baralis;  Pedro Sapochnik,BAVE-059764,Victor (Argentina) 60-2421 A
Aníbal Troilo,Aníbal Troilo y su orquesta Típica,10/9/1941,Maragata,,Tango,Francisco Fiorentino,Víctor,78rpm,Francisco Martino,Francisco Martino,Aníbal Troilo,38-41 / Goñi (Pre-Malena),Orlando Goñi,Enrique Díaz,Aníbal Troilo; Juan Miguel Rodriguez; Eduardo Marino; Astor Piazzolla; Marcos Troilo ,David Díaz; Reynaldo Nichele; Hugo Baralis;  Pedro Sapochnik,BAVE-059820,Victor (Argentina) 39434 A
Aníbal Troilo,Aníbal Troilo y su orquesta Típica,10/9/1941,Cautivo,,Tango,Francisco Fiorentino,Víctor,78rpm,Egidio Pittaluga,Luis Rubistein,,38-41 / Goñi (Pre-Malena),Orlando Goñi,Enrique Díaz,Aníbal Troilo; Juan Miguel Rodriguez; Eduardo Marino; Astor Piazzolla; Marcos Troilo ,David Díaz; Reynaldo Nichele; Hugo Baralis;  Pedro Sapochnik,BAVE-059822,Victor (Argentina) 39460 A
Aníbal Troilo,Aníbal Troilo y su orquesta Típica,10/9/1941,Tu Diagnóstico,,Vals,Francisco Fiorentino,Víctor,78rpm,José Betinotti,José Betinotti,,38-41 / Goñi (Pre-Malena),Orlando Goñi,Enrique Díaz,Aníbal Troilo; Juan Miguel Rodriguez; Eduardo Marino; Astor Piazzolla; Marcos Troilo ,David Díaz; Reynaldo Nichele; Hugo Baralis;  Pedro Sapochnik,BAVE-059821,Victor (Argentina) 39434 B
Aníbal Troilo,Aníbal Troilo y su orquesta Típica,10/23/1941,Tinta Roja,,Tango,Francisco Fiorentino,Víctor,78rpm,Sebastián Piana,Cátulo Castillo,,38-41 / Goñi (Pre-Malena),Orlando Goñi,Enrique Díaz,Aníbal Troilo; Juan Miguel Rodriguez; Eduardo Marino; Astor Piazzolla; Marcos Troilo ,David Díaz; Reynaldo Nichele; Hugo Baralis;  Pedro Sapochnik,59844-1,39487 B
Aníbal Troilo,Aníbal Troilo y su orquesta Típica,10/23/1941,No Le Digas Que La Quiero,,Tango,Francisco Fiorentino,Víctor,78rpm,Enrique Delfino,Alberto Vacarezza,,38-41 / Goñi (Pre-Malena),Orlando Goñi,Enrique Díaz,Aníbal Troilo; Juan Miguel Rodriguez; Eduardo Marino; Astor Piazzolla; Marcos Troilo ,David Díaz; Reynaldo Nichele; Hugo Baralis;  Pedro Sapochnik,59845-1,39487 A
Aníbal Troilo,Aníbal Troilo y su orquesta Típica,10/23/1941,El Tamango,,Tango,Instrumental,Víctor,78rpm,Carlos Posadas,,,38-41 / Goñi (Pre-Malena),Orlando Goñi,Enrique Díaz,Aníbal Troilo; Juan Miguel Rodriguez; Eduardo Marino; Astor Piazzolla; Marcos Troilo ,David Díaz; Reynaldo Nichele; Hugo Baralis;  Pedro Sapochnik,59846-1,39460 B
Aníbal Troilo,Aníbal Troilo y su orquesta Típica,11/21/1941,Sencillo Y Compadre,,Tango,Francisco Fiorentino,Víctor,78rpm,Juan Guichandut,Carlos Bahr,,38-41 / Goñi (Pre-Malena),Orlando Goñi,Enrique Díaz,Aníbal Troilo; Juan Miguel Rodriguez; Eduardo Marino; Astor Piazzolla; Marcos Troilo ,David Díaz; Reynaldo Nichele; Hugo Baralis;  Pedro Sapochnik,59888,39502
Aníbal Troilo,Aníbal Troilo y su orquesta Típica,11/21/1941,Del Tiempo Guapo,,Milonga,Francisco Fiorentino,Víctor,78rpm,Vicente Fiorentino,Marcelo Ferrere,,38-41 / Goñi (Pre-Malena),Orlando Goñi,Enrique Díaz,Aníbal Troilo; Juan Miguel Rodriguez; Eduardo Marino; Astor Piazzolla; Marcos Troilo ,David Díaz; Reynaldo Nichele; Hugo Baralis;  Pedro Sapochnik,59889,39502
Aníbal Troilo,Aníbal Troilo y su orquesta Típica,1/8/1942,Malena,,Tango,Francisco Fiorentino,Víctor,78rpm,Lucio Demare,Homero Manzi,Héctor Artola,41-43 / Goñi (Post-Malena),Orlando Goñi,Enrique Díaz,Aníbal Troilo; Juan Miguel Rodriguez; Eduardo Marino; Astor Piazzolla; Marcos Troilo ,David Díaz; Reynaldo Nichele; Hugo Baralis;  Pedro Sapochnik,59967-1,39519 A
Aníbal Troilo,Aníbal Troilo y su orquesta Típica,1/8/1942,C.T.V.,,Tango,Instrumental,Víctor,78rpm,Agustín Bardi,,,41-43 / Goñi (Post-Malena),Orlando Goñi,Enrique Díaz,Aníbal Troilo; Juan Miguel Rodriguez; Eduardo Marino; Astor Piazzolla; Marcos Troilo ,David Díaz; Reynaldo Nichele; Hugo Baralis;  Pedro Sapochnik,59968-1,39519 B
Aníbal Troilo,Aníbal Troilo y su orquesta Típica,4/16/1942,Malena,,Tango,Francisco Fiorentino,Víctor,78rpm,Lucio Demare,Homero Manzi,Héctor Artola,41-43 / Goñi (Post-Malena),Orlando Goñi,Enrique Díaz,Aníbal Troilo; Juan Miguel Rodriguez; Eduardo Marino; Astor Piazzolla; Marcos Troilo ,David Díaz; Reynaldo Nichele; Hugo Baralis;  Pedro Sapochnik,59967,39519 (1º acople)
Aníbal Troilo,Aníbal Troilo y su orquesta Típica,4/16/1942,Mi Castigo,,Tango,Francisco Fiorentino,Víctor,78rpm,Julio Sanders,César Vedani,,41-43 / Goñi (Post-Malena),Orlando Goñi,Enrique Díaz,Aníbal Troilo; Juan Miguel Rodriguez; Eduardo Marino; Astor Piazzolla; Marcos Troilo ,David Díaz; Reynaldo Nichele; Hugo Baralis;  Pedro Sapochnik,69660-1,39582 A
Aníbal Troilo,Aníbal Troilo y su orquesta Típica,4/16/1942,Pa' Que Bailen Los Muchachos,,Tango,Francisco Fiorentino,Víctor,78rpm,Aníbal Troilo,Enrique Cadícamo,,41-43 / Goñi (Post-Malena),Orlando Goñi,Enrique Díaz,Aníbal Troilo; Juan Miguel Rodriguez; Eduardo Marino; Astor Piazzolla; Marcos Troilo ,David Díaz; Reynaldo Nichele; Hugo Baralis;  Pedro Sapochnik,69662-1,39579 A
Aníbal Troilo,Aníbal Troilo y su orquesta Típica,4/16/1942,Papa Baltasar,,Milonga,Francisco Fiorentino,Víctor,78rpm,Sebastián Piana,Homero Manzi,,41-43 / Goñi (Post-Malena),Orlando Goñi,Enrique Díaz,Aníbal Troilo; Juan Miguel Rodriguez; Eduardo Marino; Astor Piazzolla; Marcos Troilo ,David Díaz; Reynaldo Nichele; Hugo Baralis;  Pedro Sapochnik,69661-1,39579 B
Aníbal Troilo,Aníbal Troilo y su orquesta Típica,6/12/1942,Fueye,,Tango,Francisco Fiorentino,Víctor,78rpm,Charlo,Homero Manzi,,41-43 / Goñi (Post-Malena),Orlando Goñi,Enrique Díaz,Aníbal Troilo; Juan Miguel Rodriguez; Eduardo Marino; Astor Piazzolla; Marcos Troilo ,David Díaz; Reynaldo Nichele; Hugo Baralis;  Pedro Sapochnik,69739-1,39630 A
Aníbal Troilo,Aníbal Troilo y su orquesta Típica,6/12/1942,"Colorao, Colorao",,Tango,Francisco Fiorentino,Víctor,78rpm,Alberto Acuña,Celedonio Flores,,41-43 / Goñi (Post-Malena),Orlando Goñi,Enrique Díaz,Aníbal Troilo; Juan Miguel Rodriguez; Eduardo Marino; Astor Piazzolla; Marcos Troilo ,David Díaz; Reynaldo Nichele; Hugo Baralis;  Pedro Sapochnik,69741-1,39627 B
Aníbal Troilo,Aníbal Troilo y su orquesta Típica,6/12/1942,Un Placer,,Vals,Instrumental,Víctor,78rpm,Vicente Romeo,Juan Caruso,,41-43 / Goñi (Post-Malena),Orlando Goñi,Enrique Díaz,Aníbal Troilo; Juan Miguel Rodriguez; Eduardo Marino; Astor Piazzolla; Marcos Troilo ,David Díaz; Reynaldo Nichele; Hugo Baralis;  Pedro Sapochnik,69740-1,39630 B
Aníbal Troilo,Aníbal Troilo y su orquesta Típica,6/15/1942,Soy Muchacho De La Guardia,,Tango,Francisco Fiorentino,Víctor,78rpm,Agustín Irusta,Héctor Marcó,,41-43 / Goñi (Post-Malena),Orlando Goñi,Enrique Díaz,Aníbal Troilo; Juan Miguel Rodriguez; Eduardo Marino; Astor Piazzolla; Marcos Troilo ,David Díaz; Reynaldo Nichele; Hugo Baralis;  Pedro Sapochnik,69756-1,39637 A
Aníbal Troilo,Aníbal Troilo y su orquesta Típica,6/15/1942,Suerte Loca,,Tango,Francisco Fiorentino,Víctor,78rpm,Anselmo Aieta,Francisco Jiménez,,41-43 / Goñi (Post-Malena),Orlando Goñi,Enrique Díaz,Aníbal Troilo; Juan Miguel Rodriguez; Eduardo Marino; Astor Piazzolla; Marcos Troilo ,David Díaz; Reynaldo Nichele; Hugo Baralis;  Pedro Sapochnik,69757-1,39627 A
Aníbal Troilo,Aníbal Troilo y su orquesta Típica,6/15/1942,Los Mareados,,Tango,Francisco Fiorentino,Víctor,78rpm,Juan Cobian,Enrique Cadicamo,,41-43 / Goñi (Post-Malena),Orlando Goñi,Enrique Díaz,Aníbal Troilo; Juan Miguel Rodriguez; Eduardo Marino; Astor Piazzolla; Marcos Troilo ,David Díaz; Reynaldo Nichele; Hugo Baralis;  Pedro Sapochnik,69758-1,39637 B
Aníbal Troilo,Aníbal Troilo y su orquesta Típica,7/23/1942,Acordándome De Vos,,Vals,Francisco Fiorentino,Víctor,78rpm,Aníbal Troilo,Enrique Dizeo,,41-43 / Goñi (Post-Malena),Orlando Goñi,Enrique Díaz,Aníbal Troilo; Juan Miguel Rodriguez; Eduardo Marino; Astor Piazzolla; Marcos Troilo ,David Díaz; Reynaldo Nichele; Hugo Baralis;  Pedro Sapochnik,69824-3,39675 B
Aníbal Troilo,Aníbal Troilo y su orquesta Típica,7/23/1942,La Tablada,,Tango,Instrumental,Víctor,78rpm,Francisco Canaro,,,41-43 / Goñi (Post-Malena),Orlando Goñi,Enrique Díaz,Aníbal Troilo; Juan Miguel Rodriguez; Eduardo Marino; Astor Piazzolla; Marcos Troilo ,David Díaz; Reynaldo Nichele; Hugo Baralis;  Pedro Sapochnik,69825-1,39675 A
Aníbal Troilo,Aníbal Troilo y su orquesta Típica,9/1/1942,Lejos De Buenos Aires,,Tango,Francisco Fiorentino,Víctor,78rpm,Alberto Villanueva,Oscar Rubens,,41-43 / Goñi (Post-Malena),Orlando Goñi,Enrique Díaz,Aníbal Troilo; Juan Miguel Rodriguez; Eduardo Marino; Astor Piazzolla; Marcos Troilo ,David Díaz; Reynaldo Nichele; Hugo Baralis;  Pedro Sapochnik,69908-1,39699 A
Aníbal Troilo,Aníbal Troilo y su orquesta Típica,9/1/1942,El Encopao,,Tango,Francisco Fiorentino,Víctor,78rpm,Osvaldo Pugliese,Enrique Dizeo,,41-43 / Goñi (Post-Malena),Orlando Goñi,Enrique Díaz,Aníbal Troilo; Juan Miguel Rodriguez; Eduardo Marino; Astor Piazzolla; Marcos Troilo ,David Díaz; Reynaldo Nichele; Hugo Baralis;  Pedro Sapochnik,69909-1,39699 B
Aníbal Troilo,Aníbal Troilo y su orquesta Típica,9/10/1942,Pedacito De Cielo,,Vals,Francisco Fiorentino,Víctor,78rpm,Enrique Stamponi,Homero Expósito,,41-43 / Goñi (Post-Malena),Orlando Goñi,Enrique Díaz,Aníbal Troilo; Juan Miguel Rodriguez; Eduardo Marino; Astor Piazzolla; Marcos Troilo ,David Díaz; Reynaldo Nichele; Hugo Baralis;  Pedro Sapochnik,69924-1,39718 B
Aníbal Troilo,Aníbal Troilo y su orquesta Típica,9/18/1942,Tristezas De La Calle Corrientes,,Tango,Francisco Fiorentino,Víctor,78rpm,Domingo Federico,Homero Expósito,,41-43 / Goñi (Post-Malena),Orlando Goñi,Enrique Díaz,Aníbal Troilo; Juan Miguel Rodriguez; Eduardo Marino; Astor Piazzolla; Marcos Troilo ,David Díaz; Reynaldo Nichele; Hugo Baralis;  Pedro Sapochnik,69935-1,39718 A
Aníbal Troilo,Aníbal Troilo y su orquesta Típica,9/18/1942,No Te Apures Carablanca,,Tango,Francisco Fiorentino,Víctor,78rpm,Roberto Garza,Carlos Bahr,,41-43 / Goñi (Post-Malena),Orlando Goñi,Enrique Díaz,Aníbal Troilo; Juan Miguel Rodriguez; Eduardo Marino; Astor Piazzolla; Marcos Troilo ,David Díaz; Reynaldo Nichele; Hugo Baralis;  Pedro Sapochnik,69937-1,39744 A
Aníbal Troilo,Aníbal Troilo y su orquesta Típica,10/9/1942,Ficha De Oro,,Milonga,Francisco Fiorentino,Víctor,78rpm,Carmelo Napoli,Enrique Dizeo,,41-43 / Goñi (Post-Malena),Orlando Goñi,Enrique Díaz,Aníbal Troilo; Juan Miguel Rodriguez; Eduardo Marino; Astor Piazzolla; Marcos Troilo ,David Díaz; Reynaldo Nichele; Hugo Baralis;  Pedro Sapochnik,69987-1,39744 B
Aníbal Troilo,Aníbal Troilo y su orquesta Típica,10/9/1942,La Maleva,,Tango,Instrumental,Víctor,78rpm,Antonio Buglione,Mario Pardo,,41-43 / Goñi (Post-Malena),Orlando Goñi,Enrique Díaz,Aníbal Troilo; Juan Miguel Rodriguez; Eduardo Marino; Astor Piazzolla; Marcos Troilo ,David Díaz; Reynaldo Nichele; Hugo Baralis;  Pedro Sapochnik,69988-2,39790 A
Aníbal Troilo,Aníbal Troilo y su orquesta Típica,10/22/1942,El Chupete,,Tango,Instrumental,Víctor,78rpm,Ricardo Gaudenzio,Antonio Polito,,41-43 / Goñi (Post-Malena),Orlando Goñi,Enrique Díaz,Aníbal Troilo; Juan Miguel Rodriguez; Eduardo Marino; Astor Piazzolla; Marcos Troilo ,David Díaz; Reynaldo Nichele; Hugo Baralis;  Pedro Sapochnik,84019-1,39771 B
Aníbal Troilo,Aníbal Troilo y su orquesta Típica,10/22/1942,De Pura Cepa,,Milonga,Instrumental,Víctor,78rpm,José Ceglie,Osvaldo Cordero,,41-43 / Goñi (Post-Malena),Orlando Goñi,Enrique Díaz,Aníbal Troilo; Juan Miguel Rodriguez; Eduardo Marino; Astor Piazzolla; Marcos Troilo ,David Díaz; Reynaldo Nichele; Hugo Baralis;  Pedro Sapochnik,84020-1,39790 B
Aníbal Troilo,Aníbal Troilo y su orquesta Típica,10/30/1942,Gricel,,Tango,Francisco Fiorentino,Víctor,78rpm,Mariano Mores,José Contursi,,41-43 / Goñi (Post-Malena),Orlando Goñi,Enrique Díaz,Aníbal Troilo; Juan Miguel Rodriguez; Eduardo Marino; Astor Piazzolla; Marcos Troilo ,David Díaz; Reynaldo Nichele; Hugo Baralis;  Pedro Sapochnik,84033-4,39771 A
Aníbal Troilo,Aníbal Troilo y su orquesta Típica,12/14/1942,Barrio De Tango,,Tango,Francisco Fiorentino,Víctor,78rpm,Aníbal Troilo,Homero Manzi,,41-43 / Goñi (Post-Malena),Orlando Goñi,Enrique Díaz,Aníbal Troilo; Juan Miguel Rodriguez; Eduardo Marino; Astor Piazzolla; Marcos Troilo ,David Díaz; Reynaldo Nichele; Hugo Baralis;  Pedro Sapochnik,84187-1,39812 A
Aníbal Troilo,Aníbal Troilo y su orquesta Típica,12/14/1942,Pa' Que Seguir,,Tango,Francisco Fiorentino,Víctor,78rpm,Francisco Fiorentino,Pedro Lloret,,41-43 / Goñi (Post-Malena),Orlando Goñi,Enrique Díaz,Aníbal Troilo; Juan Miguel Rodriguez; Eduardo Marino; Astor Piazzolla; Marcos Troilo ,David Díaz; Reynaldo Nichele; Hugo Baralis;  Pedro Sapochnik,84188-1,39812 B
Aníbal Troilo,Aníbal Troilo y su orquesta Típica,12/14/1942,Por Las Calles De La Vida,,Tango,Francisco Fiorentino,Víctor,78rpm,Enrique Cadícamo,Enrique Cadícamo,,41-43 / Goñi (Post-Malena),Orlando Goñi,Enrique Díaz,Aníbal Troilo; Juan Miguel Rodriguez; Eduardo Marino; Astor Piazzolla; Marcos Troilo ,David Díaz; Reynaldo Nichele; Hugo Baralis;  Pedro Sapochnik,84192-1,39848 B
Aníbal Troilo,Aníbal Troilo y su orquesta Típica,12/29/1942,Buenos Aires,,Tango,Francisco Fiorentino,Víctor,78rpm,Manuel Jovés,Manuel Romero,,41-43 / Goñi (Post-Malena),Orlando Goñi,Enrique Díaz,Aníbal Troilo; Juan Miguel Rodriguez; Eduardo Marino; Astor Piazzolla; Marcos Troilo ,David Díaz; Reynaldo Nichele; Hugo Baralis;  Pedro Sapochnik; Alfredo Citro (cello),84217-1,39848 A
Aníbal Troilo,Aníbal Troilo y su orquesta Típica,3/11/1943,Corazón No Le Hagas Caso,,Tango,Francisco Fiorentino,Víctor,78rpm,Armando Pontier,Carlos Bahr,,41-43 / Goñi (Post-Malena),Orlando Goñi,Enrique Díaz,Aníbal Troilo; Juan Miguel Rodriguez; Eduardo Marino; Astor Piazzolla; Marcos Troilo ,David Díaz; Reynaldo Nichele; Hugo Baralis;  Pedro Sapochnik; Alfredo Citro (cello),BAVE-084250,Victor (Argentina) 60-0017 B
Aníbal Troilo,Aníbal Troilo y su orquesta Típica,3/11/1943,Margarita Gauthier,,Tango,Francisco Fiorentino,Víctor,78rpm,Joaquín Mora,Julio Nelson,,41-43 / Goñi (Post-Malena),Orlando Goñi,Enrique Díaz,Aníbal Troilo; Juan Miguel Rodriguez; Eduardo Marino; Astor Piazzolla; Marcos Troilo ,David Díaz; Reynaldo Nichele; Hugo Baralis;  Pedro Sapochnik; Alfredo Citro (cello),BAVE-084251,Victor (Argentina) 60-0017 A
Aníbal Troilo,Aníbal Troilo y su orquesta Típica,3/25/1943,Percal,,Tango,Francisco Fiorentino,Víctor,78rpm,Domingo Federico,Homero Expósito,,41-43 / Goñi (Post-Malena),Orlando Goñi,Enrique Díaz,Aníbal Troilo; Juan Miguel Rodriguez; Eduardo Marino; Astor Piazzolla; Marcos Troilo ,David Díaz; Reynaldo Nichele; Hugo Baralis;  Pedro Sapochnik; Alfredo Citro (cello),84273-1,60-0040 A
Aníbal Troilo,Aníbal Troilo y su orquesta Típica,3/25/1943,Valsecito Amigo,,Vals,Francisco Fiorentino,Víctor,78rpm,Aníbal Troilo,José Contursi,,41-43 / Goñi (Post-Malena),Orlando Goñi,Enrique Díaz,Aníbal Troilo; Juan Miguel Rodriguez; Eduardo Marino; Astor Piazzolla; Marcos Troilo ,David Díaz; Reynaldo Nichele; Hugo Baralis;  Pedro Sapochnik; Alfredo Citro (cello),84274-1,60-0040 B
Aníbal Troilo,Aníbal Troilo y su orquesta Típica,4/5/1943,Tango Y Copas,,Tango,Alberto Marino,Víctor,78rpm,Héctor Artola,Carlos Bahr,Héctor Artola,41-43 / Goñi (Post-Malena),Orlando Goñi,Enrique Díaz,Aníbal Troilo; Juan Miguel Rodriguez; Eduardo Marino; Astor Piazzolla; Marcos Troilo ,David Díaz; Reynaldo Nichele; Hugo Baralis;  Pedro Sapochnik; Alfredo Citro (cello),84289-1,60-0035 B
Aníbal Troilo,Aníbal Troilo y su orquesta Típica,4/5/1943,Cada Vez Que Me Recuerdes,,Tango,Francisco Fiorentino,Víctor,78rpm,Mariano Mores,José Contursi,,41-43 / Goñi (Post-Malena),Orlando Goñi,Enrique Díaz,Aníbal Troilo; Juan Miguel Rodriguez; Eduardo Marino; Astor Piazzolla; Marcos Troilo ,David Díaz; Reynaldo Nichele; Hugo Baralis;  Pedro Sapochnik; Alfredo Citro (cello),84290-1,60-0035 A
Aníbal Troilo,Aníbal Troilo y su orquesta Típica,4/27/1943,Cuando Tallan Los Recuerdos,,Tango,Alberto Marino,Víctor,78rpm,Rafael Rossi,Enrique Cadícamo,,41-43 / Goñi (Post-Malena),Orlando Goñi,Enrique Díaz,Aníbal Troilo; Juan Miguel Rodriguez; Eduardo Marino; Astor Piazzolla; Marcos Troilo ,David Díaz; Reynaldo Nichele; Hugo Baralis;  Pedro Sapochnik; Alfredo Citro (cello),84315-1,60-0064 B
Aníbal Troilo,Aníbal Troilo y su orquesta Típica,4/27/1943,Soy Del 90',,Tango,Francisco Fiorentino,Víctor,78rpm,Tito Ribero,Carlos Waiss,,41-43 / Goñi (Post-Malena),Orlando Goñi,Enrique Díaz,Aníbal Troilo; Juan Miguel Rodriguez; Eduardo Marino; Astor Piazzolla; Marcos Troilo ,David Díaz; Reynaldo Nichele; Hugo Baralis;  Pedro Sapochnik; Alfredo Citro (cello),84316-1,60-0064 A
Aníbal Troilo,Aníbal Troilo y su orquesta Típica,5/2/1943,Soy Un Porteño,,Milonga,Francisco Fiorentino,Víctor,78rpm,José Razzano,Celedonio Flores,,41-43 / Goñi (Post-Malena),Orlando Goñi,Enrique Díaz,Aníbal Troilo; Juan Miguel Rodriguez; Eduardo Marino; Astor Piazzolla; Marcos Troilo ,David Díaz; Reynaldo Nichele; Hugo Baralis;  Pedro Sapochnik; Alfredo Citro (cello),84392,60-0104
Aníbal Troilo,Aníbal Troilo y su orquesta Típica,5/3/1943,Ropa Blanca,,Milonga,Alberto Marino,Víctor,78rpm,Alfredo Malerba,Homero Manzi,,41-43 / Goñi (Post-Malena),Orlando Goñi,Enrique Díaz,Aníbal Troilo; Juan Miguel Rodriguez; Eduardo Marino; Astor Piazzolla; Marcos Troilo ,David Díaz; Reynaldo Nichele; Hugo Baralis;  Pedro Sapochnik; Alfredo Citro (cello),84324-1,60-0067 A
Aníbal Troilo,Aníbal Troilo y su orquesta Típica,5/3/1943,Inspiración,,Tango,Instrumental,Víctor,78rpm,Peregrino Paulos,Luis Rubistein, Astor Piazzolla,41-43 / Goñi (Post-Malena),Orlando Goñi,Enrique Díaz,Aníbal Troilo; Juan Miguel Rodriguez; Eduardo Marino; Astor Piazzolla; Marcos Troilo ,David Díaz; Reynaldo Nichele; Hugo Baralis;  Pedro Sapochnik; Alfredo Citro (cello),84323-1,60-0067 B
Aníbal Troilo,Aníbal Troilo y su orquesta Típica,6/2/1943,Farolito De Papel,,Tango,Alberto Marino,Víctor,78rpm,Mario Lespés; Teófilo Lespés,Francisco Jiménez,Astor Piazzolla,41-43 / Goñi (Post-Malena),Orlando Goñi,Enrique Díaz,Aníbal Troilo; Juan Miguel Rodriguez; Eduardo Marino; Astor Piazzolla; Marcos Troilo ,David Díaz; Reynaldo Nichele; Hugo Baralis;  Pedro Sapochnik; Alfredo Citro (cello),84394-1,60-0122 B
Aníbal Troilo,Aníbal Troilo y su orquesta Típica,6/2/1943,De Barro,,Tango,Francisco Fiorentino,Víctor,78rpm,Sebastián Piana,Homero Manzi,,41-43 / Goñi (Post-Malena),Orlando Goñi,Enrique Díaz,Aníbal Troilo; Juan Miguel Rodriguez; Eduardo Marino; Astor Piazzolla; Marcos Troilo ,David Díaz; Reynaldo Nichele; Hugo Baralis;  Pedro Sapochnik; Alfredo Citro (cello),84393-1,60-0104 A
Aníbal Troilo,Aníbal Troilo y su orquesta Típica,6/30/1943,Uno,,Tango,Alberto Marino,Víctor,78rpm,Mariano Mores,Enrique Discepolo,Astor Piazzolla,41-43 / Goñi (Post-Malena),Orlando Goñi,Enrique Díaz,Aníbal Troilo; Juan Miguel Rodriguez; Eduardo Marino; Astor Piazzolla; Marcos Troilo ,David Díaz; Reynaldo Nichele; Hugo Baralis;  Pedro Sapochnik; Alfredo Citro (cello),BAVE-077037,Victor (Argentina) 60-0122 A
Aníbal Troilo,Aníbal Troilo y su orquesta Típica,8/4/1943,Tal Vez Será Su Voz,,Tango,Alberto Marino,Víctor,78rpm,Lucio Demare,Homero Manzi,,41-43 / Goñi (Post-Malena),Orlando Goñi,Enrique Díaz,Aníbal Troilo; Juan Miguel Rodriguez; Eduardo Marino; Astor Piazzolla; Marcos Troilo ,David Díaz; Reynaldo Nichele; Hugo Baralis;  Pedro Sapochnik; Alfredo Citro (cello),BAVE-077122,Victor (Argentina) 60-0219 A
Aníbal Troilo,Aníbal Troilo y su orquesta Típica,8/4/1943,Soñar Y Nada Mas,,Vals,Fiorentino / Mandarino,Víctor,78rpm,Aníbal Troilo,Enrique Cadícamo,,41-43 / Goñi (Post-Malena),Orlando Goñi,Enrique Díaz,Aníbal Troilo; Juan Miguel Rodriguez; Eduardo Marino; Astor Piazzolla; Marcos Troilo ,David Díaz; Reynaldo Nichele; Hugo Baralis;  Pedro Sapochnik; Alfredo Citro (cello),77121-1,60-0149 B
Aníbal Troilo,Aníbal Troilo y su orquesta Típica,8/4/1943,Garúa,,Tango,Francisco Fiorentino,Víctor,78rpm,Aníbal Troilo,Enrique Cadícamo,Argentino Galván,41-43 / Goñi (Post-Malena),Orlando Goñi,Enrique Díaz,Aníbal Troilo; Juan Miguel Rodriguez; Eduardo Marino; Astor Piazzolla; Marcos Troilo ,David Díaz; Reynaldo Nichele; Hugo Baralis;  Pedro Sapochnik; Alfredo Citro (cello),77123-1,60-0149 A
Aníbal Troilo,Aníbal Troilo y su orquesta Típica,8/4/1943,El Distinguido Ciudadano,,Tango,Instrumental,Víctor,78rpm,Peregrino Paulos,,Astor Piazzolla,41-43 / Goñi (Post-Malena),Orlando Goñi,Enrique Díaz,Aníbal Troilo; Juan Miguel Rodriguez; Eduardo Marino; Astor Piazzolla; Marcos Troilo ,David Díaz; Reynaldo Nichele; Hugo Baralis;  Pedro Sapochnik; Alfredo Citro (cello),BAVE-077124,Victor (Argentina) 60-0189 B
Aníbal Troilo,Aníbal Troilo y su orquesta Típica,9/30/1943,Cantando Se Van Las Penas,,Tango,Alberto Marino,Víctor,78rpm,Juan Canaro,Ricardo Duggan,,43-47 / Basso ,José Basso,Enrique Díaz,Aníbal Troilo; Juan Miguel Rodriguez; Eduardo Marino; Astor Piazzolla; Marcos Troilo ,David Díaz; Reynaldo Nichele; Juan Alzina;  Alfredo Citro (cello),77268-1,60-0226 B
Aníbal Troilo,Aníbal Troilo y su orquesta Típica,9/30/1943,Farol,,Tango,Francisco Fiorentino,Víctor,78rpm,Virgilio Expósito,Homero Expósito,Héctor Artola,43-47 / Basso ,José Basso,Enrique Díaz,Aníbal Troilo; Juan Miguel Rodriguez; Eduardo Marino; Astor Piazzolla; Marcos Troilo ,David Díaz; Reynaldo Nichele; Juan Alzina;  Alfredo Citro (cello),77269-1,60-0226 A
Aníbal Troilo,Aníbal Troilo y su orquesta Típica,10/20/1943,Uruguaya,,Vals,Fiorentino / Mandarino,Víctor,78rpm,Francisco Polonio,Juan Velich,,43-47 / Basso ,José Basso,Enrique Díaz,Aníbal Troilo; Juan Miguel Rodriguez; Eduardo Marino; Astor Piazzolla; Marcos Troilo ,David Díaz; Reynaldo Nichele; Juan Alzina;  Alfredo Citro (cello),77309-1,60-0246 B
Aníbal Troilo,Aníbal Troilo y su orquesta Típica,10/20/1943,Gime El Viento,,Tango,Francisco Fiorentino,Víctor,78rpm,Atilio Bruni,Oscar Rubens,Héctor Artola,43-47 / Basso ,José Basso,Enrique Díaz,Aníbal Troilo; Juan Miguel Rodriguez; Eduardo Marino; Astor Piazzolla; Marcos Troilo ,David Díaz; Reynaldo Nichele; Juan Alzina;  Alfredo Citro (cello),77310-1,60-0246 A
Aníbal Troilo,Aníbal Troilo y su orquesta Típica,10/20/1943,Pablo,,Tango,Instrumental,Víctor,78rpm,José Martínez,,,43-47 / Basso ,José Basso,Enrique Díaz,Aníbal Troilo; Juan Miguel Rodriguez; Eduardo Marino; Astor Piazzolla; Marcos Troilo ,David Díaz; Reynaldo Nichele; Juan Alzina;  Alfredo Citro (cello),77311-1,60-0325 B
Aníbal Troilo,Aníbal Troilo y su orquesta Típica,11/5/1943,El Barrio Del Tambor,,Milonga,Alberto Marino,Víctor,78rpm,Antonio Bonavena,Antonio Bonavena,,43-47 / Basso ,José Basso,Enrique Díaz,Aníbal Troilo; Juan Miguel Rodriguez; Eduardo Marino; Astor Piazzolla; Marcos Troilo ,David Díaz; Reynaldo Nichele; Juan Alzina;  Alfredo Citro (cello),77358-1,60-0251 B
Aníbal Troilo,Aníbal Troilo y su orquesta Típica,11/5/1943,Sosiego En La Noche,,Tango,Francisco Fiorentino,Víctor,78rpm,Roberto Garza,Carlos Bahr,,43-47 / Basso ,José Basso,Enrique Díaz,Aníbal Troilo; Juan Miguel Rodriguez; Eduardo Marino; Astor Piazzolla; Marcos Troilo ,David Díaz; Reynaldo Nichele; Juan Alzina;  Alfredo Citro (cello),77359-1,60-0251 A
Aníbal Troilo,Aníbal Troilo y su orquesta Típica,11/5/1943,A Bailar,,Tango,Francisco Fiorentino,Víctor,78rpm,Domingo Federico,Homero Expósito,Héctor Artola,43-47 / Basso ,José Basso,Enrique Díaz,Aníbal Troilo; Juan Miguel Rodriguez; Eduardo Marino; Astor Piazzolla; Marcos Troilo ,David Díaz; Reynaldo Nichele; Juan Alzina;  Alfredo Citro (cello),77360-1,60-0271 B
Aníbal Troilo,Aníbal Troilo y su orquesta Típica,11/5/1943,La Cumparsita,,Tango,Instrumental,Víctor,78rpm,Gerardo Rodriguez,Gerardo Rodriguez,Astor Piazzolla,43-47 / Basso ,José Basso,Enrique Díaz,Aníbal Troilo; Juan Miguel Rodriguez; Eduardo Marino; Astor Piazzolla; Marcos Troilo ,David Díaz; Reynaldo Nichele; Juan Alzina;  Alfredo Citro (cello),BAVE-077361,Victor (Argentina) 60-0271 A
Aníbal Troilo,Aníbal Troilo y su orquesta Típica,12/17/1943,La Luz De Un Fósforo,,Tango,Alberto Marino,Víctor,78rpm,Alberto Villanueva,Enrique Cadícamo,Astor Piazzolla,43-47 / Basso ,José Basso,Enrique Díaz,Aníbal Troilo; Juan Miguel Rodriguez; Eduardo Marino; Astor Piazzolla; Marcos Troilo ,David Díaz; Reynaldo Nichele; Juan Alzina;  Alfredo Citro (cello),77476-1,60-0325 A
Aníbal Troilo,Aníbal Troilo y su orquesta Típica,12/17/1943,Orquesta De Mi Ciudad,,Tango,Francisco Fiorentino,Víctor,78rpm,Francisco Fiorentino,Avlis Cabrera),,43-47 / Basso ,José Basso,Enrique Díaz,Aníbal Troilo; Juan Miguel Rodriguez; Eduardo Marino; Astor Piazzolla; Marcos Troilo ,David Díaz; Reynaldo Nichele; Juan Alzina;  Alfredo Citro (cello),77475-1,60-0317 B
Aníbal Troilo,Aníbal Troilo y su orquesta Típica,12/17/1943,Cada Dia Te Extraño Mas,,Tango,Francisco Fiorentino,Víctor,78rpm,Armando Pontier,Carlos Bahr,Héctor Artola,43-47 / Basso ,José Basso,Enrique Díaz,Aníbal Troilo; Juan Miguel Rodriguez; Eduardo Marino; Astor Piazzolla; Marcos Troilo ,David Díaz; Reynaldo Nichele; Juan Alzina;  Alfredo Citro (cello),77474-1,60-0317 A
Aníbal Troilo,Aníbal Troilo y su orquesta Típica,3/3/1944,Después,,Tango,Alberto Marino,Víctor,78rpm,Hugo Gutiérrez,Homero Manzi,,43-47 / Basso ,José Basso,Enrique Díaz,Aníbal Troilo; Juan Miguel Rodriguez; Eduardo Marino; Astor Piazzolla; Marcos Troilo ,David Díaz; Reynaldo Nichele; Juan Alzina;  Alfredo Citro (cello),BAVE-079533,Victor (Argentina) 60-0371 A
Aníbal Troilo,Aníbal Troilo y su orquesta Típica,3/3/1944,Chiqué,,Tango,Instrumental,Víctor,78rpm,Ricardo Brignolo,,Astor Piazzolla,43-47 / Basso ,José Basso,Enrique Díaz,Aníbal Troilo; Juan Miguel Rodriguez; Eduardo Marino; Astor Piazzolla; Marcos Troilo ,David Díaz; Reynaldo Nichele; Juan Alzina;  Alfredo Citro (cello),79534-1,60-0371 B
Aníbal Troilo,Aníbal Troilo y su orquesta Típica,3/30/1944,Sombras Nada Más,,Tango,Alberto Marino,Víctor,78rpm,Francisco Lomuto,José Contursi,,43-47 / Basso ,José Basso,Enrique Díaz,Aníbal Troilo; Juan Miguel Rodriguez; Eduardo Marino; Astor Piazzolla; Marcos Troilo ,David Díaz; Reynaldo Nichele; Juan Alzina;  Alfredo Citro (cello),79600-1,60-0400 A
Aníbal Troilo,Aníbal Troilo y su orquesta Típica,3/30/1944,El Desafió,,Milonga,Fiorentino / Mandarino,Víctor,78rpm,René Ruiz,Charrúa Márquez),,43-47 / Basso ,José Basso,Enrique Díaz,Aníbal Troilo; Juan Miguel Rodriguez; Eduardo Marino; Astor Piazzolla; Marcos Troilo ,David Díaz; Reynaldo Nichele; Juan Alzina;  Alfredo Citro (cello),79597-1,60-0406 A
Aníbal Troilo,Aníbal Troilo y su orquesta Típica,3/30/1944,Tabaco,,Tango,Francisco Fiorentino,Víctor,78rpm,Armando Pontier,José Contursi,,43-47 / Basso ,José Basso,Enrique Díaz,Aníbal Troilo; Juan Miguel Rodriguez; Eduardo Marino; Astor Piazzolla; Marcos Troilo ,David Díaz; Reynaldo Nichele; Juan Alzina;  Alfredo Citro (cello),79596-1,60-0400 B
Aníbal Troilo,Aníbal Troilo y su orquesta Típica,3/30/1944,Temblando,,Vals,Francisco Fiorentino,Víctor,78rpm,Alberto Acuña,Gualberto Márquez,,43-47 / Basso ,José Basso,Enrique Díaz,Aníbal Troilo; Juan Miguel Rodriguez; Eduardo Marino; Astor Piazzolla; Marcos Troilo ,David Díaz; Reynaldo Nichele; Juan Alzina;  Alfredo Citro (cello),79598-1,60-0416 B
Aníbal Troilo,Aníbal Troilo y su orquesta Típica,3/30/1944,Bien Porteño,,Tango,Instrumental,Víctor,78rpm,Gregorio Suriff; Alberto Barbera,,Astor Piazzolla,43-47 / Basso ,José Basso,Enrique Díaz,Aníbal Troilo; Juan Miguel Rodriguez; Eduardo Marino; Astor Piazzolla; Marcos Troilo ,David Díaz; Reynaldo Nichele; Juan Alzina;  Alfredo Citro (cello),79599-1,60-0406 B
Aníbal Troilo,Aníbal Troilo y su orquesta Típica,4/11/1944,Tres Amigos,,Tango,Alberto Marino,Víctor,78rpm,Enrique Cadícamo,Enrique Cadícamo,,43-47 / Basso ,José Basso,Enrique Díaz,Aníbal Troilo; Juan Miguel Rodriguez; Eduardo Marino; Astor Piazzolla; Marcos Troilo ,David Díaz; Reynaldo Nichele; Juan Alzina;  Alfredo Citro (cello),79621-1,60-0416 A
Aníbal Troilo,Aníbal Troilo y su orquesta Típica,4/11/1944,Piropos,,Tango,Instrumental,Víctor,78rpm,Juan Cobián,Enrique Cadícamo,Argentino Galván,43-47 / Basso ,José Basso,Enrique Díaz,Aníbal Troilo; Juan Miguel Rodriguez; Eduardo Marino; Astor Piazzolla; Marcos Troilo ,David Díaz; Reynaldo Nichele; Juan Alzina;  Alfredo Citro (cello),79620-1,60-0479 B
Aníbal Troilo,Aníbal Troilo y su orquesta Típica,6/7/1944,Siga El Corso,,Tango,Alberto Marino,Víctor,78rpm,Anselmo Aieta,Francisco Jiménez,,43-47 / Basso ,José Basso,Enrique Díaz,Aníbal Troilo; Juan Miguel Rodriguez; Eduardo Marino; Astor Piazzolla; Marcos Troilo ,David Díaz; Reynaldo Nichele; Juan Alzina;  Alfredo Citro (cello),79726-1,60-0462 B
Aníbal Troilo,Aníbal Troilo y su orquesta Típica,6/7/1944,Cristal,,Tango,Alberto Marino,Víctor,78rpm,Mariano Mores,José Contursi,,43-47 / Basso ,José Basso,Enrique Díaz,Aníbal Troilo; Juan Miguel Rodriguez; Eduardo Marino; Astor Piazzolla; Marcos Troilo ,David Díaz; Reynaldo Nichele; Juan Alzina;  Alfredo Citro (cello),79727-1,60-0462 A
Aníbal Troilo,Aníbal Troilo y su orquesta Típica,6/27/1944,Naipe,,Tango,Alberto Marino,Víctor,78rpm,Aníbal Troilo,Enrique Cadícamo,,43-47 / Basso ,José Basso,Enrique Díaz,Aníbal Troilo; Juan Miguel Rodriguez; Eduardo Marino; Astor Piazzolla; Marcos Troilo ,David Díaz; Reynaldo Nichele; Juan Alzina;  Alfredo Citro (cello),79746-1,60-0494 A
Aníbal Troilo,Aníbal Troilo y su orquesta Típica,6/27/1944,La Vi Llegar,,Tango,Alberto Marino,Víctor,78rpm,Enrique Francini,Julián Centeya,,43-47 / Basso ,José Basso,Enrique Díaz,Aníbal Troilo; Juan Miguel Rodriguez; Eduardo Marino; Astor Piazzolla; Marcos Troilo ,David Díaz; Reynaldo Nichele; Juan Alzina;  Alfredo Citro (cello),79747-2,60-0479 A
Aníbal Troilo,Aníbal Troilo y su orquesta Típica,6/27/1944,El Entrerriano,,Tango,Instrumental,Víctor,78rpm,Rosendo Mendizabal,Homero Exposito,Astor Piazzolla,43-47 / Basso ,José Basso,Enrique Díaz,Aníbal Troilo; Juan Miguel Rodriguez; Eduardo Marino; Astor Piazzolla; Marcos Troilo ,David Díaz; Reynaldo Nichele; Juan Alzina;  Alfredo Citro (cello),79748-1,60-0494 B
Aníbal Troilo,Aníbal Troilo y su orquesta Típica,8/1/1944,Rosa De Tango,,Tango,Alberto Marino,Víctor,78rpm,Luis Rubistein,Luis Rubistein,,43-47 / Basso ,José Basso,Enrique Díaz,Aníbal Troilo; Juan Miguel Rodriguez; Alberto García; Eduardo Marino; Marcos Troilo ,David Díaz; Reynaldo Nichele; Juan Alzina;  Alfredo Citro (cello),BAVE-079795,Victor (Argentina) 60-0519 A
Aníbal Troilo,Aníbal Troilo y su orquesta Típica,8/1/1944,Me Están Sobrando Las Penas,,Tango,Alberto Marino,Víctor,78rpm,José Basso; Argentino Galván,Carlos Bahr,Argentino Galván,43-47 / Basso ,José Basso,Enrique Díaz,Aníbal Troilo; Juan Miguel Rodriguez; Alberto García; Eduardo Marino; Marcos Troilo ,David Díaz; Reynaldo Nichele; Juan Alzina;  Alfredo Citro (cello),79796-1,60-0519 B
Aníbal Troilo,Aníbal Troilo y su orquesta Típica,8/31/1944,Alhucema,,Tango,Alberto Marino,Víctor,78rpm,Francisco Pracánico,Horacio Sanguinetti,,43-47 / Basso ,José Basso,Enrique Díaz,Aníbal Troilo; Juan Miguel Rodriguez; Alberto García; Eduardo Marino; Marcos Troilo ,David Díaz; Reynaldo Nichele; Juan Alzina;  Alfredo Citro (cello),BAVE-079833,Victor (Argentina) 60-0542 A
Aníbal Troilo,Aníbal Troilo y su orquesta Típica,8/31/1944,Nada Mas Que Un Corazón,,Tango,Alberto Marino,Víctor,78rpm,Manuel Sucher,Carlos Bahr,,43-47 / Basso ,José Basso,Enrique Díaz,Aníbal Troilo; Juan Miguel Rodriguez; Alberto García; Eduardo Marino; Marcos Troilo ,David Díaz; Reynaldo Nichele; Juan Alzina;  Alfredo Citro (cello),BAVE-079834,Victor (Argentina) 60-0542 B
Aníbal Troilo,Aníbal Troilo y su orquesta Típica,9/27/1944,Con Permiso,,Milonga,Alberto Marino,Víctor,78rpm,Alberto Mastra,Alberto Mastra,,43-47 / Basso ,José Basso,Enrique Díaz,Aníbal Troilo; Juan Miguel Rodriguez; Alberto García; Eduardo Marino; Marcos Troilo ,David Díaz; Reynaldo Nichele; Juan Alzina;  Alfredo Citro (cello),79870-1,60-0560 B
Aníbal Troilo,Aníbal Troilo y su orquesta Típica,9/27/1944,Quejas De Bandoneón,,Tango,Instrumental,Víctor,78rpm,Juan Filiberto,,Astor Piazzolla,43-47 / Basso ,José Basso,Enrique Díaz,Aníbal Troilo; Juan Miguel Rodriguez; Alberto García; Eduardo Marino; Marcos Troilo ,David Díaz; Reynaldo Nichele; Juan Alzina;  Alfredo Citro (cello),79871-1,60-0560 A
Aníbal Troilo,Aníbal Troilo y su orquesta Típica,10/6/1944,Torrente,,Tango,Alberto Marino,Víctor,78rpm,Hugo Gutiérrez,Homero Manzi,,43-47 / Basso ,José Basso,Enrique Díaz,Aníbal Troilo; Juan Miguel Rodriguez; Alberto García; Eduardo Marino; Marcos Troilo ,David Díaz; Reynaldo Nichele; Juan Alzina;  Alfredo Citro (cello),79888-1,60-0554 A
Aníbal Troilo,Aníbal Troilo y su orquesta Típica,10/6/1944,Marioneta,,Tango,Floreal Ruiz,Víctor,78rpm,Juan Guichandut,Armando Tagini,Argentino Galván,43-47 / Basso ,José Basso,Enrique Díaz,Aníbal Troilo; Juan Miguel Rodriguez; Alberto García; Eduardo Marino; Marcos Troilo ,David Díaz; Reynaldo Nichele; Juan Alzina;  Alfredo Citro (cello),BAVE-079889,Victor (Argentina) 60-0554 B
Aníbal Troilo,Aníbal Troilo y su orquesta Típica,11/23/1944,Naranjo En Flor,,Tango,Floreal Ruiz,Víctor,78rpm,Virgilio Expósito,Homero Expósito,Argentino Galván,43-47 / Basso ,José Basso,Enrique Díaz,Aníbal Troilo; Juan Miguel Rodriguez; Alberto García; Eduardo Marino; Marcos Troilo ,David Díaz; Reynaldo Nichele; Juan Alzina;  Alfredo Citro (cello),79946-1,60-0588 A
Aníbal Troilo,Aníbal Troilo y su orquesta Típica,11/23/1944,Palomita Blanca,,Vals,Marino / Ruiz,Víctor,78rpm,Anselmo Aieta,Francisco Jiménez,Argentino Galván,43-47 / Basso ,José Basso,Enrique Díaz,Aníbal Troilo; Juan Miguel Rodriguez; Alberto García; Eduardo Marino; Marcos Troilo ,David Díaz; Reynaldo Nichele; Juan Alzina;  Alfredo Citro (cello),79947-1,60-0588 B
Aníbal Troilo,Aníbal Troilo y su orquesta Típica,12/19/1944,"Copas, Amigas Y Besos",,Tango,Alberto Marino,Víctor,78rpm,Mariano Mores,Enrique Cadícamo,Astor Piazzolla,43-47 / Basso ,José Basso,Enrique Díaz,Aníbal Troilo; Juan Miguel Rodriguez; Alberto García; Eduardo Marino; Marcos Troilo ,David Díaz; Reynaldo Nichele; Juan Alzina;  Alfredo Citro (cello),79990-1,60-0606 A
Aníbal Troilo,Aníbal Troilo y su orquesta Típica,12/19/1944,Café De Los Angelitos,,Tango,Alberto Marino,Víctor,78rpm,José Razzano; Cátulo Castillo,José Castillo,Héctor Artola,43-47 / Basso ,José Basso,Enrique Díaz,Aníbal Troilo; Juan Miguel Rodriguez; Alberto García; Eduardo Marino; Marcos Troilo ,David Díaz; Reynaldo Nichele; Juan Alzina;  Alfredo Citro (cello),79992-1,60-0633 B
Aníbal Troilo,Aníbal Troilo y su orquesta Típica,12/19/1944,Luna Llena,,Tango,Floreal Ruiz,Víctor,78rpm,Mario Perini,Cátulo Castillo,Héctor Artola,43-47 / Basso ,José Basso,Enrique Díaz,Aníbal Troilo; Juan Miguel Rodriguez; Alberto García; Eduardo Marino; Marcos Troilo ,David Díaz; Reynaldo Nichele; Juan Alzina;  Alfredo Citro (cello),BAVE-079993,Victor (Argentina) 60-0633 A
Aníbal Troilo,Aníbal Troilo y su orquesta Típica,12/19/1944,Milonga En Rojo,,Milonga,Marino / Ruiz,Víctor,78rpm,Lucio Demare; Roberto Fugazot,José Castillo,,43-47 / Basso ,José Basso,Enrique Díaz,Aníbal Troilo; Juan Miguel Rodriguez; Alberto García; Eduardo Marino; Marcos Troilo ,David Díaz; Reynaldo Nichele; Juan Alzina;  Alfredo Citro (cello),79991-1,60-0606 B
Aníbal Troilo,Aníbal Troilo y su orquesta Típica,2/28/1945,Garras,,Tango,Alberto Marino,Víctor,78rpm,Aníbal Troilo,José Contursi,Héctor Artola,43-47 / Basso ,José Basso,Enrique Díaz,Aníbal Troilo; Juan Miguel Rodriguez; Alberto García; Eduardo Marino; Marcos Troilo ,David Díaz; Reynaldo Nichele; Juan Alzina;  Alfredo Citro (cello),80565-1,60-0648 A
Aníbal Troilo,Aníbal Troilo y su orquesta Típica,2/28/1945,Yuyo Verde,,Tango,Floreal Ruiz,Víctor,78rpm,Domingo Federico,Homero Expósito,Héctor Artola,43-47 / Basso ,José Basso,Enrique Díaz,Aníbal Troilo; Juan Miguel Rodriguez; Alberto García; Eduardo Marino; Marcos Troilo ,David Díaz; Reynaldo Nichele; Juan Alzina;  Alfredo Citro (cello),80566-1,60-0648 B
Aníbal Troilo,Aníbal Troilo y su orquesta Típica,3/27/1945,Ya Estamos Iguales,,Tango,Alberto Marino,Víctor,78rpm,Anselmo Aieta,Francisco Jiménez,,43-47 / Basso ,José Basso,Enrique Díaz,Aníbal Troilo; Juan Miguel Rodriguez; Alberto García; Eduardo Marino; Marcos Troilo ,David Díaz; Reynaldo Nichele; Juan Alzina;  Alfredo Citro (cello),80594-1,60-0674 A
Aníbal Troilo,Aníbal Troilo y su orquesta Típica,3/27/1945,Me Quede Mirándola,,Tango,Alberto Marino,Víctor,78rpm,Vicente Spina,Roberto Miró,Héctor Artola,43-47 / Basso ,José Basso,Enrique Díaz,Aníbal Troilo; Juan Miguel Rodriguez; Alberto García; Eduardo Marino; Marcos Troilo ,David Díaz; Reynaldo Nichele; Juan Alzina;  Alfredo Citro (cello),BAVE-080596,Victor (Argentina) 60-0660 A
Aníbal Troilo,Aníbal Troilo y su orquesta Típica,3/27/1945,Equipaje,,Tango,Floreal Ruiz,Víctor,78rpm,Héctor Artola,Carlos Bahr,Héctor Artola,43-47 / Basso ,José Basso,Enrique Díaz,Aníbal Troilo; Juan Miguel Rodriguez; Alberto García; Eduardo Marino; Marcos Troilo ,David Díaz; Reynaldo Nichele; Juan Alzina;  Alfredo Citro (cello),BAVE-080593,Victor (Argentina) 60-0660 B
Aníbal Troilo,Aníbal Troilo y su orquesta Típica,3/27/1945,La Embriaguez Del Tango,,Tango,Floreal Ruiz,Víctor,78rpm,Adolfo Avilés,Enrique Maroni,Héctor Artola,43-47 / Basso ,José Basso,Enrique Díaz,Aníbal Troilo; Juan Miguel Rodriguez; Alberto García; Eduardo Marino; Marcos Troilo ,David Díaz; Reynaldo Nichele; Juan Alzina;  Alfredo Citro (cello),80595-1,60-0674 B
Aníbal Troilo,Aníbal Troilo y su orquesta Típica,5/29/1945,Juan Tango,,Tango,Floreal Ruiz,Víctor,78rpm,Pedro Maffia; Sebastián Piana,Cátulo Castillo,Héctor Artola,43-47 / Basso ,José Basso,Enrique Díaz,Aníbal Troilo; Juan Miguel Rodriguez; Alberto García; Eduardo Marino; Marcos Troilo ,David Díaz; Reynaldo Nichele; Juan Alzina;  Alfredo Citro (cello),80665-1,60-0695 A
Aníbal Troilo,Aníbal Troilo y su orquesta Típica,5/29/1945,Fuegos Artificiales,,Tango,Instrumental,Víctor,78rpm,Roberto Arolas,,,43-47 / Basso ,José Basso,Enrique Díaz,Aníbal Troilo; Juan Miguel Rodriguez; Alberto García; Eduardo Marino; Marcos Troilo ,David Díaz; Reynaldo Nichele; Juan Alzina;  Alfredo Citro (cello),80664-1,60-0695 B
Aníbal Troilo,Aníbal Troilo y su orquesta Típica,6/5/1945,La Noche Que Te Fuiste,,Tango,Floreal Ruiz,Víctor,78rpm,Osmar Maderna,José Contursi,,43-47 / Basso ,José Basso,Enrique Díaz,Aníbal Troilo; Juan Miguel Rodriguez; Alberto García; Eduardo Marino; Marcos Troilo ,David Díaz; Reynaldo Nichele; Juan Alzina;  Pedro Sapochnik; Alfredo Citro (cello),BAVE-080678,Victor (Argentina) 60-0717 A
Aníbal Troilo,Aníbal Troilo y su orquesta Típica,6/5/1945,Cimarrón De Ausencia,,Milonga,Marino / Ruiz,Víctor,78rpm,Juan Larenza,Marsilio Robles,,43-47 / Basso ,José Basso,Enrique Díaz,Aníbal Troilo; Juan Miguel Rodriguez; Alberto García; Eduardo Marino; Marcos Troilo ,David Díaz; Reynaldo Nichele; Juan Alzina;  Pedro Sapochnik; Alfredo Citro (cello),BAVE-080679,Victor (Argentina) 60-0717 B
Aníbal Troilo,Aníbal Troilo y su orquesta Típica,6/28/1945,Cotorrita De La Suerte,,Tango,Alberto Marino,Víctor,78rpm,Alfredo Franco,José Grandis,,43-47 / Basso ,José Basso,Enrique Díaz,Aníbal Troilo; Juan Miguel Rodriguez; Alberto García; Eduardo Marino; Marcos Troilo ,David Díaz; Reynaldo Nichele; Juan Alzina;  Pedro Sapochnik; Alfredo Citro (cello),BAVE-080706,Victor (Argentina) 60-0742 B
Aníbal Troilo,Aníbal Troilo y su orquesta Típica,6/28/1945,Soledad... La De Barracas,,Tango,Alberto Marino,Víctor,78rpm,Roberto Garza,Carlos Bahr,,43-47 / Basso ,José Basso,Enrique Díaz,Aníbal Troilo; Juan Miguel Rodriguez; Alberto García; Eduardo Marino; Marcos Troilo ,David Díaz; Reynaldo Nichele; Juan Alzina;  Pedro Sapochnik; Alfredo Citro (cello),BAVE-080707,Victor (Argentina) 68-1132 A
Aníbal Troilo,Aníbal Troilo y su orquesta Típica,8/10/1945,Fruta Amarga,,Tango,Alberto Marino,Víctor,78rpm,Hugo Gutiérrez,Homero Manzi,Argentino Galván,43-47 / Basso ,José Basso,Enrique Díaz,Aníbal Troilo; Juan Miguel Rodriguez; Alberto García; Eduardo Marino; Marcos Troilo ,David Díaz; Reynaldo Nichele; Juan Alzina;  Pedro Sapochnik; Alfredo Citro (cello),80763-2,60-0762 A
Aníbal Troilo,Aníbal Troilo y su orquesta Típica,8/10/1945,"Lloraras, Llorarás",,Vals,Floreal Ruiz,Víctor,78rpm,Hugo Gutiérrez,Homero Manzi,,43-47 / Basso ,José Basso,Enrique Díaz,Aníbal Troilo; Juan Miguel Rodriguez; Alberto García; Eduardo Marino; Marcos Troilo ,David Díaz; Reynaldo Nichele; Juan Alzina;  Pedro Sapochnik; Alfredo Citro (cello),80764-1,60-0762 B
Aníbal Troilo,Aníbal Troilo y su orquesta Típica,10/9/1945,Maria,,Tango,Alberto Marino,Víctor,78rpm,Aníbal Troilo,Cátulo Castillo,Argentino Galván,43-47 / Basso ,José Basso,Enrique Díaz,Aníbal Troilo; Juan Miguel Rodriguez; Alberto García; Eduardo Marino; Marcos Troilo ,David Díaz; Reynaldo Nichele; Juan Alzina;  Pedro Sapochnik; Alfredo Citro (cello),80840-1,60-0795 A
Aníbal Troilo,Aníbal Troilo y su orquesta Típica,10/9/1945,Canción Desesperada,,Tango,Alberto Marino,Víctor,78rpm,José Basso,Carlos Bahr,,43-47 / Basso ,José Basso,Enrique Díaz,Aníbal Troilo; Juan Miguel Rodriguez; Alberto García; Eduardo Marino; Marcos Troilo ,David Díaz; Reynaldo Nichele; Juan Alzina;  Pedro Sapochnik; Alfredo Citro (cello),80842-1,60-0806 A
Aníbal Troilo,Aníbal Troilo y su orquesta Típica,10/9/1945,Amor Y Tango,,Tango,Floreal Ruiz,Víctor,78rpm,Enrique Discépolo,Enrique Discépolo,,43-47 / Basso ,José Basso,Enrique Díaz,Aníbal Troilo; Juan Miguel Rodriguez; Alberto García; Eduardo Marino; Marcos Troilo ,David Díaz; Reynaldo Nichele; Juan Alzina;  Pedro Sapochnik; Alfredo Citro (cello),80841-1,60-0795 B
Aníbal Troilo,Aníbal Troilo y su orquesta Típica,10/25/1945,Color De Rosa,,Tango,Instrumental,Víctor,78rpm,Pedro Polito; Antonio Polito,Antonio Polito,Héctor Artola,43-47 / Basso ,José Basso,Enrique Díaz,Aníbal Troilo; Juan Miguel Rodriguez; Alberto García; Eduardo Marino; Marcos Troilo ,David Díaz; Reynaldo Nichele; Juan Alzina;  Pedro Sapochnik; Alfredo Citro (cello),80860-1,60-0806 B
Aníbal Troilo,Aníbal Troilo y su orquesta Típica,11/15/1945,El Africano,,Tango,Instrumental,Víctor,78rpm,Eduardo Pereyra,Francisco Lío,Astor Piazzolla,43-47 / Basso ,José Basso,Enrique Díaz,Aníbal Troilo; Juan Miguel Rodriguez; Alberto García; Eduardo Marino; Marcos Troilo ,David Díaz; Reynaldo Nichele; Juan Alzina;  Pedro Sapochnik; Alfredo Citro (cello),80897-1,60-0825 B
Aníbal Troilo,Aníbal Troilo y su orquesta Típica,11/15/1945,Adiós Pampa Mia,,Tango,Marino / Ruiz,Víctor,78rpm,Francisco Canaro; Mariano Mores,Ivo Pelay,,43-47 / Basso ,José Basso,Enrique Díaz,Aníbal Troilo; Juan Miguel Rodriguez; Alberto García; Eduardo Marino; Marcos Troilo ,David Díaz; Reynaldo Nichele; Juan Alzina;  Pedro Sapochnik; Alfredo Citro (cello),80896-1,60-0825 A
Aníbal Troilo,Aníbal Troilo y su orquesta Típica,12/18/1945,Margo,,Tango,Alberto Marino,Víctor,78rpm,Armando Pontier,Homero Expósito,,43-47 / Basso ,José Basso,Enrique Díaz,Aníbal Troilo; Juan Miguel Rodriguez; Alberto García; Eduardo Marino; Marcos Troilo ,David Díaz; Reynaldo Nichele; Juan Alzina;  Pedro Sapochnik; Alfredo Citro (cello),BAVE-080935,Victor (Argentina) 60-0847 A
Aníbal Troilo,Aníbal Troilo y su orquesta Típica,12/18/1945,Tedio,,Tango,Alberto Marino,Víctor,78rpm,Miguel Bucino,Miguel Bucino,,43-47 / Basso ,José Basso,Enrique Díaz,Aníbal Troilo; Juan Miguel Rodriguez; Alberto García; Eduardo Marino; Marcos Troilo ,David Díaz; Reynaldo Nichele; Juan Alzina;  Pedro Sapochnik; Alfredo Citro (cello),BAVE-080936,Victor (Argentina) 60-0847 B
Aníbal Troilo,Aníbal Troilo y su orquesta Típica,1/23/1946,Príncipe,,Tango,Alberto Marino,Víctor,78rpm,Anselmo Aieta; Rafael Tuegols,Francisco Jiménez,,43-47 / Basso ,José Basso,Enrique Díaz,Aníbal Troilo; Juan Miguel Rodriguez; Alberto García; Eduardo Marino; Marcos Troilo ,David Díaz; Reynaldo Nichele; Juan Alzina; Nicolás Albero; Alfredo Citro (cello),80983-1,60-0873 B
Aníbal Troilo,Aníbal Troilo y su orquesta Típica,1/23/1946,Mis Amigos De Ayer,,Tango,Floreal Ruiz,Víctor,78rpm,Francisco Lomuto,José Contursi,,43-47 / Basso ,José Basso,Enrique Díaz,Aníbal Troilo; Juan Miguel Rodriguez; Alberto García; Eduardo Marino; Marcos Troilo ,David Díaz; Reynaldo Nichele; Juan Alzina; Nicolás Albero; Alfredo Citro (cello),80982,60-0873 A
Aníbal Troilo,Aníbal Troilo y su orquesta Típica,3/12/1946,Recuerdos De Bohemia,,Tango,Instrumental,Víctor,78rpm,Enrique Delfino,Manuel Romero,Argentino Galván,43-47 / Basso ,José Basso,Enrique Díaz,Aníbal Troilo; Juan Miguel Rodriguez; Alberto García; Eduardo Marino; Marcos Troilo ,David Díaz; Reynaldo Nichele; Juan Alzina; Nicolás Albero; Simón Zlotnik (viola); Alfredo Citro (cello),82028-1,60-0900 A
Aníbal Troilo,Aníbal Troilo y su orquesta Típica,3/22/1946,Milonga Triste,,Milonga,Alberto Marino,Víctor,78rpm,Sebastián Piana,Homero Manzi,Argentino Galván,43-47 / Basso ,José Basso,Enrique Díaz,Aníbal Troilo; Juan Miguel Rodriguez; Alberto García; Eduardo Marino; Marcos Troilo ,David Díaz; Reynaldo Nichele; Juan Alzina; Nicolás Albero; Simón Zlotnik (viola); Alfredo Citro (cello),BAVE-082040,Victor (Argentina) 60-0906 B
Aníbal Troilo,Aníbal Troilo y su orquesta Típica,4/10/1946,Fuimos,,Tango,Alberto Marino,Víctor,78rpm,José Dames,Homero Manzi,,43-47 / Basso ,José Basso,Enrique Díaz,Aníbal Troilo; Juan Miguel Rodriguez; Alberto García; Eduardo Marino; Marcos Troilo ,David Díaz; Reynaldo Nichele; Juan Alzina; Nicolás Albero; Simón Zlotnik (viola); Alfredo Citro (cello),82071-1,60-0920 A
Aníbal Troilo,Aníbal Troilo y su orquesta Típica,4/10/1946,Bienvenida,,Tango,Instrumental,Víctor,78rpm,Vicente Demarco,,,43-47 / Basso ,José Basso,Enrique Díaz,Aníbal Troilo; Juan Miguel Rodriguez; Alberto García; Eduardo Marino; Marcos Troilo ,David Díaz; Reynaldo Nichele; Juan Alzina; Nicolás Albero; Simón Zlotnik (viola); Alfredo Citro (cello),82072-1,60-0920 B
Aníbal Troilo,Aníbal Troilo y su orquesta Típica,4/22/1946,Bandita De Mi Pueblo,,Tango,Floreal Ruiz,Víctor,78rpm,Enrique Delfino,Cátulo Castillo,,43-47 / Basso ,José Basso,Enrique Díaz,Aníbal Troilo; Juan Miguel Rodriguez; Alberto García; Eduardo Marino; Marcos Troilo ,David Díaz; Reynaldo Nichele; Juan Alzina; Nicolás Albero; Simón Zlotnik (viola); Alfredo Citro (cello),82041,60-0906
Aníbal Troilo,Aníbal Troilo y su orquesta Típica,5/14/1946,Con Mi Perro,,Milonga,Alberto Marino,Víctor,78rpm,Aníbal Troilo,José Contursi,,43-47 / Basso ,José Basso,Enrique Díaz,Aníbal Troilo; Juan Miguel Rodriguez; Alberto García; Eduardo Marino; Marcos Troilo ,David Díaz; Reynaldo Nichele; Juan Alzina; Nicolás Albero; Simón Zlotnik (viola); Alfredo Citro (cello),82125-1,60-0944 A
Aníbal Troilo,Aníbal Troilo y su orquesta Típica,5/14/1946,Tres Y Dos,,Tango,Instrumental,Víctor,78rpm,Aníbal Troilo,,,43-47 / Basso ,José Basso,Enrique Díaz,Aníbal Troilo; Juan Miguel Rodriguez; Alberto García; Eduardo Marino; Marcos Troilo ,David Díaz; Reynaldo Nichele; Juan Alzina; Nicolás Albero; Simón Zlotnik (viola); Alfredo Citro (cello),82124,60-0944
Aníbal Troilo,Aníbal Troilo y su orquesta Típica,6/14/1946,En Carne Propia,,Tango,Alberto Marino,Víctor,78rpm,Manuel Sucher,Carlos Bahr,,43-47 / Basso ,José Basso,Enrique Díaz,Aníbal Troilo; Juan Miguel Rodriguez; Alberto García; Eduardo Marino; Marcos Troilo ,David Díaz; Reynaldo Nichele; Juan Alzina; Nicolás Albero; Simón Zlotnik (viola); Alfredo Citro (cello),82162-1,60-0963 A
Aníbal Troilo,Aníbal Troilo y su orquesta Típica,6/14/1946,Tarde Gris,,Tango,Floreal Ruiz,Víctor,78rpm,Juan Guido,Luis Rubistein,,43-47 / Basso ,José Basso,Enrique Díaz,Aníbal Troilo; Juan Miguel Rodriguez; Alberto García; Eduardo Marino; Marcos Troilo ,David Díaz; Reynaldo Nichele; Juan Alzina; Nicolás Albero; Simón Zlotnik (viola); Alfredo Citro (cello),BAVE-082163,Victor (Argentina) 60-0983 A
Aníbal Troilo,Aníbal Troilo y su orquesta Típica,6/14/1946,Camino Del Tucumán,,Tango,Marino / Ruiz,Víctor,78rpm,José Razzano; Cátulo Castillo,José Castillo,,43-47 / Basso ,José Basso,Enrique Díaz,Aníbal Troilo; Juan Miguel Rodriguez; Alberto García; Eduardo Marino; Marcos Troilo ,David Díaz; Reynaldo Nichele; Juan Alzina; Nicolás Albero; Simón Zlotnik (viola); Alfredo Citro (cello),82164-1,60-0963 B
Aníbal Troilo,Aníbal Troilo y su orquesta Típica,7/11/1946,Rosicler,,Tango,Alberto Marino,Víctor,78rpm,José Basso,Francisco Jiménez,José Basso,43-47 / Basso ,José Basso,Enrique Díaz,Aníbal Troilo; Juan Miguel Rodriguez; Alberto García; Eduardo Marino; Marcos Troilo ,David Díaz; Reynaldo Nichele; Juan Alzina; Nicolás Albero; Simón Zlotnik (viola); Alfredo Citro (cello),BAVE-082208,Victor (Argentina) 60-0983 B
Aníbal Troilo,Aníbal Troilo y su orquesta Típica,7/11/1946,Que Me Van Hablar De Amor,,Tango,Floreal Ruiz,Víctor,78rpm,Héctor Stamponi,Homero Expósito,Argentino Galván,43-47 / Basso ,José Basso,Enrique Díaz,Aníbal Troilo; Juan Miguel Rodriguez; Alberto García; Eduardo Marino; Marcos Troilo ,David Díaz; Reynaldo Nichele; Juan Alzina; Nicolás Albero; Simón Zlotnik (viola); Alfredo Citro (cello),82209-1,60-0984 A
Aníbal Troilo,Aníbal Troilo y su orquesta Típica,7/11/1946,Buen Amigo,,Tango,Instrumental,Víctor,78rpm,Julio Caro,Juan Catan,Argentino Galván,43-47 / Basso ,José Basso,Enrique Díaz,Aníbal Troilo; Juan Miguel Rodriguez; Alberto García; Eduardo Marino; Marcos Troilo ,David Díaz; Reynaldo Nichele; Juan Alzina; Nicolás Albero; Simón Zlotnik (viola); Alfredo Citro (cello),82207-1,60-0984 B
Aníbal Troilo,Aníbal Troilo y su orquesta Típica,9/25/1946,Así Es Ninon,,Tango,Alberto Marino,Víctor,78rpm,Juan Larenza,Marsilio Robles,,43-47 / Basso ,José Basso,Enrique Díaz,Aníbal Troilo; Juan Miguel Rodriguez; Alberto García; Eduardo Marino; Marcos Troilo ,David Díaz; Reynaldo Nichele; Juan Alzina; Nicolás Albero; Simón Zlotnik (viola); Alfredo Citro (cello),82352-1,60-1054 A
Aníbal Troilo,Aníbal Troilo y su orquesta Típica,9/25/1946,Solo Se Quiere Una Vez,,Tango,Floreal Ruiz,Víctor,78rpm,Carlos Flores,Claudio Frollo,Argentino Galván,43-47 / Basso ,José Basso,Enrique Díaz,Aníbal Troilo; Juan Miguel Rodriguez; Alberto García; Eduardo Marino; Marcos Troilo ,David Díaz; Reynaldo Nichele; Juan Alzina; Nicolás Albero; Simón Zlotnik (viola); Alfredo Citro (cello),82351-1,60-1054 B
Aníbal Troilo,Aníbal Troilo y su orquesta Típica,10/22/1946,Sin Palabras,,Tango,Alberto Marino,Víctor,78rpm,Mariano Mores,Enrique Discepolo,Argentino Galván,43-47 / Basso ,José Basso,Enrique Díaz,Aníbal Troilo; Juan Miguel Rodriguez; Alberto García; Eduardo Marino; Marcos Troilo ,David Díaz; Reynaldo Nichele; Juan Alzina; Nicolás Albero; Simón Zlotnik (viola); Alfredo Citro (cello),82415-1,60-1083 A
Aníbal Troilo,Aníbal Troilo y su orquesta Típica,10/22/1946,La Revancha,,Tango,Instrumental,Víctor,78rpm,Pedro Laurenz,,Argentino Galván,43-47 / Basso ,José Basso,Enrique Díaz,Aníbal Troilo; Juan Miguel Rodriguez; Alberto García; Eduardo Marino; Marcos Troilo ,David Díaz; Reynaldo Nichele; Juan Alzina; Nicolás Albero; Simón Zlotnik (viola); Alfredo Citro (cello),82416-1,60-1083 B
Aníbal Troilo,Aníbal Troilo y su orquesta Típica,11/28/1946,Mi Tango Triste,,Tango,Alberto Marino,Víctor,78rpm,Aníbal Troilo,José Contursi,,43-47 / Basso ,José Basso,Enrique Díaz,Aníbal Troilo; Juan Miguel Rodriguez; Alberto García; Eduardo Marino; Marcos Troilo ,David Díaz; Reynaldo Nichele; Juan Alzina; Nicolás Albero; Simón Zlotnik (viola); Alfredo Citro (cello),82503-1,60-1138 A
Aníbal Troilo,Aníbal Troilo y su orquesta Típica,11/28/1946,Mientras Gime El Bandoneón,,Tango,Floreal Ruiz,Víctor,78rpm,Enrique Cadícamo,Enrique Cadícamo,,43-47 / Basso ,José Basso,Enrique Díaz,Aníbal Troilo; Juan Miguel Rodriguez; Alberto García; Eduardo Marino; Marcos Troilo ,David Díaz; Reynaldo Nichele; Juan Alzina; Nicolás Albero; Simón Zlotnik (viola); Alfredo Citro (cello),82504-1,60-1138 B
Aníbal Troilo,Aníbal Troilo y su orquesta Típica,4/29/1947,El Milagro,,Tango,Edmundo Rivero,Víctor,78rpm,Armando Pontier,Homero Expósito,Argentino Galván,43-47 / Basso ,José Basso,Enrique Díaz,Aníbal Troilo; Juan Miguel Rodriguez; Alberto García; Eduardo Marino; Marcos Troilo ,David Díaz; Reynaldo Nichele; Juan Alzina; Nicolás Albero; Simón Zlotnik (viola); Alfredo Citro (cello),83389-1,60-1292 A
Aníbal Troilo,Aníbal Troilo y su orquesta Típica,4/29/1947,"Yira, Yira",,Tango,Edmundo Rivero,Víctor,78rpm,Enrique Discepolo,Enrique Discepolo,,43-47 / Basso ,José Basso,Enrique Díaz,Aníbal Troilo; Juan Miguel Rodriguez; Alberto García; Eduardo Marino; Marcos Troilo ,David Díaz; Reynaldo Nichele; Juan Alzina; Nicolás Albero; Simón Zlotnik (viola); Alfredo Citro (cello),BAVE-083386,Victor (Argentina) 60-1291 A
Aníbal Troilo,Aníbal Troilo y su orquesta Típica,4/29/1947,Confesión,,Tango,Floreal Ruiz,Víctor,78rpm,Enrique Discepolo,Enrique Amadori,Argentino Galván,43-47 / Basso ,José Basso,Enrique Díaz,Aníbal Troilo; Juan Miguel Rodriguez; Alberto García; Eduardo Marino; Marcos Troilo ,David Díaz; Reynaldo Nichele; Juan Alzina; Nicolás Albero; Simón Zlotnik (viola); Alfredo Citro (cello),BAVE-083387,Victor (Argentina) 60-1291 B
Aníbal Troilo,Aníbal Troilo y su orquesta Típica,4/29/1947,Flor De Lino,,Vals,Floreal Ruiz,Víctor,78rpm,Héctor Stamponi,Homero Expósito,Argentino Galván,43-47 / Basso ,José Basso,Enrique Díaz,Aníbal Troilo; Juan Miguel Rodriguez; Alberto García; Eduardo Marino; Marcos Troilo ,David Díaz; Reynaldo Nichele; Juan Alzina; Nicolás Albero; Simón Zlotnik (viola); Alfredo Citro (cello),83388-1,60-1292 B
Aníbal Troilo,Aníbal Troilo y su orquesta Típica,7/4/1947,Carnaval,,Tango,Edmundo Rivero,Víctor,78rpm,Anselmo Aieta,Francisco Jiménez,Argentino Galván,47-50 / Figari ,Carlos Figari,Enrique Díaz,Aníbal Troilo; Alberto García; Domingo Mattío; Eduardo Marino; Marcos Troilo ,David Díaz; Reynaldo Nichele; Juan Alzina; Nicolás Albero; Simón Zlotnik (viola); Alfredo Citro (cello),83518,60-1367 B
Aníbal Troilo,Aníbal Troilo y su orquesta Típica,7/4/1947,Tu Pálido Final,,Tango,Edmundo Rivero,Víctor,78rpm,Vicente Demarco,Alfredo Roldán,Argentino Galván,47-50 / Figari ,Carlos Figari,Enrique Díaz,Aníbal Troilo; Alberto García; Domingo Mattío; Eduardo Marino; Marcos Troilo ,David Díaz; Reynaldo Nichele; Juan Alzina; Nicolás Albero; Simón Zlotnik (viola); Alfredo Citro (cello),BAVE-083521,Victor (Argentina) 60-1368 A
Aníbal Troilo,Aníbal Troilo y su orquesta Típica,7/4/1947,Y Dicen Que No Te Quiero,,Tango,Floreal Ruiz,Víctor,78rpm,José Canet,José Canet,Argentino Galván,47-50 / Figari ,Carlos Figari,Enrique Díaz,Aníbal Troilo; Alberto García; Domingo Mattío; Eduardo Marino; Marcos Troilo ,David Díaz; Reynaldo Nichele; Juan Alzina; Nicolás Albero; Simón Zlotnik (viola); Alfredo Citro (cello),BAVE-083519,Victor (Argentina) 60-1368 B
Aníbal Troilo,Aníbal Troilo y su orquesta Típica,7/4/1947,El Morocho y el Oriental [Gardel-Razzano],,Milonga,Ruiz / Rivero,Víctor,78rpm,Ángel D'Agostino,Enrique Cadícamo,Argentino Galván,47-50 / Figari ,Carlos Figari,Enrique Díaz,Aníbal Troilo; Alberto García; Domingo Mattío; Eduardo Marino; Marcos Troilo ,David Díaz; Reynaldo Nichele; Juan Alzina; Nicolás Albero; Simón Zlotnik (viola); Alfredo Citro (cello),83520,60-1367
Aníbal Troilo,Aníbal Troilo y su orquesta Típica,8/19/1947,Yo Te Bendigo,,Tango,Edmundo Rivero,Víctor,78rpm,Juan Filiberto,Juan Bruno,,47-50 / Figari ,Carlos Figari,Enrique Díaz,Aníbal Troilo; Alberto García; Domingo Mattío; Eduardo Marino; Marcos Troilo ,David Díaz; Reynaldo Nichele; Juan Alzina; Nicolás Albero; Simón Zlotnik (viola); Alfredo Citro (cello),83599,60-1415 A
Aníbal Troilo,Aníbal Troilo y su orquesta Típica,8/19/1947,Romance De Barrio,,Vals,Floreal Ruiz,Víctor,78rpm,Aníbal Troilo,Homero Manzi,Argentino Galván,47-50 / Figari ,Carlos Figari,Enrique Díaz,Aníbal Troilo; Alberto García; Domingo Mattío; Eduardo Marino; Marcos Troilo ,David Díaz; Reynaldo Nichele; Juan Alzina; Nicolás Albero; Simón Zlotnik (viola); Alfredo Citro (cello),83598,60-1415 B
Aníbal Troilo,Aníbal Troilo y su orquesta Típica,10/7/1947,Los Ejes De Mi Carreta,,Milonga,Edmundo Rivero,Víctor,78rpm,Atahualpa Yupanqui,Romildo Risso,,47-50 / Figari ,Carlos Figari,Enrique Díaz,Aníbal Troilo; Alberto García; Domingo Mattío; Eduardo Marino; Marcos Troilo ,David Díaz; Reynaldo Nichele; Juan Alzina; Nicolás Albero; Simón Zlotnik (viola); Alfredo Citro (cello),83682,60-1460 A
Aníbal Troilo,Aníbal Troilo y su orquesta Típica,10/7/1947,Y La Perdí,,Tango,Floreal Ruiz,Víctor,78rpm,Antonio Rodio,José Contursi,Argentino Galván,47-50 / Figari ,Carlos Figari,Enrique Díaz,Aníbal Troilo; Alberto García; Domingo Mattío; Eduardo Marino; Marcos Troilo ,David Díaz; Reynaldo Nichele; Juan Alzina; Nicolás Albero; Simón Zlotnik (viola); Alfredo Citro (cello),83683,60-1460 B
Aníbal Troilo,Aníbal Troilo y su orquesta Típica,10/24/1947,Tapera,,Tango,Edmundo Rivero,Víctor,78rpm,Hugo Gutiérrez,Homero Manzi,Argentino Galván,47-50 / Figari ,Carlos Figari,Enrique Díaz,Aníbal Troilo; Alberto García; Domingo Mattío; Eduardo Marino; Marcos Troilo ,David Díaz; Reynaldo Nichele; Juan Alzina; Nicolás Albero; Simón Zlotnik (viola); Alfredo Citro (cello),83715-1,60-1474 A
Aníbal Troilo,Aníbal Troilo y su orquesta Típica,10/24/1947,Corazón De Papel,,Tango,Floreal Ruiz,Víctor,78rpm,Cátulo Castillo,Alberto Franco,,47-50 / Figari ,Carlos Figari,Enrique Díaz,Aníbal Troilo; Alberto García; Domingo Mattío; Eduardo Marino; Marcos Troilo ,David Díaz; Reynaldo Nichele; Juan Alzina; Nicolás Albero; Simón Zlotnik (viola); Alfredo Citro (cello),83714-2,60-1474 B
Aníbal Troilo,Aníbal Troilo y su orquesta Típica,2/23/1948,Sur,,Tango,Edmundo Rivero,Víctor,78rpm,Aníbal Troilo,Homero Manzi,Argentino Glaván,47-50 / Figari ,Carlos Figari,Enrique Díaz,Aníbal Troilo; Alberto García; Domingo Mattío; Eduardo Marino; Marcos Troilo ,David Díaz; Reynaldo Nichele; Juan Alzina; Nicolás Albero; Simón Zlotnik (viola); Alfredo Citro (cello),83844-1,60-1555 A
Aníbal Troilo,Aníbal Troilo y su orquesta Típica,2/23/1948,De Todo Te Olvidas,,Tango,Floreal Ruiz,Víctor,78rpm,Salvador Merico,Enrique Cadícamo,,47-50 / Figari ,Carlos Figari,Enrique Díaz,Aníbal Troilo; Alberto García; Domingo Mattío; Eduardo Marino; Marcos Troilo ,David Díaz; Reynaldo Nichele; Juan Alzina; Nicolás Albero; Simón Zlotnik (viola); Alfredo Citro (cello),83845-1,60-1555 B
Aníbal Troilo,Aníbal Troilo y su orquesta Típica,2/28/1948,Tu Perro Pekinés,,Tango,Edmundo Rivero,Víctor,78rpm,Luis Rubistein,Luis Rubistein,,47-50 / Figari ,Carlos Figari,Enrique Díaz,Aníbal Troilo; Alberto García; Domingo Mattío; Eduardo Marino; Marcos Troilo ,David Díaz; Reynaldo Nichele; Juan Alzina; Nicolás Albero; Simón Zlotnik (viola); Alfredo Citro (cello),83848,60-1557 A
Aníbal Troilo,Aníbal Troilo y su orquesta Típica,2/28/1948,Desvelo,,Tango,Floreal Ruiz,Víctor,78rpm,Eduardo Bonessi,Enrique Cadícamo,,47-50 / Figari ,Carlos Figari,Enrique Díaz,Aníbal Troilo; Alberto García; Domingo Mattío; Eduardo Marino; Marcos Troilo ,David Díaz; Reynaldo Nichele; Juan Alzina; Nicolás Albero; Simón Zlotnik (viola); Alfredo Citro (cello),83849,60-1557 B
Aníbal Troilo,Aníbal Troilo y su orquesta Típica,7/8/1948,Cafetín De Buenos Aires,,Tango,Edmundo Rivero,Víctor,78rpm,Mariano Mores,Enrique Discépolo,Ismael Spitalnik,47-50 / Figari ,Carlos Figari,Enrique Díaz,Aníbal Troilo; Alberto García; Domingo Mattío; Eduardo Marino; Marcos Troilo ,David Díaz; Reynaldo Nichele; Juan Alzina; Nicolás Albero; Simón Zlotnik (viola); Alfredo Citro (cello),83998,60-1643 A
Aníbal Troilo,Aníbal Troilo y su orquesta Típica,7/8/1948,Lagrimitas De Mi Corazón,,Vals,Ruiz / Rivero,Víctor,78rpm,Ángel Domínguez,José Rótulo,,47-50 / Figari ,Carlos Figari,Enrique Díaz,Aníbal Troilo; Alberto García; Domingo Mattío; Eduardo Marino; Marcos Troilo ,David Díaz; Reynaldo Nichele; Juan Alzina; Nicolás Albero; Simón Zlotnik (viola); Alfredo Citro (cello),83999,60-1643 B
Aníbal Troilo,Aníbal Troilo y su orquesta Típica,10/1/1948,Como Tú,,Tango,Edmundo Rivero,Víctor,78rpm,Ángel Domínguez,José Rótulo,,47-50 / Figari ,Carlos Figari,Enrique Díaz,Aníbal Troilo; Alberto García; Domingo Mattío; Eduardo Marino; Marcos Troilo ,David Díaz; Reynaldo Nichele; Juan Alzina; Nicolás Albero; Simón Zlotnik (viola); Alfredo Citro (cello),BAVE-091095,Victor (Argentina) 60-1700 B
Aníbal Troilo,Aníbal Troilo y su orquesta Típica,10/1/1948,Ojos Negros,,Tango,Instrumental,Víctor,78rpm,Vicente Greco,Pedro Cordoba,Ismael Spitalnik,47-50 / Figari ,Carlos Figari,Enrique Díaz,Aníbal Troilo; Alberto García; Domingo Mattío; Eduardo Marino; Marcos Troilo ,David Díaz; Reynaldo Nichele; Juan Alzina; Nicolás Albero; Simón Zlotnik (viola); Alfredo Citro (cello),BAVE-091094,Victor (Argentina) 60-1700 A
Aníbal Troilo,Aníbal Troilo y su orquesta Típica,3/30/1949,Patético,,Tango,Instrumental,Víctor,Micro,Jorge Caldara,,Ismael Spitalnik,47-50 / Figari ,Carlos Figari,Enrique Díaz,Aníbal Troilo; Alberto García; Domingo Mattío; Eduardo Marino; Fernando Tell,David Díaz; Reynaldo Nichele; Juan Alzina; Nicolás Albero; Simón Zlotnik (viola); Alfredo Citro (cello),BAVE-091265,Victor (Argentina) 60-1779 B
Aníbal Troilo,Aníbal Troilo y su orquesta Típica,3/30/1949,Una Lagrima Tuya,,Tango,Rivero / Calderón,Víctor,Micro,Mariano Mores,Homero Manzi,Emilio Balcarce,47-50 / Figari ,Carlos Figari,Enrique Díaz,Aníbal Troilo; Alberto García; Domingo Mattío; Eduardo Marino; Fernando Tell,David Díaz; Reynaldo Nichele; Juan Alzina; Nicolás Albero; Simón Zlotnik (viola); Alfredo Citro (cello),BAVE-091264,Victor (Argentina) 60-1779 A
Aníbal Troilo,Aníbal Troilo y su orquesta Típica,3/31/1949,Cuando Volverás,,Tango,Aldo Calderón,Víctor,Micro,Pedro Maffia,José Staffolani,Astor Piazzolla,47-50 / Figari ,Carlos Figari,Enrique Díaz,Aníbal Troilo; Alberto García; Domingo Mattío; Eduardo Marino; Fernando Tell,David Díaz; Reynaldo Nichele; Juan Alzina; Nicolás Albero; Simón Zlotnik (viola); Alfredo Citro (cello),BAVE-091270,Victor (Argentina) 60-1781 B
Aníbal Troilo,Aníbal Troilo y su orquesta Típica,3/31/1949,El Último Organito,,Tango,Edmundo Rivero,Víctor,Micro,Acho Manzi,Homero Manzi,Emilio Balcarce,47-50 / Figari ,Carlos Figari,Enrique Díaz,Aníbal Troilo; Alberto García; Domingo Mattío; Eduardo Marino; Fernando Tell,David Díaz; Reynaldo Nichele; Juan Alzina; Nicolás Albero; Simón Zlotnik (viola); Alfredo Citro (cello),91269-1,60-1782 A
Aníbal Troilo,Aníbal Troilo y su orquesta Típica,3/31/1949,Milonga En Negro,,Milonga,Edmundo Rivero,Víctor,Micro,Edmundo Rivero,Edmundo Rivero,,47-50 / Figari ,Carlos Figari,Enrique Díaz,Aníbal Troilo; Alberto García; Domingo Mattío; Eduardo Marino; Fernando Tell,David Díaz; Reynaldo Nichele; Juan Alzina; Nicolás Albero; Simón Zlotnik (viola); Alfredo Citro (cello),BAVE-091271,Victor (Argentina) 60-1781 A
Aníbal Troilo,Aníbal Troilo y su orquesta Típica,3/31/1949,A Unos Ojos,,Vals,Rivero / Calderón,Víctor,Micro,Carlos Ocampo; Gabriel Videla,Gabriel Videla,Emilio Balcarce,47-50 / Figari ,Carlos Figari,Enrique Díaz,Aníbal Troilo; Alberto García; Domingo Mattío; Eduardo Marino; Fernando Tell,David Díaz; Reynaldo Nichele; Juan Alzina; Nicolás Albero; Simón Zlotnik (viola); Alfredo Citro (cello),91268-1,60-1782 B
Aníbal Troilo,Aníbal Troilo y su orquesta Típica,6/30/1949,Mi Noche Triste,,Tango,Edmundo Rivero,Víctor,Micro,Samuel Castriota,Celedonio Flores,Ismael Spitalnik,47-50 / Figari ,Carlos Figari,Enrique Díaz,Aníbal Troilo; Alberto García; Domingo Mattío; Eduardo Marino; Fernando Tell,David Díaz; Reynaldo Nichele; Juan Alzina; Nicolás Albero; Simón Zlotnik (viola); Alfredo Citro (cello),BAVE-091320,Victor (Argentina) 60-1805 A
Aníbal Troilo,Aníbal Troilo y su orquesta Típica,6/30/1949,A La Parrilla,,Tango,Instrumental,Víctor,Micro,Carlos Figari,Pascual Contursi,Ismael Spitalnik,47-50 / Figari ,Carlos Figari,Enrique Díaz,Aníbal Troilo; Alberto García; Domingo Mattío; Eduardo Marino; Fernando Tell,David Díaz; Reynaldo Nichele; Juan Alzina; Nicolás Albero; Simón Zlotnik (viola); Alfredo Citro (cello),BAVE-091321,Victor (Argentina) 60-1805 B
Aníbal Troilo,Aníbal Troilo y su orquesta Típica,7/22/1949,La Mariposa,,Tango,Edmundo Rivero,Víctor,Micro,Pedro Maffia,,Argentino Glaván,47-50 / Figari ,Carlos Figari,Enrique Díaz,Aníbal Troilo; Alberto García; Domingo Mattío; Eduardo Marino; Fernando Tell,David Díaz; Reynaldo Nichele; Juan Alzina; Nicolás Albero; Simón Zlotnik (viola); Alfredo Citro (cello),BAVE-091346,Victor (Argentina) 60-1817 A
Aníbal Troilo,Aníbal Troilo y su orquesta Típica,7/22/1949,Selección de Tangos de Julio De Caro,,Tango,Instrumental,Víctor,Micro,Julio Caro,Héctor Blomberg,Argentino Glaván,47-50 / Figari ,Carlos Figari,Enrique Díaz,Aníbal Troilo; Alberto García; Domingo Mattío; Eduardo Marino; Fernando Tell,David Díaz; Reynaldo Nichele; Juan Alzina; Nicolás Albero; Simón Zlotnik (viola); Alfredo Citro (cello),BAVE-091347,Victor (Argentina) 60-1817 B
Aníbal Troilo,Aníbal Troilo y su orquesta Típica,10/20/1949,La Viajera Perdida,,Tango,Edmundo Rivero,Víctor,Micro,Enrique Maciel,Alberto Mastra,Ismael Spitalnik,47-50 / Figari ,Carlos Figari,Enrique Díaz,Aníbal Troilo; Alberto García; Domingo Mattío; Eduardo Marino; Fernando Tell,David Díaz; Reynaldo Nichele; Juan Alzina; Nicolás Albero; Simón Zlotnik (viola); Alfredo Citro (cello),91437,60-1858 B
Aníbal Troilo,Aníbal Troilo y su orquesta Típica,10/20/1949,Miriñaque,,Milonga,Rivero / Calderón,Víctor,Micro,Alberto Mastra,José Contursi,Argentino Galván,47-50 / Figari ,Carlos Figari,Enrique Díaz,Aníbal Troilo; Alberto García; Domingo Mattío; Eduardo Marino; Fernando Tell,David Díaz; Reynaldo Nichele; Juan Alzina; Nicolás Albero; Simón Zlotnik (viola); Alfredo Citro (cello),91436-1,60-1858 A
Aníbal Troilo,Aníbal Troilo y su orquesta Típica,10/26/1949,Y Volvemos A Querernos,,Tango,Aldo Calderón,Víctor,Micro,Luciano Leocata,Cátulo Castillo,Astor Piazzolla,47-50 / Figari ,Carlos Figari,Enrique Díaz,Aníbal Troilo; Alberto García; Domingo Mattío; Eduardo Marino; Fernando Tell,David Díaz; Reynaldo Nichele; Juan Alzina; Nicolás Albero; Simón Zlotnik (viola); Alfredo Citro (cello),BAVE-091444,Victor (Argentina) 60-1862 B
Aníbal Troilo,Aníbal Troilo y su orquesta Típica,10/26/1949,Tú,,Tango,Edmundo Rivero,Víctor,Micro,José Dames,Abel Aznar,,47-50 / Figari ,Carlos Figari,Enrique Díaz,Aníbal Troilo; Alberto García; Domingo Mattío; Eduardo Marino; Fernando Tell,David Díaz; Reynaldo Nichele; Juan Alzina; Nicolás Albero; Simón Zlotnik (viola); Alfredo Citro (cello),BAVE-091445,Victor (Argentina) 60-1862 A
Aníbal Troilo,Aníbal Troilo y su orquesta Típica,11/24/1950,Para Lucirse,,Tango,Instrumental,T.K.,78rpm,Astor Piazzolla, ,Astor Piazzolla,50-54 / T.K. (Figari),Carlos Figari,Enrique Díaz,Aníbal Troilo; Alberto García; Domingo Mattío; Eduardo Marino; Fernando Tell,David Díaz; Reynaldo Nichele; Juan Alzina; Nicolás Albero; Simón Zlotnik (viola); Alfredo Citro (cello),37,S 5001
Aníbal Troilo,Aníbal Troilo y su orquesta Típica,11/24/1950,"Che, Bandoneón",,Tango,Jorge Casal,T.K.,78rpm,Aníbal Troilo,Homero Manzi,Astor Piazzolla,50-54 / T.K. (Figari),Carlos Figari,Enrique Díaz,Aníbal Troilo; Alberto García; Domingo Mattío; Eduardo Marino; Fernando Tell,David Díaz; Reynaldo Nichele; Juan Alzina; Nicolás Albero; Simón Zlotnik (viola); Alfredo Citro (cello),38-2,TK S5001 A
Aníbal Troilo,Aníbal Troilo y su orquesta Típica,2/19/1951,Mi Vieja Viola,,Tango,Jorge Casal,T.K.,78rpm,Humberto Correa,Francisco Loiácono,Astor Piazzolla,50-54 / T.K. (Figari),Carlos Figari,Enrique Díaz,Aníbal Troilo; Alberto García; Domingo Mattío; Eduardo Marino; Fernando Tell,David Díaz; Reynaldo Nichele; Juan Alzina; Nicolás Albero; Simón Zlotnik (viola); Alfredo Citro (cello),62-51,TK S-5028 A
Aníbal Troilo,Aníbal Troilo y su orquesta Típica,2/19/1951,Tata No Quiero,,Milonga,Aldo Calderón,T.K.,78rpm,René Ruiz,Francisco Velich,Astor Piazzolla,50-54 / T.K. (Figari),Carlos Figari,Enrique Díaz,Aníbal Troilo; Alberto García; Domingo Mattío; Eduardo Marino; Fernando Tell,David Díaz; Reynaldo Nichele; Juan Alzina; Nicolás Albero; Simón Zlotnik (viola); Alfredo Citro (cello),63-51,TK S-5028 A
Aníbal Troilo,Aníbal Troilo y su orquesta Típica,3/21/1951,Prepárense,,Tango,Instrumental,T.K.,78rpm,Astor Piazzolla, ,Astor Piazzolla,50-54 / T.K. (Figari),Carlos Figari,Enrique Díaz,Aníbal Troilo; Alberto García; Domingo Mattío; Eduardo Marino; Fernando Tell,David Díaz; Reynaldo Nichele; Juan Alzina; Nicolás Albero; Cayetano Gianna (viola); Alfredo Citro (cello),76,S 5035
Aníbal Troilo,Aníbal Troilo y su orquesta Típica,3/21/1951,El Patio De La Morocha,,Tango,Jorge Casal,T.K.,78rpm,Mariano Mores,Luis Rubistein,,50-54 / T.K. (Figari),Carlos Figari,Enrique Díaz,Aníbal Troilo; Alberto García; Domingo Mattío; Eduardo Marino; Fernando Tell,David Díaz; Reynaldo Nichele; Juan Alzina; Nicolás Albero; Cayetano Gianna (viola); Alfredo Citro (cello),77-1,TK S5035 B
Aníbal Troilo,Aníbal Troilo y su orquesta Típica,4/18/1951,La Trampera,,Milonga,Instrumental,T.K.,78rpm,Aníbal Troilo,Charrúa,,50-54 / T.K. (Figari),Carlos Figari,Enrique Díaz,Aníbal Troilo; Alberto García; Domingo Mattío; Eduardo Marino; Fernando Tell,David Díaz; Reynaldo Nichele; Juan Alzina; Nicolás Albero; Cayetano Gianna (viola); Alfredo Citro (cello),84,S 5038
Aníbal Troilo,Aníbal Troilo y su orquesta Típica,4/18/1951,N.P...,No Placé,Tango,Raúl Berón,T.K.,78rpm,Juan Riverol,Francisco Loiácono,,50-54 / T.K. (Figari),Carlos Figari,Enrique Díaz,Aníbal Troilo; Alberto García; Domingo Mattío; Eduardo Marino; Fernando Tell,David Díaz; Reynaldo Nichele; Juan Alzina; Nicolás Albero; Cayetano Gianna (viola); Alfredo Citro (cello),85,S 5038
Aníbal Troilo,Aníbal Troilo y su orquesta Típica,5/29/1951,Discepolín,,Tango,Raúl Berón,T.K.,78rpm,Aníbal Troilo,Cátulo Castillo,Astor Piazzolla,50-54 / T.K. (Figari),Carlos Figari,Enrique Díaz,Aníbal Troilo; Alberto García; Domingo Mattío; Eduardo Marino; Fernando Tell,David Díaz; Reynaldo Nichele; Juan Alzina; Nicolás Albero; Cayetano Gianna (viola); Alfredo Citro (cello),101-1,TK S5048 B
Aníbal Troilo,Aníbal Troilo y su orquesta Típica,5/29/1951,Responso,,Tango,Instrumental,T.K.,78rpm,Aníbal Troilo,,Astor Piazzolla,50-54 / T.K. (Figari),Carlos Figari,Enrique Díaz,Aníbal Troilo; Alberto García; Domingo Mattío; Eduardo Marino; Fernando Tell,David Díaz; Reynaldo Nichele; Juan Alzina; Nicolás Albero; Cayetano Gianna (viola); Alfredo Citro (cello),102,S 5048
Aníbal Troilo,Aníbal Troilo y su orquesta Típica,6/26/1951,De Vuelta Al Bulín,,Tango,Raúl Berón,T.K.,78rpm,José Martinez,Homero Manzi,Ismael Spitalnik,50-54 / T.K. (Figari),Carlos Figari,Enrique Díaz,Aníbal Troilo; Alberto García; Domingo Mattío; Eduardo Marino; Fernando Tell,David Díaz; Reynaldo Nichele; Juan Alzina; Nicolás Albero; Cayetano Gianna (viola); Alfredo Citro (cello),111,S 5053
Aníbal Troilo,Aníbal Troilo y su orquesta Típica,6/26/1951,Bien Milonga,,Tango,Instrumental,T.K.,78rpm,Ismael Spitalnik,Pascual Contursi,Ismael Spitalnik,50-54 / T.K. (Figari),Carlos Figari,Enrique Díaz,Aníbal Troilo; Alberto García; Domingo Mattío; Eduardo Marino; Fernando Tell,David Díaz; Reynaldo Nichele; Juan Alzina; Nicolás Albero; Cayetano Gianna (viola); Alfredo Citro (cello),112,S 5053
Aníbal Troilo,Aníbal Troilo y su orquesta Típica,7/30/1951,La Cumparsita,,Tango,Instrumental,T.K.,78rpm,Gerardo Rodriguez,Nicolás Olivari,Astor Piazzolla,50-54 / T.K. (Figari),Carlos Figari,Enrique Díaz,Aníbal Troilo; Alberto García; Domingo Mattío; Eduardo Marino; Fernando Tell,David Díaz; Reynaldo Nichele; Juan Alzina; Nicolás Albero; Cayetano Gianna (viola); Alfredo Citro (cello),125,S 5054
Aníbal Troilo,Aníbal Troilo y su orquesta Típica,7/30/1951,Un Momento,,Vals,Raúl Berón,T.K.,78rpm,Héctor Stamponi,Héctor Stamponi,,50-54 / T.K. (Figari),Carlos Figari,Enrique Díaz,Aníbal Troilo; Alberto García; Domingo Mattío; Eduardo Marino; Fernando Tell,David Díaz; Reynaldo Nichele; Juan Alzina; Nicolás Albero; Cayetano Gianna (viola); Alfredo Citro (cello),126,S 5057
Aníbal Troilo,Aníbal Troilo y su orquesta Típica,7/30/1951,Inspiración,,Tango,Instrumental,T.K.,78rpm,Peregrino Paulos,Gerardo Rodriguez,Astor Piazzolla,50-54 / T.K. (Figari),Carlos Figari,Enrique Díaz,Aníbal Troilo; Alberto García; Domingo Mattío; Eduardo Marino; Fernando Tell,David Díaz; Reynaldo Nichele; Juan Alzina; Nicolás Albero; Cayetano Gianna (viola); Alfredo Citro (cello),127,S 5054
Aníbal Troilo,Aníbal Troilo y su orquesta Típica,7/30/1951,La Violeta,,Tango,Jorge Casal,T.K.,78rpm,Cátulo Castillo,Humberto Correa,Astor Piazzolla,50-54 / T.K. (Figari),Carlos Figari,Enrique Díaz,Aníbal Troilo; Alberto García; Domingo Mattío; Eduardo Marino; Fernando Tell,David Díaz; Reynaldo Nichele; Juan Alzina; Nicolás Albero; Cayetano Gianna (viola); Alfredo Citro (cello),128,S 5058
Aníbal Troilo,Aníbal Troilo y su orquesta Típica,7/30/1951,Tanguango,,Un nuevo ritmo para toda orquesta,Instrumental,TK,78rpm,Astor Piazzolla,,Astor Piazzolla,50-54 / T.K. (Figari),Carlos Figari,Enrique Díaz,Aníbal Troilo; Alberto García; Domingo Mattío; Eduardo Marino; Fernando Tell,David Díaz; Reynaldo Nichele; Juan Alzina; Nicolás Albero; Cayetano Gianna (viola); Alfredo Citro (cello),130,S 5058
Aníbal Troilo,Aníbal Troilo y su orquesta Típica,3/20/1952,Buenos Aires,,Tango,Jorge Casal,T.K.,Tape,Manuel Jovés,Emilio Fresedo,Astor Piazzolla,50-54 / T.K. (Figari),Carlos Figari,Enrique Díaz,Aníbal Troilo; Alberto García; Domingo Mattío; Eduardo Marino; Fernando Tell,David Díaz; Reynaldo Nichele; Juan Alzina; Nicolás Albero; Cayetano Gianna (viola); Alfredo Citro (cello),221,S 5098
Aníbal Troilo,Aníbal Troilo y su orquesta Típica,3/20/1952,Contratiempo,,Tango,Instrumental,T.K.,Tape,Astor Piazzolla,Herminia Velich,Astor Piazzolla,50-54 / T.K. (Figari),Carlos Figari,Enrique Díaz,Aníbal Troilo; Alberto García; Domingo Mattío; Eduardo Marino; Fernando Tell,David Díaz; Reynaldo Nichele; Juan Alzina; Nicolás Albero; Cayetano Gianna (viola); Alfredo Citro (cello),222,S 5098
Aníbal Troilo,Aníbal Troilo y su orquesta Típica,3/28/1952,Cualquier Cosa,,Tango,Raúl Berón,T.K.,Tape,Herminia Velich; Juan Velich,Víctor Lamanna,,50-54 / T.K. (Figari),Carlos Figari,Enrique Díaz,Aníbal Troilo; Alberto García; Domingo Mattío; Eduardo Marino; Fernando Tell,David Díaz; Reynaldo Nichele; Juan Alzina; Nicolás Albero; Cayetano Gianna (viola); Alfredo Citro (cello),225,S 5100
Aníbal Troilo,Aníbal Troilo y su orquesta Típica,3/28/1952,Quejas De Bandoneón,,Tango,Instrumental,T.K.,Tape,Juan Filiberto,,Astor Piazzolla,50-54 / T.K. (Figari),Carlos Figari,Enrique Díaz,Aníbal Troilo; Alberto García; Domingo Mattío; Eduardo Marino; Fernando Tell,David Díaz; Reynaldo Nichele; Juan Alzina; Nicolás Albero; Cayetano Gianna (viola); Alfredo Citro (cello),226,S 5100
Aníbal Troilo,Aníbal Troilo y su orquesta Típica,3/28/1952,Amigazo,,Tango,Jorge Casal,T.K.,Tape,Juan Filiberto,Alberto Vacarezza,Argentino Galván,50-54 / T.K. (Figari),Carlos Figari,Enrique Díaz,Aníbal Troilo; Alberto García; Domingo Mattío; Eduardo Marino; Fernando Tell,David Díaz; Reynaldo Nichele; Juan Alzina; Nicolás Albero; Cayetano Gianna (viola); Alfredo Citro (cello),227,S 5101
Aníbal Troilo,Aníbal Troilo y su orquesta Típica,3/28/1952,El Marne,,Tango,Instrumental,T.K.,Tape,Eduardo Arolas,Juan López,Astor Piazzolla,50-54 / T.K. (Figari),Carlos Figari,Enrique Díaz,Aníbal Troilo; Alberto García; Domingo Mattío; Eduardo Marino; Fernando Tell,David Díaz; Reynaldo Nichele; Juan Alzina; Nicolás Albero; Cayetano Gianna (viola); Alfredo Citro (cello),228,S 5101
Aníbal Troilo,Aníbal Troilo y su orquesta Típica,5/8/1952,Tecleando,,Tango,Instrumental,T.K.,Tape,Carlos Figari,Enrique Discepolo,,50-54 / T.K. (Figari),Carlos Figari,Enrique Díaz,Aníbal Troilo; Alberto García; Domingo Mattío; Eduardo Marino; Fernando Tell,David Díaz; Reynaldo Nichele; Juan Alzina; Nicolás Albero; Cayetano Gianna (viola); Alfredo Citro (cello),243,S 5108
Aníbal Troilo,Aníbal Troilo y su orquesta Típica,5/8/1952,Medianoche,,Tango,Raúl Berón,T.K.,Tape,Alberto Tavarozzi,,,50-54 / T.K. (Figari),Carlos Figari,Enrique Díaz,Aníbal Troilo; Alberto García; Domingo Mattío; Eduardo Marino; Fernando Tell,David Díaz; Reynaldo Nichele; Juan Alzina; Nicolás Albero; Cayetano Gianna (viola); Alfredo Citro (cello),244,S 5108
Aníbal Troilo,Aníbal Troilo y su orquesta Típica,5/14/1952,Cenizas,,Tango,Instrumental,T.K.,Tape,José Rizzuti,Ricardo Brignolo,Astor Piazzolla,50-54 / T.K. (Figari),Carlos Figari,Enrique Díaz,Aníbal Troilo; Alberto García; Domingo Mattío; Eduardo Marino; Fernando Tell,David Díaz; Reynaldo Nichele; Juan Alzina; Nicolás Albero; Cayetano Gianna (viola); Alfredo Citro (cello),247,S 5110
Aníbal Troilo,Aníbal Troilo y su orquesta Típica,5/14/1952,Uno,,Tango,Jorge Casal,T.K.,Tape,Mariano Mores,Pascual Contursi,Astor Piazzolla,50-54 / T.K. (Figari),Carlos Figari,Enrique Díaz,Aníbal Troilo; Alberto García; Domingo Mattío; Eduardo Marino; Fernando Tell,David Díaz; Reynaldo Nichele; Juan Alzina; Nicolás Albero; Cayetano Gianna (viola); Alfredo Citro (cello),248,S 5110
Aníbal Troilo,Aníbal Troilo y su orquesta Típica,6/5/1952,Flor Campera,,Tango,Jorge Casal,T.K.,Tape,José Aguilar,Juan López,,50-54 / T.K. (Figari),Carlos Figari,Enrique Díaz,Aníbal Troilo; Alberto García; Domingo Mattío; Eduardo Marino; Fernando Tell,David Díaz; Reynaldo Nichele; Juan Alzina; Nicolás Albero; Cayetano Gianna (viola); Alfredo Citro (cello),257,S 5115
Aníbal Troilo,Aníbal Troilo y su orquesta Típica,6/5/1952,Chiqué,,Tango,Instrumental,T.K.,Tape,Ricardo Brignolo,Astor Piazzolla,Astor Piazzolla,50-54 / T.K. (Figari),Carlos Figari,Enrique Díaz,Aníbal Troilo; Alberto García; Domingo Mattío; Eduardo Marino; Fernando Tell,David Díaz; Reynaldo Nichele; Juan Alzina; Nicolás Albero; Cayetano Gianna (viola); Alfredo Citro (cello),258,S 5115
Aníbal Troilo,Aníbal Troilo y su orquesta Típica,8/7/1952,Fuegos Artificiales,,Tango,Instrumental,T.K.,Tape,Roberto Arolas,Luis Rubistein,,50-54 / T.K. (Figari),Carlos Figari,Enrique Díaz,Aníbal Troilo; Alberto García; Domingo Mattío; Eduardo Marino; Fernando Tell,David Díaz; Reynaldo Nichele; Juan Alzina; Nicolás Albero; Cayetano Gianna (viola); Alfredo Citro (cello),289,S 5127
Aníbal Troilo,Aníbal Troilo y su orquesta Típica,8/7/1952,Ventanita De Arrabal,,Tango,Jorge Casal,T.K.,Tape,Antonio Scatasso,Héctor Blomberg,,50-54 / T.K. (Figari),Carlos Figari,Enrique Díaz,Aníbal Troilo; Alberto García; Domingo Mattío; Eduardo Marino; Fernando Tell,David Díaz; Reynaldo Nichele; Juan Alzina; Nicolás Albero; Cayetano Gianna (viola); Alfredo Citro (cello),290,S 5127
Aníbal Troilo,Aníbal Troilo y su orquesta Típica,8/18/1952,Selección De Francisco Canaro,,Tango,Instrumental,T.K.,Tape,Francisco Canaro,,Argentino Galván,50-54 / T.K. (Figari),Carlos Figari,Enrique Díaz,Aníbal Troilo; Alberto García; Domingo Mattío; Eduardo Marino; Fernando Tell,David Díaz; Reynaldo Nichele; Juan Alzina; Nicolás Albero; Cayetano Gianna (viola); Alfredo Citro (cello),,
Aníbal Troilo,Aníbal Troilo y su orquesta Típica,8/18/1952,Malena,,Tango,Raúl Berón,T.K.,Tape,Lucio Demare,Eduardo Méndez,Héctor Artola,50-54 / T.K. (Figari),Carlos Figari,Enrique Díaz,Aníbal Troilo; Alberto García; Domingo Mattío; Eduardo Marino; Fernando Tell,David Díaz; Reynaldo Nichele; Juan Alzina; Nicolás Albero; Cayetano Gianna (viola); Alfredo Citro (cello),294,S 5159
Aníbal Troilo,Aníbal Troilo y su orquesta Típica,8/18/1952,El Entrerriano,,Tango,Instrumental,T.K.,Tape,Rosendo Mendizabal,,Astor Piazzolla,50-54 / T.K. (Figari),Carlos Figari,Enrique Díaz,Aníbal Troilo; Alberto García; Domingo Mattío; Eduardo Marino; Fernando Tell,David Díaz; Reynaldo Nichele; Juan Alzina; Nicolás Albero; Cayetano Gianna (viola); Alfredo Citro (cello),295,S 5132
Aníbal Troilo,Aníbal Troilo y su orquesta Típica,8/18/1952,El Choclo,,Tango,Raúl Berón,T.K.,Tape,Angel Villoldo,Homero Exposito,,50-54 / T.K. (Figari),Carlos Figari,Enrique Díaz,Aníbal Troilo; Alberto García; Domingo Mattío; Eduardo Marino; Fernando Tell,David Díaz; Reynaldo Nichele; Juan Alzina; Nicolás Albero; Cayetano Gianna (viola); Alfredo Citro (cello),296,S 5159
Aníbal Troilo,Aníbal Troilo y su orquesta Típica,8/18/1952,Responso,,Tango,Instrumental,T.K.,Tape,Aníbal Troilo,,Astor Piazzolla,50-54 / T.K. (Figari),Carlos Figari,Enrique Díaz,Aníbal Troilo; Alberto García; Domingo Mattío; Eduardo Marino; Fernando Tell,David Díaz; Reynaldo Nichele; Juan Alzina; Nicolás Albero; Cayetano Gianna (viola); Alfredo Citro (cello),102,S 5048
Aníbal Troilo,Aníbal Troilo y su orquesta Típica,8/18/1952,Orlando Goñi,,Tango,Instrumental,T.K.,Tape,Alfredo Gobbi,,Ismael Spitalnik,50-54 / T.K. (Figari),Carlos Figari,Enrique Díaz,Aníbal Troilo; Alberto García; Domingo Mattío; Eduardo Marino; Fernando Tell,David Díaz; Reynaldo Nichele; Juan Alzina; Nicolás Albero; Cayetano Gianna (viola); Alfredo Citro (cello),298,S 5211
Aníbal Troilo,Aníbal Troilo y su orquesta Típica,9/11/1952,Barrio Viejo,,Milonga,Jorge Casal,T.K.,Tape,Enrique Maciel,Enrique Cadícamo,Astor Piazzolla,50-54 / T.K. (Figari),Carlos Figari,Enrique Díaz,Aníbal Troilo; Alberto García; Domingo Mattío; Eduardo Marino; Fernando Tell,David Díaz; Reynaldo Nichele; Juan Alzina; Nicolás Albero; Cayetano Gianna (viola); Alfredo Citro (cello),,
Aníbal Troilo,Aníbal Troilo y su orquesta Típica,9/11/1952,Del Suburbio,,Tango,Jorge Casal,T.K.,Tape,Oscar Sabino,Enrique Catan,,50-54 / T.K. (Figari),Carlos Figari,Enrique Díaz,Aníbal Troilo; Alberto García; Domingo Mattío; Eduardo Marino; Fernando Tell,David Díaz; Reynaldo Nichele; Juan Alzina; Nicolás Albero; Cayetano Gianna (viola); Alfredo Citro (cello),309,S 5133
Aníbal Troilo,Aníbal Troilo y su orquesta Típica,9/11/1952,Mano Brava,,Milonga,Instrumental,T.K.,Tape,Manuel Buzón,Juan Catán,,50-54 / T.K. (Figari),Carlos Figari,Enrique Díaz,Aníbal Troilo; Alberto García; Domingo Mattío; Eduardo Marino; Fernando Tell,David Díaz; Reynaldo Nichele; Juan Alzina; Nicolás Albero; Cayetano Gianna (viola); Alfredo Citro (cello),310,S 5133
Aníbal Troilo,Aníbal Troilo y su orquesta Típica,11/23/1952,"Araca, Corazón",,Tango,Jorge Casal,T.K.,Tape,Enrique Delfino,Manuel Romero,,50-54 / T.K. (Figari),Carlos Figari,Enrique Díaz,Aníbal Troilo; Alberto García; Domingo Mattío; Eduardo Marino; Fernando Tell,David Díaz; Reynaldo Nichele; Juan Alzina; Nicolás Albero; Cayetano Gianna (viola); Alfredo Citro (cello),343,S 5141
Aníbal Troilo,Aníbal Troilo y su orquesta Típica,12/12/1952,Inspiración,,Tango,Instrumental,T.K.,Tape,Peregrino Paulos,Gerardo Rodriguez,Astor Piazzolla,50-54 / T.K. (Figari),Carlos Figari,Enrique Díaz,Aníbal Troilo; Alberto García; Domingo Mattío; Eduardo Marino; Fernando Tell,David Díaz; Reynaldo Nichele; Juan Alzina; Nicolás Albero; Cayetano Gianna (viola); Alfredo Citro (cello),357,S 5150
Aníbal Troilo,Aníbal Troilo y su orquesta Típica,12/12/1952,La Mentirosa,,Tango,Jorge Casal,T.K.,Tape,Anselmo Aieta,Homero Manzi,Astor Piazzolla,50-54 / T.K. (Figari),Carlos Figari,Enrique Díaz,Aníbal Troilo; Alberto García; Domingo Mattío; Eduardo Marino; Fernando Tell,David Díaz; Reynaldo Nichele; Juan Alzina; Nicolás Albero; Cayetano Gianna (viola); Alfredo Citro (cello),358,S 5141
Aníbal Troilo,Aníbal Troilo y su orquesta Típica,12/12/1952,La Cumparsita,,Tango,Instrumental,T.K.,Tape,Gerardo Rodriguez,Francisco Jiménez,Astor Piazzolla,50-54 / T.K. (Figari),Carlos Figari,Enrique Díaz,Aníbal Troilo; Alberto García; Domingo Mattío; Eduardo Marino; Fernando Tell,David Díaz; Reynaldo Nichele; Juan Alzina; Nicolás Albero; Cayetano Gianna (viola); Alfredo Citro (cello),359,S 5150
Aníbal Troilo,Aníbal Troilo y su orquesta Típica,3/23/1953,Triunfal,,Tango,Instrumental,T.K.,Tape,Astor Piazzolla,Cátulo Castillo,Astor Piazzolla,50-54 / T.K. (Figari),Carlos Figari,Enrique Díaz,Aníbal Troilo; Alberto García; Domingo Mattío; Eduardo Marino; Fernando Tell,David Díaz; Reynaldo Nichele; Juan Alzina; Nicolás Albero; Cayetano Gianna (viola); Alfredo Citro (cello),426,S 5175
Aníbal Troilo,Aníbal Troilo y su orquesta Típica,3/23/1953,Vuelve La Serenata,,Vals,Casal / Berón,T.K.,Tape,Aníbal Troilo,Cátulo Castillo,Astor Piazzolla,50-54 / T.K. (Figari),Carlos Figari,Enrique Díaz,Aníbal Troilo; Alberto García; Domingo Mattío; Eduardo Marino; Fernando Tell,David Díaz; Reynaldo Nichele; Juan Alzina; Nicolás Albero; Cayetano Gianna (viola); Alfredo Citro (cello),427,S 5175
Aníbal Troilo,Aníbal Troilo y su orquesta Típica,3/23/1953,Mensaje,,Tango,Raúl Berón,T.K.,Tape,Enrique Discepolo,Pedro Cordoba,Astor Piazzolla,50-54 / T.K. (Figari),Carlos Figari,Enrique Díaz,Aníbal Troilo; Alberto García; Domingo Mattío; Eduardo Marino; Fernando Tell,David Díaz; Reynaldo Nichele; Juan Alzina; Nicolás Albero; Cayetano Gianna (viola); Alfredo Citro (cello),428,S 5176
Aníbal Troilo,Aníbal Troilo y su orquesta Típica,3/23/1953,El Monito,,Tango,Instrumental,T.K.,Tape,Julio Caro,Cátulo Castillo,Astor Piazzolla,50-54 / T.K. (Figari),Carlos Figari,Enrique Díaz,Aníbal Troilo; Alberto García; Domingo Mattío; Eduardo Marino; Fernando Tell,David Díaz; Reynaldo Nichele; Juan Alzina; Nicolás Albero; Cayetano Gianna (viola); Alfredo Citro (cello),429,S 5176
Aníbal Troilo,Aníbal Troilo y su orquesta Típica,5/19/1953,Una Canción,,Tango,Jorge Casal,T.K.,Tape,Aníbal Troilo,Cátulo Castillo,Astor Piazzolla,50-54 / T.K. (Figari),Carlos Figari,Enrique Díaz,Aníbal Troilo; Alberto García; Domingo Mattío; Eduardo Marino; Fernando Tell,David Díaz; Reynaldo Nichele; Juan Alzina; Nicolás Albero; Cayetano Gianna (viola); Alfredo Citro (cello),474,S 5192
Aníbal Troilo,Aníbal Troilo y su orquesta Típica,7/28/1953,Ojos Negros,,Tango,Instrumental,T.K.,Tape,Vicente Greco,Cátulo Castillo,Ismael Spitalnik,50-54 / T.K. (Figari),Carlos Figari,Enrique Díaz,Aníbal Troilo; Alberto García; Domingo Mattío; Eduardo Marino; Fernando Tell,David Díaz; Reynaldo Nichele; Juan Alzina; Nicolás Albero; Cayetano Gianna (viola); Alfredo Citro (cello),525,S 5192
Aníbal Troilo,Troilo-Grela,8/5/1953,La Cachila,,Tango,Instrumental,T.K.,Tape,Eduardo Arolas,Héctor Polito,,Non Típica,,Enrique Díaz,Aníbal Troilo,Roberto Grela (guitar); Edmundo Zaldívar (bass guitar),468,Sf 30001
Aníbal Troilo,Troilo-Grela,8/5/1953,Palomita blanca,,Vals,Instrumental,T.K.,Tape,Anselmo Aieta,Francisco Jiménez,,Non Típica,,Enrique Díaz,Aníbal Troilo,Roberto Grela (guitar); Edmundo Zaldívar (bass guitar),469,Sf 30001
Aníbal Troilo,Aníbal Troilo y su orquesta Típica,9/22/1953,Patio Mío,,Tango,Jorge Casal,T.K.,Tape,Aníbal Troilo,Cátulo Castillo,Astor Piazzolla,50-54 / T.K. (Figari),Carlos Figari,Enrique Díaz,Aníbal Troilo; Alberto García; Domingo Mattío; Eduardo Marino; Fernando Tell,David Díaz; Reynaldo Nichele; Juan Alzina; Nicolás Albero; Cayetano Gianna (viola); Alfredo Citro (cello),583,S 5228
Aníbal Troilo,Aníbal Troilo y su orquesta Típica,9/22/1953,Milonga Del Mayoral,,Milonga,Casal / Berón,T.K.,Tape,Aníbal Troilo,Marsilio Robles,Astor Piazzolla,50-54 / T.K. (Figari),Carlos Figari,Enrique Díaz,Aníbal Troilo; Alberto García; Domingo Mattío; Eduardo Marino; Fernando Tell,David Díaz; Reynaldo Nichele; Juan Alzina; Nicolás Albero; Cayetano Gianna (viola); Alfredo Citro (cello),584,S 5228
Aníbal Troilo,Troilo-Grela,12/18/1953,A Pedro Maffia,,Tango,Instrumental,T.K.,Tape,Aníbal Troilo,,,Non Típica,,Enrique Díaz,Aníbal Troilo,Roberto Grela (guitar); Edmundo Zaldívar (bass guitar),637,Sf 30004
Aníbal Troilo,Troilo-Grela,12/18/1953,Sobre el Pucho,,Tango,Instrumental,T.K.,Tape,Sebastián Piana,José Castillo,,Non Típica,,Enrique Díaz,Aníbal Troilo,Roberto Grela (guitar); Edmundo Zaldívar (bass guitar),638,Sf 30004
Aníbal Troilo,Aníbal Troilo y su orquesta Típica,2/12/1954,Carmín,,Tango,Jorge Casal,T.K.,Tape,Victor Buchino,Marsilio Robles,Victor Buchino,50-54 / T.K. (Figari),Carlos Figari,Enrique Díaz,Aníbal Troilo; Alberto García; Domingo Mattío; Eduardo Marino; Fernando Tell,David Díaz; Reynaldo Nichele; Juan Alzina; Nicolás Albero; Cayetano Gianna (viola); Alfredo Citro (cello),663,S 5259
Aníbal Troilo,Aníbal Troilo y su orquesta Típica,2/12/1954,Don Juan,,Tango,Instrumental,T.K.,Tape,Ernesto Ponzio,,Ismael Spitalnik,50-54 / T.K. (Figari),Carlos Figari,Enrique Díaz,Aníbal Troilo; Alberto García; Domingo Mattío; Eduardo Marino; Fernando Tell,David Díaz; Reynaldo Nichele; Juan Alzina; Nicolás Albero; Cayetano Gianna (viola); Alfredo Citro (cello),664,S 5259
Aníbal Troilo,Aníbal Troilo y su orquesta Típica,2/28/1954,Contrabajeando,,Tango,Instrumental,T.K.,Tape,Aníbal Troilo; Astor Piazzolla,Ángel Gatti,Astor Piazzolla,50-54 / T.K. (Figari),Carlos Figari,Enrique Díaz,Aníbal Troilo; Alberto García; Domingo Mattío; Eduardo Marino; Fernando Tell,David Díaz; Reynaldo Nichele; Juan Alzina; Nicolás Albero; Cayetano Gianna (viola); Alfredo Citro (cello),677,S 5386
Aníbal Troilo,Aníbal Troilo y su orquesta Típica,2/28/1954,El Pollo Ricardo,,Tango,Instrumental,T.K.,Tape,Luis Fernandez,Cátulo Castillo,Ismael Spitalnik,50-54 / T.K. (Figari),Carlos Figari,Enrique Díaz,Aníbal Troilo; Alberto García; Domingo Mattío; Eduardo Marino; Fernando Tell,David Díaz; Reynaldo Nichele; Juan Alzina; Nicolás Albero; Cayetano Gianna (viola); Alfredo Citro (cello),678,S 5267
Aníbal Troilo,Troilo-Grela,2/28/1954,Diablito,,Tango,Instrumental,T.K.,Tape,Pedro Maffia,Ismael Aguilar; Gerónimo Massa,,Non Típica,,Enrique Díaz,Aníbal Troilo,Roberto Grela (guitar); Edmundo Zaldívar (bass guitar),679,Sf 30005
Aníbal Troilo,Troilo-Grela,2/28/1954,Un Placer,,Tango,Instrumental,T.K.,Tape,Vicente Romeo,Juan Caruso,,Non Típica,,Enrique Díaz,Aníbal Troilo,Roberto Grela (guitar); Edmundo Zaldívar (bass guitar),680,Sf 30005
Aníbal Troilo,Aníbal Troilo y su orquesta Típica,4/24/1954,De Muy Adentro,,Tango,Instrumental,T.K.,Tape,Ángel Gatti,,Héctor Artola,50-54 / T.K. (Figari),Carlos Figari,Enrique Díaz,Aníbal Troilo; Alberto García; Domingo Mattío; Eduardo Marino; Fernando Tell,David Díaz; Reynaldo Nichele; Juan Alzina; Nicolás Albero; Cayetano Gianna (viola); Alfredo Citro (cello),717,S 5284
Aníbal Troilo,Aníbal Troilo y su orquesta Típica,4/24/1954,Corrientes Angosta,,Tango,Raúl Berón,T.K.,Tape,José Dames; Héctor Artola,Ricardo Podesta,,50-54 / T.K. (Figari),Carlos Figari,Enrique Díaz,Aníbal Troilo; Alberto García; Domingo Mattío; Eduardo Marino; Fernando Tell,David Díaz; Reynaldo Nichele; Juan Alzina; Nicolás Albero; Cayetano Gianna (viola); Alfredo Citro (cello),718,S 5284
Aníbal Troilo,Aníbal Troilo y su orquesta Típica,4/29/1954,La Cantina,,Tango,Jorge Casal,T.K.,Tape,Aníbal Troilo,Francisco Jiménez,Astor Piazzolla,50-54 / T.K. (Figari),Carlos Figari,Enrique Díaz,Aníbal Troilo; Alberto García; Domingo Mattío; Eduardo Marino; Fernando Tell,David Díaz; Reynaldo Nichele; Juan Alzina; Nicolás Albero; Cayetano Gianna (viola); Alfredo Citro (cello),723,S 5286
Aníbal Troilo,Aníbal Troilo y su orquesta Típica,4/29/1954,Pero Yo Sé,,Tango,Raúl Berón,T.K.,Tape,Azucena Maizani,Alberto Mastra,Astor Piazzolla,50-54 / T.K. (Figari),Carlos Figari,Enrique Díaz,Aníbal Troilo; Alberto García; Domingo Mattío; Eduardo Marino; Fernando Tell,David Díaz; Reynaldo Nichele; Juan Alzina; Nicolás Albero; Cayetano Gianna (viola); Alfredo Citro (cello),724,S 5267
Aníbal Troilo,Aníbal Troilo y su orquesta Típica,8/27/1954,Un Tango Para Esthercita,,Tango,Raúl Berón,T.K.,Tape,Alberto Mastra,Dante Gilardoni,Astor Piazzolla,50-54 / T.K. (Figari),Carlos Figari,Enrique Díaz,Aníbal Troilo; Alberto García; Domingo Mattío; Eduardo Marino; Fernando Tell,David Díaz; Reynaldo Nichele; Juan Alzina; Nicolás Albero; Cayetano Gianna (viola); Alfredo Citro (cello),851-1,TK S5346 B
Aníbal Troilo,Aníbal Troilo y su orquesta Típica,9/6/1954,Los Cosos De Al Lao,,Tango,Jorge Casal,T.K.,Tape,Marcos Larrosa; José Canet,Azucena Maizani,Roberto Pansera,54-57 / T.K. (Manzi),Osvaldo Manzi,Enrique Díaz,Aníbal Troilo; Alberto García; Domingo Mattío; Eduardo Marino; Fernando Tell,David Díaz; Reynaldo Nichele; Juan Alzina; Nicolás Albero; Cayetano Gianna (viola); Alfredo Citro (cello),880,S 5346
Aníbal Troilo,Aníbal Troilo y su orquesta Típica,9/6/1954,La Chiflada,,Tango,Instrumental,T.K.,Tape,Anselmo Aieta,Marcos Canet,Astor Piazzolla,54-57 / T.K. (Manzi),Osvaldo Manzi,Enrique Díaz,Aníbal Troilo; Alberto García; Domingo Mattío; Eduardo Marino; Fernando Tell,David Díaz; Reynaldo Nichele; Juan Alzina; Nicolás Albero; Cayetano Gianna (viola); Alfredo Citro (cello),881,S 5347
Aníbal Troilo,Aníbal Troilo y su orquesta Típica,9/6/1954,Taquito Militar,,Milonga,Instrumental,T.K.,Tape,Mariano Mores,,Ismael Spitalnik,54-57 / T.K. (Manzi),Osvaldo Manzi,Enrique Díaz,Aníbal Troilo; Alberto García; Domingo Mattío; Eduardo Marino; Fernando Tell,David Díaz; Reynaldo Nichele; Juan Alzina; Nicolás Albero; Cayetano Gianna (viola); Alfredo Citro (cello),882,S 5347
Aníbal Troilo,Troilo-Grela,4/21/1955,La Cumparsita,,Tango,Instrumental,T.K.,Tape,Gerardo Rodríguez,,,Non Típica,,Enrique Díaz,Aníbal Troilo,Roberto Grela (guitar); Héctor Ayala (bass guitar),963,Sf 30007
Aníbal Troilo,Troilo-Grela,4/21/1955,Nunca Tuvo Novia,,Tango,Instrumental,T.K.,Tape,Agustín Bardi,Enrique Cadícamo,,Non Típica,,Enrique Díaz,Aníbal Troilo,Roberto Grela (guitar); Héctor Ayala (bass guitar),,
Aníbal Troilo,Troilo-Grela,5/16/1955,Mi Refugio,,Tango,Instrumental,T.K.,Tape,Juan Cobián,Pedro Córdoba,,Non Típica,,Enrique Díaz,Aníbal Troilo,Roberto Grela (guitar); Héctor Ayala (bass guitar),1011,Sf 30010
Aníbal Troilo,Troilo-Grela,5/16/1955,A la Guardia Nueva,,Tango,Instrumental,T.K.,Tape,Aníbal Troilo,,,Non Típica,,Enrique Díaz,Aníbal Troilo,Roberto Grela (guitar); Héctor Ayala (bass guitar),1012,Sf 30010
Aníbal Troilo,Aníbal Troilo y su orquesta Típica,7/7/1955,El Irresistible,,Tango,Instrumental,T.K.,Tape,Lorenzo Logatti,,Roberto Pansera,54-57 / T.K. (Manzi),Osvaldo Manzi,Enrique Díaz,Aníbal Troilo; Alberto García; Domingo Mattío; Eduardo Marino; Fernando Tell,David Díaz; Carmelo Caballaro; Juan Alzina; Nicolás Albero; Cayetano Gianna (viola); Adriano Fanelli (cello),1031,S 5400
Aníbal Troilo,Aníbal Troilo y su orquesta Típica,7/7/1955,Recordándote,,Tango,Carlos Olmedo,T.K.,Tape,Guillermo Barbieri,Pascual Contursi,Roberto Pansera,54-57 / T.K. (Manzi),Osvaldo Manzi,Enrique Díaz,Aníbal Troilo; Alberto García; Domingo Mattío; Eduardo Marino; Fernando Tell,David Díaz; Carmelo Caballaro; Juan Alzina; Nicolás Albero; Cayetano Gianna (viola); Adriano Fanelli (cello),1032,S 5400
Aníbal Troilo,Aníbal Troilo y su orquesta Típica,7/14/1955,Intermezzo,,Tango,Instrumental,T.K.,Tape,Oscar Fuente,Pascual Contursi,Oscar de la Fuente,54-57 / T.K. (Manzi),Osvaldo Manzi,Enrique Díaz,Aníbal Troilo; Alberto García; Domingo Mattío; Eduardo Marino; Fernando Tell,David Díaz; Carmelo Caballaro; Juan Alzina; Nicolás Albero; Cayetano Gianna (viola); Adriano Fanelli (cello),1037,S 5402
Aníbal Troilo,Aníbal Troilo y su orquesta Típica,7/14/1955,El Cantor De Buenos Aires,,Tango,Carlos Olmedo,T.K.,Tape,Juan Cobián,,Astor Piazzolla,54-57 / T.K. (Manzi),Osvaldo Manzi,Enrique Díaz,Aníbal Troilo; Alberto García; Domingo Mattío; Eduardo Marino; Fernando Tell,David Díaz; Carmelo Caballaro; Juan Alzina; Nicolás Albero; Cayetano Gianna (viola); Adriano Fanelli (cello),1038,S 5402
Aníbal Troilo,Aníbal Troilo y su orquesta Típica,9/13/1955,Ivette,,Tango,Raúl Berón,T.K.,Tape,Augusto Berto; Julio Roca,José Grandis,,54-57 / T.K. (Manzi),Osvaldo Manzi,Enrique Díaz,Aníbal Troilo; Alberto García; Domingo Mattío; Eduardo Marino; Fernando Tell,David Díaz; Carmelo Caballaro; Juan Alzina; Nicolás Albero; Cayetano Gianna (viola); Adriano Fanelli (cello),1085,S 5420
Aníbal Troilo,Aníbal Troilo y su orquesta Típica,9/13/1955,A Fuego Lento,,Tango,Instrumental,T.K.,Tape,Horacio Salgán,Enrique Cadícamo,Horacio Salgán,54-57 / T.K. (Manzi),Osvaldo Manzi,Enrique Díaz,Aníbal Troilo; Alberto García; Domingo Mattío; Eduardo Marino; Fernando Tell,David Díaz; Carmelo Caballaro; Juan Alzina; Nicolás Albero; Cayetano Gianna (viola); Adriano Fanelli (cello),1086,S 5420
Aníbal Troilo,Troilo-Grela,9/16/1955,El Abrojito,,Tango,Instrumental,T.K.,Tape,Luis Bernstein,Jesús Blanco,,Non Típica,,Enrique Díaz,Aníbal Troilo,Roberto Grela (guitar); Héctor Ayala (bass guitar),1089,Sf 30011
Aníbal Troilo,Troilo-Grela,9/16/1955,Taconeando,,Tango,Instrumental,T.K.,Tape,Pedro Maffia,José Staffolani,,Non Típica,,Enrique Díaz,Aníbal Troilo,Roberto Grela (guitar); Héctor Ayala (bass guitar),1090,Sf 30011
Aníbal Troilo,Aníbal Troilo y su orquesta Típica,7/18/1956,Color de Rosa,,Tango,Instrumental,T.K.,Tape,Pedro Polito; Antonio Polito,,Héctor Artola,54-57 / T.K. (Manzi),Osvaldo Manzi,Enrique Díaz,Aníbal Troilo; Alberto García; Domingo Mattío; Eduardo Marino; Fernando Tell,David Díaz; Juan Alzina; Nicolás Albero; Carmelo Cavallaro; Cayetano Gianna (viola); Adriano Fanelli (cello),1262,TK E10102 A
Aníbal Troilo,Aníbal Troilo y su orquesta Típica,7/18/1956,Quién?,,Tango,Ángel Cárdenas,T.K.,Tape,Osvaldo Manzi,Victorino Velázquez,Roberto Pansera,54-57 / T.K. (Manzi),Osvaldo Manzi,Enrique Díaz,Aníbal Troilo; Alberto García; Domingo Mattío; Eduardo Marino; Fernando Tell,David Díaz; Juan Alzina; Nicolás Albero; Carmelo Cavallaro; Cayetano Gianna (viola); Adriano Fanelli (cello),1263,TK E10102 B
Aníbal Troilo,Aníbal Troilo y su orquesta Típica,8/8/1956,La Última Curda,,Tango,Edmundo Rivero,T.K.,Tape,Aníbal Troilo,Homero Manzi,Argentino Glaván,54-57 / T.K. (Manzi),Osvaldo Manzi,Enrique Díaz,Aníbal Troilo; Alberto García; Domingo Mattío; Eduardo Marino; Fernando Tell,David Díaz; Juan Alzina; Nicolás Albero; Carmelo Cavallaro; Cayetano Gianna (viola); Adriano Fanelli (cello),1296,TK SB-35003 A
Aníbal Troilo,Aníbal Troilo y su orquesta Típica,8/8/1956,Sur,,Tango,Edmundo Rivero,T.K.,Tape,Aníbal Troilo,Abel Aznar,Argentino Glaván,54-57 / T.K. (Manzi),Osvaldo Manzi,Enrique Díaz,Aníbal Troilo; Alberto García; Domingo Mattío; Eduardo Marino; Fernando Tell,David Díaz; Juan Alzina; Nicolás Albero; Carmelo Cavallaro; Cayetano Gianna (viola); Adriano Fanelli (cello),1297,SB-35003 B
Aníbal Troilo,Aníbal Troilo y su orquesta Típica,8/10/1956,Viejo Baldío,,Tango,Pablo Lozano,T.K.,Tape,Roberto Grela,Enrique Uzal,,54-57 / T.K. (Manzi),Osvaldo Manzi,Enrique Díaz,Aníbal Troilo; Alberto García; Domingo Mattío; Eduardo Marino; Fernando Tell,David Díaz; Juan Alzina; Nicolás Albero; Carmelo Cavallaro; Cayetano Gianna (viola); Adriano Fanelli (cello),1302,TK E10107 A
Aníbal Troilo,Aníbal Troilo y su orquesta Típica,8/10/1956,Corralera,,Milonga,Instrumental,T.K.,Tape,Anselmo Aieta,Alberto Gómez,Ismael Spitalnik,54-57 / T.K. (Manzi),Osvaldo Manzi,Enrique Díaz,Aníbal Troilo; Alberto García; Domingo Mattío; Eduardo Marino; Fernando Tell,David Díaz; Juan Alzina; Nicolás Albero; Carmelo Cavallaro; Cayetano Gianna (viola); Adriano Fanelli (cello),1303,E 10107
Aníbal Troilo,Aníbal Troilo y su orquesta Típica,9/7/1956,Bandoneón Arrabalero,,Tango,Roberto Goyeneche,T.K.,Tape,Bachicha,Manuel Barros,,54-57 / T.K. (Manzi),Osvaldo Manzi,Enrique Díaz,Aníbal Troilo; Alberto García; Domingo Mattío; Eduardo Marino; Fernando Tell,David Díaz; Juan Alzina; Nicolás Albero; Carmelo Cavallaro; Cayetano Gianna (viola); Adriano Fanelli (cello),1344,E 10116
Aníbal Troilo,Aníbal Troilo y su orquesta Típica,9/7/1956,Chuzas,,Milonga,Ángel Cárdenas,T.K.,Tape,René Ruiz,,,54-57 / T.K. (Manzi),Osvaldo Manzi,Enrique Díaz,Aníbal Troilo; Alberto García; Domingo Mattío; Eduardo Marino; Fernando Tell,David Díaz; Juan Alzina; Nicolás Albero; Carmelo Cavallaro; Cayetano Gianna (viola); Adriano Fanelli (cello),1345,E 10116
Aníbal Troilo,Aníbal Troilo y su orquesta Típica,9/7/1956,Pablo,,Tango,Instrumental,T.K.,Tape,José Martínez,Marsilio Robles,,54-57 / T.K. (Manzi),Osvaldo Manzi,Enrique Díaz,Aníbal Troilo; Alberto García; Domingo Mattío; Eduardo Marino; Fernando Tell,David Díaz; Juan Alzina; Nicolás Albero; Carmelo Cavallaro; Cayetano Gianna (viola); Adriano Fanelli (cello),1347,TK E10117 B
Aníbal Troilo,Aníbal Troilo y su orquesta Típica,9/7/1956,Calla,,Tango,Roberto Goyeneche,T.K.,Tape,Roberto Rufino,Héctor Marcó,Ismael Spitalnik,54-57 / T.K. (Manzi),Osvaldo Manzi,Enrique Díaz,Aníbal Troilo; Alberto García; Domingo Mattío; Eduardo Marino; Fernando Tell,David Díaz; Juan Alzina; Nicolás Albero; Carmelo Cavallaro; Cayetano Gianna (viola); Adriano Fanelli (cello),1346,TK E10117 A
Aníbal Troilo,Aníbal Troilo y su orquesta Típica,11/2/1956,"Vamos, Vamos Zaino Viejo",,Tango,Ángel Cárdenas,T.K.,Tape,Fernando Tell,Víctor Lamanna,Roberto Pansera,54-57 / T.K. (Manzi),Osvaldo Manzi,Enrique Díaz,Aníbal Troilo; Alberto García; Domingo Mattío; Eduardo Marino; Fernando Tell,David Díaz; Juan Alzina; Nicolás Albero; Carmelo Cavallaro; Cayetano Gianna (viola); Adriano Fanelli (cello),1403,E 10136
Aníbal Troilo,Aníbal Troilo y su orquesta Típica,11/2/1956,Fraternal,,Tango,Instrumental,T.K.,Tape,Ismael Spitalnik,,Ismael Spitalnik,54-57 / T.K. (Manzi),Osvaldo Manzi,Enrique Díaz,Aníbal Troilo; Alberto García; Domingo Mattío; Eduardo Marino; Fernando Tell,David Díaz; Juan Alzina; Nicolás Albero; Carmelo Cavallaro; Cayetano Gianna (viola); Adriano Fanelli (cello),1404,E 10137
Aníbal Troilo,Aníbal Troilo y su orquesta Típica,11/9/1956,Callejón,,Tango,Ángel Cárdenas,T.K.,Tape,Roberto Grela,Juan Loiácono,Argentino Galván,54-57 / T.K. (Manzi),Osvaldo Manzi,Enrique Díaz,Aníbal Troilo; Alberto García; Domingo Mattío; Eduardo Marino; Fernando Tell,David Díaz; Juan Alzina; Nicolás Albero; Carmelo Cavallaro; Cayetano Gianna (viola); Adriano Fanelli (cello),1407,E 10137
Aníbal Troilo,Aníbal Troilo y su orquesta Típica,11/9/1956,Milonga Que Peina Canas,,Milonga,Roberto Goyeneche,T.K.,Tape,Alberto Gómez,Pascual Contursi,Ismael Spitalnik,54-57 / T.K. (Manzi),Osvaldo Manzi,Enrique Díaz,Aníbal Troilo; Alberto García; Domingo Mattío; Eduardo Marino; Fernando Tell,David Díaz; Juan Alzina; Nicolás Albero; Carmelo Cavallaro; Cayetano Gianna (viola); Adriano Fanelli (cello),1408,E 10136
Aníbal Troilo,Aníbal Troilo y su orquesta Típica,11/9/1956,Cantor De Mi Barrio,,Tango,Roberto Goyeneche,T.K.,Tape,Juan Riverol; Francisco Loiácono,,Argentino Galván,54-57 / T.K. (Manzi),Osvaldo Manzi,Enrique Díaz,Aníbal Troilo; Alberto García; Domingo Mattío; Eduardo Marino; Fernando Tell,David Díaz; Juan Alzina; Nicolás Albero; Carmelo Cavallaro; Cayetano Gianna (viola); Adriano Fanelli (cello),1409,E 10138
Aníbal Troilo,Aníbal Troilo y su orquesta Típica,11/9/1956,Qué Risa,,Tango,Ángel Cárdenas,T.K.,Tape,Marsilio Robles,Luis Lira,Ismael Spitalnik,54-57 / T.K. (Manzi),Osvaldo Manzi,Enrique Díaz,Aníbal Troilo; Alberto García; Domingo Mattío; Eduardo Marino; Fernando Tell,David Díaz; Juan Alzina; Nicolás Albero; Carmelo Cavallaro; Cayetano Gianna (viola); Adriano Fanelli (cello),1410,E 10138
Aníbal Troilo,Aníbal Troilo y su orquesta Típica,7/10/1957,Te Llaman Malevo,,Tango,Ángel Cárdenas,Odeón,Tape,Aníbal Troilo,,Julián Plaza,57-59 / Odeón ,Osvaldo Manzi,Enrique Díaz,Aníbal Troilo; Alberto García; Domingo Mattío; Eduardo Marino; Fernando Tell,David Díaz; Juan Alzina; Nicolás Albero; Carmelo Cavallaro; Cayetano Gianna (viola); Adriano Fanelli (cello),22265,Odeón 52185
Aníbal Troilo,Aníbal Troilo y su orquesta Típica,7/10/1957,La Flor De La Canela,,Vals,Goyeneche / Cárdenas,Odeón,Tape,Isabel Granda,Isabel Granda,Argentino Galván,57-59 / Odeón ,Osvaldo Manzi,Enrique Díaz,Aníbal Troilo; Alberto García; Domingo Mattío; Eduardo Marino; Fernando Tell,David Díaz; Juan Alzina; Nicolás Albero; Carmelo Cavallaro; Cayetano Gianna (viola); Adriano Fanelli (cello),22264,Odeón 52185
Aníbal Troilo,Aníbal Troilo y su orquesta Típica,7/10/1957,Retirao,,Tango,Instrumental,Odeón,Tape,Carlos Posadas,Homero Expósito,,57-59 / Odeón ,Osvaldo Manzi,Enrique Díaz,Aníbal Troilo; Alberto García; Domingo Mattío; Eduardo Marino; Fernando Tell,David Díaz; Juan Alzina; Nicolás Albero; Carmelo Cavallaro; Cayetano Gianna (viola); Adriano Fanelli (cello),22267,Odeón 52209
Aníbal Troilo,Aníbal Troilo y su orquesta Típica,7/10/1957,Lo Que Vos Te Mereces,,Tango,Roberto Goyeneche,Odeón,Tape,Carlos Olmedo,,,57-59 / Odeón ,Osvaldo Manzi,Enrique Díaz,Aníbal Troilo; Alberto García; Domingo Mattío; Eduardo Marino; Fernando Tell,David Díaz; Juan Alzina; Nicolás Albero; Carmelo Cavallaro; Cayetano Gianna (viola); Adriano Fanelli (cello),22266,Odeón 52209
Aníbal Troilo,Aníbal Troilo y su orquesta Típica,9/24/1957,Lo Que Vendrá,,Tango,Instrumental,Odeón,Tape,Astor Piazzolla,Celedonio Flores,Astor Piazzolla,57-59 / Odeón ,Osvaldo Berlingieri,Enrique Díaz,Aníbal Troilo; Alberto García; Domingo Mattío; Eduardo Marino; Fernando Tell,David Díaz; Juan Alzina; José Votti; Carmelo Cavallaro; Cayetano Gianna (viola); Adriano Fanelli (cello),22512,Odeón 52237
Aníbal Troilo,Aníbal Troilo y su orquesta Típica,9/24/1957,Pa' Lo Que Te Va A Durar,,Tango,Roberto Goyeneche,Odeón,Tape,Guillermo Barbieri,Luis Rubistein,,57-59 / Odeón ,Osvaldo Berlingieri,Enrique Díaz,Aníbal Troilo; Alberto García; Domingo Mattío; Eduardo Marino; Fernando Tell,David Díaz; Juan Alzina; José Votti; Carmelo Cavallaro; Cayetano Gianna (viola); Adriano Fanelli (cello),22513,Odeón 52237
Aníbal Troilo,Aníbal Troilo y su orquesta Típica,9/25/1957,La Última,,Tango,Ángel Cárdenas,Odeón,Tape,Antonio Blanco,,Ismael Spitalnik,57-59 / Odeón ,Osvaldo Berlingieri,Enrique Díaz,Aníbal Troilo; Alberto García; Domingo Mattío; Eduardo Marino; Fernando Tell,David Díaz; Juan Alzina; José Votti; Carmelo Cavallaro; Cayetano Gianna (viola); Adriano Fanelli (cello),22517,Odeón 52287
Aníbal Troilo,Aníbal Troilo y su orquesta Típica,9/25/1957,Inspiración,,Tango,Instrumental,Odeón,Tape,Peregrino Paulos,Julio Camilloni,Astor Piazzolla,57-59 / Odeón ,Osvaldo Berlingieri,Enrique Díaz,Aníbal Troilo; Alberto García; Domingo Mattío; Eduardo Marino; Fernando Tell,David Díaz; Juan Alzina; José Votti; Carmelo Cavallaro; Cayetano Gianna (viola); Adriano Fanelli (cello),22518,52287
Aníbal Troilo,Aníbal Troilo y su orquesta Típica,5/6/1958,La Calesita,,Tango,Goyeneche / Cárdenas,Odeón,Tape,Mariano Mores,,,57-59 / Odeón ,Osvaldo Berlingieri,Enrique Díaz,Aníbal Troilo; Alberto García; Eduardo Marino; Domingo Mattío; Fernando Tell,David Díaz; Juan Alzina; José Votti; Carlos Piccione; Francisco Sammartino (viola); Adriano Fanelli (cello),23050,52339
Aníbal Troilo,Aníbal Troilo y su orquesta Típica,5/6/1958,La Bordona,,Tango,Instrumental,Odeón,Tape,Emilio Balcarce,Cátulo Castillo,Emilio Balcarce,57-59 / Odeón ,Osvaldo Berlingieri,Enrique Díaz,Aníbal Troilo; Alberto García; Eduardo Marino; Domingo Mattío; Fernando Tell,David Díaz; Juan Alzina; José Votti; Carlos Piccione; Francisco Sammartino (viola); Adriano Fanelli (cello),23049,52339
Aníbal Troilo,Aníbal Troilo y su orquesta Típica,12/5/1958,Danzarín,,Tango,Instrumental,Odeón,Tape,Julián Plaza,Tito Cabano,Julián Plaza,57-59 / Odeón ,Osvaldo Berlingieri,Enrique Díaz,Aníbal Troilo; Alberto García; Eduardo Marino; Domingo Mattío; Fernando Tell,David Díaz; Juan Alzina; José Votti; Carlos Piccione; Francisco Sammartino (viola); Adriano Fanelli (cello),23710,52451
Aníbal Troilo,Aníbal Troilo y su orquesta Típica,12/15/1958,Yo Tengo Un Pecado Nuevo,,Tango,Ángel Cárdenas,Odeón,Tape,Mariano Mores,Claudio Payva,Emilio Balcarce,57-59 / Odeón ,Osvaldo Berlingieri,Enrique Díaz,Aníbal Troilo; Alberto García; Eduardo Marino; Domingo Mattío; Fernando Tell,David Díaz; Juan Alzina; José Votti; Carlos Piccione; Francisco Sammartino (viola); Adriano Fanelli (cello),23711,52451
Aníbal Troilo,Aníbal Troilo y su orquesta Típica,12/15/1958,La Vuelta De Montonero,,Milonga,Ángel Cárdenas,Odeón,Tape,Antonio Benítez,Florencio Chiarello,,57-59 / Odeón ,Osvaldo Berlingieri,Enrique Díaz,Aníbal Troilo; Alberto García; Eduardo Marino; Domingo Mattío; Fernando Tell,David Díaz; Juan Alzina; José Votti; Carlos Piccione; Francisco Sammartino (viola); Adriano Fanelli (cello),23713,Odeón 52507
Aníbal Troilo,Aníbal Troilo y su orquesta Típica,12/15/1958,Un Boliche,,Tango,Roberto Goyeneche,Odeón,Tape,Carlos Acuña,Alberto Martínez,,57-59 / Odeón ,Osvaldo Berlingieri,Enrique Díaz,Aníbal Troilo; Alberto García; Eduardo Marino; Domingo Mattío; Fernando Tell,David Díaz; Juan Alzina; José Votti; Carlos Piccione; Francisco Sammartino (viola); Adriano Fanelli (cello),23712,Odeón 52507
Aníbal Troilo,Aníbal Troilo y su orquesta Típica,12/16/1958,Que Me Importa Tu Pasado,,Tango,Ángel Cárdenas,Odeón,Tape,Manuel Sucher,,Emilio Balcarce,57-59 / Odeón ,Osvaldo Berlingieri,Enrique Díaz,Aníbal Troilo; Alberto García; Eduardo Marino; Domingo Mattío; Fernando Tell,David Díaz; Juan Alzina; José Votti; Carlos Piccione; Francisco Sammartino (viola); Adriano Fanelli (cello),23720,Odeón 52452
Aníbal Troilo,Aníbal Troilo y su orquesta Típica,12/16/1958,Malón de Ausencia,,Tango,Goyeneche / Cárdenas,Odeón,Tape,Edmundo Rivero,Edmundo Rivero,Julián Plaza,57-59 / Odeón ,Osvaldo Berlingieri,Enrique Díaz,Aníbal Troilo; Alberto García; Eduardo Marino; Domingo Mattío; Fernando Tell,David Díaz; Juan Alzina; José Votti; Carlos Piccione; Francisco Sammartino (viola); Adriano Fanelli (cello),23721,Odeón 52452
Aníbal Troilo,Aníbal Troilo y su orquesta Típica,12/16/1958,Quejas De Bandoneón,,Tango,Instrumental,Odeón,Tape,Juan Filiberto,Alberto Mastra,Astor Piazzolla,57-59 / Odeón ,Osvaldo Berlingieri,Enrique Díaz,Aníbal Troilo; Alberto García; Eduardo Marino; Domingo Mattío; Fernando Tell,David Díaz; Juan Alzina; José Votti; Carlos Piccione; Francisco Sammartino (viola); Adriano Fanelli (cello),23722,ODEON 52496
Aníbal Troilo,Aníbal Troilo y su orquesta Típica,12/16/1958,El Metejón,,Tango,Roberto Goyeneche,Odeón,Tape,Roberto Goyeneche,Roberto Giménez,,57-59 / Odeón ,Osvaldo Berlingieri,Enrique Díaz,Aníbal Troilo; Alberto García; Eduardo Marino; Domingo Mattío; Fernando Tell,David Díaz; Juan Alzina; José Votti; Carlos Piccione; Francisco Sammartino (viola); Adriano Fanelli (cello),23719,Odeón 52496
Aníbal Troilo,Aníbal Troilo y su orquesta Típica,12/23/1958,Aquel Tapado de Armiño,,Tango,Ángel Cárdenas,Odeón,Tape,Enrique Delfino,Francisco Jiménez,Argentino Galván,57-59 / Odeón ,Osvaldo Berlingieri,Enrique Díaz,Aníbal Troilo; Alberto García; Eduardo Marino; Domingo Mattío; Fernando Tell,David Díaz; Juan Alzina; José Votti; Carlos Piccione; Francisco Sammartino (viola); Adriano Fanelli (cello),23758,Odeón 52758
Aníbal Troilo,Aníbal Troilo y su orquesta Típica,12/23/1958,Ni Mas Ni Menos,,Milonga,Ángel Cárdenas,Odeón,Tape,Félix Palorma,Carlos Marín,Argentino Galván,57-59 / Odeón ,Osvaldo Berlingieri,Enrique Díaz,Aníbal Troilo; Alberto García; Eduardo Marino; Domingo Mattío; Fernando Tell,David Díaz; Juan Alzina; José Votti; Carlos Piccione; Francisco Sammartino (viola); Adriano Fanelli (cello),23759,Odeón LD 52759
Aníbal Troilo,Aníbal Troilo y su orquesta Típica,12/23/1958,Barrio Pobre,,Tango,Roberto Goyeneche,Odeón,Tape,Vicente Belvedere,Félix Palorma,,57-59 / Odeón ,Osvaldo Berlingieri,Enrique Díaz,Aníbal Troilo; Alberto García; Eduardo Marino; Domingo Mattío; Fernando Tell,David Díaz; Juan Alzina; José Votti; Carlos Piccione; Francisco Sammartino (viola); Adriano Fanelli (cello),23757,Odeón 52758
Aníbal Troilo,Aníbal Troilo y su orquesta Típica,12/23/1958,Aguántate Casimiro,,Tango,Roberto Goyeneche,Odeón,Tape,Alberto Mastra,Manuel Romero,,57-59 / Odeón ,Osvaldo Berlingieri,Enrique Díaz,Aníbal Troilo; Alberto García; Eduardo Marino; Domingo Mattío; Fernando Tell,David Díaz; Juan Alzina; José Votti; Carlos Piccione; Francisco Sammartino (viola); Adriano Fanelli (cello),23760,Odeón DSOA/E1730
Aníbal Troilo,Aníbal Troilo y su orquesta Típica,6/4/1959,Marinera,,Tango,Ángel Cárdenas,Odeón,Tape,Pedro Laurenz,Julio Huasi,,57-59 / Odeón ,Osvaldo Berlingieri,Alcides Rossi,Aníbal Troilo; Alberto García; Eduardo Marino; Domingo Mattío; Ernesto Baffa,David Díaz; Juan Alzina; José Votti; Carlos Piccione; Francisco Sammartino (viola); José Bragato (cello),24088,Odeón 52519
Aníbal Troilo,Aníbal Troilo y su orquesta Típica,6/4/1959,San Pedro Y San Pablo,,Tango,Roberto Goyeneche,Odeón,Tape,Ismael Spitalnik,Cátulo Castillo,Ismael Spitalnik,57-59 / Odeón ,Osvaldo Berlingieri,Alcides Rossi,Aníbal Troilo; Alberto García; Eduardo Marino; Domingo Mattío; Ernesto Baffa,David Díaz; Juan Alzina; José Votti; Carlos Piccione; Francisco Sammartino (viola); José Bragato (cello),24087,Odeón 52519
Aníbal Troilo,Aníbal Troilo y su orquesta Típica,8/18/1961,Melancólico,,Tango,Instrumental,Víctor,Tape,Julián Plaza,,Julián Plaza,61-68 / Berlingieri ,Osvaldo Berlingieri,Eugenio Pro,Aníbal Troilo; Alberto García; Ernesto Baffa; Domingo Mattío; Eduardo Marino,David Díaz; Juan Alzina; José Votti; Carlos Piccione; Mauricio Marcelli; Cayetano Gianna (viola); Adriano Fanelli (cello) ,2663,1A-4022
Aníbal Troilo,Aníbal Troilo y su orquesta Típica,8/18/1961,Nocturna,,Milonga,Instrumental,Víctor,Tape,Julián Plaza,Pascual Contursi,Julián Plaza,61-68 / Berlingieri ,Osvaldo Berlingieri,Eugenio Pro,Aníbal Troilo; Alberto García; Ernesto Baffa; Domingo Mattío; Eduardo Marino,David Díaz; Juan Alzina; José Votti; Carlos Piccione; Mauricio Marcelli; Cayetano Gianna (viola); Adriano Fanelli (cello) ,2664,1A-4022
Aníbal Troilo,Aníbal Troilo y su orquesta Típica,8/18/1961,A Homero,,Tango,Roberto Goyeneche,Víctor,Tape,Aníbal Troilo, ,Julián Plaza,61-68 / Berlingieri ,Osvaldo Berlingieri,Eugenio Pro,Aníbal Troilo; Alberto García; Ernesto Baffa; Domingo Mattío; Eduardo Marino,David Díaz; Juan Alzina; José Votti; Carlos Piccione; Mauricio Marcelli; Cayetano Gianna (viola); Adriano Fanelli (cello) ,2665,AVL-3416
Aníbal Troilo,Aníbal Troilo y su orquesta Típica,8/18/1961,El Motivo,,Tango,Roberto Goyeneche,Víctor,Tape,Juan Cobián,Lito Bayardo,,61-68 / Berlingieri ,Osvaldo Berlingieri,Eugenio Pro,Aníbal Troilo; Alberto García; Ernesto Baffa; Domingo Mattío; Eduardo Marino,David Díaz; Juan Alzina; José Votti; Carlos Piccione; Mauricio Marcelli; Cayetano Gianna (viola); Adriano Fanelli (cello) ,2694,AVL-3416
Aníbal Troilo,Aníbal Troilo y su orquesta Típica,8/22/1961,Tierrita,,Tango,Instrumental,Víctor,Tape,Agustín Bardi,Enrique Cadícamo,Alberto Caracciolo,61-68 / Berlingieri ,Osvaldo Berlingieri,Eugenio Pro,Aníbal Troilo; Alberto García; Ernesto Baffa; Domingo Mattío; Eduardo Marino,David Díaz; Juan Alzina; José Votti; Carlos Piccione; Mauricio Marcelli; Cayetano Gianna (viola); Adriano Fanelli (cello) ,2696,AVL-3416
Aníbal Troilo,Aníbal Troilo y su orquesta Típica,8/23/1961,Mi Luna,,Tango,Roberto Goyeneche,Víctor,Tape,Carlos Olmedo,Jesús Blanco,,61-68 / Berlingieri ,Osvaldo Berlingieri,Eugenio Pro,Aníbal Troilo; Alberto García; Ernesto Baffa; Domingo Mattío; Eduardo Marino,David Díaz; Juan Alzina; José Votti; Carlos Piccione; Mauricio Marcelli; Cayetano Gianna (viola); Adriano Fanelli (cello) ,2695,AVL-3416
Aníbal Troilo,Aníbal Troilo y su orquesta Típica,1/9/1962,Cachirliando,,Milonga,Elba Berón,Víctor,Tape,Adolfo Berón,,,61-68 / Berlingieri ,Osvaldo Berlingieri,Rafael Del Bagno,Aníbal Troilo; Ernesto Baffa; Domingo Mattío; Eduardo Marino,David Díaz; Juan Alzina; José Votti; Carlos Piccione; Mauricio Marcelli; Cayetano Gianna (viola); Adriano Fanelli (cello),,
Aníbal Troilo,Aníbal Troilo y su orquesta Típica,1/9/1962,La Bordona,,Tango,Instrumental,Víctor,Tape,Emilio Balcarce,,Emilio Balcarce,61-68 / Berlingieri ,Osvaldo Berlingieri,Rafael Del Bagno,Aníbal Troilo; Ernesto Baffa; Domingo Mattío; Eduardo Marino,David Díaz; Juan Alzina; José Votti; Carlos Piccione; Mauricio Marcelli; Cayetano Gianna (viola); Adriano Fanelli (cello),3123,AVL-3416
Aníbal Troilo,Aníbal Troilo y su orquesta Típica,1/9/1962,Garúa,,Tango,Roberto Goyeneche,Víctor,Tape,Aníbal Troilo,Alberto Martínez,,61-68 / Berlingieri ,Osvaldo Berlingieri,Rafael Del Bagno,Aníbal Troilo; Ernesto Baffa; Domingo Mattío; Eduardo Marino,David Díaz; Juan Alzina; José Votti; Carlos Piccione; Mauricio Marcelli; Cayetano Gianna (viola); Adriano Fanelli (cello),3118,AVL-3416
Aníbal Troilo,Aníbal Troilo y su orquesta Típica,2/9/1962,Y a Mí Qué?,,Tango,Elba Berón,Víctor,Tape,Aníbal Troilo,Enrique Uzal,Julián Plaza,61-68 / Berlingieri ,Osvaldo Berlingieri,Rafael Del Bagno,Aníbal Troilo; Ernesto Baffa; Domingo Mattío; Eduardo Marino,David Díaz; Juan Alzina; José Votti; Carlos Piccione; Mauricio Marcelli; Cayetano Gianna (viola); Adriano Fanelli (cello),3119,AVL-3416
Aníbal Troilo,Aníbal Troilo y su orquesta Típica,2/9/1962,Desencuentro,,Tango,Elba Berón,Víctor,Tape,Aníbal Troilo,Cátulo Castillo,Julián Plaza,61-68 / Berlingieri ,Osvaldo Berlingieri,Rafael Del Bagno,Aníbal Troilo; Ernesto Baffa; Domingo Mattío; Eduardo Marino,David Díaz; Juan Alzina; José Votti; Carlos Piccione; Mauricio Marcelli; Cayetano Gianna (viola); Adriano Fanelli (cello),3120,AVL-3416
Aníbal Troilo,Aníbal Troilo y su orquesta Típica,2/10/1962,Coplas,,Tango,Goyeneche / Berón,Víctor,Tape,Aníbal Troilo,Cátulo Castillo,,61-68 / Berlingieri ,Osvaldo Berlingieri,Rafael Del Bagno,Aníbal Troilo; Ernesto Baffa; Domingo Mattío; Eduardo Marino,David Díaz; Juan Alzina; José Votti; Carlos Piccione; Mauricio Marcelli; Cayetano Gianna (viola); Adriano Fanelli (cello),3122,AVL-3416
Aníbal Troilo,Troilo-Grela,8/21/1962,Madame Ivonne,,Tango,Instrumental,Víctor,Tape,Eduardo Pereyra,Enrique Cadícamo,,Non Típica,,Eugenio Pro,Aníbal Troilo,Roberto Grela (guitar); Ernesto Báez (bass guitar),3404,AVL-3464
Aníbal Troilo,Troilo-Grela,8/21/1962,La trampera,,Milonga,Instrumental,Víctor,Tape,Aníbal Troilo,,,Non Típica,,Eugenio Pro,Aníbal Troilo,Roberto Grela (guitar); Ernesto Báez (bass guitar),3405,AVL-3464
Aníbal Troilo,Troilo-Grela,8/21/1962,Mi noche triste,,Tango,Instrumental,Víctor,Tape,Samuel Castriota,Pascual Contursi,,Non Típica,,Eugenio Pro,Aníbal Troilo,Roberto Grela (guitar); Ernesto Báez (bass guitar),3406,AVL-3464
Aníbal Troilo,Troilo-Grela,8/21/1962,La tablada,,Tango,Instrumental,Víctor,Tape,Francisco Canaro,,,Non Típica,,Eugenio Pro,Aníbal Troilo,Roberto Grela (guitar); Ernesto Báez (bass guitar),3407,AVL-3464
Aníbal Troilo,Troilo-Grela,8/27/1962,Silbando,,Tango,Instrumental,Víctor,Tape,Sebastián Piana; Cátulo Castillo,José Castillo,,Non Típica,,Eugenio Pro,Aníbal Troilo,Roberto Grela (guitar); Ernesto Báez (bass guitar),3417,AVL-3464
Aníbal Troilo,Troilo-Grela,8/27/1962,La maleva,,Tango,Instrumental,Víctor,Tape,Antonio Buglione,Mario Pardo,,Non Típica,,Eugenio Pro,Aníbal Troilo,Roberto Grela (guitar); Ernesto Báez (bass guitar),3418,AVL-3464
Aníbal Troilo,Troilo-Grela,8/27/1962,Ivette,,Tango,Instrumental,Víctor,Tape,Augusto Berto; Julio Roca,Pascual Contursi,,Non Típica,,Eugenio Pro,Aníbal Troilo,Roberto Grela (guitar); Ernesto Báez (bass guitar),3419,AVL-3464
Aníbal Troilo,Troilo-Grela,9/13/1962,Pa' que bailen los muchachos,,Tango,Instrumental,Víctor,Tape,Aníbal Troilo,Enrique Cadícamo,,Non Típica,,Eugenio Pro,Aníbal Troilo,Roberto Grela (guitar); Ernesto Báez (bass guitar),3468,AVL-3464
Aníbal Troilo,Troilo-Grela,9/13/1962,Maipo,,Tango,Instrumental,Víctor,Tape,Eduardo Arolas,Gabriel Clausi,,Non Típica,,Eugenio Pro,Aníbal Troilo,Roberto Grela (guitar); Ernesto Báez (bass guitar),3469,AVL-3464
Aníbal Troilo,Troilo-Grela,12/3/1962,Nunca tuvo novio,,Tango,Instrumental,Víctor,Tape,Agustín Bardi,Enrique Cadícamo,,Non Típica,,Eugenio Pro,Aníbal Troilo,Roberto Grela (guitar); Ernesto Báez (bass guitar),3508,AVL-3464
Aníbal Troilo,Aníbal Troilo y su orquesta Típica,4/5/1963,Lo que vendrá,,Tango,Instrumental,Víctor,Tape-S,Astor Piazzolla,,Astor Piazzolla,61-68 / Berlingieri ,Osvaldo Berlingieri,Rafael Del Bagno,Ernesto Baffa; Aníbal Troilo; Eduardo Marino; Domingo Mattío; Raúl Garello ,"David Díaz; Juan Alzina; Claudio González, Nito Farace; Cayetano Gianna (viola); Miguel Ariz (cello)",3804,AVS-3461
Aníbal Troilo,Aníbal Troilo y su orquesta Típica,4/5/1963,Recordando a Discepolo,,Tango,Instrumental,Víctor,Tape-S,Enrique Discépolo; Mariano Mores,,Julián Plaza,61-68 / Berlingieri ,Osvaldo Berlingieri,Rafael Del Bagno,Ernesto Baffa; Aníbal Troilo; Eduardo Marino; Domingo Mattío; Raúl Garello ,"David Díaz; Juan Alzina; Claudio González, Nito Farace; Cayetano Gianna (viola); Miguel Ariz (cello)",3805,AVS-3461
Aníbal Troilo,Aníbal Troilo y su orquesta Típica,4/5/1963,Responso,,Tango,Instrumental,Víctor,Tape-S,Aníbal Troilo,,Astor Piazzolla,61-68 / Berlingieri ,Osvaldo Berlingieri,Rafael Del Bagno,Ernesto Baffa; Aníbal Troilo; Eduardo Marino; Domingo Mattío; Raúl Garello ,"David Díaz; Juan Alzina; Claudio González, Nito Farace; Cayetano Gianna (viola); Miguel Ariz (cello)",3806,AVS-3461
Aníbal Troilo,Aníbal Troilo y su orquesta Típica,4/9/1963,Tierrita,,Tango,Instrumental,Víctor,Tape-S,Agustín Bardi,,Alberto Caracciolo,61-68 / Berlingieri ,Osvaldo Berlingieri,Rafael Del Bagno,Ernesto Baffa; Aníbal Troilo; Eduardo Marino; Domingo Mattío; Raúl Garello ,"David Díaz; Juan Alzina; Claudio González, Nito Farace; Cayetano Gianna (viola); Miguel Ariz (cello)",3807,AVS-3461
Aníbal Troilo,Aníbal Troilo y su orquesta Típica,4/9/1963,La Cumparsita,,Tango,Instrumental,Víctor,Tape-S,Gerardo Rodriguez,Jesús Blanco,Astor Piazzolla,61-68 / Berlingieri ,Osvaldo Berlingieri,Rafael Del Bagno,Ernesto Baffa; Aníbal Troilo; Eduardo Marino; Domingo Mattío; Raúl Garello ,"David Díaz; Juan Alzina; Claudio González, Nito Farace; Cayetano Gianna (viola); Miguel Ariz (cello)",3808,AVS-3461
Aníbal Troilo,Aníbal Troilo y su orquesta Típica,4/9/1963,A Mis Viejos,,Tango,Instrumental,Víctor,Tape-S,Osvaldo Berlingieri,Gerardo Rodriguez,Julián Plaza,61-68 / Berlingieri ,Osvaldo Berlingieri,Rafael Del Bagno,Ernesto Baffa; Aníbal Troilo; Eduardo Marino; Domingo Mattío; Raúl Garello ,"David Díaz; Juan Alzina; Claudio González, Nito Farace; Cayetano Gianna (viola); Miguel Ariz (cello)",3809,AVS-3461
Aníbal Troilo,Aníbal Troilo y su orquesta Típica,4/16/1963,Melancólico,,Tango,Instrumental,Víctor,Tape-S,Julián Plaza,,Julián Plaza,61-68 / Berlingieri ,Osvaldo Berlingieri,Rafael Del Bagno,Ernesto Baffa; Aníbal Troilo; Eduardo Marino; Domingo Mattío; Raúl Garello ,"David Díaz; Juan Alzina; Claudio González, Nito Farace; Cayetano Gianna (viola); Miguel Ariz (cello)",3810,AVS-3461
Aníbal Troilo,Aníbal Troilo y su orquesta Típica,4/16/1963,Nocturna,,Milonga,Instrumental,Víctor,Tape-S,Julián Plaza,,Julián Plaza,61-68 / Berlingieri ,Osvaldo Berlingieri,Rafael Del Bagno,Ernesto Baffa; Aníbal Troilo; Eduardo Marino; Domingo Mattío; Raúl Garello ,"David Díaz; Juan Alzina; Claudio González, Nito Farace; Cayetano Gianna (viola); Miguel Ariz (cello)",3811,AVS-3461
Aníbal Troilo,Aníbal Troilo y su orquesta Típica,4/16/1963,La Bordona,,Tango,Instrumental,Víctor,Tape-S,Emilio Balcarce,,Emilio Balcarce,61-68 / Berlingieri ,Osvaldo Berlingieri,Rafael Del Bagno,Ernesto Baffa; Aníbal Troilo; Eduardo Marino; Domingo Mattío; Raúl Garello ,"David Díaz; Juan Alzina; Claudio González, Nito Farace; Cayetano Gianna (viola); Miguel Ariz (cello)",3812,AVS-3461
Aníbal Troilo,Aníbal Troilo y su orquesta Típica,4/17/1963,B.B.,,Tango,Instrumental,Víctor,Tape-S,Ernesto Baffa; Osvaldo Berlingieri,,Roberto Pansera,61-68 / Berlingieri ,Osvaldo Berlingieri,Rafael Del Bagno,Ernesto Baffa; Aníbal Troilo; Eduardo Marino; Domingo Mattío; Raúl Garello ,"David Díaz; Juan Alzina; Claudio González, Nito Farace; Cayetano Gianna (viola); Miguel Ariz (cello)",3813,AVS-3461
Aníbal Troilo,Aníbal Troilo y su orquesta Típica,4/17/1963,Nostálgico,,Tango,Instrumental,Víctor,Tape-S,Julián Plaza,José Contursi,Julián Plaza,61-68 / Berlingieri ,Osvaldo Berlingieri,Rafael Del Bagno,Ernesto Baffa; Aníbal Troilo; Eduardo Marino; Domingo Mattío; Raúl Garello ,"David Díaz; Juan Alzina; Claudio González, Nito Farace; Cayetano Gianna (viola); Miguel Ariz (cello)",3814,AVS-3461
Aníbal Troilo,Aníbal Troilo y su orquesta Típica,4/17/1963,Danzarín,,Tango,Instrumental,Víctor,Tape-S,Julián Plaza,,Julián Plaza,61-68 / Berlingieri ,Osvaldo Berlingieri,Rafael Del Bagno,Ernesto Baffa; Aníbal Troilo; Eduardo Marino; Domingo Mattío; Raúl Garello ,"David Díaz; Juan Alzina; Claudio González, Nito Farace; Cayetano Gianna (viola); Miguel Ariz (cello)",3815,AVS-3461
Aníbal Troilo,Aníbal Troilo y su orquesta Típica,4/23/1963,A Mí No Me Hablen De Tango,,Tango,Roberto Goyeneche,Víctor,Tape,Juan Paz,Rodolfo Taboada,,61-68 / Berlingieri ,Osvaldo Berlingieri,Rafael Del Bagno,Ernesto Baffa; Aníbal Troilo; Eduardo Marino; Domingo Mattío; Raúl Garello ,"David Díaz; Juan Alzina; Claudio González, Nito Farace; Cayetano Gianna (viola); Miguel Ariz (cello)",3796,31A-4209
Aníbal Troilo,Aníbal Troilo y su orquesta Típica,4/23/1963,Frente Al Mar,,Tango,Roberto Rufino,Víctor,Tape,Mariano Mores,Homero Manzi,Julián Plaza,61-68 / Berlingieri ,Osvaldo Berlingieri,Rafael Del Bagno,Ernesto Baffa; Aníbal Troilo; Eduardo Marino; Domingo Mattío; Raúl Garello ,"David Díaz; Juan Alzina; Claudio González, Nito Farace; Cayetano Gianna (viola); Miguel Ariz (cello)",3795,31A-4209
Aníbal Troilo,Aníbal Troilo y su orquesta Típica,4/24/1963,Cómo Se Pianta La Vida,,Tango,Roberto Goyeneche,Víctor,Tape,Carlos Viván,Cátulo Castillo,Julián Plaza,61-68 / Berlingieri ,Osvaldo Berlingieri,Rafael Del Bagno,Ernesto Baffa; Aníbal Troilo; Eduardo Marino; Domingo Mattío; Raúl Garello ,"David Díaz; Juan Alzina; Claudio González, Nito Farace; Cayetano Gianna (viola); Miguel Ariz (cello)",3802,AVL-3528
Aníbal Troilo,Aníbal Troilo y su orquesta Típica,4/24/1963,Ninguna,,Tango,Roberto Rufino,Víctor,Tape,Raúl Siro,Carlos Viván,Julián Plaza,61-68 / Berlingieri ,Osvaldo Berlingieri,Rafael Del Bagno,Ernesto Baffa; Aníbal Troilo; Eduardo Marino; Domingo Mattío; Raúl Garello ,"David Díaz; Juan Alzina; Claudio González, Nito Farace; Cayetano Gianna (viola); Miguel Ariz (cello)",3801,AVL-3528
Aníbal Troilo,Aníbal Troilo y su orquesta Típica,5/7/1963,La Última Curda,,Tango,Roberto Goyeneche,Víctor,Tape,Aníbal Troilo,Cátulo Castillo,Argentino Galván,61-68 / Berlingieri ,Osvaldo Berlingieri,Rafael Del Bagno,Ernesto Baffa; Aníbal Troilo; Eduardo Marino; Domingo Mattío; Raúl Garello ,"David Díaz; Juan Alzina; Claudio González, Nito Farace; Cayetano Gianna (viola); Miguel Ariz (cello)",3818,AVL-3486
Aníbal Troilo,Aníbal Troilo y su orquesta Típica,5/7/1963,Maria,,Tango,Roberto Rufino,Víctor,Tape,Aníbal Troilo,Alberto Martínez,,61-68 / Berlingieri ,Osvaldo Berlingieri,Rafael Del Bagno,Ernesto Baffa; Aníbal Troilo; Eduardo Marino; Domingo Mattío; Raúl Garello ,"David Díaz; Juan Alzina; Claudio González, Nito Farace; Cayetano Gianna (viola); Miguel Ariz (cello)",3819,AVL-3528
Aníbal Troilo,Aníbal Troilo y su orquesta Típica,5/14/1963,Quiero Huir De Mi,,Vals,Goyeneche / Rufino,Víctor,Tape,Roberto Rufino,Cátulo Castillo,,61-68 / Berlingieri ,Osvaldo Berlingieri,Rafael Del Bagno,Ernesto Baffa; Aníbal Troilo; Eduardo Marino; Domingo Mattío; Raúl Garello ,"David Díaz; Juan Alzina; Claudio González, Nito Farace; Cayetano Gianna (viola); Miguel Ariz (cello)",3831,AVL-3879
Aníbal Troilo,Aníbal Troilo y su orquesta Típica,5/14/1963,Quién Lo Habría De Pensar,,Tango,Roberto Rufino,Víctor,Tape,Roberto Rufino,Alberto Martínez,,61-68 / Berlingieri ,Osvaldo Berlingieri,Rafael Del Bagno,Ernesto Baffa; Aníbal Troilo; Eduardo Marino; Domingo Mattío; Raúl Garello ,"David Díaz; Juan Alzina; Claudio González, Nito Farace; Cayetano Gianna (viola); Miguel Ariz (cello)",3830,AVL-3528
Aníbal Troilo,Aníbal Troilo y su orquesta Típica,6/5/1963,Tamar,Marta,Tango,Roberto Goyeneche,Víctor,Tape,Osvaldo Berlingieri,,,61-68 / Berlingieri ,Osvaldo Berlingieri,Rafael Del Bagno,Ernesto Baffa; Aníbal Troilo; Eduardo Marino; Domingo Mattío; Raúl Garello ,"David Díaz; Juan Alzina; Claudio González, Nito Farace; Cayetano Gianna (viola); Miguel Ariz (cello)",3865,AVL-3528
Aníbal Troilo,Aníbal Troilo y su orquesta Típica,6/5/1963,El Metejón,,Tango,Roberto Goyeneche,Víctor,Tape,Roberto Goyeneche,Rodolfo Taboada,,61-68 / Berlingieri ,Osvaldo Berlingieri,Rafael Del Bagno,Ernesto Baffa; Aníbal Troilo; Eduardo Marino; Domingo Mattío; Raúl Garello ,"David Díaz; Juan Alzina; Claudio González, Nito Farace; Cayetano Gianna (viola); Miguel Ariz (cello)",3867,AVL-3528
Aníbal Troilo,Aníbal Troilo y su orquesta Típica,6/5/1963,Por Qué La Quise Tanto,,Tango,Roberto Rufino,Víctor,Tape,Mariano Mores,Oscar Núñez,,61-68 / Berlingieri ,Osvaldo Berlingieri,Rafael Del Bagno,Ernesto Baffa; Aníbal Troilo; Eduardo Marino; Domingo Mattío; Raúl Garello ,"David Díaz; Juan Alzina; Claudio González, Nito Farace; Cayetano Gianna (viola); Miguel Ariz (cello)",,3AE-3150
Aníbal Troilo,Aníbal Troilo y su orquesta Típica,6/5/1963,Desencuentro,,Tango,Roberto Rufino,Víctor,Tape,Aníbal Troilo,Florencio Chiarello,Julián Plaza,61-68 / Berlingieri ,Osvaldo Berlingieri,Rafael Del Bagno,Ernesto Baffa; Aníbal Troilo; Eduardo Marino; Domingo Mattío; Raúl Garello ,"David Díaz; Juan Alzina; Claudio González, Nito Farace; Cayetano Gianna (viola); Miguel Ariz (cello)",3868,AVL-3528
Aníbal Troilo,Aníbal Troilo y su orquesta Típica,6/11/1963,Mi Viejo Reloj,,Tango,Instrumental,Víctor,Tape,Osvaldo Fresedo,Julio Huasi,Astor Piazzolla,61-68 / Berlingieri ,Osvaldo Berlingieri,Rafael Del Bagno,Ernesto Baffa; Aníbal Troilo; Eduardo Marino; Domingo Mattío; Raúl Garello ,"David Díaz; Juan Alzina; Claudio González, Nito Farace; Cayetano Gianna (viola); Miguel Ariz (cello)",3882,AVL-3486
Aníbal Troilo,Aníbal Troilo y su orquesta Típica,6/11/1963,San Pedro Y San Pablo,,Tango,Roberto Goyeneche,Víctor,Tape,Ismael Spitalnik,Enrique Cadícamo,Ismael Spitalnik,61-68 / Berlingieri ,Osvaldo Berlingieri,Rafael Del Bagno,Ernesto Baffa; Aníbal Troilo; Eduardo Marino; Domingo Mattío; Raúl Garello ,"David Díaz; Juan Alzina; Claudio González, Nito Farace; Cayetano Gianna (viola); Miguel Ariz (cello)",3883,CAL-3282
Aníbal Troilo,Aníbal Troilo y su orquesta Típica,6/18/1963,Pa' Que Bailen Los Muchachos,,Tango,Roberto Goyeneche,Víctor,Tape,Aníbal Troilo,Francisco Jiménez,Horacio Salgán,61-68 / Berlingieri ,Osvaldo Berlingieri,Rafael Del Bagno,Ernesto Baffa; Aníbal Troilo; Eduardo Marino; Domingo Mattío; Raúl Garello ,"David Díaz; Juan Alzina; Claudio González, Nito Farace; Cayetano Gianna (viola); Miguel Ariz (cello)",3892,3AE-3625
Aníbal Troilo,Aníbal Troilo y su orquesta Típica,6/18/1963,Amores De Estudiante,,Vals,Roberto Rufino,Víctor,Tape,Carlos Gardel,Alfredo Pera; Mario Battistella,,61-68 / Berlingieri ,Osvaldo Berlingieri,Rafael Del Bagno,Ernesto Baffa; Aníbal Troilo; Eduardo Marino; Domingo Mattío; Raúl Garello ,"David Díaz; Juan Alzina; Claudio González, Nito Farace; Cayetano Gianna (viola); Miguel Ariz (cello)",3891,AVL-3486
Aníbal Troilo,Aníbal Troilo y su orquesta Típica,2/3/1964,Barrio De Tango,,Tango,Nelly Vázquez,Víctor,Tape,Aníbal Troilo,Luis Amadori,Julián Plaza,61-68 / Berlingieri ,Osvaldo Berlingieri,Rafael Del Bagno,Ernesto Baffa; Aníbal Troilo; Domingo Mattío; Eduardo Marino; Raúl Garello ,"David Díaz; Juan Alzina; Claudio González, Nito Farace; Cayetano Gianna (viola); Miguel Ariz (cello)",4160,3AE-3205
Aníbal Troilo,Aníbal Troilo y su orquesta Típica,2/3/1964,Madreselva,,Tango,Nelly Vázquez,Víctor,Tape,Francisco Canaro,Humberto Correa,Julián Plaza,61-68 / Berlingieri ,Osvaldo Berlingieri,Rafael Del Bagno,Ernesto Baffa; Aníbal Troilo; Domingo Mattío; Eduardo Marino; Raúl Garello ,"David Díaz; Juan Alzina; Claudio González, Nito Farace; Cayetano Gianna (viola); Miguel Ariz (cello)",4161,AVL-3528
Aníbal Troilo,Aníbal Troilo y su orquesta Típica,2/3/1964,Mi Vieja Viola,,Tango,Tito Reyes,Víctor,Tape,Humberto Correa,Rodolfo Arrigorriaga,,61-68 / Berlingieri ,Osvaldo Berlingieri,Rafael Del Bagno,Ernesto Baffa; Aníbal Troilo; Domingo Mattío; Eduardo Marino; Raúl Garello ,"David Díaz; Juan Alzina; Claudio González, Nito Farace; Cayetano Gianna (viola); Miguel Ariz (cello)",4162,AVL-3528
Aníbal Troilo,Aníbal Troilo y su orquesta Típica,2/3/1964,Las Carretas,,Milonga,Tito Reyes,Víctor,Tape,Néstor Feria,Federico Silva,,61-68 / Berlingieri ,Osvaldo Berlingieri,Rafael Del Bagno,Ernesto Baffa; Aníbal Troilo; Domingo Mattío; Eduardo Marino; Raúl Garello ,"David Díaz; Juan Alzina; Claudio González, Nito Farace; Cayetano Gianna (viola); Miguel Ariz (cello)",4163,AVL-3528
Aníbal Troilo,Aníbal Troilo y su orquesta Típica,12/22/1964,Qué Falta Que Me Hacés,,Tango,Roberto Rufino,Víctor,Tape,Armando Pontier; Miguel Caló,Héctor Méndez,Astor Piazzolla,61-68 / Berlingieri ,Osvaldo Berlingieri,Rafael Del Bagno,Ernesto Baffa; Aníbal Troilo; Domingo Mattío; Eduardo Marino; Raúl Garello ,"David Díaz; Juan Alzina; Claudio González, Nito Farace; Cayetano Gianna (viola); Miguel Ariz (cello)",4827,AVL-3577
Aníbal Troilo,Aníbal Troilo y su orquesta Típica,12/22/1964,Yo Soy Del 30,,Tango,Tito Reyes,Víctor,Tape,Aníbal Troilo,Cátulo Castillo,Julián Plaza,61-68 / Berlingieri ,Osvaldo Berlingieri,Rafael Del Bagno,Ernesto Baffa; Aníbal Troilo; Domingo Mattío; Eduardo Marino; Raúl Garello ,"David Díaz; Juan Alzina; Claudio González, Nito Farace; Cayetano Gianna (viola); Miguel Ariz (cello)",,AVL-3577
Aníbal Troilo,Aníbal Troilo y su orquesta Típica,1/4/1965,Milonguero Triste,,Tango,Instrumental,Víctor,Tape,Aníbal Troilo,Cátulo Castillo,Julián Plaza,61-68 / Berlingieri ,Osvaldo Berlingieri,Rafael Del Bagno,Ernesto Baffa; Aníbal Troilo; Domingo Mattío; Eduardo Marino; Raúl Garello ,"David Díaz; Juan Alzina; Claudio González, Nito Farace; Cayetano Gianna (viola); Miguel Ariz (cello)",4859,AVL-3577
Aníbal Troilo,Aníbal Troilo y su orquesta Típica,1/4/1965,Patio Mío,,Tango,Nelly Vázquez,Víctor,Tape,Aníbal Troilo,Guillermo Barbieri,,61-68 / Berlingieri ,Osvaldo Berlingieri,Rafael Del Bagno,Ernesto Baffa; Aníbal Troilo; Domingo Mattío; Eduardo Marino; Raúl Garello ,"David Díaz; Juan Alzina; Claudio González, Nito Farace; Cayetano Gianna (viola); Miguel Ariz (cello)",4860,AVL-3577
Aníbal Troilo,Aníbal Troilo y su orquesta Típica,1/4/1965,Mensaje,,Tango,Roberto Rufino,Víctor,Tape,Enrique Discepolo,,Astor Piazzolla,61-68 / Berlingieri ,Osvaldo Berlingieri,Rafael Del Bagno,Ernesto Baffa; Aníbal Troilo; Domingo Mattío; Eduardo Marino; Raúl Garello ,"David Díaz; Juan Alzina; Claudio González, Nito Farace; Cayetano Gianna (viola); Miguel Ariz (cello)",4862,AVL-3577
Aníbal Troilo,Aníbal Troilo y su orquesta Típica,1/7/1965,Mi Viejo Reloj,,Tango,Instrumental,Víctor,Tape-S,Osvaldo Fresedo,Homero Expósito,Astor Piazzolla,61-68 / Berlingieri ,Osvaldo Berlingieri,Rafael Del Bagno,Ernesto Baffa; Aníbal Troilo; Domingo Mattío; Eduardo Marino; Raúl Garello ,"David Díaz; Juan Alzina; Claudio González, Nito Farace; Cayetano Gianna (viola); Miguel Ariz (cello)",4866,AVL-3577
Aníbal Troilo,Aníbal Troilo y su orquesta Típica,1/7/1965,Quédemos Aquí,,Tango,Nelly Vázquez,Víctor,Tape,Héctor Stamponi,Marcos Canet,,61-68 / Berlingieri ,Osvaldo Berlingieri,Rafael Del Bagno,Ernesto Baffa; Aníbal Troilo; Domingo Mattío; Eduardo Marino; Raúl Garello ,"David Díaz; Juan Alzina; Claudio González, Nito Farace; Cayetano Gianna (viola); Miguel Ariz (cello)",,AVL-3577
Aníbal Troilo,Aníbal Troilo y su orquesta Típica,1/7/1965,Dicha Pasada,,Tango,Tito Reyes,Víctor,Tape,Guillermo Barbieri,,,61-68 / Berlingieri ,Osvaldo Berlingieri,Rafael Del Bagno,Ernesto Baffa; Aníbal Troilo; Domingo Mattío; Eduardo Marino; Raúl Garello ,"David Díaz; Juan Alzina; Claudio González, Nito Farace; Cayetano Gianna (viola); Miguel Ariz (cello)",4868,AVL-3577
Aníbal Troilo,Aníbal Troilo y su orquesta Típica,1/13/1965,Milonguita,,Tango,Nelly Vázquez,Víctor,Tape,Enrique Delfino,,Horacio Salgán,61-68 / Berlingieri ,Osvaldo Berlingieri,Rafael Del Bagno,Ernesto Baffa; Aníbal Troilo; Domingo Mattío; Eduardo Marino; Raúl Garello ,"David Díaz; Juan Alzina; Claudio González, Nito Farace; Cayetano Gianna (viola); Miguel Ariz (cello)",,AVL-3577
Aníbal Troilo,Aníbal Troilo y su orquesta Típica,1/13/1965,Morena,,Milonga,Instrumental,Víctor,Tape-S,Julián Plaza,,Julián Plaza,61-68 / Berlingieri ,Osvaldo Berlingieri,Rafael Del Bagno,Ernesto Baffa; Aníbal Troilo; Domingo Mattío; Eduardo Marino; Raúl Garello ,"David Díaz; Juan Alzina; Claudio González, Nito Farace; Cayetano Gianna (viola); Miguel Ariz (cello)",4889,AVL-3577
Aníbal Troilo,Aníbal Troilo y su orquesta Típica,1/13/1965,Siga El Corso,,Tango,Roberto Rufino,Víctor,Tape,Anselmo Aieta,Homero Manzi,,61-68 / Berlingieri ,Osvaldo Berlingieri,Rafael Del Bagno,Ernesto Baffa; Aníbal Troilo; Domingo Mattío; Eduardo Marino; Raúl Garello ,"David Díaz; Juan Alzina; Claudio González, Nito Farace; Cayetano Gianna (viola); Miguel Ariz (cello)",4886,AVL-3577
Aníbal Troilo,Aníbal Troilo y su orquesta Típica,1/13/1965,Los Cosos De Al Lao,,Tango,Tito Reyes,Víctor,Tape,Marcos Larrosa; José Canet,Samuel Linnig,,61-68 / Berlingieri ,Osvaldo Berlingieri,Rafael Del Bagno,Ernesto Baffa; Aníbal Troilo; Domingo Mattío; Eduardo Marino; Raúl Garello ,"David Díaz; Juan Alzina; Claudio González, Nito Farace; Cayetano Gianna (viola); Miguel Ariz (cello)",4887,AVL-3577
Aníbal Troilo,Aníbal Troilo y su orquesta Típica,1/19/1965,Milonguero Triste,,Tango,Instrumental,Víctor,Tape-S,Aníbal Troilo,,Julián Plaza,61-68 / Berlingieri ,Osvaldo Berlingieri,Rafael Del Bagno,Ernesto Baffa; Aníbal Troilo; Domingo Mattío; Eduardo Marino; Raúl Garello ,"David Díaz; Juan Alzina; Claudio González, Nito Farace; Cayetano Gianna (viola); Miguel Ariz (cello)",4898,AVS-3724
Aníbal Troilo,Aníbal Troilo y su orquesta Típica,1/19/1965,Orlando Goñi,,Tango,Instrumental,Víctor,Tape-S,Alfredo Gobbi,Cátulo Castillo,Julián Plaza,61-68 / Berlingieri ,Osvaldo Berlingieri,Rafael Del Bagno,Ernesto Baffa; Aníbal Troilo; Domingo Mattío; Eduardo Marino; Raúl Garello ,"David Díaz; Juan Alzina; Claudio González, Nito Farace; Cayetano Gianna (viola); Miguel Ariz (cello)",4899,AVL-3724
Aníbal Troilo,Aníbal Troilo y su orquesta Típica,9/24/1965,Canción De Ave Maria,,Tango,Nelly Vázquez,Víctor,Tape,Héctor Stamponi,Pascual Contursi,Ismael Spitalnik,61-68 / Berlingieri ,Osvaldo Berlingieri,Rafael Del Bagno,Ernesto Baffa; Aníbal Troilo; Domingo Mattío; Eduardo Marino; Raúl Garello ,"David Díaz; Juan Alzina; Claudio González, Nito Farace; Cayetano Gianna (viola); Miguel Ariz (cello)",5373,AVL-3632
Aníbal Troilo,Aníbal Troilo y su orquesta Típica,9/24/1965,Ventanita De Arrabal,,Tango,Tito Reyes,Víctor,Tape,Antonio Scatasso,Tita Merello,,61-68 / Berlingieri ,Osvaldo Berlingieri,Rafael Del Bagno,Ernesto Baffa; Aníbal Troilo; Domingo Mattío; Eduardo Marino; Raúl Garello ,"David Díaz; Juan Alzina; Claudio González, Nito Farace; Cayetano Gianna (viola); Miguel Ariz (cello)",5374,AVL-3632
Aníbal Troilo,Aníbal Troilo y su orquesta Típica,10/1/1965,Golondrinas,,Tango,Nelly Vázquez,Víctor,Tape,Carlos Gardel,Homero Expósito,,61-68 / Berlingieri ,Osvaldo Berlingieri,Rafael Del Bagno,Ernesto Baffa; Aníbal Troilo; Domingo Mattío; Eduardo Marino; Raúl Garello ,"David Díaz; Juan Alzina; Claudio González, Nito Farace; Cayetano Gianna (viola); Miguel Ariz (cello)",5383,AVL-3632
Aníbal Troilo,Aníbal Troilo y su orquesta Típica,10/1/1965,Tu Vuelta,,Milonga,Nelly Vázquez,Víctor,Tape,Alberto Acuña,Aníbal Casalla,,61-68 / Berlingieri ,Osvaldo Berlingieri,Rafael Del Bagno,Ernesto Baffa; Aníbal Troilo; Domingo Mattío; Eduardo Marino; Raúl Garello ,"David Díaz; Juan Alzina; Claudio González, Nito Farace; Cayetano Gianna (viola); Miguel Ariz (cello)",5385,AVL-3632
Aníbal Troilo,Aníbal Troilo y su orquesta Típica,10/1/1965,Decime Dios Dónde Estás,,Tango,Tito Reyes,Víctor,Tape,Manuel Sucher,Alfredo Pera,,61-68 / Berlingieri ,Osvaldo Berlingieri,Rafael Del Bagno,Ernesto Baffa; Aníbal Troilo; Domingo Mattío; Eduardo Marino; Raúl Garello ,"David Díaz; Juan Alzina; Claudio González, Nito Farace; Cayetano Gianna (viola); Miguel Ariz (cello)",5384,AVL-3632
Aníbal Troilo,Aníbal Troilo y su orquesta Típica,10/1/1965,Te Llaman Malevo,,Tango,Tito Reyes,Víctor,Tape,Aníbal Troilo,Homero Expósito,Julián Plaza,61-68 / Berlingieri ,Osvaldo Berlingieri,Rafael Del Bagno,Ernesto Baffa; Aníbal Troilo; Domingo Mattío; Eduardo Marino; Raúl Garello ,"David Díaz; Juan Alzina; Claudio González, Nito Farace; Cayetano Gianna (viola); Miguel Ariz (cello)",5386,AVL-3632
Aníbal Troilo,Aníbal Troilo y su orquesta Típica,11/12/1965,Siempre No,,Tango,Nelly Vázquez,Víctor,Tape,Eduardo Marino,Rubén Garello,,61-68 / Berlingieri ,Osvaldo Berlingieri,Rafael Del Bagno,Ernesto Baffa; Aníbal Troilo; Domingo Mattío; Eduardo Marino; Raúl Garello ,"David Díaz; Juan Alzina; Claudio González, Nito Farace; Cayetano Gianna (viola); Miguel Ariz (cello)",5457,AVL-3632
Aníbal Troilo,Aníbal Troilo y su orquesta Típica,11/12/1965,Trasnoche De Ilusión,,Tango,Nelly Vázquez,Víctor,Tape,Ernesto Baffa; Raúl Garello,Arturo Rolón,,61-68 / Berlingieri ,Osvaldo Berlingieri,Rafael Del Bagno,Ernesto Baffa; Aníbal Troilo; Domingo Mattío; Eduardo Marino; Raúl Garello ,"David Díaz; Juan Alzina; Claudio González, Nito Farace; Cayetano Gianna (viola); Miguel Ariz (cello)",5458,AVL-3632
Aníbal Troilo,Aníbal Troilo y su orquesta Típica,11/12/1965,Mi Viejo El Remendón,,Tango,Tito Reyes,Víctor,Tape,Alberto Mastra,Alberto Mastra,,61-68 / Berlingieri ,Osvaldo Berlingieri,Rafael Del Bagno,Ernesto Baffa; Aníbal Troilo; Domingo Mattío; Eduardo Marino; Raúl Garello ,"David Díaz; Juan Alzina; Claudio González, Nito Farace; Cayetano Gianna (viola); Miguel Ariz (cello)",5455,AVL-3632
Aníbal Troilo,Aníbal Troilo y su orquesta Típica,11/12/1965,El Conventillo,,Milonga,Tito Reyes,Víctor,Tape,Ernesto Baffa; Fernando Rolón,Homero Manzi,,61-68 / Berlingieri ,Osvaldo Berlingieri,Rafael Del Bagno,Ernesto Baffa; Aníbal Troilo; Domingo Mattío; Eduardo Marino; Raúl Garello ,"David Díaz; Juan Alzina; Claudio González, Nito Farace; Cayetano Gianna (viola); Miguel Ariz (cello)",5456,3AE-3481
Aníbal Troilo,Aníbal Troilo y su orquesta Típica,11/25/1965,Racconto,,Tango,Nelly Vázquez,Víctor,Tape,Carlos García,Juan Caruso,Carlos García,61-68 / Berlingieri ,Osvaldo Berlingieri,Rafael Del Bagno,Ernesto Baffa; Aníbal Troilo; Domingo Mattío; Eduardo Marino; Raúl Garello ,"David Díaz; Juan Alzina; Claudio González, Nito Farace; Cayetano Gianna (viola); Miguel Ariz (cello)",5522,AVL-3632
Aníbal Troilo,Aníbal Troilo y su orquesta Típica,11/25/1965,"Che, Bandoneón",,Tango,Tito Reyes,Víctor,Tape,Aníbal Troilo,Margarita Durán,,61-68 / Berlingieri ,Osvaldo Berlingieri,Rafael Del Bagno,Ernesto Baffa; Aníbal Troilo; Domingo Mattío; Eduardo Marino; Raúl Garello ,"David Díaz; Juan Alzina; Claudio González, Nito Farace; Cayetano Gianna (viola); Miguel Ariz (cello)",5523,AVL-3632
Aníbal Troilo,Aníbal Troilo y su orquesta Típica,12/10/1965,Alma De Bohemio,,Tango,Nelly Vázquez,Víctor,Tape,Roberto Firpo,Cátulo Castillo,,61-68 / Berlingieri ,Osvaldo Berlingieri,Rafael Del Bagno,Ernesto Baffa; Aníbal Troilo; Domingo Mattío; Eduardo Marino; Raúl Garello ,"David Díaz; Juan Alzina; Claudio González, Nito Farace; Cayetano Gianna (viola); Miguel Ariz (cello)",5575,AVL-3678
Aníbal Troilo,Aníbal Troilo y su orquesta Típica,12/10/1965,Las Arrugas De Mi Frente,,Tango,Tito Reyes,Víctor,Tape,Alberto Acuña,Francisco Molinero,,61-68 / Berlingieri ,Osvaldo Berlingieri,Rafael Del Bagno,Ernesto Baffa; Aníbal Troilo; Domingo Mattío; Eduardo Marino; Raúl Garello ,"David Díaz; Juan Alzina; Claudio González, Nito Farace; Cayetano Gianna (viola); Miguel Ariz (cello)",5576,AVL-3678
Aníbal Troilo,Aníbal Troilo y su orquesta Típica,12/16/1965,Aquí Nomas,,Tango,Tito Reyes,Víctor,Tape,Héctor Stamponi,Pascual Contursi,,61-68 / Berlingieri ,Osvaldo Berlingieri,Rafael Del Bagno,Ernesto Baffa; Aníbal Troilo; Domingo Mattío; Eduardo Marino; Raúl Garello ,"David Díaz; Juan Alzina; Claudio González, Nito Farace; Cayetano Gianna (viola); Miguel Ariz (cello)",5587,3AE-3481
Aníbal Troilo,Aníbal Troilo y su orquesta Típica,12/16/1965,El Motivo,,Tango,Tito Reyes,Víctor,Tape,Juan Cobián,Pascual Contursi,,61-68 / Berlingieri ,Osvaldo Berlingieri,Rafael Del Bagno,Ernesto Baffa; Aníbal Troilo; Domingo Mattío; Eduardo Marino; Raúl Garello ,"David Díaz; Juan Alzina; Claudio González, Nito Farace; Cayetano Gianna (viola); Miguel Ariz (cello)",5588,AVL-3678
Aníbal Troilo,Aníbal Troilo y su orquesta Típica,12/23/1965,Galleguita,,Tango,Nelly Vázquez,Víctor,Tape,Horacio Pettorossi,Antonio Cantó,,61-68 / Berlingieri ,Osvaldo Berlingieri,Rafael Del Bagno,Ernesto Baffa; Aníbal Troilo; Domingo Mattío; Eduardo Marino; Raúl Garello ,"David Díaz; Juan Alzina; Claudio González, Nito Farace; Cayetano Gianna (viola); Miguel Ariz (cello)",5601,AVL-3678
Aníbal Troilo,Aníbal Troilo y su orquesta Típica,12/23/1965,Un Tango Para El Recuerdo,,Tango,Tito Reyes,Víctor,Tape,Rafael Bagno,Manuel Romero,,61-68 / Berlingieri ,Osvaldo Berlingieri,Rafael Del Bagno,Ernesto Baffa; Aníbal Troilo; Domingo Mattío; Eduardo Marino; Raúl Garello ,"David Díaz; Juan Alzina; Claudio González, Nito Farace; Cayetano Gianna (viola); Miguel Ariz (cello)",5600,AVL-3678
Aníbal Troilo,Aníbal Troilo y su orquesta Típica,12/30/1965,Vals Del Jamás,,Vals,Nelly Vázquez,Víctor,Tape,Osvaldo Manzi,Cátulo Castillo,,61-68 / Berlingieri ,Osvaldo Berlingieri,Rafael Del Bagno,Ernesto Baffa; Aníbal Troilo; Domingo Mattío; Eduardo Marino; Raúl Garello ,"David Díaz; Juan Alzina; Claudio González, Nito Farace; Cayetano Gianna (viola); Miguel Ariz (cello)",5618,AVL-3678
Aníbal Troilo,Aníbal Troilo y su orquesta Típica,12/30/1965,Buenos Aires,,Tango,Tito Reyes,Víctor,Tape,Manuel Jovés,Manuel Romero,,61-68 / Berlingieri ,Osvaldo Berlingieri,Rafael Del Bagno,Ernesto Baffa; Aníbal Troilo; Domingo Mattío; Eduardo Marino; Raúl Garello ,"David Díaz; Juan Alzina; Claudio González, Nito Farace; Cayetano Gianna (viola); Miguel Ariz (cello)",5617,3AE-3481
Aníbal Troilo,Aníbal Troilo y su orquesta Típica,4/1/1966,Chumbicha,,Tango,Instrumental,Víctor,Tape-S,Ernesto Baffa; Raúl Garello,José Contursi,Emilio Balcarce,61-68 / Berlingieri ,Osvaldo Berlingieri,Rafael Del Bagno,Ernesto Baffa; Aníbal Troilo; Domingo Mattío; Eduardo Marino; Raúl Garello ,"David Díaz; Juan Alzina; Claudio González, Nito Farace; Cayetano Gianna (viola); Miguel Ariz (cello)",5843,AVL-3724
Aníbal Troilo,Aníbal Troilo y su orquesta Típica,4/1/1966,Sombras Nada Más,,Tango,Nelly Vázquez,Víctor,Tape,Francisco Lomuto,Abel Aznar,,61-68 / Berlingieri ,Osvaldo Berlingieri,Rafael Del Bagno,Ernesto Baffa; Aníbal Troilo; Domingo Mattío; Eduardo Marino; Raúl Garello ,"David Díaz; Juan Alzina; Claudio González, Nito Farace; Cayetano Gianna (viola); Miguel Ariz (cello)",5843,3AE-3481
Aníbal Troilo,Aníbal Troilo y su orquesta Típica,4/13/1966,Compadrita Mía,,Milonga,Instrumental,Víctor,Tape-S,Osvaldo Berlingieri,,,61-68 / Berlingieri ,Osvaldo Berlingieri,Rafael Del Bagno,Ernesto Baffa; Aníbal Troilo; Domingo Mattío; Eduardo Marino; Raúl Garello ,"David Díaz; Juan Alzina; Claudio González, Nito Farace; Cayetano Gianna (viola); Miguel Ariz (cello)",5862,AVL-3678
Aníbal Troilo,Aníbal Troilo y su orquesta Típica,4/13/1966,Pichuqueando,,Tango,Instrumental,Víctor,Tape-S,Domingo Mattio,Roberto Cassinelli,Julián Plaza,61-68 / Berlingieri ,Osvaldo Berlingieri,Rafael Del Bagno,Ernesto Baffa; Aníbal Troilo; Domingo Mattío; Eduardo Marino; Raúl Garello ,"David Díaz; Juan Alzina; Claudio González, Nito Farace; Cayetano Gianna (viola); Miguel Ariz (cello)",5863,AVL-3678
Aníbal Troilo,Aníbal Troilo y su orquesta Típica,4/13/1966,Yo No Merezco Este Castigo,,Tango,Nelly Vázquez,Víctor,Tape,Marcelino Hernández; Dante Gilardoni,,,61-68 / Berlingieri ,Osvaldo Berlingieri,Rafael Del Bagno,Ernesto Baffa; Aníbal Troilo; Domingo Mattío; Eduardo Marino; Raúl Garello ,"David Díaz; Juan Alzina; Claudio González, Nito Farace; Cayetano Gianna (viola); Miguel Ariz (cello)",5861,3AE-3481
Aníbal Troilo,Aníbal Troilo y su orquesta Típica,4/13/1966,El Último Guapo,,Tango,Tito Reyes,Víctor,Tape,Leon Lipesker,Abel Aznar,,61-68 / Berlingieri ,Osvaldo Berlingieri,Rafael Del Bagno,Ernesto Baffa; Aníbal Troilo; Domingo Mattío; Eduardo Marino; Raúl Garello ,"David Díaz; Juan Alzina; Claudio González, Nito Farace; Cayetano Gianna (viola); Miguel Ariz (cello)",5860,AVL-3678
Aníbal Troilo,Aníbal Troilo y su orquesta Típica,4/18/1966,Payadora,,Milonga,Instrumental,Víctor,Tape-S,Julián Plaza,Eladia Blázquez,Julián Plaza,61-68 / Berlingieri ,Osvaldo Berlingieri,Rafael Del Bagno,Ernesto Baffa; Aníbal Troilo; Domingo Mattío; Eduardo Marino; Raúl Garello ,"David Díaz; Juan Alzina; Claudio González, Nito Farace; Cayetano Gianna (viola); Miguel Ariz (cello)",5868,AVL-3678
Aníbal Troilo,Aníbal Troilo y su orquesta Típica,4/18/1966,Buenos Aires - Tokio,,Tango,Instrumental,Víctor,Tape-S,Julián Plaza,,Julián Plaza,61-68 / Berlingieri ,Osvaldo Berlingieri,Rafael Del Bagno,Ernesto Baffa; Aníbal Troilo; Domingo Mattío; Eduardo Marino; Raúl Garello ,"David Díaz; Juan Alzina; Claudio González, Nito Farace; Cayetano Gianna (viola); Miguel Ariz (cello)",5869,AVL-3678
Aníbal Troilo,Aníbal Troilo y su orquesta Típica,4/18/1966,"Dale, Tango",,Tango,Tito Reyes,Víctor,Tape,Aníbal Troilo,José Terragno; Enrique Dizeo,,61-68 / Berlingieri ,Osvaldo Berlingieri,Rafael Del Bagno,Ernesto Baffa; Aníbal Troilo; Domingo Mattío; Eduardo Marino; Raúl Garello ,"David Díaz; Juan Alzina; Claudio González, Nito Farace; Cayetano Gianna (viola); Miguel Ariz (cello)",6681,3AE-3560
Aníbal Troilo,Aníbal Troilo y su orquesta Típica,12/6/1966,Adiós Nonino,,Tango,Instrumental,Víctor,Tape-S,Astor Piazzolla,Miguel Bucino,Astor Piazzolla,61-68 / Berlingieri ,Osvaldo Berlingieri,Rafael Del Bagno,Ernesto Baffa; Aníbal Troilo; Domingo Mattío; Eduardo Marino; Raúl Garello ,"David Díaz; Juan Alzina; Claudio González, Nito Farace; Cayetano Gianna (viola); Miguel Ariz (cello)",6683,AVL-3724
Aníbal Troilo,Aníbal Troilo y su orquesta Típica,12/6/1966,Selección de Tangos de Julio De Caro,,Tango,Instrumental,Víctor,Tape-S,Julio Caro,Enrique Cadicamo,Argentino Galván,61-68 / Berlingieri ,Osvaldo Berlingieri,Rafael Del Bagno,Ernesto Baffa; Aníbal Troilo; Domingo Mattío; Eduardo Marino; Raúl Garello ,"David Díaz; Juan Alzina; Claudio González, Nito Farace; Cayetano Gianna (viola); Miguel Ariz (cello)",6684,AVS-3724
Aníbal Troilo,Aníbal Troilo y su orquesta Típica,12/6/1966,Bailarín Compadrito,,Tango,Tito Reyes,Víctor,Tape,Miguel Bucino,Miguel Bucino,,61-68 / Berlingieri ,Osvaldo Berlingieri,Rafael Del Bagno,Ernesto Baffa; Aníbal Troilo; Domingo Mattío; Eduardo Marino; Raúl Garello ,"David Díaz; Juan Alzina; Claudio González, Nito Farace; Cayetano Gianna (viola); Miguel Ariz (cello)",6682,3AE-3560
Aníbal Troilo,Aníbal Troilo y su orquesta Típica,8/10/1967,Recuerdo,,Tango,Instrumental,Víctor,Tape-S,Osvaldo Pugliese,,Julián Plaza,61-68 / Berlingieri ,Osvaldo Berlingieri,Rafael Del Bagno,Ernesto Baffa; Aníbal Troilo; Domingo Mattío; Eduardo Marino; Raúl Garello ,"David Díaz; Juan Alzina; Claudio González, Nito Farace; Cayetano Gianna (viola); Miguel Ariz (cello)",7022,AVL-3775
Aníbal Troilo,Aníbal Troilo y su orquesta Típica,8/10/1967,Los Mareados,,Tango,Instrumental,Víctor,Tape-S,Juan Cobian,Enrique Cadícamo,Raúl Garello,61-68 / Berlingieri ,Osvaldo Berlingieri,Rafael Del Bagno,Ernesto Baffa; Aníbal Troilo; Domingo Mattío; Eduardo Marino; Raúl Garello ,"David Díaz; Juan Alzina; Claudio González, Nito Farace; Cayetano Gianna (viola); Miguel Ariz (cello)",7023,AVL-3775
Aníbal Troilo,Aníbal Troilo y su orquesta Típica,8/10/1967,Verano Porteño,,Tango,Instrumental,Víctor,Tape-S,Astor Piazzolla,,Astor Piazzolla,61-68 / Berlingieri ,Osvaldo Berlingieri,Rafael Del Bagno,Ernesto Baffa; Aníbal Troilo; Domingo Mattío; Eduardo Marino; Raúl Garello ,"David Díaz; Juan Alzina; Claudio González, Nito Farace; Cayetano Gianna (viola); Miguel Ariz (cello)",7024,AVL-3775
Aníbal Troilo,Aníbal Troilo y su orquesta Típica,8/10/1967,"Más Allá, Bandoneón",,Tango,Instrumental,Víctor,Tape-S,Ernesto Baffa; Raúl Garello,Eduardo Moreno,Raúl Garello,61-68 / Berlingieri ,Osvaldo Berlingieri,Rafael Del Bagno,Ernesto Baffa; Aníbal Troilo; Domingo Mattío; Eduardo Marino; Raúl Garello ,"David Díaz; Juan Alzina; Claudio González, Nito Farace; Cayetano Gianna (viola); Miguel Ariz (cello)",7025,AVL-3775
Aníbal Troilo,Aníbal Troilo y su orquesta Típica,8/20/1967,Tema Otoñal,,Tango,Instrumental,Víctor,Tape-S,Enrique Francini,Ricardo Podesta,Enrique Francini,61-68 / Berlingieri ,Osvaldo Berlingieri,Rafael Del Bagno,Ernesto Baffa; Aníbal Troilo; Domingo Mattío; Eduardo Marino; Raúl Garello ,"David Díaz; Juan Alzina; Claudio González, Nito Farace; Cayetano Gianna (viola); Miguel Ariz (cello)",7234,AVS-3775
Aníbal Troilo,Aníbal Troilo y su orquesta Típica,9/20/1967,Color Tango,,Tango,Instrumental,Víctor,Tape-S,Julián Plaza,,Julián Plaza,61-68 / Berlingieri ,Osvaldo Berlingieri,Rafael Del Bagno,Ernesto Baffa; Aníbal Troilo; Domingo Mattío; Eduardo Marino; Raúl Garello ,"David Díaz; Juan Alzina; Claudio González, Nito Farace; Cayetano Gianna (viola); Miguel Ariz (cello)",7235,AVL-3775
Aníbal Troilo,Aníbal Troilo y su orquesta Típica,10/8/1967,El Africano,,Tango,Instrumental,Víctor,Tape-S,Eduardo Pereyra,Manuel Meaños,Argentino Galván,61-68 / Berlingieri ,Osvaldo Berlingieri,Rafael Del Bagno,Ernesto Baffa; Aníbal Troilo; Domingo Mattío; Eduardo Marino; Raúl Garello ,"David Díaz; Juan Alzina; Claudio González, Nito Farace; Cayetano Gianna (viola); Miguel Ariz (cello)",7253,AVL-3775
Aníbal Troilo,Aníbal Troilo y su orquesta Típica,10/18/1967,Don Juan,,Tango,Instrumental,Víctor,Tape-S,Ernesto Ponzio,Francisco Lío,,61-68 / Berlingieri ,Osvaldo Berlingieri,Rafael Del Bagno,Ernesto Baffa; Aníbal Troilo; Domingo Mattío; Eduardo Marino; Raúl Garello ,"David Díaz; Juan Alzina; Claudio González, Nito Farace; Cayetano Gianna (viola); Miguel Ariz (cello)",7252,AVL-3775
Aníbal Troilo,Aníbal Troilo y su orquesta Típica,11/29/1967,De Puro Guapo,,Tango,Instrumental,Víctor,Tape-S,Pedro Laurenz,,,61-68 / Berlingieri ,Osvaldo Berlingieri,Rafael Del Bagno,Ernesto Baffa; Aníbal Troilo; Domingo Mattío; Eduardo Marino; Raúl Garello ,"David Díaz; Juan Alzina; Claudio González, Nito Farace; Cayetano Gianna (viola); Miguel Ariz (cello)",7546,AVL-3775
Aníbal Troilo,Aníbal Troilo y su orquesta Típica,11/29/1967,El Marne,,Tango,Instrumental,Víctor,Tape-S,Eduardo Arolas,,Astor Piazzolla,61-68 / Berlingieri ,Osvaldo Berlingieri,Rafael Del Bagno,Ernesto Baffa; Aníbal Troilo; Domingo Mattío; Eduardo Marino; Raúl Garello ,"David Díaz; Juan Alzina; Claudio González, Nito Farace; Cayetano Gianna (viola); Miguel Ariz (cello)",7547,AVL-3775
Aníbal Troilo,Aníbal Troilo y su orquesta Típica,12/6/1967,El Irresistible,,Tango,Instrumental,Víctor,Tape-S,Lorenzo Logatti,,Raúl Garello,61-68 / Berlingieri ,Osvaldo Berlingieri,Rafael Del Bagno,Ernesto Baffa; Aníbal Troilo; Domingo Mattío; Eduardo Marino; Raúl Garello ,"David Díaz; Juan Alzina; Claudio González, Nito Farace; Cayetano Gianna (viola); Miguel Ariz (cello)",7553,AVL-3775
Aníbal Troilo,Aníbal Troilo y su orquesta Típica,12/6/1967,Selección De Tangos De Arola,,Tango,Instrumental,Víctor,Tape-S,Eduardo Arolas,Federico Silva,Argentino Galván,61-68 / Berlingieri ,Osvaldo Berlingieri,Rafael Del Bagno,Ernesto Baffa; Aníbal Troilo; Domingo Mattío; Eduardo Marino; Raúl Garello ,"David Díaz; Juan Alzina; Claudio González, Nito Farace; Cayetano Gianna (viola); Miguel Ariz (cello)",,AVL-3775
Aníbal Troilo,Cuarteto Troilo,8/5/1968,Toda mi vida,,Tango,Instrumental,Víctor,Tape,Aníbal Troilo,José Contursi,,61-68 / Berlingieri ,Osvaldo Berlingieri,Rafael Del Bagno,Aníbal Troilo,Ubaldo De Lío (guitar),7997,AVL-3871
Aníbal Troilo,Cuarteto Troilo,8/5/1968,Pablo,,Tango,Instrumental,Víctor,Tape,José Martínez,,,61-68 / Berlingieri ,Osvaldo Berlingieri,Rafael Del Bagno,Aníbal Troilo,Ubaldo De Lío (guitar),7998,AVL-3871
Aníbal Troilo,Cuarteto Troilo,8/5/1968,Del barrio de las latas,,Tango,Instrumental,Víctor,Tape,Raúl Hoyos,Emilio Fresedo,,61-68 / Berlingieri ,Osvaldo Berlingieri,Rafael Del Bagno,Aníbal Troilo,Ubaldo De Lío (guitar),7999,AVLS-3871
Aníbal Troilo,Cuarteto Troilo,8/5/1968,La tablada,,Tango,Instrumental,Víctor,Tape,Francisco Canaro,,,61-68 / Berlingieri ,Osvaldo Berlingieri,Rafael Del Bagno,Aníbal Troilo,Ubaldo De Lío (guitar),8000,AVLS-3871
Aníbal Troilo,Cuarteto Troilo,8/30/1968,Nocturno a mi barrio,,Tango,Instrumental,Víctor,Tape,Aníbal Troilo,Aníbal Troilo,,61-68 / Berlingieri ,Osvaldo Berlingieri,Rafael Del Bagno,Aníbal Troilo,Ubaldo De Lío (guitar),7866,AVL-3871
Aníbal Troilo,Cuarteto Troilo,9/11/1968,La cumparsita,,Tango,Instrumental,Víctor,Tape,Gerardo Rodriguez,Gerardo Rodriguez,,61-68 / Berlingieri ,Osvaldo Berlingieri,Rafael Del Bagno,Aníbal Troilo,Ubaldo De Lío (guitar),8299,AVL-3871
Aníbal Troilo,Cuarteto Troilo,9/11/1968,Los mareados,,Tango,Instrumental,Víctor,Tape,Juan Cobian,Enrique Cadicamo,,61-68 / Berlingieri ,Osvaldo Berlingieri,Rafael Del Bagno,Aníbal Troilo,Ubaldo De Lío (guitar),8300,AVL-3871
Aníbal Troilo,Cuarteto Troilo,9/11/1968,A Pedro Maffia,,Tango,Instrumental,Víctor,Tape,Aníbal Troilo,,,61-68 / Berlingieri ,Osvaldo Berlingieri,Rafael Del Bagno,Aníbal Troilo,Ubaldo De Lío (guitar),8301,AVL-3871
Aníbal Troilo,Cuarteto Troilo,9/11/1968,Sobre el pucho,Un callejón en Pompeya,Tango,Instrumental,Víctor,Tape,Sebastián Piana,José Castillo,,61-68 / Berlingieri ,Osvaldo Berlingieri,Rafael Del Bagno,Aníbal Troilo,Ubaldo De Lío (guitar),8302,AVL-3871
Aníbal Troilo,Aníbal Troilo y su orquesta Típica,11/28/1968,Apenas Marielena,,Tango,Roberto Goyeneche,Víctor,Tape,Armando Pontier,Federico Silva,Armando Pontier,68-71 / Colángelo,José Colángelo,Rafael Del Bagno,Aníbal Troilo; Abelardo Alfonsín; Domingo Mattío; Eduardo Marino; Raúl Garello,"David Díaz; Juan Alzina; Claudio González, Nito Farace; Cayetano Gianna (viola); Miguel Ariz (cello)",8546,AVL-3829
Aníbal Troilo,Aníbal Troilo y su orquesta Típica,11/28/1968,Palermo en Octubre,,Tango,Roberto Goyeneche,Víctor,Tape,Armando Pontier,Federico Silva,Armando Pontier,68-71 / Colángelo,José Colángelo,Rafael Del Bagno,Aníbal Troilo; Abelardo Alfonsín; Domingo Mattío; Eduardo Marino; Raúl Garello,"David Díaz; Juan Alzina; Claudio González, Nito Farace; Cayetano Gianna (viola); Miguel Ariz (cello)",8547,AVL-3829
Aníbal Troilo,Aníbal Troilo y su orquesta Típica,11/28/1968,Cielo de Cometas,,Tango,Roberto Goyeneche,Víctor,Tape,Armando Pontier,Federico Silva,Armando Pontier,68-71 / Colángelo,José Colángelo,Rafael Del Bagno,Aníbal Troilo; Abelardo Alfonsín; Domingo Mattío; Eduardo Marino; Raúl Garello,"David Díaz; Juan Alzina; Claudio González, Nito Farace; Cayetano Gianna (viola); Miguel Ariz (cello)",8549,AVL-3829
Aníbal Troilo,Aníbal Troilo y su orquesta Típica,11/28/1968,Nuestro Buenos Aires,,Tango,Roberto Goyeneche,Víctor,Tape,Armando Pontier,Federico Silva,Armando Pontier,68-71 / Colángelo,José Colángelo,Rafael Del Bagno,Aníbal Troilo; Abelardo Alfonsín; Domingo Mattío; Eduardo Marino; Raúl Garello,"David Díaz; Juan Alzina; Claudio González, Nito Farace; Cayetano Gianna (viola); Miguel Ariz (cello)",8548,AVL-3829
Aníbal Troilo,Aníbal Troilo y su orquesta Típica,12/4/1968,Señorita María,,Tango,Roberto Goyeneche,Víctor,Tape,Armando Pontier,Federico Silva,Armando Pontier,68-71 / Colángelo,José Colángelo,Rafael Del Bagno,Aníbal Troilo; Abelardo Alfonsín; Domingo Mattío; Eduardo Marino; Raúl Garello,"David Díaz; Juan Alzina; Claudio González, Nito Farace; Cayetano Gianna (viola); Miguel Ariz (cello)",8560,AVL-3829
Aníbal Troilo,Aníbal Troilo y su orquesta Típica,12/4/1968,Tanguistoria,,Tango,Roberto Goyeneche,Víctor,Tape,Armando Pontier,Federico Silva,Armando Pontier,68-71 / Colángelo,José Colángelo,Rafael Del Bagno,Aníbal Troilo; Abelardo Alfonsín; Domingo Mattío; Eduardo Marino; Raúl Garello,"David Díaz; Juan Alzina; Claudio González, Nito Farace; Cayetano Gianna (viola); Miguel Ariz (cello)",8561,AVL-3829
Aníbal Troilo,Aníbal Troilo y su orquesta Típica,12/4/1968,Romance de la Ciudad,,Tango,Roberto Goyeneche,Víctor,Tape,Armando Pontier,Federico Silva,Armando Pontier,68-71 / Colángelo,José Colángelo,Rafael Del Bagno,Aníbal Troilo; Abelardo Alfonsín; Domingo Mattío; Eduardo Marino; Raúl Garello,"David Díaz; Juan Alzina; Claudio González, Nito Farace; Cayetano Gianna (viola); Miguel Ariz (cello)",8562,AVL-3829
Aníbal Troilo,Aníbal Troilo y su orquesta Típica,12/4/1968,Otra vez Esthercita,,Tango,Roberto Goyeneche,Víctor,Tape,Armando Pontier,Federico Silva,Armando Pontier,68-71 / Colángelo,José Colángelo,Rafael Del Bagno,Aníbal Troilo; Abelardo Alfonsín; Domingo Mattío; Eduardo Marino; Raúl Garello,"David Díaz; Juan Alzina; Claudio González, Nito Farace; Cayetano Gianna (viola); Miguel Ariz (cello)",8563,AVL-3829
Aníbal Troilo,Aníbal Troilo y su orquesta Típica,12/4/1968,Tango del Colectivo,,Tango,Roberto Goyeneche,Víctor,Tape,Armando Pontier,Federico Silva,Armando Pontier,68-71 / Colángelo,José Colángelo,Rafael Del Bagno,Aníbal Troilo; Abelardo Alfonsín; Domingo Mattío; Eduardo Marino; Raúl Garello,"David Díaz; Juan Alzina; Claudio González, Nito Farace; Cayetano Gianna (viola); Miguel Ariz (cello)",8564,AVL-3829
Aníbal Troilo,Aníbal Troilo y su orquesta Típica,12/4/1968,La esquina cualquiera,,Milonga,Roberto Goyeneche,Víctor,Tape,Armando Pontier,Cátulo Castillo,Armando Pontier,68-71 / Colángelo,José Colángelo,Rafael Del Bagno,Aníbal Troilo; Abelardo Alfonsín; Domingo Mattío; Eduardo Marino; Raúl Garello,"David Díaz; Juan Alzina; Claudio González, Nito Farace; Cayetano Gianna (viola); Miguel Ariz (cello)",8565,AVL-3829
Aníbal Troilo,Aníbal Troilo y su orquesta Típica,12/6/1968,Para Poder Volver,,Tango,Roberto Goyeneche,Víctor,Tape,Armando Pontier,Federico Silva,Armando Pontier,68-71 / Colángelo,José Colángelo,Rafael Del Bagno,Aníbal Troilo; Abelardo Alfonsín; Domingo Mattío; Eduardo Marino; Raúl Garello,"David Díaz; Juan Alzina; Claudio González, Nito Farace; Cayetano Gianna (viola); Miguel Ariz (cello)",8569,AVL-3829
Aníbal Troilo,Aníbal Troilo y su orquesta Típica,12/6/1968,Amanece,,Tango,Roberto Goyeneche,Víctor,Tape,Armando Pontier,Federico Silva,Armando Pontier,68-71 / Colángelo,José Colángelo,Rafael Del Bagno,Aníbal Troilo; Abelardo Alfonsín; Domingo Mattío; Eduardo Marino; Raúl Garello,"David Díaz; Juan Alzina; Claudio González, Nito Farace; Cayetano Gianna (viola); Miguel Ariz (cello)",8570,AVL-3829
Aníbal Troilo,Cuarteto Troilo,7/30/1969,La última curda,,Tango,Instrumental,Víctor,Tape,Aníbal Troilo,Cátulo Castillo,,68-71 / Colángelo,José Colángelo,Rafael Del Bagno,Aníbal Troilo,Ubaldo De Lío (guitar),9164,AVL-3871
Aníbal Troilo,Cuarteto Troilo,7/30/1969,Milonguero triste,,Tango,Instrumental,Víctor,Tape,Aníbal Troilo,,Julián Plaza,68-71 / Colángelo,José Colángelo,Rafael Del Bagno,Aníbal Troilo,Ubaldo De Lío (guitar),9165,AVL-3871
Aníbal Troilo,Cuarteto Troilo,7/30/1969,La trampera,,Milonga,Instrumental,Víctor,Tape,Aníbal Troilo,,,68-71 / Colángelo,José Colángelo,Rafael Del Bagno,Aníbal Troilo,Ubaldo De Lío (guitar),9166,AVL-3871
Aníbal Troilo,Aníbal Troilo y su orquesta Típica,7/30/1969,Milonga De La Parda,,Milonga,Tito Reyes,Víctor,Tape,Aníbal Troilo,,Raúl Garello,68-71 / Colángelo,José Colángelo,Rafael Del Bagno,Aníbal Troilo; Abelardo Alfonsín; Domingo Mattío; Eduardo Marino; Raúl Garello,"David Díaz; Juan Alzina; Claudio González, Nito Farace; Cayetano Gianna (viola); Miguel Ariz (cello)",,AVL-3918
Aníbal Troilo,Aníbal Troilo y su orquesta Típica,7/30/1969,El Último Farol,,Tango,Tito Reyes,Víctor,Tape,Aníbal Troilo,Cátulo Castillo,Raúl Garello,68-71 / Colángelo,José Colángelo,Rafael Del Bagno,Aníbal Troilo; Abelardo Alfonsín; Domingo Mattío; Eduardo Marino; Raúl Garello,"David Díaz; Juan Alzina; Claudio González, Nito Farace; Cayetano Gianna (viola); Miguel Ariz (cello)",9163,AVL-3918
Aníbal Troilo,Aníbal Troilo y su orquesta Típica,8/12/1969,Che Buenos Aires,,Tango,Instrumental,Víctor,Tape,Raúl Garello,,Raúl Garello,68-71 / Colángelo,José Colángelo,Rafael Del Bagno,Aníbal Troilo; Abelardo Alfonsín; Domingo Mattío; Eduardo Marino; Raúl Garello,"David Díaz; Juan Alzina; Claudio González, Nito Farace; Cayetano Gianna (viola); Miguel Ariz (cello)",9439,AVL-3918
Aníbal Troilo,Aníbal Troilo y su orquesta Típica,8/12/1969,La Trilla,,Tango,Instrumental,Víctor,Tape,Eduardo Arolas,,Raúl Garello,68-71 / Colángelo,José Colángelo,Rafael Del Bagno,Aníbal Troilo; Abelardo Alfonsín; Domingo Mattío; Eduardo Marino; Raúl Garello,"David Díaz; Juan Alzina; Claudio González, Nito Farace; Cayetano Gianna (viola); Miguel Ariz (cello)",9440,AVL-3918
Aníbal Troilo,Aníbal Troilo y su orquesta Típica,9/12/1969,El Baqueano,,Tango,Instrumental,Víctor,Tape,Agustín Bardi,,Raúl Garello,68-71 / Colángelo,José Colángelo,Rafael Del Bagno,Aníbal Troilo; Abelardo Alfonsín; Domingo Mattío; Eduardo Marino; Raúl Garello,"David Díaz; Juan Alzina; Claudio González, Nito Farace; Cayetano Gianna (viola); Miguel Ariz (cello)",9481,AVL-3918
Aníbal Troilo,Aníbal Troilo y su orquesta Típica,9/12/1969,Pico Blanco,,Tango,Instrumental,Víctor,Tape,Agustín Bardi,,Raúl Garello,68-71 / Colángelo,José Colángelo,Rafael Del Bagno,Aníbal Troilo; Abelardo Alfonsín; Domingo Mattío; Eduardo Marino; Raúl Garello,"David Díaz; Juan Alzina; Claudio González, Nito Farace; Cayetano Gianna (viola); Miguel Ariz (cello)",9482,AVL-3918
Aníbal Troilo,Aníbal Troilo y su orquesta Típica,10/10/1969,Tallador,,Tango,Instrumental,Víctor,Tape,Domingo Mattio,Leopoldo Vélez,Raúl Garello,68-71 / Colángelo,José Colángelo,Rafael Del Bagno,Aníbal Troilo; Abelardo Alfonsín; Domingo Mattío; Eduardo Marino; Raúl Garello,"David Díaz; Juan Alzina; Claudio González, Nito Farace; Cayetano Gianna (viola); Miguel Ariz (cello)",9545,AVL-3918
Aníbal Troilo,Aníbal Troilo y su orquesta Típica,10/10/1969,La Milonga Y Yo,,Milonga,Tito Reyes,Víctor,Tape,Tito Ribero,Francisco Jiménez,,68-71 / Colángelo,José Colángelo,Rafael Del Bagno,Aníbal Troilo; Abelardo Alfonsín; Domingo Mattío; Eduardo Marino; Raúl Garello,"David Díaz; Juan Alzina; Claudio González, Nito Farace; Cayetano Gianna (viola); Miguel Ariz (cello)",9546,AVL-3918
Aníbal Troilo,Aníbal Troilo y su orquesta Típica,4/14/1970,Mañanitas De Montmartre,,Tango,Instrumental,Víctor,Tape,Lucio Demare,Ángel Greco,Raúl Garello,68-71 / Colángelo,José Colángelo,Rafael Del Bagno,Aníbal Troilo; Abelardo Alfonsín; Domingo Mattío; Eduardo Marino; Raúl Garello,"David Díaz; Juan Alzina; Claudio González, Nito Farace; Cayetano Gianna (viola); Miguel Ariz (cello)",9852,AVL-3918
Aníbal Troilo,Aníbal Troilo y su orquesta Típica,4/14/1970,Entre Sueños,,Tango,Instrumental,Víctor,Tape,Anselmo Aieta; Juan Polito,Agustín Fugazot,Raúl Garello,68-71 / Colángelo,José Colángelo,Rafael Del Bagno,Aníbal Troilo; Abelardo Alfonsín; Domingo Mattío; Eduardo Marino; Raúl Garello,"David Díaz; Juan Alzina; Claudio González, Nito Farace; Cayetano Gianna (viola); Miguel Ariz (cello)",9853,AVL-3918
Aníbal Troilo,Aníbal Troilo y su orquesta Típica,4/14/1970,Naipe Marcado,,Tango,Instrumental,Víctor,Tape,Ángel Greco,Arturo Torre,Raúl Garello,68-71 / Colángelo,José Colángelo,Rafael Del Bagno,Aníbal Troilo; Abelardo Alfonsín; Domingo Mattío; Eduardo Marino; Raúl Garello,"David Díaz; Juan Alzina; Claudio González, Nito Farace; Cayetano Gianna (viola); Miguel Ariz (cello)",9854,AVL-3918
Aníbal Troilo,Aníbal Troilo y su orquesta Típica,4/14/1970,Milonga Del Corralón,,Milonga,Tito Reyes,Víctor,Tape,Horacio Quintana,,Raúl Garello,68-71 / Colángelo,José Colángelo,Rafael Del Bagno,Aníbal Troilo; Abelardo Alfonsín; Domingo Mattío; Eduardo Marino; Raúl Garello,"David Díaz; Juan Alzina; Claudio González, Nito Farace; Cayetano Gianna (viola); Miguel Ariz (cello)",,AVL-3918
Aníbal Troilo,Aníbal Troilo y Astor Piazzolla ,8/13/1970,El motivo,Pobre paica,Tango,Instrumental,Víctor,Tape,Juan Cobián,Alfredo Pera,Aníbal Troilo; Astor Piazzolla,Non Típica,,,Aníbal Troilo; Astor Piazzolla,,,AVL-4000
Aníbal Troilo,Aníbal Troilo y Astor Piazzolla ,8/13/1970,Volver,,Tango,Instrumental,Víctor,Tape,Carlos Gardel,,Aníbal Troilo; Astor Piazzolla,Non Típica,,,Aníbal Troilo; Astor Piazzolla,,,AVL-4000
Aníbal Troilo,Aníbal Troilo y su orquesta Típica,9/14/1970,Nobleza De Arrabal,,Tango,Instrumental,Víctor,Tape-S,Francisco Canaro,,Raúl Garello,68-71 / Colángelo,José Colángelo,Rafael Del Bagno,Aníbal Troilo; Abelardo Alfonsín; Domingo Mattío; Eduardo Marino; Raúl Garello,"David Díaz; Juan Alzina; Claudio González, Nito Farace; Cayetano Gianna (viola); Miguel Ariz (cello)",10546,AVL-4006
Aníbal Troilo,Aníbal Troilo y su orquesta Típica,9/14/1970,Fechoría,,Milonga,Instrumental,Víctor,Tape-S,Aníbal Troilo,,Raúl Garello,68-71 / Colángelo,José Colángelo,Rafael Del Bagno,Aníbal Troilo; Abelardo Alfonsín; Domingo Mattío; Eduardo Marino; Raúl Garello,"David Díaz; Juan Alzina; Claudio González, Nito Farace; Cayetano Gianna (viola); Miguel Ariz (cello)",10547,AVL-4006
Aníbal Troilo,Aníbal Troilo y su orquesta Típica,9/14/1970,La Racha,,Tango,Instrumental,Víctor,Tape-S,Agustín Bardi,Homero Manzi,Raúl Garello,68-71 / Colángelo,José Colángelo,Rafael Del Bagno,Aníbal Troilo; Abelardo Alfonsín; Domingo Mattío; Eduardo Marino; Raúl Garello,"David Díaz; Juan Alzina; Claudio González, Nito Farace; Cayetano Gianna (viola); Miguel Ariz (cello)",10548,AVL-4006
Aníbal Troilo,Aníbal Troilo y su orquesta Típica,9/14/1970,Bandola Triste,,Tango,Instrumental,Víctor,Tape-S,Raúl Garello,,Raúl Garello,68-71 / Colángelo,José Colángelo,Rafael Del Bagno,Aníbal Troilo; Abelardo Alfonsín; Domingo Mattío; Eduardo Marino; Raúl Garello,"David Díaz; Juan Alzina; Claudio González, Nito Farace; Cayetano Gianna (viola); Miguel Ariz (cello)",10549,AVL-4006
Aníbal Troilo,Aníbal Troilo y su orquesta Típica,9/28/1970,Adiós Bardi,,Tango,Instrumental,Víctor,Tape-S,Osvaldo Pugliese,Enrique Cadícamo,Raúl Garello,68-71 / Colángelo,José Colángelo,Rafael Del Bagno,Aníbal Troilo; Abelardo Alfonsín; Domingo Mattío; Eduardo Marino; Raúl Garello,"David Díaz; Juan Alzina; Claudio González, Nito Farace; Cayetano Gianna (viola); Miguel Ariz (cello)",10561,AVL-4006
Aníbal Troilo,Aníbal Troilo y su orquesta Típica,11/23/1970,Piropos,,Tango,Instrumental,Víctor,Tape-S,Juan Cobián,,Raúl Garello,68-71 / Colángelo,José Colángelo,Rafael Del Bagno,Aníbal Troilo; Abelardo Alfonsín; Domingo Mattío; Eduardo Marino; Raúl Garello,"David Díaz; Juan Alzina; Claudio González, Nito Farace; Cayetano Gianna (viola); Miguel Ariz (cello)",10562,AVS-4006
Aníbal Troilo,Aníbal Troilo y su orquesta Típica,11/23/1970,Milontango,,Milonga,Instrumental,Víctor,Tape-S,Julián Plaza,Pedro Cordoba,Julián Plaza,68-71 / Colángelo,José Colángelo,Rafael Del Bagno,Aníbal Troilo; Abelardo Alfonsín; Domingo Mattío; Eduardo Marino; Raúl Garello,"David Díaz; Juan Alzina; Claudio González, Nito Farace; Cayetano Gianna (viola); Miguel Ariz (cello)",10890,AVL-4006
Aníbal Troilo,Aníbal Troilo y su orquesta Típica,11/23/1970,Tinta Verde,,Tango,Instrumental,Víctor,Tape-S,Agustín Bardi,,Raúl Garello,68-71 / Colángelo,José Colángelo,Rafael Del Bagno,Aníbal Troilo; Abelardo Alfonsín; Domingo Mattío; Eduardo Marino; Raúl Garello,"David Díaz; Juan Alzina; Claudio González, Nito Farace; Cayetano Gianna (viola); Miguel Ariz (cello)",10891,AVL-4006
Aníbal Troilo,Aníbal Troilo y su orquesta Típica,12/21/1970,Pa' Que Bailen Los Muchachos,,Tango,Instrumental,Víctor,Tape-S,Aníbal Troilo,Pedro Córdoba,Raúl Garello,68-71 / Colángelo,José Colángelo,Rafael Del Bagno,Aníbal Troilo; Abelardo Alfonsín; Domingo Mattío; Eduardo Marino; Raúl Garello,"David Díaz; Juan Alzina; Claudio González, Nito Farace; Cayetano Gianna (viola); Miguel Ariz (cello)",11142,AVL-4006
Aníbal Troilo,Aníbal Troilo y su orquesta Típica,12/21/1970,Ojos Negros,,Tango,Instrumental,Víctor,Tape-S,Vicente Greco,Enrique Cadícamo,Raúl Garello,68-71 / Colángelo,José Colángelo,Rafael Del Bagno,Aníbal Troilo; Abelardo Alfonsín; Domingo Mattío; Eduardo Marino; Raúl Garello,"David Díaz; Juan Alzina; Claudio González, Nito Farace; Cayetano Gianna (viola); Miguel Ariz (cello)",11143,AVL-4006
Aníbal Troilo,Aníbal Troilo y su orquesta Típica,12/28/1970,Mi Refugio,,Tango,Instrumental,Víctor,Tape-S,Juan Cobián,Pedro Córdoba,Raúl Garello,68-71 / Colángelo,José Colángelo,Rafael Del Bagno,Aníbal Troilo; Abelardo Alfonsín; Domingo Mattío; Eduardo Marino; Raúl Garello,"David Díaz; Juan Alzina; Claudio González, Nito Farace; Cayetano Gianna (viola); Miguel Ariz (cello)",11152,AVL-4006
Aníbal Troilo,Aníbal Troilo y su orquesta Típica,12/28/1970,Tomando Color,,Tango,Instrumental,Víctor,Tape-S,Roberto Pansera,Celedonio Flores,Roberto Pansera,68-71 / Colángelo,José Colángelo,Rafael Del Bagno,Aníbal Troilo; Abelardo Alfonsín; Domingo Mattío; Eduardo Marino; Raúl Garello,"David Díaz; Juan Alzina; Claudio González, Nito Farace; Cayetano Gianna (viola); Miguel Ariz (cello)",11153,AVL-4006
Aníbal Troilo,Aníbal Troilo y su orquesta Típica,4/24/1971,El Bulín De La Calle Ayacucho,,Tango,Roberto Goyeneche,Víctor,Tape-S,José Servidio; Luis Servidio,Homero Manzi,Raúl Garello,68-71 / Colángelo,José Colángelo,Rafael Del Bagno,Aníbal Troilo; Abelardo Alfonsín; Domingo Mattío; Eduardo Marino; Raúl Garello,"David Díaz; Juan Alzina; Claudio González, Nito Farace; Cayetano Gianna (viola); Miguel Ariz (cello)",11199,AVS-4025
Aníbal Troilo,Aníbal Troilo y su orquesta Típica,4/24/1971,Toda Mi Vida,,Tango,Roberto Goyeneche,Víctor,Tape-S,Aníbal Troilo,Homero Manzi,Raúl Garello,68-71 / Colángelo,José Colángelo,Rafael Del Bagno,Aníbal Troilo; Abelardo Alfonsín; Domingo Mattío; Eduardo Marino; Raúl Garello,"David Díaz; Juan Alzina; Claudio González, Nito Farace; Cayetano Gianna (viola); Miguel Ariz (cello)",11200,AVS-4025
Aníbal Troilo,Aníbal Troilo y su orquesta Típica,4/26/1971,Tinta Roja,,Tango,Roberto Goyeneche,Víctor,Tape-S,Sebastián Piana,José Contursi,Raúl Garello,68-71 / Colángelo,José Colángelo,Rafael Del Bagno,Aníbal Troilo; Abelardo Alfonsín; Domingo Mattío; Eduardo Marino; Raúl Garello,"David Díaz; Juan Alzina; Claudio González, Nito Farace; Cayetano Gianna (viola); Miguel Ariz (cello)",11197,AVS-4025
Aníbal Troilo,Aníbal Troilo y su orquesta Típica,4/26/1971,Sur,,Tango,Roberto Goyeneche,Víctor,Tape-S,Aníbal Troilo,Cátulo Castillo,Argentino Galván,68-71 / Colángelo,José Colángelo,Rafael Del Bagno,Aníbal Troilo; Abelardo Alfonsín; Domingo Mattío; Eduardo Marino; Raúl Garello,"David Díaz; Juan Alzina; Claudio González, Nito Farace; Cayetano Gianna (viola); Miguel Ariz (cello)",11198,AVS-4025
Aníbal Troilo,Aníbal Troilo y su orquesta Típica,5/6/1971,Fueye,,Tango,Roberto Goyeneche,Víctor,Tape-S,Charlo,Cátulo Castillo,Raúl Garello,68-71 / Colángelo,José Colángelo,Rafael Del Bagno,Aníbal Troilo; Abelardo Alfonsín; Domingo Mattío; Eduardo Marino; Raúl Garello,"David Díaz; Juan Alzina; Claudio González, Nito Farace; Cayetano Gianna (viola); Miguel Ariz (cello)",11215,AVS-4025
Aníbal Troilo,Aníbal Troilo y su orquesta Típica,5/6/1971,Barrio De Tango,,Tango,Roberto Goyeneche,Víctor,Tape-S,Aníbal Troilo,José Contursi,Raúl Garello,68-71 / Colángelo,José Colángelo,Rafael Del Bagno,Aníbal Troilo; Abelardo Alfonsín; Domingo Mattío; Eduardo Marino; Raúl Garello,"David Díaz; Juan Alzina; Claudio González, Nito Farace; Cayetano Gianna (viola); Miguel Ariz (cello)",11216,AVS-4025
Aníbal Troilo,Aníbal Troilo y su orquesta Típica,5/6/1971,En Esta Tarde Gris,,Tango,Roberto Goyeneche,Víctor,Tape-S,Mariano Mores,Homero Manzi,Raúl Garello,68-71 / Colángelo,José Colángelo,Rafael Del Bagno,Aníbal Troilo; Abelardo Alfonsín; Domingo Mattío; Eduardo Marino; Raúl Garello,"David Díaz; Juan Alzina; Claudio González, Nito Farace; Cayetano Gianna (viola); Miguel Ariz (cello)",11217,AVS-4025
Aníbal Troilo,Aníbal Troilo y su orquesta Típica,5/6/1971,Una Canción,,Tango,Roberto Goyeneche,Víctor,Tape-S,Aníbal Troilo,Alberto Franco,Armando Pontier,68-71 / Colángelo,José Colángelo,Rafael Del Bagno,Aníbal Troilo; Abelardo Alfonsín; Domingo Mattío; Eduardo Marino; Raúl Garello,"David Díaz; Juan Alzina; Claudio González, Nito Farace; Cayetano Gianna (viola); Miguel Ariz (cello)",11218,AVS-4025
Aníbal Troilo,Aníbal Troilo y su orquesta Típica,6/24/1971,Trenzas,,Tango,Roberto Goyeneche,Víctor,Tape-S,Armando Pontier,Homero Manzi,Raúl Garello,68-71 / Colángelo,José Colángelo,Rafael Del Bagno,Aníbal Troilo; Abelardo Alfonsín; Domingo Mattío; Eduardo Marino; Raúl Garello,"David Díaz; Juan Alzina; Claudio González, Nito Farace; Cayetano Gianna (viola); Miguel Ariz (cello)",11638,AVS-4025
Aníbal Troilo,Aníbal Troilo y su orquesta Típica,6/24/1971,Fogón De Huella,,Tango,Roberto Goyeneche,Víctor,Tape-S,Arturo Gallucci,Nicolás Olivari,,68-71 / Colángelo,José Colángelo,Rafael Del Bagno,Aníbal Troilo; Abelardo Alfonsín; Domingo Mattío; Eduardo Marino; Raúl Garello,"David Díaz; Juan Alzina; Claudio González, Nito Farace; Cayetano Gianna (viola); Miguel Ariz (cello)",11639,AVS-4025
Aníbal Troilo,Aníbal Troilo y su orquesta Típica,6/24/1971,La Violeta,,Tango,Roberto Goyeneche,Víctor,Tape-S,Cátulo Castillo,Homero Expósito,Astor Piazzolla,68-71 / Colángelo,José Colángelo,Rafael Del Bagno,Aníbal Troilo; Abelardo Alfonsín; Domingo Mattío; Eduardo Marino; Raúl Garello,"David Díaz; Juan Alzina; Claudio González, Nito Farace; Cayetano Gianna (viola); Miguel Ariz (cello)",11640,AVS-4025
Aníbal Troilo,Aníbal Troilo y su orquesta Típica,6/24/1971,Corazón De Papel,,Tango,Roberto Goyeneche,Víctor,Tape-S,Cátulo Castillo,Yaraví,,68-71 / Colángelo,José Colángelo,Rafael Del Bagno,Aníbal Troilo; Abelardo Alfonsín; Domingo Mattío; Eduardo Marino; Raúl Garello,"David Díaz; Juan Alzina; Claudio González, Nito Farace; Cayetano Gianna (viola); Miguel Ariz (cello)",11641,AVS-4025
