Bandleader,Orchestra,Date,Title,AltTitle,Genre,Singer,Label,Master,Matrix,Disc,Composer,Author,Arranger,Grouping,Pianist,Bassist,Bandoneons,Strings,Lineup
Astor Piazzolla,Fiorentino y su Orquesta Típica,1945-05-19,Corrientes y Esmeralda,,Tango,Francisco Fiorentino,Odeón,78rpm,,,Francisco Pracánico,Celedonio Flores,Astor Piazzolla,,Carlos Figari,Pepe Díaz,"Astor Piazzolla, Ángel Genta, Roberto Di Filippo, Fernando Tell","Hugo Baralis, Ernesto Gianni, Juan Bibiloni, Oscar Lucero, Angel Molo (Cello)","Piano, Bass, 4 Bandoneons, 4 Violins, Cello"
Astor Piazzolla,Fiorentino y su Orquesta Típica,1945-05-19,Si Se Salva el Pibe,,Tango,Francisco Fiorentino,Odeón,78rpm,,,Francisco Pracánico,Celedonio Flores,Astor Piazzolla,,Carlos Figari,Pepe Díaz,"Astor Piazzolla, Ángel Genta, Roberto Di Filippo, Fernando Tell","Hugo Baralis, Ernesto Gianni, Juan Bibiloni, Oscar Lucero, Angel Molo (Cello)","Piano, Bass, 4 Bandoneons, 4 Violins, Cello"
Astor Piazzolla,Fiorentino y su Orquesta Típica,1945-06-07,Diez Años Pasan,,Tango,Francisco Fiorentino,Odeón,78rpm,,,José Razzano,Cátulo Castillo,Astor Piazzolla,,Carlos Figari,Pepe Díaz,"Astor Piazzolla, Ángel Genta, Roberto Di Filippo, Fernando Tell","Hugo Baralis, Ernesto Gianni, Juan Bibiloni, Oscar Lucero, Angel Molo (Cello)","Piano, Bass, 4 Bandoneons, 4 Violins, Cello"
Astor Piazzolla,Fiorentino y su Orquesta Típica,1945-06-07,Nos Encontramos Al Pasar,,Tango,Francisco Fiorentino,Odeón,78rpm,,,Raúl Kaplún,José Suñé,Astor Piazzolla,,Carlos Figari,Pepe Díaz,"Astor Piazzolla, Ángel Genta, Roberto Di Filippo, Fernando Tell","Hugo Baralis, Ernesto Gianni, Juan Bibiloni, Oscar Lucero, Angel Molo (Cello)","Piano, Bass, 4 Bandoneons, 4 Violins, Cello"
Astor Piazzolla,Fiorentino y su Orquesta Típica,1945-07-19,Cotorrita de la Suerte,,Tango,Francisco Fiorentino,Odeón,78rpm,,,Alfredo De Franco,José De Grandis,Astor Piazzolla,,Carlos Figari,Pepe Díaz,"Astor Piazzolla, Ángel Genta, Roberto Di Filippo, Fernando Tell","Hugo Baralis, Ernesto Gianni, Juan Bibiloni, Oscar Lucero, Angel Molo (Cello)","Piano, Bass, 4 Bandoneons, 4 Violins, Cello"
Astor Piazzolla,Fiorentino y su Orquesta Típica,1945-07-19,Rosa de Otoño,,Vals,Francisco Fiorentino,Odeón,78rpm,,,Guillermo Barbieri,José Rial,Astor Piazzolla,,Carlos Figari,Pepe Díaz,"Astor Piazzolla, Ángel Genta, Roberto Di Filippo, Fernando Tell","Hugo Baralis, Ernesto Gianni, Juan Bibiloni, Oscar Lucero, Angel Molo (Cello)","Piano, Bass, 4 Bandoneons, 4 Violins, Cello"
Astor Piazzolla,Fiorentino y su Orquesta Típica,1945-07-30,En las Noches,,Tango,Francisco Fiorentino,Odeón,78rpm,,,Francisco Fiorentino,Enrique Cadícamo,Astor Piazzolla,,Carlos Figari,Pepe Díaz,"Astor Piazzolla, Ángel Genta, Roberto Di Filippo, Fernando Tell","Hugo Baralis, Ernesto Gianni, Juan Bibiloni, Oscar Lucero, Angel Molo (Cello)","Piano, Bass, 4 Bandoneons, 4 Violins, Cello"
Astor Piazzolla,Fiorentino y su Orquesta Típica,1945-07-30,El Silbido,La Chiflada,Tango,Francisco Fiorentino,Odeón,78rpm,,,Anselmo Aieta,,Astor Piazzolla,,Carlos Figari,Pepe Díaz,"Astor Piazzolla, Ángel Genta, Roberto Di Filippo, Fernando Tell","Hugo Baralis, Ernesto Gianni, Juan Bibiloni, Oscar Lucero, Angel Molo (Cello)","Piano, Bass, 4 Bandoneons, 4 Violins, Cello"
Astor Piazzolla,Fiorentino y su Orquesta Típica,1945-09-25,Seis Días,,Tango,Francisco Fiorentino,Odeón,78rpm,,,Manuel Sucher,Carlos Bahr,Astor Piazzolla,,Carlos Figari,Pepe Díaz,"Astor Piazzolla, Ángel Genta, Roberto Di Filippo, Fernando Tell","Hugo Baralis, Ernesto Gianni, Juan Bibiloni, Oscar Lucero, Angel Molo (Cello)","Piano, Bass, 4 Bandoneons, 4 Violins, Cello"
Astor Piazzolla,Fiorentino y su Orquesta Típica,1945-09-25,Soy una Fiera,,Milonga,Francisco Fiorentino,Odeón,78rpm,,,Francisco Martino,,Astor Piazzolla,,Carlos Figari,Pepe Díaz,"Astor Piazzolla, Ángel Genta, Roberto Di Filippo, Fernando Tell","Hugo Baralis, Ernesto Gianni, Juan Bibiloni, Oscar Lucero, Angel Molo (Cello)","Piano, Bass, 4 Bandoneons, 4 Violins, Cello"
Astor Piazzolla,Fiorentino y su Orquesta Típica,1945-10-16,Fruta Amarga,,Tango,Francisco Fiorentino,Odeón,78rpm,,,Hugo Gutiérrez,Homero Manzi,Astor Piazzolla,,Carlos Figari,Pepe Díaz,"Astor Piazzolla, Ángel Genta, Roberto Di Filippo, Fernando Tell","Hugo Baralis, Ernesto Gianni, Juan Bibiloni, Oscar Lucero, Angel Molo (Cello)","Piano, Bass, 4 Bandoneons, 4 Violins, Cello"
Astor Piazzolla,Fiorentino y su Orquesta Típica,1945-10-16,María,,Tango,Francisco Fiorentino,Odeón,78rpm,,,Aníbal Troilo,Cátulo Castillo,Astor Piazzolla,,Carlos Figari,Pepe Díaz,"Astor Piazzolla, Ángel Genta, Roberto Di Filippo, Fernando Tell","Hugo Baralis, Ernesto Gianni, Juan Bibiloni, Oscar Lucero, Angel Molo (Cello)","Piano, Bass, 4 Bandoneons, 4 Violins, Cello"
Astor Piazzolla,Fiorentino y su Orquesta Típica,1945-11-23,Dolor de Tango,,Tango,Francisco Fiorentino,Odeón,78rpm,,,Carlos Viván,Yaraví,Astor Piazzolla,,Carlos Figari,Pepe Díaz,"Astor Piazzolla, Ángel Genta, Roberto Di Filippo, Fernando Tell","Hugo Baralis, Ernesto Gianni, Juan Bibiloni, Oscar Lucero, Angel Molo (Cello)","Piano, Bass, 4 Bandoneons, 4 Violins, Cello"
Astor Piazzolla,Fiorentino y su Orquesta Típica,1945-11-23,Oro Falso,,Tango,Francisco Fiorentino,Odeón,78rpm,,,Virgilio Expósito,,Astor Piazzolla,,Carlos Figari,Pepe Díaz,"Astor Piazzolla, Ángel Genta, Roberto Di Filippo, Fernando Tell","Hugo Baralis, Ernesto Gianni, Juan Bibiloni, Oscar Lucero, Angel Molo (Cello)","Piano, Bass, 4 Bandoneons, 4 Violins, Cello"
Astor Piazzolla,Fiorentino y su Orquesta Típica,1945-12-19,Amigasos,,Tango,Francisco Fiorentino,Odeón,78rpm,,,Juan De Dios Filiberto,Francisco Brancatti,Astor Piazzolla,,Carlos Figari,Pepe Díaz,"Astor Piazzolla, Ángel Genta, Roberto Di Filippo, Fernando Tell","Hugo Baralis, Ernesto Gianni, Juan Bibiloni, Oscar Lucero, Angel Molo (Cello)","Piano, Bass, 4 Bandoneons, 4 Violins, Cello"
Astor Piazzolla,Fiorentino y su Orquesta Típica,1945-11-23,Color de Rosa,,Tango,Francisco Fiorentino,Odeón,78rpm,,,Antonio Polito,,Astor Piazzolla,,Carlos Figari,Pepe Díaz,"Astor Piazzolla, Ángel Genta, Roberto Di Filippo, Fernando Tell","Hugo Baralis, Ernesto Gianni, Juan Bibiloni, Oscar Lucero, Angel Molo (Cello)","Piano, Bass, 4 Bandoneons, 4 Violins, Cello"
Astor Piazzolla,Fiorentino y su Orquesta Típica,1946-01-10,El Trovero,Yo Te Imploro,Vals,Francisco Fiorentino,Odeón,78rpm,,,Agustín Irusta,Rafael Tuegols,Astor Piazzolla,,Carlos Figari,Pepe Díaz,"Astor Piazzolla, Ángel Genta, Roberto Di Filippo, Fernando Tell","Hugo Baralis, Ernesto Gianni, Juan Bibiloni, Oscar Lucero, Angel Molo (Cello)","Piano, Bass, 4 Bandoneons, 4 Violins, Cello"
Astor Piazzolla,Fiorentino y su Orquesta Típica,1946-01-10,Viejo Ciego,,Tango,Francisco Fiorentino,Odeón,78rpm,,,"Sebastián Piana, Cátulo Castillo, Homero Manzi",,Astor Piazzolla,,Carlos Figari,Pepe Díaz,"Astor Piazzolla, Ángel Genta, Roberto Di Filippo, Fernando Tell","Hugo Baralis, Ernesto Gianni, Juan Bibiloni, Oscar Lucero, Angel Molo (Cello)","Piano, Bass, 4 Bandoneons, 4 Violins, Cello"
Astor Piazzolla,Fiorentino y su Orquesta Típica,1946-01-30,Burbujas,,Tango,Francisco Fiorentino,Odeón,78rpm,,,"Carlos Figari, Cátulo Castillo",,Astor Piazzolla,,Carlos Figari,Pepe Díaz,"Astor Piazzolla, Ángel Genta, Roberto Di Filippo, Fernando Tell","Hugo Baralis, Ernesto Gianni, Juan Bibiloni, Oscar Lucero, Angel Molo (Cello)","Piano, Bass, 4 Bandoneons, 4 Violins, Cello"
Astor Piazzolla,Fiorentino y su Orquesta Típica,1946-01-30,Quién Te Ha Traído,,Tango,Francisco Fiorentino,Odeón,78rpm,,,"Francisco Fiorentino, Astor Piazzolla, Victorino Velázquez",,Astor Piazzolla,,Carlos Figari,Pepe Díaz,"Astor Piazzolla, Ángel Genta, Roberto Di Filippo, Fernando Tell","Hugo Baralis, Ernesto Gianni, Juan Bibiloni, Oscar Lucero, Angel Molo (Cello)","Piano, Bass, 4 Bandoneons, 4 Violins, Cello"
Astor Piazzolla,Fiorentino y su Orquesta Típica,1946-03-20,De Vuelta Al Bulín,,Tango,Francisco Fiorentino,Odeón,78rpm,,,José Martínez,Pascual Contursi,Astor Piazzolla,,Carlos Figari,Pepe Díaz,"Astor Piazzolla, Ángel Genta, Roberto Di Filippo, Fernando Tell","Hugo Baralis, Ernesto Gianni, Juan Bibiloni, Oscar Lucero, Angel Molo (Cello)","Piano, Bass, 4 Bandoneons, 4 Violins, Cello"
Astor Piazzolla,Fiorentino y su Orquesta Típica,1946-03-20,Volvió una Noche,,Tango,Francisco Fiorentino,Odeón,78rpm,,,Carlos Gardel,Alfredo Le Pera,Astor Piazzolla,,Carlos Figari,Pepe Díaz,"Astor Piazzolla, Ángel Genta, Roberto Di Filippo, Fernando Tell","Hugo Baralis, Ernesto Gianni, Juan Bibiloni, Oscar Lucero, Angel Molo (Cello)","Piano, Bass, 4 Bandoneons, 4 Violins, Cello"
Astor Piazzolla,Fiorentino y su Orquesta Típica,1946-05-21,En Carne Propia,,Tango,Francisco Fiorentino,Odeón,78rpm,,,Manuel Sucher,Carlos Bahr,Astor Piazzolla,,Carlos Figari,Pepe Díaz,"Astor Piazzolla, Ángel Genta, Roberto Di Filippo, Fernando Tell","Hugo Baralis, Ernesto Gianni, Juan Bibiloni, Oscar Lucero, Angel Molo (Cello)","Piano, Bass, 4 Bandoneons, 4 Violins, Cello"
Astor Piazzolla,Fiorentino y su Orquesta Típica,1946-05-21,Otros Tiempos y Otros Hombres,,Tango,Francisco Fiorentino,Odeón,78rpm,,,Ciriaco Ortiz,Enrique Cadícamo,Astor Piazzolla,,Carlos Figari,Pepe Díaz,"Astor Piazzolla, Ángel Genta, Roberto Di Filippo, Fernando Tell","Hugo Baralis, Ernesto Gianni, Juan Bibiloni, Oscar Lucero, Angel Molo (Cello)","Piano, Bass, 4 Bandoneons, 4 Violins, Cello"
Astor Piazzolla,Astor Piazzolla y su Orquesta Típica,1946-09-22,El Recodo,,Milonga,Instrumental,Odeón,78rpm,,,Alejandro Junnissi,,Astor Piazzolla,,Atilio Stampone,Valentín Andreotta,"Astor Piazzolla, Roberto Di Filippo, Isidoro Sallago, Vicente Toppi","Hugo Baralis, Andrés Rivas, Rodolfo Fernández, Victorio Casagrande (Viola), Angel Molo (Cello)","Piano, Bass, 4 Bandoneons, 3 Violins, Viola, Cello"
Astor Piazzolla,Astor Piazzolla y su Orquesta Típica,1946-09-22,Solo Se Quiere una Vez,,Tango,Aldo Campoamor,Odeón,78rpm,,,Carlos Flores,Claudio Frollo,Astor Piazzolla,,Atilio Stampone,Valentín Andreotta,"Astor Piazzolla, Roberto Di Filippo, Isidoro Sallago, Vicente Toppi","Hugo Baralis, Andrés Rivas, Rodolfo Fernández, Victorio Casagrande (Viola), Angel Molo (Cello)","Piano, Bass, 4 Bandoneons, 3 Violins, Viola, Cello"
Astor Piazzolla,Astor Piazzolla y su Orquesta Típica,1946-10-07,Orgullo Criollo,,Tango,Instrumental,Odeón,78rpm,,,Julio De Caro,Pedro Laurenz,Astor Piazzolla,,Atilio Stampone,Valentín Andreotta,"Astor Piazzolla, Roberto Di Filippo, Isidoro Sallago, Vicente Toppi","Hugo Baralis, Andrés Rivas, Rodolfo Fernández, Victorio Casagrande (Viola), Angel Molo (Cello)","Piano, Bass, 4 Bandoneons, 3 Violins, Viola, Cello"
Astor Piazzolla,Astor Piazzolla y su Orquesta Típica,1946-10-07,Adiós Marineros,,Tango,Aldo Campoamor y Héctor Insúa,Odeón,78rpm,,,Arturo Gallucci,Reinaldo Yiso,Astor Piazzolla,,Atilio Stampone,Valentín Andreotta,"Astor Piazzolla, Roberto Di Filippo, Isidoro Sallago, Vicente Toppi","Hugo Baralis, Andrés Rivas, Rodolfo Fernández, Victorio Casagrande (Viola), Angel Molo (Cello)","Piano, Bass, 4 Bandoneons, 3 Violins, Viola, Cello"
Astor Piazzolla,Astor Piazzolla y su Orquesta Típica,1946-11-26,El Desbande,,Tango,Instrumental,Odeón,78rpm,,,Astor Piazzolla,,Astor Piazzolla,,Atilio Stampone,Valentín Andreotta,"Astor Piazzolla, Roberto Di Filippo, Isidoro Sallago, Vicente Toppi","Hugo Baralis, Andrés Rivas, Rodolfo Fernández, Victorio Casagrande (Viola), Angel Molo (Cello)","Piano, Bass, 4 Bandoneons, 3 Violins, Viola, Cello"
Astor Piazzolla,Astor Piazzolla y su Orquesta Típica,1946-11-28,El Milagro,,Tango,Aldo Campoamor,Odeón,78rpm,,,Armando Pontier,Homero Expósito,Astor Piazzolla,,Atilio Stampone,Valentín Andreotta,"Astor Piazzolla, Roberto Di Filippo, Isidoro Sallago, Vicente Toppi","Hugo Baralis, Andrés Rivas, Rodolfo Fernández, Victorio Casagrande (Viola), Angel Molo (Cello)","Piano, Bass, 4 Bandoneons, 3 Violins, Viola, Cello"
Astor Piazzolla,Astor Piazzolla y su Orquesta Típica,1947-01-02,El Pillete,,Tango,Instrumental,Odeón,78rpm,,,Graciano De Leone,,Astor Piazzolla,,Atilio Stampone,Valentín Andreotta,"Astor Piazzolla, Roberto Di Filippo, Isidoro Sallago, Vicente Toppi","Hugo Baralis, Andrés Rivas, Rodolfo Fernández, Victorio Casagrande (Viola), Angel Molo (Cello)","Piano, Bass, 4 Bandoneons, 3 Violins, Viola, Cello"
Astor Piazzolla,Astor Piazzolla y su Orquesta Típica,1947-01-02,Ojos Tristes,,Tango,Héctor Insúa,Odeón,78rpm,,,Rafael Iriarte,Alfredo Navarrine,Astor Piazzolla,,Atilio Stampone,Valentín Andreotta,"Astor Piazzolla, Roberto Di Filippo, Isidoro Sallago, Vicente Toppi","Hugo Baralis, Andrés Rivas, Rodolfo Fernández, Victorio Casagrande (Viola), Angel Molo (Cello)","Piano, Bass, 4 Bandoneons, 3 Violins, Viola, Cello"
Astor Piazzolla,Astor Piazzolla y su Orquesta Típica,1947-01-15,Inspiración,,Tango,Instrumental,Odeón,78rpm,,,Peregrino Paulos,Luis Rubinstein,Astor Piazzolla,,Atilio Stampone,Valentín Andreotta,"Astor Piazzolla, Roberto Di Filippo, Isidoro Sallago, Vicente Toppi","Hugo Baralis, Andrés Rivas, Rodolfo Fernández, Victorio Casagrande (Viola), Angel Molo (Cello)","Piano, Bass, 4 Bandoneons, 3 Violins, Viola, Cello"
Astor Piazzolla,Astor Piazzolla y su Orquesta Típica,1947-01-15,Como Abrazado a un Rencor,,Tango,Aldo Campoamor,Odeón,78rpm,,,Rafael Rossi,Antonio Podestá,Astor Piazzolla,,Atilio Stampone,Valentín Andreotta,"Astor Piazzolla, Roberto Di Filippo, Isidoro Sallago, Vicente Toppi","Hugo Baralis, Andrés Rivas, Rodolfo Fernández, Victorio Casagrande (Viola), Angel Molo (Cello)","Piano, Bass, 4 Bandoneons, 3 Violins, Viola, Cello"
Astor Piazzolla,Astor Piazzolla y su Orquesta Típica,1947-01-27,El Rápido,,Tango,Instrumental,Odeón,78rpm,,,Roberto Firpo,,Astor Piazzolla,,Atilio Stampone,Valentín Andreotta,"Astor Piazzolla, Roberto Di Filippo, Isidoro Sallago, Vicente Toppi","Hugo Baralis, Andrés Rivas, Rodolfo Fernández, Victorio Casagrande (Viola), Angel Molo (Cello)","Piano, Bass, 4 Bandoneons, 3 Violins, Viola, Cello"
Astor Piazzolla,Astor Piazzolla y su Orquesta Típica,1947-01-27,Pigmalión,,Tango,Héctor Insúa,Odeón,78rpm,,,Astor Piazzolla,Homero Expósito,Astor Piazzolla,,Atilio Stampone,Valentín Andreotta,"Astor Piazzolla, Roberto Di Filippo, Isidoro Sallago, Vicente Toppi","Hugo Baralis, Andrés Rivas, Rodolfo Fernández, Victorio Casagrande (Viola), Angel Molo (Cello)","Piano, Bass, 4 Bandoneons, 3 Violins, Viola, Cello"
Astor Piazzolla,Astor Piazzolla y su Orquesta Típica,1947-04-15,Tierramuerte,,Tango,Aldo Campoamor,Odeón,78rpm,,,Agustín Bardi,Mario Battistella,Astor Piazzolla,,Atilio Stampone,Valentín Andreotta,"Astor Piazzolla, Roberto Di Filippo, Isidoro Sallago, Vicente Toppi","Hugo Baralis, Andrés Rivas, Rodolfo Fernández, Victorio Casagrande (Viola), Angel Molo (Cello)","Piano, Bass, 4 Bandoneons, 3 Violins, Viola, Cello"
Astor Piazzolla,Astor Piazzolla y su Orquesta Típica,1947-04-15,Haragán,,Tango,Aldo Campoamor,Odeón,78rpm,,,Enrique Delfino,Manuel Romero,Astor Piazzolla,,Atilio Stampone,Valentín Andreotta,"Astor Piazzolla, Roberto Di Filippo, Isidoro Sallago, Vicente Toppi","Hugo Baralis, Andrés Rivas, Rodolfo Fernández, Victorio Casagrande (Viola), Angel Molo (Cello)","Piano, Bass, 4 Bandoneons, 3 Violins, Viola, Cello"
Astor Piazzolla,Astor Piazzolla y su Orquesta Típica,1947-05-20,La Rayuela,,Tango,Instrumental,Odeón,78rpm,,,Julio De Caro,,Astor Piazzolla,,Atilio Stampone,Valentín Andreotta,"Astor Piazzolla, Roberto Di Filippo, Isidoro Sallago, Vicente Toppi","Hugo Baralis, Andrés Rivas, Rodolfo Fernández, Victorio Casagrande (Viola), Angel Molo (Cello)","Piano, Bass, 4 Bandoneons, 3 Violins, Viola, Cello"
Astor Piazzolla,Astor Piazzolla y su Orquesta Típica,1947-05-20,En la Huella del Adiós,,Tango,Aldo Campoamor y Héctor Insúa,Odeón,78rpm,,,Héctor Stamponi,Homero Expósito,Astor Piazzolla,,Atilio Stampone,Valentín Andreotta,"Astor Piazzolla, Roberto Di Filippo, Isidoro Sallago, Vicente Toppi","Hugo Baralis, Andrés Rivas, Rodolfo Fernández, Victorio Casagrande (Viola), Angel Molo (Cello)","Piano, Bass, 4 Bandoneons, 3 Violins, Viola, Cello"
Astor Piazzolla,Astor Piazzolla y su Orquesta Típica,1947-06-23,Se Armó,,Tango,Instrumental,Odeón,78rpm,,,,,Astor Piazzolla,,Atilio Stampone,Valentín Andreotta,"Astor Piazzolla, Roberto Di Filippo, Isidoro Sallago, Vicente Toppi","Hugo Baralis, Andrés Rivas, Rodolfo Fernández, Victorio Casagrande (Viola), Angel Molo (Cello)","Piano, Bass, 4 Bandoneons, 3 Violins, Viola, Cello"
Astor Piazzolla,Astor Piazzolla y su Orquesta Típica,1947-06-23,De Mi Bandoneón,,Tango,Instrumental,Odeón,78rpm,,,Roberto Prechi,,Astor Piazzolla,,Atilio Stampone,Valentín Andreotta,"Astor Piazzolla, Roberto Di Filippo, Isidoro Sallago, Vicente Toppi","Hugo Baralis, Andrés Rivas, Rodolfo Fernández, Victorio Casagrande (Viola), Angel Molo (Cello)","Piano, Bass, 4 Bandoneons, 3 Violins, Viola, Cello"
Astor Piazzolla,Astor Piazzolla y su Orquesta Típica,1947-08-21,Quejas de Bandoneón,,Tango,Instrumental,Odeón,78rpm,,,Juan De Dios Filiberto,,Astor Piazzolla,,Atilio Stampone,Valentín Andreotta,"Astor Piazzolla, Roberto Di Filippo, Isidoro Sallago, Vicente Toppi","Hugo Baralis, Andrés Rivas, Rodolfo Fernández, Victorio Casagrande (Viola), Angel Molo (Cello)","Piano, Bass, 4 Bandoneons, 3 Violins, Viola, Cello"
Astor Piazzolla,Astor Piazzolla y su Orquesta Típica,1947-08-21,Tu Pálido Final,,Tango,Aldo Campoamor,Odeón,78rpm,,,Vicente Demarco,Alfredo Roldán,Astor Piazzolla,,Atilio Stampone,Valentín Andreotta,"Astor Piazzolla, Roberto Di Filippo, Isidoro Sallago, Vicente Toppi","Hugo Baralis, Andrés Rivas, Rodolfo Fernández, Victorio Casagrande (Viola), Angel Molo (Cello)","Piano, Bass, 4 Bandoneons, 3 Violins, Viola, Cello"
Astor Piazzolla,Astor Piazzolla y su Orquesta Típica,1947-10-03,Tápera,,Tango,Aldo Campoamor,Odeón,78rpm,,,Hugo Gutiérrez,Homero Manzi,Astor Piazzolla,,Atilio Stampone,Valentín Andreotta,"Astor Piazzolla, Roberto Di Filippo, Isidoro Sallago, Vicente Toppi","Hugo Baralis, Andrés Rivas, Rodolfo Fernández, Victorio Casagrande (Viola), Angel Molo (Cello)","Piano, Bass, 4 Bandoneons, 3 Violins, Viola, Cello"
Astor Piazzolla,Astor Piazzolla y su Orquesta Típica,1947-10-03,Taconeando,,Tango,Instrumental,Odeón,78rpm,,,Pedro Maffía,José Staffolani,Astor Piazzolla,,Atilio Stampone,Valentín Andreotta,"Astor Piazzolla, Roberto Di Filippo, Isidoro Sallago, Vicente Toppi","Hugo Baralis, Andrés Rivas, Rodolfo Fernández, Victorio Casagrande (Viola), Angel Molo (Cello)","Piano, Bass, 4 Bandoneons, 3 Violins, Viola, Cello"
Astor Piazzolla,Astor Piazzolla y su Orquesta Típica,1947-12-10,Chiclana,,Tango,Instrumental,Odeón,78rpm,,,Julio De Caro,Mario Gomila,Astor Piazzolla,,Atilio Stampone,Valentín Andreotta,"Astor Piazzolla, Roberto Di Filippo, Isidoro Sallago, Vicente Toppi","Hugo Baralis, Andrés Rivas, Rodolfo Fernández, Victorio Casagrande (Viola), Angel Molo (Cello)","Piano, Bass, 4 Bandoneons, 3 Violins, Viola, Cello"
Astor Piazzolla,Astor Piazzolla y su Orquesta Típica,1947-12-10,Che Bartolo,,Tango,Aldo Campoamor,Odeón,78rpm,,,Rodolfo Sciammarella,Enrique Cadícamo,Astor Piazzolla,,Atilio Stampone,Valentín Andreotta,"Astor Piazzolla, Roberto Di Filippo, Isidoro Sallago, Vicente Toppi","Hugo Baralis, Andrés Rivas, Rodolfo Fernández, Victorio Casagrande (Viola), Angel Molo (Cello)","Piano, Bass, 4 Bandoneons, 3 Violins, Viola, Cello"
Astor Piazzolla,Astor Piazzolla y su Orquesta Típica,1948-04-10,Tierra Querida,,Tango,Instrumental,Odeón,78rpm,,,Julio De Caro,,Astor Piazzolla,,Atilio Stampone,Valentín Andreotta,"Astor Piazzolla, Roberto Di Filippo, Isidoro Sallago, Vicente Toppi","Hugo Baralis, Andrés Rivas, Rodolfo Fernández, Victorio Casagrande (Viola), Angel Molo (Cello)","Piano, Bass, 4 Bandoneons, 3 Violins, Viola, Cello"
Astor Piazzolla,Astor Piazzolla y su Orquesta Típica,1948-04-10,Se Fue Sin Decirme Adiós,,Tango,Aldo Campoamor,Odeón,78rpm,,,Astor Piazzolla,Alfredo Roldán,Astor Piazzolla,,Atilio Stampone,Valentín Andreotta,"Astor Piazzolla, Roberto Di Filippo, Isidoro Sallago, Vicente Toppi","Hugo Baralis, Andrés Rivas, Rodolfo Fernández, Victorio Casagrande (Viola), Angel Molo (Cello)","Piano, Bass, 4 Bandoneons, 3 Violins, Viola, Cello"
Astor Piazzolla,Astor Piazzolla y su Orquesta Típica,1948-07-08,Ahí Va el Dulce,,Tango,Instrumental,Odeón,78rpm,,,Juan Canaro,Osvaldo Cordero,Astor Piazzolla,,Atilio Stampone,Valentín Andreotta,"Astor Piazzolla, Roberto Di Filippo, Isidoro Sallago, Vicente Toppi","Hugo Baralis, Andrés Rivas, Rodolfo Fernández, Victorio Casagrande (Viola), Angel Molo (Cello)","Piano, Bass, 4 Bandoneons, 3 Violins, Viola, Cello"
Astor Piazzolla,Astor Piazzolla y su Orquesta Típica,1948-07-08,Cargamento,,Milonga,Aldo Campoamor,Odeón,78rpm,,,Arturo Gallucci,Raúl Hormaza,Astor Piazzolla,,Atilio Stampone,Valentín Andreotta,"Astor Piazzolla, Roberto Di Filippo, Isidoro Sallago, Vicente Toppi","Hugo Baralis, Andrés Rivas, Rodolfo Fernández, Victorio Casagrande (Viola), Angel Molo (Cello)","Piano, Bass, 4 Bandoneons, 3 Violins, Viola, Cello"
Astor Piazzolla,Astor Piazzolla y su Orquesta Típica,1948-11-25,Cafetín de Buenos Aires,,Tango,Alberto Fontán Luna,Odeón,78rpm,,,Mariano Mores,Enrique Discépolo,Astor Piazzolla,,Atilio Stampone,Valentín Andreotta,"Astor Piazzolla, Roberto Di Filippo, Isidoro Sallago, Vicente Toppi","Hugo Baralis, Andrés Rivas, Rodolfo Fernández, Victorio Casagrande (Viola), Angel Molo (Cello)","Piano, Bass, 4 Bandoneons, 3 Violins, Viola, Cello"
Astor Piazzolla,Astor Piazzolla y su Orquesta Típica,1948-11-25,República Argentina,,Vals,Alberto Fontán Luna,Odeón,78rpm,,,Santos Lipesker,Reinaldo Yiso,Astor Piazzolla,,Atilio Stampone,Valentín Andreotta,"Astor Piazzolla, Roberto Di Filippo, Isidoro Sallago, Vicente Toppi","Hugo Baralis, Andrés Rivas, Rodolfo Fernández, Victorio Casagrande (Viola), Angel Molo (Cello)","Piano, Bass, 4 Bandoneons, 3 Violins, Viola, Cello"
Astor Piazzolla,Astor Piazzolla y su Orquesta Típica,1948-12-14,Todo Corazón,,Tango,Instrumental,Odeón,78rpm,,,Julio De Caro,,Astor Piazzolla,,Atilio Stampone,Valentín Andreotta,"Astor Piazzolla, Roberto Di Filippo, Isidoro Sallago, Vicente Toppi","Hugo Baralis, Andrés Rivas, Rodolfo Fernández, Victorio Casagrande (Viola), Angel Molo (Cello)","Piano, Bass, 4 Bandoneons, 3 Violins, Viola, Cello"
Astor Piazzolla,Astor Piazzolla y su Orquesta Típica,1948-12-14,Villeguita,,Tango,Instrumental,Odeón,78rpm,,,,,Astor Piazzolla,,Atilio Stampone,Valentín Andreotta,"Astor Piazzolla, Roberto Di Filippo, Isidoro Sallago, Vicente Toppi","Hugo Baralis, Andrés Rivas, Rodolfo Fernández, Victorio Casagrande (Viola), Angel Molo (Cello)","Piano, Bass, 4 Bandoneons, 3 Violins, Viola, Cello"
Astor Piazzolla,Astor Piazzolla y su Orquesta Típica,1950,Chiqué,,Tango,Instrumental,T.K.,78rpm,,,Ricardo Brignolo,,Astor Piazzolla,,Atilio Stampone,Valentín Andreotta,"Astor Piazzolla, Roberto Di Filippo, Isidoro Sallago, Vicente Toppi","Hugo Baralis, Andrés Rivas, Rodolfo Fernández, Victorio Casagrande (Viola), Angel Molo (Cello)","Piano, Bass, 4 Bandoneons, 3 Violins, Viola, Cello"
Astor Piazzolla,Astor Piazzolla y su Orquesta Típica,1950,Triste,,Tango,Instrumental,T.K.,78rpm,,,Francisco De Caro,"Pedro Maffía, A. Helu",Astor Piazzolla,,Atilio Stampone,Valentín Andreotta,"Astor Piazzolla, Roberto Di Filippo, Isidoro Sallago, Vicente Toppi","Hugo Baralis, Andrés Rivas, Rodolfo Fernández, Victorio Casagrande (Viola), Angel Molo (Cello)","Piano, Bass, 4 Bandoneons, 3 Violins, Viola, Cello"
Astor Piazzolla,Astor Piazzolla y su Orquesta Típica,1951,La Cumparsita,,Tango,Instrumental,T.K.,78rpm,,,"Gerardo Matos Rodríguez, Pascual Contursi, Enrique Maroni",,Astor Piazzolla,,Atilio Stampone,Valentín Andreotta,"Astor Piazzolla, Roberto Di Filippo, Isidoro Sallago, Vicente Toppi","Hugo Baralis, Andrés Rivas, Rodolfo Fernández, Victorio Casagrande (Viola), Angel Molo (Cello)","Piano, Bass, 4 Bandoneons, 3 Violins, Viola, Cello"
Astor Piazzolla,Astor Piazzolla y su Orquesta Típica,1951,Dedé,,Vals,Instrumental,T.K.,78rpm,,,,,Astor Piazzolla,,Atilio Stampone,Valentín Andreotta,"Astor Piazzolla, Roberto Di Filippo, Isidoro Sallago, Vicente Toppi","Hugo Baralis, Andrés Rivas, Rodolfo Fernández, Victorio Casagrande (Viola), Angel Molo (Cello)","Piano, Bass, 4 Bandoneons, 3 Violins, Viola, Cello"
Astor Piazzolla,María De La Fuente con Acompañamiento de Orquesta,1950,El Choclo,,Tango,María De La Fuente,T.K.,78rpm,,,"Ángel Villoldo, Enrique Discépolo, Carlos Marambio Catán",,Astor Piazzolla,,Atilio Stampone,Valentín Andreotta,"Astor Piazzolla, Roberto Di Filippo, Isidoro Sallago, Vicente Toppi","Hugo Baralis, Andrés Rivas, Rodolfo Fernández, Victorio Casagrande (Viola), Angel Molo (Cello)","Piano, Bass, 4 Bandoneons, 3 Violins, Viola, Cello"
Astor Piazzolla,María De La Fuente con Acompañamiento de Orquesta,1950,El Cielo en las Manos,,Tango,María De La Fuente,T.K.,78rpm,,,"Astor Piazzolla, Homero Cárpena",,Astor Piazzolla,,Atilio Stampone,Valentín Andreotta,"Astor Piazzolla, Roberto Di Filippo, Isidoro Sallago, Vicente Toppi","Hugo Baralis, Andrés Rivas, Rodolfo Fernández, Victorio Casagrande (Viola), Angel Molo (Cello)","Piano, Bass, 4 Bandoneons, 3 Violins, Viola, Cello"
Astor Piazzolla,María De La Fuente con Acompañamiento de Orquesta,1950,El Llorón,,Tango,María De La Fuente,T.K.,78rpm,,,"Ambrosio Radrizzani, Enrique Cadícamo",,Astor Piazzolla,,Atilio Stampone,Valentín Andreotta,"Astor Piazzolla, Roberto Di Filippo, Isidoro Sallago, Vicente Toppi","Hugo Baralis, Andrés Rivas, Rodolfo Fernández, Victorio Casagrande (Viola), Angel Molo (Cello)","Piano, Bass, 4 Bandoneons, 3 Violins, Viola, Cello"
Astor Piazzolla,María De La Fuente con Acompañamiento de Orquesta,1950,Canción Celestial,,Vals,María De La Fuente,T.K.,78rpm,,,"Carlos Figari, José Rótulo",,Astor Piazzolla,,Atilio Stampone,Valentín Andreotta,"Astor Piazzolla, Roberto Di Filippo, Isidoro Sallago, Vicente Toppi","Hugo Baralis, Andrés Rivas, Rodolfo Fernández, Victorio Casagrande (Viola), Angel Molo (Cello)","Piano, Bass, 4 Bandoneons, 3 Violins, Viola, Cello"
Astor Piazzolla,María De La Fuente con Acompañamiento de Orquesta,1951,La Misma Pena,,Tango,María De La Fuente,T.K.,78rpm,,,"Astor Piazzolla, Homero Expósito",,Astor Piazzolla,,Atilio Stampone,Valentín Andreotta,"Astor Piazzolla, Roberto Di Filippo, Isidoro Sallago, Vicente Toppi","Hugo Baralis, Andrés Rivas, Rodolfo Fernández, Victorio Casagrande (Viola), Angel Molo (Cello)","Piano, Bass, 4 Bandoneons, 3 Violins, Viola, Cello"
Astor Piazzolla,María De La Fuente con Acompañamiento de Orquesta,1951,Romance de Barrio,,Vals,María De La Fuente,T.K.,78rpm,,,"Aníbal Troilo, Homero Manzi",,Astor Piazzolla,,Atilio Stampone,Valentín Andreotta,"Astor Piazzolla, Roberto Di Filippo, Isidoro Sallago, Vicente Toppi","Hugo Baralis, Andrés Rivas, Rodolfo Fernández, Victorio Casagrande (Viola), Angel Molo (Cello)","Piano, Bass, 4 Bandoneons, 3 Violins, Viola, Cello"
Astor Piazzolla,María De La Fuente con Acompañamiento de Orquesta,1952,Fugitiva,,Tango,María De La Fuente,T.K.,78rpm,,,"Astor Piazzolla, Juan Lamadrid",,Astor Piazzolla,,Atilio Stampone,Valentín Andreotta,"Astor Piazzolla, Roberto Di Filippo, Isidoro Sallago, Vicente Toppi","Hugo Baralis, Andrés Rivas, Rodolfo Fernández, Victorio Casagrande (Viola), Angel Molo (Cello)","Piano, Bass, 4 Bandoneons, 3 Violins, Viola, Cello"
Astor Piazzolla,María De La Fuente con Acompañamiento de Orquesta,1952,Loca,,Tango,María De La Fuente,T.K.,78rpm,,,"Manuel Jovés, Antonio Viergol",,Astor Piazzolla,,Atilio Stampone,Valentín Andreotta,"Astor Piazzolla, Roberto Di Filippo, Isidoro Sallago, Vicente Toppi","Hugo Baralis, Andrés Rivas, Rodolfo Fernández, Victorio Casagrande (Viola), Angel Molo (Cello)","Piano, Bass, 4 Bandoneons, 3 Violins, Viola, Cello"
Astor Piazzolla,"Astor Piazzolla, su Bandoneón y su Orquesta de Cuerdas",1955,Prepárense,,Tango,Instrumental,Festival,Tape,,,Astor Piazzolla,,Astor Piazzolla,,Lalo Schifrin,Juan Antonio Vasallo,Astor Piazzolla,"Elvino Vardaro, José Nieso, Alberto Del Bagno, Domingo Mancuso, José Votti, Lazaro Becker, Domingo Varela, Aquiles Aguilar, Siméon Slotnick (Viola), Mario Lalli (Viola), José Bragato (Cello), Eva Goldestein (Harp)","Piano, Bass, Bandoneon, 8 Violins, 2 Viola, Cello, Harp"
Astor Piazzolla,"Astor Piazzolla, su Bandoneón y su Orquesta de Cuerdas",1955,Marrón y Azul,,Tango,Instrumental,Festival,Tape,,,Astor Piazzolla,,Astor Piazzolla,,Lalo Schifrin,Juan Antonio Vasallo,Astor Piazzolla,"Elvino Vardaro, José Nieso, Alberto Del Bagno, Domingo Mancuso, José Votti, Lazaro Becker, Domingo Varela, Aquiles Aguilar, Siméon Slotnick (Viola), Mario Lalli (Viola), José Bragato (Cello), Eva Goldestein (Harp)","Piano, Bass, Bandoneon, 8 Violins, 2 Viola, Cello, Harp"
Astor Piazzolla,"Astor Piazzolla, su Bandoneón y su Orquesta de Cuerdas",1955,Imperial,,Tango,Instrumental,Festival,Tape,,,Astor Piazzolla,,Astor Piazzolla,,Lalo Schifrin,Juan Antonio Vasallo,Astor Piazzolla,"Elvino Vardaro, José Nieso, Alberto Del Bagno, Domingo Mancuso, José Votti, Lazaro Becker, Domingo Varela, Aquiles Aguilar, Siméon Slotnick (Viola), Mario Lalli (Viola), José Bragato (Cello), Eva Goldestein (Harp)","Piano, Bass, Bandoneon, 8 Violins, 2 Viola, Cello, Harp"
Astor Piazzolla,"Astor Piazzolla, su Bandoneón y su Orquesta de Cuerdas",1955,Svp,,Tango,Instrumental,Festival,Tape,,,"Astor Piazzolla, Marcel Feijóo",,Astor Piazzolla,,Lalo Schifrin,Juan Antonio Vasallo,Astor Piazzolla,"Elvino Vardaro, José Nieso, Alberto Del Bagno, Domingo Mancuso, José Votti, Lazaro Becker, Domingo Varela, Aquiles Aguilar, Siméon Slotnick (Viola), Mario Lalli (Viola), José Bragato (Cello), Eva Goldestein (Harp)","Piano, Bass, Bandoneon, 8 Violins, 2 Viola, Cello, Harp"
Astor Piazzolla,"Astor Piazzolla, su Bandoneón y su Orquesta de Cuerdas",1955,Picasso,,Tango,Instrumental,Vogue,Tape,,,Astor Piazzolla,,Astor Piazzolla,,Lalo Schifrin,Juan Antonio Vasallo,Astor Piazzolla,"Elvino Vardaro, José Nieso, Alberto Del Bagno, Domingo Mancuso, José Votti, Lazaro Becker, Domingo Varela, Aquiles Aguilar, Siméon Slotnick (Viola), Mario Lalli (Viola), José Bragato (Cello), Eva Goldestein (Harp)","Piano, Bass, Bandoneon, 8 Violins, 2 Viola, Cello, Harp"
Astor Piazzolla,"Astor Piazzolla, su Bandoneón y su Orquesta de Cuerdas",1955,Mi Tentación,,Tango,Instrumental,Vogue,Tape,,,"Ramon Chilot, J. Moureau",,Astor Piazzolla,,Lalo Schifrin,Juan Antonio Vasallo,Astor Piazzolla,"Elvino Vardaro, José Nieso, Alberto Del Bagno, Domingo Mancuso, José Votti, Lazaro Becker, Domingo Varela, Aquiles Aguilar, Siméon Slotnick (Viola), Mario Lalli (Viola), José Bragato (Cello), Eva Goldestein (Harp)","Piano, Bass, Bandoneon, 8 Violins, 2 Viola, Cello, Harp"
Astor Piazzolla,"Astor Piazzolla, su Bandoneón y su Orquesta de Cuerdas",1955,Sens Unique,,Tango,Instrumental,Vogue,Tape,,,,,Astor Piazzolla,,Lalo Schifrin,Juan Antonio Vasallo,Astor Piazzolla,"Elvino Vardaro, José Nieso, Alberto Del Bagno, Domingo Mancuso, José Votti, Lazaro Becker, Domingo Varela, Aquiles Aguilar, Siméon Slotnick (Viola), Mario Lalli (Viola), José Bragato (Cello), Eva Goldestein (Harp)","Piano, Bass, Bandoneon, 8 Violins, 2 Viola, Cello, Harp"
Astor Piazzolla,"Astor Piazzolla, su Bandoneón y su Orquesta de Cuerdas",1955,Estamos Listos,,Tango,Instrumental,Vogue,Tape,,,Angelo Burlí,,Astor Piazzolla,,Lalo Schifrin,Juan Antonio Vasallo,Astor Piazzolla,"Elvino Vardaro, José Nieso, Alberto Del Bagno, Domingo Mancuso, José Votti, Lazaro Becker, Domingo Varela, Aquiles Aguilar, Siméon Slotnick (Viola), Mario Lalli (Viola), José Bragato (Cello), Eva Goldestein (Harp)","Piano, Bass, Bandoneon, 8 Violins, 2 Viola, Cello, Harp"
Astor Piazzolla,"Astor Piazzolla, su Bandoneón y su Orquesta de Cuerdas",1955,Chez París,,Tango,Instrumental,Vogue,Tape,,,,,Astor Piazzolla,,Lalo Schifrin,Juan Antonio Vasallo,Astor Piazzolla,"Elvino Vardaro, José Nieso, Alberto Del Bagno, Domingo Mancuso, José Votti, Lazaro Becker, Domingo Varela, Aquiles Aguilar, Siméon Slotnick (Viola), Mario Lalli (Viola), José Bragato (Cello), Eva Goldestein (Harp)","Piano, Bass, Bandoneon, 8 Violins, 2 Viola, Cello, Harp"
Astor Piazzolla,"Astor Piazzolla, su Bandoneón y su Orquesta de Cuerdas",1955,Bandó,,Tango,Instrumental,Vogue,Tape,,,,,Astor Piazzolla,,Lalo Schifrin,Juan Antonio Vasallo,Astor Piazzolla,"Elvino Vardaro, José Nieso, Alberto Del Bagno, Domingo Mancuso, José Votti, Lazaro Becker, Domingo Varela, Aquiles Aguilar, Siméon Slotnick (Viola), Mario Lalli (Viola), José Bragato (Cello), Eva Goldestein (Harp)","Piano, Bass, Bandoneon, 8 Violins, 2 Viola, Cello, Harp"
Astor Piazzolla,"Astor Piazzolla, su Bandoneón y su Orquesta de Cuerdas",1955,Luz y Sombra,,Tango,Instrumental,Vogue,Tape,,,,,Astor Piazzolla,,Lalo Schifrin,Juan Antonio Vasallo,Astor Piazzolla,"Elvino Vardaro, José Nieso, Alberto Del Bagno, Domingo Mancuso, José Votti, Lazaro Becker, Domingo Varela, Aquiles Aguilar, Siméon Slotnick (Viola), Mario Lalli (Viola), José Bragato (Cello), Eva Goldestein (Harp)","Piano, Bass, Bandoneon, 8 Violins, 2 Viola, Cello, Harp"
Astor Piazzolla,"Astor Piazzolla, su Bandoneón y su Orquesta de Cuerdas",1955,Tzigane Tango,,Tango,Instrumental,Vogue,Tape,,,,,Astor Piazzolla,,Lalo Schifrin,Juan Antonio Vasallo,Astor Piazzolla,"Elvino Vardaro, José Nieso, Alberto Del Bagno, Domingo Mancuso, José Votti, Lazaro Becker, Domingo Varela, Aquiles Aguilar, Siméon Slotnick (Viola), Mario Lalli (Viola), José Bragato (Cello), Eva Goldestein (Harp)","Piano, Bass, Bandoneon, 8 Violins, 2 Viola, Cello, Harp"
Astor Piazzolla,"Astor Piazzolla, su Bandoneón y su Orquesta de Cuerdas",1955,Nonino,,Tango,Instrumental,Barclay,Tape,,,,,Astor Piazzolla,,Lalo Schifrin,Juan Antonio Vasallo,Astor Piazzolla,"Elvino Vardaro, José Nieso, Alberto Del Bagno, Domingo Mancuso, José Votti, Lazaro Becker, Domingo Varela, Aquiles Aguilar, Siméon Slotnick (Viola), Mario Lalli (Viola), José Bragato (Cello), Eva Goldestein (Harp)","Piano, Bass, Bandoneon, 8 Violins, 2 Viola, Cello, Harp"
Astor Piazzolla,"Astor Piazzolla, su Bandoneón y su Orquesta de Cuerdas",1955,Guardia Muerta,,Tango,Instrumental,Barclay,Tape,,,,,Astor Piazzolla,,Lalo Schifrin,Juan Antonio Vasallo,Astor Piazzolla,"Elvino Vardaro, José Nieso, Alberto Del Bagno, Domingo Mancuso, José Votti, Lazaro Becker, Domingo Varela, Aquiles Aguilar, Siméon Slotnick (Viola), Mario Lalli (Viola), José Bragato (Cello), Eva Goldestein (Harp)","Piano, Bass, Bandoneon, 8 Violins, 2 Viola, Cello, Harp"
Astor Piazzolla,"Astor Piazzolla, su Bandoneón y su Orquesta de Cuerdas",1955,Contrabajeando,,Tango,Instrumental,Barclay,Tape,,,,,Astor Piazzolla,,Lalo Schifrin,Juan Antonio Vasallo,Astor Piazzolla,"Elvino Vardaro, José Nieso, Alberto Del Bagno, Domingo Mancuso, José Votti, Lazaro Becker, Domingo Varela, Aquiles Aguilar, Siméon Slotnick (Viola), Mario Lalli (Viola), José Bragato (Cello), Eva Goldestein (Harp)","Piano, Bass, Bandoneon, 8 Violins, 2 Viola, Cello, Harp"
Astor Piazzolla,"Astor Piazzolla, su Bandoneón y su Orquesta de Cuerdas",1955,Río Sena,,Tango,Instrumental,Barclay,Tape,,,,,Astor Piazzolla,,Lalo Schifrin,Juan Antonio Vasallo,Astor Piazzolla,"Elvino Vardaro, José Nieso, Alberto Del Bagno, Domingo Mancuso, José Votti, Lazaro Becker, Domingo Varela, Aquiles Aguilar, Siméon Slotnick (Viola), Mario Lalli (Viola), José Bragato (Cello), Eva Goldestein (Harp)","Piano, Bass, Bandoneon, 8 Violins, 2 Viola, Cello, Harp"
Astor Piazzolla,"Astor Piazzolla, su Bandoneón y su Orquesta de Cuerdas",1956,Atabache,,Milonga,Jorge Sobral,T.K.,78rpm,,,"Enrique Francini, Héctor Stamponi, Homero Expósito",,Astor Piazzolla,,Jaime Gosis,Hamlet Greco,Astor Piazzolla,"Elvino Vardaro, José Bragato (Cello)","Piano, Bass, Bandoneon, Violin, Cello"
Astor Piazzolla,"Astor Piazzolla, su Bandoneón y su Orquesta de Cuerdas",1956,Negracha,,Tango,Instrumental,T.K.,78rpm,,,Osvaldo Pugliese,,Astor Piazzolla,,Jaime Gosis,Hamlet Greco,Astor Piazzolla,"Elvino Vardaro, José Bragato (Cello)","Piano, Bass, Bandoneon, Violin, Cello"
Astor Piazzolla,"Astor Piazzolla, su Bandoneón y su Orquesta de Cuerdas",1956,Sensiblero,,Tango,Instrumental,T.K.,78rpm,,,Julián Plaza,,Astor Piazzolla,,Jaime Gosis,Hamlet Greco,Astor Piazzolla,"Elvino Vardaro, José Bragato (Cello)","Piano, Bass, Bandoneon, Violin, Cello"
Astor Piazzolla,"Astor Piazzolla, su Bandoneón y su Orquesta de Cuerdas",1956,Lo Que Vendrá,,Tango,Instrumental,T.K.,78rpm,,,,,Astor Piazzolla,,Jaime Gosis,Hamlet Greco,Astor Piazzolla,"Elvino Vardaro, José Bragato (Cello)","Piano, Bass, Bandoneon, Violin, Cello"
Astor Piazzolla,"Astor Piazzolla, su Bandoneón y su Orquesta de Cuerdas",1956-09,Vanguardista,,Tango,Instrumental,Odeón,78rpm,,,José Bragato,,Astor Piazzolla,,Jaime Gosis,,Astor Piazzolla,"Elvino Vardaro, José Bragato (Cello)","Piano, Bandoneon, Violin, Cello"
Astor Piazzolla,"Astor Piazzolla, su Bandoneón y su Orquesta de Cuerdas",1956-09,Marrón y Azul,,Tango,Instrumental,Odeón,78rpm,,,,,Astor Piazzolla,,Jaime Gosis,,Astor Piazzolla,"Elvino Vardaro, José Bragato (Cello)","Piano, Bandoneon, Violin, Cello"
Astor Piazzolla,Octeto Buenos Aires,1956,Lo Que Vendrá,,Tango,Instrumental,Allegro,"LP (10"")",,,,,Astor Piazzolla,,Atilio Stampone,Hamlet Greco,"Astor Piazzolla, Leopoldo Federico","Enrique Mario Francini, Hugo Baralis, José Bragato (Cello), Horacio Malvicino (Guitar)","Piano, Bass, 2 Bandoneons, 2 Violins, Cello, Guitar"
Astor Piazzolla,Octeto Buenos Aires,1956,La Revancha,,Tango,Instrumental,Allegro,"LP (10"")",,,Pedro Laurenz,,Astor Piazzolla,,Atilio Stampone,Hamlet Greco,"Astor Piazzolla, Leopoldo Federico","Enrique Mario Francini, Hugo Baralis, José Bragato (Cello), Horacio Malvicino (Guitar)","Piano, Bass, 2 Bandoneons, 2 Violins, Cello, Guitar"
Astor Piazzolla,Octeto Buenos Aires,1956,Tema Otoñal,,Tango,Instrumental,Allegro,"LP (10"")",,,Enrique Francini,,Astor Piazzolla,,Atilio Stampone,Hamlet Greco,"Astor Piazzolla, Leopoldo Federico","Enrique Mario Francini, Hugo Baralis, José Bragato (Cello), Horacio Malvicino (Guitar)","Piano, Bass, 2 Bandoneons, 2 Violins, Cello, Guitar"
Astor Piazzolla,Octeto Buenos Aires,1956,Bandó,,Tango,Instrumental,Allegro,"LP (10"")",,,"Julio De Caro, Dante Linyera",,Astor Piazzolla,,Atilio Stampone,Juan Vasallo,"Astor Piazzolla, Leopoldo Federico","Enrique Mario Francini, Hugo Baralis, José Bragato (Cello), Horacio Malvicino (Guitar)","Piano, Bass, 2 Bandoneons, 2 Violins, Cello, Guitar"
Astor Piazzolla,Octeto Buenos Aires,1956,Mi Refugio,,Tango,Instrumental,Allegro,"LP (10"")",,,"Juan Cobián, Pedro Córdoba",,Astor Piazzolla,,Atilio Stampone,Hamlet Greco,"Astor Piazzolla, Leopoldo Federico","Enrique Mario Francini, Hugo Baralis, José Bragato (Cello), Horacio Malvicino (Guitar)","Piano, Bass, 2 Bandoneons, 2 Violins, Cello, Guitar"
Astor Piazzolla,Octeto Buenos Aires,1956,Taconeando,,Tango,Instrumental,Allegro,"LP (10"")",,,"Pedro Maffía, Horacio Staffolani",,Astor Piazzolla,,Atilio Stampone,Hamlet Greco,"Astor Piazzolla, Leopoldo Federico","Enrique Mario Francini, Hugo Baralis, José Bragato (Cello), Horacio Malvicino (Guitar)","Piano, Bass, 2 Bandoneons, 2 Violins, Cello, Guitar"
Astor Piazzolla,Octeto Buenos Aires,1957,Haydée,,Tango,Instrumental,Disc Jockey,LP,,,Héctor Grané,,Astor Piazzolla,,Atilio Stampone,Juan Vasallo,"Astor Piazzolla, Leopoldo Federico","Enrique Mario Francini, Hugo Baralis, José Bragato (Cello), Horacio Malvicino (Guitar)","Piano, Bass, 2 Bandoneons, 2 Violins, Cello, Guitar"
Astor Piazzolla,Octeto Buenos Aires,1957,Marrón y Azul,,Tango,Instrumental,Disc Jockey,LP,,,,,Astor Piazzolla,,Atilio Stampone,Juan Vasallo,"Astor Piazzolla, Leopoldo Federico","Enrique Mario Francini, Hugo Baralis, José Bragato (Cello), Horacio Malvicino (Guitar)","Piano, Bass, 2 Bandoneons, 2 Violins, Cello, Guitar"
Astor Piazzolla,Octeto Buenos Aires,1957,Los Mareados,,Tango,Instrumental,Disc Jockey,LP,,,"Juan Cobián, Enrique Cadícamo",,Astor Piazzolla,,Atilio Stampone,Juan Vasallo,"Astor Piazzolla, Leopoldo Federico","Enrique Mario Francini, Hugo Baralis, José Bragato (Cello), Horacio Malvicino (Guitar)","Piano, Bass, 2 Bandoneons, 2 Violins, Cello, Guitar"
Astor Piazzolla,Octeto Buenos Aires,1957,Noturno,,Tango,Instrumental,Disc Jockey,LP,,,"Leopoldo Federico, Manuel Flores",,Astor Piazzolla,,Atilio Stampone,Juan Vasallo,"Astor Piazzolla, Leopoldo Federico","Enrique Mario Francini, Hugo Baralis, José Bragato (Cello), Horacio Malvicino (Guitar)","Piano, Bass, 2 Bandoneons, 2 Violins, Cello, Guitar"
Astor Piazzolla,Octeto Buenos Aires,1957,El Marne,,Tango,Instrumental,Disc Jockey,LP,,,Eduardo Arolas,,Astor Piazzolla,,Atilio Stampone,Juan Vasallo,"Astor Piazzolla, Leopoldo Federico","Enrique Mario Francini, Hugo Baralis, José Bragato (Cello), Horacio Malvicino (Guitar)","Piano, Bass, 2 Bandoneons, 2 Violins, Cello, Guitar"
Astor Piazzolla,Octeto Buenos Aires,1957,Anoné,,Tango,Instrumental,Disc Jockey,LP,,,Hugo Baralis,,Astor Piazzolla,,Atilio Stampone,Juan Vasallo,"Astor Piazzolla, Leopoldo Federico","Enrique Mario Francini, Hugo Baralis, José Bragato (Cello), Horacio Malvicino (Guitar)","Piano, Bass, 2 Bandoneons, 2 Violins, Cello, Guitar"
Astor Piazzolla,Octeto Buenos Aires,1957,El Entrerriano,,Tango,Instrumental,Disc Jockey,LP,,,Rosendo Mendizábal,,Astor Piazzolla,,Atilio Stampone,Juan Vasallo,"Astor Piazzolla, Leopoldo Federico","Enrique Mario Francini, Hugo Baralis, José Bragato (Cello), Horacio Malvicino (Guitar)","Piano, Bass, 2 Bandoneons, 2 Violins, Cello, Guitar"
Astor Piazzolla,Octeto Buenos Aires,1957,Tangology,,Tango,Instrumental,Disc Jockey,LP,,,Horacio Malvicino,,Astor Piazzolla,,Atilio Stampone,Juan Vasallo,"Astor Piazzolla, Leopoldo Federico","Enrique Mario Francini, Hugo Baralis, José Bragato (Cello), Horacio Malvicino (Guitar)","Piano, Bass, 2 Bandoneons, 2 Violins, Cello, Guitar"
Astor Piazzolla,Octeto Buenos Aires,1957,Arrabal,,Tango,Instrumental,Disc Jockey,LP,,,José Pascual,,Astor Piazzolla,,Atilio Stampone,Juan Vasallo,"Astor Piazzolla, Leopoldo Federico","Enrique Mario Francini, Hugo Baralis, José Bragato (Cello), Horacio Malvicino (Guitar)","Piano, Bass, 2 Bandoneons, 2 Violins, Cello, Guitar"
Astor Piazzolla,Octeto Buenos Aires,1957,A Fuego Lento,,Tango,Instrumental,Disc Jockey,LP,,,Horacio Salgán,,Astor Piazzolla,,Atilio Stampone,Juan Vasallo,"Astor Piazzolla, Leopoldo Federico","Enrique Mario Francini, Hugo Baralis, José Bragato (Cello), Horacio Malvicino (Guitar)","Piano, Bass, 2 Bandoneons, 2 Violins, Cello, Guitar"
Astor Piazzolla,Octeto Buenos Aires,1972,La Cachila,,Tango,Instrumental,Show,LP,,,Eduardo Arolas,,Astor Piazzolla,,Atilio Stampone,Juan Vasallo,"Astor Piazzolla, Leopoldo Federico","Enrique Mario Francini, Hugo Baralis, José Bragato (Cello), Horacio Malvicino (Guitar)","Piano, Bass, 2 Bandoneons, 2 Violins, Cello, Guitar"
Astor Piazzolla,Octeto Buenos Aires,1973,Taconeando,,Tango,Instrumental,Music Hall,33rpm,,,"Pedro Maffía, Horacio Staffolani",,Astor Piazzolla,,Atilio Stampone,Juan Vasallo,"Astor Piazzolla, Leopoldo Federico","Enrique Mario Francini, Hugo Baralis, José Bragato (Cello), Horacio Malvicino (Guitar)","Piano, Bass, 2 Bandoneons, 2 Violins, Cello, Guitar"
Astor Piazzolla,"Astor Piazzolla, su Bandoneón y su Orquesta de Cuerdas",1957,Lo Que Vendrá,,Tango,Instrumental,Antar Telefunken,"LP (10"")",,,Astor Piazzolla,,Astor Piazzolla,,Jaime Gosis,Juan Vasallo,Astor Piazzolla,"Elvino Vardaro, José Bragato (Cello)","Piano, Bass, Bandoneon, Violin, Cello"
Astor Piazzolla,"Astor Piazzolla, su Bandoneón y su Orquesta de Cuerdas",1957,Miedo,,Tango,Instrumental,Antar Telefunken,"LP (10"")",,,"Elvino Vardaro, Oscar Arona, Francisco Jiménez",,Astor Piazzolla,,Jaime Gosis,Juan Vasallo,Astor Piazzolla,"Elvino Vardaro, José Bragato (Cello)","Piano, Bass, Bandoneon, Violin, Cello"
Astor Piazzolla,"Astor Piazzolla, su Bandoneón y su Orquesta de Cuerdas",1957,Yo Soy el Negro,,Milonga,Jorge Sobral,Antar Telefunken,"LP (10"")",,,"Astor Piazzolla, Carlos Gorostiza",,Astor Piazzolla,,Jaime Gosis,Juan Vasallo,Astor Piazzolla,"Elvino Vardaro, José Bragato (Cello)","Piano, Bass, Bandoneon, Violin, Cello"
Astor Piazzolla,"Astor Piazzolla, su Bandoneón y su Orquesta de Cuerdas",1957,Sensiblero,,Tango,Instrumental,Antar Telefunken,"LP (10"")",,,Julián Plaza,,Astor Piazzolla,,Jaime Gosis,Juan Vasallo,Astor Piazzolla,"Elvino Vardaro, José Bragato (Cello)","Piano, Bass, Bandoneon, Violin, Cello"
Astor Piazzolla,"Astor Piazzolla, su Bandoneón y su Orquesta de Cuerdas",1957,Tres Minutos con la Realidad,,Tango,Instrumental,Antar Telefunken,"LP (10"")",,,Astor Piazzolla,,Astor Piazzolla,,Jaime Gosis,Juan Vasallo,Astor Piazzolla,"Elvino Vardaro, José Bragato (Cello)","Piano, Bass, Bandoneon, Violin, Cello"
Astor Piazzolla,"Astor Piazzolla, su Bandoneón y su Orquesta de Cuerdas",1957,Noche de Amor,,Tango,Instrumental,Antar Telefunken,"LP (10"")",,,"Fernando Franco, Luis Rubinstein",,Astor Piazzolla,,Jaime Gosis,Juan Vasallo,Astor Piazzolla,"Elvino Vardaro, José Bragato (Cello)","Piano, Bass, Bandoneon, Violin, Cello"
Astor Piazzolla,"Astor Piazzolla, su Bandoneón y su Orquesta de Cuerdas",1957,La Tarde del Adiós,,Tango,Jorge Sobral,Antar Telefunken,"LP (10"")",,,"Fernando López, Roberto Lambertucci",,Astor Piazzolla,,Jaime Gosis,Juan Vasallo,Astor Piazzolla,"Elvino Vardaro, José Bragato (Cello)","Piano, Bass, Bandoneon, Violin, Cello"
Astor Piazzolla,"Astor Piazzolla, su Bandoneón y su Orquesta de Cuerdas",1957,La Cachila,,Tango,Instrumental,Antar Telefunken,"LP (10"")",,,Eduardo Arolas,,Astor Piazzolla,,Jaime Gosis,Juan Vasallo,Astor Piazzolla,"Elvino Vardaro, José Bragato (Cello)","Piano, Bass, Bandoneon, Violin, Cello"
Astor Piazzolla,"Astor Piazzolla, su Bandoneón y su Orquesta de Cuerdas",1957,Tango del Angel,,Tango,Instrumental,Music Hall,LP,,,Astor Piazzolla,,Astor Piazzolla,,Jaime Gosis,Juan Vasallo,Astor Piazzolla,"Elvino Vardaro, José Bragato (Cello)","Piano, Bass, Bandoneon, Violin, Cello"
Astor Piazzolla,"Astor Piazzolla, su Bandoneón y su Orquesta de Cuerdas",1957,Melancólico Buenos Aires,,Tango,Instrumental,Music Hall,LP,,,Astor Piazzolla,,Astor Piazzolla,,Jaime Gosis,Juan Vasallo,Astor Piazzolla,"Elvino Vardaro, José Bragato (Cello)","Piano, Bass, Bandoneon, Violin, Cello"
Astor Piazzolla,"Astor Piazzolla, su Bandoneón y su Orquesta de Cuerdas",1957,Loca Bohemia,,Tango,Instrumental,Music Hall,LP,,,"Francisco De Caro, Dante Linyera",,Astor Piazzolla,,Jaime Gosis,Juan Vasallo,Astor Piazzolla,"Elvino Vardaro, José Bragato (Cello)","Piano, Bass, Bandoneon, Violin, Cello"
Astor Piazzolla,"Astor Piazzolla, su Bandoneón y su Orquesta de Cuerdas",1957,Siempre París,,Tango,Jorge Sobral,Music Hall,LP,,,Virgilio Expósito,,Astor Piazzolla,,Jaime Gosis,Juan Vasallo,Astor Piazzolla,"Elvino Vardaro, José Bragato (Cello)","Piano, Bass, Bandoneon, Violin, Cello"
Astor Piazzolla,"Astor Piazzolla, su Bandoneón y su Orquesta de Cuerdas",1957,Tres Minutos con la Realidad,,Tango,Instrumental,Music Hall,LP,,,Astor Piazzolla,,Astor Piazzolla,,Jaime Gosis,Juan Vasallo,Astor Piazzolla,"Elvino Vardaro, José Bragato (Cello)","Piano, Bass, Bandoneon, Violin, Cello"
Astor Piazzolla,"Astor Piazzolla, su Bandoneón y su Orquesta de Cuerdas",1957,La Cumparsita,,Tango,Instrumental,Music Hall,LP,,,"Gerardo Matos Rodríguez, Pascual Contursi, Enrique Maroni",,Astor Piazzolla,,Jaime Gosis,Juan Vasallo,Astor Piazzolla,"Elvino Vardaro, José Bragato (Cello)","Piano, Bass, Bandoneon, Violin, Cello"
Astor Piazzolla,"Astor Piazzolla, su Bandoneón y su Orquesta de Cuerdas",1957,Fuimos,,Tango,Jorge Sobral,Music Hall,LP,,,"José Dames, Homero Manzi",,Astor Piazzolla,,Jaime Gosis,Juan Vasallo,Astor Piazzolla,"Elvino Vardaro, José Bragato (Cello)","Piano, Bass, Bandoneon, Violin, Cello"
Astor Piazzolla,"Astor Piazzolla, su Bandoneón y su Orquesta de Cuerdas",1957,Del Bajo Fondo,,Tango,Instrumental,Music Hall,LP,,,Jose Tarantino,,Astor Piazzolla,,Jaime Gosis,Juan Vasallo,Astor Piazzolla,"Elvino Vardaro, José Bragato (Cello)","Piano, Bass, Bandoneon, Violin, Cello"
Astor Piazzolla,"Astor Piazzolla, su Bandoneón y su Orquesta de Cuerdas",1957,Inspiración,,Tango,Instrumental,Music Hall,LP,,,"Peregrino Paulos, Luis Rubinstein",,Astor Piazzolla,,Jaime Gosis,Juan Vasallo,Astor Piazzolla,"Elvino Vardaro, José Bragato (Cello)","Piano, Bass, Bandoneon, Violin, Cello"
Astor Piazzolla,"Astor Piazzolla, su Bandoneón y su Orquesta de Cuerdas",1957,Prepárense,,Tango,Instrumental,Music Hall,LP,,,Astor Piazzolla,,Astor Piazzolla,,Jaime Gosis,Juan Vasallo,Astor Piazzolla,"Elvino Vardaro, José Bragato (Cello)","Piano, Bass, Bandoneon, Violin, Cello"
Astor Piazzolla,The Di Mara Sisters (With Astor Piazzolla & His Orchestra),1958,Ferryboat Serenade,,,Lillian Di Mara y Rose Di Mara y Marisa Di Mara,Roulette,LP,,,"Di Lazzaro, Adamson, Panzeri",Tony Dannon,Astor Piazzolla,,,,,,
Astor Piazzolla,The Di Mara Sisters (With Astor Piazzolla & His Orchestra),1958,La Strada del Amore,,,Lillian Di Mara y Rose Di Mara y Marisa Di Mara,Roulette,LP,,,Jack Reardon,,Astor Piazzolla,,,,,,
Astor Piazzolla,The Di Mara Sisters (With Astor Piazzolla & His Orchestra),1958,Roman Guitar,,,Lillian Di Mara y Rose Di Mara y Marisa Di Mara,Roulette,LP,,,"Harper, Bruno, Di Lazzaro",,Astor Piazzolla,,,,,,
Astor Piazzolla,The Di Mara Sisters (With Astor Piazzolla & His Orchestra),1958,Welcome To Italy,,,Lillian Di Mara y Rose Di Mara y Marisa Di Mara,Roulette,LP,,,"Bretta, Sorsi",,Astor Piazzolla,,,,,,
Astor Piazzolla,The Di Mara Sisters (With Astor Piazzolla & His Orchestra),1958,All Yours,Tua,,Lillian Di Mara y Rose Di Mara y Marisa Di Mara,Roulette,LP,,,"Pallesi, Malgoni",,Astor Piazzolla,,,,,,
Astor Piazzolla,The Di Mara Sisters (With Astor Piazzolla & His Orchestra),1958,I've Got a Guy,,,Lillian Di Mara y Rose Di Mara y Marisa Di Mara,Roulette,LP,,,"Dannon, Dominguez",,Astor Piazzolla,,,,,,
Astor Piazzolla,The Di Mara Sisters (With Astor Piazzolla & His Orchestra),1958,Tango Of Roses,Tango Delle Rose,,Lillian Di Mara y Rose Di Mara y Marisa Di Mara,Roulette,LP,,,"Schreier, Bottero, Games",,Astor Piazzolla,,,,,,
Astor Piazzolla,The Di Mara Sisters (With Astor Piazzolla & His Orchestra),1958,Ti Voglio Tanto Bene,,,Lillian Di Mara y Rose Di Mara y Marisa Di Mara,Roulette,LP,,,"Dannon, Bogos",,Astor Piazzolla,,,,,,
Astor Piazzolla,The Di Mara Sisters (With Astor Piazzolla & His Orchestra),1958,Vieni Vieni,,,Lillian Di Mara y Rose Di Mara y Marisa Di Mara,Roulette,LP,,,"Rastelli, Panzeri",,Astor Piazzolla,,,,,,
Astor Piazzolla,The Di Mara Sisters (With Astor Piazzolla & His Orchestra),1958,Echoes Of Love,,,Lillian Di Mara y Rose Di Mara y Marisa Di Mara,Roulette,LP,,,"Dale, Blackton, Ormont, Tobias",,Astor Piazzolla,,,,,,
Astor Piazzolla,The Di Mara Sisters (With Astor Piazzolla & His Orchestra),1958,Bachiami Bambino,,,Lillian Di Mara y Rose Di Mara y Marisa Di Mara,Roulette,LP,,,"Stanley, Morbelli, Astore",,Astor Piazzolla,,,,,,
Astor Piazzolla,The Di Mara Sisters (With Astor Piazzolla & His Orchestra),1958,Memorie Di Roma,,,Lillian Di Mara y Rose Di Mara y Marisa Di Mara,Roulette,LP,,,"M. King, M. Di Mara",,Astor Piazzolla,,,,,,
Astor Piazzolla,Astor Piazzolla His Quintet & Rhythms,1959,Laura,,,Instrumental,Tico,LP,,,"Johnny Mercer, David Raksin",,Astor Piazzolla,,Carlos Lauch,Chet Amsterdam,Astor Piazzolla,"Eddie Costa (Vibraphone), Al Caiola (Guitar)","Piano, Bass, Bandoneon, Vibraphone, Guitar"
Astor Piazzolla,Astor Piazzolla His Quintet & Rhythms,1959,Triunfal,,,Instrumental,Tico,LP,,,,,Astor Piazzolla,,Carlos Lauch,Chet Amsterdam,Astor Piazzolla,"Eddie Costa (Vibraphone), Al Caiola (Guitar)","Piano, Bass, Bandoneon, Vibraphone, Guitar"
Astor Piazzolla,Astor Piazzolla His Quintet & Rhythms,1959,Oscar Peterson,,,Instrumental,Tico,LP,,,,,Astor Piazzolla,,Carlos Lauch,Chet Amsterdam,Astor Piazzolla,"Eddie Costa (Vibraphone), Al Caiola (Guitar)","Piano, Bass, Bandoneon, Vibraphone, Guitar"
Astor Piazzolla,Astor Piazzolla His Quintet & Rhythms,1959,April In Paris,,,Instrumental,Tico,LP,,,"Duke, Harburg, Renaud",,Astor Piazzolla,,Carlos Lauch,Chet Amsterdam,Astor Piazzolla,"Eddie Costa (Vibraphone), Al Caiola (Guitar)","Piano, Bass, Bandoneon, Vibraphone, Guitar"
Astor Piazzolla,Astor Piazzolla His Quintet & Rhythms,1959,Boricua,,,Instrumental,Tico,LP,,,,,Astor Piazzolla,,Carlos Lauch,Chet Amsterdam,Astor Piazzolla,"Eddie Costa (Vibraphone), Al Caiola (Guitar)","Piano, Bass, Bandoneon, Vibraphone, Guitar"
Astor Piazzolla,Astor Piazzolla His Quintet & Rhythms,1959,Show Off,Para Lucirse,,Instrumental,Tico,LP,,,,,Astor Piazzolla,,Carlos Lauch,Chet Amsterdam,Astor Piazzolla,"Eddie Costa (Vibraphone), Al Caiola (Guitar)","Piano, Bass, Bandoneon, Vibraphone, Guitar"
Astor Piazzolla,Astor Piazzolla His Quintet & Rhythms,1959,Lullaby Of Birdland,,,Instrumental,Tico,LP,,,George Shearing,,Astor Piazzolla,,Carlos Lauch,Chet Amsterdam,Astor Piazzolla,"Eddie Costa (Vibraphone), Al Caiola (Guitar)","Piano, Bass, Bandoneon, Vibraphone, Guitar"
Astor Piazzolla,Astor Piazzolla His Quintet & Rhythms,1959,Plus Ultra,,,Instrumental,Tico,LP,,,,,Astor Piazzolla,,Carlos Lauch,Chet Amsterdam,Astor Piazzolla,"Eddie Costa (Vibraphone), Al Caiola (Guitar)","Piano, Bass, Bandoneon, Vibraphone, Guitar"
Astor Piazzolla,Astor Piazzolla His Quintet & Rhythms,1959,Dedita,,,Instrumental,Tico,LP,,,,,Astor Piazzolla,,Carlos Lauch,Chet Amsterdam,Astor Piazzolla,"Eddie Costa (Vibraphone), Al Caiola (Guitar)","Piano, Bass, Bandoneon, Vibraphone, Guitar"
Astor Piazzolla,Astor Piazzolla His Quintet & Rhythms,1959,Sophisticated Lady,,,Instrumental,Tico,LP,,,"Duke Ellington, Irving Mills, Mitchel Parish",,Astor Piazzolla,,Carlos Lauch,Chet Amsterdam,Astor Piazzolla,"Eddie Costa (Vibraphone), Al Caiola (Guitar)","Piano, Bass, Bandoneon, Vibraphone, Guitar"
Astor Piazzolla,Astor Piazzolla His Quintet & Rhythms,1959,Counterpoint,Contratiempo,,Instrumental,Tico,LP,,,,,Astor Piazzolla,,Carlos Lauch,Chet Amsterdam,Astor Piazzolla,"Eddie Costa (Vibraphone), Al Caiola (Guitar)","Piano, Bass, Bandoneon, Vibraphone, Guitar"
Astor Piazzolla,Astor Piazzolla His Quintet & Rhythms,1959,Something Strange,Presentania,,Instrumental,Tico,LP,,,,,Astor Piazzolla,,Carlos Lauch,Chet Amsterdam,Astor Piazzolla,"Eddie Costa (Vibraphone), Al Caiola (Guitar)","Piano, Bass, Bandoneon, Vibraphone, Guitar"
Astor Piazzolla,Astor Piazzolla His Quintet & Rhythms,1959,Lullaby Of Birdland,Tema del Disco #55,,Instrumental,Tico,45rpm,,,,,Astor Piazzolla,,Carlos Lauch,Chet Amsterdam,Astor Piazzolla,"Eddie Costa (Vibraphone), Al Caiola (Guitar)","Piano, Bass, Bandoneon, Vibraphone, Guitar"
Astor Piazzolla,Astor Piazzolla His Quintet & Rhythms,1959,La Coquette,,,Instrumental,Tico,45rpm,,,F. Gonzaga,,Astor Piazzolla,,Carlos Lauch,"Chet Amsterdam, Willie Rodríguez (Drums), Roger King Mozian (Percussion), Johnny Pacheco (Percussion)","Astor Piazzolla, Danny Bank (Clarinet)","Eddie Costa (Vibraphone), Barry Galbraith (Guitar), Al Caiola (Guitar)","Piano, Bass, Bandoneon, Drums, 2 Percussion, Clarinet, Vibraphone, 2 Guitar"
Astor Piazzolla,Astor Piazzolla y su Orquesta,1959,Jealousy,Celos,,Instrumental,P-Vine,CD,,,Jacob Gade,,Astor Piazzolla,,,,,,
Astor Piazzolla,Astor Piazzolla y su Orquesta,1959,Adiós Muchachos,,,Instrumental,P-Vine,CD,,,"Julio Sanders, César Védani",,Astor Piazzolla,,,,,,
Astor Piazzolla,Astor Piazzolla y su Orquesta,1959,Orchids In The Moonlight,,,Instrumental,P-Vine,CD,,,Vincent Youmans,,Astor Piazzolla,,,,,,
Astor Piazzolla,Astor Piazzolla y su Orquesta,1959,El Choclo,,,Instrumental,P-Vine,CD,,,"Ángel Villoldo, Enrique Discépolo, Carlos Marambio Catán",,Astor Piazzolla,,,,,,
Astor Piazzolla,Astor Piazzolla y su Orquesta,1959,A Media Luz,Dim Light,,Instrumental,P-Vine,CD,,,"Edgardo Donato, Carlos Lenzi",,Astor Piazzolla,,,,,,
Astor Piazzolla,Astor Piazzolla y su Orquesta,1959,Nieblas del Riachuelo,Fog At The River,,Instrumental,P-Vine,CD,,,"Juan Cobián, Enrique Cadícamo",,Astor Piazzolla,,,,,,
Astor Piazzolla,Astor Piazzolla y su Orquesta,1959,Nostalgias,,,Instrumental,P-Vine,CD,,,"Juan Cobián, Enrique Cadícamo",,Astor Piazzolla,,,,,,
Astor Piazzolla,Astor Piazzolla y su Orquesta,1959,Porqué,Why,,Instrumental,P-Vine,CD,,,Osvaldo Fresedo,,Astor Piazzolla,,,,,,
Astor Piazzolla,Astor Piazzolla y su Orquesta,1959,El Día Que Me Quieras,The Day You Ever Love Me,,Instrumental,P-Vine,CD,,,"Carlos Gardel, Alfredo Le Pera",,Astor Piazzolla,,,,,,
Astor Piazzolla,Astor Piazzolla y su Orquesta,1959,Derecho Viejo,,,Instrumental,P-Vine,CD,,,Eduardo Arolas,,Astor Piazzolla,,,,,,
Astor Piazzolla,Astor Piazzolla y su Orquesta,1959,Sus Ojos Se Cerraron,,,Instrumental,P-Vine,CD,,,"Carlos Gardel, Alfredo Le Pera",,Astor Piazzolla,,,,,,
Astor Piazzolla,Astor Piazzolla y su Orquesta,1959,When I Go Walking In The Rain,,,Instrumental,P-Vine,CD,,,,,Astor Piazzolla,,,,,,
Astor Piazzolla,Astor Piazzolla y su Quinteto,1961,5to Ato Nacional,,Tango,Instrumental,Music Hall,45rpm,,,,,Astor Piazzolla,,Jaime Gosis,Kicho Diaz,Astor Piazzolla,"Simón Bajour, Horacio Malvicino (Guitar)","Piano, Bass, Bandoneon, Violin, Guitar"
Astor Piazzolla,Astor Piazzolla y su Quinteto,1961,Fin de Curso,,Milonga,Instrumental,Music Hall,45rpm,,,,,Astor Piazzolla,,Jaime Gosis,Kicho Diaz,Astor Piazzolla,"Simón Bajour, Horacio Malvicino (Guitar)","Piano, Bass, Bandoneon, Violin, Guitar"
Astor Piazzolla,Astor Piazzolla y su Quinteto,1961,El Ppy,,Tango,Instrumental,Music Hall,45rpm,,,,,Astor Piazzolla,,Jaime Gosis,Kicho Diaz,Astor Piazzolla,"Simón Bajour, Horacio Malvicino (Guitar)","Piano, Bass, Bandoneon, Violin, Guitar"
Astor Piazzolla,Astor Piazzolla y su Quinteto,1961,El Boletin,,Tango,Instrumental,Music Hall,45rpm,,,,,Astor Piazzolla,,Jaime Gosis,Kicho Diaz,Astor Piazzolla,"Simón Bajour, Horacio Malvicino (Guitar)","Piano, Bass, Bandoneon, Violin, Guitar"
Astor Piazzolla,Astor Piazzolla y su Quinteto,1961,Aplazado,,Tango,Instrumental,Music Hall,45rpm,,,,,Astor Piazzolla,,Jaime Gosis,Kicho Diaz,Astor Piazzolla,"Simón Bajour, Horacio Malvicino (Guitar)","Piano, Bass, Bandoneon, Violin, Guitar"
Astor Piazzolla,Astor Piazzolla y su Quinteto,1961-01-28,Adiós Nonino,,Tango,Instrumental,RCA Victor,LP,,,,,Astor Piazzolla,,Jaime Gosis,Kicho Diaz,Astor Piazzolla,"Simón Bajour, Horacio Malvicino (Guitar)","Piano, Bass, Bandoneon, Violin, Guitar"
Astor Piazzolla,Astor Piazzolla y su Quinteto,1961-01-30,Berretín,,Tango,Instrumental,RCA Victor,LP,,,Pedro Laurenz,,Astor Piazzolla,,Jaime Gosis,Kicho Diaz,Astor Piazzolla,"Simón Bajour, Horacio Malvicino (Guitar)","Piano, Bass, Bandoneon, Violin, Guitar"
Astor Piazzolla,Astor Piazzolla y su Quinteto,1961-01-30,Contrabajeando,,Tango,Instrumental,RCA Victor,LP,,,"Aníbal Troilo, Astor Piazzolla",,Astor Piazzolla,,Jaime Gosis,Kicho Diaz,Astor Piazzolla,"Simón Bajour, Horacio Malvicino (Guitar)","Piano, Bass, Bandoneon, Violin, Guitar"
Astor Piazzolla,Astor Piazzolla y su Quinteto,1961-01-28,Tangueisimo,,Tango,Instrumental,RCA Victor,LP,,,,,Astor Piazzolla,,Jaime Gosis,Kicho Diaz,Astor Piazzolla,"Simón Bajour, Horacio Malvicino (Guitar)","Piano, Bass, Bandoneon, Violin, Guitar"
Astor Piazzolla,Astor Piazzolla y su Quinteto,1961-01-30,Decarisimo,,Tango,Instrumental,RCA Victor,LP,,,,,Astor Piazzolla,,Jaime Gosis,Kicho Diaz,Astor Piazzolla,"Simón Bajour, Horacio Malvicino (Guitar)","Piano, Bass, Bandoneon, Violin, Guitar"
Astor Piazzolla,Astor Piazzolla y su Quinteto,1961-01-30,La Que Vendra,,Tango,Instrumental,RCA Victor,LP,,,,,Astor Piazzolla,,Jaime Gosis,Kicho Diaz,Astor Piazzolla,"Simón Bajour, Horacio Malvicino (Guitar)","Piano, Bass, Bandoneon, Violin, Guitar"
Astor Piazzolla,Astor Piazzolla y su Quinteto,1961-01-28,La Calle 92,,Tango,Instrumental,RCA Victor,LP,,,,,Astor Piazzolla,,Jaime Gosis,Kicho Diaz,Astor Piazzolla,"Simón Bajour, Horacio Malvicino (Guitar)","Piano, Bass, Bandoneon, Violin, Guitar"
Astor Piazzolla,Astor Piazzolla y su Quinteto,1961-01-28,Calambre,,Tango,Instrumental,RCA Victor,LP,,,,,Astor Piazzolla,,Jaime Gosis,Kicho Diaz,Astor Piazzolla,"Simón Bajour, Horacio Malvicino (Guitar)","Piano, Bass, Bandoneon, Violin, Guitar"
Astor Piazzolla,Astor Piazzolla y su Quinteto,1961-01-28,Los Poseidos,,Tango,Instrumental,RCA Victor,LP,,,,,Astor Piazzolla,,Jaime Gosis,Kicho Diaz,Astor Piazzolla,"Simón Bajour, Horacio Malvicino (Guitar)","Piano, Bass, Bandoneon, Violin, Guitar"
Astor Piazzolla,Astor Piazzolla y su Quinteto,1961-01-30,Nonino,,Tango,Instrumental,RCA Victor,LP,,,,,Astor Piazzolla,,Jaime Gosis,Kicho Diaz,Astor Piazzolla,"Simón Bajour, Horacio Malvicino (Guitar)","Piano, Bass, Bandoneon, Violin, Guitar"
Astor Piazzolla,Astor Piazzolla y su Quinteto,1961-01-30,Bandó,,Tango,Instrumental,RCA Victor,LP,,,,,Astor Piazzolla,,Jaime Gosis,Kicho Diaz,Astor Piazzolla,"Simón Bajour, Horacio Malvicino (Guitar)","Piano, Bass, Bandoneon, Violin, Guitar"
Astor Piazzolla,Astor Piazzolla y su Quinteto,1961-01-30,Guitarrazo,,Milonga,Instrumental,RCA Victor,LP,,,Horacio Malvicino,,Astor Piazzolla,,Jaime Gosis,Kicho Diaz,Astor Piazzolla,"Simón Bajour, Horacio Malvicino (Guitar)","Piano, Bass, Bandoneon, Violin, Guitar"
Astor Piazzolla,Astor Piazzolla y su Quinteto,1961-04-03,Prepárense,,Tango,Instrumental,RCA Victor,LP,,,,,Astor Piazzolla,,Jaime Gosis,Kicho Diaz,Astor Piazzolla,"Elvino Vardaro, Oscar Lopez Ruiz (Guitar)","Piano, Bass, Bandoneon, Violin, Guitar"
Astor Piazzolla,Astor Piazzolla y su Quinteto,1961-04-03,Tierrita,,Tango,Instrumental,RCA Victor,LP,,,"Agustín Bardi, Jesús Blanco",,Astor Piazzolla,,Jaime Gosis,Kicho Diaz,Astor Piazzolla,"Elvino Vardaro, Oscar Lopez Ruiz (Guitar)","Piano, Bass, Bandoneon, Violin, Guitar"
Astor Piazzolla,Astor Piazzolla y su Quinteto,1961-04-07,María,,Tango,Nelly Vázquez,RCA Victor,LP,,,"Aníbal Troilo, Cátulo Castillo",,Astor Piazzolla,,Jaime Gosis,Kicho Diaz,Astor Piazzolla,"Elvino Vardaro, Oscar Lopez Ruiz (Guitar)","Piano, Bass, Bandoneon, Violin, Guitar"
Astor Piazzolla,Astor Piazzolla y su Quinteto,1961-04-07,Bandoneón Arrabalero,,Tango,Nelly Vázquez,RCA Victor,LP,,,"Juan Deambroggio, Pascual Contursi",,Astor Piazzolla,,Jaime Gosis,Kicho Diaz,Astor Piazzolla,"Elvino Vardaro, Oscar Lopez Ruiz (Guitar)","Piano, Bass, Bandoneon, Violin, Guitar"
Astor Piazzolla,Astor Piazzolla y su Quinteto,1961-04-17,Redención,,Tango,Instrumental,RCA Victor,LP,,,Alfredo Gobbi,,Astor Piazzolla,,Jaime Gosis,Kicho Diaz,Astor Piazzolla,"Elvino Vardaro, Oscar Lopez Ruiz (Guitar)","Piano, Bass, Bandoneon, Violin, Guitar"
Astor Piazzolla,Astor Piazzolla y su Quinteto,1961-04-03,Don Juan,,Tango,Instrumental,RCA Victor,LP,,,"Ernesto Ponzio, Ricardo Podesta",,Astor Piazzolla,,Jaime Gosis,Kicho Diaz,Astor Piazzolla,"Elvino Vardaro, Oscar Lopez Ruiz (Guitar)","Piano, Bass, Bandoneon, Violin, Guitar"
Astor Piazzolla,Astor Piazzolla y su Quinteto,1961-04-03,El Arranque,,Tango,Instrumental,RCA Victor,LP,,,"Julio De Caro, Mario Gomila",,Astor Piazzolla,,Jaime Gosis,Kicho Diaz,Astor Piazzolla,"Elvino Vardaro, Oscar Lopez Ruiz (Guitar)","Piano, Bass, Bandoneon, Violin, Guitar"
Astor Piazzolla,Astor Piazzolla y su Quinteto,1961-04-03,Chiqué,,Tango,Instrumental,RCA Victor,LP,,,Ricardo Brignolo,,Astor Piazzolla,,Jaime Gosis,Kicho Diaz,Astor Piazzolla,"Elvino Vardaro, Oscar Lopez Ruiz (Guitar)","Piano, Bass, Bandoneon, Violin, Guitar"
Astor Piazzolla,Astor Piazzolla y su Quinteto,1961-04-03,Triunfal,,Tango,Instrumental,RCA Victor,LP,,,,,Astor Piazzolla,,Jaime Gosis,Kicho Diaz,Astor Piazzolla,"Elvino Vardaro, Oscar Lopez Ruiz (Guitar)","Piano, Bass, Bandoneon, Violin, Guitar"
Astor Piazzolla,Astor Piazzolla y su Quinteto,1961-04-07,La Casita de Mis Viejos,,Tango,Nelly Vázquez,RCA Victor,LP,,,"Juan Cobián, Enrique Cadícamo",,Astor Piazzolla,,Jaime Gosis,Kicho Diaz,Astor Piazzolla,"Elvino Vardaro, Oscar Lopez Ruiz (Guitar)","Piano, Bass, Bandoneon, Violin, Guitar"
Astor Piazzolla,Astor Piazzolla y su Quinteto,1961-04-07,Cristal,,Tango,Nelly Vázquez,RCA Victor,LP,,,"Mariano Mores, José Contursi",,Astor Piazzolla,,Jaime Gosis,Kicho Diaz,Astor Piazzolla,"Elvino Vardaro, Oscar Lopez Ruiz (Guitar)","Piano, Bass, Bandoneon, Violin, Guitar"
Astor Piazzolla,Astor Piazzolla y su Quinteto,1961-04-17,Quejas de Bandoneón,,Tango,Instrumental,RCA Victor,LP,,,Juan De Dios Filiberto,,Astor Piazzolla,,Jaime Gosis,Kicho Diaz,Astor Piazzolla,"Elvino Vardaro, Oscar Lopez Ruiz (Guitar)","Piano, Bass, Bandoneon, Violin, Guitar"
Astor Piazzolla,Daniel Riolobos y Astor Piazzolla y su Quinteto,1961-06-09,Garúa,,Tango,Daniel Riolobos,RCA Victor,33rpm,,,"Aníbal Troilo, Enrique Cadícamo",,Astor Piazzolla,,Jaime Gosis,Kicho Diaz,Astor Piazzolla,"Elvino Vardaro, Oscar Lopez Ruiz (Guitar)","Piano, Bass, Bandoneon, Violin, Guitar"
Astor Piazzolla,Daniel Riolobos y Astor Piazzolla y su Quinteto,1961-06-09,Uno,,Tango,Daniel Riolobos,RCA Victor,33rpm,,,"Mariano Mores, Enrique Discépolo",,Astor Piazzolla,,Jaime Gosis,Kicho Diaz,Astor Piazzolla,"Elvino Vardaro, Oscar Lopez Ruiz (Guitar)","Piano, Bass, Bandoneon, Violin, Guitar"
Astor Piazzolla,Astor Piazzolla y su Quinteto,1961-12-07,Enamorado Estoy,,Tango,Héctor De Rosas,RCA Victor,33rpm,,,"José Márquez, Oscar Zito",,Astor Piazzolla,,Jaime Gosis,Kicho Diaz,Astor Piazzolla,"Elvino Vardaro, Oscar Lopez Ruiz (Guitar)","Piano, Bass, Bandoneon, Violin, Guitar"
Astor Piazzolla,Astor Piazzolla y su Quinteto,1961-12-07,Cuesta Abajo,,Tango,Héctor De Rosas,RCA Victor,33rpm,,,"Carlos Gardel, Alfredo Le Pera",,Astor Piazzolla,,Jaime Gosis,Kicho Diaz,Astor Piazzolla,"Elvino Vardaro, Oscar Lopez Ruiz (Guitar)","Piano, Bass, Bandoneon, Violin, Guitar"
Astor Piazzolla,Astor Piazzolla y su Quinteto,1961-12-07,Sur,,Tango,Héctor De Rosas,RCA Victor,33rpm,,,"Aníbal Troilo, Homero Manzi",,Astor Piazzolla,,Jaime Gosis,Kicho Diaz,Astor Piazzolla,"Elvino Vardaro, Oscar Lopez Ruiz (Guitar)","Piano, Bass, Bandoneon, Violin, Guitar"
Astor Piazzolla,Astor Piazzolla y su Quinteto,1961-12-07,Malena,,Tango,Héctor De Rosas,RCA Victor,33rpm,,,"Lucio Demare, Homero Manzi",,Astor Piazzolla,,Jaime Gosis,Kicho Diaz,Astor Piazzolla,"Elvino Vardaro, Oscar Lopez Ruiz (Guitar)","Piano, Bass, Bandoneon, Violin, Guitar"
Astor Piazzolla,Astor Piazzolla y su Quinteto,1961,Por la Vuelta,,Tango,Héctor De Rosas,Antar,LP,,,"José Tinelli, Enrique Cadícamo",,Astor Piazzolla,,Jaime Gosis,Kicho Diaz,Astor Piazzolla,"Elvino Vardaro, Horacio Malvicino (Guitar)","Piano, Bass, Bandoneon, Violin, Guitar"
Astor Piazzolla,Astor Piazzolla y su Quinteto,1961,Triunfal,,Tango,Instrumental,Antar,LP,,,,,Astor Piazzolla,,Jaime Gosis,Kicho Diaz,Astor Piazzolla,"Elvino Vardaro, Horacio Malvicino (Guitar)","Piano, Bass, Bandoneon, Violin, Guitar"
Astor Piazzolla,Astor Piazzolla y su Quinteto,1961,Nostalgias,,Tango,Héctor De Rosas,Antar,LP,,,"Juan Cobián, Enrique Cadícamo",,Astor Piazzolla,,Jaime Gosis,Kicho Diaz,Astor Piazzolla,"Elvino Vardaro, Horacio Malvicino (Guitar)","Piano, Bass, Bandoneon, Violin, Guitar"
Astor Piazzolla,Astor Piazzolla y su Quinteto,1961,Adiós Nonino,,Tango,Instrumental,Antar,LP,,,,,Astor Piazzolla,,Jaime Gosis,Kicho Diaz,Astor Piazzolla,"Elvino Vardaro, Horacio Malvicino (Guitar)","Piano, Bass, Bandoneon, Violin, Guitar"
Astor Piazzolla,Roberto Yanes con Astor Piazzolla y su Orquesta,1962-12-11,Cafetín de Buenos Aires,,,Instrumental,CBS,33rpm,,,"Mariano Mores, Enrique Discépolo",,Astor Piazzolla,,,,,,
Astor Piazzolla,Roberto Yanes con Astor Piazzolla y su Orquesta,1962-12-11,Margarita Gauthier,,,Instrumental,CBS,33rpm,,,"Joaquín Mora, Julio Nelson",,Astor Piazzolla,,,,,,
Astor Piazzolla,Roberto Yanes con Astor Piazzolla y su Orquesta,1962-12-11,Fuimos,,,Instrumental,CBS,33rpm,,,"José Dames, Homero Manzi",,Astor Piazzolla,,,,,,
Astor Piazzolla,Roberto Yanes con Astor Piazzolla y su Orquesta,1962-12-11,Griseta,,,Instrumental,CBS,33rpm,,,"Enrique Delfino, José Castillo",,Astor Piazzolla,,,,,,
Astor Piazzolla,Astor Piazzolla y su Quinteto Tango Nuevo,1962-07-20,Introduccion Al Angel,,Tango,Instrumental,CBS,LP,,,Astor Piazzolla,,Astor Piazzolla,,Osvaldo Manzi,Kicho Diaz,Astor Piazzolla,"Antonio Agri, Oscar Lopez Ruiz (Guitar)","Piano, Bass, Bandoneon, Violin, Guitar"
Astor Piazzolla,Astor Piazzolla y su Quinteto Tango Nuevo,1962-07-02,Muerte del Angel,,Tango,Instrumental,CBS,LP,,,Astor Piazzolla,,Astor Piazzolla,,Osvaldo Manzi,Kicho Diaz,Astor Piazzolla,"Antonio Agri, Oscar Lopez Ruiz (Guitar)","Piano, Bass, Bandoneon, Violin, Guitar"
Astor Piazzolla,Astor Piazzolla y su Quinteto Tango Nuevo,1962-07-31,Milonga Triste,,Milonga,Héctor De Rosas,CBS,LP,,,"Sebastián Piana, Homero Manzi",,Astor Piazzolla,,Osvaldo Manzi,Kicho Diaz,Astor Piazzolla,"Antonio Agri, Oscar Lopez Ruiz (Guitar)","Piano, Bass, Bandoneon, Violin, Guitar"
Astor Piazzolla,Astor Piazzolla y su Quinteto Tango Nuevo,1962-07-30,Sin Retorno,,Tango,Instrumental,CBS,LP,,,Alberto Corosido,,Astor Piazzolla,,Osvaldo Manzi,Kicho Diaz,Astor Piazzolla,"Antonio Agri, Oscar Lopez Ruiz (Guitar)","Piano, Bass, Bandoneon, Violin, Guitar"
Astor Piazzolla,Astor Piazzolla y su Quinteto Tango Nuevo,1962-07-31,Imagenes 676,,Tango,Instrumental,CBS,LP,,,Astor Piazzolla,,Astor Piazzolla,,Osvaldo Manzi,Kicho Diaz,Astor Piazzolla,"Antonio Agri, Oscar Lopez Ruiz (Guitar)","Piano, Bass, Bandoneon, Violin, Guitar"
Astor Piazzolla,Astor Piazzolla y su Quinteto Tango Nuevo,1962-06-14,Nuestro Tiempo,,Tango,Instrumental,CBS,LP,,,Astor Piazzolla,,Astor Piazzolla,,Osvaldo Manzi,Kicho Diaz,Astor Piazzolla,"Antonio Agri, Oscar Lopez Ruiz (Guitar)","Piano, Bass, Bandoneon, Violin, Guitar"
Astor Piazzolla,Astor Piazzolla y su Quinteto Tango Nuevo,1962-07-27,Rau Ra,,Tango,Héctor De Rosas,CBS,LP,,,"Astor Piazzolla, Juan Lamadrid",,Astor Piazzolla,,Osvaldo Manzi,Kicho Diaz,Astor Piazzolla,"Antonio Agri, Oscar Lopez Ruiz (Guitar)","Piano, Bass, Bandoneon, Violin, Guitar"
Astor Piazzolla,Astor Piazzolla y su Quinteto Tango Nuevo,1962-07-20,Simple,,Tango,Instrumental,CBS,LP,,,Osvaldo Manzi,,Astor Piazzolla,,Osvaldo Manzi,Kicho Diaz,Astor Piazzolla,"Antonio Agri, Oscar Lopez Ruiz (Guitar)","Piano, Bass, Bandoneon, Violin, Guitar"
Astor Piazzolla,Astor Piazzolla y su Quinteto Tango Nuevo,1962-07-02,Todo Fue,,Tango,Héctor De Rosas,CBS,LP,,,"Astor Piazzolla, Diana Piazzolla",,Astor Piazzolla,,Osvaldo Manzi,Kicho Diaz,Astor Piazzolla,"Antonio Agri, Oscar Lopez Ruiz (Guitar)","Piano, Bass, Bandoneon, Violin, Guitar"
Astor Piazzolla,Astor Piazzolla y su Quinteto Tango Nuevo,1962-07-30,Los Mareados,,Tango,Instrumental,CBS,LP,,,"Juan Cobián, Enrique Cadícamo",,Astor Piazzolla,,Osvaldo Manzi,Kicho Diaz,Astor Piazzolla,"Antonio Agri, Oscar Lopez Ruiz (Guitar)","Piano, Bass, Bandoneon, Violin, Guitar"
Astor Piazzolla,Astor Piazzolla y su Quinteto Tango Nuevo,1963-03-27,Buenos Aires Hora Cero,,Tango,Instrumental,CBS,LP,,,Astor Piazzolla,,Astor Piazzolla,,Osvaldo Manzi,Kicho Diaz,Astor Piazzolla,"Antonio Agri, Oscar Lopez Ruiz (Guitar)","Piano, Bass, Bandoneon, Violin, Guitar"
Astor Piazzolla,Astor Piazzolla y su Quinteto Tango Nuevo,1963-04-18,Maquillaje,,Tango,Héctor De Rosas,CBS,LP,,,"Homero Expósito, Virgilio Expósito",,Astor Piazzolla,,Osvaldo Manzi,Kicho Diaz,Astor Piazzolla,"Antonio Agri, Oscar Lopez Ruiz (Guitar)","Piano, Bass, Bandoneon, Violin, Guitar"
Astor Piazzolla,Astor Piazzolla y su Quinteto Tango Nuevo,1963-03-25,Fracanapa,,Tango,Instrumental,CBS,LP,,,Astor Piazzolla,,Astor Piazzolla,,Osvaldo Manzi,Kicho Diaz,Astor Piazzolla,"Antonio Agri, Oscar Lopez Ruiz (Guitar)","Piano, Bass, Bandoneon, Violin, Guitar"
Astor Piazzolla,Astor Piazzolla y su Quinteto Tango Nuevo,1963-04-01,Tango Para una Ciudad,,Tango,Instrumental,CBS,LP,,,Astor Piazzolla,,Astor Piazzolla,,Osvaldo Manzi,Kicho Diaz,Astor Piazzolla,"Antonio Agri, Oscar Lopez Ruiz (Guitar)","Piano, Bass, Bandoneon, Violin, Guitar"
Astor Piazzolla,Astor Piazzolla y su Quinteto Tango Nuevo,1963-04-08,Cafetín de Buenos Aires,,Tango,Héctor De Rosas,CBS,LP,,,"Mariano Mores, Enrique Discépolo",,Astor Piazzolla,,Osvaldo Manzi,Kicho Diaz,Astor Piazzolla,"Antonio Agri, Oscar Lopez Ruiz (Guitar)","Piano, Bass, Bandoneon, Violin, Guitar"
Astor Piazzolla,Astor Piazzolla y su Quinteto Tango Nuevo,1963-04-18,Iracundo,,Tango,Instrumental,CBS,LP,,,Astor Piazzolla,,Astor Piazzolla,,Osvaldo Manzi,Kicho Diaz,Astor Piazzolla,"Antonio Agri, Oscar Lopez Ruiz (Guitar)","Piano, Bass, Bandoneon, Violin, Guitar"
Astor Piazzolla,Astor Piazzolla y su Quinteto Tango Nuevo,1963-03-27,Extasis,,Tango,Instrumental,CBS,LP,,,Astor Piazzolla,,Astor Piazzolla,,Osvaldo Manzi,Kicho Diaz,Astor Piazzolla,"Antonio Agri, Oscar Lopez Ruiz (Guitar)","Piano, Bass, Bandoneon, Violin, Guitar"
Astor Piazzolla,Astor Piazzolla y su Quinteto Tango Nuevo,1963-03-25,Revirado,,Tango,Instrumental,CBS,LP,,,Astor Piazzolla,,Astor Piazzolla,,Osvaldo Manzi,Kicho Diaz,Astor Piazzolla,"Antonio Agri, Oscar Lopez Ruiz (Guitar)","Piano, Bass, Bandoneon, Violin, Guitar"
Astor Piazzolla,Astor Piazzolla y su Nuevo Octeto,1963-10-04,Lo Que Vendrá,,Tango,Instrumental,CBS,LP,,,,,Astor Piazzolla,,Jaime Gosis,Kicho Diaz,Astor Piazzolla,"Antonio Agri, Oscar Lopez Ruiz (Guitar), Jose Bragato (Cello), Leo Jacobson (Percussion), Jorge Barone (Flute)","Piano, Bass, Bandoneon, Violin, Guitar, Cello, Percussion, Flute"
Astor Piazzolla,Astor Piazzolla y su Nuevo Octeto,1963-09-04,Desvagacion,,Tango,Instrumental,CBS,LP,,,,,Astor Piazzolla,,Jaime Gosis,Kicho Diaz,Astor Piazzolla,"Antonio Agri, Oscar Lopez Ruiz (Guitar), Jose Bragato (Cello), Leo Jacobson (Percussion), Jorge Barone (Flute)","Piano, Bass, Bandoneon, Violin, Guitar, Cello, Percussion, Flute"
Astor Piazzolla,Astor Piazzolla y su Nuevo Octeto,1963-10-25,Introduccion a Heroes y Tumbas,,,Instrumental,CBS,LP,,,"Astor Piazzolla, Ernesto Sabato",,Astor Piazzolla,,Jaime Gosis,Kicho Diaz,Astor Piazzolla,"Antonio Agri, Oscar Lopez Ruiz (Guitar), Jose Bragato (Cello), Leo Jacobson (Percussion), Jorge Barone (Flute)","Piano, Bass, Bandoneon, Violin, Guitar, Cello, Percussion, Flute"
Astor Piazzolla,Astor Piazzolla y su Nuevo Octeto,1963-10-24,Neposupe,,Tango,Instrumental,CBS,LP,,,José Bragato,,Astor Piazzolla,,Jaime Gosis,Kicho Diaz,Astor Piazzolla,"Antonio Agri, Oscar Lopez Ruiz (Guitar), Jose Bragato (Cello), Leo Jacobson (Percussion), Jorge Barone (Flute)","Piano, Bass, Bandoneon, Violin, Guitar, Cello, Percussion, Flute"
Astor Piazzolla,Astor Piazzolla y su Nuevo Octeto,1963-10-04,Ciudad Triste,,Tango,Instrumental,CBS,LP,,,Osvaldo Tarantino,,Astor Piazzolla,,Jaime Gosis,Kicho Diaz,Astor Piazzolla,"Antonio Agri, Oscar Lopez Ruiz (Guitar), Jose Bragato (Cello), Leo Jacobson (Percussion), Jorge Barone (Flute)","Piano, Bass, Bandoneon, Violin, Guitar, Cello, Percussion, Flute"
Astor Piazzolla,Astor Piazzolla y su Nuevo Octeto,1963-09-04,Sideral,,Tango,Instrumental,CBS,LP,,,Emilio Balcarce,,Astor Piazzolla,,Jaime Gosis,Kicho Diaz,Astor Piazzolla,"Antonio Agri, Oscar Lopez Ruiz (Guitar), Jose Bragato (Cello), Leo Jacobson (Percussion), Jorge Barone (Flute)","Piano, Bass, Bandoneon, Violin, Guitar, Cello, Percussion, Flute"
Astor Piazzolla,Astor Piazzolla y su Nuevo Octeto,1963-10-18,Requiem Para un Malandra,,Tango,Instrumental,CBS,LP,,,"Astor Piazzolla, Diana Piazzolla",,Astor Piazzolla,,Jaime Gosis,Kicho Diaz,Astor Piazzolla,"Antonio Agri, Oscar Lopez Ruiz (Guitar), Jose Bragato (Cello), Leo Jacobson (Percussion), Jorge Barone (Flute)","Piano, Bass, Bandoneon, Violin, Guitar, Cello, Percussion, Flute"
Astor Piazzolla,Astor Piazzolla y su Nuevo Octeto,1963-09-20,Recuerdo de Bohemia,,Tango,Instrumental,CBS,LP,,,"Enrique Delfino, Manuel Romero",,Astor Piazzolla,,Jaime Gosis,Kicho Diaz,Astor Piazzolla,"Antonio Agri, Oscar Lopez Ruiz (Guitar), Jose Bragato (Cello), Leo Jacobson (Percussion), Jorge Barone (Flute)","Piano, Bass, Bandoneon, Violin, Guitar, Cello, Percussion, Flute"
Astor Piazzolla,Astor Piazzolla y su Nuevo Octeto,1963-09-20,Milonguita,,Tango,Héctor De Rosas,CBS,LP,,,"Enrique Delfino, Samuel Linning",,Astor Piazzolla,,Jaime Gosis,Kicho Diaz,Astor Piazzolla,"Antonio Agri, Oscar Lopez Ruiz (Guitar), Jose Bragato (Cello), Leo Jacobson (Percussion), Jorge Barone (Flute)","Piano, Bass, Bandoneon, Violin, Guitar, Cello, Percussion, Flute"
Astor Piazzolla,Astor Piazzolla y su Nuevo Octeto,1963,Bragatisimo,,,Instrumental,CBS,33rpm,,,,,Astor Piazzolla,,Jaime Gosis,Kicho Diaz,Astor Piazzolla,"Antonio Agri, Oscar Lopez Ruiz (Guitar), Jose Bragato (Cello), Leo Jacobson (Percussion), Jorge Barone (Flute)","Piano, Bass, Bandoneon, Violin, Guitar, Cello, Percussion, Flute"
Astor Piazzolla,Astor Piazzolla,1964,El Recodo,,,Instrumental,Philips,LP,,,Alejandro Junnissi,,Astor Piazzolla,,"Atilio Stampone, Osvaldo Manzi, Atilio Stampone, Osvaldo Manzi","Kicho Diaz, Kicho Diaz, Kicho Diaz, Kicho Diaz","Oscar Lopez Ruiz (Guitarra). Octeto Buenos Aires (1956): Astor Piazzolla, Leopoldo Federico, Horacio Malvicino (Guitarra). Quinteto (1960/64): Astor Piazzolla, Oscar Lopez Ruiz (Guitarra). Trio: Astor Piazzolla","Hugo Baralis, Antonio Agri, Domingo Mancuso, Andrés Rivas, Carmelo Cavallaro, Cayetano Giana (Viola), Jose Bragato (Cello), Antonio Agri, Hugo Baralis, Domingo Mancuso, David Diaz, Aquiles Aguilar, José Nieso, Juan Schiaffino, Claudio González, Francisco Sammartino (Violas), Cayetano Giana (Violas), Jose Bragato (Cellos), Oscar Lopez Echeverria (Cellos), Enrique Mario Francini, Hugo Baralis, Jose Bragato (Cello), Antonio Agri, Oscar Lopez Ruiz (Guitar)","Piano, 4 Bass, 4 Bandoneons, 16 Violins, Viola, 2 Cello, 2 Violas, 2 Cellos, Guitar"
Astor Piazzolla,Astor Piazzolla,1964,Orgullo Criollo,,,Instrumental,Philips,LP,,,"Julio De Caro, Pedro Laurenz",,Astor Piazzolla,,,,,,
Astor Piazzolla,Astor Piazzolla,1964,Prepárense,,,Instrumental,Philips,LP,,,,,Astor Piazzolla,,,,,,
Astor Piazzolla,Astor Piazzolla,1964,Imperial,,,Instrumental,Philips,LP,,,,,Astor Piazzolla,,,,,,
Astor Piazzolla,Astor Piazzolla,1964,Bandoneón Guitarra y Bajo,,,Instrumental,Philips,LP,,,,,Astor Piazzolla,,,,,,
Astor Piazzolla,Astor Piazzolla,1964,Lunfardo,,,Instrumental,Philips,LP,,,,,Astor Piazzolla,,,,,,
Astor Piazzolla,Astor Piazzolla,1964,Tango Ballet,,,Instrumental,Philips,LP,,,,,Astor Piazzolla,,,,,,
Astor Piazzolla,Astor Piazzolla,1964,Caliente,,,Instrumental,Philips,LP,,,,,Astor Piazzolla,,,,,,
Astor Piazzolla,Astor Piazzolla,1964,Contemporaneo,,,Instrumental,Philips,LP,,,,,Astor Piazzolla,,,,,,
Astor Piazzolla,Jorge Luis Borges / Astor Piazzolla / Edmundo Rivero / Luis Medina Castro,1965-06-21,Jacinto Chiclana,,Milonga,Instrumental,Polydor,LP,,,,,Astor Piazzolla,,,,Astor Piazzolla,"Jaime Gosis (Piano Y Celesta), Oscar Lopez Ruiz (Guitar), Roberto Di Filippo (Oboe), Margarita Zamek (Harp), Antonio Yepes (Timbales), Campanelli Y Xilofon, Leo Jacobson (Guiro), Tom Tom, Blocks Y Gong, Antonio Agri, Hugo Baralis, Mario Lalli (Viola), Jose Bragato (Cello)","Bandoneon, 7 Violins, Piano Y Celesta, Guitar, Oboe, Harp, Viola, Cello"
Astor Piazzolla,Jorge Luis Borges / Astor Piazzolla / Edmundo Rivero / Luis Medina Castro,1965-06-21,Alguien Le Dice Al Tango,,Tango,Instrumental,Polydor,LP,,,,,Astor Piazzolla,,,,Astor Piazzolla,"Jaime Gosis (Piano Y Celesta), Oscar Lopez Ruiz (Guitar), Roberto Di Filippo (Oboe), Margarita Zamek (Harp), Antonio Yepes (Timbales), Campanelli Y Xilofon, Leo Jacobson (Guiro), Tom Tom, Blocks Y Gong, Antonio Agri, Hugo Baralis, Mario Lalli (Viola), Jose Bragato (Cello)","Bandoneon, 7 Violins, Piano Y Celesta, Guitar, Oboe, Harp, Viola, Cello"
Astor Piazzolla,Jorge Luis Borges / Astor Piazzolla / Edmundo Rivero / Luis Medina Castro,1965-06-21,El Titere,,Milonga,Instrumental,Polydor,LP,,,,,Astor Piazzolla,,,,Astor Piazzolla,"Jaime Gosis (Piano Y Celesta), Oscar Lopez Ruiz (Guitar), Roberto Di Filippo (Oboe), Margarita Zamek (Harp), Antonio Yepes (Timbales), Campanelli Y Xilofon, Leo Jacobson (Guiro), Tom Tom, Blocks Y Gong, Antonio Agri, Hugo Baralis, Mario Lalli (Viola), Jose Bragato (Cello)","Bandoneon, 7 Violins, Piano Y Celesta, Guitar, Oboe, Harp, Viola, Cello"
Astor Piazzolla,Jorge Luis Borges / Astor Piazzolla / Edmundo Rivero / Luis Medina Castro,1965-06-15,A Don Nicanor Paredes,,Milonga,Instrumental,Polydor,LP,,,,,Astor Piazzolla,,,,Astor Piazzolla,"Jaime Gosis (Piano Y Celesta), Oscar Lopez Ruiz (Guitar), Roberto Di Filippo (Oboe), Margarita Zamek (Harp), Antonio Yepes (Timbales), Campanelli Y Xilofon, Leo Jacobson (Guiro), Tom Tom, Blocks Y Gong, Antonio Agri, Hugo Baralis, Mario Lalli (Viola), Jose Bragato (Cello)","Bandoneon, 7 Violins, Piano Y Celesta, Guitar, Oboe, Harp, Viola, Cello"
Astor Piazzolla,Jorge Luis Borges / Astor Piazzolla / Edmundo Rivero / Luis Medina Castro,1965-07-05,El Hombre de la Esquina Rosada,,,Instrumental,Polydor,LP,,,,,Astor Piazzolla,,,,Astor Piazzolla,"Jaime Gosis (Piano Y Celesta), Oscar Lopez Ruiz (Guitar), Roberto Di Filippo (Oboe), Margarita Zamek (Harp), Antonio Yepes (Timbales), Campanelli Y Xilofon, Leo Jacobson (Guiro), Tom Tom, Blocks Y Gong, Antonio Agri, Hugo Baralis, Mario Lalli (Viola), Jose Bragato (Cello)","Bandoneon, 7 Violins, Piano Y Celesta, Guitar, Oboe, Harp, Viola, Cello"
Astor Piazzolla,Astor Piazzolla y su Quinteto Tango Nuevo,1965,Tango Diablo,,Tango,Instrumental,Polydor,LP,,,,,Astor Piazzolla,,Jaime Gosis,Kicho Diaz,Astor Piazzolla,"Antonio Agri, Oscar Lopez Ruiz (Guitar)","Piano, Bass, Bandoneon, Violin, Guitar"
Astor Piazzolla,Astor Piazzolla y su Quinteto Tango Nuevo,1965,Romance del Diablo,,Milonga,Instrumental,Polydor,LP,,,,,Astor Piazzolla,,Jaime Gosis,Kicho Diaz,Astor Piazzolla,"Antonio Agri, Oscar Lopez Ruiz (Guitar)","Piano, Bass, Bandoneon, Violin, Guitar"
Astor Piazzolla,Astor Piazzolla y su Quinteto Tango Nuevo,1965,Gente de Octubre,,Tango,Instrumental,Polydor,LP,,,,,Astor Piazzolla,,Jaime Gosis,Kicho Diaz,Astor Piazzolla,"Antonio Agri, Oscar Lopez Ruiz (Guitar)","Piano, Bass, Bandoneon, Violin, Guitar"
Astor Piazzolla,Astor Piazzolla y su Quinteto Tango Nuevo,1965,Mar del Plata 70,,Tango,Instrumental,Polydor,LP,,,,,Astor Piazzolla,,Jaime Gosis,Kicho Diaz,Astor Piazzolla,"Antonio Agri, Oscar Lopez Ruiz (Guitar)","Piano, Bass, Bandoneon, Violin, Guitar"
Astor Piazzolla,Astor Piazzolla y su Quinteto Tango Nuevo,1965,Todo Buenos Aires,,Tango,Instrumental,Polydor,LP,,,,,Astor Piazzolla,,Jaime Gosis,Kicho Diaz,Astor Piazzolla,"Antonio Agri, Oscar Lopez Ruiz (Guitar)","Piano, Bass, Bandoneon, Violin, Guitar"
Astor Piazzolla,Astor Piazzolla y su Quinteto Tango Nuevo,1965,Milonga del Angel,,Milonga,Instrumental,Polydor,LP,,,,,Astor Piazzolla,,Jaime Gosis,Kicho Diaz,Astor Piazzolla,"Antonio Agri, Oscar Lopez Ruiz (Guitar)","Piano, Bass, Bandoneon, Violin, Guitar"
Astor Piazzolla,Astor Piazzolla y su Quinteto Tango Nuevo,1965,Resurreccion del Angel,,Tango,Instrumental,Polydor,LP,,,,,Astor Piazzolla,,Jaime Gosis,Kicho Diaz,Astor Piazzolla,"Antonio Agri, Oscar Lopez Ruiz (Guitar)","Piano, Bass, Bandoneon, Violin, Guitar"
Astor Piazzolla,Astor Piazzolla y su Quinteto Tango Nuevo,1965,La Mufa,,Tango,Instrumental,Polydor,LP,,,,,Astor Piazzolla,,Jaime Gosis,Kicho Diaz,Astor Piazzolla,"Antonio Agri, Oscar Lopez Ruiz (Guitar)","Piano, Bass, Bandoneon, Violin, Guitar"
Astor Piazzolla,Astor Piazzolla y su Quinteto Tango Nuevo,1965,Verano Porteño,,Tango,Instrumental,Polydor,33rpm,,,,,Astor Piazzolla,,Jaime Gosis,Kicho Diaz,Astor Piazzolla,"Antonio Agri, Oscar Lopez Ruiz (Guitar)","Piano, Bass, Bandoneon, Violin, Guitar"
Astor Piazzolla,Astor Piazzolla y su Quinteto Tango Nuevo,1965,Al Compas de los Tamancos,,Tango,Instrumental,Polydor,33rpm,,,,,Astor Piazzolla,,Jaime Gosis,Kicho Diaz,Astor Piazzolla,"Antonio Agri, Oscar Lopez Ruiz (Guitar)","Piano, Bass, Bandoneon, Violin, Guitar"
Astor Piazzolla,Astor Piazzolla y su Quinteto Tango Nuevo,1965,C'est L'amour,,Tango,Instrumental,Polydor,33rpm,,,,,Astor Piazzolla,,Jaime Gosis,Kicho Diaz,Astor Piazzolla,"Antonio Agri, Oscar Lopez Ruiz (Guitar)","Piano, Bass, Bandoneon, Violin, Guitar"
Astor Piazzolla,Astor Piazzolla y su Quinteto Tango Nuevo,1965,Tres Sargentos,,Tango,Instrumental,Polydor,33rpm,,,,,Astor Piazzolla,,Jaime Gosis,Kicho Diaz,Astor Piazzolla,"Antonio Agri, Oscar Lopez Ruiz (Guitar)","Piano, Bass, Bandoneon, Violin, Guitar"
Astor Piazzolla,Astor Piazzolla y su Gran Orquesta,1967,El Choclo,,Tango,Instrumental,Polydor,LP,,,"Ángel Villoldo, Enrique Discépolo, Carlos Marambio Catán",,Astor Piazzolla,,Osvaldo Manzi,Kicho Diaz,Astor Piazzolla,"Antonio Agri, Oscar Lopez Ruiz (Guitar)","Piano, Bass, Bandoneon, Violin, Guitar"
Astor Piazzolla,Astor Piazzolla y su Gran Orquesta,1967,Ojos Negros,,Tango,Instrumental,Polydor,LP,,,"Vicente Greco, Ernesto Temes",,Astor Piazzolla,,Osvaldo Manzi,Kicho Diaz,Astor Piazzolla,Antonio Agri,"Piano, Bass, Bandoneon, Violin"
Astor Piazzolla,Astor Piazzolla y su Gran Orquesta,1967,La Cumparsita,,Tango,Instrumental,Polydor,LP,,,"Gerardo Matos Rodríguez, Pascual Contursi, Enrique Maroni",,Astor Piazzolla,,Osvaldo Manzi,Kicho Diaz,Astor Piazzolla,Antonio Agri,"Piano, Bass, Bandoneon, Violin"
Astor Piazzolla,Astor Piazzolla y su Gran Orquesta,1967,La Cachila,,Tango,Instrumental,Polydor,LP,,,Eduardo Arolas,,Astor Piazzolla,,Osvaldo Manzi,Kicho Diaz,Astor Piazzolla,Antonio Agri,"Piano, Bass, Bandoneon, Violin"
Astor Piazzolla,Astor Piazzolla y su Gran Orquesta,1967,La Maleva,,Tango,Instrumental,Polydor,LP,,,"Antonio Buglione, Mario Pardo",,Astor Piazzolla,,Osvaldo Manzi,Kicho Diaz,Astor Piazzolla,Antonio Agri,"Piano, Bass, Bandoneon, Violin"
Astor Piazzolla,Astor Piazzolla y su Gran Orquesta,1967,Mi Noche Triste,,Tango,Instrumental,Polydor,LP,,,"Samuel Castriota, Pascual Contursi",,Astor Piazzolla,,Osvaldo Manzi,Kicho Diaz,Astor Piazzolla,Antonio Agri,"Piano, Bass, Bandoneon, Violin"
Astor Piazzolla,Astor Piazzolla y su Gran Orquesta,1967,Sentimiento Gaucho,,Tango,Instrumental,Polydor,LP,,,"Francisco Canaro, Juan Caruso",,Astor Piazzolla,,Osvaldo Manzi,Kicho Diaz,Astor Piazzolla,Antonio Agri,"Piano, Bass, Bandoneon, Violin"
Astor Piazzolla,Astor Piazzolla y su Gran Orquesta,1967,Nunca Tuvo Novio,,Tango,Instrumental,Polydor,LP,,,"Agustín Bardi, Enrique Cadícamo",,Astor Piazzolla,,Osvaldo Manzi,Kicho Diaz,Astor Piazzolla,Antonio Agri,"Piano, Bass, Bandoneon, Violin"
Astor Piazzolla,Astor Piazzolla y su Gran Orquesta,1967,Entre Sueños,,Tango,Instrumental,Polydor,LP,,,"Anselmo Aieta, Juan Polito, Francisco Jiménez",,Astor Piazzolla,,Osvaldo Manzi,Kicho Diaz,Astor Piazzolla,Antonio Agri,"Piano, Bass, Bandoneon, Violin"
Astor Piazzolla,Astor Piazzolla y su Gran Orquesta,1967,Quejas de Bandoneón,,Tango,Instrumental,Polydor,LP,,,Juan De Dios Filiberto,,Astor Piazzolla,,Osvaldo Manzi,Kicho Diaz,Astor Piazzolla,Antonio Agri,"Piano, Bass, Bandoneon, Violin"
Astor Piazzolla,Astor Piazzolla y su Gran Orquesta,1967,Alma de Bohemio,,Tango,Instrumental,Polydor,LP,,,"Roberto Firpo, Juan Caruso",,Astor Piazzolla,,Osvaldo Manzi,Kicho Diaz,Astor Piazzolla,Antonio Agri,"Piano, Bass, Bandoneon, Violin"
Astor Piazzolla,Astor Piazzolla y su Gran Orquesta,1967,A Media Luz,,Tango,Instrumental,Polydor,LP,,,"Edgardo Donato, Carlos Lenzi",,Astor Piazzolla,,Osvaldo Manzi,Kicho Diaz,Astor Piazzolla,Antonio Agri,"Piano, Bass, Bandoneon, Violin"
Astor Piazzolla,Astor Piazzolla y su Gran Orquesta,1967,Los Mareados,,Tango,Instrumental,Polydor,LP,,,"Juan Cobián, Enrique Cadícamo",,Astor Piazzolla,,Osvaldo Manzi,Kicho Diaz,Astor Piazzolla,Antonio Agri,"Piano, Bass, Bandoneon, Violin"
Astor Piazzolla,Astor Piazzolla y su Gran Orquesta,1967,Loca Bohemia,,Tango,Instrumental,Polydor,LP,,,"Francisco De Caro, Dante Linyera",,Astor Piazzolla,,Osvaldo Manzi,Kicho Diaz,Astor Piazzolla,Antonio Agri,"Piano, Bass, Bandoneon, Violin"
Astor Piazzolla,Astor Piazzolla y su Gran Orquesta,1967,Recuerdo,,Tango,Instrumental,Polydor,LP,,,"Osvaldo Pugliese, Eduardo Moreno",,Astor Piazzolla,,Osvaldo Manzi,Kicho Diaz,Astor Piazzolla,Antonio Agri,"Piano, Bass, Bandoneon, Violin"
Astor Piazzolla,Astor Piazzolla y su Gran Orquesta,1967,Boedo,,Tango,Instrumental,Polydor,LP,,,"Julio De Caro, Dante Linyera",,Astor Piazzolla,,Osvaldo Manzi,Kicho Diaz,Astor Piazzolla,Antonio Agri,"Piano, Bass, Bandoneon, Violin"
Astor Piazzolla,Astor Piazzolla y su Gran Orquesta,1967,En las Sombras,,Tango,Instrumental,Polydor,LP,,,"Joaquín Mora, Manuel Meaños",,Astor Piazzolla,,Osvaldo Manzi,Kicho Diaz,Astor Piazzolla,Antonio Agri,"Piano, Bass, Bandoneon, Violin"
Astor Piazzolla,Astor Piazzolla y su Gran Orquesta,1967,Pampero,,Tango,Instrumental,Polydor,LP,,,"Osvaldo Fresedo, Edmundo Bianchi",,Astor Piazzolla,,Osvaldo Manzi,Kicho Diaz,Astor Piazzolla,Antonio Agri,"Piano, Bass, Bandoneon, Violin"
Astor Piazzolla,Astor Piazzolla y su Gran Orquesta,1967,La Revancha,,Tango,Instrumental,Polydor,LP,,,Pedro Laurenz,,Astor Piazzolla,,Osvaldo Manzi,Kicho Diaz,Astor Piazzolla,Antonio Agri,"Piano, Bass, Bandoneon, Violin"
Astor Piazzolla,Astor Piazzolla y su Gran Orquesta,1967,Noche de Amor,,Tango,Instrumental,Polydor,LP,,,"Fernando Franco, Luis Rubinstein",,Astor Piazzolla,,Osvaldo Manzi,Kicho Diaz,Astor Piazzolla,Antonio Agri,"Piano, Bass, Bandoneon, Violin"
Astor Piazzolla,Astor Piazzolla y su Gran Orquesta,1967,Taquereando,,Tango,Instrumental,Polydor,LP,,,"Pedro Maffía, Horacio Staffolani",,Astor Piazzolla,,Osvaldo Manzi,Kicho Diaz,Astor Piazzolla,Antonio Agri,"Piano, Bass, Bandoneon, Violin"
Astor Piazzolla,Astor Piazzolla y su Gran Orquesta,1967,Griseta,,Tango,Instrumental,Polydor,LP,,,"Enrique Delfino, José Castillo",,Astor Piazzolla,,Osvaldo Manzi,Kicho Diaz,Astor Piazzolla,Antonio Agri,"Piano, Bass, Bandoneon, Violin"
Astor Piazzolla,Varios Interpretes,1971,Uno,,Tango,Instrumental,Philips,LP,,,"Mariano Mores, Enrique Discépolo",,Astor Piazzolla,,Osvaldo Manzi,Kicho Diaz,Astor Piazzolla,Antonio Agri,"Piano, Bass, Bandoneon, Violin"
Astor Piazzolla,Varios Interpretes,1971,Sur,,Tango,Instrumental,Philips,LP,,,"Aníbal Troilo, Homero Manzi",,Astor Piazzolla,,Osvaldo Manzi,Kicho Diaz,Astor Piazzolla,Antonio Agri,"Piano, Bass, Bandoneon, Violin"
Astor Piazzolla,Varios Interpretes,1971,Malena,,Tango,Instrumental,Philips,LP,,,"Lucio Demare, Homero Manzi",,Astor Piazzolla,,Osvaldo Manzi,Kicho Diaz,Astor Piazzolla,Antonio Agri,"Piano, Bass, Bandoneon, Violin"
Astor Piazzolla,Varios Interpretes,1971,Percal,,Tango,Instrumental,Philips,LP,,,"Domingo Federico, Homero Expósito",,Astor Piazzolla,,Osvaldo Manzi,Kicho Diaz,Astor Piazzolla,Antonio Agri,"Piano, Bass, Bandoneon, Violin"
Astor Piazzolla,Astor Piazzolla y su Quinteto,1967,Revolucionario,,,Instrumental,Polydor,33rpm,,,,,Astor Piazzolla,,Osvaldo Manzi,Kicho Diaz,Astor Piazzolla,"Antonio Agri, Oscar Lopez Ruiz (Guitar)","Piano, Bass, Bandoneon, Violin, Guitar"
Astor Piazzolla,Astor Piazzolla y su Quinteto,1967,Retrato de Alfredo Gobbi,,,Instrumental,Polydor,33rpm,,,,,Astor Piazzolla,,Osvaldo Manzi,Kicho Diaz,Astor Piazzolla,"Antonio Agri, Oscar Lopez Ruiz (Guitar)","Piano, Bass, Bandoneon, Violin, Guitar"
Astor Piazzolla,Astor Piazzolla - Egle Martin,1967,Retrato de Mi Mismo,,,Instrumental,Polydor,33rpm,,,,,Astor Piazzolla,,,,,,
Astor Piazzolla,Astor Piazzolla - Egle Martin,1967-10-17,Graciela Oscura,,,Egle Martin,Polydor,33rpm,,,"Astor Piazzolla, Ulises De Murat, Homero Expósito",,Astor Piazzolla,,,,,,
Astor Piazzolla,Astor Piazzolla - Egle Martin,1967-10-17,Las Rosas Golondrinas,,,Instrumental,Polydor,33rpm,,,Astor Piazzolla,,Astor Piazzolla,,,,,,
Astor Piazzolla,Astor Piazzolla - Egle Martin,1969,Verano Porteño,,,Instrumental,Polydor,33rpm,,,,,Astor Piazzolla,,,,,,
Astor Piazzolla,Amelita Baltar / Hector de Rosas / Horacio Ferrer / Astor Piazzolla,1968,Alevare,,,Amelita Baltar y Hector De Rosas,Trova,2LPs,,,,,Astor Piazzolla,,Jaime Gosis,Kicho Diaz,Astor Piazzolla,"Antonio Agri, Hugo Baralis, Victor Pontino (Cello), Nestor Panik (Viola), Cacho Tirao (Guitar), Arturo Schneider (Flute), Jose Corriale (Percussion), Tito Bisio (Vibrafono), Xilofon Y Campanelli","Piano, Bass, Bandoneon, 4 Violins, Cello, Viola, Guitar, Flute, Percussion"
Astor Piazzolla,Amelita Baltar / Hector de Rosas / Horacio Ferrer / Astor Piazzolla,1968,Tema de María,,,Amelita Baltar,Trova,2LPs,,,,,Astor Piazzolla,,Jaime Gosis,Kicho Diaz,Astor Piazzolla,"Antonio Agri, Hugo Baralis, Victor Pontino (Cello), Nestor Panik (Viola), Cacho Tirao (Guitar), Arturo Schneider (Flute), Jose Corriale (Percussion), Tito Bisio (Vibrafono), Xilofon Y Campanelli","Piano, Bass, Bandoneon, 4 Violins, Cello, Viola, Guitar, Flute, Percussion"
Astor Piazzolla,Amelita Baltar / Hector de Rosas / Horacio Ferrer / Astor Piazzolla,1968,Balada Para un Organito Loco,,,Amelita Baltar y Hector De Rosas,Trova,2LPs,,,,,Astor Piazzolla,,Jaime Gosis,Kicho Diaz,Astor Piazzolla,"Antonio Agri, Hugo Baralis, Victor Pontino (Cello), Nestor Panik (Viola), Cacho Tirao (Guitar), Arturo Schneider (Flute), Jose Corriale (Percussion), Tito Bisio (Vibrafono), Xilofon Y Campanelli","Piano, Bass, Bandoneon, 4 Violins, Cello, Viola, Guitar, Flute, Percussion"
Astor Piazzolla,Amelita Baltar / Hector de Rosas / Horacio Ferrer / Astor Piazzolla,1968,Milonga Carrieguera,,,Amelita Baltar y Hector De Rosas,Trova,2LPs,,,,,Astor Piazzolla,,Jaime Gosis,Kicho Diaz,Astor Piazzolla,"Antonio Agri, Hugo Baralis, Victor Pontino (Cello), Nestor Panik (Viola), Cacho Tirao (Guitar), Arturo Schneider (Flute), Jose Corriale (Percussion), Tito Bisio (Vibrafono), Xilofon Y Campanelli","Piano, Bass, Bandoneon, 4 Violins, Cello, Viola, Guitar, Flute, Percussion"
Astor Piazzolla,Amelita Baltar / Hector de Rosas / Horacio Ferrer / Astor Piazzolla,1968,Fuga y Misterio,,,Amelita Baltar y Hector De Rosas,Trova,2LPs,,,,,Astor Piazzolla,,Jaime Gosis,Kicho Diaz,Astor Piazzolla,"Antonio Agri, Hugo Baralis, Victor Pontino (Cello), Nestor Panik (Viola), Cacho Tirao (Guitar), Arturo Schneider (Flute), Jose Corriale (Percussion), Tito Bisio (Vibrafono), Xilofon Y Campanelli","Piano, Bass, Bandoneon, 4 Violins, Cello, Viola, Guitar, Flute, Percussion"
Astor Piazzolla,Amelita Baltar / Hector de Rosas / Horacio Ferrer / Astor Piazzolla,1968,Poema Valseado,,,Amelita Baltar,Trova,2LPs,,,,,Astor Piazzolla,,Jaime Gosis,Kicho Diaz,Astor Piazzolla,"Antonio Agri, Hugo Baralis, Victor Pontino (Cello), Nestor Panik (Viola), Cacho Tirao (Guitar), Arturo Schneider (Flute), Jose Corriale (Percussion), Tito Bisio (Vibrafono), Xilofon Y Campanelli","Piano, Bass, Bandoneon, 4 Violins, Cello, Viola, Guitar, Flute, Percussion"
Astor Piazzolla,Amelita Baltar / Hector de Rosas / Horacio Ferrer / Astor Piazzolla,1968,Tocata Rea,,,Amelita Baltar y Hector De Rosas,Trova,2LPs,,,,,Astor Piazzolla,,Jaime Gosis,Kicho Diaz,Astor Piazzolla,"Antonio Agri, Hugo Baralis, Victor Pontino (Cello), Nestor Panik (Viola), Cacho Tirao (Guitar), Arturo Schneider (Flute), Jose Corriale (Percussion), Tito Bisio (Vibrafono), Xilofon Y Campanelli","Piano, Bass, Bandoneon, 4 Violins, Cello, Viola, Guitar, Flute, Percussion"
Astor Piazzolla,Amelita Baltar / Hector de Rosas / Horacio Ferrer / Astor Piazzolla,1968,Miserere Canyengue,,,Amelita Baltar y Hector De Rosas,Trova,2LPs,,,,,Astor Piazzolla,,Jaime Gosis,Kicho Diaz,Astor Piazzolla,"Antonio Agri, Hugo Baralis, Victor Pontino (Cello), Nestor Panik (Viola), Cacho Tirao (Guitar), Arturo Schneider (Flute), Jose Corriale (Percussion), Tito Bisio (Vibrafono), Xilofon Y Campanelli","Piano, Bass, Bandoneon, 4 Violins, Cello, Viola, Guitar, Flute, Percussion"
Astor Piazzolla,Amelita Baltar / Hector de Rosas / Horacio Ferrer / Astor Piazzolla,1968,Contramilonga a la Funerala,,,Amelita Baltar y Hector De Rosas,Trova,2LPs,,,,,Astor Piazzolla,,Jaime Gosis,Kicho Diaz,Astor Piazzolla,"Antonio Agri, Hugo Baralis, Victor Pontino (Cello), Nestor Panik (Viola), Cacho Tirao (Guitar), Arturo Schneider (Flute), Jose Corriale (Percussion), Tito Bisio (Vibrafono), Xilofon Y Campanelli","Piano, Bass, Bandoneon, 4 Violins, Cello, Viola, Guitar, Flute, Percussion"
Astor Piazzolla,Amelita Baltar / Hector de Rosas / Horacio Ferrer / Astor Piazzolla,1968,Tangata del Alba,,,Amelita Baltar y Hector De Rosas,Trova,2LPs,,,,,Astor Piazzolla,,Jaime Gosis,Kicho Diaz,Astor Piazzolla,"Antonio Agri, Hugo Baralis, Victor Pontino (Cello), Nestor Panik (Viola), Cacho Tirao (Guitar), Arturo Schneider (Flute), Jose Corriale (Percussion), Tito Bisio (Vibrafono), Xilofon Y Campanelli","Piano, Bass, Bandoneon, 4 Violins, Cello, Viola, Guitar, Flute, Percussion"
Astor Piazzolla,Amelita Baltar / Hector de Rosas / Horacio Ferrer / Astor Piazzolla,1968,Carta a los Arboles y a las Chimeneas,,,Amelita Baltar,Trova,2LPs,,,,,Astor Piazzolla,,Jaime Gosis,Kicho Diaz,Astor Piazzolla,"Antonio Agri, Hugo Baralis, Victor Pontino (Cello), Nestor Panik (Viola), Cacho Tirao (Guitar), Arturo Schneider (Flute), Jose Corriale (Percussion), Tito Bisio (Vibrafono), Xilofon Y Campanelli","Piano, Bass, Bandoneon, 4 Violins, Cello, Viola, Guitar, Flute, Percussion"
Astor Piazzolla,Amelita Baltar / Hector de Rosas / Horacio Ferrer / Astor Piazzolla,1968,Aria de los Analistas,,,Amelita Baltar y Hector De Rosas,Trova,2LPs,,,,,Astor Piazzolla,,Jaime Gosis,Kicho Diaz,Astor Piazzolla,"Antonio Agri, Hugo Baralis, Victor Pontino (Cello), Nestor Panik (Viola), Cacho Tirao (Guitar), Arturo Schneider (Flute), Jose Corriale (Percussion), Tito Bisio (Vibrafono), Xilofon Y Campanelli","Piano, Bass, Bandoneon, 4 Violins, Cello, Viola, Guitar, Flute, Percussion"
Astor Piazzolla,Amelita Baltar / Hector de Rosas / Horacio Ferrer / Astor Piazzolla,1968,Romanza del Duende,,,Amelita Baltar y Hector De Rosas,Trova,2LPs,,,,,Astor Piazzolla,,Jaime Gosis,Kicho Diaz,Astor Piazzolla,"Antonio Agri, Hugo Baralis, Victor Pontino (Cello), Nestor Panik (Viola), Cacho Tirao (Guitar), Arturo Schneider (Flute), Jose Corriale (Percussion), Tito Bisio (Vibrafono), Xilofon Y Campanelli","Piano, Bass, Bandoneon, 4 Violins, Cello, Viola, Guitar, Flute, Percussion"
Astor Piazzolla,Amelita Baltar / Hector de Rosas / Horacio Ferrer / Astor Piazzolla,1968,Allegro Tangabile,,,Amelita Baltar y Hector De Rosas,Trova,2LPs,,,,,Astor Piazzolla,,Jaime Gosis,Kicho Diaz,Astor Piazzolla,"Antonio Agri, Hugo Baralis, Victor Pontino (Cello), Nestor Panik (Viola), Cacho Tirao (Guitar), Arturo Schneider (Flute), Jose Corriale (Percussion), Tito Bisio (Vibrafono), Xilofon Y Campanelli","Piano, Bass, Bandoneon, 4 Violins, Cello, Viola, Guitar, Flute, Percussion"
Astor Piazzolla,Amelita Baltar / Hector de Rosas / Horacio Ferrer / Astor Piazzolla,1968,Milonga de la Anunciacion,,,Amelita Baltar,Trova,2LPs,,,,,Astor Piazzolla,,Jaime Gosis,Kicho Diaz,Astor Piazzolla,"Antonio Agri, Hugo Baralis, Victor Pontino (Cello), Nestor Panik (Viola), Cacho Tirao (Guitar), Arturo Schneider (Flute), Jose Corriale (Percussion), Tito Bisio (Vibrafono), Xilofon Y Campanelli","Piano, Bass, Bandoneon, 4 Violins, Cello, Viola, Guitar, Flute, Percussion"
Astor Piazzolla,Amelita Baltar / Hector de Rosas / Horacio Ferrer / Astor Piazzolla,1968,Tangus Dei,,,Amelita Baltar y Hector De Rosas,Trova,2LPs,,,,,Astor Piazzolla,,Jaime Gosis,Kicho Diaz,Astor Piazzolla,"Antonio Agri, Hugo Baralis, Victor Pontino (Cello), Nestor Panik (Viola), Cacho Tirao (Guitar), Arturo Schneider (Flute), Jose Corriale (Percussion), Tito Bisio (Vibrafono), Xilofon Y Campanelli","Piano, Bass, Bandoneon, 4 Violins, Cello, Viola, Guitar, Flute, Percussion"
Astor Piazzolla,Astor Piazzolla y su Quinteto,1969,Adiós Nonino,,,Instrumental,Trova,LP,,,,,Astor Piazzolla,,Dante Amicarelli,Kicho Diaz,Astor Piazzolla,"Antonio Agri, Oscar Lopez Ruiz (Guitar)","Piano, Bass, Bandoneon, Violin, Guitar"
Astor Piazzolla,Astor Piazzolla y su Quinteto,1969,Otoño Porteño,,,Instrumental,Trova,LP,,,,,Astor Piazzolla,,Dante Amicarelli,Kicho Diaz,Astor Piazzolla,"Antonio Agri, Oscar Lopez Ruiz (Guitar)","Piano, Bass, Bandoneon, Violin, Guitar"
Astor Piazzolla,Astor Piazzolla y su Quinteto,1969,Michelangelo 70,,,Instrumental,Trova,LP,,,,,Astor Piazzolla,,Dante Amicarelli,Kicho Diaz,Astor Piazzolla,"Antonio Agri, Oscar Lopez Ruiz (Guitar)","Piano, Bass, Bandoneon, Violin, Guitar"
Astor Piazzolla,Astor Piazzolla y su Quinteto,1969,Coral,,,Instrumental,Trova,LP,,,,,Astor Piazzolla,,Dante Amicarelli,Kicho Diaz,Astor Piazzolla,"Antonio Agri, Oscar Lopez Ruiz (Guitar)","Piano, Bass, Bandoneon, Violin, Guitar"
Astor Piazzolla,Astor Piazzolla y su Quinteto,1969,Fugata,,,Instrumental,Trova,LP,,,,,Astor Piazzolla,,Dante Amicarelli,Kicho Diaz,Astor Piazzolla,"Antonio Agri, Oscar Lopez Ruiz (Guitar)","Piano, Bass, Bandoneon, Violin, Guitar"
Astor Piazzolla,Astor Piazzolla y su Quinteto,1969,Soledad,,,Instrumental,Trova,LP,,,,,Astor Piazzolla,,Dante Amicarelli,Kicho Diaz,Astor Piazzolla,"Antonio Agri, Oscar Lopez Ruiz (Guitar)","Piano, Bass, Bandoneon, Violin, Guitar"
Astor Piazzolla,Astor Piazzolla y su Quinteto,1969,Final,,,Instrumental,Trova,LP,,,,,Astor Piazzolla,,Dante Amicarelli,Kicho Diaz,Astor Piazzolla,"Antonio Agri, Oscar Lopez Ruiz (Guitar)","Piano, Bass, Bandoneon, Violin, Guitar"
Astor Piazzolla,Astor Piazzolla y su Orquesta,1969,Pulsacion No 1,,,Instrumental,Trova,LP,,,,,Astor Piazzolla,,Dante Amicarelli,Kicho Diaz,Astor Piazzolla,"Antonio Agri, Hugo Baralis, Simon Zlotnik (Viola), Jose Bragato (Cello), Cacho Tirao (Guitar), Arturo Schneider (Flauta Y Saxo), Jose Corriale (Percussion)","Piano, Bass, Bandoneon, 2 Violins, Viola, Cello, Guitar, Flauta Y Saxo, Percussion"
Astor Piazzolla,Astor Piazzolla y su Orquesta,1969,Pulsacion No 2,,,Instrumental,Trova,LP,,,,,Astor Piazzolla,,Dante Amicarelli,Kicho Diaz,Astor Piazzolla,"Antonio Agri, Hugo Baralis, Simon Zlotnik (Viola), Jose Bragato (Cello), Cacho Tirao (Guitar), Arturo Schneider (Flauta Y Saxo), Jose Corriale (Percussion)","Piano, Bass, Bandoneon, 2 Violins, Viola, Cello, Guitar, Flauta Y Saxo, Percussion"
Astor Piazzolla,Astor Piazzolla y su Orquesta,1969,Pulsacion No 4,,,Instrumental,Trova,LP,,,,,Astor Piazzolla,,Dante Amicarelli,Kicho Diaz,Astor Piazzolla,"Antonio Agri, Hugo Baralis, Simon Zlotnik (Viola), Jose Bragato (Cello), Cacho Tirao (Guitar), Arturo Schneider (Flauta Y Saxo), Jose Corriale (Percussion)","Piano, Bass, Bandoneon, 2 Violins, Viola, Cello, Guitar, Flauta Y Saxo, Percussion"
Astor Piazzolla,Astor Piazzolla y su Orquesta,1969,Pulsacion No 5,,,Instrumental,Trova,LP,,,,,Astor Piazzolla,,Dante Amicarelli,Kicho Diaz,Astor Piazzolla,"Antonio Agri, Hugo Baralis, Simon Zlotnik (Viola), Jose Bragato (Cello), Cacho Tirao (Guitar), Arturo Schneider (Flauta Y Saxo), Jose Corriale (Percussion)","Piano, Bass, Bandoneon, 2 Violins, Viola, Cello, Guitar, Flauta Y Saxo, Percussion"
Astor Piazzolla,Astor Piazzolla y su Orquesta,1969,Fuga y Misterio,,,Instrumental,Trova,LP,,,,,Astor Piazzolla,,Dante Amicarelli,Kicho Diaz,Astor Piazzolla,"Antonio Agri, Hugo Baralis, Simon Zlotnik (Viola), Jose Bragato (Cello), Cacho Tirao (Guitar), Arturo Schneider (Flauta Y Saxo), Jose Corriale (Percussion)","Piano, Bass, Bandoneon, 2 Violins, Viola, Cello, Guitar, Flauta Y Saxo, Percussion"
Astor Piazzolla,Astor Piazzolla y su Orquesta,1969,Contramilonga a la Funerala,,,Instrumental,Trova,LP,,,,,Astor Piazzolla,,Dante Amicarelli,Kicho Diaz,Astor Piazzolla,"Antonio Agri, Hugo Baralis, Simon Zlotnik (Viola), Jose Bragato (Cello), Cacho Tirao (Guitar), Arturo Schneider (Flauta Y Saxo), Jose Corriale (Percussion)","Piano, Bass, Bandoneon, 2 Violins, Viola, Cello, Guitar, Flauta Y Saxo, Percussion"
Astor Piazzolla,Astor Piazzolla y su Orquesta,1969,Allegro Tangabile,,,Instrumental,Trova,LP,,,,,Astor Piazzolla,,Dante Amicarelli,Kicho Diaz,Astor Piazzolla,"Antonio Agri, Hugo Baralis, Simon Zlotnik (Viola), Jose Bragato (Cello), Cacho Tirao (Guitar), Arturo Schneider (Flauta Y Saxo), Jose Corriale (Percussion)","Piano, Bass, Bandoneon, 2 Violins, Viola, Cello, Guitar, Flauta Y Saxo, Percussion"
Astor Piazzolla,Astor Piazzolla y su Orquesta,1969,Tocatta Rea,,,Instrumental,Trova,LP,,,,,Astor Piazzolla,,Dante Amicarelli,Kicho Diaz,Astor Piazzolla,"Antonio Agri, Hugo Baralis, Simon Zlotnik (Viola), Jose Bragato (Cello), Cacho Tirao (Guitar), Arturo Schneider (Flauta Y Saxo), Jose Corriale (Percussion)","Piano, Bass, Bandoneon, 2 Violins, Viola, Cello, Guitar, Flauta Y Saxo, Percussion"
Astor Piazzolla,Astor Piazzolla y su Orquesta,1969,Tangata del Alba,,,Instrumental,Trova,LP,,,,,Astor Piazzolla,,Dante Amicarelli,Kicho Diaz,Astor Piazzolla,"Antonio Agri, Hugo Baralis, Simon Zlotnik (Viola), Jose Bragato (Cello), Cacho Tirao (Guitar), Arturo Schneider (Flauta Y Saxo), Jose Corriale (Percussion)","Piano, Bass, Bandoneon, 2 Violins, Viola, Cello, Guitar, Flauta Y Saxo, Percussion"
Astor Piazzolla,,1969,Chiquilín de Bachín,,Vals,Amelita Baltar,Trova,33rpm,,,,,Astor Piazzolla,,Dante Amicarelli,Kicho Diaz,Astor Piazzolla,"Antonio Agri, Oscar Lopez Ruiz (Guitar)","Piano, Bass, Bandoneon, Violin, Guitar"
Astor Piazzolla,,1969,Milonga en Ay Menor,,Milonga,Amelita Baltar,Trova,33rpm,,,,,Astor Piazzolla,,Dante Amicarelli,Kicho Diaz,Astor Piazzolla,"Antonio Agri, Oscar Lopez Ruiz (Guitar)","Piano, Bass, Bandoneon, Violin, Guitar"
Astor Piazzolla,,1969-11-13,Balada Para un Loco,,Tango,Instrumental,CBS,33rpm,,,,,Astor Piazzolla,,,,,,
Astor Piazzolla,Astor Piazzolla - Roberto Goyeneche,1969-12-04,Balada Para un Loco,,Tango,Instrumental,RCA Victor,33rpm,,,,,,,,,,,
Astor Piazzolla,Astor Piazzolla - Roberto Goyeneche,1969-12-04,Chiquilín de Bachín,,Vals,Instrumental,RCA Victor,33rpm,,,,,,,,,,,
Astor Piazzolla,,1969-11-13,Balada Para un Loco,,Tango,Instrumental,CBS,LP,,,,,Astor Piazzolla,,,,,,
Astor Piazzolla,,1970-03-16,Balada Para Mi Muerte,,Tango,Instrumental,CBS,LP,,,,,Astor Piazzolla,,,,,,
Astor Piazzolla,,1970-03-16,Balada Para El,,Tango,Instrumental,CBS,LP,,,,,Astor Piazzolla,,,,,,
Astor Piazzolla,,1970-03-16,Chiquilín de Bachín,,Vals,Instrumental,CBS,LP,,,,,Astor Piazzolla,,,,,,
Astor Piazzolla,Astor Piazzolla y su Quinteto,1970-05-19,Invierno Porteño,,Tango,Instrumental,RCA Victor,LP,,,,,Astor Piazzolla,,Osvaldo Manzi,Kicho Diaz,Astor Piazzolla,"Antonio Agri, Cacho Tirao (Guitar)","Piano, Bass, Bandoneon, Violin, Guitar"
Astor Piazzolla,Astor Piazzolla y su Quinteto,1970-05-19,Verano Porteño,,Tango,Instrumental,RCA Victor,LP,,,,,Astor Piazzolla,,Osvaldo Manzi,Kicho Diaz,Astor Piazzolla,"Antonio Agri, Cacho Tirao (Guitar)","Piano, Bass, Bandoneon, Violin, Guitar"
Astor Piazzolla,Astor Piazzolla y su Quinteto,1970-05-19,Otoño Porteño,,Tango,Instrumental,RCA Victor,LP,,,,,Astor Piazzolla,,Osvaldo Manzi,Kicho Diaz,Astor Piazzolla,"Antonio Agri, Cacho Tirao (Guitar)","Piano, Bass, Bandoneon, Violin, Guitar"
Astor Piazzolla,Astor Piazzolla y su Quinteto,1970-05-19,Primavera Portena,,Tango,Instrumental,RCA Victor,LP,,,,,Astor Piazzolla,,Osvaldo Manzi,Kicho Diaz,Astor Piazzolla,"Antonio Agri, Cacho Tirao (Guitar)","Piano, Bass, Bandoneon, Violin, Guitar"
Astor Piazzolla,Astor Piazzolla y su Quinteto,1970-05-19,Buenos Aires Hora Cero,,Tango,Instrumental,RCA Victor,LP,,,,,Astor Piazzolla,,Osvaldo Manzi,Kicho Diaz,Astor Piazzolla,"Antonio Agri, Cacho Tirao (Guitar)","Piano, Bass, Bandoneon, Violin, Guitar"
Astor Piazzolla,Astor Piazzolla y su Quinteto,1970-05-19,Retrato de Alfredo Gobbi,,Tango,Instrumental,RCA Victor,LP,,,,,Astor Piazzolla,,Osvaldo Manzi,Kicho Diaz,Astor Piazzolla,"Antonio Agri, Cacho Tirao (Guitar)","Piano, Bass, Bandoneon, Violin, Guitar"
Astor Piazzolla,Astor Piazzolla y su Quinteto,1970-05-19,Revolucionario,,Tango,Instrumental,RCA Victor,LP,,,,,Astor Piazzolla,,Osvaldo Manzi,Kicho Diaz,Astor Piazzolla,"Antonio Agri, Cacho Tirao (Guitar)","Piano, Bass, Bandoneon, Violin, Guitar"
Astor Piazzolla,Astor Piazzolla y su Quinteto,1970-05-19,Kicho,,Tango,Instrumental,RCA Victor,LP,,,,,Astor Piazzolla,,Osvaldo Manzi,Kicho Diaz,Astor Piazzolla,"Antonio Agri, Cacho Tirao (Guitar)","Piano, Bass, Bandoneon, Violin, Guitar"
Astor Piazzolla,Anibal Troilo - Astor Piazzolla (Duo de Bandoneones),1970-07-15,El Motivo,,Tango,Instrumental,RCA Victor,LP,,,"Juan Cobián, Pascual Contursi",,Astor Piazzolla,,,,"Astor Piazzolla, Aníbal Troilo",,2 Bandoneons
Astor Piazzolla,Anibal Troilo - Astor Piazzolla (Duo de Bandoneones),1970-07-15,Volver,,Tango,Instrumental,RCA Victor,LP,,,"Carlos Gardel, Alfredo Le Pera",,Astor Piazzolla,,,,"Astor Piazzolla, Aníbal Troilo",,2 Bandoneons
Astor Piazzolla,Astor Piazzolla,1970-09-08,Casapueblo,,Tango,Instrumental,RCA Victor,33rpm,,,,,Astor Piazzolla,,,,,,
Astor Piazzolla,Astor Piazzolla,1970-09-08,Flaco Aroldi,,Tango,Instrumental,RCA Victor,33rpm,,,,,Astor Piazzolla,,,,,,
Astor Piazzolla,Astor Piazzolla,1970-09-08,Con Alma y Vida,,Tango,Instrumental,RCA Victor,33rpm,,,,,Astor Piazzolla,,,,,,
Astor Piazzolla,Astor Piazzolla,1970-09-08,Tres en Magoya,,Tango,Instrumental,RCA Victor,33rpm,,,,,Astor Piazzolla,,,,,,
Astor Piazzolla,Astor Piazzolla (Bandoneon) - Horacio Ferrer (Recitado),1970-10-20,Canción De Las Venusinas,,Milonga,Horacio Ferrer,RCA Victor,LP,,,Astor Piazzolla,Horacio Ferrer,Astor Piazzolla,,,,,,
Astor Piazzolla,Astor Piazzolla (Bandoneon) - Horacio Ferrer (Recitado),1970-10-02,Te Quiero Che,,Tango,Horacio Ferrer,RCA Victor,LP,,,Astor Piazzolla,Horacio Ferrer,Astor Piazzolla,,,,,,
Astor Piazzolla,Astor Piazzolla (Bandoneon) - Horacio Ferrer (Recitado),1970-10-23,Chiquilín de Bachín,,Vals,Horacio Ferrer,RCA Victor,LP,,,Astor Piazzolla,Horacio Ferrer,Astor Piazzolla,,,,,,
Astor Piazzolla,Astor Piazzolla (Bandoneon) - Horacio Ferrer (Recitado),1970-10-20,Balada Para El,,Tango,Horacio Ferrer,RCA Victor,LP,,,Astor Piazzolla,Horacio Ferrer,Astor Piazzolla,,,,,,
Astor Piazzolla,Astor Piazzolla (Bandoneon) - Horacio Ferrer (Recitado),1970-10-23,Balada Para Mi Muerte,,Tango,Horacio Ferrer,RCA Victor,LP,,,Astor Piazzolla,Horacio Ferrer,Astor Piazzolla,,,,,,
Astor Piazzolla,Astor Piazzolla (Bandoneon) - Horacio Ferrer (Recitado),1970-10-20,Balada Para un Loco,,Tango,Horacio Ferrer,RCA Victor,LP,,,Astor Piazzolla,Horacio Ferrer,Astor Piazzolla,,,,,,
Astor Piazzolla,Astor Piazzolla (Bandoneon) - Horacio Ferrer (Recitado),1970-10-23,La Ultima Grela,,Tango,Horacio Ferrer,RCA Victor,LP,,,Astor Piazzolla,Horacio Ferrer,Astor Piazzolla,,,,,,
Astor Piazzolla,Astor Piazzolla (Bandoneon) - Horacio Ferrer (Recitado),1970-10-20,Juanito Laguna Ayuda a su Madre,,Tango,Horacio Ferrer,RCA Victor,LP,,,Astor Piazzolla,Horacio Ferrer,Astor Piazzolla,,,,,,
Astor Piazzolla,Astor Piazzolla (Bandoneon) - Horacio Ferrer (Recitado),1970-10-23,Preludio Para la Cruz del Sur,,Milonga,Horacio Ferrer,RCA Victor,LP,,,Astor Piazzolla,Horacio Ferrer,Astor Piazzolla,,,,,,
Astor Piazzolla,Astor Piazzolla,1970-12-03,Concierto Para Quinteto,,,Instrumental,RCA Victor,LP,,,Astor Piazzolla,,Astor Piazzolla,,Osvaldo Manzi,Kicho Diaz,Astor Piazzolla,"Antonio Agri, Cacho Tirao (Guitar)","Piano, Bass, Bandoneon, Violin, Guitar"
Astor Piazzolla,Astor Piazzolla,1970-12-03,Invierno Porteño,,Tango,Instrumental,RCA Victor,LP,,,,,Astor Piazzolla,,Osvaldo Manzi,Kicho Diaz,Astor Piazzolla,"Antonio Agri, Cacho Tirao (Guitar)","Piano, Bass, Bandoneon, Violin, Guitar"
Astor Piazzolla,Astor Piazzolla,1970-12-03,Primavera Portena,,Tango,Instrumental,RCA Victor,LP,,,,,Astor Piazzolla,,Osvaldo Manzi,Kicho Diaz,Astor Piazzolla,"Antonio Agri, Cacho Tirao (Guitar)","Piano, Bass, Bandoneon, Violin, Guitar"
Astor Piazzolla,Astor Piazzolla,1970-12-22,La Casita de Mis Viejos,,Tango,Instrumental,RCA Victor,LP,,,"Juan Cobián, Enrique Cadícamo",,Astor Piazzolla,,Osvaldo Manzi,Kicho Diaz,Astor Piazzolla,"Antonio Agri, Cacho Tirao (Guitar)","Piano, Bass, Bandoneon, Violin, Guitar"
Astor Piazzolla,Astor Piazzolla,1970-12-22,Mi Refugio,,Tango,Instrumental,RCA Victor,LP,,,"Juan Cobián, Pedro Córdoba",,Astor Piazzolla,,Osvaldo Manzi,Kicho Diaz,Astor Piazzolla,"Antonio Agri, Cacho Tirao (Guitar)","Piano, Bass, Bandoneon, Violin, Guitar"
Astor Piazzolla,Astor Piazzolla,1970-12-22,Loca Bohemia,,Tango,Instrumental,RCA Victor,LP,,,Francisco De Caro,,Astor Piazzolla,,Osvaldo Manzi,Kicho Diaz,Astor Piazzolla,"Antonio Agri, Cacho Tirao (Guitar)","Piano, Bass, Bandoneon, Violin, Guitar"
Astor Piazzolla,Astor Piazzolla,1970-12-22,Flores Negras,,Tango,Instrumental,RCA Victor,LP,,,Francisco De Caro,,Astor Piazzolla,,Osvaldo Manzi,Kicho Diaz,Astor Piazzolla,"Antonio Agri, Cacho Tirao (Guitar)","Piano, Bass, Bandoneon, Violin, Guitar"
Astor Piazzolla,Astor Piazzolla,1970-12-22,En las Sombras,,Tango,Instrumental,RCA Victor,LP,,,"Joaquín Mora, Manuel Meaños",,Astor Piazzolla,,Osvaldo Manzi,Kicho Diaz,Astor Piazzolla,"Antonio Agri, Cacho Tirao (Guitar)","Piano, Bass, Bandoneon, Violin, Guitar"
Astor Piazzolla,Astor Piazzolla,1970-12-22,Margarita Gauthier,,Tango,Instrumental,RCA Victor,LP,,,"Joaquín Mora, Julio Nelson",,Astor Piazzolla,,Osvaldo Manzi,Kicho Diaz,Astor Piazzolla,"Antonio Agri, Cacho Tirao (Guitar)","Piano, Bass, Bandoneon, Violin, Guitar"
Astor Piazzolla,Astor Piazzolla,1970-12-22,Recuerdos de Bohemia,,Tango,Instrumental,RCA Victor,LP,,,Enrique Delfino,,Astor Piazzolla,,Osvaldo Manzi,Kicho Diaz,Astor Piazzolla,"Antonio Agri, Cacho Tirao (Guitar)","Piano, Bass, Bandoneon, Violin, Guitar"
Astor Piazzolla,Astor Piazzolla,1970-12-22,Milonga Triste,,Milonga,Instrumental,RCA Victor,2LPs,,,"Sebastián Piana, Homero Manzi",,Astor Piazzolla,,Osvaldo Manzi,Kicho Diaz,Astor Piazzolla,"Antonio Agri, Cacho Tirao (Guitar)","Piano, Bass, Bandoneon, Violin, Guitar"
Astor Piazzolla,Astor Piazzolla,1982,Garúa,,,Instrumental,RCA Victor,2LPs,,,,,Astor Piazzolla,,Osvaldo Manzi,Kicho Diaz,Astor Piazzolla,"Antonio Agri, Cacho Tirao (Guitar)","Piano, Bass, Bandoneon, Violin, Guitar"
Astor Piazzolla,,1970-12-23,La Bicicleta Blanca,,Tango,Instrumental,CBS,LP,,,,,Astor Piazzolla,,,,,,
Astor Piazzolla,,1970-12-30,Fabula Para Gardel,,,Instrumental,CBS,LP,,,,,Astor Piazzolla,,,,,,
Astor Piazzolla,,1970-04-20,La Ultima Grela,,Tango,Instrumental,CBS,LP,,,,,Astor Piazzolla,,,,,,
Astor Piazzolla,,1970-10-16,Te Quiero Che,,Tango,Instrumental,CBS,LP,,,,,Astor Piazzolla,,,,,,
Astor Piazzolla,,1970-04-20,Juanito Laguna Ayuda a su Madre,,Tango,Instrumental,CBS,LP,,,,,Astor Piazzolla,,,,,,
Astor Piazzolla,,1970-03-16,Milonga en Ay Menor,,Milonga,Instrumental,CBS,LP,,,,,Astor Piazzolla,,,,,,
Astor Piazzolla,,1970-10-13,Canción De Las Venusinas,,Milonga,Instrumental,CBS,LP,,,,,Astor Piazzolla,,,,,,
Astor Piazzolla,Astor Piazzolla y su Conjunto 9,1971-12-15,Tristeza de un Doble A,,Tango,Instrumental,RCA Victor,LP,,,,,Astor Piazzolla,,Osvaldo Manzi,Kicho Diaz,Astor Piazzolla,"Antonio Agri, Hugo Baralis, Nestor Panik (Viola), Jose Bragato (Cello), Oscar Lopez Ruiz (Guitar), Jose Corriale (Percussion)","Piano, Bass, Bandoneon, 2 Violins, Viola, Cello, Guitar, Percussion"
Astor Piazzolla,Astor Piazzolla y su Conjunto 9,1971-12-15,Zum,,Tango,Instrumental,RCA Victor,LP,,,,,Astor Piazzolla,,Osvaldo Manzi,Kicho Diaz,Astor Piazzolla,"Antonio Agri, Hugo Baralis, Nestor Panik (Viola), Jose Bragato (Cello), Oscar Lopez Ruiz (Guitar), Jose Corriale (Percussion)","Piano, Bass, Bandoneon, 2 Violins, Viola, Cello, Guitar, Percussion"
Astor Piazzolla,Astor Piazzolla y su Conjunto 9,1971-12-15,Homenaje a Cordoba,,Milonga,Instrumental,RCA Victor,LP,,,,,Astor Piazzolla,,Osvaldo Manzi,Kicho Diaz,Astor Piazzolla,"Antonio Agri, Hugo Baralis, Nestor Panik (Viola), Jose Bragato (Cello), Oscar Lopez Ruiz (Guitar), Jose Corriale (Percussion)","Piano, Bass, Bandoneon, 2 Violins, Viola, Cello, Guitar, Percussion"
Astor Piazzolla,Astor Piazzolla y su Conjunto 9,1971-12-15,Divertimento 9,,Tango,Instrumental,RCA Victor,LP,,,,,Astor Piazzolla,,Osvaldo Manzi,Kicho Diaz,Astor Piazzolla,"Antonio Agri, Hugo Baralis, Nestor Panik (Viola), Jose Bragato (Cello), Oscar Lopez Ruiz (Guitar), Jose Corriale (Percussion)","Piano, Bass, Bandoneon, 2 Violins, Viola, Cello, Guitar, Percussion"
Astor Piazzolla,Astor Piazzolla y su Conjunto 9,1971-12-15,Fuga 9,,Tango,Instrumental,RCA Victor,LP,,,,,Astor Piazzolla,,Osvaldo Manzi,Kicho Diaz,Astor Piazzolla,"Antonio Agri, Hugo Baralis, Nestor Panik (Viola), Jose Bragato (Cello), Oscar Lopez Ruiz (Guitar), Jose Corriale (Percussion)","Piano, Bass, Bandoneon, 2 Violins, Viola, Cello, Guitar, Percussion"
Astor Piazzolla,Astor Piazzolla y su Conjunto 9,1971-12-15,En 3x4,,Tango,Instrumental,RCA Victor,LP,,,,,Astor Piazzolla,,Osvaldo Manzi,Kicho Diaz,Astor Piazzolla,"Antonio Agri, Hugo Baralis, Nestor Panik (Viola), Jose Bragato (Cello), Oscar Lopez Ruiz (Guitar), Jose Corriale (Percussion)","Piano, Bass, Bandoneon, 2 Violins, Viola, Cello, Guitar, Percussion"
Astor Piazzolla,Amelita Baltar con Astor Piazzolla,1972-02-16,La Primera Palabra,,Vals,Instrumental,RCA Victor,33rpm,,,,,Astor Piazzolla,,,,,,
Astor Piazzolla,Amelita Baltar con Astor Piazzolla,1972-02-16,No Quiero Otro,,Milonga,Instrumental,RCA Victor,33rpm,,,,,Astor Piazzolla,,,,,,
Astor Piazzolla,Astor Piazzolla y su Conjunto 9,1972-04-17,Zum,,,Instrumental,Just a Memory,3CDs,,,,,Astor Piazzolla,,Osvaldo Tarantino,Kicho Diaz,Astor Piazzolla,"Antonio Agri, Hugo Baralis, Nestor Panik (Viola), Jose Bragato (Cello), Oscar Lopez Ruiz (Guitar), Jose Corriale (Percussion)","Piano, Bass, Bandoneon, 2 Violins, Viola, Cello, Guitar, Percussion"
Astor Piazzolla,Astor Piazzolla y su Conjunto 9,1972-04-17,Buenos Aires Hora Cero,,,Instrumental,Just a Memory,3CDs,,,,,Astor Piazzolla,,Osvaldo Tarantino,Kicho Diaz,Astor Piazzolla,"Antonio Agri, Hugo Baralis, Nestor Panik (Viola), Jose Bragato (Cello), Oscar Lopez Ruiz (Guitar), Jose Corriale (Percussion)","Piano, Bass, Bandoneon, 2 Violins, Viola, Cello, Guitar, Percussion"
Astor Piazzolla,Astor Piazzolla y su Conjunto 9,1972-04-17,Vardarito,,,Instrumental,Just a Memory,3CDs,,,,,Astor Piazzolla,,Osvaldo Tarantino,Kicho Diaz,Astor Piazzolla,"Antonio Agri, Hugo Baralis, Nestor Panik (Viola), Jose Bragato (Cello), Oscar Lopez Ruiz (Guitar), Jose Corriale (Percussion)","Piano, Bass, Bandoneon, 2 Violins, Viola, Cello, Guitar, Percussion"
Astor Piazzolla,Astor Piazzolla y su Conjunto 9,1972-04-17,Onda 9,,,Instrumental,Just a Memory,3CDs,,,,,Astor Piazzolla,,Osvaldo Tarantino,Kicho Diaz,Astor Piazzolla,"Antonio Agri, Hugo Baralis, Nestor Panik (Viola), Jose Bragato (Cello), Oscar Lopez Ruiz (Guitar), Jose Corriale (Percussion)","Piano, Bass, Bandoneon, 2 Violins, Viola, Cello, Guitar, Percussion"
Astor Piazzolla,Astor Piazzolla y su Conjunto 9,1972-04-17,La Muerte del Angel,,,Instrumental,Just a Memory,3CDs,,,,,Astor Piazzolla,,Osvaldo Tarantino,Kicho Diaz,Astor Piazzolla,"Antonio Agri, Hugo Baralis, Nestor Panik (Viola), Jose Bragato (Cello), Oscar Lopez Ruiz (Guitar), Jose Corriale (Percussion)","Piano, Bass, Bandoneon, 2 Violins, Viola, Cello, Guitar, Percussion"
Astor Piazzolla,Astor Piazzolla y su Conjunto 9,1972-04-17,Tristeza de un Doble A,,,Instrumental,Just a Memory,3CDs,,,,,Astor Piazzolla,,Osvaldo Tarantino,Kicho Diaz,Astor Piazzolla,"Antonio Agri, Hugo Baralis, Nestor Panik (Viola), Jose Bragato (Cello), Oscar Lopez Ruiz (Guitar), Jose Corriale (Percussion)","Piano, Bass, Bandoneon, 2 Violins, Viola, Cello, Guitar, Percussion"
Astor Piazzolla,Astor Piazzolla y su Conjunto 9,1972-04-17,Verano Porteño,,,Instrumental,Just a Memory,3CDs,,,,,Astor Piazzolla,,Osvaldo Tarantino,Kicho Diaz,Astor Piazzolla,"Antonio Agri, Hugo Baralis, Nestor Panik (Viola), Jose Bragato (Cello), Oscar Lopez Ruiz (Guitar), Jose Corriale (Percussion)","Piano, Bass, Bandoneon, 2 Violins, Viola, Cello, Guitar, Percussion"
Astor Piazzolla,Astor Piazzolla y su Conjunto 9,1972-04-17,Divertimento 9,,,Instrumental,Just a Memory,3CDs,,,,,Astor Piazzolla,,Osvaldo Tarantino,Kicho Diaz,Astor Piazzolla,"Antonio Agri, Hugo Baralis, Nestor Panik (Viola), Jose Bragato (Cello), Oscar Lopez Ruiz (Guitar), Jose Corriale (Percussion)","Piano, Bass, Bandoneon, 2 Violins, Viola, Cello, Guitar, Percussion"
Astor Piazzolla,Astor Piazzolla y su Conjunto 9,1972-04-17,Preludio 9,,,Instrumental,Just a Memory,3CDs,,,,,Astor Piazzolla,,Osvaldo Tarantino,Kicho Diaz,Astor Piazzolla,"Antonio Agri, Hugo Baralis, Nestor Panik (Viola), Jose Bragato (Cello), Oscar Lopez Ruiz (Guitar), Jose Corriale (Percussion)","Piano, Bass, Bandoneon, 2 Violins, Viola, Cello, Guitar, Percussion"
Astor Piazzolla,Astor Piazzolla y su Conjunto 9,1972-04-17,Adiós Nonino,,,Instrumental,Just a Memory,3CDs,,,,,Astor Piazzolla,,Osvaldo Tarantino,Kicho Diaz,Astor Piazzolla,"Antonio Agri, Hugo Baralis, Nestor Panik (Viola), Jose Bragato (Cello), Oscar Lopez Ruiz (Guitar), Jose Corriale (Percussion)","Piano, Bass, Bandoneon, 2 Violins, Viola, Cello, Guitar, Percussion"
Astor Piazzolla,Astor Piazzolla y su Conjunto 9,1972-04-17,Mafia 72,,,Instrumental,Just a Memory,3CDs,,,,,Astor Piazzolla,,Osvaldo Tarantino,Kicho Diaz,Astor Piazzolla,"Antonio Agri, Hugo Baralis, Nestor Panik (Viola), Jose Bragato (Cello), Oscar Lopez Ruiz (Guitar), Jose Corriale (Percussion)","Piano, Bass, Bandoneon, 2 Violins, Viola, Cello, Guitar, Percussion"
Astor Piazzolla,Astor Piazzolla y su Conjunto 9,1972-04-17,Fuga y Misterio,,,Instrumental,Saludos Amigos,CD,,,,,Astor Piazzolla,,Osvaldo Tarantino,Kicho Diaz,Astor Piazzolla,"Antonio Agri, Hugo Baralis, Nestor Panik (Viola), Jose Bragato (Cello), Oscar Lopez Ruiz (Guitar), Jose Corriale (Percussion)","Piano, Bass, Bandoneon, 2 Violins, Viola, Cello, Guitar, Percussion"
Astor Piazzolla,Astor Piazzolla y su Conjunto 9,1992,Divertimento 9,,,Instrumental,Carosello,3CDs,,,,,Astor Piazzolla,,Osvaldo Tarantino,Kicho Diaz,Astor Piazzolla,"Antonio Agri, Hugo Baralis, Nestor Panik (Viola), Jose Bragato (Cello), Oscar Lopez Ruiz (Guitar), Jose Corriale (Percussion)","Piano, Bass, Bandoneon, 2 Violins, Viola, Cello, Guitar, Percussion"
Astor Piazzolla,Astor Piazzolla y su Conjunto 9,1992,Preludio 9,,,Instrumental,Carosello,3CDs,,,,,Astor Piazzolla,,Osvaldo Tarantino,Kicho Diaz,Astor Piazzolla,"Antonio Agri, Hugo Baralis, Nestor Panik (Viola), Jose Bragato (Cello), Oscar Lopez Ruiz (Guitar), Jose Corriale (Percussion)","Piano, Bass, Bandoneon, 2 Violins, Viola, Cello, Guitar, Percussion"
Astor Piazzolla,Astor Piazzolla y su Conjunto 9,1993,La Muerte del Angel,,,Instrumental,Carosello,3CDs,,,,,Astor Piazzolla,,Osvaldo Tarantino,Kicho Diaz,Astor Piazzolla,"Antonio Agri, Hugo Baralis, Nestor Panik (Viola), Jose Bragato (Cello), Oscar Lopez Ruiz (Guitar), Jose Corriale (Percussion)","Piano, Bass, Bandoneon, 2 Violins, Viola, Cello, Guitar, Percussion"
Astor Piazzolla,Astor Piazzolla y su Conjunto 9,1993,Onda 9,,,Instrumental,Carosello,3CDs,,,,,Astor Piazzolla,,Osvaldo Tarantino,Kicho Diaz,Astor Piazzolla,"Antonio Agri, Hugo Baralis, Nestor Panik (Viola), Jose Bragato (Cello), Oscar Lopez Ruiz (Guitar), Jose Corriale (Percussion)","Piano, Bass, Bandoneon, 2 Violins, Viola, Cello, Guitar, Percussion"
Astor Piazzolla,,1993,Balada Para Mi Muerte,,,Mina,Raro!,CD,,,"Astor Piazzolla, Horacio Ferrer",,Astor Piazzolla,,Osvaldo Tarantino,Kicho Diaz,Astor Piazzolla,"Antonio Agri, Hugo Baralis, Nestor Panik (Viola), Jose Bragato (Cello), Oscar Lopez Ruiz (Guitar), Jose Corriale (Percussion)","Piano, Bass, Bandoneon, 2 Violins, Viola, Cello, Guitar, Percussion"
Astor Piazzolla,,1972,Suoneranno Le Sei,,,Instrumental,PDU,LP,,,"Astor Piazzolla, G. Calabrese",,Astor Piazzolla,,,,,,
Astor Piazzolla,,1972,Balada Para Mi Muerte,Suoneranno Le Sei,,Instrumental,EMI Odeon,LP,,,"Astor Piazzolla, Horacio Ferrer",,Astor Piazzolla,,,,,,
Astor Piazzolla,Amelita Baltar - Astor Piazzolla,1972-09-07,Las Ciudades,,Tango,Amelita Baltar,RCA Victor,33rpm,,,,,Astor Piazzolla,,Osvaldo Tarantino,Kicho Diaz,Astor Piazzolla,"Antonio Agri, Hugo Baralis, Nestor Panik (Viola), Jose Bragato (Cello), Oscar Lopez Ruiz (Guitar), Jose Corriale (Percussion)","Piano, Bass, Bandoneon, 2 Violins, Viola, Cello, Guitar, Percussion"
Astor Piazzolla,Amelita Baltar - Astor Piazzolla,1972-09-07,Los Paraguas de Buenos Aires,,Milonga,Amelita Baltar,RCA Victor,33rpm,,,,,Astor Piazzolla,,Osvaldo Tarantino,Kicho Diaz,Astor Piazzolla,"Antonio Agri, Hugo Baralis, Nestor Panik (Viola), Jose Bragato (Cello), Oscar Lopez Ruiz (Guitar), Jose Corriale (Percussion)","Piano, Bass, Bandoneon, 2 Violins, Viola, Cello, Guitar, Percussion"
Astor Piazzolla,Amelita Baltar - Astor Piazzolla,1972-03-22,El Gordo Triste,,Tango,Amelita Baltar,RCA Victor,33rpm,,,,,Astor Piazzolla,,Osvaldo Tarantino,Kicho Diaz,Astor Piazzolla,"Antonio Agri, Hugo Baralis, Nestor Panik (Viola), Jose Bragato (Cello), Oscar Lopez Ruiz (Guitar), Jose Corriale (Percussion)","Piano, Bass, Bandoneon, 2 Violins, Viola, Cello, Guitar, Percussion"
Astor Piazzolla,Amelita Baltar - Astor Piazzolla,1976,Los Paraguas de Buenos Aires,,,Instrumental,RCA Victor,33rpm,,,,,Astor Piazzolla,,,,,,
Astor Piazzolla,Amelita Baltar - Astor Piazzolla,1976,En 3x4,,,Instrumental,RCA Victor,33rpm,,,,,Astor Piazzolla,,,,,,
Astor Piazzolla,Astor Piazzolla y su Conjunto 9,1972-07-03,Vardarito,,Tango,Instrumental,RCA Victor,LP,,,,,Astor Piazzolla,,Osvaldo Tarantino,Kicho Diaz,Astor Piazzolla,"Antonio Agri, Hugo Baralis, Nestor Panik (Viola), Jose Bragato (Cello), Oscar Lopez Ruiz (Guitar), Jose Corriale (Percussion)","Piano, Bass, Bandoneon, 2 Violins, Viola, Cello, Guitar, Percussion"
Astor Piazzolla,Astor Piazzolla y su Conjunto 9,1972-07-28,Oda Para un Hippie,,Tango,Instrumental,RCA Victor,LP,,,,,Astor Piazzolla,,Osvaldo Tarantino,Kicho Diaz,Astor Piazzolla,"Antonio Agri, Hugo Baralis, Nestor Panik (Viola), Jose Bragato (Cello), Oscar Lopez Ruiz (Guitar), Jose Corriale (Percussion)","Piano, Bass, Bandoneon, 2 Violins, Viola, Cello, Guitar, Percussion"
Astor Piazzolla,Astor Piazzolla y su Conjunto 9,1972-07-28,Onda Nueve,,Tango,Instrumental,RCA Victor,LP,,,,,Astor Piazzolla,,Osvaldo Tarantino,Kicho Diaz,Astor Piazzolla,"Antonio Agri, Hugo Baralis, Nestor Panik (Viola), Jose Bragato (Cello), Oscar Lopez Ruiz (Guitar), Jose Corriale (Percussion)","Piano, Bass, Bandoneon, 2 Violins, Viola, Cello, Guitar, Percussion"
Astor Piazzolla,Astor Piazzolla y su Conjunto 9,1972-07-03,Verano Porteño,,Tango,Instrumental,RCA Victor,LP,,,,,Astor Piazzolla,,Osvaldo Tarantino,Kicho Diaz,Astor Piazzolla,"Antonio Agri, Hugo Baralis, Nestor Panik (Viola), Jose Bragato (Cello), Oscar Lopez Ruiz (Guitar), Jose Corriale (Percussion)","Piano, Bass, Bandoneon, 2 Violins, Viola, Cello, Guitar, Percussion"
Astor Piazzolla,Astor Piazzolla y su Conjunto 9,1972-07-28,Baires 72,,Tango,Instrumental,RCA Victor,LP,,,,,Astor Piazzolla,,Osvaldo Tarantino,Kicho Diaz,Astor Piazzolla,"Antonio Agri, Hugo Baralis, Nestor Panik (Viola), Jose Bragato (Cello), Oscar Lopez Ruiz (Guitar), Jose Corriale (Percussion)","Piano, Bass, Bandoneon, 2 Violins, Viola, Cello, Guitar, Percussion"
Astor Piazzolla,Astor Piazzolla y su Conjunto 9,1972-07-28,Buenos Aires Hora Cero,,Tango,Instrumental,RCA Victor,LP,,,,,Astor Piazzolla,,Osvaldo Tarantino,Kicho Diaz,Astor Piazzolla,"Antonio Agri, Hugo Baralis, Nestor Panik (Viola), Jose Bragato (Cello), Oscar Lopez Ruiz (Guitar), Jose Corriale (Percussion)","Piano, Bass, Bandoneon, 2 Violins, Viola, Cello, Guitar, Percussion"
Astor Piazzolla,Astor Piazzolla y su Conjunto 9,1973-02-08,El Penultimo,,,Instrumental,RCA Victor,33rpm,,,,,Astor Piazzolla,,Osvaldo Tarantino,Kicho Diaz,Astor Piazzolla,"Antonio Agri, Hugo Baralis, Nestor Panik (Viola), Jose Bragato (Cello), Oscar Lopez Ruiz (Guitar), Jose Corriale (Percussion)","Piano, Bass, Bandoneon, 2 Violins, Viola, Cello, Guitar, Percussion"
Astor Piazzolla,Astor Piazzolla y su Conjunto 9,1973-02-08,Jeanne y Paul,,,Instrumental,RCA Victor,33rpm,,,,,Astor Piazzolla,,Osvaldo Tarantino,Kicho Diaz,Astor Piazzolla,"Antonio Agri, Hugo Baralis, Nestor Panik (Viola), Jose Bragato (Cello), Oscar Lopez Ruiz (Guitar), Jose Corriale (Percussion)","Piano, Bass, Bandoneon, 2 Violins, Viola, Cello, Guitar, Percussion"
Astor Piazzolla,Edmonda Aldini (Con Astor Piazzolla),1974,Madre Terra Madre Mia,,,Instrumental,Ricordi,LP,,,,,Astor Piazzolla,,,,,,
Astor Piazzolla,Edmonda Aldini (Con Astor Piazzolla),1974,Balada Para El,,,Instrumental,Ricordi,LP,,,,,Astor Piazzolla,,,,,,
Astor Piazzolla,Edmonda Aldini (Con Astor Piazzolla),1974,Le Venusiane,,,Instrumental,Ricordi,LP,,,,,Astor Piazzolla,,,,,,
Astor Piazzolla,Edmonda Aldini (Con Astor Piazzolla),1974,Ballata Per un Suonato,,,Instrumental,Ricordi,LP,,,,,Astor Piazzolla,,,,,,
Astor Piazzolla,Edmonda Aldini (Con Astor Piazzolla),1974,Rinacero,,,Instrumental,Ricordi,LP,,,,,Astor Piazzolla,,,,,,
Astor Piazzolla,Edmonda Aldini (Con Astor Piazzolla),1974,La Bicicletta Bianca,,,Instrumental,Ricordi,LP,,,,,Astor Piazzolla,,,,,,
Astor Piazzolla,Edmonda Aldini (Con Astor Piazzolla),1974,Balada Para Mi Muerte,,,Instrumental,Ricordi,LP,,,,,Astor Piazzolla,,,,,,
Astor Piazzolla,Edmonda Aldini (Con Astor Piazzolla),1974,Ultime Notizie,,,Instrumental,Ricordi,LP,,,,,Astor Piazzolla,,,,,,
Astor Piazzolla,Astor Piazzolla y su Quinteto,1997,Verano Porteño,,,Instrumental,Milan Sur,CD,,,,,Astor Piazzolla,,Osvaldo Tarantino,Kicho Diaz,Astor Piazzolla,"Antonio Agri, Horacio Malvicino (Guitar)","Piano, Bass, Bandoneon, Violin, Guitar"
Astor Piazzolla,Astor Piazzolla y su Quinteto,1997,Las Posesidas,,,Instrumental,Milan Sur,CD,,,,,Astor Piazzolla,,Osvaldo Tarantino,Kicho Diaz,Astor Piazzolla,"Antonio Agri, Horacio Malvicino (Guitar)","Piano, Bass, Bandoneon, Violin, Guitar"
Astor Piazzolla,Astor Piazzolla y su Quinteto,1997,Milonga del Angel,,,Instrumental,Milan Sur,CD,,,,,Astor Piazzolla,,Osvaldo Tarantino,Kicho Diaz,Astor Piazzolla,"Antonio Agri, Horacio Malvicino (Guitar)","Piano, Bass, Bandoneon, Violin, Guitar"
Astor Piazzolla,Astor Piazzolla y su Quinteto,1997,Muerte del Angel,,,Instrumental,Milan Sur,CD,,,,,Astor Piazzolla,,Osvaldo Tarantino,Kicho Diaz,Astor Piazzolla,"Antonio Agri, Horacio Malvicino (Guitar)","Piano, Bass, Bandoneon, Violin, Guitar"
Astor Piazzolla,Astor Piazzolla y su Quinteto,1997,Adiós Nonino,,,Instrumental,Milan Sur,CD,,,,,Astor Piazzolla,,Osvaldo Tarantino,Kicho Diaz,Astor Piazzolla,"Antonio Agri, Horacio Malvicino (Guitar)","Piano, Bass, Bandoneon, Violin, Guitar"
Astor Piazzolla,Astor Piazzolla y su Quinteto,1997,Otoño Porteño,,,Instrumental,Milan Sur,CD,,,,,Astor Piazzolla,,Osvaldo Tarantino,Kicho Diaz,Astor Piazzolla,"Antonio Agri, Horacio Malvicino (Guitar)","Piano, Bass, Bandoneon, Violin, Guitar"
Astor Piazzolla,Astor Piazzolla y su Quinteto,1997,Retrato de Milton,,,Instrumental,Milan Sur,CD,,,,,Astor Piazzolla,,Osvaldo Tarantino,Kicho Diaz,Astor Piazzolla,"Antonio Agri, Horacio Malvicino (Guitar)","Piano, Bass, Bandoneon, Violin, Guitar"
Astor Piazzolla,Astor Piazzolla y su Orquesta,1973-07-24,Un Día de Paz,,Tango,Instrumental,RCA Victor,33rpm,,,,,Astor Piazzolla,,,,,,
Astor Piazzolla,Astor Piazzolla y su Orquesta,1973,Vardarito,,,Instrumental,RCA Victor,33rpm,,,,,Astor Piazzolla,,,,,,
Astor Piazzolla,Astor Piazzolla,1974,Libertango,,,Instrumental,Carosello,LP,,,,,Astor Piazzolla,,,Giuseppe Prestipino,Astor Piazzolla,"Felice Da Via (Piano Y Organo Hammond C3), Gianni Ziloli (Organo Hammond C3 Y Marimba), Marlene Kessik (Flauta Grave En Do), Gianni Biucco (Flautas En Do), Tullio De Piscopo (Bateria), Percusion Y Efectos, Filippo Dacco (Guitarra Y Guitarra Electrica), Andrea Poggi Goshian (Timbales), Percusion Y Efectos, Umberto Benedetti Michelangeli (Primer Violin), Elsa Paravicini (Primera Viola)","Bass, Bandoneon, 4 Violins, Piano Y Organo Hammond C3, Organo Hammond C3 Y Marimba, Flauta Grave En Do, Flautas En Do, Guitarra Y Guitarra Electrica, Primer Violin, Primera Viola"
Astor Piazzolla,Astor Piazzolla,1974,Meditango,,,Instrumental,Carosello,LP,,,,,Astor Piazzolla,,,,,,
Astor Piazzolla,Astor Piazzolla,1974,Undertango,,,Instrumental,Carosello,LP,,,,,Astor Piazzolla,,,,,,
Astor Piazzolla,Astor Piazzolla,1974,Adiós Nonino,,,Instrumental,Carosello,LP,,,,,Astor Piazzolla,,,,,,
Astor Piazzolla,Astor Piazzolla,1974,Violentango,,,Instrumental,Carosello,LP,,,,,Astor Piazzolla,,,,,,
Astor Piazzolla,Astor Piazzolla,1974,Novitango,,,Instrumental,Carosello,LP,,,,,Astor Piazzolla,,,,,,
Astor Piazzolla,Astor Piazzolla,1974,Amelitango,,,Instrumental,Carosello,LP,,,,,Astor Piazzolla,,,,,,
Astor Piazzolla,Astor Piazzolla,1974,Tristango,,,Instrumental,Carosello,LP,,,,,Astor Piazzolla,,,,,,
Astor Piazzolla,Astor Piazzolla,1993,Meditango,,,Instrumental,Rede Brasil,CD,,,,,Astor Piazzolla,,,,,,
Astor Piazzolla,Astor Piazzolla,1993,Libertango,,,Instrumental,Rede Brasil,CD,,,,,Astor Piazzolla,,,,,,
Astor Piazzolla,Astor Piazzolla,1993,Moderato Mistico,,,Instrumental,Rede Brasil,CD,,,,,Astor Piazzolla,,,,,,
Astor Piazzolla,Gerry Mulligan - Astor Piazzolla,1974,20 Years Ago,,,Instrumental,Erre T.V.,LP,,,,,Astor Piazzolla,,,Giuseppe Prestipino,Astor Piazzolla,"Gerry Mulligan (Saxofon Baritono), Angel Pocho Gatti (Piano), Piano Electrico Fender Rhodes 73 Y Organo, Tullio De Piscopo (Bateria Y Percusion), Gianni Ziloli (Marimbas), Bruno De Filippi (Guitarras Electricas), Umberto Benedetti Michelangeli (Primer Violin), Renato Riccio (Primera Viola), Ennio Mori (Primer Cello)","Bass, Bandoneon, 2 Violins, Saxofon Baritono, Bateria Y Percusion, Marimbas, Guitarras Electricas, Primer Violin, Primera Viola, Primer Cello"
Astor Piazzolla,Gerry Mulligan - Astor Piazzolla,1974,Close Your Eyes And Listen,,,Instrumental,Erre T.V.,LP,,,,,Astor Piazzolla,,,Giuseppe Prestipino,Astor Piazzolla,"Gerry Mulligan (Saxofon Baritono), Angel Pocho Gatti (Piano), Piano Electrico Fender Rhodes 73 Y Organo, Tullio De Piscopo (Bateria Y Percusion), Gianni Ziloli (Marimbas), Bruno De Filippi (Guitarras Electricas), Umberto Benedetti Michelangeli (Primer Violin), Renato Riccio (Primera Viola), Ennio Mori (Primer Cello)","Bass, Bandoneon, 2 Violins, Saxofon Baritono, Bateria Y Percusion, Marimbas, Guitarras Electricas, Primer Violin, Primera Viola, Primer Cello"
Astor Piazzolla,Gerry Mulligan - Astor Piazzolla,1974,Years Of Solitude,,,Instrumental,Erre T.V.,LP,,,,,Astor Piazzolla,,,Giuseppe Prestipino,Astor Piazzolla,"Gerry Mulligan (Saxofon Baritono), Angel Pocho Gatti (Piano), Piano Electrico Fender Rhodes 73 Y Organo, Tullio De Piscopo (Bateria Y Percusion), Gianni Ziloli (Marimbas), Bruno De Filippi (Guitarras Electricas), Umberto Benedetti Michelangeli (Primer Violin), Renato Riccio (Primera Viola), Ennio Mori (Primer Cello)","Bass, Bandoneon, 2 Violins, Saxofon Baritono, Bateria Y Percusion, Marimbas, Guitarras Electricas, Primer Violin, Primera Viola, Primer Cello"
Astor Piazzolla,Gerry Mulligan - Astor Piazzolla,1974,Deus Xango,,,Instrumental,Erre T.V.,LP,,,,,Astor Piazzolla,,,Giuseppe Prestipino,Astor Piazzolla,"Gerry Mulligan (Saxofon Baritono), Angel Pocho Gatti (Piano), Piano Electrico Fender Rhodes 73 Y Organo, Tullio De Piscopo (Bateria Y Percusion), Gianni Ziloli (Marimbas), Bruno De Filippi (Guitarras Electricas), Umberto Benedetti Michelangeli (Primer Violin), Renato Riccio (Primera Viola), Ennio Mori (Primer Cello)","Bass, Bandoneon, 2 Violins, Saxofon Baritono, Bateria Y Percusion, Marimbas, Guitarras Electricas, Primer Violin, Primera Viola, Primer Cello"
Astor Piazzolla,Gerry Mulligan - Astor Piazzolla,1974,20 Years After,,,Instrumental,Erre T.V.,LP,,,,,Astor Piazzolla,,,Giuseppe Prestipino,Astor Piazzolla,"Gerry Mulligan (Saxofon Baritono), Angel Pocho Gatti (Piano), Piano Electrico Fender Rhodes 73 Y Organo, Tullio De Piscopo (Bateria Y Percusion), Gianni Ziloli (Marimbas), Bruno De Filippi (Guitarras Electricas), Umberto Benedetti Michelangeli (Primer Violin), Renato Riccio (Primera Viola), Ennio Mori (Primer Cello)","Bass, Bandoneon, 2 Violins, Saxofon Baritono, Bateria Y Percusion, Marimbas, Guitarras Electricas, Primer Violin, Primera Viola, Primer Cello"
Astor Piazzolla,Gerry Mulligan - Astor Piazzolla,1974,Aire de Buenos Aires,,,Instrumental,Erre T.V.,LP,,,Gerry Mulligan,,Astor Piazzolla,,,Giuseppe Prestipino,Astor Piazzolla,"Gerry Mulligan (Saxofon Baritono), Angel Pocho Gatti (Piano), Piano Electrico Fender Rhodes 73 Y Organo, Tullio De Piscopo (Bateria Y Percusion), Gianni Ziloli (Marimbas), Bruno De Filippi (Guitarras Electricas), Umberto Benedetti Michelangeli (Primer Violin), Renato Riccio (Primera Viola), Ennio Mori (Primer Cello)","Bass, Bandoneon, 2 Violins, Saxofon Baritono, Bateria Y Percusion, Marimbas, Guitarras Electricas, Primer Violin, Primera Viola, Primer Cello"
Astor Piazzolla,Gerry Mulligan - Astor Piazzolla,1974,Reminiscence,,,Instrumental,Erre T.V.,LP,,,,,Astor Piazzolla,,,Giuseppe Prestipino,Astor Piazzolla,"Gerry Mulligan (Saxofon Baritono), Angel Pocho Gatti (Piano), Piano Electrico Fender Rhodes 73 Y Organo, Tullio De Piscopo (Bateria Y Percusion), Gianni Ziloli (Marimbas), Bruno De Filippi (Guitarras Electricas), Umberto Benedetti Michelangeli (Primer Violin), Renato Riccio (Primera Viola), Ennio Mori (Primer Cello)","Bass, Bandoneon, 2 Violins, Saxofon Baritono, Bateria Y Percusion, Marimbas, Guitarras Electricas, Primer Violin, Primera Viola, Primer Cello"
Astor Piazzolla,Gerry Mulligan - Astor Piazzolla,1974,Summit,,,Instrumental,Erre T.V.,LP,,,,,Astor Piazzolla,,,Giuseppe Prestipino,Astor Piazzolla,"Gerry Mulligan (Saxofon Baritono), Angel Pocho Gatti (Piano), Piano Electrico Fender Rhodes 73 Y Organo, Tullio De Piscopo (Bateria Y Percusion), Gianni Ziloli (Marimbas), Bruno De Filippi (Guitarras Electricas), Umberto Benedetti Michelangeli (Primer Violin), Renato Riccio (Primera Viola), Ennio Mori (Primer Cello)","Bass, Bandoneon, 2 Violins, Saxofon Baritono, Bateria Y Percusion, Marimbas, Guitarras Electricas, Primer Violin, Primera Viola, Primer Cello"
Astor Piazzolla,,1975,Preludio Para el Ano 3001,,,Instrumental,Fermata,LP,,,"Astor Piazzolla, Horacio Ferrer",,Astor Piazzolla,,,,,,
Astor Piazzolla,,1975,Balada Para Mi Muerte,,,Instrumental,Fermata,LP,,,"Astor Piazzolla, Horacio Ferrer",,Astor Piazzolla,,,,,,
Astor Piazzolla,,1975,Balada Para un Loco,,,Instrumental,Fermata,LP,,,"Astor Piazzolla, Horacio Ferrer",,Astor Piazzolla,,,,,,
Astor Piazzolla,,1975,Vamos Nina,,,Instrumental,Fermata,LP,,,"Astor Piazzolla, Horacio Ferrer",,Astor Piazzolla,,,,,,
Astor Piazzolla,,1975,Las Ciudades,,,Instrumental,Fermata,LP,,,,,Astor Piazzolla,,,,,,
Astor Piazzolla,,1975,Los Paraguas de Buenos Aires,,,Instrumental,Fermata,LP,,,,,Astor Piazzolla,,,,,,
Astor Piazzolla,,1975,La Primera Palabra,,,Instrumental,Fermata,LP,,,,,Astor Piazzolla,,,,,,
Astor Piazzolla,,1975,No Quiero Otro,,,Instrumental,Fermata,LP,,,,,Astor Piazzolla,,,,,,
Astor Piazzolla,,1975,Pequena Canción Para Matilde,,,Instrumental,Fermata,LP,,,"Astor Piazzolla, Pablo Neruda",,Astor Piazzolla,,,,,,
Astor Piazzolla,,1975,Violetas Populares,,,Instrumental,Fermata,LP,,,"Astor Piazzolla, Mario Trejo",,Astor Piazzolla,,,,,,
Astor Piazzolla,,1974-11-22,As Ilhas,,,Ney Matogrosso,Continental,33rpm,,,"Astor Piazzolla, Geraldo Carneiro",,Astor Piazzolla,,,,Astor Piazzolla,"Tullio De Piscopo (Bateria Y Percusion), Filippo Dacco (Electric Guitar), Andrea Sacchi (Guitar), Baioco Giorgio (Flauta En Do Y Sol), Luigi Giudici (Organo), Piano Y Sintetizador","Bandoneon, 2 Violins, Bateria Y Percusion, Electric Guitar, Guitar, Flauta En Do Y Sol"
Astor Piazzolla,,1974-11-22,1964,,,Ney Matogrosso,Continental,33rpm,,,"Astor Piazzolla, Jorge Borges",,Astor Piazzolla,,,,Astor Piazzolla,"Tullio De Piscopo (Bateria Y Percusion), Filippo Dacco (Electric Guitar), Andrea Sacchi (Guitar), Baioco Giorgio (Flauta En Do Y Sol), Luigi Giudici (Organo), Piano Y Sintetizador","Bandoneon, 2 Violins, Bateria Y Percusion, Electric Guitar, Guitar, Flauta En Do Y Sol"
Astor Piazzolla,Guy Marchand Avec Astor Piazzolla,1975,Me Je Sais Tango,Libertango,,Instrumental,Riviera,45rpm,,,"Astor Piazzolla, Guy Marchand",,Astor Piazzolla,,,,,,
Astor Piazzolla,Guy Marchand Avec Astor Piazzolla,1975,Mister Tango,Undertango,,Instrumental,Riviera,45rpm,,,"Astor Piazzolla, Guy Marchand",,Astor Piazzolla,,,,,,
Astor Piazzolla,Astor Piazzolla,1976,Il Pleut Sur Santiago,Vers Bande,,Instrumental,Pathe Marconi,LP,,,,,Astor Piazzolla,,,,Astor Piazzolla,,Bandoneon
Astor Piazzolla,Astor Piazzolla,1976,Salvador Allende,,,Instrumental,Pathe Marconi,LP,,,,,Astor Piazzolla,,,,,,
Astor Piazzolla,Astor Piazzolla,1976,Combate en la Fabrica,,,Instrumental,Pathe Marconi,LP,,,,,Astor Piazzolla,,,,,,
Astor Piazzolla,Astor Piazzolla,1976,La Maison de Monique,,,Instrumental,Pathe Marconi,LP,,,,,Astor Piazzolla,,,,,,
Astor Piazzolla,Astor Piazzolla,1976,Bidonville,,,Instrumental,Pathe Marconi,LP,,,,,Astor Piazzolla,,,,,,
Astor Piazzolla,Astor Piazzolla,1976,Jorge Adiós,,,Instrumental,Pathe Marconi,LP,,,,,Astor Piazzolla,,,,,,
Astor Piazzolla,Astor Piazzolla,1976,Il Pleut Sur Santiago,Vers Violon,,Instrumental,Pathe Marconi,LP,,,,,Astor Piazzolla,,,,,,
Astor Piazzolla,Astor Piazzolla,1976,Bandoneón,,,Instrumental,Trova,LP,,,,,Astor Piazzolla,,,,Astor Piazzolla,,Bandoneon
Astor Piazzolla,Astor Piazzolla,1976,Zita,,,Instrumental,Trova,LP,,,,,Astor Piazzolla,,,,,,
Astor Piazzolla,Astor Piazzolla,1976,Whisky,,,Instrumental,Trova,LP,,,,,Astor Piazzolla,,,,,,
Astor Piazzolla,Astor Piazzolla,1976,Escolaso,,,Instrumental,Trova,LP,,,,,Astor Piazzolla,,,,,,
Astor Piazzolla,Astor Piazzolla,1976,Soledad,Solitude,,Instrumental,Trova,LP,,,,,Astor Piazzolla,,,,,,
Astor Piazzolla,Astor Piazzolla,1976,Muerte,Mort,,Instrumental,Trova,LP,,,,,Astor Piazzolla,,,,,,
Astor Piazzolla,Astor Piazzolla,1976,El Amor,L'amor,,Instrumental,Trova,LP,,,,,Astor Piazzolla,,,,,,
Astor Piazzolla,Astor Piazzolla,1976,La Evasion,L'evasion,,Instrumental,Trova,LP,,,,,Astor Piazzolla,,,,,,
Astor Piazzolla,Astor Piazzolla,1977,La Felure,,,Instrumental,Trova,LP,,,,,Astor Piazzolla,,,,Astor Piazzolla,,Bandoneon
Astor Piazzolla,Astor Piazzolla,1977,Bruno y Sarah,,,Instrumental,Trova,LP,,,,,Astor Piazzolla,,,,,,
Astor Piazzolla,Astor Piazzolla,1977,Jardines de Africa,,,Instrumental,Trova,LP,,,,,Astor Piazzolla,,,,,,
Astor Piazzolla,Astor Piazzolla,1977,Viaje de Bodas,,,Instrumental,Trova,LP,,,,,Astor Piazzolla,,,,,,
Astor Piazzolla,Astor Piazzolla,1977,Le Kata,,,Instrumental,Trova,LP,,,,,Astor Piazzolla,,,,,,
Astor Piazzolla,Astor Piazzolla,1977,El Camino Recorrido,,,Instrumental,Trova,LP,,,,,Astor Piazzolla,,,,,,
Astor Piazzolla,Astor Piazzolla,1977,Noches de Marruecos,,,Instrumental,Trova,LP,,,,,Astor Piazzolla,,,,,,
Astor Piazzolla,Astor Piazzolla,1977,La Idea Fija,,,Instrumental,Trova,LP,,,,,Astor Piazzolla,,,,,,
Astor Piazzolla,Astor Piazzolla,1977,La Familia,,,Instrumental,Trova,LP,,,,,Astor Piazzolla,,,,,,
Astor Piazzolla,Astor Piazzolla,1977,Los Pajaros Perdidos,,,Instrumental,Trova,LP,,,,,Astor Piazzolla,,,,,,
Astor Piazzolla,Astor Piazzolla - Jose Angel Trelles,1976,Balada Para un Loco,,,Instrumental,Trova,LP,,,"Astor Piazzolla, Horacio Ferrer",,Astor Piazzolla,,,,Astor Piazzolla,,Bandoneon
Astor Piazzolla,Astor Piazzolla - Jose Angel Trelles,1976,Ojos de Resaca,Olhos de Ressaca,,Instrumental,Trova,LP,,,"Astor Piazzolla, Geraldo Carneiro",,Astor Piazzolla,,,,,,
Astor Piazzolla,Astor Piazzolla - Jose Angel Trelles,1976,La Muralla de China,,,Instrumental,Trova,LP,,,"Astor Piazzolla, Geraldo Carneiro",,Astor Piazzolla,,,,,,
Astor Piazzolla,Astor Piazzolla - Jose Angel Trelles,1976,Los Pajaros Perdidos,,,Instrumental,Trova,LP,,,"Astor Piazzolla, Mario Trejo",,Astor Piazzolla,,,,,,
Astor Piazzolla,Astor Piazzolla - Jose Angel Trelles,1976,Balada Para Mi Muerte,,,Instrumental,Trova,LP,,,"Astor Piazzolla, Horacio Ferrer",,Astor Piazzolla,,,,,,
Astor Piazzolla,Astor Piazzolla - Jose Angel Trelles,1976,Se Potessi Ancora,,,Instrumental,Trova,LP,,,"Astor Piazzolla, Sergio Bardotti",,Astor Piazzolla,,,,,,
Astor Piazzolla,Astor Piazzolla - Jose Angel Trelles,1976,Las Islas,As Ilhas,,Instrumental,Trova,LP,,,"Astor Piazzolla, Geraldo Carneiro",,Astor Piazzolla,,,,,,
Astor Piazzolla,Astor Piazzolla - Jose Angel Trelles,1976,Chiquilín de Bachín,,,Instrumental,Trova,LP,,,"Astor Piazzolla, Horacio Ferrer",,Astor Piazzolla,,,,,,
Astor Piazzolla,Astor Piazzolla - Jose Angel Trelles,1998,Balada Para Mi Muerte,,,Instrumental,Bella Musica,CD,,,Astor Piazzolla,,Astor Piazzolla,,,,,,
Astor Piazzolla,Astor Piazzolla - Jose Angel Trelles,1998,Balada Para un Loco,Playback,,Instrumental,Bella Musica,CD,,,"Astor Piazzolla, Horacio Ferrer",,Astor Piazzolla,,,,,,
Astor Piazzolla,Astor Piazzolla - Jose Angel Trelles,1998,Los Pajaros Perdidos,Playback,,Instrumental,Bella Musica,CD,,,"Astor Piazzolla, Mario Trejo",,Astor Piazzolla,,,,,,
Astor Piazzolla,Astor Piazzolla (Y su Conjunto Electronico),1993,Libertango,,,Instrumental,Movieplay,CD,,,,,Astor Piazzolla,,,Adalberto Cevasco,Astor Piazzolla,"Horacio Malvicino (Electric Guitar), Juan Carlos Cirigliano (Piano Y Piano Electrico), Arturo Schneider (Saxo Alto Y Flauta), Santiago Giacobbe (Organ), Enrique ""Zurdo"" Roizner (Drums), Daniel Piazzolla (Sintetizador Y Percusion)","Bass, Bandoneon, Electric Guitar, Piano Y Piano Electrico, Saxo Alto Y Flauta, Organ, Drums, Sintetizador Y Percusion"
Astor Piazzolla,Astor Piazzolla (Y su Conjunto Electronico),1993,Amelitango,,,Instrumental,Movieplay,CD,,,,,Astor Piazzolla,,,,,,
Astor Piazzolla,Astor Piazzolla (Y su Conjunto Electronico),1993,L'evasion,,,Instrumental,Movieplay,CD,,,,,Astor Piazzolla,,,,,,
Astor Piazzolla,Astor Piazzolla (Y su Conjunto Electronico),1993,Buenos Aires Hora Cero,,,Instrumental,Movieplay,CD,,,,,Astor Piazzolla,,,,,,
Astor Piazzolla,Astor Piazzolla (Y su Conjunto Electronico),1993,Anos de Soledad,,,Instrumental,Movieplay,CD,,,,,Astor Piazzolla,,,,,,
Astor Piazzolla,Astor Piazzolla (Y su Conjunto Electronico),1993,Los Pajaros Perdidos,,,José Ángel Trelles,Movieplay,CD,,,"Astor Piazzolla, Mario Trejo",,Astor Piazzolla,,,,,,
Astor Piazzolla,Astor Piazzolla (Y su Conjunto Electronico),1993,Bandoneón,,,Instrumental,Movieplay,CD,,,,,Astor Piazzolla,,,,,,
Astor Piazzolla,Astor Piazzolla (Y su Conjunto Electronico),1993,Zita,,,Instrumental,Movieplay,CD,,,,,Astor Piazzolla,,,,,,
Astor Piazzolla,Astor Piazzolla (Y su Conjunto Electronico),1993,Adiós Nonino,,,Instrumental,Movieplay,CD,,,,,Astor Piazzolla,,,,,,
Astor Piazzolla,Astor Piazzolla (Y su Conjunto Electronico),1993,Balada Para Mi Muerte,,,Instrumental,Movieplay,CD,,,"Astor Piazzolla, Horacio Ferrer",,Astor Piazzolla,,,,,,
Astor Piazzolla,Astor Piazzolla (Y su Conjunto Electronico),1993,Balada Para un Loco,,,José Ángel Trelles,Movieplay,CD,,,"Astor Piazzolla, Horacio Ferrer",,Astor Piazzolla,,,,,,
Astor Piazzolla,,1976,Faire Cette Chanson,,,Instrumental,Polydor,LP,,,"Astor Piazzolla, Georges Moustaki",,,,,,,,
Astor Piazzolla,,1976,La Memoire,,,Instrumental,Polydor,LP,,,"Astor Piazzolla, Georges Moustaki",,,,,,,,
Astor Piazzolla,,1976,On L'appelle Folie,,,Instrumental,Polydor,LP,,,Georges Moustaki,,,,,,,,
Astor Piazzolla,,1976,L'amant Du Soleil Et de la Musique,,,Instrumental,Polydor,LP,,,Georges Moustaki,,,,,,,,
Astor Piazzolla,,1976,Nous Avons Le Temps,El Condor Pasa,,Instrumental,Polydor,LP,,,"Jorge Milchberg, Georges Moustaki",,,,,,,,
Astor Piazzolla,,1976,Je Vis Ma Mort a Chaque Instant,,,Instrumental,Polydor,LP,,,"Astor Piazzolla, Francoise Mallet-Joris, Michele Grisolia",,Astor Piazzolla,,,,,,
Astor Piazzolla,Astor Piazzolla,1977,Ciao Tango,,,Instrumental,Carosello,LP,,,,,Astor Piazzolla,,,Luigi Cappellotto,Astor Piazzolla,"Santino Palumbo (Piano), Organo Hammond C3 Y Fender Rhodes 88, Sergio Farina (Guitar), Tullio De Piscopo (Bateria Y Percusion), Hugo Heredia (Primera Flauta), Mario Macchio (Primer Violin), Renato Riccio (Primera Viola), Ennio Miori (Primer Cello)","Bass, Bandoneon, 2 Violins, Guitar, Bateria Y Percusion, Primera Flauta, Primer Violin, Primera Viola, Primer Cello"
Astor Piazzolla,Astor Piazzolla,1977,Piu-Sol-La-Sol,,,Instrumental,Carosello,LP,,,,,Astor Piazzolla,,,,,,
Astor Piazzolla,Astor Piazzolla,1977,Largo Tangabile,,,Instrumental,Carosello,LP,,,,,Astor Piazzolla,,,,,,
Astor Piazzolla,Astor Piazzolla,1977,Persecuta,Piazzolla 77,,Instrumental,Carosello,LP,,,,,Astor Piazzolla,,,,,,
Astor Piazzolla,Astor Piazzolla,1977,Windy,,,Instrumental,Carosello,LP,,,,,Astor Piazzolla,,,,,,
Astor Piazzolla,Astor Piazzolla,1977,Moderato Tangabile,,,Instrumental,Carosello,LP,,,,,Astor Piazzolla,,,,,,
Astor Piazzolla,Astor Piazzolla,1977,Chant Et Fugue,Canto y Fuga,,Instrumental,Carosello,LP,,,,,Astor Piazzolla,,,,,,
Astor Piazzolla,Astor Piazzolla,1977,Station Taxis,,,Instrumental,Carosello,LP,,,,,Astor Piazzolla,,,,,,
Astor Piazzolla,Astor Piazzolla,1977,Parc de Saint-Cloud,,,Instrumental,Carosello,LP,,,,,Astor Piazzolla,,,,,,
Astor Piazzolla,Astor Piazzolla,1977,Hotel P L M,,,Instrumental,Carosello,LP,,,,,Astor Piazzolla,,,,,,
Astor Piazzolla,Astor Piazzolla,1977,Panique Au Theatre,,,Instrumental,Carosello,LP,,,,,Astor Piazzolla,,,,,,
Astor Piazzolla,Astor Piazzolla,1977,Devant la Glace,,,Instrumental,Carosello,LP,,,,,Astor Piazzolla,,,,,,
Astor Piazzolla,Astor Piazzolla,1977,Canal a Ostende,,,Instrumental,Carosello,LP,,,,,Astor Piazzolla,,,,,,
Astor Piazzolla,Astor Piazzolla,1977,Chanson Pour un Homme Triste,1er Couplet,,Pauline Meyer,Carosello,LP,,,"Astor Piazzolla, Jean Yanne",,Astor Piazzolla,,,,,,
Astor Piazzolla,Astor Piazzolla,1977,Chanson Pour un Homme Triste,2e Couplet,,Pauline Meyer,Carosello,LP,,,"Astor Piazzolla, Jean Yanne",,Astor Piazzolla,,,,,,
Astor Piazzolla,Astor Piazzolla,1977,Quartier Du Marais,,,Instrumental,Carosello,LP,,,,,Astor Piazzolla,,,,,,
Astor Piazzolla,Astor Piazzolla,1977,Ostende,,,Instrumental,Carosello,LP,,,,,Astor Piazzolla,,,,,,
Astor Piazzolla,Astor Piazzolla,1977,Jeux Du Theatre,,,Instrumental,Carosello,LP,,,,,Astor Piazzolla,,,,,,
Astor Piazzolla,Astor Piazzolla,1977,Orchestre Du Theatre,,,Instrumental,Carosello,LP,,,,,Astor Piazzolla,,,,,,
Astor Piazzolla,Astor Piazzolla,1977,Final,,,Instrumental,Carosello,LP,,,,,Astor Piazzolla,,,,,,
Astor Piazzolla,Astor Piazzolla,1977,Generique-Theme de Carrier,,,Instrumental,Polydor,LP,,,,,Astor Piazzolla,,,Giorgio Azzolini,Astor Piazzolla,"Tullio De Piscopo (Bateria Y Percusion), Sergio Farina (Guitar), Ciato (Arnald Piuri) (Piano Y Piano Electrico), Sergio Almangano (Primer Violin), Elsa Parravicini (Primera Viola), Paolo Salvi (Primer Cello), Sergio Rigon (Flauta En Do), Giuseppe Parmigiani (Flauta En Sol), Gianni Ziloli (Organ)","Bass, Bandoneon, Bateria Y Percusion, Guitar, Piano Y Piano Electrico, Primer Violin, Primera Viola, Primer Cello, Flauta En Do, Flauta En Sol, Organ"
Astor Piazzolla,Astor Piazzolla,1977,Armaguedon,,,Instrumental,Polydor,LP,,,,,Astor Piazzolla,,,,,,
Astor Piazzolla,Astor Piazzolla,1977,Bureau de Poste de Genes,,,Instrumental,Polydor,LP,,,,,Astor Piazzolla,,,,,,
Astor Piazzolla,Astor Piazzolla,1977,Seul Tout Seul,,,Instrumental,Polydor,LP,,,,,Astor Piazzolla,,,,,,
Astor Piazzolla,Astor Piazzolla,1977,Theatre a París,,,Instrumental,Polydor,LP,,,,,Astor Piazzolla,,,,,,
Astor Piazzolla,Astor Piazzolla,1977,Rue de Londres,,,Instrumental,Polydor,LP,,,,,Astor Piazzolla,,,,,,
Astor Piazzolla,Astor Piazzolla,1977,Musee de Madame Tussaud,,,Instrumental,Polydor,LP,,,,,Astor Piazzolla,,,,,,
Astor Piazzolla,Astor Piazzolla,1977,Les Halles,,,Instrumental,Polydor,LP,,,,,Astor Piazzolla,,,,,,
Astor Piazzolla,Astor Piazzolla (Y su Conjunto Electronico),1977,Libertango,,,Instrumental,Polydor,LP,,,,,Astor Piazzolla,,Gustavo Beytelmann,Ricardo Sanz,Astor Piazzolla,"Tommy Gubitsch (Electric Guitar), Osvaldo Calo (Organ), Daniel Piazzolla (Sintetizador Y Percusion), Luis Ceravolo (Drums), Luis Ferreyra (Flauta Y Saxo Alto)","Piano, Bass, Bandoneon, Electric Guitar, Organ, Sintetizador Y Percusion, Drums, Flauta Y Saxo Alto"
Astor Piazzolla,Astor Piazzolla (Y su Conjunto Electronico),1977,Meditango,,,Instrumental,Polydor,LP,,,,,Astor Piazzolla,,,,,,
Astor Piazzolla,Astor Piazzolla (Y su Conjunto Electronico),1977,Zita,,,Instrumental,Polydor,LP,,,,,Astor Piazzolla,,,,,,
Astor Piazzolla,Astor Piazzolla (Y su Conjunto Electronico),1977,Adiós Nonino,,,Instrumental,Polydor,LP,,,,,Astor Piazzolla,,,,,,
Astor Piazzolla,Astor Piazzolla (Y su Conjunto Electronico),1977,Violentango,,,Instrumental,Polydor,LP,,,,,Astor Piazzolla,,,,,,
Astor Piazzolla,Astor Piazzolla,1978,Mundial 78,Piazzolla 78 Thriller,,Instrumental,Carosello,LP,,,,,Astor Piazzolla,,,Giorgio Azzolini,Astor Piazzolla,"Tullio De Piscopo (Bateria Y Percusion), Sergio Farina (Guitar), Ciato (Arnald Piuri) (Piano Y Piano Electrico), Sergio Almangano (Primer Violin), Elsa Parravicini (Primera Viola), Paolo Salvi (Primer Cello), Sergio Rigon (Flauta En Do), Giuseppe Parmigiani (Flauta En Sol), Gianni Ziloli (Organ)","Bass, Bandoneon, Bateria Y Percusion, Guitar, Piano Y Piano Electrico, Primer Violin, Primera Viola, Primer Cello, Flauta En Do, Flauta En Sol, Organ"
Astor Piazzolla,Astor Piazzolla,1978,Maracacion,Panic,,Instrumental,Carosello,LP,,,,,Astor Piazzolla,,,,,,
Astor Piazzolla,Astor Piazzolla,1978,Tango Fever (Penalty),,,Instrumental,Carosello,LP,,,,,Astor Piazzolla,,,,,,
Astor Piazzolla,Astor Piazzolla,1978,Gambeta,Chador,,Instrumental,Carosello,LP,,,,,Astor Piazzolla,,,,,,
Astor Piazzolla,Astor Piazzolla,1978,Golazo,Goaal,,Instrumental,Carosello,LP,,,,,Astor Piazzolla,,,,,,
Astor Piazzolla,Astor Piazzolla,1978,Wing,Baires Promenade,,Instrumental,Carosello,LP,,,,,Astor Piazzolla,,,,,,
Astor Piazzolla,Astor Piazzolla,1978,Corner,Milonga Strip,,Instrumental,Carosello,LP,,,,,Astor Piazzolla,,,,,,
Astor Piazzolla,Astor Piazzolla,1978,Campeon,Tango Blues,,Instrumental,Carosello,LP,,,,,Astor Piazzolla,,,,,,
Astor Piazzolla,Astor Piazzolla y su Quinteto,1980,Biyuya,,,Instrumental,Carosello,LP,,,,,Astor Piazzolla,,Pablo Ziegler,Hector Console,Astor Piazzolla,"Fernando Suárez Paz, Oscar Lopez Ruiz (Guitar)","Piano, Bass, Bandoneon, Violin, Guitar"
Astor Piazzolla,Astor Piazzolla y su Quinteto,1980,Movimiento Continuo,,,Instrumental,Carosello,LP,,,,,Astor Piazzolla,,,,,,
Astor Piazzolla,Astor Piazzolla y su Quinteto,1980,Verano del 79,,,Instrumental,Carosello,LP,,,,,Astor Piazzolla,,,,,,
Astor Piazzolla,Astor Piazzolla y su Quinteto,1980,Chin Chin,,,Instrumental,Carosello,LP,,,,,Astor Piazzolla,,,,,,
Astor Piazzolla,Astor Piazzolla y su Quinteto,1980,Escualo,,,Instrumental,Carosello,LP,,,,,Astor Piazzolla,,,,,,
Astor Piazzolla,Astor Piazzolla y su Quinteto,1980,Marujadilla,,,Instrumental,Carosello,LP,,,,,Astor Piazzolla,,,,,,
Astor Piazzolla,Astor Piazzolla y su Quinteto,1982,A Intrusa Part I,,,Instrumental,Jonathan,LP,,,,,Astor Piazzolla,,Pablo Ziegler,Hector Console,Astor Piazzolla,"Fernando Suárez Paz, Oscar Lopez Ruiz (Guitar)","Piano, Bass, Bandoneon, Violin, Guitar"
Astor Piazzolla,Astor Piazzolla y su Quinteto,1982,Milonga,,,Instrumental,Jonathan,LP,,,,,Astor Piazzolla,,,,,,
Astor Piazzolla,Astor Piazzolla y su Quinteto,1982,Celos Part I,,,Instrumental,Jonathan,LP,,,,,Astor Piazzolla,,,,,,
Astor Piazzolla,Astor Piazzolla y su Quinteto,1982,Malambo,,,Instrumental,Jonathan,LP,,,,,Astor Piazzolla,,,,,,
Astor Piazzolla,Astor Piazzolla y su Quinteto,1982,Amanecer,,,Instrumental,Jonathan,LP,,,,,Astor Piazzolla,,,,,,
Astor Piazzolla,Astor Piazzolla y su Quinteto,1982,A Intrusa Part Ii,,,Instrumental,Jonathan,LP,,,,,Astor Piazzolla,,,,,,
Astor Piazzolla,Astor Piazzolla y su Quinteto,1982,Eduardo y Juliana Part I,,,Instrumental,Jonathan,LP,,,,,Astor Piazzolla,,,,,,
Astor Piazzolla,Astor Piazzolla y su Quinteto,1982,Eduardo y Juliana Part Ii,,,Instrumental,Jonathan,LP,,,,,Astor Piazzolla,,,,,,
Astor Piazzolla,Astor Piazzolla y su Quinteto,1982,Pensamiento,,,Instrumental,Jonathan,LP,,,,,Astor Piazzolla,,,,,,
Astor Piazzolla,Astor Piazzolla y su Quinteto,1982,Espejo,,,Instrumental,Jonathan,LP,,,,,Astor Piazzolla,,,,,,
Astor Piazzolla,Astor Piazzolla y su Quinteto,1982,Eduardo y Juliana Part Iii,,,Instrumental,Jonathan,LP,,,,,Astor Piazzolla,,,,,,
Astor Piazzolla,Astor Piazzolla y su Quinteto,1982,Luna Luna,,,Instrumental,Jonathan,LP,,,,,Astor Piazzolla,,,,,,
Astor Piazzolla,Astor Piazzolla y su Quinteto,1982,Duelo Facon,,,Instrumental,Jonathan,LP,,,,,Astor Piazzolla,,,,,,
Astor Piazzolla,Astor Piazzolla y su Quinteto,1982,A Intrusa Part Iii,,,Instrumental,Jonathan,LP,,,,,Astor Piazzolla,,,,,,
Astor Piazzolla,Astor Piazzolla y su Quinteto,1982,Finale Celos Part Ii,,,Instrumental,Jonathan,LP,,,,,Astor Piazzolla,,,,,,
Astor Piazzolla,Astor Piazzolla y su Quinteto,1992,El Infierno Tan Temido Part 1,,,Instrumental,ANS,CD,,,,,Astor Piazzolla,,Pablo Ziegler,Hector Console,Astor Piazzolla,"Fernando Suárez Paz, Oscar Lopez Ruiz (Guitar)","Piano, Bass, Bandoneon, Violin, Guitar"
Astor Piazzolla,Astor Piazzolla y su Quinteto,1992,El Infierno Tan Temido Part 2,,,Instrumental,ANS,CD,,,,,Astor Piazzolla,,,,,,
Astor Piazzolla,Astor Piazzolla y su Quinteto,1992,El Infierno Tan Temido Part 3,,,Instrumental,ANS,CD,,,,,Astor Piazzolla,,,,,,
Astor Piazzolla,Astor Piazzolla y su Quinteto,1992,El Infierno Tan Temido Part 4,,,Instrumental,ANS,CD,,,,,Astor Piazzolla,,,,,,
Astor Piazzolla,Astor Piazzolla y su Quinteto,1992,Ia Rizza Part 1,,,Instrumental,ANS,CD,,,,,Astor Piazzolla,,,,,,
Astor Piazzolla,Astor Piazzolla y su Quinteto,1992,Ia Rizza Part 2,,,Instrumental,ANS,CD,,,,,Astor Piazzolla,,,,,,
Astor Piazzolla,Astor Piazzolla y su Quinteto,1992,Tema Di Grazia Part 1,,,Instrumental,ANS,CD,,,,,Astor Piazzolla,,,,,,
Astor Piazzolla,Astor Piazzolla y su Quinteto,1992,Tema Di Grazia Part 2,,,Instrumental,ANS,CD,,,,,Astor Piazzolla,,,,,,
Astor Piazzolla,Astor Piazzolla y su Quinteto,1992,Tema Di Grazia Part 3,,,Instrumental,ANS,CD,,,,,Astor Piazzolla,,,,,,
Astor Piazzolla,Astor Piazzolla y su Quinteto,1992,Tema Di Grazia Part 4,,,Instrumental,ANS,CD,,,,,Astor Piazzolla,,,,,,
Astor Piazzolla,Astor Piazzolla y su Quinteto,1992,Tema Di Grazia Part 5,,,Instrumental,ANS,CD,,,,,Astor Piazzolla,,,,,,
Astor Piazzolla,Astor Piazzolla y su Quinteto,1992,Desperado,,,Instrumental,ANS,CD,,,,,Astor Piazzolla,,,,,,
Astor Piazzolla,Astor Piazzolla y su Quinteto,1992,Gracia Alegre,,,Instrumental,ANS,CD,,,,,Astor Piazzolla,,,,,,
Astor Piazzolla,Astor Piazzolla y su Quinteto,1992,Tangueria Part 1,,,Instrumental,ANS,CD,,,,,Astor Piazzolla,,,,,,
Astor Piazzolla,Astor Piazzolla y su Quinteto,1992,Introduzione,,,Instrumental,ANS,CD,,,,,Astor Piazzolla,,,,,,
Astor Piazzolla,Astor Piazzolla y su Quinteto,1992,Tangueria Part 2,,,Instrumental,ANS,CD,,,,,Astor Piazzolla,,,,,,
Astor Piazzolla,Astor Piazzolla y su Quinteto,1992,Tangueria Part 3,,,Instrumental,ANS,CD,,,,,Astor Piazzolla,,,,,,
Astor Piazzolla,Astor Piazzolla y su Quinteto,1992,Gracia Amor,,,Instrumental,ANS,CD,,,,,Astor Piazzolla,,,,,,
Astor Piazzolla,Astor Piazzolla y su Quinteto,1992,Tema Di Grazia Part 6,,,Instrumental,ANS,CD,,,,,Astor Piazzolla,,,,,,
Astor Piazzolla,Astor Piazzolla y su Quinteto,1992,Effetti,,,Instrumental,ANS,CD,,,,,Astor Piazzolla,,,,,,
Astor Piazzolla,Astor Piazzolla y su Quinteto,1992,Fotografia,Solo Bandoneón,,Instrumental,ANS,CD,,,,,Astor Piazzolla,,,,,,
Astor Piazzolla,Astor Piazzolla y su Quinteto,1992,Final,Solo Bandoneón,,Instrumental,ANS,CD,,,,,Astor Piazzolla,,,,,,
Astor Piazzolla,Astor Piazzolla / Orquesta Sinfonica Nacional / Simon Blech,1995,Adiós Nonino,,,Instrumental,Cosentino,CD,,,,,,,,,,,
Astor Piazzolla,,1981,Pourquoi Je Chante,Milonga del Trovador,,Instrumental,Garima,LP,,,"Astor Piazzolla, Horacio Ferrer, Version Lemesle",,Astor Piazzolla,,,,,,
Astor Piazzolla,,1981,Chanson Pour un Amour Inacheve,Hay una Nina en el Alba,,Instrumental,Garima,LP,,,"Astor Piazzolla, Horacio Ferrer, Version Lemesle",,Astor Piazzolla,,,,,,
Astor Piazzolla,,1981,Milonga del Trovador,,,Instrumental,RCA Victor,LP,,,"Astor Piazzolla, Horacio Ferrer",,Astor Piazzolla,,,,,,
Astor Piazzolla,,1981,Hay una Nina en el Alba,,,Instrumental,RCA Victor,LP,,,"Astor Piazzolla, Horacio Ferrer",,Astor Piazzolla,,,,,,
Astor Piazzolla,,1982,Sera Que Estoy Llorando,,,Instrumental,RCA Victor,LP,,,"Astor Piazzolla, Horacio Ferrer",,Astor Piazzolla,,,,,,
Astor Piazzolla,Astor Piazzolla y su Quinteto,1981-12-20,Invierno Porteño,,,Instrumental,Alfa,2CDs,,,,,Astor Piazzolla,,Pablo Ziegler,Hector Console,Astor Piazzolla,"Fernando Suárez Paz, Oscar Lopez Ruiz (Guitar)","Piano, Bass, Bandoneon, Violin, Guitar"
Astor Piazzolla,Astor Piazzolla y su Quinteto,1981-12-20,Otoño Porteño,,,Instrumental,Alfa,2CDs,,,,,Astor Piazzolla,,,,,,
Astor Piazzolla,Astor Piazzolla y su Quinteto,1981-12-20,Concierto Para Quinteto,,,Instrumental,Alfa,2CDs,,,,,Astor Piazzolla,,,,,,
Astor Piazzolla,Astor Piazzolla y su Quinteto,1981-12-20,Viyuya,,,Instrumental,Alfa,2CDs,,,,,Astor Piazzolla,,,,,,
Astor Piazzolla,Astor Piazzolla y su Quinteto,1981-12-20,Muerte del Angel,,,Instrumental,Alfa,2CDs,,,,,Astor Piazzolla,,,,,,
Astor Piazzolla,Astor Piazzolla y su Quinteto,1981-12-20,Adiós Nonino,,,Instrumental,Alfa,2CDs,,,,,Astor Piazzolla,,,,,,
Astor Piazzolla,Astor Piazzolla y su Quinteto,1981-12-20,Habla Piazzolla: Presentacion de Musicos y Temas,,,Instrumental,Alfa,2CDs,,,,,Astor Piazzolla,,,,,,
Astor Piazzolla,Astor Piazzolla y su Quinteto,1981-12-20,Tristezas de un Doble A,,,Instrumental,Alfa,2CDs,,,,,Astor Piazzolla,,,,,,
Astor Piazzolla,Astor Piazzolla y su Quinteto,1981-12-20,Tangata,,,Instrumental,Alfa,2CDs,,,,,Astor Piazzolla,,,,,,
Astor Piazzolla,Astor Piazzolla y su Quinteto,1981-12-20,Verano Porteño,,,Instrumental,Alfa,2CDs,,,,,Astor Piazzolla,,,,,,
Astor Piazzolla,Astor Piazzolla y su Quinteto,1981-12-20,Libertango,,,Instrumental,Alfa,2CDs,,,,,Astor Piazzolla,,,,,,
Astor Piazzolla,Astor Piazzolla - Roberto Goyeneche,1982-05-30,Tristezas de un Doble A,,,Roberto Goyeneche,RCA Victor,LP,,,,,Astor Piazzolla,,Pablo Ziegler,,"* Quinteto de Astor Piazzolla: Astor Piazzolla, Astor Piazzolla","Fernando Suárez Paz, Oscar Lopez Ruiz (Guitar)","Piano, 2 Bandoneons, Violin, Guitar"
Astor Piazzolla,Astor Piazzolla - Roberto Goyeneche,1982-05-30,La Muerte del Angel,,,Instrumental,RCA Victor,LP,,,,,Astor Piazzolla,,,,,,
Astor Piazzolla,Astor Piazzolla - Roberto Goyeneche,1982-05-30,Chiquilín de Bachín,,,Instrumental,RCA Victor,LP,,,"Astor Piazzolla, Horacio Ferrer",,Astor Piazzolla,,,,,,
Astor Piazzolla,Astor Piazzolla - Roberto Goyeneche,1982-05-30,El Gordo Triste,,,Instrumental,RCA Victor,LP,,,"Astor Piazzolla, Horacio Ferrer",,Astor Piazzolla,,,,,,
Astor Piazzolla,Astor Piazzolla - Roberto Goyeneche,1982-05-30,Cambalache,,,Instrumental,RCA Victor,LP,,,Enrique Discépolo,,Astor Piazzolla,,,,,,
Astor Piazzolla,Astor Piazzolla - Roberto Goyeneche,1982-05-30,La Última Curda,,,Instrumental,RCA Victor,LP,,,"Aníbal Troilo, Cátulo Castillo",,Astor Piazzolla,,,,,,
Astor Piazzolla,Astor Piazzolla - Roberto Goyeneche,1982-05-30,Balada Para un Loco,,,Instrumental,RCA Victor,LP,,,"Astor Piazzolla, Horacio Ferrer",,Astor Piazzolla,,,,,,
Astor Piazzolla,Astor Piazzolla - Roberto Goyeneche,1982-05-30,Garúa,,,Instrumental,RCA Victor,2LPs,,,"Aníbal Troilo, Enrique Cadícamo",,Astor Piazzolla,,,,,,
Astor Piazzolla,Astor Piazzolla y su Quinteto,1982,Siempre Se Vuelve a Buenos Aires,,,José Ángel Trelles,Tonodisc,LP,,,"Astor Piazzolla, Eladia Blázquez",,Astor Piazzolla,,Pablo Ziegler,Hector Console,Astor Piazzolla,"Fernando Suárez Paz, Oscar Lopez Ruiz (Guitar)","Piano, Bass, Bandoneon, Violin, Guitar"
Astor Piazzolla,Astor Piazzolla y su Quinteto,1982,Dos Amigos,,,Instrumental,Tonodisc,LP,,,,,Astor Piazzolla,,,,,,
Astor Piazzolla,Astor Piazzolla y su Quinteto,1982,Alfredo y Beatriz,,,Instrumental,Tonodisc,LP,,,,,Astor Piazzolla,,,,,,
Astor Piazzolla,Astor Piazzolla y su Quinteto,1982,Caminata,,,Instrumental,Tonodisc,LP,,,,,Astor Piazzolla,,,,,,
Astor Piazzolla,Astor Piazzolla y su Quinteto,1982,Tema de Amor,,,Instrumental,Tonodisc,LP,,,,,Astor Piazzolla,,,,,,
Astor Piazzolla,Astor Piazzolla y su Quinteto,1982,Vista Aerea,,,Instrumental,Tonodisc,LP,,,,,Astor Piazzolla,,,,,,
Astor Piazzolla,Astor Piazzolla y su Quinteto,1982,La Piecita,,,Instrumental,Tonodisc,LP,,,,,Astor Piazzolla,,,,,,
Astor Piazzolla,Astor Piazzolla y su Quinteto,1982,Procesion,,,Instrumental,Tonodisc,LP,,,,,Astor Piazzolla,,,,,,
Astor Piazzolla,Astor Piazzolla y su Quinteto,1982,Sexomano,,,Instrumental,Tonodisc,LP,,,,,Astor Piazzolla,,,,,,
Astor Piazzolla,Astor Piazzolla y su Quinteto,1982,Fracaso,,,Instrumental,Tonodisc,LP,,,,,Astor Piazzolla,,,,,,
Astor Piazzolla,Astor Piazzolla y su Quinteto,1982,Los Magos,,,Instrumental,Tonodisc,LP,,,,,Astor Piazzolla,,,,,,
Astor Piazzolla,Astor Piazzolla y su Quinteto,1982-11-21,Biyuya,,,Ranko Fujisawa,P.J.L.,2CDs,,,,,Astor Piazzolla,,Pablo Ziegler,,Astor Piazzolla,"Fernando Suárez Paz, Oscar Lopez Ruiz (Guitar)","Piano, Bandoneon, Violin, Guitar"
Astor Piazzolla,Astor Piazzolla y su Quinteto,1982-11-21,Invierno Porteño,,,Instrumental,P.J.L.,2CDs,,,,,Astor Piazzolla,,,,,,
Astor Piazzolla,Astor Piazzolla y su Quinteto,1982-11-21,Otoño Porteño,,,Instrumental,P.J.L.,2CDs,,,,,Astor Piazzolla,,,,,,
Astor Piazzolla,Astor Piazzolla y su Quinteto,1982-11-21,Concierto Para Quinteto,,,Instrumental,P.J.L.,2CDs,,,,,Astor Piazzolla,,,,,,
Astor Piazzolla,Astor Piazzolla y su Quinteto,1982-11-21,La Muerte del Angel,,,Instrumental,P.J.L.,2CDs,,,,,Astor Piazzolla,,,,,,
Astor Piazzolla,Astor Piazzolla y su Quinteto,1982-11-21,Milonga del Angel / Mc,Astor's Speech,,Instrumental,P.J.L.,2CDs,,,,,Astor Piazzolla,,,,,,
Astor Piazzolla,Astor Piazzolla y su Quinteto,1982-11-21,Tristezas de un Doble A,,,Instrumental,P.J.L.,2CDs,,,,,Astor Piazzolla,,,,,,
Astor Piazzolla,Astor Piazzolla y su Quinteto,1982-11-21,Adiós Nonino,,,Instrumental,P.J.L.,2CDs,,,,,Astor Piazzolla,,,,,,
Astor Piazzolla,Astor Piazzolla y su Quinteto,1982-11-21,Escualo,,,Instrumental,P.J.L.,2CDs,,,,,Astor Piazzolla,,,,,,
Astor Piazzolla,Astor Piazzolla y su Quinteto,1982-11-21,Tangata,,,Instrumental,P.J.L.,2CDs,,,,,Astor Piazzolla,,,,,,
Astor Piazzolla,Astor Piazzolla y su Quinteto,1982-11-21,Chiquilín de Bachín,,,Ranko Fujisawa,P.J.L.,2CDs,,,"Astor Piazzolla, Horacio Ferrer",,Astor Piazzolla,,,,,,
Astor Piazzolla,Astor Piazzolla y su Quinteto,1982-11-21,Che Bandoneón,,,Ranko Fujisawa,P.J.L.,2CDs,,,"Aníbal Troilo, Homero Manzi",,Astor Piazzolla,,,,,,
Astor Piazzolla,Astor Piazzolla y su Quinteto,1982-11-21,La Cumparsita,,,Ranko Fujisawa,P.J.L.,2CDs,,,"Gerardo Matos Rodríguez, Pascual Contursi, Enrique Maroni",,Astor Piazzolla,,,,,,
Astor Piazzolla,Astor Piazzolla y su Quinteto,1982-11-21,Balada Para un Loco,,,Ranko Fujisawa,P.J.L.,2CDs,,,"Astor Piazzolla, Horacio Ferrer",,Astor Piazzolla,,,,,,
Astor Piazzolla,Astor Piazzolla y su Quinteto,1982-11-21,Chin Chin,,,Instrumental,P.J.L.,2CDs,,,,,Astor Piazzolla,,,,,,
Astor Piazzolla,Astor Piazzolla y su Quinteto,1982-11-21,Verano Porteño,,,Instrumental,P.J.L.,2CDs,,,,,Astor Piazzolla,,,,,,
Astor Piazzolla,Astor Piazzolla,1983-06-11,Fuga y Misterio,,,Instrumental,La Batuta / Teatro Colon,CD,,,,,Astor Piazzolla,,Pablo Ziegler,Hector Console,,"* Conjunto 9: Astor Piazzolla (Bandoneon Y Direccion), Fernando Suárez Paz, Hugo Baralis, Delmar Quarteti (Viola), Jose Bragato (Cello), Oscar Lopez Ruiz (Guitar)","Piano, Bass, 2 Violins, Bandoneon Y Direccion, Viola, Cello, Guitar"
Astor Piazzolla,Astor Piazzolla,1983-06-11,Adiós Nonino,,,Instrumental,La Batuta / Teatro Colon,CD,,,,,Astor Piazzolla,,,,,,
Astor Piazzolla,Astor Piazzolla,1983-06-11,1) Parte I,Allegro Marcato,,Instrumental,La Batuta / Teatro Colon,CD,,,,,Astor Piazzolla,,,,,,
Astor Piazzolla,Astor Piazzolla,1983-06-11,2) Parte Ii,Moderato,,Instrumental,La Batuta / Teatro Colon,CD,,,,,Astor Piazzolla,,,,,,
Astor Piazzolla,Astor Piazzolla,1983-06-11,3) Parte Iii,Presto,,Instrumental,La Batuta / Teatro Colon,CD,,,,,Astor Piazzolla,,,,,,
Astor Piazzolla,Astor Piazzolla,1983-06-11,Vendaravis,,,Instrumental,La Batuta / Teatro Colon,CD,,,,,Astor Piazzolla,,,,,,
Astor Piazzolla,Astor Piazzolla,1983-06-11,Verano Porteño,,,Instrumental,La Batuta / Teatro Colon,CD,,,,,Astor Piazzolla,,,,,,
Astor Piazzolla,Astor Piazzolla,1983-06-11,1) Parte I,Presto,,Instrumental,La Batuta / Teatro Colon,CD,,,,,Astor Piazzolla,,,,,,
Astor Piazzolla,Astor Piazzolla,1983-06-11,2) Parte Ii,Lento Melancolico,,Instrumental,La Batuta / Teatro Colon,CD,,,,,Astor Piazzolla,,,,,,
Astor Piazzolla,Astor Piazzolla,1983-06-11,3) Parte Iii,Allegro Marcato,,Instrumental,La Batuta / Teatro Colon,CD,,,,,Astor Piazzolla,,,,,,
Astor Piazzolla,Astor Piazzolla,1983-06-11,Buenos Aires Hora Cero,,,Instrumental,Milan Sur,CD,,,,,Astor Piazzolla,,Pablo Ziegler,Hector Console,,"* Conjunto 9: Astor Piazzolla (Bandoneon Y Direccion), Fernando Suárez Paz, Hugo Baralis, Delmar Quarteti (Viola), Jose Bragato (Cello), Oscar Lopez Ruiz (Guitar)","Piano, Bass, 2 Violins, Bandoneon Y Direccion, Viola, Cello, Guitar"
Astor Piazzolla,Astor Piazzolla,1983-06-11,Vendaravis,,,Instrumental,Milan Sur,CD,,,,,Astor Piazzolla,,,,,,
Astor Piazzolla,Astor Piazzolla,1983-06-11,Fuga y Misterio,,,Instrumental,Milan Sur,CD,,,,,Astor Piazzolla,,,,,,
Astor Piazzolla,Astor Piazzolla,1983-06-11,Verano Porteño,,,Instrumental,Milan Sur,CD,,,,,Astor Piazzolla,,,,,,
Astor Piazzolla,Astor Piazzolla,1983-06-11,Concierto de Nacar Para Nueve Tanguistas y Orquesta Filarmonica,Tres Movimientos Presto - Lento Melancolico - Allegro Marcato,,Instrumental,Milan Sur,CD,,,,,Astor Piazzolla,,,,,,
Astor Piazzolla,Astor Piazzolla,1983-06-11,Concierto Para Bandoneón Piano Cuerdas y Percusion,Tres Movimientos,,Instrumental,Milan Sur,CD,,,,,Astor Piazzolla,,,,,,
Astor Piazzolla,Astor Piazzolla,1983-06-11,Adiós Nonino,,,Instrumental,Milan Sur,CD,,,,,Astor Piazzolla,,,,,,
Astor Piazzolla,Astor Piazzolla,1983-06-11,Bis de Adiós Nonino,,,Instrumental,Milan Sur,CD,,,,,Astor Piazzolla,,,,,,
Astor Piazzolla,Astor Piazzolla con Quartetto D'Archi Dell'orchestra Graunke Di Munchen,1983,Sleeping,,,Instrumental,Eleven,LP,,,,,Astor Piazzolla,,,,,,
Astor Piazzolla,Astor Piazzolla con Quartetto D'Archi Dell'orchestra Graunke Di Munchen,1983,Midnight,,,Instrumental,Eleven,LP,,,,,Astor Piazzolla,,,,,,
Astor Piazzolla,Astor Piazzolla con Quartetto D'Archi Dell'orchestra Graunke Di Munchen,1983,Woe,,,Instrumental,Eleven,LP,,,,,Astor Piazzolla,,,,,,
Astor Piazzolla,Astor Piazzolla con Quartetto D'Archi Dell'orchestra Graunke Di Munchen,1983,Look Out,,,Instrumental,Eleven,LP,,,,,Astor Piazzolla,,,,,,
Astor Piazzolla,Astor Piazzolla con Quartetto D'Archi Dell'orchestra Graunke Di Munchen,1983,Desire,,,Instrumental,Eleven,LP,,,,,Astor Piazzolla,,,,,,
Astor Piazzolla,Astor Piazzolla con Quartetto D'Archi Dell'orchestra Graunke Di Munchen,1983,Awake,,,Instrumental,Eleven,LP,,,,,Astor Piazzolla,,,,,,
Astor Piazzolla,Astor Piazzolla con Quartetto D'Archi Dell'orchestra Graunke Di Munchen,1983,Woe Pass Away,,,Instrumental,Eleven,LP,,,,,Astor Piazzolla,,,,,,
Astor Piazzolla,Astor Piazzolla & The Swf Rundfunkorchester,1994,1) Allegro Marcato,,,Instrumental,A.A.A.Pagani / Cameo,CD,,,,,Astor Piazzolla,,,,,,
Astor Piazzolla,Astor Piazzolla & The Swf Rundfunkorchester,1994,2) Moderato,,,Instrumental,A.A.A.Pagani / Cameo,CD,,,,,Astor Piazzolla,,,,,,
Astor Piazzolla,Astor Piazzolla & The Swf Rundfunkorchester,1994,3) Presto,,,Instrumental,A.A.A.Pagani / Cameo,CD,,,,,Astor Piazzolla,,,,,,
Astor Piazzolla,Astor Piazzolla & The Swf Rundfunkorchester,1994,1) Allegro Tranquillo,,,Instrumental,A.A.A.Pagani / Cameo,CD,,,,,Astor Piazzolla,,,,,,
Astor Piazzolla,Astor Piazzolla & The Swf Rundfunkorchester,1994,2) Moderato Mistico,,,Instrumental,A.A.A.Pagani / Cameo,CD,,,,,Astor Piazzolla,,,,,,
Astor Piazzolla,Astor Piazzolla & The Swf Rundfunkorchester,1994,3) Allegretto Molto Marcato,,,Instrumental,A.A.A.Pagani / Cameo,CD,,,,,Astor Piazzolla,,,,,,
Astor Piazzolla,Astor Piazzolla y su Quinteto Tango Nuevo,1984,Fracanapa,,,Instrumental,Messidor,LP / CD,,,,,Astor Piazzolla,,Pablo Ziegler,Hector Console,Astor Piazzolla,"Fernando Suárez Paz, Oscar Lopez Ruiz (Guitar)","Piano, Bass, Bandoneon, Violin, Guitar"
Astor Piazzolla,Astor Piazzolla y su Quinteto Tango Nuevo,1984,Verano Porteño,,,Instrumental,Messidor,LP / CD,,,,,Astor Piazzolla,,,,,,
Astor Piazzolla,Astor Piazzolla y su Quinteto Tango Nuevo,1984,Caliente,,,Instrumental,Messidor,LP / CD,,,,,Astor Piazzolla,,,,,,
Astor Piazzolla,Astor Piazzolla y su Quinteto Tango Nuevo,1984,Decarisimo,,,Instrumental,Messidor,LP / CD,,,,,Astor Piazzolla,,,,,,
Astor Piazzolla,Astor Piazzolla y su Quinteto Tango Nuevo,1984,Libertango,,,Instrumental,Messidor,LP / CD,,,,,Astor Piazzolla,,,,,,
Astor Piazzolla,Astor Piazzolla y su Quinteto Tango Nuevo,1984,Revirado,,,Instrumental,Messidor,LP / CD,,,,,Astor Piazzolla,,,,,,
Astor Piazzolla,Astor Piazzolla y su Quinteto Tango Nuevo,1984,Invierno Porteño,,,Instrumental,Messidor,LP / CD,,,,,Astor Piazzolla,,,,,,
Astor Piazzolla,Astor Piazzolla y su Quinteto Tango Nuevo,1984,Adiós Nonino,,,Instrumental,Messidor,LP / CD,,,,,Astor Piazzolla,,,,,,
Astor Piazzolla,Astor Piazzolla y su Quinteto Tango Nuevo,1983-10-13,Adiós Nonino,,,Instrumental,Ermitage,CD,,,,,Astor Piazzolla,,Pablo Ziegler,,Astor Piazzolla,"Fernando Suárez Paz, Oscar Lopez Ruiz (Guitar), Hector Console (contrabajo). Formacion: Igual a la anterior (#145)","Piano, Bandoneon, Violin, Guitar, #145"
Astor Piazzolla,Astor Piazzolla y su Quinteto Tango Nuevo,1983-10-13,Escualo,,,Instrumental,Ermitage,CD,,,,,Astor Piazzolla,,,,,,
Astor Piazzolla,Astor Piazzolla y su Quinteto Tango Nuevo,1983-10-13,Invierno Porteño,,,Instrumental,Ermitage,CD,,,,,Astor Piazzolla,,,,,,
Astor Piazzolla,Astor Piazzolla y su Quinteto Tango Nuevo,1983-10-13,Libertango,,,Instrumental,Ermitage,CD,,,,,Astor Piazzolla,,,,,,
Astor Piazzolla,Astor Piazzolla y su Quinteto Tango Nuevo,1983-10-13,Biyuya,,,Instrumental,Ermitage,CD,,,,,Astor Piazzolla,,,,,,
Astor Piazzolla,Astor Piazzolla y su Quinteto Tango Nuevo,1983-10-13,Fracanapa,,,Instrumental,Ermitage,CD,,,,,Astor Piazzolla,,,,,,
Astor Piazzolla,Astor Piazzolla y su Quinteto Tango Nuevo,1983-10-13,Lunfardo,,,Instrumental,Ermitage,CD,,,,,Astor Piazzolla,,,,,,
Astor Piazzolla,Astor Piazzolla y su Quinteto Tango Nuevo,1983-10-13,Revirado,,,Instrumental,Ermitage,CD,,,,,Astor Piazzolla,,,,,,
Astor Piazzolla,Astor Piazzolla y su Quinteto Tango Nuevo,1983-10-13,Caliente,,,Instrumental,Ermitage,CD,,,,,Astor Piazzolla,,,,,,
Astor Piazzolla,Astor Piazzolla y su Quinteto Tango Nuevo,1983-10-13,Decarisimo,,,Instrumental,Ermitage,CD,,,,,Astor Piazzolla,,,,,,
Astor Piazzolla,Astor Piazzolla y su Quinteto Tango Nuevo,1983-10-13,Milonga del Angel,,,Instrumental,Ermitage,CD,,,,,Astor Piazzolla,,,,,,
Astor Piazzolla,Astor Piazzolla y su Quinteto Tango Nuevo,1983-10-13,Muerte del Angel,,,Instrumental,Ermitage,CD,,,,,Astor Piazzolla,,,,,,
Astor Piazzolla,Astor Piazzolla y su Quinteto Tango Nuevo,1983-10-13,Resurreccion del Angel,,,Instrumental,Ermitage,CD,,,,,Astor Piazzolla,,,,,,
Astor Piazzolla,Astor Piazzolla y su Quinteto Tango Nuevo,1997,Verano Porteño,,,Instrumental,Milan Sur,2CDs,,,,,Astor Piazzolla,,Pablo Ziegler,,Astor Piazzolla,"Fernando Suárez Paz, Oscar Lopez Ruiz (Guitar), Hector Console (contrabajo). Formacion: Igual a la anterior (#145)","Piano, Bandoneon, Violin, Guitar, #145"
Astor Piazzolla,Astor Piazzolla y su Quinteto Tango Nuevo,1997,Lunfardo,,,Instrumental,Milan Sur,2CDs,,,,,Astor Piazzolla,,,,,,
Astor Piazzolla,Astor Piazzolla y su Quinteto Tango Nuevo,1997,Decarisimo,,,Instrumental,Milan Sur,2CDs,,,,,Astor Piazzolla,,,,,,
Astor Piazzolla,Astor Piazzolla y su Quinteto Tango Nuevo,1997,Milonga del Angel,,,Instrumental,Milan Sur,2CDs,,,,,Astor Piazzolla,,,,,,
Astor Piazzolla,Astor Piazzolla y su Quinteto Tango Nuevo,1997,Muerte del Angel,,,Instrumental,Milan Sur,2CDs,,,,,Astor Piazzolla,,,,,,
Astor Piazzolla,Astor Piazzolla y su Quinteto Tango Nuevo,1997,Resurreccion del Angel,,,Instrumental,Milan Sur,2CDs,,,,,Astor Piazzolla,,,,,,
Astor Piazzolla,Astor Piazzolla y su Quinteto Tango Nuevo,1997,Tristezas de un Doble A,,,Instrumental,Milan Sur,2CDs,,,,,Astor Piazzolla,,,,,,
Astor Piazzolla,Astor Piazzolla y su Quinteto Tango Nuevo,1997,Escualo,,,Instrumental,Milan Sur,2CDs,,,,,Astor Piazzolla,,,,,,
Astor Piazzolla,Astor Piazzolla y su Quinteto Tango Nuevo,1997,Mumuki,,,Instrumental,Milan Sur,2CDs,,,,,Astor Piazzolla,,,,,,
Astor Piazzolla,Astor Piazzolla y su Quinteto Tango Nuevo,1997,Contrabajisimo,,,Instrumental,Milan Sur,2CDs,,,,,Astor Piazzolla,,,,,,
Astor Piazzolla,Astor Piazzolla y su Quinteto Tango Nuevo,1997,Libertango,,,Instrumental,Milan Sur,2CDs,,,,,Astor Piazzolla,,,,,,
Astor Piazzolla,Astor Piazzolla y su Quinteto Tango Nuevo,1997,Chin Chin,,,Instrumental,Milan Sur,2CDs,,,,,Astor Piazzolla,,,,,,
Astor Piazzolla,Astor Piazzolla,1984,Oblivion,Bandoneón Solista,,Instrumental,EMI,LP,,,,,Astor Piazzolla,,,,Solistas: Astor Piazzolla,"Juan Pablo Torres (Trombon), Angelo Arienti (Guitar)","Bandoneon, Trombon, Guitar"
Astor Piazzolla,Astor Piazzolla,1984,Remembrance,,,Instrumental,EMI,LP,,,,,Astor Piazzolla,,,,,,
Astor Piazzolla,Astor Piazzolla,1984,Cavalcata,,,Instrumental,EMI,LP,,,,,Astor Piazzolla,,,,,,
Astor Piazzolla,Astor Piazzolla,1984,Oblivion,Trombone Solista,,Instrumental,EMI,LP,,,,,Astor Piazzolla,,,,,,
Astor Piazzolla,Astor Piazzolla,1984,Oblivion,Oboe e Orchestra,,Instrumental,EMI,LP,,,,,Astor Piazzolla,,,,,,
Astor Piazzolla,Astor Piazzolla,1984,Enrico Iv,,,Instrumental,EMI,LP,,,,,Astor Piazzolla,,,,,,
Astor Piazzolla,Astor Piazzolla,1984,Tanti Anni Prima,,,Instrumental,EMI,LP,,,,,Astor Piazzolla,,,,,,
Astor Piazzolla,Astor Piazzolla,1984,Oblivion,Chitarra Solista,,Instrumental,EMI,LP,,,,,Astor Piazzolla,,,,,,
Astor Piazzolla,Alberto Cortez (Con la Colaboracion Especial de Astor Piazzolla y su Quinteto),1984,Mi Buenos Aires Querida,,,Alberto Cortez,Hispavox,LP,,,"Carlos Gardel, Alfredo Le Pera",,Astor Piazzolla,,Pablo Ziegler,,Astor Piazzolla,"Fernando Suárez Paz, Oscar Lopez Ruiz (Guitar)","Piano, Bandoneon, Violin, Guitar"
Astor Piazzolla,Astor Piazzolla y su Quinteto Tango Nuevo,1984-07-04,Lunfardo,,,Instrumental,Milan,CD,,,,,Astor Piazzolla,,Pablo Ziegler,Hector Console,Astor Piazzolla,"Fernando Suárez Paz, Oscar Lopez Ruiz (Guitar)","Piano, Bass, Bandoneon, Violin, Guitar"
Astor Piazzolla,Astor Piazzolla y su Quinteto Tango Nuevo,1984-07-04,Muerte del Angel,,,Instrumental,Milan,CD,,,,,Astor Piazzolla,,Pablo Ziegler,Hector Console,Astor Piazzolla,"Fernando Suárez Paz, Oscar Lopez Ruiz (Guitar)","Piano, Bass, Bandoneon, Violin, Guitar"
Astor Piazzolla,Astor Piazzolla y su Quinteto Tango Nuevo,1984-07-04,Resurreccion del Angel,,,Instrumental,Milan,CD,,,,,Astor Piazzolla,,Pablo Ziegler,Hector Console,Astor Piazzolla,"Fernando Suárez Paz, Oscar Lopez Ruiz (Guitar)","Piano, Bass, Bandoneon, Violin, Guitar"
Astor Piazzolla,Astor Piazzolla y su Quinteto Tango Nuevo,1984-07-04,Tristeza de un Doble A,,,Instrumental,Milan,CD,,,,,Astor Piazzolla,,Pablo Ziegler,Hector Console,Astor Piazzolla,"Fernando Suárez Paz, Oscar Lopez Ruiz (Guitar)","Piano, Bass, Bandoneon, Violin, Guitar"
Astor Piazzolla,Astor Piazzolla y su Quinteto Tango Nuevo,1984-07-04,Adiós Nonino,,,Instrumental,Milan,CD,,,,,Astor Piazzolla,,Pablo Ziegler,Hector Console,Astor Piazzolla,"Fernando Suárez Paz, Oscar Lopez Ruiz (Guitar)","Piano, Bass, Bandoneon, Violin, Guitar"
Astor Piazzolla,Astor Piazzolla y su Quinteto Tango Nuevo,1984-07-04,Chin Chin,,,Instrumental,Milan,CD,,,,,Astor Piazzolla,,Pablo Ziegler,Hector Console,Astor Piazzolla,"Fernando Suárez Paz, Oscar Lopez Ruiz (Guitar)","Piano, Bass, Bandoneon, Violin, Guitar"
Astor Piazzolla,Astor Piazzolla y su Quinteto Tango Nuevo,1984-07-04,Otoño Porteño,,,Instrumental,Milan,CD,,,,,Astor Piazzolla,,Pablo Ziegler,Hector Console,Astor Piazzolla,"Fernando Suárez Paz, Oscar Lopez Ruiz (Guitar)","Piano, Bass, Bandoneon, Violin, Guitar"
Astor Piazzolla,Milva And Astor Piazzolla,1984-09-29,Morir en Buenos Aires,Balada Para Mi Muerte,,Milva,Metronome,LP / CD,,,"Astor Piazzolla, Horacio Ferrer, Angela Tarenzi",,Astor Piazzolla,,Pablo Ziegler,Hector Console,Astor Piazzolla,"Fernando Suárez Paz, Oscar Lopez Ruiz (Guitar)","Piano, Bass, Bandoneon, Violin, Guitar"
Astor Piazzolla,Milva And Astor Piazzolla,1984-09-29,Las Palabras Perdidas,,,Milva,Metronome,LP / CD,,,"Astor Piazzolla, Mario Trejo",,Astor Piazzolla,,Pablo Ziegler,Hector Console,Astor Piazzolla,"Fernando Suárez Paz, Oscar Lopez Ruiz (Guitar)","Piano, Bass, Bandoneon, Violin, Guitar"
Astor Piazzolla,Milva And Astor Piazzolla,1984-09-29,Deurisimo,,,Milva,Metronome,LP / CD,,,Instrumental,,Astor Piazzolla,,Pablo Ziegler,Hector Console,Astor Piazzolla,"Fernando Suárez Paz, Oscar Lopez Ruiz (Guitar)","Piano, Bass, Bandoneon, Violin, Guitar"
Astor Piazzolla,Milva And Astor Piazzolla,1984-09-29,Annees de Solitude,,,Milva,Metronome,LP / CD,,,"Astor Piazzolla, Maxime Le Forestier",,Astor Piazzolla,,Pablo Ziegler,Hector Console,Astor Piazzolla,"Fernando Suárez Paz, Oscar Lopez Ruiz (Guitar)","Piano, Bass, Bandoneon, Violin, Guitar"
Astor Piazzolla,Milva And Astor Piazzolla,1984-09-29,Balada Para un Loco,,,Milva,Metronome,LP / CD,,,"Astor Piazzolla, Horacio Ferrer",,Astor Piazzolla,,Pablo Ziegler,Hector Console,Astor Piazzolla,"Fernando Suárez Paz, Oscar Lopez Ruiz (Guitar)","Piano, Bass, Bandoneon, Violin, Guitar"
Astor Piazzolla,Milva And Astor Piazzolla,1984-09-29,Vamos Nina,,,Milva,Metronome,LP / CD,,,"Astor Piazzolla, Horacio Ferrer",,Astor Piazzolla,,Pablo Ziegler,Hector Console,Astor Piazzolla,"Fernando Suárez Paz, Oscar Lopez Ruiz (Guitar)","Piano, Bass, Bandoneon, Violin, Guitar"
Astor Piazzolla,Milva And Astor Piazzolla,1984-09-29,Jubile,Oblivion,,Milva,Metronome,LP / CD,,,"Astor Piazzolla, Angela Tarenzi, David Neil",,Astor Piazzolla,,Pablo Ziegler,Hector Console,Astor Piazzolla,"Fernando Suárez Paz, Oscar Lopez Ruiz (Guitar)","Piano, Bass, Bandoneon, Violin, Guitar"
Astor Piazzolla,Milva And Astor Piazzolla,1984-09-29,Che Tango Che,,,Milva,Metronome,LP / CD,,,"Astor Piazzolla, Angela Tarenzi, Jean-Claude Carriere",,Astor Piazzolla,,Pablo Ziegler,Hector Console,Astor Piazzolla,"Fernando Suárez Paz, Oscar Lopez Ruiz (Guitar)","Piano, Bass, Bandoneon, Violin, Guitar"
Astor Piazzolla,Milva And Astor Piazzolla,1984-09-29,Renacer,Preludio Para el Ano 3001,,Milva,Metronome,LP / CD,,,"Astor Piazzolla, Horacio Ferrer, Angela Tarenzi",,Astor Piazzolla,,Pablo Ziegler,Hector Console,Astor Piazzolla,"Fernando Suárez Paz, Oscar Lopez Ruiz (Guitar)","Piano, Bass, Bandoneon, Violin, Guitar"
Astor Piazzolla,Milva And Astor Piazzolla,1984-09-29,"Finale ""Entre Brecht Et Brel""",,,Milva,Metronome,LP / CD,,,"Astor Piazzolla, Angela Tarenzi, Claude Lemesle",,Astor Piazzolla,,Pablo Ziegler,Hector Console,Astor Piazzolla,"Fernando Suárez Paz, Oscar Lopez Ruiz (Guitar)","Piano, Bass, Bandoneon, Violin, Guitar"
Astor Piazzolla,Astor Piazzolla y su Quinteto Tango Nuevo,1984-10-15,Biyuya,,,Instrumental,Rede Brasil,CD,,,,,Astor Piazzolla,,Pablo Ziegler,Hector Console,Astor Piazzolla,"Fernando Suárez Paz, Oscar Lopez Ruiz (Guitar)","Piano, Bass, Bandoneon, Violin, Guitar"
Astor Piazzolla,Astor Piazzolla y su Quinteto Tango Nuevo,1984-10-15,Revirado,,,Instrumental,Rede Brasil,CD,,,,,Astor Piazzolla,,Pablo Ziegler,Hector Console,Astor Piazzolla,"Fernando Suárez Paz, Oscar Lopez Ruiz (Guitar)","Piano, Bass, Bandoneon, Violin, Guitar"
Astor Piazzolla,Astor Piazzolla y su Quinteto Tango Nuevo,1984-10-15,Caliente,,,Instrumental,Rede Brasil,CD,,,,,Astor Piazzolla,,Pablo Ziegler,Hector Console,Astor Piazzolla,"Fernando Suárez Paz, Oscar Lopez Ruiz (Guitar)","Piano, Bass, Bandoneon, Violin, Guitar"
Astor Piazzolla,Astor Piazzolla y su Quinteto Tango Nuevo,1984-10-15,Lunfardo,,,Instrumental,Rede Brasil,CD,,,,,Astor Piazzolla,,Pablo Ziegler,Hector Console,Astor Piazzolla,"Fernando Suárez Paz, Oscar Lopez Ruiz (Guitar)","Piano, Bass, Bandoneon, Violin, Guitar"
Astor Piazzolla,Astor Piazzolla y su Quinteto Tango Nuevo,1984-10-15,Deurisimo,,,Instrumental,Rede Brasil,CD,,,,,Astor Piazzolla,,Pablo Ziegler,Hector Console,Astor Piazzolla,"Fernando Suárez Paz, Oscar Lopez Ruiz (Guitar)","Piano, Bass, Bandoneon, Violin, Guitar"
Astor Piazzolla,Astor Piazzolla y su Quinteto Tango Nuevo,1984-10-15,Milonga del Angel,,,Instrumental,Rede Brasil,CD,,,,,Astor Piazzolla,,Pablo Ziegler,Hector Console,Astor Piazzolla,"Fernando Suárez Paz, Oscar Lopez Ruiz (Guitar)","Piano, Bass, Bandoneon, Violin, Guitar"
Astor Piazzolla,Astor Piazzolla y su Quinteto Tango Nuevo,1984-10-15,La Muerte del Angel,,,Instrumental,Rede Brasil,CD,,,,,Astor Piazzolla,,Pablo Ziegler,Hector Console,Astor Piazzolla,"Fernando Suárez Paz, Oscar Lopez Ruiz (Guitar)","Piano, Bass, Bandoneon, Violin, Guitar"
Astor Piazzolla,Astor Piazzolla y su Quinteto Tango Nuevo,1984-10-15,Resurreccion del Angel,,,Instrumental,Rede Brasil,CD,,,,,Astor Piazzolla,,Pablo Ziegler,Hector Console,Astor Piazzolla,"Fernando Suárez Paz, Oscar Lopez Ruiz (Guitar)","Piano, Bass, Bandoneon, Violin, Guitar"
Astor Piazzolla,Astor Piazzolla y su Quinteto Tango Nuevo,1984-10-15,Tristeza de un Doble A,,,Instrumental,Rede Brasil,CD,,,,,Astor Piazzolla,,Pablo Ziegler,Hector Console,Astor Piazzolla,"Fernando Suárez Paz, Oscar Lopez Ruiz (Guitar)","Piano, Bass, Bandoneon, Violin, Guitar"
Astor Piazzolla,Astor Piazzolla y su Quinteto Tango Nuevo,1984-10-15,Escualo,,,Instrumental,Rede Brasil,CD,,,,,Astor Piazzolla,,Pablo Ziegler,Hector Console,Astor Piazzolla,"Fernando Suárez Paz, Oscar Lopez Ruiz (Guitar)","Piano, Bass, Bandoneon, Violin, Guitar"
Astor Piazzolla,Astor Piazzolla y su Quinteto Tango Nuevo,1984-10-15,Astor Piazzolla Presentazione del Gruppo,,,Instrumental,Rede Brasil,CD,,,,,Astor Piazzolla,,Pablo Ziegler,Hector Console,Astor Piazzolla,"Fernando Suárez Paz, Oscar Lopez Ruiz (Guitar)","Piano, Bass, Bandoneon, Violin, Guitar"
Astor Piazzolla,Astor Piazzolla y su Quinteto Tango Nuevo,1984-10-15,Adiós Nonino,,,Instrumental,Rede Brasil,CD,,,,,Astor Piazzolla,,Pablo Ziegler,Hector Console,Astor Piazzolla,"Fernando Suárez Paz, Oscar Lopez Ruiz (Guitar)","Piano, Bass, Bandoneon, Violin, Guitar"
Astor Piazzolla,Astor Piazzolla y su Quinteto Tango Nuevo,1984-10-15,Mumuki,,,Instrumental,Rede Brasil,CD,,,,,Astor Piazzolla,,Pablo Ziegler,Hector Console,Astor Piazzolla,"Fernando Suárez Paz, Oscar Lopez Ruiz (Guitar)","Piano, Bass, Bandoneon, Violin, Guitar"
Astor Piazzolla,Astor Piazzolla y su Quinteto Tango Nuevo,1984-10-15,Verano Porteño,,,Instrumental,Rede Brasil,CD,,,,,Astor Piazzolla,,Pablo Ziegler,Hector Console,Astor Piazzolla,"Fernando Suárez Paz, Oscar Lopez Ruiz (Guitar)","Piano, Bass, Bandoneon, Violin, Guitar"
Astor Piazzolla,Astor Piazzolla y su Quinteto Tango Nuevo,1984-10-15,Chin Chin,,,Instrumental,Rede Brasil,CD,,,,,Astor Piazzolla,,Pablo Ziegler,Hector Console,Astor Piazzolla,"Fernando Suárez Paz, Oscar Lopez Ruiz (Guitar)","Piano, Bass, Bandoneon, Violin, Guitar"
Astor Piazzolla,Astor Piazzolla y su Quinteto Tango Nuevo,1984-10-15,Libertango,,,Instrumental,Rede Brasil,CD,,,,,Astor Piazzolla,,Pablo Ziegler,Hector Console,Astor Piazzolla,"Fernando Suárez Paz, Oscar Lopez Ruiz (Guitar)","Piano, Bass, Bandoneon, Violin, Guitar"
Astor Piazzolla,Astor Piazzolla y su Quinteto Tango Nuevo,1981-04-02,Suite Punta del Este,Introduccion - Fuga - Coral,,Instrumental,Rede Brasil,CD,,,,,Astor Piazzolla,,Pablo Ziegler,Hector Console,Astor Piazzolla,"Fernando Suárez Paz, Oscar Lopez Ruiz (Guitar)","Piano, Bass, Bandoneon, Violin, Guitar"
Astor Piazzolla,Astor Piazzolla y su Quinteto Tango Nuevo,1996,Suite Punta del Este,Introduccion - Coral - Fuga,,Instrumental,Tring,CD,,,,,,,,,,,
Astor Piazzolla,Astor Piazzolla y su Quinteto Tango Nuevo,1993,Moderato Mistico,,,Instrumental,Rede Brasil,CD,,,,,,,,,,,
Astor Piazzolla,Astor Piazzolla y su Quinteto Tango Nuevo,1993,Adiós Nonino,,,Instrumental,Rede Brasil,CD,,,,,,,,,,,
Astor Piazzolla,Andre Heller (Mit Astor Piazzolla - Quinteto Tango Nuevo),1985,María Magdalena,,,Andre Heller,Mandragora,LP,,,"Astor Piazzolla, Andre Heller",,Astor Piazzolla,,Pablo Ziegler,Hector Console,Astor Piazzolla,"Fernando Suárez Paz, Oscar Lopez Ruiz (Guitar)","Piano, Bass, Bandoneon, Violin, Guitar"
Astor Piazzolla,Andre Heller (Mit Astor Piazzolla - Quinteto Tango Nuevo),1985,Der Alte Pierre,,,Andre Heller,Mandragora,LP,,,"Astor Piazzolla, Andre Heller",,Astor Piazzolla,,Pablo Ziegler,Hector Console,Astor Piazzolla,"Fernando Suárez Paz, Oscar Lopez Ruiz (Guitar)","Piano, Bass, Bandoneon, Violin, Guitar"
Astor Piazzolla,Astor Piazzolla y su Quinteto Tango Nuevo,1985,Duo de Amor,,,Instrumental,Milan,LP,,,,,Astor Piazzolla,,Pablo Ziegler,Hector Console,Astor Piazzolla,"Fernando Suárez Paz, Oscar Lopez Ruiz (Guitar)","Piano, Bass, Bandoneon, Violin, Guitar"
Astor Piazzolla,Astor Piazzolla y su Quinteto Tango Nuevo,1985,Ausencias,,,Instrumental,Milan,LP,,,,,Astor Piazzolla,,Pablo Ziegler,Hector Console,Astor Piazzolla,"Fernando Suárez Paz, Oscar Lopez Ruiz (Guitar)","Piano, Bass, Bandoneon, Violin, Guitar"
Astor Piazzolla,Astor Piazzolla y su Quinteto Tango Nuevo,1985,Tanguedia Iii,,,Instrumental,Milan,LP,,,,,Astor Piazzolla,,Pablo Ziegler,Hector Console,Astor Piazzolla,"Fernando Suárez Paz, Oscar Lopez Ruiz (Guitar)","Piano, Bass, Bandoneon, Violin, Guitar"
Astor Piazzolla,Astor Piazzolla y su Quinteto Tango Nuevo,1985,Mumuki,,,Instrumental,Milan,LP,,,,,Astor Piazzolla,,Pablo Ziegler,Hector Console,Astor Piazzolla,"Fernando Suárez Paz, Oscar Lopez Ruiz (Guitar)","Piano, Bass, Bandoneon, Violin, Guitar"
Astor Piazzolla,Astor Piazzolla y su Quinteto Tango Nuevo,1985,Milonga Loca,,,Instrumental,Milan,LP,,,,,Astor Piazzolla,,Pablo Ziegler,Hector Console,Astor Piazzolla,"Fernando Suárez Paz, Oscar Lopez Ruiz (Guitar)","Piano, Bass, Bandoneon, Violin, Guitar"
Astor Piazzolla,Astor Piazzolla y su Quinteto Tango Nuevo,1985,El Día Que Me Quieras,,,Instrumental,Milan,LP,,,"Carlos Gardel, Alfredo Le Pera",,Astor Piazzolla,,Pablo Ziegler,Hector Console,Astor Piazzolla,"Fernando Suárez Paz, Oscar Lopez Ruiz (Guitar)","Piano, Bass, Bandoneon, Violin, Guitar"
Astor Piazzolla,Astor Piazzolla y su Quinteto Tango Nuevo,1985,Tanguedia 3,,,Instrumental,Milan,LP,,,,,Astor Piazzolla,,Pablo Ziegler,Hector Console,Astor Piazzolla,"Fernando Suárez Paz, Oscar Lopez Ruiz (Guitar)","Piano, Bass, Bandoneon, Violin, Guitar"
Astor Piazzolla,Astor Piazzolla y su Quinteto Tango Nuevo,1985,Tanguedia 2,,,Instrumental,Milan,LP,,,,,Astor Piazzolla,,Pablo Ziegler,Hector Console,Astor Piazzolla,"Fernando Suárez Paz, Oscar Lopez Ruiz (Guitar)","Piano, Bass, Bandoneon, Violin, Guitar"
Astor Piazzolla,Astor Piazzolla y su Quinteto Tango Nuevo,1987,Duo de Amor,Tema del Disco #155(a) A,,Instrumental,Milan,CD,,,,,Astor Piazzolla,,Pablo Ziegler,Hector Console,Astor Piazzolla,"Fernando Suárez Paz, Oscar Lopez Ruiz (Guitar)","Piano, Bass, Bandoneon, Violin, Guitar"
Astor Piazzolla,Astor Piazzolla y su Quinteto Tango Nuevo,1987,Ausencias,Tema del Disco #155(a) A,,Instrumental,Milan,CD,,,,,Astor Piazzolla,,Pablo Ziegler,Hector Console,Astor Piazzolla,"Fernando Suárez Paz, Oscar Lopez Ruiz (Guitar)","Piano, Bass, Bandoneon, Violin, Guitar"
Astor Piazzolla,Astor Piazzolla y su Quinteto Tango Nuevo,1987,Tanguedia I,Tema del Disco #155(a) A,,Instrumental,Milan,CD,,,,,Astor Piazzolla,,Pablo Ziegler,Hector Console,Astor Piazzolla,"Fernando Suárez Paz, Oscar Lopez Ruiz (Guitar)","Piano, Bass, Bandoneon, Violin, Guitar"
Astor Piazzolla,Astor Piazzolla y su Quinteto Tango Nuevo,1984-11-14,Biyuya,,,Instrumental,Intuition,2CDs,,,,,Astor Piazzolla,,Pablo Ziegler,Hector Console,Astor Piazzolla,"Fernando Suárez Paz, Oscar Lopez Ruiz (Guitar)","Piano, Bass, Bandoneon, Violin, Guitar"
Astor Piazzolla,Astor Piazzolla y su Quinteto Tango Nuevo,1984-11-14,Caliente,,,Instrumental,Intuition,2CDs,,,,,Astor Piazzolla,,Pablo Ziegler,Hector Console,Astor Piazzolla,"Fernando Suárez Paz, Oscar Lopez Ruiz (Guitar)","Piano, Bass, Bandoneon, Violin, Guitar"
Astor Piazzolla,Astor Piazzolla y su Quinteto Tango Nuevo,1984-11-14,Lunfardo,,,Instrumental,Intuition,2CDs,,,,,Astor Piazzolla,,Pablo Ziegler,Hector Console,Astor Piazzolla,"Fernando Suárez Paz, Oscar Lopez Ruiz (Guitar)","Piano, Bass, Bandoneon, Violin, Guitar"
Astor Piazzolla,Astor Piazzolla y su Quinteto Tango Nuevo,1984-11-14,Deurisimo,,,Instrumental,Intuition,2CDs,,,,,Astor Piazzolla,,Pablo Ziegler,Hector Console,Astor Piazzolla,"Fernando Suárez Paz, Oscar Lopez Ruiz (Guitar)","Piano, Bass, Bandoneon, Violin, Guitar"
Astor Piazzolla,Astor Piazzolla y su Quinteto Tango Nuevo,1984-11-14,Milonga del Angel,,,Instrumental,Intuition,2CDs,,,,,Astor Piazzolla,,Pablo Ziegler,Hector Console,Astor Piazzolla,"Fernando Suárez Paz, Oscar Lopez Ruiz (Guitar)","Piano, Bass, Bandoneon, Violin, Guitar"
Astor Piazzolla,Astor Piazzolla y su Quinteto Tango Nuevo,1984-11-14,La Muerte del Angel,,,Instrumental,Intuition,2CDs,,,,,Astor Piazzolla,,Pablo Ziegler,Hector Console,Astor Piazzolla,"Fernando Suárez Paz, Oscar Lopez Ruiz (Guitar)","Piano, Bass, Bandoneon, Violin, Guitar"
Astor Piazzolla,Astor Piazzolla y su Quinteto Tango Nuevo,1984-11-14,Resurreccion del Angel,,,Instrumental,Intuition,2CDs,,,,,Astor Piazzolla,,Pablo Ziegler,Hector Console,Astor Piazzolla,"Fernando Suárez Paz, Oscar Lopez Ruiz (Guitar)","Piano, Bass, Bandoneon, Violin, Guitar"
Astor Piazzolla,Astor Piazzolla y su Quinteto Tango Nuevo,1984-11-14,Speech,,,Instrumental,Intuition,2CDs,,,,,Astor Piazzolla,,Pablo Ziegler,Hector Console,Astor Piazzolla,"Fernando Suárez Paz, Oscar Lopez Ruiz (Guitar)","Piano, Bass, Bandoneon, Violin, Guitar"
Astor Piazzolla,Astor Piazzolla y su Quinteto Tango Nuevo,1984-11-14,Tristeza de un Doble A,,,Instrumental,Intuition,2CDs,,,,,Astor Piazzolla,,Pablo Ziegler,Hector Console,Astor Piazzolla,"Fernando Suárez Paz, Oscar Lopez Ruiz (Guitar)","Piano, Bass, Bandoneon, Violin, Guitar"
Astor Piazzolla,Astor Piazzolla y su Quinteto Tango Nuevo,1984-11-14,Escualo,,,Instrumental,Intuition,2CDs,,,,,Astor Piazzolla,,Pablo Ziegler,Hector Console,Astor Piazzolla,"Fernando Suárez Paz, Oscar Lopez Ruiz (Guitar)","Piano, Bass, Bandoneon, Violin, Guitar"
Astor Piazzolla,Astor Piazzolla y su Quinteto Tango Nuevo,1984-11-14,Adiós Nonino,,,Instrumental,Intuition,2CDs,,,,,Astor Piazzolla,,Pablo Ziegler,Hector Console,Astor Piazzolla,"Fernando Suárez Paz, Oscar Lopez Ruiz (Guitar)","Piano, Bass, Bandoneon, Violin, Guitar"
Astor Piazzolla,Astor Piazzolla y su Quinteto Tango Nuevo,1984-11-14,Contraataque,Tanguedia Iii,,Instrumental,Intuition,2CDs,,,,,Astor Piazzolla,,Pablo Ziegler,Hector Console,Astor Piazzolla,"Fernando Suárez Paz, Oscar Lopez Ruiz (Guitar)","Piano, Bass, Bandoneon, Violin, Guitar"
Astor Piazzolla,Astor Piazzolla y su Quinteto Tango Nuevo,1984-11-14,Mumuki,,,Instrumental,Intuition,2CDs,,,,,Astor Piazzolla,,Pablo Ziegler,Hector Console,Astor Piazzolla,"Fernando Suárez Paz, Oscar Lopez Ruiz (Guitar)","Piano, Bass, Bandoneon, Violin, Guitar"
Astor Piazzolla,Astor Piazzolla y su Quinteto Tango Nuevo,1984-11-14,Miguel Angel,,,Instrumental,Intuition,2CDs,,,,,Astor Piazzolla,,Pablo Ziegler,Hector Console,Astor Piazzolla,"Fernando Suárez Paz, Oscar Lopez Ruiz (Guitar)","Piano, Bass, Bandoneon, Violin, Guitar"
Astor Piazzolla,Astor Piazzolla y su Quinteto Tango Nuevo,1984-11-14,Chin Chin,,,Instrumental,Intuition,2CDs,,,,,Astor Piazzolla,,Pablo Ziegler,Hector Console,Astor Piazzolla,"Fernando Suárez Paz, Oscar Lopez Ruiz (Guitar)","Piano, Bass, Bandoneon, Violin, Guitar"
Astor Piazzolla,Astor Piazzolla y su Quinteto Tango Nuevo,1984-11-21,Resurreccion del Angel,,,Raúl Lavié y Ranko Fujisawa,Intuition,2CDs,,,,,Astor Piazzolla,,Pablo Ziegler,,Astor Piazzolla,"Fernando Suárez Paz, Oscar Lopez Ruiz (Guitar)","Piano, Bandoneon, Violin, Guitar"
Astor Piazzolla,Astor Piazzolla y su Quinteto Tango Nuevo,1984-11-21,Mc,Palabras de Astor Piazzolla,,Raúl Lavié y Ranko Fujisawa,Intuition,2CDs,,,,,Astor Piazzolla,,Pablo Ziegler,,Astor Piazzolla,"Fernando Suárez Paz, Oscar Lopez Ruiz (Guitar)","Piano, Bandoneon, Violin, Guitar"
Astor Piazzolla,Astor Piazzolla y su Quinteto Tango Nuevo,1984-11-21,Lo Que Vendrá,,,Raúl Lavié y Ranko Fujisawa,Intuition,2CDs,,,,,Astor Piazzolla,,Pablo Ziegler,,Astor Piazzolla,"Fernando Suárez Paz, Oscar Lopez Ruiz (Guitar)","Piano, Bandoneon, Violin, Guitar"
Astor Piazzolla,Astor Piazzolla y su Quinteto Tango Nuevo,1984-11-21,Verano Porteño,,,Raúl Lavié y Ranko Fujisawa,Intuition,2CDs,,,,,Astor Piazzolla,,Pablo Ziegler,,Astor Piazzolla,"Fernando Suárez Paz, Oscar Lopez Ruiz (Guitar)","Piano, Bandoneon, Violin, Guitar"
Astor Piazzolla,Astor Piazzolla y su Quinteto Tango Nuevo,1984-11-21,Chiquilín de Bachín,,,Ranko Fujisawa,Intuition,2CDs,,,"Astor Piazzolla, Horacio Ferrer",,Astor Piazzolla,,Pablo Ziegler,,Astor Piazzolla,"Fernando Suárez Paz, Oscar Lopez Ruiz (Guitar)","Piano, Bandoneon, Violin, Guitar"
Astor Piazzolla,Astor Piazzolla y su Quinteto Tango Nuevo,1984-11-21,Balada Para un Loco,,,Ranko Fujisawa,Intuition,2CDs,,,"Astor Piazzolla, Horacio Ferrer",,Astor Piazzolla,,Pablo Ziegler,,Astor Piazzolla,"Fernando Suárez Paz, Oscar Lopez Ruiz (Guitar)","Piano, Bandoneon, Violin, Guitar"
Astor Piazzolla,Astor Piazzolla y su Quinteto Tango Nuevo,1984-11-21,Los Pajaros Perdidos,,,Raúl Lavié,Intuition,2CDs,,,"Astor Piazzolla, Mario Trejo",,Astor Piazzolla,,Pablo Ziegler,,Astor Piazzolla,"Fernando Suárez Paz, Oscar Lopez Ruiz (Guitar)","Piano, Bandoneon, Violin, Guitar"
Astor Piazzolla,Astor Piazzolla y su Quinteto Tango Nuevo,1984-11-21,La Bicicleta Blanca,,,Raúl Lavié,Intuition,2CDs,,,"Astor Piazzolla, Horacio Ferrer",,Astor Piazzolla,,Pablo Ziegler,,Astor Piazzolla,"Fernando Suárez Paz, Oscar Lopez Ruiz (Guitar)","Piano, Bandoneon, Violin, Guitar"
Astor Piazzolla,Astor Piazzolla y su Quinteto Tango Nuevo,1984-11-21,Mi Buenos Aires Querido,,,Raúl Lavié,Intuition,2CDs,,,"Carlos Gardel, Alfredo Le Pera",,Astor Piazzolla,,Pablo Ziegler,,Astor Piazzolla,"Fernando Suárez Paz, Oscar Lopez Ruiz (Guitar)","Piano, Bandoneon, Violin, Guitar"
Astor Piazzolla,Astor Piazzolla y su Quinteto Tango Nuevo,1984-11-21,Mumuki,,,Raúl Lavié y Ranko Fujisawa,Intuition,2CDs,,,,,Astor Piazzolla,,Pablo Ziegler,,Astor Piazzolla,"Fernando Suárez Paz, Oscar Lopez Ruiz (Guitar)","Piano, Bandoneon, Violin, Guitar"
Astor Piazzolla,Astor Piazzolla y su Quinteto Tango Nuevo,1984-11-21,Michelangelo 70,,,Raúl Lavié y Ranko Fujisawa,Intuition,2CDs,,,,,Astor Piazzolla,,Pablo Ziegler,,Astor Piazzolla,"Fernando Suárez Paz, Oscar Lopez Ruiz (Guitar)","Piano, Bandoneon, Violin, Guitar"
Astor Piazzolla,Astor Piazzolla y su Quinteto Tango Nuevo,1984-11-21,Adiós Nonino,,,Raúl Lavié y Ranko Fujisawa,Intuition,2CDs,,,,,Astor Piazzolla,,Pablo Ziegler,,Astor Piazzolla,"Fernando Suárez Paz, Oscar Lopez Ruiz (Guitar)","Piano, Bandoneon, Violin, Guitar"
Astor Piazzolla,Astor Piazzolla y su Quinteto Tango Nuevo,1984-11-21,Chin Chin,,,Raúl Lavié y Ranko Fujisawa,Intuition,2CDs,,,,,Astor Piazzolla,,Pablo Ziegler,,Astor Piazzolla,"Fernando Suárez Paz, Oscar Lopez Ruiz (Guitar)","Piano, Bandoneon, Violin, Guitar"
Astor Piazzolla,Astor Piazzolla y su Quinteto Tango Nuevo,1984-11-21,Otoño Porteño,,,Raúl Lavié y Ranko Fujisawa,Intuition,2CDs,,,,,Astor Piazzolla,,Pablo Ziegler,,Astor Piazzolla,"Fernando Suárez Paz, Oscar Lopez Ruiz (Guitar)","Piano, Bandoneon, Violin, Guitar"
Astor Piazzolla,Astor Piazzolla y su Quinteto Tango Nuevo,1984-11-21,Biyuya,,,Instrumental,P.J.L.,2CDs,,,,,Astor Piazzolla,,Pablo Ziegler,Hector Console,Astor Piazzolla,"Fernando Suárez Paz, Oscar Lopez Ruiz (Guitar)","Piano, Bass, Bandoneon, Violin, Guitar"
Astor Piazzolla,Astor Piazzolla y su Quinteto Tango Nuevo,1984-11-21,Fracanapa,,,Instrumental,P.J.L.,2CDs,,,,,Astor Piazzolla,,Pablo Ziegler,Hector Console,Astor Piazzolla,"Fernando Suárez Paz, Oscar Lopez Ruiz (Guitar)","Piano, Bass, Bandoneon, Violin, Guitar"
Astor Piazzolla,Astor Piazzolla y su Quinteto Tango Nuevo,1984-11-21,Lunfardo,,,Instrumental,P.J.L.,2CDs,,,,,Astor Piazzolla,,Pablo Ziegler,Hector Console,Astor Piazzolla,"Fernando Suárez Paz, Oscar Lopez Ruiz (Guitar)","Piano, Bass, Bandoneon, Violin, Guitar"
Astor Piazzolla,Astor Piazzolla y su Quinteto Tango Nuevo,1984-11-21,Deurisimo,,,Instrumental,P.J.L.,2CDs,,,,,Astor Piazzolla,,Pablo Ziegler,Hector Console,Astor Piazzolla,"Fernando Suárez Paz, Oscar Lopez Ruiz (Guitar)","Piano, Bass, Bandoneon, Violin, Guitar"
Astor Piazzolla,Astor Piazzolla y su Quinteto Tango Nuevo,1984-11-21,Milonga del Angel,,,Instrumental,P.J.L.,2CDs,,,,,Astor Piazzolla,,Pablo Ziegler,Hector Console,Astor Piazzolla,"Fernando Suárez Paz, Oscar Lopez Ruiz (Guitar)","Piano, Bass, Bandoneon, Violin, Guitar"
Astor Piazzolla,Astor Piazzolla y su Quinteto Tango Nuevo,1984-11-21,La Muerte del Angel,,,Instrumental,P.J.L.,2CDs,,,,,Astor Piazzolla,,Pablo Ziegler,Hector Console,Astor Piazzolla,"Fernando Suárez Paz, Oscar Lopez Ruiz (Guitar)","Piano, Bass, Bandoneon, Violin, Guitar"
Astor Piazzolla,Leo Brouwer - Astor Piazzolla - Cacho Tirao - Orchestre Philharmonique de Liege,1985-03-15,Adiós Nonino,,,Instrumental,Carrere,LP / CD,,,,,Astor Piazzolla,,,,Astor Piazzolla,Marc Grauwels (Flute),"Bandoneon, Flute"
Astor Piazzolla,Leo Brouwer - Astor Piazzolla - Cacho Tirao - Orchestre Philharmonique de Liege,1985-03-15,1) Introduccion,,,Instrumental,Carrere,LP / CD,,,,,Astor Piazzolla,,,,Astor Piazzolla,Marc Grauwels (Flute),"Bandoneon, Flute"
Astor Piazzolla,Leo Brouwer - Astor Piazzolla - Cacho Tirao - Orchestre Philharmonique de Liege,1985-03-15,2) Milonga,,,Instrumental,Carrere,LP / CD,,,,,Astor Piazzolla,,,,Astor Piazzolla,Marc Grauwels (Flute),"Bandoneon, Flute"
Astor Piazzolla,Leo Brouwer - Astor Piazzolla - Cacho Tirao - Orchestre Philharmonique de Liege,1985-03-15,3) Tango,,,Instrumental,Carrere,LP / CD,,,,,Astor Piazzolla,,,,Astor Piazzolla,Marc Grauwels (Flute),"Bandoneon, Flute"
Astor Piazzolla,Astor Piazzolla y su Quinteto Tango Nuevo,1986,Tanguedia Iii,,,Instrumental,American Clave,LP,,,,,Astor Piazzolla,,Pablo Ziegler,Hector Console,Astor Piazzolla,"Fernando Suárez Paz, Horacio Malvicino (Guitar)","Piano, Bass, Bandoneon, Violin, Guitar"
Astor Piazzolla,Astor Piazzolla y su Quinteto Tango Nuevo,1986,Milonga del Angel,,,Instrumental,American Clave,LP,,,,,Astor Piazzolla,,Pablo Ziegler,Hector Console,Astor Piazzolla,"Fernando Suárez Paz, Horacio Malvicino (Guitar)","Piano, Bass, Bandoneon, Violin, Guitar"
Astor Piazzolla,Astor Piazzolla y su Quinteto Tango Nuevo,1986,Concierto Para Quinteto,,,Instrumental,American Clave,LP,,,,,Astor Piazzolla,,Pablo Ziegler,Hector Console,Astor Piazzolla,"Fernando Suárez Paz, Horacio Malvicino (Guitar)","Piano, Bass, Bandoneon, Violin, Guitar"
Astor Piazzolla,Astor Piazzolla y su Quinteto Tango Nuevo,1986,Milonga Loca,,,Instrumental,American Clave,LP,,,,,Astor Piazzolla,,Pablo Ziegler,Hector Console,Astor Piazzolla,"Fernando Suárez Paz, Horacio Malvicino (Guitar)","Piano, Bass, Bandoneon, Violin, Guitar"
Astor Piazzolla,Astor Piazzolla y su Quinteto Tango Nuevo,1986,Michelangelo 70,,,Instrumental,American Clave,LP,,,,,Astor Piazzolla,,Pablo Ziegler,Hector Console,Astor Piazzolla,"Fernando Suárez Paz, Horacio Malvicino (Guitar)","Piano, Bass, Bandoneon, Violin, Guitar"
Astor Piazzolla,Astor Piazzolla y su Quinteto Tango Nuevo,1986,Contrabajisimo,,,Instrumental,American Clave,LP,,,,,Astor Piazzolla,,Pablo Ziegler,Hector Console,Astor Piazzolla,"Fernando Suárez Paz, Horacio Malvicino (Guitar)","Piano, Bass, Bandoneon, Violin, Guitar"
Astor Piazzolla,Astor Piazzolla y su Quinteto Tango Nuevo,1986,Mumuki,,,Instrumental,American Clave,LP,,,,,Astor Piazzolla,,Pablo Ziegler,Hector Console,Astor Piazzolla,"Fernando Suárez Paz, Horacio Malvicino (Guitar)","Piano, Bass, Bandoneon, Violin, Guitar"
Astor Piazzolla,Varios Interpretes,1986,Adiós Nonino,,,Instrumental,Som Livre,LP,,,,,Astor Piazzolla,,Pablo Ziegler,Hector Console,Astor Piazzolla,"Fernando Suárez Paz, Horacio Malvicino (Guitar)","Piano, Bass, Bandoneon, Violin, Guitar"
Astor Piazzolla,Astor Piazzolla And Gary Burton,1986-07-17,Milonga Is Coming,,,Instrumental,Atlantic Jazz,LP / CD,,,,,Astor Piazzolla,,Pablo Ziegler,Hector Console,Astor Piazzolla,"Gary Burton (Vibraphone), Fernando Suárez Paz, Horacio Malvicino (Guitar)","Piano, Bass, Bandoneon, Violin, Vibraphone, Guitar"
Astor Piazzolla,Astor Piazzolla And Gary Burton,1986-07-17,Vibraphonissimo,,,Instrumental,Atlantic Jazz,LP / CD,,,,,Astor Piazzolla,,Pablo Ziegler,Hector Console,Astor Piazzolla,"Gary Burton (Vibraphone), Fernando Suárez Paz, Horacio Malvicino (Guitar)","Piano, Bass, Bandoneon, Violin, Vibraphone, Guitar"
Astor Piazzolla,Astor Piazzolla And Gary Burton,1986-07-17,Little Italy 1930,,,Instrumental,Atlantic Jazz,LP / CD,,,,,Astor Piazzolla,,Pablo Ziegler,Hector Console,Astor Piazzolla,"Gary Burton (Vibraphone), Fernando Suárez Paz, Horacio Malvicino (Guitar)","Piano, Bass, Bandoneon, Violin, Vibraphone, Guitar"
Astor Piazzolla,Astor Piazzolla And Gary Burton,1986-07-17,Nuevo Tango,,,Instrumental,Atlantic Jazz,LP / CD,,,,,Astor Piazzolla,,Pablo Ziegler,Hector Console,Astor Piazzolla,"Gary Burton (Vibraphone), Fernando Suárez Paz, Horacio Malvicino (Guitar)","Piano, Bass, Bandoneon, Violin, Vibraphone, Guitar"
Astor Piazzolla,Astor Piazzolla And Gary Burton,1986-07-17,Laura's Dream,,,Instrumental,Atlantic Jazz,LP / CD,,,,,Astor Piazzolla,,Pablo Ziegler,Hector Console,Astor Piazzolla,"Gary Burton (Vibraphone), Fernando Suárez Paz, Horacio Malvicino (Guitar)","Piano, Bass, Bandoneon, Violin, Vibraphone, Guitar"
Astor Piazzolla,Astor Piazzolla And Gary Burton,1986-07-17,Operation Tango,,,Instrumental,Atlantic Jazz,LP / CD,,,,,Astor Piazzolla,,Pablo Ziegler,Hector Console,Astor Piazzolla,"Gary Burton (Vibraphone), Fernando Suárez Paz, Horacio Malvicino (Guitar)","Piano, Bass, Bandoneon, Violin, Vibraphone, Guitar"
Astor Piazzolla,Astor Piazzolla And Gary Burton,1986-07-17,La Muerte del Angel,,,Instrumental,Atlantic Jazz,LP / CD,,,,,Astor Piazzolla,,Pablo Ziegler,Hector Console,Astor Piazzolla,"Gary Burton (Vibraphone), Fernando Suárez Paz, Horacio Malvicino (Guitar)","Piano, Bass, Bandoneon, Violin, Vibraphone, Guitar"
Astor Piazzolla,Georges Moustaki Avec Astor Piazzolla,1987,Mon Corps,,,Instrumental,Blue Silver,LP / CD,,,"Astor Piazzolla, Georges Moustaki",,Richard Galliano,,,,,,
Astor Piazzolla,Astor Piazzolla y su Quinteto Tango Nuevo,1987,Tristezas de un Doble A,,,Instrumental,Messidor,LP / CD,,,,,Astor Piazzolla,,Pablo Ziegler,Hector Console,Astor Piazzolla,"Fernando Suárez Paz, Horacio Malvicino (Guitar)","Piano, Bass, Bandoneon, Violin, Guitar"
Astor Piazzolla,Astor Piazzolla y su Quinteto Tango Nuevo,1987,Tanguedia,,,Instrumental,Messidor,LP / CD,,,,,Astor Piazzolla,,Pablo Ziegler,Hector Console,Astor Piazzolla,"Fernando Suárez Paz, Horacio Malvicino (Guitar)","Piano, Bass, Bandoneon, Violin, Guitar"
Astor Piazzolla,Astor Piazzolla y su Quinteto Tango Nuevo,1987,Biyuya,,,Instrumental,Messidor,LP / CD,,,,,Astor Piazzolla,,Pablo Ziegler,Hector Console,Astor Piazzolla,"Fernando Suárez Paz, Horacio Malvicino (Guitar)","Piano, Bass, Bandoneon, Violin, Guitar"
Astor Piazzolla,Astor Piazzolla y su Quinteto Tango Nuevo,1987,Lunfardo,,,Instrumental,Messidor,LP / CD,,,,,Astor Piazzolla,,Pablo Ziegler,Hector Console,Astor Piazzolla,"Fernando Suárez Paz, Horacio Malvicino (Guitar)","Piano, Bass, Bandoneon, Violin, Guitar"
Astor Piazzolla,Astor Piazzolla y su Quinteto Tango Nuevo,1987,Tangaso,,,Instrumental,Messidor,LP / CD,,,,,Astor Piazzolla,,Pablo Ziegler,Hector Console,Astor Piazzolla,"Fernando Suárez Paz, Horacio Malvicino (Guitar)","Piano, Bass, Bandoneon, Violin, Guitar"
Astor Piazzolla,Astor Piazzolla,1988,Prologue,Tango Apasionado,,Instrumental,American Clave,LP,,,,,Astor Piazzolla,,Pablo Ziegler,Andy Gonzalez,Astor Piazzolla,"Fernando Suárez Paz, Paquito D'Rivera (Saxo Alto Y Clarinete), Rodolfo Alchourrón (Guitar)","Piano, Bass, Bandoneon, Violin, Saxo Alto Y Clarinete, Guitar"
Astor Piazzolla,Astor Piazzolla,1988,Milonga For Three,,,Instrumental,American Clave,LP,,,,,Astor Piazzolla,,Pablo Ziegler,Andy Gonzalez,Astor Piazzolla,"Fernando Suárez Paz, Paquito D'Rivera (Saxo Alto Y Clarinete), Rodolfo Alchourrón (Guitar)","Piano, Bass, Bandoneon, Violin, Saxo Alto Y Clarinete, Guitar"
Astor Piazzolla,Astor Piazzolla,1988,Street Tango,,,Instrumental,American Clave,LP,,,,,Astor Piazzolla,,Pablo Ziegler,Andy Gonzalez,Astor Piazzolla,"Fernando Suárez Paz, Paquito D'Rivera (Saxo Alto Y Clarinete), Rodolfo Alchourrón (Guitar)","Piano, Bass, Bandoneon, Violin, Saxo Alto Y Clarinete, Guitar"
Astor Piazzolla,Astor Piazzolla,1988,Milonga Picaresque,,,Instrumental,American Clave,LP,,,,,Astor Piazzolla,,Pablo Ziegler,Andy Gonzalez,Astor Piazzolla,"Fernando Suárez Paz, Paquito D'Rivera (Saxo Alto Y Clarinete), Rodolfo Alchourrón (Guitar)","Piano, Bass, Bandoneon, Violin, Saxo Alto Y Clarinete, Guitar"
Astor Piazzolla,Astor Piazzolla,1988,Knife Fight,,,Instrumental,American Clave,LP,,,,,Astor Piazzolla,,Pablo Ziegler,Andy Gonzalez,Astor Piazzolla,"Fernando Suárez Paz, Paquito D'Rivera (Saxo Alto Y Clarinete), Rodolfo Alchourrón (Guitar)","Piano, Bass, Bandoneon, Violin, Saxo Alto Y Clarinete, Guitar"
Astor Piazzolla,Astor Piazzolla,1988,Leonora's Song,,,Instrumental,American Clave,LP,,,,,Astor Piazzolla,,Pablo Ziegler,Andy Gonzalez,Astor Piazzolla,"Fernando Suárez Paz, Paquito D'Rivera (Saxo Alto Y Clarinete), Rodolfo Alchourrón (Guitar)","Piano, Bass, Bandoneon, Violin, Saxo Alto Y Clarinete, Guitar"
Astor Piazzolla,Astor Piazzolla,1988,Prelude To The Cyclical Night,Part One,,Instrumental,American Clave,LP,,,,,Astor Piazzolla,,Pablo Ziegler,Andy Gonzalez,Astor Piazzolla,"Fernando Suárez Paz, Paquito D'Rivera (Saxo Alto Y Clarinete), Rodolfo Alchourrón (Guitar)","Piano, Bass, Bandoneon, Violin, Saxo Alto Y Clarinete, Guitar"
Astor Piazzolla,Astor Piazzolla,1988,Butcher's Death,,,Instrumental,American Clave,LP,,,,,Astor Piazzolla,,Pablo Ziegler,Andy Gonzalez,Astor Piazzolla,"Fernando Suárez Paz, Paquito D'Rivera (Saxo Alto Y Clarinete), Rodolfo Alchourrón (Guitar)","Piano, Bass, Bandoneon, Violin, Saxo Alto Y Clarinete, Guitar"
Astor Piazzolla,Astor Piazzolla,1988,Lejia's Game,,,Instrumental,American Clave,LP,,,,,Astor Piazzolla,,Pablo Ziegler,Andy Gonzalez,Astor Piazzolla,"Fernando Suárez Paz, Paquito D'Rivera (Saxo Alto Y Clarinete), Rodolfo Alchourrón (Guitar)","Piano, Bass, Bandoneon, Violin, Saxo Alto Y Clarinete, Guitar"
Astor Piazzolla,Astor Piazzolla,1988,Milonga For Three,Reprise,,Instrumental,American Clave,LP,,,,,Astor Piazzolla,,Pablo Ziegler,Andy Gonzalez,Astor Piazzolla,"Fernando Suárez Paz, Paquito D'Rivera (Saxo Alto Y Clarinete), Rodolfo Alchourrón (Guitar)","Piano, Bass, Bandoneon, Violin, Saxo Alto Y Clarinete, Guitar"
Astor Piazzolla,Astor Piazzolla,1988,Bailongo,,,Instrumental,American Clave,LP,,,,,Astor Piazzolla,,Pablo Ziegler,Andy Gonzalez,Astor Piazzolla,"Fernando Suárez Paz, Paquito D'Rivera (Saxo Alto Y Clarinete), Rodolfo Alchourrón (Guitar)","Piano, Bass, Bandoneon, Violin, Saxo Alto Y Clarinete, Guitar"
Astor Piazzolla,Astor Piazzolla,1988,Leonora's Love Theme,,,Instrumental,American Clave,LP,,,,,Astor Piazzolla,,Pablo Ziegler,Andy Gonzalez,Astor Piazzolla,"Fernando Suárez Paz, Paquito D'Rivera (Saxo Alto Y Clarinete), Rodolfo Alchourrón (Guitar)","Piano, Bass, Bandoneon, Violin, Saxo Alto Y Clarinete, Guitar"
Astor Piazzolla,Astor Piazzolla,1988,Finale,Tango Apasionado,,Instrumental,American Clave,LP,,,,,Astor Piazzolla,,Pablo Ziegler,Andy Gonzalez,Astor Piazzolla,"Fernando Suárez Paz, Paquito D'Rivera (Saxo Alto Y Clarinete), Rodolfo Alchourrón (Guitar)","Piano, Bass, Bandoneon, Violin, Saxo Alto Y Clarinete, Guitar"
Astor Piazzolla,Astor Piazzolla,1988,Prelude To The Cyclical Night,Part Two,,Instrumental,American Clave,LP,,,,,Astor Piazzolla,,Pablo Ziegler,Andy Gonzalez,Astor Piazzolla,"Fernando Suárez Paz, Paquito D'Rivera (Saxo Alto Y Clarinete), Rodolfo Alchourrón (Guitar)","Piano, Bass, Bandoneon, Violin, Saxo Alto Y Clarinete, Guitar"
Astor Piazzolla,Astor Piazzolla y su Quinteto Tango Nuevo,1987-09-06,Verano Porteño,,,Instrumental,Chesky,CD,,,,,Astor Piazzolla,,Pablo Ziegler,Hector Console,Astor Piazzolla,"Fernando Suárez Paz, Horacio Malvicino (Guitar)","Piano, Bass, Bandoneon, Violin, Guitar"
Astor Piazzolla,Astor Piazzolla y su Quinteto Tango Nuevo,1987-09-06,Lunfardo,,,Instrumental,Chesky,CD,,,,,Astor Piazzolla,,Pablo Ziegler,Hector Console,Astor Piazzolla,"Fernando Suárez Paz, Horacio Malvicino (Guitar)","Piano, Bass, Bandoneon, Violin, Guitar"
Astor Piazzolla,Astor Piazzolla y su Quinteto Tango Nuevo,1987-09-06,Milonga del Angel,,,Instrumental,Chesky,CD,,,,,Astor Piazzolla,,Pablo Ziegler,Hector Console,Astor Piazzolla,"Fernando Suárez Paz, Horacio Malvicino (Guitar)","Piano, Bass, Bandoneon, Violin, Guitar"
Astor Piazzolla,Astor Piazzolla y su Quinteto Tango Nuevo,1987-09-06,Muerte del Angel,,,Instrumental,Chesky,CD,,,,,Astor Piazzolla,,Pablo Ziegler,Hector Console,Astor Piazzolla,"Fernando Suárez Paz, Horacio Malvicino (Guitar)","Piano, Bass, Bandoneon, Violin, Guitar"
Astor Piazzolla,Astor Piazzolla y su Quinteto Tango Nuevo,1987-09-06,Astor's Speech,,,Instrumental,Chesky,CD,,,,,Astor Piazzolla,,Pablo Ziegler,Hector Console,Astor Piazzolla,"Fernando Suárez Paz, Horacio Malvicino (Guitar)","Piano, Bass, Bandoneon, Violin, Guitar"
Astor Piazzolla,Astor Piazzolla y su Quinteto Tango Nuevo,1987-09-06,La Camorra,,,Instrumental,Chesky,CD,,,,,Astor Piazzolla,,Pablo Ziegler,Hector Console,Astor Piazzolla,"Fernando Suárez Paz, Horacio Malvicino (Guitar)","Piano, Bass, Bandoneon, Violin, Guitar"
Astor Piazzolla,Astor Piazzolla y su Quinteto Tango Nuevo,1987-09-06,Mumuki,,,Instrumental,Chesky,CD,,,,,Astor Piazzolla,,Pablo Ziegler,Hector Console,Astor Piazzolla,"Fernando Suárez Paz, Horacio Malvicino (Guitar)","Piano, Bass, Bandoneon, Violin, Guitar"
Astor Piazzolla,Astor Piazzolla y su Quinteto Tango Nuevo,1987-09-06,Adiós Nonino,,,Instrumental,Chesky,CD,,,,,Astor Piazzolla,,Pablo Ziegler,Hector Console,Astor Piazzolla,"Fernando Suárez Paz, Horacio Malvicino (Guitar)","Piano, Bass, Bandoneon, Violin, Guitar"
Astor Piazzolla,Astor Piazzolla y su Quinteto Tango Nuevo,1987-09-06,Contrabajisimo,,,Instrumental,Chesky,CD,,,,,Astor Piazzolla,,Pablo Ziegler,Hector Console,Astor Piazzolla,"Fernando Suárez Paz, Horacio Malvicino (Guitar)","Piano, Bass, Bandoneon, Violin, Guitar"
Astor Piazzolla,Astor Piazzolla y su Quinteto Tango Nuevo,1987-09-06,Michelangelo,,,Instrumental,Chesky,CD,,,,,Astor Piazzolla,,Pablo Ziegler,Hector Console,Astor Piazzolla,"Fernando Suárez Paz, Horacio Malvicino (Guitar)","Piano, Bass, Bandoneon, Violin, Guitar"
Astor Piazzolla,Astor Piazzolla y su Quinteto Tango Nuevo,1987-09-06,Concierto Para Quinteto,,,Instrumental,Chesky,CD,,,,,Astor Piazzolla,,Pablo Ziegler,Hector Console,Astor Piazzolla,"Fernando Suárez Paz, Horacio Malvicino (Guitar)","Piano, Bass, Bandoneon, Violin, Guitar"
Astor Piazzolla,Astor Piazzolla - Orchestra Of St. Luke's - Lalo Schifrin,1988,1) Allegro Marcato,,,Instrumental,Elektra / Nonesuch,LP / CD,,,,,Astor Piazzolla,,,,,,
Astor Piazzolla,Astor Piazzolla - Orchestra Of St. Luke's - Lalo Schifrin,1988,2) Moderato,,,Instrumental,Elektra / Nonesuch,LP / CD,,,,,Astor Piazzolla,,,,,,
Astor Piazzolla,Astor Piazzolla - Orchestra Of St. Luke's - Lalo Schifrin,1988,3) Presto,,,Instrumental,Elektra / Nonesuch,LP / CD,,,,,Astor Piazzolla,,,,,,
Astor Piazzolla,Astor Piazzolla - Orchestra Of St. Luke's - Lalo Schifrin,1988,1) Allegro Tranquillo,,,Instrumental,Elektra / Nonesuch,LP / CD,,,,,Astor Piazzolla,,,,,,
Astor Piazzolla,Astor Piazzolla - Orchestra Of St. Luke's - Lalo Schifrin,1988,2) Moderato Mistico,,,Instrumental,Elektra / Nonesuch,LP / CD,,,,,Astor Piazzolla,,,,,,
Astor Piazzolla,Astor Piazzolla - Orchestra Of St. Luke's - Lalo Schifrin,1988,3) Allegretto Molto Marcato,,,Instrumental,Elektra / Nonesuch,LP / CD,,,,,Astor Piazzolla,,,,,,
Astor Piazzolla,Astor Piazzolla,1988,Vuelvo Al Sur,,,Roberto Goyeneche,Milan,LP / CD,,,"Astor Piazzolla, Fernando Solanas",,Astor Piazzolla,,Pablo Ziegler,Hector Console,Astor Piazzolla,"Fernando Suárez Paz, Horacio Malvicino (Guitar)","Piano, Bass, Bandoneon, Violin, Guitar"
Astor Piazzolla,Astor Piazzolla,1988,Regreso Al Amor,,,Instrumental,Milan,LP / CD,,,,,Astor Piazzolla,,Pablo Ziegler,Hector Console,Astor Piazzolla,"Fernando Suárez Paz, Horacio Malvicino (Guitar)","Piano, Bass, Bandoneon, Violin, Guitar"
Astor Piazzolla,Astor Piazzolla,1988,Tristeza Separacion,,,Instrumental,Milan,LP / CD,,,,,Astor Piazzolla,,Pablo Ziegler,Hector Console,Astor Piazzolla,"Fernando Suárez Paz, Horacio Malvicino (Guitar)","Piano, Bass, Bandoneon, Violin, Guitar"
Astor Piazzolla,Astor Piazzolla,1988,Regreso Al Amor,Bandoneón Solo,,Instrumental,Milan,LP / CD,,,,,Astor Piazzolla,,Pablo Ziegler,Hector Console,Astor Piazzolla,"Fernando Suárez Paz, Horacio Malvicino (Guitar)","Piano, Bass, Bandoneon, Violin, Guitar"
Astor Piazzolla,Astor Piazzolla,1988,Los Suenos,Bandoneón Solo,,Instrumental,Milan,LP / CD,,,,,Astor Piazzolla,,Pablo Ziegler,Hector Console,Astor Piazzolla,"Fernando Suárez Paz, Horacio Malvicino (Guitar)","Piano, Bass, Bandoneon, Violin, Guitar"
Astor Piazzolla,Astor Piazzolla,1988,Tristeza Separacion,Bandoneón Solo,,Instrumental,Milan,LP / CD,,,,,Astor Piazzolla,,Pablo Ziegler,Hector Console,Astor Piazzolla,"Fernando Suárez Paz, Horacio Malvicino (Guitar)","Piano, Bass, Bandoneon, Violin, Guitar"
Astor Piazzolla,Astor Piazzolla,1988,Los Suenos,,,Instrumental,Milan,LP / CD,,,,,Astor Piazzolla,,Pablo Ziegler,Hector Console,Astor Piazzolla,"Fernando Suárez Paz, Horacio Malvicino (Guitar)","Piano, Bass, Bandoneon, Violin, Guitar"
Astor Piazzolla,Astor Piazzolla y su Quinteto Tango Nuevo,1989,Soledad,,,Instrumental,American Clave,CD,,,,,Astor Piazzolla,,Pablo Ziegler,Hector Console,Astor Piazzolla,"Fernando Suárez Paz, Horacio Malvicino (Guitar)","Piano, Bass, Bandoneon, Violin, Guitar"
Astor Piazzolla,Astor Piazzolla y su Quinteto Tango Nuevo,1989,La Camorra I,,,Instrumental,American Clave,CD,,,,,Astor Piazzolla,,Pablo Ziegler,Hector Console,Astor Piazzolla,"Fernando Suárez Paz, Horacio Malvicino (Guitar)","Piano, Bass, Bandoneon, Violin, Guitar"
Astor Piazzolla,Astor Piazzolla y su Quinteto Tango Nuevo,1989,La Camorra Ii,,,Instrumental,American Clave,CD,,,,,Astor Piazzolla,,Pablo Ziegler,Hector Console,Astor Piazzolla,"Fernando Suárez Paz, Horacio Malvicino (Guitar)","Piano, Bass, Bandoneon, Violin, Guitar"
Astor Piazzolla,Astor Piazzolla y su Quinteto Tango Nuevo,1989,La Camorra Iii,,,Instrumental,American Clave,CD,,,,,Astor Piazzolla,,Pablo Ziegler,Hector Console,Astor Piazzolla,"Fernando Suárez Paz, Horacio Malvicino (Guitar)","Piano, Bass, Bandoneon, Violin, Guitar"
Astor Piazzolla,Astor Piazzolla y su Quinteto Tango Nuevo,1989,Fugata,,,Instrumental,American Clave,CD,,,,,Astor Piazzolla,,Pablo Ziegler,Hector Console,Astor Piazzolla,"Fernando Suárez Paz, Horacio Malvicino (Guitar)","Piano, Bass, Bandoneon, Violin, Guitar"
Astor Piazzolla,Astor Piazzolla y su Quinteto Tango Nuevo,1989,Sur: los Suenos,South: The Dream,,Instrumental,American Clave,CD,,,,,Astor Piazzolla,,Pablo Ziegler,Hector Console,Astor Piazzolla,"Fernando Suárez Paz, Horacio Malvicino (Guitar)","Piano, Bass, Bandoneon, Violin, Guitar"
Astor Piazzolla,Astor Piazzolla y su Quinteto Tango Nuevo,1989,Sur: Regreso Al Amor,South: Regression To Love,,Instrumental,American Clave,CD,,,,,Astor Piazzolla,,Pablo Ziegler,Hector Console,Astor Piazzolla,"Fernando Suárez Paz, Horacio Malvicino (Guitar)","Piano, Bass, Bandoneon, Violin, Guitar"
Astor Piazzolla,Astor Piazzolla & The New Tango Sex-Tet (Astor Piazzolla y su Sexteto Nuevo Tango),1997,Luna,,,Instrumental,Milan Sur,CD,,,,,Astor Piazzolla,,Pablo Ziegler,Hector Console,Astor Piazzolla,"Fernando Suárez Paz, Horacio Malvicino (Guitar)","Piano, Bass, Bandoneon, Violin, Guitar"
Astor Piazzolla,Astor Piazzolla & The New Tango Sex-Tet (Astor Piazzolla y su Sexteto Nuevo Tango),1997,Sexteto,Sex-Tet,,Instrumental,Milan Sur,CD,,,,,Astor Piazzolla,,Pablo Ziegler,Hector Console,Astor Piazzolla,"Fernando Suárez Paz, Horacio Malvicino (Guitar)","Piano, Bass, Bandoneon, Violin, Guitar"
Astor Piazzolla,Astor Piazzolla & The New Tango Sex-Tet (Astor Piazzolla y su Sexteto Nuevo Tango),1997,3 Minutos con la Realidad,,,Instrumental,Milan Sur,CD,,,,,Astor Piazzolla,,Pablo Ziegler,Hector Console,Astor Piazzolla,"Fernando Suárez Paz, Horacio Malvicino (Guitar)","Piano, Bass, Bandoneon, Violin, Guitar"
Astor Piazzolla,Astor Piazzolla & The New Tango Sex-Tet (Astor Piazzolla y su Sexteto Nuevo Tango),1997,La Camorra Ii,,,Instrumental,Milan Sur,CD,,,,,Astor Piazzolla,,Pablo Ziegler,Hector Console,Astor Piazzolla,"Fernando Suárez Paz, Horacio Malvicino (Guitar)","Piano, Bass, Bandoneon, Violin, Guitar"
Astor Piazzolla,Astor Piazzolla & The New Tango Sex-Tet (Astor Piazzolla y su Sexteto Nuevo Tango),1997,La Camorra Iii,,,Instrumental,Milan Sur,CD,,,,,Astor Piazzolla,,Pablo Ziegler,Hector Console,Astor Piazzolla,"Fernando Suárez Paz, Horacio Malvicino (Guitar)","Piano, Bass, Bandoneon, Violin, Guitar"
Astor Piazzolla,Astor Piazzolla & The New Tango Sex-Tet (Astor Piazzolla y su Sexteto Nuevo Tango),1997,Tango Ballet / Palabras de Astor Piazzolla,,,Instrumental,Milan Sur,CD,,,,,Astor Piazzolla,,Pablo Ziegler,Hector Console,Astor Piazzolla,"Fernando Suárez Paz, Horacio Malvicino (Guitar)","Piano, Bass, Bandoneon, Violin, Guitar"
Astor Piazzolla,Astor Piazzolla & The New Tango Sex-Tet (Astor Piazzolla y su Sexteto Nuevo Tango),1997,Preludio y Fuga,,,Instrumental,Milan Sur,CD,,,,,Astor Piazzolla,,Pablo Ziegler,Hector Console,Astor Piazzolla,"Fernando Suárez Paz, Horacio Malvicino (Guitar)","Piano, Bass, Bandoneon, Violin, Guitar"
Astor Piazzolla,Astor Piazzolla & Osvaldo Pugliese,1989-06-26,Hora Cero,Buenos Aires Hora Cero,,Instrumental,Lucho,CD,,,,,Astor Piazzolla,,Gerardo Gandini,Amílcar Tolosa,"Astor Piazzolla, Daniel Binelli, Roberto Alvarez, Alejandro Pereygnano, Fabio Lapenta, Héctor Del Curto","Jose Bragato (Cello), Horacio Malvicino (Guitar), Fernando Rodríguez, Diego Lerendegui, Gabriel Rivas, Merci Brau (Viola), Patricio Villarejo (Cello)","Piano, Bass, 6 Bandoneons, 3 Violins, 2 Cello, Guitar, Viola"
Astor Piazzolla,Astor Piazzolla & Osvaldo Pugliese,1989-06-26,Tanguedia 3,,,Instrumental,Lucho,CD,,,,,Astor Piazzolla,,Gerardo Gandini,Amílcar Tolosa,"Astor Piazzolla, Daniel Binelli, Roberto Alvarez, Alejandro Pereygnano, Fabio Lapenta, Héctor Del Curto","Jose Bragato (Cello), Horacio Malvicino (Guitar), Fernando Rodríguez, Diego Lerendegui, Gabriel Rivas, Merci Brau (Viola), Patricio Villarejo (Cello)","Piano, Bass, 6 Bandoneons, 3 Violins, 2 Cello, Guitar, Viola"
Astor Piazzolla,Astor Piazzolla & Osvaldo Pugliese,1989-06-26,Milonga del Angel,,,Instrumental,Lucho,CD,,,,,Astor Piazzolla,,Gerardo Gandini,Amílcar Tolosa,"Astor Piazzolla, Daniel Binelli, Roberto Alvarez, Alejandro Pereygnano, Fabio Lapenta, Héctor Del Curto","Jose Bragato (Cello), Horacio Malvicino (Guitar), Fernando Rodríguez, Diego Lerendegui, Gabriel Rivas, Merci Brau (Viola), Patricio Villarejo (Cello)","Piano, Bass, 6 Bandoneons, 3 Violins, 2 Cello, Guitar, Viola"
Astor Piazzolla,Astor Piazzolla & Osvaldo Pugliese,1989-06-26,Camorra 3,,,Instrumental,Lucho,CD,,,,,Astor Piazzolla,,Gerardo Gandini,Amílcar Tolosa,"Astor Piazzolla, Daniel Binelli, Roberto Alvarez, Alejandro Pereygnano, Fabio Lapenta, Héctor Del Curto","Jose Bragato (Cello), Horacio Malvicino (Guitar), Fernando Rodríguez, Diego Lerendegui, Gabriel Rivas, Merci Brau (Viola), Patricio Villarejo (Cello)","Piano, Bass, 6 Bandoneons, 3 Violins, 2 Cello, Guitar, Viola"
Astor Piazzolla,Astor Piazzolla & Osvaldo Pugliese,1989-06-26,Preludio y Fuga,,,Instrumental,Lucho,CD,,,,,Astor Piazzolla,,Gerardo Gandini,Amílcar Tolosa,"Astor Piazzolla, Daniel Binelli, Roberto Alvarez, Alejandro Pereygnano, Fabio Lapenta, Héctor Del Curto","Jose Bragato (Cello), Horacio Malvicino (Guitar), Fernando Rodríguez, Diego Lerendegui, Gabriel Rivas, Merci Brau (Viola), Patricio Villarejo (Cello)","Piano, Bass, 6 Bandoneons, 3 Violins, 2 Cello, Guitar, Viola"
Astor Piazzolla,Astor Piazzolla & Osvaldo Pugliese,1989-06-26,Sex-Tet,,,Instrumental,Lucho,CD,,,,,Astor Piazzolla,,Gerardo Gandini,Amílcar Tolosa,"Astor Piazzolla, Daniel Binelli, Roberto Alvarez, Alejandro Pereygnano, Fabio Lapenta, Héctor Del Curto","Jose Bragato (Cello), Horacio Malvicino (Guitar), Fernando Rodríguez, Diego Lerendegui, Gabriel Rivas, Merci Brau (Viola), Patricio Villarejo (Cello)","Piano, Bass, 6 Bandoneons, 3 Violins, 2 Cello, Guitar, Viola"
Astor Piazzolla,Astor Piazzolla & Osvaldo Pugliese,1989-06-26,Luna,,,Instrumental,Lucho,CD,,,,,Astor Piazzolla,,Gerardo Gandini,Amílcar Tolosa,"Astor Piazzolla, Daniel Binelli, Roberto Alvarez, Alejandro Pereygnano, Fabio Lapenta, Héctor Del Curto","Jose Bragato (Cello), Horacio Malvicino (Guitar), Fernando Rodríguez, Diego Lerendegui, Gabriel Rivas, Merci Brau (Viola), Patricio Villarejo (Cello)","Piano, Bass, 6 Bandoneons, 3 Violins, 2 Cello, Guitar, Viola"
Astor Piazzolla,Astor Piazzolla & Osvaldo Pugliese,1989-06-26,La Yumba Adiós Nonino,,,Instrumental,Lucho,CD,,,"Osvaldo Pugliese, Astor Piazzolla",,Astor Piazzolla,,Gerardo Gandini,Amílcar Tolosa,"Astor Piazzolla, Daniel Binelli, Roberto Alvarez, Alejandro Pereygnano, Fabio Lapenta, Héctor Del Curto","Jose Bragato (Cello), Horacio Malvicino (Guitar), Fernando Rodríguez, Diego Lerendegui, Gabriel Rivas, Merci Brau (Viola), Patricio Villarejo (Cello)","Piano, Bass, 6 Bandoneons, 3 Violins, 2 Cello, Guitar, Viola"
Astor Piazzolla,Astor Piazzolla & The New Tango Sex-Tet (Astor Piazzolla y su Sexteto Nuevo Tango),1996,Imagenes,,,Instrumental,Intuition,CD,,,,,Astor Piazzolla,,Gerardo Gandini,Angel Ridolfi,"Astor Piazzolla, Daniel Binelli","Carlos Nozzi (Cello), Horacio Malvicino (Guitar)","Piano, Bass, 2 Bandoneons, Cello, Guitar"
Astor Piazzolla,Astor Piazzolla & The New Tango Sex-Tet (Astor Piazzolla y su Sexteto Nuevo Tango),1996,Milonga Para Tres,,,Instrumental,Intuition,CD,,,,,Astor Piazzolla,,Gerardo Gandini,Angel Ridolfi,"Astor Piazzolla, Daniel Binelli","Carlos Nozzi (Cello), Horacio Malvicino (Guitar)","Piano, Bass, 2 Bandoneons, Cello, Guitar"
Astor Piazzolla,Astor Piazzolla & The New Tango Sex-Tet (Astor Piazzolla y su Sexteto Nuevo Tango),1996,Buenos Aires Hora Cero,,,Instrumental,Intuition,CD,,,,,Astor Piazzolla,,Gerardo Gandini,Angel Ridolfi,"Astor Piazzolla, Daniel Binelli","Carlos Nozzi (Cello), Horacio Malvicino (Guitar)","Piano, Bass, 2 Bandoneons, Cello, Guitar"
Astor Piazzolla,Astor Piazzolla & The New Tango Sex-Tet (Astor Piazzolla y su Sexteto Nuevo Tango),1996,Paisajes Obscuras Dos Estrellas,,,Instrumental,Intuition,CD,,,,,Astor Piazzolla,,Gerardo Gandini,Angel Ridolfi,"Astor Piazzolla, Daniel Binelli","Carlos Nozzi (Cello), Horacio Malvicino (Guitar)","Piano, Bass, 2 Bandoneons, Cello, Guitar"
Astor Piazzolla,Astor Piazzolla & The New Tango Sex-Tet (Astor Piazzolla y su Sexteto Nuevo Tango),1996,Tres Minutos con la Realidad,,,Instrumental,Intuition,CD,,,,,Astor Piazzolla,,Gerardo Gandini,Angel Ridolfi,"Astor Piazzolla, Daniel Binelli","Carlos Nozzi (Cello), Horacio Malvicino (Guitar)","Piano, Bass, 2 Bandoneons, Cello, Guitar"
Astor Piazzolla,Astor Piazzolla & The New Tango Sex-Tet (Astor Piazzolla y su Sexteto Nuevo Tango),1996,Mumuki,,,Instrumental,Intuition,CD,,,,,Astor Piazzolla,,Gerardo Gandini,Angel Ridolfi,"Astor Piazzolla, Daniel Binelli","Carlos Nozzi (Cello), Horacio Malvicino (Guitar)","Piano, Bass, 2 Bandoneons, Cello, Guitar"
Astor Piazzolla,Astor Piazzolla & The New Tango Sex-Tet (Astor Piazzolla y su Sexteto Nuevo Tango),1996,Sexteto,Sex-Tet,,Instrumental,Intuition,CD,,,,,Astor Piazzolla,,Gerardo Gandini,Angel Ridolfi,"Astor Piazzolla, Daniel Binelli","Carlos Nozzi (Cello), Horacio Malvicino (Guitar)","Piano, Bass, 2 Bandoneons, Cello, Guitar"
Astor Piazzolla,Astor Piazzolla & The New Tango Sex-Tet (Astor Piazzolla y su Sexteto Nuevo Tango),1996,Adiós Nonino,,,Instrumental,Intuition,CD,,,,,Astor Piazzolla,,Gerardo Gandini,Angel Ridolfi,"Astor Piazzolla, Daniel Binelli","Carlos Nozzi (Cello), Horacio Malvicino (Guitar)","Piano, Bass, 2 Bandoneons, Cello, Guitar"
Astor Piazzolla,Astor Piazzolla & The New Tango Sex-Tet (Astor Piazzolla y su Sexteto Nuevo Tango),1996,Prelude To The Cyclical Night,Tema del Disco #164 Part Two,,Instrumental,Intuition,CD,,,,,Astor Piazzolla,,Gerardo Gandini,Angel Ridolfi,"Astor Piazzolla, Daniel Binelli","Carlos Nozzi (Cello), Horacio Malvicino (Guitar)","Piano, Bass, 2 Bandoneons, Cello, Guitar"
Astor Piazzolla,Astor Piazzolla & The New Tango Sex-Tet (Astor Piazzolla y su Sexteto Nuevo Tango),1997,Tanguedia Iii,,,Instrumental,Intuition,CD,,,,,Astor Piazzolla,,Gerardo Gandini,Hector Console,"Astor Piazzolla, Daniel Binelli","Jose Bragato (Cello), Horacio Malvicino (Guitar)","Piano, Bass, 2 Bandoneons, Cello, Guitar"
Astor Piazzolla,Astor Piazzolla & The New Tango Sex-Tet (Astor Piazzolla y su Sexteto Nuevo Tango),1997,Milonga del Angel,,,Instrumental,Intuition,CD,,,,,Astor Piazzolla,,Gerardo Gandini,Hector Console,"Astor Piazzolla, Daniel Binelli","Jose Bragato (Cello), Horacio Malvicino (Guitar)","Piano, Bass, 2 Bandoneons, Cello, Guitar"
Astor Piazzolla,Astor Piazzolla & The New Tango Sex-Tet (Astor Piazzolla y su Sexteto Nuevo Tango),1997,Sex-Tet,Sex-Tet,,Instrumental,Intuition,CD,,,,,Astor Piazzolla,,Gerardo Gandini,Hector Console,"Astor Piazzolla, Daniel Binelli","Jose Bragato (Cello), Horacio Malvicino (Guitar)","Piano, Bass, 2 Bandoneons, Cello, Guitar"
Astor Piazzolla,Astor Piazzolla & The New Tango Sex-Tet (Astor Piazzolla y su Sexteto Nuevo Tango),1997,Michelangelo,,,Instrumental,Intuition,CD,,,,,Astor Piazzolla,,Gerardo Gandini,Hector Console,"Astor Piazzolla, Daniel Binelli","Jose Bragato (Cello), Horacio Malvicino (Guitar)","Piano, Bass, 2 Bandoneons, Cello, Guitar"
Astor Piazzolla,Astor Piazzolla & The New Tango Sex-Tet (Astor Piazzolla y su Sexteto Nuevo Tango),1997,Mumuki,Tema del Disco #171 Remasterizado,,Instrumental,Intuition,CD,,,,,Astor Piazzolla,,Gerardo Gandini,Hector Console,"Astor Piazzolla, Daniel Binelli","Jose Bragato (Cello), Horacio Malvicino (Guitar)","Piano, Bass, 2 Bandoneons, Cello, Guitar"
Astor Piazzolla,Astor Piazzolla & The New Tango Sex-Tet (Astor Piazzolla y su Sexteto Nuevo Tango),1997,Tango Zero Hour,Buenos Aires Hora Cero,,Instrumental,Intuition,CD,,,,,Astor Piazzolla,,Gerardo Gandini,Hector Console,"Astor Piazzolla, Daniel Binelli","Jose Bragato (Cello), Horacio Malvicino (Guitar)","Piano, Bass, 2 Bandoneons, Cello, Guitar"
Astor Piazzolla,Astor Piazzolla & The New Tango Sex-Tet (Astor Piazzolla y su Sexteto Nuevo Tango),1997,Adiós Nonino,Tema del Disco #171 Remasterizado,,Instrumental,Intuition,CD,,,,,Astor Piazzolla,,Gerardo Gandini,Hector Console,"Astor Piazzolla, Daniel Binelli","Jose Bragato (Cello), Horacio Malvicino (Guitar)","Piano, Bass, 2 Bandoneons, Cello, Guitar"
Astor Piazzolla,Astor Piazzolla & The New Tango Sex-Tet (Astor Piazzolla y su Sexteto Nuevo Tango),1997,Tres Minutos con la Realidad,Tema del Disco #171 Remasterizado,,Instrumental,Intuition,CD,,,,,Astor Piazzolla,,Gerardo Gandini,Hector Console,"Astor Piazzolla, Daniel Binelli","Jose Bragato (Cello), Horacio Malvicino (Guitar)","Piano, Bass, 2 Bandoneons, Cello, Guitar"
Astor Piazzolla,Astor Piazzolla & The New Tango Sex-Tet (Astor Piazzolla y su Sexteto Nuevo Tango),1989-11-04,Tanguedia Iii,,,Instrumental,Milan,CD,,,,,Astor Piazzolla,,Gerardo Gandini,Angel Ridolfi,"Astor Piazzolla, Daniel Binelli","Carlos Nozzi (Cello), Horacio Malvicino (Guitar)","Piano, Bass, 2 Bandoneons, Cello, Guitar"
Astor Piazzolla,Astor Piazzolla & The New Tango Sex-Tet (Astor Piazzolla y su Sexteto Nuevo Tango),1989-11-04,Milonga del Angel,,,Instrumental,Milan,CD,,,,,Astor Piazzolla,,Gerardo Gandini,Angel Ridolfi,"Astor Piazzolla, Daniel Binelli","Carlos Nozzi (Cello), Horacio Malvicino (Guitar)","Piano, Bass, 2 Bandoneons, Cello, Guitar"
Astor Piazzolla,Astor Piazzolla & The New Tango Sex-Tet (Astor Piazzolla y su Sexteto Nuevo Tango),1989-11-04,Buenos Aires Hora Cero,,,Instrumental,Milan,CD,,,,,Astor Piazzolla,,Gerardo Gandini,Angel Ridolfi,"Astor Piazzolla, Daniel Binelli","Carlos Nozzi (Cello), Horacio Malvicino (Guitar)","Piano, Bass, 2 Bandoneons, Cello, Guitar"
Astor Piazzolla,Astor Piazzolla & The New Tango Sex-Tet (Astor Piazzolla y su Sexteto Nuevo Tango),1989-11-04,Adiós Nonino,,,Instrumental,Milan,CD,,,,,Astor Piazzolla,,Gerardo Gandini,Angel Ridolfi,"Astor Piazzolla, Daniel Binelli","Carlos Nozzi (Cello), Horacio Malvicino (Guitar)","Piano, Bass, 2 Bandoneons, Cello, Guitar"
Astor Piazzolla,Astor Piazzolla & The New Tango Sex-Tet (Astor Piazzolla y su Sexteto Nuevo Tango),1989-11-04,Mumuki,,,Instrumental,Milan,CD,,,,,Astor Piazzolla,,Gerardo Gandini,Angel Ridolfi,"Astor Piazzolla, Daniel Binelli","Carlos Nozzi (Cello), Horacio Malvicino (Guitar)","Piano, Bass, 2 Bandoneons, Cello, Guitar"
Astor Piazzolla,Astor Piazzolla & The New Tango Sex-Tet (Astor Piazzolla y su Sexteto Nuevo Tango),1989-11-04,Contrabajisimo,,,Instrumental,Milan,CD,,,,,Astor Piazzolla,,Gerardo Gandini,Angel Ridolfi,"Astor Piazzolla, Daniel Binelli","Carlos Nozzi (Cello), Horacio Malvicino (Guitar)","Piano, Bass, 2 Bandoneons, Cello, Guitar"
Astor Piazzolla,Astor Piazzolla & The New Tango Sex-Tet (Astor Piazzolla y su Sexteto Nuevo Tango),1989-11-04,Reality,,,Instrumental,Milan,CD,,,,,Astor Piazzolla,,Gerardo Gandini,Angel Ridolfi,"Astor Piazzolla, Daniel Binelli","Carlos Nozzi (Cello), Horacio Malvicino (Guitar)","Piano, Bass, 2 Bandoneons, Cello, Guitar"
Astor Piazzolla,Astor Piazzolla & The New Tango Sex-Tet (Astor Piazzolla y su Sexteto Nuevo Tango),1989-11-04,Operacion Tango,,,Instrumental,Milan,CD,,,,,Astor Piazzolla,,Gerardo Gandini,Angel Ridolfi,"Astor Piazzolla, Daniel Binelli","Carlos Nozzi (Cello), Horacio Malvicino (Guitar)","Piano, Bass, 2 Bandoneons, Cello, Guitar"
Astor Piazzolla,Astor Piazzolla & The New Tango Sex-Tet (Astor Piazzolla y su Sexteto Nuevo Tango),1989-11-04,Nuevo Tango,,,Instrumental,Milan,CD,,,,,Astor Piazzolla,,Gerardo Gandini,Angel Ridolfi,"Astor Piazzolla, Daniel Binelli","Carlos Nozzi (Cello), Horacio Malvicino (Guitar)","Piano, Bass, 2 Bandoneons, Cello, Guitar"
Astor Piazzolla,Astor Piazzolla & The New Tango Sex-Tet (Astor Piazzolla y su Sexteto Nuevo Tango),1989-11-04,Camorra Ii,,,Instrumental,Milan,CD,,,,,Astor Piazzolla,,Gerardo Gandini,Angel Ridolfi,"Astor Piazzolla, Daniel Binelli","Carlos Nozzi (Cello), Horacio Malvicino (Guitar)","Piano, Bass, 2 Bandoneons, Cello, Guitar"
Astor Piazzolla,Kronos Quartet With Astor Piazzolla,1991,Asleep,,,Instrumental,Elektra / Nonesuch,CD,,,,,Astor Piazzolla,,,,,"Kronos Quartet: David Harrington, John Sherba, Hank Dutt (Viola)","2 Violins, Viola"
Astor Piazzolla,Kronos Quartet With Astor Piazzolla,1991,Loving,,,Instrumental,Elektra / Nonesuch,CD,,,,,Astor Piazzolla,,,,,"Kronos Quartet: David Harrington, John Sherba, Hank Dutt (Viola)","2 Violins, Viola"
Astor Piazzolla,Kronos Quartet With Astor Piazzolla,1991,Anxiety,,,Instrumental,Elektra / Nonesuch,CD,,,,,Astor Piazzolla,,,,,"Kronos Quartet: David Harrington, John Sherba, Hank Dutt (Viola)","2 Violins, Viola"
Astor Piazzolla,Kronos Quartet With Astor Piazzolla,1991,Despertar,,,Instrumental,Elektra / Nonesuch,CD,,,,,Astor Piazzolla,,,,,"Kronos Quartet: David Harrington, John Sherba, Hank Dutt (Viola)","2 Violins, Viola"
Astor Piazzolla,Kronos Quartet With Astor Piazzolla,1991,Fear,,,Instrumental,Elektra / Nonesuch,CD,,,,,Astor Piazzolla,,,,,"Kronos Quartet: David Harrington, John Sherba, Hank Dutt (Viola)","2 Violins, Viola"
Astor Piazzolla,Astor Piazzolla - Athens Colours Orchestra - Manos Hadjidakis,1990-07-03,1) Allegro Tranquillo,,,Instrumental,Milan Latino,CD,,,,,Astor Piazzolla,,,,,,
Astor Piazzolla,Astor Piazzolla - Athens Colours Orchestra - Manos Hadjidakis,1990-07-03,2) Moderato Mistico,,,Instrumental,Milan Latino,CD,,,,,Astor Piazzolla,,,,,,
Astor Piazzolla,Astor Piazzolla - Athens Colours Orchestra - Manos Hadjidakis,1990-07-03,3) Allegretto Molto Marcato,,,Instrumental,Milan Latino,CD,,,,,Astor Piazzolla,,,,,,
Astor Piazzolla,Astor Piazzolla - Athens Colours Orchestra - Manos Hadjidakis,1990-07-03,Adiós Nonino,,,Instrumental,Milan Latino,CD,,,,,Astor Piazzolla,,,,,,
Astor Piazzolla,Astor Piazzolla - Athens Colours Orchestra - Manos Hadjidakis,1990-07-03,1) Allegro Marcato,,,Instrumental,Milan Latino,CD,,,,,Astor Piazzolla,,,,,,
Astor Piazzolla,Astor Piazzolla - Athens Colours Orchestra - Manos Hadjidakis,1990-07-03,2) Moderato,,,Instrumental,Milan Latino,CD,,,,,Astor Piazzolla,,,,,,
Astor Piazzolla,Astor Piazzolla - Athens Colours Orchestra - Manos Hadjidakis,1990-07-03,3) Presto,,,Instrumental,Milan Latino,CD,,,,,Astor Piazzolla,,,,,,
Astor Piazzolla,Gary Burton And Astor Piazzolla,1998,Mi Refugio,,,Instrumental,Concord Jazz,CD,,,"Juan Cobián, Pedro Córdoba",,Horacio Malvicino,,,,Gary Burton (Vibrafono). Arreglos: Horacio Malvicino. Astor Piazzolla,,Bandoneon
Astor Piazzolla,Yo-Yo Ma And Astor Piazzolla,1997,Tango Remembrances,,,Instrumental,Sony Classical,CD,,,"Jorge Calandrelli, Astor Piazzolla",,Jorge Calandrelli,,,,Astor Piazzolla,,Bandoneon
