Bandleader,Orchestra,Date,Title,AltTitle,Genre,Singer,Label,Master,Matrix,Disc,Composer,Author,Arranger,Grouping,Pianist,Bassist,Bandoneons,Strings,Lineup,Img_Type,Img_Folder,Img_Side,Img_Album
Carlos Di Sarli,Sexteto Di Sarli,11/26/1928,La Guitarrita,,Tango,Instrumental,Víctor,78rpm,44387,47003,Eduardo Arolas,Gabriel Clausi,,28-31 Sexteto,Carlos Di Sarli,Domingo Capurro,"César Ginzo, Tito Landó","José Pécora, Héctor Lefalle","Piano, Bass, 2 Bandoneons, 2 Violins",Single,28-31 Sexteto,B,1928-11-26_La-Guitarrita_Sarli
Carlos Di Sarli,Sexteto Di Sarli,11/26/1928,T.B.C.,,Tango,Instrumental,Víctor,78rpm,44386,47003,Ascanio Donato,"Roberto Fontaina, Víctor Soliño",,28-31 Sexteto,Carlos Di Sarli,Domingo Capurro,"César Ginzo, Tito Landó","José Pécora, Héctor Lefalle","Piano, Bass, 2 Bandoneons, 2 Violins",Single,28-31 Sexteto,A,1928-11-26_T-B-C_Sarli
Carlos Di Sarli,Sexteto Di Sarli,1/8/1929,Arlequín,,Tango,Instrumental,Víctor,78rpm,44421,47020,Pedro Vérgez,Mario Battistella,,28-31 Sexteto,Carlos Di Sarli,Domingo Capurro,"César Ginzo, Tito Landó","Adolfo Muzzi, Héctor Lefalle","Piano, Bass, 2 Bandoneons, 2 Violins",Single,28-31 Sexteto,B,1929-01-08_Arlequin_Sarli
Carlos Di Sarli,Sexteto Di Sarli,1/8/1929,Ufa Qué Secante,,Tango,Instrumental,Víctor,78rpm,44420,47020,Manuel Buzón,Celedonio Flores,,28-31 Sexteto,Carlos Di Sarli,Domingo Capurro,"César Ginzo, Tito Landó","Adolfo Muzzi, Héctor Lefalle","Piano, Bass, 2 Bandoneons, 2 Violins",Single,28-31 Sexteto,A,1929-01-08_Ufa-Que-Secante_Sarli
Carlos Di Sarli,Sexteto Di Sarli,3/1/1929,Cuando Bronca el Temporal,,Tango,Instrumental,Víctor,78rpm,44447,47033,Gerardo Rodríguez,Ernesto Marsili,,28-31 Sexteto,Carlos Di Sarli,Domingo Capurro,"César Ginzo, Tito Landó","Adolfo Muzzi, Héctor Lefalle","Piano, Bass, 2 Bandoneons, 2 Violins",Single,28-31 Sexteto,B,1929-03-01_Cuando-Bronca-El-Temporal_Sarli
Carlos Di Sarli,Sexteto Di Sarli,3/1/1929,Soy un Arlequín,,Tango,Instrumental,Víctor,78rpm,44446,47033,Enrique Discépolo,Enrique Discépolo,,28-31 Sexteto,Carlos Di Sarli,Domingo Capurro,"César Ginzo, Tito Landó","Adolfo Muzzi, Héctor Lefalle","Piano, Bass, 2 Bandoneons, 2 Violins",Single,28-31 Sexteto,A,1929-03-01_Soy-Un-Arlequin_Sarli
Carlos Di Sarli,Sexteto Di Sarli,3/27/1929,Carnaval de Antaño,,Tango,Instrumental,Víctor,78rpm,44488,47054,Sebastián Piana,Manuel Romero,,28-31 Sexteto,Carlos Di Sarli,Domingo Capurro,"César Ginzo, Tito Landó","Adolfo Muzzi, Héctor Lefalle","Piano, Bass, 2 Bandoneons, 2 Violins",Single,28-31 Sexteto,A,1929-03-27_Carnaval-De-Antano_Sarli
Carlos Di Sarli,Sexteto Di Sarli,3/27/1929,Un Lamento,,Tango,Instrumental,Víctor,78rpm,44489,47054,Graciano De Leone,Pedro C.,,28-31 Sexteto,Carlos Di Sarli,Domingo Capurro,"César Ginzo, Tito Landó","Adolfo Muzzi, Héctor Lefalle","Piano, Bass, 2 Bandoneons, 2 Violins",Single,28-31 Sexteto,B,1929-03-27_Un-Lamento_Sarli
Carlos Di Sarli,Sexteto Di Sarli,7/11/1929,El Paladín,,Tango,Instrumental,Víctor,78rpm,44645,47138,Agustín Bardi,,,28-31 Sexteto,Carlos Di Sarli,Domingo Capurro,"César Ginzo, Tito Landó","Adolfo Muzzi, Héctor Lefalle","Piano, Bass, 2 Bandoneons, 2 Violins",Single,28-31 Sexteto,,1929-07-11_El-Paladin_Sarli
Carlos Di Sarli,Sexteto Di Sarli,7/11/1929,Sos una Fiera,,Tango,Roberto Deirene,Víctor,78rpm,44644,47138,José Laina,"Roberto Fontaina, Víctor Seminario",,28-31 Sexteto,Carlos Di Sarli,Domingo Capurro,"César Ginzo, Tito Landó","Adolfo Muzzi, Héctor Lefalle","Piano, Bass, 2 Bandoneons, 2 Violins",Single,28-31 Sexteto,A,1929-07-11_Sos-Una-Fiera_Sarli
Carlos Di Sarli,Sexteto Di Sarli,7/11/1929,Sos una Fiera,,Tango,Instrumental,Víctor,78rpm,44644,47138,José Laina,"Roberto Fontaina, Víctor Seminario",,28-31 Sexteto,Carlos Di Sarli,Domingo Capurro,"César Ginzo, Tito Landó","Adolfo Muzzi, Héctor Lefalle","Piano, Bass, 2 Bandoneons, 2 Violins",Single,28-31 Sexteto,B,1929-07-11_Sos-Una-Fiera_Sarli
Carlos Di Sarli,Sexteto Di Sarli,8/14/1929,Flor Marchita,,Tango,Instrumental,Víctor,78rpm,44704,47156,Juan Feliú,Carlos Lopettini,,28-31 Sexteto,Carlos Di Sarli,Domingo Capurro,"César Ginzo, Tito Landó","Adolfo Muzzi, Héctor Lefalle","Piano, Bass, 2 Bandoneons, 2 Violins",Single,28-31 Sexteto,A,1929-08-14_Flor-Marchita_Sarli
Carlos Di Sarli,Sexteto Di Sarli,8/14/1929,Mi Pibe,La Chance,Tango,Instrumental,Víctor,78rpm,44705,47156,Enrique Delfino,Manuel Romero,,28-31 Sexteto,Carlos Di Sarli,Domingo Capurro,"César Ginzo, Tito Landó","Adolfo Muzzi, Héctor Lefalle","Piano, Bass, 2 Bandoneons, 2 Violins",Single,28-31 Sexteto,B,1929-08-14_Mi-Pibe_Sarli
Carlos Di Sarli,Sexteto Di Sarli,10/9/1929,Barrilete,,Tango,Instrumental,Víctor,78rpm,44837,47205,Alfonso Lacueva,,,28-31 Sexteto,Carlos Di Sarli,Domingo Capurro,"César Ginzo, Tito Landó","Adolfo Muzzi, Héctor Lefalle","Piano, Bass, 2 Bandoneons, 2 Violins",Single,28-31 Sexteto,A,1929-10-09_Barrilete_Sarli
Carlos Di Sarli,Sexteto Di Sarli,10/9/1929,Belén,,Tango,Instrumental,Víctor,78rpm,44835,47226,Augusto Berto,,,28-31 Sexteto,Carlos Di Sarli,Domingo Capurro,"César Ginzo, Tito Landó","Adolfo Muzzi, Héctor Lefalle","Piano, Bass, 2 Bandoneons, 2 Violins",Single,28-31 Sexteto,A,1929-10-09_Belen_Sarli
Carlos Di Sarli,Sexteto Di Sarli,10/9/1929,El Calabozo,,Tango,Instrumental,Víctor,78rpm,44838,47205,Augusto Gentile,,,28-31 Sexteto,Carlos Di Sarli,Domingo Capurro,"César Ginzo, Tito Landó","Adolfo Muzzi, Héctor Lefalle","Piano, Bass, 2 Bandoneons, 2 Violins",Single,28-31 Sexteto,A,1929-10-09_El-Calabozo_Sarli
Carlos Di Sarli,Sexteto Di Sarli,10/9/1929,Pobre Yo,,Tango,Instrumental,Víctor,78rpm,44836,47226,César Petrone,César Petrone,,28-31 Sexteto,Carlos Di Sarli,Domingo Capurro,"César Ginzo, Tito Landó","Adolfo Muzzi, Héctor Lefalle","Piano, Bass, 2 Bandoneons, 2 Violins",Single,28-31 Sexteto,B,1929-10-09_Pobre-Yo_Sarli
Carlos Di Sarli,Sexteto Di Sarli,10/28/1929,Che Bacana,,Tango,Instrumental,Víctor,78rpm,44865,47239,Guillermo Cavazza,Reinaldo Pignataro,,28-31 Sexteto,Carlos Di Sarli,Domingo Capurro,"César Ginzo, Tito Landó","Roberto Guisado, Héctor Lefalle","Piano, Bass, 2 Bandoneons, 2 Violins",Single,28-31 Sexteto,A,1929-10-28_Che-Bacana_Sarli
Carlos Di Sarli,Sexteto Di Sarli,11/16/1929,Colibriyo,,Tango,Santiago Devin,Víctor,78rpm,44902,47264,Pascual Martínez,Pascual Martínez,,28-31 Sexteto,Carlos Di Sarli,Domingo Capurro,"César Ginzo, Tito Landó","Roberto Guisado, Héctor Lefalle","Piano, Bass, 2 Bandoneons, 2 Violins",Single,28-31 Sexteto,B,1929-11-16_Colibriyo_Sarli
Carlos Di Sarli,Sexteto Di Sarli,11/16/1929,Cortate el Pelo,,Tango,Santiago Devin,Víctor,78rpm,44903,47264,Fernando Montoni,Manuel Romero,,28-31 Sexteto,Carlos Di Sarli,Domingo Capurro,"César Ginzo, Tito Landó","Roberto Guisado, Héctor Lefalle","Piano, Bass, 2 Bandoneons, 2 Violins",Single,28-31 Sexteto,A,1929-11-16_Cortate-El-Pelo_Sarli
Carlos Di Sarli,Sexteto Di Sarli,11/16/1929,Sos una Maquieta,,Tango,Santiago Devin,Víctor,78rpm,44901,47239,Rodolfo Sciammarella,Enrique Maroni,,28-31 Sexteto,Carlos Di Sarli,Domingo Capurro,"César Ginzo, Tito Landó","Roberto Guisado, Héctor Lefalle","Piano, Bass, 2 Bandoneons, 2 Violins",Single,28-31 Sexteto,B,1929-11-16_Sos-Una-Maquieta_Sarli
Carlos Di Sarli,Sexteto Di Sarli,12/31/1929,Campaneando,,Tango,Santiago Devin,Víctor,78rpm,44940,47313,"Mauricio Saiovich, Alejandro Del Barrio",Alejandro Del Barrio,,28-31 Sexteto,Carlos Di Sarli,Domingo Capurro,"César Ginzo, Tito Landó","Roberto Guisado, Héctor Lefalle","Piano, Bass, 2 Bandoneons, 2 Violins",Single,28-31 Sexteto,B,1929-12-31_Campaneando_Sarli
Carlos Di Sarli,Sexteto Di Sarli,12/31/1929,No Te Aguanto Más,,Tango,Instrumental,Víctor,78rpm,44942,47282,Adolfo Mondino,Ray Rada,,28-31 Sexteto,Carlos Di Sarli,Domingo Capurro,"César Ginzo, Tito Landó","Roberto Guisado, Héctor Lefalle","Piano, Bass, 2 Bandoneons, 2 Violins",Single,28-31 Sexteto,A,1929-12-31_No-Te-Aguanto-Mas_Sarli
Carlos Di Sarli,Sexteto Di Sarli,12/31/1929,Qué Reo Sos,,Tango,Santiago Devin,Víctor,78rpm,44939,47313,Juan Collazo,"Roberto Fontaina, Víctor Soliño",,28-31 Sexteto,Carlos Di Sarli,Domingo Capurro,"César Ginzo, Tito Landó","Roberto Guisado, Héctor Lefalle","Piano, Bass, 2 Bandoneons, 2 Violins",Single,28-31 Sexteto,A,1929-12-31_Que-Reo-Sos_Sarli
Carlos Di Sarli,Sexteto Di Sarli,12/31/1929,Quién Te Ve,,Tango,Santiago Devin,Víctor,78rpm,44941,47282,Juan Rodríguez,Enrique Cadícamo,,28-31 Sexteto,Carlos Di Sarli,Domingo Capurro,"César Ginzo, Tito Landó","Roberto Guisado, Héctor Lefalle","Piano, Bass, 2 Bandoneons, 2 Violins",Single,28-31 Sexteto,A,1929-12-31_Quien-Te-Ve_Sarli
Carlos Di Sarli,Sexteto Di Sarli,1/24/1930,Algo Bueno,,Tango,Instrumental,Víctor,78rpm,60007,47344,"Alfonso Gagliano, Pedro Gagliano",Carlos Bahr,,28-31 Sexteto,Carlos Di Sarli,Domingo Capurro,"César Ginzo, Tito Landó","Roberto Guisado, Héctor Lefalle","Piano, Bass, 2 Bandoneons, 2 Violins",Single,28-31 Sexteto,B,1930-01-24_Algo-Bueno_Sarli
Carlos Di Sarli,Sexteto Di Sarli,1/24/1930,Cicatrices,,Tango,Santiago Devin,Víctor,78rpm,60006,47344,Adolfo Avilés,Enrique Maroni,,28-31 Sexteto,Carlos Di Sarli,Domingo Capurro,"César Ginzo, Tito Landó","Roberto Guisado, Héctor Lefalle","Piano, Bass, 2 Bandoneons, 2 Violins",Single,28-31 Sexteto,A,1930-01-24_Cicatrices_Sarli
Carlos Di Sarli,Sexteto Di Sarli,3/17/1930,El Cantar de Aquel Malevo,,Tango,Santiago Devin,Víctor,78rpm,60057,47383,Rodolfo Sciammarella,Andrés Pulido,,28-31 Sexteto,Carlos Di Sarli,Domingo Capurro,"César Ginzo, Tito Landó","Roberto Guisado, Héctor Lefalle","Piano, Bass, 2 Bandoneons, 2 Violins",LP,Criollo Viejo,B,Criollo Viejo
Carlos Di Sarli,Sexteto Di Sarli,3/17/1930,Rosamel,,Vals,Santiago Devin,Víctor,78rpm,60058,47383,Carlos Di Sarli,A. Oro,,28-31 Sexteto,Carlos Di Sarli,Domingo Capurro,"César Ginzo, Tito Landó","Roberto Guisado, Héctor Lefalle","Piano, Bass, 2 Bandoneons, 2 Violins",EP,El Maestro Y Yo,B,
Carlos Di Sarli,Sexteto Di Sarli,5/8/1930,Criollo Viejo,,Tango,Instrumental,Víctor,78rpm,60194,47467,Vicente Greco,,,28-31 Sexteto,Carlos Di Sarli,Domingo Capurro,"César Ginzo, Tito Landó","Roberto Guisado, Héctor Lefalle","Piano, Bass, 2 Bandoneons, 2 Violins",Single,28-31 Sexteto,B,1930-05-08_Criollo-Viejo_Sarli
Carlos Di Sarli,Sexteto Di Sarli,5/8/1930,Sábado,,Tango,Instrumental,Víctor,78rpm,60193,47410,Udelino Toranzo,,,28-31 Sexteto,Carlos Di Sarli,Domingo Capurro,"César Ginzo, Tito Landó","Roberto Guisado, Héctor Lefalle","Piano, Bass, 2 Bandoneons, 2 Violins",Single,28-31 Sexteto,B,1930-05-08_Sabado_Sarli
Carlos Di Sarli,Sexteto Di Sarli,6/3/1930,No Cantés Victoria,,Tango,Instrumental,Víctor,78rpm,60287,47410,Arturo Bettoni,Alberto Munilla,,28-31 Sexteto,Carlos Di Sarli,Domingo Capurro,"César Ginzo, Tito Landó","Roberto Guisado, Héctor Lefalle","Piano, Bass, 2 Bandoneons, 2 Violins",Single,28-31 Sexteto,A,1930-06-03_No-Cantes-Victoria_Sarli
Carlos Di Sarli,Sexteto Di Sarli,6/3/1930,Racing Club,,Tango,Instrumental,Víctor,78rpm,60288,47438,Vicente Greco,Ernesto Temes,,28-31 Sexteto,Carlos Di Sarli,Domingo Capurro,"César Ginzo, Tito Landó","Roberto Guisado, Héctor Lefalle","Piano, Bass, 2 Bandoneons, 2 Violins",Single,28-31 Sexteto,A,1930-06-03_Racing-Club_Sarli
Carlos Di Sarli,Sexteto Di Sarli,6/16/1930,Don José María,,Tango,Instrumental,Víctor,78rpm,60335,47467,Anselmo Mendizábal,"Carlos Waiss, Ernesto Temes",,28-31 Sexteto,Carlos Di Sarli,Domingo Capurro,"César Ginzo, Tito Landó","Roberto Guisado, Héctor Lefalle","Piano, Bass, 2 Bandoneons, 2 Violins",Single,28-31 Sexteto,A,1930-06-16_Don-Jose-Maria_Sarli
Carlos Di Sarli,Sexteto Di Sarli,6/16/1930,Palito,,Tango,Instrumental,Víctor,78rpm,60334,47438,Elio Rietti,Manuel Meaños,,28-31 Sexteto,Carlos Di Sarli,Domingo Capurro,"César Ginzo, Tito Landó","Roberto Guisado, Héctor Lefalle","Piano, Bass, 2 Bandoneons, 2 Violins",Single,28-31 Sexteto,B,1930-06-16_Palito_Sarli
Carlos Di Sarli,Sexteto Di Sarli,9/3/1930,Chau Pinela,,Tango,Ernesto Famá,Víctor,78rpm,60395,47485,Humberto Castiglioni,Humberto Castiglioni,,28-31 Sexteto,Carlos Di Sarli,Domingo Capurro,"César Ginzo, Tito Landó","Roberto Guisado, Héctor Lefalle","Piano, Bass, 2 Bandoneons, 2 Violins",,,,
Carlos Di Sarli,Sexteto Di Sarli,9/3/1930,Por la Pinta,,Tango,Ernesto Famá,Víctor,78rpm,60396,47485,Fernando Franco,José De Grandis,,28-31 Sexteto,Carlos Di Sarli,Domingo Capurro,"César Ginzo, Tito Landó","Roberto Guisado, Héctor Lefalle","Piano, Bass, 2 Bandoneons, 2 Violins",LP,1929-1947,A,1929-1947
Carlos Di Sarli,Sexteto Di Sarli,11/4/1930,Añorándote,,Tango,Instrumental,Víctor,78rpm,60485,47519,"Pascual Verzino, Romeo Guidi",José Staffolani,,28-31 Sexteto,Carlos Di Sarli,Domingo Capurro,"César Ginzo, Tito Landó","Roberto Guisado, Héctor Lefalle","Piano, Bass, 2 Bandoneons, 2 Violins",,,,
Carlos Di Sarli,Sexteto Di Sarli,11/4/1930,Flora,,Tango,Ernesto Famá,Víctor,78rpm,60484,47519,Augusto Berto,Carlos Sarmiento,,28-31 Sexteto,Carlos Di Sarli,Domingo Capurro,"César Ginzo, Tito Landó","Roberto Guisado, Héctor Lefalle","Piano, Bass, 2 Bandoneons, 2 Violins",,,,
Carlos Di Sarli,Sexteto Di Sarli,11/4/1930,La Estancia,,Tango,Ernesto Famá,Víctor,78rpm,60483,47534,Pintín Castellanos,Pintín Castellanos,,28-31 Sexteto,Carlos Di Sarli,Domingo Capurro,"César Ginzo, Tito Landó","Roberto Guisado, Héctor Lefalle","Piano, Bass, 2 Bandoneons, 2 Violins",Single,28-31 Sexteto,B,1930-11-04_La-Estancia_Sarli
Carlos Di Sarli,Sexteto Di Sarli,11/4/1930,Que Torcido Andás Julián,,Tango,Ernesto Famá,Víctor,78rpm,60482,47534,Fausto Frontera,Enrique Cadícamo,,28-31 Sexteto,Carlos Di Sarli,Domingo Capurro,"César Ginzo, Tito Landó","Roberto Guisado, Héctor Lefalle","Piano, Bass, 2 Bandoneons, 2 Violins",Single,28-31 Sexteto,A,1930-11-04_Que-Torcido-Andas-Julian_Sarli
Carlos Di Sarli,Sexteto Di Sarli,1/10/1931,Cachivache,,Tango,Fernando Díaz,Víctor,78rpm,60575,47527,C. Gallardo,Raúl Lara,,28-31 Sexteto,Carlos Di Sarli,Domingo Capurro,"Ricardo Gargiulo, Tito Landó","Roberto Guisado, Héctor Lefalle","Piano, Bass, 2 Bandoneons, 2 Violins",LP,El Señor Del Tango - 30 Años De Exitos A Traves De Sus Discos En RCA Victor,B,El Señor Del Tango - 30 Años De Exitos A Traves De Sus Discos En RCA Victor
Carlos Di Sarli,Sexteto Di Sarli,1/10/1931,Que Dios Te Perdone,,Tango,Fernando Díaz,Víctor,78rpm,60574,47577,Manuel Flores,Celedonio Flores,,28-31 Sexteto,Carlos Di Sarli,Domingo Capurro,"Ricardo Gargiulo, Tito Landó","Roberto Guisado, Héctor Lefalle","Piano, Bass, 2 Bandoneons, 2 Violins",,,,
Carlos Di Sarli,Sexteto Di Sarli,6/3/1931,Si Yo Soñara,,Vals,Instrumental,Víctor,78rpm,60814,47685,Joseph Burke,"Carlos Sánchez, Federico Saniez",,28-31 Sexteto,Carlos Di Sarli,Domingo Capurro,"Ricardo Gargiulo, Tito Landó","Roberto Guisado, Héctor Lefalle","Piano, Bass, 2 Bandoneons, 2 Violins",,,,
Carlos Di Sarli,Sexteto Di Sarli,6/3/1931,Sobre el Pucho,,Tango,Ernesto Famá,Víctor,78rpm,60813,47685,Sebastián Piana,José Castillo,,28-31 Sexteto,Carlos Di Sarli,Domingo Capurro,"Ricardo Gargiulo, Tito Landó","Roberto Guisado, Héctor Lefalle","Piano, Bass, 2 Bandoneons, 2 Violins",LP,El Señor Del Tango - 30 Años De Exitos A Traves De Sus Discos En RCA Victor,A,El Señor Del Tango - 30 Años De Exitos A Traves De Sus Discos En RCA Victor
Carlos Di Sarli,Sexteto Di Sarli,6/23/1931,La Baguala,,Tango,Ernesto Famá,Víctor,78rpm,60848,37011,Juan Pérez,Enrique Sotelo,,28-31 Sexteto,Carlos Di Sarli,Domingo Capurro,"Ricardo Gargiulo, Tito Landó","Roberto Guisado, Héctor Lefalle","Piano, Bass, 2 Bandoneons, 2 Violins",LP,El Señor Del Tango - 30 Años De Exitos A Traves De Sus Discos En RCA Victor,B,El Señor Del Tango - 30 Años De Exitos A Traves De Sus Discos En RCA Victor
Carlos Di Sarli,Sexteto Di Sarli,6/23/1931,La Ofrenda,,Tango,Ernesto Famá,Víctor,78rpm,60849,37011,Carlos Romeu,Carlos Romeu,,28-31 Sexteto,Carlos Di Sarli,Domingo Capurro,"Ricardo Gargiulo, Tito Landó","Roberto Guisado, Héctor Lefalle","Piano, Bass, 2 Bandoneons, 2 Violins",LP,Criollo Viejo,B,Criollo Viejo
Carlos Di Sarli,Sexteto Di Sarli,8/14/1931,Maldita,,Tango,Ernesto Famá,Víctor,78rpm,60901,37038,Antonio Rodio,Celedonio Flores,,28-31 Sexteto,Carlos Di Sarli,Domingo Capurro,"Ricardo Gargiulo, Tito Landó","Roberto Guisado, Héctor Lefalle","Piano, Bass, 2 Bandoneons, 2 Violins",,,,
Carlos Di Sarli,Sexteto Di Sarli,8/14/1931,Una Noche de Garufa,,Tango,Instrumental,Víctor,78rpm,60900,37038,Eduardo Arolas,Gabriel Clausi,,28-31 Sexteto,Carlos Di Sarli,Domingo Capurro,"Ricardo Gargiulo, Tito Landó","Roberto Guisado, Héctor Lefalle","Piano, Bass, 2 Bandoneons, 2 Violins",LP,El Señor Del Tango - 30 Años De Exitos A Traves De Sus Discos En RCA Victor,A,El Señor Del Tango - 30 Años De Exitos A Traves De Sus Discos En RCA Victor
Carlos Di Sarli,Carlos Di Sarli y su Orquesta Típica,12/11/1939,Corazón,,Tango,Roberto Rufino,Víctor,78rpm,39089,38878-A,Carlos Di Sarli,Héctor Marcó,,39-41 Initial Típica,Carlos Di Sarli,Domingo Capurro,"Roberto Gianitelli, Domingo Sánchez, Roberto Mititieri","Roberto Guisado, Ángel Goicoechea, Adolfo Pérez","Piano, Bass, 3 Bandoneons, 3 Violins",Single,39-41 Initial Típica,A,1939-12-11_Corazon_Sarli
Carlos Di Sarli,Carlos Di Sarli y su Orquesta Típica,12/11/1939,El Retirao,El Retirao,Tango,Instrumental,Víctor,78rpm,39090,38878-B,Carlos Posadas,,,39-41 Initial Típica,Carlos Di Sarli,Domingo Capurro,"Roberto Gianitelli, Domingo Sánchez, Roberto Mititieri","Roberto Guisado, Ángel Goicoechea, Adolfo Pérez","Piano, Bass, 3 Bandoneons, 3 Violins",Single,39-41 Initial Típica,B,1939-12-11_El-Retirao_Sarli
Carlos Di Sarli,Carlos Di Sarli y su Orquesta Típica,2/9/1940,Catamarca,,Tango,Instrumental,Víctor,78rpm,39201,38924-A,Eduardo Arolas,Jesús Blanco,,39-41 Initial Típica,Carlos Di Sarli,Domingo Capurro,"Félix Verdi, Roberto Gianitelli, Domingo Sánchez, Roberto Mititieri, Luis Porcellana","Roberto Guisado, Ángel Goicoechea, Adolfo Pérez, Antonio Rossi","Piano, Bass, 5 Bandoneons, 4 Violins",Single,39-41 Initial Típica,A,1940-02-09_Catamarca_Sarli
Carlos Di Sarli,Carlos Di Sarli y su Orquesta Típica,2/9/1940,Milonga del Sentimiento,,Milonga,Roberto Rufino,Víctor,78rpm,39202,38824-B,Juan Barbará,Rafael Dadino,,39-41 Initial Típica,Carlos Di Sarli,Domingo Capurro,"Félix Verdi, Roberto Gianitelli, Domingo Sánchez, Roberto Mititieri, Luis Porcellana","Roberto Guisado, Ángel Goicoechea, Adolfo Pérez, Antonio Rossi","Piano, Bass, 5 Bandoneons, 4 Violins",Single,39-41 Initial Típica,B,1940-02-09_Milonga-del-Sentimiento_Sarli
Carlos Di Sarli,Carlos Di Sarli y su Orquesta Típica,2/15/1940,Alma Mía,,Vals,Roberto Rufino,Víctor,78rpm,39211,38932-B,Diego Centeno,Héctor Marcó,,39-41 Initial Típica,Carlos Di Sarli,Domingo Capurro,"Félix Verdi, Roberto Gianitelli, Domingo Sánchez, Roberto Mititieri, Luis Porcellana","Roberto Guisado, Ángel Goicoechea, Adolfo Pérez, Antonio Rossi","Piano, Bass, 5 Bandoneons, 4 Violins",Single,39-41 Initial Típica,B,1940-02-15_Alma-Mia_Sarli
Carlos Di Sarli,Carlos Di Sarli y su Orquesta Típica,2/15/1940,La Trilla,,Tango,Instrumental,Víctor,78rpm,39212,38932-A,Eduardo Arolas,,,39-41 Initial Típica,Carlos Di Sarli,Domingo Capurro,"Félix Verdi, Roberto Gianitelli, Domingo Sánchez, Roberto Mititieri, Luis Porcellana","Roberto Guisado, Ángel Goicoechea, Adolfo Pérez, Antonio Rossi","Piano, Bass, 5 Bandoneons, 4 Violins",Single,39-41 Initial Típica,A,1940-02-15_La-Trilla_Sarli
Carlos Di Sarli,Carlos Di Sarli y su Orquesta Típica,4/17/1940,El Opio,,Tango,Instrumental,Víctor,78rpm,39255,38961-B,Francisco Canaro,,,39-41 Initial Típica,Carlos Di Sarli,Domingo Capurro,"Félix Verdi, Roberto Gianitelli, Domingo Sánchez, Roberto Mititieri, Luis Porcellana","Roberto Guisado, Ángel Goicoechea, Adolfo Pérez, Antonio Rossi","Piano, Bass, 5 Bandoneons, 4 Violins",Single,39-41 Initial Típica,B,1940-04-17_El-Opio_Sarli
Carlos Di Sarli,Carlos Di Sarli y su Orquesta Típica,4/17/1940,Milonga del Centenario,,Milonga,Antonio Lesende,Víctor,78rpm,39256,38961-A,Carlos Di Sarli,Carlos Moreno,,39-41 Initial Típica,Carlos Di Sarli,Domingo Capurro,"Félix Verdi, Roberto Gianitelli, Domingo Sánchez, Roberto Mititieri, Luis Porcellana","Roberto Guisado, Ángel Goicoechea, Adolfo Pérez, Antonio Rossi","Piano, Bass, 5 Bandoneons, 4 Violins",Single,39-41 Initial Típica,A,1940-04-17_Milonga-Del-Centenario_Sarli
Carlos Di Sarli,Carlos Di Sarli y su Orquesta Típica,6/19/1940,Cosas Olvidadas,,Tango,Roberto Rufino,Víctor,78rpm,39329,39005-B,Antonio Rodio,José Contursi,,39-41 Initial Típica,Carlos Di Sarli,Domingo Capurro,"Félix Verdi, Roberto Gianitelli, Domingo Sánchez, Roberto Mititieri, Luis Porcellana","Roberto Guisado, Ángel Goicoechea, Adolfo Pérez, Antonio Rossi","Piano, Bass, 5 Bandoneons, 4 Violins",Single,39-41 Initial Típica,B,1940-06-19_Cosas-Olvidadas_Sarli
Carlos Di Sarli,Carlos Di Sarli y su Orquesta Típica,6/19/1940,El Incendio,,Tango,Instrumental,Víctor,78rpm,39330,39005-A,Arturo De Bassi,,,39-41 Initial Típica,Carlos Di Sarli,Domingo Capurro,"Félix Verdi, Roberto Gianitelli, Domingo Sánchez, Roberto Mititieri, Luis Porcellana","Roberto Guisado, Ángel Goicoechea, Adolfo Pérez, Antonio Rossi","Piano, Bass, 5 Bandoneons, 4 Violins",Single,39-41 Initial Típica,A,1940-06-19_El-Incendio_Sarli
Carlos Di Sarli,Carlos Di Sarli y su Orquesta Típica,7/4/1940,Milonguero Viejo,Fresedo,Tango,Instrumental,Víctor,78rpm,39362,39017-B,Carlos Di Sarli,Enrique Sotelo,,39-41 Initial Típica,Carlos Di Sarli,Domingo Capurro,"Félix Verdi, Roberto Gianitelli, Domingo Sánchez, Roberto Mititieri, Luis Porcellana","Roberto Guisado, Ángel Goicoechea, Adolfo Pérez, Antonio Rossi","Piano, Bass, 5 Bandoneons, 4 Violins",LP,The Best Of Tango,B,The Best Of Tango
Carlos Di Sarli,Carlos Di Sarli y su Orquesta Típica,7/4/1940,Racing Club,,Tango,Instrumental,Víctor,78rpm,39361,39017-A,Vicente Greco,Ernesto Temes,,39-41 Initial Típica,Carlos Di Sarli,Domingo Capurro,"Félix Verdi, Roberto Gianitelli, Domingo Sánchez, Roberto Mititieri, Luis Porcellana","Roberto Guisado, Ángel Goicoechea, Adolfo Pérez, Antonio Rossi","Piano, Bass, 5 Bandoneons, 4 Violins",Single,39-41 Initial Típica,A,1940-07-04_Racing-Club_Sarli
Carlos Di Sarli,Carlos Di Sarli y su Orquesta Típica,8/5/1940,Ausencia,,Vals,Agustín Volpe,Víctor,78rpm,39419,39041-A,"Carlos Gardel, José Razzano",Francisco Bianco,,39-41 Initial Típica,Carlos Di Sarli,Domingo Capurro,"Félix Verdi, Roberto Gianitelli, Domingo Sánchez, Roberto Mititieri, Luis Porcellana","Roberto Guisado, Ángel Goicoechea, Adolfo Pérez, Antonio Rossi","Piano, Bass, 5 Bandoneons, 4 Violins",Single,39-41 Initial Típica,A,1940-08-05_Ausencia_Sarli
Carlos Di Sarli,Carlos Di Sarli y su Orquesta Típica,8/5/1940,El Jaguar,,Tango,Instrumental,Víctor,78rpm,39420,39041-B,Atilio Lombardo,,,39-41 Initial Típica,Carlos Di Sarli,Domingo Capurro,"Félix Verdi, Roberto Gianitelli, Domingo Sánchez, Roberto Mititieri, Luis Porcellana","Roberto Guisado, Ángel Goicoechea, Adolfo Pérez, Antonio Rossi","Piano, Bass, 5 Bandoneons, 4 Violins",Single,39-41 Initial Típica,B,1940-08-05_El-Jaguar_Sarli
Carlos Di Sarli,Carlos Di Sarli y su Orquesta Típica,9/23/1940,El Pollo Ricardo,,Tango,Instrumental,Víctor,78rpm,39511,39086-B,Luis Fernández,,,39-41 Initial Típica,Carlos Di Sarli,Domingo Capurro,"Félix Verdi, Roberto Gianitelli, Domingo Sánchez, Roberto Mititieri, Luis Porcellana","Roberto Guisado, Ángel Goicoechea, Adolfo Pérez, Antonio Rossi","Piano, Bass, 5 Bandoneons, 4 Violins",Single,39-41 Initial Típica,B,1940-09-23_El-Pollo-Ricardo_Sarli
Carlos Di Sarli,Carlos Di Sarli y su Orquesta Típica,9/23/1940,En un Beso la Vida,,Tango,Roberto Rufino,Víctor,78rpm,39510,39086-A,Carlos Di Sarli,Héctor Marcó,,39-41 Initial Típica,Carlos Di Sarli,Domingo Capurro,"Félix Verdi, Roberto Gianitelli, Domingo Sánchez, Roberto Mititieri, Luis Porcellana","Roberto Guisado, Ángel Goicoechea, Adolfo Pérez, Antonio Rossi","Piano, Bass, 5 Bandoneons, 4 Violins",Single,39-41 Initial Típica,A,1940-09-23_En-Un-Beso-La-Vida_Sarli
Carlos Di Sarli,Carlos Di Sarli y su Orquesta Típica,10/8/1940,Shusheta,El Aristócrata,Tango,Instrumental,Víctor,78rpm,39532,39110-A,Juan Cobián,Enrique Cadícamo,,39-41 Initial Típica,Carlos Di Sarli,Domingo Capurro,"Félix Verdi, Roberto Gianitelli, Domingo Sánchez, Roberto Mititieri, Luis Porcellana","Roberto Guisado, Ángel Goicoechea, Adolfo Pérez, Antonio Rossi","Piano, Bass, 5 Bandoneons, 4 Violins",Single,39-41 Initial Típica,A,1940-10-08_Shusheta_Sarli
Carlos Di Sarli,Carlos Di Sarli y su Orquesta Típica,10/8/1940,Volver a Soñar,,Tango,Roberto Rufino,Víctor,78rpm,39533,39110-B,Andrés Fraga,Francisco Jiménez,,39-41 Initial Típica,Carlos Di Sarli,Domingo Capurro,"Félix Verdi, Roberto Gianitelli, Domingo Sánchez, Roberto Mititieri, Luis Porcellana","Roberto Guisado, Ángel Goicoechea, Adolfo Pérez, Antonio Rossi","Piano, Bass, 5 Bandoneons, 4 Violins",LP,El Maestro Y Yo,A,El Maestro Y Yo
Carlos Di Sarli,Carlos Di Sarli y su Orquesta Típica,11/23/1940,Lo Pasado Pasó,,Tango,Roberto Rufino,Víctor,78rpm,39652,39151-B,Miguel Bucino,Miguel Bucino,,39-41 Initial Típica,Carlos Di Sarli,Domingo Capurro,"Félix Verdi, Roberto Gianitelli, Domingo Sánchez, Roberto Mititieri, Luis Porcellana","Roberto Guisado, Ángel Goicoechea, Adolfo Pérez, Antonio Rossi","Piano, Bass, 5 Bandoneons, 4 Violins",Single,39-41 Initial Típica,B,1940-11-23_Lo-Pasado-Paso_Sarli
Carlos Di Sarli,Carlos Di Sarli y su Orquesta Típica,11/23/1940,Nobleza de Arrabal,Manzi,Tango,Instrumental,Víctor,78rpm,39651,39151-A,Francisco Canaro,,,39-41 Initial Típica,Carlos Di Sarli,Domingo Capurro,"Félix Verdi, Roberto Gianitelli, Domingo Sánchez, Roberto Mititieri, Luis Porcellana","Roberto Guisado, Ángel Goicoechea, Adolfo Pérez, Antonio Rossi","Piano, Bass, 5 Bandoneons, 4 Violins",Single,39-41 Initial Típica,A,1940-11-23_Nobleza-De-Arrabal_Sarli
Carlos Di Sarli,Carlos Di Sarli y su Orquesta Típica,12/11/1940,Rosamel,,Vals,Roberto Rufino,Víctor,78rpm,39703,39185-B,Carlos Di Sarli,Héctor Marcó,,39-41 Initial Típica,Carlos Di Sarli,Domingo Capurro,"Félix Verdi, Roberto Gianitelli, Domingo Sánchez, Roberto Mititieri, Luis Porcellana","Roberto Guisado, Ángel Goicoechea, Adolfo Pérez, Antonio Rossi","Piano, Bass, 5 Bandoneons, 4 Violins",,,,
Carlos Di Sarli,Carlos Di Sarli y su Orquesta Típica,12/11/1940,Viviani,,Tango,Instrumental,Víctor,78rpm,39702,39185-A,Roberto Firpo,,,39-41 Initial Típica,Carlos Di Sarli,Domingo Capurro,"Félix Verdi, Roberto Gianitelli, Domingo Sánchez, Roberto Mititieri, Luis Porcellana","Roberto Guisado, Ángel Goicoechea, Adolfo Pérez, Antonio Rossi","Piano, Bass, 5 Bandoneons, 4 Violins",Single,39-41 Initial Típica,A,1940-12-11_Viviani_Sarli
Carlos Di Sarli,Carlos Di Sarli y su Orquesta Típica,2/18/1941,Charlemos,,Tango,Roberto Rufino,Víctor,78rpm,39806,39231-A,Luis Rubistein,Luis Rubistein,,39-41 Initial Típica,Carlos Di Sarli,Domingo Capurro,"Félix Verdi, Roberto Gianitelli, Domingo Sánchez, Roberto Mititieri, Luis Porcellana","Roberto Guisado, Ángel Goicoechea, Adolfo Pérez, Antonio Rossi","Piano, Bass, 5 Bandoneons, 4 Violins",Single,39-41 Initial Típica,A,1941-02-18_Charlemos_Sarli
Carlos Di Sarli,Carlos Di Sarli y su Orquesta Típica,2/18/1941,Pena Mulata,,Milonga,Roberto Rufino,Víctor,78rpm,39807,39231-B,Sebastián Piana,Homero Manzi,,39-41 Initial Típica,Carlos Di Sarli,Domingo Capurro,"Félix Verdi, Roberto Gianitelli, Domingo Sánchez, Roberto Mititieri, Luis Porcellana","Roberto Guisado, Ángel Goicoechea, Adolfo Pérez, Antonio Rossi","Piano, Bass, 5 Bandoneons, 4 Violins",Single,39-41 Initial Típica,B,1941-02-18_Pena-Mulata_Sarli
Carlos Di Sarli,Carlos Di Sarli y su Orquesta Típica,3/6/1941,Cortando Camino,,Vals,Roberto Rufino,Víctor,78rpm,39827,39247-B,Fausto Frontera,Enrique Cadícamo,,39-41 Initial Típica,Carlos Di Sarli,Domingo Capurro,"Félix Verdi, Roberto Gianitelli, Domingo Sánchez, Roberto Mititieri, Luis Porcellana","Roberto Guisado, Ángel Goicoechea, Adolfo Pérez, Antonio Rossi","Piano, Bass, 5 Bandoneons, 4 Violins",Single,39-41 Initial Típica,B,1941-03-06_Cortando-Camino_Sarli
Carlos Di Sarli,Carlos Di Sarli y su Orquesta Típica,3/6/1941,La Cachila,,Tango,Instrumental,Víctor,78rpm,39826,39247-A,Eduardo Arolas,Héctor Polito,,39-41 Initial Típica,Carlos Di Sarli,Domingo Capurro,"Félix Verdi, Roberto Gianitelli, Domingo Sánchez, Roberto Mititieri, Luis Porcellana","Roberto Guisado, Ángel Goicoechea, Adolfo Pérez, Antonio Rossi","Piano, Bass, 5 Bandoneons, 4 Violins",Single,39-41 Initial Típica,A,1941-03-06_La-Cachila_Sarli
Carlos Di Sarli,Carlos Di Sarli y su Orquesta Típica,4/18/1941,El Estagiario,,Tango,Instrumental,Víctor,78rpm,39854,39266-A,Martín Álvarez,Martín Álvarez,,39-41 Initial Típica,Carlos Di Sarli,Domingo Capurro,"Félix Verdi, Roberto Gianitelli, Domingo Sánchez, Roberto Mititieri, Luis Porcellana","Roberto Guisado, Ángel Goicoechea, Adolfo Pérez, Antonio Rossi","Piano, Bass, 5 Bandoneons, 4 Violins",Single,39-41 Initial Típica,A,1941-04-18_El-Estagiario_Sarli
Carlos Di Sarli,Carlos Di Sarli y su Orquesta Típica,4/18/1941,Mi Refugio,,Tango,Instrumental,Víctor,78rpm,39855,39266-B,Juan Cobián,Pedro Córdoba,,39-41 Initial Típica,Carlos Di Sarli,Domingo Capurro,"Félix Verdi, Roberto Gianitelli, Domingo Sánchez, Roberto Mititieri, Luis Porcellana","Roberto Guisado, Ángel Goicoechea, Adolfo Pérez, Antonio Rossi","Piano, Bass, 5 Bandoneons, 4 Violins",Single,39-41 Initial Típica,B,1941-04-18_Mi-Refugio_Sarli
Carlos Di Sarli,Carlos Di Sarli y su Orquesta Típica,5/20/1941,Bien Frappé,,Tango,Roberto Rufino,Víctor,78rpm,39894,39295-A,Carlos Di Sarli,Héctor Marcó,,39-41 Initial Típica,Carlos Di Sarli,Domingo Capurro,"Félix Verdi, Roberto Gianitelli, Domingo Sánchez, Roberto Mititieri, Luis Porcellana","Roberto Guisado, Ángel Goicoechea, Adolfo Pérez, Antonio Rossi","Piano, Bass, 5 Bandoneons, 4 Violins",Single,39-41 Initial Típica,A,1941-05-20_Bien-Frappe_Sarli
Carlos Di Sarli,Carlos Di Sarli y su Orquesta Típica,5/20/1941,Marianito,Manou,Tango,Instrumental,Víctor,78rpm,39895,39295-B,Domingo Salerno,,,39-41 Initial Típica,Carlos Di Sarli,Domingo Capurro,"Félix Verdi, Roberto Gianitelli, Domingo Sánchez, Roberto Mititieri, Luis Porcellana","Roberto Guisado, Ángel Goicoechea, Adolfo Pérez, Antonio Rossi","Piano, Bass, 5 Bandoneons, 4 Violins",Single,39-41 Initial Típica,B,1941-05-20_Marianito_Sarli
Carlos Di Sarli,Carlos Di Sarli y su Orquesta Típica,6/6/1941,Cascabelito,,Tango,Roberto Rufino,Víctor,78rpm,59511,39320-A,José Bohr,Juan Caruso,,39-41 Initial Típica,Carlos Di Sarli,Domingo Capurro,"Félix Verdi, Roberto Gianitelli, Domingo Sánchez, Roberto Mititieri, Luis Porcellana","Roberto Guisado, Ángel Goicoechea, Adolfo Pérez, Antonio Rossi","Piano, Bass, 5 Bandoneons, 4 Violins",Single,39-41 Initial Típica,A,1941-06-06_Cascabelito_Sarli
Carlos Di Sarli,Carlos Di Sarli y su Orquesta Típica,6/6/1941,Patotero Sentimental,,Tango,Roberto Rufino,Víctor,78rpm,59512,39331-B,Manuel Jovés,Manuel Romero,,39-41 Initial Típica,Carlos Di Sarli,Domingo Capurro,"Félix Verdi, Roberto Gianitelli, Domingo Sánchez, Roberto Mititieri, Luis Porcellana","Roberto Guisado, Ángel Goicoechea, Adolfo Pérez, Antonio Rossi","Piano, Bass, 5 Bandoneons, 4 Violins",Single,39-41 Initial Típica,B,1941-06-06_Patotero-Sentimental_Sarli
Carlos Di Sarli,Carlos Di Sarli y su Orquesta Típica,6/21/1941,Griseta,,Tango,Roberto Rufino,Víctor,78rpm,59528,39331-A,Enrique Delfino,José Castillo,,39-41 Initial Típica,Carlos Di Sarli,Domingo Capurro,"Félix Verdi, Roberto Gianitelli, Domingo Sánchez, Roberto Mititieri, Luis Porcellana","Roberto Guisado, Ángel Goicoechea, Adolfo Pérez, Antonio Rossi","Piano, Bass, 5 Bandoneons, 4 Violins",Single,39-41 Initial Típica,A,1941-06-21_Griseta_Sarli
Carlos Di Sarli,Carlos Di Sarli y su Orquesta Típica,6/21/1941,La Torcacita,,Tango,Instrumental,Víctor,78rpm,59527,39320-B,José Martínez,,,39-41 Initial Típica,Carlos Di Sarli,Domingo Capurro,"Félix Verdi, Roberto Gianitelli, Domingo Sánchez, Roberto Mititieri, Luis Porcellana","Roberto Guisado, Ángel Goicoechea, Adolfo Pérez, Antonio Rossi","Piano, Bass, 5 Bandoneons, 4 Violins",Single,39-41 Initial Típica,B,1941-06-21_La-Torcacita_Sarli
Carlos Di Sarli,Carlos Di Sarli y su Orquesta Típica,7/16/1941,Germaine,,Tango,Instrumental,Víctor,78rpm,59582,39358-B,Alberto Buchardo,,,39-41 Initial Típica,Carlos Di Sarli,Domingo Capurro,"Félix Verdi, Roberto Gianitelli, Domingo Sánchez, Roberto Mititieri, Luis Porcellana","Roberto Guisado, Ángel Goicoechea, Adolfo Pérez, Antonio Rossi","Piano, Bass, 5 Bandoneons, 4 Violins",Single,39-41 Initial Típica,B,1941-07-16_Germaine_Sarli
Carlos Di Sarli,Carlos Di Sarli y su Orquesta Típica,7/16/1941,Marejada,,Tango,Instrumental,Víctor,78rpm,59581,39358-A,Roberto Firpo,Daniel Barreto,,39-41 Initial Típica,Carlos Di Sarli,Domingo Capurro,"Félix Verdi, Roberto Gianitelli, Domingo Sánchez, Roberto Mititieri, Luis Porcellana","Roberto Guisado, Ángel Goicoechea, Adolfo Pérez, Antonio Rossi","Piano, Bass, 5 Bandoneons, 4 Violins",Single,39-41 Initial Típica,A,1941-07-16_Marejada_Sarli
Carlos Di Sarli,Carlos Di Sarli y su Orquesta Típica,8/2/1941,Cuando el Amor Muere,,Tango,Carlos Acuña,Víctor,78rpm,59686,39368-A,Alfredo Malerba,Héctor Marcó,,39-41 Initial Típica,Carlos Di Sarli,Domingo Capurro,"Félix Verdi, Roberto Gianitelli, Domingo Sánchez, Roberto Mititieri, Luis Porcellana","Roberto Guisado, Ángel Goicoechea, Adolfo Pérez, Antonio Rossi","Piano, Bass, 5 Bandoneons, 4 Violins",LP,El Señor Del Tango - 30 Años De Exitos A Traves De Sus Discos En RCA Victor,B,El Señor Del Tango - 30 Años De Exitos A Traves De Sus Discos En RCA Victor
Carlos Di Sarli,Carlos Di Sarli y su Orquesta Típica,8/2/1941,Sentimiento Criollo,,Tango,Instrumental,Víctor,78rpm,59687,39368-B,Roberto Firpo,Domingo Lombardi,,39-41 Initial Típica,Carlos Di Sarli,Domingo Capurro,"Félix Verdi, Roberto Gianitelli, Domingo Sánchez, Roberto Mititieri, Luis Porcellana","Roberto Guisado, Ángel Goicoechea, Adolfo Pérez, Antonio Rossi","Piano, Bass, 5 Bandoneons, 4 Violins",LP,Nobleza de Arrabal,B,Nobleza de Arrabal
Carlos Di Sarli,Carlos Di Sarli y su Orquesta Típica,10/3/1941,Don Juan,Mozos Guapos,Tango,Instrumental,Víctor,78rpm,59810,39431-A,Ernesto Ponzio,Ricardo Podestá,,39-41 Initial Típica,Carlos Di Sarli,Domingo Capurro,"Félix Verdi, Roberto Gianitelli, Domingo Sánchez, Roberto Mititieri, Luis Porcellana","Roberto Guisado, Ángel Goicoechea, Adolfo Pérez, Antonio Rossi","Piano, Bass, 5 Bandoneons, 4 Violins",Single,39-41 Initial Típica,A,1941-10-03_Don-Juan_Sarli
Carlos Di Sarli,Carlos Di Sarli y su Orquesta Típica,10/3/1941,El Cielo en Tus Ojos,Tus Ojos de Cielo,Tango,Roberto Rufino,Víctor,78rpm,59811,39431-B,Francisco Pracánico,Francisco Bohígas,,39-41 Initial Típica,Carlos Di Sarli,Domingo Capurro,"Félix Verdi, Roberto Gianitelli, Domingo Sánchez, Roberto Mititieri, Luis Porcellana","Roberto Guisado, Ángel Goicoechea, Adolfo Pérez, Antonio Rossi","Piano, Bass, 5 Bandoneons, 4 Violins",Single,39-41 Initial Típica,B,1941-10-03_El-Cielo-En-Tus-Ojos_Sarli
Carlos Di Sarli,Carlos Di Sarli y su Orquesta Típica,11/20/1941,La Morocha,,Tango,Instrumental,Víctor,78rpm,59887,39462-A,Enrique Saborido,Ángel Villoldo,,39-41 Initial Típica,Carlos Di Sarli,Domingo Capurro,"Félix Verdi, Roberto Gianitelli, Domingo Sánchez, Roberto Mititieri, Luis Porcellana","Roberto Guisado, Ángel Goicoechea, Adolfo Pérez, Antonio Rossi","Piano, Bass, 5 Bandoneons, 4 Violins",LP,The Best Of Tango,,The Best Of Tango
Carlos Di Sarli,Carlos Di Sarli y su Orquesta Típica,11/20/1941,La Mulateada,,Milonga,Roberto Rufino,Víctor,78rpm,59886,39462-B,Julio Puerto,Carlos Pesce,,39-41 Initial Típica,Carlos Di Sarli,Domingo Capurro,"Félix Verdi, Roberto Gianitelli, Domingo Sánchez, Roberto Mititieri, Luis Porcellana","Roberto Guisado, Ángel Goicoechea, Adolfo Pérez, Antonio Rossi","Piano, Bass, 5 Bandoneons, 4 Violins",Single,39-41 Initial Típica,B,1941-11-20_La-Mulateada_Sarli
Carlos Di Sarli,Carlos Di Sarli y su Orquesta Típica,12/3/1941,El Recodo,,Tango,Instrumental,Víctor,78rpm,59903,39491-A,Alejandro Junnissi,Armando Tagini,,39-41 Initial Típica,Carlos Di Sarli,Domingo Capurro,"Félix Verdi, Roberto Gianitelli, Domingo Sánchez, Roberto Mititieri, Luis Porcellana","Roberto Guisado, Ángel Goicoechea, Adolfo Pérez, Antonio Rossi","Piano, Bass, 5 Bandoneons, 4 Violins",Single,39-41 Initial Típica,A,1941-12-03_El-Recodo_Sarli
Carlos Di Sarli,Carlos Di Sarli y su Orquesta Típica,12/3/1941,Zorzal,,Milonga,Roberto Rufino,Víctor,78rpm,59902,39491-B,Dorita Zárate,Dorita Zárate,,39-41 Initial Típica,Carlos Di Sarli,Domingo Capurro,"Félix Verdi, Roberto Gianitelli, Domingo Sánchez, Roberto Mititieri, Luis Porcellana","Roberto Guisado, Ángel Goicoechea, Adolfo Pérez, Antonio Rossi","Piano, Bass, 5 Bandoneons, 4 Violins",Single,39-41 Initial Típica,B,1941-12-03_Zorzal_Sarli
Carlos Di Sarli,Carlos Di Sarli y su Orquesta Típica,12/11/1941,El Paladín,,Tango,Instrumental,Víctor,78rpm,59920,39539-A,Agustín Bardi,,,39-41 Initial Típica,Carlos Di Sarli,Domingo Capurro,"Félix Verdi, Roberto Gianitelli, Domingo Sánchez, Roberto Mititieri, Luis Porcellana","Roberto Guisado, Ángel Goicoechea, Adolfo Pérez, Antonio Rossi","Piano, Bass, 5 Bandoneons, 4 Violins",,,,
Carlos Di Sarli,Carlos Di Sarli y su Orquesta Típica,12/11/1941,Y Hasta el Cardo Tiene Flor,,Tango,Instrumental,Víctor,78rpm,59921,39539-B,Carlos Escobar,,,39-41 Initial Típica,Carlos Di Sarli,Domingo Capurro,"Félix Verdi, Roberto Gianitelli, Domingo Sánchez, Roberto Mititieri, Luis Porcellana","Roberto Guisado, Ángel Goicoechea, Adolfo Pérez, Antonio Rossi","Piano, Bass, 5 Bandoneons, 4 Violins",LP,Nobleza de Arrabal,B,Nobleza de Arrabal
Carlos Di Sarli,Carlos Di Sarli y su Orquesta Típica,12/26/1941,Lo Mismo Que Antes,,Tango,Roberto Rufino,Víctor,78rpm,59966,39520-B,Ciriaco Ortiz,José Contursi,,39-41 Initial Típica,Carlos Di Sarli,Domingo Capurro,"Félix Verdi, Roberto Gianitelli, Domingo Sánchez, Roberto Mititieri, Luis Porcellana","Roberto Guisado, Ángel Goicoechea, Adolfo Pérez, Antonio Rossi","Piano, Bass, 5 Bandoneons, 4 Violins",Single,39-41 Initial Típica,B,1941-12-26_Lo-Mismo-Que-Antes_Sarli
Carlos Di Sarli,Carlos Di Sarli y su Orquesta Típica,1/3/1942,Noches de Carnaval,Otra Vez Carnaval,Tango,Roberto Rufino,Víctor,78rpm,,,Carlos Di Sarli,Francisco Jiménez,,42-43 5 violins,Carlos Di Sarli,Domingo Capurro,"Félix Verdi, Roberto Gianitelli, Domingo Sánchez, Roberto Mititieri, Luis Porcellana","Roberto Guisado, Ángel Goicoechea, Adolfo Pérez, Antonio Rossi, Claudio González","Piano, Bass, 5 Bandoneons, 5 Violins",Single,42-43 5 violins,A,1942-01-03_Noches-De-Carnaval_Sarli
Carlos Di Sarli,Carlos Di Sarli y su Orquesta Típica,3/30/1942,Entre Pitada y Pitada,,Milonga,Alberto Podestá,Víctor,78rpm,69635,39565,Rodolfo Sciammarella,Rodolfo Sciammarella,,42-43 5 violins,Carlos Di Sarli,Domingo Capurro,"Félix Verdi, Roberto Gianitelli, Domingo Sánchez, Roberto Mititieri, Luis Porcellana","Roberto Guisado, Ángel Goicoechea, Adolfo Pérez, Antonio Rossi, Claudio González","Piano, Bass, 5 Bandoneons, 5 Violins",Single,42-43 5 violins,A,1942-03-30_Entre-Pitada-Y-Pitada_Sarli
Carlos Di Sarli,Carlos Di Sarli y su Orquesta Típica,3/30/1942,No Está,,Tango,Alberto Podestá,Víctor,78rpm,69636,39565,José Bohr,José Bohr,,42-43 5 violins,Carlos Di Sarli,Domingo Capurro,"Félix Verdi, Roberto Gianitelli, Domingo Sánchez, Roberto Mititieri, Luis Porcellana","Roberto Guisado, Ángel Goicoechea, Adolfo Pérez, Antonio Rossi, Claudio González","Piano, Bass, 5 Bandoneons, 5 Violins",Single,42-43 5 violins,B,1942-03-30_No-Esta_Sarli
Carlos Di Sarli,Carlos Di Sarli y su Orquesta Típica,4/9/1942,Al Compás del Corazón,Late un Corazón,Tango,Alberto Podestá,Víctor,78rpm,59970,39583,Domingo Federico,Homero Expósito,,42-43 5 violins,Carlos Di Sarli,Domingo Capurro,"Félix Verdi, Roberto Gianitelli, Domingo Sánchez, Roberto Mititieri, Luis Porcellana","Roberto Guisado, Ángel Goicoechea, Adolfo Pérez, Antonio Rossi, Claudio González","Piano, Bass, 5 Bandoneons, 5 Violins",LP,The Art Of Carlos Di Sarli Vol. 4,B,The Art Of Carlos Di Sarli Vol. 4
Carlos Di Sarli,Carlos Di Sarli y su Orquesta Típica,4/9/1942,Álzame en Tus Brazos,,Vals,Alberto Podestá,Víctor,78rpm,59969,39583,Héctor Cruz,Mario Battistella,,42-43 5 violins,Carlos Di Sarli,Domingo Capurro,"Félix Verdi, Roberto Gianitelli, Domingo Sánchez, Roberto Mititieri, Luis Porcellana","Roberto Guisado, Ángel Goicoechea, Adolfo Pérez, Antonio Rossi, Claudio González","Piano, Bass, 5 Bandoneons, 5 Violins",LP,Los Famosos Cantores de Carlos Di Sarli,B,Los Famosos Cantores de Carlos Di Sarli
Carlos Di Sarli,Carlos Di Sarli y su Orquesta Típica,5/26/1942,Rosa Morena,Abuelita Dominga,Milonga,Roberto Rufino,Víctor,78rpm,69728,39623,Enrique Maciel,Héctor Blomberg,,42-43 5 violins,Carlos Di Sarli,Domingo Capurro,"Félix Verdi, Roberto Gianitelli, Domingo Sánchez, Roberto Mititieri, Luis Porcellana","Roberto Guisado, Ángel Goicoechea, Adolfo Pérez, Antonio Rossi, Claudio González","Piano, Bass, 5 Bandoneons, 5 Violins",LP,Lo Mismo Que Antes,B,Lo Mismo Que Antes...
Carlos Di Sarli,Carlos Di Sarli y su Orquesta Típica,5/26/1942,Sombras del Puerto,,Tango,Alberto Podestá,Víctor,78rpm,69727,39623,Armando Pontier,Oscar Rubens,,42-43 5 violins,Carlos Di Sarli,Domingo Capurro,"Félix Verdi, Roberto Gianitelli, Domingo Sánchez, Roberto Mititieri, Luis Porcellana","Roberto Guisado, Ángel Goicoechea, Adolfo Pérez, Antonio Rossi, Claudio González","Piano, Bass, 5 Bandoneons, 5 Violins",,,,
Carlos Di Sarli,Carlos Di Sarli y su Orquesta Típica,6/23/1942,Cuidado con los Cincuenta,,Tango,Instrumental,Víctor,78rpm,,,Ángel Villoldo,"Carlos Pesce, Antonio Polito",,42-43 5 violins,Carlos Di Sarli,Domingo Capurro,"Félix Verdi, Roberto Gianitelli, Domingo Sánchez, Roberto Mititieri, Luis Porcellana","Roberto Guisado, Ángel Goicoechea, Adolfo Pérez, Antonio Rossi, Claudio González","Piano, Bass, 5 Bandoneons, 5 Violins",,,,
Carlos Di Sarli,Carlos Di Sarli y su Orquesta Típica,6/23/1942,El Amanecer,,Tango,Instrumental,Víctor,78rpm,69778,39652,Roberto Firpo,,,42-43 5 violins,Carlos Di Sarli,Domingo Capurro,"Félix Verdi, Roberto Gianitelli, Domingo Sánchez, Roberto Mititieri, Luis Porcellana","Roberto Guisado, Ángel Goicoechea, Adolfo Pérez, Antonio Rossi, Claudio González","Piano, Bass, 5 Bandoneons, 5 Violins",Single,42-43 5 violins,B,1942-06-23_El-Amanecer_Sarli
Carlos Di Sarli,Carlos Di Sarli y su Orquesta Típica,6/23/1942,Junto a Tu Corazón,Hoy Como Ayer,Tango,Alberto Podestá,Víctor,78rpm,69777,39652,"Enrique Francini, Héctor Stamponi",José Contursi,,42-43 5 violins,Carlos Di Sarli,Domingo Capurro,"Félix Verdi, Roberto Gianitelli, Domingo Sánchez, Roberto Mititieri, Luis Porcellana","Roberto Guisado, Ángel Goicoechea, Adolfo Pérez, Antonio Rossi, Claudio González","Piano, Bass, 5 Bandoneons, 5 Violins",Single,42-43 5 violins,A,1942-06-23_Junto-A-Tu-Corazon_Sarli
Carlos Di Sarli,Carlos Di Sarli y su Orquesta Típica,7/29/1942,Cuando un Viejo Se Enamora,,Milonga,Roberto Rufino,Víctor,78rpm,69839,39681,Rodolfo Sciammarella,Manuel Romero,,42-43 5 violins,Carlos Di Sarli,Domingo Capurro,"Félix Verdi, Roberto Gianitelli, Domingo Sánchez, Roberto Mititieri, Luis Porcellana","Roberto Guisado, Ángel Goicoechea, Adolfo Pérez, Antonio Rossi, Claudio González","Piano, Bass, 5 Bandoneons, 5 Violins",Single,42-43 5 violins,B,1942-07-29_Cuando-Un-Viejo-Se-Enamora_Sarli
Carlos Di Sarli,Carlos Di Sarli y su Orquesta Típica,7/29/1942,Necesito Olvidar,,,Roberto Rufino,Víctor,78rpm,69838,39681,Rodolfo Sciammarella,Manuel Romero,,42-43 5 violins,Carlos Di Sarli,Domingo Capurro,"Félix Verdi, Roberto Gianitelli, Domingo Sánchez, Roberto Mititieri, Luis Porcellana","Roberto Guisado, Ángel Goicoechea, Adolfo Pérez, Antonio Rossi, Claudio González","Piano, Bass, 5 Bandoneons, 5 Violins",Single,42-43 5 violins,A,1942-07-29_Necesito-Olvidar_Sarli
Carlos Di Sarli,Carlos Di Sarli y su Orquesta Típica,8/12/1942,Decíme Qué Pasó,,Tango,Roberto Rufino,Víctor,78rpm,69866,39701,"Miguel Nijensohn, José Nieso",José Suñé,,42-43 5 violins,Carlos Di Sarli,Domingo Capurro,"Félix Verdi, Roberto Gianitelli, Domingo Sánchez, Roberto Mititieri, Luis Porcellana","Roberto Guisado, Ángel Goicoechea, Adolfo Pérez, Antonio Rossi, Claudio González","Piano, Bass, 5 Bandoneons, 5 Violins",EP,El Maestro Y Yo,B,
Carlos Di Sarli,Carlos Di Sarli y su Orquesta Típica,8/12/1942,Mañana Zarpa un Barco,,Tango,Roberto Rufino,Víctor,78rpm,69868,39691,Lucio Demare,Homero Manzi,,42-43 5 violins,Carlos Di Sarli,Domingo Capurro,"Félix Verdi, Roberto Gianitelli, Domingo Sánchez, Roberto Mititieri, Luis Porcellana","Roberto Guisado, Ángel Goicoechea, Adolfo Pérez, Antonio Rossi, Claudio González","Piano, Bass, 5 Bandoneons, 5 Violins",,,,
Carlos Di Sarli,Carlos Di Sarli y su Orquesta Típica,8/12/1942,Tarareando,,Tango,Roberto Rufino,Víctor,78rpm,69867,39691,Juan Guichandut,Oscar Rubistein,,42-43 5 violins,Carlos Di Sarli,Domingo Capurro,"Félix Verdi, Roberto Gianitelli, Domingo Sánchez, Roberto Mititieri, Luis Porcellana","Roberto Guisado, Ángel Goicoechea, Adolfo Pérez, Antonio Rossi, Claudio González","Piano, Bass, 5 Bandoneons, 5 Violins",,,,
Carlos Di Sarli,Carlos Di Sarli y su Orquesta Típica,9/9/1942,Julián Centeya,,Milonga,Alberto Podestá,Víctor,78rpm,69920,39764,José Canet,Julián Centeya,,42-43 5 violins,Carlos Di Sarli,Domingo Capurro,"Félix Verdi, Roberto Gianitelli, Domingo Sánchez, Roberto Mititieri, Luis Porcellana","Roberto Guisado, Ángel Goicoechea, Adolfo Pérez, Antonio Rossi, Claudio González","Piano, Bass, 5 Bandoneons, 5 Violins",,,,
Carlos Di Sarli,Carlos Di Sarli y su Orquesta Típica,9/9/1942,Rosas de Otoño,Rosas de Otoño,Vals,Alberto Podestá,Víctor,78rpm,69921,39734,Guillermo Barbieri,José Rial,,42-43 5 violins,Carlos Di Sarli,Domingo Capurro,"Félix Verdi, Roberto Gianitelli, Domingo Sánchez, Roberto Mititieri, Luis Porcellana","Roberto Guisado, Ángel Goicoechea, Adolfo Pérez, Antonio Rossi, Claudio González","Piano, Bass, 5 Bandoneons, 5 Violins",LP,El Señor Del Tango - 30 Años De Exitos A Traves De Sus Discos En RCA Victor,,El Señor Del Tango - 30 Años De Exitos A Traves De Sus Discos En RCA Victor
Carlos Di Sarli,Carlos Di Sarli y su Orquesta Típica,11/12/1942,La Cumparsita,Si Supieras,Tango,Instrumental,Víctor,78rpm,84054,39780,Gerardo Rodríguez,"Pascual Contursi, Enrique Maroni, Gerardo Rodríguez",,42-43 5 violins,Carlos Di Sarli,Domingo Capurro,"Félix Verdi, Roberto Gianitelli, Domingo Sánchez, Roberto Mititieri, Luis Porcellana","Roberto Guisado, Ángel Goicoechea, Adolfo Pérez, Antonio Rossi, Claudio González","Piano, Bass, 5 Bandoneons, 5 Violins",Single,42-43 5 violins,A,1942-11-12_La-Cumparsita_Sarli
Carlos Di Sarli,Carlos Di Sarli y su Orquesta Típica,11/12/1942,Va a Cantar un Ruiseñor,,Tango,Alberto Podestá,Víctor,78rpm,84055,39780,Andrés Doménech,Carlos Pesce,,42-43 5 violins,Carlos Di Sarli,Domingo Capurro,"Félix Verdi, Roberto Gianitelli, Domingo Sánchez, Roberto Mititieri, Luis Porcellana","Roberto Guisado, Ángel Goicoechea, Adolfo Pérez, Antonio Rossi, Claudio González","Piano, Bass, 5 Bandoneons, 5 Violins",Single,42-43 5 violins,B,1942-11-12_Va-A-Cantar-Un-Ruisenor_Sarli
Carlos Di Sarli,Carlos Di Sarli y su Orquesta Típica,11/30/1942,Nido Gaucho,,Tango,Alberto Podestá,Víctor,78rpm,84083,39803,Carlos Di Sarli,Héctor Marcó,,42-43 5 violins,Carlos Di Sarli,Domingo Capurro,"Félix Verdi, Roberto Gianitelli, Domingo Sánchez, Roberto Mititieri, Luis Porcellana","Roberto Guisado, Ángel Goicoechea, Adolfo Pérez, Antonio Rossi, Claudio González","Piano, Bass, 5 Bandoneons, 5 Violins",Single,42-43 5 violins,A,1942-11-30_Nido-Gaucho_Sarli
Carlos Di Sarli,Carlos Di Sarli y su Orquesta Típica,11/30/1942,Organito de la Tarde,,Tango,Instrumental,Víctor,78rpm,84084,39803,Castillo Cátulo,José Castillo,,42-43 5 violins,Carlos Di Sarli,Domingo Capurro,"Félix Verdi, Roberto Gianitelli, Domingo Sánchez, Roberto Mititieri, Luis Porcellana","Roberto Guisado, Ángel Goicoechea, Adolfo Pérez, Antonio Rossi, Claudio González","Piano, Bass, 5 Bandoneons, 5 Violins",Single,42-43 5 violins,B,1942-11-30_Organito-De-La-Tarde_Sarli
Carlos Di Sarli,Carlos Di Sarli y su Orquesta Típica,12/21/1942,Estampa Federal,,Vals,Alberto Podestá,Víctor,78rpm,84200,39818,"Pedro Maffía, Sebastián Piana",Cátulo Castillo,,42-43 5 violins,Carlos Di Sarli,Domingo Capurro,"Félix Verdi, Roberto Gianitelli, Domingo Sánchez, Roberto Mititieri, Luis Porcellana","Roberto Guisado, Ángel Goicoechea, Adolfo Pérez, Antonio Rossi, Claudio González","Piano, Bass, 5 Bandoneons, 5 Violins",Single,42-43 5 violins,B,1942-12-21_Estampa-Federal_Sarli
Carlos Di Sarli,Carlos Di Sarli y su Orquesta Típica,12/21/1942,Volver a Vernos,,Tango,Alberto Podestá,Víctor,78rpm,84199,39818,Joaquín Mora,Luis Castiñeira,,42-43 5 violins,Carlos Di Sarli,Domingo Capurro,"Félix Verdi, Roberto Gianitelli, Domingo Sánchez, Roberto Mititieri, Luis Porcellana","Roberto Guisado, Ángel Goicoechea, Adolfo Pérez, Antonio Rossi, Claudio González","Piano, Bass, 5 Bandoneons, 5 Violins",Single,42-43 5 violins,A,1942-12-21_Volver-A-Vernos_Sarli
Carlos Di Sarli,Carlos Di Sarli y su Orquesta Típica,3/5/1943,Cómo Se Hace un Tango,,Tango,Roberto Rufino,Víctor,78rpm,84249,60-0020,Arturo Gallucci,Enrique Dizeo,,42-43 5 violins,Carlos Di Sarli,Domingo Capurro,"Félix Verdi, Roberto Gianitelli, Domingo Sánchez, Roberto Mititieri, Luis Porcellana","Roberto Guisado, Ángel Goicoechea, Adolfo Pérez, Antonio Rossi, Claudio González","Piano, Bass, 5 Bandoneons, 5 Violins",,,,
Carlos Di Sarli,Carlos Di Sarli y su Orquesta Típica,3/5/1943,Cornetín,,Tango,Roberto Rufino,Víctor,78rpm,84247,60-0016,Pedro Maffía,"Homero Manzi, Cátulo Castillo",,42-43 5 violins,Carlos Di Sarli,Domingo Capurro,"Félix Verdi, Roberto Gianitelli, Domingo Sánchez, Roberto Mititieri, Luis Porcellana","Roberto Guisado, Ángel Goicoechea, Adolfo Pérez, Antonio Rossi, Claudio González","Piano, Bass, 5 Bandoneons, 5 Violins",Single,42-43 5 violins,A,1943-03-05_Cornetin_Sarli
Carlos Di Sarli,Carlos Di Sarli y su Orquesta Típica,3/5/1943,Un Día Llegara,,Vals,Roberto Rufino,Víctor,78rpm,84248,60-0016,Carlos Di Sarli,Homero Manzi,,42-43 5 violins,Carlos Di Sarli,Domingo Capurro,"Félix Verdi, Roberto Gianitelli, Domingo Sánchez, Roberto Mititieri, Luis Porcellana","Roberto Guisado, Ángel Goicoechea, Adolfo Pérez, Antonio Rossi, Claudio González","Piano, Bass, 5 Bandoneons, 5 Violins",Single,42-43 5 violins,B,1943-03-05_Un-Dia-Llegara_Sarli
Carlos Di Sarli,Carlos Di Sarli y su Orquesta Típica,3/17/1943,Adiós Te Vas,,Tango,Roberto Rufino,Víctor,78rpm,84259,60-0023,Egidio Pittaluga,Cátulo Castillo,,42-43 5 violins,Carlos Di Sarli,Domingo Capurro,"Félix Verdi, Roberto Gianitelli, Domingo Sánchez, Roberto Mititieri, Luis Porcellana","Roberto Guisado, Ángel Goicoechea, Adolfo Pérez, Antonio Rossi, Claudio González","Piano, Bass, 5 Bandoneons, 5 Violins",Single,42-43 5 violins,A,1943-03-17_Adios-Te-Vas_Sarli
Carlos Di Sarli,Carlos Di Sarli y su Orquesta Típica,3/17/1943,Canta Pajarito,,Tango,Roberto Rufino,Víctor,78rpm,84260,60-0023,Juan Guichandut,Oscar Rubens,,42-43 5 violins,Carlos Di Sarli,Domingo Capurro,"Félix Verdi, Roberto Gianitelli, Domingo Sánchez, Roberto Mititieri, Luis Porcellana","Roberto Guisado, Ángel Goicoechea, Adolfo Pérez, Antonio Rossi, Claudio González","Piano, Bass, 5 Bandoneons, 5 Violins",Single,42-43 5 violins,B,1943-03-17_Canta-Pajarito_Sarli
Carlos Di Sarli,Carlos Di Sarli y su Orquesta Típica,3/17/1943,Pa'los Muchachos,,Tango,Roberto Rufino,Víctor,78rpm,84258,60-0020,José Ranieri,Julián Centeya,,42-43 5 violins,Carlos Di Sarli,Domingo Capurro,"Félix Verdi, Roberto Gianitelli, Domingo Sánchez, Roberto Mititieri, Luis Porcellana","Roberto Guisado, Ángel Goicoechea, Adolfo Pérez, Antonio Rossi, Claudio González","Piano, Bass, 5 Bandoneons, 5 Violins",,,,
Carlos Di Sarli,Carlos Di Sarli y su Orquesta Típica,5/5/1943,Bar Exposición,Cosa Linda Barata,Tango,Instrumental,Víctor,78rpm,84331,60-0094,Luis Teisseire,,,42-43 5 violins,Carlos Di Sarli,Domingo Capurro,"Félix Verdi, Roberto Gianitelli, Domingo Sánchez, Roberto Mititieri, Luis Porcellana","Roberto Guisado, Ángel Goicoechea, Adolfo Pérez, Antonio Rossi, Claudio González","Piano, Bass, 5 Bandoneons, 5 Violins",Single,42-43 5 violins,A,1943-05-05_Bar-Exposicion_Sarli
Carlos Di Sarli,Carlos Di Sarli y su Orquesta Típica,5/5/1943,Nueve Puntos,9 Puntos,Tango,Instrumental,Víctor,78rpm,84329,60-0068,Francisco Canaro,,,42-43 5 violins,Carlos Di Sarli,Domingo Capurro,"Félix Verdi, Roberto Gianitelli, Domingo Sánchez, Roberto Mititieri, Luis Porcellana","Roberto Guisado, Ángel Goicoechea, Adolfo Pérez, Antonio Rossi, Claudio González","Piano, Bass, 5 Bandoneons, 5 Violins",LP,The Best Of Tango,,The Best Of Tango
Carlos Di Sarli,Carlos Di Sarli y su Orquesta Típica,5/5/1943,Si Tú Quisieras,,Tango,Roberto Rufino,Víctor,78rpm,84330,60-0068,Francisco Pracánico,Luis Rubistein,,42-43 5 violins,Carlos Di Sarli,Domingo Capurro,"Félix Verdi, Roberto Gianitelli, Domingo Sánchez, Roberto Mititieri, Luis Porcellana","Roberto Guisado, Ángel Goicoechea, Adolfo Pérez, Antonio Rossi, Claudio González","Piano, Bass, 5 Bandoneons, 5 Violins",LP,Lo Mismo Que Antes,B,Lo Mismo Que Antes...
Carlos Di Sarli,Carlos Di Sarli y su Orquesta Típica,5/14/1943,Don José María,,Tango,Instrumental,Víctor,78rpm,84380,60-0114,Anselmo Mendizábal,"Carlos Waiss, Ernesto Temes",,42-43 5 violins,Carlos Di Sarli,Domingo Capurro,"Félix Verdi, Roberto Gianitelli, Domingo Sánchez, Roberto Mititieri, Luis Porcellana","Roberto Guisado, Ángel Goicoechea, Adolfo Pérez, Antonio Rossi, Claudio González","Piano, Bass, 5 Bandoneons, 5 Violins",Single,42-43 5 violins,B,1943-05-14_Don-Jose-Maria_Sarli
Carlos Di Sarli,Carlos Di Sarli y su Orquesta Típica,5/28/1943,Anselmo Acuña el Resero,,Tango,Roberto Rufino,Víctor,78rpm,84381,60-0094,"Pedro Casella, Félix Láurenz",Luis Caruso,,42-43 5 violins,Carlos Di Sarli,Domingo Capurro,"Félix Verdi, Roberto Gianitelli, Domingo Sánchez, Roberto Mititieri, Luis Porcellana","Roberto Guisado, Ángel Goicoechea, Adolfo Pérez, Antonio Rossi, Claudio González","Piano, Bass, 5 Bandoneons, 5 Violins",Single,42-43 5 violins,B,1943-05-28_Anselmo-Acuna-el-Resero_Sarli
Carlos Di Sarli,Carlos Di Sarli y su Orquesta Típica,6/14/1943,Zorro Plateado,,Tango,Roberto Rufino,Víctor,78rpm,77008,60-0114,Carlos De La Riestra,Enrique Cadícamo,,42-43 5 violins,Carlos Di Sarli,Domingo Capurro,"Félix Verdi, Roberto Gianitelli, Domingo Sánchez, Roberto Mititieri, Luis Porcellana","Roberto Guisado, Ángel Goicoechea, Adolfo Pérez, Antonio Rossi, Claudio González","Piano, Bass, 5 Bandoneons, 5 Violins",Single,42-43 5 violins,A,1943-06-14_Zorro-Plateado_Sarli
Carlos Di Sarli,Carlos Di Sarli y su Orquesta Típica,8/5/1943,La Viruta,,Tango,Instrumental,Víctor,78rpm,77125,60-0156,Vicente Greco,,,42-43 5 violins,Carlos Di Sarli,Domingo Capurro,"Félix Verdi, Roberto Gianitelli, Domingo Sánchez, Roberto Mititieri, Luis Porcellana","Roberto Guisado, Ángel Goicoechea, Adolfo Pérez, Antonio Rossi, Claudio González","Piano, Bass, 5 Bandoneons, 5 Violins",Single,42-43 5 violins,A,1943-08-05_La-Viruta_Sarli
Carlos Di Sarli,Carlos Di Sarli y su Orquesta Típica,8/5/1943,Navegante,Vito Dumas,Tango,Roberto Rufino,Víctor,78rpm,77126,60-0156,Jaime Yanin,José Staffolani,,42-43 5 violins,Carlos Di Sarli,Domingo Capurro,"Félix Verdi, Roberto Gianitelli, Domingo Sánchez, Roberto Mititieri, Luis Porcellana","Roberto Guisado, Ángel Goicoechea, Adolfo Pérez, Antonio Rossi, Claudio González","Piano, Bass, 5 Bandoneons, 5 Violins",,,,
Carlos Di Sarli,Carlos Di Sarli y su Orquesta Típica,9/7/1943,Ensueños,,Tango,Instrumental,Víctor,78rpm,77216,60-0194,Luis Brighenti,Enrique Cadícamo,,42-43 5 violins,Carlos Di Sarli,Domingo Capurro,"Félix Verdi, Roberto Gianitelli, Domingo Sánchez, Roberto Mititieri, Luis Porcellana","Roberto Guisado, Ángel Goicoechea, Adolfo Pérez, Antonio Rossi, Claudio González","Piano, Bass, 5 Bandoneons, 5 Violins",Single,42-43 5 violins,B,1943-09-07_Ensuenos_Sarli
Carlos Di Sarli,Carlos Di Sarli y su Orquesta Típica,9/7/1943,Tristeza Marina,,Tango,Roberto Rufino,Víctor,78rpm,77215,60-0194,"José Dames, Roberto Patti",Horacio Sanguinetti,,42-43 5 violins,Carlos Di Sarli,Domingo Capurro,"Félix Verdi, Roberto Gianitelli, Domingo Sánchez, Roberto Mititieri, Luis Porcellana","Roberto Guisado, Ángel Goicoechea, Adolfo Pérez, Antonio Rossi, Claudio González","Piano, Bass, 5 Bandoneons, 5 Violins",Single,42-43 5 violins,A,1943-09-07_Tristeza-Marina_Sarli
Carlos Di Sarli,Carlos Di Sarli y su Orquesta Típica,10/7/1943,Verdemar,,Tango,Roberto Rufino,Víctor,78rpm,77283,60-0228,Carlos Di Sarli,José Contursi,,42-43 5 violins,Carlos Di Sarli,Domingo Capurro,"Félix Verdi, Roberto Gianitelli, Domingo Sánchez, Roberto Mititieri, Luis Porcellana","Roberto Guisado, Ángel Goicoechea, Adolfo Pérez, Antonio Rossi, Claudio González","Piano, Bass, 5 Bandoneons, 5 Violins",Single,42-43 5 violins,A,1943-10-07_Verdemar_Sarli
Carlos Di Sarli,Carlos Di Sarli y su Orquesta Típica,10/7/1943,Yo Soy de San Telmo,,Milonga,Roberto Rufino,Víctor,78rpm,77284,60-0228,Arturo Gallucci,Victorino Velázquez,,42-43 5 violins,Carlos Di Sarli,Domingo Capurro,"Félix Verdi, Roberto Gianitelli, Domingo Sánchez, Roberto Mititieri, Luis Porcellana","Roberto Guisado, Ángel Goicoechea, Adolfo Pérez, Antonio Rossi, Claudio González","Piano, Bass, 5 Bandoneons, 5 Violins",Single,42-43 5 violins,B,1943-10-07_Yo-Soy-De-San-Telmo_Sarli
Carlos Di Sarli,Carlos Di Sarli y su Orquesta Típica,11/4/1943,A Mí Me Llaman Juan Tango,,Tango,Roberto Rufino,Víctor,78rpm,77351,60-0266,Tito Ribero,Carlos Waiss,,42-43 5 violins,Carlos Di Sarli,Domingo Capurro,"Félix Verdi, Roberto Gianitelli, Domingo Sánchez, Roberto Mititieri, Luis Porcellana","Roberto Guisado, Ángel Goicoechea, Adolfo Pérez, Antonio Rossi, Claudio González","Piano, Bass, 5 Bandoneons, 5 Violins",Single,42-43 5 violins,A,1943-11-04_A-Mi-Me-Llaman-Juan-Tango_Sarli
Carlos Di Sarli,Carlos Di Sarli y su Orquesta Típica,11/4/1943,El Jagüel,,Tango,Instrumental,Víctor,78rpm,77353,60-0252,Carlos Posadas,José Fernández,,42-43 5 violins,Carlos Di Sarli,Domingo Capurro,"Félix Verdi, Roberto Gianitelli, Domingo Sánchez, Roberto Mititieri, Luis Porcellana","Roberto Guisado, Ángel Goicoechea, Adolfo Pérez, Antonio Rossi, Claudio González","Piano, Bass, 5 Bandoneons, 5 Violins",Single,42-43 5 violins,B,1943-11-04_El-Jaguel_Sarli
Carlos Di Sarli,Carlos Di Sarli y su Orquesta Típica,11/4/1943,Los Muñequitos,San Fernando,Tango,Roberto Rufino,Víctor,78rpm,77350,60-0252,Francisco Pracánico,Oscar Rubens,,42-43 5 violins,Carlos Di Sarli,Domingo Capurro,"Félix Verdi, Roberto Gianitelli, Domingo Sánchez, Roberto Mititieri, Luis Porcellana","Roberto Guisado, Ángel Goicoechea, Adolfo Pérez, Antonio Rossi, Claudio González","Piano, Bass, 5 Bandoneons, 5 Violins",Single,42-43 5 violins,A,1943-11-04_Los-Munequitos_Sarli
Carlos Di Sarli,Carlos Di Sarli y su Orquesta Típica,11/4/1943,Todo,,Tango,Roberto Rufino,Víctor,78rpm,77352,60-0266,Hugo Gutiérrez,Homero Expósito,,42-43 5 violins,Carlos Di Sarli,Domingo Capurro,"Félix Verdi, Roberto Gianitelli, Domingo Sánchez, Roberto Mititieri, Luis Porcellana","Roberto Guisado, Ángel Goicoechea, Adolfo Pérez, Antonio Rossi, Claudio González","Piano, Bass, 5 Bandoneons, 5 Violins",Single,42-43 5 violins,B,1943-11-04_Todo_Sarli
Carlos Di Sarli,Carlos Di Sarli y su Orquesta Típica,12/17/1943,Boedo y San Juan,,Tango,Roberto Rufino,Víctor,78rpm,77468,60-0300,Domingo Cadícamo,Enrique Cadícamo,,42-43 5 violins,Carlos Di Sarli,Domingo Capurro,"Félix Verdi, Roberto Gianitelli, Domingo Sánchez, Roberto Mititieri, Luis Porcellana","Roberto Guisado, Ángel Goicoechea, Adolfo Pérez, Antonio Rossi, Claudio González","Piano, Bass, 5 Bandoneons, 5 Violins",EP,El Maestro Y Yo,B,
Carlos Di Sarli,Carlos Di Sarli y su Orquesta Típica,12/17/1943,Esta Noche de Luna,,Tango,Roberto Rufino,Víctor,78rpm,77467,60-0300,"Graciano Gómez, José García",Héctor Marcó,,42-43 5 violins,Carlos Di Sarli,Domingo Capurro,"Félix Verdi, Roberto Gianitelli, Domingo Sánchez, Roberto Mititieri, Luis Porcellana","Roberto Guisado, Ángel Goicoechea, Adolfo Pérez, Antonio Rossi, Claudio González","Piano, Bass, 5 Bandoneons, 5 Violins",,,,
Carlos Di Sarli,Carlos Di Sarli y su Orquesta Típica,12/17/1943,Maldonado,,Milonga,Roberto Rufino,Víctor,78rpm,77465,60-0331,Alberto Mastra,Alberto Mastra,,42-43 5 violins,Carlos Di Sarli,Domingo Capurro,"Félix Verdi, Roberto Gianitelli, Domingo Sánchez, Roberto Mititieri, Luis Porcellana","Roberto Guisado, Ángel Goicoechea, Adolfo Pérez, Antonio Rossi, Claudio González","Piano, Bass, 5 Bandoneons, 5 Violins",Single,42-43 5 violins,A,1943-12-17_Maldonado_Sarli
Carlos Di Sarli,Carlos Di Sarli y su Orquesta Típica,12/17/1943,Tierra Negra,,Tango,Instrumental,Víctor,78rpm,77466,60-0331,"Graciano De Leone, Juan Noli",Francisco Bastardi,,42-43 5 violins,Carlos Di Sarli,Domingo Capurro,"Félix Verdi, Roberto Gianitelli, Domingo Sánchez, Roberto Mititieri, Luis Porcellana","Roberto Guisado, Ángel Goicoechea, Adolfo Pérez, Antonio Rossi, Claudio González","Piano, Bass, 5 Bandoneons, 5 Violins",Single,42-43 5 violins,B,1943-12-17_Tierra-Negra_Sarli
Carlos Di Sarli,Carlos Di Sarli y su Orquesta Típica,4/13/1944,Cero Al As,,Tango,Alberto Podestá,Víctor,78rpm,79626,60-0409,Arturo Gallucci,Francisco Bohígas,,44-45 Smaller Orquesta,Carlos Di Sarli,Domingo Capurro,"Félix Verdi, Domingo Sánchez, Federico Scorticati","Roberto Guisado, Ángel Goicoechea, Adolfo Pérez, Antonio Rossi","Piano, Bass, 3 Bandoneons, 4 Violins",Single,44-45 Smaller Orquesta,A,1944-04-13_Cero-Al-As_Sarli
Carlos Di Sarli,Carlos Di Sarli y su Orquesta Típica,4/13/1944,Nada,,Tango,Alberto Podestá,Víctor,78rpm,79625,60-0408,José Dames,Horacio Sanguinetti,,44-45 Smaller Orquesta,Carlos Di Sarli,Domingo Capurro,"Félix Verdi, Domingo Sánchez, Federico Scorticati","Roberto Guisado, Ángel Goicoechea, Adolfo Pérez, Antonio Rossi","Piano, Bass, 3 Bandoneons, 4 Violins",Single,44-45 Smaller Orquesta,B,1944-04-13_Nada_Sarli
Carlos Di Sarli,Carlos Di Sarli y su Orquesta Típica,4/13/1944,Otra Noche,,Tango,Alberto Podestá,Víctor,78rpm,79624,60-0408,Rodolfo Sciammarella,Rodolfo Sciammarella,,44-45 Smaller Orquesta,Carlos Di Sarli,Domingo Capurro,"Félix Verdi, Domingo Sánchez, Federico Scorticati","Roberto Guisado, Ángel Goicoechea, Adolfo Pérez, Antonio Rossi","Piano, Bass, 3 Bandoneons, 4 Violins",LP,1929-1947,B,1929-1947
Carlos Di Sarli,Carlos Di Sarli y su Orquesta Típica,4/13/1944,Qué Solo Estoy,,Tango,Alberto Podestá,Víctor,78rpm,79627,60-0469,Raúl Kaplún,Roberto Miró,,44-45 Smaller Orquesta,Carlos Di Sarli,Domingo Capurro,"Félix Verdi, Domingo Sánchez, Federico Scorticati","Roberto Guisado, Ángel Goicoechea, Adolfo Pérez, Antonio Rossi","Piano, Bass, 3 Bandoneons, 4 Violins",Single,44-45 Smaller Orquesta,A,1944-04-13_Que-Solo-Estoy_Sarli
Carlos Di Sarli,Carlos Di Sarli y su Orquesta Típica,5/24/1944,Llueve Otra Vez,,Tango,Alberto Podestá,Víctor,78rpm,79706,60-0448,Juan Guichandut,Oscar Rubens,,44-45 Smaller Orquesta,Carlos Di Sarli,Domingo Capurro,"Félix Verdi, Domingo Sánchez, Federico Scorticati","Roberto Guisado, Ángel Goicoechea, Adolfo Pérez, Antonio Rossi","Piano, Bass, 3 Bandoneons, 4 Violins",,,,
Carlos Di Sarli,Carlos Di Sarli y su Orquesta Típica,5/24/1944,Vamos,,Tango,Alberto Podestá,Víctor,78rpm,79707,60-0448,Feliciano Brunelli,Rodolfo Sciammarella,,44-45 Smaller Orquesta,Carlos Di Sarli,Domingo Capurro,"Félix Verdi, Domingo Sánchez, Federico Scorticati","Roberto Guisado, Ángel Goicoechea, Adolfo Pérez, Antonio Rossi","Piano, Bass, 3 Bandoneons, 4 Violins",,,,
Carlos Di Sarli,Carlos Di Sarli y su Orquesta Típica,7/11/1944,La Capilla Blanca,,Tango,Alberto Podestá,Víctor,78rpm,79765,60-0487,Carlos Di Sarli,Héctor Marcó,,44-45 Smaller Orquesta,Carlos Di Sarli,Domingo Capurro,"Félix Verdi, Domingo Sánchez, Federico Scorticati","Roberto Guisado, Ángel Goicoechea, Adolfo Pérez, Antonio Rossi","Piano, Bass, 3 Bandoneons, 4 Violins",Single,44-45 Smaller Orquesta,A,1944-07-11_La-Capilla-Blanca_Sarli
Carlos Di Sarli,Carlos Di Sarli y su Orquesta Típica,7/11/1944,Milonguero Viejo,Fresedo,Tango,Instrumental,Víctor,78rpm,79766,60-0487,Carlos Di Sarli,Enrique Sotelo,,44-45 Smaller Orquesta,Carlos Di Sarli,Domingo Capurro,"Félix Verdi, Domingo Sánchez, Federico Scorticati","Roberto Guisado, Ángel Goicoechea, Adolfo Pérez, Antonio Rossi","Piano, Bass, 3 Bandoneons, 4 Violins",Single,44-45 Smaller Orquesta,B,1944-07-11_Milonguero-Viejo_Sarli
Carlos Di Sarli,Carlos Di Sarli y su Orquesta Típica,7/20/1944,Champagne Tango,,Tango,Instrumental,Víctor,78rpm,79792,60-0509,Manuel Aróztegui,,,44-45 Smaller Orquesta,Carlos Di Sarli,Domingo Capurro,"Félix Verdi, Domingo Sánchez, Federico Scorticati","Roberto Guisado, Ángel Goicoechea, Adolfo Pérez, Antonio Rossi","Piano, Bass, 3 Bandoneons, 4 Violins",LP,The Best Of Tango,,The Best Of Tango
Carlos Di Sarli,Carlos Di Sarli y su Orquesta Típica,7/20/1944,Motivo Sentimental,,Tango,Alberto Podestá,Víctor,78rpm,79791,60-0509,Emilio Brameri,Carlos Bahr,,44-45 Smaller Orquesta,Carlos Di Sarli,Domingo Capurro,"Félix Verdi, Domingo Sánchez, Federico Scorticati","Roberto Guisado, Ángel Goicoechea, Adolfo Pérez, Antonio Rossi","Piano, Bass, 3 Bandoneons, 4 Violins",,,,
Carlos Di Sarli,Carlos Di Sarli y su Orquesta Típica,9/20/1944,Lloran las Campanas,,Tango,Alberto Podestá,Víctor,78rpm,79865,60-0584,Alberto Villanueva,Oscar Rubistein,,44-45 Smaller Orquesta,Carlos Di Sarli,Domingo Capurro,"Félix Verdi, Domingo Sánchez, Federico Scorticati","Roberto Guisado, Ángel Goicoechea, Adolfo Pérez, Antonio Rossi","Piano, Bass, 3 Bandoneons, 4 Violins",,,,
Carlos Di Sarli,Carlos Di Sarli y su Orquesta Típica,11/8/1944,Royal Pigall,Qué Has Hecho de Mi Cariño,Tango,Instrumental,Víctor,78rpm,79922,60-0584,Juan Maglio,José Castillo,,44-45 Smaller Orquesta,Carlos Di Sarli,Domingo Capurro,"Félix Verdi, Domingo Sánchez, Federico Scorticati","Roberto Guisado, Ángel Goicoechea, Adolfo Pérez, Antonio Rossi","Piano, Bass, 3 Bandoneons, 4 Violins",,,,
Carlos Di Sarli,Carlos Di Sarli y su Orquesta Típica,11/8/1944,Tú el Cielo y Tú,,Tango,Alberto Podestá,Víctor,78rpm,79923,60-0572,Mario Canaro,Héctor Marcó,,44-45 Smaller Orquesta,Carlos Di Sarli,Domingo Capurro,"Félix Verdi, Domingo Sánchez, Federico Scorticati","Roberto Guisado, Ángel Goicoechea, Adolfo Pérez, Antonio Rossi","Piano, Bass, 3 Bandoneons, 4 Violins",Single,44-45 Smaller Orquesta,A,1944-11-08_Tu-El-Cielo-Y-Tu_Sarli
Carlos Di Sarli,Carlos Di Sarli y su Orquesta Típica,11/8/1944,Un Lamento,,Tango,Instrumental,Víctor,78rpm,79924,60-0572,Graciano De Leone,Pedro C.,,44-45 Smaller Orquesta,Carlos Di Sarli,Domingo Capurro,"Félix Verdi, Domingo Sánchez, Federico Scorticati","Roberto Guisado, Ángel Goicoechea, Adolfo Pérez, Antonio Rossi","Piano, Bass, 3 Bandoneons, 4 Violins",Single,44-45 Smaller Orquesta,B,1944-11-08_Un-Lamento_Sarli
Carlos Di Sarli,Carlos Di Sarli y su Orquesta Típica,1/3/1945,Que No Sepan las Estrellas,,Tango,Jorge Durán,Víctor,78rpm,80516,60-0617,José Magarotti,Alfredo Roldán,,44-45 Smaller Orquesta,Carlos Di Sarli,Domingo Capurro,"Félix Verdi, Domingo Sánchez, Federico Scorticati","Roberto Guisado, Ángel Goicoechea, Adolfo Pérez, Antonio Rossi","Piano, Bass, 3 Bandoneons, 4 Violins",Single,44-45 Smaller Orquesta,A,1945-01-03_Que-No-Sepan-Las-Estrellas_Sarli
Carlos Di Sarli,Carlos Di Sarli y su Orquesta Típica,1/3/1945,Rodríguez Peña,,Tango,Instrumental,Víctor,78rpm,80517,60-0617,Vicente Greco,"Ernesto Temes, Juan Velich, Rafael Velich",,44-45 Smaller Orquesta,Carlos Di Sarli,Domingo Capurro,"Félix Verdi, Domingo Sánchez, Federico Scorticati","Roberto Guisado, Ángel Goicoechea, Adolfo Pérez, Antonio Rossi","Piano, Bass, 3 Bandoneons, 4 Violins",Single,44-45 Smaller Orquesta,B,1945-01-03_Rodriguez-Pena_Sarli
Carlos Di Sarli,Carlos Di Sarli y su Orquesta Típica,2/20/1945,El Ingeniero,,Tango,Instrumental,Víctor,78rpm,80554,60-0639,Alejandro Junnissi,,,44-45 Smaller Orquesta,Carlos Di Sarli,Domingo Capurro,"Félix Verdi, Domingo Sánchez, Federico Scorticati","Roberto Guisado, Ángel Goicoechea, Adolfo Pérez, Antonio Rossi","Piano, Bass, 3 Bandoneons, 4 Violins",Single,44-45 Smaller Orquesta,B,1945-02-20_El-Ingeniero_Sarli
Carlos Di Sarli,Carlos Di Sarli y su Orquesta Típica,2/20/1945,Porteño y Bailarín,,Tango,Jorge Durán,Víctor,78rpm,80553,60-0639,Carlos Di Sarli,Héctor Marcó,,44-45 Smaller Orquesta,Carlos Di Sarli,Domingo Capurro,"Félix Verdi, Domingo Sánchez, Federico Scorticati","Roberto Guisado, Ángel Goicoechea, Adolfo Pérez, Antonio Rossi","Piano, Bass, 3 Bandoneons, 4 Violins",Single,44-45 Smaller Orquesta,A,1945-02-20_Porteno-Y-Bailarin_Sarli
Carlos Di Sarli,Carlos Di Sarli y su Orquesta Típica,3/8/1945,Solamente Ella,,Tango,Jorge Durán,Víctor,78rpm,80567,60-0649,Lucio Demare,Homero Manzi,,44-45 Smaller Orquesta,Carlos Di Sarli,Domingo Capurro,"Félix Verdi, Domingo Sánchez, Federico Scorticati","Roberto Guisado, Ángel Goicoechea, Adolfo Pérez, Antonio Rossi","Piano, Bass, 3 Bandoneons, 4 Violins",,,,
Carlos Di Sarli,Carlos Di Sarli y su Orquesta Típica,3/8/1945,Tus Labios Me Dirán,,Tango,Jorge Durán,Víctor,78rpm,80568,60-0649,Emilio Brameri,Héctor Marcó,,44-45 Smaller Orquesta,Carlos Di Sarli,Domingo Capurro,"Félix Verdi, Domingo Sánchez, Federico Scorticati","Roberto Guisado, Ángel Goicoechea, Adolfo Pérez, Antonio Rossi","Piano, Bass, 3 Bandoneons, 4 Violins",,,,
Carlos Di Sarli,Carlos Di Sarli y su Orquesta Típica,4/23/1945,Soy el Cantor de la Orquesta,,Tango,Jorge Durán,Víctor,78rpm,80614,60-0672,Alfredo Gobbi,Osvaldo Bruzzi,,44-45 Smaller Orquesta,Carlos Di Sarli,Domingo Capurro,"Félix Verdi, Domingo Sánchez, Federico Scorticati","Roberto Guisado, Ángel Goicoechea, Adolfo Pérez, Antonio Rossi","Piano, Bass, 3 Bandoneons, 4 Violins",Single,44-45 Smaller Orquesta,A,1945-04-23_Soy-el-Cantor-de-la-Orquesta_Sarli
Carlos Di Sarli,Carlos Di Sarli y su Orquesta Típica,4/23/1945,Vea Vea,,Tango,Instrumental,Víctor,78rpm,80615,60-0672,Roberto Firpo,Alberto Lago,,44-45 Smaller Orquesta,Carlos Di Sarli,Domingo Capurro,"Félix Verdi, Domingo Sánchez, Federico Scorticati","Roberto Guisado, Ángel Goicoechea, Adolfo Pérez, Antonio Rossi","Piano, Bass, 3 Bandoneons, 4 Violins",,,,
Carlos Di Sarli,Carlos Di Sarli y su Orquesta Típica,6/4/1945,Barba de Choclo,,Tango,Instrumental,Víctor,78rpm,80673,60-0701,Vicente Greco,Carlos Pesce,,44-45 Smaller Orquesta,Carlos Di Sarli,Domingo Capurro,"Félix Verdi, Domingo Sánchez, Federico Scorticati","Roberto Guisado, Ángel Goicoechea, Adolfo Pérez, Antonio Rossi","Piano, Bass, 3 Bandoneons, 4 Violins",LP,The Art Of Carlos Di Sarli Vol. 4,A,The Art Of Carlos Di Sarli Vol. 4
Carlos Di Sarli,Carlos Di Sarli y su Orquesta Típica,6/4/1945,Vieja Luna,,Tango,Jorge Durán,Víctor,78rpm,80672,60-0701,Arturo Gallucci,Celedonio Flores,,44-45 Smaller Orquesta,Carlos Di Sarli,Domingo Capurro,"Félix Verdi, Domingo Sánchez, Federico Scorticati","Roberto Guisado, Ángel Goicoechea, Adolfo Pérez, Antonio Rossi","Piano, Bass, 3 Bandoneons, 4 Violins",,,,
Carlos Di Sarli,Carlos Di Sarli y su Orquesta Típica,7/5/1945,Con Alma y Vida,,Milonga,Jorge Durán,Víctor,78rpm,80714,60-0723,Carlos Di Sarli,Héctor Marcó,,44-45 Smaller Orquesta,Carlos Di Sarli,Domingo Capurro,"Félix Verdi, Domingo Sánchez, Federico Scorticati","Roberto Guisado, Ángel Goicoechea, Adolfo Pérez, Antonio Rossi","Piano, Bass, 3 Bandoneons, 4 Violins",Single,44-45 Smaller Orquesta,A,1945-07-05_Con-Alma-Y-Vida_Sarli
Carlos Di Sarli,Carlos Di Sarli y su Orquesta Típica,7/5/1945,Ojos Negros,,Tango,Instrumental,Víctor,78rpm,80716,60-0746,Vicente Greco,,,44-45 Smaller Orquesta,Carlos Di Sarli,Domingo Capurro,"Félix Verdi, Domingo Sánchez, Federico Scorticati","Roberto Guisado, Ángel Goicoechea, Adolfo Pérez, Antonio Rossi","Piano, Bass, 3 Bandoneons, 4 Violins",Single,44-45 Smaller Orquesta,A,1945-07-05_Ojos-Negros_Sarli
Carlos Di Sarli,Carlos Di Sarli y su Orquesta Típica,7/5/1945,Un Tango y Nada Más,,Tango,Jorge Durán,Víctor,78rpm,80715,60-0723,"Armando Lacava, Juan Pomati",Carlos Waiss,,44-45 Smaller Orquesta,Carlos Di Sarli,Domingo Capurro,"Félix Verdi, Domingo Sánchez, Federico Scorticati","Roberto Guisado, Ángel Goicoechea, Adolfo Pérez, Antonio Rossi","Piano, Bass, 3 Bandoneons, 4 Violins",,,,
Carlos Di Sarli,Carlos Di Sarli y su Orquesta Típica,7/31/1945,Hoy Al Recordarla,,Tango,Jorge Durán,Víctor,78rpm,80753,60-0746,José Canet,José Canet,,44-45 Smaller Orquesta,Carlos Di Sarli,Domingo Capurro,"Félix Verdi, Domingo Sánchez, Federico Scorticati","Roberto Guisado, Ángel Goicoechea, Adolfo Pérez, Antonio Rossi","Piano, Bass, 3 Bandoneons, 4 Violins",,,,
Carlos Di Sarli,Carlos Di Sarli y su Orquesta Típica,8/29/1945,A la Gran Muñeca,,Tango,Instrumental,Víctor,78rpm,80831,60-0792,Jesús Ventura,Miguel Osés,,44-45 Smaller Orquesta,Carlos Di Sarli,Domingo Capurro,"Félix Verdi, Domingo Sánchez, Federico Scorticati","Roberto Guisado, Ángel Goicoechea, Adolfo Pérez, Antonio Rossi","Piano, Bass, 3 Bandoneons, 4 Violins",LP,The Best Of Tango,,The Best Of Tango
Carlos Di Sarli,Carlos Di Sarli y su Orquesta Típica,8/29/1945,Siete Palabras,,Tango,Instrumental,Víctor,78rpm,80790,60-0771,Juan Pacho,Alfredo Bigeschi,,44-45 Smaller Orquesta,Carlos Di Sarli,Domingo Capurro,"Félix Verdi, Domingo Sánchez, Federico Scorticati","Roberto Guisado, Ángel Goicoechea, Adolfo Pérez, Antonio Rossi","Piano, Bass, 3 Bandoneons, 4 Violins",Single,44-45 Smaller Orquesta,B,1945-08-29_Siete-Palabras_Sarli
Carlos Di Sarli,Carlos Di Sarli y su Orquesta Típica,8/29/1945,Sueño de Juventud,,Vals,Jorge Durán,Víctor,78rpm,80830,60-0792,Enrique Discépolo,Enrique Discépolo,,44-45 Smaller Orquesta,Carlos Di Sarli,Domingo Capurro,"Félix Verdi, Domingo Sánchez, Federico Scorticati","Roberto Guisado, Ángel Goicoechea, Adolfo Pérez, Antonio Rossi","Piano, Bass, 3 Bandoneons, 4 Violins",Single,44-45 Smaller Orquesta,A,1945-08-29_Sueno-De-Juventud_Sarli
Carlos Di Sarli,Carlos Di Sarli y su Orquesta Típica,8/29/1945,Yo,,Tango,Jorge Durán,Víctor,78rpm,80789,60-0771,Juan Guichandut,Juan Guichandut,,44-45 Smaller Orquesta,Carlos Di Sarli,Domingo Capurro,"Félix Verdi, Domingo Sánchez, Federico Scorticati","Roberto Guisado, Ángel Goicoechea, Adolfo Pérez, Antonio Rossi","Piano, Bass, 3 Bandoneons, 4 Violins",Single,44-45 Smaller Orquesta,A,1945-08-29_Yo_Sarli
Carlos Di Sarli,Carlos Di Sarli y su Orquesta Típica,10/30/1945,Tinta Verde,,Tango,Instrumental,Víctor,78rpm,80864,60-0879,Agustín Bardi,,,44-45 Smaller Orquesta,Carlos Di Sarli,Domingo Capurro,"Félix Verdi, Domingo Sánchez, Federico Scorticati","Roberto Guisado, Ángel Goicoechea, Adolfo Pérez, Antonio Rossi","Piano, Bass, 3 Bandoneons, 4 Violins",Single,44-45 Smaller Orquesta,B,1945-10-30_Tinta-Verde_Sarli
Carlos Di Sarli,Carlos Di Sarli y su Orquesta Típica,10/30/1945,Tu Íntimo Secreto,,Tango,Jorge Durán,Víctor,78rpm,80863,60-0807,Graciano Gómez,Héctor Marcó,,44-45 Smaller Orquesta,Carlos Di Sarli,Domingo Capurro,"Félix Verdi, Domingo Sánchez, Federico Scorticati","Roberto Guisado, Ángel Goicoechea, Adolfo Pérez, Antonio Rossi","Piano, Bass, 3 Bandoneons, 4 Violins",,,,
Carlos Di Sarli,Carlos Di Sarli y su Orquesta Típica,1/1/1946,El Once,A Divertirse,Tango,Instrumental,Víctor,78rpm,,,Osvaldo Fresedo,Emilio Fresedo,,46-48 Greco Bass,Carlos Di Sarli,Hamlet Greco,"Félix Verdi, Domingo Sánchez, Federico Scorticati, Roberto Mititieri, Ángel Ramos","Roberto Guisado, Ángel Goicoechea, Adolfo Pérez, Antonio Rossi","Piano, Bass, 5 Bandoneons, 4 Violins",LP,The Best Of Tango,B,The Best Of Tango
Carlos Di Sarli,Carlos Di Sarli y su Orquesta Típica,1/31/1946,Así Era Mi Novia,,Tango,Jorge Durán,Víctor,78rpm,80991,60-0879,Carlos Di Sarli,Héctor Marcó,,46-48 Greco Bass,Carlos Di Sarli,Hamlet Greco,"Félix Verdi, Domingo Sánchez, Federico Scorticati, Roberto Mititieri, Ángel Ramos","Roberto Guisado, Ángel Goicoechea, Adolfo Pérez, Antonio Rossi","Piano, Bass, 5 Bandoneons, 4 Violins",Single,46-48 Greco Bass,,1946-01-31_Asi-Era-Mi-Novia_Sarli
Carlos Di Sarli,Carlos Di Sarli y su Orquesta Típica,1/31/1946,Cosas de Tango,,Tango,Jorge Durán,Víctor,78rpm,80990,60-0879,Tito Ribero,Rodolfo Taboada,,46-48 Greco Bass,Carlos Di Sarli,Hamlet Greco,"Félix Verdi, Domingo Sánchez, Federico Scorticati, Roberto Mititieri, Ángel Ramos","Roberto Guisado, Ángel Goicoechea, Adolfo Pérez, Antonio Rossi","Piano, Bass, 5 Bandoneons, 4 Violins",Single,46-48 Greco Bass,B,1946-01-31_Cosas-de-Tango_Sarli
Carlos Di Sarli,Carlos Di Sarli y su Orquesta Típica,3/29/1946,Duelo Criollo,,Tango,Jorge Durán,Víctor,78rpm,82050,60-0910,Juan Rezzano,Lito Bayardo,,46-48 Greco Bass,Carlos Di Sarli,Hamlet Greco,"Félix Verdi, Domingo Sánchez, Federico Scorticati, Roberto Mititieri, Ángel Ramos","Roberto Guisado, Ángel Goicoechea, Adolfo Pérez, Antonio Rossi","Piano, Bass, 5 Bandoneons, 4 Violins",Single,46-48 Greco Bass,A,1946-03-29_Duelo-Criollo_Sarli
Carlos Di Sarli,Carlos Di Sarli y su Orquesta Típica,3/29/1946,El Pollo Ricardo,,Tango,Instrumental,Víctor,78rpm,82051,60-0910,Luis Fernández,Luis Fernández,,46-48 Greco Bass,Carlos Di Sarli,Hamlet Greco,"Félix Verdi, Domingo Sánchez, Federico Scorticati, Roberto Mititieri, Ángel Ramos","Roberto Guisado, Ángel Goicoechea, Adolfo Pérez, Antonio Rossi","Piano, Bass, 5 Bandoneons, 4 Violins",Single,46-48 Greco Bass,B,1946-03-29_El-Pollo-Ricardo_Sarli
Carlos Di Sarli,Carlos Di Sarli y su Orquesta Típica,5/3/1946,Para Qué Te Quiero Tanto,,Tango,Jorge Durán,Víctor,78rpm,82103,60-0940,Juan Larenza,Cátulo Castillo,,46-48 Greco Bass,Carlos Di Sarli,Hamlet Greco,"Félix Verdi, Domingo Sánchez, Federico Scorticati, Roberto Mititieri, Ángel Ramos","Roberto Guisado, Ángel Goicoechea, Adolfo Pérez, Antonio Rossi","Piano, Bass, 5 Bandoneons, 4 Violins",LP,Vol.2,B,Vol.2
Carlos Di Sarli,Carlos Di Sarli y su Orquesta Típica,5/9/1946,El Distinguido Ciudadano,,Tango,Instrumental,Víctor,78rpm,82117,60-0940,Peregrino Paulos,,,46-48 Greco Bass,Carlos Di Sarli,Hamlet Greco,"Félix Verdi, Domingo Sánchez, Federico Scorticati, Roberto Mititieri, Ángel Ramos","Roberto Guisado, Ángel Goicoechea, Adolfo Pérez, Antonio Rossi","Piano, Bass, 5 Bandoneons, 4 Violins",Single,46-48 Greco Bass,B,1946-05-09_El-Distinguido-Ciudadano_Sarli
Carlos Di Sarli,Carlos Di Sarli y su Orquesta Típica,6/6/1946,Clavel del Aire,,Tango,Jorge Durán,Víctor,78rpm,82147,60-0955,Juan Filiberto,Fernando Valdés,,46-48 Greco Bass,Carlos Di Sarli,Hamlet Greco,"Félix Verdi, Domingo Sánchez, Federico Scorticati, Roberto Mititieri, Ángel Ramos","Roberto Guisado, Ángel Goicoechea, Adolfo Pérez, Antonio Rossi","Piano, Bass, 5 Bandoneons, 4 Violins",Single,46-48 Greco Bass,B,1946-06-06_Clavel-Del-Aire_Sarli
Carlos Di Sarli,Carlos Di Sarli y su Orquesta Típica,6/6/1946,Mañana No Estarás,,Tango,Jorge Durán,Víctor,78rpm,82146,60-0955,Ariol Gessaghi,Horacio Sanguinetti,,46-48 Greco Bass,Carlos Di Sarli,Hamlet Greco,"Félix Verdi, Domingo Sánchez, Federico Scorticati, Roberto Mititieri, Ángel Ramos","Roberto Guisado, Ángel Goicoechea, Adolfo Pérez, Antonio Rossi","Piano, Bass, 5 Bandoneons, 4 Violins",Single,46-48 Greco Bass,A,1946-06-06_Manana-No-Estaras_Sarli
Carlos Di Sarli,Carlos Di Sarli y su Orquesta Típica,8/1/1946,El Caburé,,Tango,Instrumental,Víctor,78rpm,82262,60-1011,Arturo De Bassi,,,46-48 Greco Bass,Carlos Di Sarli,Hamlet Greco,"Félix Verdi, Domingo Sánchez, Federico Scorticati, Roberto Mititieri, Ángel Ramos","Roberto Guisado, Ángel Goicoechea, Adolfo Pérez, Antonio Rossi","Piano, Bass, 5 Bandoneons, 4 Violins",Single,46-48 Greco Bass,B,1946-08-01_El-Cabure_Sarli
Carlos Di Sarli,Carlos Di Sarli y su Orquesta Típica,8/1/1946,No Esperaba Verte Más,,Tango,Jorge Durán,Víctor,78rpm,82261,60-1011,Dorita Zárate,Dorita Zárate,,46-48 Greco Bass,Carlos Di Sarli,Hamlet Greco,"Félix Verdi, Domingo Sánchez, Federico Scorticati, Roberto Mititieri, Ángel Ramos","Roberto Guisado, Ángel Goicoechea, Adolfo Pérez, Antonio Rossi","Piano, Bass, 5 Bandoneons, 4 Violins",Single,46-48 Greco Bass,A,1946-08-01_No-Esperaba-Verte-Mas_Sarli
Carlos Di Sarli,Carlos Di Sarli y su Orquesta Típica,8/29/1946,Acuérdate de Mí,,Vals,Jorge Durán,Víctor,78rpm,82311,60-1035,Alfredo Cucci,Héctor Marcó,,46-48 Greco Bass,Carlos Di Sarli,Hamlet Greco,"Félix Verdi, Domingo Sánchez, Federico Scorticati, Roberto Mititieri, Ángel Ramos","Roberto Guisado, Ángel Goicoechea, Adolfo Pérez, Antonio Rossi","Piano, Bass, 5 Bandoneons, 4 Violins",Single,46-48 Greco Bass,B,1946-08-29_Acuerdate-De-Mi_Sarli
Carlos Di Sarli,Carlos Di Sarli y su Orquesta Típica,8/29/1946,Gracias,,Tango,Jorge Durán,Víctor,78rpm,82310,60-1035,Elías Randal,Carlos Bahr,,46-48 Greco Bass,Carlos Di Sarli,Hamlet Greco,"Félix Verdi, Domingo Sánchez, Federico Scorticati, Roberto Mititieri, Ángel Ramos","Roberto Guisado, Ángel Goicoechea, Adolfo Pérez, Antonio Rossi","Piano, Bass, 5 Bandoneons, 4 Violins",Single,46-48 Greco Bass,A,1946-08-29_Gracias_Sarli
Carlos Di Sarli,Carlos Di Sarli y su Orquesta Típica,12/5/1946,El Once,A Divertirse,Tango,Instrumental,Víctor,78rpm,82521,60-1149,Osvaldo Fresedo,Emilio Fresedo,,46-48 Greco Bass,Carlos Di Sarli,Hamlet Greco,"Félix Verdi, Domingo Sánchez, Federico Scorticati, Roberto Mititieri, Ángel Ramos","Roberto Guisado, Ángel Goicoechea, Adolfo Pérez, Antonio Rossi","Piano, Bass, 5 Bandoneons, 4 Violins",Single,46-48 Greco Bass,B,1946-12-05_El-Once_Sarli
Carlos Di Sarli,Carlos Di Sarli y su Orquesta Típica,12/5/1946,La Vida Me Engañó,,Tango,Jorge Durán,Víctor,78rpm,82520,60-1149,Alfonso Casini,Elizardo Vilas,,46-48 Greco Bass,Carlos Di Sarli,Hamlet Greco,"Félix Verdi, Domingo Sánchez, Federico Scorticati, Roberto Mititieri, Ángel Ramos","Roberto Guisado, Ángel Goicoechea, Adolfo Pérez, Antonio Rossi","Piano, Bass, 5 Bandoneons, 4 Violins",Single,46-48 Greco Bass,A,1946-12-05_La-Vida-Me-Engano_Sarli
Carlos Di Sarli,Carlos Di Sarli y su Orquesta Típica,1/14/1947,Comme Il Faut,,Tango,Instrumental,Víctor,78rpm,83200,60-1185,Eduardo Arolas,Gabriel Clausi,,46-48 Greco Bass,Carlos Di Sarli,Hamlet Greco,"Félix Verdi, Domingo Sánchez, Federico Scorticati, Roberto Mititieri, Ángel Ramos","Roberto Guisado, Ángel Goicoechea, Adolfo Pérez, Antonio Rossi","Piano, Bass, 5 Bandoneons, 4 Violins",LP,The Best Of Tango,B,The Best Of Tango
Carlos Di Sarli,Carlos Di Sarli y su Orquesta Típica,1/14/1947,Didí,,Tango,Instrumental,Víctor,78rpm,83202,60-1186,Roberto Firpo,,,46-48 Greco Bass,Carlos Di Sarli,Hamlet Greco,"Félix Verdi, Domingo Sánchez, Federico Scorticati, Roberto Mititieri, Ángel Ramos","Roberto Guisado, Ángel Goicoechea, Adolfo Pérez, Antonio Rossi","Piano, Bass, 5 Bandoneons, 4 Violins",Single,46-48 Greco Bass,A,1947-01-14_Didi_Sarli
Carlos Di Sarli,Carlos Di Sarli y su Orquesta Típica,1/14/1947,Otra Vez Carnaval,,Tango,Jorge Durán,Víctor,78rpm,82599,60-1185,Carlos Di Sarli,Francisco Jiménez,,46-48 Greco Bass,Carlos Di Sarli,Hamlet Greco,"Félix Verdi, Domingo Sánchez, Federico Scorticati, Roberto Mititieri, Ángel Ramos","Roberto Guisado, Ángel Goicoechea, Adolfo Pérez, Antonio Rossi","Piano, Bass, 5 Bandoneons, 4 Violins",Single,46-48 Greco Bass,A,1947-01-14_Otra-Vez-Carnaval_Sarli
Carlos Di Sarli,Carlos Di Sarli y su Orquesta Típica,1/14/1947,Pueblera,,Milonga,Jorge Durán,Víctor,78rpm,83201,60-1185,Antonio Bonavena,Horacio Sanguinetti,,46-48 Greco Bass,Carlos Di Sarli,Hamlet Greco,"Félix Verdi, Domingo Sánchez, Federico Scorticati, Roberto Mititieri, Ángel Ramos","Roberto Guisado, Ángel Goicoechea, Adolfo Pérez, Antonio Rossi","Piano, Bass, 5 Bandoneons, 4 Violins",Single,46-48 Greco Bass,,1947-01-14_Pueblera_Sarli
Carlos Di Sarli,Carlos Di Sarli y su Orquesta Típica,4/24/1947,El Pollito,,Tango,Instrumental,Víctor,78rpm,83380,60-1288,Francisco Canaro,,,46-48 Greco Bass,Carlos Di Sarli,Hamlet Greco,"Félix Verdi, Domingo Sánchez, Federico Scorticati, Roberto Mititieri, Ángel Ramos","Roberto Guisado, Ángel Goicoechea, Adolfo Pérez, Antonio Rossi","Piano, Bass, 5 Bandoneons, 4 Violins",LP,The Best Of Tango,B,The Best Of Tango
Carlos Di Sarli,Carlos Di Sarli y su Orquesta Típica,4/24/1947,Por el Camino,Zamba del Boyero,Tango,Alberto Podestá,Víctor,78rpm,83381,60-1288,José Bohr,José Castillo,,46-48 Greco Bass,Carlos Di Sarli,Hamlet Greco,"Félix Verdi, Domingo Sánchez, Federico Scorticati, Roberto Mititieri, Ángel Ramos","Roberto Guisado, Ángel Goicoechea, Adolfo Pérez, Antonio Rossi","Piano, Bass, 5 Bandoneons, 4 Violins",Single,46-48 Greco Bass,B,1947-04-24_Por-el-Camino_Sarli
Carlos Di Sarli,Carlos Di Sarli y su Orquesta Típica,5/8/1947,Déjame,,Tango,Alberto Podestá,Víctor,78rpm,83410,60-1310 A,"Francisco Canaro, Mariano Mores, Ivo Pelay","Francisco Canaro, Mariano Mores, Ivo Pelay",,46-48 Greco Bass,Carlos Di Sarli,Hamlet Greco,"Félix Verdi, Domingo Sánchez, Federico Scorticati, Roberto Mititieri, Ángel Ramos","Roberto Guisado, Ángel Goicoechea, Adolfo Pérez, Antonio Rossi","Piano, Bass, 5 Bandoneons, 4 Violins",Single,46-48 Greco Bass,A,1947-05-08_Dejame_Sarli
Carlos Di Sarli,Carlos Di Sarli y su Orquesta Típica,5/8/1947,La Racha,,Tango,Instrumental,Víctor,78rpm,83411,60-1310,Agustín Bardi,,,46-48 Greco Bass,Carlos Di Sarli,Hamlet Greco,"Félix Verdi, Domingo Sánchez, Federico Scorticati, Roberto Mititieri, Ángel Ramos","Roberto Guisado, Ángel Goicoechea, Adolfo Pérez, Antonio Rossi","Piano, Bass, 5 Bandoneons, 4 Violins",Single,46-48 Greco Bass,A,1947-05-08_La-Racha_Sarli
Carlos Di Sarli,Carlos Di Sarli y su Orquesta Típica,5/28/1947,La Canción Más Triste,,Tango,Alberto Podestá,Víctor,78rpm,83458,60-1341,Enrique Munné,Roberto Lambertucci,,46-48 Greco Bass,Carlos Di Sarli,Hamlet Greco,"Félix Verdi, Domingo Sánchez, Federico Scorticati, Roberto Mititieri, Ángel Ramos","Roberto Guisado, Ángel Goicoechea, Adolfo Pérez, Antonio Rossi","Piano, Bass, 5 Bandoneons, 4 Violins",Single,46-48 Greco Bass,A,1947-05-28_La-Cancion-Mas-Triste_Sarli
Carlos Di Sarli,Carlos Di Sarli y su Orquesta Típica,5/28/1947,Soy Aquel Viajero,,Tango,Alberto Podestá,Víctor,78rpm,83459,60-1341,Héctor Grané,Ricardo Thompson,,46-48 Greco Bass,Carlos Di Sarli,Hamlet Greco,"Félix Verdi, Domingo Sánchez, Federico Scorticati, Roberto Mititieri, Ángel Ramos","Roberto Guisado, Ángel Goicoechea, Adolfo Pérez, Antonio Rossi","Piano, Bass, 5 Bandoneons, 4 Violins",Single,46-48 Greco Bass,B,1947-05-28_Soy-Aquel-Viajero_Sarli
Carlos Di Sarli,Carlos Di Sarli y su Orquesta Típica,9/26/1947,De Vuelta,,Vals,Alberto Podestá,Víctor,78rpm,83671,60-1451,Carlos Lázzari,Carlos Bahr,,46-48 Greco Bass,Carlos Di Sarli,Hamlet Greco,"Félix Verdi, Domingo Sánchez, Federico Scorticati, Roberto Mititieri, Ángel Ramos","Roberto Guisado, Ángel Goicoechea, Adolfo Pérez, Antonio Rossi","Piano, Bass, 5 Bandoneons, 4 Violins",Single,46-48 Greco Bass,B,1947-09-26_De-Vuelta_Sarli
Carlos Di Sarli,Carlos Di Sarli y su Orquesta Típica,9/26/1947,Dinero Dinero,,Tango,Alberto Podestá,Víctor,78rpm,83670,60-1451,Enrique Delfino,Cátulo Castillo,,46-48 Greco Bass,Carlos Di Sarli,Hamlet Greco,"Félix Verdi, Domingo Sánchez, Federico Scorticati, Roberto Mititieri, Ángel Ramos","Roberto Guisado, Ángel Goicoechea, Adolfo Pérez, Antonio Rossi","Piano, Bass, 5 Bandoneons, 4 Violins",Single,46-48 Greco Bass,A,1947-09-26_Dinero-Dinero_Sarli
Carlos Di Sarli,Carlos Di Sarli y su Orquesta Típica,6/22/1948,La Novia del Mar,,Tango,Oscar Serpa,Víctor,78rpm,83982,60-1636,"José Ranieri, Elías Randal",Horacio Sanguinetti,,46-48 Greco Bass,Carlos Di Sarli,Hamlet Greco,"Leopoldo Federico, Domingo Sánchez, Federico Scorticati, Roberto Mititieri, Ángel Ramos","Roberto Guisado, Ángel Goicoechea, Adolfo Pérez, Antonio Rossi","Piano, Bass, 5 Bandoneons, 4 Violins",Single,46-48 Greco Bass,A,1948-06-22_La-Novia-Del-Mar_Sarli
Carlos Di Sarli,Carlos Di Sarli y su Orquesta Típica,6/22/1948,Los Treinta y Tres Orientales,Los 33 Orientales,Tango,Instrumental,Víctor,78rpm,83983,60-1636,"José Felipetti, Rosario Mazzeo",Arturo Rodríguez,,46-48 Greco Bass,Carlos Di Sarli,Hamlet Greco,"Leopoldo Federico, Domingo Sánchez, Federico Scorticati, Roberto Mititieri, Ángel Ramos","Roberto Guisado, Ángel Goicoechea, Adolfo Pérez, Antonio Rossi","Piano, Bass, 5 Bandoneons, 4 Violins",Single,46-48 Greco Bass,B,1948-06-22_Los-Treinta-Y-Tres-Orientales_Sarli
Carlos Di Sarli,Carlos Di Sarli y su Orquesta Típica,1951-11,El Incendio,,Tango,Instrumental,Music Hall,Tape,BA-1000-2,LP-1001-A2,Arturo De Bassi,,,51-54 Music Hall,Carlos Di Sarli,Alfredo Sciarretta,"Félix Verdi, Federico Scorticati, Ángel Ramos, Luis Masturini, Juan Carlos Matino","Roberto Guisado, Bernardo Weber, Ángel Goicoechea, Simón Bajour, Claudio González, Alfredo Pérez","Piano, Bass, 5 Bandoneons, 6 Violins",EP,MH-1,A,MH-1
Carlos Di Sarli,Carlos Di Sarli y su Orquesta Típica,1951-11,El Opio,,Tango,Instrumental,Music Hall,Tape,BA-1000-1,LP-1001-A1,Francisco Canaro,,,51-54 Music Hall,Carlos Di Sarli,Alfredo Sciarretta,"Félix Verdi, Federico Scorticati, Ángel Ramos, Luis Masturini, Juan Carlos Matino","Roberto Guisado, Bernardo Weber, Ángel Goicoechea, Simón Bajour, Claudio González, Alfredo Pérez","Piano, Bass, 5 Bandoneons, 6 Violins",EP,MH-1,A,MH-1
Carlos Di Sarli,Carlos Di Sarli y su Orquesta Típica,1951-11,A la Gran Muñeca,,Tango,Instrumental,Music Hall,Tape,BA-1001-1,LP-1001-B1,Jesús Ventura,Miguel Osés,,51-54 Music Hall,Carlos Di Sarli,Alfredo Sciarretta,"Félix Verdi, Federico Scorticati, Ángel Ramos, Luis Masturini, Juan Carlos Matino","Roberto Guisado, Bernardo Weber, Ángel Goicoechea, Simón Bajour, Claudio González, Alfredo Pérez","Piano, Bass, 5 Bandoneons, 6 Violins",EP,MH-1,B,MH-1
Carlos Di Sarli,Carlos Di Sarli y su Orquesta Típica,1951-11,Germaine,,Tango,Instrumental,Music Hall,Tape,BA-1001-2,LP-1001-B2,Alberto Buchardo,,,51-54 Music Hall,Carlos Di Sarli,Alfredo Sciarretta,"Félix Verdi, Federico Scorticati, Ángel Ramos, Luis Masturini, Juan Carlos Matino","Roberto Guisado, Bernardo Weber, Ángel Goicoechea, Simón Bajour, Claudio González, Alfredo Pérez","Piano, Bass, 5 Bandoneons, 6 Violins",EP,MH-1,B,MH-1
Carlos Di Sarli,Carlos Di Sarli y su Orquesta Típica,1951-11,El Pollo Ricardo,,Tango,Instrumental,Music Hall,Tape,BA-1002-2,LP-1002-A2,Luis Fernández,Luis Fernández,,51-54 Music Hall,Carlos Di Sarli,Alfredo Sciarretta,"Félix Verdi, Federico Scorticati, Ángel Ramos, Luis Masturini, Juan Carlos Matino","Roberto Guisado, Bernardo Weber, Ángel Goicoechea, Simón Bajour, Claudio González, Alfredo Pérez","Piano, Bass, 5 Bandoneons, 6 Violins",EP,MH-2,A,MH-2
Carlos Di Sarli,Carlos Di Sarli y su Orquesta Típica,1951-11,La Cumparsita,Si Supieras,Tango,Instrumental,Music Hall,Tape,BA-1002-1,LP-1002-A1,Gerardo Rodríguez,"Pascual Contursi, Enrique Maroni, Gerardo Rodríguez",,51-54 Music Hall,Carlos Di Sarli,Alfredo Sciarretta,"Félix Verdi, Federico Scorticati, Ángel Ramos, Luis Masturini, Juan Carlos Matino","Roberto Guisado, Bernardo Weber, Ángel Goicoechea, Simón Bajour, Claudio González, Alfredo Pérez","Piano, Bass, 5 Bandoneons, 6 Violins",EP,MH-2,A,MH-2
Carlos Di Sarli,Carlos Di Sarli y su Orquesta Típica,1951-11,Como los Nardos en Flor,,Tango,Instrumental,Music Hall,Tape,BA-1003-2,LP-1002-B2,"Teófilo Lespés, Mario Lespés",Eduardo Viera,,51-54 Music Hall,Carlos Di Sarli,Alfredo Sciarretta,"Félix Verdi, Federico Scorticati, Ángel Ramos, Luis Masturini, Juan Carlos Matino","Roberto Guisado, Bernardo Weber, Ángel Goicoechea, Simón Bajour, Claudio González, Alfredo Pérez","Piano, Bass, 5 Bandoneons, 6 Violins",EP,MH-2,B,MH-2
Carlos Di Sarli,Carlos Di Sarli y su Orquesta Típica,1951-11,Nido Gaucho,,Tango,Mario Pomar,Music Hall,Tape,BA-1003-1,LP-1002-B1,Carlos Di Sarli,Héctor Marcó,,51-54 Music Hall,Carlos Di Sarli,Alfredo Sciarretta,"Félix Verdi, Federico Scorticati, Ángel Ramos, Luis Masturini, Juan Carlos Matino","Roberto Guisado, Bernardo Weber, Ángel Goicoechea, Simón Bajour, Claudio González, Alfredo Pérez","Piano, Bass, 5 Bandoneons, 6 Violins",EP,MH-2,B,MH-2
Carlos Di Sarli,Carlos Di Sarli y su Orquesta Típica,1951-11,El Amanecer,,Tango,Instrumental,Music Hall,Tape,BA-1004-1,LP-1003-A1,Roberto Firpo,,,51-54 Music Hall,Carlos Di Sarli,Alfredo Sciarretta,"Félix Verdi, Federico Scorticati, Ángel Ramos, Luis Masturini, Juan Carlos Matino","Roberto Guisado, Bernardo Weber, Ángel Goicoechea, Simón Bajour, Claudio González, Alfredo Pérez","Piano, Bass, 5 Bandoneons, 6 Violins",EP,MH-3,A,MH-3
Carlos Di Sarli,Carlos Di Sarli y su Orquesta Típica,1951-11,Milonguero Viejo,Fresedo,Tango,Instrumental,Music Hall,Tape,BA-1004-2,LP-1003-A2,Carlos Di Sarli,Enrique Sotelo,,51-54 Music Hall,Carlos Di Sarli,Alfredo Sciarretta,"Félix Verdi, Federico Scorticati, Ángel Ramos, Luis Masturini, Juan Carlos Matino","Roberto Guisado, Bernardo Weber, Ángel Goicoechea, Simón Bajour, Claudio González, Alfredo Pérez","Piano, Bass, 5 Bandoneons, 6 Violins",EP,MH-3,A,MH-3
Carlos Di Sarli,Carlos Di Sarli y su Orquesta Típica,1951-11,Comme Il Faut,,Tango,Instrumental,Music Hall,Tape,BA-1005-2,LP-1003-B2,Eduardo Arolas,Gabriel Clausi,,51-54 Music Hall,Carlos Di Sarli,Alfredo Sciarretta,"Félix Verdi, Federico Scorticati, Ángel Ramos, Luis Masturini, Juan Carlos Matino","Roberto Guisado, Bernardo Weber, Ángel Goicoechea, Simón Bajour, Claudio González, Alfredo Pérez","Piano, Bass, 5 Bandoneons, 6 Violins",EP,MH-3,A,MH-3
Carlos Di Sarli,Carlos Di Sarli y su Orquesta Típica,1951-11,La Morocha,,Tango,Instrumental,Music Hall,Tape,BA-1005-1,LP-1003-B1,Enrique Saborido,Ángel Villoldo,,51-54 Music Hall,Carlos Di Sarli,Alfredo Sciarretta,"Félix Verdi, Federico Scorticati, Ángel Ramos, Luis Masturini, Juan Carlos Matino","Roberto Guisado, Bernardo Weber, Ángel Goicoechea, Simón Bajour, Claudio González, Alfredo Pérez","Piano, Bass, 5 Bandoneons, 6 Violins",EP,MH-3,B,MH-3
Carlos Di Sarli,Carlos Di Sarli y su Orquesta Típica,1951-11,Didí,,Tango,Instrumental,Music Hall,Tape,BA-1006-2,LP-1004-A2,Roberto Firpo,,,51-54 Music Hall,Carlos Di Sarli,Alfredo Sciarretta,"Félix Verdi, Federico Scorticati, Ángel Ramos, Luis Masturini, Juan Carlos Matino","Roberto Guisado, Bernardo Weber, Ángel Goicoechea, Simón Bajour, Claudio González, Alfredo Pérez","Piano, Bass, 5 Bandoneons, 6 Violins",EP,MH-4,A,MH-4
Carlos Di Sarli,Carlos Di Sarli y su Orquesta Típica,1951-11,Organito de la Tarde,,Tango,Instrumental,Music Hall,Tape,BA-1006-1,LP-1004-A1,Cátulo Castillo,José Castillo,,51-54 Music Hall,Carlos Di Sarli,Alfredo Sciarretta,"Félix Verdi, Federico Scorticati, Ángel Ramos, Luis Masturini, Juan Carlos Matino","Roberto Guisado, Bernardo Weber, Ángel Goicoechea, Simón Bajour, Claudio González, Alfredo Pérez","Piano, Bass, 5 Bandoneons, 6 Violins",EP,MH-4,A,MH-4
Carlos Di Sarli,Carlos Di Sarli y su Orquesta Típica,1951-12,El Once,A Divertirse,Tango,Instrumental,Music Hall,Tape,BA-1007-1,LP-1004-B1,Osvaldo Fresedo,Emilio Fresedo,,51-54 Music Hall,Carlos Di Sarli,Alfredo Sciarretta,"Félix Verdi, Federico Scorticati, Ángel Ramos, Luis Masturini, Juan Carlos Matino","Roberto Guisado, Bernardo Weber, Ángel Goicoechea, Simón Bajour, Claudio González, Alfredo Pérez","Piano, Bass, 5 Bandoneons, 6 Violins",EP,MH-4,B,MH-4
Carlos Di Sarli,Carlos Di Sarli y su Orquesta Típica,1951-12,El Recodo,,Tango,Instrumental,Music Hall,Tape,BA-1007-2,LP-1004-B2,Alejandro Junnissi,Armando Tagini,,51-54 Music Hall,Carlos Di Sarli,Alfredo Sciarretta,"Félix Verdi, Federico Scorticati, Ángel Ramos, Luis Masturini, Juan Carlos Matino","Roberto Guisado, Bernardo Weber, Ángel Goicoechea, Simón Bajour, Claudio González, Alfredo Pérez","Piano, Bass, 5 Bandoneons, 6 Violins",EP,MH-4,B,MH-4
Carlos Di Sarli,Carlos Di Sarli y su Orquesta Típica,1951-12,Don Juan,Mozos Guapos,Tango,Instrumental,Music Hall,Tape,BA-1008-1,LP-1005-A1,Ernesto Ponzio,Ricardo Podestá,,51-54 Music Hall,Carlos Di Sarli,Alfredo Sciarretta,"Félix Verdi, Federico Scorticati, Ángel Ramos, Luis Masturini, Juan Carlos Matino","Roberto Guisado, Bernardo Weber, Ángel Goicoechea, Simón Bajour, Claudio González, Alfredo Pérez","Piano, Bass, 5 Bandoneons, 6 Violins",EP,MH-5,A,MH-5
Carlos Di Sarli,Carlos Di Sarli y su Orquesta Típica,1951-12,El Caburé,,Tango,Instrumental,Music Hall,Tape,BA-1008-2,LP-1005-A2,Arturo De Bassi,,,51-54 Music Hall,Carlos Di Sarli,Alfredo Sciarretta,"Félix Verdi, Federico Scorticati, Ángel Ramos, Luis Masturini, Juan Carlos Matino","Roberto Guisado, Bernardo Weber, Ángel Goicoechea, Simón Bajour, Claudio González, Alfredo Pérez","Piano, Bass, 5 Bandoneons, 6 Violins",EP,MH-5,A,MH-5
Carlos Di Sarli,Carlos Di Sarli y su Orquesta Típica,1951-12,El Ciruja,,Tango,Instrumental,Music Hall,Tape,BA-1009-2,LP-1005-B2,Ernesto De La Cruz,Francisco Marino,,51-54 Music Hall,Carlos Di Sarli,Alfredo Sciarretta,"Félix Verdi, Federico Scorticati, Ángel Ramos, Luis Masturini, Juan Carlos Matino","Roberto Guisado, Bernardo Weber, Ángel Goicoechea, Simón Bajour, Claudio González, Alfredo Pérez","Piano, Bass, 5 Bandoneons, 6 Violins",EP,MH-5,B,MH-5
Carlos Di Sarli,Carlos Di Sarli y su Orquesta Típica,1951-12,El Pollito,,Tango,Instrumental,Music Hall,Tape,BA-1009-1,LP-1005-B1,Francisco Canaro,,,51-54 Music Hall,Carlos Di Sarli,Alfredo Sciarretta,"Félix Verdi, Federico Scorticati, Ángel Ramos, Luis Masturini, Juan Carlos Matino","Roberto Guisado, Bernardo Weber, Ángel Goicoechea, Simón Bajour, Claudio González, Alfredo Pérez","Piano, Bass, 5 Bandoneons, 6 Violins",EP,MH-5,B,MH-5
Carlos Di Sarli,Carlos Di Sarli y su Orquesta Típica,1952-01,Los Treinta y Tres Orientales,Los 33 Orientales,Tango,Instrumental,Music Hall,Tape,BA-1013-2,LP-1007-B,"José Felipetti, Rosario Mazzeo",Arturo Rodríguez,,51-54 Music Hall,Carlos Di Sarli,Alfredo Sciarretta,"Félix Verdi, Federico Scorticati, Ángel Ramos, Luis Masturini, Juan Carlos Matino","Roberto Guisado, Bernardo Weber, Ángel Goicoechea, Simón Bajour, Claudio González, Alfredo Pérez","Piano, Bass, 5 Bandoneons, 6 Violins",EP,MH-7,B,MH-7
Carlos Di Sarli,Carlos Di Sarli y su Orquesta Típica,1952-01,Rodríguez Peña,,Tango,Instrumental,Music Hall,Tape,BA-1010-1,LP-1006-A1,Vicente Greco,"Ernesto Temes, Juan Velich, Rafael Velich",,51-54 Music Hall,Carlos Di Sarli,Alfredo Sciarretta,"Félix Verdi, Federico Scorticati, Ángel Ramos, Luis Masturini, Juan Carlos Matino","Roberto Guisado, Bernardo Weber, Ángel Goicoechea, Simón Bajour, Claudio González, Alfredo Pérez","Piano, Bass, 5 Bandoneons, 6 Violins",EP,MH-6,A,MH-6
Carlos Di Sarli,Carlos Di Sarli y su Orquesta Típica,1952-01,Nueve Puntos,,Tango,Instrumental,Music Hall,Tape,BA-1010-2,LP-1006-A2,Francisco Canaro,,,51-54 Music Hall,Carlos Di Sarli,Alfredo Sciarretta,"Félix Verdi, Federico Scorticati, Ángel Ramos, Luis Masturini, Juan Carlos Matino","Roberto Guisado, Bernardo Weber, Ángel Goicoechea, Simón Bajour, Claudio González, Alfredo Pérez","Piano, Bass, 5 Bandoneons, 6 Violins",EP,MH-6,A,MH-6
Carlos Di Sarli,Carlos Di Sarli y su Orquesta Típica,1952-01,Domani,,Tango,Mario Pomar,Music Hall,Tape,BA-1011-2,LP-1006-B2,Carlos Viván,Cátulo Castillo,,51-54 Music Hall,Carlos Di Sarli,Alfredo Sciarretta,"Félix Verdi, Federico Scorticati, Ángel Ramos, Luis Masturini, Juan Carlos Matino","Roberto Guisado, Bernardo Weber, Ángel Goicoechea, Simón Bajour, Claudio González, Alfredo Pérez","Piano, Bass, 5 Bandoneons, 6 Violins",EP,MH-6,B,MH-6
Carlos Di Sarli,Carlos Di Sarli y su Orquesta Típica,1952-01,Un Momento,,Vals,Oscar Serpa,Music Hall,Tape,BA-1011-1,LP-1006-B1,Héctor Stamponi,Héctor Stamponi,,51-54 Music Hall,Carlos Di Sarli,Alfredo Sciarretta,"Félix Verdi, Federico Scorticati, Ángel Ramos, Luis Masturini, Juan Carlos Matino","Roberto Guisado, Bernardo Weber, Ángel Goicoechea, Simón Bajour, Claudio González, Alfredo Pérez","Piano, Bass, 5 Bandoneons, 6 Violins",EP,MH-6,B,MH-6
Carlos Di Sarli,Carlos Di Sarli y su Orquesta Típica,1952-01,Cuatro Vidas,,Tango,Oscar Serpa,Music Hall,Tape,BA-1012-1,LP-1007-A1,Carlos Di Sarli,Héctor Marcó,,51-54 Music Hall,Carlos Di Sarli,Alfredo Sciarretta,"Félix Verdi, Federico Scorticati, Ángel Ramos, Luis Masturini, Juan Carlos Matino","Roberto Guisado, Bernardo Weber, Ángel Goicoechea, Simón Bajour, Claudio González, Alfredo Pérez","Piano, Bass, 5 Bandoneons, 6 Violins",EP,MH-7,A,MH-7
Carlos Di Sarli,Carlos Di Sarli y su Orquesta Típica,1952-01,Sueño de Juventud,,Vals,Oscar Serpa,Music Hall,Tape,BA-1012-2,LP-1007-A2,Enrique Discépolo,Enrique Discépolo,,51-54 Music Hall,Carlos Di Sarli,Alfredo Sciarretta,"Félix Verdi, Federico Scorticati, Ángel Ramos, Luis Masturini, Juan Carlos Matino","Roberto Guisado, Bernardo Weber, Ángel Goicoechea, Simón Bajour, Claudio González, Alfredo Pérez","Piano, Bass, 5 Bandoneons, 6 Violins",EP,MH-7,A,MH-7
Carlos Di Sarli,Carlos Di Sarli y su Orquesta Típica,1952-02,La Cachila,,Tango,Instrumental,Music Hall,Tape,BA-1013-1,LP-1007-B1,Eduardo Arolas,Héctor Polito,,51-54 Music Hall,Carlos Di Sarli,Alfredo Sciarretta,"Félix Verdi, Federico Scorticati, Ángel Ramos, Luis Masturini, Juan Carlos Matino","Roberto Guisado, Bernardo Weber, Ángel Goicoechea, Simón Bajour, Claudio González, Alfredo Pérez","Piano, Bass, 5 Bandoneons, 6 Violins",EP,MH-7,B,MH-7
Carlos Di Sarli,Carlos Di Sarli y su Orquesta Típica,1952-02,Siete Palabras,,Tango,Instrumental,Music Hall,Tape,BA-1013-1,LP-1008-A1,Juan Maglio,Alfredo Bigeschi,,51-54 Music Hall,Carlos Di Sarli,Alfredo Sciarretta,"Félix Verdi, Federico Scorticati, Ángel Ramos, Luis Masturini, Juan Carlos Matino","Roberto Guisado, Bernardo Weber, Ángel Goicoechea, Simón Bajour, Claudio González, Alfredo Pérez","Piano, Bass, 5 Bandoneons, 6 Violins",EP,MH-8,A,MH-8
Carlos Di Sarli,Carlos Di Sarli y su Orquesta Típica,1952-02,El Ingeniero,,Tango,Instrumental,Music Hall,Tape,BA-1014-1,LP-1008-B1,Alejandro Junnissi,,,51-54 Music Hall,Carlos Di Sarli,Alfredo Sciarretta,"Félix Verdi, Federico Scorticati, Ángel Ramos, Luis Masturini, Juan Carlos Matino","Roberto Guisado, Bernardo Weber, Ángel Goicoechea, Simón Bajour, Claudio González, Alfredo Pérez","Piano, Bass, 5 Bandoneons, 6 Violins",EP,MH-8,B,MH-8
Carlos Di Sarli,Carlos Di Sarli y su Orquesta Típica,1952-02,Por el Camino,,Tango,Oscar Serpa,Music Hall,Tape,BA-1013-2,LP-1008-A2,José Bohr,José Castillo,,51-54 Music Hall,Carlos Di Sarli,Alfredo Sciarretta,"Félix Verdi, Federico Scorticati, Ángel Ramos, Luis Masturini, Juan Carlos Matino","Roberto Guisado, Bernardo Weber, Ángel Goicoechea, Simón Bajour, Claudio González, Alfredo Pérez","Piano, Bass, 5 Bandoneons, 6 Violins",EP,MH-8,A,MH-8
Carlos Di Sarli,Carlos Di Sarli y su Orquesta Típica,1952-02,Porteña y Nada Más,,Milonga,Mario Pomar,Music Hall,Tape,BA-1014-2,LP-1008-B2,Don Filinto,"Mario Rafaelli, Genaro Caliendo, Filinto Rebechi",,51-54 Music Hall,Carlos Di Sarli,Alfredo Sciarretta,"Félix Verdi, Federico Scorticati, Ángel Ramos, Luis Masturini, Juan Carlos Matino","Roberto Guisado, Bernardo Weber, Ángel Goicoechea, Simón Bajour, Claudio González, Alfredo Pérez","Piano, Bass, 5 Bandoneons, 6 Violins",EP,MH-8,B,MH-8
Carlos Di Sarli,Carlos Di Sarli y su Orquesta Típica,1952-02,A la Luz del Candil,,Tango,Mario Pomar,Music Hall,Tape,BA-1015-2,LP-1009-A2,Carlos Flores,Julio Navarrine,,51-54 Music Hall,Carlos Di Sarli,Alfredo Sciarretta,"Félix Verdi, Federico Scorticati, Ángel Ramos, Luis Masturini, Juan Carlos Matino","Roberto Guisado, Bernardo Weber, Ángel Goicoechea, Simón Bajour, Claudio González, Alfredo Pérez","Piano, Bass, 5 Bandoneons, 6 Violins",EP,MH-9,A,MH-9
Carlos Di Sarli,Carlos Di Sarli y su Orquesta Típica,1952-02,Así Era Mi Novia,,Tango,Mario Pomar,Music Hall,Tape,BA-1016-1,LP-1009-B1,Carlos Di Sarli,Héctor Marcó,,51-54 Music Hall,Carlos Di Sarli,Alfredo Sciarretta,"Félix Verdi, Federico Scorticati, Ángel Ramos, Luis Masturini, Juan Carlos Matino","Roberto Guisado, Bernardo Weber, Ángel Goicoechea, Simón Bajour, Claudio González, Alfredo Pérez","Piano, Bass, 5 Bandoneons, 6 Violins",EP,MH-9,B,MH-9
Carlos Di Sarli,Carlos Di Sarli y su Orquesta Típica,1952-02,Barba de Choclo,,Tango,Instrumental,Music Hall,Tape,BA-1015-1,LP-1009-A1,Vicente Greco,Carlos Pesce,,51-54 Music Hall,Carlos Di Sarli,Alfredo Sciarretta,"Félix Verdi, Federico Scorticati, Ángel Ramos, Luis Masturini, Juan Carlos Matino","Roberto Guisado, Bernardo Weber, Ángel Goicoechea, Simón Bajour, Claudio González, Alfredo Pérez","Piano, Bass, 5 Bandoneons, 6 Violins",EP,MH-9,A,MH-9
Carlos Di Sarli,Carlos Di Sarli y su Orquesta Típica,1952-02,Cara Sucia,,Tango,Instrumental,Music Hall,Tape,BA-1016-2,LP-1009-B2,Francisco Canaro,Juan Caruso,,51-54 Music Hall,Carlos Di Sarli,Alfredo Sciarretta,"Félix Verdi, Federico Scorticati, Ángel Ramos, Luis Masturini, Juan Carlos Matino","Roberto Guisado, Bernardo Weber, Ángel Goicoechea, Simón Bajour, Claudio González, Alfredo Pérez","Piano, Bass, 5 Bandoneons, 6 Violins",EP,MH-9,B,MH-9
Carlos Di Sarli,Carlos Di Sarli y su Orquesta Típica,1952-04,Champagne Tango,,Tango,Instrumental,Music Hall,Tape,BA-1017-2,LP-1010-A2,Manuel Aróztegui,,,51-54 Music Hall,Carlos Di Sarli,Alfredo Sciarretta,"Félix Verdi, Federico Scorticati, Ángel Ramos, Luis Masturini, Juan Carlos Matino","Roberto Guisado, Bernardo Weber, Ángel Goicoechea, Simón Bajour, Claudio González, Alfredo Pérez","Piano, Bass, 5 Bandoneons, 6 Violins",EP,MH-10,A,MH-10
Carlos Di Sarli,Carlos Di Sarli y su Orquesta Típica,1952-04,Mi Refugio,,Tango,Instrumental,Music Hall,Tape,BA-1017-1,LP-1010-A1,Juan Cobián,Pedro Córdoba,,51-54 Music Hall,Carlos Di Sarli,Alfredo Sciarretta,"Félix Verdi, Federico Scorticati, Ángel Ramos, Luis Masturini, Juan Carlos Matino","Roberto Guisado, Bernardo Weber, Ángel Goicoechea, Simón Bajour, Claudio González, Alfredo Pérez","Piano, Bass, 5 Bandoneons, 6 Violins",EP,MH-10,A,MH-10
Carlos Di Sarli,Carlos Di Sarli y su Orquesta Típica,1952-05,Bar Exposición,Cosa Linda Barata,Tango,Instrumental,Music Hall,Tape,BA-1018-2,LP-1010-B2,Luis Teisseire,,,51-54 Music Hall,Carlos Di Sarli,Alfredo Sciarretta,"Félix Verdi, Federico Scorticati, Ángel Ramos, Luis Masturini, Juan Carlos Matino","Roberto Guisado, Bernardo Weber, Ángel Goicoechea, Simón Bajour, Claudio González, Alfredo Pérez","Piano, Bass, 5 Bandoneons, 6 Violins",EP,MH-10,B,MH-10
Carlos Di Sarli,Carlos Di Sarli y su Orquesta Típica,1952-05,Pimienta,,Tango,Instrumental,Music Hall,Tape,BA-1018-1,LP-1010-B1,Osvaldo Fresedo,,,51-54 Music Hall,Carlos Di Sarli,Alfredo Sciarretta,"Félix Verdi, Federico Scorticati, Ángel Ramos, Luis Masturini, Juan Carlos Matino","Roberto Guisado, Bernardo Weber, Ángel Goicoechea, Simón Bajour, Claudio González, Alfredo Pérez","Piano, Bass, 5 Bandoneons, 6 Violins",EP,MH-10,B,MH-10
Carlos Di Sarli,Carlos Di Sarli y su Orquesta Típica,1952-06,Don José María,,Tango,Instrumental,Music Hall,Tape,BA-1022-2,LP-1012-B2,Rosendo Mendizábal,"Carlos Waiss, Ernesto Temes",,51-54 Music Hall,Carlos Di Sarli,Alfredo Sciarretta,"Félix Verdi, Federico Scorticati, Ángel Ramos, Luis Masturini, Juan Carlos Matino","Roberto Guisado, Bernardo Weber, Ángel Goicoechea, Simón Bajour, Claudio González, Alfredo Pérez","Piano, Bass, 5 Bandoneons, 6 Violins",EP,MH-12,B,MH-12
Carlos Di Sarli,Carlos Di Sarli y su Orquesta Típica,1952-06,El Distinguido Ciudadano,,Tango,Instrumental,Music Hall,Tape,BA-1022-1,LP-1012-B1,Peregrino Paulos,,,51-54 Music Hall,Carlos Di Sarli,Alfredo Sciarretta,"Félix Verdi, Federico Scorticati, Ángel Ramos, Luis Masturini, Juan Carlos Matino","Roberto Guisado, Bernardo Weber, Ángel Goicoechea, Simón Bajour, Claudio González, Alfredo Pérez","Piano, Bass, 5 Bandoneons, 6 Violins",EP,MH-12,B,MH-12
Carlos Di Sarli,Carlos Di Sarli y su Orquesta Típica,1952-06,La Viruta,,Tango,Instrumental,Music Hall,Tape,BA-1021-2,LP-1012-A2,Vicente Greco,,,51-54 Music Hall,Carlos Di Sarli,Alfredo Sciarretta,"Félix Verdi, Federico Scorticati, Ángel Ramos, Luis Masturini, Juan Carlos Matino","Roberto Guisado, Bernardo Weber, Ángel Goicoechea, Simón Bajour, Claudio González, Alfredo Pérez","Piano, Bass, 5 Bandoneons, 6 Violins",EP,MH-12,A,MH-12
Carlos Di Sarli,Carlos Di Sarli y su Orquesta Típica,1952-06,Marianito,Manou,Tango,Instrumental,Music Hall,Tape,BA-1021-1,LP-1012-A1,Domingo Salerno,,,51-54 Music Hall,Carlos Di Sarli,Alfredo Sciarretta,"Félix Verdi, Federico Scorticati, Ángel Ramos, Luis Masturini, Juan Carlos Matino","Roberto Guisado, Bernardo Weber, Ángel Goicoechea, Simón Bajour, Claudio González, Alfredo Pérez","Piano, Bass, 5 Bandoneons, 6 Violins",EP,MH-12,A,MH-12
Carlos Di Sarli,Carlos Di Sarli y su Orquesta Típica,1952-07-00,Con Alma y Vida,,Milonga,Oscar Serpa,Music Hall,Tape,BA-1027-2,LP-1015-A2,Carlos Di Sarli,Héctor Marcó,,51-54 Music Hall,Carlos Di Sarli,Alfredo Sciarretta,"Félix Verdi, Federico Scorticati, Ángel Ramos, Luis Masturini, Juan Carlos Matino","Roberto Guisado, Bernardo Weber, Ángel Goicoechea, Simón Bajour, Claudio González, Alfredo Pérez","Piano, Bass, 5 Bandoneons, 6 Violins",EP,MH-15,A,MH-15
Carlos Di Sarli,Carlos Di Sarli y su Orquesta Típica,1952-07-00,No Me Pregunten Por Qué,,Tango,Mario Pomar,Music Hall,Tape,BA-1027-1,LP-1015-A1,Carlos Di Sarli,Reynaldo Pignataro,,51-54 Music Hall,Carlos Di Sarli,Alfredo Sciarretta,"Félix Verdi, Federico Scorticati, Ángel Ramos, Luis Masturini, Juan Carlos Matino","Roberto Guisado, Bernardo Weber, Ángel Goicoechea, Simón Bajour, Claudio González, Alfredo Pérez","Piano, Bass, 5 Bandoneons, 6 Violins",EP,MH-15,A,MH-15
Carlos Di Sarli,Carlos Di Sarli y su Orquesta Típica,1952-07-00,Se Muere de Amor,,Tango,Mario Pomar,Music Hall,Tape,BA-1028-1,LP-1015-B1,Pedro Maffía,Cátulo Castillo,,51-54 Music Hall,Carlos Di Sarli,Alfredo Sciarretta,"Félix Verdi, Federico Scorticati, Ángel Ramos, Luis Masturini, Juan Carlos Matino","Roberto Guisado, Bernardo Weber, Ángel Goicoechea, Simón Bajour, Claudio González, Alfredo Pérez","Piano, Bass, 5 Bandoneons, 6 Violins",EP,MH-15,B,MH-15
Carlos Di Sarli,Carlos Di Sarli y su Orquesta Típica,1952-07-00,Siempre Más,,Tango,Oscar Serpa,Music Hall,Tape,BA-1028-2,LP-1015-B2,Emilio Brameri,Juan Bruno,,51-54 Music Hall,Carlos Di Sarli,Alfredo Sciarretta,"Félix Verdi, Federico Scorticati, Ángel Ramos, Luis Masturini, Juan Carlos Matino","Roberto Guisado, Bernardo Weber, Ángel Goicoechea, Simón Bajour, Claudio González, Alfredo Pérez","Piano, Bass, 5 Bandoneons, 6 Violins",EP,MH-15,B,MH-15
Carlos Di Sarli,Carlos Di Sarli y su Orquesta Típica,1952-08,De Vuelta,,Vals,Oscar Serpa,Music Hall,Tape,BA-1041-2,LP-1022-A2,Carlos Lázzari,Carlos Bahr,,51-54 Music Hall,Carlos Di Sarli,Alfredo Sciarretta,"Félix Verdi, Federico Scorticati, Ángel Ramos, Luis Masturini, Juan Carlos Matino","Roberto Guisado, Bernardo Weber, Ángel Goicoechea, Simón Bajour, Claudio González, Alfredo Pérez","Piano, Bass, 5 Bandoneons, 6 Violins",EP,MH-22,A,MH-22
Carlos Di Sarli,Carlos Di Sarli y su Orquesta Típica,1952-08,Quién Te Iguala,,Tango,Instrumental,Music Hall,Tape,BA-1042-1,LP-1022-B1,Alejandro Michetti,Francisco Bohígas,,51-54 Music Hall,Carlos Di Sarli,Alfredo Sciarretta,"Félix Verdi, Federico Scorticati, Ángel Ramos, Luis Masturini, Juan Carlos Matino","Roberto Guisado, Bernardo Weber, Ángel Goicoechea, Simón Bajour, Claudio González, Alfredo Pérez","Piano, Bass, 5 Bandoneons, 6 Violins",EP,MH-22,B,MH-22
Carlos Di Sarli,Carlos Di Sarli y su Orquesta Típica,1952-08,Tangueando Te Quiero,,Tango,Mario Pomar,Music Hall,Tape,BA-1041-1,LP-1022-A1,Carlos Di Sarli,Héctor Marcó,,51-54 Music Hall,Carlos Di Sarli,Alfredo Sciarretta,"Félix Verdi, Federico Scorticati, Ángel Ramos, Luis Masturini, Juan Carlos Matino","Roberto Guisado, Bernardo Weber, Ángel Goicoechea, Simón Bajour, Claudio González, Alfredo Pérez","Piano, Bass, 5 Bandoneons, 6 Violins",EP,MH-22,A,MH-22
Carlos Di Sarli,Carlos Di Sarli y su Orquesta Típica,1952-08,Viento Verde,,Tango,Oscar Serpa,Music Hall,Tape,BA-1042-2,LP-1022-B2,Ernesto De La Cruz,Horacio Sanguinetti,,51-54 Music Hall,Carlos Di Sarli,Alfredo Sciarretta,"Félix Verdi, Federico Scorticati, Ángel Ramos, Luis Masturini, Juan Carlos Matino","Roberto Guisado, Bernardo Weber, Ángel Goicoechea, Simón Bajour, Claudio González, Alfredo Pérez","Piano, Bass, 5 Bandoneons, 6 Violins",EP,MH-22,B,MH-22
Carlos Di Sarli,Carlos Di Sarli y su Orquesta Típica,1952-08,Clavel del Aire,,Tango,Oscar Serpa,Music Hall,Tape,BA-1043-1,LP-1023-A1,Juan Filiberto,Fernando Valdés,,51-54 Music Hall,Carlos Di Sarli,Alfredo Sciarretta,"Félix Verdi, Federico Scorticati, Ángel Ramos, Luis Masturini, Juan Carlos Matino","Roberto Guisado, Bernardo Weber, Ángel Goicoechea, Simón Bajour, Claudio González, Alfredo Pérez","Piano, Bass, 5 Bandoneons, 6 Violins",EP,MH-23,A,MH-23
Carlos Di Sarli,Carlos Di Sarli y su Orquesta Típica,1952-08,La Capilla Blanca,,Tango,Mario Pomar,Music Hall,Tape,BA-1043-2,LP-1023-A2,Carlos Di Sarli,Héctor Marcó,,51-54 Music Hall,Carlos Di Sarli,Alfredo Sciarretta,"Félix Verdi, Federico Scorticati, Ángel Ramos, Luis Masturini, Juan Carlos Matino","Roberto Guisado, Bernardo Weber, Ángel Goicoechea, Simón Bajour, Claudio González, Alfredo Pérez","Piano, Bass, 5 Bandoneons, 6 Violins",EP,MH-23,A,MH-23
Carlos Di Sarli,Carlos Di Sarli y su Orquesta Típica,1952-08,Tu Pálida Voz,,Vals,Mario Pomar,Music Hall,Tape,BA-1044-1,LP-1023-B1,Charlo,Homero Manzi,,51-54 Music Hall,Carlos Di Sarli,Alfredo Sciarretta,"Félix Verdi, Federico Scorticati, Ángel Ramos, Luis Masturini, Juan Carlos Matino","Roberto Guisado, Bernardo Weber, Ángel Goicoechea, Simón Bajour, Claudio González, Alfredo Pérez","Piano, Bass, 5 Bandoneons, 6 Violins",EP,MH-23,B,MH-23
Carlos Di Sarli,Carlos Di Sarli y su Orquesta Típica,1952-08,Un Lamento,,Tango,Instrumental,Music Hall,Tape,BA-1044-2,LP-1023-B2,Graciano De Leone,,,51-54 Music Hall,Carlos Di Sarli,Alfredo Sciarretta,"Félix Verdi, Federico Scorticati, Ángel Ramos, Luis Masturini, Juan Carlos Matino","Roberto Guisado, Bernardo Weber, Ángel Goicoechea, Simón Bajour, Claudio González, Alfredo Pérez","Piano, Bass, 5 Bandoneons, 6 Violins",EP,MH-23,B,MH-23
Carlos Di Sarli,Carlos Di Sarli y su Orquesta Típica,1952-09,Déjame Hablar,,Tango,Mario Pomar,Music Hall,Tape,BA-1048-1,LP-1025-B1,Arturo Gallucci,Abel Aznar,,51-54 Music Hall,Carlos Di Sarli,Alfredo Sciarretta,"Félix Verdi, Federico Scorticati, Ángel Ramos, Luis Masturini, Juan Carlos Matino","Roberto Guisado, Bernardo Weber, Ángel Goicoechea, Simón Bajour, Claudio González, Alfredo Pérez","Piano, Bass, 5 Bandoneons, 6 Violins",EP,MH-25,B,MH-25
Carlos Di Sarli,Carlos Di Sarli y su Orquesta Típica,1952-09,Dinero Dinero,,Tango,Oscar Serpa,Music Hall,Tape,BA-1047-2,LP-1025-A2,Enrique Delfino,Cátulo Castillo,,51-54 Music Hall,Carlos Di Sarli,Alfredo Sciarretta,"Félix Verdi, Federico Scorticati, Ángel Ramos, Luis Masturini, Juan Carlos Matino","Roberto Guisado, Bernardo Weber, Ángel Goicoechea, Simón Bajour, Claudio González, Alfredo Pérez","Piano, Bass, 5 Bandoneons, 6 Violins",EP,MH-25,A,MH-25
Carlos Di Sarli,Carlos Di Sarli y su Orquesta Típica,1952-09,El Jagüel,,Tango,Instrumental,Music Hall,Tape,BA-1048-2,LP-1025-B2,Carlos Posadas,José Fernández,,51-54 Music Hall,Carlos Di Sarli,Alfredo Sciarretta,"Félix Verdi, Federico Scorticati, Ángel Ramos, Luis Masturini, Juan Carlos Matino","Roberto Guisado, Bernardo Weber, Ángel Goicoechea, Simón Bajour, Claudio González, Alfredo Pérez","Piano, Bass, 5 Bandoneons, 6 Violins",EP,MH-25,B,MH-25
Carlos Di Sarli,Carlos Di Sarli y su Orquesta Típica,1952-09,Re Fa Si,,Tango,Instrumental,Music Hall,Tape,BA-1047-1,LP-1025-A1,Enrique Delfino,,,51-54 Music Hall,Carlos Di Sarli,Alfredo Sciarretta,"Félix Verdi, Federico Scorticati, Ángel Ramos, Luis Masturini, Juan Carlos Matino","Roberto Guisado, Bernardo Weber, Ángel Goicoechea, Simón Bajour, Claudio González, Alfredo Pérez","Piano, Bass, 5 Bandoneons, 6 Violins",EP,MH-25,A,MH-25
Carlos Di Sarli,Carlos Di Sarli y su Orquesta Típica,1952-09,Caminito,,Tango,Oscar Serpa,Music Hall,Tape,BA-1049-2,LP-1026-A2,Juan Filiberto,Gabino Peñaloza,,51-54 Music Hall,Carlos Di Sarli,Alfredo Sciarretta,"Félix Verdi, Federico Scorticati, Ángel Ramos, Luis Masturini, Juan Carlos Matino","Roberto Guisado, Bernardo Weber, Ángel Goicoechea, Simón Bajour, Claudio González, Alfredo Pérez","Piano, Bass, 5 Bandoneons, 6 Violins",EP,MH-26,A,MH-26
Carlos Di Sarli,Carlos Di Sarli y su Orquesta Típica,1952-09,Porteño y Bailarín,,Tango,Mario Pomar,Music Hall,Tape,BA-1050-1,LP-1026-B1,Carlos Di Sarli,Héctor Marcó,,51-54 Music Hall,Carlos Di Sarli,Alfredo Sciarretta,"Félix Verdi, Federico Scorticati, Ángel Ramos, Luis Masturini, Juan Carlos Matino","Roberto Guisado, Bernardo Weber, Ángel Goicoechea, Simón Bajour, Claudio González, Alfredo Pérez","Piano, Bass, 5 Bandoneons, 6 Violins",EP,MH-26,B,MH-26
Carlos Di Sarli,Carlos Di Sarli y su Orquesta Típica,1952-09,Quejas de Bandoneón,,Tango,Instrumental,Music Hall,Tape,BA-1049-1,LP-1026-A1,Juan Filiberto,,,51-54 Music Hall,Carlos Di Sarli,Alfredo Sciarretta,"Félix Verdi, Federico Scorticati, Ángel Ramos, Luis Masturini, Juan Carlos Matino","Roberto Guisado, Bernardo Weber, Ángel Goicoechea, Simón Bajour, Claudio González, Alfredo Pérez","Piano, Bass, 5 Bandoneons, 6 Violins",EP,MH-26,A,MH-26
Carlos Di Sarli,Carlos Di Sarli y su Orquesta Típica,1952-09,Tierra Negra,,Tango,Instrumental,Music Hall,Tape,BA-1050-2,LP-1026-B2,"Graciano De Leone, Juan Noli",Francisco Bastardi,,51-54 Music Hall,Carlos Di Sarli,Alfredo Sciarretta,"Félix Verdi, Federico Scorticati, Ángel Ramos, Luis Masturini, Juan Carlos Matino","Roberto Guisado, Bernardo Weber, Ángel Goicoechea, Simón Bajour, Claudio González, Alfredo Pérez","Piano, Bass, 5 Bandoneons, 6 Violins",EP,MH-26,B,MH-26
Carlos Di Sarli,Carlos Di Sarli y su Orquesta Típica,1052-10,La Novia del Mar,,Tango,Oscar Serpa,Music Hall,Tape,BA-1083-1,LP-1042-B1,"José Ranieri, Elías Randal",Horacio Sanguinetti,,51-54 Music Hall,Carlos Di Sarli,Alfredo Sciarretta,"Félix Verdi, Federico Scorticati, Ángel Ramos, Luis Masturini, Juan Carlos Matino","Roberto Guisado, Bernardo Weber, Ángel Goicoechea, Simón Bajour, Claudio González, Alfredo Pérez","Piano, Bass, 5 Bandoneons, 6 Violins",EP,MH-42,B,MH-42
Carlos Di Sarli,Carlos Di Sarli y su Orquesta Típica,1052-10,Al Compás del Corazón,Late un Corazón,Tango,Oscar Serpa,Music Hall,Tape,BA-1082-1,LP-1042-A1,Domingo Federico,Homero Expósito,,51-54 Music Hall,Carlos Di Sarli,Alfredo Sciarretta,"Félix Verdi, Federico Scorticati, Ángel Ramos, Luis Masturini, Juan Carlos Matino","Roberto Guisado, Bernardo Weber, Ángel Goicoechea, Simón Bajour, Claudio González, Alfredo Pérez","Piano, Bass, 5 Bandoneons, 6 Violins",EP,MH-42,A,MH-42
Carlos Di Sarli,Carlos Di Sarli y su Orquesta Típica,1052-10,Duelo Criollo,,Tango,Mario Pomar,Music Hall,Tape,BA-1082-2,LP-1042-A2,Juan Rezzano,Lito Bayardo,,51-54 Music Hall,Carlos Di Sarli,Alfredo Sciarretta,"Félix Verdi, Federico Scorticati, Ángel Ramos, Luis Masturini, Juan Carlos Matino","Roberto Guisado, Bernardo Weber, Ángel Goicoechea, Simón Bajour, Claudio González, Alfredo Pérez","Piano, Bass, 5 Bandoneons, 6 Violins",EP,MH-42,A,MH-42
Carlos Di Sarli,Carlos Di Sarli y su Orquesta Típica,1052-10,Fulgor,,Tango,Oscar Serpa,Music Hall,Tape,BA-1083-2,LP-1042-B2,José Dames,José Contursi,,51-54 Music Hall,Carlos Di Sarli,Alfredo Sciarretta,"Félix Verdi, Federico Scorticati, Ángel Ramos, Luis Masturini, Juan Carlos Matino","Roberto Guisado, Bernardo Weber, Ángel Goicoechea, Simón Bajour, Claudio González, Alfredo Pérez","Piano, Bass, 5 Bandoneons, 6 Violins",EP,MH-42,B,MH-42
Carlos Di Sarli,Carlos Di Sarli y su Orquesta Típica,1952-11,La Canción Más Triste,,Tango,Oscar Serpa,Music Hall,Tape,BA-1098-1,LP-1050-A1,Enrique Mune,Rto.lambertucci,,51-54 Music Hall,Carlos Di Sarli,,,,,Single,51-54 Music Hall,A,1952-11-01_La-Cancion-Mas-Triste_Sarli
Carlos Di Sarli,Carlos Di Sarli y su Orquesta Típica,1952-11,La Misma Tarde,,Tango,Oscar Serpa,Music Hall,Tape,BA-1099-2,LP-1050-B2,Graciano Gómez,Ricardo Thompson,,51-54 Music Hall,Carlos Di Sarli,,,,,,,,
Carlos Di Sarli,Carlos Di Sarli y su Orquesta Típica,1952-11,Royal Pigall,Qué Has Hecho de Mi Cariño,Tango,Instrumental,Music Hall,Tape,BA-1098-2,LP-1050-A2,Juan Maglio,,,51-54 Music Hall,Carlos Di Sarli,,,,,Single,51-54 Music Hall,B,1952-11-01_Royal-Pigall_Sarli
Carlos Di Sarli,Carlos Di Sarli y su Orquesta Típica,1952-11,Cuidado con los Cincuenta,,Tango,Instrumental,Music Hall,Tape,BA-1099-1,LP-1050-B1,Ángel Villoldo,A. Pesce,,51-54 Music Hall,Carlos Di Sarli,,,,,,,,
Carlos Di Sarli,Carlos Di Sarli y su Orquesta Típica,1953-01,El Cachafaz,,Tango,Instrumental,Music Hall,Tape,BA-1138-2,LP-1070-A2,Manuel Aróstegui,,,51-54 Music Hall,Carlos Di Sarli,Alfredo Sciarretta,"Félix Verdi, Federico Scorticati, Ángel Ramos, Luis Masturini, Juan Carlos Matino","Roberto Guisado, Bernardo Weber, Ángel Goicoechea, Simón Bajour, Claudio González, Alfredo Pérez","Piano, Bass, 5 Bandoneons, 6 Violins",LP,The Best Of Tango,B,The Best Of Tango
Carlos Di Sarli,Carlos Di Sarli y su Orquesta Típica,1953-01,Patotero Sentimental,,Tango,Mario Pomar,Music Hall,Tape,BA-1138-1,LP-1070-A1,Manuel Jovés,Manuel Romero,,51-54 Music Hall,Carlos Di Sarli,Alfredo Sciarretta,"Félix Verdi, Federico Scorticati, Ángel Ramos, Luis Masturini, Juan Carlos Matino","Roberto Guisado, Bernardo Weber, Ángel Goicoechea, Simón Bajour, Claudio González, Alfredo Pérez","Piano, Bass, 5 Bandoneons, 6 Violins",Single,51-54 Music Hall,A,1954-01-26_Patotero-Sentimental_Sarli
Carlos Di Sarli,Carlos Di Sarli y su Orquesta Típica,1953-01,Tinta Verde,,Tango,Instrumental,Music Hall,Tape,BA-1139-1,LP-1070-B1,Agustín Bardi,,,51-54 Music Hall,Carlos Di Sarli,Alfredo Sciarretta,"Félix Verdi, Federico Scorticati, Ángel Ramos, Luis Masturini, Juan Carlos Matino","Roberto Guisado, Bernardo Weber, Ángel Goicoechea, Simón Bajour, Claudio González, Alfredo Pérez","Piano, Bass, 5 Bandoneons, 6 Violins",,,,
Carlos Di Sarli,Carlos Di Sarli y su Orquesta Típica,1953-01,Verdemar,,Tango,Oscar Serpa,Music Hall,Tape,BA-1139-2,LP-1070-B2,Carlos Di Sarli,José Contursi,,51-54 Music Hall,Carlos Di Sarli,Alfredo Sciarretta,"Félix Verdi, Federico Scorticati, Ángel Ramos, Luis Masturini, Juan Carlos Matino","Roberto Guisado, Bernardo Weber, Ángel Goicoechea, Simón Bajour, Claudio González, Alfredo Pérez","Piano, Bass, 5 Bandoneons, 6 Violins",,,,
Carlos Di Sarli,Carlos Di Sarli y su Orquesta Típica,1953-02,Chimentos,,Tango,Mario Pomar,Music Hall,Tape,BA-1157-1,LP-1079-B1,Emilio Brameri,Emilio Casals,,51-54 Music Hall,Carlos Di Sarli,Alfredo Sciarretta,"Félix Verdi, Federico Scorticati, Ángel Ramos, Luis Masturini, Juan Carlos Matino","Roberto Guisado, Bernardo Weber, Ángel Goicoechea, Simón Bajour, Claudio González, Alfredo Pérez","Piano, Bass, 5 Bandoneons, 6 Violins",EP,MH-79,B,MH-79
Carlos Di Sarli,Carlos Di Sarli y su Orquesta Típica,1953-02,Poema Triste,,Vals,Oscar Serpa,Music Hall,Tape,BA-1156-2,LP-1079-A2,Carlos Di Sarli,Manuel Campos,,51-54 Music Hall,Carlos Di Sarli,Alfredo Sciarretta,"Félix Verdi, Federico Scorticati, Ángel Ramos, Luis Masturini, Juan Carlos Matino","Roberto Guisado, Bernardo Weber, Ángel Goicoechea, Simón Bajour, Claudio González, Alfredo Pérez","Piano, Bass, 5 Bandoneons, 6 Violins",EP,MH-79,A,MH-79
Carlos Di Sarli,Carlos Di Sarli y su Orquesta Típica,1953-02,Por Qué Le Llaman Amor,,Tango,Oscar Serpa,Music Hall,Tape,BA-1157-2,LP-1079-B2,Carlos Di Sarli,Héctor Marcó,,51-54 Music Hall,Carlos Di Sarli,Alfredo Sciarretta,"Félix Verdi, Federico Scorticati, Ángel Ramos, Luis Masturini, Juan Carlos Matino","Roberto Guisado, Bernardo Weber, Ángel Goicoechea, Simón Bajour, Claudio González, Alfredo Pérez","Piano, Bass, 5 Bandoneons, 6 Violins",EP,MH-79,B,MH-79
Carlos Di Sarli,Carlos Di Sarli y su Orquesta Típica,1953-02,Tengo un Amigo,,Tango,Mario Pomar,Music Hall,Tape,BA-1156-1,LP-1079-A1,Arturo Gallucci,Julio Camilloni,,51-54 Music Hall,Carlos Di Sarli,Alfredo Sciarretta,"Félix Verdi, Federico Scorticati, Ángel Ramos, Luis Masturini, Juan Carlos Matino","Roberto Guisado, Bernardo Weber, Ángel Goicoechea, Simón Bajour, Claudio González, Alfredo Pérez","Piano, Bass, 5 Bandoneons, 6 Violins",EP,MH-79,A,MH-79
Carlos Di Sarli,Carlos Di Sarli y su Orquesta Típica,1953-04,El Choclo,,Tango,Instrumental,Music Hall,Tape,BA-1158-1,LP-1085-A1,Ángel Villoldo,"Juan Catán, Enrique Discépolo",,51-54 Music Hall,Carlos Di Sarli,Alfredo Sciarretta,"Félix Verdi, Federico Scorticati, Ángel Ramos, Luis Masturini, Juan Carlos Matino","Roberto Guisado, Bernardo Weber, Ángel Goicoechea, Simón Bajour, Claudio González, Alfredo Pérez","Piano, Bass, 5 Bandoneons, 6 Violins",LP,The Best Of Tango,A,The Best Of Tango
Carlos Di Sarli,Carlos Di Sarli y su Orquesta Típica,1953-04,Una Fija,Glorias de Ayer,Tango,Instrumental,Music Hall,Tape,BA-1158-2,LP-1085-A2,Ángel Villoldo,"Antonio Polito, Carlos Pesce",,51-54 Music Hall,Carlos Di Sarli,Alfredo Sciarretta,"Félix Verdi, Federico Scorticati, Ángel Ramos, Luis Masturini, Juan Carlos Matino","Roberto Guisado, Bernardo Weber, Ángel Goicoechea, Simón Bajour, Claudio González, Alfredo Pérez","Piano, Bass, 5 Bandoneons, 6 Violins",LP,The Art Of Carlos Di Sarli Vol. 4,B,The Art Of Carlos Di Sarli Vol. 4
Carlos Di Sarli,Carlos Di Sarli y su Orquesta Típica,1953-04,Buenos Aires Yo Te Canto,,Tango,Oscar Serpa,Music Hall,Tape,BA-1159-1,LP-1085-B1,Ángel Rosa,Ángel Rosa,,51-54 Music Hall,Carlos Di Sarli,Alfredo Sciarretta,"Félix Verdi, Federico Scorticati, Ángel Ramos, Luis Masturini, Juan Carlos Matino","Roberto Guisado, Bernardo Weber, Ángel Goicoechea, Simón Bajour, Claudio González, Alfredo Pérez","Piano, Bass, 5 Bandoneons, 6 Violins",LP,The Art Of Carlos Di Sarli Vol. 4,B,The Art Of Carlos Di Sarli Vol. 4
Carlos Di Sarli,Carlos Di Sarli y su Orquesta Típica,1953-04,Del Barrio de las Latas,,Tango,Mario Pomar,Music Hall,Tape,BA-1159-2,LP-1085-B2,Raúl De Los Hoyos,Emilio Fresedo,,51-54 Music Hall,Carlos Di Sarli,Alfredo Sciarretta,"Félix Verdi, Federico Scorticati, Ángel Ramos, Luis Masturini, Juan Carlos Matino","Roberto Guisado, Bernardo Weber, Ángel Goicoechea, Simón Bajour, Claudio González, Alfredo Pérez","Piano, Bass, 5 Bandoneons, 6 Violins",LP,Carlos Di Sarli Y Su Orquesta,A,Carlos Di Sarli Y Su Orquesta
Carlos Di Sarli,Carlos Di Sarli y su Orquesta Típica,6/30/1954,A la Gran Muñeca,,Tango,Instrumental,Víctor,Tape,S-002651-1,60-1717,Jesús Ventura,Miguel Osés,,54-56 Victor Tape,Carlos Di Sarli,Alfredo Sciarretta,"Félix Verdi, Federico Scorticati, Ángel Ramos, Luis Masturini, Juan Carlos Matino","Roberto Guisado, Bernardo Weber, Ángel Goicoechea, Simón Bajour, Claudio González, Alfredo Pérez","Piano, Bass, 5 Bandoneons, 6 Violins",,,,
Carlos Di Sarli,Carlos Di Sarli y su Orquesta Típica,6/30/1954,El Choclo,,Tango,Instrumental,Víctor,Tape,S-002649,60-1716,Ángel Villoldo,"Juan Catán, Enrique Discépolo",,54-56 Victor Tape,Carlos Di Sarli,Alfredo Sciarretta,"Félix Verdi, Federico Scorticati, Ángel Ramos, Luis Masturini, Juan Carlos Matino","Roberto Guisado, Bernardo Weber, Ángel Goicoechea, Simón Bajour, Claudio González, Alfredo Pérez","Piano, Bass, 5 Bandoneons, 6 Violins",,,,
Carlos Di Sarli,Carlos Di Sarli y su Orquesta Típica,6/30/1954,No Me Pregunten Por Qué,,Tango,Mario Pomar,Víctor,Tape,S-002648,60-1716,Carlos Di Sarli,Reynaldo Pignataro,,54-56 Victor Tape,Carlos Di Sarli,Alfredo Sciarretta,"Félix Verdi, Federico Scorticati, Ángel Ramos, Luis Masturini, Juan Carlos Matino","Roberto Guisado, Bernardo Weber, Ángel Goicoechea, Simón Bajour, Claudio González, Alfredo Pérez","Piano, Bass, 5 Bandoneons, 6 Violins",,,,
Carlos Di Sarli,Carlos Di Sarli y su Orquesta Típica,6/30/1954,Por Qué Le Llaman Amor,,Tango,Oscar Serpa,Víctor,Tape,S-002650,60-1717,Carlos Di Sarli,Héctor Marcó,,54-56 Victor Tape,Carlos Di Sarli,Alfredo Sciarretta,"Félix Verdi, Federico Scorticati, Ángel Ramos, Luis Masturini, Juan Carlos Matino","Roberto Guisado, Bernardo Weber, Ángel Goicoechea, Simón Bajour, Claudio González, Alfredo Pérez","Piano, Bass, 5 Bandoneons, 6 Violins",,,,
Carlos Di Sarli,Carlos Di Sarli y su Orquesta Típica,8/31/1954,Bien Frappé,,Tango,Mario Pomar,Víctor,Tape,S-002798-2,1A-0133,Carlos Di Sarli,Héctor Marcó,,54-56 Victor Tape,Carlos Di Sarli,Alfredo Sciarretta,"Félix Verdi, Federico Scorticati, Ángel Ramos, Luis Masturini, Juan Carlos Matino","Roberto Guisado, Bernardo Weber, Ángel Goicoechea, Simón Bajour, Claudio González, Alfredo Pérez","Piano, Bass, 5 Bandoneons, 6 Violins",,,,
Carlos Di Sarli,Carlos Di Sarli y su Orquesta Típica,8/31/1954,El Amanecer,,Tango,Instrumental,Víctor,Tape,S-002799,1A-0133,Roberto Firpo,,,54-56 Victor Tape,Carlos Di Sarli,Alfredo Sciarretta,"Félix Verdi, Federico Scorticati, Ángel Ramos, Luis Masturini, Juan Carlos Matino","Roberto Guisado, Bernardo Weber, Ángel Goicoechea, Simón Bajour, Claudio González, Alfredo Pérez","Piano, Bass, 5 Bandoneons, 6 Violins",Single,54-56 Victor Tape,B,1954-08-31_El-Amanecer_Sarli
Carlos Di Sarli,Carlos Di Sarli y su Orquesta Típica,8/31/1954,Organito de la Tarde,,Tango,Instrumental,Víctor,Tape,S-002800,1A-0067,Castillo Cátulo,José Castillo,,54-56 Victor Tape,Carlos Di Sarli,Alfredo Sciarretta,"Félix Verdi, Federico Scorticati, Ángel Ramos, Luis Masturini, Juan Carlos Matino","Roberto Guisado, Bernardo Weber, Ángel Goicoechea, Simón Bajour, Claudio González, Alfredo Pérez","Piano, Bass, 5 Bandoneons, 6 Violins",Single,54-56 Victor Tape,A,1954-08-31_Organito-De-La-Tarde_Sarli
Carlos Di Sarli,Carlos Di Sarli y su Orquesta Típica,8/31/1954,Sueño de Juventud,,Vals,Oscar Serpa,Víctor,Tape,S-002794-1,60-1778,Enrique Discépolo,Enrique Discépolo,,54-56 Victor Tape,Carlos Di Sarli,Alfredo Sciarretta,"Félix Verdi, Federico Scorticati, Ángel Ramos, Luis Masturini, Juan Carlos Matino","Roberto Guisado, Bernardo Weber, Ángel Goicoechea, Simón Bajour, Claudio González, Alfredo Pérez","Piano, Bass, 5 Bandoneons, 6 Violins",,,,
Carlos Di Sarli,Carlos Di Sarli y su Orquesta Típica,8/31/1954,Un Desolado Corazón,,Tango,Oscar Serpa,Víctor,Tape,S-002795,1A-0067,Miguel Nijensohn,Roberto Miró,,54-56 Victor Tape,Carlos Di Sarli,Alfredo Sciarretta,"Félix Verdi, Federico Scorticati, Ángel Ramos, Luis Masturini, Juan Carlos Matino","Roberto Guisado, Bernardo Weber, Ángel Goicoechea, Simón Bajour, Claudio González, Alfredo Pérez","Piano, Bass, 5 Bandoneons, 6 Violins",Single,54-56 Victor Tape,B,1954-08-31_Un-Desolado-Corazon_Sarli
Carlos Di Sarli,Carlos Di Sarli y su Orquesta Típica,9/8/1954,Don José María,,Tango,Instrumental,Víctor,Tape,S-003322-2,1A-0165,Anselmo Mendizábal,"Carlos Waiss, Ernesto Temes",,54-56 Victor Tape,Carlos Di Sarli,Alfredo Sciarretta,"Félix Verdi, Federico Scorticati, Ángel Ramos, Luis Masturini, Juan Carlos Matino","Roberto Guisado, Bernardo Weber, Ángel Goicoechea, Simón Bajour, Claudio González, Alfredo Pérez","Piano, Bass, 5 Bandoneons, 6 Violins",Single,54-56 Victor Tape,A,1954-09-08_Don-Jose-Maria_Sarli
Carlos Di Sarli,Carlos Di Sarli y su Orquesta Típica,9/8/1954,Pobre Buzón,,Tango,Mario Pomar,Víctor,Tape,S-003323-2,1A-0165,Carlos Di Sarli,Fernando Caprio,,54-56 Victor Tape,Carlos Di Sarli,Alfredo Sciarretta,"Félix Verdi, Federico Scorticati, Ángel Ramos, Luis Masturini, Juan Carlos Matino","Roberto Guisado, Bernardo Weber, Ángel Goicoechea, Simón Bajour, Claudio González, Alfredo Pérez","Piano, Bass, 5 Bandoneons, 6 Violins",LP,"Adios, Maestro, Adios!",A,"Adios, Maestro, Adios!"
Carlos Di Sarli,Carlos Di Sarli y su Orquesta Típica,9/8/1954,Tormenta,,Tango,Mario Pomar,Víctor,Tape,S-003321-1,1A-0104,Enrique Discépolo,Enrique Discépolo,,54-56 Victor Tape,Carlos Di Sarli,Alfredo Sciarretta,"Félix Verdi, Federico Scorticati, Ángel Ramos, Luis Masturini, Juan Carlos Matino","Roberto Guisado, Bernardo Weber, Ángel Goicoechea, Simón Bajour, Claudio González, Alfredo Pérez","Piano, Bass, 5 Bandoneons, 6 Violins",EP,Exitos De Carlos Di Sarli Volumen II,B,
Carlos Di Sarli,Carlos Di Sarli y su Orquesta Típica,9/14/1954,Cuidado con los Cincuenta,,Tango,Instrumental,Víctor,Tape,S-003342-1,1A-0104,Ángel Villoldo,"Carlos Pesce, Antonio Polito",,54-56 Victor Tape,Carlos Di Sarli,Alfredo Sciarretta,"Félix Verdi, Federico Scorticati, Ángel Ramos, Luis Masturini, Juan Carlos Matino","Roberto Guisado, Bernardo Weber, Ángel Goicoechea, Simón Bajour, Claudio González, Alfredo Pérez","Piano, Bass, 5 Bandoneons, 6 Violins",,,,
Carlos Di Sarli,Carlos Di Sarli y su Orquesta Típica,9/14/1954,Tinta Verde,,Tango,Instrumental,Víctor,Tape,S-003343-1,1A-0117,Agustín Bardi,,,54-56 Victor Tape,Carlos Di Sarli,Alfredo Sciarretta,"Félix Verdi, Federico Scorticati, Ángel Ramos, Luis Masturini, Juan Carlos Matino","Roberto Guisado, Bernardo Weber, Ángel Goicoechea, Simón Bajour, Claudio González, Alfredo Pérez","Piano, Bass, 5 Bandoneons, 6 Violins",Single,54-56 Victor Tape,A,1954-09-14_Tinta-Verde_Sarli
Carlos Di Sarli,Carlos Di Sarli y su Orquesta Típica,9/14/1954,Tus Palabras y la Noche,,Tango,Oscar Serpa,Víctor,Tape,S-003341-1,1A-0117,Emilio Querejeta,Carlos Cacciari,,54-56 Victor Tape,Carlos Di Sarli,Alfredo Sciarretta,"Félix Verdi, Federico Scorticati, Ángel Ramos, Luis Masturini, Juan Carlos Matino","Roberto Guisado, Bernardo Weber, Ángel Goicoechea, Simón Bajour, Claudio González, Alfredo Pérez","Piano, Bass, 5 Bandoneons, 6 Violins",Single,54-56 Victor Tape,B,1954-09-14_Tus-Palabras-y-la-Noche_Sarli
Carlos Di Sarli,Carlos Di Sarli y su Orquesta Típica,9/28/1954,La Morocha,,Tango,Instrumental,Víctor,Tape,S-003390,1A-0184,Enrique Saborido,Ángel Villoldo,,54-56 Victor Tape,Carlos Di Sarli,Alfredo Sciarretta,"Félix Verdi, Federico Scorticati, Ángel Ramos, Luis Masturini, Juan Carlos Matino","Roberto Guisado, Bernardo Weber, Ángel Goicoechea, Simón Bajour, Claudio González, Alfredo Pérez","Piano, Bass, 5 Bandoneons, 6 Violins",,,,
Carlos Di Sarli,Carlos Di Sarli y su Orquesta Típica,9/28/1954,Sin Ti,,Tango,Oscar Serpa,Víctor,Tape,S-003391,1A-0184,José Dames,Abel Aznar,,54-56 Victor Tape,Carlos Di Sarli,Alfredo Sciarretta,"Félix Verdi, Federico Scorticati, Ángel Ramos, Luis Masturini, Juan Carlos Matino","Roberto Guisado, Bernardo Weber, Ángel Goicoechea, Simón Bajour, Claudio González, Alfredo Pérez","Piano, Bass, 5 Bandoneons, 6 Violins",,,,
Carlos Di Sarli,Carlos Di Sarli y su Orquesta Típica,11/16/1954,Bar Exposición,Cosa Linda Barata,Tango,Instrumental,Víctor,Tape,S-003557,1A-0264,Luis Teisseire,,,54-56 Victor Tape,Carlos Di Sarli,Alfredo Sciarretta,"Félix Verdi, Federico Scorticati, Ángel Ramos, Luis Masturini, Juan Carlos Matino","Roberto Guisado, Bernardo Weber, Ángel Goicoechea, Simón Bajour, Claudio González, Alfredo Pérez","Piano, Bass, 5 Bandoneons, 6 Violins",Single,54-56 Victor Tape,A,1954-11-16_Bar-Exposicion_Sarli
Carlos Di Sarli,Carlos Di Sarli y su Orquesta Típica,11/16/1954,El Once,A Divertirse,Tango,Instrumental,Víctor,Tape,S-003556,1A-0264,Osvaldo Fresedo,Emilio Fresedo,,54-56 Victor Tape,Carlos Di Sarli,Alfredo Sciarretta,"Félix Verdi, Federico Scorticati, Ángel Ramos, Luis Masturini, Juan Carlos Matino","Roberto Guisado, Bernardo Weber, Ángel Goicoechea, Simón Bajour, Claudio González, Alfredo Pérez","Piano, Bass, 5 Bandoneons, 6 Violins",Single,54-56 Victor Tape,B,1954-11-16_El-Once_Sarli
Carlos Di Sarli,Carlos Di Sarli y su Orquesta Típica,12/7/1954,Castañuelas,,Tango,Mario Pomar,Víctor,Tape,S-003608,1A-0269,"Arturo Gallucci, Alberto Castillo",Raúl Hormaza,,54-56 Victor Tape,Carlos Di Sarli,Alfredo Sciarretta,"Félix Verdi, Federico Scorticati, Ángel Ramos, Luis Masturini, Juan Carlos Matino","Roberto Guisado, Bernardo Weber, Ángel Goicoechea, Simón Bajour, Claudio González, Alfredo Pérez","Piano, Bass, 5 Bandoneons, 6 Violins",EP,Exitos de Carlos Di Sarli - Volumen 3,B,
Carlos Di Sarli,Carlos Di Sarli y su Orquesta Típica,12/7/1954,No Matarás,,Tango,Oscar Serpa,Víctor,Tape,S-003609,1A-0269,Juan Paz,Eugenio Majúl,,54-56 Victor Tape,Carlos Di Sarli,Alfredo Sciarretta,"Félix Verdi, Federico Scorticati, Ángel Ramos, Luis Masturini, Juan Carlos Matino","Roberto Guisado, Bernardo Weber, Ángel Goicoechea, Simón Bajour, Claudio González, Alfredo Pérez","Piano, Bass, 5 Bandoneons, 6 Violins",EP,Exitos de Carlos Di Sarli - Volumen 3,B,
Carlos Di Sarli,Carlos Di Sarli y su Orquesta Típica,1/21/1955,Juan Porteño,,Tango,Mario Pomar,Víctor,Tape,S-003714,1A-0372,Carlos Di Sarli,Héctor Marcó,,54-56 Victor Tape,Carlos Di Sarli,Alfredo Sciarretta,"Félix Verdi, Federico Scorticati, Ángel Ramos, Luis Masturini, Juan Carlos Matino","Roberto Guisado, Bernardo Weber, Ángel Goicoechea, Simón Bajour, Claudio González, Alfredo Pérez","Piano, Bass, 5 Bandoneons, 6 Violins",Single,54-56 Victor Tape,A,1955-01-21_Juan-Porteno_Sarli
Carlos Di Sarli,Carlos Di Sarli y su Orquesta Típica,1/21/1955,Noche de Locura,,Tango,Oscar Serpa,Víctor,Tape,S-003713,1A-0372,Manuel Sucher,Carlos Bahr,,54-56 Victor Tape,Carlos Di Sarli,Alfredo Sciarretta,"Félix Verdi, Federico Scorticati, Ángel Ramos, Luis Masturini, Juan Carlos Matino","Roberto Guisado, Bernardo Weber, Ángel Goicoechea, Simón Bajour, Claudio González, Alfredo Pérez","Piano, Bass, 5 Bandoneons, 6 Violins",Single,54-56 Victor Tape,B,1955-01-21_Noche-de-Locura_Sarli
Carlos Di Sarli,Carlos Di Sarli y su Orquesta Típica,1/31/1955,Don Juan,Mozos Guapos,Tango,Instrumental,Víctor,Tape,S-003725,1A-0390,Ernesto Ponzio,Ricardo Podestá,,54-56 Victor Tape,Carlos Di Sarli,Alfredo Sciarretta,"Félix Verdi, Federico Scorticati, Ángel Ramos, Luis Masturini, Juan Carlos Matino","Roberto Guisado, Bernardo Weber, Ángel Goicoechea, Simón Bajour, Claudio González, Alfredo Pérez","Piano, Bass, 5 Bandoneons, 6 Violins",Single,54-56 Victor Tape,A,1955-01-31_Don-Juan_Sarli
Carlos Di Sarli,Carlos Di Sarli y su Orquesta Típica,1/31/1955,El Ingeniero,,Tango,Instrumental,Víctor,Tape,S-003726,1A-0385,Alejandro Junnissi,,,54-56 Victor Tape,Carlos Di Sarli,Alfredo Sciarretta,"Félix Verdi, Federico Scorticati, Ángel Ramos, Luis Masturini, Juan Carlos Matino","Roberto Guisado, Bernardo Weber, Ángel Goicoechea, Simón Bajour, Claudio González, Alfredo Pérez","Piano, Bass, 5 Bandoneons, 6 Violins",,,,
Carlos Di Sarli,Carlos Di Sarli y su Orquesta Típica,2/2/1955,Corazón,,Tango,Mario Pomar,Víctor,Tape,S-003729,1A-0385,Carlos Di Sarli,Héctor Marcó,,54-56 Victor Tape,Carlos Di Sarli,Alfredo Sciarretta,"Félix Verdi, Federico Scorticati, Ángel Ramos, Luis Masturini, Juan Carlos Matino","Roberto Guisado, Bernardo Weber, Ángel Goicoechea, Simón Bajour, Claudio González, Alfredo Pérez","Piano, Bass, 5 Bandoneons, 6 Violins",,,,
Carlos Di Sarli,Carlos Di Sarli y su Orquesta Típica,2/2/1955,Sin Ella,,Tango,Oscar Serpa,Víctor,Tape,S-003730,1A-0390,Charlo,Cátulo Castillo,,54-56 Victor Tape,Carlos Di Sarli,Alfredo Sciarretta,"Félix Verdi, Federico Scorticati, Ángel Ramos, Luis Masturini, Juan Carlos Matino","Roberto Guisado, Bernardo Weber, Ángel Goicoechea, Simón Bajour, Claudio González, Alfredo Pérez","Piano, Bass, 5 Bandoneons, 6 Violins",,,,
Carlos Di Sarli,Carlos Di Sarli y su Orquesta Típica,6/20/1955,La Cumparsita,Si Supieras,Tango,Instrumental,Víctor,Tape,S-003883,1A-0459,Gerardo Rodríguez,"Pascual Contursi, Enrique Maroni, Gerardo Rodríguez",,54-56 Victor Tape,Carlos Di Sarli,Alfredo Sciarretta,"Félix Verdi, Federico Scorticati, Ángel Ramos, Luis Masturini, Juan Carlos Matino","Roberto Guisado, Bernardo Weber, Ángel Goicoechea, Simón Bajour, Claudio González, Alfredo Pérez","Piano, Bass, 5 Bandoneons, 6 Violins",Single,54-56 Victor Tape,A,1955-06-20_La-Cumparsita_Sarli
Carlos Di Sarli,Carlos Di Sarli y su Orquesta Típica,6/20/1955,Mi Madre Tierra,,Tango,Oscar Serpa,Víctor,Tape,S-003875-1,1A-0643,Alberto Villanueva,Gerardo Adroher,,54-56 Victor Tape,Carlos Di Sarli,Alfredo Sciarretta,"Félix Verdi, Federico Scorticati, Ángel Ramos, Luis Masturini, Juan Carlos Matino","Roberto Guisado, Bernardo Weber, Ángel Goicoechea, Simón Bajour, Claudio González, Alfredo Pérez","Piano, Bass, 5 Bandoneons, 6 Violins",Single,54-56 Victor Tape,A,1955-06-20_Mi-Madre-Tierra_Sarli
Carlos Di Sarli,Carlos Di Sarli y su Orquesta Típica,6/20/1955,Milonguero Viejo,Fresedo,Tango,Instrumental,Víctor,Tape,S-003884,1A-0430,Carlos Di Sarli,Enrique Sotelo,,54-56 Victor Tape,Carlos Di Sarli,Alfredo Sciarretta,"Félix Verdi, Federico Scorticati, Ángel Ramos, Luis Masturini, Juan Carlos Matino","Roberto Guisado, Bernardo Weber, Ángel Goicoechea, Simón Bajour, Claudio González, Alfredo Pérez","Piano, Bass, 5 Bandoneons, 6 Violins",Single,54-56 Victor Tape,A,1955-06-20_Milonguero-Viejo_Sarli
Carlos Di Sarli,Carlos Di Sarli y su Orquesta Típica,6/20/1955,Tenía Que Suceder,,Tango,Mario Pomar,Víctor,Tape,S-003874,1A-0459,Arturo Gallucci,Julio Camilloni,,54-56 Victor Tape,Carlos Di Sarli,Alfredo Sciarretta,"Félix Verdi, Federico Scorticati, Ángel Ramos, Luis Masturini, Juan Carlos Matino","Roberto Guisado, Bernardo Weber, Ángel Goicoechea, Simón Bajour, Claudio González, Alfredo Pérez","Piano, Bass, 5 Bandoneons, 6 Violins",LP,Jubileo Disarliano,A,Jubileo Disarliano
Carlos Di Sarli,Carlos Di Sarli y su Orquesta Típica,7/15/1955,Bailemos,,Tango,Mario Pomar,Víctor,Tape,S-003999,1A-0496,Cholo Mamone,Reinaldo Yiso,,54-56 Victor Tape,Carlos Di Sarli,Alfredo Sciarretta,"Félix Verdi, Federico Scorticati, Ángel Ramos, Luis Masturini, Juan Carlos Matino","Roberto Guisado, Bernardo Weber, Ángel Goicoechea, Simón Bajour, Claudio González, Alfredo Pérez","Piano, Bass, 5 Bandoneons, 6 Violins",LP,Los Famosos Cantores de Carlos Di Sarli,A,Los Famosos Cantores de Carlos Di Sarli
Carlos Di Sarli,Carlos Di Sarli y su Orquesta Típica,7/15/1955,Comme Il Faut,,Tango,Instrumental,Víctor,Tape,S-004001,1A-0497,Eduardo Arolas,Gabriel Clausi,,54-56 Victor Tape,Carlos Di Sarli,Alfredo Sciarretta,"Félix Verdi, Federico Scorticati, Ángel Ramos, Luis Masturini, Juan Carlos Matino","Roberto Guisado, Bernardo Weber, Ángel Goicoechea, Simón Bajour, Claudio González, Alfredo Pérez","Piano, Bass, 5 Bandoneons, 6 Violins",Single,54-56 Victor Tape,A,1955-07-15_Comme-Il-Faut_Sarli
Carlos Di Sarli,Carlos Di Sarli y su Orquesta Típica,7/15/1955,Flor de Amigo,,Tango,Mario Pomar,Víctor,Tape,S-004000,1A-0497,Rodolfo Sciammarella,Rodolfo Sciammarella,,54-56 Victor Tape,Carlos Di Sarli,Alfredo Sciarretta,"Félix Verdi, Federico Scorticati, Ángel Ramos, Luis Masturini, Juan Carlos Matino","Roberto Guisado, Bernardo Weber, Ángel Goicoechea, Simón Bajour, Claudio González, Alfredo Pérez","Piano, Bass, 5 Bandoneons, 6 Violins",Single,54-56 Victor Tape,B,1955-07-15_Flor-De-Amigo_Sarli
Carlos Di Sarli,Carlos Di Sarli y su Orquesta Típica,7/15/1955,Germaine,,Tango,Instrumental,Víctor,Tape,S-004002,1A-0496,Alberto Buchardo,,,54-56 Victor Tape,Carlos Di Sarli,Alfredo Sciarretta,"Félix Verdi, Federico Scorticati, Ángel Ramos, Luis Masturini, Juan Carlos Matino","Roberto Guisado, Bernardo Weber, Ángel Goicoechea, Simón Bajour, Claudio González, Alfredo Pérez","Piano, Bass, 5 Bandoneons, 6 Violins",,,,
Carlos Di Sarli,Carlos Di Sarli y su Orquesta Típica,7/28/1955,Los Treinta y Tres Orientales,Los 33 Orientales,Tango,Instrumental,Víctor,Tape,S-004043-2,1A-0502,"José Felipetti, Rosario Mazzeo",Arturo Rodríguez,,54-56 Victor Tape,Carlos Di Sarli,Alfredo Sciarretta,"Félix Verdi, Federico Scorticati, Ángel Ramos, Luis Masturini, Juan Carlos Matino","Roberto Guisado, Bernardo Weber, Ángel Goicoechea, Simón Bajour, Claudio González, Alfredo Pérez","Piano, Bass, 5 Bandoneons, 6 Violins",Single,54-56 Victor Tape,A,1955-07-28_Los-Treinta-Y-Tres-Orientales_Sarli
Carlos Di Sarli,Carlos Di Sarli y su Orquesta Típica,7/28/1955,Pato Alegre,,Tango,Oscar Serpa,Víctor,Tape,S-004042-2,1A-0502,Enrique Delfino,Alberto Ballesteros,,54-56 Victor Tape,Carlos Di Sarli,Alfredo Sciarretta,"Félix Verdi, Federico Scorticati, Ángel Ramos, Luis Masturini, Juan Carlos Matino","Roberto Guisado, Bernardo Weber, Ángel Goicoechea, Simón Bajour, Claudio González, Alfredo Pérez","Piano, Bass, 5 Bandoneons, 6 Violins",,,,
Carlos Di Sarli,Carlos Di Sarli y su Orquesta Típica,9/16/1955,Nido Gaucho,,Tango,Mario Pomar,Víctor,Tape,S-004184,1A-0600,Carlos Di Sarli,Héctor Marcó,,54-56 Victor Tape,Carlos Di Sarli,Alfredo Sciarretta,"Félix Verdi, Federico Scorticati, Ángel Ramos, Luis Masturini, Juan Carlos Matino","Roberto Guisado, Bernardo Weber, Ángel Goicoechea, Simón Bajour, Claudio González, Alfredo Pérez","Piano, Bass, 5 Bandoneons, 6 Violins",Single,54-56 Victor Tape,A,1955-09-16_Nido-Gaucho_Sarli
Carlos Di Sarli,Carlos Di Sarli y su Orquesta Típica,9/16/1955,Verdemar,,Tango,Oscar Serpa,Víctor,Tape,S-004185,1A-0600,Carlos Di Sarli,José Contursi,,54-56 Victor Tape,Carlos Di Sarli,Alfredo Sciarretta,"Félix Verdi, Federico Scorticati, Ángel Ramos, Luis Masturini, Juan Carlos Matino","Roberto Guisado, Bernardo Weber, Ángel Goicoechea, Simón Bajour, Claudio González, Alfredo Pérez","Piano, Bass, 5 Bandoneons, 6 Violins",Single,54-56 Victor Tape,B,1955-09-16_Verdemar_Sarli
Carlos Di Sarli,Carlos Di Sarli y su Orquesta Típica,2/3/1956,Fumando Espero,,Tango,Argentino Ledesma,Víctor,Tape,S-004843-1,1A-0752,Juan Masanas,Félix Garzo,,56-58 New Orquesta,Carlos Di Sarli,Alfredo Sciarretta,"José Libertella, Julián Plaza, Alfredo Marcucci, Domingo Sánchez","Simón Bajour, Elvino Vardaro, Elías Slon, Alfredo Rouco, Antonio Rossi","Piano, Bass, 4 Bandoneons, 5 Violins",LP,Los Famosos Cantores de Carlos Di Sarli,A,Los Famosos Cantores de Carlos Di Sarli
Carlos Di Sarli,Carlos Di Sarli y su Orquesta Típica,2/3/1956,Noche de Locura,,Tango,Roberto Gale,Víctor,Tape,S-004844-2,1A-0752,Manuel Sucher,Carlos Bahr,,56-58 New Orquesta,Carlos Di Sarli,Alfredo Sciarretta,"José Libertella, Julián Plaza, Alfredo Marcucci, Domingo Sánchez","Simón Bajour, Elvino Vardaro, Elías Slon, Alfredo Rouco, Antonio Rossi","Piano, Bass, 4 Bandoneons, 5 Violins",Single,56-58 New Orquesta,B,1956-02-03_Noche-de-Locura_Sarli
Carlos Di Sarli,Carlos Di Sarli y su Orquesta Típica,2/3/1956,Fumando Espero,,Tango,Roberto Florio,Víctor,Tape,,1A-0752,Juan Masanas,Félix Garzo,,56-58 New Orquesta,Carlos Di Sarli,Alfredo Sciarretta,"José Libertella, Julián Plaza, Alfredo Marcucci, Domingo Sánchez","Simón Bajour, Elvino Vardaro, Elías Slon, Alfredo Rouco, Antonio Rossi","Piano, Bass, 4 Bandoneons, 5 Violins",Single,56-58 New Orquesta,,1956-02-03_Fumando-Espero_Sarli
Carlos Di Sarli,Carlos Di Sarli y su Orquesta Típica,2/23/1956,El Jagüel,,Tango,Instrumental,Víctor,Tape,S-004858-1,1A-0781,Carlos Posadas,José Fernández,,56-58 New Orquesta,Carlos Di Sarli,Alfredo Sciarretta,"José Libertella, Julián Plaza, Alfredo Marcucci, Domingo Sánchez","Simón Bajour, Elvino Vardaro, Elías Slon, Alfredo Rouco, Antonio Rossi","Piano, Bass, 4 Bandoneons, 5 Violins",Single,56-58 New Orquesta,A,1956-02-23_El-Jaguel_Sarli
Carlos Di Sarli,Carlos Di Sarli y su Orquesta Típica,2/23/1956,Rodríguez Peña,,Tango,Instrumental,Víctor,Tape,S-004857-1,1A-0780,Vicente Greco,"Ernesto Temes, Juan Velich, Rafael Velich",,56-58 New Orquesta,Carlos Di Sarli,Alfredo Sciarretta,"José Libertella, Julián Plaza, Alfredo Marcucci, Domingo Sánchez","Simón Bajour, Elvino Vardaro, Elías Slon, Alfredo Rouco, Antonio Rossi","Piano, Bass, 4 Bandoneons, 5 Violins",Single,56-58 New Orquesta,A,1956-02-23_Rodriguez-Pena_Sarli
Carlos Di Sarli,Carlos Di Sarli y su Orquesta Típica,2/29/1956,De Qué Podemos Hablar,,Tango,Argentino Ledesma,Víctor,Tape,S-004868-1,1A-0780,Carlos Di Sarli,Abel Aznar,,56-58 New Orquesta,Carlos Di Sarli,Alfredo Sciarretta,"José Libertella, Julián Plaza, Alfredo Marcucci, Domingo Sánchez","Simón Bajour, Elvino Vardaro, Elías Slon, Alfredo Rouco, Antonio Rossi","Piano, Bass, 4 Bandoneons, 5 Violins",Single,56-58 New Orquesta,B,1956-02-29_De-Que-Podemos-Hablar_Sarli
Carlos Di Sarli,Carlos Di Sarli y su Orquesta Típica,2/29/1956,Mala Yerba,,Vals,Roberto Gale,Víctor,Tape,S-004867-1,1A-0781,Arturo Gallucci,Abel Aznar,,56-58 New Orquesta,Carlos Di Sarli,Alfredo Sciarretta,"José Libertella, Julián Plaza, Alfredo Marcucci, Domingo Sánchez","Simón Bajour, Elvino Vardaro, Elías Slon, Alfredo Rouco, Antonio Rossi","Piano, Bass, 4 Bandoneons, 5 Violins",LP,Los Famosos Cantores de Carlos Di Sarli,B,Los Famosos Cantores de Carlos Di Sarli
Carlos Di Sarli,Carlos Di Sarli y su Orquesta Típica,3/7/1956,Novia Provinciana,,Tango,Argentino Ledesma,Víctor,Tape,S-004873-2,1A-0787,"Casimiro Dávila, Juan Pomati",Horacio Sanguinetti,,56-58 New Orquesta,Carlos Di Sarli,Alfredo Sciarretta,"José Libertella, Julián Plaza, Alfredo Marcucci, Domingo Sánchez","Simón Bajour, Elvino Vardaro, Elías Slon, Alfredo Rouco, Antonio Rossi","Piano, Bass, 4 Bandoneons, 5 Violins",LP,Los Famosos Cantores de Carlos Di Sarli,B,Los Famosos Cantores de Carlos Di Sarli
Carlos Di Sarli,Carlos Di Sarli y su Orquesta Típica,3/7/1956,Nueve Puntos,,Tango,Instrumental,Víctor,Tape,S-004874-2,1A-0787,Francisco Canaro,,,56-58 New Orquesta,Carlos Di Sarli,Alfredo Sciarretta,"José Libertella, Julián Plaza, Alfredo Marcucci, Domingo Sánchez","Simón Bajour, Elvino Vardaro, Elías Slon, Alfredo Rouco, Antonio Rossi","Piano, Bass, 4 Bandoneons, 5 Violins",,,,
Carlos Di Sarli,Carlos Di Sarli y su Orquesta Típica,4/18/1956,Fogón de Huella,,Tango,Roberto Florio,Víctor,Tape,S-004931-1,1A-0830,Arturo Gallucci,Ítalo Gianetti,,56-58 New Orquesta,Carlos Di Sarli,Alfredo Sciarretta,"José Libertella, Julián Plaza, Alfredo Marcucci, Domingo Sánchez","Simón Bajour, Elvino Vardaro, Elías Slon, Alfredo Rouco, Antonio Rossi","Piano, Bass, 4 Bandoneons, 5 Violins",LP,Los Famosos Cantores de Carlos Di Sarli,A,Los Famosos Cantores de Carlos Di Sarli
Carlos Di Sarli,Carlos Di Sarli y su Orquesta Típica,4/18/1956,Por Qué Regresas Tu,,Tango,Roberto Florio,Víctor,Tape,S-004932-1,1A-0830,Andrés Falgás,Andrés Falgás,,56-58 New Orquesta,Carlos Di Sarli,Alfredo Sciarretta,"José Libertella, Julián Plaza, Alfredo Marcucci, Domingo Sánchez","Simón Bajour, Elvino Vardaro, Elías Slon, Alfredo Rouco, Antonio Rossi","Piano, Bass, 4 Bandoneons, 5 Violins",Single,56-58 New Orquesta,B,1956-04-18_Por-Que-Regresas-Tu_Sarli
Carlos Di Sarli,Carlos Di Sarli y su Orquesta Típica,4/26/1956,Buenos Aires,,Tango,Roberto Florio,Víctor,Tape,S-004939-1,1A-0834,Manuel Jovés,Manuel Romero,,56-58 New Orquesta,Carlos Di Sarli,Alfredo Sciarretta,"José Libertella, Julián Plaza, Alfredo Marcucci, Domingo Sánchez","Simón Bajour, Elvino Vardaro, Elías Slon, Alfredo Rouco, Antonio Rossi","Piano, Bass, 4 Bandoneons, 5 Violins",LP,Los Famosos Cantores de Carlos Di Sarli,B,Los Famosos Cantores de Carlos Di Sarli
Carlos Di Sarli,Carlos Di Sarli y su Orquesta Típica,4/26/1956,No Me Pregunten Por Qué,,Tango,Jorge Durán,Víctor,Tape,S-004940-1,1A-0834,Carlos Di Sarli,Reynaldo Pignataro,,56-58 New Orquesta,Carlos Di Sarli,Alfredo Sciarretta,"José Libertella, Julián Plaza, Alfredo Marcucci, Domingo Sánchez","Simón Bajour, Elvino Vardaro, Elías Slon, Alfredo Rouco, Antonio Rossi","Piano, Bass, 4 Bandoneons, 5 Violins",Single,56-58 New Orquesta,B,1956-04-26_No-Me-Pregunten-Por-Que_Sarli
Carlos Di Sarli,Carlos Di Sarli y su Orquesta Típica,9/27/1956,A la Luz del Candil,,Tango,Jorge Durán,Víctor,Tape,S-005143-1,1A-1074,Carlos Flores,Julio Navarrine,,56-58 New Orquesta,Carlos Di Sarli,Alfredo Sciarretta,"José Libertella, Julián Plaza, Alfredo Marcucci, Domingo Sánchez","Simón Bajour, Elvino Vardaro, Elías Slon, Alfredo Rouco, Antonio Rossi","Piano, Bass, 4 Bandoneons, 5 Violins",Single,56-58 New Orquesta,A,1956-09-27_A-La-Luz-Del-Candil_Sarli
Carlos Di Sarli,Carlos Di Sarli y su Orquesta Típica,9/27/1956,Derrotado,Tenés Razón,Tango,Roberto Florio,Víctor,Tape,S-005144-1,1A-1074,Antonio Arcieri,"José Terragno, Antonio Bernárdez",,56-58 New Orquesta,Carlos Di Sarli,Alfredo Sciarretta,"José Libertella, Julián Plaza, Alfredo Marcucci, Domingo Sánchez","Simón Bajour, Elvino Vardaro, Elías Slon, Alfredo Rouco, Antonio Rossi","Piano, Bass, 4 Bandoneons, 5 Violins",Single,56-58 New Orquesta,B,1956-09-27_Derrotado_Sarli
Carlos Di Sarli,Carlos Di Sarli y su Orquesta Típica,10/19/1956,Sonatina,,Tango,Jorge Durán,Víctor,Tape,S-005169-1,1A-1091,"Marcelino Hernández, Abel Aznar","Marcelino Hernández, Abel Aznar",,56-58 New Orquesta,Carlos Di Sarli,Alfredo Sciarretta,"José Libertella, Julián Plaza, Alfredo Marcucci, Domingo Sánchez","Simón Bajour, Elvino Vardaro, Elías Slon, Alfredo Rouco, Antonio Rossi","Piano, Bass, 4 Bandoneons, 5 Violins",LP,El Rey Y El Señor = リズムの王様とタンゴの紳士,B,El Rey Y El Señor = リズムの王様とタンゴの紳士
Carlos Di Sarli,Carlos Di Sarli y su Orquesta Típica,10/19/1956,Y Todavía Te Quiero,,Tango,Roberto Florio,Víctor,Tape,S-005170-1,1A-1091,Luciano Leocata,Abel Aznar,,56-58 New Orquesta,Carlos Di Sarli,Alfredo Sciarretta,"José Libertella, Julián Plaza, Alfredo Marcucci, Domingo Sánchez","Simón Bajour, Elvino Vardaro, Elías Slon, Alfredo Rouco, Antonio Rossi","Piano, Bass, 4 Bandoneons, 5 Violins",LP,El Señor Del Tango - 30 Años De Exitos A Traves De Sus Discos En RCA Victor,,El Señor Del Tango - 30 Años De Exitos A Traves De Sus Discos En RCA Victor
Carlos Di Sarli,Carlos Di Sarli y su Orquesta Típica,11/2/1956,Cantemos Corazón,,Tango,Roberto Florio,Víctor,Tape,S-005192-1,1A-1116,Enrique Alessio,Reinaldo Yiso,,56-58 New Orquesta,Carlos Di Sarli,Alfredo Sciarretta,"José Libertella, Julián Plaza, Alfredo Marcucci, Domingo Sánchez","Simón Bajour, Elvino Vardaro, Elías Slon, Alfredo Rouco, Antonio Rossi","Piano, Bass, 4 Bandoneons, 5 Violins",LP,Jubileo Disarliano,B,Jubileo Disarliano
Carlos Di Sarli,Carlos Di Sarli y su Orquesta Típica,11/2/1956,Cuando Muere una Esperanza,,Tango,Jorge Durán,Víctor,Tape,S-005191-1,1A-1116,Arturo Gallucci,Julio Camilloni,,56-58 New Orquesta,Carlos Di Sarli,Alfredo Sciarretta,"José Libertella, Julián Plaza, Alfredo Marcucci, Domingo Sánchez","Simón Bajour, Elvino Vardaro, Elías Slon, Alfredo Rouco, Antonio Rossi","Piano, Bass, 4 Bandoneons, 5 Violins",,,,
Carlos Di Sarli,Carlos Di Sarli y su Orquesta Típica,12/12/1956,Muriéndome de Amor,,Tango,Jorge Durán,Víctor,Tape,12-G2TB-0021,1A-1165,Manuel Sucher,Carlos Bahr,,56-58 New Orquesta,Carlos Di Sarli,Alfredo Sciarretta,"José Libertella, Julián Plaza, Alfredo Marcucci, Domingo Sánchez","Simón Bajour, Elvino Vardaro, Elías Slon, Alfredo Rouco, Antonio Rossi","Piano, Bass, 4 Bandoneons, 5 Violins",LP,El Señor Del Tango - 30 Años De Exitos A Traves De Sus Discos En RCA Victor,,El Señor Del Tango - 30 Años De Exitos A Traves De Sus Discos En RCA Victor
Carlos Di Sarli,Carlos Di Sarli y su Orquesta Típica,12/12/1956,Pobre Buzón,,Tango,Roberto Florio,Víctor,Tape,12-G2TB-0022,1A-1165,Carlos Di Sarli,Fernando Caprio,,56-58 New Orquesta,Carlos Di Sarli,Alfredo Sciarretta,"José Libertella, Julián Plaza, Alfredo Marcucci, Domingo Sánchez","Simón Bajour, Elvino Vardaro, Elías Slon, Alfredo Rouco, Antonio Rossi","Piano, Bass, 4 Bandoneons, 5 Violins",,,,
Carlos Di Sarli,Carlos Di Sarli y su Orquesta Típica,12/19/1956,Calla,,Tango,Roberto Florio,Víctor,Tape,12-G2TB-0041-1,1A-1178-A,Roberto Rufino,Manuel Barros,,56-58 New Orquesta,Carlos Di Sarli,Alfredo Sciarretta,"José Libertella, Julián Plaza, Alfredo Marcucci, Domingo Sánchez","Simón Bajour, Elvino Vardaro, Elías Slon, Alfredo Rouco, Antonio Rossi","Piano, Bass, 4 Bandoneons, 5 Violins",,,,
Carlos Di Sarli,Carlos Di Sarli y su Orquesta Típica,12/19/1956,Duele Más,,Tango,Jorge Durán,Víctor,Tape,12-G2TB-0040-1,1A-1178-B,"Simón Bajour, Rafael Torrado",Reinaldo Yiso,,56-58 New Orquesta,Carlos Di Sarli,Alfredo Sciarretta,"José Libertella, Julián Plaza, Alfredo Marcucci, Domingo Sánchez","Simón Bajour, Elvino Vardaro, Elías Slon, Alfredo Rouco, Antonio Rossi","Piano, Bass, 4 Bandoneons, 5 Violins",,,,
Carlos Di Sarli,Carlos Di Sarli y su Orquesta Típica,12/19/1956,Quién Sino Tu,,Tango,Durán Y Florio,Víctor,Tape,12-G2TB-0038-1,1A-1177-A,Edmundo Rivero,Edmundo Rivero,,56-58 New Orquesta,Carlos Di Sarli,Alfredo Sciarretta,"José Libertella, Julián Plaza, Alfredo Marcucci, Domingo Sánchez","Simón Bajour, Elvino Vardaro, Elías Slon, Alfredo Rouco, Antonio Rossi","Piano, Bass, 4 Bandoneons, 5 Violins",,,,
Carlos Di Sarli,Carlos Di Sarli y su Orquesta Típica,12/19/1956,Viviani,,Tango,Instrumental,Víctor,Tape,12-G2TB-0039-1,1A-1177-B,Roberto Firpo,,,56-58 New Orquesta,Carlos Di Sarli,Alfredo Sciarretta,"José Libertella, Julián Plaza, Alfredo Marcucci, Domingo Sánchez","Simón Bajour, Elvino Vardaro, Elías Slon, Alfredo Rouco, Antonio Rossi","Piano, Bass, 4 Bandoneons, 5 Violins",,,,
Carlos Di Sarli,Carlos Di Sarli y su Orquesta Típica,4/25/1957,De Qué Podemos Hablar,,Tango,Jorge Durán,Víctor,Tape,12-H2TB-0171,1A-1291-A,Carlos Di Sarli,Abel Aznar,,56-58 New Orquesta,Carlos Di Sarli,Alfredo Sciarretta,"José Libertella, Julián Plaza, Alfredo Marcucci, Domingo Sánchez","Simón Bajour, Elvino Vardaro, Elías Slon, Alfredo Rouco, Antonio Rossi","Piano, Bass, 4 Bandoneons, 5 Violins",Single,56-58 New Orquesta,A,1957-04-25_De-Que-Podemos-Hablar_Sarli
Carlos Di Sarli,Carlos Di Sarli y su Orquesta Típica,4/25/1957,Lo Que Me Hablaron de Vos,,Tango,Jorge Durán,Víctor,Tape,12-H2TB-0121,1A-1256-B,Leopoldo Federico,Raúl Gramajo,,56-58 New Orquesta,Carlos Di Sarli,Alfredo Sciarretta,"José Libertella, Julián Plaza, Alfredo Marcucci, Domingo Sánchez","Simón Bajour, Elvino Vardaro, Elías Slon, Alfredo Rouco, Antonio Rossi","Piano, Bass, 4 Bandoneons, 5 Violins",,,,
Carlos Di Sarli,Carlos Di Sarli y su Orquesta Típica,4/25/1957,Nuestra Noche,,Tango,Roberto Florio,Víctor,Tape,12-H2TB-0172,1A-1291-B,Carlos Viván,Ítalo Gianetti,,56-58 New Orquesta,Carlos Di Sarli,Alfredo Sciarretta,"José Libertella, Julián Plaza, Alfredo Marcucci, Domingo Sánchez","Simón Bajour, Elvino Vardaro, Elías Slon, Alfredo Rouco, Antonio Rossi","Piano, Bass, 4 Bandoneons, 5 Violins",Single,56-58 New Orquesta,B,1957-04-25_Nuestra-Noche_Sarli
Carlos Di Sarli,Carlos Di Sarli y su Orquesta Típica,4/25/1957,Soñemos,,Tango,Roberto Florio,Víctor,Tape,12-H2TB-0122,1A-1256-A,"Roberto Caló, Roberto Rufino, Reinaldo Yiso","Roberto Caló, Roberto Rufino, Reinaldo Yiso",,56-58 New Orquesta,Carlos Di Sarli,Alfredo Sciarretta,"José Libertella, Julián Plaza, Alfredo Marcucci, Domingo Sánchez","Simón Bajour, Elvino Vardaro, Elías Slon, Alfredo Rouco, Antonio Rossi","Piano, Bass, 4 Bandoneons, 5 Violins",LP,El Señor Del Tango - 30 Años De Exitos A Traves De Sus Discos En RCA Victor,,El Señor Del Tango - 30 Años De Exitos A Traves De Sus Discos En RCA Victor
Carlos Di Sarli,Carlos Di Sarli y su Orquesta Típica,7/12/1957,Cara Sucia,,Tango,Instrumental,Víctor,Tape,12-H2TB-0231,1A-1333-B,Francisco Canaro,Juan Caruso,,56-58 New Orquesta,Carlos Di Sarli,Alfredo Sciarretta,"José Libertella, Julián Plaza, Alfredo Marcucci, Domingo Sánchez","Simón Bajour, Elvino Vardaro, Elías Slon, Alfredo Rouco, Antonio Rossi","Piano, Bass, 4 Bandoneons, 5 Violins",,,,
Carlos Di Sarli,Carlos Di Sarli y su Orquesta Típica,7/12/1957,Destino de Flor,,Tango,Roberto Florio,Víctor,Tape,12-H2TB-0230,1A-1333-A,Roberto Rufino,Alejandro Romay,,56-58 New Orquesta,Carlos Di Sarli,Alfredo Sciarretta,"José Libertella, Julián Plaza, Alfredo Marcucci, Domingo Sánchez","Simón Bajour, Elvino Vardaro, Elías Slon, Alfredo Rouco, Antonio Rossi","Piano, Bass, 4 Bandoneons, 5 Violins",,,,
Carlos Di Sarli,Carlos Di Sarli y su Orquesta Típica,9/30/1957,Cuánta Angustia,,Tango,Roberto Florio,Víctor,Tape,12-H2TB-0371,1A-2057-B,Julián Plaza,Manuel Barros,,56-58 New Orquesta,Carlos Di Sarli,Alfredo Sciarretta,"José Libertella, Julián Plaza, Alfredo Marcucci, Domingo Sánchez","Simón Bajour, Elvino Vardaro, Elías Slon, Alfredo Rouco, Antonio Rossi","Piano, Bass, 4 Bandoneons, 5 Violins",Single,56-58 New Orquesta,A,1957-09-30_Cuanta-Angustia_Sarli
Carlos Di Sarli,Carlos Di Sarli y su Orquesta Típica,9/30/1957,No Me Hablen de Ella,,Tango,Jorge Durán,Víctor,Tape,12-H2TB-0370,1A-2057-A,"Tití Rossi, Jorge Moreira","Tití Rossi, Jorge Moreira",,56-58 New Orquesta,Carlos Di Sarli,Alfredo Sciarretta,"José Libertella, Julián Plaza, Alfredo Marcucci, Domingo Sánchez","Simón Bajour, Elvino Vardaro, Elías Slon, Alfredo Rouco, Antonio Rossi","Piano, Bass, 4 Bandoneons, 5 Violins",Single,56-58 New Orquesta,B,1957-09-30_No-Me-Hablen-de-Ella_Sarli
Carlos Di Sarli,Carlos Di Sarli y su Orquesta Típica,10/4/1957,Por un Te Quiero,,Tango,Roberto Florio,Víctor,Tape,12-H2TB-0374,1A-2059-A,Miguel Bonano,Alberto Martínez,,56-58 New Orquesta,Carlos Di Sarli,Alfredo Sciarretta,"José Libertella, Julián Plaza, Alfredo Marcucci, Domingo Sánchez","Simón Bajour, Elvino Vardaro, Elías Slon, Alfredo Rouco, Antonio Rossi","Piano, Bass, 4 Bandoneons, 5 Violins",Single,56-58 New Orquesta,A,1957-10-04_Por-Un-Te-Quiero_Sarli
Carlos Di Sarli,Carlos Di Sarli y su Orquesta Típica,10/4/1957,Whisky,,Tango,Jorge Durán,Víctor,Tape,12-H2TB-0375,1A-2059-B,Héctor Marcó,Héctor Marcó,,56-58 New Orquesta,Carlos Di Sarli,Alfredo Sciarretta,"José Libertella, Julián Plaza, Alfredo Marcucci, Domingo Sánchez","Simón Bajour, Elvino Vardaro, Elías Slon, Alfredo Rouco, Antonio Rossi","Piano, Bass, 4 Bandoneons, 5 Violins",Single,56-58 New Orquesta,B,1957-10-04_Whisky_Sarli
Carlos Di Sarli,Carlos Di Sarli y su Orquesta Típica,11/21/1957,Bahía Blanca,,Tango,Instrumental,Víctor,Tape,12-H2TB-0426,1A-2070-B,Carlos Di Sarli,,,56-58 New Orquesta,Carlos Di Sarli,Alfredo Sciarretta,"José Libertella, Julián Plaza, Alfredo Marcucci, Domingo Sánchez","Simón Bajour, Elvino Vardaro, Elías Slon, Alfredo Rouco, Antonio Rossi","Piano, Bass, 4 Bandoneons, 5 Violins",LP,Lo Mejor De Carlos Di Sarli,B,Lo Mejor De Carlos Di Sarli
Carlos Di Sarli,Carlos Di Sarli y su Orquesta Típica,11/21/1957,Serenata Mía,,Tango,Durán Y Florio,Víctor,Tape,12-H2TB-0425,1A-2070-A,Juan Marín,Juan Marín,,56-58 New Orquesta,Carlos Di Sarli,Alfredo Sciarretta,"José Libertella, Julián Plaza, Alfredo Marcucci, Domingo Sánchez","Simón Bajour, Elvino Vardaro, Elías Slon, Alfredo Rouco, Antonio Rossi","Piano, Bass, 4 Bandoneons, 5 Violins",LP,El Señor Del Tango - 30 Años De Exitos A Traves De Sus Discos En RCA Victor,,El Señor Del Tango - 30 Años De Exitos A Traves De Sus Discos En RCA Victor
Carlos Di Sarli,Carlos Di Sarli y su Orquesta Típica,1/16/1958,Adiós Corazón,,Tango,Roberto Florio,Víctor,Tape,JAAB-0445,1A-2078-A,Lalo Etchegoncelay,Héctor Sapelli,,58-60 Final Lineup,Carlos Di Sarli,Alfredo Sciarretta,"Félix Verdi, José Libertella, Julián Plaza, Alfredo Marcucci, Domingo Sánchez","Roberto Guisado, Elvino Vardaro, Alfredo Rouco, Simón Bajour, Carlos Arnaiz, Claudio González, Antonio Rossi, Juan Schiaffino","Piano, Bass, 5 Bandoneons, 8 Violins",LP,"Adios, Maestro, Adios!",B,"Adios, Maestro, Adios!"
Carlos Di Sarli,Carlos Di Sarli y su Orquesta Típica,1/16/1958,Buenas Noches Buenos Aires,,Tango,Jorge Durán,Víctor,Tape,JAAB-0446,1A-2078-B,Sebastián Piana,Osvaldo Cordero,,58-60 Final Lineup,Carlos Di Sarli,Alfredo Sciarretta,"Félix Verdi, José Libertella, Julián Plaza, Alfredo Marcucci, Domingo Sánchez","Roberto Guisado, Elvino Vardaro, Alfredo Rouco, Simón Bajour, Carlos Arnaiz, Claudio González, Antonio Rossi, Juan Schiaffino","Piano, Bass, 5 Bandoneons, 8 Violins",LP,"Adios, Maestro, Adios!",B,"Adios, Maestro, Adios!"
Carlos Di Sarli,Carlos Di Sarli y su Orquesta Típica,8/28/1958,Dónde Estás,,Tango,Jorge Durán,Philips,Tape,JAAB-0665,1A-1672-B,Manuel Sucher,Carlos Bahr,,58-60 Final Lineup,Carlos Di Sarli,Alfredo Sciarretta,"Félix Verdi, José Libertella, Julián Plaza, Alfredo Marcucci, Domingo Sánchez","Roberto Guisado, Elvino Vardaro, Alfredo Rouco, Simón Bajour, Carlos Arnaiz, Claudio González, Antonio Rossi, Juan Schiaffino","Piano, Bass, 5 Bandoneons, 8 Violins",LP,El Señor Del Tango - 30 Años De Exitos A Traves De Sus Discos En RCA Victor,,El Señor Del Tango - 30 Años De Exitos A Traves De Sus Discos En RCA Victor
Carlos Di Sarli,Carlos Di Sarli y su Orquesta Típica,11/12/1958,Hasta Siempre Amor,,Tango,Horacio Casares,Philips,Tape,,P-42049-H 2,Donato Racciatti,Federico Silva,,58-60 Final Lineup,Carlos Di Sarli,Alfredo Sciarretta,"Félix Verdi, José Libertella, Julián Plaza, Alfredo Marcucci, Domingo Sánchez","Roberto Guisado, Elvino Vardaro, Alfredo Rouco, Simón Bajour, Carlos Arnaiz, Claudio González, Antonio Rossi, Juan Schiaffino","Piano, Bass, 5 Bandoneons, 8 Violins",Single,58-60 Final Lineup,A,1958-11-12_Hasta-Siempre-Amor_Sarli
Carlos Di Sarli,Carlos Di Sarli y su Orquesta Típica,11/12/1958,Una Fija,Glorias de Ayer,Tango,Instrumental,Philips,Tape,,P-42049-H 1,Ángel Villoldo,"Antonio Polito, Carlos Pesce",,58-60 Final Lineup,Carlos Di Sarli,Alfredo Sciarretta,"Félix Verdi, José Libertella, Julián Plaza, Alfredo Marcucci, Domingo Sánchez","Roberto Guisado, Elvino Vardaro, Alfredo Rouco, Simón Bajour, Carlos Arnaiz, Claudio González, Antonio Rossi, Juan Schiaffino","Piano, Bass, 5 Bandoneons, 8 Violins",Single,58-60 Final Lineup,A,1958-11-12_Una-Fija_Sarli
Carlos Di Sarli,Carlos Di Sarli y su Orquesta Típica,11/13/1958,Llámame Amor Mío,,Tango,Horacio Casares,Philips,Tape,,P-42051-H 2,Mapera Ratto,Agustín Minotti,,58-60 Final Lineup,Carlos Di Sarli,Alfredo Sciarretta,"Félix Verdi, José Libertella, Julián Plaza, Alfredo Marcucci, Domingo Sánchez","Roberto Guisado, Elvino Vardaro, Alfredo Rouco, Simón Bajour, Carlos Arnaiz, Claudio González, Antonio Rossi, Juan Schiaffino","Piano, Bass, 5 Bandoneons, 8 Violins",,,,
Carlos Di Sarli,Carlos Di Sarli y su Orquesta Típica,11/13/1958,Champagne Tango,,Tango,Instrumental,Philips,Tape,,P-42051-H 1,Manuel Aróztegui,,,58-60 Final Lineup,Carlos Di Sarli,Alfredo Sciarretta,"Félix Verdi, José Libertella, Julián Plaza, Alfredo Marcucci, Domingo Sánchez","Roberto Guisado, Elvino Vardaro, Alfredo Rouco, Simón Bajour, Carlos Arnaiz, Claudio González, Antonio Rossi, Juan Schiaffino","Piano, Bass, 5 Bandoneons, 8 Violins",,,,
Carlos Di Sarli,Carlos Di Sarli y su Orquesta Típica,11/13/1958,Indio Manso,,Tango,Instrumental,Philips,Tape,,P-42052-H 2,Héctor Quesada,,,58-60 Final Lineup,Carlos Di Sarli,Alfredo Sciarretta,"Félix Verdi, José Libertella, Julián Plaza, Alfredo Marcucci, Domingo Sánchez","Roberto Guisado, Elvino Vardaro, Alfredo Rouco, Simón Bajour, Carlos Arnaiz, Claudio González, Antonio Rossi, Juan Schiaffino","Piano, Bass, 5 Bandoneons, 8 Violins",,,,
Carlos Di Sarli,Carlos Di Sarli y su Orquesta Típica,11/13/1958,Nubes de Humo,Fume Compadre,Tango,Jorge Durán,Philips,Tape,,P-42052-H 1,Manuel Jovés,Manuel Romero,,58-60 Final Lineup,Carlos Di Sarli,Alfredo Sciarretta,"Félix Verdi, José Libertella, Julián Plaza, Alfredo Marcucci, Domingo Sánchez","Roberto Guisado, Elvino Vardaro, Alfredo Rouco, Simón Bajour, Carlos Arnaiz, Claudio González, Antonio Rossi, Juan Schiaffino","Piano, Bass, 5 Bandoneons, 8 Violins",,,,
Carlos Di Sarli,Carlos Di Sarli y su Orquesta Típica,11/13/1958,Duerme Mi Amor,,Tango,Horacio Casares,Philips,Tape,,P-42053-H 1,"Hubert Giraud, Alberto Martínez","Hubert Giraud, Alberto Martínez, Jean Legrand",,58-60 Final Lineup,Carlos Di Sarli,Alfredo Sciarretta,"Félix Verdi, José Libertella, Julián Plaza, Alfredo Marcucci, Domingo Sánchez","Roberto Guisado, Elvino Vardaro, Alfredo Rouco, Simón Bajour, Carlos Arnaiz, Claudio González, Antonio Rossi, Juan Schiaffino","Piano, Bass, 5 Bandoneons, 8 Violins",Single,58-60 Final Lineup,A,1958-11-13_Duerme-Mi-Amor_Sarli
Carlos Di Sarli,Carlos Di Sarli y su Orquesta Típica,11/13/1958,El Abrojo,,Tango,Instrumental,Philips,Tape,,P-42053-H 2,Agustín Bardi,,,58-60 Final Lineup,Carlos Di Sarli,Alfredo Sciarretta,"Félix Verdi, José Libertella, Julián Plaza, Alfredo Marcucci, Domingo Sánchez","Roberto Guisado, Elvino Vardaro, Alfredo Rouco, Simón Bajour, Carlos Arnaiz, Claudio González, Antonio Rossi, Juan Schiaffino","Piano, Bass, 5 Bandoneons, 8 Violins",Single,58-60 Final Lineup,A,1958-11-13_El-Abrojo_Sarli
Carlos Di Sarli,Carlos Di Sarli y su Orquesta Típica,11/14/1958,Bahía Blanca,,Tango,Instrumental,Philips,Tape,,P-42055-H 1,Carlos Di Sarli,,,58-60 Final Lineup,Carlos Di Sarli,Alfredo Sciarretta,"Félix Verdi, José Libertella, Julián Plaza, Alfredo Marcucci, Domingo Sánchez","Roberto Guisado, Elvino Vardaro, Alfredo Rouco, Simón Bajour, Carlos Arnaiz, Claudio González, Antonio Rossi, Juan Schiaffino","Piano, Bass, 5 Bandoneons, 8 Violins",,,,
Carlos Di Sarli,Carlos Di Sarli y su Orquesta Típica,11/14/1958,No la Maldigas Por Dios,,Tango,Jorge Durán,Philips,Tape,,P-42055-H 2,Tití Rossi,Jorge Moreira,,58-60 Final Lineup,Carlos Di Sarli,Alfredo Sciarretta,"Félix Verdi, José Libertella, Julián Plaza, Alfredo Marcucci, Domingo Sánchez","Roberto Guisado, Elvino Vardaro, Alfredo Rouco, Simón Bajour, Carlos Arnaiz, Claudio González, Antonio Rossi, Juan Schiaffino","Piano, Bass, 5 Bandoneons, 8 Violins",,,,
Carlos Di Sarli,Carlos Di Sarli y su Orquesta Típica,11/20/1958,Dónde Estás,,Tango,Jorge Durán,Philips,Tape,,P-42072-H 2,Carlos Di Sarli,Carlos Bahr,,58-60 Final Lineup,Carlos Di Sarli,Alfredo Sciarretta,"Félix Verdi, José Libertella, Julián Plaza, Alfredo Marcucci, Domingo Sánchez","Roberto Guisado, Elvino Vardaro, Alfredo Rouco, Simón Bajour, Carlos Arnaiz, Claudio González, Antonio Rossi, Juan Schiaffino","Piano, Bass, 5 Bandoneons, 8 Violins",,,,
Carlos Di Sarli,Carlos Di Sarli y su Orquesta Típica,11/20/1958,Si Nos Queremos Todavía,,Tango,Jorge Durán,Philips,Tape,,P-42072-H 1,Héctor Gentile,Ángel Rosa,,58-60 Final Lineup,Carlos Di Sarli,Alfredo Sciarretta,"Félix Verdi, José Libertella, Julián Plaza, Alfredo Marcucci, Domingo Sánchez","Roberto Guisado, Elvino Vardaro, Alfredo Rouco, Simón Bajour, Carlos Arnaiz, Claudio González, Antonio Rossi, Juan Schiaffino","Piano, Bass, 5 Bandoneons, 8 Violins",,,,
Carlos Di Sarli,Carlos Di Sarli y su Orquesta Típica,11/27/1958,No Me Supiste Amar,,Tango,Horacio Casares,Philips,Tape,,P-42095-H 1,Arturo Gallucci,Enrique Lary,,58-60 Final Lineup,Carlos Di Sarli,Alfredo Sciarretta,"Félix Verdi, José Libertella, Julián Plaza, Alfredo Marcucci, Domingo Sánchez","Roberto Guisado, Elvino Vardaro, Alfredo Rouco, Simón Bajour, Carlos Arnaiz, Claudio González, Antonio Rossi, Juan Schiaffino","Piano, Bass, 5 Bandoneons, 8 Violins",Single,58-60 Final Lineup,A,1958-11-27_No-Me-Supiste-Amar_Sarli
Carlos Di Sarli,Carlos Di Sarli y su Orquesta Típica,11/27/1958,Por Quererla Así,,Tango,Jorge Durán,Philips,Tape,,P-42095-H 2,Carlos Olmedo,Marcelino Hernández,,58-60 Final Lineup,Carlos Di Sarli,Alfredo Sciarretta,"Félix Verdi, José Libertella, Julián Plaza, Alfredo Marcucci, Domingo Sánchez","Roberto Guisado, Elvino Vardaro, Alfredo Rouco, Simón Bajour, Carlos Arnaiz, Claudio González, Antonio Rossi, Juan Schiaffino","Piano, Bass, 5 Bandoneons, 8 Violins",,,,
Carlos Di Sarli,Carlos Di Sarli y su Orquesta Típica,11/27/1958,Nubes de Humo,Fume Compadre,Tango,Edmundo Rivero,Philips,Tape,,P-42748-E 1 1,Manuel Jovés,Manuel Romero,,58-60 Final Lineup,Carlos Di Sarli,Alfredo Sciarretta,"Félix Verdi, José Libertella, Julián Plaza, Alfredo Marcucci, Domingo Sánchez","Roberto Guisado, Elvino Vardaro, Alfredo Rouco, Simón Bajour, Carlos Arnaiz, Claudio González, Antonio Rossi, Juan Schiaffino","Piano, Bass, 5 Bandoneons, 8 Violins",EP,Edmundo Rivero,A,Edmundo Rivero
Carlos Di Sarli,Carlos Di Sarli y su Orquesta Típica,11/27/1958,Si Nos Queremos Todavía,,Tango,Edmundo Rivero,Philips,Tape,,P-42748-E 1 2 SI,Héctor Gentile,Ángel Di Rosa,,58-60 Final Lineup,Carlos Di Sarli,Alfredo Sciarretta,"Félix Verdi, José Libertella, Julián Plaza, Alfredo Marcucci, Domingo Sánchez","Roberto Guisado, Elvino Vardaro, Alfredo Rouco, Simón Bajour, Carlos Arnaiz, Claudio González, Antonio Rossi, Juan Schiaffino","Piano, Bass, 5 Bandoneons, 8 Violins",EP,Edmundo Rivero,A,Edmundo Rivero
Carlos Di Sarli,Carlos Di Sarli y su Orquesta Típica,11/27/1958,Por Quererla Así,,Tango,Edmundo Rivero,Philips,Tape,,P-42748-E 2 1,Carlos Olmedo,Marcelino Hernández,,58-60 Final Lineup,Carlos Di Sarli,Alfredo Sciarretta,"Félix Verdi, José Libertella, Julián Plaza, Alfredo Marcucci, Domingo Sánchez","Roberto Guisado, Elvino Vardaro, Alfredo Rouco, Simón Bajour, Carlos Arnaiz, Claudio González, Antonio Rossi, Juan Schiaffino","Piano, Bass, 5 Bandoneons, 8 Violins",EP,Edmundo Rivero,A,Edmundo Rivero
Carlos Di Sarli,Carlos Di Sarli y su Orquesta Típica,11/27/1958,Dónde Estás,,Tango,Edmundo Rivero,Philips,Tape,,P-42748-E 2 2,Manuel Sucher,Carlos Bahr,,58-60 Final Lineup,Carlos Di Sarli,Alfredo Sciarretta,"Félix Verdi, José Libertella, Julián Plaza, Alfredo Marcucci, Domingo Sánchez","Roberto Guisado, Elvino Vardaro, Alfredo Rouco, Simón Bajour, Carlos Arnaiz, Claudio González, Antonio Rossi, Juan Schiaffino","Piano, Bass, 5 Bandoneons, 8 Violins",EP,Edmundo Rivero,A,Edmundo Rivero
