Bandleader,Orchestra,Date,Title,AltTitle,Genre,Singer,Label,Matrix,Disk,Master,Composer,Author,Arranger,Grouping,Pianist,Bassist,Bandoneons,Strings,Lineup
Edgardo Donato,Edgardo Donato y sus Muchachos,1930,Estampa Serrana,,Fado,Instrumental,Brunswick,BA921,1036-B,78rpm,Pascual Martinez,Santiago Gallo,,30-33 Sus Muchachos,Osvaldo Donato,José Campesi,"Juan Turturiello, Vicente Vilardi, Miguel Bonano","Edgardo Donato, Armando Piovani, Pascual Martínez, Ascanio Donato (cello)","Piano, Bass, 3 Bandoneons, 3 Violins, Cello"
Edgardo Donato,Edgardo Donato y sus Muchachos,1930,A La Orilla De La Mar,,Fado,Luis Diaz,Brunswick,1090,1041-A,78rpm,Alberto Munilla,,,30-33 Sus Muchachos,Osvaldo Donato,José Campesi,"Juan Turturiello, Vicente Vilardi, Miguel Bonano","Edgardo Donato, Armando Piovani, Pascual Martínez, Ascanio Donato (cello)","Piano, Bass, 3 Bandoneons, 3 Violins, Cello"
Edgardo Donato,Edgardo Donato y sus Muchachos,1930,Candombiando,,Maxixa,Luis Diaz,Brunswick,1036,1038-B,78rpm,Vicente Gonzalez,V. Ascone,,30-33 Sus Muchachos,Osvaldo Donato,José Campesi,"Juan Turturiello, Vicente Vilardi, Miguel Bonano","Edgardo Donato, Armando Piovani, Pascual Martínez, Ascanio Donato (cello)","Piano, Bass, 3 Bandoneons, 3 Violins, Cello"
Edgardo Donato,Edgardo Donato y sus Muchachos,1930,Cuando Te Casas?,,Fox Trot,Instrumental,Brunswick,893,1035-B,78rpm,Jose Clemente,,,30-33 Sus Muchachos,Osvaldo Donato,José Campesi,"Juan Turturiello, Vicente Vilardi, Miguel Bonano","Edgardo Donato, Armando Piovani, Pascual Martínez, Ascanio Donato (cello)","Piano, Bass, 3 Bandoneons, 3 Violins, Cello"
Edgardo Donato,Edgardo Donato y sus Muchachos,1930,El Casorio E'cipriano,,Ranchera,Instrumental,Brunswick,681,1027-B,78rpm,Juan Duran,,,30-33 Sus Muchachos,Osvaldo Donato,José Campesi,"Juan Turturiello, Vicente Vilardi, Miguel Bonano","Edgardo Donato, Armando Piovani, Pascual Martínez, Ascanio Donato (cello)","Piano, Bass, 3 Bandoneons, 3 Violins, Cello"
Edgardo Donato,Edgardo Donato y sus Muchachos,1930,En El Silencio De La Noche,,Fado,Instrumental,Brunswick,694,1028-B,78rpm,Jose Velloso,,,30-33 Sus Muchachos,Osvaldo Donato,José Campesi,"Juan Turturiello, Vicente Vilardi, Miguel Bonano","Edgardo Donato, Armando Piovani, Pascual Martínez, Ascanio Donato (cello)","Piano, Bass, 3 Bandoneons, 3 Violins, Cello"
Edgardo Donato,Edgardo Donato y sus Muchachos,1930,Ma Qui Fu,,Tarantella,Luis Diaz,Brunswick,835,1032-B,78rpm,Luis Mottolese,Richard Russo,,30-33 Sus Muchachos,Osvaldo Donato,José Campesi,"Juan Turturiello, Vicente Vilardi, Miguel Bonano","Edgardo Donato, Armando Piovani, Pascual Martínez, Ascanio Donato (cello)","Piano, Bass, 3 Bandoneons, 3 Violins, Cello"
Edgardo Donato,Edgardo Donato y sus Muchachos,1930,Ño Angenor,,Ranchera,Luis Diaz,Brunswick,865,1034-B,78rpm,Salvador Gallo,Juan Barthe,,30-33 Sus Muchachos,Osvaldo Donato,José Campesi,"Juan Turturiello, Vicente Vilardi, Miguel Bonano","Edgardo Donato, Armando Piovani, Pascual Martínez, Ascanio Donato (cello)","Piano, Bass, 3 Bandoneons, 3 Violins, Cello"
Edgardo Donato,Edgardo Donato y sus Muchachos,1930,Rayo De Luz,,Vals,Luis Diaz,Brunswick,801,1032-A,78rpm,Mateo Coppola,Delmira Zinola,,30-33 Sus Muchachos,Osvaldo Donato,José Campesi,"Juan Turturiello, Vicente Vilardi, Miguel Bonano","Edgardo Donato, Armando Piovani, Pascual Martínez, Ascanio Donato (cello)","Piano, Bass, 3 Bandoneons, 3 Violins, Cello"
Edgardo Donato,Edgardo Donato y sus Muchachos,1930,Uruguay,,Himno,Instrumental,Brunswick,1083,1042-A,78rpm,Raymundo Marotti,Jose Delgado,,30-33 Sus Muchachos,Osvaldo Donato,José Campesi,"Juan Turturiello, Vicente Vilardi, Miguel Bonano","Edgardo Donato, Armando Piovani, Pascual Martínez, Ascanio Donato (cello)","Piano, Bass, 3 Bandoneons, 3 Violins, Cello"
Edgardo Donato,Edgardo Donato y sus Muchachos,1931,Palabras Falsas,,Tango,,Brunswick,BA1035,41316,78rpm,,"Manuel Aguilar, Luis Fernández",,30-33 Sus Muchachos,Osvaldo Donato,José Campesi,"Juan Turturiello, Vicente Vilardi, Miguel Bonano","Edgardo Donato, Armando Piovani, Pascual Martínez, Ascanio Donato (cello)","Piano, Bass, 3 Bandoneons, 3 Violins, Cello"
Edgardo Donato,Edgardo Donato y sus Muchachos,1931,Desertora,,Tango,,Brunswick,BA1059,41342,78rpm,,"Edgardo Donato, Roberto Aubriot Barboza",,30-33 Sus Muchachos,Osvaldo Donato,José Campesi,"Juan Turturiello, Vicente Vilardi, Miguel Bonano","Edgardo Donato, Armando Piovani, Pascual Martínez, Ascanio Donato (cello)","Piano, Bass, 3 Bandoneons, 3 Violins, Cello"
Edgardo Donato,Edgardo Donato y sus Muchachos,1931,"Mamita, Perdon",,Tango,,Brunswick,BA1095,41316,78rpm,Julio Villamonte,,,30-33 Sus Muchachos,Osvaldo Donato,José Campesi,"Juan Turturiello, Vicente Vilardi, Miguel Bonano","Edgardo Donato, Armando Piovani, Pascual Martínez, Ascanio Donato (cello)","Piano, Bass, 3 Bandoneons, 3 Violins, Cello"
Edgardo Donato,Edgardo Donato y sus Muchachos,1931,El Barrio Murmura,,Tango,,Brunswick,BA1155,41358,78rpm,,"Luis Díaz, Carlos Enrique",,30-33 Sus Muchachos,Osvaldo Donato,José Campesi,"Juan Turturiello, Vicente Vilardi, Miguel Bonano","Edgardo Donato, Armando Piovani, Pascual Martínez, Ascanio Donato (cello)","Piano, Bass, 3 Bandoneons, 3 Violins, Cello"
Edgardo Donato,Edgardo Donato y sus Muchachos,1931,Algun Dia,,Tango,Instrumental,Brunswick,1337,1051-A,78rpm,Armando Piovani,,,30-33 Sus Muchachos,Osvaldo Donato,José Campesi,"Juan Turturiello, Vicente Vilardi, Miguel Bonano","Edgardo Donato, Armando Piovani, Pascual Martínez, Ascanio Donato (cello)","Piano, Bass, 3 Bandoneons, 3 Violins, Cello"
Edgardo Donato,Edgardo Donato y sus Muchachos,1931,Alla En El Pago,,Ranchera,Carlos Vivan,Brunswick,1899,1069-B,78rpm,J. Lagomarsino,,,30-33 Sus Muchachos,Osvaldo Donato,José Campesi,"Juan Turturiello, Vicente Vilardi, Miguel Bonano","Edgardo Donato, Armando Piovani, Pascual Martínez, Ascanio Donato (cello)","Piano, Bass, 3 Bandoneons, 3 Violins, Cello"
Edgardo Donato,Edgardo Donato y sus Muchachos,1931,Cha Digo Con La Vieja,,Pericon,Teofilo Ibañez,Brunswick,2365,1082-B,78rpm,Osvaldo Donato,Alfredo Bigeschi,,30-33 Sus Muchachos,Osvaldo Donato,José Campesi,"Juan Turturiello, Vicente Vilardi, Miguel Bonano","Edgardo Donato, Armando Piovani, Pascual Martínez, Ascanio Donato (cello)","Piano, Bass, 3 Bandoneons, 3 Violins, Cello"
Edgardo Donato,Edgardo Donato y sus Muchachos,1931,Chau-chau,,Tango,Luis Diaz,Brunswick,1317,1052-A,78rpm,Adolfo Piansino,N. Collia,,30-33 Sus Muchachos,Osvaldo Donato,José Campesi,"Juan Turturiello, Vicente Vilardi, Miguel Bonano","Edgardo Donato, Armando Piovani, Pascual Martínez, Ascanio Donato (cello)","Piano, Bass, 3 Bandoneons, 3 Violins, Cello"
Edgardo Donato,Edgardo Donato y sus Muchachos,1931,Como Lista De Poncho,,Ranchera,Teofilo Ibañez,Brunswick,1947,1071-B,78rpm,Luis Credidio,Francisco Brancatti,,30-33 Sus Muchachos,Osvaldo Donato,José Campesi,"Juan Turturiello, Vicente Vilardi, Miguel Bonano","Edgardo Donato, Armando Piovani, Pascual Martínez, Ascanio Donato (cello)","Piano, Bass, 3 Bandoneons, 3 Violins, Cello"
Edgardo Donato,Edgardo Donato y sus Muchachos,1931,Con Tarjeta De Carton,,Ranchera,Teofilo Ibañez,Brunswick,2207,1078-B,78rpm,Juan Gonzalez,Raul Tuñon,,30-33 Sus Muchachos,Osvaldo Donato,José Campesi,"Juan Turturiello, Vicente Vilardi, Miguel Bonano","Edgardo Donato, Armando Piovani, Pascual Martínez, Ascanio Donato (cello)","Piano, Bass, 3 Bandoneons, 3 Violins, Cello"
Edgardo Donato,Edgardo Donato y sus Muchachos,1931,Cuyanita,,Ranchera,Teofilo Ibañez,Brunswick,2087,1075-B,78rpm,A. Stanzione,Carlos Pesce,,30-33 Sus Muchachos,Osvaldo Donato,José Campesi,"Juan Turturiello, Vicente Vilardi, Miguel Bonano","Edgardo Donato, Armando Piovani, Pascual Martínez, Ascanio Donato (cello)","Piano, Bass, 3 Bandoneons, 3 Violins, Cello"
Edgardo Donato,Edgardo Donato y sus Muchachos,1931,Fascinacion,,Tango,Instrumental,Brunswick,1387,1053-A,78rpm,C. Bossola,,,30-33 Sus Muchachos,Osvaldo Donato,José Campesi,"Juan Turturiello, Vicente Vilardi, Miguel Bonano","Edgardo Donato, Armando Piovani, Pascual Martínez, Ascanio Donato (cello)","Piano, Bass, 3 Bandoneons, 3 Violins, Cello"
Edgardo Donato,Edgardo Donato y sus Muchachos,1931,Gatos Montes,,Ranchera,Instrumental,Brunswick,1395,1053-B,78rpm,P. Cosco,,,30-33 Sus Muchachos,Osvaldo Donato,José Campesi,"Juan Turturiello, Vicente Vilardi, Miguel Bonano","Edgardo Donato, Armando Piovani, Pascual Martínez, Ascanio Donato (cello)","Piano, Bass, 3 Bandoneons, 3 Violins, Cello"
Edgardo Donato,Edgardo Donato y sus Muchachos,1931,Hacia La Cumbre,,Vals,Instrumental,Brunswick,1335,1052-B,78rpm,Americo Bonani,,,30-33 Sus Muchachos,Osvaldo Donato,José Campesi,"Juan Turturiello, Vicente Vilardi, Miguel Bonano","Edgardo Donato, Armando Piovani, Pascual Martínez, Ascanio Donato (cello)","Piano, Bass, 3 Bandoneons, 3 Violins, Cello"
Edgardo Donato,Edgardo Donato y sus Muchachos,1931,La Chacarera,,Ranchera,Instrumental,Brunswick,1727,1063-A,78rpm,Juan Servidio,Juan Caruso,,30-33 Sus Muchachos,Osvaldo Donato,José Campesi,"Juan Turturiello, Vicente Vilardi, Miguel Bonano","Edgardo Donato, Armando Piovani, Pascual Martínez, Ascanio Donato (cello)","Piano, Bass, 3 Bandoneons, 3 Violins, Cello"
Edgardo Donato,Edgardo Donato y sus Muchachos,1931,La Forastera,,Ranchera,Carlos Vivan,Brunswick,1775,1068-B,78rpm,Francisco Plano,Carlos Faenza,,30-33 Sus Muchachos,Osvaldo Donato,José Campesi,"Juan Turturiello, Vicente Vilardi, Miguel Bonano","Edgardo Donato, Armando Piovani, Pascual Martínez, Ascanio Donato (cello)","Piano, Bass, 3 Bandoneons, 3 Violins, Cello"
Edgardo Donato,Edgardo Donato y sus Muchachos,1931,La Madrecita,,Tango,Luis Diaz,Brunswick,1478,1056-A,78rpm,Genaro Gatto,Juan Leal,,30-33 Sus Muchachos,Osvaldo Donato,José Campesi,"Juan Turturiello, Vicente Vilardi, Miguel Bonano","Edgardo Donato, Armando Piovani, Pascual Martínez, Ascanio Donato (cello)","Piano, Bass, 3 Bandoneons, 3 Violins, Cello"
Edgardo Donato,Edgardo Donato y sus Muchachos,1931,La Paisanita,,Ranchera,Instrumental,Brunswick,1437,1059-A,78rpm,Domingo Pelle,Francisco Brancatti,,30-33 Sus Muchachos,Osvaldo Donato,José Campesi,"Juan Turturiello, Vicente Vilardi, Miguel Bonano","Edgardo Donato, Armando Piovani, Pascual Martínez, Ascanio Donato (cello)","Piano, Bass, 3 Bandoneons, 3 Violins, Cello"
Edgardo Donato,Edgardo Donato y sus Muchachos,1931,La Pena De Un Desencanto,,Vals,Instrumental,Brunswick,1438,1055-B,78rpm,Juan (H),,,30-33 Sus Muchachos,Osvaldo Donato,José Campesi,"Juan Turturiello, Vicente Vilardi, Miguel Bonano","Edgardo Donato, Armando Piovani, Pascual Martínez, Ascanio Donato (cello)","Piano, Bass, 3 Bandoneons, 3 Violins, Cello"
Edgardo Donato,Edgardo Donato y sus Muchachos,1931,La Que No Volvio,,Tango,Luis Diaz,Brunswick,1409,1056-B,78rpm,H. Corno,,,30-33 Sus Muchachos,Osvaldo Donato,José Campesi,"Juan Turturiello, Vicente Vilardi, Miguel Bonano","Edgardo Donato, Armando Piovani, Pascual Martínez, Ascanio Donato (cello)","Piano, Bass, 3 Bandoneons, 3 Violins, Cello"
Edgardo Donato,Edgardo Donato y sus Muchachos,1931,Lunes,,Tango,Luis Diaz,Brunswick,1679,1064-B,78rpm,Jose Padula,Francisco Garcia Jimenez,,30-33 Sus Muchachos,Osvaldo Donato,José Campesi,"Juan Turturiello, Vicente Vilardi, Miguel Bonano","Edgardo Donato, Armando Piovani, Pascual Martínez, Ascanio Donato (cello)","Piano, Bass, 3 Bandoneons, 3 Violins, Cello"
Edgardo Donato,Edgardo Donato y sus Muchachos,1931,Madre Patria,,Paso Doble,Teofilo Ibañez,Brunswick,1985,1074-A,78rpm,Lucio D'Agostino,Francisco Garcia Jimenez,,30-33 Sus Muchachos,Osvaldo Donato,José Campesi,"Juan Turturiello, Vicente Vilardi, Miguel Bonano","Edgardo Donato, Armando Piovani, Pascual Martínez, Ascanio Donato (cello)","Piano, Bass, 3 Bandoneons, 3 Violins, Cello"
Edgardo Donato,Edgardo Donato y sus Muchachos,1931,Mama Juana,,Ranchera,Luis Diaz,Brunswick,1527,1058-B,78rpm,Edgardo Donato,Martin Podesta,,30-33 Sus Muchachos,Osvaldo Donato,José Campesi,"Juan Turturiello, Vicente Vilardi, Miguel Bonano","Edgardo Donato, Armando Piovani, Pascual Martínez, Ascanio Donato (cello)","Piano, Bass, 3 Bandoneons, 3 Violins, Cello"
Edgardo Donato,Edgardo Donato y sus Muchachos,1931,Meca Del Alma Mia,,Paso Doble,Teofilo Ibañez,Brunswick,2238,1077-B,78rpm,Franklin Canfora,Amadeo Carbone,,30-33 Sus Muchachos,Osvaldo Donato,José Campesi,"Juan Turturiello, Vicente Vilardi, Miguel Bonano","Edgardo Donato, Armando Piovani, Pascual Martínez, Ascanio Donato (cello)","Piano, Bass, 3 Bandoneons, 3 Violins, Cello"
Edgardo Donato,Edgardo Donato y sus Muchachos,1931,Mentiras,,Tonada,Luis Diaz,Brunswick,1548,1060-B,78rpm,Juan Abad Reyes,Jose Staffolani,,30-33 Sus Muchachos,Osvaldo Donato,José Campesi,"Juan Turturiello, Vicente Vilardi, Miguel Bonano","Edgardo Donato, Armando Piovani, Pascual Martínez, Ascanio Donato (cello)","Piano, Bass, 3 Bandoneons, 3 Violins, Cello"
Edgardo Donato,Edgardo Donato y sus Muchachos,1931,Mi Soberana,,Zamba,Teofilo Ibañez,Brunswick,1919,1072-B,78rpm,Enrique Saborido,Daniel Barreto,,30-33 Sus Muchachos,Osvaldo Donato,José Campesi,"Juan Turturiello, Vicente Vilardi, Miguel Bonano","Edgardo Donato, Armando Piovani, Pascual Martínez, Ascanio Donato (cello)","Piano, Bass, 3 Bandoneons, 3 Violins, Cello"
Edgardo Donato,Edgardo Donato y sus Muchachos,1931,"Ni Te Perdono, Ni Te Olvido",,Tango,Luis Diaz,Brunswick,1472,1055-A,78rpm,Edgardo Donato,Antonio Podesta,,30-33 Sus Muchachos,Osvaldo Donato,José Campesi,"Juan Turturiello, Vicente Vilardi, Miguel Bonano","Edgardo Donato, Armando Piovani, Pascual Martínez, Ascanio Donato (cello)","Piano, Bass, 3 Bandoneons, 3 Violins, Cello"
Edgardo Donato,Edgardo Donato y sus Muchachos,1931,No Es Manca La Paisana,,Ranchera,Teofilo Ibañez,Brunswick,2325,1080-B,78rpm,Edgardo Donato,Francisco Brancatti,,30-33 Sus Muchachos,Osvaldo Donato,José Campesi,"Juan Turturiello, Vicente Vilardi, Miguel Bonano","Edgardo Donato, Armando Piovani, Pascual Martínez, Ascanio Donato (cello)","Piano, Bass, 3 Bandoneons, 3 Violins, Cello"
Edgardo Donato,Edgardo Donato y sus Muchachos,1931,No Es Pa'tanto,,Tango,Luis Diaz,Brunswick,1286,1049-A,78rpm,Edgardo Donato,Maximo Vago,,30-33 Sus Muchachos,Osvaldo Donato,José Campesi,"Juan Turturiello, Vicente Vilardi, Miguel Bonano","Edgardo Donato, Armando Piovani, Pascual Martínez, Ascanio Donato (cello)","Piano, Bass, 3 Bandoneons, 3 Violins, Cello"
Edgardo Donato,Edgardo Donato y sus Muchachos,1931,Noche Tragica,,Tango,Luis Diaz,Brunswick,1390,1054-A,78rpm,Alberto Huergo,Sergio Sosa,,30-33 Sus Muchachos,Osvaldo Donato,José Campesi,"Juan Turturiello, Vicente Vilardi, Miguel Bonano","Edgardo Donato, Armando Piovani, Pascual Martínez, Ascanio Donato (cello)","Piano, Bass, 3 Bandoneons, 3 Violins, Cello"
Edgardo Donato,Edgardo Donato y sus Muchachos,1931,Pego La Güelta El Gaucho,,Vals,Teofilo Ibañez,Brunswick,1941,1072-A,78rpm,Edgardo Donato,Alfredo Bigeschi,,30-33 Sus Muchachos,Osvaldo Donato,José Campesi,"Juan Turturiello, Vicente Vilardi, Miguel Bonano","Edgardo Donato, Armando Piovani, Pascual Martínez, Ascanio Donato (cello)","Piano, Bass, 3 Bandoneons, 3 Violins, Cello"
Edgardo Donato,Edgardo Donato y sus Muchachos,1931,Pianta Andaluz,,,Instrumental,Brunswick,1580,INEDITA,78rpm,,,,30-33 Sus Muchachos,Osvaldo Donato,José Campesi,"Juan Turturiello, Vicente Vilardi, Miguel Bonano","Edgardo Donato, Armando Piovani, Pascual Martínez, Ascanio Donato (cello)","Piano, Bass, 3 Bandoneons, 3 Violins, Cello"
Edgardo Donato,Edgardo Donato y sus Muchachos,1931,"Pianta, Andaluz",,Paso Doble,Luis Diaz,Brunswick,1579,1059-B,78rpm,Jose Clemente,Felix Gutierrez,,30-33 Sus Muchachos,Osvaldo Donato,José Campesi,"Juan Turturiello, Vicente Vilardi, Miguel Bonano","Edgardo Donato, Armando Piovani, Pascual Martínez, Ascanio Donato (cello)","Piano, Bass, 3 Bandoneons, 3 Violins, Cello"
Edgardo Donato,Edgardo Donato y sus Muchachos,1931,Rosas Blancas,,Tango,Luisdiaz,Brunswick,1402,1054-B,78rpm,Carlos Rivarola,Francisco Canosa,,30-33 Sus Muchachos,Osvaldo Donato,José Campesi,"Juan Turturiello, Vicente Vilardi, Miguel Bonano","Edgardo Donato, Armando Piovani, Pascual Martínez, Ascanio Donato (cello)","Piano, Bass, 3 Bandoneons, 3 Violins, Cello"
Edgardo Donato,Edgardo Donato y sus Muchachos,1931,Siempre Amigo,,Tango,Instrumental,Brunswick,1288,1049-B,78rpm,Juan Carrasco,,,30-33 Sus Muchachos,Osvaldo Donato,José Campesi,"Juan Turturiello, Vicente Vilardi, Miguel Bonano","Edgardo Donato, Armando Piovani, Pascual Martínez, Ascanio Donato (cello)","Piano, Bass, 3 Bandoneons, 3 Violins, Cello"
Edgardo Donato,Edgardo Donato y sus Muchachos,1931,Sierra Española,,Paso Doble,Teofilo Ibañez,Brunswick,2339,1081-B,78rpm,Lucio D'Agostino,,,30-33 Sus Muchachos,Osvaldo Donato,José Campesi,"Juan Turturiello, Vicente Vilardi, Miguel Bonano","Edgardo Donato, Armando Piovani, Pascual Martínez, Ascanio Donato (cello)","Piano, Bass, 3 Bandoneons, 3 Violins, Cello"
Edgardo Donato,Edgardo Donato y sus Muchachos,1931,Taco Largo,,Tango,Teofilo Ibañez,Brunswick,2085,1076-A,78rpm,Rafael Bulfy,Nicolas Trimani,,30-33 Sus Muchachos,Osvaldo Donato,José Campesi,"Juan Turturiello, Vicente Vilardi, Miguel Bonano","Edgardo Donato, Armando Piovani, Pascual Martínez, Ascanio Donato (cello)","Piano, Bass, 3 Bandoneons, 3 Violins, Cello"
Edgardo Donato,Edgardo Donato y sus Muchachos,1931,Voce Esta Maluca,,Maxixa,Luis Diaz,Brunswick,1340,1051-B,78rpm,Ernesto Di Cicco,Blas Lorenzo,,30-33 Sus Muchachos,Osvaldo Donato,José Campesi,"Juan Turturiello, Vicente Vilardi, Miguel Bonano","Edgardo Donato, Armando Piovani, Pascual Martínez, Ascanio Donato (cello)","Piano, Bass, 3 Bandoneons, 3 Violins, Cello"
Edgardo Donato,Edgardo Donato y sus Muchachos,1931,Volvio La Pecadora,,Ranchera,Teofilo Ibañez,Brunswick,2102,1076-B,78rpm,Antonio Arcieri,,,30-33 Sus Muchachos,Osvaldo Donato,José Campesi,"Juan Turturiello, Vicente Vilardi, Miguel Bonano","Edgardo Donato, Armando Piovani, Pascual Martínez, Ascanio Donato (cello)","Piano, Bass, 3 Bandoneons, 3 Violins, Cello"
Edgardo Donato,Edgardo Donato y sus Muchachos,1931,Ya Se Ha Marcao La Hacienda,,Ranchera,Antonio Rodriguez Lesende,Brunswick,1721,1061-B,78rpm,Edgardo Donato,Luis Diaz,,30-33 Sus Muchachos,Osvaldo Donato,José Campesi,"Juan Turturiello, Vicente Vilardi, Miguel Bonano","Edgardo Donato, Armando Piovani, Pascual Martínez, Ascanio Donato (cello)","Piano, Bass, 3 Bandoneons, 3 Violins, Cello"
Edgardo Donato,Edgardo Donato y sus Muchachos,1931,Yo Tan Solo 20 Años Tenia,,Vals,Instrumental,Brunswick,2296,1079-B,78rpm,Julio Sanders,Enrique Cadicamo,,30-33 Sus Muchachos,Osvaldo Donato,José Campesi,"Juan Turturiello, Vicente Vilardi, Miguel Bonano","Edgardo Donato, Armando Piovani, Pascual Martínez, Ascanio Donato (cello)","Piano, Bass, 3 Bandoneons, 3 Violins, Cello"
Edgardo Donato,Edgardo Donato y sus Muchachos,1932,Carmen De Granada,,Paso Doble,Teofilo Ibañez,Brunswick,2678,1092-B,78rpm,Ramon Coll,Vidal,,30-33 Sus Muchachos,Osvaldo Donato,José Campesi,"Juan Turturiello, Vicente Vilardi, Miguel Bonano","Edgardo Donato, Armando Piovani, Pascual Martínez, Ascanio Donato (cello)","Piano, Bass, 3 Bandoneons, 3 Violins, Cello"
Edgardo Donato,Edgardo Donato y sus Muchachos,1932,Chiquilinadas,,Ranchera,Instrumental,Brunswick,2671,1092-A,78rpm,Edgardo Donato,Nolo Lopez,,30-33 Sus Muchachos,Osvaldo Donato,José Campesi,"Juan Turturiello, Vicente Vilardi, Miguel Bonano","Edgardo Donato, Armando Piovani, Pascual Martínez, Ascanio Donato (cello)","Piano, Bass, 3 Bandoneons, 3 Violins, Cello"
Edgardo Donato,Edgardo Donato y sus Muchachos,1932,Cu A Pummarola,,Tarantella,Instrumental,Brunswick,2437,1084-B,78rpm,Edgardo Donato,,,30-33 Sus Muchachos,Osvaldo Donato,José Campesi,"Juan Turturiello, Vicente Vilardi, Miguel Bonano","Edgardo Donato, Armando Piovani, Pascual Martínez, Ascanio Donato (cello)","Piano, Bass, 3 Bandoneons, 3 Violins, Cello"
Edgardo Donato,Edgardo Donato y sus Muchachos,1932,El Embrujao,,Ranchera,Teofilo Ibañez,Brunswick,2483,1086-B,78rpm,Raimundo Signori,V. Lopez,,30-33 Sus Muchachos,Osvaldo Donato,José Campesi,"Juan Turturiello, Vicente Vilardi, Miguel Bonano","Edgardo Donato, Armando Piovani, Pascual Martínez, Ascanio Donato (cello)","Piano, Bass, 3 Bandoneons, 3 Violins, Cello"
Edgardo Donato,Edgardo Donato y sus Muchachos,1932,En Un Rincon De Sevilla,,Paso Doble,Luis Diaz,Brunswick,2605,1090-B,78rpm,Antonio Cipolla,Juan Velich,,30-33 Sus Muchachos,Osvaldo Donato,José Campesi,"Juan Turturiello, Vicente Vilardi, Miguel Bonano","Edgardo Donato, Armando Piovani, Pascual Martínez, Ascanio Donato (cello)","Piano, Bass, 3 Bandoneons, 3 Violins, Cello"
Edgardo Donato,Edgardo Donato y sus Muchachos,1932,Evocacion,,,Instrumental,Brunswick,2547,MUESTRA,78rpm,,,,30-33 Sus Muchachos,Osvaldo Donato,José Campesi,"Juan Turturiello, Vicente Vilardi, Miguel Bonano","Edgardo Donato, Armando Piovani, Pascual Martínez, Ascanio Donato (cello)","Piano, Bass, 3 Bandoneons, 3 Violins, Cello"
Edgardo Donato,Edgardo Donato y sus Muchachos,1932,Granada,,Paso Doble,Teofilo Ibañez,Brunswick,2476,1085-B,78rpm,Pascual de Luca,,,30-33 Sus Muchachos,Osvaldo Donato,José Campesi,"Juan Turturiello, Vicente Vilardi, Miguel Bonano","Edgardo Donato, Armando Piovani, Pascual Martínez, Ascanio Donato (cello)","Piano, Bass, 3 Bandoneons, 3 Violins, Cello"
Edgardo Donato,Edgardo Donato y sus Muchachos,1932,Mariposa Inquieta,,Vals,Teofilo Ibañez,Brunswick,2423,1083-B,78rpm,A. Casas,Ismael Aguilar,,30-33 Sus Muchachos,Osvaldo Donato,José Campesi,"Juan Turturiello, Vicente Vilardi, Miguel Bonano","Edgardo Donato, Armando Piovani, Pascual Martínez, Ascanio Donato (cello)","Piano, Bass, 3 Bandoneons, 3 Violins, Cello"
Edgardo Donato,Edgardo Donato y sus Muchachos,1932,Metanle A Las Tortas Fritas,,Ranchera,Luis Diaz,Brunswick,2557,1088-B,78rpm,Aurelio Santoro,Peliciari,,30-33 Sus Muchachos,Osvaldo Donato,José Campesi,"Juan Turturiello, Vicente Vilardi, Miguel Bonano","Edgardo Donato, Armando Piovani, Pascual Martínez, Ascanio Donato (cello)","Piano, Bass, 3 Bandoneons, 3 Violins, Cello"
Edgardo Donato,Edgardo Donato y sus Muchachos,1932,Que Haces Ciriaco,,Ranchera,Luis Diaz,Brunswick,,1087-B,78rpm,Ataliva Montenegro,Lito Bayardo,,30-33 Sus Muchachos,Osvaldo Donato,José Campesi,"Juan Turturiello, Vicente Vilardi, Miguel Bonano","Edgardo Donato, Armando Piovani, Pascual Martínez, Ascanio Donato (cello)","Piano, Bass, 3 Bandoneons, 3 Violins, Cello"
Edgardo Donato,Edgardo Donato y sus Muchachos,1940,Estrellita Mia,,Vals,,Víctor,BAVE-039516,39103,78rpm,,,,34-42 Bertolin Accordian,Osvaldo Donato,José Campesi,"Juan Turturiello, Vicente Vilardi, Miguel Bonano, Osvaldo Bertolín (accordian)","Edgardo Donato, Domingo Milillo, Armando Piovani, José Pollicita, Ascanio Donato (cello)","Piano, Bass, 3 Bandoneons, 4 Violins, Accordian, Cello"
Edgardo Donato,Edgardo Donato y sus Muchachos,1941,Fue Mi Salvacion,,Tango,,Víctor,BAVE-039649,39150,78rpm,Ascañio Donato,Alberto Cosentino,,34-42 Bertolin Accordian,Osvaldo Donato,José Campesi,"Juan Turturiello, Vicente Vilardi, Miguel Bonano, Osvaldo Bertolín (accordian)","Edgardo Donato, Domingo Milillo, Armando Piovani, José Pollicita, Ascanio Donato (cello)","Piano, Bass, 3 Bandoneons, 4 Violins, Accordian, Cello"
Edgardo Donato,Edgardo Donato y su Moderna Orquesta Típica,1945,Demasiado Tarde,,Tango,Roberto Beltrán,Víctor,,,78rpm,Francisco Tróppoli,Agustín Delamónica,,44-61 Post Breakup,Bernardo Blas,UNKNOWN,"Ernesto Rossi, Julián Plaza, UNKNOWN","Rolando Curzel, UNKNOWN","Piano, Bass, 3 Bandoneons, 2 Violins"
Edgardo Donato,Edgardo Donato y su Orquesta Típica,1945,Sin Palabras,,Tango,Osvaldo Morel,Víctor,,,78rpm,Mariano Mores,Enrique Discépolo,,44-61 Post Breakup,Bernardo Blas,UNKNOWN,"Ernesto Rossi, Julián Plaza, UNKNOWN","Rolando Curzel, UNKNOWN","Piano, Bass, 3 Bandoneons, 2 Violins"
Edgardo Donato,Edgardo Donato y su Orquesta Típica,1945,Una Vez,,Tango,Osvaldo Morel,Víctor,,,78rpm,Osvaldo Pugliese,Cátulo Castillo,,44-61 Post Breakup,Bernardo Blas,UNKNOWN,"Ernesto Rossi, Julián Plaza, UNKNOWN","Rolando Curzel, UNKNOWN","Piano, Bass, 3 Bandoneons, 2 Violins"
Edgardo Donato,Donato-Zerrillo,8/2/1929,Amor Y Olvido,,Tango,Instrumental,Brunswick,,,78rpm,Ángel Carreño,Ángel Carreño,,29-30 Zerrillo,Osvaldo Donato,José Campesi,"Juan Turturiello, Luis Vilardi, Luis Brizzi","Edgardo Donato, Roberto Zerrillo, Armando Piovani, Ascanio Donato (cello)","Piano, Bass, 3 Bandoneons, 3 Violins, Cello"
Edgardo Donato,Donato-Zerrillo,8/2/1929,Luces De La Tarde,,Tango,Instrumental,Brunswick,,,78rpm,Osvaldo Donato,Berreta Galli,,29-30 Zerrillo,Osvaldo Donato,José Campesi,"Juan Turturiello, Luis Vilardi, Luis Brizzi","Edgardo Donato, Roberto Zerrillo, Armando Piovani, Ascanio Donato (cello)","Piano, Bass, 3 Bandoneons, 3 Violins, Cello"
Edgardo Donato,Donato-Zerrillo,8/2/1929,No Me Engañes Por Favor,,Tango,Instrumental,Brunswick,,,78rpm,José Turturiello,,,29-30 Zerrillo,Osvaldo Donato,José Campesi,"Juan Turturiello, Luis Vilardi, Luis Brizzi","Edgardo Donato, Roberto Zerrillo, Armando Piovani, Ascanio Donato (cello)","Piano, Bass, 3 Bandoneons, 3 Violins, Cello"
Edgardo Donato,Donato-Zerrillo,8/2/1929,Seguí No Te Parés,,Tango,Luis Díaz Y Coro,Brunswick,,,78rpm,"Edgardo Donato, Roberto Zerrillo",Luis Díaz,,29-30 Zerrillo,Osvaldo Donato,José Campesi,"Juan Turturiello, Luis Vilardi, Luis Brizzi","Edgardo Donato, Roberto Zerrillo, Armando Piovani, Ascanio Donato (cello)","Piano, Bass, 3 Bandoneons, 3 Violins, Cello"
Edgardo Donato,Donato-Zerrillo,9/7/1929,Desencanto,,Tango,Instrumental,Brunswick,,,78rpm,Antonio Polito,"Antonio Polito, Luis Mario",,29-30 Zerrillo,Osvaldo Donato,José Campesi,"Juan Turturiello, Luis Vilardi, Luis Brizzi","Edgardo Donato, Roberto Zerrillo, Armando Piovani, Ascanio Donato (cello)","Piano, Bass, 3 Bandoneons, 3 Violins, Cello"
Edgardo Donato,Donato-Zerrillo,9/7/1929,Dolores,,Vals,Instrumental,Brunswick,,,78rpm,Alfredo Marengo,,,29-30 Zerrillo,Osvaldo Donato,José Campesi,"Juan Turturiello, Luis Vilardi, Luis Brizzi","Edgardo Donato, Roberto Zerrillo, Armando Piovani, Ascanio Donato (cello)","Piano, Bass, 3 Bandoneons, 3 Violins, Cello"
Edgardo Donato,Donato-Zerrillo,9/19/1929,La Cumparsita,Si Supieras,Tango,Agustín Magaldi,Brunswick,,,78rpm,Gerardo Matos Rodríguez,"Pascual Contursi, Enrique Maroni",,29-30 Zerrillo,Osvaldo Donato,José Campesi,"Juan Turturiello, Luis Vilardi, Luis Brizzi","Edgardo Donato, Roberto Zerrillo, Armando Piovani, Ascanio Donato (cello)","Piano, Bass, 3 Bandoneons, 3 Violins, Cello"
Edgardo Donato,Donato-Zerrillo,9/19/1929,Adiós Mujer,,Tango,Instrumental,Brunswick,,,78rpm,Miguel Padula,,,29-30 Zerrillo,Osvaldo Donato,José Campesi,"Juan Turturiello, Luis Vilardi, Luis Brizzi","Edgardo Donato, Roberto Zerrillo, Armando Piovani, Ascanio Donato (cello)","Piano, Bass, 3 Bandoneons, 3 Violins, Cello"
Edgardo Donato,Donato-Zerrillo,9/19/1929,Pulpero Sirva Otra Vuelta,,Tango,Luis Díaz,Brunswick,,,78rpm,Man Kenn,Man Kenn,,29-30 Zerrillo,Osvaldo Donato,José Campesi,"Juan Turturiello, Luis Vilardi, Luis Brizzi","Edgardo Donato, Roberto Zerrillo, Armando Piovani, Ascanio Donato (cello)","Piano, Bass, 3 Bandoneons, 3 Violins, Cello"
Edgardo Donato,Donato-Zerrillo,9/19/1929,Sirvame Caña,,Tango,Instrumental,Brunswick,,,78rpm,Agustín Paredes,Gerónimo Gradito,,29-30 Zerrillo,Osvaldo Donato,José Campesi,"Juan Turturiello, Luis Vilardi, Luis Brizzi","Edgardo Donato, Roberto Zerrillo, Armando Piovani, Ascanio Donato (cello)","Piano, Bass, 3 Bandoneons, 3 Violins, Cello"
Edgardo Donato,Donato-Zerrillo,11/8/1929,De Milonga Corrida,,Tango,Instrumental,Brunswick,,,78rpm,Osvaldo Donato,,,29-30 Zerrillo,Osvaldo Donato,José Campesi,"Juan Turturiello, Luis Vilardi, Luis Brizzi","Edgardo Donato, Roberto Zerrillo, Armando Piovani, Ascanio Donato (cello)","Piano, Bass, 3 Bandoneons, 3 Violins, Cello"
Edgardo Donato,Donato-Zerrillo,11/8/1929,Pega Pega,,Tango,Estribillo,Brunswick,,,78rpm,"Rafael Sánchez, Alberto Sánchez",Enrique Cadícamo,,29-30 Zerrillo,Osvaldo Donato,José Campesi,"Juan Turturiello, Luis Vilardi, Luis Brizzi","Edgardo Donato, Roberto Zerrillo, Armando Piovani, Ascanio Donato (cello)","Piano, Bass, 3 Bandoneons, 3 Violins, Cello"
Edgardo Donato,Donato-Zerrillo,11/20/1929,Luces De La Tarde,,Tango,Luis Díaz,Brunswick,,,78rpm,Osvaldo Donato,Berreta Galli,,29-30 Zerrillo,Osvaldo Donato,José Campesi,"Juan Turturiello, Luis Vilardi, Luis Brizzi","Edgardo Donato, Roberto Zerrillo, Armando Piovani, Ascanio Donato (cello)","Piano, Bass, 3 Bandoneons, 3 Violins, Cello"
Edgardo Donato,Donato-Zerrillo,11/20/1929,Seguí No Te Parés,,Tango,Luis Díaz Y Coro,Brunswick,,,78rpm,"Edgardo Donato, Roberto Zerrillo",Luis Díaz,,29-30 Zerrillo,Osvaldo Donato,José Campesi,"Juan Turturiello, Luis Vilardi, Luis Brizzi","Edgardo Donato, Roberto Zerrillo, Armando Piovani, Ascanio Donato (cello)","Piano, Bass, 3 Bandoneons, 3 Violins, Cello"
Edgardo Donato,Donato-Zerrillo,11/20/1929,Siluetas De La Tarde,,Tango,Instrumental,Brunswick,,,78rpm,Ángel Carreño,,,29-30 Zerrillo,Osvaldo Donato,José Campesi,"Juan Turturiello, Luis Vilardi, Luis Brizzi","Edgardo Donato, Roberto Zerrillo, Armando Piovani, Ascanio Donato (cello)","Piano, Bass, 3 Bandoneons, 3 Violins, Cello"
Edgardo Donato,Donato-Zerrillo,11/20/1929,Vas A Soñar,,Tango,Luis Díaz,Brunswick,,,78rpm,Antonio Scatasso,Francisco Bastardi,,29-30 Zerrillo,Osvaldo Donato,José Campesi,"Juan Turturiello, Luis Vilardi, Luis Brizzi","Edgardo Donato, Roberto Zerrillo, Armando Piovani, Ascanio Donato (cello)","Piano, Bass, 3 Bandoneons, 3 Violins, Cello"
Edgardo Donato,Donato-Zerrillo,11/27/1929,La Cumparsita,Si Supieras,Tango,Agustín Magaldi,Brunswick,,,78rpm,Gerardo Matos Rodríguez,"Pascual Contursi, Enrique Maroni",,29-30 Zerrillo,Osvaldo Donato,José Campesi,"Juan Turturiello, Luis Vilardi, Luis Brizzi","Edgardo Donato, Roberto Zerrillo, Armando Piovani, Ascanio Donato (cello)","Piano, Bass, 3 Bandoneons, 3 Violins, Cello"
Edgardo Donato,Donato-Zerrillo,12/4/1929,Hasta Cuándo,,Tango,Luis Díaz,Brunswick,,,78rpm,Edgardo Donato,Celedonio Flores,,29-30 Zerrillo,Osvaldo Donato,José Campesi,"Juan Turturiello, Luis Vilardi, Luis Brizzi","Edgardo Donato, Roberto Zerrillo, Armando Piovani, Ascanio Donato (cello)","Piano, Bass, 3 Bandoneons, 3 Violins, Cello"
Edgardo Donato,Donato-Zerrillo,12/6/1929,Derrotado,,Tango,Instrumental,Brunswick,,,78rpm,Roberto Zerrillo,Roberto Duque,,29-30 Zerrillo,Osvaldo Donato,José Campesi,"Juan Turturiello, Luis Vilardi, Luis Brizzi","Edgardo Donato, Roberto Zerrillo, Armando Piovani, Ascanio Donato (cello)","Piano, Bass, 3 Bandoneons, 3 Violins, Cello"
Edgardo Donato,Donato-Zerrillo,12/6/1929,Venga Viejo,,Tango,Instrumental,Brunswick,,,78rpm,Ricardo Brignolo,,,29-30 Zerrillo,Osvaldo Donato,José Campesi,"Juan Turturiello, Luis Vilardi, Luis Brizzi","Edgardo Donato, Roberto Zerrillo, Armando Piovani, Ascanio Donato (cello)","Piano, Bass, 3 Bandoneons, 3 Violins, Cello"
Edgardo Donato,Donato-Zerrillo,12/13/1929,Huerfanitos De La Vida,,Tango,Luis Díaz,Brunswick,,,78rpm,Luis Martino,Andrés Pulido,,29-30 Zerrillo,Osvaldo Donato,José Campesi,"Juan Turturiello, Luis Vilardi, Luis Brizzi","Edgardo Donato, Roberto Zerrillo, Armando Piovani, Ascanio Donato (cello)","Piano, Bass, 3 Bandoneons, 3 Violins, Cello"
Edgardo Donato,Donato-Zerrillo,12/13/1929,Qué Querés Con Ese Loro,,Tango,Luis Díaz,Brunswick,,,78rpm,Enrique Delfino,Manuel Romero,,29-30 Zerrillo,Osvaldo Donato,José Campesi,"Juan Turturiello, Luis Vilardi, Luis Brizzi","Edgardo Donato, Roberto Zerrillo, Armando Piovani, Ascanio Donato (cello)","Piano, Bass, 3 Bandoneons, 3 Violins, Cello"
Edgardo Donato,Donato-Zerrillo,12/17/1929,Misterio,,Tango,Instrumental,Brunswick,,,78rpm,Román Machado,,,29-30 Zerrillo,Osvaldo Donato,José Campesi,"Juan Turturiello, Luis Vilardi, Luis Brizzi","Edgardo Donato, Roberto Zerrillo, Armando Piovani, Ascanio Donato (cello)","Piano, Bass, 3 Bandoneons, 3 Violins, Cello"
Edgardo Donato,Donato-Zerrillo,12/28/1929,Yo Quiero Casarme,,Tango,Luis Díaz,Brunswick,,,78rpm,Edgardo Donato,Luis Díaz,,29-30 Zerrillo,Osvaldo Donato,José Campesi,"Juan Turturiello, Luis Vilardi, Luis Brizzi","Edgardo Donato, Roberto Zerrillo, Armando Piovani, Ascanio Donato (cello)","Piano, Bass, 3 Bandoneons, 3 Violins, Cello"
Edgardo Donato,Donato-Zerrillo,12/28/1929,Zafá De L'amarrazón,,Tango,Instrumental,Brunswick,,,78rpm,Luis Mainero,,,29-30 Zerrillo,Osvaldo Donato,José Campesi,"Juan Turturiello, Luis Vilardi, Luis Brizzi","Edgardo Donato, Roberto Zerrillo, Armando Piovani, Ascanio Donato (cello)","Piano, Bass, 3 Bandoneons, 3 Violins, Cello"
Edgardo Donato,Donato-Zerrillo,12/30/1929,Garufa Corrida,,Tango,Luis Díaz,Brunswick,,,78rpm,Bernardo Germino,Bernardo Germino,,29-30 Zerrillo,Osvaldo Donato,José Campesi,"Juan Turturiello, Luis Vilardi, Luis Brizzi","Edgardo Donato, Roberto Zerrillo, Armando Piovani, Ascanio Donato (cello)","Piano, Bass, 3 Bandoneons, 3 Violins, Cello"
Edgardo Donato,Donato-Zerrillo,12/30/1929,Invierno,,Tango,Luis Díaz,Brunswick,,,78rpm,Arturo Bettoni,Ramón Abellá,,29-30 Zerrillo,Osvaldo Donato,José Campesi,"Juan Turturiello, Luis Vilardi, Luis Brizzi","Edgardo Donato, Roberto Zerrillo, Armando Piovani, Ascanio Donato (cello)","Piano, Bass, 3 Bandoneons, 3 Violins, Cello"
Edgardo Donato,Donato-Zerrillo,1/3/1930,En La Cortada,,Tango,Luis Díaz,Brunswick,,,78rpm,Romeo Yorio,"Aníbal Rodríguez, Pedro Rodríguez Riquero",,29-30 Zerrillo,Osvaldo Donato,José Campesi,"Juan Turturiello, Luis Vilardi, Luis Brizzi","Edgardo Donato, Roberto Zerrillo, Armando Piovani, Ascanio Donato (cello)","Piano, Bass, 3 Bandoneons, 3 Violins, Cello"
Edgardo Donato,Donato-Zerrillo,1/3/1930,Huerfanita,,Tango,Instrumental,Brunswick,,,78rpm,Roberto Luratti,,,29-30 Zerrillo,Osvaldo Donato,José Campesi,"Juan Turturiello, Luis Vilardi, Luis Brizzi","Edgardo Donato, Roberto Zerrillo, Armando Piovani, Ascanio Donato (cello)","Piano, Bass, 3 Bandoneons, 3 Violins, Cello"
Edgardo Donato,Donato-Zerrillo,1/3/1930,Lisandro,,Tango,Instrumental,Brunswick,,,78rpm,Roque D'Amico,,,29-30 Zerrillo,Osvaldo Donato,José Campesi,"Juan Turturiello, Luis Vilardi, Luis Brizzi","Edgardo Donato, Roberto Zerrillo, Armando Piovani, Ascanio Donato (cello)","Piano, Bass, 3 Bandoneons, 3 Violins, Cello"
Edgardo Donato,Donato-Zerrillo,1/21/1930,De Madrugada,,Tango,Instrumental,Brunswick,,,78rpm,A. Delfino,,,29-30 Zerrillo,Osvaldo Donato,José Campesi,"Juan Turturiello, Luis Vilardi, Luis Brizzi","Edgardo Donato, Roberto Zerrillo, Armando Piovani, Ascanio Donato (cello)","Piano, Bass, 3 Bandoneons, 3 Violins, Cello"
Edgardo Donato,Donato-Zerrillo,1/21/1930,Don Esteban,,Tango,Instrumental,Brunswick,,,78rpm,Augusto Berto,Carlos Keller Sarmiento,,29-30 Zerrillo,Osvaldo Donato,José Campesi,"Juan Turturiello, Luis Vilardi, Luis Brizzi","Edgardo Donato, Roberto Zerrillo, Armando Piovani, Ascanio Donato (cello)","Piano, Bass, 3 Bandoneons, 3 Violins, Cello"
Edgardo Donato,Donato-Zerrillo,1/24/1930,Polilla,Globero,Tango,Canto,Brunswick,,,78rpm,Gerardo Matos Rodríguez,Pablo Suero,,29-30 Zerrillo,Osvaldo Donato,José Campesi,"Juan Turturiello, Luis Vilardi, Luis Brizzi","Edgardo Donato, Roberto Zerrillo, Armando Piovani, Ascanio Donato (cello)","Piano, Bass, 3 Bandoneons, 3 Violins, Cello"
Edgardo Donato,Donato-Zerrillo,1/24/1930,Porqué Se Fué,,Tango,Instrumental,Brunswick,,,78rpm,Azucena Maizani,,,29-30 Zerrillo,Osvaldo Donato,José Campesi,"Juan Turturiello, Luis Vilardi, Luis Brizzi","Edgardo Donato, Roberto Zerrillo, Armando Piovani, Ascanio Donato (cello)","Piano, Bass, 3 Bandoneons, 3 Violins, Cello"
Edgardo Donato,Donato-Zerrillo,1/24/1930,Triste Amanecer,,Tango,Instrumental,Brunswick,,,78rpm,J. Veliozo,,,29-30 Zerrillo,Osvaldo Donato,José Campesi,"Juan Turturiello, Luis Vilardi, Luis Brizzi","Edgardo Donato, Roberto Zerrillo, Armando Piovani, Ascanio Donato (cello)","Piano, Bass, 3 Bandoneons, 3 Violins, Cello"
Edgardo Donato,Donato-Zerrillo,2/26/1930,Caradura,,Tango,Instrumental,Brunswick,,,78rpm,Roberto Zerrillo,,,29-30 Zerrillo,Osvaldo Donato,José Campesi,"Juan Turturiello, Luis Vilardi, Luis Brizzi","Edgardo Donato, Roberto Zerrillo, Armando Piovani, Ascanio Donato (cello)","Piano, Bass, 3 Bandoneons, 3 Violins, Cello"
Edgardo Donato,Donato-Zerrillo,2/26/1930,No Mires P'atrás,,Tango,Instrumental,Brunswick,,,78rpm,José Turturiello,,,29-30 Zerrillo,Osvaldo Donato,José Campesi,"Juan Turturiello, Luis Vilardi, Luis Brizzi","Edgardo Donato, Roberto Zerrillo, Armando Piovani, Ascanio Donato (cello)","Piano, Bass, 3 Bandoneons, 3 Violins, Cello"
Edgardo Donato,Donato-Zerrillo,2/28/1930,Lluvia De Flores,,Vals,Instrumental,Brunswick,,,78rpm,Genaro Gatto,,,29-30 Zerrillo,Osvaldo Donato,José Campesi,"Juan Turturiello, Luis Vilardi, Luis Brizzi","Edgardo Donato, Roberto Zerrillo, Armando Piovani, Ascanio Donato (cello)","Piano, Bass, 3 Bandoneons, 3 Violins, Cello"
Edgardo Donato,Donato-Zerrillo,2/28/1930,Mañana,,Tango,Luis Díaz,Brunswick,,,78rpm,Anselmo Aieta,Francisco García Jiménez,,29-30 Zerrillo,Osvaldo Donato,José Campesi,"Juan Turturiello, Luis Vilardi, Luis Brizzi","Edgardo Donato, Roberto Zerrillo, Armando Piovani, Ascanio Donato (cello)","Piano, Bass, 3 Bandoneons, 3 Violins, Cello"
Edgardo Donato,Donato-Zerrillo,3/11/1930,Baquiano Pa'elegir,,Tango,Instrumental,Brunswick,,,78rpm,Enrique Saborido,Enrique Cadícamo,,29-30 Zerrillo,Osvaldo Donato,José Campesi,"Juan Turturiello, Luis Vilardi, Luis Brizzi","Edgardo Donato, Roberto Zerrillo, Armando Piovani, Ascanio Donato (cello)","Piano, Bass, 3 Bandoneons, 3 Violins, Cello"
Edgardo Donato,Donato-Zerrillo,3/11/1930,Dolores,,Vals,Instrumental,Brunswick,,,78rpm,Alfredo Marengo,,,29-30 Zerrillo,Osvaldo Donato,José Campesi,"Juan Turturiello, Luis Vilardi, Luis Brizzi","Edgardo Donato, Roberto Zerrillo, Armando Piovani, Ascanio Donato (cello)","Piano, Bass, 3 Bandoneons, 3 Violins, Cello"
Edgardo Donato,Donato-Zerrillo,3/11/1930,Se Va La Vida,,Tango,Luis Díaz,Brunswick,,,78rpm,"Edgardo Donato, Roberto Zerrillo",Luis Mario,,29-30 Zerrillo,Osvaldo Donato,José Campesi,"Juan Turturiello, Luis Vilardi, Luis Brizzi","Edgardo Donato, Roberto Zerrillo, Armando Piovani, Ascanio Donato (cello)","Piano, Bass, 3 Bandoneons, 3 Violins, Cello"
Edgardo Donato,Donato-Zerrillo,3/11/1930,Soledad,,Tango,Luis Díaz,Brunswick,,,78rpm,"B. Abatte, Juan Leal","B. Abatte, Juan Leal",,29-30 Zerrillo,Osvaldo Donato,José Campesi,"Juan Turturiello, Luis Vilardi, Luis Brizzi","Edgardo Donato, Roberto Zerrillo, Armando Piovani, Ascanio Donato (cello)","Piano, Bass, 3 Bandoneons, 3 Violins, Cello"
Edgardo Donato,Donato-Zerrillo,4/5/1930,Deschavate,,Tango,Instrumental,Brunswick,,,78rpm,Edmundo Wiurnos,,,29-30 Zerrillo,Osvaldo Donato,José Campesi,"Juan Turturiello, Luis Vilardi, Luis Brizzi","Edgardo Donato, Roberto Zerrillo, Armando Piovani, Ascanio Donato (cello)","Piano, Bass, 3 Bandoneons, 3 Violins, Cello"
Edgardo Donato,Donato-Zerrillo,4/5/1930,Virgencita De Pompeya,,Tango,Luis Díaz,Brunswick,,,78rpm,Juan Russo,Juan Russo,,29-30 Zerrillo,Osvaldo Donato,José Campesi,"Juan Turturiello, Luis Vilardi, Luis Brizzi","Edgardo Donato, Roberto Zerrillo, Armando Piovani, Ascanio Donato (cello)","Piano, Bass, 3 Bandoneons, 3 Violins, Cello"
Edgardo Donato,Donato-Zerrillo,4/24/1930,Lamentos Del Alma,,Tango,Luis Díaz,Brunswick,,,78rpm,Carlos Facal,Carlos Facal,,29-30 Zerrillo,Osvaldo Donato,José Campesi,"Juan Turturiello, Luis Vilardi, Luis Brizzi","Edgardo Donato, Roberto Zerrillo, Armando Piovani, Ascanio Donato (cello)","Piano, Bass, 3 Bandoneons, 3 Violins, Cello"
Edgardo Donato,Donato-Zerrillo,4/25/1930,Musiquito,,Tango,Luis Díaz,Brunswick,,,78rpm,"P. Strazarino, H. Liacci, J. Tobía",Roberto Duque,,29-30 Zerrillo,Osvaldo Donato,José Campesi,"Juan Turturiello, Luis Vilardi, Luis Brizzi","Edgardo Donato, Roberto Zerrillo, Armando Piovani, Ascanio Donato (cello)","Piano, Bass, 3 Bandoneons, 3 Violins, Cello"
Edgardo Donato,Edgardo Donato y sus Muchachos,5/5/1930,Como Lo Quiso Dios,,Tango,Luis Diaz,Brunswick,656,1027-A,78rpm,Domingo Pelle,Domingo Pelle,,30-33 Sus Muchachos,Osvaldo Donato,José Campesi,"Juan Turturiello, Vicente Vilardi, Miguel Bonano","Edgardo Donato, Armando Piovani, Pascual Martínez, Ascanio Donato (cello)","Piano, Bass, 3 Bandoneons, 3 Violins, Cello"
Edgardo Donato,Edgardo Donato y sus Muchachos,5/5/1930,El Tejo,,Tango,Instrumental,Brunswick,653,1031-B,78rpm,Juan Labadia,,,30-33 Sus Muchachos,Osvaldo Donato,José Campesi,"Juan Turturiello, Vicente Vilardi, Miguel Bonano","Edgardo Donato, Armando Piovani, Pascual Martínez, Ascanio Donato (cello)","Piano, Bass, 3 Bandoneons, 3 Violins, Cello"
Edgardo Donato,Edgardo Donato y sus Muchachos,5/15/1930,Adelina,,Tango,Luis Diaz,Brunswick,619,1030-B,78rpm,Antonio Moretti,J. Torales,,30-33 Sus Muchachos,Osvaldo Donato,José Campesi,"Juan Turturiello, Vicente Vilardi, Miguel Bonano","Edgardo Donato, Armando Piovani, Pascual Martínez, Ascanio Donato (cello)","Piano, Bass, 3 Bandoneons, 3 Violins, Cello"
Edgardo Donato,Edgardo Donato y sus Muchachos,5/19/1930,Buena Yunta,,Tango,Instrumental,Brunswick,695,1026-A,78rpm,P. Romeo,Juan Noli,,30-33 Sus Muchachos,Osvaldo Donato,José Campesi,"Juan Turturiello, Vicente Vilardi, Miguel Bonano","Edgardo Donato, Armando Piovani, Pascual Martínez, Ascanio Donato (cello)","Piano, Bass, 3 Bandoneons, 3 Violins, Cello"
Edgardo Donato,Edgardo Donato y sus Muchachos,5/23/1930,Te Conozco Mascarita,,Tango,Luis Diaz,Brunswick,706,1028-A,78rpm,Edgardo Donato,Román Machado,,30-33 Sus Muchachos,Osvaldo Donato,José Campesi,"Juan Turturiello, Vicente Vilardi, Miguel Bonano","Edgardo Donato, Armando Piovani, Pascual Martínez, Ascanio Donato (cello)","Piano, Bass, 3 Bandoneons, 3 Violins, Cello"
Edgardo Donato,Edgardo Donato y sus Muchachos,5/30/1930,Lluvia De Colores,,Vals,Instrumental,Brunswick,711,1026-B,78rpm,Osvaldo Donato,,,30-33 Sus Muchachos,Osvaldo Donato,José Campesi,"Juan Turturiello, Vicente Vilardi, Miguel Bonano","Edgardo Donato, Armando Piovani, Pascual Martínez, Ascanio Donato (cello)","Piano, Bass, 3 Bandoneons, 3 Violins, Cello"
Edgardo Donato,Edgardo Donato y sus Muchachos,6/13/1930,Severino,,Tango,Luis Diaz,Brunswick,776,1029-A,78rpm,"Arturo De Bassi, Antonio Botta, López","Antonio Botta, López",,30-33 Sus Muchachos,Osvaldo Donato,José Campesi,"Juan Turturiello, Vicente Vilardi, Miguel Bonano","Edgardo Donato, Armando Piovani, Pascual Martínez, Ascanio Donato (cello)","Piano, Bass, 3 Bandoneons, 3 Violins, Cello"
Edgardo Donato,Edgardo Donato y sus Muchachos,6/19/1930,"Che, Rodolfo",,Tango,Luis Diaz,Brunswick,799,1031-A,78rpm,Genaro Gatto,Ernesto Viegas,,30-33 Sus Muchachos,Osvaldo Donato,José Campesi,"Juan Turturiello, Vicente Vilardi, Miguel Bonano","Edgardo Donato, Armando Piovani, Pascual Martínez, Ascanio Donato (cello)","Piano, Bass, 3 Bandoneons, 3 Violins, Cello"
Edgardo Donato,Edgardo Donato y sus Muchachos,6/27/1930,Desolacion,,Tango,Luis Diaz,Brunswick,823,1039-A,78rpm,Pedro Diorio,Pedro Diorio,,30-33 Sus Muchachos,Osvaldo Donato,José Campesi,"Juan Turturiello, Vicente Vilardi, Miguel Bonano","Edgardo Donato, Armando Piovani, Pascual Martínez, Ascanio Donato (cello)","Piano, Bass, 3 Bandoneons, 3 Violins, Cello"
Edgardo Donato,Edgardo Donato y sus Muchachos,6/27/1930,Pibe Palermo,,Tango,Instrumental,Brunswick,824,1036-A,78rpm,José Campesi,,,30-33 Sus Muchachos,Osvaldo Donato,José Campesi,"Juan Turturiello, Vicente Vilardi, Miguel Bonano","Edgardo Donato, Armando Piovani, Pascual Martínez, Ascanio Donato (cello)","Piano, Bass, 3 Bandoneons, 3 Violins, Cello"
Edgardo Donato,Edgardo Donato y sus Muchachos,7/1/1930,Felicia,,Tango,Instrumental,Brunswick,838,1030-A,78rpm,Enrique Saborido,Carlos Pacheco,,30-33 Sus Muchachos,Osvaldo Donato,José Campesi,"Juan Turturiello, Vicente Vilardi, Miguel Bonano","Edgardo Donato, Armando Piovani, Pascual Martínez, Ascanio Donato (cello)","Piano, Bass, 3 Bandoneons, 3 Violins, Cello"
Edgardo Donato,Edgardo Donato y sus Muchachos,7/1/1930,Por Tu Culpa,Por Ella,Tango,Instrumental,Brunswick,834,1033-B,78rpm,Antonio Moreno,,,30-33 Sus Muchachos,Osvaldo Donato,José Campesi,"Juan Turturiello, Vicente Vilardi, Miguel Bonano","Edgardo Donato, Armando Piovani, Pascual Martínez, Ascanio Donato (cello)","Piano, Bass, 3 Bandoneons, 3 Violins, Cello"
Edgardo Donato,Edgardo Donato y sus Muchachos,7/10/1930,"Che, Fayuto",,Tango,Luis Diaz,Brunswick,854,1035-A,78rpm,J. De Ferraris,J. De Ferraris,,30-33 Sus Muchachos,Osvaldo Donato,José Campesi,"Juan Turturiello, Vicente Vilardi, Miguel Bonano","Edgardo Donato, Armando Piovani, Pascual Martínez, Ascanio Donato (cello)","Piano, Bass, 3 Bandoneons, 3 Violins, Cello"
Edgardo Donato,Edgardo Donato y sus Muchachos,7/10/1930,Entre Penas Y Dolores,,Tango,Instrumental,Brunswick,840,1029-B,78rpm,A. Terrés,,,30-33 Sus Muchachos,Osvaldo Donato,José Campesi,"Juan Turturiello, Vicente Vilardi, Miguel Bonano","Edgardo Donato, Armando Piovani, Pascual Martínez, Ascanio Donato (cello)","Piano, Bass, 3 Bandoneons, 3 Violins, Cello"
Edgardo Donato,Edgardo Donato y sus Muchachos,7/12/1930,Corazon Pa'los Perros,,Tango,Instrumental,Brunswick,883,1034-A,78rpm,Osvaldo Donato,,,30-33 Sus Muchachos,Osvaldo Donato,José Campesi,"Juan Turturiello, Vicente Vilardi, Miguel Bonano","Edgardo Donato, Armando Piovani, Pascual Martínez, Ascanio Donato (cello)","Piano, Bass, 3 Bandoneons, 3 Violins, Cello"
Edgardo Donato,Edgardo Donato y sus Muchachos,7/14/1930,Que Queres!... Soy Asi,,Tango,Luis Diaz,Brunswick,891,1033-A,78rpm,Ascanio Donato,Francisco García Jiménez,,30-33 Sus Muchachos,Osvaldo Donato,José Campesi,"Juan Turturiello, Vicente Vilardi, Miguel Bonano","Edgardo Donato, Armando Piovani, Pascual Martínez, Ascanio Donato (cello)","Piano, Bass, 3 Bandoneons, 3 Violins, Cello"
Edgardo Donato,Edgardo Donato y sus Muchachos,7/17/1930,Decile A Tu Vieja,,Tango,Instrumental,Brunswick,917,1037-B,78rpm,José Pécora,,,30-33 Sus Muchachos,Osvaldo Donato,José Campesi,"Juan Turturiello, Vicente Vilardi, Miguel Bonano","Edgardo Donato, Armando Piovani, Pascual Martínez, Ascanio Donato (cello)","Piano, Bass, 3 Bandoneons, 3 Violins, Cello"
Edgardo Donato,Edgardo Donato y sus Muchachos,7/25/1930,Mi Sueño Dorado,,Tango,Instrumental,Brunswick,953,1039-B,78rpm,Vicente Vilardi,,,30-33 Sus Muchachos,Osvaldo Donato,José Campesi,"Juan Turturiello, Vicente Vilardi, Miguel Bonano","Edgardo Donato, Armando Piovani, Pascual Martínez, Ascanio Donato (cello)","Piano, Bass, 3 Bandoneons, 3 Violins, Cello"
Edgardo Donato,Edgardo Donato y sus Muchachos,7/25/1930,Palabra De Honor,,Ranchera,Instrumental,Brunswick,951,1041-B,78rpm,Ascanio Donato,,,30-33 Sus Muchachos,Osvaldo Donato,José Campesi,"Juan Turturiello, Vicente Vilardi, Miguel Bonano","Edgardo Donato, Armando Piovani, Pascual Martínez, Ascanio Donato (cello)","Piano, Bass, 3 Bandoneons, 3 Violins, Cello"
Edgardo Donato,Edgardo Donato y sus Muchachos,8/27/1930,Frente A Frente,,Tango,Instrumental,Brunswick,1022,1038-A,78rpm,R. Mann,Man,,30-33 Sus Muchachos,Osvaldo Donato,José Campesi,"Juan Turturiello, Vicente Vilardi, Miguel Bonano","Edgardo Donato, Armando Piovani, Pascual Martínez, Ascanio Donato (cello)","Piano, Bass, 3 Bandoneons, 3 Violins, Cello"
Edgardo Donato,Edgardo Donato y sus Muchachos,8/27/1930,Viejo Palermo,,Tango,Instrumental,Brunswick,1024,1037-A,78rpm,P. Buencristiano,,,30-33 Sus Muchachos,Osvaldo Donato,José Campesi,"Juan Turturiello, Vicente Vilardi, Miguel Bonano","Edgardo Donato, Armando Piovani, Pascual Martínez, Ascanio Donato (cello)","Piano, Bass, 3 Bandoneons, 3 Violins, Cello"
Edgardo Donato,Edgardo Donato y sus Muchachos,8/28/1930,Palabras Falsas,,Tango,Luis Diaz,Brunswick,1035,1045-A,78rpm,"Manuel Aguilar, Luis Fernández","Manuel Aguilar, Luis De Sevilla",,30-33 Sus Muchachos,Osvaldo Donato,José Campesi,"Juan Turturiello, Vicente Vilardi, Miguel Bonano","Edgardo Donato, Armando Piovani, Pascual Martínez, Ascanio Donato (cello)","Piano, Bass, 3 Bandoneons, 3 Violins, Cello"
Edgardo Donato,Edgardo Donato y sus Muchachos,9/5/1930,Desertora,,Tango,Luis Diaz,Brunswick,1059,1040-B,78rpm,Edgardo Donato,Roberto Aubriot Barboza,,30-33 Sus Muchachos,Osvaldo Donato,José Campesi,"Juan Turturiello, Vicente Vilardi, Miguel Bonano","Edgardo Donato, Armando Piovani, Pascual Martínez, Ascanio Donato (cello)","Piano, Bass, 3 Bandoneons, 3 Violins, Cello"
Edgardo Donato,Edgardo Donato y sus Muchachos,9/10/1930,El Amor Hace Fruncir,,Tango,Instrumental,Brunswick,1065,1046-B,78rpm,J. Cupeiro,,,30-33 Sus Muchachos,Osvaldo Donato,José Campesi,"Juan Turturiello, Vicente Vilardi, Miguel Bonano","Edgardo Donato, Armando Piovani, Pascual Martínez, Ascanio Donato (cello)","Piano, Bass, 3 Bandoneons, 3 Violins, Cello"
Edgardo Donato,Edgardo Donato y sus Muchachos,9/17/1930,El Once Glorioso,,Tango,Luis Diaz,Brunswick,1085,1042-B,78rpm,Carlos Enrique,Luis Amadori,,30-33 Sus Muchachos,Osvaldo Donato,José Campesi,"Juan Turturiello, Vicente Vilardi, Miguel Bonano","Edgardo Donato, Armando Piovani, Pascual Martínez, Ascanio Donato (cello)","Piano, Bass, 3 Bandoneons, 3 Violins, Cello"
Edgardo Donato,Edgardo Donato y sus Muchachos,9/19/1930,Congoja,,Tango,Luis Diaz,Brunswick,1093,1040-A,78rpm,Benjamín Tagle Lara,Alfonso Tagle Lara,,30-33 Sus Muchachos,Osvaldo Donato,José Campesi,"Juan Turturiello, Vicente Vilardi, Miguel Bonano","Edgardo Donato, Armando Piovani, Pascual Martínez, Ascanio Donato (cello)","Piano, Bass, 3 Bandoneons, 3 Violins, Cello"
Edgardo Donato,Edgardo Donato y sus Muchachos,9/19/1930,"Mamita, Perdon",,Tango,Instrumental,Brunswick,1095,1045-B,78rpm,Julio Villamonte,,,30-33 Sus Muchachos,Osvaldo Donato,José Campesi,"Juan Turturiello, Vicente Vilardi, Miguel Bonano","Edgardo Donato, Armando Piovani, Pascual Martínez, Ascanio Donato (cello)","Piano, Bass, 3 Bandoneons, 3 Violins, Cello"
Edgardo Donato,Edgardo Donato y sus Muchachos,10/3/1930,Danza Maligna,,Tango,Instrumental,Brunswick,1138,1043-B,78rpm,Fernando Randle,Claudio Frollo,,30-33 Sus Muchachos,Osvaldo Donato,José Campesi,"Juan Turturiello, Vicente Vilardi, Miguel Bonano","Edgardo Donato, Armando Piovani, Pascual Martínez, Ascanio Donato (cello)","Piano, Bass, 3 Bandoneons, 3 Violins, Cello"
Edgardo Donato,Edgardo Donato y sus Muchachos,10/7/1930,Compadrito,,Tango,Luis Diaz,Brunswick,1145,1043-A,78rpm,"Edgardo Donato, Osvaldo Donato","Edgardo Donato, Osvaldo Donato",,30-33 Sus Muchachos,Osvaldo Donato,José Campesi,"Juan Turturiello, Vicente Vilardi, Miguel Bonano","Edgardo Donato, Armando Piovani, Pascual Martínez, Ascanio Donato (cello)","Piano, Bass, 3 Bandoneons, 3 Violins, Cello"
Edgardo Donato,Edgardo Donato y sus Muchachos,10/8/1930,El Barrio Murmura,,Tango,Luis Diaz,Brunswick,1155,1044-A,78rpm,Carlos Enrique,Luis Díaz,,30-33 Sus Muchachos,Osvaldo Donato,José Campesi,"Juan Turturiello, Vicente Vilardi, Miguel Bonano","Edgardo Donato, Armando Piovani, Pascual Martínez, Ascanio Donato (cello)","Piano, Bass, 3 Bandoneons, 3 Violins, Cello"
Edgardo Donato,Edgardo Donato y sus Muchachos,10/8/1930,La Guitarrita,,Tango,Instrumental,Brunswick,1154,1044-B,78rpm,Eduardo Arolas,Gabriel Clausi,,30-33 Sus Muchachos,Osvaldo Donato,José Campesi,"Juan Turturiello, Vicente Vilardi, Miguel Bonano","Edgardo Donato, Armando Piovani, Pascual Martínez, Ascanio Donato (cello)","Piano, Bass, 3 Bandoneons, 3 Violins, Cello"
Edgardo Donato,Edgardo Donato y sus Muchachos,10/17/1930,Juramento,,Tango,Instrumental,Brunswick,1197,1047-B,78rpm,P. Conzitti,,,30-33 Sus Muchachos,Osvaldo Donato,José Campesi,"Juan Turturiello, Vicente Vilardi, Miguel Bonano","Edgardo Donato, Armando Piovani, Pascual Martínez, Ascanio Donato (cello)","Piano, Bass, 3 Bandoneons, 3 Violins, Cello"
Edgardo Donato,Edgardo Donato y sus Muchachos,10/17/1930,Mocito Rana,,Tango,Instrumental,Brunswick,1195,1047-A,78rpm,Manuel Parada,Enrique Cadícamo,,30-33 Sus Muchachos,Osvaldo Donato,José Campesi,"Juan Turturiello, Vicente Vilardi, Miguel Bonano","Edgardo Donato, Armando Piovani, Pascual Martínez, Ascanio Donato (cello)","Piano, Bass, 3 Bandoneons, 3 Violins, Cello"
Edgardo Donato,Edgardo Donato y sus Muchachos,10/17/1930,Traicion,,Vals,Luis Diaz,Brunswick,1193,1046-A,78rpm,Miguel Cafre,Agapito Crespo,,30-33 Sus Muchachos,Osvaldo Donato,José Campesi,"Juan Turturiello, Vicente Vilardi, Miguel Bonano","Edgardo Donato, Armando Piovani, Pascual Martínez, Ascanio Donato (cello)","Piano, Bass, 3 Bandoneons, 3 Violins, Cello"
Edgardo Donato,Edgardo Donato y sus Muchachos,10/31/1930,Agua Serena,,Tango,Instrumental,Brunswick,1244,1048-A,78rpm,Enrique Carrera Sotelo,,,30-33 Sus Muchachos,Osvaldo Donato,José Campesi,"Juan Turturiello, Vicente Vilardi, Miguel Bonano","Edgardo Donato, Armando Piovani, Pascual Martínez, Ascanio Donato (cello)","Piano, Bass, 3 Bandoneons, 3 Violins, Cello"
Edgardo Donato,Edgardo Donato y sus Muchachos,10/31/1930,La He Vuelto A Encontrar,,Tango,Luis Diaz,Brunswick,1241,1048-B,78rpm,Miguel Dramacker,Francisco García Jiménez,,30-33 Sus Muchachos,Osvaldo Donato,José Campesi,"Juan Turturiello, Vicente Vilardi, Miguel Bonano","Edgardo Donato, Armando Piovani, Pascual Martínez, Ascanio Donato (cello)","Piano, Bass, 3 Bandoneons, 3 Violins, Cello"
Edgardo Donato,Edgardo Donato y sus Muchachos,11/5/1930,Yerba Amarga,,Tango,Instrumental,Brunswick,1261,1050-B,78rpm,Antonio Rodio,Benjamín Lara,,30-33 Sus Muchachos,Osvaldo Donato,José Campesi,"Juan Turturiello, Vicente Vilardi, Miguel Bonano","Edgardo Donato, Armando Piovani, Pascual Martínez, Ascanio Donato (cello)","Piano, Bass, 3 Bandoneons, 3 Violins, Cello"
Edgardo Donato,Edgardo Donato y sus Muchachos,11/5/1930,Madreselva,,Vals,Instrumental,Brunswick,1263,1050-A,78rpm,"Edgardo Donao, Osvaldo Donato",,,30-33 Sus Muchachos,Osvaldo Donato,José Campesi,"Juan Turturiello, Vicente Vilardi, Miguel Bonano","Edgardo Donato, Armando Piovani, Pascual Martínez, Ascanio Donato (cello)","Piano, Bass, 3 Bandoneons, 3 Violins, Cello"
Edgardo Donato,Edgardo Donato y sus Muchachos,11/7/1930,No Es Pa'tanto,,Tango,Luis Díaz,Brunswick,,,78rpm,Edgardo Donato,Máximo Vago,,30-33 Sus Muchachos,Osvaldo Donato,José Campesi,"Juan Turturiello, Vicente Vilardi, Miguel Bonano","Edgardo Donato, Armando Piovani, Pascual Martínez, Ascanio Donato (cello)","Piano, Bass, 3 Bandoneons, 3 Violins, Cello"
Edgardo Donato,Edgardo Donato y sus Muchachos,11/7/1930,Siempre Amigo,,Tango,Instrumental,Brunswick,,,78rpm,Juan Carrasco,,,30-33 Sus Muchachos,Osvaldo Donato,José Campesi,"Juan Turturiello, Vicente Vilardi, Miguel Bonano","Edgardo Donato, Armando Piovani, Pascual Martínez, Ascanio Donato (cello)","Piano, Bass, 3 Bandoneons, 3 Violins, Cello"
Edgardo Donato,Edgardo Donato y sus Muchachos,11/14/1930,Chau Chau,,Tango,Luis Díaz Y Coro,Brunswick,,,78rpm,"Adolfo Piancino, N. Collia","Adolfo Piancino, N. Collia",,30-33 Sus Muchachos,Osvaldo Donato,José Campesi,"Juan Turturiello, Vicente Vilardi, Miguel Bonano","Edgardo Donato, Armando Piovani, Pascual Martínez, Ascanio Donato (cello)","Piano, Bass, 3 Bandoneons, 3 Violins, Cello"
Edgardo Donato,Edgardo Donato y sus Muchachos,11/15/1930,Algún Día,,Tango,Instrumental,Brunswick,,,78rpm,Armando Piovani,,,30-33 Sus Muchachos,Osvaldo Donato,José Campesi,"Juan Turturiello, Vicente Vilardi, Miguel Bonano","Edgardo Donato, Armando Piovani, Pascual Martínez, Ascanio Donato (cello)","Piano, Bass, 3 Bandoneons, 3 Violins, Cello"
Edgardo Donato,Edgardo Donato y sus Muchachos,11/15/1930,Hacia La Cumbre,,Vals,Instrumental,Brunswick,,,78rpm,Américo Bonanni,,,30-33 Sus Muchachos,Osvaldo Donato,José Campesi,"Juan Turturiello, Vicente Vilardi, Miguel Bonano","Edgardo Donato, Armando Piovani, Pascual Martínez, Ascanio Donato (cello)","Piano, Bass, 3 Bandoneons, 3 Violins, Cello"
Edgardo Donato,Edgardo Donato y sus Muchachos,11/24/1930,Fascinación,,Tango,Instrumental,Brunswick,,,78rpm,C. Bossola,,,30-33 Sus Muchachos,Osvaldo Donato,José Campesi,"Juan Turturiello, Vicente Vilardi, Miguel Bonano","Edgardo Donato, Armando Piovani, Pascual Martínez, Ascanio Donato (cello)","Piano, Bass, 3 Bandoneons, 3 Violins, Cello"
Edgardo Donato,Edgardo Donato y sus Muchachos,11/24/1930,Noche Trágica,,Tango,Luis Díaz,Brunswick,,,78rpm,"Alberto Huergo, Sergio Sosa","Alberto Huergo, Sergio Sosa",,30-33 Sus Muchachos,Osvaldo Donato,José Campesi,"Juan Turturiello, Vicente Vilardi, Miguel Bonano","Edgardo Donato, Armando Piovani, Pascual Martínez, Ascanio Donato (cello)","Piano, Bass, 3 Bandoneons, 3 Violins, Cello"
Edgardo Donato,Edgardo Donato y sus Muchachos,11/27/1930,Rosas Blancas,,Tango,Luis Díaz,Brunswick,,,78rpm,Enrique Canosa,Juan Rivarola,,30-33 Sus Muchachos,Osvaldo Donato,José Campesi,"Juan Turturiello, Vicente Vilardi, Miguel Bonano","Edgardo Donato, Armando Piovani, Pascual Martínez, Ascanio Donato (cello)","Piano, Bass, 3 Bandoneons, 3 Violins, Cello"
Edgardo Donato,Edgardo Donato y sus Muchachos,11/28/1930,La Que No Volvié,,Tango,Luis Díaz,Brunswick,,,78rpm,,,,30-33 Sus Muchachos,Osvaldo Donato,José Campesi,"Juan Turturiello, Vicente Vilardi, Miguel Bonano","Edgardo Donato, Armando Piovani, Pascual Martínez, Ascanio Donato (cello)","Piano, Bass, 3 Bandoneons, 3 Violins, Cello"
Edgardo Donato,Edgardo Donato y sus Muchachos,12/3/1930,La Pena De Un Desencanto,,Vals,Instrumental,Brunswick,,,78rpm,Juan Sarcione,,,30-33 Sus Muchachos,Osvaldo Donato,José Campesi,"Juan Turturiello, Vicente Vilardi, Miguel Bonano","Edgardo Donato, Armando Piovani, Pascual Martínez, Ascanio Donato (cello)","Piano, Bass, 3 Bandoneons, 3 Violins, Cello"
Edgardo Donato,Edgardo Donato y sus Muchachos,12/3/1930,La Paisanita,,Tango,Luis Díaz,Brunswick,,,78rpm,Domingo Pelle,Francisco Brancatti,,30-33 Sus Muchachos,Osvaldo Donato,José Campesi,"Juan Turturiello, Vicente Vilardi, Miguel Bonano","Edgardo Donato, Armando Piovani, Pascual Martínez, Ascanio Donato (cello)","Piano, Bass, 3 Bandoneons, 3 Violins, Cello"
Edgardo Donato,Edgardo Donato y sus Muchachos,12/9/1930,Ni Te Perdono Ni Te Olvido,,Tango,Luis Díaz,Brunswick,,,78rpm,Edgardo Donato,Edgardo Donato,,30-33 Sus Muchachos,Osvaldo Donato,José Campesi,"Juan Turturiello, Vicente Vilardi, Miguel Bonano","Edgardo Donato, Armando Piovani, Pascual Martínez, Ascanio Donato (cello)","Piano, Bass, 3 Bandoneons, 3 Violins, Cello"
Edgardo Donato,Edgardo Donato y sus Muchachos,12/10/1930,Madrecita,,Tango,Luis Díaz,Brunswick,,,78rpm,Genaro Gatto,Julio Cantuarias,,30-33 Sus Muchachos,Osvaldo Donato,José Campesi,"Juan Turturiello, Vicente Vilardi, Miguel Bonano","Edgardo Donato, Armando Piovani, Pascual Martínez, Ascanio Donato (cello)","Piano, Bass, 3 Bandoneons, 3 Violins, Cello"
Edgardo Donato,Edgardo Donato y sus Muchachos,12/13/1930,Lo Que Yo Quiero,,Tango,Instrumental,Brunswick,1494,1057-A,78rpm,"Edgardo Donato, J. Turturielo",Jose Turturiello,,30-33 Sus Muchachos,Osvaldo Donato,José Campesi,"Juan Turturiello, Vicente Vilardi, Miguel Bonano","Edgardo Donato, Armando Piovani, Pascual Martínez, Ascanio Donato (cello)","Piano, Bass, 3 Bandoneons, 3 Violins, Cello"
Edgardo Donato,Edgardo Donato y sus Muchachos,12/13/1930,Quejas De Acordeon,,Ranchera,Luis Diaz,Brunswick,1496,1057-B,78rpm,Ricardo Aieta,Jesús Blanco,,30-33 Sus Muchachos,Osvaldo Donato,José Campesi,"Juan Turturiello, Vicente Vilardi, Miguel Bonano","Edgardo Donato, Armando Piovani, Pascual Martínez, Ascanio Donato (cello)","Piano, Bass, 3 Bandoneons, 3 Violins, Cello"
Edgardo Donato,Edgardo Donato y sus Muchachos,1/10/1931,Mi-ki,,Vals,Luis Diaz,Brunswick,1549,1060-A,78rpm,Carlos Dix,Carlos Dix,,30-33 Sus Muchachos,Osvaldo Donato,José Campesi,"Juan Turturiello, Vicente Vilardi, Miguel Bonano","Edgardo Donato, Armando Piovani, Pascual Martínez, Ascanio Donato (cello)","Piano, Bass, 3 Bandoneons, 3 Violins, Cello"
Edgardo Donato,Edgardo Donato y sus Muchachos,1/15/1931,Vagabundo,,Tango,Dice: Agustin Magaldi,Brunswick,1581,1058-A,78rpm,"Agustín Magaldi, Pedro Noda",Emilio Magaldi,,30-33 Sus Muchachos,Osvaldo Donato,José Campesi,"Juan Turturiello, Vicente Vilardi, Miguel Bonano","Edgardo Donato, Armando Piovani, Pascual Martínez, Ascanio Donato (cello)","Piano, Bass, 3 Bandoneons, 3 Violins, Cello"
Edgardo Donato,Edgardo Donato y sus Muchachos,2/2/1931,Amargura,El Floridense,Vals,Luis Diaz,Brunswick,1624,1064-A,78rpm,"A. Chianni, Hernando Scapparone, Lipschips","A. Chianni, Hernando Scapparone, Lipschips",,30-33 Sus Muchachos,Osvaldo Donato,José Campesi,"Juan Turturiello, Vicente Vilardi, Miguel Bonano","Edgardo Donato, Armando Piovani, Pascual Martínez, Ascanio Donato (cello)","Piano, Bass, 3 Bandoneons, 3 Violins, Cello"
Edgardo Donato,Edgardo Donato y sus Muchachos,2/2/1931,"Felicitame, Hermano",,Tango,Luis Diaz,Brunswick,1622,1065-A,78rpm,"Edgardo Donato, Osavldo Donato",Héctor Gagliardi,,30-33 Sus Muchachos,Osvaldo Donato,José Campesi,"Juan Turturiello, Vicente Vilardi, Miguel Bonano","Edgardo Donato, Armando Piovani, Pascual Martínez, Ascanio Donato (cello)","Piano, Bass, 3 Bandoneons, 3 Violins, Cello"
Edgardo Donato,Edgardo Donato y sus Muchachos,2/11/1931,A Garufiar,,Tango,Luis Diaz,Brunswick,1676,1065-B,78rpm,Adolfo Talleda,N. Candeloro,,30-33 Sus Muchachos,Osvaldo Donato,José Campesi,"Juan Turturiello, Vicente Vilardi, Miguel Bonano","Edgardo Donato, Armando Piovani, Pascual Martínez, Ascanio Donato (cello)","Piano, Bass, 3 Bandoneons, 3 Violins, Cello"
Edgardo Donato,Edgardo Donato y sus Muchachos,2/11/1931,Lunes Trece,,Tango,Luis Díaz,Brunswick,,,78rpm,José Padula,Francisco García Jiménez,,30-33 Sus Muchachos,Osvaldo Donato,José Campesi,"Juan Turturiello, Vicente Vilardi, Miguel Bonano","Edgardo Donato, Armando Piovani, Pascual Martínez, Ascanio Donato (cello)","Piano, Bass, 3 Bandoneons, 3 Violins, Cello"
Edgardo Donato,Edgardo Donato y sus Muchachos,2/18/1931,Hollin,,Tango,Luis Diaz,Brunswick,1691,1061-A,78rpm,José Rizzuti,Amadeo Canale,,30-33 Sus Muchachos,Osvaldo Donato,José Campesi,"Juan Turturiello, Vicente Vilardi, Miguel Bonano","Edgardo Donato, Armando Piovani, Pascual Martínez, Ascanio Donato (cello)","Piano, Bass, 3 Bandoneons, 3 Violins, Cello"
Edgardo Donato,Edgardo Donato y sus Muchachos,2/24/1931,Dulce Amiga,,Tango,A. Rodriguez Lesende,Brunswick,1708,1063-B,78rpm,J. Criollo,Juan Sarcione,,30-33 Sus Muchachos,Osvaldo Donato,José Campesi,"Juan Turturiello, Vicente Vilardi, Miguel Bonano","Edgardo Donato, Armando Piovani, Pascual Martínez, Ascanio Donato (cello)","Piano, Bass, 3 Bandoneons, 3 Violins, Cello"
Edgardo Donato,Edgardo Donato y sus Muchachos,2/26/1931,Mano Brava,,Tango,Instrumental,Brunswick,1743,1068-A,78rpm,"L. Lofiego, N. Yubone","L. Lofiego, N. Yubone",,30-33 Sus Muchachos,Osvaldo Donato,José Campesi,"Juan Turturiello, Vicente Vilardi, Miguel Bonano","Edgardo Donato, Armando Piovani, Pascual Martínez, Ascanio Donato (cello)","Piano, Bass, 3 Bandoneons, 3 Violins, Cello"
Edgardo Donato,Edgardo Donato y sus Muchachos,3/20/1931,Amor Criollo,,Vals,Instrumental,Brunswick,1693,1062-A,78rpm,Pascual Martínez,,,30-33 Sus Muchachos,Osvaldo Donato,José Campesi,"Juan Turturiello, Vicente Vilardi, Miguel Bonano","Edgardo Donato, Armando Piovani, Pascual Martínez, Ascanio Donato (cello)","Piano, Bass, 3 Bandoneons, 3 Violins, Cello"
Edgardo Donato,Edgardo Donato y sus Muchachos,3/20/1931,Aventurera,,Tango,Instrumental,Brunswick,1681,1062-B,78rpm,H. Zitelli,,,30-33 Sus Muchachos,Osvaldo Donato,José Campesi,"Juan Turturiello, Vicente Vilardi, Miguel Bonano","Edgardo Donato, Armando Piovani, Pascual Martínez, Ascanio Donato (cello)","Piano, Bass, 3 Bandoneons, 3 Violins, Cello"
Edgardo Donato,Edgardo Donato y sus Muchachos,4/14/1931,El Viejo Cuco,,Tango,Carlos Vivan,Brunswick,1773,1067-B,78rpm,Juan Grillo,Juan Grillo,,30-33 Sus Muchachos,Osvaldo Donato,José Campesi,"Juan Turturiello, Vicente Vilardi, Miguel Bonano","Edgardo Donato, Armando Piovani, Pascual Martínez, Ascanio Donato (cello)","Piano, Bass, 3 Bandoneons, 3 Violins, Cello"
Edgardo Donato,Edgardo Donato y sus Muchachos,5/13/1931,La Tapera,,Vals,Carlos Vivan,Brunswick,1847,1066-B,78rpm,Osvaldo Donato,Sergio Sosa,,30-33 Sus Muchachos,Osvaldo Donato,José Campesi,"Juan Turturiello, Vicente Vilardi, Miguel Bonano","Edgardo Donato, Armando Piovani, Pascual Martínez, Ascanio Donato (cello)","Piano, Bass, 3 Bandoneons, 3 Violins, Cello"
Edgardo Donato,Edgardo Donato y sus Muchachos,5/13/1931,Viejo Belgrano,,Tango,Carlos Vivan,Brunswick,1846,1066-A,78rpm,José Pérez Roselli,José Pérez Roselli,,30-33 Sus Muchachos,Osvaldo Donato,José Campesi,"Juan Turturiello, Vicente Vilardi, Miguel Bonano","Edgardo Donato, Armando Piovani, Pascual Martínez, Ascanio Donato (cello)","Piano, Bass, 3 Bandoneons, 3 Violins, Cello"
Edgardo Donato,Edgardo Donato y sus Muchachos,5/20/1931,Tus Horas Negras,,Vals,Instrumental,Brunswick,1861,1067-A,78rpm,J. Castaño,M. Leo,,30-33 Sus Muchachos,Osvaldo Donato,José Campesi,"Juan Turturiello, Vicente Vilardi, Miguel Bonano","Edgardo Donato, Armando Piovani, Pascual Martínez, Ascanio Donato (cello)","Piano, Bass, 3 Bandoneons, 3 Violins, Cello"
Edgardo Donato,Edgardo Donato y sus Muchachos,6/3/1931,Cuarenta Entradas,,Tango,Teofilo Ibañez,Brunswick,1910,1070-B,78rpm,José López,Ares Olivari,,30-33 Sus Muchachos,Osvaldo Donato,José Campesi,"Juan Turturiello, Vicente Vilardi, Miguel Bonano","Edgardo Donato, Armando Piovani, Pascual Martínez, Ascanio Donato (cello)","Piano, Bass, 3 Bandoneons, 3 Violins, Cello"
Edgardo Donato,Edgardo Donato y sus Muchachos,6/3/1931,La Linda Pebeta,,Tango,Carlos Vivan,Brunswick,1902,1070-A,78rpm,Benito Atella,Benito Atella,,30-33 Sus Muchachos,Osvaldo Donato,José Campesi,"Juan Turturiello, Vicente Vilardi, Miguel Bonano","Edgardo Donato, Armando Piovani, Pascual Martínez, Ascanio Donato (cello)","Piano, Bass, 3 Bandoneons, 3 Violins, Cello"
Edgardo Donato,Edgardo Donato y sus Muchachos,6/3/1931,Mama,,Tango,Carlos Vivan,Brunswick,1898,1069-A,78rpm,Edgardo Donato,Celedonio Flores,,30-33 Sus Muchachos,Osvaldo Donato,José Campesi,"Juan Turturiello, Vicente Vilardi, Miguel Bonano","Edgardo Donato, Armando Piovani, Pascual Martínez, Ascanio Donato (cello)","Piano, Bass, 3 Bandoneons, 3 Violins, Cello"
Edgardo Donato,Edgardo Donato y sus Muchachos,7/8/1931,Pegó La Vuelta El Gaucho,,Vals,Teófilo Ibáñez,Brunswick,,,78rpm,Edgardo Donato,Alfredo Bigeschi,,30-33 Sus Muchachos,Osvaldo Donato,José Campesi,"Juan Turturiello, Vicente Vilardi, Miguel Bonano","Edgardo Donato, Armando Piovani, Pascual Martínez, Ascanio Donato (cello)","Piano, Bass, 3 Bandoneons, 3 Violins, Cello"
Edgardo Donato,Edgardo Donato y sus Muchachos,7/8/1931,Vision De Arrabal,,Tango,Teofilo Ibañez,Brunswick,1943,1071-A,78rpm,Luis Addesso,César Garrigós,,30-33 Sus Muchachos,Osvaldo Donato,José Campesi,"Juan Turturiello, Vicente Vilardi, Miguel Bonano","Edgardo Donato, Armando Piovani, Pascual Martínez, Ascanio Donato (cello)","Piano, Bass, 3 Bandoneons, 3 Violins, Cello"
Edgardo Donato,Edgardo Donato y sus Muchachos,7/16/1931,No Vuelvas Mas,,Tango,Instrumental,Brunswick,1965,1074-B,78rpm,Alfredo Palazzo,Alfredo Palazzo,,30-33 Sus Muchachos,Osvaldo Donato,José Campesi,"Juan Turturiello, Vicente Vilardi, Miguel Bonano","Edgardo Donato, Armando Piovani, Pascual Martínez, Ascanio Donato (cello)","Piano, Bass, 3 Bandoneons, 3 Violins, Cello"
Edgardo Donato,Edgardo Donato y sus Muchachos,8/13/1931,Lagrimas,,Vals,Teofilo Ibañez,Brunswick,2025,1073-B,78rpm,"Vicente Vilardi, J. Pastene",Juan De La Calle,,30-33 Sus Muchachos,Osvaldo Donato,José Campesi,"Juan Turturiello, Vicente Vilardi, Miguel Bonano","Edgardo Donato, Armando Piovani, Pascual Martínez, Ascanio Donato (cello)","Piano, Bass, 3 Bandoneons, 3 Violins, Cello"
Edgardo Donato,Edgardo Donato y sus Muchachos,8/26/1931,Maldita,,Tango,Teofilo Ibañez,Brunswick,2049,1073-A,78rpm,Antonio Rodio,Celedonio Flores,,30-33 Sus Muchachos,Osvaldo Donato,José Campesi,"Juan Turturiello, Vicente Vilardi, Miguel Bonano","Edgardo Donato, Armando Piovani, Pascual Martínez, Ascanio Donato (cello)","Piano, Bass, 3 Bandoneons, 3 Violins, Cello"
Edgardo Donato,Edgardo Donato y sus Muchachos,10/14/1931,Esquinita,,Tango,Instrumental,Brunswick,2127,1075-A,78rpm,Edgardo Donato,Edmundo Bianchi,,30-33 Sus Muchachos,Osvaldo Donato,José Campesi,"Juan Turturiello, Vicente Vilardi, Miguel Bonano","Edgardo Donato, Armando Piovani, Pascual Martínez, Ascanio Donato (cello)","Piano, Bass, 3 Bandoneons, 3 Violins, Cello"
Edgardo Donato,Edgardo Donato y sus Muchachos,10/27/1931,Bullicio Del Corso,,Tango,Teofilo Ibañez,Brunswick,2165,1077-A,78rpm,"Carmelo Imperio, Juan Martínez",Eliseo Guillón,,30-33 Sus Muchachos,Osvaldo Donato,José Campesi,"Juan Turturiello, Vicente Vilardi, Miguel Bonano","Edgardo Donato, Armando Piovani, Pascual Martínez, Ascanio Donato (cello)","Piano, Bass, 3 Bandoneons, 3 Violins, Cello"
Edgardo Donato,Edgardo Donato y sus Muchachos,10/27/1931,Los Piratas,,Tango,Teofilo Ibañez,Brunswick,2174,1078-A,78rpm,Juan Bazán,Juan Bazán,,30-33 Sus Muchachos,Osvaldo Donato,José Campesi,"Juan Turturiello, Vicente Vilardi, Miguel Bonano","Edgardo Donato, Armando Piovani, Pascual Martínez, Ascanio Donato (cello)","Piano, Bass, 3 Bandoneons, 3 Violins, Cello"
Edgardo Donato,Edgardo Donato y sus Muchachos,11/21/1931,Volve!,,Tango,Mercedes Carne,Brunswick,2262,1079-A,78rpm,Edgardo Donato,Luis Bayón Herrera,,30-33 Sus Muchachos,Osvaldo Donato,José Campesi,"Juan Turturiello, Vicente Vilardi, Miguel Bonano","Edgardo Donato, Armando Piovani, Pascual Martínez, Ascanio Donato (cello)","Piano, Bass, 3 Bandoneons, 3 Violins, Cello"
Edgardo Donato,Edgardo Donato y sus Muchachos,11/23/1931,Milonga Querida,,Tango,Teofilo Ibañez,Brunswick,2278,1080-A,78rpm,Eduardo Pereyra,Eduardo Pereyra,,30-33 Sus Muchachos,Osvaldo Donato,José Campesi,"Juan Turturiello, Vicente Vilardi, Miguel Bonano","Edgardo Donato, Armando Piovani, Pascual Martínez, Ascanio Donato (cello)","Piano, Bass, 3 Bandoneons, 3 Violins, Cello"
Edgardo Donato,Edgardo Donato y sus Muchachos,12/5/1931,Se Fue La Pobre Viejita,,Tango,Instrumental,Brunswick,2292,1081-A,78rpm,"Agustín Magaldi, Pedro Noda",Enrique Cadícamo,,30-33 Sus Muchachos,Osvaldo Donato,José Campesi,"Juan Turturiello, Vicente Vilardi, Miguel Bonano","Edgardo Donato, Armando Piovani, Pascual Martínez, Ascanio Donato (cello)","Piano, Bass, 3 Bandoneons, 3 Violins, Cello"
Edgardo Donato,Edgardo Donato y sus Muchachos,12/5/1931,Yo Tan Sólo Veinte Años Tenía,Yo Tan Sólo 20 Años Tenía,Vals,Instrumental,Brunswick,,,78rpm,Julio Sanders,Enrique Cadícamo,,30-33 Sus Muchachos,Osvaldo Donato,José Campesi,"Juan Turturiello, Vicente Vilardi, Miguel Bonano","Edgardo Donato, Armando Piovani, Pascual Martínez, Ascanio Donato (cello)","Piano, Bass, 3 Bandoneons, 3 Violins, Cello"
Edgardo Donato,Edgardo Donato y sus Muchachos,12/24/1931,Sin Un Adios,,Tango,Teofilo Ibañez,Brunswick,2358,1083-A,78rpm,J. Navarrete,Francisco Lio,,30-33 Sus Muchachos,Osvaldo Donato,José Campesi,"Juan Turturiello, Vicente Vilardi, Miguel Bonano","Edgardo Donato, Armando Piovani, Pascual Martínez, Ascanio Donato (cello)","Piano, Bass, 3 Bandoneons, 3 Violins, Cello"
Edgardo Donato,Edgardo Donato y sus Muchachos,1/7/1932,Mil Novecientos,1900,Tango,Teofilo Ibañez,Brunswick,2420,1082-A,78rpm,Edgardo Donato,Luis Amadori,,30-33 Sus Muchachos,Osvaldo Donato,José Campesi,"Juan Turturiello, Vicente Vilardi, Miguel Bonano","Edgardo Donato, Armando Piovani, Pascual Martínez, Ascanio Donato (cello)","Piano, Bass, 3 Bandoneons, 3 Violins, Cello"
Edgardo Donato,Edgardo Donato y sus Muchachos,1/17/1932,Mariposita Inquieta,,Vals,Teófilo Ibáñez,Brunswick,,,78rpm,A. Casas,Ismael Ricardo,,30-33 Sus Muchachos,Osvaldo Donato,José Campesi,"Juan Turturiello, Vicente Vilardi, Miguel Bonano","Edgardo Donato, Armando Piovani, Pascual Martínez, Ascanio Donato (cello)","Piano, Bass, 3 Bandoneons, 3 Violins, Cello"
Edgardo Donato,Edgardo Donato y sus Muchachos,2/19/1932,Sin Cariño,,Tango,Instrumental,Brunswick,2453,1084-A,78rpm,Francisco Cosco,,,30-33 Sus Muchachos,Osvaldo Donato,José Campesi,"Juan Turturiello, Vicente Vilardi, Miguel Bonano","Edgardo Donato, Armando Piovani, Pascual Martínez, Ascanio Donato (cello)","Piano, Bass, 3 Bandoneons, 3 Violins, Cello"
Edgardo Donato,Edgardo Donato y sus Muchachos,2/20/1932,La Vuelta Del Malevo,,Tango,Teofilo Ibañez,Brunswick,2460,1085-A,78rpm,Felipe Navas,Felipe Navas,,30-33 Sus Muchachos,Osvaldo Donato,José Campesi,"Juan Turturiello, Vicente Vilardi, Miguel Bonano","Edgardo Donato, Armando Piovani, Pascual Martínez, Ascanio Donato (cello)","Piano, Bass, 3 Bandoneons, 3 Violins, Cello"
Edgardo Donato,Edgardo Donato y sus Muchachos,3/4/1932,Pobre Yo,,Tango,Teofilo Ibañez,Brunswick,2490,1086-A,78rpm,César Petrone,César Petrone,,30-33 Sus Muchachos,Osvaldo Donato,José Campesi,"Juan Turturiello, Vicente Vilardi, Miguel Bonano","Edgardo Donato, Armando Piovani, Pascual Martínez, Ascanio Donato (cello)","Piano, Bass, 3 Bandoneons, 3 Violins, Cello"
Edgardo Donato,Edgardo Donato y sus Muchachos,3/4/1932,La Muerte De Milonguita,,Tango,Teofilo Ibañez,Brunswick,,1087-A,78rpm,Francisco Canaro,Héctor Bonatti,,30-33 Sus Muchachos,Osvaldo Donato,José Campesi,"Juan Turturiello, Vicente Vilardi, Miguel Bonano","Edgardo Donato, Armando Piovani, Pascual Martínez, Ascanio Donato (cello)","Piano, Bass, 3 Bandoneons, 3 Violins, Cello"
Edgardo Donato,Edgardo Donato y sus Muchachos,3/18/1932,Tardes Porteñas,,Tango,Luis Diaz,Brunswick,2524,1089-A,78rpm,Miguel Bonano,Alfredo Bigeschi,,30-33 Sus Muchachos,Osvaldo Donato,José Campesi,"Juan Turturiello, Vicente Vilardi, Miguel Bonano","Edgardo Donato, Armando Piovani, Pascual Martínez, Ascanio Donato (cello)","Piano, Bass, 3 Bandoneons, 3 Violins, Cello"
Edgardo Donato,Edgardo Donato y sus Muchachos,3/30/1932,Evocacion,,Tango,Instrumental,Brunswick,2546,1088-A,78rpm,Osvaldo Donato,,,30-33 Sus Muchachos,Osvaldo Donato,José Campesi,"Juan Turturiello, Vicente Vilardi, Miguel Bonano","Edgardo Donato, Armando Piovani, Pascual Martínez, Ascanio Donato (cello)","Piano, Bass, 3 Bandoneons, 3 Violins, Cello"
Edgardo Donato,Edgardo Donato y sus Muchachos,4/9/1932,Cenizas De Amor,,Vals,Luis Diaz,Brunswick,2664,1091-B,78rpm,"P. Vivone, T. Requena","P. Vivone, T. Requena",,30-33 Sus Muchachos,Osvaldo Donato,José Campesi,"Juan Turturiello, Vicente Vilardi, Miguel Bonano","Edgardo Donato, Armando Piovani, Pascual Martínez, Ascanio Donato (cello)","Piano, Bass, 3 Bandoneons, 3 Violins, Cello"
Edgardo Donato,Edgardo Donato y sus Muchachos,4/9/1932,"Perdonalo, Señor",,Tango,Instrumental,Brunswick,2608,1090-A,78rpm,J. Ruíz,,,30-33 Sus Muchachos,Osvaldo Donato,José Campesi,"Juan Turturiello, Vicente Vilardi, Miguel Bonano","Edgardo Donato, Armando Piovani, Pascual Martínez, Ascanio Donato (cello)","Piano, Bass, 3 Bandoneons, 3 Violins, Cello"
Edgardo Donato,Edgardo Donato y sus Muchachos,4/9/1932,Por Que Sos Asi ?,,Tango,Instrumental,Brunswick,2603,1091-A,78rpm,Edgardo Donato,Alfredo Bigeschi,,30-33 Sus Muchachos,Osvaldo Donato,José Campesi,"Juan Turturiello, Vicente Vilardi, Miguel Bonano","Edgardo Donato, Armando Piovani, Pascual Martínez, Ascanio Donato (cello)","Piano, Bass, 3 Bandoneons, 3 Violins, Cello"
Edgardo Donato,Edgardo Donato y sus Muchachos,4/9/1932,En Mi Jardin,,Vals,Luis Diaz,Brunswick,2573,1089-B,78rpm,Juan Maglio,Alfredo Bigeschi,,30-33 Sus Muchachos,Osvaldo Donato,José Campesi,"Juan Turturiello, Vicente Vilardi, Miguel Bonano","Edgardo Donato, Armando Piovani, Pascual Martínez, Ascanio Donato (cello)","Piano, Bass, 3 Bandoneons, 3 Violins, Cello"
Edgardo Donato,Edgardo Donato y sus Muchachos,4/9/1932,Perdoénalo Señor,,Tango,Instrumental,Brunswick,,,78rpm,,,,30-33 Sus Muchachos,Osvaldo Donato,José Campesi,"Juan Turturiello, Vicente Vilardi, Miguel Bonano","Edgardo Donato, Armando Piovani, Pascual Martínez, Ascanio Donato (cello)","Piano, Bass, 3 Bandoneons, 3 Violins, Cello"
Edgardo Donato,Edgardo Donato y sus Muchachos,9/14/1932,Taco Largo,,Tango,Teófilo Ibáñez,Brunswick,,,78rpm,Rafael Bulfy,Nicolás Trimani,,30-33 Sus Muchachos,Osvaldo Donato,José Campesi,"Juan Turturiello, Vicente Vilardi, Miguel Bonano","Edgardo Donato, Armando Piovani, Pascual Martínez, Ascanio Donato (cello)","Piano, Bass, 3 Bandoneons, 3 Violins, Cello"
Edgardo Donato,Edgardo Donato y sus Muchachos,12/9/1932,El Huracán,,Tango,Félix Gutiérrez,Víctor,BAVE-66980,37326-A,78rpm,"Osvaldo Donato, Edgardo Donato",Manuel López,,30-33 Sus Muchachos,Osvaldo Donato,José Campesi,"Juan Turturiello, Vicente Vilardi, Miguel Bonano","Edgardo Donato, Domingo Milillo, Armando Piovani, José Pollicita, Ascanio Donato (cello)","Piano, Bass, 3 Bandoneons, 4 Violins, Cello"
Edgardo Donato,Edgardo Donato y sus Muchachos,12/9/1932,Adónde Vas Tan Regalón,,Ranchera,Félix Gutiérrez,Brunswick,BAVE-66981,37326-B,78rpm,"Edgardo, Osvaldo Donato",Nolo Lopez,,30-33 Sus Muchachos,Osvaldo Donato,José Campesi,"Juan Turturiello, Vicente Vilardi, Miguel Bonano","Edgardo Donato, Armando Piovani, Pascual Martínez, Ascanio Donato (cello)","Piano, Bass, 3 Bandoneons, 3 Violins, Cello"
Edgardo Donato,Edgardo Donato y sus Muchachos,12/9/1932,El Huracán,,Tango,Félix Gutiérrez,Brunswick,66980-2,39139-A,78rpm,"Edgardo Donato, Osvaldo Donato",Nolo López,,30-33 Sus Muchachos,Osvaldo Donato,José Campesi,"Juan Turturiello, Vicente Vilardi, Miguel Bonano","Edgardo Donato, Armando Piovani, Pascual Martínez, Ascanio Donato (cello)","Piano, Bass, 3 Bandoneons, 3 Violins, Cello"
Edgardo Donato,Edgardo Donato y sus Muchachos,6/21/1933,Pobre Soñador,,Tango,Félix Gutiérrez,Víctor,74221,37438-B,78rpm,Edgardo Donato,Julio Romero,,30-33 Sus Muchachos,Osvaldo Donato,José Campesi,"Juan Turturiello, Vicente Vilardi, Miguel Bonano","Edgardo Donato, Domingo Milillo, Armando Piovani, José Pollicita, Ascanio Donato (cello)","Piano, Bass, 3 Bandoneons, 4 Violins, Cello"
Edgardo Donato,Edgardo Donato y sus Muchachos,6/21/1933,La Llorona,,Ranchera,Félix Gutiérrez,Brunswick,74220,37438-A,78rpm,Edgardo Donato,Julio Romero,,30-33 Sus Muchachos,Osvaldo Donato,José Campesi,"Juan Turturiello, Vicente Vilardi, Miguel Bonano","Edgardo Donato, Armando Piovani, Pascual Martínez, Ascanio Donato (cello)","Piano, Bass, 3 Bandoneons, 3 Violins, Cello"
Edgardo Donato,Edgardo Donato y sus Muchachos,7/13/1933,La Novena,,Tango,Félix Gutiérrez,Víctor,BAVE-74238,37448-A,78rpm,Miguel Bonano,Alfredo Bigeschi,,30-33 Sus Muchachos,Osvaldo Donato,José Campesi,"Juan Turturiello, Vicente Vilardi, Miguel Bonano","Edgardo Donato, Domingo Milillo, Armando Piovani, José Pollicita, Ascanio Donato (cello)","Piano, Bass, 3 Bandoneons, 4 Violins, Cello"
Edgardo Donato,Edgardo Donato y sus Muchachos,7/13/1933,Veneración,,Vals,Instrumental,Víctor,BAVE-74239,37448-B,78rpm,Edgardo Donato,Adolfo Vedani,,30-33 Sus Muchachos,Osvaldo Donato,José Campesi,"Juan Turturiello, Vicente Vilardi, Miguel Bonano","Edgardo Donato, Domingo Milillo, Armando Piovani, José Pollicita, Ascanio Donato (cello)","Piano, Bass, 3 Bandoneons, 4 Violins, Cello"
Edgardo Donato,Edgardo Donato y sus Muchachos,9/11/1933,El Acomodo,,Tango,Instrumental,Víctor,BAVE-74313,37477-B,78rpm,Edgardo Donato,,,30-33 Sus Muchachos,Osvaldo Donato,José Campesi,"Juan Turturiello, Vicente Vilardi, Miguel Bonano","Edgardo Donato, Domingo Milillo, Armando Piovani, José Pollicita, Ascanio Donato (cello)","Piano, Bass, 3 Bandoneons, 4 Violins, Cello"
Edgardo Donato,Edgardo Donato y sus Muchachos,9/11/1933,Triste Y Sin Alpiste,,Ranchera,Félix Gutiérrez,Brunswick,BAVE-74312,37477-A,78rpm,Edgardo Donato,"Hugo Zamora, Edgardo Donato",,30-33 Sus Muchachos,Osvaldo Donato,José Campesi,"Juan Turturiello, Vicente Vilardi, Miguel Bonano","Edgardo Donato, Armando Piovani, Pascual Martínez, Ascanio Donato (cello)","Piano, Bass, 3 Bandoneons, 3 Violins, Cello"
Edgardo Donato,Edgardo Donato y sus Muchachos,10/31/1933,Santa Milonguita,,Tango,Félix Gutiérrez,Víctor,BAVE-74355,37506-B,78rpm,Enrique Delfino,Enrique Cadícamo,,30-33 Sus Muchachos,Osvaldo Donato,José Campesi,"Juan Turturiello, Vicente Vilardi, Miguel Bonano","Edgardo Donato, Domingo Milillo, Armando Piovani, José Pollicita, Ascanio Donato (cello)","Piano, Bass, 3 Bandoneons, 4 Violins, Cello"
Edgardo Donato,Edgardo Donato y sus Muchachos,10/31/1933,Mi Porteñita Grácil,,Paso Doble,Félix Gutiérrez,Brunswick,BAVE-74354,37506-A,78rpm,Edgardo Donato,Juan Abad Reyes,,30-33 Sus Muchachos,Osvaldo Donato,José Campesi,"Juan Turturiello, Vicente Vilardi, Miguel Bonano","Edgardo Donato, Armando Piovani, Pascual Martínez, Ascanio Donato (cello)","Piano, Bass, 3 Bandoneons, 3 Violins, Cello"
Edgardo Donato,Edgardo Donato y sus Muchachos,11/29/1933,Penas,,Vals,Félix Gutiérrez,Víctor,BAVE-74376,37524-A,78rpm,Edgardo Donato,Máximo Orsi,,30-33 Sus Muchachos,Osvaldo Donato,José Campesi,"Juan Turturiello, Vicente Vilardi, Miguel Bonano","Edgardo Donato, Domingo Milillo, Armando Piovani, José Pollicita, Ascanio Donato (cello)","Piano, Bass, 3 Bandoneons, 4 Violins, Cello"
Edgardo Donato,Edgardo Donato y sus Muchachos,11/29/1933,"Qué Hacés, Qué Hacés",,Tango,Félix Gutiérrez,Víctor,BAVE-74377,37524-B,78rpm,José Clemente,Jesús Blanco,,30-33 Sus Muchachos,Osvaldo Donato,José Campesi,"Juan Turturiello, Vicente Vilardi, Miguel Bonano","Edgardo Donato, Domingo Milillo, Armando Piovani, José Pollicita, Ascanio Donato (cello)","Piano, Bass, 3 Bandoneons, 4 Violins, Cello"
Edgardo Donato,Edgardo Donato y sus Muchachos,1/9/1934,Ésto Es El Colmo,,Tango,Antonio Maida,Víctor,BAVE-74414,37535-A,78rpm,Vicente Vilardi,"Alberto Maraviglia, Leopoldo Amoroso",,34-42 Bertolin Accordian,Osvaldo Donato,José Campesi,"Juan Turturiello, Vicente Vilardi, Miguel Bonano, Osvaldo Bertolín (accordian)","Edgardo Donato, Domingo Milillo, Armando Piovani, José Pollicita, Ascanio Donato (cello)","Piano, Bass, 3 Bandoneons, 4 Violins, Accordian, Cello"
Edgardo Donato,Edgardo Donato y sus Muchachos,1/9/1934,Petronila Y Candelario,,Ranchera,Antonio Maida,Víctor,BAVE-74415,37535-B,78rpm,Edgardo Donato,Máximo Orsi,,34-42 Bertolin Accordian,Osvaldo Donato,José Campesi,"Juan Turturiello, Vicente Vilardi, Miguel Bonano, Osvaldo Bertolín (accordian)","Edgardo Donato, Domingo Milillo, Armando Piovani, José Pollicita, Ascanio Donato (cello)","Piano, Bass, 3 Bandoneons, 4 Violins, Accordian, Cello"
Edgardo Donato,Edgardo Donato y sus Muchachos,2/9/1934,Ruego,,Tango,Antonio Maida y Randona,Víctor,BAVE-74440,37552-A,78rpm,Ascañio Donato,Pascual Martínez,,34-42 Bertolin Accordian,Osvaldo Donato,José Campesi,"Juan Turturiello, Vicente Vilardi, Miguel Bonano, Osvaldo Bertolín (accordian)","Edgardo Donato, Domingo Milillo, Armando Piovani, José Pollicita, Ascanio Donato (cello)","Piano, Bass, 3 Bandoneons, 4 Violins, Accordian, Cello"
Edgardo Donato,Edgardo Donato y sus Muchachos,2/9/1934,Abombada,,Ranchera,Randona y coro,Víctor,BAVE-74441,37552-B,78rpm,Edgardo Donato,Maximo Orsi,,34-42 Bertolin Accordian,Osvaldo Donato,José Campesi,"Juan Turturiello, Vicente Vilardi, Miguel Bonano, Osvaldo Bertolín (accordian)","Edgardo Donato, Domingo Milillo, Armando Piovani, José Pollicita, Ascanio Donato (cello)","Piano, Bass, 3 Bandoneons, 4 Violins, Accordian, Cello"
Edgardo Donato,Edgardo Donato y sus Muchachos,3/12/1934,Risas,,Tango,Antonio Maida,Víctor,BAVE-74453,37562-A,78rpm,Edgardo Donato,Máximo Orsi,,34-42 Bertolin Accordian,Osvaldo Donato,José Campesi,"Juan Turturiello, Vicente Vilardi, Miguel Bonano, Osvaldo Bertolín (accordian)","Edgardo Donato, Domingo Milillo, Armando Piovani, José Pollicita, Ascanio Donato (cello)","Piano, Bass, 3 Bandoneons, 4 Violins, Accordian, Cello"
Edgardo Donato,Edgardo Donato y sus Muchachos,3/12/1934,Noche Sevillana,,Paso Doble,Antonio Maida,Víctor,BAVE-74452,37562-B,78rpm,Alfredo Marengo,José Zatzkin,,34-42 Bertolin Accordian,Osvaldo Donato,José Campesi,"Juan Turturiello, Vicente Vilardi, Miguel Bonano, Osvaldo Bertolín (accordian)","Edgardo Donato, Domingo Milillo, Armando Piovani, José Pollicita, Ascanio Donato (cello)","Piano, Bass, 3 Bandoneons, 4 Violins, Accordian, Cello"
Edgardo Donato,Edgardo Donato y sus Muchachos,4/25/1934,Seguí La Caravana,,Tango,Antonio Maida,Víctor,74487,37584-B,78rpm,Osvaldo Donato,Celedonio Flores,,34-42 Bertolin Accordian,Osvaldo Donato,José Campesi,"Juan Turturiello, Vicente Vilardi, Miguel Bonano, Osvaldo Bertolín (accordian)","Edgardo Donato, Domingo Milillo, Armando Piovani, José Pollicita, Ascanio Donato (cello)","Piano, Bass, 3 Bandoneons, 4 Violins, Accordian, Cello"
Edgardo Donato,Edgardo Donato y sus Muchachos,4/25/1934,Sandia Calada,,Ranchera,Antonio Maida,Víctor,74486,37584-A,78rpm,Enrique Rodriguez,Maximo Orsi,,34-42 Bertolin Accordian,Osvaldo Donato,José Campesi,"Juan Turturiello, Vicente Vilardi, Miguel Bonano, Osvaldo Bertolín (accordian)","Edgardo Donato, Domingo Milillo, Armando Piovani, José Pollicita, Ascanio Donato (cello)","Piano, Bass, 3 Bandoneons, 4 Violins, Accordian, Cello"
Edgardo Donato,Edgardo Donato y sus Muchachos,6/5/1934,Amores Viejos,,Tango,Antonio Maida,Víctor,BAVE-86517,37596-A,78rpm,Edgardo Donato,Mario Battistella,,34-42 Bertolin Accordian,Osvaldo Donato,José Campesi,"Juan Turturiello, Vicente Vilardi, Miguel Bonano, Osvaldo Bertolín (accordian)","Edgardo Donato, Domingo Milillo, Armando Piovani, José Pollicita, Ascanio Donato (cello)","Piano, Bass, 3 Bandoneons, 4 Violins, Accordian, Cello"
Edgardo Donato,Edgardo Donato y sus Muchachos,6/5/1934,Pa' Semejante Candil,,Ranchera,Antonio Maida,Víctor,BAVE-86518,37596-B,78rpm,Armando Piovani,Alfredo Bigeschi,,34-42 Bertolin Accordian,Osvaldo Donato,José Campesi,"Juan Turturiello, Vicente Vilardi, Miguel Bonano, Osvaldo Bertolín (accordian)","Edgardo Donato, Domingo Milillo, Armando Piovani, José Pollicita, Ascanio Donato (cello)","Piano, Bass, 3 Bandoneons, 4 Violins, Accordian, Cello"
Edgardo Donato,Edgardo Donato y sus Muchachos,6/28/1934,Berretín,,Tango,Antonio Maida,Víctor,BAVE-86542,37609-B,78rpm,Edgardo Donato,Máximo Orsi,,34-42 Bertolin Accordian,Osvaldo Donato,José Campesi,"Juan Turturiello, Vicente Vilardi, Miguel Bonano, Osvaldo Bertolín (accordian)","Edgardo Donato, Domingo Milillo, Armando Piovani, José Pollicita, Ascanio Donato (cello)","Piano, Bass, 3 Bandoneons, 4 Violins, Accordian, Cello"
Edgardo Donato,Edgardo Donato y sus Muchachos,6/28/1934,Riachuelo,,Tango,Antonio Maida y Randona,Víctor,BAVE-86539,37608-A,78rpm,Edgardo Donato,Máximo Orsi,,34-42 Bertolin Accordian,Osvaldo Donato,José Campesi,"Juan Turturiello, Vicente Vilardi, Miguel Bonano, Osvaldo Bertolín (accordian)","Edgardo Donato, Domingo Milillo, Armando Piovani, José Pollicita, Ascanio Donato (cello)","Piano, Bass, 3 Bandoneons, 4 Violins, Accordian, Cello"
Edgardo Donato,Edgardo Donato y sus Muchachos,6/28/1934,Y Llegó El Amor,,Vals,Antonio Maida,Víctor,BAVE-86541,37609-A,78rpm,Edgardo Donato,Máximo Orsi,,34-42 Bertolin Accordian,Osvaldo Donato,José Campesi,"Juan Turturiello, Vicente Vilardi, Miguel Bonano, Osvaldo Bertolín (accordian)","Edgardo Donato, Domingo Milillo, Armando Piovani, José Pollicita, Ascanio Donato (cello)","Piano, Bass, 3 Bandoneons, 4 Violins, Accordian, Cello"
Edgardo Donato,Edgardo Donato y sus Muchachos,6/28/1934,Ensalada Mixta,,Ranchera,Antonio Maida,Víctor,BAVE-86540,37608-B,78rpm,Edgardo Donato,Máximo Orsi,,34-42 Bertolin Accordian,Osvaldo Donato,José Campesi,"Juan Turturiello, Vicente Vilardi, Miguel Bonano, Osvaldo Bertolín (accordian)","Edgardo Donato, Domingo Milillo, Armando Piovani, José Pollicita, Ascanio Donato (cello)","Piano, Bass, 3 Bandoneons, 4 Violins, Accordian, Cello"
Edgardo Donato,Edgardo Donato y sus Muchachos,8/9/1934,Una Luz En Tus Ojos,,Vals,Antonio Maida y Randona,Víctor,BAVE-86569,37631-A,78rpm,Edgardo Donato,César Vedani,,34-42 Bertolin Accordian,Osvaldo Donato,José Campesi,"Juan Turturiello, Vicente Vilardi, Miguel Bonano, Osvaldo Bertolín (accordian)","Edgardo Donato, Domingo Milillo, Armando Piovani, José Pollicita, Ascanio Donato (cello)","Piano, Bass, 3 Bandoneons, 4 Violins, Accordian, Cello"
Edgardo Donato,Edgardo Donato y sus Muchachos,8/9/1934,Soldadito Del Amor,,Paso Doble,Antonio Maida,Víctor,BAVE-86570,37631-B,78rpm,Adolfo Carabelli,"Adolfo Carabelli, José Vigo",,34-42 Bertolin Accordian,Osvaldo Donato,José Campesi,"Juan Turturiello, Vicente Vilardi, Miguel Bonano, Osvaldo Bertolín (accordian)","Edgardo Donato, Domingo Milillo, Armando Piovani, José Pollicita, Ascanio Donato (cello)","Piano, Bass, 3 Bandoneons, 4 Violins, Accordian, Cello"
Edgardo Donato,Edgardo Donato y sus Muchachos,9/14/1934,Tierrita,,Tango,Instrumental,Víctor,BAVE-86652,37656-B,78rpm,"Agustín Bardi, Jesús Blanco",Juan Caruso,,34-42 Bertolin Accordian,Osvaldo Donato,José Campesi,"Juan Turturiello, Vicente Vilardi, Miguel Bonano, Osvaldo Bertolín (accordian)","Edgardo Donato, Domingo Milillo, Armando Piovani, José Pollicita, Ascanio Donato (cello)","Piano, Bass, 3 Bandoneons, 4 Violins, Accordian, Cello"
Edgardo Donato,Edgardo Donato y sus Muchachos,9/14/1934,Ladrona De Savilla,,Paso Doble,,Víctor,BAVE-86651,37656,78rpm,,,,34-42 Bertolin Accordian,Osvaldo Donato,José Campesi,"Juan Turturiello, Vicente Vilardi, Miguel Bonano, Osvaldo Bertolín (accordian)","Edgardo Donato, Domingo Milillo, Armando Piovani, José Pollicita, Ascanio Donato (cello)","Piano, Bass, 3 Bandoneons, 4 Violins, Accordian, Cello"
Edgardo Donato,Edgardo Donato y sus Muchachos,9/14/1934,Ladrona De Sevilla,,Paso Doble,Antonio Maida,Víctor,86651,37656-A,78rpm,Jose Traviglia,Alberto Hidalgo,,34-42 Bertolin Accordian,Osvaldo Donato,José Campesi,"Juan Turturiello, Vicente Vilardi, Miguel Bonano, Osvaldo Bertolín (accordian)","Edgardo Donato, Domingo Milillo, Armando Piovani, José Pollicita, Ascanio Donato (cello)","Piano, Bass, 3 Bandoneons, 4 Violins, Accordian, Cello"
Edgardo Donato,Edgardo Donato y sus Muchachos,10/5/1934,Corrales Viejos,,Milonga Tangueada,Antonio Maida,Víctor,BAVE-86671,37661-A,78rpm,Anselmo Aieta,"Francisco Laino, Antonio Radicci",,34-42 Bertolin Accordian,Osvaldo Donato,José Campesi,"Juan Turturiello, Vicente Vilardi, Miguel Bonano, Osvaldo Bertolín (accordian)","Edgardo Donato, Domingo Milillo, Armando Piovani, José Pollicita, Ascanio Donato (cello)","Piano, Bass, 3 Bandoneons, 4 Violins, Accordian, Cello"
Edgardo Donato,Edgardo Donato y sus Muchachos,10/5/1934,Miau,,Ranchera,Antonio Maida,Víctor,BAVE-86672,37661-B,78rpm,Edgardo Donato,Luis Rubistein,,34-42 Bertolin Accordian,Osvaldo Donato,José Campesi,"Juan Turturiello, Vicente Vilardi, Miguel Bonano, Osvaldo Bertolín (accordian)","Edgardo Donato, Domingo Milillo, Armando Piovani, José Pollicita, Ascanio Donato (cello)","Piano, Bass, 3 Bandoneons, 4 Violins, Accordian, Cello"
Edgardo Donato,Edgardo Donato y sus Muchachos,11/2/1934,"Quién Más, Quien Menos",,Tango,Antonio Maida y Randona,Víctor,BAVE-86687,37678-A,78rpm,Enrique Discépolo,Enrique Discépolo,,34-42 Bertolin Accordian,Osvaldo Donato,José Campesi,"Juan Turturiello, Vicente Vilardi, Miguel Bonano, Osvaldo Bertolín (accordian)","Edgardo Donato, Domingo Milillo, Armando Piovani, José Pollicita, Ascanio Donato (cello)","Piano, Bass, 3 Bandoneons, 4 Violins, Accordian, Cello"
Edgardo Donato,Edgardo Donato y sus Muchachos,11/2/1934,Rosiclor,,Vals Americano,Antonio Maida,Víctor,BAVE-86688,37678-B,78rpm,Alcides Ayala,Manuel Campos,,34-42 Bertolin Accordian,Osvaldo Donato,José Campesi,"Juan Turturiello, Vicente Vilardi, Miguel Bonano, Osvaldo Bertolín (accordian)","Edgardo Donato, Domingo Milillo, Armando Piovani, José Pollicita, Ascanio Donato (cello)","Piano, Bass, 3 Bandoneons, 4 Violins, Accordian, Cello"
Edgardo Donato,Edgardo Donato y sus Muchachos,12/19/1934,"Si Te Perdés, Chiflame",,Tango,Antonio Maida,Víctor,BAVE-86724,37701-B,78rpm,Osvaldo Donato,Sandalio Gómez,,34-42 Bertolin Accordian,Osvaldo Donato,José Campesi,"Juan Turturiello, Vicente Vilardi, Miguel Bonano, Osvaldo Bertolín (accordian)","Edgardo Donato, Domingo Milillo, Armando Piovani, José Pollicita, Ascanio Donato (cello)","Piano, Bass, 3 Bandoneons, 4 Violins, Accordian, Cello"
Edgardo Donato,Edgardo Donato y sus Muchachos,12/19/1934,De Ande Yerba,,Ranchera,Antonio Maida,Víctor,BAVE-86723,37701-A,78rpm,Edgardo Donato,Máximo Orsi,,34-42 Bertolin Accordian,Osvaldo Donato,José Campesi,"Juan Turturiello, Vicente Vilardi, Miguel Bonano, Osvaldo Bertolín (accordian)","Edgardo Donato, Domingo Milillo, Armando Piovani, José Pollicita, Ascanio Donato (cello)","Piano, Bass, 3 Bandoneons, 4 Violins, Accordian, Cello"
Edgardo Donato,Edgardo Donato y sus Muchachos,2/5/1935,La Caída De La Estantería,,Tango,Hugo Del Carril,Víctor,BAVE-86758,37719-B,78rpm,Edgardo Donato,Luis Rubistein,,34-42 Bertolin Accordian,Osvaldo Donato,José Campesi,"Juan Turturiello, Vicente Vilardi, Miguel Bonano, Osvaldo Bertolín (accordian)","Edgardo Donato, Domingo Milillo, Armando Piovani, José Pollicita, Ascanio Donato (cello)","Piano, Bass, 3 Bandoneons, 4 Violins, Accordian, Cello"
Edgardo Donato,Edgardo Donato y sus Muchachos,2/5/1935,Protestona,,Ranchera,Antonio Maida,Víctor,BAVE-86757,37719-A,78rpm,Edgardo Donato,Máximo Orsi,,34-42 Bertolin Accordian,Osvaldo Donato,José Campesi,"Juan Turturiello, Vicente Vilardi, Miguel Bonano, Osvaldo Bertolín (accordian)","Edgardo Donato, Domingo Milillo, Armando Piovani, José Pollicita, Ascanio Donato (cello)","Piano, Bass, 3 Bandoneons, 4 Violins, Accordian, Cello"
Edgardo Donato,Edgardo Donato y sus Muchachos,2/8/1935,Congoja,,Tango,Hugo Del Carril,Víctor,BAVE-86761,37721-A,78rpm,Edgardo Donato,Luis Rubistein,,34-42 Bertolin Accordian,Osvaldo Donato,José Campesi,"Juan Turturiello, Vicente Vilardi, Miguel Bonano, Osvaldo Bertolín (accordian)","Edgardo Donato, Domingo Milillo, Armando Piovani, José Pollicita, Ascanio Donato (cello)","Piano, Bass, 3 Bandoneons, 4 Violins, Accordian, Cello"
Edgardo Donato,Edgardo Donato y sus Muchachos,2/8/1935,La Glotona,,Ranchera,Antonio Maida,Víctor,BAVE-86762,37721-B,78rpm,Osvaldo Donato,Sandalio Gómez,,34-42 Bertolin Accordian,Osvaldo Donato,José Campesi,"Juan Turturiello, Vicente Vilardi, Miguel Bonano, Osvaldo Bertolín (accordian)","Edgardo Donato, Domingo Milillo, Armando Piovani, José Pollicita, Ascanio Donato (cello)","Piano, Bass, 3 Bandoneons, 4 Violins, Accordian, Cello"
Edgardo Donato,Edgardo Donato y sus Muchachos,2/20/1935,Déjate Querer,,Vals,Instrumental,Víctor,BAVE-86769,37727-A,78rpm,Augusto Castro,Augusto Castro,,34-42 Bertolin Accordian,Osvaldo Donato,José Campesi,"Juan Turturiello, Vicente Vilardi, Miguel Bonano, Osvaldo Bertolín (accordian)","Edgardo Donato, Domingo Milillo, Armando Piovani, José Pollicita, Ascanio Donato (cello)","Piano, Bass, 3 Bandoneons, 4 Violins, Accordian, Cello"
Edgardo Donato,Edgardo Donato y sus Muchachos,2/20/1935,Madame Ivonne,,Tango,Alberto Gómez y Hugo Del Carril,Víctor,BAVE-86770,37727-B,78rpm,Eduardo Pereyra,Enrique Cadícamo,,34-42 Bertolin Accordian,Osvaldo Donato,José Campesi,"Juan Turturiello, Vicente Vilardi, Miguel Bonano, Osvaldo Bertolín (accordian)","Edgardo Donato, Domingo Milillo, Armando Piovani, José Pollicita, Ascanio Donato (cello)","Piano, Bass, 3 Bandoneons, 4 Violins, Accordian, Cello"
Edgardo Donato,Edgardo Donato y sus Muchachos,3/21/1935,Rosa Poneme Una Ventosa,,Tango,Hugo Del Carril y Randona,Víctor,BAVE-86789,37732-A,78rpm,Enrique Delfino,Manuel Romero,,34-42 Bertolin Accordian,Osvaldo Donato,José Campesi,"Juan Turturiello, Vicente Vilardi, Miguel Bonano, Osvaldo Bertolín (accordian)","Edgardo Donato, Domingo Milillo, Armando Piovani, José Pollicita, Ascanio Donato (cello)","Piano, Bass, 3 Bandoneons, 4 Violins, Accordian, Cello"
Edgardo Donato,Edgardo Donato y sus Muchachos,3/21/1935,Vos Y Yo,,Vals,Hugo Del Carril,Víctor,BAVE-86790,37732-B,78rpm,Héctor Bates,Francisco García Jiménez,,34-42 Bertolin Accordian,Osvaldo Donato,José Campesi,"Juan Turturiello, Vicente Vilardi, Miguel Bonano, Osvaldo Bertolín (accordian)","Edgardo Donato, Domingo Milillo, Armando Piovani, José Pollicita, Ascanio Donato (cello)","Piano, Bass, 3 Bandoneons, 4 Violins, Accordian, Cello"
Edgardo Donato,Edgardo Donato y sus Muchachos,4/4/1935,El Vals De Los Recuerdos,,Vals,Hugo Del Carril,Víctor,BAVE-86808,37744-B,78rpm,Francisco Pracáníco,Homero Manzi,,34-42 Bertolin Accordian,Osvaldo Donato,José Campesi,"Juan Turturiello, Vicente Vilardi, Miguel Bonano, Osvaldo Bertolín (accordian)","Edgardo Donato, Domingo Milillo, Armando Piovani, José Pollicita, Ascanio Donato (cello)","Piano, Bass, 3 Bandoneons, 4 Violins, Accordian, Cello"
Edgardo Donato,Edgardo Donato y sus Muchachos,4/4/1935,Muchacho De Cafetín,,Tango,Hugo Del Carril,Víctor,86807,37744-A,78rpm,Francisco Pracáníco,Homero Manzi,,34-42 Bertolin Accordian,Osvaldo Donato,José Campesi,"Juan Turturiello, Vicente Vilardi, Miguel Bonano, Osvaldo Bertolín (accordian)","Edgardo Donato, Domingo Milillo, Armando Piovani, José Pollicita, Ascanio Donato (cello)","Piano, Bass, 3 Bandoneons, 4 Violins, Accordian, Cello"
Edgardo Donato,Edgardo Donato y sus Muchachos,4/4/1935,Muchacho Del Cafetín,,Tango,,Víctor,BAVE-86807,37744,78rpm,Francisco Pracánico,Homero Manzi,,34-42 Bertolin Accordian,Osvaldo Donato,José Campesi,"Juan Turturiello, Vicente Vilardi, Miguel Bonano, Osvaldo Bertolín (accordian)","Edgardo Donato, Domingo Milillo, Armando Piovani, José Pollicita, Ascanio Donato (cello)","Piano, Bass, 3 Bandoneons, 4 Violins, Accordian, Cello"
Edgardo Donato,Edgardo Donato y sus Muchachos,5/6/1935,La Cumparsita,Si Supieras,Tango,Instrumental,Víctor,BAVE-86826,37757-A,78rpm,Gerardo Rodríguez,"Pascual Contursi, Enrique Maroni, Gerardo Rodríguez",,34-42 Bertolin Accordian,Osvaldo Donato,José Campesi,"Juan Turturiello, Vicente Vilardi, Miguel Bonano, Osvaldo Bertolín (accordian)","Edgardo Donato, Domingo Milillo, Armando Piovani, José Pollicita, Ascanio Donato (cello)","Piano, Bass, 3 Bandoneons, 4 Violins, Accordian, Cello"
Edgardo Donato,Edgardo Donato y sus Muchachos,5/6/1935,Mi Tristeza,,Tango,Hugo Del Carril,Víctor,BAVE-86829,37773-B,78rpm,Ángel Danesi,Ángel Danesi,,34-42 Bertolin Accordian,Osvaldo Donato,José Campesi,"Juan Turturiello, Vicente Vilardi, Miguel Bonano, Osvaldo Bertolín (accordian)","Edgardo Donato, Domingo Milillo, Armando Piovani, José Pollicita, Ascanio Donato (cello)","Piano, Bass, 3 Bandoneons, 4 Violins, Accordian, Cello"
Edgardo Donato,Edgardo Donato y sus Muchachos,5/6/1935,Mi Morena,,Paso Doble,Hugo Del Carril,Víctor,BAVE-86827,37757-B,78rpm,Jose Pollicita,"Santiago Giordano, José Pollicita",,34-42 Bertolin Accordian,Osvaldo Donato,José Campesi,"Juan Turturiello, Vicente Vilardi, Miguel Bonano, Osvaldo Bertolín (accordian)","Edgardo Donato, Domingo Milillo, Armando Piovani, José Pollicita, Ascanio Donato (cello)","Piano, Bass, 3 Bandoneons, 4 Violins, Accordian, Cello"
Edgardo Donato,Edgardo Donato y sus Muchachos,5/6/1935,San Sebastián,,Paso Doble,Hugo Del Carril,Víctor,BAVE-86828,37773-A,78rpm,Emilio Borges,"Fernando Gravina, Emilio Burges",,34-42 Bertolin Accordian,Osvaldo Donato,José Campesi,"Juan Turturiello, Vicente Vilardi, Miguel Bonano, Osvaldo Bertolín (accordian)","Edgardo Donato, Domingo Milillo, Armando Piovani, José Pollicita, Ascanio Donato (cello)","Piano, Bass, 3 Bandoneons, 4 Violins, Accordian, Cello"
Edgardo Donato,Edgardo Donato y sus Muchachos,6/13/1935,Diós Lo Sabe,,Tango,Juan Alessio,Víctor,BAVE-86862,37776-B,78rpm,Antonio Polito,,,34-42 Bertolin Accordian,Osvaldo Donato,José Campesi,"Juan Turturiello, Vicente Vilardi, Miguel Bonano, Osvaldo Bertolín (accordian)","Edgardo Donato, Domingo Milillo, Armando Piovani, José Pollicita, Ascanio Donato (cello)","Piano, Bass, 3 Bandoneons, 4 Violins, Accordian, Cello"
Edgardo Donato,Edgardo Donato y sus Muchachos,6/13/1935,El Día Que Me Quieras,,Canción,Juan Alessio,Víctor,BAVE-86863,37776-A,78rpm,Carlos Gardel,Alfredo Pera,,34-42 Bertolin Accordian,Osvaldo Donato,José Campesi,"Juan Turturiello, Vicente Vilardi, Miguel Bonano, Osvaldo Bertolín (accordian)","Edgardo Donato, Domingo Milillo, Armando Piovani, José Pollicita, Ascanio Donato (cello)","Piano, Bass, 3 Bandoneons, 4 Violins, Accordian, Cello"
Edgardo Donato,Edgardo Donato y sus Muchachos,7/3/1935,Picaflor,,Tango,Juan Alessio,Víctor,BAVE-86877,37786-B,78rpm,Edgardo Donato,Maximo Orsi,,34-42 Bertolin Accordian,Osvaldo Donato,José Campesi,"Juan Turturiello, Vicente Vilardi, Miguel Bonano, Osvaldo Bertolín (accordian)","Edgardo Donato, Domingo Milillo, Armando Piovani, José Pollicita, Ascanio Donato (cello)","Piano, Bass, 3 Bandoneons, 4 Violins, Accordian, Cello"
Edgardo Donato,Edgardo Donato y sus Muchachos,7/3/1935,Rosalinda,,Vals,Juan Alessio,Víctor,BAVE-86876,37786-A,78rpm,Edgardo Donato,Maximo Orsi,,34-42 Bertolin Accordian,Osvaldo Donato,José Campesi,"Juan Turturiello, Vicente Vilardi, Miguel Bonano, Osvaldo Bertolín (accordian)","Edgardo Donato, Domingo Milillo, Armando Piovani, José Pollicita, Ascanio Donato (cello)","Piano, Bass, 3 Bandoneons, 4 Violins, Accordian, Cello"
Edgardo Donato,Edgardo Donato y sus Muchachos,7/17/1935,"Hola, Qué Tal",,Tango,Horacio Lagos,Víctor,BAVE-86901,37800-B,78rpm,Osvaldo Donato,Sandalio Gómez,,34-42 Bertolin Accordian,Osvaldo Donato,José Campesi,"Juan Turturiello, Vicente Vilardi, Miguel Bonano, Osvaldo Bertolín (accordian)","Edgardo Donato, Domingo Milillo, Armando Piovani, José Pollicita, Ascanio Donato (cello)","Piano, Bass, 3 Bandoneons, 4 Violins, Accordian, Cello"
Edgardo Donato,Edgardo Donato y sus Muchachos,7/17/1935,De Mis Pagos,,Ranchera,Instrumental,Víctor,BAVE-86900,37800-A,78rpm,Santiago Mayorani,,,34-42 Bertolin Accordian,Osvaldo Donato,José Campesi,"Juan Turturiello, Vicente Vilardi, Miguel Bonano, Osvaldo Bertolín (accordian)","Edgardo Donato, Domingo Milillo, Armando Piovani, José Pollicita, Ascanio Donato (cello)","Piano, Bass, 3 Bandoneons, 4 Violins, Accordian, Cello"
Edgardo Donato,Edgardo Donato y sus Muchachos,8/9/1935,Lejana Tierra Mía,,Tango,Horacio Lagos,Víctor,BAVE-86928,37816-B,78rpm,Carlos Gardel,Alfredo Pera,,34-42 Bertolin Accordian,Osvaldo Donato,José Campesi,"Juan Turturiello, Vicente Vilardi, Miguel Bonano, Osvaldo Bertolín (accordian)","Edgardo Donato, Domingo Milillo, Armando Piovani, José Pollicita, Ascanio Donato (cello)","Piano, Bass, 3 Bandoneons, 4 Violins, Accordian, Cello"
Edgardo Donato,Edgardo Donato y sus Muchachos,8/9/1935,Alleluia,,Marcha,Horacio Lagos,Víctor,BAVE-86929,37816-A,78rpm,Joao de Barro,,,34-42 Bertolin Accordian,Osvaldo Donato,José Campesi,"Juan Turturiello, Vicente Vilardi, Miguel Bonano, Osvaldo Bertolín (accordian)","Edgardo Donato, Domingo Milillo, Armando Piovani, José Pollicita, Ascanio Donato (cello)","Piano, Bass, 3 Bandoneons, 4 Violins, Accordian, Cello"
Edgardo Donato,Edgardo Donato y sus Muchachos,8/28/1935,El Zorzal,,Tango,Horacio Lagos,Víctor,BAVE-86942,37824-A,78rpm,Alberto Soifer,Manuel Romero,,34-42 Bertolin Accordian,Osvaldo Donato,José Campesi,"Juan Turturiello, Vicente Vilardi, Miguel Bonano, Osvaldo Bertolín (accordian)","Edgardo Donato, Domingo Milillo, Armando Piovani, José Pollicita, Ascanio Donato (cello)","Piano, Bass, 3 Bandoneons, 4 Violins, Accordian, Cello"
Edgardo Donato,Edgardo Donato y sus Muchachos,8/28/1935,Doña Maribiga,,Ranchera,Horacio Lagos,Víctor,BAVE-86943,37824-B,78rpm,Edgardo Donato,Roberto Fontaina,,34-42 Bertolin Accordian,Osvaldo Donato,José Campesi,"Juan Turturiello, Vicente Vilardi, Miguel Bonano, Osvaldo Bertolín (accordian)","Edgardo Donato, Domingo Milillo, Armando Piovani, José Pollicita, Ascanio Donato (cello)","Piano, Bass, 3 Bandoneons, 4 Violins, Accordian, Cello"
Edgardo Donato,Edgardo Donato y sus Muchachos,10/11/1935,Hay Que Acomodarse,,Tango,Horacio Lagos,Víctor,BAVE-86960,37827-A,78rpm,Edgardo Donato,Antonio Botta,,34-42 Bertolin Accordian,Osvaldo Donato,José Campesi,"Juan Turturiello, Vicente Vilardi, Miguel Bonano, Osvaldo Bertolín (accordian)","Edgardo Donato, Domingo Milillo, Armando Piovani, José Pollicita, Ascanio Donato (cello)","Piano, Bass, 3 Bandoneons, 4 Violins, Accordian, Cello"
Edgardo Donato,Edgardo Donato y sus Muchachos,10/11/1935,Mi Sevilla,,Paso Doble,Instrumental,Víctor,BAVE-86961,37827-B,78rpm,Daniel Prim,,,34-42 Bertolin Accordian,Osvaldo Donato,José Campesi,"Juan Turturiello, Vicente Vilardi, Miguel Bonano, Osvaldo Bertolín (accordian)","Edgardo Donato, Domingo Milillo, Armando Piovani, José Pollicita, Ascanio Donato (cello)","Piano, Bass, 3 Bandoneons, 4 Violins, Accordian, Cello"
Edgardo Donato,Edgardo Donato y sus Muchachos,11/20/1935,Elegante Papirusa,,Tango,Instrumental,Víctor,BAVE-93024,37845-A,78rpm,David Roccatagliata,Sandalio Gómez,,34-42 Bertolin Accordian,Osvaldo Donato,José Campesi,"Juan Turturiello, Vicente Vilardi, Miguel Bonano, Osvaldo Bertolín (accordian)","Edgardo Donato, Domingo Milillo, Armando Piovani, José Pollicita, Ascanio Donato (cello)","Piano, Bass, 3 Bandoneons, 4 Violins, Accordian, Cello"
Edgardo Donato,Edgardo Donato y sus Muchachos,11/20/1935,"Che, Carolina",,Ranchera,Horacio Lagos,Víctor,BAVE-93025,37845-B,78rpm,Edgardo Donato,Máximo Orsi,,34-42 Bertolin Accordian,Osvaldo Donato,José Campesi,"Juan Turturiello, Vicente Vilardi, Miguel Bonano, Osvaldo Bertolín (accordian)","Edgardo Donato, Domingo Milillo, Armando Piovani, José Pollicita, Ascanio Donato (cello)","Piano, Bass, 3 Bandoneons, 4 Violins, Accordian, Cello"
Edgardo Donato,Edgardo Donato y sus Muchachos,1/17/1936,Chiqué,El Elegante,Tango,Instrumental,Víctor,BAVE-93081,37872-A,78rpm,Ricardo Brignolo,Ricardo Brignolo,,34-42 Bertolin Accordian,Osvaldo Donato,José Campesi,"Juan Turturiello, Vicente Vilardi, Miguel Bonano, Osvaldo Bertolín (accordian)","Edgardo Donato, Domingo Milillo, Armando Piovani, José Pollicita, Ascanio Donato (cello)","Piano, Bass, 3 Bandoneons, 4 Violins, Accordian, Cello"
Edgardo Donato,Edgardo Donato y sus Muchachos,1/17/1936,Tengo Flor Y No La Niego,,Ranchera,Horacio Lagos,Víctor,BAVE-93080,37872-B,78rpm,José Pollicita,Alfredo Bigeschi,,34-42 Bertolin Accordian,Osvaldo Donato,José Campesi,"Juan Turturiello, Vicente Vilardi, Miguel Bonano, Osvaldo Bertolín (accordian)","Edgardo Donato, Domingo Milillo, Armando Piovani, José Pollicita, Ascanio Donato (cello)","Piano, Bass, 3 Bandoneons, 4 Violins, Accordian, Cello"
Edgardo Donato,Edgardo Donato y sus Muchachos,1/17/1936,Tengo Flor Y No Lo Niego,,Ranchera,Horacio Lagos,Víctor,,,78rpm,,,,34-42 Bertolin Accordian,Osvaldo Donato,José Campesi,"Juan Turturiello, Vicente Vilardi, Miguel Bonano, Osvaldo Bertolín (accordian)","Edgardo Donato, Domingo Milillo, Armando Piovani, José Pollicita, Ascanio Donato (cello)","Piano, Bass, 3 Bandoneons, 4 Violins, Accordian, Cello"
Edgardo Donato,Edgardo Donato y sus Muchachos,3/10/1936,La Tapera,,Vals,Félix Gutiérrez,Víctor,BAVE-93105,37884-B,78rpm,Osvaldo Donato,Sergio Sosa,,34-42 Bertolin Accordian,Osvaldo Donato,José Campesi,"Juan Turturiello, Vicente Vilardi, Miguel Bonano, Osvaldo Bertolín (accordian)","Edgardo Donato, Domingo Milillo, Armando Piovani, José Pollicita, Ascanio Donato (cello)","Piano, Bass, 3 Bandoneons, 4 Violins, Accordian, Cello"
Edgardo Donato,Edgardo Donato y sus Muchachos,3/10/1936,Mañana,,Tango,Félix Gutiérrez,Víctor,BAVE-93104,37884-A,78rpm,Edgardo Donato,Ivo Pelay,,34-42 Bertolin Accordian,Osvaldo Donato,José Campesi,"Juan Turturiello, Vicente Vilardi, Miguel Bonano, Osvaldo Bertolín (accordian)","Edgardo Donato, Domingo Milillo, Armando Piovani, José Pollicita, Ascanio Donato (cello)","Piano, Bass, 3 Bandoneons, 4 Violins, Accordian, Cello"
Edgardo Donato,Edgardo Donato y sus Muchachos,3/10/1936,La Tapera,,Vals,Felix Gutierrez,Víctor,93105,37884-B CH,78rpm,Osvaldo Donato,Sergio Sosa,,34-42 Bertolin Accordian,Osvaldo Donato,José Campesi,"Juan Turturiello, Vicente Vilardi, Miguel Bonano, Osvaldo Bertolín (accordian)","Edgardo Donato, Domingo Milillo, Armando Piovani, José Pollicita, Ascanio Donato (cello)","Piano, Bass, 3 Bandoneons, 4 Violins, Accordian, Cello"
Edgardo Donato,Edgardo Donato y sus Muchachos,3/10/1936,Mañana,,Tango,Felix Gutierrez y Voz en Diálogo,Víctor,93104,37884-A CH,78rpm,Edgardo Donato,Ivo Pelay,,34-42 Bertolin Accordian,Osvaldo Donato,José Campesi,"Juan Turturiello, Vicente Vilardi, Miguel Bonano, Osvaldo Bertolín (accordian)","Edgardo Donato, Domingo Milillo, Armando Piovani, José Pollicita, Ascanio Donato (cello)","Piano, Bass, 3 Bandoneons, 4 Violins, Accordian, Cello"
Edgardo Donato,Edgardo Donato y sus Muchachos,5/7/1936,Pura Chispa,,Tango,Félix Gutiérrez,Víctor,BAVE-93171,37915-B,78rpm,Edgardo Donato,Iván Diez,,34-42 Bertolin Accordian,Osvaldo Donato,José Campesi,"Juan Turturiello, Vicente Vilardi, Miguel Bonano, Osvaldo Bertolín (accordian)","Edgardo Donato, Domingo Milillo, Armando Piovani, José Pollicita, Ascanio Donato (cello)","Piano, Bass, 3 Bandoneons, 4 Violins, Accordian, Cello"
Edgardo Donato,Edgardo Donato y sus Muchachos,5/7/1936,Secreto De Amor,,Vals,Félix Gutiérrez,Víctor,BAVE-93170,37915-A,78rpm,"Luis Ángel, José Vázquez",Luis Amadori,,34-42 Bertolin Accordian,Osvaldo Donato,José Campesi,"Juan Turturiello, Vicente Vilardi, Miguel Bonano, Osvaldo Bertolín (accordian)","Edgardo Donato, Domingo Milillo, Armando Piovani, José Pollicita, Ascanio Donato (cello)","Piano, Bass, 3 Bandoneons, 4 Violins, Accordian, Cello"
Edgardo Donato,Edgardo Donato y sus Muchachos,6/10/1936,Belén,,Tango,Instrumental,Víctor,BAVE-93201,37936-B,78rpm,Augusto Berto,,,34-42 Bertolin Accordian,Osvaldo Donato,José Campesi,"Juan Turturiello, Vicente Vilardi, Miguel Bonano, Osvaldo Bertolín (accordian)","Edgardo Donato, Domingo Milillo, Armando Piovani, José Pollicita, Ascanio Donato (cello)","Piano, Bass, 3 Bandoneons, 4 Violins, Accordian, Cello"
Edgardo Donato,Edgardo Donato y sus Muchachos,6/10/1936,Embrujo Gitano,,Paso Doble,Horacio Lagos,Víctor,BAVE-93200,37936-A,78rpm,Armando Suárez,"Manuel Fernández, González",,34-42 Bertolin Accordian,Osvaldo Donato,José Campesi,"Juan Turturiello, Vicente Vilardi, Miguel Bonano, Osvaldo Bertolín (accordian)","Edgardo Donato, Domingo Milillo, Armando Piovani, José Pollicita, Ascanio Donato (cello)","Piano, Bass, 3 Bandoneons, 4 Violins, Accordian, Cello"
Edgardo Donato,Edgardo Donato y sus Muchachos,7/1/1936,Si Tú Supieras,,Tango,Horacio Lagos y Randona,Víctor,BAVE-93230,37954-A,78rpm,Ascañio Donato,Sandalio Gómez,,34-42 Bertolin Accordian,Osvaldo Donato,José Campesi,"Juan Turturiello, Vicente Vilardi, Miguel Bonano, Osvaldo Bertolín (accordian)","Edgardo Donato, Domingo Milillo, Armando Piovani, José Pollicita, Ascanio Donato (cello)","Piano, Bass, 3 Bandoneons, 4 Violins, Accordian, Cello"
Edgardo Donato,Edgardo Donato y sus Muchachos,7/1/1936,Solo Un Recuerdo,,Vals,Horacio Lagos,Víctor,BAVE-93231,37954-B,78rpm,Salvador Basirico,José Timpone,,34-42 Bertolin Accordian,Osvaldo Donato,José Campesi,"Juan Turturiello, Vicente Vilardi, Miguel Bonano, Osvaldo Bertolín (accordian)","Edgardo Donato, Domingo Milillo, Armando Piovani, José Pollicita, Ascanio Donato (cello)","Piano, Bass, 3 Bandoneons, 4 Violins, Accordian, Cello"
Edgardo Donato,Edgardo Donato y sus Muchachos,8/6/1936,La Tablada,,Tango,Instrumental,Víctor,BAVE-93263,37968-B,78rpm,Francisco Canaro,,,34-42 Bertolin Accordian,Osvaldo Donato,José Campesi,"Juan Turturiello, Vicente Vilardi, Miguel Bonano, Osvaldo Bertolín (accordian)","Edgardo Donato, Domingo Milillo, Armando Piovani, José Pollicita, Ascanio Donato (cello)","Piano, Bass, 3 Bandoneons, 4 Violins, Accordian, Cello"
Edgardo Donato,Edgardo Donato y sus Muchachos,8/6/1936,Gallito,,Paso Doble Flamenco,Instrumental,Víctor,BAVE-93262,37968-A,78rpm,Santiago Lope,,,34-42 Bertolin Accordian,Osvaldo Donato,José Campesi,"Juan Turturiello, Vicente Vilardi, Miguel Bonano, Osvaldo Bertolín (accordian)","Edgardo Donato, Domingo Milillo, Armando Piovani, José Pollicita, Ascanio Donato (cello)","Piano, Bass, 3 Bandoneons, 4 Violins, Accordian, Cello"
Edgardo Donato,Edgardo Donato y sus Muchachos,9/10/1936,Me Voy A Baraja,,Tango,Horacio Lagos,Víctor,BAVE-93326,37992-A,78rpm,"José Testa, Eduardo Banti",Epifanio Orozco,,34-42 Bertolin Accordian,Osvaldo Donato,José Campesi,"Juan Turturiello, Vicente Vilardi, Miguel Bonano, Osvaldo Bertolín (accordian)","Edgardo Donato, Domingo Milillo, Armando Piovani, José Pollicita, Ascanio Donato (cello)","Piano, Bass, 3 Bandoneons, 4 Violins, Accordian, Cello"
Edgardo Donato,Edgardo Donato y sus Muchachos,9/10/1936,Sombras Del Ayer,,Vals,Horacio Lagos,Víctor,93327,37992-B,78rpm,Emilio Brameri,Carlos Ortega,,34-42 Bertolin Accordian,Osvaldo Donato,José Campesi,"Juan Turturiello, Vicente Vilardi, Miguel Bonano, Osvaldo Bertolín (accordian)","Edgardo Donato, Domingo Milillo, Armando Piovani, José Pollicita, Ascanio Donato (cello)","Piano, Bass, 3 Bandoneons, 4 Violins, Accordian, Cello"
Edgardo Donato,Edgardo Donato y sus Muchachos,9/10/1936,Sombras De Ayer,,Vals,,Víctor,BAVE-93327,37992,78rpm,Emilio Brameri,Carlos Ortega,,34-42 Bertolin Accordian,Osvaldo Donato,José Campesi,"Juan Turturiello, Vicente Vilardi, Miguel Bonano, Osvaldo Bertolín (accordian)","Edgardo Donato, Domingo Milillo, Armando Piovani, José Pollicita, Ascanio Donato (cello)","Piano, Bass, 3 Bandoneons, 4 Violins, Accordian, Cello"
Edgardo Donato,Edgardo Donato y sus Muchachos,10/7/1936,Se Va La Vida,,Tango,Horacio Lagos,Víctor,BAVE-93366,38010-A,78rpm,"Edgardo Donato, Roberto Zerrillo",Luis Mario,,34-42 Bertolin Accordian,Osvaldo Donato,José Campesi,"Juan Turturiello, Vicente Vilardi, Miguel Bonano, Osvaldo Bertolín (accordian)","Edgardo Donato, Domingo Milillo, Armando Piovani, José Pollicita, Ascanio Donato (cello)","Piano, Bass, 3 Bandoneons, 4 Violins, Accordian, Cello"
Edgardo Donato,Edgardo Donato y sus Muchachos,10/7/1936,Adíos A Gardel,,Corrido,Horacio Lagos,Víctor,BAVE-93367,38010-B,78rpm,Rafael Hernández,,,34-42 Bertolin Accordian,Osvaldo Donato,José Campesi,"Juan Turturiello, Vicente Vilardi, Miguel Bonano, Osvaldo Bertolín (accordian)","Edgardo Donato, Domingo Milillo, Armando Piovani, José Pollicita, Ascanio Donato (cello)","Piano, Bass, 3 Bandoneons, 4 Violins, Accordian, Cello"
Edgardo Donato,Edgardo Donato y sus Muchachos,1/23/1937,No Te Cases,,Tango,Horacio Lagos,Víctor,BAVE-93489,38092-B,78rpm,Edgardo Donato,Carlos Pesce,,34-42 Bertolin Accordian,Osvaldo Donato,José Campesi,"Juan Turturiello, Vicente Vilardi, Miguel Bonano, Osvaldo Bertolín (accordian)","Edgardo Donato, Domingo Milillo, Armando Piovani, José Pollicita, Ascanio Donato (cello)","Piano, Bass, 3 Bandoneons, 4 Violins, Accordian, Cello"
Edgardo Donato,Edgardo Donato y sus Muchachos,1/23/1937,Pierrot Apasionado,,Marcha,Horacio Lagos,Víctor,BAVE-93488,38092-A,78rpm,Noel Rosa,"Noël Rosa, Heitor Prazeres",,34-42 Bertolin Accordian,Osvaldo Donato,José Campesi,"Juan Turturiello, Vicente Vilardi, Miguel Bonano, Osvaldo Bertolín (accordian)","Edgardo Donato, Domingo Milillo, Armando Piovani, José Pollicita, Ascanio Donato (cello)","Piano, Bass, 3 Bandoneons, 4 Violins, Accordian, Cello"
Edgardo Donato,Edgardo Donato y sus Muchachos,2/12/1937,Así Es El Tango,,Tango,Horacio Lagos,Víctor,93504,38111-A,78rpm,Edgardo Donato,Homero Manzi,,34-42 Bertolin Accordian,Osvaldo Donato,José Campesi,"Juan Turturiello, Vicente Vilardi, Miguel Bonano, Osvaldo Bertolín (accordian)","Edgardo Donato, Domingo Milillo, Armando Piovani, José Pollicita, Ascanio Donato (cello)","Piano, Bass, 3 Bandoneons, 4 Violins, Accordian, Cello"
Edgardo Donato,Edgardo Donato y sus Muchachos,2/12/1937,Gato,,Tango,Horacio Lagos,Víctor,93505,38111-B,78rpm,Edgardo Donato,Homero Manzi,,34-42 Bertolin Accordian,Osvaldo Donato,José Campesi,"Juan Turturiello, Vicente Vilardi, Miguel Bonano, Osvaldo Bertolín (accordian)","Edgardo Donato, Domingo Milillo, Armando Piovani, José Pollicita, Ascanio Donato (cello)","Piano, Bass, 3 Bandoneons, 4 Violins, Accordian, Cello"
Edgardo Donato,Edgardo Donato y sus Muchachos,7/16/1937,Hacete Cartel,,Tango,Horacio Lagos,Víctor,BAVE-93820,38237-B,78rpm,Edgardo Donato,Antonio Botta,,34-42 Bertolin Accordian,Osvaldo Donato,José Campesi,"Juan Turturiello, Vicente Vilardi, Miguel Bonano, Osvaldo Bertolín (accordian)","Edgardo Donato, Domingo Milillo, Armando Piovani, José Pollicita, Ascanio Donato (cello)","Piano, Bass, 3 Bandoneons, 4 Violins, Accordian, Cello"
Edgardo Donato,Edgardo Donato y sus Muchachos,7/16/1937,María,,Vals,Horacio Lagos,Víctor,BAVE-93819,38237-A,78rpm,Edgardo Donato,Carlos Pesce,,34-42 Bertolin Accordian,Osvaldo Donato,José Campesi,"Juan Turturiello, Vicente Vilardi, Miguel Bonano, Osvaldo Bertolín (accordian)","Edgardo Donato, Domingo Milillo, Armando Piovani, José Pollicita, Ascanio Donato (cello)","Piano, Bass, 3 Bandoneons, 4 Violins, Accordian, Cello"
Edgardo Donato,Edgardo Donato y sus Muchachos,11/29/1937,Papas Calientes,,Tango,Instrumental,Víctor,BAVE-93994,38328-A,78rpm,Eduardo Arolas,Héctor Polito,,34-42 Bertolin Accordian,Osvaldo Donato,José Campesi,"Juan Turturiello, Vicente Vilardi, Miguel Bonano, Osvaldo Bertolín (accordian)","Edgardo Donato, Domingo Milillo, Armando Piovani, José Pollicita, Ascanio Donato (cello)","Piano, Bass, 3 Bandoneons, 4 Violins, Accordian, Cello"
Edgardo Donato,Edgardo Donato y sus Muchachos,11/29/1937,Virgencita,,Vals,Horacio Lagos,Víctor,BAVE-93995,38328-B,78rpm,Federico Tolentino,Carmen Noriega,,34-42 Bertolin Accordian,Osvaldo Donato,José Campesi,"Juan Turturiello, Vicente Vilardi, Miguel Bonano, Osvaldo Bertolín (accordian)","Edgardo Donato, Domingo Milillo, Armando Piovani, José Pollicita, Ascanio Donato (cello)","Piano, Bass, 3 Bandoneons, 4 Violins, Accordian, Cello"
Edgardo Donato,Edgardo Donato y sus Muchachos,11/29/1937,Papas Calientes,,Tango,Instrumental,Víctor,93994,38328-A CH,78rpm,Eduardo Arolas,,,34-42 Bertolin Accordian,Osvaldo Donato,José Campesi,"Juan Turturiello, Vicente Vilardi, Miguel Bonano, Osvaldo Bertolín (accordian)","Edgardo Donato, Domingo Milillo, Armando Piovani, José Pollicita, Ascanio Donato (cello)","Piano, Bass, 3 Bandoneons, 4 Violins, Accordian, Cello"
Edgardo Donato,Edgardo Donato y sus Muchachos,11/29/1937,Papas Calientes,,Tango,Instrumental,Víctor,93994,39139-B,78rpm,Eduardo Arolas,,,34-42 Bertolin Accordian,Osvaldo Donato,José Campesi,"Juan Turturiello, Vicente Vilardi, Miguel Bonano, Osvaldo Bertolín (accordian)","Edgardo Donato, Domingo Milillo, Armando Piovani, José Pollicita, Ascanio Donato (cello)","Piano, Bass, 3 Bandoneons, 4 Violins, Accordian, Cello"
Edgardo Donato,Edgardo Donato y sus Muchachos,11/29/1937,Virgencita,,Vals,Horacio Lagos,Víctor,93995,38328-B CH,78rpm,Tito Guizar,Nenette Noriega,,34-42 Bertolin Accordian,Osvaldo Donato,José Campesi,"Juan Turturiello, Vicente Vilardi, Miguel Bonano, Osvaldo Bertolín (accordian)","Edgardo Donato, Domingo Milillo, Armando Piovani, José Pollicita, Ascanio Donato (cello)","Piano, Bass, 3 Bandoneons, 4 Violins, Accordian, Cello"
Edgardo Donato,Edgardo Donato y sus Muchachos,2/5/1938,El Estagiario,,Tango,Instrumental,Víctor,BAVE-012112,38374-B,78rpm,Martín Álvarez,Martín Álvarez,,34-42 Bertolin Accordian,Osvaldo Donato,José Campesi,"Juan Turturiello, Vicente Vilardi, Miguel Bonano, Osvaldo Bertolín (accordian)","Edgardo Donato, Domingo Milillo, Armando Piovani, José Pollicita, Ascanio Donato (cello)","Piano, Bass, 3 Bandoneons, 4 Violins, Accordian, Cello"
Edgardo Donato,Edgardo Donato y sus Muchachos,2/5/1938,La Milonga Que Faltaba,,Milonga Tangueada,Horacio Lagos,Víctor,BAVE-012113,38374-A,78rpm,Edgardo Donato,Carlos Pesce,,34-42 Bertolin Accordian,Osvaldo Donato,José Campesi,"Juan Turturiello, Vicente Vilardi, Miguel Bonano, Osvaldo Bertolín (accordian)","Edgardo Donato, Domingo Milillo, Armando Piovani, José Pollicita, Ascanio Donato (cello)","Piano, Bass, 3 Bandoneons, 4 Violins, Accordian, Cello"
Edgardo Donato,Edgardo Donato y sus Muchachos,3/9/1938,Qué Será,,Vals,Horacio Lagos,Víctor,BAVE-012134,38397-A,78rpm,Pepe Guízar,Pepe Guízar,,34-42 Bertolin Accordian,Osvaldo Donato,José Campesi,"Juan Turturiello, Vicente Vilardi, Miguel Bonano, Osvaldo Bertolín (accordian)","Edgardo Donato, Domingo Milillo, Armando Piovani, José Pollicita, Ascanio Donato (cello)","Piano, Bass, 3 Bandoneons, 4 Violins, Accordian, Cello"
Edgardo Donato,Edgardo Donato y sus Muchachos,3/9/1938,Sacale Punta,,Milonga,Horacio Lagos,Víctor,BAVE-012135,38397-B,78rpm,Osvaldo Donato,Sandalio Gómez,,34-42 Bertolin Accordian,Osvaldo Donato,José Campesi,"Juan Turturiello, Vicente Vilardi, Miguel Bonano, Osvaldo Bertolín (accordian)","Edgardo Donato, Domingo Milillo, Armando Piovani, José Pollicita, Ascanio Donato (cello)","Piano, Bass, 3 Bandoneons, 4 Violins, Accordian, Cello"
Edgardo Donato,Edgardo Donato y sus Muchachos,4/2/1938,Con Tus Besos,,Vals,Horacio Lagos,Víctor,12161,38418-B,78rpm,Santiago Ricci,Domingo Rosa,,34-42 Bertolin Accordian,Osvaldo Donato,José Campesi,"Juan Turturiello, Vicente Vilardi, Miguel Bonano, Osvaldo Bertolín (accordian)","Edgardo Donato, Domingo Milillo, Armando Piovani, José Pollicita, Ascanio Donato (cello)","Piano, Bass, 3 Bandoneons, 4 Violins, Accordian, Cello"
Edgardo Donato,Edgardo Donato y sus Muchachos,4/2/1938,El Adiós,,Tango,Horacio Lagos,Víctor,12160,38418-A,78rpm,Maruja Huergo,Virgilio San Clemente,,34-42 Bertolin Accordian,Osvaldo Donato,José Campesi,"Juan Turturiello, Vicente Vilardi, Miguel Bonano, Osvaldo Bertolín (accordian)","Edgardo Donato, Domingo Milillo, Armando Piovani, José Pollicita, Ascanio Donato (cello)","Piano, Bass, 3 Bandoneons, 4 Violins, Accordian, Cello"
Edgardo Donato,Edgardo Donato y sus Muchachos,7/6/1938,Te Gané De Mano,,Tango,Horacio Lagos y Randona,Víctor,BAVE-012378,38504-A,78rpm,Edgardo Donato,Juan Reyes,,34-42 Bertolin Accordian,Osvaldo Donato,José Campesi,"Juan Turturiello, Vicente Vilardi, Miguel Bonano, Osvaldo Bertolín (accordian)","Edgardo Donato, Domingo Milillo, Armando Piovani, José Pollicita, Ascanio Donato (cello)","Piano, Bass, 3 Bandoneons, 4 Violins, Accordian, Cello"
Edgardo Donato,Edgardo Donato y sus Muchachos,7/6/1938,Tiempos Bravos,,Tango,Instrumental,Víctor,BAVE-012377,38504-B,78rpm,Salvador Grupillo,,,34-42 Bertolin Accordian,Osvaldo Donato,José Campesi,"Juan Turturiello, Vicente Vilardi, Miguel Bonano, Osvaldo Bertolín (accordian)","Edgardo Donato, Domingo Milillo, Armando Piovani, José Pollicita, Ascanio Donato (cello)","Piano, Bass, 3 Bandoneons, 4 Violins, Accordian, Cello"
Edgardo Donato,Edgardo Donato y sus Muchachos,8/29/1938,Cantando Bajito,,Tango,Horacio Lagos,Víctor,12450,38545-B,78rpm,Alfonso Lacueva,,,34-42 Bertolin Accordian,Osvaldo Donato,José Campesi,"Juan Turturiello, Vicente Vilardi, Miguel Bonano, Osvaldo Bertolín (accordian)","Edgardo Donato, Domingo Milillo, Armando Piovani, José Pollicita, Ascanio Donato (cello)","Piano, Bass, 3 Bandoneons, 4 Violins, Accordian, Cello"
Edgardo Donato,Edgardo Donato y sus Muchachos,8/29/1938,Vivo Sin Sombras Lejos De Tí,,Vals,Horacio Lagos,Víctor,12449,38545-A,78rpm,Edgardo Donato,Carlos Pesce,,34-42 Bertolin Accordian,Osvaldo Donato,José Campesi,"Juan Turturiello, Vicente Vilardi, Miguel Bonano, Osvaldo Bertolín (accordian)","Edgardo Donato, Domingo Milillo, Armando Piovani, José Pollicita, Ascanio Donato (cello)","Piano, Bass, 3 Bandoneons, 4 Violins, Accordian, Cello"
Edgardo Donato,Edgardo Donato y sus Muchachos,10/10/1938,El Chamuyo,,Tango,Instrumental,Víctor,0A12530,38578-B,78rpm,Francisco Canaro,,,34-42 Bertolin Accordian,Osvaldo Donato,José Campesi,"Juan Turturiello, Vicente Vilardi, Miguel Bonano, Osvaldo Bertolín (accordian)","Edgardo Donato, Domingo Milillo, Armando Piovani, José Pollicita, Ascanio Donato (cello)","Piano, Bass, 3 Bandoneons, 4 Violins, Accordian, Cello"
Edgardo Donato,Edgardo Donato y sus Muchachos,10/10/1938,Ella Es Así,,Milonga,Horacio Lagos,Víctor,12529,38578-A,78rpm,Luis Martino,Manuel Carretero,,34-42 Bertolin Accordian,Osvaldo Donato,José Campesi,"Juan Turturiello, Vicente Vilardi, Miguel Bonano, Osvaldo Bertolín (accordian)","Edgardo Donato, Domingo Milillo, Armando Piovani, José Pollicita, Ascanio Donato (cello)","Piano, Bass, 3 Bandoneons, 4 Violins, Accordian, Cello"
Edgardo Donato,Edgardo Donato y sus Muchachos,12/9/1938,Alas Rotas,,Tango,Horacio Lagos,Víctor,12601,38621-A,78rpm,Edgardo Donato,Maruja Pacheco Huergo,,34-42 Bertolin Accordian,Osvaldo Donato,José Campesi,"Juan Turturiello, Vicente Vilardi, Miguel Bonano, Osvaldo Bertolín (accordian)","Edgardo Donato, Domingo Milillo, Armando Piovani, José Pollicita, Ascanio Donato (cello)","Piano, Bass, 3 Bandoneons, 4 Violins, Accordian, Cello"
Edgardo Donato,Edgardo Donato y sus Muchachos,12/9/1938,Embrujo,,Paso Doble,Horacio Lagos,Víctor,12602,38621-B,78rpm,Osvaldo Donato,Sandalio Gomez,,34-42 Bertolin Accordian,Osvaldo Donato,José Campesi,"Juan Turturiello, Vicente Vilardi, Miguel Bonano, Osvaldo Bertolín (accordian)","Edgardo Donato, Domingo Milillo, Armando Piovani, José Pollicita, Ascanio Donato (cello)","Piano, Bass, 3 Bandoneons, 4 Violins, Accordian, Cello"
Edgardo Donato,Edgardo Donato y sus Muchachos,1/26/1939,La Mimada,,Milonga,Horacio Lagos,Víctor,12659,38656-A,78rpm,Miguel Fama,Miguel Fama,,34-42 Bertolin Accordian,Osvaldo Donato,José Campesi,"Juan Turturiello, Vicente Vilardi, Miguel Bonano, Osvaldo Bertolín (accordian)","Edgardo Donato, Domingo Milillo, Armando Piovani, José Pollicita, Ascanio Donato (cello)","Piano, Bass, 3 Bandoneons, 4 Violins, Accordian, Cello"
Edgardo Donato,Edgardo Donato y sus Muchachos,1/26/1939,Para Qué,,Tango,Horacio Lagos,Víctor,12660,38656-B,78rpm,Edgardo Donato,Maruja Pacheco Huergo,,34-42 Bertolin Accordian,Osvaldo Donato,José Campesi,"Juan Turturiello, Vicente Vilardi, Miguel Bonano, Osvaldo Bertolín (accordian)","Edgardo Donato, Domingo Milillo, Armando Piovani, José Pollicita, Ascanio Donato (cello)","Piano, Bass, 3 Bandoneons, 4 Violins, Accordian, Cello"
Edgardo Donato,Edgardo Donato y sus Muchachos,3/6/1939,De Punta A Punta,,Milonga,Horacio Lagos,Víctor,12696,38678-B,78rpm,Osvaldo Donato,Sandalio Gómez,,34-42 Bertolin Accordian,Osvaldo Donato,José Campesi,"Juan Turturiello, Vicente Vilardi, Miguel Bonano, Osvaldo Bertolín (accordian)","Edgardo Donato, Domingo Milillo, Armando Piovani, José Pollicita, Ascanio Donato (cello)","Piano, Bass, 3 Bandoneons, 4 Violins, Accordian, Cello"
Edgardo Donato,Edgardo Donato y sus Muchachos,3/6/1939,Lágrimas,,Tango,Horacio Lagos,Víctor,12695,38678-A,78rpm,Edgardo Donato,Maruja Pacheco Huergo,,34-42 Bertolin Accordian,Osvaldo Donato,José Campesi,"Juan Turturiello, Vicente Vilardi, Miguel Bonano, Osvaldo Bertolín (accordian)","Edgardo Donato, Domingo Milillo, Armando Piovani, José Pollicita, Ascanio Donato (cello)","Piano, Bass, 3 Bandoneons, 4 Violins, Accordian, Cello"
Edgardo Donato,Edgardo Donato y sus Muchachos,3/27/1939,Carnaval De Mi Barrio,,Tango,Lita Morales y Horacio Lagos,Víctor,BAVE-012721,38692-A,78rpm,Luis Rubistein,Luis Rubistein,,34-42 Bertolin Accordian,Osvaldo Donato,José Campesi,"Juan Turturiello, Vicente Vilardi, Miguel Bonano, Osvaldo Bertolín (accordian)","Edgardo Donato, Domingo Milillo, Armando Piovani, José Pollicita, Ascanio Donato (cello)","Piano, Bass, 3 Bandoneons, 4 Violins, Accordian, Cello"
Edgardo Donato,Edgardo Donato y sus Muchachos,3/27/1939,Sombra Gaucha,,Tango,Horacio Lagos y Lita Morales,Víctor,BAVE-012722,38692-B,78rpm,Héctor Baldi,Alberto Pellegrini,,34-42 Bertolin Accordian,Osvaldo Donato,José Campesi,"Juan Turturiello, Vicente Vilardi, Miguel Bonano, Osvaldo Bertolín (accordian)","Edgardo Donato, Domingo Milillo, Armando Piovani, José Pollicita, Ascanio Donato (cello)","Piano, Bass, 3 Bandoneons, 4 Violins, Accordian, Cello"
Edgardo Donato,Edgardo Donato y sus Muchachos,6/5/1939,Madrecita,,Vals,Horacio Lagos,Víctor,BAVE-012810,38745-B,78rpm,"José Pollicita, Alfonso Lacueva","José Pollicita, Alfonso Lacueva",,34-42 Bertolin Accordian,Osvaldo Donato,José Campesi,"Juan Turturiello, Vicente Vilardi, Miguel Bonano, Osvaldo Bertolín (accordian)","Edgardo Donato, Domingo Milillo, Armando Piovani, José Pollicita, Ascanio Donato (cello)","Piano, Bass, 3 Bandoneons, 4 Violins, Accordian, Cello"
Edgardo Donato,Edgardo Donato y sus Muchachos,6/5/1939,Sinsabor,,Tango,Lita Morales y Horacio Lagos,Víctor,BAVE-012809,38745-A,78rpm,Ascanio Donato,Adolfo Vedani,,34-42 Bertolin Accordian,Osvaldo Donato,José Campesi,"Juan Turturiello, Vicente Vilardi, Miguel Bonano, Osvaldo Bertolín (accordian)","Edgardo Donato, Domingo Milillo, Armando Piovani, José Pollicita, Ascanio Donato (cello)","Piano, Bass, 3 Bandoneons, 4 Violins, Accordian, Cello"
Edgardo Donato,Edgardo Donato y sus Muchachos,8/2/1939,Pasión Criolla,,Tango,Instrumental,Víctor,BAVE-012883,38778-A,78rpm,Salvador Grupillo,Francisco Lío,,34-42 Bertolin Accordian,Osvaldo Donato,José Campesi,"Juan Turturiello, Vicente Vilardi, Miguel Bonano, Osvaldo Bertolín (accordian)","Edgardo Donato, Domingo Milillo, Armando Piovani, José Pollicita, Ascanio Donato (cello)","Piano, Bass, 3 Bandoneons, 4 Violins, Accordian, Cello"
Edgardo Donato,Edgardo Donato y sus Muchachos,8/2/1939,Triniá,,Paso Doble,Lita Morales,Víctor,BAVE-012884,38778-B,78rpm,Manuel Quiroga,Manuel Quiroga,,34-42 Bertolin Accordian,Osvaldo Donato,José Campesi,"Juan Turturiello, Vicente Vilardi, Miguel Bonano, Osvaldo Bertolín (accordian)","Edgardo Donato, Domingo Milillo, Armando Piovani, José Pollicita, Ascanio Donato (cello)","Piano, Bass, 3 Bandoneons, 4 Violins, Accordian, Cello"
Edgardo Donato,Edgardo Donato y sus Muchachos,8/31/1939,Chapaleando Barro,,Tango,Lita Morales y Horacio Lagos,Víctor,12927,38801-A,78rpm,Arturo Castillo,Celedonio Flores,,34-42 Bertolin Accordian,Osvaldo Donato,José Campesi,"Juan Turturiello, Vicente Vilardi, Miguel Bonano, Osvaldo Bertolín (accordian)","Edgardo Donato, Domingo Milillo, Armando Piovani, José Pollicita, Ascanio Donato (cello)","Piano, Bass, 3 Bandoneons, 4 Violins, Accordian, Cello"
Edgardo Donato,Edgardo Donato y sus Muchachos,8/31/1939,Soy Mendigo,,Tango,Horacio Lagos,Víctor,12928,38801-B,78rpm,Osvaldo Donato,Adolfo Vedani,,34-42 Bertolin Accordian,Osvaldo Donato,José Campesi,"Juan Turturiello, Vicente Vilardi, Miguel Bonano, Osvaldo Bertolín (accordian)","Edgardo Donato, Domingo Milillo, Armando Piovani, José Pollicita, Ascanio Donato (cello)","Piano, Bass, 3 Bandoneons, 4 Violins, Accordian, Cello"
Edgardo Donato,Edgardo Donato y sus Muchachos,11/14/1939,El Torito,,Tango,Instrumental,Víctor,BAVE-039073,38854-A,78rpm,Ángel Villoldo,"Carlos Pesce, Antonio Polito",,34-42 Bertolin Accordian,Osvaldo Donato,José Campesi,"Juan Turturiello, Vicente Vilardi, Miguel Bonano, Osvaldo Bertolín (accordian)","Edgardo Donato, Domingo Milillo, Armando Piovani, José Pollicita, Ascanio Donato (cello)","Piano, Bass, 3 Bandoneons, 4 Violins, Accordian, Cello"
Edgardo Donato,Edgardo Donato y sus Muchachos,11/14/1939,Noches Correntinas,,Vals,Horacio Lagos y Romeo Gavioli,Víctor,BAVE-039074,38854-B,78rpm,Juan Giliberti,Juan Giliberti,,34-42 Bertolin Accordian,Osvaldo Donato,José Campesi,"Juan Turturiello, Vicente Vilardi, Miguel Bonano, Osvaldo Bertolín (accordian)","Edgardo Donato, Domingo Milillo, Armando Piovani, José Pollicita, Ascanio Donato (cello)","Piano, Bass, 3 Bandoneons, 4 Violins, Accordian, Cello"
Edgardo Donato,Edgardo Donato y sus Muchachos,1/11/1940,Mi Serenata,,Tango,Lita Morales y Romeo Gavioli,Víctor,BAVE-039171,38897-A,78rpm,Edgardo Donato,Juan Thorry,,34-42 Bertolin Accordian,Osvaldo Donato,José Campesi,"Juan Turturiello, Vicente Vilardi, Miguel Bonano, Osvaldo Bertolín (accordian)","Edgardo Donato, Domingo Milillo, Armando Piovani, José Pollicita, Ascanio Donato (cello)","Piano, Bass, 3 Bandoneons, 4 Violins, Accordian, Cello"
Edgardo Donato,Edgardo Donato y sus Muchachos,1/11/1940,Volverás Pero Cuándo,,Vals,"Lita Morales, Horacio Lagos y Romeo Gavioli",Víctor,BAVE-039172,38897-B,78rpm,Sebastián Piana,Homero Manzi,,34-42 Bertolin Accordian,Osvaldo Donato,José Campesi,"Juan Turturiello, Vicente Vilardi, Miguel Bonano, Osvaldo Bertolín (accordian)","Edgardo Donato, Domingo Milillo, Armando Piovani, José Pollicita, Ascanio Donato (cello)","Piano, Bass, 3 Bandoneons, 4 Violins, Accordian, Cello"
Edgardo Donato,Edgardo Donato y sus Muchachos,1/24/1940,Luna,,Vals,"Lita Morales, Horacio Lagos y Romeo Gavioli",Víctor,BAVE-039188,38916-B,78rpm,Osvaldo Donato,Sandalio Gómez,,34-42 Bertolin Accordian,Osvaldo Donato,José Campesi,"Juan Turturiello, Vicente Vilardi, Miguel Bonano, Osvaldo Bertolín (accordian)","Edgardo Donato, Domingo Milillo, Armando Piovani, José Pollicita, Ascanio Donato (cello)","Piano, Bass, 3 Bandoneons, 4 Violins, Accordian, Cello"
Edgardo Donato,Edgardo Donato y sus Muchachos,1/24/1940,Triqui-trá,,Tango,Lita Morales (con coro),Víctor,BAVE-039187,38916-A,78rpm,Edgardo Donato,Maruja Huergo,,34-42 Bertolin Accordian,Osvaldo Donato,José Campesi,"Juan Turturiello, Vicente Vilardi, Miguel Bonano, Osvaldo Bertolín (accordian)","Edgardo Donato, Domingo Milillo, Armando Piovani, José Pollicita, Ascanio Donato (cello)","Piano, Bass, 3 Bandoneons, 4 Violins, Accordian, Cello"
Edgardo Donato,Edgardo Donato y sus Muchachos,4/5/1940,Campo Afuera,,Milonga Criolla,Horacio Lagos,Víctor,BAVE-039230,38950-B,78rpm,Rodolfo Biagi,Homero Manzi,,34-42 Bertolin Accordian,Osvaldo Donato,José Campesi,"Juan Turturiello, Vicente Vilardi, Miguel Bonano, Osvaldo Bertolín (accordian)","Edgardo Donato, Domingo Milillo, Armando Piovani, José Pollicita, Ascanio Donato (cello)","Piano, Bass, 3 Bandoneons, 4 Violins, Accordian, Cello"
Edgardo Donato,Edgardo Donato y sus Muchachos,4/5/1940,Sinfonía De Arrabal,,Tango,"Horacio Lagos, Lita Morales y Romeo Gavioli",Víctor,BAVE-039229,38950-A,78rpm,Maruja Huergo,Maruja Huergo,,34-42 Bertolin Accordian,Osvaldo Donato,José Campesi,"Juan Turturiello, Vicente Vilardi, Miguel Bonano, Osvaldo Bertolín (accordian)","Edgardo Donato, Domingo Milillo, Armando Piovani, José Pollicita, Ascanio Donato (cello)","Piano, Bass, 3 Bandoneons, 4 Violins, Accordian, Cello"
Edgardo Donato,Edgardo Donato y sus Muchachos,4/30/1940,La Melodía Del Corazón,,Tango,Romeo Gavioli,Víctor,BAVE-039269,38969-A,78rpm,"Fioravanti Di Cicco, Hector Artola, Carmelo Santiago",Carmelo Santiago,,34-42 Bertolin Accordian,Osvaldo Donato,José Campesi,"Juan Turturiello, Vicente Vilardi, Miguel Bonano, Osvaldo Bertolín (accordian)","Edgardo Donato, Domingo Milillo, Armando Piovani, José Pollicita, Ascanio Donato (cello)","Piano, Bass, 3 Bandoneons, 4 Violins, Accordian, Cello"
Edgardo Donato,Edgardo Donato y sus Muchachos,4/30/1940,Porteña Linda,,Milonga Tangueada,Horacio Lagos,Víctor,BAVE-039270,38969-B,78rpm,Edgardo Donato,Horacio Sanguinetti,,34-42 Bertolin Accordian,Osvaldo Donato,José Campesi,"Juan Turturiello, Vicente Vilardi, Miguel Bonano, Osvaldo Bertolín (accordian)","Edgardo Donato, Domingo Milillo, Armando Piovani, José Pollicita, Ascanio Donato (cello)","Piano, Bass, 3 Bandoneons, 4 Violins, Accordian, Cello"
Edgardo Donato,Edgardo Donato y sus Muchachos,7/18/1940,Diablesa,,Vals,Horacio Lagos,Víctor,BAVE-039386,39042-B,78rpm,"Tito Guizar, Nenette Noriega",Nenette Noriega,,34-42 Bertolin Accordian,Osvaldo Donato,José Campesi,"Juan Turturiello, Vicente Vilardi, Miguel Bonano, Osvaldo Bertolín (accordian)","Edgardo Donato, Domingo Milillo, Armando Piovani, José Pollicita, Ascanio Donato (cello)","Piano, Bass, 3 Bandoneons, 4 Violins, Accordian, Cello"
Edgardo Donato,Edgardo Donato y sus Muchachos,7/18/1940,El Distinguido Ciudadano,,Tango,Instrumental,Víctor,BAVE-039385,39042-A,78rpm,Peregrino Paulos,,,34-42 Bertolin Accordian,Osvaldo Donato,José Campesi,"Juan Turturiello, Vicente Vilardi, Miguel Bonano, Osvaldo Bertolín (accordian)","Edgardo Donato, Domingo Milillo, Armando Piovani, José Pollicita, Ascanio Donato (cello)","Piano, Bass, 3 Bandoneons, 4 Violins, Accordian, Cello"
Edgardo Donato,Edgardo Donato y sus Muchachos,9/30/1940,Estrellita Mía,,Vals,"Romeo Gavioli, Lita Morales y Horacio Lagos",Víctor,39516,39103-A,78rpm,"A Soiffer, Roberto Ratti",Roberto Ratti,,34-42 Bertolin Accordian,Osvaldo Donato,José Campesi,"Juan Turturiello, Vicente Vilardi, Miguel Bonano, Osvaldo Bertolín (accordian)","Edgardo Donato, Domingo Milillo, Armando Piovani, José Pollicita, Ascanio Donato (cello)","Piano, Bass, 3 Bandoneons, 4 Violins, Accordian, Cello"
Edgardo Donato,Edgardo Donato y sus Muchachos,9/30/1940,Yo Te Amo,,Tango,Lita Morales y Romeo Gavioli,Víctor,39517,39103-B,78rpm,"Edgardo Donato, Carlos Lenzi",Carlos Lenzi,,34-42 Bertolin Accordian,Osvaldo Donato,José Campesi,"Juan Turturiello, Vicente Vilardi, Miguel Bonano, Osvaldo Bertolín (accordian)","Edgardo Donato, Domingo Milillo, Armando Piovani, José Pollicita, Ascanio Donato (cello)","Piano, Bass, 3 Bandoneons, 4 Violins, Accordian, Cello"
Edgardo Donato,Edgardo Donato y sus Muchachos,11/22/1940,Fue Mi Salvación,,Tango,Horacio Lagos,Víctor,39649,39150-A,78rpm,Ascañio Donato,Alberto Cosentino,,34-42 Bertolin Accordian,Osvaldo Donato,José Campesi,"Juan Turturiello, Vicente Vilardi, Miguel Bonano, Osvaldo Bertolín (accordian)","Edgardo Donato, Domingo Milillo, Armando Piovani, José Pollicita, Ascanio Donato (cello)","Piano, Bass, 3 Bandoneons, 4 Violins, Accordian, Cello"
Edgardo Donato,Edgardo Donato y sus Muchachos,11/22/1940,Virgencita Milagrosa,,Paso Doble,Lita Morales,Víctor,BAVE-039650,39150-B,78rpm,José Pollicita,Adolfo Vedani,,34-42 Bertolin Accordian,Osvaldo Donato,José Campesi,"Juan Turturiello, Vicente Vilardi, Miguel Bonano, Osvaldo Bertolín (accordian)","Edgardo Donato, Domingo Milillo, Armando Piovani, José Pollicita, Ascanio Donato (cello)","Piano, Bass, 3 Bandoneons, 4 Violins, Accordian, Cello"
Edgardo Donato,Edgardo Donato y sus Muchachos,12/13/1940,El Lengue,,Tango Canyengue,Instrumental (con recitado),Víctor,BAVE-039718,39189-A,78rpm,Edgardo Donato,,,34-42 Bertolin Accordian,Osvaldo Donato,José Campesi,"Juan Turturiello, Vicente Vilardi, Miguel Bonano, Osvaldo Bertolín (accordian)","Edgardo Donato, Domingo Milillo, Armando Piovani, José Pollicita, Ascanio Donato (cello)","Piano, Bass, 3 Bandoneons, 4 Violins, Accordian, Cello"
Edgardo Donato,Edgardo Donato y sus Muchachos,12/13/1940,Sentir Del Corazón,,Milonga,Horacio Lagos y Romeo Gavioli,Víctor,BAVE-039719,39189-B,78rpm,Benito Atella,,,34-42 Bertolin Accordian,Osvaldo Donato,José Campesi,"Juan Turturiello, Vicente Vilardi, Miguel Bonano, Osvaldo Bertolín (accordian)","Edgardo Donato, Domingo Milillo, Armando Piovani, José Pollicita, Ascanio Donato (cello)","Piano, Bass, 3 Bandoneons, 4 Violins, Accordian, Cello"
Edgardo Donato,Edgardo Donato y sus Muchachos,1/2/1941,Yo Te Amo,,Tango,,Víctor,BAVE-039517,39103,78rpm,,,,34-42 Bertolin Accordian,Osvaldo Donato,José Campesi,"Juan Turturiello, Vicente Vilardi, Miguel Bonano, Osvaldo Bertolín (accordian)","Edgardo Donato, Domingo Milillo, Armando Piovani, José Pollicita, Ascanio Donato (cello)","Piano, Bass, 3 Bandoneons, 4 Violins, Accordian, Cello"
Edgardo Donato,Edgardo Donato y sus Muchachos,1/21/1941,Deja El Mundo Como Está,,Tango,Horacio Lagos,Víctor,BAVE-039764,28167-A CH,78rpm,Rodolfo Biagi,Rodolfo Sciammarella,,34-42 Bertolin Accordian,Osvaldo Donato,José Campesi,"Juan Turturiello, Vicente Vilardi, Miguel Bonano, Osvaldo Bertolín (accordian)","Edgardo Donato, Domingo Milillo, Armando Piovani, José Pollicita, Ascanio Donato (cello)","Piano, Bass, 3 Bandoneons, 4 Violins, Accordian, Cello"
Edgardo Donato,Edgardo Donato y sus Muchachos,1/21/1941,La Shunca,,Vals Canción,"Romeo Gavioli, Lita Morales y Horacio Lagos",Víctor,39765,39209-B,78rpm,Lorenzo Barcelata,Ernesto Cortázar,,34-42 Bertolin Accordian,Osvaldo Donato,José Campesi,"Juan Turturiello, Vicente Vilardi, Miguel Bonano, Osvaldo Bertolín (accordian)","Edgardo Donato, Domingo Milillo, Armando Piovani, José Pollicita, Ascanio Donato (cello)","Piano, Bass, 3 Bandoneons, 4 Violins, Accordian, Cello"
Edgardo Donato,Edgardo Donato y sus Muchachos,1/21/1941,Deja El Mundo Como Esta,,Tango,Horacio Lagos,Víctor,39764,39209-A,78rpm,Rodolfo Biagi,Rodolfo Sciammarella,,34-42 Bertolin Accordian,Osvaldo Donato,José Campesi,"Juan Turturiello, Vicente Vilardi, Miguel Bonano, Osvaldo Bertolín (accordian)","Edgardo Donato, Domingo Milillo, Armando Piovani, José Pollicita, Ascanio Donato (cello)","Piano, Bass, 3 Bandoneons, 4 Violins, Accordian, Cello"
Edgardo Donato,Edgardo Donato y sus Muchachos,2/5/1941,Amando En Silencio,,Tango,Horacio Lagos y Romeo Gavioli,Víctor,BAVE-039788,39216-A,78rpm,José Pécora,Francisco Jiménez,,34-42 Bertolin Accordian,Osvaldo Donato,José Campesi,"Juan Turturiello, Vicente Vilardi, Miguel Bonano, Osvaldo Bertolín (accordian)","Edgardo Donato, Domingo Milillo, Armando Piovani, José Pollicita, Ascanio Donato (cello)","Piano, Bass, 3 Bandoneons, 4 Violins, Accordian, Cello"
Edgardo Donato,Edgardo Donato y sus Muchachos,2/5/1941,La Morena De Mi Copla,,Paso Doble,Lita Morales,Víctor,BAVE-039789,39216-B,78rpm,Carlos Gómez,Alfonso de Villegas,,34-42 Bertolin Accordian,Osvaldo Donato,José Campesi,"Juan Turturiello, Vicente Vilardi, Miguel Bonano, Osvaldo Bertolín (accordian)","Edgardo Donato, Domingo Milillo, Armando Piovani, José Pollicita, Ascanio Donato (cello)","Piano, Bass, 3 Bandoneons, 4 Violins, Accordian, Cello"
Edgardo Donato,Edgardo Donato y sus Muchachos,2/18/1941,Mis Pesares,,Tango,Horacio Lagos,Víctor,BAVE-039808,39238-A,78rpm,Edgardo Donato,Carlos Pesce,,34-42 Bertolin Accordian,Osvaldo Donato,José Campesi,"Juan Turturiello, Vicente Vilardi, Miguel Bonano, Osvaldo Bertolín (accordian)","Edgardo Donato, Domingo Milillo, Armando Piovani, José Pollicita, Ascanio Donato (cello)","Piano, Bass, 3 Bandoneons, 4 Violins, Accordian, Cello"
Edgardo Donato,Edgardo Donato y sus Muchachos,2/18/1941,Repique Del Corazón,,Milonga,Horacio Lagos y Romeo Gavioli,Víctor,BAVE-039809,39238-B,78rpm,Osvaldo Donato,José Rótulo,,34-42 Bertolin Accordian,Osvaldo Donato,José Campesi,"Juan Turturiello, Vicente Vilardi, Miguel Bonano, Osvaldo Bertolín (accordian)","Edgardo Donato, Domingo Milillo, Armando Piovani, José Pollicita, Ascanio Donato (cello)","Piano, Bass, 3 Bandoneons, 4 Violins, Accordian, Cello"
Edgardo Donato,Edgardo Donato y sus Muchachos,4/8/1941,La Shunca,,Vals Canción,,Víctor,BAVE-039765,39209,78rpm,Lorenzo Barcelata,Ernesto Cortázar,,34-42 Bertolin Accordian,Osvaldo Donato,José Campesi,"Juan Turturiello, Vicente Vilardi, Miguel Bonano, Osvaldo Bertolín (accordian)","Edgardo Donato, Domingo Milillo, Armando Piovani, José Pollicita, Ascanio Donato (cello)","Piano, Bass, 3 Bandoneons, 4 Violins, Accordian, Cello"
Edgardo Donato,Edgardo Donato y sus Muchachos,6/11/1941,A Oscuras,,Tango,Horacio Lagos,Víctor,59516,39314-B,78rpm,Ascañio Donato,Héctor Marcó,,34-42 Bertolin Accordian,Osvaldo Donato,José Campesi,"Juan Turturiello, Vicente Vilardi, Miguel Bonano, Osvaldo Bertolín (accordian)","Edgardo Donato, Domingo Milillo, Armando Piovani, José Pollicita, Ascanio Donato (cello)","Piano, Bass, 3 Bandoneons, 4 Violins, Accordian, Cello"
Edgardo Donato,Edgardo Donato y sus Muchachos,6/11/1941,Organillero,,Marcha Paso Doble,Horacio Lagos,Víctor,59515,39314-A,78rpm,Agustin Lara,,,34-42 Bertolin Accordian,Osvaldo Donato,José Campesi,"Juan Turturiello, Vicente Vilardi, Miguel Bonano, Osvaldo Bertolín (accordian)","Edgardo Donato, Domingo Milillo, Armando Piovani, José Pollicita, Ascanio Donato (cello)","Piano, Bass, 3 Bandoneons, 4 Violins, Accordian, Cello"
Edgardo Donato,Edgardo Donato y sus Muchachos,7/21/1941,Te Busco,,Tango,Horacio Lagos,Víctor,BAVE-059585,39366-A,78rpm,Edgardo Donato,Héctor Marcó,,34-42 Bertolin Accordian,Osvaldo Donato,José Campesi,"Juan Turturiello, Vicente Vilardi, Miguel Bonano, Osvaldo Bertolín (accordian)","Edgardo Donato, Domingo Milillo, Armando Piovani, José Pollicita, Ascanio Donato (cello)","Piano, Bass, 3 Bandoneons, 4 Violins, Accordian, Cello"
Edgardo Donato,Edgardo Donato y sus Muchachos,7/21/1941,No Se Haga Mala Sangre,,Polca Humorística,Lita Morales y Horacio Lagos (con coro),Víctor,59586,39366-B,78rpm,Luis Rubistein,,,34-42 Bertolin Accordian,Osvaldo Donato,José Campesi,"Juan Turturiello, Vicente Vilardi, Miguel Bonano, Osvaldo Bertolín (accordian)","Edgardo Donato, Domingo Milillo, Armando Piovani, José Pollicita, Ascanio Donato (cello)","Piano, Bass, 3 Bandoneons, 4 Violins, Accordian, Cello"
Edgardo Donato,Edgardo Donato y sus Muchachos,8/6/1941,Mañana Será La Mía,,Vals,Lita Morales y Horacio Lagos (con coro),Víctor,BAVE-059693,39422-B,78rpm,Egidio Pittaluga,Mario Battistella,,34-42 Bertolin Accordian,Osvaldo Donato,José Campesi,"Juan Turturiello, Vicente Vilardi, Miguel Bonano, Osvaldo Bertolín (accordian)","Edgardo Donato, Domingo Milillo, Armando Piovani, José Pollicita, Ascanio Donato (cello)","Piano, Bass, 3 Bandoneons, 4 Violins, Accordian, Cello"
Edgardo Donato,Edgardo Donato y sus Muchachos,8/6/1941,Un Libro,,Tango,Horacio Lagos,Víctor,BAVE-059692,39422-A,78rpm,Osvaldo Donato,Ricardo Olcese,,34-42 Bertolin Accordian,Osvaldo Donato,José Campesi,"Juan Turturiello, Vicente Vilardi, Miguel Bonano, Osvaldo Bertolín (accordian)","Edgardo Donato, Domingo Milillo, Armando Piovani, José Pollicita, Ascanio Donato (cello)","Piano, Bass, 3 Bandoneons, 4 Violins, Accordian, Cello"
Edgardo Donato,Edgardo Donato y sus Muchachos,10/2/1941,A Oscuras,,Tango,,Víctor,BAVE-059516,39314,78rpm,Ascañio Donato,Héctor Marcó,,34-42 Bertolin Accordian,Osvaldo Donato,José Campesi,"Juan Turturiello, Vicente Vilardi, Miguel Bonano, Osvaldo Bertolín (accordian)","Edgardo Donato, Domingo Milillo, Armando Piovani, José Pollicita, Ascanio Donato (cello)","Piano, Bass, 3 Bandoneons, 4 Violins, Accordian, Cello"
Edgardo Donato,Edgardo Donato y sus Muchachos,10/13/1941,A Media Luz,,Tango,Horacio Lagos,Víctor,59826,39441-A,78rpm,Edgardo Donato,Carlos Lenzi,,34-42 Bertolin Accordian,Osvaldo Donato,José Campesi,"Juan Turturiello, Vicente Vilardi, Miguel Bonano, Osvaldo Bertolín (accordian)","Edgardo Donato, Domingo Milillo, Armando Piovani, José Pollicita, Ascanio Donato (cello)","Piano, Bass, 3 Bandoneons, 4 Violins, Accordian, Cello"
Edgardo Donato,Edgardo Donato y sus Muchachos,10/13/1941,Quién Será,,Vals,Horacio Lagos,Víctor,BAVE-059827,39441-B,78rpm,Luis Rubistein,Luis Rubistein,,34-42 Bertolin Accordian,Osvaldo Donato,José Campesi,"Juan Turturiello, Vicente Vilardi, Miguel Bonano, Osvaldo Bertolín (accordian)","Edgardo Donato, Domingo Milillo, Armando Piovani, José Pollicita, Ascanio Donato (cello)","Piano, Bass, 3 Bandoneons, 4 Violins, Accordian, Cello"
Edgardo Donato,Edgardo Donato y sus Muchachos,11/25/1941,No Se Haga Mala Sangre,,Polca Humoristica,,Víctor,BAVE-059586,39366,78rpm,Luis Rubistein,Luis Rubistein,,34-42 Bertolin Accordian,Osvaldo Donato,José Campesi,"Juan Turturiello, Vicente Vilardi, Miguel Bonano, Osvaldo Bertolín (accordian)","Edgardo Donato, Domingo Milillo, Armando Piovani, José Pollicita, Ascanio Donato (cello)","Piano, Bass, 3 Bandoneons, 4 Violins, Accordian, Cello"
Edgardo Donato,Edgardo Donato y sus Muchachos,3/11/1942,Cara Negra,,Milonga,Horacio Lagos,Víctor,69606,39544-A,78rpm,José Rótulo,Edgardo Donato,,34-42 Bertolin Accordian,Osvaldo Donato,José Campesi,"Juan Turturiello, Vicente Vilardi, Miguel Bonano, Osvaldo Bertolín (accordian)","Edgardo Donato, Domingo Milillo, Armando Piovani, José Pollicita, Ascanio Donato (cello)","Piano, Bass, 3 Bandoneons, 4 Violins, Accordian, Cello"
Edgardo Donato,Edgardo Donato y sus Muchachos,3/11/1942,Mishiadura,,Tango,Instrumental,Víctor,69607,39544-B,78rpm,Eduardo Arolas,Alfredo Bigeschi,,34-42 Bertolin Accordian,Osvaldo Donato,José Campesi,"Juan Turturiello, Vicente Vilardi, Miguel Bonano, Osvaldo Bertolín (accordian)","Edgardo Donato, Domingo Milillo, Armando Piovani, José Pollicita, Ascanio Donato (cello)","Piano, Bass, 3 Bandoneons, 4 Violins, Accordian, Cello"
Edgardo Donato,Edgardo Donato y sus Muchachos,5/28/1942,Parece Ayer,,Tango,Horacio Lagos,Víctor,69713,39603-A,78rpm,Edgardo Donato,José Contursi,,34-42 Bertolin Accordian,Osvaldo Donato,José Campesi,"Juan Turturiello, Vicente Vilardi, Miguel Bonano, Osvaldo Bertolín (accordian)","Edgardo Donato, Domingo Milillo, Armando Piovani, José Pollicita, Ascanio Donato (cello)","Piano, Bass, 3 Bandoneons, 4 Violins, Accordian, Cello"
Edgardo Donato,Edgardo Donato y sus Muchachos,5/28/1942,Tu Confidencia,,Tango,Romeo Gavioli,Víctor,69714,39603-B,78rpm,"Romeo Gavioli, Mauricio Miserizky",José Rótulo,,34-42 Bertolin Accordian,Osvaldo Donato,José Campesi,"Juan Turturiello, Vicente Vilardi, Miguel Bonano, Osvaldo Bertolín (accordian)","Edgardo Donato, Domingo Milillo, Armando Piovani, José Pollicita, Ascanio Donato (cello)","Piano, Bass, 3 Bandoneons, 4 Violins, Accordian, Cello"
Edgardo Donato,Edgardo Donato y sus Muchachos,8/6/1942,Lonjazos,Rezo Gaucho,Tango,Horacio Lagos-Romeo Gavioli,Víctor,69860,39686-B,78rpm,Andrés Doménech,Jesús Blanco,,34-42 Bertolin Accordian,Osvaldo Donato,José Campesi,"Juan Turturiello, Vicente Vilardi, Miguel Bonano, Osvaldo Bertolín (accordian)","Edgardo Donato, Domingo Milillo, Armando Piovani, José Pollicita, Ascanio Donato (cello)","Piano, Bass, 3 Bandoneons, 4 Violins, Accordian, Cello"
Edgardo Donato,Edgardo Donato y sus Muchachos,8/6/1942,Mendocina,,Vals,Romeo Gavioli,Víctor,69859,39686-A,78rpm,Miguel Bruno,Benigno Palmeiro,,34-42 Bertolin Accordian,Osvaldo Donato,José Campesi,"Juan Turturiello, Vicente Vilardi, Miguel Bonano, Osvaldo Bertolín (accordian)","Edgardo Donato, Domingo Milillo, Armando Piovani, José Pollicita, Ascanio Donato (cello)","Piano, Bass, 3 Bandoneons, 4 Violins, Accordian, Cello"
Edgardo Donato,Edgardo Donato y sus Muchachos,8/6/1942,Lonjazos (Rezo Gaucho),,Tango,Romeo Gavioli y Horacio Lagos,Víctor,,,78rpm,,,,34-42 Bertolin Accordian,Osvaldo Donato,José Campesi,"Juan Turturiello, Vicente Vilardi, Miguel Bonano, Osvaldo Bertolín (accordian)","Edgardo Donato, Domingo Milillo, Armando Piovani, José Pollicita, Ascanio Donato (cello)","Piano, Bass, 3 Bandoneons, 4 Violins, Accordian, Cello"
Edgardo Donato,Edgardo Donato y sus Muchachos,3/23/1944,El Lecherito,,Milonga,Jorge Denis y Daniel Adamo,Víctor,79586,60-0387-B,78rpm,Edgardo Donato,Horacio Sanguinetti,,44-61 Post Breakup,Bernardo Blas,UNKNOWN,"Ernesto Rossi, Julián Plaza, UNKNOWN","Rolando Curzel, UNKNOWN","Piano, Bass, 3 Bandoneons, 2 Violins"
Edgardo Donato,Edgardo Donato y sus Muchachos,3/23/1944,La Gran Aldea,,Tango,Jorge Denis,Víctor,79585,60-0387-A,78rpm,Edgardo Donato,Horacio Sanguinetti,,44-61 Post Breakup,Bernardo Blas,UNKNOWN,"Ernesto Rossi, Julián Plaza, UNKNOWN","Rolando Curzel, UNKNOWN","Piano, Bass, 3 Bandoneons, 2 Violins"
Edgardo Donato,Edgardo Donato y sus Muchachos,3/21/1945,Barrio Tranquilo,,Tango,Pablo Lozano,Víctor,80581,60-0655-A,78rpm,Arturo Gallucci,Víctorino Velázquez,,44-61 Post Breakup,Bernardo Blas,UNKNOWN,"Ernesto Rossi, Julián Plaza, UNKNOWN","Rolando Curzel, UNKNOWN","Piano, Bass, 3 Bandoneons, 2 Violins"
Edgardo Donato,Edgardo Donato y sus Muchachos,3/21/1945,La De Los Ojos Tristes,,Tango,Pablo Lozano,Víctor,80582,60-0655-B,78rpm,Edgardo Donato,Héctor Marcó,,44-61 Post Breakup,Bernardo Blas,UNKNOWN,"Ernesto Rossi, Julián Plaza, UNKNOWN","Rolando Curzel, UNKNOWN","Piano, Bass, 3 Bandoneons, 2 Violins"
Edgardo Donato,Edgardo Donato y sus Muchachos,6/28/1945,"Portero, Suba Y Diga",,Tango,Roberto Beltrán,Víctor,80704,60-0719-A,78rpm,Eduardo De Labar,Luis Amadori,,44-61 Post Breakup,Bernardo Blas,UNKNOWN,"Ernesto Rossi, Julián Plaza, UNKNOWN","Rolando Curzel, UNKNOWN","Piano, Bass, 3 Bandoneons, 2 Violins"
Edgardo Donato,Edgardo Donato y su Moderna Orquesta Típica,6/28/1945,Pregonera,,Tango,Alberto Podestá,Víctor,80705,60-0719-B,78rpm,Alfredo De Ángelis,José Rótulo,,44-61 Post Breakup,Bernardo Blas,UNKNOWN,"Ernesto Rossi, Julián Plaza, UNKNOWN","Rolando Curzel, UNKNOWN","Piano, Bass, 3 Bandoneons, 2 Violins"
Edgardo Donato,Edgardo Donato y su Orquesta Típica,4/14/1950,Che Bandoneón,,Tango,Carlos Almada,Pampa,MAI 4,PM 11001-B,,Aníbal Troilo,Homero Manzi,,44-61 Post Breakup,,,,,
Edgardo Donato,Edgardo Donato y su Orquesta Típica,4/14/1950,El Huracán,,Tango,Carlos Almada,Pampa,P 003/1,11001-A,,"Osvaldo Donato, Edgardo Donato",Manuel López,,44-61 Post Breakup,,,,,
Edgardo Donato,Edgardo Donato y sus Muchachos,4/14/1950,El Huracan,,Tango,Carlos Almada,Víctor,MAI 3,PM 11001-A,78rpm,"Edgardo, Osvaldo Donato",Nolo Lopez,,44-61 Post Breakup,Bernardo Blas,UNKNOWN,"Ernesto Rossi, Julián Plaza, UNKNOWN","Rolando Curzel, UNKNOWN","Piano, Bass, 3 Bandoneons, 2 Violins"
Edgardo Donato,Edgardo Donato y su Orquesta Típica,7/7/1950,A Media Luz,,Tango,Carlos Almada,Pampa,MAI 32,PM 11002-A,,Edgardo Donato,Carlos Lenzi,,44-61 Post Breakup,,,,,
Edgardo Donato,Edgardo Donato y su Orquesta Típica,7/7/1950,Mamboreta,,Tango,Carlos Almada,Pampa,MAI 31,PM 11002-B,,María Godard,Francisco Jiménez,,44-61 Post Breakup,,,,,
Edgardo Donato,Edgardo Donato y su Orquesta Típica,8/14/1950,Jorge Duval,,Tango,Instrumental,Pampa,MAI 45,PM 11003-B,,Alfredo De Ángelis,,,44-61 Post Breakup,,,,,
Edgardo Donato,Edgardo Donato y su Orquesta Típica,8/14/1950,Pituca,,Tango,Carlos Almada,Pampa,MAI 46,PM 11003-A,,Enrique Cadícamo,Rogelio Ferreyra,,44-61 Post Breakup,,,,,
Edgardo Donato,Edgardo Donato y su Orquesta Típica,10/16/1950,Por Qué No Me Besas,,Vals,Adolfo Rivas,Pampa,MAI 84,PM 11004-B,,Francisco Caso,Homero Manzi,,44-61 Post Breakup,,,,,
Edgardo Donato,Edgardo Donato y su Orquesta Típica,10/16/1950,Se Va La Vida,,Tango,Carlos Almada,Pampa,MAI 85,PM 11004-A,,"Edgardo Donato, Roberto Zerrillo",Luis Mario,,44-61 Post Breakup,,,,,
Edgardo Donato,Edgardo Donato y su Orquesta Típica,12/1/1950,Julián,,Tango,Instrumental,Pampa,MAI 130,PM 11005-B,,Edgardo Donato,José Panizza,,44-61 Post Breakup,,,,,
Edgardo Donato,Edgardo Donato y su Orquesta Típica,12/1/1950,Qué Fenómeno,,Tango,Carlos Almada,Pampa,MAI 131,PM 11005-A,,Anselmo Aieta,Enrique Dizeo,,44-61 Post Breakup,,,,,
Edgardo Donato,Edgardo Donato y su Orquesta Típica,12/26/1950,Cómo Se Pianta La Vida,,Tango,Carlos Almada,Pampa,MAI 170,PM 11010-A,,Carlos Viván,Carlos Viván,,44-61 Post Breakup,,,,,
Edgardo Donato,Edgardo Donato y su Orquesta Típica,12/26/1950,Tu Desprecio,,Tango,Adolfo Rivas,Pampa,MAI 171,PM 11010-B,,Edgardo Donato,Homero Manzi,,44-61 Post Breakup,,,,,
Edgardo Donato,Edgardo Donato y su Orquesta Típica,6/6/1951,El Patio De La Morocha,,Tango,Carlos Almada,Pampa,MAI 236,PM 11018-A,,Mariano Mores,Cátulo Castillo,,44-61 Post Breakup,,,,,
Edgardo Donato,Edgardo Donato y su Orquesta Típica,6/6/1951,Mi Virgencita De Luján,,Vals,Hugo Roca,Pampa,MAI 237,PM 11018-B,,Edgardo Donato,Horacio Sanguinetti,,44-61 Post Breakup,,,,,
Edgardo Donato,Edgardo Donato y su Orquesta Típica,9/17/1951,Cartón Ligador,,Tango,Instrumental,Pampa,MAI 380,PM 11029-B,,Edgardo Donato,"Roberto Fontaina, Víctor Soliño",,44-61 Post Breakup,,,,,
Edgardo Donato,Edgardo Donato y su Orquesta Típica,9/17/1951,El Camión,,Tango,Carlos Almada,Pampa,MAI 381,PM 11029-A,,"Ricardo Seritti, Alberto Basilio",Basilio Ruiz,,44-61 Post Breakup,,,,,
Edgardo Donato,Edgardo Donato y su Orquesta Típica,9/17/1951,El Vinacho,,Milonga,Carlos Almada,Pampa,MAI 378,PM 11039-A,,José Razzano,Julio Navarrine,,44-61 Post Breakup,,,,,
Edgardo Donato,Edgardo Donato y su Orquesta Típica,9/17/1951,Por Qué Doblan Las Campanas,,Tango,Carlos Almada,Pampa,MAI 379,PM 11039-B,,Alfredo De Ángelis,José Rótulo,,44-61 Post Breakup,,,,,
Edgardo Donato,Edgardo Donato y su Orquesta Típica,11/13/1951,Muchacho,,Tango,Carlos Almada,Pampa,MAI 470,PM 14001-A,,Edgardo Donato,Celedonio Flores,,44-61 Post Breakup,,,,,
Edgardo Donato,Edgardo Donato y su Orquesta Típica,11/13/1951,Un Mal Día,,Tango,Carlos Almada,Pampa,MAI 471,PM 14001-B,,Horacio Riente,Carlos Almada,,44-61 Post Breakup,,,,,
Edgardo Donato,Edgardo Donato y su Orquesta Típica,1/18/1952,El Acomodo,,Tango,Instrumental,Pampa,MAI 575,PM 14012-B,,Edgardo Donato,,,44-61 Post Breakup,,,,,
Edgardo Donato,Edgardo Donato y su Orquesta Típica,1/18/1952,Pensá Lo Que Has Hecho,,Tango,Carlos Almada,Pampa,MAI 577,PM 14019-B,,Osvaldo Donato,Julio Nelson,,44-61 Post Breakup,,,,,
Edgardo Donato,Edgardo Donato y su Orquesta Típica,1/18/1952,Por Una Mujer,,Vals,Carlos Almada,Pampa,MAI 578,PM 14019-A,,Enrique Maciel,Enrique Maroni,,44-61 Post Breakup,,,,,
Edgardo Donato,Edgardo Donato y su Orquesta Típica,1/18/1952,Preparate Pa´l Domingo,,Tango,Carlos Almada,Pampa,MAI 576,PM 14012-A,,Guillermo Barbieri,José Rial,,44-61 Post Breakup,,,,,
Edgardo Donato,Edgardo Donato y su Orquesta Típica,6/25/1952,Mi Serenata,,Tango,Alberto Podestá y Carlos Almada,Pampa,MAI 710,PM 14026-A,,Edgardo Donato,Juan Thorry,,44-61 Post Breakup,,,,,
Edgardo Donato,Edgardo Donato y su Orquesta Típica,6/25/1952,Será Una Noche,,Tango,Carlos Almada,Pampa,MAI 709,PM 14026-B,,José Tinelli,Manuel Campos,,44-61 Post Breakup,,,,,
Edgardo Donato,Edgardo Donato y su Orquesta Típica,7/25/1952,Oyeme Mamá,,Tango,Carlos Almada,Pampa,MAI 744,PM 14033-A,,Armando Baliotti,Julio Nelson,,44-61 Post Breakup,,,,,
Edgardo Donato,Edgardo Donato y su Orquesta Típica,7/25/1952,Papas Calientes,,Tango,Instrumental,Pampa,MAI 743,PM 14033-B,,Eduardo Arolas,Héctor Polito,,44-61 Post Breakup,,,,,
Edgardo Donato,Edgardo Donato y su Orquesta Típica,11/4/1952,El Huracán,,Tango,Instrumental,Pampa,MAI 3,45 2014-A,,"Edgardo Donato, Nolo López",Nolo Lopez,,44-61 Post Breakup,,,,,
Edgardo Donato,Edgardo Donato y su Orquesta Típica,11/4/1952,Para Qué,,Tango,Instrumental,Pampa,MAI 882,45 2014-B,,"Osvaldo Borroni, Armando Tagini",Armando Tagini,,44-61 Post Breakup,,,,,
Edgardo Donato,Edgardo Donato y su Orquesta Típica,1/2/1953,Apronte,,Milonga,Roberto Morel,Pampa,MAI 980,PM 14045-B,,José Anastasio,Celedonio Flores,,44-61 Post Breakup,,,,,
Edgardo Donato,Edgardo Donato y su Orquesta Típica,1/2/1953,Berretines De Bacana,,Tango,Roberto Morel,Pampa,MAI 979,PM 14045-A,,Carlos Mayel,Julio Budano,,44-61 Post Breakup,,,,,
Edgardo Donato,Edgardo Donato y su Orquesta Típica,4/24/1953,Sangre De Mi Sangre,,Tango,Raúl Angeló,Pampa,MAI 1101,PM 14059-A,,Reinaldo Yiso,Juan Mañueco,,44-61 Post Breakup,,,,,
Edgardo Donato,Edgardo Donato y su Orquesta Típica,4/24/1953,Un Poco Tarde,,Tango,Roberto Morel,Pampa,MAI 1100,PM 14059-B,,Edgardo Donato,Reinaldo Yiso,,44-61 Post Breakup,,,,,
Edgardo Donato,Edgardo Donato y su Orquesta Típica,7/25/1953,El Descolado,,Milonga,Roberto Morel,Pampa,MAI 1159,PM 14067-A,Tape,"Roberto Morel, Carlos Mayel",Aldo Queirolo,,44-61 Post Breakup,,,,,
Edgardo Donato,Edgardo Donato y su Orquesta Típica,7/25/1953,Sábado Inglés,,Tango,Instrumental,Pampa,MAI 1158,PM 14067-B,Tape,Juan Pacho,Eugenio Cárdenas,,44-61 Post Breakup,,,,,
Edgardo Donato,Edgardo Donato y su Orquesta Típica,8/11/1953,T.b.c.,,Tango,Roberto Morel y Raúl Angeló,Pampa,MAI 1192,PS 5021-B,Tape,Ascañio Donato,"Roberto Fontaina, Víctor Soliño",,44-61 Post Breakup,,,,,
Edgardo Donato,Edgardo Donato y su Orquesta Típica,8/11/1953,Una Canción,,Tango,Roberto Morel,Pampa,MAI 1193,PS 5021-A,Tape,Aníbal Troilo,Cátulo Castillo,,44-61 Post Breakup,,,,,
Edgardo Donato,Edgardo Donato y su Orquesta Típica,11/27/1953,Pa'l Nene,,Tango,Roberto Morel,Pampa,MAI 1282,PS 5029-A,Tape,Edmundo Rivero,Mario Battistella,,44-61 Post Breakup,,,,,
Edgardo Donato,Edgardo Donato y su Orquesta Típica,11/27/1953,Por Eso Canto Así,,Tango,Raúl Angeló,Pampa,MAI 1283,PS 5029-B,Tape,Luis Pereyra,Antonio Cantó,,44-61 Post Breakup,,,,,
Edgardo Donato,Edgardo Donato y su Orquesta Típica,6/10/1954,El Pollito,,Tango,Instrumental,Pampa,MAI 1375,PS 5065-B,Tape,Francisco Canaro,,,44-61 Post Breakup,,,,,
Edgardo Donato,Edgardo Donato y su Orquesta Típica,6/10/1954,Qué Globera,,Tango,Roberto Morel,Pampa,MAI 1374,PS 5065-A,Tape,"Edgardo Donato, Carlos Massetti, Octavio Martingano","Edgardo Donato, Carlos Massetti, Octavio Martingano",,44-61 Post Breakup,,,,,
Edgardo Donato,Edgardo Donato y su Orquesta Típica,12/17/1954,Fuegos Artificiales,,Tango,Instrumental,Pampa,MAI 1525,PS 5066-A,Tape,"Roberto Firpo, Eduardo Arolas",Eduardo Arolas,,44-61 Post Breakup,,,,,
Edgardo Donato,Edgardo Donato y su Orquesta Típica,12/17/1954,Yo Nací Para Palermo,,Tango,Roberto Morel,Pampa,MAI 1526,PS 5066-B,Tape,"Roberto Morel, José Anastasio",Modesto Botti,,44-61 Post Breakup,,,,,
Edgardo Donato,Edgardo Donato y su Orquesta Típica,3/25/1955,Fue Mi Salvación,,Tango,Roberto Morel,Pampa,MAI 1567,PS 5068-A,Tape,Ascañio Donato,Alberto Cosentino,,44-61 Post Breakup,,,,,
Edgardo Donato,Edgardo Donato y su Orquesta Típica,3/25/1955,Has Llegado,,Vals,Roberto Morel,Pampa,MAI 1568,PS 5068-B,Tape,Edgardo Donato,Elizardo Vilas,,44-61 Post Breakup,,,,,
Edgardo Donato,Edgardo Donato y su Orquesta Típica,6/10/1955,El Disloque,,Tango,Roberto Morel,Pampa,MAI 1652,PS 5070-A,Tape,Edgardo Donato,Nolo López,,44-61 Post Breakup,,,,,
Edgardo Donato,Edgardo Donato y su Orquesta Típica,6/10/1955,Novia De Pueblo,,Tango,Roberto Morel,Pampa,MAI 1653,PS 5070-B,Tape,Orlando Colauti,Félix Mauré,,44-61 Post Breakup,,,,,
Edgardo Donato,Edgardo Donato y su Orquesta Típica,12/14/1955,Desorientado,,Tango,Oscar Peralta,Pampa,MAI 1774,PS 5071-B,Tape,"Miguel Caló, Elizardo Vila, Oscar Rubens","Miguel Caló, Elizardo Vila, Oscar Rubens",,44-61 Post Breakup,,,,,
Edgardo Donato,Edgardo Donato y su Orquesta Típica,12/14/1955,Volvé,,Tango,Nilda Marino,Pampa,MAI 1775,PS 5071-A,Tape,Edgardo Donato,Luis Herrera,,44-61 Post Breakup,,,,,
Edgardo Donato,Edgardo Donato y su Orquesta Típica,4/6/1956,Historia De Un Amor,,Tango,Oscar Peralta,Pampa,MAI 1843,PS 6145-A,Tape,Carlos Almarán,Carlos Almarán,,44-61 Post Breakup,,,,,
Edgardo Donato,Edgardo Donato y su Orquesta Típica,4/6/1956,Sencillo Pero Vistoso,,Tango,Instrumental,Pampa,MAI 1844,PS 6145-B,Tape,Orlando Calautti,,,44-61 Post Breakup,,,,,
Edgardo Donato,Edgardo Donato y su Orquesta Típica,6/21/1956,El Chupete,,Tango,Instrumental,Pampa,MAI 1887,PS 5072-B,Tape,Carlos Gaudencio,Ángel Timarni,,44-61 Post Breakup,,,,,
Edgardo Donato,Edgardo Donato y su Orquesta Típica,6/21/1956,Lágrimas,,Tango,Oscar Peralta,Pampa,MAI 1888,PS 5072-A,Tape,Edgardo Donato,Maruja Huergo,,44-61 Post Breakup,,,,,
Edgardo Donato,Edgardo Donato y su Orquesta Típica,8/24/1956,Doble Condena,,Tango,Oscar Peralta,Pampa,MAI 1935,PS 5074-B,Tape,Orlando Calautti,Félix Mauré,,44-61 Post Breakup,,,,,
Edgardo Donato,Edgardo Donato y su Orquesta Típica,8/24/1956,Naranjerita,,Tango,Alberto Aguirre,Pampa,MAI 1936,PS 5074-A,Tape,Osvaldo Cordero,,,44-61 Post Breakup,,,,,
Edgardo Donato,Edgardo Donato y su Orquesta Típica,10/2/1956,Cosita Linda,,Tango,Alberto Aguirre,Pampa,MAI 1971,PS 5075-A,Tape,Edgardo Donato,Alberto Aguirre,,44-61 Post Breakup,,,,,
Edgardo Donato,Edgardo Donato y su Orquesta Típica,10/2/1956,Manantial,,Tango,Instrumental,Pampa,MAI 1972,PS 5075-B,Tape,Luis Pereyra,,,44-61 Post Breakup,,,,,
Edgardo Donato,Edgardo Donato y su Orquesta Típica,3/19/1957,El Lengue,,Tango,Instrumental,Pampa,MAI 2052,PS 5076-B,Tape,Edgardo Donato,,,44-61 Post Breakup,,,,,
Edgardo Donato,Edgardo Donato y su Orquesta Típica,3/19/1957,Rosa De Fuego,,Tango,Alberto Aguirre,Pampa,MAI 2051,PS 5076-A,Tape,Manuel Jovés,Antonio Viérgol,,44-61 Post Breakup,,,,,
Edgardo Donato,Edgardo Donato y su Orquesta Típica,8/8/1957,Levantate Y Andá,,Tango,Oscar Peralta,Pampa,MAI 2123,PS 5077-A,Tape,Osvaldo Donato,Alberto Maraviglia,,44-61 Post Breakup,,,,,
Edgardo Donato,Edgardo Donato y su Orquesta Típica,8/8/1957,Y Te Fuiste A Buenos Aires,,Tango,Alberto Aguirre,Pampa,MAI 2128,PS 5077-B,Tape,Emilio Brameri,Lito Bayardo,,44-61 Post Breakup,,,,,
Edgardo Donato,Edgardo Donato y su Orquesta Típica,11/1/1961,A Media Luz,,Tango,Andrès Galarce,Víctor,,,Tape,Edgardo Donato,Carlos Lenzi,,44-61 Post Breakup,,,,,
Edgardo Donato,Edgardo Donato y su Orquesta Típica,11/1/1961,El Huracán,,Tango,Andrès Galarce,Víctor,,,Tape,"Osvaldo Donato, Edgardo Donato",Nolo López,,44-61 Post Breakup,,,,,
Edgardo Donato,Edgardo Donato y su Orquesta Típica,11/1/1961,Se Va La Vida,,Tango,Andrès Galarce,Víctor,,,Tape,"Edgardo Donato, Roberto Zerrillo",Luis Mario,,44-61 Post Breakup,,,,,
Edgardo Donato,Edgardo Donato y su Orquesta Típica,11/1/1961,T.b.c.,,Tango,Andrès Galarce,Víctor,,,Tape,Ascañio Donato,"Roberto Fontaina, Víctor Soliño",,44-61 Post Breakup,,,,,
