Bandleader,Orchestra,Date,Title,AltTitle,Genre,Singer,Label,Master,Composer,Author,Arranger,Grouping,Pianist,Bassist,Bandoneons,Strings,Lineup,Matrix,Disc
Francisco Lomuto,Orquesta Francisco Lomuto,1925,Cantá Corazón,,Tango,Instrumental,Odeón,,Francisco Payá,,,22-25 Acoustic,Erique Lomuto,Manuel Dopaso (Drums),"Pedro Polito, Vicente Romeo, Carmelo Águila (Clarinet)","Luis Martini, Esteban Rovati","Piano, 2 Bandoneons, 2 Violins, Drums, Clarinet",3043,7629
Francisco Lomuto,Orquesta Francisco Lomuto,1925,La Cumparsita,Si Supieras,Tango,Instrumental,Odeón,,Gerardo Hernán Matos Rodríguez,"Pascual Contursi, Enrique Maroni, Gerardo Rodríguez",,22-25 Acoustic,Erique Lomuto,Manuel Dopaso (Drums),"Pedro Polito, Vicente Romeo, Carmelo Águila (Clarinet)","Luis Martini, Esteban Rovati","Piano, 2 Bandoneons, 2 Violins, Drums, Clarinet",3042,7629
Francisco Lomuto,Orquesta Francisco Lomuto,1925,Muchacho,,Tango,Instrumental,Odeón,,Edgardo Felipe Valerio Donato,Celedonio Esteban Flores,,22-25 Acoustic,Erique Lomuto,Manuel Dopaso (Drums),"Pedro Polito, Vicente Romeo, Carmelo Águila (Clarinet)","Luis Martini, Esteban Rovati","Piano, 2 Bandoneons, 2 Violins, Drums, Clarinet",3210,7635
Francisco Lomuto,Orquesta Francisco Lomuto,1926,El Brujo,,Tango,Instrumental,Odeón,,Juan Carlos Bazán,Enrique Carrasquilla Mallarino,,26-27 Pre Charlo,Erique Lomuto,Alfredo Sciarreta,"Daniel Alvarez, Ángel Danesi, Minotto Di Cicco, Carmelo Aguila (Clarinet)","Eduardo Armani, Adolfo Muzzi, Tomás Robatti (Cello)","Piano, Bass, 3 Bandoneons, 2 Violins, Clarinet, Cello",3436,7651
Francisco Lomuto,Orquesta Francisco Lomuto,1926,El Circo se Va,,Tango,Instrumental,Odeón,,Ovidio Catulo González Castillo,José González Castillo,,26-27 Pre Charlo,Erique Lomuto,Alfredo Sciarreta,"Daniel Alvarez, Ángel Danesi, Minotto Di Cicco, Carmelo Aguila (Clarinet)","Eduardo Armani, Adolfo Muzzi, Tomás Robatti (Cello)","Piano, Bass, 3 Bandoneons, 2 Violins, Clarinet, Cello",3561,7652
Francisco Lomuto,Orquesta Francisco Lomuto,1926,Meterete,,Tango,Instrumental,Odeón,,N. Vecchio,,,26-27 Pre Charlo,Erique Lomuto,Alfredo Sciarreta,"Daniel Alvarez, Ángel Danesi, Minotto Di Cicco, Carmelo Aguila (Clarinet)","Eduardo Armani, Adolfo Muzzi, Tomás Robatti (Cello)","Piano, Bass, 3 Bandoneons, 2 Violins, Clarinet, Cello",3628,7664
Francisco Lomuto,Orquesta Francisco Lomuto,1926,Pobre Mateo,,Tango,Instrumental,Odeón,,Francisco Nicolás Pracánico,Francisco Bohígas,,26-27 Pre Charlo,Erique Lomuto,Alfredo Sciarreta,"Daniel Alvarez, Ángel Danesi, Minotto Di Cicco, Carmelo Aguila (Clarinet)","Eduardo Armani, Adolfo Muzzi, Tomás Robatti (Cello)","Piano, Bass, 3 Bandoneons, 2 Violins, Clarinet, Cello",3831,7665
Francisco Lomuto,Orquesta Francisco Lomuto,1926,Rulitos,,Tango,Instrumental,Odeón,,Ricardo Luis Brignolo,José González Castillo,,26-27 Pre Charlo,Erique Lomuto,Alfredo Sciarreta,"Daniel Alvarez, Ángel Danesi, Minotto Di Cicco, Carmelo Aguila (Clarinet)","Eduardo Armani, Adolfo Muzzi, Tomás Robatti (Cello)","Piano, Bass, 3 Bandoneons, 2 Violins, Clarinet, Cello",3440,7657
Francisco Lomuto,Orquesta Francisco Lomuto Jazz Band,1926,Yo Te Bendigo,,Tango,Instrumental,Odeón,,Oscar Juan de Dios Filiberti,Juan Andrés Bruno,,26-27 Pre Charlo,Erique Lomuto,Alfredo Sciarreta,"Daniel Alvarez, Ángel Danesi, Minotto Di Cicco, Carmelo Aguila (Clarinet)","Eduardo Armani, Adolfo Muzzi, Tomás Robatti (Cello)","Piano, Bass, 3 Bandoneons, 2 Violins, Clarinet, Cello",3438,7653
Francisco Lomuto,Orquesta Francisco Lomuto,3/23/1927,Mucha Clase,,Tango,Instrumental,Odeón,,Américo Bianchi,,,26-27 Pre Charlo,Erique Lomuto,Alfredo Sciarreta,"Daniel Alvarez, Ángel Danesi, Minotto Di Cicco, Carmelo Aguila (Clarinet)","Eduardo Armani, Adolfo Muzzi, Tomás Robatti (Cello)","Piano, Bass, 3 Bandoneons, 2 Violins, Clarinet, Cello",514,7703
Francisco Lomuto,Orquesta Francisco Lomuto,3/23/1927,Por Dónde Andará,,Tango,Instrumental,Odeón,,Salvador Merico,Atilio Supparo,,26-27 Pre Charlo,Erique Lomuto,Alfredo Sciarreta,"Daniel Alvarez, Ángel Danesi, Minotto Di Cicco, Carmelo Aguila (Clarinet)","Eduardo Armani, Adolfo Muzzi, Tomás Robatti (Cello)","Piano, Bass, 3 Bandoneons, 2 Violins, Clarinet, Cello",513,7702
Francisco Lomuto,Orquesta Francisco Lomuto,3/23/1927,Rezongos,,Tango,Instrumental,Odeón,,José María Rizzuti,Eduardo Calvo,,26-27 Pre Charlo,Erique Lomuto,Alfredo Sciarreta,"Daniel Alvarez, Ángel Danesi, Minotto Di Cicco, Carmelo Aguila (Clarinet)","Eduardo Armani, Adolfo Muzzi, Tomás Robatti (Cello)","Piano, Bass, 3 Bandoneons, 2 Violins, Clarinet, Cello",515,7703
Francisco Lomuto,Orquesta Francisco Lomuto,4/8/1927,Amurado,,Tango,Instrumental,Odeón,,"Pedro Blanco Acosta, Pedro Mario Maffia",José De Grandis,,26-27 Pre Charlo,Erique Lomuto,Alfredo Sciarreta,"Daniel Alvarez, Ángel Danesi, Minotto Di Cicco, Carmelo Aguila (Clarinet)","Eduardo Armani, Adolfo Muzzi, Tomás Robatti (Cello)","Piano, Bass, 3 Bandoneons, 2 Violins, Clarinet, Cello",586,7706
Francisco Lomuto,Orquesta Francisco Lomuto,4/8/1927,Campanita,,Tango,Instrumental,Odeón,,Juan Polito,Salvador Polito,,26-27 Pre Charlo,Erique Lomuto,Alfredo Sciarreta,"Daniel Alvarez, Ángel Danesi, Minotto Di Cicco, Carmelo Aguila (Clarinet)","Eduardo Armani, Adolfo Muzzi, Tomás Robatti (Cello)","Piano, Bass, 3 Bandoneons, 2 Violins, Clarinet, Cello",590,7704
Francisco Lomuto,Orquesta Francisco Lomuto,4/8/1927,Tocá un Tango,,Tango,Instrumental,Odeón,,Lorenzo Olivari,,,26-27 Pre Charlo,Erique Lomuto,Alfredo Sciarreta,"Daniel Alvarez, Ángel Danesi, Minotto Di Cicco, Carmelo Aguila (Clarinet)","Eduardo Armani, Adolfo Muzzi, Tomás Robatti (Cello)","Piano, Bass, 3 Bandoneons, 2 Violins, Clarinet, Cello",589,7704
Francisco Lomuto,Orquesta Francisco Lomuto,4/30/1927,Corazón de Porteña,,Tango,Instrumental,Odeón,,Juan Baüer,,,26-27 Pre Charlo,Erique Lomuto,Alfredo Sciarreta,"Daniel Alvarez, Ángel Danesi, Minotto Di Cicco, Carmelo Aguila (Clarinet)","Eduardo Armani, Adolfo Muzzi, Tomás Robatti (Cello)","Piano, Bass, 3 Bandoneons, 2 Violins, Clarinet, Cello",686,7710
Francisco Lomuto,Orquesta Francisco Lomuto,4/30/1927,Mariposa,,Tango,Instrumental,Odeón,,José Alberani,,,26-27 Pre Charlo,Erique Lomuto,Alfredo Sciarreta,"Daniel Alvarez, Ángel Danesi, Minotto Di Cicco, Carmelo Aguila (Clarinet)","Eduardo Armani, Adolfo Muzzi, Tomás Robatti (Cello)","Piano, Bass, 3 Bandoneons, 2 Violins, Clarinet, Cello",685,7708
Francisco Lomuto,Orquesta Francisco Lomuto,6/4/1927,De Tardecita,,Tango,Instrumental,Odeón,,Nicolás Messutti,Carlos Álvarez Pintos,,26-27 Pre Charlo,Erique Lomuto,Alfredo Sciarreta,"Daniel Alvarez, Ángel Danesi, Minotto Di Cicco, Carmelo Aguila (Clarinet)","Eduardo Armani, Adolfo Muzzi, Tomás Robatti (Cello)","Piano, Bass, 3 Bandoneons, 2 Violins, Clarinet, Cello",861,7712
Francisco Lomuto,Orquesta Francisco Lomuto,6/4/1927,Hasta Luego,,Tango,Instrumental,Odeón,,Edgardo Felipe Valerio Donato,,,26-27 Pre Charlo,Erique Lomuto,Alfredo Sciarreta,"Daniel Alvarez, Ángel Danesi, Minotto Di Cicco, Carmelo Aguila (Clarinet)","Eduardo Armani, Adolfo Muzzi, Tomás Robatti (Cello)","Piano, Bass, 3 Bandoneons, 2 Violins, Clarinet, Cello",860,7713
Francisco Lomuto,Orquesta Francisco Lomuto,6/4/1927,La Última Ficha,,Tango,Instrumental,Odeón,,"Joaquín Barreiro, Luis Rolero","Joaquín Barreiro, Luis Rolero",,26-27 Pre Charlo,Erique Lomuto,Alfredo Sciarreta,"Daniel Alvarez, Ángel Danesi, Minotto Di Cicco, Carmelo Aguila (Clarinet)","Eduardo Armani, Adolfo Muzzi, Tomás Robatti (Cello)","Piano, Bass, 3 Bandoneons, 2 Violins, Clarinet, Cello",859,7715
Francisco Lomuto,Orquesta Francisco Lomuto,6/4/1927,Porqué Sos Así,,Tango,Instrumental,Odeón,,Manuel García Servetto,,,26-27 Pre Charlo,Erique Lomuto,Alfredo Sciarreta,"Daniel Alvarez, Ángel Danesi, Minotto Di Cicco, Carmelo Aguila (Clarinet)","Eduardo Armani, Adolfo Muzzi, Tomás Robatti (Cello)","Piano, Bass, 3 Bandoneons, 2 Violins, Clarinet, Cello",862,7714
Francisco Lomuto,Orquesta Francisco Lomuto,6/11/1927,Arrorró,arroro,Tango,Instrumental,Odeón,,Juan Baüer,,,26-27 Pre Charlo,Erique Lomuto,Alfredo Sciarreta,"Daniel Alvarez, Ángel Danesi, Minotto Di Cicco, Carmelo Aguila (Clarinet)","Eduardo Armani, Adolfo Muzzi, Tomás Robatti (Cello)","Piano, Bass, 3 Bandoneons, 2 Violins, Clarinet, Cello",904,7715
Francisco Lomuto,Orquesta Francisco Lomuto,6/11/1927,Bacán Fulero,,Tango,Instrumental,Odeón,,Ricardo Luis Brignolo,Alberto Richard,,26-27 Pre Charlo,Erique Lomuto,Alfredo Sciarreta,"Daniel Alvarez, Ángel Danesi, Minotto Di Cicco, Carmelo Aguila (Clarinet)","Eduardo Armani, Adolfo Muzzi, Tomás Robatti (Cello)","Piano, Bass, 3 Bandoneons, 2 Violins, Clarinet, Cello",907,7716
Francisco Lomuto,Orquesta Francisco Lomuto,6/11/1927,Bichito,,Tango,Instrumental,Odeón,,E. Chaín,,,26-27 Pre Charlo,Erique Lomuto,Alfredo Sciarreta,"Daniel Alvarez, Ángel Danesi, Minotto Di Cicco, Carmelo Aguila (Clarinet)","Eduardo Armani, Adolfo Muzzi, Tomás Robatti (Cello)","Piano, Bass, 3 Bandoneons, 2 Violins, Clarinet, Cello",902,7717
Francisco Lomuto,Orquesta Francisco Lomuto,6/11/1927,Compadrito,,Tango,Instrumental,Odeón,,Carlos Warren,,,26-27 Pre Charlo,Erique Lomuto,Alfredo Sciarreta,"Daniel Alvarez, Ángel Danesi, Minotto Di Cicco, Carmelo Aguila (Clarinet)","Eduardo Armani, Adolfo Muzzi, Tomás Robatti (Cello)","Piano, Bass, 3 Bandoneons, 2 Violins, Clarinet, Cello",903,7712
Francisco Lomuto,Orquesta Francisco Lomuto,6/11/1927,La Mascarita,,Tango,Instrumental,Odeón,,J. V. Rosco o J. B. Rosso,,,26-27 Pre Charlo,Erique Lomuto,Alfredo Sciarreta,"Daniel Alvarez, Ángel Danesi, Minotto Di Cicco, Carmelo Aguila (Clarinet)","Eduardo Armani, Adolfo Muzzi, Tomás Robatti (Cello)","Piano, Bass, 3 Bandoneons, 2 Violins, Clarinet, Cello",901,7716
Francisco Lomuto,Orquesta Francisco Lomuto,6/11/1927,Que Me Importa,,Tango,Instrumental,Odeón,,Carlos Warren,,,26-27 Pre Charlo,Erique Lomuto,Alfredo Sciarreta,"Daniel Alvarez, Ángel Danesi, Minotto Di Cicco, Carmelo Aguila (Clarinet)","Eduardo Armani, Adolfo Muzzi, Tomás Robatti (Cello)","Piano, Bass, 3 Bandoneons, 2 Violins, Clarinet, Cello",905,7713
Francisco Lomuto,Orquesta Francisco Lomuto,7/6/1927,Así Te Quiero,,Tango,Instrumental,Odeón,,Juan B. D’Angelo,,,26-27 Pre Charlo,Erique Lomuto,Alfredo Sciarreta,"Daniel Alvarez, Ángel Danesi, Minotto Di Cicco, Carmelo Aguila (Clarinet)","Eduardo Armani, Adolfo Muzzi, Tomás Robatti (Cello)","Piano, Bass, 3 Bandoneons, 2 Violins, Clarinet, Cello",987,7714
Francisco Lomuto,Orquesta Francisco Lomuto,6/14/1927,Canchero Viejo,no se Acalambre,Tango,Instrumental,Odeón,,Raúl Courau,Víctor Soliño,,26-27 Pre Charlo,Erique Lomuto,Alfredo Sciarreta,"Daniel Alvarez, Ángel Danesi, Minotto Di Cicco, Carmelo Aguila (Clarinet)","Eduardo Armani, Adolfo Muzzi, Tomás Robatti (Cello)","Piano, Bass, 3 Bandoneons, 2 Violins, Clarinet, Cello",908,7719
Francisco Lomuto,Orquesta Francisco Lomuto,6/14/1927,Era un Budín,,Tango,Instrumental,Odeón,,José Quevedo,,,26-27 Pre Charlo,Erique Lomuto,Alfredo Sciarreta,"Daniel Alvarez, Ángel Danesi, Minotto Di Cicco, Carmelo Aguila (Clarinet)","Eduardo Armani, Adolfo Muzzi, Tomás Robatti (Cello)","Piano, Bass, 3 Bandoneons, 2 Violins, Clarinet, Cello",911,7718
Francisco Lomuto,Orquesta Francisco Lomuto,6/14/1927,Lechuza,,Tango,Instrumental,Odeón,,"Alfredo Navarrine, Julio Plácido Navarrine","Alfredo Navarrine, Julio Plácido Navarrine",,26-27 Pre Charlo,Erique Lomuto,Alfredo Sciarreta,"Daniel Alvarez, Ángel Danesi, Minotto Di Cicco, Carmelo Aguila (Clarinet)","Eduardo Armani, Adolfo Muzzi, Tomás Robatti (Cello)","Piano, Bass, 3 Bandoneons, 2 Violins, Clarinet, Cello",909,7719
Francisco Lomuto,Orquesta Francisco Lomuto,6/14/1927,Olvidame Para Siempre,,Tango,Instrumental,Odeón,,A. Bauer de Méndez,,,26-27 Pre Charlo,Erique Lomuto,Alfredo Sciarreta,"Daniel Alvarez, Ángel Danesi, Minotto Di Cicco, Carmelo Aguila (Clarinet)","Eduardo Armani, Adolfo Muzzi, Tomás Robatti (Cello)","Piano, Bass, 3 Bandoneons, 2 Violins, Clarinet, Cello",912,7723
Francisco Lomuto,Orquesta Francisco Lomuto,6/14/1927,Un Buen Consejo,,Tango,Instrumental,Odeón,,Américo Bonani,,,26-27 Pre Charlo,Erique Lomuto,Alfredo Sciarreta,"Daniel Alvarez, Ángel Danesi, Minotto Di Cicco, Carmelo Aguila (Clarinet)","Eduardo Armani, Adolfo Muzzi, Tomás Robatti (Cello)","Piano, Bass, 3 Bandoneons, 2 Violins, Clarinet, Cello",910,7718
Francisco Lomuto,Orquesta Francisco Lomuto,7/6/1927,Purrete De Mi Amor,,Tango,Instrumental,Odeón,,Raúl Joaquín de los Hoyos,Luis Herrera,,26-27 Pre Charlo,Erique Lomuto,Alfredo Sciarreta,"Daniel Alvarez, Ángel Danesi, Minotto Di Cicco, Carmelo Aguila (Clarinet)","Eduardo Armani, Adolfo Muzzi, Tomás Robatti (Cello)","Piano, Bass, 3 Bandoneons, 2 Violins, Clarinet, Cello",988,7720
Francisco Lomuto,Orquesta Francisco Lomuto,7/6/1927,Ventanita De Arrabal,,Tango,Instrumental,Odeón,,Antonio Scatasso,Pascual Contursi,,26-27 Pre Charlo,Erique Lomuto,Alfredo Sciarreta,"Daniel Alvarez, Ángel Danesi, Minotto Di Cicco, Carmelo Aguila (Clarinet)","Eduardo Armani, Adolfo Muzzi, Tomás Robatti (Cello)","Piano, Bass, 3 Bandoneons, 2 Violins, Clarinet, Cello",989,7723
Francisco Lomuto,Orquesta Francisco Lomuto,7/16/1927,Muñequita,,Tango,Instrumental,Odeón,,Francisco Juan Lomuto,Adolfo C. Herschel,,26-27 Pre Charlo,Erique Lomuto,Alfredo Sciarreta,"Daniel Alvarez, Ángel Danesi, Minotto Di Cicco, Carmelo Aguila (Clarinet)","Eduardo Armani, Adolfo Muzzi, Tomás Robatti (Cello)","Piano, Bass, 3 Bandoneons, 2 Violins, Clarinet, Cello",1029,7721
Francisco Lomuto,Orquesta Francisco Lomuto,7/16/1927,Zorro Gris,,Tango,Instrumental,Odeón,,Rafael Eulogio Tuegols,Francisco García Jiménez,,26-27 Pre Charlo,Erique Lomuto,Alfredo Sciarreta,"Daniel Alvarez, Ángel Danesi, Minotto Di Cicco, Carmelo Aguila (Clarinet)","Eduardo Armani, Adolfo Muzzi, Tomás Robatti (Cello)","Piano, Bass, 3 Bandoneons, 2 Violins, Clarinet, Cello",1030,7721
Francisco Lomuto,Orquesta Francisco Lomuto,7/16/1927,Chiqué (el Elegante),V1,Tango,Instrumental,Odeón,,Ricardo Luis Brignolo,Ricardo Brignolo,,26-27 Pre Charlo,Erique Lomuto,Alfredo Sciarreta,"Daniel Alvarez, Ángel Danesi, Minotto Di Cicco, Carmelo Aguila (Clarinet)","Eduardo Armani, Adolfo Muzzi, Tomás Robatti (Cello)","Piano, Bass, 3 Bandoneons, 2 Violins, Clarinet, Cello",1031,7722
Francisco Lomuto,Orquesta Francisco Lomuto,7/16/1927,Nunca Más,,Tango,Instrumental,Odeón,,Francisco Juan Lomuto,Pascual Tomás Lomuto,,26-27 Pre Charlo,Erique Lomuto,Alfredo Sciarreta,"Daniel Alvarez, Ángel Danesi, Minotto Di Cicco, Carmelo Aguila (Clarinet)","Eduardo Armani, Adolfo Muzzi, Tomás Robatti (Cello)","Piano, Bass, 3 Bandoneons, 2 Violins, Clarinet, Cello",1032,7722
Francisco Lomuto,Orquesta Francisco Lomuto,7/16/1927,Ojos Negros,Dark Eyes,Tango,Instrumental,Odeón,,Vicente Greco,,,26-27 Pre Charlo,Erique Lomuto,Alfredo Sciarreta,"Daniel Alvarez, Ángel Danesi, Minotto Di Cicco, Carmelo Aguila (Clarinet)","Eduardo Armani, Adolfo Muzzi, Tomás Robatti (Cello)","Piano, Bass, 3 Bandoneons, 2 Violins, Clarinet, Cello",1033,7725
Francisco Lomuto,Orquesta Francisco Lomuto,7/25/1927,Entre Sombras,,Tango,Instrumental,Odeón,,Adolfo Rafael Avilés,Enrique Maroni,,26-27 Pre Charlo,Erique Lomuto,Alfredo Sciarreta,"Daniel Alvarez, Ángel Danesi, Minotto Di Cicco, Carmelo Aguila (Clarinet)","Eduardo Armani, Adolfo Muzzi, Tomás Robatti (Cello)","Piano, Bass, 3 Bandoneons, 2 Violins, Clarinet, Cello",1073,7727
Francisco Lomuto,Orquesta Francisco Lomuto,7/25/1927,Virgencita de Arrabal,,Tango,Instrumental,Odeón,,Rodolfo Pascual Sciammarella,Eduardo Béccar,,26-27 Pre Charlo,Erique Lomuto,Alfredo Sciarreta,"Daniel Alvarez, Ángel Danesi, Minotto Di Cicco, Carmelo Aguila (Clarinet)","Eduardo Armani, Adolfo Muzzi, Tomás Robatti (Cello)","Piano, Bass, 3 Bandoneons, 2 Violins, Clarinet, Cello",1072,7727
Francisco Lomuto,Orquesta Francisco Lomuto,8/8/1927,A La Luz Del Candil,A la Luz de un Candíl,Tango,Instrumental,Odeón,,Alejandro Carlos Vicente Geroni,Julio Plácido Navarrine,,26-27 Pre Charlo,Erique Lomuto,Alfredo Sciarreta,"Daniel Alvarez, Ángel Danesi, Minotto Di Cicco, Carmelo Aguila (Clarinet)","Eduardo Armani, Adolfo Muzzi, Tomás Robatti (Cello)","Piano, Bass, 3 Bandoneons, 2 Violins, Clarinet, Cello",1161,7728
Francisco Lomuto,Orquesta Francisco Lomuto,8/8/1927,Cicatrices,,Tango,Instrumental,Odeón,,Adolfo Rafael Avilés,Enrique Pedro Maroni,,26-27 Pre Charlo,Erique Lomuto,Alfredo Sciarreta,"Daniel Alvarez, Ángel Danesi, Minotto Di Cicco, Carmelo Aguila (Clarinet)","Eduardo Armani, Adolfo Muzzi, Tomás Robatti (Cello)","Piano, Bass, 3 Bandoneons, 2 Violins, Clarinet, Cello",1164,7725
Francisco Lomuto,Orquesta Francisco Lomuto,8/8/1927,Pobre Muchacha,,Tango,Instrumental,Odeón,,Francisco Juan Lomuto,,,26-27 Pre Charlo,Erique Lomuto,Alfredo Sciarreta,"Daniel Alvarez, Ángel Danesi, Minotto Di Cicco, Carmelo Aguila (Clarinet)","Eduardo Armani, Adolfo Muzzi, Tomás Robatti (Cello)","Piano, Bass, 3 Bandoneons, 2 Violins, Clarinet, Cello",1163,7724
Francisco Lomuto,Orquesta Francisco Lomuto,8/8/1927,Volvé Mi Negra,,Tango,Instrumental,Odeón,,José María Rizzuti,José Gómez,,26-27 Pre Charlo,Erique Lomuto,Alfredo Sciarreta,"Daniel Alvarez, Ángel Danesi, Minotto Di Cicco, Carmelo Aguila (Clarinet)","Eduardo Armani, Adolfo Muzzi, Tomás Robatti (Cello)","Piano, Bass, 3 Bandoneons, 2 Violins, Clarinet, Cello",1162,7728
Francisco Lomuto,Orquesta Francisco Lomuto,8/20/1927,Almita,,Tango,Instrumental,Odeón,,Francisco Juan Lomuto,,,26-27 Pre Charlo,Erique Lomuto,Alfredo Sciarreta,"Daniel Alvarez, Ángel Danesi, Minotto Di Cicco, Carmelo Aguila (Clarinet)","Eduardo Armani, Adolfo Muzzi, Tomás Robatti (Cello)","Piano, Bass, 3 Bandoneons, 2 Violins, Clarinet, Cello",1209,7730
Francisco Lomuto,Orquesta Francisco Lomuto,8/20/1927,Cuándo Volverás,,Tango,Instrumental,Odeón,,Pedro Mario Maffia,José Staffolani,,26-27 Pre Charlo,Erique Lomuto,Alfredo Sciarreta,"Daniel Alvarez, Ángel Danesi, Minotto Di Cicco, Carmelo Aguila (Clarinet)","Eduardo Armani, Adolfo Muzzi, Tomás Robatti (Cello)","Piano, Bass, 3 Bandoneons, 2 Violins, Clarinet, Cello",1210,7729
Francisco Lomuto,Orquesta Francisco Lomuto,8/20/1927,Don Juan Malevo,,Tango,Instrumental,Odeón,,Francisco Juan Lomuto,Eduardo Béccar,,26-27 Pre Charlo,Erique Lomuto,Alfredo Sciarreta,"Daniel Alvarez, Ángel Danesi, Minotto Di Cicco, Carmelo Aguila (Clarinet)","Eduardo Armani, Adolfo Muzzi, Tomás Robatti (Cello)","Piano, Bass, 3 Bandoneons, 2 Violins, Clarinet, Cello",1208,7730
Francisco Lomuto,Orquesta Francisco Lomuto,8/20/1927,Fumando Espero,,Tango,Instrumental,Odeón,,Juan Viladomat Masanas,Félix Garzo,,26-27 Pre Charlo,Erique Lomuto,Alfredo Sciarreta,"Daniel Alvarez, Ángel Danesi, Minotto Di Cicco, Carmelo Aguila (Clarinet)","Eduardo Armani, Adolfo Muzzi, Tomás Robatti (Cello)","Piano, Bass, 3 Bandoneons, 2 Violins, Clarinet, Cello",1207,7729
Francisco Lomuto,Orquesta Francisco Lomuto,9/21/1927,Compadrón,,Tango,Instrumental,Odeón,,Luis Nicolás Visca,Enrique Domingo Cadícamo,,26-27 Pre Charlo,Erique Lomuto,Alfredo Sciarreta,"Daniel Alvarez, Ángel Danesi, Minotto Di Cicco, Carmelo Aguila (Clarinet)","Eduardo Armani, Adolfo Muzzi, Tomás Robatti (Cello)","Piano, Bass, 3 Bandoneons, 2 Violins, Clarinet, Cello",1359,7733
Francisco Lomuto,Orquesta Francisco Lomuto,9/21/1927,Don Bernardo,,Tango,Instrumental,Odeón,,P. Buoncristiano,,,26-27 Pre Charlo,Erique Lomuto,Alfredo Sciarreta,"Daniel Alvarez, Ángel Danesi, Minotto Di Cicco, Carmelo Aguila (Clarinet)","Eduardo Armani, Adolfo Muzzi, Tomás Robatti (Cello)","Piano, Bass, 3 Bandoneons, 2 Violins, Clarinet, Cello",1356,7732
Francisco Lomuto,Orquesta Francisco Lomuto,9/21/1927,Pura Lata,,Tango,Instrumental,Odeón,,Enrique Blas Lomuto,Carlos Pesce,,26-27 Pre Charlo,Erique Lomuto,Alfredo Sciarreta,"Daniel Alvarez, Ángel Danesi, Minotto Di Cicco, Carmelo Aguila (Clarinet)","Eduardo Armani, Adolfo Muzzi, Tomás Robatti (Cello)","Piano, Bass, 3 Bandoneons, 2 Violins, Clarinet, Cello",1357,7733
Francisco Lomuto,Orquesta Francisco Lomuto,9/21/1927,Íntimas,,Tango,Instrumental,Odeón,,Alfonso Ramiro Lacueva,Ricardo Luis Brignolo,,26-27 Pre Charlo,Erique Lomuto,Alfredo Sciarreta,"Daniel Alvarez, Ángel Danesi, Minotto Di Cicco, Carmelo Aguila (Clarinet)","Eduardo Armani, Adolfo Muzzi, Tomás Robatti (Cello)","Piano, Bass, 3 Bandoneons, 2 Violins, Clarinet, Cello",1358,7736
Francisco Lomuto,Orquesta Francisco Lomuto,10/1/1927,Te Engrupieron,,Tango,Instrumental,Odeón,,Alpidio Fernández,,,26-27 Pre Charlo,Erique Lomuto,Alfredo Sciarreta,"Daniel Alvarez, Ángel Danesi, Minotto Di Cicco, Carmelo Aguila (Clarinet)","Eduardo Armani, Adolfo Muzzi, Tomás Robatti (Cello)","Piano, Bass, 3 Bandoneons, 2 Violins, Clarinet, Cello",1433,7732
Francisco Lomuto,Orquesta Francisco Lomuto,10/14/1927,Humos de Ilusión,,Tango,Instrumental,Odeón,,Jaime J. Airaldi,,,26-27 Pre Charlo,Erique Lomuto,Alfredo Sciarreta,"Daniel Alvarez, Ángel Danesi, Minotto Di Cicco, Carmelo Aguila (Clarinet)","Eduardo Armani, Adolfo Muzzi, Tomás Robatti (Cello)","Piano, Bass, 3 Bandoneons, 2 Violins, Clarinet, Cello",1513,7734
Francisco Lomuto,Orquesta Francisco Lomuto,10/14/1927,Sangre Azul,,Tango,Instrumental,Odeón,,Fioravanti Di Cicco,,,26-27 Pre Charlo,Erique Lomuto,Alfredo Sciarreta,"Daniel Alvarez, Ángel Danesi, Minotto Di Cicco, Carmelo Aguila (Clarinet)","Eduardo Armani, Adolfo Muzzi, Tomás Robatti (Cello)","Piano, Bass, 3 Bandoneons, 2 Violins, Clarinet, Cello",1514,7734
Francisco Lomuto,Orquesta Francisco Lomuto,10/28/1927,Cap Polonio,,Tango,Instrumental,Odeón,,Adolfo Rosquellas,,,26-27 Pre Charlo,Erique Lomuto,Alfredo Sciarreta,"Daniel Alvarez, Ángel Danesi, Minotto Di Cicco, Carmelo Aguila (Clarinet)","Eduardo Armani, Adolfo Muzzi, Tomás Robatti (Cello)","Piano, Bass, 3 Bandoneons, 2 Violins, Clarinet, Cello",1646,7738
Francisco Lomuto,Orquesta Francisco Lomuto,10/28/1927,Gil a Rayas,,Tango,Instrumental,Odeón,,"F. C. Cuyot, R. Herraiz","F. C. Cuyot, R. Herraiz",,26-27 Pre Charlo,Erique Lomuto,Alfredo Sciarreta,"Daniel Alvarez, Ángel Danesi, Minotto Di Cicco, Carmelo Aguila (Clarinet)","Eduardo Armani, Adolfo Muzzi, Tomás Robatti (Cello)","Piano, Bass, 3 Bandoneons, 2 Violins, Clarinet, Cello",1647,7739
Francisco Lomuto,Orquesta Francisco Lomuto,10/28/1927,Pena Maleva,,Tango,Instrumental,Odeón,,Humberto Cristante,,,26-27 Pre Charlo,Erique Lomuto,Alfredo Sciarreta,"Daniel Alvarez, Ángel Danesi, Minotto Di Cicco, Carmelo Aguila (Clarinet)","Eduardo Armani, Adolfo Muzzi, Tomás Robatti (Cello)","Piano, Bass, 3 Bandoneons, 2 Violins, Clarinet, Cello",1644,7737
Francisco Lomuto,Orquesta Francisco Lomuto,10/28/1927,Ya Te He Dicho,,Tango,Instrumental,Odeón,,Benito Atella,,,26-27 Pre Charlo,Erique Lomuto,Alfredo Sciarreta,"Daniel Alvarez, Ángel Danesi, Minotto Di Cicco, Carmelo Aguila (Clarinet)","Eduardo Armani, Adolfo Muzzi, Tomás Robatti (Cello)","Piano, Bass, 3 Bandoneons, 2 Violins, Clarinet, Cello",1645,7738
Francisco Lomuto,Orquesta Francisco Lomuto,11/17/1927,Cuadrito Porteño,Aguaforte,Tango,Instrumental,Odeón,,E. Pider,,,26-27 Pre Charlo,Erique Lomuto,Alfredo Sciarreta,"Daniel Alvarez, Ángel Danesi, Minotto Di Cicco, Carmelo Aguila (Clarinet)","Eduardo Armani, Adolfo Muzzi, Tomás Robatti (Cello)","Piano, Bass, 3 Bandoneons, 2 Violins, Clarinet, Cello",1770,7745
Francisco Lomuto,Orquesta Francisco Lomuto,11/17/1927,La Oveja Descarriada,,Tango,Instrumental,Odeón,,Antonio Scatasso,,,26-27 Pre Charlo,Erique Lomuto,Alfredo Sciarreta,"Daniel Alvarez, Ángel Danesi, Minotto Di Cicco, Carmelo Aguila (Clarinet)","Eduardo Armani, Adolfo Muzzi, Tomás Robatti (Cello)","Piano, Bass, 3 Bandoneons, 2 Violins, Clarinet, Cello",1771,7745
Francisco Lomuto,Orquesta Francisco Lomuto,11/17/1927,Se Fue,,Tango,Instrumental,Odeón,,Enrique Di Cico,,,26-27 Pre Charlo,Erique Lomuto,Alfredo Sciarreta,"Daniel Alvarez, Ángel Danesi, Minotto Di Cicco, Carmelo Aguila (Clarinet)","Eduardo Armani, Adolfo Muzzi, Tomás Robatti (Cello)","Piano, Bass, 3 Bandoneons, 2 Violins, Clarinet, Cello",1772,7752
Francisco Lomuto,Orquesta Francisco Lomuto,11/25/1927,De Rincón a Rincón,De Rincón en Rincón,Tango,Instrumental,Odeón,,Santiago París,Santiago Scherini,,26-27 Pre Charlo,Erique Lomuto,Alfredo Sciarreta,"Daniel Alvarez, Ángel Danesi, Minotto Di Cicco, Carmelo Aguila (Clarinet)","Eduardo Armani, Adolfo Muzzi, Tomás Robatti (Cello)","Piano, Bass, 3 Bandoneons, 2 Violins, Clarinet, Cello",1828,7739
Francisco Lomuto,Orquesta Francisco Lomuto,11/25/1927,Sin Dejar Rastros,,Tango,Instrumental,Odeón,,Francisco Juan Lomuto,,,26-27 Pre Charlo,Erique Lomuto,Alfredo Sciarreta,"Daniel Alvarez, Ángel Danesi, Minotto Di Cicco, Carmelo Aguila (Clarinet)","Eduardo Armani, Adolfo Muzzi, Tomás Robatti (Cello)","Piano, Bass, 3 Bandoneons, 2 Violins, Clarinet, Cello",1827,7752
Francisco Lomuto,Orquesta Francisco Lomuto,12/2/1927,Caído Del Cielo,,Tango,Instrumental,Odeón,,"Antonio Polito, Pedro Polito",Antonio Polito,,26-27 Pre Charlo,Erique Lomuto,Alfredo Sciarreta,"Daniel Alvarez, Ángel Danesi, Minotto Di Cicco, Carmelo Aguila (Clarinet)","Eduardo Armani, Adolfo Muzzi, Tomás Robatti (Cello)","Piano, Bass, 3 Bandoneons, 2 Violins, Clarinet, Cello",1895,7743
Francisco Lomuto,Orquesta Francisco Lomuto,12/2/1927,Perfume De Mujer,,Tango,Instrumental,Odeón,,Juan José Guichandut,Música: Armando José María Tagini,,26-27 Pre Charlo,Erique Lomuto,Alfredo Sciarreta,"Daniel Alvarez, Ángel Danesi, Minotto Di Cicco, Carmelo Aguila (Clarinet)","Eduardo Armani, Adolfo Muzzi, Tomás Robatti (Cello)","Piano, Bass, 3 Bandoneons, 2 Violins, Clarinet, Cello",1894,7743
Francisco Lomuto,Orquesta Francisco Lomuto,12/2/1927,Pirucha,,Tango,Instrumental,Odeón,,Augusto Umberto Gentile,,,26-27 Pre Charlo,Erique Lomuto,Alfredo Sciarreta,"Daniel Alvarez, Ángel Danesi, Minotto Di Cicco, Carmelo Aguila (Clarinet)","Eduardo Armani, Adolfo Muzzi, Tomás Robatti (Cello)","Piano, Bass, 3 Bandoneons, 2 Violins, Clarinet, Cello",1890,7741
Francisco Lomuto,Orquesta Francisco Lomuto,12/2/1927,Por Mi Madre,,Tango,Instrumental,Odeón,,Félix Scolatti Almeyda,Jerónimo Massa,,26-27 Pre Charlo,Erique Lomuto,Alfredo Sciarreta,"Daniel Alvarez, Ángel Danesi, Minotto Di Cicco, Carmelo Aguila (Clarinet)","Eduardo Armani, Adolfo Muzzi, Tomás Robatti (Cello)","Piano, Bass, 3 Bandoneons, 2 Violins, Clarinet, Cello",1891,7741
Francisco Lomuto,Orquesta Francisco Lomuto,12/29/1927,Adiós Muchachos,,Tango,Instrumental,Odeón,,Julio César Sanders,"César Vedani, Carol Raven",,26-27 Pre Charlo,Erique Lomuto,Alfredo Sciarreta,"Daniel Alvarez, Ángel Danesi, Minotto Di Cicco, Carmelo Aguila (Clarinet)","Eduardo Armani, Adolfo Muzzi, Tomás Robatti (Cello)","Piano, Bass, 3 Bandoneons, 2 Violins, Clarinet, Cello",1959,7749
Francisco Lomuto,Orquesta Francisco Lomuto,12/29/1927,Bandoneón,,Tango,Instrumental,Odeón,,"Sebastián Piana, Pedro Mario Maffia",José Castillo,,26-27 Pre Charlo,Erique Lomuto,Alfredo Sciarreta,"Daniel Alvarez, Ángel Danesi, Minotto Di Cicco, Carmelo Aguila (Clarinet)","Eduardo Armani, Adolfo Muzzi, Tomás Robatti (Cello)","Piano, Bass, 3 Bandoneons, 2 Violins, Clarinet, Cello",1957,7746
Francisco Lomuto,Orquesta Francisco Lomuto,12/29/1927,Lagrimitas,,Tango,Instrumental,Odeón,,"José Raynelli, Emilio Marchiano","Marchiano, Raynelli",,26-27 Pre Charlo,Erique Lomuto,Alfredo Sciarreta,"Daniel Alvarez, Ángel Danesi, Minotto Di Cicco, Carmelo Aguila (Clarinet)","Eduardo Armani, Adolfo Muzzi, Tomás Robatti (Cello)","Piano, Bass, 3 Bandoneons, 2 Violins, Clarinet, Cello",1956,7746
Francisco Lomuto,Orquesta Francisco Lomuto,12/29/1927,Qué Lindo Es Estar Metido,Qué Lindo Es Enamorarse,Tango,Instrumental,Odeón,,Enrique Pedro Delfino,Pascual Contursi,,26-27 Pre Charlo,Erique Lomuto,Alfredo Sciarreta,"Daniel Alvarez, Ángel Danesi, Minotto Di Cicco, Carmelo Aguila (Clarinet)","Eduardo Armani, Adolfo Muzzi, Tomás Robatti (Cello)","Piano, Bass, 3 Bandoneons, 2 Violins, Clarinet, Cello",1960,7748
Francisco Lomuto,Orquesta Francisco Lomuto,12/29/1927,Tradición,,Tango,Instrumental,Odeón,,Fausto Miguel Frontera,Enrique Domingo Cadícamo,,26-27 Pre Charlo,Erique Lomuto,Alfredo Sciarreta,"Daniel Alvarez, Ángel Danesi, Minotto Di Cicco, Carmelo Aguila (Clarinet)","Eduardo Armani, Adolfo Muzzi, Tomás Robatti (Cello)","Piano, Bass, 3 Bandoneons, 2 Violins, Clarinet, Cello",1958,7749
Francisco Lomuto,Orquesta Francisco Lomuto,3/10/1928,A Contramano,,Tango,Charlo,Odeón,,Luis Teisseire,Juan Andrés Caruso,,27-28 Charlo,Oscar Napolitano,"Alfredo Sciarretta, Salvador Cilotta (Drums)","Daniel Álvarez, Carmelo Matino and Fortunato Matino, Luis Zinkes, Natalio Nappe (Cornet), Carmelo Águila (Clarinet)","Leopoldo Schiffrin, Carlos Taverna, Dante Napolitano","Piano, Bass, 3 Bandoneons, 3 Violins, Drums, Cornet, Clarinet",2177,7751
Francisco Lomuto,Orquesta Francisco Lomuto,3/10/1928,A Toda Vela,,Tango,Charlo,Odeón,,Francisco Juan Lomuto,Dante,,27-28 Charlo,Oscar Napolitano,"Alfredo Sciarretta, Salvador Cilotta (Drums)","Daniel Álvarez, Carmelo Matino and Fortunato Matino, Luis Zinkes, Natalio Nappe (Cornet), Carmelo Águila (Clarinet)","Leopoldo Schiffrin, Carlos Taverna, Dante Napolitano","Piano, Bass, 3 Bandoneons, 3 Violins, Drums, Cornet, Clarinet",2178,7750
Francisco Lomuto,Orquesta Francisco Lomuto,3/10/1928,Flor del Campo,,Tango,Charlo,Odeón,,Francisco Juan Lomuto,,,27-28 Charlo,Oscar Napolitano,"Alfredo Sciarretta, Salvador Cilotta (Drums)","Daniel Álvarez, Carmelo Matino and Fortunato Matino, Luis Zinkes, Natalio Nappe (Cornet), Carmelo Águila (Clarinet)","Leopoldo Schiffrin, Carlos Taverna, Dante Napolitano","Piano, Bass, 3 Bandoneons, 3 Violins, Drums, Cornet, Clarinet",2180,7750
Francisco Lomuto,Orquesta Francisco Lomuto,3/23/1928,Chingolito,Ya No Cantas Chingolo,Tango,Charlo,Odeón,,Antonio Scatasso,Edmundo Bianchi,,27-28 Charlo,Oscar Napolitano,"Alfredo Sciarretta, Salvador Cilotta (Drums)","Daniel Álvarez, Carmelo Matino and Fortunato Matino, Luis Zinkes, Natalio Nappe (Cornet), Carmelo Águila (Clarinet)","Leopoldo Schiffrin, Carlos Taverna, Dante Napolitano","Piano, Bass, 3 Bandoneons, 3 Violins, Drums, Cornet, Clarinet",2247,7753
Francisco Lomuto,Orquesta Francisco Lomuto,3/23/1928,Zorro Viejo,,Tango,Instrumental,Odeón,,Alfonso Ramiro Lacueva,Alfonso Lacueva,,27-28 Charlo,Oscar Napolitano,"Alfredo Sciarretta, Salvador Cilotta (Drums)","Daniel Álvarez, Carmelo Matino and Fortunato Matino, Luis Zinkes, Natalio Nappe (Cornet), Carmelo Águila (Clarinet)","Leopoldo Schiffrin, Carlos Taverna, Dante Napolitano","Piano, Bass, 3 Bandoneons, 3 Violins, Drums, Cornet, Clarinet",2246,7758
Francisco Lomuto,Orquesta Francisco Lomuto,3/23/1928,Aterrizaje,,Tango,Charlo,Odeón,,J. M. Ruffet,José Ruffet,,27-28 Charlo,Oscar Napolitano,"Alfredo Sciarretta, Salvador Cilotta (Drums)","Daniel Álvarez, Carmelo Matino and Fortunato Matino, Luis Zinkes, Natalio Nappe (Cornet), Carmelo Águila (Clarinet)","Leopoldo Schiffrin, Carlos Taverna, Dante Napolitano","Piano, Bass, 3 Bandoneons, 3 Violins, Drums, Cornet, Clarinet",2245,7758
Francisco Lomuto,Orquesta Francisco Lomuto,3/23/1928,No Te Hagás Mala Sangre,,Tango,Instrumental,Odeón,,Roberto Luratti,,,27-28 Charlo,Oscar Napolitano,"Alfredo Sciarretta, Salvador Cilotta (Drums)","Daniel Álvarez, Carmelo Matino and Fortunato Matino, Luis Zinkes, Natalio Nappe (Cornet), Carmelo Águila (Clarinet)","Leopoldo Schiffrin, Carlos Taverna, Dante Napolitano","Piano, Bass, 3 Bandoneons, 3 Violins, Drums, Cornet, Clarinet",2248,7753
Francisco Lomuto,Orquesta Francisco Lomuto,3/23/1928,Sólo por Ti,,Tango,Charlo,Odeón,,Albino Donizetti,Adolfo Urgo,,27-28 Charlo,Oscar Napolitano,"Alfredo Sciarretta, Salvador Cilotta (Drums)","Daniel Álvarez, Carmelo Matino and Fortunato Matino, Luis Zinkes, Natalio Nappe (Cornet), Carmelo Águila (Clarinet)","Leopoldo Schiffrin, Carlos Taverna, Dante Napolitano","Piano, Bass, 3 Bandoneons, 3 Violins, Drums, Cornet, Clarinet",2249,7759
Francisco Lomuto,Orquesta Francisco Lomuto,3/31/1928,Dónde Estás Corazón,,Tango,Charlo,Odeón,,María Isolina Godard,Francisco Jiménez,,27-28 Charlo,Oscar Napolitano,"Alfredo Sciarretta, Salvador Cilotta (Drums)","Daniel Álvarez, Carmelo Matino and Fortunato Matino, Luis Zinkes, Natalio Nappe (Cornet), Carmelo Águila (Clarinet)","Leopoldo Schiffrin, Carlos Taverna, Dante Napolitano","Piano, Bass, 3 Bandoneons, 3 Violins, Drums, Cornet, Clarinet",2311,7767
Francisco Lomuto,Orquesta Francisco Lomuto,3/31/1928,Guapito,,Tango,Instrumental,Odeón,,Vicente Pasarello,,,27-28 Charlo,Oscar Napolitano,"Alfredo Sciarretta, Salvador Cilotta (Drums)","Daniel Álvarez, Carmelo Matino and Fortunato Matino, Luis Zinkes, Natalio Nappe (Cornet), Carmelo Águila (Clarinet)","Leopoldo Schiffrin, Carlos Taverna, Dante Napolitano","Piano, Bass, 3 Bandoneons, 3 Violins, Drums, Cornet, Clarinet",2310,7754
Francisco Lomuto,Orquesta Francisco Lomuto,3/31/1928,Linda Francesita,,Tango,Charlo,Odeón,,José María Rizzuti,Eduardo Calvo,,27-28 Charlo,Oscar Napolitano,"Alfredo Sciarretta, Salvador Cilotta (Drums)","Daniel Álvarez, Carmelo Matino and Fortunato Matino, Luis Zinkes, Natalio Nappe (Cornet), Carmelo Águila (Clarinet)","Leopoldo Schiffrin, Carlos Taverna, Dante Napolitano","Piano, Bass, 3 Bandoneons, 3 Violins, Drums, Cornet, Clarinet",2309,7754
Francisco Lomuto,Orquesta Francisco Lomuto,3/31/1928,Mireya,,Tango,Instrumental,Odeón,,R. Arancibia Rodríguez,,,27-28 Charlo,Oscar Napolitano,"Alfredo Sciarretta, Salvador Cilotta (Drums)","Daniel Álvarez, Carmelo Matino and Fortunato Matino, Luis Zinkes, Natalio Nappe (Cornet), Carmelo Águila (Clarinet)","Leopoldo Schiffrin, Carlos Taverna, Dante Napolitano","Piano, Bass, 3 Bandoneons, 3 Violins, Drums, Cornet, Clarinet",2313,7759
Francisco Lomuto,Orquesta Francisco Lomuto,4/13/1928,No,,Tango,Charlo,Odeón,,José A. Zángaro,José Zángaro,,27-28 Charlo,Oscar Napolitano,"Alfredo Sciarretta, Salvador Cilotta (Drums)","Daniel Álvarez, Carmelo Matino and Fortunato Matino, Luis Zinkes, Natalio Nappe (Cornet), Carmelo Águila (Clarinet)","Leopoldo Schiffrin, Carlos Taverna, Dante Napolitano","Piano, Bass, 3 Bandoneons, 3 Violins, Drums, Cornet, Clarinet",2443,7756
Francisco Lomuto,Orquesta Francisco Lomuto,4/13/1928,Señor Comisario,,Tango,Charlo,Odeón,,Francisco Canaro,Juan Caruso,,27-28 Charlo,Oscar Napolitano,"Alfredo Sciarretta, Salvador Cilotta (Drums)","Daniel Álvarez, Carmelo Matino and Fortunato Matino, Luis Zinkes, Natalio Nappe (Cornet), Carmelo Águila (Clarinet)","Leopoldo Schiffrin, Carlos Taverna, Dante Napolitano","Piano, Bass, 3 Bandoneons, 3 Violins, Drums, Cornet, Clarinet",2445,7756
Francisco Lomuto,Orquesta Francisco Lomuto,4/13/1928,Te Acordarás de Mí,,Tango,Instrumental,Odeón,,Víctor J. Troysi,,,27-28 Charlo,Oscar Napolitano,"Alfredo Sciarretta, Salvador Cilotta (Drums)","Daniel Álvarez, Carmelo Matino and Fortunato Matino, Luis Zinkes, Natalio Nappe (Cornet), Carmelo Águila (Clarinet)","Leopoldo Schiffrin, Carlos Taverna, Dante Napolitano","Piano, Bass, 3 Bandoneons, 3 Violins, Drums, Cornet, Clarinet",2447,7757
Francisco Lomuto,Orquesta Francisco Lomuto,4/13/1928,Lindo Tipo de Varón,Abran Cancha,Tango,Charlo,Odeón,,Carlos José Pérez,Enrique Cadícamo,,27-28 Charlo,Oscar Napolitano,"Alfredo Sciarretta, Salvador Cilotta (Drums)","Daniel Álvarez, Carmelo Matino and Fortunato Matino, Luis Zinkes, Natalio Nappe (Cornet), Carmelo Águila (Clarinet)","Leopoldo Schiffrin, Carlos Taverna, Dante Napolitano","Piano, Bass, 3 Bandoneons, 3 Violins, Drums, Cornet, Clarinet",2446,7757
Francisco Lomuto,Orquesta Francisco Lomuto,5/3/1928,Buenos Aires Querido,,Tango,Charlo,Odeón,,Carlos José Pérez,Enrique Domingo Cadícamo o Música: Juan José Guichandut,,27-28 Charlo,Oscar Napolitano,"Alfredo Sciarretta, Salvador Cilotta (Drums)","Daniel Álvarez, Carmelo Matino and Fortunato Matino, Luis Zinkes, Natalio Nappe (Cornet), Carmelo Águila (Clarinet)","Leopoldo Schiffrin, Carlos Taverna, Dante Napolitano","Piano, Bass, 3 Bandoneons, 3 Violins, Drums, Cornet, Clarinet",2567,7761
Francisco Lomuto,Orquesta Francisco Lomuto,5/3/1928,Flores Rojas,,Tango,Charlo,Odeón,,Remo Bernasconi,Remo Bernasconi,,27-28 Charlo,Oscar Napolitano,"Alfredo Sciarretta, Salvador Cilotta (Drums)","Daniel Álvarez, Carmelo Matino and Fortunato Matino, Luis Zinkes, Natalio Nappe (Cornet), Carmelo Águila (Clarinet)","Leopoldo Schiffrin, Carlos Taverna, Dante Napolitano","Piano, Bass, 3 Bandoneons, 3 Violins, Drums, Cornet, Clarinet",2568,7760
Francisco Lomuto,Orquesta Francisco Lomuto,5/3/1928,Qué Vachaché,Que Va Cha Che,Tango,Instrumental,Odeón,,Enrique Santos Discepolo,Enrique Santos Discepolo,,27-28 Charlo,Oscar Napolitano,"Alfredo Sciarretta, Salvador Cilotta (Drums)","Daniel Álvarez, Carmelo Matino and Fortunato Matino, Luis Zinkes, Natalio Nappe (Cornet), Carmelo Águila (Clarinet)","Leopoldo Schiffrin, Carlos Taverna, Dante Napolitano","Piano, Bass, 3 Bandoneons, 3 Violins, Drums, Cornet, Clarinet",2569,7760
Francisco Lomuto,Orquesta Francisco Lomuto,6/5/1928,Decí Pebeta Porqué,Decime Pebeta Porqué,Tango,Instrumental,Odeón,,Pedro Mario Maffia,Tomás Simari,,27-28 Charlo,Oscar Napolitano,"Alfredo Sciarretta, Salvador Cilotta (Drums)","Daniel Álvarez, Carmelo Matino and Fortunato Matino, Luis Zinkes, Natalio Nappe (Cornet), Carmelo Águila (Clarinet)","Leopoldo Schiffrin, Carlos Taverna, Dante Napolitano","Piano, Bass, 3 Bandoneons, 3 Violins, Drums, Cornet, Clarinet",2735,7763
Francisco Lomuto,Orquesta Francisco Lomuto,6/5/1928,Esta Noche Me Emborracho,,Tango,Instrumental,Odeón,,Enrique Santos Discepolo,Enrique Santos Discepolo,,27-28 Charlo,Oscar Napolitano,"Alfredo Sciarretta, Salvador Cilotta (Drums)","Daniel Álvarez, Carmelo Matino and Fortunato Matino, Luis Zinkes, Natalio Nappe (Cornet), Carmelo Águila (Clarinet)","Leopoldo Schiffrin, Carlos Taverna, Dante Napolitano","Piano, Bass, 3 Bandoneons, 3 Violins, Drums, Cornet, Clarinet",2733,7762
Francisco Lomuto,Orquesta Francisco Lomuto,6/5/1928,Tu Disfraz,,Tango,Instrumental,Odeón,,Ángel Félix Danesi,José De Grandis,,27-28 Charlo,Oscar Napolitano,"Alfredo Sciarretta, Salvador Cilotta (Drums)","Daniel Álvarez, Carmelo Matino and Fortunato Matino, Luis Zinkes, Natalio Nappe (Cornet), Carmelo Águila (Clarinet)","Leopoldo Schiffrin, Carlos Taverna, Dante Napolitano","Piano, Bass, 3 Bandoneons, 3 Violins, Drums, Cornet, Clarinet",2731,7763
Francisco Lomuto,Orquesta Francisco Lomuto,6/16/1928,Olímpicos,,Tango,Instrumental,Odeón,,R. J. Gandolfo,,,27-28 Charlo,Oscar Napolitano,"Alfredo Sciarretta, Salvador Cilotta (Drums)","Daniel Álvarez, Carmelo Matino and Fortunato Matino, Luis Zinkes, Natalio Nappe (Cornet), Carmelo Águila (Clarinet)","Leopoldo Schiffrin, Carlos Taverna, Dante Napolitano","Piano, Bass, 3 Bandoneons, 3 Violins, Drums, Cornet, Clarinet",2777,7764
Francisco Lomuto,Orquesta Francisco Lomuto,7/13/1928,Andate Con La Otra,,Tango,Charlo,Odeón,,Alejandro Carlos Vicente Geroni,Enrique Dizeo,,27-28 Charlo,Oscar Napolitano,"Alfredo Sciarretta, Salvador Cilotta (Drums)","Daniel Álvarez, Carmelo Matino and Fortunato Matino, Luis Zinkes, Natalio Nappe (Cornet), Carmelo Águila (Clarinet)","Leopoldo Schiffrin, Carlos Taverna, Dante Napolitano","Piano, Bass, 3 Bandoneons, 3 Violins, Drums, Cornet, Clarinet",2895,7767
Francisco Lomuto,Orquesta Francisco Lomuto,7/14/1928,Pero Yo Sé,,Tango,Charlo,Odeón,,Azucena Josefina Maizani,Azucena Josefina Maizani,,27-28 Charlo,Oscar Napolitano,"Alfredo Sciarretta, Salvador Cilotta (Drums)","Daniel Álvarez, Carmelo Matino and Fortunato Matino, Luis Zinkes, Natalio Nappe (Cornet), Carmelo Águila (Clarinet)","Leopoldo Schiffrin, Carlos Taverna, Dante Napolitano","Piano, Bass, 3 Bandoneons, 3 Violins, Drums, Cornet, Clarinet",2898,7770
Francisco Lomuto,Orquesta Francisco Lomuto,8/1/1928,Marcha Atrás,,Tango,Charlo,Odeón,,Enrique Pedro Delfino,Arturo Bustamante,,27-28 Charlo,Oscar Napolitano,"Alfredo Sciarretta, Salvador Cilotta (Drums)","Daniel Álvarez, Carmelo Matino and Fortunato Matino, Luis Zinkes, Natalio Nappe (Cornet), Carmelo Águila (Clarinet)","Leopoldo Schiffrin, Carlos Taverna, Dante Napolitano","Piano, Bass, 3 Bandoneons, 3 Violins, Drums, Cornet, Clarinet",2964,7771
Francisco Lomuto,Orquesta Francisco Lomuto,8/10/1928,Dandy,,Tango,Instrumental,Odeón,,Lucio Demare,"Agustín Irusta, Roberto Santiago Fugazot",,27-28 Charlo,Oscar Napolitano,"Alfredo Sciarretta, Salvador Cilotta (Drums)","Daniel Álvarez, Carmelo Matino and Fortunato Matino, Luis Zinkes, Natalio Nappe (Cornet), Carmelo Águila (Clarinet)","Leopoldo Schiffrin, Carlos Taverna, Dante Napolitano","Piano, Bass, 3 Bandoneons, 3 Violins, Drums, Cornet, Clarinet",3002,7773
Francisco Lomuto,Orquesta Francisco Lomuto,8/10/1928,Llevátelo Todo,,Tango,Charlo,Odeón,,Rodolfo Pascual Sciammarella,Rodolfo Pascual Sciammarella,,27-28 Charlo,Oscar Napolitano,"Alfredo Sciarretta, Salvador Cilotta (Drums)","Daniel Álvarez, Carmelo Matino and Fortunato Matino, Luis Zinkes, Natalio Nappe (Cornet), Carmelo Águila (Clarinet)","Leopoldo Schiffrin, Carlos Taverna, Dante Napolitano","Piano, Bass, 3 Bandoneons, 3 Violins, Drums, Cornet, Clarinet",3001,7772
Francisco Lomuto,Orquesta Francisco Lomuto,8/10/1928,Pim Pam Pum,Pim Pam Pum,Tango,Charlo,Odeón,,Enrique Pedro Delfino,Alberto Vacarezza,,27-28 Charlo,Oscar Napolitano,"Alfredo Sciarretta, Salvador Cilotta (Drums)","Daniel Álvarez, Carmelo Matino and Fortunato Matino, Luis Zinkes, Natalio Nappe (Cornet), Carmelo Águila (Clarinet)","Leopoldo Schiffrin, Carlos Taverna, Dante Napolitano","Piano, Bass, 3 Bandoneons, 3 Violins, Drums, Cornet, Clarinet",3003,7773
Francisco Lomuto,Orquesta Francisco Lomuto,8/30/1928,Chorra,,Tango,Charlo,Odeón,,Enrique Santos Discepolo,Enrique Santos Discepolo,,27-28 Charlo,Oscar Napolitano,"Alfredo Sciarretta, Salvador Cilotta (Drums)","Daniel Álvarez, Carmelo Matino and Fortunato Matino, Luis Zinkes, Natalio Nappe (Cornet), Carmelo Águila (Clarinet)","Leopoldo Schiffrin, Carlos Taverna, Dante Napolitano","Piano, Bass, 3 Bandoneons, 3 Violins, Drums, Cornet, Clarinet",3084,7775
Francisco Lomuto,Orquesta Francisco Lomuto,8/30/1928,De Corazón,,Tango,Charlo,Odeón,,A. A. Giachino,Luis Franco,,27-28 Charlo,Oscar Napolitano,"Alfredo Sciarretta, Salvador Cilotta (Drums)","Daniel Álvarez, Carmelo Matino and Fortunato Matino, Luis Zinkes, Natalio Nappe (Cornet), Carmelo Águila (Clarinet)","Leopoldo Schiffrin, Carlos Taverna, Dante Napolitano","Piano, Bass, 3 Bandoneons, 3 Violins, Drums, Cornet, Clarinet",3083,7775
Francisco Lomuto,Orquesta Francisco Lomuto,8/30/1928,Volvé Pronto,,Tango,Charlo,Odeón,,Enrique Blas Lomuto,N. Olazábal,,27-28 Charlo,Oscar Napolitano,"Alfredo Sciarretta, Salvador Cilotta (Drums)","Daniel Álvarez, Carmelo Matino and Fortunato Matino, Luis Zinkes, Natalio Nappe (Cornet), Carmelo Águila (Clarinet)","Leopoldo Schiffrin, Carlos Taverna, Dante Napolitano","Piano, Bass, 3 Bandoneons, 3 Violins, Drums, Cornet, Clarinet",3085,7774
Francisco Lomuto,Orquesta Francisco Lomuto,8/31/1928,Haragán,,Tango,Instrumental,Odeón,,Enrique Pedro Delfino,"Manuel Romero, Luis Bayón Herrera",,27-28 Charlo,Oscar Napolitano,"Alfredo Sciarretta, Salvador Cilotta (Drums)","Daniel Álvarez, Carmelo Matino and Fortunato Matino, Luis Zinkes, Natalio Nappe (Cornet), Carmelo Águila (Clarinet)","Leopoldo Schiffrin, Carlos Taverna, Dante Napolitano","Piano, Bass, 3 Bandoneons, 3 Violins, Drums, Cornet, Clarinet",3086,7774
Francisco Lomuto,Orquesta Francisco Lomuto,9/21/1928,Cuando Mi Barrio se Duerme,,Tango,Charlo,Odeón,,Luis Teisseire,Juan Caruso,,27-28 Charlo,Oscar Napolitano,"Alfredo Sciarretta, Salvador Cilotta (Drums)","Daniel Álvarez, Carmelo Matino and Fortunato Matino, Luis Zinkes, Natalio Nappe (Cornet), Carmelo Águila (Clarinet)","Leopoldo Schiffrin, Carlos Taverna, Dante Napolitano","Piano, Bass, 3 Bandoneons, 3 Violins, Drums, Cornet, Clarinet",3227,7776
Francisco Lomuto,Orquesta Francisco Lomuto,9/21/1928,Entre Sueños,,Tango,Charlo,Odeón,,"Anselmo Alfredo Aieta, Juan Polito",Francisco García Jiménez,,27-28 Charlo,Oscar Napolitano,"Alfredo Sciarretta, Salvador Cilotta (Drums)","Daniel Álvarez, Carmelo Matino and Fortunato Matino, Luis Zinkes, Natalio Nappe (Cornet), Carmelo Águila (Clarinet)","Leopoldo Schiffrin, Carlos Taverna, Dante Napolitano","Piano, Bass, 3 Bandoneons, 3 Violins, Drums, Cornet, Clarinet",3228,7776
Francisco Lomuto,Orquesta Francisco Lomuto,9/28/1928,Malevaje,,Tango,Charlo,Odeón,,Oscar Juan de Dios Filiberti,Enrique Santos Discepolo,,27-28 Charlo,Oscar Napolitano,"Alfredo Sciarretta, Salvador Cilotta (Drums)","Daniel Álvarez, Carmelo Matino and Fortunato Matino, Luis Zinkes, Natalio Nappe (Cornet), Carmelo Águila (Clarinet)","Leopoldo Schiffrin, Carlos Taverna, Dante Napolitano","Piano, Bass, 3 Bandoneons, 3 Violins, Drums, Cornet, Clarinet",3259,7781
Francisco Lomuto,Orquesta Francisco Lomuto,10/15/1928,Alma En Pena,,Tango,Charlo,Odeón,,Anselmo Alfredo Aieta,Francisco García Jiménez,,27-28 Charlo,Oscar Napolitano,"Alfredo Sciarretta, Salvador Cilotta (Drums)","Daniel Álvarez, Carmelo Matino and Fortunato Matino, Luis Zinkes, Natalio Nappe (Cornet), Carmelo Águila (Clarinet)","Leopoldo Schiffrin, Carlos Taverna, Dante Napolitano","Piano, Bass, 3 Bandoneons, 3 Violins, Drums, Cornet, Clarinet",3350,7779
Francisco Lomuto,Orquesta Francisco Lomuto,10/15/1928,Guadaña,,Tango,Charlo,Odeón,,Alfredo Rossi,,,27-28 Charlo,Oscar Napolitano,"Alfredo Sciarretta, Salvador Cilotta (Drums)","Daniel Álvarez, Carmelo Matino and Fortunato Matino, Luis Zinkes, Natalio Nappe (Cornet), Carmelo Águila (Clarinet)","Leopoldo Schiffrin, Carlos Taverna, Dante Napolitano","Piano, Bass, 3 Bandoneons, 3 Violins, Drums, Cornet, Clarinet",3351,7780
Francisco Lomuto,Orquesta Francisco Lomuto,10/15/1928,Lamento Criollo,,Tango,Instrumental,Odeón,,Fioravanti Di Cicco,,,27-28 Charlo,Oscar Napolitano,"Alfredo Sciarretta, Salvador Cilotta (Drums)","Daniel Álvarez, Carmelo Matino and Fortunato Matino, Luis Zinkes, Natalio Nappe (Cornet), Carmelo Águila (Clarinet)","Leopoldo Schiffrin, Carlos Taverna, Dante Napolitano","Piano, Bass, 3 Bandoneons, 3 Violins, Drums, Cornet, Clarinet",3352,7779
Francisco Lomuto,Orquesta Francisco Lomuto,10/15/1928,Te Aconsejo Que Me Olvides,Te Aconsejo que Me Dejes,Tango,Instrumental,Odeón,,Pedro Mario Maffia,Jorge Curí,,27-28 Charlo,Oscar Napolitano,"Alfredo Sciarretta, Salvador Cilotta (Drums)","Daniel Álvarez, Carmelo Matino and Fortunato Matino, Luis Zinkes, Natalio Nappe (Cornet), Carmelo Águila (Clarinet)","Leopoldo Schiffrin, Carlos Taverna, Dante Napolitano","Piano, Bass, 3 Bandoneons, 3 Violins, Drums, Cornet, Clarinet",3348,7780
Francisco Lomuto,Orquesta Francisco Lomuto,10/15/1928,Vieja Milonga,,Tango,Instrumental,Odeón,,Samuel Castriota,Eugenio Cárdenas,,27-28 Charlo,Oscar Napolitano,"Alfredo Sciarretta, Salvador Cilotta (Drums)","Daniel Álvarez, Carmelo Matino and Fortunato Matino, Luis Zinkes, Natalio Nappe (Cornet), Carmelo Águila (Clarinet)","Leopoldo Schiffrin, Carlos Taverna, Dante Napolitano","Piano, Bass, 3 Bandoneons, 3 Violins, Drums, Cornet, Clarinet",3349,7781
Francisco Lomuto,Orquesta Francisco Lomuto,10/29/1928,Marioneta,,Tango,Charlo,Odeón,,Juan José Guichandut,Armando José María Tagini,,27-28 Charlo,Oscar Napolitano,"Alfredo Sciarretta, Salvador Cilotta (Drums)","Daniel Álvarez, Carmelo Matino and Fortunato Matino, Luis Zinkes, Natalio Nappe (Cornet), Carmelo Águila (Clarinet)","Leopoldo Schiffrin, Carlos Taverna, Dante Napolitano","Piano, Bass, 3 Bandoneons, 3 Violins, Drums, Cornet, Clarinet",3410,7782
Francisco Lomuto,Orquesta Francisco Lomuto,11/9/1928,Buena Racha,,Tango,Instrumental,Odeón,,Julio Pollero,,,27-28 Charlo,Oscar Napolitano,"Alfredo Sciarretta, Salvador Cilotta (Drums)","Daniel Álvarez, Carmelo Matino and Fortunato Matino, Luis Zinkes, Natalio Nappe (Cornet), Carmelo Águila (Clarinet)","Leopoldo Schiffrin, Carlos Taverna, Dante Napolitano","Piano, Bass, 3 Bandoneons, 3 Violins, Drums, Cornet, Clarinet",3468,7787
Francisco Lomuto,Orquesta Francisco Lomuto,11/9/1928,El Hornero,,Tango,Instrumental,Odeón,,B. Anglada,,,27-28 Charlo,Oscar Napolitano,"Alfredo Sciarretta, Salvador Cilotta (Drums)","Daniel Álvarez, Carmelo Matino and Fortunato Matino, Luis Zinkes, Natalio Nappe (Cornet), Carmelo Águila (Clarinet)","Leopoldo Schiffrin, Carlos Taverna, Dante Napolitano","Piano, Bass, 3 Bandoneons, 3 Violins, Drums, Cornet, Clarinet",3467,7788
Francisco Lomuto,Orquesta Francisco Lomuto,11/30/1928,Cachadora,,Tango,Charlo,Odeón,,Francisco Juan Lomuto,Francisco Juan Lomuto,,27-28 Charlo,Oscar Napolitano,"Alfredo Sciarretta, Salvador Cilotta (Drums)","Daniel Álvarez, Carmelo Matino and Fortunato Matino, Luis Zinkes, Natalio Nappe (Cornet), Carmelo Águila (Clarinet)","Leopoldo Schiffrin, Carlos Taverna, Dante Napolitano","Piano, Bass, 3 Bandoneons, 3 Violins, Drums, Cornet, Clarinet",3571,7786
Francisco Lomuto,Orquesta Francisco Lomuto,11/30/1928,Cuentos Viejos,,Tango,Instrumental,Odeón,,Víctor Dionisio Lomuto,,,27-28 Charlo,Oscar Napolitano,"Alfredo Sciarretta, Salvador Cilotta (Drums)","Daniel Álvarez, Carmelo Matino and Fortunato Matino, Luis Zinkes, Natalio Nappe (Cornet), Carmelo Águila (Clarinet)","Leopoldo Schiffrin, Carlos Taverna, Dante Napolitano","Piano, Bass, 3 Bandoneons, 3 Violins, Drums, Cornet, Clarinet",3571,7786
Francisco Lomuto,Orquesta Francisco Lomuto,12/1/1928,Nelly,,Vals,Charlo,Odeón,,Héctor Tomás Octavio Bates,Luis Jorge Bates,,27-28 Charlo,Oscar Napolitano,"Alfredo Sciarretta, Salvador Cilotta (Drums)","Daniel Álvarez, Carmelo Matino and Fortunato Matino, Luis Zinkes, Natalio Nappe (Cornet), Carmelo Águila (Clarinet)","Leopoldo Schiffrin, Carlos Taverna, Dante Napolitano","Piano, Bass, 3 Bandoneons, 3 Violins, Drums, Cornet, Clarinet",3574,7787
Francisco Lomuto,Orquesta Francisco Lomuto,12/10/1928,Cuando Bronca El Temporal,,Tango,Charlo,Odeón,,Gerardo Hernán Matos Rodríguez,Gerardo Hernán Matos Rodríguez,,27-28 Charlo,Oscar Napolitano,"Alfredo Sciarretta, Salvador Cilotta (Drums)","Daniel Álvarez, Carmelo Matino and Fortunato Matino, Luis Zinkes, Natalio Nappe (Cornet), Carmelo Águila (Clarinet)","Leopoldo Schiffrin, Carlos Taverna, Dante Napolitano","Piano, Bass, 3 Bandoneons, 3 Violins, Drums, Cornet, Clarinet",3597,7790
Francisco Lomuto,Orquesta Francisco Lomuto,12/10/1928,Pa' que Te Acordés,,Tango,Charlo,Odeón,,Francisco Juan Lomuto,Andrés Seitún,,27-28 Charlo,Oscar Napolitano,"Alfredo Sciarretta, Salvador Cilotta (Drums)","Daniel Álvarez, Carmelo Matino and Fortunato Matino, Luis Zinkes, Natalio Nappe (Cornet), Carmelo Águila (Clarinet)","Leopoldo Schiffrin, Carlos Taverna, Dante Napolitano","Piano, Bass, 3 Bandoneons, 3 Violins, Drums, Cornet, Clarinet",3599,7789
Francisco Lomuto,Orquesta Francisco Lomuto,12/10/1928,Siempreviva,,Tango,Charlo,Odeón,,Ricardo Luis Brignolo,Martin Castro,,27-28 Charlo,Oscar Napolitano,"Alfredo Sciarretta, Salvador Cilotta (Drums)","Daniel Álvarez, Carmelo Matino and Fortunato Matino, Luis Zinkes, Natalio Nappe (Cornet), Carmelo Águila (Clarinet)","Leopoldo Schiffrin, Carlos Taverna, Dante Napolitano","Piano, Bass, 3 Bandoneons, 3 Violins, Drums, Cornet, Clarinet",3598,7801
Francisco Lomuto,Orquesta Francisco Lomuto,12/29/1928,Carmen,,Vals,Charlo,Odeón,,Enrique Pedro Delfino,Raimundo Radaelli,,27-28 Charlo,Oscar Napolitano,"Alfredo Sciarretta, Salvador Cilotta (Drums)","Daniel Álvarez, Carmelo Matino and Fortunato Matino, Luis Zinkes, Natalio Nappe (Cornet), Carmelo Águila (Clarinet)","Leopoldo Schiffrin, Carlos Taverna, Dante Napolitano","Piano, Bass, 3 Bandoneons, 3 Violins, Drums, Cornet, Clarinet",3697,7791
Francisco Lomuto,Orquesta Francisco Lomuto,12/29/1928,Estampilla,,Tango,Charlo,Odeón,,Enrique Pedro Delfino,Manuel Romero,,27-28 Charlo,Oscar Napolitano,"Alfredo Sciarretta, Salvador Cilotta (Drums)","Daniel Álvarez, Carmelo Matino and Fortunato Matino, Luis Zinkes, Natalio Nappe (Cornet), Carmelo Águila (Clarinet)","Leopoldo Schiffrin, Carlos Taverna, Dante Napolitano","Piano, Bass, 3 Bandoneons, 3 Violins, Drums, Cornet, Clarinet",3698,7791
Francisco Lomuto,Orquesta Francisco Lomuto,2/6/1929,Barrio Bravo,,Tango,Charlo,Odeón,,Santiago Ricci,Genaro Terrone,,27-28 Charlo,Oscar Napolitano,"Alfredo Sciarretta, Salvador Cilotta (Drums)","Daniel Álvarez, Carmelo Matino and Fortunato Matino, Luis Zinkes, Natalio Nappe (Cornet), Carmelo Águila (Clarinet)","Leopoldo Schiffrin, Carlos Taverna, Dante Napolitano","Piano, Bass, 3 Bandoneons, 3 Violins, Drums, Cornet, Clarinet",3715,7794
Francisco Lomuto,Orquesta Francisco Lomuto,2/6/1929,La Canción del Calavera,,Tango,Instrumental,Odeón,,Enrique Blas Lomuto,,,29-31 Main Lineup,Oscar Napolitano,"Alfredo Sciarretta, Salvador Cilotta (Drums)","Daniel Alvarez, Américo Figola, Luis Zinkes, Haroldo Ferrero","Leo Schiffrin, Carlos Taverna, Dante Napolitano, Armando Gutiérrez","Piano, Bass, 4 Bandoneons, 4 Violins, Drums",3716,7793
Francisco Lomuto,Orquesta Francisco Lomuto,2/8/1929,Dedos Mágicos,,Tango,Instrumental,Odeón,,J. Garabillo,,,29-31 Main Lineup,Oscar Napolitano,"Alfredo Sciarretta, Salvador Cilotta (Drums)","Daniel Alvarez, Américo Figola, Luis Zinkes, Haroldo Ferrero","Leo Schiffrin, Carlos Taverna, Dante Napolitano, Armando Gutiérrez","Piano, Bass, 4 Bandoneons, 4 Violins, Drums",3739,7793
Francisco Lomuto,Orquesta Francisco Lomuto,3/2/1929,Primer Auxilio,,Tango,Instrumental,Odeón,,Luis Teisseire,Juan Andrés Caruso,,29-31 Main Lineup,Oscar Napolitano,"Alfredo Sciarretta, Salvador Cilotta (Drums)","Daniel Alvarez, Américo Figola, Luis Zinkes, Haroldo Ferrero","Leo Schiffrin, Carlos Taverna, Dante Napolitano, Armando Gutiérrez","Piano, Bass, 4 Bandoneons, 4 Violins, Drums",3791,7796
Francisco Lomuto,Orquesta Francisco Lomuto,3/2/1929,Serpentina Doble,,Tango,Instrumental,Odeón,,Juan Bautista Domingo Rezzano,Humberto Graziano,,29-31 Main Lineup,Oscar Napolitano,"Alfredo Sciarretta, Salvador Cilotta (Drums)","Daniel Alvarez, Américo Figola, Luis Zinkes, Haroldo Ferrero","Leo Schiffrin, Carlos Taverna, Dante Napolitano, Armando Gutiérrez","Piano, Bass, 4 Bandoneons, 4 Violins, Drums",3792,7796
Francisco Lomuto,Orquesta Francisco Lomuto,3/8/1929,La Traición,,Tango,Instrumental,Odeón,,Alejandro Carlos Vicente Geroni,"Juan Villalba, Hermido Braga",,29-31 Main Lineup,Oscar Napolitano,"Alfredo Sciarretta, Salvador Cilotta (Drums)","Daniel Alvarez, Américo Figola, Luis Zinkes, Haroldo Ferrero","Leo Schiffrin, Carlos Taverna, Dante Napolitano, Armando Gutiérrez","Piano, Bass, 4 Bandoneons, 4 Violins, Drums",3818,7798
Francisco Lomuto,Orquesta Francisco Lomuto,3/8/1929,Mamita,Flor de Angustia,Tango,Instrumental,Odeón,,"Ángel Danesi, Francisco Bohigas",Francisco Bohigas,,29-31 Main Lineup,Oscar Napolitano,"Alfredo Sciarretta, Salvador Cilotta (Drums)","Daniel Alvarez, Américo Figola, Luis Zinkes, Haroldo Ferrero","Leo Schiffrin, Carlos Taverna, Dante Napolitano, Armando Gutiérrez","Piano, Bass, 4 Bandoneons, 4 Violins, Drums",3817,7798
Francisco Lomuto,Orquesta Francisco Lomuto,4/2/1929,Cuando Llora el Corazón,,Tango,Charlo,Odeón,,Juan Maglio,José Fernández,,29-31 Main Lineup,Oscar Napolitano,"Alfredo Sciarretta, Salvador Cilotta (Drums)","Daniel Alvarez, Américo Figola, Luis Zinkes, Haroldo Ferrero","Leo Schiffrin, Carlos Taverna, Dante Napolitano, Armando Gutiérrez","Piano, Bass, 4 Bandoneons, 4 Violins, Drums",3897,7799
Francisco Lomuto,Orquesta Francisco Lomuto,4/2/1929,Palermo,,Tango,Charlo,Odeón,,Enrique Pedro Delfino,"Juan Villalba, Domingo Herminio Bragagnolo",,29-31 Main Lineup,Oscar Napolitano,"Alfredo Sciarretta, Salvador Cilotta (Drums)","Daniel Alvarez, Américo Figola, Luis Zinkes, Haroldo Ferrero","Leo Schiffrin, Carlos Taverna, Dante Napolitano, Armando Gutiérrez","Piano, Bass, 4 Bandoneons, 4 Violins, Drums",3895,7799
Francisco Lomuto,Orquesta Francisco Lomuto,4/2/1929,Soy un Pobre Gaucho,,Tango,Charlo,Odeón,,"Adolfo Pérez “Pocholo” (seudónimo de Adolfo Alejandro Pérez, Gutiérrez)",José Fernández Perrusini,,29-31 Main Lineup,Oscar Napolitano,"Alfredo Sciarretta, Salvador Cilotta (Drums)","Daniel Alvarez, Américo Figola, Luis Zinkes, Haroldo Ferrero","Leo Schiffrin, Carlos Taverna, Dante Napolitano, Armando Gutiérrez","Piano, Bass, 4 Bandoneons, 4 Violins, Drums",3898,7802
Francisco Lomuto,Orquesta Francisco Lomuto,4/2/1929,Tango Argentino,,Tango,Instrumental,Odeón,,Juan Félix Maglio,Alfredo Bigeschi,,29-31 Main Lineup,Oscar Napolitano,"Alfredo Sciarretta, Salvador Cilotta (Drums)","Daniel Alvarez, Américo Figola, Luis Zinkes, Haroldo Ferrero","Leo Schiffrin, Carlos Taverna, Dante Napolitano, Armando Gutiérrez","Piano, Bass, 4 Bandoneons, 4 Violins, Drums",3895,7799
Francisco Lomuto,Orquesta Francisco Lomuto,4/13/1929,Aquel Amor,,Tango,Instrumental,Odeón,,Alfonso Ramiro Lacueva,Enrique Sotelo,,29-31 Main Lineup,Oscar Napolitano,"Alfredo Sciarretta, Salvador Cilotta (Drums)","Daniel Alvarez, Américo Figola, Luis Zinkes, Haroldo Ferrero","Leo Schiffrin, Carlos Taverna, Dante Napolitano, Armando Gutiérrez","Piano, Bass, 4 Bandoneons, 4 Violins, Drums",3938,7801
Francisco Lomuto,Orquesta Francisco Lomuto,4/13/1929,Perdónala Señor,,Tango,Instrumental,Odeón,,Miguel Eusebio Bucino,,,29-31 Main Lineup,Oscar Napolitano,"Alfredo Sciarretta, Salvador Cilotta (Drums)","Daniel Alvarez, Américo Figola, Luis Zinkes, Haroldo Ferrero","Leo Schiffrin, Carlos Taverna, Dante Napolitano, Armando Gutiérrez","Piano, Bass, 4 Bandoneons, 4 Violins, Drums",3941,7803
Francisco Lomuto,Orquesta Francisco Lomuto,14/4/1929 ó 19/4/1929,Zaraza,,Tango,Charlo,Odeón,,"Benjamín Lara, Alfonso Lara","Benjamín Lara, Alfonso Lara",,29-31 Main Lineup,Oscar Napolitano,"Alfredo Sciarretta, Salvador Cilotta (Drums)","Daniel Alvarez, Américo Figola, Luis Zinkes, Haroldo Ferrero","Leo Schiffrin, Carlos Taverna, Dante Napolitano, Armando Gutiérrez","Piano, Bass, 4 Bandoneons, 4 Violins, Drums",3976,7804
Francisco Lomuto,Orquesta Francisco Lomuto,5/6/1929,Atorrante,,Tango,Charlo,Odeón,,Raúl Joaquín de los Hoyos,Bartolomé Ángel Venancio Alberto Vaccarezza,,29-31 Main Lineup,Oscar Napolitano,"Alfredo Sciarretta, Salvador Cilotta (Drums)","Daniel Alvarez, Américo Figola, Luis Zinkes, Haroldo Ferrero","Leo Schiffrin, Carlos Taverna, Dante Napolitano, Armando Gutiérrez","Piano, Bass, 4 Bandoneons, 4 Violins, Drums",4062,7808
Francisco Lomuto,Orquesta Francisco Lomuto,5/6/1929,Patadura,,Tango,Instrumental,Odeón,,José López Ares,Enrique Carrera Sotelo,,29-31 Main Lineup,Oscar Napolitano,"Alfredo Sciarretta, Salvador Cilotta (Drums)","Daniel Alvarez, Américo Figola, Luis Zinkes, Haroldo Ferrero","Leo Schiffrin, Carlos Taverna, Dante Napolitano, Armando Gutiérrez","Piano, Bass, 4 Bandoneons, 4 Violins, Drums",4061,7805
Francisco Lomuto,Orquesta Francisco Lomuto,5/6/1929,Rubiecita,,Tango,Charlo,Odeón,,Arturo Schianca,Miguel Andrés,,29-31 Main Lineup,Oscar Napolitano,"Alfredo Sciarretta, Salvador Cilotta (Drums)","Daniel Alvarez, Américo Figola, Luis Zinkes, Haroldo Ferrero","Leo Schiffrin, Carlos Taverna, Dante Napolitano, Armando Gutiérrez","Piano, Bass, 4 Bandoneons, 4 Violins, Drums",4063,7808
Francisco Lomuto,Orquesta Francisco Lomuto,5/14/1929,Todavía Hay Otarios,,Tango,Instrumental,Odeón,,Manuel Pizarro,Héctor Behety,,29-31 Main Lineup,Oscar Napolitano,"Alfredo Sciarretta, Salvador Cilotta (Drums)","Daniel Alvarez, Américo Figola, Luis Zinkes, Haroldo Ferrero","Leo Schiffrin, Carlos Taverna, Dante Napolitano, Armando Gutiérrez","Piano, Bass, 4 Bandoneons, 4 Violins, Drums",4105,7806
Francisco Lomuto,Orquesta Francisco Lomuto,5/14/1929,Pura Bulla,,Tango,Instrumental,Odeón,,Juan Nikelson,,,29-31 Main Lineup,Oscar Napolitano,"Alfredo Sciarretta, Salvador Cilotta (Drums)","Daniel Alvarez, Américo Figola, Luis Zinkes, Haroldo Ferrero","Leo Schiffrin, Carlos Taverna, Dante Napolitano, Armando Gutiérrez","Piano, Bass, 4 Bandoneons, 4 Violins, Drums",4108,7807
Francisco Lomuto,Orquesta Francisco Lomuto,6/13/1929,Mis Horas Tristes,,Tango,Instrumental,Odeón,,A. F. Poli,,,29-31 Main Lineup,Oscar Napolitano,"Alfredo Sciarretta, Salvador Cilotta (Drums)","Daniel Alvarez, Américo Figola, Luis Zinkes, Haroldo Ferrero","Leo Schiffrin, Carlos Taverna, Dante Napolitano, Armando Gutiérrez","Piano, Bass, 4 Bandoneons, 4 Violins, Drums",4234,7808
Francisco Lomuto,Orquesta Francisco Lomuto,6/13/1929,Sin Chance,,Tango,Instrumental,Odeón,,Daniel López Barreto (Daniel Rosas del Urde López Barreto),,,29-31 Main Lineup,Oscar Napolitano,"Alfredo Sciarretta, Salvador Cilotta (Drums)","Daniel Alvarez, Américo Figola, Luis Zinkes, Haroldo Ferrero","Leo Schiffrin, Carlos Taverna, Dante Napolitano, Armando Gutiérrez","Piano, Bass, 4 Bandoneons, 4 Violins, Drums",4235,7810
Francisco Lomuto,Orquesta Francisco Lomuto,6/20/1929,Orgullosa,,Tango,Instrumental,Odeón,,J. Salas,,,29-31 Main Lineup,Oscar Napolitano,"Alfredo Sciarretta, Salvador Cilotta (Drums)","Daniel Alvarez, Américo Figola, Luis Zinkes, Haroldo Ferrero","Leo Schiffrin, Carlos Taverna, Dante Napolitano, Armando Gutiérrez","Piano, Bass, 4 Bandoneons, 4 Violins, Drums",4267,7811
Francisco Lomuto,Orquesta Francisco Lomuto,5/14/1929,Sos Bueno Vos También,,Tango,Instrumental,Odeón,,Francisco Canaro,Juan Caruso,,29-31 Main Lineup,Oscar Napolitano,"Alfredo Sciarretta, Salvador Cilotta (Drums)","Daniel Alvarez, Américo Figola, Luis Zinkes, Haroldo Ferrero","Leo Schiffrin, Carlos Taverna, Dante Napolitano, Armando Gutiérrez","Piano, Bass, 4 Bandoneons, 4 Violins, Drums",4106,7807
Francisco Lomuto,Orquesta Francisco Lomuto,6/20/1929,Soy Un Arlequín,,Tango,Charlo,Odeón,,Enrique Santos Discepolo,Enrique Santos Discepolo,,29-31 Main Lineup,Oscar Napolitano,"Alfredo Sciarretta, Salvador Cilotta (Drums)","Daniel Alvarez, Américo Figola, Luis Zinkes, Haroldo Ferrero","Leo Schiffrin, Carlos Taverna, Dante Napolitano, Armando Gutiérrez","Piano, Bass, 4 Bandoneons, 4 Violins, Drums",4268,7811
Francisco Lomuto,Orquesta Francisco Lomuto,7/5/1929,Barrio Viejo,,Tango,Instrumental,Odeón,,Guillermo Desiderio Barbieri,Enrique Domingo Cadícamo,,29-31 Main Lineup,Oscar Napolitano,"Alfredo Sciarretta, Salvador Cilotta (Drums)","Daniel Alvarez, Américo Figola, Luis Zinkes, Haroldo Ferrero","Leo Schiffrin, Carlos Taverna, Dante Napolitano, Armando Gutiérrez","Piano, Bass, 4 Bandoneons, 4 Violins, Drums",4319,7813
Francisco Lomuto,Orquesta Francisco Lomuto,7/5/1929,Escuchame Che Globero,,Tango,Charlo,Odeón,,Raúl Joaquín de los Hoyos,,,29-31 Main Lineup,Oscar Napolitano,"Alfredo Sciarretta, Salvador Cilotta (Drums)","Daniel Alvarez, Américo Figola, Luis Zinkes, Haroldo Ferrero","Leo Schiffrin, Carlos Taverna, Dante Napolitano, Armando Gutiérrez","Piano, Bass, 4 Bandoneons, 4 Violins, Drums",4321,7812
Francisco Lomuto,Orquesta Francisco Lomuto,7/5/1929,Pinta Maleva,,Tango,Charlo,Odeón,,Luis Teisseire,Luis Teisseire,,29-31 Main Lineup,Oscar Napolitano,"Alfredo Sciarretta, Salvador Cilotta (Drums)","Daniel Alvarez, Américo Figola, Luis Zinkes, Haroldo Ferrero","Leo Schiffrin, Carlos Taverna, Dante Napolitano, Armando Gutiérrez","Piano, Bass, 4 Bandoneons, 4 Violins, Drums",4322,7814
Francisco Lomuto,Orquesta Francisco Lomuto,7/19/1929,Mi Pibe,La Chance,Tango,Instrumental,Odeón,,Enrique Pedro Delfino,Manuel Romero,,29-31 Main Lineup,Oscar Napolitano,"Alfredo Sciarretta, Salvador Cilotta (Drums)","Daniel Alvarez, Américo Figola, Luis Zinkes, Haroldo Ferrero","Leo Schiffrin, Carlos Taverna, Dante Napolitano, Armando Gutiérrez","Piano, Bass, 4 Bandoneons, 4 Violins, Drums",4378,7815
Francisco Lomuto,Orquesta Francisco Lomuto,7/26/1929,Comadre,,Tango,Instrumental,Odeón,,Oscar Juan de Dios Filiberti,Celedonio Flores,,29-31 Main Lineup,Oscar Napolitano,"Alfredo Sciarretta, Salvador Cilotta (Drums)","Daniel Alvarez, Américo Figola, Luis Zinkes, Haroldo Ferrero","Leo Schiffrin, Carlos Taverna, Dante Napolitano, Armando Gutiérrez","Piano, Bass, 4 Bandoneons, 4 Violins, Drums",4416,7818
Francisco Lomuto,Orquesta Francisco Lomuto,7/26/1929,Evocación,,Tango,Instrumental,Odeón,,"Antonio Rossi, Felix Decillis","Decillis, Rossi",,29-31 Main Lineup,Oscar Napolitano,"Alfredo Sciarretta, Salvador Cilotta (Drums)","Daniel Alvarez, Américo Figola, Luis Zinkes, Haroldo Ferrero","Leo Schiffrin, Carlos Taverna, Dante Napolitano, Armando Gutiérrez","Piano, Bass, 4 Bandoneons, 4 Violins, Drums",4414,7815
Francisco Lomuto,Orquesta Francisco Lomuto,8/14/1929,Cruz De Palo,,Tango,Instrumental,Odeón,,Guillermo Desiderio Barbieri,Enrique Domingo Cadícamo,,29-31 Main Lineup,Oscar Napolitano,"Alfredo Sciarretta, Salvador Cilotta (Drums)","Daniel Alvarez, Américo Figola, Luis Zinkes, Haroldo Ferrero","Leo Schiffrin, Carlos Taverna, Dante Napolitano, Armando Gutiérrez","Piano, Bass, 4 Bandoneons, 4 Violins, Drums",4474,7817
Francisco Lomuto,Orquesta Francisco Lomuto,8/14/1929,Deje que la Acompañe,Déjeme que L'acompañe,Tango,Charlo,Odeón,,Augusto Umberto Gentile,Augusto Umberto Gentile,,29-31 Main Lineup,Oscar Napolitano,"Alfredo Sciarretta, Salvador Cilotta (Drums)","Daniel Alvarez, Américo Figola, Luis Zinkes, Haroldo Ferrero","Leo Schiffrin, Carlos Taverna, Dante Napolitano, Armando Gutiérrez","Piano, Bass, 4 Bandoneons, 4 Violins, Drums",4475,7817
Francisco Lomuto,Orquesta Francisco Lomuto,8/14/1929,Secante,,Tango,Charlo,Odeón,,Roque Biafore,Luis Rubistein,,29-31 Main Lineup,Oscar Napolitano,"Alfredo Sciarretta, Salvador Cilotta (Drums)","Daniel Alvarez, Américo Figola, Luis Zinkes, Haroldo Ferrero","Leo Schiffrin, Carlos Taverna, Dante Napolitano, Armando Gutiérrez","Piano, Bass, 4 Bandoneons, 4 Violins, Drums",4476,7818
Francisco Lomuto,Orquesta Francisco Lomuto,8/23/1929,Alguna Vez,,Tango,Charlo,Odeón,,Enrique Santos Discepolo,Enrique Santos Discepolo,,29-31 Main Lineup,Oscar Napolitano,"Alfredo Sciarretta, Salvador Cilotta (Drums)","Daniel Alvarez, Américo Figola, Luis Zinkes, Haroldo Ferrero","Leo Schiffrin, Carlos Taverna, Dante Napolitano, Armando Gutiérrez","Piano, Bass, 4 Bandoneons, 4 Violins, Drums",4506,7820
Francisco Lomuto,Orquesta Francisco Lomuto,8/23/1929,La Última Ronda,,Tango,Instrumental,Odeón,,Julio Pollero,Francisco Lozano,,29-31 Main Lineup,Oscar Napolitano,"Alfredo Sciarretta, Salvador Cilotta (Drums)","Daniel Alvarez, Américo Figola, Luis Zinkes, Haroldo Ferrero","Leo Schiffrin, Carlos Taverna, Dante Napolitano, Armando Gutiérrez","Piano, Bass, 4 Bandoneons, 4 Violins, Drums",4504,7819
Francisco Lomuto,Orquesta Francisco Lomuto,7/26/1929,Mosca Muerta,,Tango,Instrumental,Odeón,,Francisco Juan Lomuto,,,29-31 Main Lineup,Oscar Napolitano,"Alfredo Sciarretta, Salvador Cilotta (Drums)","Daniel Alvarez, Américo Figola, Luis Zinkes, Haroldo Ferrero","Leo Schiffrin, Carlos Taverna, Dante Napolitano, Armando Gutiérrez","Piano, Bass, 4 Bandoneons, 4 Violins, Drums",4415,7816
Francisco Lomuto,Orquesta Francisco Lomuto,8/23/1929,Puro Cuento,,Tango,Charlo,Odeón,,Alberto Alonso,Francisco París,,29-31 Main Lineup,Oscar Napolitano,"Alfredo Sciarretta, Salvador Cilotta (Drums)","Daniel Alvarez, Américo Figola, Luis Zinkes, Haroldo Ferrero","Leo Schiffrin, Carlos Taverna, Dante Napolitano, Armando Gutiérrez","Piano, Bass, 4 Bandoneons, 4 Violins, Drums",4505,7821
Francisco Lomuto,Orquesta Francisco Lomuto,9/17/1929,Callejera,,Tango,Charlo,Odeón,,Fausto Miguel Frontera,Enrique Domingo Cadícamo,,29-31 Main Lineup,Oscar Napolitano,"Alfredo Sciarretta, Salvador Cilotta (Drums)","Daniel Alvarez, Américo Figola, Luis Zinkes, Haroldo Ferrero","Leo Schiffrin, Carlos Taverna, Dante Napolitano, Armando Gutiérrez","Piano, Bass, 4 Bandoneons, 4 Violins, Drums",4600,7824
Francisco Lomuto,Orquesta Francisco Lomuto,9/17/1929,Media Noche,Medianoche,Tango,Instrumental,Odeón,,Nicolás Alberto Tavarozzi,Eduardo Escaris Méndez,,29-31 Main Lineup,Oscar Napolitano,"Alfredo Sciarretta, Salvador Cilotta (Drums)","Daniel Alvarez, Américo Figola, Luis Zinkes, Haroldo Ferrero","Leo Schiffrin, Carlos Taverna, Dante Napolitano, Armando Gutiérrez","Piano, Bass, 4 Bandoneons, 4 Violins, Drums",4598,7820
Francisco Lomuto,Orquesta Francisco Lomuto,9/17/1929,Quinielero,,Tango,Charlo,Odeón,,"Juan F. Noli, Raimundo Petillo","Juan F. Noli, Raimundo Petillo",,29-31 Main Lineup,Oscar Napolitano,"Alfredo Sciarretta, Salvador Cilotta (Drums)","Daniel Alvarez, Américo Figola, Luis Zinkes, Haroldo Ferrero","Leo Schiffrin, Carlos Taverna, Dante Napolitano, Armando Gutiérrez","Piano, Bass, 4 Bandoneons, 4 Violins, Drums",4599,7823
Francisco Lomuto,Orquesta Francisco Lomuto,9/20/1929,Cuando Despiertes,,Tango,Instrumental,Odeón,,José La Vía,,,29-31 Main Lineup,Oscar Napolitano,"Alfredo Sciarretta, Salvador Cilotta (Drums)","Daniel Alvarez, Américo Figola, Luis Zinkes, Haroldo Ferrero","Leo Schiffrin, Carlos Taverna, Dante Napolitano, Armando Gutiérrez","Piano, Bass, 4 Bandoneons, 4 Violins, Drums",4624,7823
Francisco Lomuto,Orquesta Francisco Lomuto,10/15/1929,Fuelle Amigo,Fueye Amigo,Tango,Charlo,Odeón,,Rosita Quiroga,,,29-31 Main Lineup,Oscar Napolitano,"Alfredo Sciarretta, Salvador Cilotta (Drums)","Daniel Alvarez, Américo Figola, Luis Zinkes, Haroldo Ferrero","Leo Schiffrin, Carlos Taverna, Dante Napolitano, Armando Gutiérrez","Piano, Bass, 4 Bandoneons, 4 Violins, Drums",4700,7822
Francisco Lomuto,Orquesta Francisco Lomuto,10/15/1929,Moneda Corriente,,Tango,Charlo,Odeón,,Rodolfo Pascual Sciammarella,Alfredo Bertonasco,,29-31 Main Lineup,Oscar Napolitano,"Alfredo Sciarretta, Salvador Cilotta (Drums)","Daniel Alvarez, Américo Figola, Luis Zinkes, Haroldo Ferrero","Leo Schiffrin, Carlos Taverna, Dante Napolitano, Armando Gutiérrez","Piano, Bass, 4 Bandoneons, 4 Violins, Drums",4702,7826
Francisco Lomuto,Orquesta Francisco Lomuto,10/30/1929,Prisionero,,Tango,Charlo,Odeón,,Anselmo Alfredo Aieta,Francisco García Jiménez,,29-31 Main Lineup,Oscar Napolitano,"Alfredo Sciarretta, Salvador Cilotta (Drums)","Daniel Alvarez, Américo Figola, Luis Zinkes, Haroldo Ferrero","Leo Schiffrin, Carlos Taverna, Dante Napolitano, Armando Gutiérrez","Piano, Bass, 4 Bandoneons, 4 Violins, Drums",4786,7829
Francisco Lomuto,Orquesta Francisco Lomuto,10/22/1929,Puerto Nuevo,,Tango,Instrumental,Odeón,,"Adolfo Pérez “Pocholo” (seudónimo de Adolfo Alejandro Pérez, Gutiérrez)",,,29-31 Main Lineup,Oscar Napolitano,"Alfredo Sciarretta, Salvador Cilotta (Drums)","Daniel Alvarez, Américo Figola, Luis Zinkes, Haroldo Ferrero","Leo Schiffrin, Carlos Taverna, Dante Napolitano, Armando Gutiérrez","Piano, Bass, 4 Bandoneons, 4 Violins, Drums",4727,7827
Francisco Lomuto,Orquesta Francisco Lomuto,10/22/1929,Recuerdos,,Tango,Instrumental,Odeón,,J. S. Petrocci,,,29-31 Main Lineup,Oscar Napolitano,"Alfredo Sciarretta, Salvador Cilotta (Drums)","Daniel Alvarez, Américo Figola, Luis Zinkes, Haroldo Ferrero","Leo Schiffrin, Carlos Taverna, Dante Napolitano, Armando Gutiérrez","Piano, Bass, 4 Bandoneons, 4 Violins, Drums",4730,7827
Francisco Lomuto,Orquesta Francisco Lomuto,10/22/1929,Viejo Amigo,,Tango,Instrumental,Odeón,,Juan Miguel Velich,Juan Velich,,29-31 Main Lineup,Oscar Napolitano,"Alfredo Sciarretta, Salvador Cilotta (Drums)","Daniel Alvarez, Américo Figola, Luis Zinkes, Haroldo Ferrero","Leo Schiffrin, Carlos Taverna, Dante Napolitano, Armando Gutiérrez","Piano, Bass, 4 Bandoneons, 4 Violins, Drums",4728,7828
Francisco Lomuto,Orquesta Francisco Lomuto,10/30/1929,Mi Cotorrito Bohemio,,Tango,Instrumental,Odeón,,"M. Vega, Manuel Juan García Ferrari","M. Vega, Manuel Juan García Ferrari",,29-31 Main Lineup,Oscar Napolitano,"Alfredo Sciarretta, Salvador Cilotta (Drums)","Daniel Alvarez, Américo Figola, Luis Zinkes, Haroldo Ferrero","Leo Schiffrin, Carlos Taverna, Dante Napolitano, Armando Gutiérrez","Piano, Bass, 4 Bandoneons, 4 Violins, Drums",4785,7830
Francisco Lomuto,Orquesta Francisco Lomuto,11/5/1929,Dónde Están,,Tango,Instrumental,Odeón,,L. D. Fiordelisi,,,29-31 Main Lineup,Oscar Napolitano,"Alfredo Sciarretta, Salvador Cilotta (Drums)","Daniel Alvarez, Américo Figola, Luis Zinkes, Haroldo Ferrero","Leo Schiffrin, Carlos Taverna, Dante Napolitano, Armando Gutiérrez","Piano, Bass, 4 Bandoneons, 4 Violins, Drums",4809,7831
Francisco Lomuto,Orquesta Francisco Lomuto,11/5/1929,Lágrimas de Mujer,,Tango,Instrumental,Odeón,,Armando Acquarone,,,29-31 Main Lineup,Oscar Napolitano,"Alfredo Sciarretta, Salvador Cilotta (Drums)","Daniel Alvarez, Américo Figola, Luis Zinkes, Haroldo Ferrero","Leo Schiffrin, Carlos Taverna, Dante Napolitano, Armando Gutiérrez","Piano, Bass, 4 Bandoneons, 4 Violins, Drums",4808,7831
Francisco Lomuto,Orquesta Francisco Lomuto,11/19/1929,Cascada de Perlas,,Tango,Instrumental,Odeón,,Julián Cardozo,,,29-31 Main Lineup,Oscar Napolitano,"Alfredo Sciarretta, Salvador Cilotta (Drums)","Daniel Alvarez, Américo Figola, Luis Zinkes, Haroldo Ferrero","Leo Schiffrin, Carlos Taverna, Dante Napolitano, Armando Gutiérrez","Piano, Bass, 4 Bandoneons, 4 Violins, Drums",4913,7833
Francisco Lomuto,Orquesta Francisco Lomuto,11/19/1929,Ojos que No Ven,,Tango,Instrumental,Odeón,,Fonrat Beccar,Eduardo Béccar,,29-31 Main Lineup,Oscar Napolitano,"Alfredo Sciarretta, Salvador Cilotta (Drums)","Daniel Alvarez, Américo Figola, Luis Zinkes, Haroldo Ferrero","Leo Schiffrin, Carlos Taverna, Dante Napolitano, Armando Gutiérrez","Piano, Bass, 4 Bandoneons, 4 Violins, Drums",4910,7834
Francisco Lomuto,Orquesta Francisco Lomuto,11/19/1929,Rancho Embrujao,Rancho Embrujado,Tango,Instrumental,Odeón,,Raúl Courau,Francisco García Jiménez,,29-31 Main Lineup,Oscar Napolitano,"Alfredo Sciarretta, Salvador Cilotta (Drums)","Daniel Alvarez, Américo Figola, Luis Zinkes, Haroldo Ferrero","Leo Schiffrin, Carlos Taverna, Dante Napolitano, Armando Gutiérrez","Piano, Bass, 4 Bandoneons, 4 Violins, Drums",4911,7836
Francisco Lomuto,Orquesta Francisco Lomuto,11/26/1929,Misa De Once,,Tango,Charlo,Odeón,,Juan José Guichandut,Armando José María Tagini,,29-31 Main Lineup,Oscar Napolitano,"Alfredo Sciarretta, Salvador Cilotta (Drums)","Daniel Alvarez, Américo Figola, Luis Zinkes, Haroldo Ferrero","Leo Schiffrin, Carlos Taverna, Dante Napolitano, Armando Gutiérrez","Piano, Bass, 4 Bandoneons, 4 Violins, Drums",4945,7833
Francisco Lomuto,Orquesta Francisco Lomuto,12/13/1929,De Todo Te Olvidas,Cabeza de Novia,Tango,Charlo,Odeón,,Salvador Merico,Enrique Domingo Cadícamo,,29-31 Main Lineup,Oscar Napolitano,"Alfredo Sciarretta, Salvador Cilotta (Drums)","Daniel Alvarez, Américo Figola, Luis Zinkes, Haroldo Ferrero","Leo Schiffrin, Carlos Taverna, Dante Napolitano, Armando Gutiérrez","Piano, Bass, 4 Bandoneons, 4 Violins, Drums",5056,7834
Francisco Lomuto,Orquesta Francisco Lomuto,12/13/1929,Pensalo Bien,,Tango,Charlo,Odeón,,"A. Calvera, E. López","A. Calvera, E. López",,29-31 Main Lineup,Oscar Napolitano,"Alfredo Sciarretta, Salvador Cilotta (Drums)","Daniel Alvarez, Américo Figola, Luis Zinkes, Haroldo Ferrero","Leo Schiffrin, Carlos Taverna, Dante Napolitano, Armando Gutiérrez","Piano, Bass, 4 Bandoneons, 4 Violins, Drums",5055,7838
Francisco Lomuto,Orquesta Francisco Lomuto,12/20/1929,Confesión,,Tango,Instrumental,Odeón,,Julio Romero,,,29-31 Main Lineup,Oscar Napolitano,"Alfredo Sciarretta, Salvador Cilotta (Drums)","Daniel Alvarez, Américo Figola, Luis Zinkes, Haroldo Ferrero","Leo Schiffrin, Carlos Taverna, Dante Napolitano, Armando Gutiérrez","Piano, Bass, 4 Bandoneons, 4 Violins, Drums",,
Francisco Lomuto,Orquesta Francisco Lomuto,3/31/1930,En Tres y Punta,,Tango,Instrumental,Odeón,,Francisco Isidro Emilio Martino,,,29-31 Main Lineup,Oscar Napolitano,"Alfredo Sciarretta, Salvador Cilotta (Drums)","Daniel Alvarez, Américo Figola, Luis Zinkes, Haroldo Ferrero","Leo Schiffrin, Carlos Taverna, Dante Napolitano, Armando Gutiérrez","Piano, Bass, 4 Bandoneons, 4 Violins, Drums",5320,7839
Francisco Lomuto,Orquesta Francisco Lomuto,4/5/1930,Alma De Indio,,Tango,Charlo,Odeón,,Augusto Umberto Gentile,Pedro Córdoba,,29-31 Main Lineup,Oscar Napolitano,"Alfredo Sciarretta, Salvador Cilotta (Drums)","Daniel Alvarez, Américo Figola, Luis Zinkes, Haroldo Ferrero","Leo Schiffrin, Carlos Taverna, Dante Napolitano, Armando Gutiérrez","Piano, Bass, 4 Bandoneons, 4 Violins, Drums",5366,7842
Francisco Lomuto,Orquesta Francisco Lomuto,4/5/1930,Piñataro,,Tango,Instrumental,Odeón,,Carlos Sánchez,Carlos Sánchez,,29-31 Main Lineup,Oscar Napolitano,"Alfredo Sciarretta, Salvador Cilotta (Drums)","Daniel Alvarez, Américo Figola, Luis Zinkes, Haroldo Ferrero","Leo Schiffrin, Carlos Taverna, Dante Napolitano, Armando Gutiérrez","Piano, Bass, 4 Bandoneons, 4 Violins, Drums",5365,7841
Francisco Lomuto,Orquesta Francisco Lomuto,4/15/1930,Buenos Aires,,Tango,Instrumental,Odeón,,Manuel Jovés,Manuel Romero,,29-31 Main Lineup,Oscar Napolitano,"Alfredo Sciarretta, Salvador Cilotta (Drums)","Daniel Alvarez, Américo Figola, Luis Zinkes, Haroldo Ferrero","Leo Schiffrin, Carlos Taverna, Dante Napolitano, Armando Gutiérrez","Piano, Bass, 4 Bandoneons, 4 Violins, Drums",5425,7842
Francisco Lomuto,Orquesta Francisco Lomuto,4/15/1930,Como Los Nardos En Flor,,Tango,Instrumental,Odeón,,"Justo Julián Teófilo Lespés, Zenón Mario Lespés","Eduardo Vieyra [así figura en discos, casetes] o Viera [así figura en Sadaic]",,29-31 Main Lineup,Oscar Napolitano,"Alfredo Sciarretta, Salvador Cilotta (Drums)","Daniel Alvarez, Américo Figola, Luis Zinkes, Haroldo Ferrero","Leo Schiffrin, Carlos Taverna, Dante Napolitano, Armando Gutiérrez","Piano, Bass, 4 Bandoneons, 4 Violins, Drums",5424,7844
Francisco Lomuto,Orquesta Francisco Lomuto,4/24/1930,Dejame Vivir la Vida,,Tango,Instrumental,Odeón,,María Isolina Godard,Francisco García Jiménez,,29-31 Main Lineup,Oscar Napolitano,"Alfredo Sciarretta, Salvador Cilotta (Drums)","Daniel Alvarez, Américo Figola, Luis Zinkes, Haroldo Ferrero","Leo Schiffrin, Carlos Taverna, Dante Napolitano, Armando Gutiérrez","Piano, Bass, 4 Bandoneons, 4 Violins, Drums",5452,7846
Francisco Lomuto,Orquesta Francisco Lomuto,4/25/1930,Alma Criolla,A Nelly Omar,Tango,Instrumental,Odeón,,Ratto Valerga,,,29-31 Main Lineup,Oscar Napolitano,"Alfredo Sciarretta, Salvador Cilotta (Drums)","Daniel Alvarez, Américo Figola, Luis Zinkes, Haroldo Ferrero","Leo Schiffrin, Carlos Taverna, Dante Napolitano, Armando Gutiérrez","Piano, Bass, 4 Bandoneons, 4 Violins, Drums",5456,7843
Francisco Lomuto,Orquesta Francisco Lomuto,4/25/1930,Juventud,,Tango,Instrumental,Odeón,,Luis Teisseire,Roberto Barboza,,29-31 Main Lineup,Oscar Napolitano,"Alfredo Sciarretta, Salvador Cilotta (Drums)","Daniel Alvarez, Américo Figola, Luis Zinkes, Haroldo Ferrero","Leo Schiffrin, Carlos Taverna, Dante Napolitano, Armando Gutiérrez","Piano, Bass, 4 Bandoneons, 4 Violins, Drums",5454,7845
Francisco Lomuto,Orquesta Francisco Lomuto,4/25/1930,Quejidos del Tango,,Tango,Instrumental,Odeón,,A. Gatto,,,29-31 Main Lineup,Oscar Napolitano,"Alfredo Sciarretta, Salvador Cilotta (Drums)","Daniel Alvarez, Américo Figola, Luis Zinkes, Haroldo Ferrero","Leo Schiffrin, Carlos Taverna, Dante Napolitano, Armando Gutiérrez","Piano, Bass, 4 Bandoneons, 4 Violins, Drums",5455,7851
Francisco Lomuto,Orquesta Francisco Lomuto,6/11/1930,Colorao Colorao,,Tango,Instrumental,Odeón,,Alberto Hilarión Acuña,Celedonio Esteban Flores,,29-31 Main Lineup,Oscar Napolitano,"Alfredo Sciarretta, Salvador Cilotta (Drums)","Daniel Alvarez, Américo Figola, Luis Zinkes, Haroldo Ferrero","Leo Schiffrin, Carlos Taverna, Dante Napolitano, Armando Gutiérrez","Piano, Bass, 4 Bandoneons, 4 Violins, Drums",5678,7850
Francisco Lomuto,Orquesta Francisco Lomuto,5/16/1930,Nocao de Amor,Knock-out de Amor,Tango,Instrumental,Odeón,,Vicente Lorenzo,Iván Diez,,29-31 Main Lineup,Oscar Napolitano,"Alfredo Sciarretta, Salvador Cilotta (Drums)","Daniel Alvarez, Américo Figola, Luis Zinkes, Haroldo Ferrero","Leo Schiffrin, Carlos Taverna, Dante Napolitano, Armando Gutiérrez","Piano, Bass, 4 Bandoneons, 4 Violins, Drums",,
Francisco Lomuto,Orquesta Francisco Lomuto,6/18/1930,Cuentas Claras,,Tango,Instrumental,Odeón,,Francisco Nicolás Pracánico,Horacio Mansilla,,29-31 Main Lineup,Oscar Napolitano,"Alfredo Sciarretta, Salvador Cilotta (Drums)","Daniel Alvarez, Américo Figola, Luis Zinkes, Haroldo Ferrero","Leo Schiffrin, Carlos Taverna, Dante Napolitano, Armando Gutiérrez","Piano, Bass, 4 Bandoneons, 4 Violins, Drums",5748,7848
Francisco Lomuto,Orquesta Francisco Lomuto,6/18/1930,Remordimiento,Remordimientos,Tango,Charlo,Odeón,,Man Kenn,Ulderino Caserio,,29-31 Main Lineup,Oscar Napolitano,"Alfredo Sciarretta, Salvador Cilotta (Drums)","Daniel Alvarez, Américo Figola, Luis Zinkes, Haroldo Ferrero","Leo Schiffrin, Carlos Taverna, Dante Napolitano, Armando Gutiérrez","Piano, Bass, 4 Bandoneons, 4 Violins, Drums",5750,7854
Francisco Lomuto,Orquesta Francisco Lomuto,7/2/1930,Bigotito,,Tango,Instrumental,Odeón,,Manuel Buzón,"Ismael Ricardo, Gerónimo F. Martinelli Massa",,29-31 Main Lineup,Oscar Napolitano,"Alfredo Sciarretta, Salvador Cilotta (Drums)","Daniel Alvarez, Américo Figola, Luis Zinkes, Haroldo Ferrero","Leo Schiffrin, Carlos Taverna, Dante Napolitano, Armando Gutiérrez","Piano, Bass, 4 Bandoneons, 4 Violins, Drums",5823,7853
Francisco Lomuto,Orquesta Francisco Lomuto,7/2/1930,Datero,,Tango,Instrumental,Odeón,,Ramón Iturralde,,,29-31 Main Lineup,Oscar Napolitano,"Alfredo Sciarretta, Salvador Cilotta (Drums)","Daniel Alvarez, Américo Figola, Luis Zinkes, Haroldo Ferrero","Leo Schiffrin, Carlos Taverna, Dante Napolitano, Armando Gutiérrez","Piano, Bass, 4 Bandoneons, 4 Violins, Drums",5824,7852
Francisco Lomuto,Orquesta Francisco Lomuto,7/16/1930,Corazón de Oro,Corazon de Oro,Tango,Instrumental,Odeón,,Fortunato Matino,José Viglienghi,,29-31 Main Lineup,Oscar Napolitano,"Alfredo Sciarretta, Salvador Cilotta (Drums)","Daniel Alvarez, Américo Figola, Luis Zinkes, Haroldo Ferrero","Leo Schiffrin, Carlos Taverna, Dante Napolitano, Armando Gutiérrez","Piano, Bass, 4 Bandoneons, 4 Violins, Drums",5907,7856
Francisco Lomuto,Orquesta Francisco Lomuto,7/16/1930,Lejanía,,Tango,Antonio Buglione,Odeón,,Francisco Lauro,Francisco Lauro,,29-31 Main Lineup,Oscar Napolitano,"Alfredo Sciarretta, Salvador Cilotta (Drums)","Daniel Alvarez, Américo Figola, Luis Zinkes, Haroldo Ferrero","Leo Schiffrin, Carlos Taverna, Dante Napolitano, Armando Gutiérrez","Piano, Bass, 4 Bandoneons, 4 Violins, Drums",5905,7857
Francisco Lomuto,Orquesta Francisco Lomuto,9/9/1930,Penurias,,Tango,Instrumental,Odeón,,Antonio Carena,,,29-31 Main Lineup,Oscar Napolitano,"Alfredo Sciarretta, Salvador Cilotta (Drums)","Daniel Alvarez, Américo Figola, Luis Zinkes, Haroldo Ferrero","Leo Schiffrin, Carlos Taverna, Dante Napolitano, Armando Gutiérrez","Piano, Bass, 4 Bandoneons, 4 Violins, Drums",6013,7857
Francisco Lomuto,Orquesta Francisco Lomuto,9/16/1930,Has Muerto Para Mí,,Tango,Príncipe Azul,Odeón,,Francisco Juan Lomuto,Carlos Pesce,,29-31 Main Lineup,Oscar Napolitano,"Alfredo Sciarretta, Salvador Cilotta (Drums)","Daniel Alvarez, Américo Figola, Luis Zinkes, Haroldo Ferrero","Leo Schiffrin, Carlos Taverna, Dante Napolitano, Armando Gutiérrez","Piano, Bass, 4 Bandoneons, 4 Violins, Drums",6039,7861
Francisco Lomuto,Orquesta Francisco Lomuto,9/16/1930,Nunca,,Tango,Príncipe Azul,Odeón,,Antonio Sureda,Celedonio Esteban Flores,,29-31 Main Lineup,Oscar Napolitano,"Alfredo Sciarretta, Salvador Cilotta (Drums)","Daniel Alvarez, Américo Figola, Luis Zinkes, Haroldo Ferrero","Leo Schiffrin, Carlos Taverna, Dante Napolitano, Armando Gutiérrez","Piano, Bass, 4 Bandoneons, 4 Violins, Drums",6040,7859
Francisco Lomuto,Orquesta Francisco Lomuto,9/16/1930,Sin Clemencia,,Tango,Instrumental,Odeón,,Lucio D'Agostino,,,29-31 Main Lineup,Oscar Napolitano,"Alfredo Sciarretta, Salvador Cilotta (Drums)","Daniel Alvarez, Américo Figola, Luis Zinkes, Haroldo Ferrero","Leo Schiffrin, Carlos Taverna, Dante Napolitano, Armando Gutiérrez","Piano, Bass, 4 Bandoneons, 4 Violins, Drums",6041,7859
Francisco Lomuto,Orquesta Francisco Lomuto,10/17/1930,Cuando Llora La Milonga,,Tango,Instrumental,Odeón,,Oscar Juan de Dios Filiberti,María Luisa Carnelli,,29-31 Main Lineup,Oscar Napolitano,"Alfredo Sciarretta, Salvador Cilotta (Drums)","Daniel Alvarez, Américo Figola, Luis Zinkes, Haroldo Ferrero","Leo Schiffrin, Carlos Taverna, Dante Napolitano, Armando Gutiérrez","Piano, Bass, 4 Bandoneons, 4 Violins, Drums",6192,7870
Francisco Lomuto,Orquesta Francisco Lomuto,11/7/1930,Botarate,,Tango,Príncipe Azul,Odeón,,Alberto Hilarión Acuña,José De Cicco,,29-31 Main Lineup,Oscar Napolitano,"Alfredo Sciarretta, Salvador Cilotta (Drums)","Daniel Alvarez, Américo Figola, Luis Zinkes, Haroldo Ferrero","Leo Schiffrin, Carlos Taverna, Dante Napolitano, Armando Gutiérrez","Piano, Bass, 4 Bandoneons, 4 Violins, Drums",6300,7863
Francisco Lomuto,Orquesta Francisco Lomuto,12/9/1930,La Pagarás,,Tango,Instrumental,Odeón,,Antonio Helú,Antonio Helú,,29-31 Main Lineup,Oscar Napolitano,"Alfredo Sciarretta, Salvador Cilotta (Drums)","Daniel Alvarez, Américo Figola, Luis Zinkes, Haroldo Ferrero","Leo Schiffrin, Carlos Taverna, Dante Napolitano, Armando Gutiérrez","Piano, Bass, 4 Bandoneons, 4 Violins, Drums",6496,7871
Francisco Lomuto,Orquesta Francisco Lomuto,12/13/1930,Pan,,Tango,Instrumental,Odeón,,Eduardo Pereyra,Celedonio Esteban Flores,,29-31 Main Lineup,Oscar Napolitano,"Alfredo Sciarretta, Salvador Cilotta (Drums)","Daniel Alvarez, Américo Figola, Luis Zinkes, Haroldo Ferrero","Leo Schiffrin, Carlos Taverna, Dante Napolitano, Armando Gutiérrez","Piano, Bass, 4 Bandoneons, 4 Violins, Drums",6537,7872-B
Francisco Lomuto,Orquesta Francisco Lomuto,4/24/1931,Qué Lindo Es Amar,,Tango,Jorge Torres,Odeón,,Francisco Juan Lomuto,Francisco Juan Lomuto,,29-31 Main Lineup,Oscar Napolitano,"Alfredo Sciarretta, Salvador Cilotta (Drums)","Daniel Alvarez, Américo Figola, Luis Zinkes, Haroldo Ferrero","Leo Schiffrin, Carlos Taverna, Dante Napolitano, Armando Gutiérrez","Piano, Bass, 4 Bandoneons, 4 Violins, Drums",6652,7873
Francisco Lomuto,Orquesta Francisco Lomuto,5/8/1931,Música Triste,,Tango,Instrumental,Odeón,,"Justo Julián Teófilo Lespés, Zenón Mario Lespés",,,29-31 Main Lineup,Oscar Napolitano,"Alfredo Sciarretta, Salvador Cilotta (Drums)","Daniel Alvarez, Américo Figola, Luis Zinkes, Haroldo Ferrero","Leo Schiffrin, Carlos Taverna, Dante Napolitano, Armando Gutiérrez","Piano, Bass, 4 Bandoneons, 4 Violins, Drums",6673,7874
Francisco Lomuto,Orquesta Francisco Lomuto,6/26/1931,Alondra,,Tango,Instrumental,Odeón,,Nerón Ferrazzano,Francisco Jiménez,,29-31 Main Lineup,Oscar Napolitano,"Alfredo Sciarretta, Salvador Cilotta (Drums)","Daniel Alvarez, Américo Figola, Luis Zinkes, Haroldo Ferrero","Leo Schiffrin, Carlos Taverna, Dante Napolitano, Armando Gutiérrez","Piano, Bass, 4 Bandoneons, 4 Violins, Drums",6735,7875
Francisco Lomuto,Orquesta Francisco Lomuto,6/26/1931,Presidio,,Tango,J. F. Blanco,Odeón,,Augusto Pedro Berto,Augusto Berto,,29-31 Main Lineup,Oscar Napolitano,"Alfredo Sciarretta, Salvador Cilotta (Drums)","Daniel Alvarez, Américo Figola, Luis Zinkes, Haroldo Ferrero","Leo Schiffrin, Carlos Taverna, Dante Napolitano, Armando Gutiérrez","Piano, Bass, 4 Bandoneons, 4 Violins, Drums",6735,7875
Francisco Lomuto,Orquesta Francisco Lomuto,8/27/1931,Nunca Más,,Tango,Alberto Acuña y Fernando Díaz,Víctor,,Francisco Juan Lomuto,Pascual Tomás Lomuto,,31-35 Víctor,Oscar Napolitano,"Alfredo Sciarretta, Salvador Cilotta (Drums)","Daniel Alvarez, Américo Figola, Luis Zinkes, Haroldo Ferrero","Leo Schiffrin, Carlos Taverna, Dante Napolitano, Armando Gutiérrez","Piano, Bass, 4 Bandoneons, 4 Violins, Drums",BAVE-60919,Victor 37041
Francisco Lomuto,Orquesta Francisco Lomuto,9/3/1931,Muñequita,,Tango,Alberto Acuña y Fernando Díaz,Víctor,,Francisco Juan Lomuto,Adolfo C. Herschel,,31-35 Víctor,Oscar Napolitano,"Alfredo Sciarretta, Salvador Cilotta (Drums)","Daniel Alvarez, Américo Figola, Luis Zinkes, Haroldo Ferrero","Leo Schiffrin, Carlos Taverna, Dante Napolitano, Armando Gutiérrez","Piano, Bass, 4 Bandoneons, 4 Violins, Drums",BAVE-60936,Victor 37056
Francisco Lomuto,Orquesta Francisco Lomuto (Orquesta Típica Sinfónica),9/24/1931,Colo,,Tango,Fernando Díaz,Víctor,,"Enrique Lomuto, Manuel Santiago","Enrique Lomuto, Manuel Santiago",,31-35 Víctor,Oscar Napolitano,"Alfredo Sciarretta, Salvador Cilotta (Drums)","Daniel Alvarez, Américo Figola, Luis Zinkes, Haroldo Ferrero","Leo Schiffrin, Carlos Taverna, Dante Napolitano, Armando Gutiérrez","Piano, Bass, 4 Bandoneons, 4 Violins, Drums",BAVE-60975,Victor 37071
Francisco Lomuto,Orquesta Francisco Lomuto,9/24/1931,Congojas que Matan,,Vals,Alberto Acuña y Fernando Díaz,Víctor,,"Pedro Auteri, Domingo Rosa",Domingo Rosa,,31-35 Víctor,Oscar Napolitano,"Alfredo Sciarretta, Salvador Cilotta (Drums)","Daniel Alvarez, Américo Figola, Luis Zinkes, Haroldo Ferrero","Leo Schiffrin, Carlos Taverna, Dante Napolitano, Armando Gutiérrez","Piano, Bass, 4 Bandoneons, 4 Violins, Drums",BAVE-60974,Victor 37071
Francisco Lomuto,Orquesta Francisco Lomuto,10/1/1931,A su Memoria,,Vals,Alberto Acuña y Fernando Díaz,Víctor,,Antonio Sureda,Homero Nicolás Manzione Prestera,,31-35 Víctor,Oscar Napolitano,"Alfredo Sciarretta, Salvador Cilotta (Drums)","Daniel Alvarez, Américo Figola, Luis Zinkes, Haroldo Ferrero","Leo Schiffrin, Carlos Taverna, Dante Napolitano, Armando Gutiérrez","Piano, Bass, 4 Bandoneons, 4 Violins, Drums",BAVE-60990,Victor 37078
Francisco Lomuto,Orquesta Francisco Lomuto,10/1/1931,Sueño de Poeta,,Tango,Fernando Díaz,Víctor,,Arturo César Senez,Arturo César Senez,,31-35 Víctor,Oscar Napolitano,"Alfredo Sciarretta, Salvador Cilotta (Drums)","Daniel Alvarez, Américo Figola, Luis Zinkes, Haroldo Ferrero","Leo Schiffrin, Carlos Taverna, Dante Napolitano, Armando Gutiérrez","Piano, Bass, 4 Bandoneons, 4 Violins, Drums",BAVE-60991,Victor 37078
Francisco Lomuto,Orquesta Francisco Lomuto,10/8/1931,Se Te Dio Vuelta la Taba,,Tango,Fernando Díaz,Víctor,,Fioravanti Santoro,Juan José Otálvarez,,31-35 Víctor,Oscar Napolitano,"Alfredo Sciarretta, Salvador Cilotta (Drums)","Daniel Alvarez, Américo Figola, Luis Zinkes, Haroldo Ferrero","Leo Schiffrin, Carlos Taverna, Dante Napolitano, Armando Gutiérrez","Piano, Bass, 4 Bandoneons, 4 Violins, Drums",BAVE-66502,Victor 37080
Francisco Lomuto,Orquesta Francisco Lomuto,10/8/1931,Sueño De Juventud,,Vals,Fernando Díaz,Víctor,,Enrique Santos Discepolo,Enrique Santos Discepolo,,31-35 Víctor,Oscar Napolitano,"Alfredo Sciarretta, Salvador Cilotta (Drums)","Daniel Alvarez, Américo Figola, Luis Zinkes, Haroldo Ferrero","Leo Schiffrin, Carlos Taverna, Dante Napolitano, Armando Gutiérrez","Piano, Bass, 4 Bandoneons, 4 Violins, Drums",BAVE-66501,Victor 37080
Francisco Lomuto,Orquesta Francisco Lomuto,11/4/1931,De Sol a Sol,,Tango,Fernando Díaz,Víctor,,Leopoldo Schifrin,Manuel Arcos; Leopoldo Schiffren,,31-35 Víctor,Oscar Napolitano,"Alfredo Sciarretta, Salvador Cilotta (Drums)","Daniel Alvarez, Américo Figola, Luis Zinkes, Haroldo Ferrero","Leo Schiffrin, Carlos Taverna, Dante Napolitano, Armando Gutiérrez","Piano, Bass, 4 Bandoneons, 4 Violins, Drums",BAVE-66528,Victor 37098
Francisco Lomuto,Orquesta Francisco Lomuto,11/4/1931,El Irresistible,,Tango,Fernando Díaz,Víctor,,Lorenzo Logatti,Carlos Pesce,,31-35 Víctor,Oscar Napolitano,"Alfredo Sciarretta, Salvador Cilotta (Drums)","Daniel Alvarez, Américo Figola, Luis Zinkes, Haroldo Ferrero","Leo Schiffrin, Carlos Taverna, Dante Napolitano, Armando Gutiérrez","Piano, Bass, 4 Bandoneons, 4 Violins, Drums",66527,37098
Francisco Lomuto,Orquesta Francisco Lomuto,11/9/1931,El Aguacero,Canción de la Pampa,Tango,Alberto Acuña y Fernando Díaz,Víctor,,Ovidio Catulo González Castillo,José González Castillo,,31-35 Víctor,Oscar Napolitano,"Alfredo Sciarretta, Salvador Cilotta (Drums)","Daniel Alvarez, Américo Figola, Luis Zinkes, Haroldo Ferrero","Leo Schiffrin, Carlos Taverna, Dante Napolitano, Armando Gutiérrez","Piano, Bass, 4 Bandoneons, 4 Violins, Drums",BAVE-66531,Victor 37099
Francisco Lomuto,Orquesta Francisco Lomuto,11/30/1931,Aquella Mujercita,,Vals,Fernando Díaz,Víctor,,Francisco Juan Lomuto,Carlos Raúl Attwell Ocantos,,31-35 Víctor,Oscar Napolitano,"Alfredo Sciarretta, Salvador Cilotta (Drums)","Daniel Alvarez, Américo Figola, Luis Zinkes, Haroldo Ferrero","Leo Schiffrin, Carlos Taverna, Dante Napolitano, Armando Gutiérrez","Piano, Bass, 4 Bandoneons, 4 Violins, Drums",BAVE-66546,Victor 37104
Francisco Lomuto,Orquesta Francisco Lomuto,12/3/1931,Bigotito,,Tango,Fernando Díaz,Víctor,,Manuel Buzón,"Ismael Ricardo, Gerónimo F. Martinelli Massa",,31-35 Víctor,Oscar Napolitano,"Alfredo Sciarretta, Salvador Cilotta (Drums)","Daniel Alvarez, Américo Figola, Luis Zinkes, Haroldo Ferrero","Leo Schiffrin, Carlos Taverna, Dante Napolitano, Armando Gutiérrez","Piano, Bass, 4 Bandoneons, 4 Violins, Drums",BAVE-66560,Victor 37105
Francisco Lomuto,Orquesta Francisco Lomuto,12/22/1931,Mar de Fondo,,Tango,Instrumental,Víctor,,"Oscar Napolitano, Daniel H. Álvarez","Oscar Napolitano, Daniel H. Álvarez",,31-35 Víctor,Oscar Napolitano,"Alfredo Sciarretta, Salvador Cilotta (Drums)","Daniel Alvarez, Américo Figola, Luis Zinkes, Haroldo Ferrero","Leo Schiffrin, Carlos Taverna, Dante Napolitano, Armando Gutiérrez","Piano, Bass, 4 Bandoneons, 4 Violins, Drums",BAVE-66572,Victor 37122
Francisco Lomuto,Orquesta Francisco Lomuto,12/22/1931,Se Fue Sin Decir Adiós,,Tango,Fernando Díaz,Víctor,,"Ascanio E. Donato, Julio Romero","Ascanio E. Donato, Julio Romero",,31-35 Víctor,Oscar Napolitano,"Alfredo Sciarretta, Salvador Cilotta (Drums)","Daniel Alvarez, Américo Figola, Luis Zinkes, Haroldo Ferrero","Leo Schiffrin, Carlos Taverna, Dante Napolitano, Armando Gutiérrez","Piano, Bass, 4 Bandoneons, 4 Violins, Drums",BAVE-66571,Victor 37122
Francisco Lomuto,Orquesta Francisco Lomuto,12/22/1931,Íntimas,,Tango,Fernando Díaz,Víctor,,Alfonso Ramiro Lacueva,Ricardo Luis Brignolo,,31-35 Víctor,Oscar Napolitano,"Alfredo Sciarretta, Salvador Cilotta (Drums)","Daniel Alvarez, Américo Figola, Luis Zinkes, Haroldo Ferrero","Leo Schiffrin, Carlos Taverna, Dante Napolitano, Armando Gutiérrez","Piano, Bass, 4 Bandoneons, 4 Violins, Drums",,(sin datos de números de disco original y matriz)
Francisco Lomuto,Orquesta Francisco Lomuto,12/28/1931,Llévame en Tus Alas,,Tango,Fernando Díaz,Víctor,,"Dora Davis, Armando José María Tagini, Venancio Juan Pedro Clauso","Dora Davis, Armando José María Tagini, Venancio Juan Pedro Clauso",,31-35 Víctor,Oscar Napolitano,"Alfredo Sciarretta, Salvador Cilotta (Drums)","Daniel Alvarez, Américo Figola, Luis Zinkes, Haroldo Ferrero","Leo Schiffrin, Carlos Taverna, Dante Napolitano, Armando Gutiérrez","Piano, Bass, 4 Bandoneons, 4 Violins, Drums",BAVE-66577,Victor 37123
Francisco Lomuto,Orquesta Francisco Lomuto,4/18/1932,Hambre,,Tango,Charlo,Víctor,,Juan Carlos Cobián,Enrique Domingo Cadícamo,,31-35 Víctor,Oscar Napolitano,"Alfredo Sciarretta, Salvador Cilotta (Drums)","Daniel Alvarez, Américo Figola, Luis Zinkes, Haroldo Ferrero","Leo Schiffrin, Carlos Taverna, Dante Napolitano, Armando Gutiérrez","Piano, Bass, 4 Bandoneons, 4 Violins, Drums",BAVE-66696,Victor 37184
Francisco Lomuto,Orquesta Francisco Lomuto,4/18/1932,Mi Provinciana,,Tango,Charlo,Víctor,,Gerardo Hernán Matos Rodríguez,Manuel Romero,,31-35 Víctor,Oscar Napolitano,"Alfredo Sciarretta, Salvador Cilotta (Drums)","Daniel Alvarez, Américo Figola, Luis Zinkes, Haroldo Ferrero","Leo Schiffrin, Carlos Taverna, Dante Napolitano, Armando Gutiérrez","Piano, Bass, 4 Bandoneons, 4 Violins, Drums",BAVE-66697,Victor 37184
Francisco Lomuto,Orquesta Francisco Lomuto,5/3/1932,Tiempos Nuevos,,Tango,Fernando Díaz,Víctor,,"Ascanio E. Donato, Julio Romero (según Lefcovich) o Edgardo Donato, Manuel Romero (según Sadaic, que sin embargo no incluye el segundo, el tercer nombres de Donato, como en otras obras)",Manuel Romero,,31-35 Víctor,Oscar Napolitano,"Alfredo Sciarretta, Salvador Cilotta (Drums)","Daniel Alvarez, Américo Figola, Luis Zinkes, Haroldo Ferrero","Leo Schiffrin, Carlos Taverna, Dante Napolitano, Armando Gutiérrez","Piano, Bass, 4 Bandoneons, 4 Violins, Drums",BAVE-66703,Victor 37186
Francisco Lomuto,Orquesta Francisco Lomuto,5/3/1932,Yo que por Tus Besos Me Moría,,Vals,Fernando Díaz,Víctor,,"Pascual Francia, Diógenes Atorra, L. Pérez","Pascual Francia, Diógenes Atorra, L. Pérez",,31-35 Víctor,Oscar Napolitano,"Alfredo Sciarretta, Salvador Cilotta (Drums)","Daniel Alvarez, Américo Figola, Luis Zinkes, Haroldo Ferrero","Leo Schiffrin, Carlos Taverna, Dante Napolitano, Armando Gutiérrez","Piano, Bass, 4 Bandoneons, 4 Violins, Drums",BAVE-66702,Victor 37186
Francisco Lomuto,Orquesta Francisco Lomuto,5/9/1932,Amargor,,Tango,Fernando Díaz,Víctor,,Francisco Juan Lomuto,Carlos Raúl Attwell Ocantos,,31-35 Víctor,Oscar Napolitano,"Alfredo Sciarretta, Salvador Cilotta (Drums)","Daniel Alvarez, Américo Figola, Luis Zinkes, Haroldo Ferrero","Leo Schiffrin, Carlos Taverna, Dante Napolitano, Armando Gutiérrez","Piano, Bass, 4 Bandoneons, 4 Violins, Drums",BAVE-66708,Victor 37189
Francisco Lomuto,Orquesta Francisco Lomuto,5/9/1932,Aquel Nocturno,,Tango,Fernando Díaz,Víctor,,Daniel H. Álvarez,Daniel H. Álvarez,,31-35 Víctor,Oscar Napolitano,"Alfredo Sciarretta, Salvador Cilotta (Drums)","Daniel Alvarez, Américo Figola, Luis Zinkes, Haroldo Ferrero","Leo Schiffrin, Carlos Taverna, Dante Napolitano, Armando Gutiérrez","Piano, Bass, 4 Bandoneons, 4 Violins, Drums",BAVE-66709,Victor 37189
Francisco Lomuto,Orquesta Francisco Lomuto,5/23/1932,Qué Tenés en la Mirada,,Tango,Fernando Díaz,Víctor,,Salvador Merico,Alejandro Berruti,,31-35 Víctor,Oscar Napolitano,"Alfredo Sciarretta, Salvador Cilotta (Drums)","Daniel Alvarez, Américo Figola, Luis Zinkes, Haroldo Ferrero","Leo Schiffrin, Carlos Taverna, Dante Napolitano, Armando Gutiérrez","Piano, Bass, 4 Bandoneons, 4 Violins, Drums",66729,37202
Francisco Lomuto,Orquesta Francisco Lomuto,5/23/1932,Sorbos Amargos,,Tango,Fernando Díaz,Víctor,,Lucio Demare,"Agustín Irusta, Santiago Roberto Fugazot",,31-35 Víctor,Oscar Napolitano,"Alfredo Sciarretta, Salvador Cilotta (Drums)","Daniel Alvarez, Américo Figola, Luis Zinkes, Haroldo Ferrero","Leo Schiffrin, Carlos Taverna, Dante Napolitano, Armando Gutiérrez","Piano, Bass, 4 Bandoneons, 4 Violins, Drums",BAVE-66728,Victor 37202
Francisco Lomuto,Orquesta Francisco Lomuto,6/8/1932,Hablame,,Vals,Charlo,Víctor,,Gerardo Hernán Matos Rodríguez,Guillermo Juan Robustiano Pichot,,31-35 Víctor,Oscar Napolitano,"Alfredo Sciarretta, Salvador Cilotta (Drums)","Daniel Alvarez, Américo Figola, Luis Zinkes, Haroldo Ferrero","Leo Schiffrin, Carlos Taverna, Dante Napolitano, Armando Gutiérrez","Piano, Bass, 4 Bandoneons, 4 Violins, Drums",BAVE-66743,Victor 37219
Francisco Lomuto,Orquesta Francisco Lomuto (Orquesta Típica Sinfónica),6/8/1932,San Telmo,,Tango,Charlo,Víctor,,Gerardo Hernán Matos Rodríguez,Guillermo Juan Robustiano Pichot,,31-35 Víctor,Oscar Napolitano,"Alfredo Sciarretta, Salvador Cilotta (Drums)","Daniel Alvarez, Américo Figola, Luis Zinkes, Haroldo Ferrero","Leo Schiffrin, Carlos Taverna, Dante Napolitano, Armando Gutiérrez","Piano, Bass, 4 Bandoneons, 4 Violins, Drums",BAVE-66742,Victor 37219
Francisco Lomuto,Orquesta Francisco Lomuto,6/9/1932,Dale Celos,,Tango,Charlo,Víctor,,Gerardo Hernán Matos Rodríguez,Guillermo Juan Robustiano Pichot,,31-35 Víctor,Oscar Napolitano,"Alfredo Sciarretta, Salvador Cilotta (Drums)","Daniel Alvarez, Américo Figola, Luis Zinkes, Haroldo Ferrero","Leo Schiffrin, Carlos Taverna, Dante Napolitano, Armando Gutiérrez","Piano, Bass, 4 Bandoneons, 4 Violins, Drums",BAVE-66744,Victor 37220
Francisco Lomuto,Orquesta Francisco Lomuto,6/27/1932,Aunque Parezca Mentira,,Tango,Fernando Díaz,Víctor,,Francisco Juan Lomuto,Pancho Laguna; Francisco J. Lomuto,,31-35 Víctor,Oscar Napolitano,"Alfredo Sciarretta, Salvador Cilotta (Drums)","Daniel Alvarez, Américo Figola, Luis Zinkes, Haroldo Ferrero","Leo Schiffrin, Carlos Taverna, Dante Napolitano, Armando Gutiérrez","Piano, Bass, 4 Bandoneons, 4 Violins, Drums",BAVE-66839,Victor 37226
Francisco Lomuto,Orquesta Francisco Lomuto,6/27/1932,Risas y Besos,,Vals,Fernando Díaz,Víctor,,Francisco Brancatti; Carmelo Saponaro,Francisco Brancatti,,31-35 Víctor,Oscar Napolitano,"Alfredo Sciarretta, Salvador Cilotta (Drums)","Daniel Alvarez, Américo Figola, Luis Zinkes, Haroldo Ferrero","Leo Schiffrin, Carlos Taverna, Dante Napolitano, Armando Gutiérrez","Piano, Bass, 4 Bandoneons, 4 Violins, Drums",BAVE-66838,Victor 37228
Francisco Lomuto,Orquesta Francisco Lomuto,7/25/1932,Quién Hubiera Dicho,Quien Lo Hubiera Dicho,Tango,Fernando Díaz,Víctor,,Rodolfo Pascual Sciammarella,Luis César Amadori,,31-35 Víctor,Oscar Napolitano,"Alfredo Sciarretta, Salvador Cilotta (Drums)","Daniel Alvarez, Américo Figola, Luis Zinkes, Haroldo Ferrero","Leo Schiffrin, Carlos Taverna, Dante Napolitano, Armando Gutiérrez","Piano, Bass, 4 Bandoneons, 4 Violins, Drums",BAVE-66846,Victor 37245
Francisco Lomuto,Orquesta Francisco Lomuto,8/1/1932,Tu Abandono,,Tango,Fernando Díaz,Víctor,,Guillermo Desiderio Barbieri,Clemente Alberto Moreno,,31-35 Víctor,Oscar Napolitano,"Alfredo Sciarretta, Salvador Cilotta (Drums)","Daniel Alvarez, Américo Figola, Luis Zinkes, Haroldo Ferrero","Leo Schiffrin, Carlos Taverna, Dante Napolitano, Armando Gutiérrez","Piano, Bass, 4 Bandoneons, 4 Violins, Drums",BAVE-66858,Victor 37247
Francisco Lomuto,Orquesta Francisco Lomuto,8/29/1932,Hojas que Caen,,Tango,Fernando Díaz,Víctor,,Vicente Gorrese,Vicente Gorrese; Roberto A. Bonheur,,31-35 Víctor,Oscar Napolitano,"Alfredo Sciarretta, Salvador Cilotta (Drums)","Daniel Alvarez, Américo Figola, Luis Zinkes, Haroldo Ferrero","Leo Schiffrin, Carlos Taverna, Dante Napolitano, Armando Gutiérrez","Piano, Bass, 4 Bandoneons, 4 Violins, Drums",BAVE-66884,Victor 37268
Francisco Lomuto,Orquesta Francisco Lomuto,8/29/1932,Suscribite al 667%,,Tango,Fernando Díaz,Víctor,,Pedro Diorio,Pedro Diorio,,31-35 Víctor,Oscar Napolitano,"Alfredo Sciarretta, Salvador Cilotta (Drums)","Daniel Alvarez, Américo Figola, Luis Zinkes, Haroldo Ferrero","Leo Schiffrin, Carlos Taverna, Dante Napolitano, Armando Gutiérrez","Piano, Bass, 4 Bandoneons, 4 Violins, Drums",BAVE-66885,Victor 37269
Francisco Lomuto,Orquesta Francisco Lomuto,9/27/1932,Papanata,,Tango,Fernando Díaz,Víctor,,Francisco Juan Lomuto,Antonio Botta,,31-35 Víctor,Oscar Napolitano,"Alfredo Sciarretta, Salvador Cilotta (Drums)","Daniel Alvarez, Américo Figola, Luis Zinkes, Haroldo Ferrero","Leo Schiffrin, Carlos Taverna, Dante Napolitano, Armando Gutiérrez","Piano, Bass, 4 Bandoneons, 4 Violins, Drums",BAVE-66913,Victor 37286
Francisco Lomuto,Orquesta Francisco Lomuto,10/10/1932,Lonjazos,Rezo Gaucho,Tango,Fernando Díaz,Víctor,,Andrés R. Domenech,Jésus Fernández Blanco,,31-35 Víctor,Oscar Napolitano,"Alfredo Sciarretta, Salvador Cilotta (Drums)","Daniel Alvarez, Américo Figola, Luis Zinkes, Haroldo Ferrero","Leo Schiffrin, Carlos Taverna, Dante Napolitano, Armando Gutiérrez","Piano, Bass, 4 Bandoneons, 4 Violins, Drums",BAVE-66932,Victor 37300
Francisco Lomuto,Orquesta Francisco Lomuto,11/10/1932,Mentiras De Amor,,Vals,Fernando Díaz,Víctor,,Francisco Juan Lomuto,Antonio Botta,,31-35 Víctor,Oscar Napolitano,"Alfredo Sciarretta, Salvador Cilotta (Drums)","Daniel Alvarez, Américo Figola, Luis Zinkes, Haroldo Ferrero","Leo Schiffrin, Carlos Taverna, Dante Napolitano, Armando Gutiérrez","Piano, Bass, 4 Bandoneons, 4 Violins, Drums",BAVE-66952,Victor 37311
Francisco Lomuto,Orquesta Francisco Lomuto,11/10/1932,Soltero Soy Feliz,,Tango,Fernando Díaz,Víctor,,Ramón Collazo,Ramón Collazo,,31-35 Víctor,Oscar Napolitano,"Alfredo Sciarretta, Salvador Cilotta (Drums)","Daniel Alvarez, Américo Figola, Luis Zinkes, Haroldo Ferrero","Leo Schiffrin, Carlos Taverna, Dante Napolitano, Armando Gutiérrez","Piano, Bass, 4 Bandoneons, 4 Violins, Drums",BAVE-66953,Victor 37311
Francisco Lomuto,Orquesta Francisco Lomuto,11/14/1932,Danza Maligna,,Tango,Fernando Díaz,Víctor,,Fernando Randle,Carlos Raúl Atwell Ocantos; Claudio Frollo,,31-35 Víctor,Oscar Napolitano,"Alfredo Sciarretta, Salvador Cilotta (Drums)","Daniel Alvarez, Américo Figola, Luis Zinkes, Haroldo Ferrero","Leo Schiffrin, Carlos Taverna, Dante Napolitano, Armando Gutiérrez","Piano, Bass, 4 Bandoneons, 4 Violins, Drums",BAVE-66955,Victor 37312
Francisco Lomuto,Orquesta Francisco Lomuto,12/6/1932,Mal de Ausencia,,Vals,Fernando Díaz,Víctor,,Carlos José Pérez,Enrique Domingo Cadícamo,,31-35 Víctor,Oscar Napolitano,"Alfredo Sciarretta, Salvador Cilotta (Drums)","Daniel Alvarez, Américo Figola, Luis Zinkes, Haroldo Ferrero","Leo Schiffrin, Carlos Taverna, Dante Napolitano, Armando Gutiérrez","Piano, Bass, 4 Bandoneons, 4 Violins, Drums",BAVE-66979,Victor 37325
Francisco Lomuto,Orquesta Francisco Lomuto,12/6/1932,Rencor,,Tango,Fernando Díaz,Víctor,,Carlos José Pérez,Luis César Amadori,,31-35 Víctor,Oscar Napolitano,"Alfredo Sciarretta, Salvador Cilotta (Drums)","Daniel Alvarez, Américo Figola, Luis Zinkes, Haroldo Ferrero","Leo Schiffrin, Carlos Taverna, Dante Napolitano, Armando Gutiérrez","Piano, Bass, 4 Bandoneons, 4 Violins, Drums",BAVE-66978,Victor 37325
Francisco Lomuto,Orquesta Francisco Lomuto,1/3/1933,Soñador,,Tango,Fernando Díaz,Víctor,,Gerardo Hernán Matos Rodríguez; B. Varela,Antonio Botta,,31-35 Víctor,Oscar Napolitano,"Alfredo Sciarretta, Salvador Cilotta (Drums)","Daniel Alvarez, Américo Figola, Luis Zinkes, Haroldo Ferrero","Leo Schiffrin, Carlos Taverna, Dante Napolitano, Armando Gutiérrez","Piano, Bass, 4 Bandoneons, 4 Violins, Drums",BAVE-74007,Victor 37339
Francisco Lomuto,Orquesta Francisco Lomuto,5/12/1933,Rinconada de Mis Tiempos,,Tango,Fernando Díaz,Víctor,,José Martínez,Francisco Laino,,31-35 Víctor,Oscar Napolitano,"Alfredo Sciarretta, Salvador Cilotta (Drums)","Daniel Alvarez, Américo Figola, Luis Zinkes, Haroldo Ferrero","Leo Schiffrin, Carlos Taverna, Dante Napolitano, Armando Gutiérrez","Piano, Bass, 4 Bandoneons, 4 Violins, Drums",BAVE-74138,Victor 37393
Francisco Lomuto,Orquesta Francisco Lomuto,5/17/1933,Imaginación,,Vals,Fernando Díaz,Víctor,,"Elvino Vardaro, Antonio Oscar Arona",Francisco García Jiménez,,31-35 Víctor,Oscar Napolitano,"Alfredo Sciarretta, Salvador Cilotta (Drums)","Daniel Alvarez, Américo Figola, Luis Zinkes, Haroldo Ferrero","Leo Schiffrin, Carlos Taverna, Dante Napolitano, Armando Gutiérrez","Piano, Bass, 4 Bandoneons, 4 Violins, Drums",BAVE-74143,Victor 37418
Francisco Lomuto,Orquesta Francisco Lomuto,5/17/1933,Indiferencia,,Tango,Fernando Díaz,Víctor,,Francisco Nicolás Pracánico,Carlos Raúl Attwell Ocantos,,31-35 Víctor,Oscar Napolitano,"Alfredo Sciarretta, Salvador Cilotta (Drums)","Daniel Alvarez, Américo Figola, Luis Zinkes, Haroldo Ferrero","Leo Schiffrin, Carlos Taverna, Dante Napolitano, Armando Gutiérrez","Piano, Bass, 4 Bandoneons, 4 Violins, Drums",74142,37418
Francisco Lomuto,Orquesta Francisco Lomuto,5/31/1933,Andate,No Te Vayas,Tango,Fernando Díaz,Víctor,,Rodolfo Pascual Sciammarella,Roberto Fontaina,,31-35 Víctor,Oscar Napolitano,"Alfredo Sciarretta, Salvador Cilotta (Drums)","Daniel Alvarez, Américo Figola, Luis Zinkes, Haroldo Ferrero","Leo Schiffrin, Carlos Taverna, Dante Napolitano, Armando Gutiérrez","Piano, Bass, 4 Bandoneons, 4 Violins, Drums",74188,37419
Francisco Lomuto,Orquesta Francisco Lomuto,5/31/1933,Lucecitas de Mi Pueblo,,Tango,Fernando Díaz,Víctor,,Enrique Delfino,Francisco Oyarzábal,,31-35 Víctor,Oscar Napolitano,"Alfredo Sciarretta, Salvador Cilotta (Drums)","Daniel Alvarez, Américo Figola, Luis Zinkes, Haroldo Ferrero","Leo Schiffrin, Carlos Taverna, Dante Napolitano, Armando Gutiérrez","Piano, Bass, 4 Bandoneons, 4 Violins, Drums",,
Francisco Lomuto,Orquesta Francisco Lomuto,6/14/1933,Si Soy Así,,Tango,Fernando Díaz,Víctor,,Francisco Juan Lomuto,Antonio Botta; Francisco J. Lomuto,,31-35 Víctor,Oscar Napolitano,"Alfredo Sciarretta, Salvador Cilotta (Drums)","Daniel Alvarez, Américo Figola, Luis Zinkes, Haroldo Ferrero","Leo Schiffrin, Carlos Taverna, Dante Napolitano, Armando Gutiérrez","Piano, Bass, 4 Bandoneons, 4 Violins, Drums",BAVE-74209,Victor 37433
Francisco Lomuto,Orquesta Francisco Lomuto,7/7/1933,Cobardía,Bolero de Ma Vie,Tango,Fernando Díaz,Víctor,,Carlos José Pérez,Luis César Amadori,,31-35 Víctor,Oscar Napolitano,"Alfredo Sciarretta, Salvador Cilotta (Drums)","Daniel Alvarez, Américo Figola, Luis Zinkes, Haroldo Ferrero","Leo Schiffrin, Carlos Taverna, Dante Napolitano, Armando Gutiérrez","Piano, Bass, 4 Bandoneons, 4 Violins, Drums",74233,37437
Francisco Lomuto,Orquesta Francisco Lomuto,7/14/1933,Acacias,,Tango,Fernando Díaz,Víctor,,Alberto Gambino,Enrique Miguel Gaudino,,31-35 Víctor,Oscar Napolitano,"Alfredo Sciarretta, Salvador Cilotta (Drums)","Daniel Alvarez, Américo Figola, Luis Zinkes, Haroldo Ferrero","Leo Schiffrin, Carlos Taverna, Dante Napolitano, Armando Gutiérrez","Piano, Bass, 4 Bandoneons, 4 Violins, Drums",BAVE-74242,Victor 37454
Francisco Lomuto,Orquesta Francisco Lomuto,7/14/1933,Hablemos Claro,,Tango,Fernando Díaz,Víctor,,Eugenio Carrere,Jésus Fernández Blanco,,31-35 Víctor,Oscar Napolitano,"Alfredo Sciarretta, Salvador Cilotta (Drums)","Daniel Alvarez, Américo Figola, Luis Zinkes, Haroldo Ferrero","Leo Schiffrin, Carlos Taverna, Dante Napolitano, Armando Gutiérrez","Piano, Bass, 4 Bandoneons, 4 Violins, Drums",BAVE-74243,Victor 37455
Francisco Lomuto,Orquesta Francisco Lomuto,7/22/1933,Lo que Vieron Mis Ojos,Lo que Vieron Tus Ojos,Vals,Fernando Díaz y Mercedes Simone,Víctor,,Juan Canaro,Jesús Fernández Blanco,,31-35 Víctor,Oscar Napolitano,"Alfredo Sciarretta, Salvador Cilotta (Drums)","Daniel Alvarez, Américo Figola, Luis Zinkes, Haroldo Ferrero","Leo Schiffrin, Carlos Taverna, Dante Napolitano, Armando Gutiérrez","Piano, Bass, 4 Bandoneons, 4 Violins, Drums",74256,37454
Francisco Lomuto,Orquesta Francisco Lomuto,7/22/1933,Plegaria,,Vals,Fernando Díaz,Víctor,,Antonio Sureda,Jerónimo Sureda,,31-35 Víctor,Oscar Napolitano,"Alfredo Sciarretta, Salvador Cilotta (Drums)","Daniel Alvarez, Américo Figola, Luis Zinkes, Haroldo Ferrero","Leo Schiffrin, Carlos Taverna, Dante Napolitano, Armando Gutiérrez","Piano, Bass, 4 Bandoneons, 4 Violins, Drums",BAVE-74255[a],Victor 37455
Francisco Lomuto,Orquesta Francisco Lomuto,9/7/1933,Cómo Se Muere De Amor,,Tango,Fernando Díaz,Víctor,,Daniel H. Álvarez,Daniel H. Álvarez,,31-35 Víctor,Oscar Napolitano,"Alfredo Sciarretta, Salvador Cilotta (Drums)","Daniel Alvarez, Américo Figola, Luis Zinkes, Haroldo Ferrero","Leo Schiffrin, Carlos Taverna, Dante Napolitano, Armando Gutiérrez","Piano, Bass, 4 Bandoneons, 4 Violins, Drums",BAVE-74305,Victor 37474
Francisco Lomuto,Orquesta Francisco Lomuto,9/7/1933,Dios Te Salve M' Hijo,,Tango,Fernando Díaz,Víctor,,"Agustín Magaldi, Pedro Hipólito Noda",Luis Acosta García,,31-35 Víctor,Oscar Napolitano,"Alfredo Sciarretta, Salvador Cilotta (Drums)","Daniel Alvarez, Américo Figola, Luis Zinkes, Haroldo Ferrero","Leo Schiffrin, Carlos Taverna, Dante Napolitano, Armando Gutiérrez","Piano, Bass, 4 Bandoneons, 4 Violins, Drums",74307,37474
Francisco Lomuto,Orquesta Francisco Lomuto,10/6/1933,Cadenas,,Tango,Fernando Díaz,Víctor,,Luis Rubistein,Luis Rubistein,,31-35 Víctor,Oscar Napolitano,"Alfredo Sciarretta, Salvador Cilotta (Drums)","Daniel Alvarez, Américo Figola, Luis Zinkes, Haroldo Ferrero","Leo Schiffrin, Carlos Taverna, Dante Napolitano, Armando Gutiérrez","Piano, Bass, 4 Bandoneons, 4 Violins, Drums",BAVE-74330,Victor 37492
Francisco Lomuto,Orquesta Francisco Lomuto,10/6/1933,Tango Sin Letra,,Tango,Fernando Díaz,Víctor,,Ovidio Catulo González Castillo,Venancio Juan Pedro Clauso,,31-35 Víctor,Oscar Napolitano,"Alfredo Sciarretta, Salvador Cilotta (Drums)","Daniel Alvarez, Américo Figola, Luis Zinkes, Haroldo Ferrero","Leo Schiffrin, Carlos Taverna, Dante Napolitano, Armando Gutiérrez","Piano, Bass, 4 Bandoneons, 4 Violins, Drums",74331,37493
Francisco Lomuto,Orquesta Francisco Lomuto,11/22/1933,No Lo Eches al Olvido,,Tango,Fernando Díaz,Víctor,,Francisco Juan Lomuto,Antonio Botta,,31-35 Víctor,Oscar Napolitano,"Alfredo Sciarretta, Salvador Cilotta (Drums)","Daniel Alvarez, Américo Figola, Luis Zinkes, Haroldo Ferrero","Leo Schiffrin, Carlos Taverna, Dante Napolitano, Armando Gutiérrez","Piano, Bass, 4 Bandoneons, 4 Violins, Drums",BAVE-74373,Victor 37522
Francisco Lomuto,Orquesta Francisco Lomuto,11/22/1933,Puerto Nuevo,,Tango,Fernando Díaz,Víctor,,Justo Julián Teófilo Lespés,Carlos Pesce,,31-35 Víctor,Oscar Napolitano,"Alfredo Sciarretta, Salvador Cilotta (Drums)","Daniel Alvarez, Américo Figola, Luis Zinkes, Haroldo Ferrero","Leo Schiffrin, Carlos Taverna, Dante Napolitano, Armando Gutiérrez","Piano, Bass, 4 Bandoneons, 4 Violins, Drums",BAVE-74372,Victor 37521
Francisco Lomuto,Orquesta Francisco Lomuto,12/28/1933,Andá a Verla,,Tango,Charlo,Víctor,,Oscar Napolitano,Daniel H. Alvarez; Francisco Garcia Jiménez; Oscar Napolitano,,31-35 Víctor,Oscar Napolitano,"Alfredo Sciarretta, Salvador Cilotta (Drums)","Daniel Alvarez, Américo Figola, Luis Zinkes, Haroldo Ferrero","Leo Schiffrin, Carlos Taverna, Dante Napolitano, Armando Gutiérrez","Piano, Bass, 4 Bandoneons, 4 Violins, Drums",BAVE-74403,Victor 37534
Francisco Lomuto,Tito Schipa,2/19/1934,Dímelo Al Oído,,Tango,Fernando Díaz,Víctor,,Francisco Juan Lomuto,Francisco Juan Lomuto,,31-35 Víctor,Oscar Napolitano,"Alfredo Sciarretta, Salvador Cilotta (Drums)","Daniel Alvarez, Américo Figola, Luis Zinkes, Haroldo Ferrero","Leo Schiffrin, Carlos Taverna, Dante Napolitano, Armando Gutiérrez","Piano, Bass, 4 Bandoneons, 4 Violins, Drums",BAVE-86551,Victor 1680
Francisco Lomuto,Orquesta Francisco Lomuto,2/19/1934,Dímelo Al Oído,,Tango,Fernando Díaz,Víctor,,Francisco J. Lomuto,Francisco J. Lomuto,,31-35 Víctor,Oscar Napolitano,"Alfredo Sciarretta, Salvador Cilotta (Drums)","Daniel Alvarez, Américo Figola, Luis Zinkes, Haroldo Ferrero","Leo Schiffrin, Carlos Taverna, Dante Napolitano, Armando Gutiérrez","Piano, Bass, 4 Bandoneons, 4 Violins, Drums",BAVE-74444,Victor 37551
Francisco Lomuto,Orquesta Francisco Lomuto,3/23/1934,Esquinas Porteñas,,Vals,Fernando Díaz,Víctor,,Sebastián Piana,Homero Nicolás Manzione Prestera,,31-35 Víctor,Oscar Napolitano,"Alfredo Sciarretta, Salvador Cilotta (Drums)","Daniel Alvarez, Américo Figola, Luis Zinkes, Haroldo Ferrero","Leo Schiffrin, Carlos Taverna, Dante Napolitano, Armando Gutiérrez","Piano, Bass, 4 Bandoneons, 4 Violins, Drums",74461,37559
Francisco Lomuto,Orquesta Francisco Lomuto,3/23/1934,Papel Picado,,Tango,Fernando Díaz,Víctor,,Ovidio Catulo González Castillo,José González Castillo,,31-35 Víctor,Oscar Napolitano,"Alfredo Sciarretta, Salvador Cilotta (Drums)","Daniel Alvarez, Américo Figola, Luis Zinkes, Haroldo Ferrero","Leo Schiffrin, Carlos Taverna, Dante Napolitano, Armando Gutiérrez","Piano, Bass, 4 Bandoneons, 4 Violins, Drums",BAVE-74460,Victor 37559
Francisco Lomuto,Orquesta Francisco Lomuto,4/10/1934,Lirio Blanco,,Vals,Fernando Díaz,Víctor,,Andrés R. Domenech,Andrés R. Doménech; Jésus Fernández Blanco,,31-35 Víctor,Oscar Napolitano,"Alfredo Sciarretta, Salvador Cilotta (Drums)","Daniel Alvarez, Américo Figola, Luis Zinkes, Haroldo Ferrero","Leo Schiffrin, Carlos Taverna, Dante Napolitano, Armando Gutiérrez","Piano, Bass, 4 Bandoneons, 4 Violins, Drums",BAVE-74465,Victor 37570
Francisco Lomuto,Orquesta Francisco Lomuto,4/10/1934,Serenata,,Tango,Fernando Díaz,Víctor,,Rodolfo Pascual Sciammarella,Luis César Amadori,,31-35 Víctor,Oscar Napolitano,"Alfredo Sciarretta, Salvador Cilotta (Drums)","Daniel Alvarez, Américo Figola, Luis Zinkes, Haroldo Ferrero","Leo Schiffrin, Carlos Taverna, Dante Napolitano, Armando Gutiérrez","Piano, Bass, 4 Bandoneons, 4 Violins, Drums",BAVE-74464,Victor 37570
Francisco Lomuto,Orquesta Francisco Lomuto,5/8/1934,Corrientes Y Esmeralda,,Tango,Fernando Díaz,Víctor,,Francisco Nicolás Pracánico,Celedonio Esteban Flores,,31-35 Víctor,Oscar Napolitano,"Alfredo Sciarretta, Salvador Cilotta (Drums)","Daniel Alvarez, Américo Figola, Luis Zinkes, Haroldo Ferrero","Leo Schiffrin, Carlos Taverna, Dante Napolitano, Armando Gutiérrez","Piano, Bass, 4 Bandoneons, 4 Violins, Drums",BAVE-74496,Victor 37583
Francisco Lomuto,Orquesta Francisco Lomuto,6/1/1934,Bibelot,,Tango,Fernando Díaz,Víctor,,Francisco De Caro,Mario César Gomila,,31-35 Víctor,Oscar Napolitano,"Alfredo Sciarretta, Salvador Cilotta (Drums)","Daniel Alvarez, Américo Figola, Luis Zinkes, Haroldo Ferrero","Leo Schiffrin, Carlos Taverna, Dante Napolitano, Armando Gutiérrez","Piano, Bass, 4 Bandoneons, 4 Violins, Drums",BAVE-86516,Victor 37594
Francisco Lomuto,Orquesta Francisco Lomuto,6/21/1934,Churrasca,,Tango,Fernando Díaz,Víctor,,Francisco Juan Lomuto,Pancho Laguna; Francisco J. Lomuto,,31-35 Víctor,Oscar Napolitano,"Alfredo Sciarretta, Salvador Cilotta (Drums)","Daniel Alvarez, Américo Figola, Luis Zinkes, Haroldo Ferrero","Leo Schiffrin, Carlos Taverna, Dante Napolitano, Armando Gutiérrez","Piano, Bass, 4 Bandoneons, 4 Violins, Drums",BAVE-86530,Victor 37610
Francisco Lomuto,Orquesta Francisco Lomuto,6/21/1934,Lo que No Escuchó Dios,,Vals,Fernando Díaz,Víctor,,Hugo Gutiérrez,Gustavo Durval Gogiose,,31-35 Víctor,Oscar Napolitano,"Alfredo Sciarretta, Salvador Cilotta (Drums)","Daniel Alvarez, Américo Figola, Luis Zinkes, Haroldo Ferrero","Leo Schiffrin, Carlos Taverna, Dante Napolitano, Armando Gutiérrez","Piano, Bass, 4 Bandoneons, 4 Violins, Drums",BAVE-86529,Victor 37610
Francisco Lomuto,Orquesta Francisco Lomuto,7/16/1934,Mi Consejo,,Tango,Fernando Díaz,Víctor,,Juan Bautista Domingo Rezzano,Juan Bautista Domingo Rezzano,,31-35 Víctor,Oscar Napolitano,"Alfredo Sciarretta, Salvador Cilotta (Drums)","Daniel Alvarez, Américo Figola, Luis Zinkes, Haroldo Ferrero","Leo Schiffrin, Carlos Taverna, Dante Napolitano, Armando Gutiérrez","Piano, Bass, 4 Bandoneons, 4 Violins, Drums",BAVE-86550,Victor 37622
Francisco Lomuto,Orquesta Francisco Lomuto,7/31/1934,Yo Soy Aquel Muchacho,,Tango,Fernando Díaz,Víctor,,"Joaquín Mauricio Mora, Vicente Luis Russo",Máximo Orsi; Vincenzo Russo,,31-35 Víctor,Oscar Napolitano,"Alfredo Sciarretta, Salvador Cilotta (Drums)","Daniel Alvarez, Américo Figola, Luis Zinkes, Haroldo Ferrero","Leo Schiffrin, Carlos Taverna, Dante Napolitano, Armando Gutiérrez","Piano, Bass, 4 Bandoneons, 4 Violins, Drums",BAVE-86562,Victor 37630
Francisco Lomuto,Orquesta Francisco Lomuto,9/6/1934,Ceferino,,Tango,Fernando Díaz,Víctor,,Víctor Dionisio Lomuto,M. Coronato Paz; Chas de Cruz; Francisco J. Lomuto,,31-35 Víctor,Oscar Napolitano,"Alfredo Sciarretta, Salvador Cilotta (Drums)","Daniel Alvarez, Américo Figola, Luis Zinkes, Haroldo Ferrero","Leo Schiffrin, Carlos Taverna, Dante Napolitano, Armando Gutiérrez","Piano, Bass, 4 Bandoneons, 4 Violins, Drums",BAVE-86588,Victor 37643
Francisco Lomuto,Orquesta Francisco Lomuto,9/6/1934,Nyrka,,Vals,Fernando Díaz,Víctor,,Ismael R. Moreno,Ismael R. Moreno,,31-35 Víctor,Oscar Napolitano,"Alfredo Sciarretta, Salvador Cilotta (Drums)","Daniel Alvarez, Américo Figola, Luis Zinkes, Haroldo Ferrero","Leo Schiffrin, Carlos Taverna, Dante Napolitano, Armando Gutiérrez","Piano, Bass, 4 Bandoneons, 4 Violins, Drums",BAVE-86587,Victor 37643
Francisco Lomuto,Orquesta Francisco Lomuto,10/2/1934,Don Goyo,,Tango,Instrumental,Víctor,,Luis Bernstein,,,31-35 Víctor,Oscar Napolitano,"Alfredo Sciarretta, Salvador Cilotta (Drums)","Daniel Alvarez, Américo Figola, Luis Zinkes, Haroldo Ferrero","Leo Schiffrin, Carlos Taverna, Dante Napolitano, Armando Gutiérrez","Piano, Bass, 4 Bandoneons, 4 Violins, Drums",BAVE-86660,Victor 37659
Francisco Lomuto,Orquesta Francisco Lomuto,11/6/1934,Nota Porteña,,Tango,Fernando Díaz,Víctor,,Adolfo A. Ortiz Rosa,Juan De La Calle,,31-35 Víctor,Oscar Napolitano,"Alfredo Sciarretta, Salvador Cilotta (Drums)","Daniel Alvarez, Américo Figola, Luis Zinkes, Haroldo Ferrero","Leo Schiffrin, Carlos Taverna, Dante Napolitano, Armando Gutiérrez","Piano, Bass, 4 Bandoneons, 4 Violins, Drums",BAVE-86691,Victor 37677
Francisco Lomuto,Orquesta Francisco Lomuto,11/29/1934,Y Te Fuiste a París,,Tango,Fernando Díaz,Víctor,,Eduardo Pereyra,Eduardo Pereyra,,31-35 Víctor,Oscar Napolitano,"Alfredo Sciarretta, Salvador Cilotta (Drums)","Daniel Alvarez, Américo Figola, Luis Zinkes, Haroldo Ferrero","Leo Schiffrin, Carlos Taverna, Dante Napolitano, Armando Gutiérrez","Piano, Bass, 4 Bandoneons, 4 Violins, Drums",86708,37690
Francisco Lomuto,Orquesta Francisco Lomuto,11/29/1934,Ya No Estás Tan Sonriente Como Antes,,Vals,Fernando Díaz,Víctor,,Francisco Juan Lomuto,Antonio Botta,,31-35 Víctor,Oscar Napolitano,"Alfredo Sciarretta, Salvador Cilotta (Drums)","Daniel Alvarez, Américo Figola, Luis Zinkes, Haroldo Ferrero","Leo Schiffrin, Carlos Taverna, Dante Napolitano, Armando Gutiérrez","Piano, Bass, 4 Bandoneons, 4 Violins, Drums",BAVE-86707,Victor 37690
Francisco Lomuto,Orquesta Francisco Lomuto,12/2/1934,Pero el Día que Me Quieras,pero el Día que Me Quieras,Tango,Fernando Díaz,Víctor,,Enrique Santos Discepolo,Luis César Amadori,,31-35 Víctor,Oscar Napolitano,"Alfredo Sciarretta, Salvador Cilotta (Drums)","Daniel Alvarez, Américo Figola, Luis Zinkes, Haroldo Ferrero","Leo Schiffrin, Carlos Taverna, Dante Napolitano, Armando Gutiérrez","Piano, Bass, 4 Bandoneons, 4 Violins, Drums",BAVE-86726,Victor 37708
Francisco Lomuto,Orquesta Francisco Lomuto,12/27/1934,Alma del Bandoneón,Alma de Bandoneón,Tango,Fernando Díaz,Víctor,,Enrique Santos Discepolo,"Enrique Santos Discepolo, Luis César Amadori",,31-35 Víctor,Oscar Napolitano,"Alfredo Sciarretta, Salvador Cilotta (Drums)","Daniel Alvarez, Américo Figola, Luis Zinkes, Haroldo Ferrero","Leo Schiffrin, Carlos Taverna, Dante Napolitano, Armando Gutiérrez","Piano, Bass, 4 Bandoneons, 4 Violins, Drums",BAVE-86739,Victor 37706
Francisco Lomuto,Orquesta Francisco Lomuto,12/27/1934,Cambalache,,Tango,Fernando Díaz,Víctor,,Enrique Santos Discepolo,Enrique Santos Discepolo,,31-35 Víctor,Oscar Napolitano,"Alfredo Sciarretta, Salvador Cilotta (Drums)","Daniel Alvarez, Américo Figola, Luis Zinkes, Haroldo Ferrero","Leo Schiffrin, Carlos Taverna, Dante Napolitano, Armando Gutiérrez","Piano, Bass, 4 Bandoneons, 4 Violins, Drums",BAVE-86741,Victor 37708
Francisco Lomuto,Orquesta Francisco Lomuto,12/27/1934,Propina,,Tango,Fernando Díaz,Víctor,,Francisco Juan Lomuto,Antonio Botta,,31-35 Víctor,Oscar Napolitano,"Alfredo Sciarretta, Salvador Cilotta (Drums)","Daniel Alvarez, Américo Figola, Luis Zinkes, Haroldo Ferrero","Leo Schiffrin, Carlos Taverna, Dante Napolitano, Armando Gutiérrez","Piano, Bass, 4 Bandoneons, 4 Violins, Drums",BAVE-86732,Victor 37707
Francisco Lomuto,Orquesta Francisco Lomuto,12/27/1934,Tu Sombra,,Vals,Fernando Díaz,Víctor,,Enrique Santos Discepolo,"Enrique Santos Discepolo, Luis César Amadori",,31-35 Víctor,Oscar Napolitano,"Alfredo Sciarretta, Salvador Cilotta (Drums)","Daniel Alvarez, Américo Figola, Luis Zinkes, Haroldo Ferrero","Leo Schiffrin, Carlos Taverna, Dante Napolitano, Armando Gutiérrez","Piano, Bass, 4 Bandoneons, 4 Violins, Drums",BAVE-86742,Victor 37703
Francisco Lomuto,Orquesta Francisco Lomuto,12/27/1934,Y Haces el Novio,,Tango,Fernando Díaz,Víctor,,Enrique Blas Lomuto,Riccardo Ruffa,,31-35 Víctor,Oscar Napolitano,"Alfredo Sciarretta, Salvador Cilotta (Drums)","Daniel Alvarez, Américo Figola, Luis Zinkes, Haroldo Ferrero","Leo Schiffrin, Carlos Taverna, Dante Napolitano, Armando Gutiérrez","Piano, Bass, 4 Bandoneons, 4 Violins, Drums",86740,37702
Francisco Lomuto,Orquesta Francisco Lomuto,5/9/1935,Luna Arrabalera,,Tango,Jorge Omar,Víctor,,Carlos Marcucci,Mario César Gomila,,31-35 Víctor,Oscar Napolitano,"Alfredo Sciarretta, Salvador Cilotta (Drums)","Daniel Alvarez, Américo Figola, Luis Zinkes, Haroldo Ferrero","Leo Schiffrin, Carlos Taverna, Dante Napolitano, Armando Gutiérrez","Piano, Bass, 4 Bandoneons, 4 Violins, Drums",BAVE-86840,Victor 37756
Francisco Lomuto,Orquesta Francisco Lomuto,5/9/1935,Monte Criollo,,Tango,Jorge Omar,Víctor,,Francisco Nicolás Pracánico,Homero Nicolás Manzione Prestera,,31-35 Víctor,Oscar Napolitano,"Alfredo Sciarretta, Salvador Cilotta (Drums)","Daniel Alvarez, Américo Figola, Luis Zinkes, Haroldo Ferrero","Leo Schiffrin, Carlos Taverna, Dante Napolitano, Armando Gutiérrez","Piano, Bass, 4 Bandoneons, 4 Violins, Drums",BAVE-86841,Victor 37756
Francisco Lomuto,Orquesta Francisco Lomuto,6/16/1935,Caminito,,Tango,Jorge Omar y Cerry Brian,Víctor,,Oscar Juan de Dios Filiberti,Gabino Coria Peñaloza,,31-35 Víctor,Oscar Napolitano,"Alfredo Sciarretta, Salvador Cilotta (Drums)","Daniel Alvarez, Américo Figola, Luis Zinkes, Haroldo Ferrero","Leo Schiffrin, Carlos Taverna, Dante Napolitano, Armando Gutiérrez","Piano, Bass, 4 Bandoneons, 4 Violins, Drums",BAVE-86855,Victor 37774
Francisco Lomuto,Orquesta Francisco Lomuto,6/16/1935,Mi Pesar,,Tango,Jorge Omar,Víctor,,Mauricio Saiovich,Mauricio Saiovich,,31-35 Víctor,Oscar Napolitano,"Alfredo Sciarretta, Salvador Cilotta (Drums)","Daniel Alvarez, Américo Figola, Luis Zinkes, Haroldo Ferrero","Leo Schiffrin, Carlos Taverna, Dante Napolitano, Armando Gutiérrez","Piano, Bass, 4 Bandoneons, 4 Violins, Drums",BAVE-86854,Victor 37774
Francisco Lomuto,Orquesta Francisco Lomuto,6/17/1935,Sus Ojos Se Cerraron,,Tango,Jorge Omar,Víctor,,Charles Romuald Gardes,Alfredo Le Pera,,31-35 Víctor,Oscar Napolitano,"Alfredo Sciarretta, Salvador Cilotta (Drums)","Daniel Alvarez, Américo Figola, Luis Zinkes, Haroldo Ferrero","Leo Schiffrin, Carlos Taverna, Dante Napolitano, Armando Gutiérrez","Piano, Bass, 4 Bandoneons, 4 Violins, Drums",BAVE-86868,Victor 37775
Francisco Lomuto,Orquesta Francisco Lomuto,7/4/1935,Oración,,Tango,Jorge Omar,Víctor,,Ramón Iturralde,Ramon Iturralde; V. San Clemente,,31-35 Víctor,Oscar Napolitano,"Alfredo Sciarretta, Salvador Cilotta (Drums)","Daniel Alvarez, Américo Figola, Luis Zinkes, Haroldo Ferrero","Leo Schiffrin, Carlos Taverna, Dante Napolitano, Armando Gutiérrez","Piano, Bass, 4 Bandoneons, 4 Violins, Drums",BAVE-86883,Victor 37799
Francisco Lomuto,Orquesta Francisco Lomuto,7/18/1935,Muñeca Querida,,Vals,Jorge Omar,Víctor,,"Héctor Gerard Cruz, Julio A. Seguí",Julio A. Segui; Hector A. Gérard Cruz,,31-35 Víctor,Oscar Napolitano,"Alfredo Sciarretta, Salvador Cilotta (Drums)","Daniel Alvarez, Américo Figola, Luis Zinkes, Haroldo Ferrero","Leo Schiffrin, Carlos Taverna, Dante Napolitano, Armando Gutiérrez","Piano, Bass, 4 Bandoneons, 4 Violins, Drums",BAVE-86904,Victor 32648
Francisco Lomuto,Orquesta Francisco Lomuto,7/19/1935,Volvió Una Noche,,Tango,Jorge Omar,Víctor,,Carlos Gardel; Alfredo Le Pera,Alfredo Le Pera,,31-35 Víctor,Oscar Napolitano,"Alfredo Sciarretta, Salvador Cilotta (Drums)","Daniel Alvarez, Américo Figola, Luis Zinkes, Haroldo Ferrero","Leo Schiffrin, Carlos Taverna, Dante Napolitano, Armando Gutiérrez","Piano, Bass, 4 Bandoneons, 4 Violins, Drums",BAVE-86906,Victor 37795
Francisco Lomuto,Orquesta Francisco Lomuto,8/8/1935,La Canción de la Noche,,Vals,Jorge Omar,Víctor,,César Gola,José Gola,,31-35 Víctor,Oscar Napolitano,"Alfredo Sciarretta, Salvador Cilotta (Drums)","Daniel Alvarez, Américo Figola, Luis Zinkes, Haroldo Ferrero","Leo Schiffrin, Carlos Taverna, Dante Napolitano, Armando Gutiérrez","Piano, Bass, 4 Bandoneons, 4 Violins, Drums",BAVE-86924,Victor 37814
Francisco Lomuto,Orquesta Francisco Lomuto,8/8/1935,Por Una Cabeza,,Tango,Jorge Omar,Víctor,,Charles Romuald Gardes,Alfredo Le Pera,,31-35 Víctor,Oscar Napolitano,"Alfredo Sciarretta, Salvador Cilotta (Drums)","Daniel Alvarez, Américo Figola, Luis Zinkes, Haroldo Ferrero","Leo Schiffrin, Carlos Taverna, Dante Napolitano, Armando Gutiérrez","Piano, Bass, 4 Bandoneons, 4 Violins, Drums",BAVE-86925,Victor 37814
Francisco Lomuto,Orquesta Francisco Lomuto,8/27/1935,El Caballo del Pueblo,,Tango,Jorge Omar,Víctor,,Abraham Moisés Soifer,Manuel Romero,,31-35 Víctor,Oscar Napolitano,"Alfredo Sciarretta, Salvador Cilotta (Drums)","Daniel Alvarez, Américo Figola, Luis Zinkes, Haroldo Ferrero","Leo Schiffrin, Carlos Taverna, Dante Napolitano, Armando Gutiérrez","Piano, Bass, 4 Bandoneons, 4 Violins, Drums",BAVE-86939,Victor 37823
Francisco Lomuto,Orquesta Francisco Lomuto,8/27/1935,Esther,,Vals,Jorge Omar,Víctor,,Abraham Moisés Soifer,Manuel Romero,,31-35 Víctor,Oscar Napolitano,"Alfredo Sciarretta, Salvador Cilotta (Drums)","Daniel Alvarez, Américo Figola, Luis Zinkes, Haroldo Ferrero","Leo Schiffrin, Carlos Taverna, Dante Napolitano, Armando Gutiérrez","Piano, Bass, 4 Bandoneons, 4 Violins, Drums",BAVE-86938,Victor 37823
Francisco Lomuto,Orquesta Francisco Lomuto,10/8/1935,Si Dejaras De Quererme,,Tango,Jorge Omar,Víctor,,Pancho Laguna; Francisco J. Lomuto,Pancho Laguna; Francisco J. Lomuto,,31-35 Víctor,Oscar Napolitano,"Alfredo Sciarretta, Salvador Cilotta (Drums)","Daniel Alvarez, Américo Figola, Luis Zinkes, Haroldo Ferrero","Leo Schiffrin, Carlos Taverna, Dante Napolitano, Armando Gutiérrez","Piano, Bass, 4 Bandoneons, 4 Violins, Drums",BAVE-86953,Victor 37826
Francisco Lomuto,Orquesta Francisco Lomuto,11/26/1935,De Puro Guapo,,Tango,Jorge Omar,Víctor,,Pedro Blanco Acosta,Manuel Andrés Meaños,,31-35 Víctor,Oscar Napolitano,"Alfredo Sciarretta, Salvador Cilotta (Drums)","Daniel Alvarez, Américo Figola, Luis Zinkes, Haroldo Ferrero","Leo Schiffrin, Carlos Taverna, Dante Napolitano, Armando Gutiérrez","Piano, Bass, 4 Bandoneons, 4 Violins, Drums",BAVE-93033,Victor 37848
Francisco Lomuto,Orquesta Francisco Lomuto,11/26/1935,Luis María,,Tango,Jorge Omar,Víctor,,Justo Julián Teófilo Lespés,José González Castillo,,31-35 Víctor,Oscar Napolitano,"Alfredo Sciarretta, Salvador Cilotta (Drums)","Daniel Alvarez, Américo Figola, Luis Zinkes, Haroldo Ferrero","Leo Schiffrin, Carlos Taverna, Dante Napolitano, Armando Gutiérrez","Piano, Bass, 4 Bandoneons, 4 Violins, Drums",BAVE-93032,Victor 37848
Francisco Lomuto,Orquesta Francisco Lomuto,12/27/1935,Luna de Arrabal,,Vals,Fernando Díaz,Víctor,,Julio César Sanders,Enrique Domingo Cadícamo,,31-35 Víctor,Oscar Napolitano,"Alfredo Sciarretta, Salvador Cilotta (Drums)","Daniel Alvarez, Américo Figola, Luis Zinkes, Haroldo Ferrero","Leo Schiffrin, Carlos Taverna, Dante Napolitano, Armando Gutiérrez","Piano, Bass, 4 Bandoneons, 4 Violins, Drums",BAVE-93053,Victor 37859
Francisco Lomuto,Orquesta Francisco Lomuto,12/27/1935,Parece Mentira,,Tango,Fernando Díaz,Víctor,,Antonio Rodio,Rodolfo Pascual Sciammarella,,31-35 Víctor,Oscar Napolitano,"Alfredo Sciarretta, Salvador Cilotta (Drums)","Daniel Alvarez, Américo Figola, Luis Zinkes, Haroldo Ferrero","Leo Schiffrin, Carlos Taverna, Dante Napolitano, Armando Gutiérrez","Piano, Bass, 4 Bandoneons, 4 Violins, Drums",BAVE-93052,Victor 37859
Francisco Lomuto,Orquesta Francisco Lomuto,3/12/1936,Qué Fácil Es Decir,,Tango,Juan Arvizu,Víctor,,Rodolfo Pascual Sciammarella,Rubén Fernández de Olivera; Tabanillo,,36-42 Larger Orquesta,Oscar Napolitano,"Alfredo Sciarretta, Salvador Cilotta (Drums)","Martín Darré, Américo Figola, Luis Zinkes, Víctor Lomuto, Miguel Jurado, Cándido Borrajo (Trumpet), Carmelo Águila (Sax), Primo Staderi (Clarinet)","Leo Schiffrin, Armando Gutiérrez, Carlos Taverna","Piano, Bass, 5 Bandoneons, 3 Violins, Drums, Trumpet, Sax, Clarinet",BAVE-93221,Victor 37951
Francisco Lomuto,Orquesta Francisco Lomuto,1936,Si Dejaras De Quererme,,Tango,Juan Arvizu,Víctor,,Francisco J. Lomuto,Pancho Laguna; Francisco J. Lomuto,,36-42 Larger Orquesta,Oscar Napolitano,"Alfredo Sciarretta, Salvador Cilotta (Drums)","Martín Darré, Américo Figola, Luis Zinkes, Víctor Lomuto, Miguel Jurado, Cándido Borrajo (Trumpet), Carmelo Águila (Sax), Primo Staderi (Clarinet)","Leo Schiffrin, Armando Gutiérrez, Carlos Taverna","Piano, Bass, 5 Bandoneons, 3 Violins, Drums, Trumpet, Sax, Clarinet",BAVE-93220,Victor 37950
Francisco Lomuto,Orquesta Francisco Lomuto,1/15/1936,A La Gran Muñeca,,Tango,Jorge Omar,Víctor,,Jesús Ventura,Miguel F. Osés,,36-42 Larger Orquesta,Oscar Napolitano,"Alfredo Sciarretta, Salvador Cilotta (Drums)","Martín Darré, Américo Figola, Luis Zinkes, Víctor Lomuto, Miguel Jurado, Cándido Borrajo (Trumpet), Carmelo Águila (Sax), Primo Staderi (Clarinet)","Leo Schiffrin, Armando Gutiérrez, Carlos Taverna","Piano, Bass, 5 Bandoneons, 3 Violins, Drums, Trumpet, Sax, Clarinet",BAVE-93079,Victor 37871
Francisco Lomuto,Orquesta Francisco Lomuto,3/12/1936,Después Arreglamos,,Tango,Jorge Omar,Víctor,,Francisco Juan Lomuto,Francisco J. Lomuto; Pancho Laguna,,36-42 Larger Orquesta,Oscar Napolitano,"Alfredo Sciarretta, Salvador Cilotta (Drums)","Martín Darré, Américo Figola, Luis Zinkes, Víctor Lomuto, Miguel Jurado, Cándido Borrajo (Trumpet), Carmelo Águila (Sax), Primo Staderi (Clarinet)","Leo Schiffrin, Armando Gutiérrez, Carlos Taverna","Piano, Bass, 5 Bandoneons, 3 Violins, Drums, Trumpet, Sax, Clarinet",BAVE-93114,Victor 37885
Francisco Lomuto,Orquesta Francisco Lomuto,3/12/1936,Qué Fácil Es Decir,,Tango,Jorge Omar,Víctor,,Rodolfo Sciammarella,Rubén Fernández de Olivera,,36-42 Larger Orquesta,Oscar Napolitano,"Alfredo Sciarretta, Salvador Cilotta (Drums)","Martín Darré, Américo Figola, Luis Zinkes, Víctor Lomuto, Miguel Jurado, Cándido Borrajo (Trumpet), Carmelo Águila (Sax), Primo Staderi (Clarinet)","Leo Schiffrin, Armando Gutiérrez, Carlos Taverna","Piano, Bass, 5 Bandoneons, 3 Violins, Drums, Trumpet, Sax, Clarinet",BAVE-93113,Victor 37885
Francisco Lomuto,Orquesta Francisco Lomuto,4/1/1936,Quereme Un Poco Más,,Tango,Jorge Omar,Víctor,,Zayra Canicoba,Zayra Canicoba,,36-42 Larger Orquesta,Oscar Napolitano,"Alfredo Sciarretta, Salvador Cilotta (Drums)","Martín Darré, Américo Figola, Luis Zinkes, Víctor Lomuto, Miguel Jurado, Cándido Borrajo (Trumpet), Carmelo Águila (Sax), Primo Staderi (Clarinet)","Leo Schiffrin, Armando Gutiérrez, Carlos Taverna","Piano, Bass, 5 Bandoneons, 3 Violins, Drums, Trumpet, Sax, Clarinet",BAVE-93129,Victor 37898
Francisco Lomuto,Orquesta Francisco Lomuto,4/23/1936,Dos Rosas Para Ti,,Vals,Jorge Omar,Víctor,,Oscar Napolitano; Gustavo Durval Gogiose,Gustavo Durval Gogiose,,36-42 Larger Orquesta,Oscar Napolitano,"Alfredo Sciarretta, Salvador Cilotta (Drums)","Martín Darré, Américo Figola, Luis Zinkes, Víctor Lomuto, Miguel Jurado, Cándido Borrajo (Trumpet), Carmelo Águila (Sax), Primo Staderi (Clarinet)","Leo Schiffrin, Armando Gutiérrez, Carlos Taverna","Piano, Bass, 5 Bandoneons, 3 Violins, Drums, Trumpet, Sax, Clarinet",BAVE-93153,Victor 37920
Francisco Lomuto,Orquesta Francisco Lomuto,6/5/1936,No Sigas Mis Pasos,,Tango,Jorge Omar,Víctor,,Francisco Juan Lomuto,Antonio Botta,,36-42 Larger Orquesta,Oscar Napolitano,"Alfredo Sciarretta, Salvador Cilotta (Drums)","Martín Darré, Américo Figola, Luis Zinkes, Víctor Lomuto, Miguel Jurado, Cándido Borrajo (Trumpet), Carmelo Águila (Sax), Primo Staderi (Clarinet)","Leo Schiffrin, Armando Gutiérrez, Carlos Taverna","Piano, Bass, 5 Bandoneons, 3 Violins, Drums, Trumpet, Sax, Clarinet",BAVE-93190,Victor 37935
Francisco Lomuto,Orquesta Francisco Lomuto,7/2/1936,Rival,,Vals,Jorge Omar,Víctor,,María Teresa Lara,María Teresa Lara,,36-42 Larger Orquesta,Oscar Napolitano,"Alfredo Sciarretta, Salvador Cilotta (Drums)","Martín Darré, Américo Figola, Luis Zinkes, Víctor Lomuto, Miguel Jurado, Cándido Borrajo (Trumpet), Carmelo Águila (Sax), Primo Staderi (Clarinet)","Leo Schiffrin, Armando Gutiérrez, Carlos Taverna","Piano, Bass, 5 Bandoneons, 3 Violins, Drums, Trumpet, Sax, Clarinet",BAVE-93234,Victor 37953
Francisco Lomuto,Orquesta Francisco Lomuto,8/7/1936,Damisela Encantadora,,Vals,Jorge Omar,Víctor,,Ernesto Lecuona,Ernesto Lecuona,,36-42 Larger Orquesta,Oscar Napolitano,"Alfredo Sciarretta, Salvador Cilotta (Drums)","Martín Darré, Américo Figola, Luis Zinkes, Víctor Lomuto, Miguel Jurado, Cándido Borrajo (Trumpet), Carmelo Águila (Sax), Primo Staderi (Clarinet)","Leo Schiffrin, Armando Gutiérrez, Carlos Taverna","Piano, Bass, 5 Bandoneons, 3 Violins, Drums, Trumpet, Sax, Clarinet",BAVE-93266,Victor 37967
Francisco Lomuto,Orquesta Francisco Lomuto,9/4/1936,Arrepentido,,Tango,Jorge Omar,Víctor,,Rodolfo Pascual Sciammarella,Rodolfo Pascual Sciammarella,,36-42 Larger Orquesta,Oscar Napolitano,"Alfredo Sciarretta, Salvador Cilotta (Drums)","Martín Darré, Américo Figola, Luis Zinkes, Víctor Lomuto, Miguel Jurado, Cándido Borrajo (Trumpet), Carmelo Águila (Sax), Primo Staderi (Clarinet)","Leo Schiffrin, Armando Gutiérrez, Carlos Taverna","Piano, Bass, 5 Bandoneons, 3 Violins, Drums, Trumpet, Sax, Clarinet",BAVE-93316,Victor 37990
Francisco Lomuto,Orquesta Francisco Lomuto,10/3/1936,La Cumparsita,Si Supieras,Tango,Instrumental,Víctor,,Gerardo Hernán Matos Rodríguez,"Letras: Gerardo Hernán Matos Rodríguez [una]; Pascual Contursi, Enrique Pedro Maroni [otra]",,36-42 Larger Orquesta,Oscar Napolitano,"Alfredo Sciarretta, Salvador Cilotta (Drums)","Martín Darré, Américo Figola, Luis Zinkes, Víctor Lomuto, Miguel Jurado, Cándido Borrajo (Trumpet), Carmelo Águila (Sax), Primo Staderi (Clarinet)","Leo Schiffrin, Armando Gutiérrez, Carlos Taverna","Piano, Bass, 5 Bandoneons, 3 Violins, Drums, Trumpet, Sax, Clarinet",BAVE-93364,Victor 38008
Francisco Lomuto,Orquesta Francisco Lomuto,10/3/1936,Mano A Mano,Viejo Bandoneón,Tango,Jorge Omar,Víctor,,"Charles Romuald Gardes, José Razzano",Celedonio Esteban Flores,,36-42 Larger Orquesta,Oscar Napolitano,"Alfredo Sciarretta, Salvador Cilotta (Drums)","Martín Darré, Américo Figola, Luis Zinkes, Víctor Lomuto, Miguel Jurado, Cándido Borrajo (Trumpet), Carmelo Águila (Sax), Primo Staderi (Clarinet)","Leo Schiffrin, Armando Gutiérrez, Carlos Taverna","Piano, Bass, 5 Bandoneons, 3 Violins, Drums, Trumpet, Sax, Clarinet",BAVE-93365,Victor 38008
Francisco Lomuto,Orquesta Francisco Lomuto,10/28/1936,Nostalgias,,Tango,Instrumental,Víctor,,Juan Carlos Cobián,Enrique Domingo Cadícamo,,36-42 Larger Orquesta,Oscar Napolitano,"Alfredo Sciarretta, Salvador Cilotta (Drums)","Martín Darré, Américo Figola, Luis Zinkes, Víctor Lomuto, Miguel Jurado, Cándido Borrajo (Trumpet), Carmelo Águila (Sax), Primo Staderi (Clarinet)","Leo Schiffrin, Armando Gutiérrez, Carlos Taverna","Piano, Bass, 5 Bandoneons, 3 Violins, Drums, Trumpet, Sax, Clarinet",BAVE-93388,Victor 38029
Francisco Lomuto,Orquesta Francisco Lomuto,12/3/1936,Monotonía,,Tango,Jorge Omar,Víctor,,Hugo Gutiérrez,Andrés Carlos Bahr,,36-42 Larger Orquesta,Oscar Napolitano,"Alfredo Sciarretta, Salvador Cilotta (Drums)","Martín Darré, Américo Figola, Luis Zinkes, Víctor Lomuto, Miguel Jurado, Cándido Borrajo (Trumpet), Carmelo Águila (Sax), Primo Staderi (Clarinet)","Leo Schiffrin, Armando Gutiérrez, Carlos Taverna","Piano, Bass, 5 Bandoneons, 3 Violins, Drums, Trumpet, Sax, Clarinet",BAVE-93419,Victor 38048
Francisco Lomuto,Orquesta Francisco Lomuto,12/3/1936,Que Nadie Se Entere,,Tango,Jorge Omar,Víctor,,Egidio Alberto Adducci,Egidio Alberto Adducci,,36-42 Larger Orquesta,Oscar Napolitano,"Alfredo Sciarretta, Salvador Cilotta (Drums)","Martín Darré, Américo Figola, Luis Zinkes, Víctor Lomuto, Miguel Jurado, Cándido Borrajo (Trumpet), Carmelo Águila (Sax), Primo Staderi (Clarinet)","Leo Schiffrin, Armando Gutiérrez, Carlos Taverna","Piano, Bass, 5 Bandoneons, 3 Violins, Drums, Trumpet, Sax, Clarinet",BAVE-93418,Victor 38048
Francisco Lomuto,Orquesta Francisco Lomuto,1/7/1937,Esclavo,,Tango,Jorge Omar,Víctor,,Joaquín Mauricio Mora,José María Contursi,,36-42 Larger Orquesta,Oscar Napolitano,"Alfredo Sciarretta, Salvador Cilotta (Drums)","Martín Darré, Américo Figola, Luis Zinkes, Víctor Lomuto, Miguel Jurado, Cándido Borrajo (Trumpet), Carmelo Águila (Sax), Primo Staderi (Clarinet)","Leo Schiffrin, Armando Gutiérrez, Carlos Taverna","Piano, Bass, 5 Bandoneons, 3 Violins, Drums, Trumpet, Sax, Clarinet",BAVE-93463,Victor (Argentina) 38071
Francisco Lomuto,Orquesta Francisco Lomuto,1/7/1937,Mi Camino,,Tango,Jorge Omar,Víctor,,Antonio Rodio,José María Contursi,,36-42 Larger Orquesta,Oscar Napolitano,"Alfredo Sciarretta, Salvador Cilotta (Drums)","Martín Darré, Américo Figola, Luis Zinkes, Víctor Lomuto, Miguel Jurado, Cándido Borrajo (Trumpet), Carmelo Águila (Sax), Primo Staderi (Clarinet)","Leo Schiffrin, Armando Gutiérrez, Carlos Taverna","Piano, Bass, 5 Bandoneons, 3 Violins, Drums, Trumpet, Sax, Clarinet",BAVE-93462,Victor (Argentina) 38071
Francisco Lomuto,Orquesta Francisco Lomuto,1/26/1937,No Cantes Ese Tango,,Tango,Jorge Omar,Víctor,,Francisco Juan Lomuto,Rodolfo Blas Arrigorriaga,,36-42 Larger Orquesta,Oscar Napolitano,"Alfredo Sciarretta, Salvador Cilotta (Drums)","Martín Darré, Américo Figola, Luis Zinkes, Víctor Lomuto, Miguel Jurado, Cándido Borrajo (Trumpet), Carmelo Águila (Sax), Primo Staderi (Clarinet)","Leo Schiffrin, Armando Gutiérrez, Carlos Taverna","Piano, Bass, 5 Bandoneons, 3 Violins, Drums, Trumpet, Sax, Clarinet",BAVE-93490,Victor 38091
Francisco Lomuto,Orquesta Francisco Lomuto,1/26/1937,Soñé con un Amor,,Tango,Jorge Omar,Víctor,,Zayra Canicoba,Jésus Fernández Blanco,,36-42 Larger Orquesta,Oscar Napolitano,"Alfredo Sciarretta, Salvador Cilotta (Drums)","Martín Darré, Américo Figola, Luis Zinkes, Víctor Lomuto, Miguel Jurado, Cándido Borrajo (Trumpet), Carmelo Águila (Sax), Primo Staderi (Clarinet)","Leo Schiffrin, Armando Gutiérrez, Carlos Taverna","Piano, Bass, 5 Bandoneons, 3 Violins, Drums, Trumpet, Sax, Clarinet",BAVE-93491,Victor 38091
Francisco Lomuto,Orquesta Francisco Lomuto,4/2/1937,Éramos Tres,,Tango,Jorge Omar,Víctor,,Enrique Blas Lomuto,Luis Ángel Iribarren,,36-42 Larger Orquesta,Oscar Napolitano,"Alfredo Sciarretta, Salvador Cilotta (Drums)","Martín Darré, Américo Figola, Luis Zinkes, Víctor Lomuto, Miguel Jurado, Cándido Borrajo (Trumpet), Carmelo Águila (Sax), Primo Staderi (Clarinet)","Leo Schiffrin, Armando Gutiérrez, Carlos Taverna","Piano, Bass, 5 Bandoneons, 3 Violins, Drums, Trumpet, Sax, Clarinet",BAVE-93550,Victor 38136
Francisco Lomuto,Orquesta Francisco Lomuto,5/7/1937,Caricias,,Tango,Jorge Omar,Víctor,,Jacobo Montecof,Alfredo Bigeschi,,36-42 Larger Orquesta,Oscar Napolitano,"Alfredo Sciarretta, Salvador Cilotta (Drums)","Martín Darré, Américo Figola, Luis Zinkes, Víctor Lomuto, Miguel Jurado, Cándido Borrajo (Trumpet), Carmelo Águila (Sax), Primo Staderi (Clarinet)","Leo Schiffrin, Armando Gutiérrez, Carlos Taverna","Piano, Bass, 5 Bandoneons, 3 Violins, Drums, Trumpet, Sax, Clarinet",BAVE-93714,Victor 38158
Francisco Lomuto,Orquesta Francisco Lomuto,5/26/1937,Noche de Ronda,,Vals,Instrumental,Víctor,,María Teresa Lara,María Teresa Lara,,36-42 Larger Orquesta,Oscar Napolitano,"Alfredo Sciarretta, Salvador Cilotta (Drums)","Martín Darré, Américo Figola, Luis Zinkes, Víctor Lomuto, Miguel Jurado, Cándido Borrajo (Trumpet), Carmelo Águila (Sax), Primo Staderi (Clarinet)","Leo Schiffrin, Armando Gutiérrez, Carlos Taverna","Piano, Bass, 5 Bandoneons, 3 Violins, Drums, Trumpet, Sax, Clarinet",BAVE-93741,Victor 38186
Francisco Lomuto,Orquesta Francisco Lomuto,7/7/1937,Idolatría,,Vals,Jorge Omar,Víctor,,"Oscar Napolitano, Manuel López","Oscar Napolitano, Manuel López",,36-42 Larger Orquesta,Oscar Napolitano,"Alfredo Sciarretta, Salvador Cilotta (Drums)","Martín Darré, Américo Figola, Luis Zinkes, Víctor Lomuto, Miguel Jurado, Cándido Borrajo (Trumpet), Carmelo Águila (Sax), Primo Staderi (Clarinet)","Leo Schiffrin, Armando Gutiérrez, Carlos Taverna","Piano, Bass, 5 Bandoneons, 3 Violins, Drums, Trumpet, Sax, Clarinet",93799,38225
Francisco Lomuto,Orquesta Francisco Lomuto,7/7/1937,Viejas Alegrías,,Tango,Jorge Omar,Víctor,,Carlos José Pérez,Enrique Domingo Cadícamo,,36-42 Larger Orquesta,Oscar Napolitano,"Alfredo Sciarretta, Salvador Cilotta (Drums)","Martín Darré, Américo Figola, Luis Zinkes, Víctor Lomuto, Miguel Jurado, Cándido Borrajo (Trumpet), Carmelo Águila (Sax), Primo Staderi (Clarinet)","Leo Schiffrin, Armando Gutiérrez, Carlos Taverna","Piano, Bass, 5 Bandoneons, 3 Violins, Drums, Trumpet, Sax, Clarinet",BAVE-93800,Victor 38225
Francisco Lomuto,Orquesta Francisco Lomuto,7/30/1937,Don Juan Malevo,,Tango,Jorge Omar,Víctor,,Francisco Juan Lomuto,Eduardo Ricardo Beccar,,36-42 Larger Orquesta,Oscar Napolitano,"Alfredo Sciarretta, Salvador Cilotta (Drums)","Martín Darré, Américo Figola, Luis Zinkes, Víctor Lomuto, Miguel Jurado, Cándido Borrajo (Trumpet), Carmelo Águila (Sax), Primo Staderi (Clarinet)","Leo Schiffrin, Armando Gutiérrez, Carlos Taverna","Piano, Bass, 5 Bandoneons, 3 Violins, Drums, Trumpet, Sax, Clarinet",BAVE-93837,Victor 38259
Francisco Lomuto,Orquesta Francisco Lomuto,7/30/1937,Las Cuarenta,,Tango,Jorge Omar,Víctor,,Roberto Grela,Froilán Francisco Gorrindo,,36-42 Larger Orquesta,Oscar Napolitano,"Alfredo Sciarretta, Salvador Cilotta (Drums)","Martín Darré, Américo Figola, Luis Zinkes, Víctor Lomuto, Miguel Jurado, Cándido Borrajo (Trumpet), Carmelo Águila (Sax), Primo Staderi (Clarinet)","Leo Schiffrin, Armando Gutiérrez, Carlos Taverna","Piano, Bass, 5 Bandoneons, 3 Violins, Drums, Trumpet, Sax, Clarinet",BAVE-93836,Victor 38241
Francisco Lomuto,Orquesta Francisco Lomuto,7/30/1937,Muñeca de Cristal,,Vals,Jorge Omar,Víctor,,Ernesto Lecuona,Ernesto Lecuona,,36-42 Larger Orquesta,Oscar Napolitano,"Alfredo Sciarretta, Salvador Cilotta (Drums)","Martín Darré, Américo Figola, Luis Zinkes, Víctor Lomuto, Miguel Jurado, Cándido Borrajo (Trumpet), Carmelo Águila (Sax), Primo Staderi (Clarinet)","Leo Schiffrin, Armando Gutiérrez, Carlos Taverna","Piano, Bass, 5 Bandoneons, 3 Violins, Drums, Trumpet, Sax, Clarinet",BAVE-93835,Victor 38241
Francisco Lomuto,Orquesta Francisco Lomuto,9/23/1937,Ay Mi Nena,,Vals,Jorge Omar,Víctor,,Francisco Juan Lomuto,Antonio Botta,,36-42 Larger Orquesta,Oscar Napolitano,"Alfredo Sciarretta, Salvador Cilotta (Drums)","Martín Darré, Américo Figola, Luis Zinkes, Víctor Lomuto, Miguel Jurado, Cándido Borrajo (Trumpet), Carmelo Águila (Sax), Primo Staderi (Clarinet)","Leo Schiffrin, Armando Gutiérrez, Carlos Taverna","Piano, Bass, 5 Bandoneons, 3 Violins, Drums, Trumpet, Sax, Clarinet",BAVE-93909,Victor 38281
Francisco Lomuto,Orquesta Francisco Lomuto,10/26/1937,Si Yo Te Contara,,Tango,Jorge Omar,Víctor,,Antonio Rodio,Celedonio Esteban Flores,,36-42 Larger Orquesta,Oscar Napolitano,"Alfredo Sciarretta, Salvador Cilotta (Drums)","Martín Darré, Américo Figola, Luis Zinkes, Víctor Lomuto, Miguel Jurado, Cándido Borrajo (Trumpet), Carmelo Águila (Sax), Primo Staderi (Clarinet)","Leo Schiffrin, Armando Gutiérrez, Carlos Taverna","Piano, Bass, 5 Bandoneons, 3 Violins, Drums, Trumpet, Sax, Clarinet",BAVE-93940,Victor 38303
Francisco Lomuto,Orquesta Francisco Lomuto,12/26/1937,Condena,Sos,Tango,Instrumental,Víctor,,"Enrique Santos Discepolo, Francisco Nicolás Pracánico",Enrique Santos Discepolo,,36-42 Larger Orquesta,Oscar Napolitano,"Alfredo Sciarretta, Salvador Cilotta (Drums)","Martín Darré, Américo Figola, Luis Zinkes, Víctor Lomuto, Miguel Jurado, Cándido Borrajo (Trumpet), Carmelo Águila (Sax), Primo Staderi (Clarinet)","Leo Schiffrin, Armando Gutiérrez, Carlos Taverna","Piano, Bass, 5 Bandoneons, 3 Violins, Drums, Trumpet, Sax, Clarinet",BAVE-012050,Victor 38373
Francisco Lomuto,Orquesta Francisco Lomuto,12/26/1937,El Día que Yo Pueda,,Tango,Jorge Omar,Víctor,,Francisco Canaro,Celedonio Esteban Flores,,36-42 Larger Orquesta,Oscar Napolitano,"Alfredo Sciarretta, Salvador Cilotta (Drums)","Martín Darré, Américo Figola, Luis Zinkes, Víctor Lomuto, Miguel Jurado, Cándido Borrajo (Trumpet), Carmelo Águila (Sax), Primo Staderi (Clarinet)","Leo Schiffrin, Armando Gutiérrez, Carlos Taverna","Piano, Bass, 5 Bandoneons, 3 Violins, Drums, Trumpet, Sax, Clarinet",BAVE-012048,Victor 38351
Francisco Lomuto,Orquesta Francisco Lomuto,12/26/1937,Renuncio,,Tango,Jorge Omar,Víctor,,Miguel Eusebio Bucino,Miguel Eusebio Bucino,,36-42 Larger Orquesta,Oscar Napolitano,"Alfredo Sciarretta, Salvador Cilotta (Drums)","Martín Darré, Américo Figola, Luis Zinkes, Víctor Lomuto, Miguel Jurado, Cándido Borrajo (Trumpet), Carmelo Águila (Sax), Primo Staderi (Clarinet)","Leo Schiffrin, Armando Gutiérrez, Carlos Taverna","Piano, Bass, 5 Bandoneons, 3 Violins, Drums, Trumpet, Sax, Clarinet",BAVE-012049,Victor 38351
Francisco Lomuto,Orquesta Francisco Lomuto,12/26/1937,Rincón Florido,,Tango,Jorge Omar,Víctor,,Zayra Canicoba,Pascual Tomás Lomuto,,36-42 Larger Orquesta,Oscar Napolitano,"Alfredo Sciarretta, Salvador Cilotta (Drums)","Martín Darré, Américo Figola, Luis Zinkes, Víctor Lomuto, Miguel Jurado, Cándido Borrajo (Trumpet), Carmelo Águila (Sax), Primo Staderi (Clarinet)","Leo Schiffrin, Armando Gutiérrez, Carlos Taverna","Piano, Bass, 5 Bandoneons, 3 Violins, Drums, Trumpet, Sax, Clarinet",BAVE-012051,Victor 38373
Francisco Lomuto,Orquesta Francisco Lomuto,2/9/1938,El Trece,El 13,Tango,Instrumental,Víctor,,Alberico Spátola,Ángel Gregorio Villoldo Arroyo,,36-42 Larger Orquesta,Oscar Napolitano,"Alfredo Sciarretta, Salvador Cilotta (Drums)","Martín Darré, Américo Figola, Luis Zinkes, Gregorio Pérez, Cándido Borrajo (Cornet)","Leo Schiffrin, Armando Gutiérrez, Carlos Taverna","Piano, Bass, 4 Bandoneons, 3 Violins, Drums, Cornet",12118,38411
Francisco Lomuto,Orquesta Francisco Lomuto,2/9/1938,La Rezongona,,Tango,Instrumental,Víctor,,Francisco Juan Lomuto,,,36-42 Larger Orquesta,Oscar Napolitano,"Alfredo Sciarretta, Salvador Cilotta (Drums)","Martín Darré, Américo Figola, Luis Zinkes, Gregorio Pérez, Cándido Borrajo (Cornet)","Leo Schiffrin, Armando Gutiérrez, Carlos Taverna","Piano, Bass, 4 Bandoneons, 3 Violins, Drums, Cornet",BAVE-012119,Victor 38411
Francisco Lomuto,Orquesta Francisco Lomuto,2/9/1938,Valse de la Fisarmonica,,Vals,Instrumental,Víctor,,Eldo Di Lazzaro,Bruno Cherubini,,36-42 Larger Orquesta,Oscar Napolitano,"Alfredo Sciarretta, Salvador Cilotta (Drums)","Martín Darré, Américo Figola, Luis Zinkes, Gregorio Pérez, Cándido Borrajo (Cornet)","Leo Schiffrin, Armando Gutiérrez, Carlos Taverna","Piano, Bass, 4 Bandoneons, 3 Violins, Drums, Cornet",BAVE-012120,Victor 38395
Francisco Lomuto,Orquesta Francisco Lomuto,2/9/1938,Violino Tzigano,Violín Gitano,Tango,Jorge Omar,Víctor,,"Cesare Bixio, Artemia Lavelli",Bixio Cherubini,,36-42 Larger Orquesta,Oscar Napolitano,"Alfredo Sciarretta, Salvador Cilotta (Drums)","Martín Darré, Américo Figola, Luis Zinkes, Gregorio Pérez, Cándido Borrajo (Cornet)","Leo Schiffrin, Armando Gutiérrez, Carlos Taverna","Piano, Bass, 4 Bandoneons, 3 Violins, Drums, Cornet",12121,38395
Francisco Lomuto,Orquesta Francisco Lomuto,2/24/1938,Callecita de Mi Novia,,Tango,Jorge Omar,Víctor,,Francisco Juan Lomuto,Antonio Botta,,36-42 Larger Orquesta,Oscar Napolitano,"Alfredo Sciarretta, Salvador Cilotta (Drums)","Martín Darré, Américo Figola, Luis Zinkes, Gregorio Pérez, Cándido Borrajo (Cornet)","Leo Schiffrin, Armando Gutiérrez, Carlos Taverna","Piano, Bass, 4 Bandoneons, 3 Violins, Drums, Cornet",12129,38396
Francisco Lomuto,Orquesta Francisco Lomuto,2/24/1938,Qué Tiempo Aquel,,Milonga,Jorge Omar,Víctor,,Francisco Juan Lomuto,Celedonio Esteban Flores,,36-42 Larger Orquesta,Oscar Napolitano,"Alfredo Sciarretta, Salvador Cilotta (Drums)","Martín Darré, Américo Figola, Luis Zinkes, Gregorio Pérez, Cándido Borrajo (Cornet)","Leo Schiffrin, Armando Gutiérrez, Carlos Taverna","Piano, Bass, 4 Bandoneons, 3 Violins, Drums, Cornet",12128,38396
Francisco Lomuto,Orquesta Francisco Lomuto,5/3/1938,Muchachita Del Campo,,Tango,Jorge Omar,Víctor,,Francisco Juan Lomuto,Manuel Romero,,36-42 Larger Orquesta,Oscar Napolitano,"Alfredo Sciarretta, Salvador Cilotta (Drums)","Martín Darré, Américo Figola, Luis Zinkes, Gregorio Pérez, Cándido Borrajo (Cornet)","Leo Schiffrin, Armando Gutiérrez, Carlos Taverna","Piano, Bass, 4 Bandoneons, 3 Violins, Drums, Cornet",BAVE-012253,Victor 38450
Francisco Lomuto,Orquesta Francisco Lomuto,5/9/1938,Hay que Aclarar,,Tango,Jorge Omar,Víctor,,Francisco Canaro,"Ismael Ricardo, Gerónimo F. Martinelli Massa",,36-42 Larger Orquesta,Oscar Napolitano,"Alfredo Sciarretta, Salvador Cilotta (Drums)","Martín Darré, Américo Figola, Luis Zinkes, Gregorio Pérez, Cándido Borrajo (Cornet)","Leo Schiffrin, Armando Gutiérrez, Carlos Taverna","Piano, Bass, 4 Bandoneons, 3 Violins, Drums, Cornet",12260,38447
Francisco Lomuto,Orquesta Francisco Lomuto,6/9/1938,El Cornetín del Tranvía,,Tango,Jorge Omar,Víctor,,Antonio Oscar Arona,Armando José María Tagini,,36-42 Larger Orquesta,Oscar Napolitano,"Alfredo Sciarretta, Salvador Cilotta (Drums)","Martín Darré, Américo Figola, Luis Zinkes, Gregorio Pérez, Cándido Borrajo (Cornet)","Leo Schiffrin, Armando Gutiérrez, Carlos Taverna","Piano, Bass, 4 Bandoneons, 3 Violins, Drums, Cornet",BAVE-012340,Victor 38475
Francisco Lomuto,Orquesta Francisco Lomuto,6/9/1938,Otra Vez,Trop Sage,Tango,Jorge Omar,Víctor,,Jorge Argentino Fernández,José María Contursi,,36-42 Larger Orquesta,Oscar Napolitano,"Alfredo Sciarretta, Salvador Cilotta (Drums)","Martín Darré, Américo Figola, Luis Zinkes, Gregorio Pérez, Cándido Borrajo (Cornet)","Leo Schiffrin, Armando Gutiérrez, Carlos Taverna","Piano, Bass, 4 Bandoneons, 3 Violins, Drums, Cornet",BAVE-012339,Victor 38475
Francisco Lomuto,Orquesta Francisco Lomuto,6/24/1938,Yo Seré Como Tú Quieras,,Tango,Jorge Omar,Víctor,,Héctor Antonio Lomuto,Héctor Antonio Lomuto,,36-42 Larger Orquesta,Oscar Napolitano,"Alfredo Sciarretta, Salvador Cilotta (Drums)","Martín Darré, Américo Figola, Luis Zinkes, Gregorio Pérez, Cándido Borrajo (Cornet)","Leo Schiffrin, Armando Gutiérrez, Carlos Taverna","Piano, Bass, 4 Bandoneons, 3 Violins, Drums, Cornet",12367,38497
Francisco Lomuto,Orquesta Francisco Lomuto,7/22/1938,Ti Pi Tin,Ti-pi-tin,Vals,Jorge Omar,Víctor,,"María Grever, Raymond Leveen",María Grever,,36-42 Larger Orquesta,Oscar Napolitano,"Alfredo Sciarretta, Salvador Cilotta (Drums)","Martín Darré, Américo Figola, Luis Zinkes, Gregorio Pérez, Cándido Borrajo (Cornet)","Leo Schiffrin, Armando Gutiérrez, Carlos Taverna","Piano, Bass, 4 Bandoneons, 3 Violins, Drums, Cornet",BAVE-012395,Victor 38505
Francisco Lomuto,Orquesta Francisco Lomuto,8/12/1938,Desaliento,,Tango,Jorge Omar,Víctor,,Armando Baliotti,Benigno Luis Castiñeira,,36-42 Larger Orquesta,Oscar Napolitano,"Alfredo Sciarretta, Salvador Cilotta (Drums)","Martín Darré, Américo Figola, Luis Zinkes, Gregorio Pérez, Cándido Borrajo (Cornet)","Leo Schiffrin, Armando Gutiérrez, Carlos Taverna","Piano, Bass, 4 Bandoneons, 3 Violins, Drums, Cornet",BAVE-012431,Victor (Argentina) 38529
Francisco Lomuto,Orquesta Francisco Lomuto,8/24/1938,Madreselva,,Tango,Jorge Omar,Víctor,,Francisco Canaro,Luis César Amadori,,36-42 Larger Orquesta,Oscar Napolitano,"Alfredo Sciarretta, Salvador Cilotta (Drums)","Martín Darré, Américo Figola, Luis Zinkes, Gregorio Pérez, Cándido Borrajo (Cornet)","Leo Schiffrin, Armando Gutiérrez, Carlos Taverna","Piano, Bass, 4 Bandoneons, 3 Violins, Drums, Cornet",12441,38541
Francisco Lomuto,Orquesta Francisco Lomuto,8/24/1938,Vendrás Alguna Vez,,Tango,Jorge Omar,Víctor,,Alfredo Antonio Malerba,Luis César Amadori,,36-42 Larger Orquesta,Oscar Napolitano,"Alfredo Sciarretta, Salvador Cilotta (Drums)","Martín Darré, Américo Figola, Luis Zinkes, Gregorio Pérez, Cándido Borrajo (Cornet)","Leo Schiffrin, Armando Gutiérrez, Carlos Taverna","Piano, Bass, 4 Bandoneons, 3 Violins, Drums, Cornet",12442,38541
Francisco Lomuto,Orquesta Francisco Lomuto,10/14/1938,Gólgota,,Tango,Jorge Omar,Víctor,,Rodolfo Biagi,Froilán Francisco Gorrindo,,36-42 Larger Orquesta,Oscar Napolitano,"Alfredo Sciarretta, Salvador Cilotta (Drums)","Martín Darré, Américo Figola, Luis Zinkes, Gregorio Pérez, Cándido Borrajo (Cornet)","Leo Schiffrin, Armando Gutiérrez, Carlos Taverna","Piano, Bass, 4 Bandoneons, 3 Violins, Drums, Cornet",12535,38582
Francisco Lomuto,Orquesta Francisco Lomuto,11/4/1938,Dime que Sí,,Vals,Jorge Omar,Víctor,,Alfonso Esparza Oteo,Alfonso Esparza Oteo,,36-42 Larger Orquesta,Oscar Napolitano,"Alfredo Sciarretta, Salvador Cilotta (Drums)","Martín Darré, Américo Figola, Luis Zinkes, Gregorio Pérez, Cándido Borrajo (Cornet)","Leo Schiffrin, Armando Gutiérrez, Carlos Taverna","Piano, Bass, 4 Bandoneons, 3 Violins, Drums, Cornet",12558,38602
Francisco Lomuto,Orquesta Francisco Lomuto,11/28/1938,El Embrujo de Tu Violín,,Tango,Jorge Omar,Víctor,,Mario Maurano,Armando José María Tagini,,36-42 Larger Orquesta,Oscar Napolitano,"Alfredo Sciarretta, Salvador Cilotta (Drums)","Martín Darré, Américo Figola, Luis Zinkes, Gregorio Pérez, Cándido Borrajo (Cornet)","Leo Schiffrin, Armando Gutiérrez, Carlos Taverna","Piano, Bass, 4 Bandoneons, 3 Violins, Drums, Cornet",BAVE-012582,Victor 38615
Francisco Lomuto,Orquesta Francisco Lomuto,12/12/1938,La Melodía de Nuestro Adiós,,Tango,Jorge Omar,Víctor,,Fioravanti Di Cicco,Carmelo Santiago,,36-42 Larger Orquesta,Oscar Napolitano,"Alfredo Sciarretta, Salvador Cilotta (Drums)","Martín Darré, Américo Figola, Luis Zinkes, Gregorio Pérez, Cándido Borrajo (Cornet)","Leo Schiffrin, Armando Gutiérrez, Carlos Taverna","Piano, Bass, 4 Bandoneons, 3 Violins, Drums, Cornet",12606,38626
Francisco Lomuto,Orquesta Francisco Lomuto,1/10/1939,Chitarra Romana,Roman Guitar,Tango,Instrumental,Víctor,,J. Di Lazzaro,Bruno Cherubini,,36-42 Larger Orquesta,Oscar Napolitano,"Alfredo Sciarretta, Salvador Cilotta (Drums)","Martín Darré, Américo Figola, Luis Zinkes, Gregorio Pérez, Cándido Borrajo (Cornet)","Leo Schiffrin, Armando Gutiérrez, Carlos Taverna","Piano, Bass, 4 Bandoneons, 3 Violins, Drums, Cornet",,
Francisco Lomuto,Orquesta Francisco Lomuto,1/10/1939,Gota de Lluvia,,Vals,Jorge Omar,Víctor,,Félix Lípesker,Homero Nicolás Manzione Prestera,,36-42 Larger Orquesta,Oscar Napolitano,"Alfredo Sciarretta, Salvador Cilotta (Drums)","Martín Darré, Américo Figola, Luis Zinkes, Gregorio Pérez, Cándido Borrajo (Cornet)","Leo Schiffrin, Armando Gutiérrez, Carlos Taverna","Piano, Bass, 4 Bandoneons, 3 Violins, Drums, Cornet",12642,38646
Francisco Lomuto,Orquesta Francisco Lomuto,2/17/1939,Mala Suerte,,Tango,Jorge Omar,Víctor,,Francisco Juan Lomuto,Froilán Francisco Gorrindo,,36-42 Larger Orquesta,Oscar Napolitano,"Alfredo Sciarretta, Salvador Cilotta (Drums)","Martín Darré, Américo Figola, Luis Zinkes, Gregorio Pérez, Cándido Borrajo (Cornet)","Leo Schiffrin, Armando Gutiérrez, Carlos Taverna","Piano, Bass, 4 Bandoneons, 3 Violins, Drums, Cornet",12682,38667
Francisco Lomuto,Orquesta Francisco Lomuto,2/17/1939,Puerta Cerrada,Porqué,Tango,Jorge Omar,Víctor,,Alfredo Antonio Malerba,Homero Nicolás Manzione Prestera,,36-42 Larger Orquesta,Oscar Napolitano,"Alfredo Sciarretta, Salvador Cilotta (Drums)","Martín Darré, Américo Figola, Luis Zinkes, Gregorio Pérez, Cándido Borrajo (Cornet)","Leo Schiffrin, Armando Gutiérrez, Carlos Taverna","Piano, Bass, 4 Bandoneons, 3 Violins, Drums, Cornet",12679,38666
Francisco Lomuto,Orquesta Francisco Lomuto,2/17/1939,Varón,,Milonga,Jorge Omar,Víctor,,Francisco Juan Lomuto,Celedonio Esteban Flores,,36-42 Larger Orquesta,Oscar Napolitano,"Alfredo Sciarretta, Salvador Cilotta (Drums)","Martín Darré, Américo Figola, Luis Zinkes, Gregorio Pérez, Cándido Borrajo (Cornet)","Leo Schiffrin, Armando Gutiérrez, Carlos Taverna","Piano, Bass, 4 Bandoneons, 3 Violins, Drums, Cornet",12681,38667
Francisco Lomuto,Orquesta Francisco Lomuto,2/28/1939,Milongón,,Milonga,Jorge Omar,Víctor,,Francisco Canaro,Homero Nicolás Manzione Prestera,,36-42 Larger Orquesta,Oscar Napolitano,"Alfredo Sciarretta, Salvador Cilotta (Drums)","Martín Darré, Américo Figola, Luis Zinkes, Gregorio Pérez, Cándido Borrajo (Cornet)","Leo Schiffrin, Armando Gutiérrez, Carlos Taverna","Piano, Bass, 4 Bandoneons, 3 Violins, Drums, Cornet",12685,38672
Francisco Lomuto,Orquesta Francisco Lomuto,2/28/1939,Por La Vuelta,,Tango,Jorge Omar,Víctor,,José Tinelli,Enrique Domingo Cadícamo,,36-42 Larger Orquesta,Oscar Napolitano,"Alfredo Sciarretta, Salvador Cilotta (Drums)","Martín Darré, Américo Figola, Luis Zinkes, Gregorio Pérez, Cándido Borrajo (Cornet)","Leo Schiffrin, Armando Gutiérrez, Carlos Taverna","Piano, Bass, 4 Bandoneons, 3 Violins, Drums, Cornet",12686,38672
Francisco Lomuto,Orquesta Francisco Lomuto,3/30/1939,Tormenta,,Tango,Jorge Omar,Víctor,,Enrique Santos Discepolo,Enrique Santos Discepolo,,36-42 Larger Orquesta,Oscar Napolitano,"Alfredo Sciarretta, Salvador Cilotta (Drums)","Martín Darré, Américo Figola, Luis Zinkes, Gregorio Pérez, Cándido Borrajo (Cornet)","Leo Schiffrin, Armando Gutiérrez, Carlos Taverna","Piano, Bass, 4 Bandoneons, 3 Violins, Drums, Cornet",12727,38695
Francisco Lomuto,Orquesta Francisco Lomuto,4/26/1939,Los Piconeros,,Vals,Fernando Díaz,Víctor,,"Juan Mostazo, J. Molleda, Ramón Perelló","Juan Mostazo, Ramón Perelló",,36-42 Larger Orquesta,Oscar Napolitano,"Alfredo Sciarretta, Salvador Cilotta (Drums)","Martín Darré, Américo Figola, Luis Zinkes, Gregorio Pérez, Cándido Borrajo (Cornet)","Leo Schiffrin, Armando Gutiérrez, Carlos Taverna","Piano, Bass, 4 Bandoneons, 3 Violins, Drums, Cornet",,
Francisco Lomuto,Orquesta Francisco Lomuto,7/14/1939,La Zandunga,,Vals,Fernando Díaz,Víctor,,Ar: Del Valle,,,36-42 Larger Orquesta,Oscar Napolitano,"Alfredo Sciarretta, Salvador Cilotta (Drums)","Martín Darré, Américo Figola, Luis Zinkes, Gregorio Pérez, Cándido Borrajo (Cornet)","Leo Schiffrin, Armando Gutiérrez, Carlos Taverna","Piano, Bass, 4 Bandoneons, 3 Violins, Drums, Cornet",,
Francisco Lomuto,Orquesta Francisco Lomuto,7/14/1939,Mosterio,,Tango,Fernando Díaz y coro,Víctor,,Alberto Gambino,Fortunato Benzaquen,,36-42 Larger Orquesta,Oscar Napolitano,"Alfredo Sciarretta, Salvador Cilotta (Drums)","Martín Darré, Américo Figola, Luis Zinkes, Gregorio Pérez, Cándido Borrajo (Cornet)","Leo Schiffrin, Armando Gutiérrez, Carlos Taverna","Piano, Bass, 4 Bandoneons, 3 Violins, Drums, Cornet",12857,38766
Francisco Lomuto,Orquesta Francisco Lomuto,8/8/1939,No Hay Tierra Como La Mía,,Milonga,Fernando Díaz,Víctor,,Carlos José Pérez,Enrique Domingo Cadícamo,,36-42 Larger Orquesta,Oscar Napolitano,"Alfredo Sciarretta, Salvador Cilotta (Drums)","Martín Darré, Américo Figola, Luis Zinkes, Gregorio Pérez, Cándido Borrajo (Cornet)","Leo Schiffrin, Armando Gutiérrez, Carlos Taverna","Piano, Bass, 4 Bandoneons, 3 Violins, Drums, Cornet",12896,38783
Francisco Lomuto,Orquesta Francisco Lomuto,8/8/1939,Salud Dinero y Amor,Salud Dinero y Amor,Vals,Jorge Omar,Víctor,,Rodolfo Pascual Sciammarella,Rodolfo Pascual Sciammarella,,36-42 Larger Orquesta,Oscar Napolitano,"Alfredo Sciarretta, Salvador Cilotta (Drums)","Martín Darré, Américo Figola, Luis Zinkes, Gregorio Pérez, Cándido Borrajo (Cornet)","Leo Schiffrin, Armando Gutiérrez, Carlos Taverna","Piano, Bass, 4 Bandoneons, 3 Violins, Drums, Cornet",BAVE-012895,Victor 38783
Francisco Lomuto,Orquesta Francisco Lomuto,8/29/1939,A Mí Qué Me Importa,,Tango,Jorge Omar,Víctor,,Francisco Juan Lomuto,Manuel Romero,,36-42 Larger Orquesta,Oscar Napolitano,"Alfredo Sciarretta, Salvador Cilotta (Drums)","Martín Darré, Américo Figola, Luis Zinkes, Gregorio Pérez, Cándido Borrajo (Cornet)","Leo Schiffrin, Armando Gutiérrez, Carlos Taverna","Piano, Bass, 4 Bandoneons, 3 Violins, Drums, Cornet",12925,38800
Francisco Lomuto,Orquesta Francisco Lomuto,8/29/1939,Como las Aves,,Tango,Maria Teresa Greco,Víctor,,Francisco Juan Lomuto,Manuel Romero,,36-42 Larger Orquesta,Oscar Napolitano,"Alfredo Sciarretta, Salvador Cilotta (Drums)","Martín Darré, Américo Figola, Luis Zinkes, Gregorio Pérez, Cándido Borrajo (Cornet)","Leo Schiffrin, Armando Gutiérrez, Carlos Taverna","Piano, Bass, 4 Bandoneons, 3 Violins, Drums, Cornet",BAVE-012923,Victor 38799
Francisco Lomuto,Orquesta Francisco Lomuto,8/29/1939,Tango Amigo,,Tango,Fernando Díaz,Víctor,,Francisco Juan Lomuto,Manuel Romero,,36-42 Larger Orquesta,Oscar Napolitano,"Alfredo Sciarretta, Salvador Cilotta (Drums)","Martín Darré, Américo Figola, Luis Zinkes, Gregorio Pérez, Cándido Borrajo (Cornet)","Leo Schiffrin, Armando Gutiérrez, Carlos Taverna","Piano, Bass, 4 Bandoneons, 3 Violins, Drums, Cornet",BAVE-039132,Victor 38876
Francisco Lomuto,Orquesta Francisco Lomuto,10/25/1939,Se Han Sentado las Carretas,,Tango,Fernando Díaz y Jorge Omar,Víctor,,Agustín Bardi,Enrique Domingo Cadícamo,,36-42 Larger Orquesta,Oscar Napolitano,"Alfredo Sciarretta, Salvador Cilotta (Drums)","Martín Darré, Américo Figola, Luis Zinkes, Gregorio Pérez, Cándido Borrajo (Cornet)","Leo Schiffrin, Armando Gutiérrez, Carlos Taverna","Piano, Bass, 4 Bandoneons, 3 Violins, Drums, Cornet",12988,38844
Francisco Lomuto,Orquesta Francisco Lomuto,12/7/1939,Sin Dejar Rastros,,Tango,Instrumental,Víctor,,Francisco Juan Lomuto,,,36-42 Larger Orquesta,Oscar Napolitano,"Alfredo Sciarretta, Salvador Cilotta (Drums)","Martín Darré, Américo Figola, Luis Zinkes, Gregorio Pérez, Cándido Borrajo (Cornet)","Leo Schiffrin, Armando Gutiérrez, Carlos Taverna","Piano, Bass, 4 Bandoneons, 3 Violins, Drums, Cornet",BAVE-039133,Victor 38877
Francisco Lomuto,Carmencita del Moral,12/7/1939,Tango Amigo,,Tango,Instrumental,Víctor,,Francisco Juan Lomuto,Manuel Romero,,36-42 Larger Orquesta,Oscar Napolitano,"Alfredo Sciarretta, Salvador Cilotta (Drums)","Martín Darré, Américo Figola, Luis Zinkes, Gregorio Pérez, Cándido Borrajo (Cornet)","Leo Schiffrin, Armando Gutiérrez, Carlos Taverna","Piano, Bass, 4 Bandoneons, 3 Violins, Drums, Cornet",,
Francisco Lomuto,Orquesta Francisco Lomuto,12/19/1939,A Quién Le Puede Importar,,Tango,Fernando Díaz,Víctor,,Mariano Martínez,Enrique Domingo Cadícamo,,36-42 Larger Orquesta,Oscar Napolitano,"Alfredo Sciarretta, Salvador Cilotta (Drums)","Martín Darré, Américo Figola, Luis Zinkes, Gregorio Pérez, Cándido Borrajo (Cornet)","Leo Schiffrin, Armando Gutiérrez, Carlos Taverna","Piano, Bass, 4 Bandoneons, 3 Violins, Drums, Cornet",BAVE-039156,Victor 38888
Francisco Lomuto,Orquesta Francisco Lomuto,1/3/1941,No Me Pidas La Exclusiva,,Tango,Jorge Omar,Víctor,,Julio De Caro,Enrique Domingo Cadícamo,,36-42 Larger Orquesta,Oscar Napolitano,"Alfredo Sciarretta, Salvador Cilotta (Drums)","Martín Darré, Américo Figola, Luis Zinkes, Gregorio Pérez, Cándido Borrajo (Cornet)","Leo Schiffrin, Armando Gutiérrez, Carlos Taverna","Piano, Bass, 4 Bandoneons, 3 Violins, Drums, Cornet",39737,39201
Francisco Lomuto,Orquesta Francisco Lomuto,4/9/1941,Bajo Un Cielo De Estrellas,,Vals,Fernando Díaz,Víctor,,"Enrique Mario Francini, Héctor Luciano Stamponi",José María Contursi,,36-42 Larger Orquesta,Oscar Napolitano,"Alfredo Sciarretta, Salvador Cilotta (Drums)","Martín Darré, Américo Figola, Luis Zinkes, Gregorio Pérez, Cándido Borrajo (Cornet)","Leo Schiffrin, Armando Gutiérrez, Carlos Taverna","Piano, Bass, 4 Bandoneons, 3 Violins, Drums, Cornet",39850,39263
Francisco Lomuto,Orquesta Francisco Lomuto,4/9/1941,Qué Linda Es la Vida,,Tango,Jorge Omar,Víctor,,Lucio Demare,Alfredo Navarrine,,36-42 Larger Orquesta,Oscar Napolitano,"Alfredo Sciarretta, Salvador Cilotta (Drums)","Martín Darré, Américo Figola, Luis Zinkes, Gregorio Pérez, Cándido Borrajo (Cornet)","Leo Schiffrin, Armando Gutiérrez, Carlos Taverna","Piano, Bass, 4 Bandoneons, 3 Violins, Drums, Cornet",39851,39263
Francisco Lomuto,Orquesta Francisco Lomuto,5/5/1941,Sin el Pan y Sin la Torta,,Vals,Fernando Díaz,Víctor,,Héctor Antonio Lomuto,Héctor Antonio Lomuto,,36-42 Larger Orquesta,Oscar Napolitano,"Alfredo Sciarretta, Salvador Cilotta (Drums)","Martín Darré, Américo Figola, Luis Zinkes, Gregorio Pérez, Cándido Borrajo (Cornet)","Leo Schiffrin, Armando Gutiérrez, Carlos Taverna","Piano, Bass, 4 Bandoneons, 3 Violins, Drums, Cornet",39867,39284
Francisco Lomuto,Orquesta Francisco Lomuto,5/15/1941,Galleguita,,Tango,Fernando Díaz,Víctor,,Horacio Pettorossi,Alfredo Navarrine,,36-42 Larger Orquesta,Oscar Napolitano,"Alfredo Sciarretta, Salvador Cilotta (Drums)","Martín Darré, Américo Figola, Luis Zinkes, Gregorio Pérez, Cándido Borrajo (Cornet)","Leo Schiffrin, Armando Gutiérrez, Carlos Taverna","Piano, Bass, 4 Bandoneons, 3 Violins, Drums, Cornet",39883,39292
Francisco Lomuto,Orquesta Francisco Lomuto,6/23/1941,La Gayola,La Cárcel,Tango,Fernando Díaz,Víctor,,Rafael Eulogio Tuegols,Armando José María Tagini,,36-42 Larger Orquesta,Oscar Napolitano,"Alfredo Sciarretta, Salvador Cilotta (Drums)","Martín Darré, Américo Figola, Luis Zinkes, Gregorio Pérez, Cándido Borrajo (Cornet)","Leo Schiffrin, Armando Gutiérrez, Carlos Taverna","Piano, Bass, 4 Bandoneons, 3 Violins, Drums, Cornet",59529,39321
Francisco Lomuto,Orquesta Francisco Lomuto,6/27/1941,Buenos Aires,,Tango,Jorge Omar,Víctor,,Manuel Jovés,Manuel Romero,,36-42 Larger Orquesta,Oscar Napolitano,"Alfredo Sciarretta, Salvador Cilotta (Drums)","Martín Darré, Américo Figola, Luis Zinkes, Gregorio Pérez, Cándido Borrajo (Cornet)","Leo Schiffrin, Armando Gutiérrez, Carlos Taverna","Piano, Bass, 4 Bandoneons, 3 Violins, Drums, Cornet",59537,39329
Francisco Lomuto,Orquesta Francisco Lomuto,6/27/1941,Parque Patricios,,Milonga,Fernando Díaz,Víctor,,"Antonio Radicci, Francisco Laino","Antonio Radicci, Francisco Laino",,36-42 Larger Orquesta,Oscar Napolitano,"Alfredo Sciarretta, Salvador Cilotta (Drums)","Martín Darré, Américo Figola, Luis Zinkes, Gregorio Pérez, Cándido Borrajo (Cornet)","Leo Schiffrin, Armando Gutiérrez, Carlos Taverna","Piano, Bass, 4 Bandoneons, 3 Violins, Drums, Cornet",59538,39329
Francisco Lomuto,Orquesta Francisco Lomuto,7/28/1941,Copa de Ajenjo,,Tango,Fernando Díaz,Víctor,,Juan Canaro,Carlos Pesce,,36-42 Larger Orquesta,Oscar Napolitano,"Alfredo Sciarretta, Salvador Cilotta (Drums)","Martín Darré, Américo Figola, Luis Zinkes, Gregorio Pérez, Cándido Borrajo (Cornet)","Leo Schiffrin, Armando Gutiérrez, Carlos Taverna","Piano, Bass, 4 Bandoneons, 3 Violins, Drums, Cornet",59590,39360
Francisco Lomuto,Orquesta Francisco Lomuto,7/28/1941,Zorro Gris,,Tango,Instrumental,Víctor,,Rafael Eulogio Tuegols,Francisco García Jiménez,,36-42 Larger Orquesta,Oscar Napolitano,"Alfredo Sciarretta, Salvador Cilotta (Drums)","Martín Darré, Américo Figola, Luis Zinkes, Gregorio Pérez, Cándido Borrajo (Cornet)","Leo Schiffrin, Armando Gutiérrez, Carlos Taverna","Piano, Bass, 4 Bandoneons, 3 Violins, Drums, Cornet",59589,39360
Francisco Lomuto,Orquesta Francisco Lomuto,8/8/1941,Cuando Llora La Milonga,,Tango,Instrumental,Víctor,,Oscar Juan de Dios Filiberti,María Luisa Carnelli,,36-42 Larger Orquesta,Oscar Napolitano,"Alfredo Sciarretta, Salvador Cilotta (Drums)","Martín Darré, Américo Figola, Luis Zinkes, Gregorio Pérez, Cándido Borrajo (Cornet)","Leo Schiffrin, Armando Gutiérrez, Carlos Taverna","Piano, Bass, 4 Bandoneons, 3 Violins, Drums, Cornet",BAVE-059698,Victor (Argentina) 39374
Francisco Lomuto,Orquesta Francisco Lomuto,8/8/1941,Recuerdo,,Tango,Instrumental,Víctor,,Osvaldo Pedro Pugliese,Eduardo Moreno,,36-42 Larger Orquesta,Oscar Napolitano,"Alfredo Sciarretta, Salvador Cilotta (Drums)","Martín Darré, Américo Figola, Luis Zinkes, Gregorio Pérez, Cándido Borrajo (Cornet)","Leo Schiffrin, Armando Gutiérrez, Carlos Taverna","Piano, Bass, 4 Bandoneons, 3 Violins, Drums, Cornet",BAVE-059699,Victor (Argentina) 39374
Francisco Lomuto,Orquesta Francisco Lomuto,8/13/1941,Besos de Mujer,,Tango,Jorge Omar,Víctor,,Horacio Antonio Castellanos Alves,Horacio Antonio Castellanos Alves,,36-42 Larger Orquesta,Oscar Napolitano,"Alfredo Sciarretta, Salvador Cilotta (Drums)","Martín Darré, Américo Figola, Luis Zinkes, Gregorio Pérez, Cándido Borrajo (Cornet)","Leo Schiffrin, Armando Gutiérrez, Carlos Taverna","Piano, Bass, 4 Bandoneons, 3 Violins, Drums, Cornet",59709,39416
Francisco Lomuto,Orquesta Francisco Lomuto,8/13/1941,Como Abrazado A Un Rencor,,Tango,Fernando Díaz,Víctor,,Rafael Rossi,Antonio M. Podestá,,36-42 Larger Orquesta,Oscar Napolitano,"Alfredo Sciarretta, Salvador Cilotta (Drums)","Martín Darré, Américo Figola, Luis Zinkes, Gregorio Pérez, Cándido Borrajo (Cornet)","Leo Schiffrin, Armando Gutiérrez, Carlos Taverna","Piano, Bass, 4 Bandoneons, 3 Violins, Drums, Cornet",59708,39416
Francisco Lomuto,Orquesta Francisco Lomuto,10/30/1941,El Anzuelo,,Vals,Fernando Díaz y Jorge Omar,Víctor,,Francisco Juan Lomuto,Francisco Juan Lomuto,,36-42 Larger Orquesta,Oscar Napolitano,"Alfredo Sciarretta, Salvador Cilotta (Drums)","Martín Darré, Américo Figola, Luis Zinkes, Gregorio Pérez, Cándido Borrajo (Cornet)","Leo Schiffrin, Armando Gutiérrez, Carlos Taverna","Piano, Bass, 4 Bandoneons, 3 Violins, Drums, Cornet",59851,39456
Francisco Lomuto,Orquesta Francisco Lomuto,10/30/1941,No Tengo Más que un Amor,,Tango,Fernando Díaz,Víctor,,Francisco Juan Lomuto,Manuel Andrés Meaños,,36-42 Larger Orquesta,Oscar Napolitano,"Alfredo Sciarretta, Salvador Cilotta (Drums)","Martín Darré, Américo Figola, Luis Zinkes, Gregorio Pérez, Cándido Borrajo (Cornet)","Leo Schiffrin, Armando Gutiérrez, Carlos Taverna","Piano, Bass, 4 Bandoneons, 3 Violins, Drums, Cornet",59852,39454
Francisco Lomuto,Orquesta Francisco Lomuto,11/6/1941,Loco Torbellino,,Tango,Jorge Omar,Víctor,,Emilio Barbato,Homero Aldo Expósito,,36-42 Larger Orquesta,Oscar Napolitano,"Alfredo Sciarretta, Salvador Cilotta (Drums)","Martín Darré, Américo Figola, Luis Zinkes, Gregorio Pérez, Cándido Borrajo (Cornet)","Leo Schiffrin, Armando Gutiérrez, Carlos Taverna","Piano, Bass, 4 Bandoneons, 3 Violins, Drums, Cornet",59865,39456
Francisco Lomuto,Orquesta Francisco Lomuto,11/6/1941,Quimera,,Vals,Jorge Omar,Víctor,,Rodolfo Pascual Sciammarella,Rodolfo Pascual Sciammarella,,36-42 Larger Orquesta,Oscar Napolitano,"Alfredo Sciarretta, Salvador Cilotta (Drums)","Martín Darré, Américo Figola, Luis Zinkes, Gregorio Pérez, Cándido Borrajo (Cornet)","Leo Schiffrin, Armando Gutiérrez, Carlos Taverna","Piano, Bass, 4 Bandoneons, 3 Violins, Drums, Cornet",59863,39509
Francisco Lomuto,Orquesta Francisco Lomuto,1/2/1942,Criolla Linda,,Tango,Instrumental,Víctor,,"Vicente Gorrese, Bernardo Germino",Luis Rubistein,,36-42 Larger Orquesta,Oscar Napolitano,"Alfredo Sciarretta, Salvador Cilotta (Drums)","Martín Darré, Américo Figola, Luis Zinkes, Gregorio Pérez, Cándido Borrajo (Cornet)","Leo Schiffrin, Armando Gutiérrez, Carlos Taverna","Piano, Bass, 4 Bandoneons, 3 Violins, Drums, Cornet",59973,39506
Francisco Lomuto,Orquesta Francisco Lomuto,1/2/1942,Demasiado Tarde,,Tango,Fernando Díaz,Víctor,,Francisco Tróppoli,Agustín Horacio Delamónica,,36-42 Larger Orquesta,Oscar Napolitano,"Alfredo Sciarretta, Salvador Cilotta (Drums)","Martín Darré, Américo Figola, Luis Zinkes, Gregorio Pérez, Cándido Borrajo (Cornet)","Leo Schiffrin, Armando Gutiérrez, Carlos Taverna","Piano, Bass, 4 Bandoneons, 3 Violins, Drums, Cornet",59974,39501
Francisco Lomuto,Orquesta Francisco Lomuto,1/9/1942,Bajo el Cielo Azul,,Vals,Fernando Díaz,Víctor,,Francisco Canaro,Guillermo Juan Robustiano Pichot,,36-42 Larger Orquesta,Oscar Napolitano,"Alfredo Sciarretta, Salvador Cilotta (Drums)","Martín Darré, Américo Figola, Luis Zinkes, Gregorio Pérez, Cándido Borrajo (Cornet)","Leo Schiffrin, Armando Gutiérrez, Carlos Taverna","Piano, Bass, 4 Bandoneons, 3 Violins, Drums, Cornet",59991,39511
Francisco Lomuto,Orquesta Francisco Lomuto,1/9/1942,Candombe Criollo,,Milonga,Fernando Díaz y Jorge Omar,Víctor,,Francisco Juan Lomuto,Francisco Juan Lomuto,,36-42 Larger Orquesta,Oscar Napolitano,"Alfredo Sciarretta, Salvador Cilotta (Drums)","Martín Darré, Américo Figola, Luis Zinkes, Gregorio Pérez, Cándido Borrajo (Cornet)","Leo Schiffrin, Armando Gutiérrez, Carlos Taverna","Piano, Bass, 4 Bandoneons, 3 Violins, Drums, Cornet",59992,39506
Francisco Lomuto,Orquesta Francisco Lomuto,4/15/1942,Rosas Negras,,Vals,Fernando Díaz,Víctor,,Severo Vietri,Alfredo Navarrine,,36-42 Larger Orquesta,Oscar Napolitano,"Alfredo Sciarretta, Salvador Cilotta (Drums)","Martín Darré, Américo Figola, Luis Zinkes, Gregorio Pérez, Cándido Borrajo (Cornet)","Leo Schiffrin, Armando Gutiérrez, Carlos Taverna","Piano, Bass, 4 Bandoneons, 3 Violins, Drums, Cornet",60659,39578
Francisco Lomuto,Orquesta Francisco Lomuto,4/15/1942,Sentimiento Gaucho,,Tango,Instrumental,Víctor,,"Francisco Canaro, Rafael Canaro",Juan Andrés Caruso,,36-42 Larger Orquesta,Oscar Napolitano,"Alfredo Sciarretta, Salvador Cilotta (Drums)","Martín Darré, Américo Figola, Luis Zinkes, Gregorio Pérez, Cándido Borrajo (Cornet)","Leo Schiffrin, Armando Gutiérrez, Carlos Taverna","Piano, Bass, 4 Bandoneons, 3 Violins, Drums, Cornet",60658,39578
Francisco Lomuto,Orquesta Francisco Lomuto,5/5/1942,Adiós Muchachos,,Tango,Jorge Omar,Víctor,,Julio César Sanders,"César Vedani, Carol Raven",,36-42 Larger Orquesta,Oscar Napolitano,"Alfredo Sciarretta, Salvador Cilotta (Drums)","Martín Darré, Américo Figola, Luis Zinkes, Gregorio Pérez, Cándido Borrajo (Cornet)","Leo Schiffrin, Armando Gutiérrez, Carlos Taverna","Piano, Bass, 4 Bandoneons, 3 Violins, Drums, Cornet",60699,39598
Francisco Lomuto,Orquesta Francisco Lomuto,5/5/1942,Ya No Cantás Chingolo,Chingolito,Tango,Fernando Díaz y Jorge Omar,Víctor,,Antonio Scatasso,Edmundo Bianchi,,36-42 Larger Orquesta,Oscar Napolitano,"Alfredo Sciarretta, Salvador Cilotta (Drums)","Martín Darré, Américo Figola, Luis Zinkes, Gregorio Pérez, Cándido Borrajo (Cornet)","Leo Schiffrin, Armando Gutiérrez, Carlos Taverna","Piano, Bass, 4 Bandoneons, 3 Violins, Drums, Cornet",60700,39598
Francisco Lomuto,Orquesta Francisco Lomuto,6/17/1942,El Chino Pantaleón,,Milonga,Fernando Díaz,Víctor,,Francisco Canaro,Francisco Canaro,,36-42 Larger Orquesta,Oscar Napolitano,"Alfredo Sciarretta, Salvador Cilotta (Drums)","Martín Darré, Américo Figola, Luis Zinkes, Gregorio Pérez, Cándido Borrajo (Cornet)","Leo Schiffrin, Armando Gutiérrez, Carlos Taverna","Piano, Bass, 4 Bandoneons, 3 Violins, Drums, Cornet",60766,39639
Francisco Lomuto,Orquesta Francisco Lomuto,6/17/1942,Los Ojos Más Lindos,,Tango,Jorge Omar,Víctor,,Francisco Canaro,Francisco Canaro,,36-42 Larger Orquesta,Oscar Napolitano,"Alfredo Sciarretta, Salvador Cilotta (Drums)","Martín Darré, Américo Figola, Luis Zinkes, Gregorio Pérez, Cándido Borrajo (Cornet)","Leo Schiffrin, Armando Gutiérrez, Carlos Taverna","Piano, Bass, 4 Bandoneons, 3 Violins, Drums, Cornet",60765,39639
Francisco Lomuto,Orquesta Francisco Lomuto,7/24/1942,Ahora que Estamos Solos,,Vals,Fernando Díaz,Víctor,,Francisco Juan Lomuto,Guillermo Juan Robustiano Pichot,,36-42 Larger Orquesta,Oscar Napolitano,"Alfredo Sciarretta, Salvador Cilotta (Drums)","Martín Darré, Américo Figola, Luis Zinkes, Gregorio Pérez, Cándido Borrajo (Cornet)","Leo Schiffrin, Armando Gutiérrez, Carlos Taverna","Piano, Bass, 4 Bandoneons, 3 Violins, Drums, Cornet",69828,60-0024
Francisco Lomuto,Orquesta Francisco Lomuto,7/24/1942,Mi Reflexión,,Tango,Fernando Díaz,Víctor,,Francisco Juan Lomuto,Francisco Juan Lomuto,,36-42 Larger Orquesta,Oscar Napolitano,"Alfredo Sciarretta, Salvador Cilotta (Drums)","Martín Darré, Américo Figola, Luis Zinkes, Gregorio Pérez, Cándido Borrajo (Cornet)","Leo Schiffrin, Armando Gutiérrez, Carlos Taverna","Piano, Bass, 4 Bandoneons, 3 Violins, Drums, Cornet",69829,39703
Francisco Lomuto,Orquesta Francisco Lomuto,7/31/1942,Cofre de Mis Recuerdos,,Vals,Jorge Omar,Víctor,,Francisco Juan Lomuto,Guillermo Juan Robustiano Pichot,,36-42 Larger Orquesta,Oscar Napolitano,"Alfredo Sciarretta, Salvador Cilotta (Drums)","Martín Darré, Américo Figola, Luis Zinkes, Gregorio Pérez, Cándido Borrajo (Cornet)","Leo Schiffrin, Armando Gutiérrez, Carlos Taverna","Piano, Bass, 4 Bandoneons, 3 Violins, Drums, Cornet",69850,39703
Francisco Lomuto,Orquesta Francisco Lomuto,7/31/1942,Corazón No Llores Más,,Tango,Jorge Omar,Víctor,,Francisco Juan Lomuto,Guillermo Juan Robustiano Pichot,,36-42 Larger Orquesta,Oscar Napolitano,"Alfredo Sciarretta, Salvador Cilotta (Drums)","Martín Darré, Américo Figola, Luis Zinkes, Gregorio Pérez, Cándido Borrajo (Cornet)","Leo Schiffrin, Armando Gutiérrez, Carlos Taverna","Piano, Bass, 4 Bandoneons, 3 Violins, Drums, Cornet",69849,39683
Francisco Lomuto,Orquesta Francisco Lomuto,7/31/1942,Elvira Te Quiero,Elvira Te Quiero,Vals,Fernando Díaz,Víctor,,Rodolfo Pascual Sciammarella,Manuel Romero,,36-42 Larger Orquesta,Oscar Napolitano,"Alfredo Sciarretta, Salvador Cilotta (Drums)","Martín Darré, Américo Figola, Luis Zinkes, Gregorio Pérez, Cándido Borrajo (Cornet)","Leo Schiffrin, Armando Gutiérrez, Carlos Taverna","Piano, Bass, 4 Bandoneons, 3 Violins, Drums, Cornet",69848,39683
Francisco Lomuto,Orquesta Francisco Lomuto,8/25/1942,Amor que se Hace Llanto,,Tango,Fernando Díaz,Víctor,,José Tinelli,José María Contursi,,36-42 Larger Orquesta,Oscar Napolitano,"Alfredo Sciarretta, Salvador Cilotta (Drums)","Martín Darré, Américo Figola, Luis Zinkes, Gregorio Pérez, Cándido Borrajo (Cornet)","Leo Schiffrin, Armando Gutiérrez, Carlos Taverna","Piano, Bass, 4 Bandoneons, 3 Violins, Drums, Cornet",69892,39726
Francisco Lomuto,Orquesta Francisco Lomuto,8/25/1942,Dice una Canción,,Tango,Fernando Díaz,Víctor,,Francisco Juan Lomuto,Guillermo Juan Robustiano Pichot,,36-42 Larger Orquesta,Oscar Napolitano,"Alfredo Sciarretta, Salvador Cilotta (Drums)","Martín Darré, Américo Figola, Luis Zinkes, Gregorio Pérez, Cándido Borrajo (Cornet)","Leo Schiffrin, Armando Gutiérrez, Carlos Taverna","Piano, Bass, 4 Bandoneons, 3 Violins, Drums, Cornet",69890,60-0024
Francisco Lomuto,Orquesta Francisco Lomuto,8/25/1942,Qué Te Importa Que Te Llore,,Tango,Fernando Díaz,Víctor,,Osmar Héctor Maderna,Osmar Maderna,,36-42 Larger Orquesta,Oscar Napolitano,"Alfredo Sciarretta, Salvador Cilotta (Drums)","Martín Darré, Américo Figola, Luis Zinkes, Gregorio Pérez, Cándido Borrajo (Cornet)","Leo Schiffrin, Armando Gutiérrez, Carlos Taverna","Piano, Bass, 4 Bandoneons, 3 Violins, Drums, Cornet",69891,39726
Francisco Lomuto,Orquesta Francisco Lomuto,10/20/1942,Amigos de Ayer,,Tango,Fernando Díaz,Víctor,,Enrique Rodríguez,Enrique Domingo Cadícamo,,36-42 Larger Orquesta,Oscar Napolitano,"Alfredo Sciarretta, Salvador Cilotta (Drums)","Martín Darré, Américo Figola, Luis Zinkes, Gregorio Pérez, Cándido Borrajo (Cornet)","Leo Schiffrin, Armando Gutiérrez, Carlos Taverna","Piano, Bass, 4 Bandoneons, 3 Violins, Drums, Cornet",84015,39845
Francisco Lomuto,Orquesta Francisco Lomuto,10/20/1942,Amor Y Vals,,Vals,Jorge Omar,Víctor,,Rodolfo Biagi,Andrés Carlos Bahr,,36-42 Larger Orquesta,Oscar Napolitano,"Alfredo Sciarretta, Salvador Cilotta (Drums)","Martín Darré, Américo Figola, Luis Zinkes, Gregorio Pérez, Cándido Borrajo (Cornet)","Leo Schiffrin, Armando Gutiérrez, Carlos Taverna","Piano, Bass, 4 Bandoneons, 3 Violins, Drums, Cornet",84016,39764
Francisco Lomuto,Orquesta Francisco Lomuto,11/20/1942,Azabache,,Milonga,Fernando Díaz y Jorge Omar,Víctor,,"Enrique Mario Francini, Héctor Luciano Stamponi",Homero Aldo Expósito,,36-42 Larger Orquesta,Oscar Napolitano,"Alfredo Sciarretta, Salvador Cilotta (Drums)","Martín Darré, Américo Figola, Luis Zinkes, Gregorio Pérez, Cándido Borrajo (Cornet)","Leo Schiffrin, Armando Gutiérrez, Carlos Taverna","Piano, Bass, 4 Bandoneons, 3 Violins, Drums, Cornet",84065,39782
Francisco Lomuto,Orquesta Francisco Lomuto,12/9/1942,Cantando Se Van Las Penas,,Tango,Jorge Omar,Víctor,,Juan Canaro,Fermín Carballeda,,36-42 Larger Orquesta,Oscar Napolitano,"Alfredo Sciarretta, Salvador Cilotta (Drums)","Martín Darré, Américo Figola, Luis Zinkes, Gregorio Pérez, Cándido Borrajo (Cornet)","Leo Schiffrin, Armando Gutiérrez, Carlos Taverna","Piano, Bass, 4 Bandoneons, 3 Violins, Drums, Cornet",84197,39814
Francisco Lomuto,Orquesta Francisco Lomuto,12/9/1942,El Cantar de un Tango,,Tango,Fernando Díaz,Víctor,,Martín Vicente Darré,Martín Vicente Darré,,36-42 Larger Orquesta,Oscar Napolitano,"Alfredo Sciarretta, Salvador Cilotta (Drums)","Martín Darré, Américo Figola, Luis Zinkes, Gregorio Pérez, Cándido Borrajo (Cornet)","Leo Schiffrin, Armando Gutiérrez, Carlos Taverna","Piano, Bass, 4 Bandoneons, 3 Violins, Drums, Cornet",84198,39814
Francisco Lomuto,Orquesta Francisco Lomuto,1/28/1943,Ausencia Gris,,Tango,Jorge Omar,Víctor,,Roberto Higinio Nievas,Isaac Rosofsky,,43-50 Martín Piano,Ángel Martín,"El Turco Velázquez, Salvador Cilotta (Drums)","Martín Darré, Américo Figola, Luis Zinkes, Gregorio Pérez","Leo Schiffrin, Armando Gutiérrez, Carlos Taverna, Luis Apicella","Piano, Bass, 4 Bandoneons, 4 Violins, Drums",84237,39836
Francisco Lomuto,Orquesta Francisco Lomuto,1/28/1943,Catalina,,Vals,Fernando Díaz,Víctor,,"Rafael León Arias de Saavedra, Miquel Manuel López Quiroga","Rafael León Arias de Saavedra, Miquel Manuel López Quiroga",,43-50 Martín Piano,Ángel Martín,"El Turco Velázquez, Salvador Cilotta (Drums)","Martín Darré, Américo Figola, Luis Zinkes, Gregorio Pérez","Leo Schiffrin, Armando Gutiérrez, Carlos Taverna, Luis Apicella","Piano, Bass, 4 Bandoneons, 4 Violins, Drums",84236,39836
Francisco Lomuto,Orquesta Francisco Lomuto,5/15/1943,Catamarca,,Tango,Instrumental,Víctor,,Eduardo Arolas,Jesús Fernández Blanco,,43-50 Martín Piano,Ángel Martín,"El Turco Velázquez, Salvador Cilotta (Drums)","Martín Darré, Américo Figola, Luis Zinkes, Gregorio Pérez, Carmelo Águila (Clarinet), Cándido Borrajo (Clarinet)","Leo Schiffrin, Armando Gutiérrez, Carlos Taverna, Raiter","Piano, Bass, 4 Bandoneons, 4 Violins, Drums, 2 Clarinet",84343,60-0075
Francisco Lomuto,Orquesta Francisco Lomuto,5/15/1943,El Niño Jacinto,,Milonga,Alberto Rivera y Carlos Galarce,Víctor,,"Atilio Luis Juan Bruni, Oscar Rubistein",Vicente Planells del Campo,,43-50 Martín Piano,Ángel Martín,"El Turco Velázquez, Salvador Cilotta (Drums)","Martín Darré, Américo Figola, Luis Zinkes, Gregorio Pérez, Carmelo Águila (Clarinet), Cándido Borrajo (Clarinet)","Leo Schiffrin, Armando Gutiérrez, Carlos Taverna, Raiter","Piano, Bass, 4 Bandoneons, 4 Violins, Drums, 2 Clarinet",84341,60-0075
Francisco Lomuto,Orquesta Francisco Lomuto,5/15/1943,Lo Han Visto Con Otra,,Tango,Carlos Galarce,Víctor,,Horacio G. Pettorossi,Horacio G. Pettorossi,,43-50 Martín Piano,Ángel Martín,"El Turco Velázquez, Salvador Cilotta (Drums)","Martín Darré, Américo Figola, Luis Zinkes, Gregorio Pérez, Carmelo Águila (Clarinet), Cándido Borrajo (Clarinet)","Leo Schiffrin, Armando Gutiérrez, Carlos Taverna, Raiter","Piano, Bass, 4 Bandoneons, 4 Violins, Drums, 2 Clarinet",84340,60-0069
Francisco Lomuto,Orquesta Francisco Lomuto,6/8/1943,Ya Sé Que Siguen Hablando,,Tango,Alberto Rivera,Víctor,,Héctor Eloy Eguía,Augusto Arturo Martini,,43-50 Martín Piano,Ángel Martín,"El Turco Velázquez, Salvador Cilotta (Drums)","Martín Darré, Américo Figola, Luis Zinkes, Gregorio Pérez, Carmelo Águila (Clarinet), Cándido Borrajo (Clarinet)","Leo Schiffrin, Armando Gutiérrez, Carlos Taverna, Raiter","Piano, Bass, 4 Bandoneons, 4 Violins, Drums, 2 Clarinet",84498,60-0101
Francisco Lomuto,Orquesta Francisco Lomuto,6/21/1943,Candombe,,Milonga,Carlos Galarce,Víctor,,Francisco Canaro,Francisco Canaro,,43-50 Martín Piano,Ángel Martín,"El Turco Velázquez, Salvador Cilotta (Drums)","Martín Darré, Américo Figola, Luis Zinkes, Gregorio Pérez, Carmelo Águila (Clarinet), Cándido Borrajo (Clarinet)","Leo Schiffrin, Armando Gutiérrez, Carlos Taverna, Raiter","Piano, Bass, 4 Bandoneons, 4 Violins, Drums, 2 Clarinet",77012,60-0129
Francisco Lomuto,Orquesta Francisco Lomuto,6/21/1943,Corazón que Me Has Herido,,Tango,Alberto Rivera,Víctor,,Enrique Maciel,Carmelo Volpe,,43-50 Martín Piano,Ángel Martín,"El Turco Velázquez, Salvador Cilotta (Drums)","Martín Darré, Américo Figola, Luis Zinkes, Gregorio Pérez, Carmelo Águila (Clarinet), Cándido Borrajo (Clarinet)","Leo Schiffrin, Armando Gutiérrez, Carlos Taverna, Raiter","Piano, Bass, 4 Bandoneons, 4 Violins, Drums, 2 Clarinet",77013,60-0129
Francisco Lomuto,Orquesta Francisco Lomuto,6/29/1943,Ojos Verdes,,Vals,Alberto Rivera,Víctor,,"Manuel Quiroga, Valerio","Rafael de León, Salvador Valverde Calvo",,43-50 Martín Piano,Ángel Martín,"El Turco Velázquez, Salvador Cilotta (Drums)","Martín Darré, Américo Figola, Luis Zinkes, Gregorio Pérez, Carmelo Águila (Clarinet), Cándido Borrajo (Clarinet)","Leo Schiffrin, Armando Gutiérrez, Carlos Taverna, Raiter","Piano, Bass, 4 Bandoneons, 4 Violins, Drums, 2 Clarinet",77035,60-0141
Francisco Lomuto,Orquesta Francisco Lomuto,6/29/1943,Un Silbido en la Noche,,Tango,Carlos Galarce,Víctor,,Pedro Sassone,José Sassone,,43-50 Martín Piano,Ángel Martín,"El Turco Velázquez, Salvador Cilotta (Drums)","Martín Darré, Américo Figola, Luis Zinkes, Gregorio Pérez, Carmelo Águila (Clarinet), Cándido Borrajo (Clarinet)","Leo Schiffrin, Armando Gutiérrez, Carlos Taverna, Raiter","Piano, Bass, 4 Bandoneons, 4 Violins, Drums, 2 Clarinet",77036,60-0141
Francisco Lomuto,Orquesta Francisco Lomuto,7/28/1943,Montañita,,Vals,Carlos Galarce,Víctor,,Luis Milici,Manuel López Montemar,,43-50 Martín Piano,Ángel Martín,"El Turco Velázquez, Salvador Cilotta (Drums)","Martín Darré, Américo Figola, Luis Zinkes, Gregorio Pérez, Carmelo Águila (Clarinet), Cándido Borrajo (Clarinet)","Leo Schiffrin, Armando Gutiérrez, Carlos Taverna, Raiter","Piano, Bass, 4 Bandoneons, 4 Violins, Drums, 2 Clarinet",77096,60-0174
Francisco Lomuto,Orquesta Francisco Lomuto,7/28/1943,Muchachita Rosarina,,Tango,Carlos Galarce,Víctor,,Alejandro Schneider,Norberto Blesio; Alex Schneider,,43-50 Martín Piano,Ángel Martín,"El Turco Velázquez, Salvador Cilotta (Drums)","Martín Darré, Américo Figola, Luis Zinkes, Gregorio Pérez, Carmelo Águila (Clarinet), Cándido Borrajo (Clarinet)","Leo Schiffrin, Armando Gutiérrez, Carlos Taverna, Raiter","Piano, Bass, 4 Bandoneons, 4 Violins, Drums, 2 Clarinet",D4XB-0029,Victor (Argentina) 60-0176
Francisco Lomuto,Orquesta Francisco Lomuto,7/28/1943,Rosario Volveré,,Tango,Alberto Rivera,Víctor,,Santiago A. Grande Castelli,Carlos María González Day,,43-50 Martín Piano,Ángel Martín,"El Turco Velázquez, Salvador Cilotta (Drums)","Martín Darré, Américo Figola, Luis Zinkes, Gregorio Pérez, Carmelo Águila (Clarinet), Cándido Borrajo (Clarinet)","Leo Schiffrin, Armando Gutiérrez, Carlos Taverna, Raiter","Piano, Bass, 4 Bandoneons, 4 Violins, Drums, 2 Clarinet",77093,60-0174
Francisco Lomuto,Orquesta Francisco Lomuto,7/28/1943,Por el Rosedal,,Vals,Alberto Rivera,Víctor,,Francisco Copelli,Francisco Copelli,,43-50 Martín Piano,Ángel Martín,"El Turco Velázquez, Salvador Cilotta (Drums)","Martín Darré, Américo Figola, Luis Zinkes, Gregorio Pérez, Carmelo Águila (Clarinet), Cándido Borrajo (Clarinet)","Leo Schiffrin, Armando Gutiérrez, Carlos Taverna, Raiter","Piano, Bass, 4 Bandoneons, 4 Violins, Drums, 2 Clarinet",77095,60-0175
Francisco Lomuto,Orquesta Francisco Lomuto,10/29/1943,Llegó el Amor,,Tango,Alberto Rivera,Víctor,,Gregorio Pérez Torrado,Oscar Rubistein,,43-50 Martín Piano,Ángel Martín,"El Turco Velázquez, Salvador Cilotta (Drums)","Martín Darré, Américo Figola, Luis Zinkes, Gregorio Pérez, Carmelo Águila (Clarinet), Cándido Borrajo (Clarinet)","Leo Schiffrin, Armando Gutiérrez, Carlos Taverna, Raiter","Piano, Bass, 4 Bandoneons, 4 Violins, Drums, 2 Clarinet",77338,60-0303
Francisco Lomuto,Orquesta Francisco Lomuto,11/9/1943,Romance en la Noche,,Vals,Alberto Rivera,Víctor,,Martín Vicente Darré,Julio Albano,,43-50 Martín Piano,Ángel Martín,"El Turco Velázquez, Salvador Cilotta (Drums)","Martín Darré, Américo Figola, Luis Zinkes, Gregorio Pérez, Carmelo Águila (Clarinet), Cándido Borrajo (Clarinet)","Leo Schiffrin, Armando Gutiérrez, Carlos Taverna, Raiter","Piano, Bass, 4 Bandoneons, 4 Violins, Drums, 2 Clarinet",77364,60-0250
Francisco Lomuto,Orquesta Francisco Lomuto,11/9/1943,Sombras Nada Más,,Tango,Alberto Rivera,Víctor,,Francisco Juan Lomuto,José María Contursi,,43-50 Martín Piano,Ángel Martín,"El Turco Velázquez, Salvador Cilotta (Drums)","Martín Darré, Américo Figola, Luis Zinkes, Gregorio Pérez, Carmelo Águila (Clarinet), Cándido Borrajo (Clarinet)","Leo Schiffrin, Armando Gutiérrez, Carlos Taverna, Raiter","Piano, Bass, 4 Bandoneons, 4 Violins, Drums, 2 Clarinet",77365,60-0250
Francisco Lomuto,Orquesta Francisco Lomuto,12/7/1943,Celos,Jalousie/jelousie/jolouise,Tango,Instrumental,Víctor,,Jacobo Gade,Adaptación Moreno,,43-50 Martín Piano,Ángel Martín,"El Turco Velázquez, Salvador Cilotta (Drums)","Martín Darré, Américo Figola, Luis Zinkes, Gregorio Pérez, Carmelo Águila (Clarinet), Cándido Borrajo (Clarinet)","Leo Schiffrin, Armando Gutiérrez, Carlos Taverna, Raiter","Piano, Bass, 4 Bandoneons, 4 Violins, Drums, 2 Clarinet",,
Francisco Lomuto,Orquesta Francisco Lomuto,5/11/1944,El Barco María,"El Barco ""maría""",Tango,Carlos Galarce,Víctor,,Miguel Ricetreacy,Horacio Sanguinetti,,43-50 Martín Piano,Ángel Martín,"El Turco Velázquez, Salvador Cilotta (Drums)","Martín Darré, Américo Figola, Luis Zinkes, Gregorio Pérez, Carmelo Águila (Clarinet), Cándido Borrajo (Clarinet)","Leo Schiffrin, Armando Gutiérrez, Carlos Taverna, Raiter","Piano, Bass, 4 Bandoneons, 4 Violins, Drums, 2 Clarinet",79683,60-0436
Francisco Lomuto,Orquesta Francisco Lomuto,5/11/1944,Un Vals,Se Fue,Vals,Carlos Galarce,Víctor,,Horacio Adolfo Salgán,Oscar Rubistein,,43-50 Martín Piano,Ángel Martín,"El Turco Velázquez, Salvador Cilotta (Drums)","Martín Darré, Américo Figola, Luis Zinkes, Gregorio Pérez, Carmelo Águila (Clarinet), Cándido Borrajo (Clarinet)","Leo Schiffrin, Armando Gutiérrez, Carlos Taverna, Raiter","Piano, Bass, 4 Bandoneons, 4 Violins, Drums, 2 Clarinet",79684,60-0436
Francisco Lomuto,Orquesta Francisco Lomuto,5/30/1944,Serenata,,Milonga,Carlos Galarce,Víctor,,Juan Polito,Luis Rubistein,,43-50 Martín Piano,Ángel Martín,"El Turco Velázquez, Salvador Cilotta (Drums)","Martín Darré, Américo Figola, Luis Zinkes, Gregorio Pérez, Carmelo Águila (Clarinet), Cándido Borrajo (Clarinet)","Leo Schiffrin, Armando Gutiérrez, Carlos Taverna, Raiter","Piano, Bass, 4 Bandoneons, 4 Violins, Drums, 2 Clarinet",79717,60-0450
Francisco Lomuto,Orquesta Francisco Lomuto,5/30/1944,Y Sonó el Despertador,,Tango,Alberto Rivera,Víctor,,Elisardo Martínez Vilas,Elisardo Martínez Vilas,,43-50 Martín Piano,Ángel Martín,"El Turco Velázquez, Salvador Cilotta (Drums)","Martín Darré, Américo Figola, Luis Zinkes, Gregorio Pérez, Carmelo Águila (Clarinet), Cándido Borrajo (Clarinet)","Leo Schiffrin, Armando Gutiérrez, Carlos Taverna, Raiter","Piano, Bass, 4 Bandoneons, 4 Violins, Drums, 2 Clarinet",79716,60-0450
Francisco Lomuto,Orquesta Francisco Lomuto,6/28/1944,Bésame Mi Amor,,Tango,Alberto Rivera,Víctor,,Enrique Blas Lomuto,Oscar Rubistein,,43-50 Martín Piano,Ángel Martín,"El Turco Velázquez, Salvador Cilotta (Drums)","Martín Darré, Américo Figola, Luis Zinkes, Gregorio Pérez, Carmelo Águila (Clarinet), Cándido Borrajo (Clarinet)","Leo Schiffrin, Armando Gutiérrez, Carlos Taverna, Raiter","Piano, Bass, 4 Bandoneons, 4 Violins, Drums, 2 Clarinet",70750,60-0477
Francisco Lomuto,Orquesta Francisco Lomuto,6/28/1944,Dos Corazones,,Vals,Alberto Rivera,Víctor,,Francisco Canaro,Guillermo Juan Robustiano Pichot,,43-50 Martín Piano,Ángel Martín,"El Turco Velázquez, Salvador Cilotta (Drums)","Martín Darré, Américo Figola, Luis Zinkes, Gregorio Pérez, Carmelo Águila (Clarinet), Cándido Borrajo (Clarinet)","Leo Schiffrin, Armando Gutiérrez, Carlos Taverna, Raiter","Piano, Bass, 4 Bandoneons, 4 Violins, Drums, 2 Clarinet",70749,60-0477
Francisco Lomuto,Orquesta Francisco Lomuto,8/11/1944,Mano A Mano,Viejo Bandoneón,Tango,Alberto Rivera,Víctor,,"Carlos Gardel, José Razzano",Celedonio Esteban Flores,,43-50 Martín Piano,Ángel Martín,"El Turco Velázquez, Salvador Cilotta (Drums)","Martín Darré, Américo Figola, Luis Zinkes, Gregorio Pérez, Carmelo Águila (Clarinet), Cándido Borrajo (Clarinet)","Leo Schiffrin, Armando Gutiérrez, Carlos Taverna, Raiter","Piano, Bass, 4 Bandoneons, 4 Violins, Drums, 2 Clarinet",79814,60-0516
Francisco Lomuto,Orquesta Francisco Lomuto,8/11/1944,Íntimas,,Tango,Carlos Galarce,Víctor,,Ricardo Luis Brignolo,Ricardo Luis Brignolo; Alfonso Lacueva,,43-50 Martín Piano,Ángel Martín,"El Turco Velázquez, Salvador Cilotta (Drums)","Martín Darré, Américo Figola, Luis Zinkes, Gregorio Pérez, Carmelo Águila (Clarinet), Cándido Borrajo (Clarinet)","Leo Schiffrin, Armando Gutiérrez, Carlos Taverna, Raiter","Piano, Bass, 4 Bandoneons, 4 Violins, Drums, 2 Clarinet",BAVE-079813,Victor (Argentina) 60-0516
Francisco Lomuto,Orquesta Francisco Lomuto,9/15/1944,Solamente Ella,,Tango,Alberto Rivera,Víctor,,Lucio Demare,Homero Nicolás Manzione Prestera,,43-50 Martín Piano,Ángel Martín,"El Turco Velázquez, Salvador Cilotta (Drums)","Martín Darré, Américo Figola, Luis Zinkes, Gregorio Pérez, Carmelo Águila (Clarinet), Cándido Borrajo (Clarinet)","Leo Schiffrin, Armando Gutiérrez, Carlos Taverna, Raiter","Piano, Bass, 4 Bandoneons, 4 Violins, Drums, 2 Clarinet",79855,60-0540
Francisco Lomuto,Orquesta Francisco Lomuto,9/15/1944,Mantelito Blanco,,Vals,Alberto Rivera,Víctor,,Nicanor Rencoret,Nicanor Rencoret,,43-50 Martín Piano,Ángel Martín,"El Turco Velázquez, Salvador Cilotta (Drums)","Martín Darré, Américo Figola, Luis Zinkes, Gregorio Pérez, Carmelo Águila (Clarinet), Cándido Borrajo (Clarinet)","Leo Schiffrin, Armando Gutiérrez, Carlos Taverna, Raiter","Piano, Bass, 4 Bandoneons, 4 Violins, Drums, 2 Clarinet",79854,60-0540
Francisco Lomuto,Orquesta Francisco Lomuto,10/4/1944,En el Fondo del Mar,,Vals,Alberto Rivera,Víctor,,Hipólito Basilio,Horacio Sanguinetti,,43-50 Martín Piano,Ángel Martín,"El Turco Velázquez, Salvador Cilotta (Drums)","Martín Darré, Américo Figola, Luis Zinkes, Gregorio Pérez, Carmelo Águila (Clarinet), Cándido Borrajo (Clarinet)","Leo Schiffrin, Armando Gutiérrez, Carlos Taverna, Raiter","Piano, Bass, 4 Bandoneons, 4 Violins, Drums, 2 Clarinet",79878,60-0552
Francisco Lomuto,Orquesta Francisco Lomuto,10/4/1944,Lisón,,Tango,Alberto Rivera,Víctor,,José Ranieri,Amleto Enrique Vergiati,,43-50 Martín Piano,Ángel Martín,"El Turco Velázquez, Salvador Cilotta (Drums)","Martín Darré, Américo Figola, Luis Zinkes, Gregorio Pérez, Carmelo Águila (Clarinet), Cándido Borrajo (Clarinet)","Leo Schiffrin, Armando Gutiérrez, Carlos Taverna, Raiter","Piano, Bass, 4 Bandoneons, 4 Violins, Drums, 2 Clarinet",79879,60-0552
Francisco Lomuto,Orquesta Francisco Lomuto,11/15/1944,Copas Amigas Y Besos,,Tango,Alberto Rivera,Víctor,,Mariano Martínez,José María Contursi,,43-50 Martín Piano,Ángel Martín,"El Turco Velázquez, Salvador Cilotta (Drums)","Martín Darré, Américo Figola, Luis Zinkes, Gregorio Pérez, Carmelo Águila (Clarinet), Cándido Borrajo (Clarinet)","Leo Schiffrin, Armando Gutiérrez, Carlos Taverna, Raiter","Piano, Bass, 4 Bandoneons, 4 Violins, Drums, 2 Clarinet",79936,60-0576
Francisco Lomuto,Orquesta Francisco Lomuto,11/15/1944,Soy Feliz,,Milonga,Alberto Rivera,Víctor,,José Dames,Horacio Sanguinetti,,43-50 Martín Piano,Ángel Martín,"El Turco Velázquez, Salvador Cilotta (Drums)","Martín Darré, Américo Figola, Luis Zinkes, Gregorio Pérez, Carmelo Águila (Clarinet), Cándido Borrajo (Clarinet)","Leo Schiffrin, Armando Gutiérrez, Carlos Taverna, Raiter","Piano, Bass, 4 Bandoneons, 4 Violins, Drums, 2 Clarinet",79935,60-0576
Francisco Lomuto,Orquesta Francisco Lomuto,12/13/1944,Desagravio,,Tango,Alberto Rivera,Víctor,,Francisco J. Lomuto,"Homero Nicolás Manzione Prestera, José María Contursi",,43-50 Martín Piano,Ángel Martín,"El Turco Velázquez, Salvador Cilotta (Drums)","Martín Darré, Américo Figola, Luis Zinkes, Gregorio Pérez, Carmelo Águila (Clarinet), Cándido Borrajo (Clarinet)","Leo Schiffrin, Armando Gutiérrez, Carlos Taverna, Raiter","Piano, Bass, 4 Bandoneons, 4 Violins, Drums, 2 Clarinet",BAVE-079978,Victor (Argentina) 60-0596
Francisco Lomuto,Orquesta Francisco Lomuto,12/13/1944,Jugando Jugando,,Vals,Carlos Galarce,Víctor,,Miguel Caló,"Oscar Rubistein, también Oscar Rubens",,43-50 Martín Piano,Ángel Martín,"El Turco Velázquez, Salvador Cilotta (Drums)","Martín Darré, Américo Figola, Luis Zinkes, Gregorio Pérez, Carmelo Águila (Clarinet), Cándido Borrajo (Clarinet)","Leo Schiffrin, Armando Gutiérrez, Carlos Taverna, Raiter","Piano, Bass, 4 Bandoneons, 4 Violins, Drums, 2 Clarinet",BAVE-079977,Victor (Argentina) 60-0596
Francisco Lomuto,Orquesta Francisco Lomuto,12/19/1944,Paloma,,Vals,Alberto Rivera,Víctor,,Juan José Guichandut,Horacio Sanguinetti,,43-50 Martín Piano,Ángel Martín,"El Turco Velázquez, Salvador Cilotta (Drums)","Martín Darré, Américo Figola, Luis Zinkes, Gregorio Pérez, Carmelo Águila (Clarinet), Cándido Borrajo (Clarinet)","Leo Schiffrin, Armando Gutiérrez, Carlos Taverna, Raiter","Piano, Bass, 4 Bandoneons, 4 Violins, Drums, 2 Clarinet",79988,60-0605
Francisco Lomuto,Orquesta Francisco Lomuto,12/19/1944,Si Dejaras De Quererme,,Tango,Alberto Rivera y Carlos Galarce,Víctor,,Francisco Juan Lomuto,Francisco Juan Lomuto,,43-50 Martín Piano,Ángel Martín,"El Turco Velázquez, Salvador Cilotta (Drums)","Martín Darré, Américo Figola, Luis Zinkes, Gregorio Pérez, Carmelo Águila (Clarinet), Cándido Borrajo (Clarinet)","Leo Schiffrin, Armando Gutiérrez, Carlos Taverna, Raiter","Piano, Bass, 4 Bandoneons, 4 Violins, Drums, 2 Clarinet",BAVE-079989,Victor (Argentina) 60-0605
Francisco Lomuto,Orquesta Francisco Lomuto,4/30/1945,De Igual a Igual,,Tango,Carlos Galarce,Víctor,,Rodolfo Pascual Sciammarella,Rodolfo Pascual Sciammarella,,43-50 Martín Piano,Ángel Martín,"El Turco Velázquez, Salvador Cilotta (Drums)","Martín Darré, Américo Figola, Luis Zinkes, Gregorio Pérez, Carmelo Águila (Clarinet), Cándido Borrajo (Clarinet)","Leo Schiffrin, Armando Gutiérrez, Carlos Taverna, Raiter","Piano, Bass, 4 Bandoneons, 4 Violins, Drums, 2 Clarinet",80624,60-0680
Francisco Lomuto,Orquesta Francisco Lomuto,4/30/1945,Nos Encontramos al Pasar,,Tango,Alberto Rivera,Víctor,,Israel Kaflun,José María Contursi,,43-50 Martín Piano,Ángel Martín,"El Turco Velázquez, Salvador Cilotta (Drums)","Martín Darré, Américo Figola, Luis Zinkes, Gregorio Pérez, Carmelo Águila (Clarinet), Cándido Borrajo (Clarinet)","Leo Schiffrin, Armando Gutiérrez, Carlos Taverna, Raiter","Piano, Bass, 4 Bandoneons, 4 Violins, Drums, 2 Clarinet",80625,60-0680
Francisco Lomuto,Orquesta Francisco Lomuto,5/28/1945,Dímelo Al Oído,,Tango,Alberto Rivera,Víctor,,Francisco Juan Lomuto,Francisco Juan Lomuto,,43-50 Martín Piano,Ángel Martín,"El Turco Velázquez, Salvador Cilotta (Drums)","Martín Darré, Américo Figola, Luis Zinkes, Gregorio Pérez, Carmelo Águila (Clarinet), Cándido Borrajo (Clarinet)","Leo Schiffrin, Armando Gutiérrez, Carlos Taverna, Raiter","Piano, Bass, 4 Bandoneons, 4 Violins, Drums, 2 Clarinet",80661,60-0697
Francisco Lomuto,Orquesta Francisco Lomuto,5/28/1945,Llorarás Llorarás,,Vals,Alberto Rivera,Víctor,,Hugo Gutiérrez,"Homero Nicolás Manzione Prestera, letra)",,43-50 Martín Piano,Ángel Martín,"El Turco Velázquez, Salvador Cilotta (Drums)","Martín Darré, Américo Figola, Luis Zinkes, Gregorio Pérez, Carmelo Águila (Clarinet), Cándido Borrajo (Clarinet)","Leo Schiffrin, Armando Gutiérrez, Carlos Taverna, Raiter","Piano, Bass, 4 Bandoneons, 4 Violins, Drums, 2 Clarinet",80660,60-0697
Francisco Lomuto,Orquesta Francisco Lomuto,6/26/1945,Diez Años Pasan,10 Años Pasan,Tango,Carlos Galarce,Víctor,,"José Razzano, Cátulo Castillo",Ovidio Catulo González Castillo,,43-50 Martín Piano,Ángel Martín,"El Turco Velázquez, Salvador Cilotta (Drums)","Martín Darré, Américo Figola, Luis Zinkes, Gregorio Pérez, Carmelo Águila (Clarinet), Cándido Borrajo (Clarinet)","Leo Schiffrin, Armando Gutiérrez, Carlos Taverna, Raiter","Piano, Bass, 4 Bandoneons, 4 Violins, Drums, 2 Clarinet",80702,60-0718
Francisco Lomuto,Orquesta Francisco Lomuto,6/26/1945,La Revoltosa,,Tango,Instrumental,Víctor,,Francisco Juan Lomuto,,,43-50 Martín Piano,Ángel Martín,"El Turco Velázquez, Salvador Cilotta (Drums)","Martín Darré, Américo Figola, Luis Zinkes, Gregorio Pérez, Carmelo Águila (Clarinet), Cándido Borrajo (Clarinet)","Leo Schiffrin, Armando Gutiérrez, Carlos Taverna, Raiter","Piano, Bass, 4 Bandoneons, 4 Violins, Drums, 2 Clarinet",BAVE-080703,Victor (Argentina) 60-0750
Francisco Lomuto,Orquesta Francisco Lomuto,6/26/1945,Rendido,,Tango,Carlos Galarce,Víctor,,Alfredo Orlando Cordisco,Abraham Israel Akerman,,43-50 Martín Piano,Ángel Martín,"El Turco Velázquez, Salvador Cilotta (Drums)","Martín Darré, Américo Figola, Luis Zinkes, Gregorio Pérez, Carmelo Águila (Clarinet), Cándido Borrajo (Clarinet)","Leo Schiffrin, Armando Gutiérrez, Carlos Taverna, Raiter","Piano, Bass, 4 Bandoneons, 4 Violins, Drums, 2 Clarinet",80701,60-0718
Francisco Lomuto,Orquesta Francisco Lomuto,8/8/1945,Aquí Me Pongo a Cantar,,Milonga,Alberto Rivera,Víctor,,Carlos Marcucci,Enrique Domingo Cadícamo,,43-50 Martín Piano,Ángel Martín,"El Turco Velázquez, Salvador Cilotta (Drums)","Martín Darré, Américo Figola, Luis Zinkes, Gregorio Pérez, Carmelo Águila (Clarinet), Cándido Borrajo (Clarinet)","Leo Schiffrin, Armando Gutiérrez, Carlos Taverna, Raiter","Piano, Bass, 4 Bandoneons, 4 Violins, Drums, 2 Clarinet",80760,60-0750
Francisco Lomuto,Orquesta Francisco Lomuto,8/8/1945,Mi Corazón Te Llama,,Tango,Carlos Galarce,Víctor,,Roberto Antonio Couto,Enrique Domingo Cadícamo,,43-50 Martín Piano,Ángel Martín,"El Turco Velázquez, Salvador Cilotta (Drums)","Martín Darré, Américo Figola, Luis Zinkes, Gregorio Pérez, Carmelo Águila (Clarinet), Cándido Borrajo (Clarinet)","Leo Schiffrin, Armando Gutiérrez, Carlos Taverna, Raiter","Piano, Bass, 4 Bandoneons, 4 Violins, Drums, 2 Clarinet",80759,60-0824
Francisco Lomuto,Orquesta Francisco Lomuto,10/24/1945,Adiós Pampa Mía,,Tango,Alberto Rivera,Víctor,,"Francisco Canaro, Mariano Martínez",Guillermo Juan Robustiano Pichot,,43-50 Martín Piano,Ángel Martín,"El Turco Velázquez, Salvador Cilotta (Drums)","Martín Darré, Américo Figola, Luis Zinkes, Gregorio Pérez, Carmelo Águila (Clarinet), Cándido Borrajo (Clarinet)","Leo Schiffrin, Armando Gutiérrez, Carlos Taverna, Raiter","Piano, Bass, 4 Bandoneons, 4 Violins, Drums, 2 Clarinet",80857,60-0800
Francisco Lomuto,Orquesta Francisco Lomuto,10/24/1945,Viernes de Pasión,,Tango,Alberto Rivera,Víctor,,José Vázquez Vigo,Francisco García Jiménez,,43-50 Martín Piano,Ángel Martín,"El Turco Velázquez, Salvador Cilotta (Drums)","Martín Darré, Américo Figola, Luis Zinkes, Gregorio Pérez, Carmelo Águila (Clarinet), Cándido Borrajo (Clarinet)","Leo Schiffrin, Armando Gutiérrez, Carlos Taverna, Raiter","Piano, Bass, 4 Bandoneons, 4 Violins, Drums, 2 Clarinet",80859,60-0800
Francisco Lomuto,Orquesta Francisco Lomuto,10/24/1945,Vivorita,Viborita,Tango,Instrumental,Víctor,,Eduardo Arolas,Gabriel Clausi,,43-50 Martín Piano,Ángel Martín,"El Turco Velázquez, Salvador Cilotta (Drums)","Martín Darré, Américo Figola, Luis Zinkes, Gregorio Pérez, Carmelo Águila (Clarinet), Cándido Borrajo (Clarinet)","Leo Schiffrin, Armando Gutiérrez, Carlos Taverna, Raiter","Piano, Bass, 4 Bandoneons, 4 Violins, Drums, 2 Clarinet",,
Francisco Lomuto,Orquesta Francisco Lomuto,11/21/1945,Mis Amigos De Ayer,,Tango,Carlos Galarce,Víctor,,Francisco Juan Lomuto,José María Contursi,,43-50 Martín Piano,Ángel Martín,"El Turco Velázquez, Salvador Cilotta (Drums)","Martín Darré, Américo Figola, Luis Zinkes, Gregorio Pérez, Carmelo Águila (Clarinet), Cándido Borrajo (Clarinet)","Leo Schiffrin, Armando Gutiérrez, Carlos Taverna, Raiter","Piano, Bass, 4 Bandoneons, 4 Violins, Drums, 2 Clarinet",BAVE-080906,Victor (Argentina) 60-0868
Francisco Lomuto,Orquesta Francisco Lomuto,11/21/1945,Niebla,,Tango,Alberto Rivera,Víctor,,"Francisco Canaro, Mariano Martínez",Guillermo Juan Robustiano Pichot,,43-50 Martín Piano,Ángel Martín,"El Turco Velázquez, Salvador Cilotta (Drums)","Martín Darré, Américo Figola, Luis Zinkes, Gregorio Pérez, Carmelo Águila (Clarinet), Cándido Borrajo (Clarinet)","Leo Schiffrin, Armando Gutiérrez, Carlos Taverna, Raiter","Piano, Bass, 4 Bandoneons, 4 Violins, Drums, 2 Clarinet",80905,60-0846
Francisco Lomuto,Orquesta Francisco Lomuto,12/17/1945,Me Llaman el Solitario,,Tango,Alberto Rivera,Víctor,,Francisco Juan Lomuto,Enrique Domingo Cadícamo,,43-50 Martín Piano,Ángel Martín,"El Turco Velázquez, Salvador Cilotta (Drums)","Martín Darré, Américo Figola, Luis Zinkes, Gregorio Pérez, Carmelo Águila (Clarinet), Cándido Borrajo (Clarinet)","Leo Schiffrin, Armando Gutiérrez, Carlos Taverna, Raiter","Piano, Bass, 4 Bandoneons, 4 Violins, Drums, 2 Clarinet",BAVE-080932,Victor (Argentina) 60-0868
Francisco Lomuto,Orquesta Francisco Lomuto,12/17/1945,Tres Seis Diez,,Tango,Carlos Galarce,Víctor,,"José Razzano, Cátulo Castillo",Ovidio Catulo González Castillo,,43-50 Martín Piano,Ángel Martín,"El Turco Velázquez, Salvador Cilotta (Drums)","Martín Darré, Américo Figola, Luis Zinkes, Gregorio Pérez, Carmelo Águila (Clarinet), Cándido Borrajo (Clarinet)","Leo Schiffrin, Armando Gutiérrez, Carlos Taverna, Raiter","Piano, Bass, 4 Bandoneons, 4 Violins, Drums, 2 Clarinet",80931,60-0846
Francisco Lomuto,Orquesta Francisco Lomuto,8/22/1946,Para que Lo Oigan,,Milonga,Alberto Rivera,Víctor,,Miguel Eusebio Bucino,Miguel Eusebio Bucino,,43-50 Martín Piano,Ángel Martín,"El Turco Velázquez, Salvador Cilotta (Drums)","Martín Darré, Américo Figola, Luis Zinkes, Gregorio Pérez, Carmelo Águila (Clarinet), Cándido Borrajo (Clarinet)","Leo Schiffrin, Armando Gutiérrez, Carlos Taverna, Raiter","Piano, Bass, 4 Bandoneons, 4 Violins, Drums, 2 Clarinet",82295,60-1026
Francisco Lomuto,Orquesta Francisco Lomuto,8/22/1946,Con Mi Perro,,Milonga,Alberto Rivera,Víctor,,Aníbal Carmelo Troilo,José María Contursi,,43-50 Martín Piano,Ángel Martín,"El Turco Velázquez, Salvador Cilotta (Drums)","Martín Darré, Américo Figola, Luis Zinkes, Gregorio Pérez, Carmelo Águila (Clarinet), Cándido Borrajo (Clarinet)","Leo Schiffrin, Armando Gutiérrez, Carlos Taverna, Raiter","Piano, Bass, 4 Bandoneons, 4 Violins, Drums, 2 Clarinet",BAVE-082297,Victor (Argentina) 60-1025
Francisco Lomuto,Orquesta Francisco Lomuto,8/22/1946,Mi Moro,,Tango,Alberto Rivera y Eduardo Inda,Víctor,,"Charles Romuald Gardes, José Razzano",Ovidio Catulo González Castillo,,43-50 Martín Piano,Ángel Martín,"El Turco Velázquez, Salvador Cilotta (Drums)","Martín Darré, Américo Figola, Luis Zinkes, Gregorio Pérez, Carmelo Águila (Clarinet), Cándido Borrajo (Clarinet)","Leo Schiffrin, Armando Gutiérrez, Carlos Taverna, Raiter","Piano, Bass, 4 Bandoneons, 4 Violins, Drums, 2 Clarinet",BAVE-082296,Victor (Argentina) 60-1025
Francisco Lomuto,Orquesta Francisco Lomuto,8/22/1946,Pialando Leguas,,Tango,Eduardo Inda,Víctor,,José Osvaldo Sosa Cordero,José Osvaldo Sosa Cordero,,43-50 Martín Piano,Ángel Martín,"El Turco Velázquez, Salvador Cilotta (Drums)","Martín Darré, Américo Figola, Luis Zinkes, Gregorio Pérez, Carmelo Águila (Clarinet), Cándido Borrajo (Clarinet)","Leo Schiffrin, Armando Gutiérrez, Carlos Taverna, Raiter","Piano, Bass, 4 Bandoneons, 4 Violins, Drums, 2 Clarinet",82294,60-1026
Francisco Lomuto,Orquesta Francisco Lomuto,10/6/1949,Mi Mejor Canción,,Tango,Alberto Rivera,Víctor,,Zayra Canicoba,José María Contursi,,43-50 Martín Piano,Ángel Martín,"El Turco Velázquez, Salvador Cilotta (Drums)","Martín Darré, Américo Figola, Luis Zinkes, Gregorio Pérez, Carmelo Águila (Clarinet), Cándido Borrajo (Clarinet)","Leo Schiffrin, Armando Gutiérrez, Carlos Taverna, Raiter","Piano, Bass, 4 Bandoneons, 4 Violins, Drums, 2 Clarinet",91417,60-1849
Francisco Lomuto,Orquesta Francisco Lomuto,10/6/1949,Muñequita,,Tango,Miguel Montero,Víctor,,Francisco Juan Lomuto,Adolfo C. Herschel,,43-50 Martín Piano,Ángel Martín,"El Turco Velázquez, Salvador Cilotta (Drums)","Martín Darré, Américo Figola, Luis Zinkes, Gregorio Pérez, Carmelo Águila (Clarinet), Cándido Borrajo (Clarinet)","Leo Schiffrin, Armando Gutiérrez, Carlos Taverna, Raiter","Piano, Bass, 4 Bandoneons, 4 Violins, Drums, 2 Clarinet",91416,60-1849
Francisco Lomuto,Orquesta Francisco Lomuto,11/2/1949,Selección De Tangos,La Revoltosa - Amigazo - el Irresistible - Silbando - el Pollito - Lonjazos,Tango,Alberto Rivera y Miguel Montero,Víctor,,Various,Various,,43-50 Martín Piano,Ángel Martín,"El Turco Velázquez, Salvador Cilotta (Drums)","Martín Darré, Américo Figola, Luis Zinkes, Gregorio Pérez, Carmelo Águila (Clarinet), Cándido Borrajo (Clarinet)","Leo Schiffrin, Armando Gutiérrez, Carlos Taverna, Raiter","Piano, Bass, 4 Bandoneons, 4 Violins, Drums, 2 Clarinet",91453,60-1866
Francisco Lomuto,Orquesta Francisco Lomuto,11/2/1949,Una Pena,,Tango,Miguel Montero,Víctor,,Adolfo Rosquellas,Arturo Luis Albert,,43-50 Martín Piano,Ángel Martín,"El Turco Velázquez, Salvador Cilotta (Drums)","Martín Darré, Américo Figola, Luis Zinkes, Gregorio Pérez, Carmelo Águila (Clarinet), Cándido Borrajo (Clarinet)","Leo Schiffrin, Armando Gutiérrez, Carlos Taverna, Raiter","Piano, Bass, 4 Bandoneons, 4 Violins, Drums, 2 Clarinet",91452,60-1866
Francisco Lomuto,Orquesta Francisco Lomuto,4/25/1950,La Calle Maldita,,Tango,Alberto Rivera,Víctor,,Martín Vicente Darré,Roberto Lambertucci,,43-50 Martín Piano,Ángel Martín,"El Turco Velázquez, Salvador Cilotta (Drums)","Martín Darré, Américo Figola, Luis Zinkes, Gregorio Pérez, Carmelo Águila (Clarinet), Cándido Borrajo (Clarinet)","Leo Schiffrin, Armando Gutiérrez, Carlos Taverna, Raiter","Piano, Bass, 4 Bandoneons, 4 Violins, Drums, 2 Clarinet",93654,60-1954
Francisco Lomuto,Orquesta Francisco Lomuto,4/25/1950,Nunca Más,,Tango,Miguel Montero,Víctor,,Francisco Juan Lomuto,Pascual Tomás Lomuto,,43-50 Martín Piano,Ángel Martín,"El Turco Velázquez, Salvador Cilotta (Drums)","Martín Darré, Américo Figola, Luis Zinkes, Gregorio Pérez, Carmelo Águila (Clarinet), Cándido Borrajo (Clarinet)","Leo Schiffrin, Armando Gutiérrez, Carlos Taverna, Raiter","Piano, Bass, 4 Bandoneons, 4 Violins, Drums, 2 Clarinet",93653,60-1954
Francisco Lomuto,Orquesta Francisco Lomuto,6/6/1950,Cachadora,,Tango,Alberto Rivera,Víctor,,Francisco Juan Lomuto,Francisco Juan Lomuto,,43-50 Martín Piano,Ángel Martín,"El Turco Velázquez, Salvador Cilotta (Drums)","Martín Darré, Américo Figola, Luis Zinkes, Gregorio Pérez, Carmelo Águila (Clarinet), Cándido Borrajo (Clarinet)","Leo Schiffrin, Armando Gutiérrez, Carlos Taverna, Raiter","Piano, Bass, 4 Bandoneons, 4 Violins, Drums, 2 Clarinet",93755,60-1978
Francisco Lomuto,Orquesta Francisco Lomuto,6/6/1950,Triste Comedia,,Tango,Miguel Montero,Víctor,,Héctor Luciano Stamponi,Oscar Rubistein,,43-50 Martín Piano,Ángel Martín,"El Turco Velázquez, Salvador Cilotta (Drums)","Martín Darré, Américo Figola, Luis Zinkes, Gregorio Pérez, Carmelo Águila (Clarinet), Cándido Borrajo (Clarinet)","Leo Schiffrin, Armando Gutiérrez, Carlos Taverna, Raiter","Piano, Bass, 4 Bandoneons, 4 Violins, Drums, 2 Clarinet",93754,60-1978
Francisco Lomuto,Orquesta Francisco Lomuto,10/27/1950,Alma En Pena,,Tango,Alberto Rivera,Víctor,,Anselmo Alfredo Aieta,Francisco García Jiménez,,43-50 Martín Piano,Ángel Martín,"El Turco Velázquez, Salvador Cilotta (Drums)","Martín Darré, Américo Figola, Luis Zinkes, Gregorio Pérez, Carmelo Águila (Clarinet), Cándido Borrajo (Clarinet)","Leo Schiffrin, Armando Gutiérrez, Carlos Taverna, Raiter","Piano, Bass, 4 Bandoneons, 4 Violins, Drums, 2 Clarinet",93918,60-2054
Francisco Lomuto,Orquesta Francisco Lomuto,10/27/1950,Tarde,,Tango,Miguel Montero,Víctor,,José Canet,José Canet,,43-50 Martín Piano,Ángel Martín,"El Turco Velázquez, Salvador Cilotta (Drums)","Martín Darré, Américo Figola, Luis Zinkes, Gregorio Pérez, Carmelo Águila (Clarinet), Cándido Borrajo (Clarinet)","Leo Schiffrin, Armando Gutiérrez, Carlos Taverna, Raiter","Piano, Bass, 4 Bandoneons, 4 Violins, Drums, 2 Clarinet",93917,60-2054
Francisco Lomuto,Pianos (Dúo) Fco.Lomuto & Héctor Quesada,1922,De Vez En Cuando,,Tango,Instrumental,Odeón,,Héctor Quesada,,,22-25 Acoustic,,,,,,685,6504
Francisco Lomuto,Pianos (Dúo) Fco.Lomuto & Héctor Quesada,1922,Flor Del Campo,,Tango,Instrumental,Odeón,,Francisco Juan Lomuto,,,22-25 Acoustic,,,,,,561,6501
Francisco Lomuto,Pianos (Dúo) Fco.Lomuto & Héctor Quesada,1922,Indio Manso,,Tango,Instrumental,Odeón,,Héctor Quesada,,,22-25 Acoustic,,,,,,652,6503
Francisco Lomuto,Pianos (Dúo) Fco.Lomuto & Héctor Quesada,1922,La Brisa,,Tango,Instrumental,Odeón,,Francisco Canaro,,,22-25 Acoustic,,,,,,568,6501
Francisco Lomuto,Pianos (Dúo) Fco.Lomuto & Héctor Quesada,1922,La Cautiva,,Tango,Instrumental,Odeón,,Alejandro Carlos Vicente Geroni,,,22-25 Acoustic,,,,,,651,6502
Francisco Lomuto,Pianos (Dúo) Fco.Lomuto & Héctor Quesada,1922,La Copa Del Olvido,,Tango,Instrumental,Odeón,,Enrique Pedro Delfino,,,22-25 Acoustic,,,,,,684,6504
Francisco Lomuto,Pianos (Dúo) Fco.Lomuto & Héctor Quesada,1922,La Percanta Está Triste,,Tango,Instrumental,Odeón,,Vicente Greco,,,22-25 Acoustic,,,,,,653,6503
Francisco Lomuto,Pianos (Dúo) Fco.Lomuto & Héctor Quesada,1922,Sin Amor,,Tango,Instrumental,Odeón,,Francisco Juan Lomuto,,,22-25 Acoustic,,,,,,650,6502
Francisco Lomuto,Orquesta Francisco Lomuto,1923,Mal Paso,,Tango,Instrumental,Odeón,,Pedro Polito,,,22-25 Acoustic,,,,,,1335,7601
Francisco Lomuto,Orquesta Francisco Lomuto,1923,Tierra Del Fuego,,Tango,Instrumental,Odeón,,Francisco Juan Lomuto,,,22-25 Acoustic,,,,,,1336,7601
Francisco Lomuto,Orquesta Francisco Lomuto,1924,Aquellos Ojos,,Tango,Instrumental,Odeón,,Pedro Polito,,,22-25 Acoustic,,,,,,1931,7605
Francisco Lomuto,Orquesta Francisco Lomuto,1924,Colorado El,,Tango,Instrumental,Odeón,,M. C. San Juan,,,22-25 Acoustic,,,,,,2234,7614
Francisco Lomuto,Orquesta Francisco Lomuto,1924,Corazón De Oro  1924,,Tango,Instrumental,Odeón,,Fortunato Matino,José Viglienghi,,22-25 Acoustic,,,,,,1934,7604
Francisco Lomuto,Orquesta Francisco Lomuto,1924,Desde Ese Día,,Tango,Instrumental,Odeón,,F. Muñoz,,,22-25 Acoustic,,,,,,2091,7607
Francisco Lomuto,Orquesta Francisco Lomuto,1924,El Consentido,,Tango,Instrumental,Odeón,,Emilio Iribarne,Mario N. Valdez,,22-25 Acoustic,,,,,,1693,7602
Francisco Lomuto,Orquesta Francisco Lomuto,1924,El Perdón,,Tango,Instrumental,Odeón,,Luis Martini,,,22-25 Acoustic,,,,,,2092,7608
Francisco Lomuto,Orquesta Francisco Lomuto,1924,La Pecadora,,Tango,Instrumental,Odeón,,V. A. Pasqués,,,22-25 Acoustic,,,,,,1988,7606
Francisco Lomuto,Orquesta Francisco Lomuto,1924,Linda Piba,,Tango,Instrumental,Odeón,,Esteban Rovati,,,22-25 Acoustic,,,,,,2341,7611
Francisco Lomuto,Orquesta Francisco Lomuto,1924,Llegaste Tarde,,Tango,Instrumental,Odeón,,M. Tanga,,,22-25 Acoustic,,,,,,1692,7603
Francisco Lomuto,Orquesta Francisco Lomuto,1924,Mateo,,Tango,Instrumental,Odeón,,Enrique Blas Lomuto,Luis Isaac de Tejería,,22-25 Acoustic,,,,,,1933,7604
Francisco Lomuto,Orquesta Francisco Lomuto,1924,Nena,,Tango,Instrumental,Odeón,,Enrique Blas Lomuto,,,22-25 Acoustic,,,,,,2232,7610
Francisco Lomuto,Orquesta Francisco Lomuto,1924,Nunca,,Tango,Instrumental,Odeón,,Arthur Lange,,,22-25 Acoustic,,,,,,2171,7611
Francisco Lomuto,Orquesta Francisco Lomuto,1924,Nunca Más,,Tango,Instrumental,Odeón,,Francisco Juan Lomuto,,,22-25 Acoustic,,,,,,1690,7602
Francisco Lomuto,Orquesta Francisco Lomuto,1924,Pa’ Que Te Acordés,,Tango,Instrumental,Odeón,,Francisco Juan Lomuto,Andrés Seitún,,22-25 Acoustic,,,,,,2343,7613
Francisco Lomuto,Orquesta Francisco Lomuto,1924,Perla Fina,,Tango,Instrumental,Odeón,,Eduardo Armani,,,22-25 Acoustic,,,,,,2090,7607
Francisco Lomuto,Orquesta Francisco Lomuto,1924,Quiero Olvidar,,Tango,Instrumental,Odeón,,Enrique Blas Lomuto,,,22-25 Acoustic,,,,,,2343,7613
Francisco Lomuto,Orquesta Francisco Lomuto,1924,Retazo,,Tango,Instrumental,Odeón,,Vicente Romeo,,,22-25 Acoustic,,,,,,1932,7605
Francisco Lomuto,Orquesta Francisco Lomuto,1924,Rolo,,Tango,Instrumental,Odeón,,Roberto Emilio Goyeneche,,,22-25 Acoustic,,,,,,2235,7609
Francisco Lomuto,Orquesta Francisco Lomuto,1924,Santa María,,Tango,Instrumental,Odeón,,Mario Brugni,Juan Miguel Velich,,22-25 Acoustic,,,,,,1691,7603
Francisco Lomuto,Orquesta Francisco Lomuto,1924,Tarde Gris,,Tango,Instrumental,Odeón,,Luis Martini,,,22-25 Acoustic,,,,,,1986,7606
Francisco Lomuto,Orquesta Francisco Lomuto,1924,Zanni-beltrame,,Tango,Instrumental,Odeón,,Elio Rietti,,,22-25 Acoustic,,,,,,2233,7612
Francisco Lomuto,Orquesta Francisco Lomuto,1925,Agua Mansa,,Tango,Instrumental,Odeón,,M. C. Silva,,,22-25 Acoustic,Erique Lomuto,Manuel Dopaso (Drums),"Pedro Polito, Vicente Romeo, Carmelo Águila (Clarinet)","Luis Martini, Esteban Rovati","Piano, 2 Bandoneons, 2 Violins, Drums, Clarinet",3342,7644
Francisco Lomuto,Orquesta Francisco Lomuto,1925,Bohemios,,Tango,Instrumental,Odeón,,A. Buyon,,,22-25 Acoustic,Erique Lomuto,Manuel Dopaso (Drums),"Pedro Polito, Vicente Romeo, Carmelo Águila (Clarinet)","Luis Martini, Esteban Rovati","Piano, 2 Bandoneons, 2 Violins, Drums, Clarinet",3045,7632
Francisco Lomuto,Orquesta Francisco Lomuto,1925,Borracho,,Tango,Instrumental,Odeón,,José Dursi,,,22-25 Acoustic,Erique Lomuto,Manuel Dopaso (Drums),"Pedro Polito, Vicente Romeo, Carmelo Águila (Clarinet)","Luis Martini, Esteban Rovati","Piano, 2 Bandoneons, 2 Violins, Drums, Clarinet",3345,7647
Francisco Lomuto,Orquesta Francisco Lomuto,1925,Bulincito De La Alegría,,Tango,Instrumental,Odeón,,H. Porcel,,,22-25 Acoustic,Erique Lomuto,Manuel Dopaso (Drums),"Pedro Polito, Vicente Romeo, Carmelo Águila (Clarinet)","Luis Martini, Esteban Rovati","Piano, 2 Bandoneons, 2 Violins, Drums, Clarinet",2972,7626
Francisco Lomuto,Orquesta Francisco Lomuto,1925,Chiqué,,Tango,Instrumental,Odeón,,Ricardo Luis Brignolo,,,22-25 Acoustic,Erique Lomuto,Manuel Dopaso (Drums),"Pedro Polito, Vicente Romeo, Carmelo Águila (Clarinet)","Luis Martini, Esteban Rovati","Piano, 2 Bandoneons, 2 Violins, Drums, Clarinet",3393,7661
Francisco Lomuto,Orquesta Francisco Lomuto,1925,Ciudad De Montevideo,,Tango,Instrumental,Odeón,,Osvaldo Donato,,,22-25 Acoustic,Erique Lomuto,Manuel Dopaso (Drums),"Pedro Polito, Vicente Romeo, Carmelo Águila (Clarinet)","Luis Martini, Esteban Rovati","Piano, 2 Bandoneons, 2 Violins, Drums, Clarinet",2685,7616
Francisco Lomuto,Orquesta Francisco Lomuto,1925,Corto De Genio,,Tango,Instrumental,Odeón,,Pedro Polito,,,22-25 Acoustic,Erique Lomuto,Manuel Dopaso (Drums),"Pedro Polito, Vicente Romeo, Carmelo Águila (Clarinet)","Luis Martini, Esteban Rovati","Piano, 2 Bandoneons, 2 Violins, Drums, Clarinet",2687,7616
Francisco Lomuto,Orquesta Francisco Lomuto,1925,Diosa,,Tango,Instrumental,Odeón,,Ángel Ciriaco Ortiz Barrionuevo,,,22-25 Acoustic,Erique Lomuto,Manuel Dopaso (Drums),"Pedro Polito, Vicente Romeo, Carmelo Águila (Clarinet)","Luis Martini, Esteban Rovati","Piano, 2 Bandoneons, 2 Violins, Drums, Clarinet",2760,7617
Francisco Lomuto,Orquesta Francisco Lomuto,1925,Duda,,Tango,Instrumental,Odeón,,Manuel García Servetto,,,22-25 Acoustic,Erique Lomuto,Manuel Dopaso (Drums),"Pedro Polito, Vicente Romeo, Carmelo Águila (Clarinet)","Luis Martini, Esteban Rovati","Piano, 2 Bandoneons, 2 Violins, Drums, Clarinet",3121,7636
Francisco Lomuto,Orquesta Francisco Lomuto,1925,El Bandoneón,,Tango,Instrumental,Odeón,,C. A. Sánchez,,,22-25 Acoustic,Erique Lomuto,Manuel Dopaso (Drums),"Pedro Polito, Vicente Romeo, Carmelo Águila (Clarinet)","Luis Martini, Esteban Rovati","Piano, 2 Bandoneons, 2 Violins, Drums, Clarinet",2762,7619
Francisco Lomuto,Orquesta Francisco Lomuto,1925,El Bulín De La Calle Ayacucho,,Tango,Instrumental,Odeón,,"José Servidio, Luis Servidio",Celedonio Esteban Flores,,22-25 Acoustic,Erique Lomuto,Manuel Dopaso (Drums),"Pedro Polito, Vicente Romeo, Carmelo Águila (Clarinet)","Luis Martini, Esteban Rovati","Piano, 2 Bandoneons, 2 Violins, Drums, Clarinet",3309,7645
Francisco Lomuto,Orquesta Francisco Lomuto,1925,El Cofrecito,,Tango,Instrumental,Odeón,,R. Huler,,,22-25 Acoustic,Erique Lomuto,Manuel Dopaso (Drums),"Pedro Polito, Vicente Romeo, Carmelo Águila (Clarinet)","Luis Martini, Esteban Rovati","Piano, 2 Bandoneons, 2 Violins, Drums, Clarinet",2873,7623
Francisco Lomuto,Orquesta Francisco Lomuto,1925,El Lazo,,Tango,Instrumental,Odeón,,E. Caccaro,,,22-25 Acoustic,Erique Lomuto,Manuel Dopaso (Drums),"Pedro Polito, Vicente Romeo, Carmelo Águila (Clarinet)","Luis Martini, Esteban Rovati","Piano, 2 Bandoneons, 2 Violins, Drums, Clarinet",3122,7633
Francisco Lomuto,Orquesta Francisco Lomuto,1925,En La Buena,,Tango,Instrumental,Odeón,,F. Russo,,,22-25 Acoustic,Erique Lomuto,Manuel Dopaso (Drums),"Pedro Polito, Vicente Romeo, Carmelo Águila (Clarinet)","Luis Martini, Esteban Rovati","Piano, 2 Bandoneons, 2 Violins, Drums, Clarinet",2872,7631
Francisco Lomuto,Orquesta Francisco Lomuto,1925,Garabito,,Tango,Instrumental,Odeón,,E. Muñiz,,,22-25 Acoustic,Erique Lomuto,Manuel Dopaso (Drums),"Pedro Polito, Vicente Romeo, Carmelo Águila (Clarinet)","Luis Martini, Esteban Rovati","Piano, 2 Bandoneons, 2 Violins, Drums, Clarinet",2871,7622
Francisco Lomuto,Orquesta Francisco Lomuto,1925,La Chirola,,Tango,Instrumental,Odeón,,Víctor Dionisio Lomuto,,,22-25 Acoustic,Erique Lomuto,Manuel Dopaso (Drums),"Pedro Polito, Vicente Romeo, Carmelo Águila (Clarinet)","Luis Martini, Esteban Rovati","Piano, 2 Bandoneons, 2 Violins, Drums, Clarinet",2761,7618
Francisco Lomuto,Orquesta Francisco Lomuto,1925,La Rodada,,Tango,Instrumental,Odeón,,Pedro Polito,,,22-25 Acoustic,Erique Lomuto,Manuel Dopaso (Drums),"Pedro Polito, Vicente Romeo, Carmelo Águila (Clarinet)","Luis Martini, Esteban Rovati","Piano, 2 Bandoneons, 2 Violins, Drums, Clarinet",2870,7624
Francisco Lomuto,Orquesta Francisco Lomuto,1925,Lleva Vizcacha En La Melena,,Tango,Instrumental,Odeón,,Héctor Ponson,,,22-25 Acoustic,Erique Lomuto,Manuel Dopaso (Drums),"Pedro Polito, Vicente Romeo, Carmelo Águila (Clarinet)","Luis Martini, Esteban Rovati","Piano, 2 Bandoneons, 2 Violins, Drums, Clarinet",2759,7620
Francisco Lomuto,Orquesta Francisco Lomuto,1925,Mentiras,,Tango,Instrumental,Odeón,,Luis Minor,,,22-25 Acoustic,Erique Lomuto,Manuel Dopaso (Drums),"Pedro Polito, Vicente Romeo, Carmelo Águila (Clarinet)","Luis Martini, Esteban Rovati","Piano, 2 Bandoneons, 2 Violins, Drums, Clarinet",2971,7630
Francisco Lomuto,Orquesta Francisco Lomuto,1925,Mosca Muerta,,Tango,Instrumental,Odeón,,Juan Polito,,,22-25 Acoustic,Erique Lomuto,Manuel Dopaso (Drums),"Pedro Polito, Vicente Romeo, Carmelo Águila (Clarinet)","Luis Martini, Esteban Rovati","Piano, 2 Bandoneons, 2 Violins, Drums, Clarinet",2688,7616
Francisco Lomuto,Orquesta Francisco Lomuto,1925,Muñeca,,Tango,Instrumental,Odeón,,Enrique Blas Lomuto,Luis Isaac de Tejería,,22-25 Acoustic,Erique Lomuto,Manuel Dopaso (Drums),"Pedro Polito, Vicente Romeo, Carmelo Águila (Clarinet)","Luis Martini, Esteban Rovati","Piano, 2 Bandoneons, 2 Violins, Drums, Clarinet",3211,7637
Francisco Lomuto,Orquesta Francisco Lomuto,1925,Ojitos Tristes,,Tango,Instrumental,Odeón,,M. Berner,,,22-25 Acoustic,Erique Lomuto,Manuel Dopaso (Drums),"Pedro Polito, Vicente Romeo, Carmelo Águila (Clarinet)","Luis Martini, Esteban Rovati","Piano, 2 Bandoneons, 2 Violins, Drums, Clarinet",3311,7642
Francisco Lomuto,Orquesta Francisco Lomuto,1925,Palabras Cruzadas,,Tango,Instrumental,Odeón,,Udelino Toranzo,,,22-25 Acoustic,Erique Lomuto,Manuel Dopaso (Drums),"Pedro Polito, Vicente Romeo, Carmelo Águila (Clarinet)","Luis Martini, Esteban Rovati","Piano, 2 Bandoneons, 2 Violins, Drums, Clarinet",3044,7630
Francisco Lomuto,Orquesta Francisco Lomuto,1925,Pelosi,,Tango,Instrumental,Odeón,,H. Pecachi,,,22-25 Acoustic,Erique Lomuto,Manuel Dopaso (Drums),"Pedro Polito, Vicente Romeo, Carmelo Águila (Clarinet)","Luis Martini, Esteban Rovati","Piano, 2 Bandoneons, 2 Violins, Drums, Clarinet",2970,7626
Francisco Lomuto,Orquesta Francisco Lomuto,1925,Pilar,,Tango,Instrumental,Odeón,,"Alejandro Scarpino, Juan Caldarella",,,22-25 Acoustic,Erique Lomuto,Manuel Dopaso (Drums),"Pedro Polito, Vicente Romeo, Carmelo Águila (Clarinet)","Luis Martini, Esteban Rovati","Piano, 2 Bandoneons, 2 Violins, Drums, Clarinet",3340,7662
Francisco Lomuto,Orquesta Francisco Lomuto,1925,Poema De Amor,,Tango,Instrumental,Odeón,,"Francisco De Caro, Julio De Caro",,,22-25 Acoustic,Erique Lomuto,Manuel Dopaso (Drums),"Pedro Polito, Vicente Romeo, Carmelo Águila (Clarinet)","Luis Martini, Esteban Rovati","Piano, 2 Bandoneons, 2 Violins, Drums, Clarinet",3310,7643
Francisco Lomuto,Orquesta Francisco Lomuto,1925,Por María,,Tango,Instrumental,Odeón,,R. Despet,,,22-25 Acoustic,Erique Lomuto,Manuel Dopaso (Drums),"Pedro Polito, Vicente Romeo, Carmelo Águila (Clarinet)","Luis Martini, Esteban Rovati","Piano, 2 Bandoneons, 2 Violins, Drums, Clarinet",3341,7662
Francisco Lomuto,Orquesta Francisco Lomuto,1925,Por Mi Culpa,,Tango,Instrumental,Odeón,,"José Servidio, Luis Servidio",,,22-25 Acoustic,Erique Lomuto,Manuel Dopaso (Drums),"Pedro Polito, Vicente Romeo, Carmelo Águila (Clarinet)","Luis Martini, Esteban Rovati","Piano, 2 Bandoneons, 2 Violins, Drums, Clarinet",3313,7645
Francisco Lomuto,Orquesta Francisco Lomuto,1925,Quejidos,,Tango,Instrumental,Odeón,,H. Poler (según Lefcovich) o Héctor Jorge Pons (según Sadaic),,,22-25 Acoustic,Erique Lomuto,Manuel Dopaso (Drums),"Pedro Polito, Vicente Romeo, Carmelo Águila (Clarinet)","Luis Martini, Esteban Rovati","Piano, 2 Bandoneons, 2 Violins, Drums, Clarinet",2943,7620
Francisco Lomuto,Orquesta Francisco Lomuto,1925,Querido,,Tango,Instrumental,Odeón,,"H. Dameno, L. Dameno",,,22-25 Acoustic,Erique Lomuto,Manuel Dopaso (Drums),"Pedro Polito, Vicente Romeo, Carmelo Águila (Clarinet)","Luis Martini, Esteban Rovati","Piano, 2 Bandoneons, 2 Violins, Drums, Clarinet",3344,7646
Francisco Lomuto,Orquesta Francisco Lomuto,1925,Recordando Tus Caricias,,Tango,Instrumental,Odeón,,Osvaldo Donato,,,22-25 Acoustic,Erique Lomuto,Manuel Dopaso (Drums),"Pedro Polito, Vicente Romeo, Carmelo Águila (Clarinet)","Luis Martini, Esteban Rovati","Piano, 2 Bandoneons, 2 Violins, Drums, Clarinet",2686,7615
Francisco Lomuto,Orquesta Francisco Lomuto,1925,Serpentinas,,Tango,Instrumental,Odeón,,H. Pecachi,,,22-25 Acoustic,Erique Lomuto,Manuel Dopaso (Drums),"Pedro Polito, Vicente Romeo, Carmelo Águila (Clarinet)","Luis Martini, Esteban Rovati","Piano, 2 Bandoneons, 2 Violins, Drums, Clarinet",2973,7625
Francisco Lomuto,Orquesta Francisco Lomuto,1925,Sueños,,Tango,Instrumental,Odeón,,C. Ocampo,,,22-25 Acoustic,Erique Lomuto,Manuel Dopaso (Drums),"Pedro Polito, Vicente Romeo, Carmelo Águila (Clarinet)","Luis Martini, Esteban Rovati","Piano, 2 Bandoneons, 2 Violins, Drums, Clarinet",3212,7638
Francisco Lomuto,Orquesta Francisco Lomuto,1925,Tesorito De Mi Alma,,Tango,Instrumental,Odeón,,"Di Lallo (¿Luis Francisco Di Lallo), A. Pérez","Di Lallo (¿Luis Francisco Di Lallo), A. Pérez",,22-25 Acoustic,Erique Lomuto,Manuel Dopaso (Drums),"Pedro Polito, Vicente Romeo, Carmelo Águila (Clarinet)","Luis Martini, Esteban Rovati","Piano, 2 Bandoneons, 2 Violins, Drums, Clarinet",3391,7650
Francisco Lomuto,Orquesta Francisco Lomuto,1925,Tus Lunares,,Tango,Instrumental,Odeón,,Adolfo Antonio María Mondino,,,22-25 Acoustic,Erique Lomuto,Manuel Dopaso (Drums),"Pedro Polito, Vicente Romeo, Carmelo Águila (Clarinet)","Luis Martini, Esteban Rovati","Piano, 2 Bandoneons, 2 Violins, Drums, Clarinet",3312,7643
Francisco Lomuto,Orquesta Francisco Lomuto,1925,Un Despojo,,Tango,Instrumental,Odeón,,José Pérez,,,22-25 Acoustic,Erique Lomuto,Manuel Dopaso (Drums),"Pedro Polito, Vicente Romeo, Carmelo Águila (Clarinet)","Luis Martini, Esteban Rovati","Piano, 2 Bandoneons, 2 Violins, Drums, Clarinet",3209,7635
Francisco Lomuto,Orquesta Francisco Lomuto,1925,Vanidosa,,Tango,Instrumental,Odeón,,H. Podestá,,,22-25 Acoustic,Erique Lomuto,Manuel Dopaso (Drums),"Pedro Polito, Vicente Romeo, Carmelo Águila (Clarinet)","Luis Martini, Esteban Rovati","Piano, 2 Bandoneons, 2 Violins, Drums, Clarinet",3123,7638
Francisco Lomuto,Orquesta Francisco Lomuto,1926,Agarrá Viaje,,Tango,Instrumental,Odeón,,V. Romero,,,26-27 Pre Charlo,Erique Lomuto,Manuel Dopaso (Drums),"Pedro Polito, Vicente Romeo, Carmelo Águila (Clarinet)","Luis Martini, Esteban Rovati","Piano, 2 Bandoneons, 2 Violins, Drums, Clarinet",3605,7659
Francisco Lomuto,Orquesta Francisco Lomuto,1926,Angustia,,Tango,Instrumental,Odeón,,Horacio Gemignani,,,26-27 Pre Charlo,Erique Lomuto,Manuel Dopaso (Drums),"Pedro Polito, Vicente Romeo, Carmelo Águila (Clarinet)","Luis Martini, Esteban Rovati","Piano, 2 Bandoneons, 2 Violins, Drums, Clarinet",4018,7674
Francisco Lomuto,Orquesta Francisco Lomuto,1926,Anochecer,,Tango,Instrumental,Odeón,,María Isolina Godard,Juan Andrés Caruso,,26-27 Pre Charlo,Erique Lomuto,Manuel Dopaso (Drums),"Pedro Polito, Vicente Romeo, Carmelo Águila (Clarinet)","Luis Martini, Esteban Rovati","Piano, 2 Bandoneons, 2 Violins, Drums, Clarinet",3563,7655
Francisco Lomuto,Orquesta Francisco Lomuto,1926,Bacán,,Tango,Instrumental,Odeón,,Armando Baliotti,,,26-27 Pre Charlo,Erique Lomuto,Manuel Dopaso (Drums),"Pedro Polito, Vicente Romeo, Carmelo Águila (Clarinet)","Luis Martini, Esteban Rovati","Piano, 2 Bandoneons, 2 Violins, Drums, Clarinet",3435,7648
Francisco Lomuto,Orquesta Francisco Lomuto,1926,Cacholo,,Tango,Instrumental,Odeón,,Alberico Spatola,Luis Roldán,,26-27 Pre Charlo,Erique Lomuto,Manuel Dopaso (Drums),"Pedro Polito, Vicente Romeo, Carmelo Águila (Clarinet)","Luis Martini, Esteban Rovati","Piano, 2 Bandoneons, 2 Violins, Drums, Clarinet",3562,7654
Francisco Lomuto,Orquesta Francisco Lomuto,1926,Caminito,,Tango,Instrumental,Odeón,,Oscar Juan de Dios Filiberti,Gabino Coria Peñaloza,,26-27 Pre Charlo,Erique Lomuto,Manuel Dopaso (Drums),"Pedro Polito, Vicente Romeo, Carmelo Águila (Clarinet)","Luis Martini, Esteban Rovati","Piano, 2 Bandoneons, 2 Violins, Drums, Clarinet",3920,7668
Francisco Lomuto,Orquesta Francisco Lomuto,1926,Consuelo,,Tango,Instrumental,Odeón,,Antonio Scatasso,,,26-27 Pre Charlo,Erique Lomuto,Manuel Dopaso (Drums),"Pedro Polito, Vicente Romeo, Carmelo Águila (Clarinet)","Luis Martini, Esteban Rovati","Piano, 2 Bandoneons, 2 Violins, Drums, Clarinet",4017,7670
Francisco Lomuto,Orquesta Francisco Lomuto,1926,El Guapo,,Tango,Instrumental,Odeón,,J. A. Farini,,,26-27 Pre Charlo,Erique Lomuto,Manuel Dopaso (Drums),"Pedro Polito, Vicente Romeo, Carmelo Águila (Clarinet)","Luis Martini, Esteban Rovati","Piano, 2 Bandoneons, 2 Violins, Drums, Clarinet",3606,7658
Francisco Lomuto,Orquesta Francisco Lomuto,1926,Espinas De Una Flor,,Tango,Instrumental,Odeón,,Ricardo Luis Brignolo,,,26-27 Pre Charlo,Erique Lomuto,Manuel Dopaso (Drums),"Pedro Polito, Vicente Romeo, Carmelo Águila (Clarinet)","Luis Martini, Esteban Rovati","Piano, 2 Bandoneons, 2 Violins, Drums, Clarinet",4093,7672
Francisco Lomuto,Orquesta Francisco Lomuto,1926,Fantasía,,Tango,Instrumental,Odeón,,Pedro Polito,,,26-27 Pre Charlo,Erique Lomuto,Manuel Dopaso (Drums),"Pedro Polito, Vicente Romeo, Carmelo Águila (Clarinet)","Luis Martini, Esteban Rovati","Piano, 2 Bandoneons, 2 Violins, Drums, Clarinet",3919,7666
Francisco Lomuto,Orquesta Francisco Lomuto,1926,Figurita,,Tango,Instrumental,Odeón,,D. Ramos,,,26-27 Pre Charlo,Erique Lomuto,Manuel Dopaso (Drums),"Pedro Polito, Vicente Romeo, Carmelo Águila (Clarinet)","Luis Martini, Esteban Rovati","Piano, 2 Bandoneons, 2 Violins, Drums, Clarinet",3439,7649
Francisco Lomuto,Orquesta Francisco Lomuto,1926,Fue Allá En París,,Tango,Instrumental,Odeón,,"Agesilao Francisco Ferrazzano, Julio Fava",,,26-27 Pre Charlo,Erique Lomuto,Manuel Dopaso (Drums),"Pedro Polito, Vicente Romeo, Carmelo Águila (Clarinet)","Luis Martini, Esteban Rovati","Piano, 2 Bandoneons, 2 Violins, Drums, Clarinet",4202,7684
Francisco Lomuto,Orquesta Francisco Lomuto,1926,Gaucho,,Tango,Instrumental,Odeón,,Francisco Nicolás Pracánico,,,26-27 Pre Charlo,Erique Lomuto,Manuel Dopaso (Drums),"Pedro Polito, Vicente Romeo, Carmelo Águila (Clarinet)","Luis Martini, Esteban Rovati","Piano, 2 Bandoneons, 2 Violins, Drums, Clarinet",3918,7667
Francisco Lomuto,Orquesta Francisco Lomuto,1926,Justicia Criolla,,Tango,Instrumental,Odeón,,Rafael Yorio,,,26-27 Pre Charlo,Erique Lomuto,Manuel Dopaso (Drums),"Pedro Polito, Vicente Romeo, Carmelo Águila (Clarinet)","Luis Martini, Esteban Rovati","Piano, 2 Bandoneons, 2 Violins, Drums, Clarinet",4457,7685
Francisco Lomuto,Orquesta Francisco Lomuto,1926,La Maestrita,,Tango,Instrumental,Odeón,,Manuel Buzón,,,26-27 Pre Charlo,Erique Lomuto,Manuel Dopaso (Drums),"Pedro Polito, Vicente Romeo, Carmelo Águila (Clarinet)","Luis Martini, Esteban Rovati","Piano, 2 Bandoneons, 2 Violins, Drums, Clarinet",4397,7682
Francisco Lomuto,Orquesta Francisco Lomuto,1926,La Querencia,,Tango,Instrumental,Odeón,,Antonio Scatasso,,,26-27 Pre Charlo,Erique Lomuto,Manuel Dopaso (Drums),"Pedro Polito, Vicente Romeo, Carmelo Águila (Clarinet)","Luis Martini, Esteban Rovati","Piano, 2 Bandoneons, 2 Violins, Drums, Clarinet",4398,7681
Francisco Lomuto,Orquesta Francisco Lomuto,1926,Mosca,,Tango,Instrumental,Odeón,,José Cresta,,,26-27 Pre Charlo,Erique Lomuto,Manuel Dopaso (Drums),"Pedro Polito, Vicente Romeo, Carmelo Águila (Clarinet)","Luis Martini, Esteban Rovati","Piano, 2 Bandoneons, 2 Violins, Drums, Clarinet",4014,7669
Francisco Lomuto,Orquesta Francisco Lomuto,1926,Muchachos Me Caso,,Tango,Instrumental,Odeón,,Luis Martini,,,26-27 Pre Charlo,Erique Lomuto,Manuel Dopaso (Drums),"Pedro Polito, Vicente Romeo, Carmelo Águila (Clarinet)","Luis Martini, Esteban Rovati","Piano, 2 Bandoneons, 2 Violins, Drums, Clarinet",4456,7686
Francisco Lomuto,Orquesta Francisco Lomuto,1926,No Se Aflija Cuñao,,Tango,Instrumental,Odeón,,Antonio Scatasso,,,26-27 Pre Charlo,Erique Lomuto,Manuel Dopaso (Drums),"Pedro Polito, Vicente Romeo, Carmelo Águila (Clarinet)","Luis Martini, Esteban Rovati","Piano, 2 Bandoneons, 2 Violins, Drums, Clarinet",4201,7679
Francisco Lomuto,Orquesta Francisco Lomuto,1926,Oración,,Tango,Instrumental,Odeón,,R. de Martino,,,26-27 Pre Charlo,Erique Lomuto,Manuel Dopaso (Drums),"Pedro Polito, Vicente Romeo, Carmelo Águila (Clarinet)","Luis Martini, Esteban Rovati","Piano, 2 Bandoneons, 2 Violins, Drums, Clarinet",4400,7685
Francisco Lomuto,Orquesta Francisco Lomuto,1926,Padrino Pelao,,Tango,Instrumental,Odeón,,Eduardo Pataro Conte,,,26-27 Pre Charlo,Erique Lomuto,Manuel Dopaso (Drums),"Pedro Polito, Vicente Romeo, Carmelo Águila (Clarinet)","Luis Martini, Esteban Rovati","Piano, 2 Bandoneons, 2 Violins, Drums, Clarinet",4459,7687
Francisco Lomuto,Orquesta Francisco Lomuto,1926,Penas Del Corazón,,Tango,Instrumental,Odeón,,G. Rodríguez,,,26-27 Pre Charlo,Erique Lomuto,Manuel Dopaso (Drums),"Pedro Polito, Vicente Romeo, Carmelo Águila (Clarinet)","Luis Martini, Esteban Rovati","Piano, 2 Bandoneons, 2 Violins, Drums, Clarinet",4460,7689
Francisco Lomuto,Orquesta Francisco Lomuto,1926,Pestañitas,,Tango,Instrumental,Odeón,,Antonio Tanturi,,,26-27 Pre Charlo,Erique Lomuto,Manuel Dopaso (Drums),"Pedro Polito, Vicente Romeo, Carmelo Águila (Clarinet)","Luis Martini, Esteban Rovati","Piano, 2 Bandoneons, 2 Violins, Drums, Clarinet",4458,7688
Francisco Lomuto,Orquesta Francisco Lomuto,1926,Raza Criolla,,Tango,Instrumental,Odeón,,Víctor Dionisio Lomuto,,,26-27 Pre Charlo,Erique Lomuto,Manuel Dopaso (Drums),"Pedro Polito, Vicente Romeo, Carmelo Águila (Clarinet)","Luis Martini, Esteban Rovati","Piano, 2 Bandoneons, 2 Violins, Drums, Clarinet",4095,7671
Francisco Lomuto,Orquesta Francisco Lomuto,1926,Recuerdo Gaucho,,Tango,Instrumental,Odeón,,D. Fortunado,,,26-27 Pre Charlo,Erique Lomuto,Manuel Dopaso (Drums),"Pedro Polito, Vicente Romeo, Carmelo Águila (Clarinet)","Luis Martini, Esteban Rovati","Piano, 2 Bandoneons, 2 Violins, Drums, Clarinet",4204,7676
Francisco Lomuto,Orquesta Francisco Lomuto,1926,Rosas Rojas,,Tango,Instrumental,Odeón,,Francisco Juan Lomuto,Andrés Seitún,,26-27 Pre Charlo,Erique Lomuto,Manuel Dopaso (Drums),"Pedro Polito, Vicente Romeo, Carmelo Águila (Clarinet)","Luis Martini, Esteban Rovati","Piano, 2 Bandoneons, 2 Violins, Drums, Clarinet",3829,7664
Francisco Lomuto,Orquesta Francisco Lomuto,1926,Rosicler,,Vals,Instrumental,Odeón,,Francisco Juan Lomuto,,,26-27 Pre Charlo,Erique Lomuto,Manuel Dopaso (Drums),"Pedro Polito, Vicente Romeo, Carmelo Águila (Clarinet)","Luis Martini, Esteban Rovati","Piano, 2 Bandoneons, 2 Violins, Drums, Clarinet",3830,7663
Francisco Lomuto,Orquesta Francisco Lomuto,1926,Se Fue Mateo,,Tango,Instrumental,Odeón,,Arturo De Bassi,,,26-27 Pre Charlo,Erique Lomuto,Manuel Dopaso (Drums),"Pedro Polito, Vicente Romeo, Carmelo Águila (Clarinet)","Luis Martini, Esteban Rovati","Piano, 2 Bandoneons, 2 Violins, Drums, Clarinet",4015,7673
Francisco Lomuto,Orquesta Francisco Lomuto,1926,Señor,,Tango,Instrumental,Odeón,,Enrique Maciel,,,26-27 Pre Charlo,Erique Lomuto,Manuel Dopaso (Drums),"Pedro Polito, Vicente Romeo, Carmelo Águila (Clarinet)","Luis Martini, Esteban Rovati","Piano, 2 Bandoneons, 2 Violins, Drums, Clarinet",4094,7675
Francisco Lomuto,Orquesta Francisco Lomuto,1926,Siga El Corso,,Tango,Instrumental,Odeón,,Anselmo Alfredo Aieta,Francisco García Jiménez,,26-27 Pre Charlo,Erique Lomuto,Manuel Dopaso (Drums),"Pedro Polito, Vicente Romeo, Carmelo Águila (Clarinet)","Luis Martini, Esteban Rovati","Piano, 2 Bandoneons, 2 Violins, Drums, Clarinet",3917,7674
Francisco Lomuto,Orquesta Francisco Lomuto,1926,Soberbia,,Tango,Instrumental,Odeón,,E. Rosseti,,,26-27 Pre Charlo,Erique Lomuto,Manuel Dopaso (Drums),"Pedro Polito, Vicente Romeo, Carmelo Águila (Clarinet)","Luis Martini, Esteban Rovati","Piano, 2 Bandoneons, 2 Violins, Drums, Clarinet",4016,7678
Francisco Lomuto,Orquesta Francisco Lomuto,1926,Sus Labios Dijeron No,,Tango,Instrumental,Odeón,,Enrique Blas Lomuto,,,26-27 Pre Charlo,Erique Lomuto,Manuel Dopaso (Drums),"Pedro Polito, Vicente Romeo, Carmelo Águila (Clarinet)","Luis Martini, Esteban Rovati","Piano, 2 Bandoneons, 2 Violins, Drums, Clarinet",4546,7699
Francisco Lomuto,Orquesta Francisco Lomuto,1926,Suspiros,,Tango,Instrumental,Odeón,,Juan Carlos Bazán – Letra: Enrique Carrasquilla Mallarino,,,26-27 Pre Charlo,Erique Lomuto,Manuel Dopaso (Drums),"Pedro Polito, Vicente Romeo, Carmelo Águila (Clarinet)","Luis Martini, Esteban Rovati","Piano, 2 Bandoneons, 2 Violins, Drums, Clarinet",3604,7656
Francisco Lomuto,Orquesta Francisco Lomuto,1926,Ternura,,Tango,Instrumental,Odeón,,J. C. Carbone,,,26-27 Pre Charlo,Erique Lomuto,Manuel Dopaso (Drums),"Pedro Polito, Vicente Romeo, Carmelo Águila (Clarinet)","Luis Martini, Esteban Rovati","Piano, 2 Bandoneons, 2 Violins, Drums, Clarinet",3832,7683
Francisco Lomuto,Orquesta Francisco Lomuto,1926,Traiga Otra Caña,,Tango,Instrumental,Odeón,,Antonio Scatasso,,,26-27 Pre Charlo,Erique Lomuto,Manuel Dopaso (Drums),"Pedro Polito, Vicente Romeo, Carmelo Águila (Clarinet)","Luis Martini, Esteban Rovati","Piano, 2 Bandoneons, 2 Violins, Drums, Clarinet",4092,7671
Francisco Lomuto,Orquesta Francisco Lomuto,12/4/1926,De Buena Fe,,Tango,Instrumental,Odeón,,Francisco Juan Lomuto,,,26-27 Pre Charlo,Erique Lomuto,Manuel Dopaso (Drums),"Pedro Polito, Vicente Romeo, Carmelo Águila (Clarinet)","Luis Martini, Esteban Rovati","Piano, 2 Bandoneons, 2 Violins, Drums, Clarinet",117,7700
Francisco Lomuto,Orquesta Francisco Lomuto,12/4/1926,Llegaste Tarde,,Tango,Instrumental,Odeón,,"Berner, González","Berner, González",,26-27 Pre Charlo,Erique Lomuto,Manuel Dopaso (Drums),"Pedro Polito, Vicente Romeo, Carmelo Águila (Clarinet)","Luis Martini, Esteban Rovati","Piano, 2 Bandoneons, 2 Violins, Drums, Clarinet",114,7695
Francisco Lomuto,Orquesta Francisco Lomuto,12/4/1926,Milonga Y Copetines,,Tango,Instrumental,Odeón,,Ricardo Luis Brignolo,,,26-27 Pre Charlo,Erique Lomuto,Manuel Dopaso (Drums),"Pedro Polito, Vicente Romeo, Carmelo Águila (Clarinet)","Luis Martini, Esteban Rovati","Piano, 2 Bandoneons, 2 Violins, Drums, Clarinet",116,7696
Francisco Lomuto,Orquesta Francisco Lomuto,12/17/1926,Bajo Belgrano,,Tango,Instrumental,Odeón,,Anselmo Alfredo Aieta,Francisco García Jiménez,,26-27 Pre Charlo,Erique Lomuto,Manuel Dopaso (Drums),"Pedro Polito, Vicente Romeo, Carmelo Águila (Clarinet)","Luis Martini, Esteban Rovati","Piano, 2 Bandoneons, 2 Violins, Drums, Clarinet",186,7701
Francisco Lomuto,Orquesta Francisco Lomuto,12/17/1926,La Rezongona,,Tango,Instrumental,Odeón,,Francisco Juan Lomuto,,,26-27 Pre Charlo,Erique Lomuto,Manuel Dopaso (Drums),"Pedro Polito, Vicente Romeo, Carmelo Águila (Clarinet)","Luis Martini, Esteban Rovati","Piano, 2 Bandoneons, 2 Violins, Drums, Clarinet",187,7698
Francisco Lomuto,Orquesta Francisco Lomuto,12/17/1926,Palabras Lindas,,Tango,Instrumental,Odeón,,León Stambulsky,,,26-27 Pre Charlo,Erique Lomuto,Manuel Dopaso (Drums),"Pedro Polito, Vicente Romeo, Carmelo Águila (Clarinet)","Luis Martini, Esteban Rovati","Piano, 2 Bandoneons, 2 Violins, Drums, Clarinet",184,7697
Francisco Lomuto,Orquesta Francisco Lomuto,3/25/1927,Tanguerita,,Tango,Instrumental,Odeón,,Santiago París,,,26-27 Pre Charlo,Erique Lomuto,Manuel Dopaso (Drums),"Pedro Polito, Vicente Romeo, Carmelo Águila (Clarinet)","Luis Martini, Esteban Rovati","Piano, 2 Bandoneons, 2 Violins, Drums, Clarinet",516,7702
Francisco Lomuto,Orquesta Francisco Lomuto,4/8/1927,Araña,,Tango,Instrumental,Odeón,,Pedro Vettori,,,26-27 Pre Charlo,Erique Lomuto,Manuel Dopaso (Drums),"Pedro Polito, Vicente Romeo, Carmelo Águila (Clarinet)","Luis Martini, Esteban Rovati","Piano, 2 Bandoneons, 2 Violins, Drums, Clarinet",587,7705
Francisco Lomuto,Orquesta Francisco Lomuto,4/8/1927,Soy Tuya,,Tango,Instrumental,Odeón,,Luis Petrucelli,,,26-27 Pre Charlo,Erique Lomuto,Manuel Dopaso (Drums),"Pedro Polito, Vicente Romeo, Carmelo Águila (Clarinet)","Luis Martini, Esteban Rovati","Piano, 2 Bandoneons, 2 Violins, Drums, Clarinet",588,7707
Francisco Lomuto,Orquesta Francisco Lomuto,4/30/1927,Isla De Flores,,Tango,Instrumental,Odeón,,Arturo César Senez -Letra: Román Machado Scoto,,,26-27 Pre Charlo,Erique Lomuto,Manuel Dopaso (Drums),"Pedro Polito, Vicente Romeo, Carmelo Águila (Clarinet)","Luis Martini, Esteban Rovati","Piano, 2 Bandoneons, 2 Violins, Drums, Clarinet",687,7710
Francisco Lomuto,Orquesta Francisco Lomuto,7/25/1927,De Buena Fe,,Tango,Instrumental,Odeón,,Francisco Juan Lomuto,,,26-27 Pre Charlo,Erique Lomuto,Manuel Dopaso (Drums),"Pedro Polito, Vicente Romeo, Carmelo Águila (Clarinet)","Luis Martini, Esteban Rovati","Piano, 2 Bandoneons, 2 Violins, Drums, Clarinet",1076,7724
Francisco Lomuto,Orquesta Francisco Lomuto,7/25/1927,Flores Divinas,,Tango,Instrumental,Odeón,,A. Simone,,,26-27 Pre Charlo,Erique Lomuto,Manuel Dopaso (Drums),"Pedro Polito, Vicente Romeo, Carmelo Águila (Clarinet)","Luis Martini, Esteban Rovati","Piano, 2 Bandoneons, 2 Violins, Drums, Clarinet",1074,7726
Francisco Lomuto,Orquesta Francisco Lomuto,7/25/1927,Quiero Olvidar,,Tango,Instrumental,Odeón,,Enrique Blas Lomuto,,,26-27 Pre Charlo,Erique Lomuto,Manuel Dopaso (Drums),"Pedro Polito, Vicente Romeo, Carmelo Águila (Clarinet)","Luis Martini, Esteban Rovati","Piano, 2 Bandoneons, 2 Violins, Drums, Clarinet",1075,7726
Francisco Lomuto,Orquesta Francisco Lomuto,10/1/1927,Entre Dos Luces,,Tango,Instrumental,Odeón,,Elio Rietti,,,26-27 Pre Charlo,Erique Lomuto,Manuel Dopaso (Drums),"Pedro Polito, Vicente Romeo, Carmelo Águila (Clarinet)","Luis Martini, Esteban Rovati","Piano, 2 Bandoneons, 2 Violins, Drums, Clarinet",1430,7731
Francisco Lomuto,Orquesta Francisco Lomuto,10/1/1927,Obrerita,,Tango,Instrumental,Odeón,,E. Sbeppard,,,26-27 Pre Charlo,Erique Lomuto,Manuel Dopaso (Drums),"Pedro Polito, Vicente Romeo, Carmelo Águila (Clarinet)","Luis Martini, Esteban Rovati","Piano, 2 Bandoneons, 2 Violins, Drums, Clarinet",1431,7735
Francisco Lomuto,Orquesta Francisco Lomuto,10/1/1927,Rulitos,,Tango,Instrumental,Odeón,,Ricardo Luis Brignolo,José González Castillo,,26-27 Pre Charlo,Erique Lomuto,Manuel Dopaso (Drums),"Pedro Polito, Vicente Romeo, Carmelo Águila (Clarinet)","Luis Martini, Esteban Rovati","Piano, 2 Bandoneons, 2 Violins, Drums, Clarinet",1432,7736
Francisco Lomuto,Orquesta Francisco Lomuto,10/15/1927,Noche De Reyes,,Tango,Instrumental,Odeón,,Pedro Mario Maffia,Jorge Curi,,26-27 Pre Charlo,Erique Lomuto,Manuel Dopaso (Drums),"Pedro Polito, Vicente Romeo, Carmelo Águila (Clarinet)","Luis Martini, Esteban Rovati","Piano, 2 Bandoneons, 2 Violins, Drums, Clarinet",1515,7735
Francisco Lomuto,Orquesta Francisco Lomuto,10/15/1927,Select,,Tango,Instrumental,Odeón,,J. Cano Hangein,,,26-27 Pre Charlo,Erique Lomuto,Manuel Dopaso (Drums),"Pedro Polito, Vicente Romeo, Carmelo Águila (Clarinet)","Luis Martini, Esteban Rovati","Piano, 2 Bandoneons, 2 Violins, Drums, Clarinet",1516,7731
Francisco Lomuto,Orquesta Francisco Lomuto,10/28/1927,Ahora O Nunca,,Tango,Instrumental,Odeón,,"Víctor Troysi, Fortich","Víctor Troysi, Fortich",,26-27 Pre Charlo,Erique Lomuto,Manuel Dopaso (Drums),"Pedro Polito, Vicente Romeo, Carmelo Águila (Clarinet)","Luis Martini, Esteban Rovati","Piano, 2 Bandoneons, 2 Violins, Drums, Clarinet",1648,7737
Francisco Lomuto,Orquesta Francisco Lomuto,11/17/1927,El Bailongo,,Tango,Instrumental,Odeón,,H. Susena,,,26-27 Pre Charlo,Erique Lomuto,Manuel Dopaso (Drums),"Pedro Polito, Vicente Romeo, Carmelo Águila (Clarinet)","Luis Martini, Esteban Rovati","Piano, 2 Bandoneons, 2 Violins, Drums, Clarinet",1773,7744
Francisco Lomuto,Orquesta Francisco Lomuto,11/17/1927,Sólo A Una Madre,,Tango,Instrumental,Odeón,,Daniel H. Álvarez,,,26-27 Pre Charlo,Erique Lomuto,Manuel Dopaso (Drums),"Pedro Polito, Vicente Romeo, Carmelo Águila (Clarinet)","Luis Martini, Esteban Rovati","Piano, 2 Bandoneons, 2 Violins, Drums, Clarinet",1774,7744
Francisco Lomuto,Orquesta Francisco Lomuto,11/25/1927,Dios Te Salve,,Tango,Instrumental,Odeón,,R. A. Falcone,,,26-27 Pre Charlo,Erique Lomuto,Manuel Dopaso (Drums),"Pedro Polito, Vicente Romeo, Carmelo Águila (Clarinet)","Luis Martini, Esteban Rovati","Piano, 2 Bandoneons, 2 Violins, Drums, Clarinet",1829,7740
Francisco Lomuto,Orquesta Francisco Lomuto,11/25/1927,En Silencio,,Tango,Instrumental,Odeón,,R. Conran,,,26-27 Pre Charlo,Erique Lomuto,Manuel Dopaso (Drums),"Pedro Polito, Vicente Romeo, Carmelo Águila (Clarinet)","Luis Martini, Esteban Rovati","Piano, 2 Bandoneons, 2 Violins, Drums, Clarinet",1830,7740
Francisco Lomuto,Orquesta Francisco Lomuto,12/2/1927,"Copetín, Vos Sos Mi Hermano",,Tango,Instrumental,Odeón,,Andrés R. Domenech,,,26-27 Pre Charlo,Erique Lomuto,Manuel Dopaso (Drums),"Pedro Polito, Vicente Romeo, Carmelo Águila (Clarinet)","Luis Martini, Esteban Rovati","Piano, 2 Bandoneons, 2 Violins, Drums, Clarinet",1893,7742
Francisco Lomuto,Orquesta Francisco Lomuto,12/2/1927,Ocaso,,Tango,Instrumental,Odeón,,E. Menjoulou,,,26-27 Pre Charlo,Erique Lomuto,Manuel Dopaso (Drums),"Pedro Polito, Vicente Romeo, Carmelo Águila (Clarinet)","Luis Martini, Esteban Rovati","Piano, 2 Bandoneons, 2 Violins, Drums, Clarinet",1892,7742
Francisco Lomuto,Orquesta Francisco Lomuto,12/29/1927,Ché Italiano,,Tango,Instrumental,Odeón,,"Juan F. Noli, Raimundo Petillo","Juan F. Noli, Raimundo Petillo",,26-27 Pre Charlo,Erique Lomuto,Manuel Dopaso (Drums),"Pedro Polito, Vicente Romeo, Carmelo Águila (Clarinet)","Luis Martini, Esteban Rovati","Piano, 2 Bandoneons, 2 Violins, Drums, Clarinet",1963,7747
Francisco Lomuto,Orquesta Francisco Lomuto,12/29/1927,Maldonado,,Tango,Instrumental,Odeón,,Luis Nicolás Visca,,,26-27 Pre Charlo,Erique Lomuto,Manuel Dopaso (Drums),"Pedro Polito, Vicente Romeo, Carmelo Águila (Clarinet)","Luis Martini, Esteban Rovati","Piano, 2 Bandoneons, 2 Violins, Drums, Clarinet",1962,7747
Francisco Lomuto,Orquesta Francisco Lomuto,12/29/1927,Noches De Bohemio,,Tango,Instrumental,Odeón,,Raúl L. Ducci,,,26-27 Pre Charlo,Erique Lomuto,Manuel Dopaso (Drums),"Pedro Polito, Vicente Romeo, Carmelo Águila (Clarinet)","Luis Martini, Esteban Rovati","Piano, 2 Bandoneons, 2 Violins, Drums, Clarinet",1961,7748
Francisco Lomuto,Orquesta Francisco Lomuto,3/10/1928,Corazón,,Vals,Instrumental,Odeón,,Luis Teisseire,,,27-28 Charlo,Oscar Napolitano,"Alfredo Sciarretta, Salvador Cilotta (Drums)","Daniel Álvarez, Carmelo Matino and Fortunato Matino, Luis Zinkes, Natalio Nappe (Cornet), Carmelo Águila (Clarinet)","Leopoldo Schiffrin, Carlos Taverna, Dante Napolitano","Piano, Bass, 3 Bandoneons, 3 Violins, Drums, Cornet, Clarinet",2179,7751
Francisco Lomuto,Orquesta Francisco Lomuto,3/31/1928,Mi Viejo Nido,,Tango,Instrumental,Odeón,,A. E. Visca,,,27-28 Charlo,Oscar Napolitano,"Alfredo Sciarretta, Salvador Cilotta (Drums)","Daniel Álvarez, Carmelo Matino and Fortunato Matino, Luis Zinkes, Natalio Nappe (Cornet), Carmelo Águila (Clarinet)","Leopoldo Schiffrin, Carlos Taverna, Dante Napolitano","Piano, Bass, 3 Bandoneons, 3 Violins, Drums, Cornet, Clarinet",2312,7755
Francisco Lomuto,Orquesta Francisco Lomuto,4/13/1928,Qué Sabe La Gente,,Tango,Charlo,Odeón,,Antonio Scatasso,,,27-28 Charlo,Oscar Napolitano,"Alfredo Sciarretta, Salvador Cilotta (Drums)","Daniel Álvarez, Carmelo Matino and Fortunato Matino, Luis Zinkes, Natalio Nappe (Cornet), Carmelo Águila (Clarinet)","Leopoldo Schiffrin, Carlos Taverna, Dante Napolitano","Piano, Bass, 3 Bandoneons, 3 Violins, Drums, Cornet, Clarinet",2444,7755
Francisco Lomuto,Orquesta Francisco Lomuto,5/3/1928,Tratalo Con Cariño,,Tango,Charlo,Odeón,,Rafael Eulogio Tuegols,,,27-28 Charlo,Oscar Napolitano,"Alfredo Sciarretta, Salvador Cilotta (Drums)","Daniel Álvarez, Carmelo Matino and Fortunato Matino, Luis Zinkes, Natalio Nappe (Cornet), Carmelo Águila (Clarinet)","Leopoldo Schiffrin, Carlos Taverna, Dante Napolitano","Piano, Bass, 3 Bandoneons, 3 Violins, Drums, Cornet, Clarinet",2566,7761
Francisco Lomuto,Orquesta Francisco Lomuto,5/3/1928,Tallando,,Tango,Instrumental,Odeón,,Juan Carlos Bazán,,,27-28 Charlo,Oscar Napolitano,"Alfredo Sciarretta, Salvador Cilotta (Drums)","Daniel Álvarez, Carmelo Matino and Fortunato Matino, Luis Zinkes, Natalio Nappe (Cornet), Carmelo Águila (Clarinet)","Leopoldo Schiffrin, Carlos Taverna, Dante Napolitano","Piano, Bass, 3 Bandoneons, 3 Violins, Drums, Cornet, Clarinet",2565,7766
Francisco Lomuto,Orquesta Francisco Lomuto,6/5/1928,Buena Pinta,,Tango,Instrumental,Odeón,,Luis D’Andrea,,,27-28 Charlo,Oscar Napolitano,"Alfredo Sciarretta, Salvador Cilotta (Drums)","Daniel Álvarez, Carmelo Matino and Fortunato Matino, Luis Zinkes, Natalio Nappe (Cornet), Carmelo Águila (Clarinet)","Leopoldo Schiffrin, Carlos Taverna, Dante Napolitano","Piano, Bass, 3 Bandoneons, 3 Violins, Drums, Cornet, Clarinet",2732,7762
Francisco Lomuto,Orquesta Francisco Lomuto,6/5/1928,Soñando Espero,,Tango,Instrumental,Odeón,,C. Castorino,,,27-28 Charlo,Oscar Napolitano,"Alfredo Sciarretta, Salvador Cilotta (Drums)","Daniel Álvarez, Carmelo Matino and Fortunato Matino, Luis Zinkes, Natalio Nappe (Cornet), Carmelo Águila (Clarinet)","Leopoldo Schiffrin, Carlos Taverna, Dante Napolitano","Piano, Bass, 3 Bandoneons, 3 Violins, Drums, Cornet, Clarinet",2734,7765
Francisco Lomuto,Orquesta Francisco Lomuto,6/15/1928,No Seas Mala,,Tango,Con estribillo,Odeón,,Félix Scolatti Almeyda,,,27-28 Charlo,Oscar Napolitano,"Alfredo Sciarretta, Salvador Cilotta (Drums)","Daniel Álvarez, Carmelo Matino and Fortunato Matino, Luis Zinkes, Natalio Nappe (Cornet), Carmelo Águila (Clarinet)","Leopoldo Schiffrin, Carlos Taverna, Dante Napolitano","Piano, Bass, 3 Bandoneons, 3 Violins, Drums, Cornet, Clarinet",2775,7764
Francisco Lomuto,Orquesta Francisco Lomuto,6/15/1928,Dejate ’e Consejos,,Tango,Instrumental,Odeón,,J. Piris,,,27-28 Charlo,Oscar Napolitano,"Alfredo Sciarretta, Salvador Cilotta (Drums)","Daniel Álvarez, Carmelo Matino and Fortunato Matino, Luis Zinkes, Natalio Nappe (Cornet), Carmelo Águila (Clarinet)","Leopoldo Schiffrin, Carlos Taverna, Dante Napolitano","Piano, Bass, 3 Bandoneons, 3 Violins, Drums, Cornet, Clarinet",2774,7768
Francisco Lomuto,Orquesta Francisco Lomuto,6/15/1928,Viva La Patria,,Tango,Instrumental,Odeón,,Antonio Scatasso,,,27-28 Charlo,Oscar Napolitano,"Alfredo Sciarretta, Salvador Cilotta (Drums)","Daniel Álvarez, Carmelo Matino and Fortunato Matino, Luis Zinkes, Natalio Nappe (Cornet), Carmelo Águila (Clarinet)","Leopoldo Schiffrin, Carlos Taverna, Dante Napolitano","Piano, Bass, 3 Bandoneons, 3 Violins, Drums, Cornet, Clarinet",2773,7768
Francisco Lomuto,Orquesta Francisco Lomuto,6/16/1928,Aromito,,Tango,Instrumental,Odeón,,R. Lo Presti,,,27-28 Charlo,Oscar Napolitano,"Alfredo Sciarretta, Salvador Cilotta (Drums)","Daniel Álvarez, Carmelo Matino and Fortunato Matino, Luis Zinkes, Natalio Nappe (Cornet), Carmelo Águila (Clarinet)","Leopoldo Schiffrin, Carlos Taverna, Dante Napolitano","Piano, Bass, 3 Bandoneons, 3 Violins, Drums, Cornet, Clarinet",2776,7765
Francisco Lomuto,Orquesta Francisco Lomuto,7/13/1928,Canción De Cuna,,Tango,Instrumental,Odeón,,José María Rizzuti,José Antonio Diez Gómez,,27-28 Charlo,Oscar Napolitano,"Alfredo Sciarretta, Salvador Cilotta (Drums)","Daniel Álvarez, Carmelo Matino and Fortunato Matino, Luis Zinkes, Natalio Nappe (Cornet), Carmelo Águila (Clarinet)","Leopoldo Schiffrin, Carlos Taverna, Dante Napolitano","Piano, Bass, 3 Bandoneons, 3 Violins, Drums, Cornet, Clarinet",2894,7769
Francisco Lomuto,Orquesta Francisco Lomuto,7/14/1928,Poca Cosa,,Tango,Instrumental,Odeón,,A. B. Fernández,,,27-28 Charlo,Oscar Napolitano,"Alfredo Sciarretta, Salvador Cilotta (Drums)","Daniel Álvarez, Carmelo Matino and Fortunato Matino, Luis Zinkes, Natalio Nappe (Cornet), Carmelo Águila (Clarinet)","Leopoldo Schiffrin, Carlos Taverna, Dante Napolitano","Piano, Bass, 3 Bandoneons, 3 Violins, Drums, Cornet, Clarinet",2896,7769
Francisco Lomuto,Orquesta Francisco Lomuto,7/14/1928,Por Seguidora Y Por Fiel,,Tango,Instrumental,Odeón,,Ricardo Luis Brignolo,Celedonio Esteban Flores,,27-28 Charlo,Oscar Napolitano,"Alfredo Sciarretta, Salvador Cilotta (Drums)","Daniel Álvarez, Carmelo Matino and Fortunato Matino, Luis Zinkes, Natalio Nappe (Cornet), Carmelo Águila (Clarinet)","Leopoldo Schiffrin, Carlos Taverna, Dante Napolitano","Piano, Bass, 3 Bandoneons, 3 Violins, Drums, Cornet, Clarinet",2897,7766
Francisco Lomuto,Orquesta Francisco Lomuto,8/1/1928,En Un Pueblito De España,,Vals,Charlo,Odeón,,Mabel Wayne,,,27-28 Charlo,Oscar Napolitano,"Alfredo Sciarretta, Salvador Cilotta (Drums)","Daniel Álvarez, Carmelo Matino and Fortunato Matino, Luis Zinkes, Natalio Nappe (Cornet), Carmelo Águila (Clarinet)","Leopoldo Schiffrin, Carlos Taverna, Dante Napolitano","Piano, Bass, 3 Bandoneons, 3 Violins, Drums, Cornet, Clarinet",2962,7771
Francisco Lomuto,Orquesta Francisco Lomuto,8/1/1928,Pa’ Que Bronquen Los Otarios,,Tango,Charlo,Odeón,,E. Marchiano,Juan Miguel Vellich,,27-28 Charlo,Oscar Napolitano,"Alfredo Sciarretta, Salvador Cilotta (Drums)","Daniel Álvarez, Carmelo Matino and Fortunato Matino, Luis Zinkes, Natalio Nappe (Cornet), Carmelo Águila (Clarinet)","Leopoldo Schiffrin, Carlos Taverna, Dante Napolitano","Piano, Bass, 3 Bandoneons, 3 Violins, Drums, Cornet, Clarinet",2961,7770
Francisco Lomuto,Orquesta Francisco Lomuto,8/1/1928,Te Quiero Siempre,,Tango,Instrumental,Odeón,,Juan S. Petrocci,,,27-28 Charlo,Oscar Napolitano,"Alfredo Sciarretta, Salvador Cilotta (Drums)","Daniel Álvarez, Carmelo Matino and Fortunato Matino, Luis Zinkes, Natalio Nappe (Cornet), Carmelo Águila (Clarinet)","Leopoldo Schiffrin, Carlos Taverna, Dante Napolitano","Piano, Bass, 3 Bandoneons, 3 Violins, Drums, Cornet, Clarinet",2963,7772
Francisco Lomuto,Orquesta Francisco Lomuto,8/10/1928,Entre Guapos,,Tango,Instrumental,Odeón,,Lorenzo F. Olivari,,,27-28 Charlo,Oscar Napolitano,"Alfredo Sciarretta, Salvador Cilotta (Drums)","Daniel Álvarez, Carmelo Matino and Fortunato Matino, Luis Zinkes, Natalio Nappe (Cornet), Carmelo Águila (Clarinet)","Leopoldo Schiffrin, Carlos Taverna, Dante Napolitano","Piano, Bass, 3 Bandoneons, 3 Violins, Drums, Cornet, Clarinet",3000,7777
Francisco Lomuto,Orquesta Francisco Lomuto,9/21/1928,La Güeya Maldita,,Tango,Charlo  Estrib.,Odeón,,Pascual Clausi,,,27-28 Charlo,Oscar Napolitano,"Alfredo Sciarretta, Salvador Cilotta (Drums)","Daniel Álvarez, Carmelo Matino and Fortunato Matino, Luis Zinkes, Natalio Nappe (Cornet), Carmelo Águila (Clarinet)","Leopoldo Schiffrin, Carlos Taverna, Dante Napolitano","Piano, Bass, 3 Bandoneons, 3 Violins, Drums, Cornet, Clarinet",3229,7777
Francisco Lomuto,Orquesta Francisco Lomuto,9/28/1928,El Manisero,,Tango,Charlo,Odeón,,Virgilio Ramón Carmona,,,27-28 Charlo,Oscar Napolitano,"Alfredo Sciarretta, Salvador Cilotta (Drums)","Daniel Álvarez, Carmelo Matino and Fortunato Matino, Luis Zinkes, Natalio Nappe (Cornet), Carmelo Águila (Clarinet)","Leopoldo Schiffrin, Carlos Taverna, Dante Napolitano","Piano, Bass, 3 Bandoneons, 3 Violins, Drums, Cornet, Clarinet",3263,7784
Francisco Lomuto,Orquesta Francisco Lomuto,9/28/1928,El Rasgueo,,Tango,Charlo,Odeón,,A. Iturriaga,,,27-28 Charlo,Oscar Napolitano,"Alfredo Sciarretta, Salvador Cilotta (Drums)","Daniel Álvarez, Carmelo Matino and Fortunato Matino, Luis Zinkes, Natalio Nappe (Cornet), Carmelo Águila (Clarinet)","Leopoldo Schiffrin, Carlos Taverna, Dante Napolitano","Piano, Bass, 3 Bandoneons, 3 Violins, Drums, Cornet, Clarinet",3262,7778
Francisco Lomuto,Orquesta Francisco Lomuto,9/28/1928,Mariposa De Cabaret,,Tango,Charlo,Odeón,,Antonio Scatasso,,,27-28 Charlo,Oscar Napolitano,"Alfredo Sciarretta, Salvador Cilotta (Drums)","Daniel Álvarez, Carmelo Matino and Fortunato Matino, Luis Zinkes, Natalio Nappe (Cornet), Carmelo Águila (Clarinet)","Leopoldo Schiffrin, Carlos Taverna, Dante Napolitano","Piano, Bass, 3 Bandoneons, 3 Violins, Drums, Cornet, Clarinet",3260,7778
Francisco Lomuto,Orquesta Francisco Lomuto,9/28/1928,Piedad,,Tango,Charlo,Odeón,,"C. Percuoco, L. de Biase","C. Percuoco, L. de Biase",,27-28 Charlo,Oscar Napolitano,"Alfredo Sciarretta, Salvador Cilotta (Drums)","Daniel Álvarez, Carmelo Matino and Fortunato Matino, Luis Zinkes, Natalio Nappe (Cornet), Carmelo Águila (Clarinet)","Leopoldo Schiffrin, Carlos Taverna, Dante Napolitano","Piano, Bass, 3 Bandoneons, 3 Violins, Drums, Cornet, Clarinet",3261,7784
Francisco Lomuto,Orquesta Francisco Lomuto,10/29/1928,Lo Que Fuiste,,Tango,Charlo,Odeón,,J. Ciancio,,,27-28 Charlo,Oscar Napolitano,"Alfredo Sciarretta, Salvador Cilotta (Drums)","Daniel Álvarez, Carmelo Matino and Fortunato Matino, Luis Zinkes, Natalio Nappe (Cornet), Carmelo Águila (Clarinet)","Leopoldo Schiffrin, Carlos Taverna, Dante Napolitano","Piano, Bass, 3 Bandoneons, 3 Violins, Drums, Cornet, Clarinet",3408,7785
Francisco Lomuto,Orquesta Francisco Lomuto,10/29/1928,Marieta,,Tango,Charlo,Odeón,,Víctor Dionisio Lomuto,Juan Raggi,,27-28 Charlo,Oscar Napolitano,"Alfredo Sciarretta, Salvador Cilotta (Drums)","Daniel Álvarez, Carmelo Matino and Fortunato Matino, Luis Zinkes, Natalio Nappe (Cornet), Carmelo Águila (Clarinet)","Leopoldo Schiffrin, Carlos Taverna, Dante Napolitano","Piano, Bass, 3 Bandoneons, 3 Violins, Drums, Cornet, Clarinet",3409,7782
Francisco Lomuto,Orquesta Francisco Lomuto,10/29/1928,Noviecita Mía,,Tango,Charlo,Odeón,,Antonio Polito,Augusto Martini que luego utilizó el propio Polito,,27-28 Charlo,Oscar Napolitano,"Alfredo Sciarretta, Salvador Cilotta (Drums)","Daniel Álvarez, Carmelo Matino and Fortunato Matino, Luis Zinkes, Natalio Nappe (Cornet), Carmelo Águila (Clarinet)","Leopoldo Schiffrin, Carlos Taverna, Dante Napolitano","Piano, Bass, 3 Bandoneons, 3 Violins, Drums, Cornet, Clarinet",3411,7783
Francisco Lomuto,Orquesta Francisco Lomuto,10/29/1928,Aquella Casita,,Tango,Instrumental,Odeón,,C. Portela,,,27-28 Charlo,Oscar Napolitano,"Alfredo Sciarretta, Salvador Cilotta (Drums)","Daniel Álvarez, Carmelo Matino and Fortunato Matino, Luis Zinkes, Natalio Nappe (Cornet), Carmelo Águila (Clarinet)","Leopoldo Schiffrin, Carlos Taverna, Dante Napolitano","Piano, Bass, 3 Bandoneons, 3 Violins, Drums, Cornet, Clarinet",3412,7785
Francisco Lomuto,Orquesta Francisco Lomuto,11/9/1928,Cabezón,,Tango,Charlo,Odeón,,,,,27-28 Charlo,Oscar Napolitano,"Alfredo Sciarretta, Salvador Cilotta (Drums)","Daniel Álvarez, Carmelo Matino and Fortunato Matino, Luis Zinkes, Natalio Nappe (Cornet), Carmelo Águila (Clarinet)","Leopoldo Schiffrin, Carlos Taverna, Dante Napolitano","Piano, Bass, 3 Bandoneons, 3 Violins, Drums, Cornet, Clarinet",3465,7783
Francisco Lomuto,Orquesta Francisco Lomuto,11/9/1928,"Seria, Seriola",,Tango,Charlo,Odeón,,"Francisco Canaro, Luis Riccardi","Francisco Canaro, Luis Riccardi",,27-28 Charlo,Oscar Napolitano,"Alfredo Sciarretta, Salvador Cilotta (Drums)","Daniel Álvarez, Carmelo Matino and Fortunato Matino, Luis Zinkes, Natalio Nappe (Cornet), Carmelo Águila (Clarinet)","Leopoldo Schiffrin, Carlos Taverna, Dante Napolitano","Piano, Bass, 3 Bandoneons, 3 Violins, Drums, Cornet, Clarinet",3466,7788
Francisco Lomuto,Orquesta Francisco Lomuto,11/30/1928,Berta,,Tango,Charlo,Odeón,,N. Franco,,,27-28 Charlo,Oscar Napolitano,"Alfredo Sciarretta, Salvador Cilotta (Drums)","Daniel Álvarez, Carmelo Matino and Fortunato Matino, Luis Zinkes, Natalio Nappe (Cornet), Carmelo Águila (Clarinet)","Leopoldo Schiffrin, Carlos Taverna, Dante Napolitano","Piano, Bass, 3 Bandoneons, 3 Violins, Drums, Cornet, Clarinet",3573,7790
Francisco Lomuto,Orquesta Francisco Lomuto,12/10/1928,Chiquita,,Vals,Charlo,Odeón,,Mabel Wayne,,,27-28 Charlo,Oscar Napolitano,"Alfredo Sciarretta, Salvador Cilotta (Drums)","Daniel Álvarez, Carmelo Matino and Fortunato Matino, Luis Zinkes, Natalio Nappe (Cornet), Carmelo Águila (Clarinet)","Leopoldo Schiffrin, Carlos Taverna, Dante Napolitano","Piano, Bass, 3 Bandoneons, 3 Violins, Drums, Cornet, Clarinet",3600,7789
Francisco Lomuto,Orquesta Francisco Lomuto,2/6/1929,Venite Conmigo,,Tango,Charlo,Odeón,,Edgardo Felipe Valerio Donato,,,29-31 Main Lineup,Oscar Napolitano,"Alfredo Sciarretta, Salvador Cilotta (Drums)","Daniel Alvarez, Américo Figola, Luis Zinkes, Haroldo Ferrero","Leo Schiffrin, Carlos Taverna, Dante Napolitano, Armando Gutiérrez","Piano, Bass, 4 Bandoneons, 4 Violins, Drums",3714,7792
Francisco Lomuto,Orquesta Francisco Lomuto,2/6/1929,Rosicler,,Vals,Instrumental,Odeón,,Francisco Juan Lomuto,,,29-31 Main Lineup,Oscar Napolitano,"Alfredo Sciarretta, Salvador Cilotta (Drums)","Daniel Alvarez, Américo Figola, Luis Zinkes, Haroldo Ferrero","Leo Schiffrin, Carlos Taverna, Dante Napolitano, Armando Gutiérrez","Piano, Bass, 4 Bandoneons, 4 Violins, Drums",3713,7792
Francisco Lomuto,Orquesta Francisco Lomuto,2/8/1929,Mascarita Suelta,,Tango,Charlo,Odeón,,José Tinelli,Juan Miguel Velich,,29-31 Main Lineup,Oscar Napolitano,"Alfredo Sciarretta, Salvador Cilotta (Drums)","Daniel Alvarez, Américo Figola, Luis Zinkes, Haroldo Ferrero","Leo Schiffrin, Carlos Taverna, Dante Napolitano, Armando Gutiérrez","Piano, Bass, 4 Bandoneons, 4 Violins, Drums",3737,7797
Francisco Lomuto,Orquesta Francisco Lomuto,2/8/1929,Adiós Ninón,,Tango,Instrumental,Odeón,,Armando José María Tagini,Francisco García Jiménez,,29-31 Main Lineup,Oscar Napolitano,"Alfredo Sciarretta, Salvador Cilotta (Drums)","Daniel Alvarez, Américo Figola, Luis Zinkes, Haroldo Ferrero","Leo Schiffrin, Carlos Taverna, Dante Napolitano, Armando Gutiérrez","Piano, Bass, 4 Bandoneons, 4 Violins, Drums",3738,7794
Francisco Lomuto,Orquesta Francisco Lomuto,2/8/1929,En La Noche De Mi Vida,,Tango,Instrumental,Odeón,,Pacífico Víctor Lambertucci,Francisco García Jiménez,,29-31 Main Lineup,Oscar Napolitano,"Alfredo Sciarretta, Salvador Cilotta (Drums)","Daniel Alvarez, Américo Figola, Luis Zinkes, Haroldo Ferrero","Leo Schiffrin, Carlos Taverna, Dante Napolitano, Armando Gutiérrez","Piano, Bass, 4 Bandoneons, 4 Violins, Drums",3736,7795
Francisco Lomuto,Orquesta Francisco Lomuto,3/2/1929,La Taberna,,Tango,Instrumental,Odeón,,Santiago Bini,,,29-31 Main Lineup,Oscar Napolitano,"Alfredo Sciarretta, Salvador Cilotta (Drums)","Daniel Alvarez, Américo Figola, Luis Zinkes, Haroldo Ferrero","Leo Schiffrin, Carlos Taverna, Dante Napolitano, Armando Gutiérrez","Piano, Bass, 4 Bandoneons, 4 Violins, Drums",3793,7797
Francisco Lomuto,Orquesta Francisco Lomuto,3/8/1929,Garronero,,Tango,Instrumental,Odeón,,Guillermo Cavazza,,,29-31 Main Lineup,Oscar Napolitano,"Alfredo Sciarretta, Salvador Cilotta (Drums)","Daniel Alvarez, Américo Figola, Luis Zinkes, Haroldo Ferrero","Leo Schiffrin, Carlos Taverna, Dante Napolitano, Armando Gutiérrez","Piano, Bass, 4 Bandoneons, 4 Violins, Drums",3816,7795
Francisco Lomuto,Orquesta Francisco Lomuto,3/8/1929,Nena,,Tango,Instrumental,Odeón,,José Vázquez Vigo,"José Alonso, Trelles",,29-31 Main Lineup,Oscar Napolitano,"Alfredo Sciarretta, Salvador Cilotta (Drums)","Daniel Alvarez, Américo Figola, Luis Zinkes, Haroldo Ferrero","Leo Schiffrin, Carlos Taverna, Dante Napolitano, Armando Gutiérrez","Piano, Bass, 4 Bandoneons, 4 Violins, Drums",3819,7800
Francisco Lomuto,Orquesta Francisco Lomuto,4/13/1929,Muchacho Pierna,,Tango,Instrumental,Odeón,,B. Villa,,,29-31 Main Lineup,Oscar Napolitano,"Alfredo Sciarretta, Salvador Cilotta (Drums)","Daniel Alvarez, Américo Figola, Luis Zinkes, Haroldo Ferrero","Leo Schiffrin, Carlos Taverna, Dante Napolitano, Armando Gutiérrez","Piano, Bass, 4 Bandoneons, 4 Violins, Drums",3939,7802
Francisco Lomuto,Orquesta Francisco Lomuto,4/13/1929,No Hay Mal Que Dure Cien Años,,Tango,Instrumental,Odeón,,F. Caputi,,,29-31 Main Lineup,Oscar Napolitano,"Alfredo Sciarretta, Salvador Cilotta (Drums)","Daniel Alvarez, Américo Figola, Luis Zinkes, Haroldo Ferrero","Leo Schiffrin, Carlos Taverna, Dante Napolitano, Armando Gutiérrez","Piano, Bass, 4 Bandoneons, 4 Violins, Drums",3940,7804
Francisco Lomuto,Orquesta Francisco Lomuto,5/14/1929,La Renguita,,Tango,Instrumental,Odeón,,C. Percuoco,,,29-31 Main Lineup,Oscar Napolitano,"Alfredo Sciarretta, Salvador Cilotta (Drums)","Daniel Alvarez, Américo Figola, Luis Zinkes, Haroldo Ferrero","Leo Schiffrin, Carlos Taverna, Dante Napolitano, Armando Gutiérrez","Piano, Bass, 4 Bandoneons, 4 Violins, Drums",4107,7806
Francisco Lomuto,Orquesta Francisco Lomuto,6/13/1929,"Adiós, Que Te Vaya Bien",,Tango,Instrumental,Odeón,,Enrique Pedro Delfino,Bartolomé Ángel Venancio Alberto Vaccarezza,,29-31 Main Lineup,Oscar Napolitano,"Alfredo Sciarretta, Salvador Cilotta (Drums)","Daniel Alvarez, Américo Figola, Luis Zinkes, Haroldo Ferrero","Leo Schiffrin, Carlos Taverna, Dante Napolitano, Armando Gutiérrez","Piano, Bass, 4 Bandoneons, 4 Violins, Drums",4237,7809
Francisco Lomuto,Orquesta Francisco Lomuto,6/13/1929,Paseo De Julio,,Tango,Instrumental,Odeón,,Emilio Augusto Oscar Fresedo,Emilio Augusto Oscar Fresedo,,29-31 Main Lineup,Oscar Napolitano,"Alfredo Sciarretta, Salvador Cilotta (Drums)","Daniel Alvarez, Américo Figola, Luis Zinkes, Haroldo Ferrero","Leo Schiffrin, Carlos Taverna, Dante Napolitano, Armando Gutiérrez","Piano, Bass, 4 Bandoneons, 4 Violins, Drums",4236,7809
Francisco Lomuto,Orquesta Francisco Lomuto,6/21/1929,El Último Golpe,,Tango,Instrumental,Odeón,,"Francisco Canaro, Luis Riccardi","Francisco Canaro, Luis Riccardi",,29-31 Main Lineup,Oscar Napolitano,"Alfredo Sciarretta, Salvador Cilotta (Drums)","Daniel Alvarez, Américo Figola, Luis Zinkes, Haroldo Ferrero","Leo Schiffrin, Carlos Taverna, Dante Napolitano, Armando Gutiérrez","Piano, Bass, 4 Bandoneons, 4 Violins, Drums",4269,7809
Francisco Lomuto,Orquesta Francisco Lomuto,7/5/1929,Pibe Lindo,,Tango,Charlo,Odeón,,"J. Faillace, D. Faillace","J. Faillace, D. Faillace",,29-31 Main Lineup,Oscar Napolitano,"Alfredo Sciarretta, Salvador Cilotta (Drums)","Daniel Alvarez, Américo Figola, Luis Zinkes, Haroldo Ferrero","Leo Schiffrin, Carlos Taverna, Dante Napolitano, Armando Gutiérrez","Piano, Bass, 4 Bandoneons, 4 Violins, Drums",4320,7812
Francisco Lomuto,Orquesta Francisco Lomuto,7/19/1929,Como Un Sueño,,Tango,Instrumental,Odeón,,José María Rizzuti,,,29-31 Main Lineup,Oscar Napolitano,"Alfredo Sciarretta, Salvador Cilotta (Drums)","Daniel Alvarez, Américo Figola, Luis Zinkes, Haroldo Ferrero","Leo Schiffrin, Carlos Taverna, Dante Napolitano, Armando Gutiérrez","Piano, Bass, 4 Bandoneons, 4 Violins, Drums",4379,7816
Francisco Lomuto,Orquesta Francisco Lomuto,7/19/1929,Ilusión,,Vals,Instrumental,Odeón,,H. Biafore,,,29-31 Main Lineup,Oscar Napolitano,"Alfredo Sciarretta, Salvador Cilotta (Drums)","Daniel Alvarez, Américo Figola, Luis Zinkes, Haroldo Ferrero","Leo Schiffrin, Carlos Taverna, Dante Napolitano, Armando Gutiérrez","Piano, Bass, 4 Bandoneons, 4 Violins, Drums",4377,7813
Francisco Lomuto,Orquesta Francisco Lomuto,8/14/1929,La Divina Dama,,Vals,Charlo,Odeón,,N. Shilkret,,,29-31 Main Lineup,Oscar Napolitano,"Alfredo Sciarretta, Salvador Cilotta (Drums)","Daniel Alvarez, Américo Figola, Luis Zinkes, Haroldo Ferrero","Leo Schiffrin, Carlos Taverna, Dante Napolitano, Armando Gutiérrez","Piano, Bass, 4 Bandoneons, 4 Violins, Drums",4477,7819
Francisco Lomuto,Orquesta Francisco Lomuto,9/20/1929,Dos En Uno,,Tango,Instrumental,Odeón,,Rodolfo Pascual Sciammarella,,,29-31 Main Lineup,Oscar Napolitano,"Alfredo Sciarretta, Salvador Cilotta (Drums)","Daniel Alvarez, Américo Figola, Luis Zinkes, Haroldo Ferrero","Leo Schiffrin, Carlos Taverna, Dante Napolitano, Armando Gutiérrez","Piano, Bass, 4 Bandoneons, 4 Violins, Drums",4625,7824
Francisco Lomuto,Orquesta Francisco Lomuto,9/20/1929,Norah,,Vals,Instrumental,Odeón,,S. París,,,29-31 Main Lineup,Oscar Napolitano,"Alfredo Sciarretta, Salvador Cilotta (Drums)","Daniel Alvarez, Américo Figola, Luis Zinkes, Haroldo Ferrero","Leo Schiffrin, Carlos Taverna, Dante Napolitano, Armando Gutiérrez","Piano, Bass, 4 Bandoneons, 4 Violins, Drums",4626,7825
Francisco Lomuto,Orquesta Francisco Lomuto,10/15/1929,Pa’l Cambalache,,Tango,Charlo,Odeón,,Rafael Rossa,María Luisa Carnelli,,29-31 Main Lineup,Oscar Napolitano,"Alfredo Sciarretta, Salvador Cilotta (Drums)","Daniel Alvarez, Américo Figola, Luis Zinkes, Haroldo Ferrero","Leo Schiffrin, Carlos Taverna, Dante Napolitano, Armando Gutiérrez","Piano, Bass, 4 Bandoneons, 4 Violins, Drums",4701,7825
Francisco Lomuto,Orquesta Francisco Lomuto,10/15/1929,Como Todas,,Vals,Instrumental,Odeón,,"Américo Chiriff, José Alonso, Trelles","Américo Chiriff, José Alonso, Trelles",,29-31 Main Lineup,Oscar Napolitano,"Alfredo Sciarretta, Salvador Cilotta (Drums)","Daniel Alvarez, Américo Figola, Luis Zinkes, Haroldo Ferrero","Leo Schiffrin, Carlos Taverna, Dante Napolitano, Armando Gutiérrez","Piano, Bass, 4 Bandoneons, 4 Violins, Drums",4699,7826
Francisco Lomuto,Orquesta Francisco Lomuto,10/22/1929,Al Caer La Tarde,,Vals,Instrumental,Odeón,,"Rafael Rossa, Guillermo Desiderio Barbieri",,,29-31 Main Lineup,Oscar Napolitano,"Alfredo Sciarretta, Salvador Cilotta (Drums)","Daniel Alvarez, Américo Figola, Luis Zinkes, Haroldo Ferrero","Leo Schiffrin, Carlos Taverna, Dante Napolitano, Armando Gutiérrez","Piano, Bass, 4 Bandoneons, 4 Violins, Drums",4729,7829
Francisco Lomuto,Orquesta Francisco Lomuto,10/30/1929,Mucamita,,Tango,Charlo,Odeón,,"Rodolfo Pascual Sciammarella, Rodríguez Bustamante","Rodolfo Pascual Sciammarella, Rodríguez Bustamante",,29-31 Main Lineup,Oscar Napolitano,"Alfredo Sciarretta, Salvador Cilotta (Drums)","Daniel Alvarez, Américo Figola, Luis Zinkes, Haroldo Ferrero","Leo Schiffrin, Carlos Taverna, Dante Napolitano, Armando Gutiérrez","Piano, Bass, 4 Bandoneons, 4 Violins, Drums",4787,7828
Francisco Lomuto,Orquesta Francisco Lomuto,11/5/1929,Amar En Silencio,,Tango,Instrumental,Odeón,,"O. Rac, L. Parabotto","O. Rac, L. Parabotto",,29-31 Main Lineup,Oscar Napolitano,"Alfredo Sciarretta, Salvador Cilotta (Drums)","Daniel Alvarez, Américo Figola, Luis Zinkes, Haroldo Ferrero","Leo Schiffrin, Carlos Taverna, Dante Napolitano, Armando Gutiérrez","Piano, Bass, 4 Bandoneons, 4 Violins, Drums",4810,7830
Francisco Lomuto,Orquesta Francisco Lomuto,11/19/1929,Tiempos Felices,,Tango,Instrumental,Odeón,,Guillermo Desiderio Barbieri,,,29-31 Main Lineup,Oscar Napolitano,"Alfredo Sciarretta, Salvador Cilotta (Drums)","Daniel Alvarez, Américo Figola, Luis Zinkes, Haroldo Ferrero","Leo Schiffrin, Carlos Taverna, Dante Napolitano, Armando Gutiérrez","Piano, Bass, 4 Bandoneons, 4 Violins, Drums",4912,7835
Francisco Lomuto,Orquesta Francisco Lomuto,11/26/1929,Gran País Es La Argentina,,Tango,Charlo,Odeón,,Francisco Juan Lomuto,,,29-31 Main Lineup,Oscar Napolitano,"Alfredo Sciarretta, Salvador Cilotta (Drums)","Daniel Alvarez, Américo Figola, Luis Zinkes, Haroldo Ferrero","Leo Schiffrin, Carlos Taverna, Dante Napolitano, Armando Gutiérrez","Piano, Bass, 4 Bandoneons, 4 Violins, Drums",4944,7832
Francisco Lomuto,Orquesta Francisco Lomuto,12/20/1929,Alma Criolla,,Tango,Instrumental,Odeón,,Ratto Valerga,,,29-31 Main Lineup,Oscar Napolitano,"Alfredo Sciarretta, Salvador Cilotta (Drums)","Daniel Alvarez, Américo Figola, Luis Zinkes, Haroldo Ferrero","Leo Schiffrin, Carlos Taverna, Dante Napolitano, Armando Gutiérrez","Piano, Bass, 4 Bandoneons, 4 Violins, Drums",5114,7833
Francisco Lomuto,Orquesta Francisco Lomuto,12/20/1929,Antes Me Hago Fraile,,Tango,Instrumental,Odeón,,Armando Acquarone,,,29-31 Main Lineup,Oscar Napolitano,"Alfredo Sciarretta, Salvador Cilotta (Drums)","Daniel Alvarez, Américo Figola, Luis Zinkes, Haroldo Ferrero","Leo Schiffrin, Carlos Taverna, Dante Napolitano, Armando Gutiérrez","Piano, Bass, 4 Bandoneons, 4 Violins, Drums",5113,7837
Francisco Lomuto,Orquesta Francisco Lomuto,12/20/1929,Chiqué,,Tango,Instrumental,Odeón,,Ricardo Luis Brignolo,,,29-31 Main Lineup,Oscar Napolitano,"Alfredo Sciarretta, Salvador Cilotta (Drums)","Daniel Alvarez, Américo Figola, Luis Zinkes, Haroldo Ferrero","Leo Schiffrin, Carlos Taverna, Dante Napolitano, Armando Gutiérrez","Piano, Bass, 4 Bandoneons, 4 Violins, Drums",5117,sin datos
Francisco Lomuto,Orquesta Francisco Lomuto,12/20/1929,Grisolía,,Tango,Instrumental,Odeón,,Pascual Clausi,,,29-31 Main Lineup,Oscar Napolitano,"Alfredo Sciarretta, Salvador Cilotta (Drums)","Daniel Alvarez, Américo Figola, Luis Zinkes, Haroldo Ferrero","Leo Schiffrin, Carlos Taverna, Dante Napolitano, Armando Gutiérrez","Piano, Bass, 4 Bandoneons, 4 Violins, Drums",5114,7838
Francisco Lomuto,Orquesta Francisco Lomuto,3/31/1930,Sí Que Vas Bien,,Tango,Charlo,Odeón,,Francisco Juan Lomuto,Francisco Juan Lomuto,,29-31 Main Lineup,Oscar Napolitano,"Alfredo Sciarretta, Salvador Cilotta (Drums)","Daniel Alvarez, Américo Figola, Luis Zinkes, Haroldo Ferrero","Leo Schiffrin, Carlos Taverna, Dante Napolitano, Armando Gutiérrez","Piano, Bass, 4 Bandoneons, 4 Violins, Drums",5322,7839
Francisco Lomuto,Orquesta Francisco Lomuto,3/31/1930,Robustiano,,Tango,Instrumental,Odeón,,"Francisco Bohigas, Enrique Domingo Cadícamo","Francisco Bohigas, Enrique Domingo Cadícamo",,29-31 Main Lineup,Oscar Napolitano,"Alfredo Sciarretta, Salvador Cilotta (Drums)","Daniel Alvarez, Américo Figola, Luis Zinkes, Haroldo Ferrero","Leo Schiffrin, Carlos Taverna, Dante Napolitano, Armando Gutiérrez","Piano, Bass, 4 Bandoneons, 4 Violins, Drums",5321,7840
Francisco Lomuto,Orquesta Francisco Lomuto,4/1/1930,Aceitate Las Bisagras,,Tango,Charlo,Odeón,,M. F. Donato,,,29-31 Main Lineup,Oscar Napolitano,"Alfredo Sciarretta, Salvador Cilotta (Drums)","Daniel Alvarez, Américo Figola, Luis Zinkes, Haroldo Ferrero","Leo Schiffrin, Carlos Taverna, Dante Napolitano, Armando Gutiérrez","Piano, Bass, 4 Bandoneons, 4 Violins, Drums",5323,7840
Francisco Lomuto,Orquesta Francisco Lomuto,4/15/1930,Farolito De Zaguán,,Tango,Charlo,Odeón,,"Arolla, Molina","Arolla, Molina",,29-31 Main Lineup,Oscar Napolitano,"Alfredo Sciarretta, Salvador Cilotta (Drums)","Daniel Alvarez, Américo Figola, Luis Zinkes, Haroldo Ferrero","Leo Schiffrin, Carlos Taverna, Dante Napolitano, Armando Gutiérrez","Piano, Bass, 4 Bandoneons, 4 Violins, Drums",5426,7843
Francisco Lomuto,Orquesta Francisco Lomuto,4/25/1930,Virgencita,,Tango,Instrumental,Odeón,,H. Soldano,,,29-31 Main Lineup,Oscar Napolitano,"Alfredo Sciarretta, Salvador Cilotta (Drums)","Daniel Alvarez, Américo Figola, Luis Zinkes, Haroldo Ferrero","Leo Schiffrin, Carlos Taverna, Dante Napolitano, Armando Gutiérrez","Piano, Bass, 4 Bandoneons, 4 Violins, Drums",5453,7847
Francisco Lomuto,Orquesta Francisco Lomuto,5/2/1930,La Solitaria De La Piedad,,Vals,Charlo,Odeón,,Música (¿y letra?): Luis Teisseire,,,29-31 Main Lineup,Oscar Napolitano,"Alfredo Sciarretta, Salvador Cilotta (Drums)","Daniel Alvarez, Américo Figola, Luis Zinkes, Haroldo Ferrero","Leo Schiffrin, Carlos Taverna, Dante Napolitano, Armando Gutiérrez","Piano, Bass, 4 Bandoneons, 4 Violins, Drums",5496,7845
Francisco Lomuto,Orquesta Francisco Lomuto,5/16/1930,Amante Soñador,,Vals,Charlo,Odeón,,V. Schertzinger,,,29-31 Main Lineup,Oscar Napolitano,"Alfredo Sciarretta, Salvador Cilotta (Drums)","Daniel Alvarez, Américo Figola, Luis Zinkes, Haroldo Ferrero","Leo Schiffrin, Carlos Taverna, Dante Napolitano, Armando Gutiérrez","Piano, Bass, 4 Bandoneons, 4 Violins, Drums",5574,7846
Francisco Lomuto,Orquesta Francisco Lomuto,5/16/1930,El Encuentro,,Tango,Charlo,Odeón,,"L. C. Cáceres, C. Martino","L. C. Cáceres, C. Martino",,29-31 Main Lineup,Oscar Napolitano,"Alfredo Sciarretta, Salvador Cilotta (Drums)","Daniel Alvarez, Américo Figola, Luis Zinkes, Haroldo Ferrero","Leo Schiffrin, Carlos Taverna, Dante Napolitano, Armando Gutiérrez","Piano, Bass, 4 Bandoneons, 4 Violins, Drums",5575,7849
Francisco Lomuto,Orquesta Francisco Lomuto,5/16/1930,Si Tuviera Vento,,Tango,Charlo,Odeón,,Luis Nicolás Visca,,,29-31 Main Lineup,Oscar Napolitano,"Alfredo Sciarretta, Salvador Cilotta (Drums)","Daniel Alvarez, Américo Figola, Luis Zinkes, Haroldo Ferrero","Leo Schiffrin, Carlos Taverna, Dante Napolitano, Armando Gutiérrez","Piano, Bass, 4 Bandoneons, 4 Violins, Drums",5573,7847
Francisco Lomuto,Orquesta Francisco Lomuto,5/16/1930,Knock Out De Amor,,Tango,Instrumental,Odeón,,Vicente Ronca,Augusto Arturo Martini,,29-31 Main Lineup,Oscar Napolitano,"Alfredo Sciarretta, Salvador Cilotta (Drums)","Daniel Alvarez, Américo Figola, Luis Zinkes, Haroldo Ferrero","Leo Schiffrin, Carlos Taverna, Dante Napolitano, Armando Gutiérrez","Piano, Bass, 4 Bandoneons, 4 Violins, Drums",5572,7849
Francisco Lomuto,Orquesta Francisco Lomuto,5/23/1930,A Cara Limpia,,Tango,Charlo,Odeón,,Anselmo Alfredo Aieta,,,29-31 Main Lineup,Oscar Napolitano,"Alfredo Sciarretta, Salvador Cilotta (Drums)","Daniel Alvarez, Américo Figola, Luis Zinkes, Haroldo Ferrero","Leo Schiffrin, Carlos Taverna, Dante Napolitano, Armando Gutiérrez","Piano, Bass, 4 Bandoneons, 4 Violins, Drums",5627,7858
Francisco Lomuto,Orquesta Francisco Lomuto,5/23/1930,Malevita,,Tango,Charlo,Odeón,,A. E. Ossilich,,,29-31 Main Lineup,Oscar Napolitano,"Alfredo Sciarretta, Salvador Cilotta (Drums)","Daniel Alvarez, Américo Figola, Luis Zinkes, Haroldo Ferrero","Leo Schiffrin, Carlos Taverna, Dante Napolitano, Armando Gutiérrez","Piano, Bass, 4 Bandoneons, 4 Violins, Drums",5629,7850
Francisco Lomuto,Orquesta Francisco Lomuto,5/23/1930,Mujer Ambiciosa,,Tango,Charlo,Odeón,,Fioravanti Santoro,,,29-31 Main Lineup,Oscar Napolitano,"Alfredo Sciarretta, Salvador Cilotta (Drums)","Daniel Alvarez, Américo Figola, Luis Zinkes, Haroldo Ferrero","Leo Schiffrin, Carlos Taverna, Dante Napolitano, Armando Gutiérrez","Piano, Bass, 4 Bandoneons, 4 Violins, Drums",5628,7852
Francisco Lomuto,Orquesta Francisco Lomuto,6/11/1930,Enfundá La Mandolina,,Tango,Instrumental,Odeón,,Francisco Nicolás Pracánico,José María Horacio Zubiría Mansilla,,29-31 Main Lineup,Oscar Napolitano,"Alfredo Sciarretta, Salvador Cilotta (Drums)","Daniel Alvarez, Américo Figola, Luis Zinkes, Haroldo Ferrero","Leo Schiffrin, Carlos Taverna, Dante Napolitano, Armando Gutiérrez","Piano, Bass, 4 Bandoneons, 4 Violins, Drums",5677,7848
Francisco Lomuto,Orquesta Francisco Lomuto,7/2/1930,Flores De Amor,,Vals,Instrumental,Odeón,,S. H. Taranto,,,29-31 Main Lineup,Oscar Napolitano,"Alfredo Sciarretta, Salvador Cilotta (Drums)","Daniel Alvarez, Américo Figola, Luis Zinkes, Haroldo Ferrero","Leo Schiffrin, Carlos Taverna, Dante Napolitano, Armando Gutiérrez","Piano, Bass, 4 Bandoneons, 4 Violins, Drums",5825,7854
Francisco Lomuto,Orquesta Francisco Lomuto,7/16/1930,Muñeco Al Suelo,,Tango,Antonio Buglione,Odeón,,Modesto Papávero,Modesto Papávero,,29-31 Main Lineup,Oscar Napolitano,"Alfredo Sciarretta, Salvador Cilotta (Drums)","Daniel Alvarez, Américo Figola, Luis Zinkes, Haroldo Ferrero","Leo Schiffrin, Carlos Taverna, Dante Napolitano, Armando Gutiérrez","Piano, Bass, 4 Bandoneons, 4 Violins, Drums",5906,7856
Francisco Lomuto,Orquesta Francisco Lomuto,7/16/1930,Pare La Marcha,,Tango,Antonio Buglione,Odeón,,Pascual Clausi,Francisco Juan Lomuto,,29-31 Main Lineup,Oscar Napolitano,"Alfredo Sciarretta, Salvador Cilotta (Drums)","Daniel Alvarez, Américo Figola, Luis Zinkes, Haroldo Ferrero","Leo Schiffrin, Carlos Taverna, Dante Napolitano, Armando Gutiérrez","Piano, Bass, 4 Bandoneons, 4 Violins, Drums",5904,7855
Francisco Lomuto,Orquesta Francisco Lomuto,9/9/1930,Qué Tipo,,Tango,Instrumental,Odeón,,Antonio Polito,,,29-31 Main Lineup,Oscar Napolitano,"Alfredo Sciarretta, Salvador Cilotta (Drums)","Daniel Alvarez, Américo Figola, Luis Zinkes, Haroldo Ferrero","Leo Schiffrin, Carlos Taverna, Dante Napolitano, Armando Gutiérrez","Piano, Bass, 4 Bandoneons, 4 Violins, Drums",6010,7858
Francisco Lomuto,Orquesta Francisco Lomuto,9/9/1930,No Te Vendas,,Tango,Príncipe Azul,Odeón,,Héctor Quesada,,,29-31 Main Lineup,Oscar Napolitano,"Alfredo Sciarretta, Salvador Cilotta (Drums)","Daniel Alvarez, Américo Figola, Luis Zinkes, Haroldo Ferrero","Leo Schiffrin, Carlos Taverna, Dante Napolitano, Armando Gutiérrez","Piano, Bass, 4 Bandoneons, 4 Violins, Drums",6011,7865
Francisco Lomuto,Orquesta Francisco Lomuto,9/9/1930,Noche De Tormenta,,Vals,Príncipe Azul,Odeón,,Alberto Hilarión Acuña,José De Cicco,,29-31 Main Lineup,Oscar Napolitano,"Alfredo Sciarretta, Salvador Cilotta (Drums)","Daniel Alvarez, Américo Figola, Luis Zinkes, Haroldo Ferrero","Leo Schiffrin, Carlos Taverna, Dante Napolitano, Armando Gutiérrez","Piano, Bass, 4 Bandoneons, 4 Violins, Drums",6012,7860
Francisco Lomuto,Orquesta Francisco Lomuto,9/16/1930,Muchachada De Ayer,,Tango,Instrumental,Odeón,,C. Caputo,,,29-31 Main Lineup,Oscar Napolitano,"Alfredo Sciarretta, Salvador Cilotta (Drums)","Daniel Alvarez, Américo Figola, Luis Zinkes, Haroldo Ferrero","Leo Schiffrin, Carlos Taverna, Dante Napolitano, Armando Gutiérrez","Piano, Bass, 4 Bandoneons, 4 Violins, Drums",6038,7860
Francisco Lomuto,Orquesta Francisco Lomuto,9/30/1930,Amor Y Celos,,Vals,Instrumental,Odeón,,Miguel Padula,Alfredo Faustino Roldán,,29-31 Main Lineup,Oscar Napolitano,"Alfredo Sciarretta, Salvador Cilotta (Drums)","Daniel Alvarez, Américo Figola, Luis Zinkes, Haroldo Ferrero","Leo Schiffrin, Carlos Taverna, Dante Napolitano, Armando Gutiérrez","Piano, Bass, 4 Bandoneons, 4 Violins, Drums",6119,7861
Francisco Lomuto,Orquesta Francisco Lomuto,9/30/1930,Cambió Tu Suerte,,Tango,Príncipe Azul,Odeón,,R. Biafore,,,29-31 Main Lineup,Oscar Napolitano,"Alfredo Sciarretta, Salvador Cilotta (Drums)","Daniel Alvarez, Américo Figola, Luis Zinkes, Haroldo Ferrero","Leo Schiffrin, Carlos Taverna, Dante Napolitano, Armando Gutiérrez","Piano, Bass, 4 Bandoneons, 4 Violins, Drums",6121,7862
Francisco Lomuto,Orquesta Francisco Lomuto,11/7/1930,"Lejos, Muy Lejos",,Tango,Príncipe Azul,Odeón,,V. Sipulla,,,29-31 Main Lineup,Oscar Napolitano,"Alfredo Sciarretta, Salvador Cilotta (Drums)","Daniel Alvarez, Américo Figola, Luis Zinkes, Haroldo Ferrero","Leo Schiffrin, Carlos Taverna, Dante Napolitano, Armando Gutiérrez","Piano, Bass, 4 Bandoneons, 4 Violins, Drums",6301,7864
Francisco Lomuto,Orquesta Francisco Lomuto,11/19/1930,Sueño Dorado,,Vals,Instrumental,Odeón,,A. A. Gentile (¿o Augusto Umberto Gentile?),,,29-31 Main Lineup,Oscar Napolitano,"Alfredo Sciarretta, Salvador Cilotta (Drums)","Daniel Alvarez, Américo Figola, Luis Zinkes, Haroldo Ferrero","Leo Schiffrin, Carlos Taverna, Dante Napolitano, Armando Gutiérrez","Piano, Bass, 4 Bandoneons, 4 Violins, Drums",6354,7866
Francisco Lomuto,Orquesta Francisco Lomuto,11/28/1930,Vos Andá Que Te Conviene,,Tango,Príncipe Azul,Odeón,,Víctor Dionisio Lomuto,,,29-31 Main Lineup,Oscar Napolitano,"Alfredo Sciarretta, Salvador Cilotta (Drums)","Daniel Alvarez, Américo Figola, Luis Zinkes, Haroldo Ferrero","Leo Schiffrin, Carlos Taverna, Dante Napolitano, Armando Gutiérrez","Piano, Bass, 4 Bandoneons, 4 Violins, Drums",6442,7869
Francisco Lomuto,Orquesta Francisco Lomuto,12/9/1930,A Tus Ojos,,Vals,Príncipe Azul,Odeón,,"Propato, Carena","Propato, Carena",,29-31 Main Lineup,Oscar Napolitano,"Alfredo Sciarretta, Salvador Cilotta (Drums)","Daniel Alvarez, Américo Figola, Luis Zinkes, Haroldo Ferrero","Leo Schiffrin, Carlos Taverna, Dante Napolitano, Armando Gutiérrez","Piano, Bass, 4 Bandoneons, 4 Violins, Drums",6497,7869
Francisco Lomuto,Orquesta Francisco Lomuto,12/9/1930,Kerry,,Vals,Príncipe Azul,Odeón,,"Víctor Troysi, Fortich","Víctor Troysi, Fortich",,29-31 Main Lineup,Oscar Napolitano,"Alfredo Sciarretta, Salvador Cilotta (Drums)","Daniel Alvarez, Américo Figola, Luis Zinkes, Haroldo Ferrero","Leo Schiffrin, Carlos Taverna, Dante Napolitano, Armando Gutiérrez","Piano, Bass, 4 Bandoneons, 4 Violins, Drums",6498,7868
Francisco Lomuto,Orquesta Francisco Lomuto,12/13/1930,Los Últimos Gauchos,,Vals,Instrumental,Odeón,,G. A. Montenegro,G. A. Montenegro,,29-31 Main Lineup,Oscar Napolitano,"Alfredo Sciarretta, Salvador Cilotta (Drums)","Daniel Alvarez, Américo Figola, Luis Zinkes, Haroldo Ferrero","Leo Schiffrin, Carlos Taverna, Dante Napolitano, Armando Gutiérrez","Piano, Bass, 4 Bandoneons, 4 Violins, Drums",6539,7867
Francisco Lomuto,Orquesta Francisco Lomuto,12/13/1930,Perdoname Mujer,,Tango,Príncipe Azul,Odeón,,Luis Bernstein,Luis Bernstein,,29-31 Main Lineup,Oscar Napolitano,"Alfredo Sciarretta, Salvador Cilotta (Drums)","Daniel Alvarez, Américo Figola, Luis Zinkes, Haroldo Ferrero","Leo Schiffrin, Carlos Taverna, Dante Napolitano, Armando Gutiérrez","Piano, Bass, 4 Bandoneons, 4 Violins, Drums",6538,7868
Francisco Lomuto,Orquesta Francisco Lomuto,12/13/1930,Vesubio,,Tango,Príncipe Azul,Odeón,,Enrique Pedro Delfino,,,29-31 Main Lineup,Oscar Napolitano,"Alfredo Sciarretta, Salvador Cilotta (Drums)","Daniel Alvarez, Américo Figola, Luis Zinkes, Haroldo Ferrero","Leo Schiffrin, Carlos Taverna, Dante Napolitano, Armando Gutiérrez","Piano, Bass, 4 Bandoneons, 4 Violins, Drums",6536,7867
Francisco Lomuto,Orquesta Francisco Lomuto,4/24/1931,Divagando,,Tango,Jorge Torres,Odeón,,Daniel H. Álvarez,,,29-31 Main Lineup,Oscar Napolitano,"Alfredo Sciarretta, Salvador Cilotta (Drums)","Daniel Alvarez, Américo Figola, Luis Zinkes, Haroldo Ferrero","Leo Schiffrin, Carlos Taverna, Dante Napolitano, Armando Gutiérrez","Piano, Bass, 4 Bandoneons, 4 Violins, Drums",6651,7874
Francisco Lomuto,Orquesta Francisco Lomuto,6/26/1931,Amor Y Patria,,Vals,Instrumental,Odeón,,D. Cauvilla Prim,,,29-31 Main Lineup,Oscar Napolitano,"Alfredo Sciarretta, Salvador Cilotta (Drums)","Daniel Alvarez, Américo Figola, Luis Zinkes, Haroldo Ferrero","Leo Schiffrin, Carlos Taverna, Dante Napolitano, Armando Gutiérrez","Piano, Bass, 4 Bandoneons, 4 Violins, Drums",6738,7877
Francisco Lomuto,Orquesta Francisco Lomuto,6/26/1931,Suburbio,,Tango,Luis Cáceres,Odeón,,Ernesto Famá,Ernesto Famá,,29-31 Main Lineup,Oscar Napolitano,"Alfredo Sciarretta, Salvador Cilotta (Drums)","Daniel Alvarez, Américo Figola, Luis Zinkes, Haroldo Ferrero","Leo Schiffrin, Carlos Taverna, Dante Napolitano, Armando Gutiérrez","Piano, Bass, 4 Bandoneons, 4 Violins, Drums",6737,7876
Francisco Lomuto,Orquesta Francisco Lomuto,8/29/1932,"Suscribite Al ,",,Tango,Fernando Díaz,Víctor,,Pedro Diorio,Pedro Diorio,,31-35 Víctor,Oscar Napolitano,"Alfredo Sciarretta, Salvador Cilotta (Drums)","Daniel Alvarez, Américo Figola, Luis Zinkes, Haroldo Ferrero","Leo Schiffrin, Carlos Taverna, Dante Napolitano, Armando Gutiérrez","Piano, Bass, 4 Bandoneons, 4 Violins, Drums",66885,37269
Francisco Lomuto,Orquesta Francisco Lomuto,5/31/1933,Lucesitas De Mi Pueblo,,Tango,Fernando Díaz,Víctor,,Enrique Pedro Delfino,Francisco Oyarzaba,,31-35 Víctor,Oscar Napolitano,"Alfredo Sciarretta, Salvador Cilotta (Drums)","Daniel Alvarez, Américo Figola, Luis Zinkes, Haroldo Ferrero","Leo Schiffrin, Carlos Taverna, Dante Napolitano, Armando Gutiérrez","Piano, Bass, 4 Bandoneons, 4 Violins, Drums",74189,37419
Francisco Lomuto,Orquesta Francisco Lomuto,1934,Dímelo Al Oído,,Tango,Tito Schipa,Víctor,,Francisco Juan Lomuto,Francisco Juan Lomuto,,31-35 Víctor,Oscar Napolitano,"Alfredo Sciarretta, Salvador Cilotta (Drums)","Daniel Alvarez, Américo Figola, Luis Zinkes, Haroldo Ferrero","Leo Schiffrin, Carlos Taverna, Dante Napolitano, Armando Gutiérrez","Piano, Bass, 4 Bandoneons, 4 Violins, Drums",,
Francisco Lomuto,Orquesta Francisco Lomuto,2/6/1940,Dejame Con Mis Penas,,Tango,Jorge Omar,Víctor,,Francisco Juan Lomuto,Pascual Tomás Lomuto,,36-42 Larger Orquesta,Oscar Napolitano,"Alfredo Sciarretta, Salvador Cilotta (Drums)","Martín Darré, Américo Figola, Luis Zinkes, Víctor Lomuto, Miguel Jurado, Cándido Borrajo (Trumpet), Carmelo Águila (Sax), Primo Staderi (Clarinet)","Leo Schiffrin, Armando Gutiérrez, Carlos Taverna","Piano, Bass, 5 Bandoneons, 3 Violins, Drums, Trumpet, Sax, Clarinet",BAVE-039196,Victor 38936
Francisco Lomuto,Orquesta Francisco Lomuto,2/8/1940,Tengo Mil Novias,,Vals,Fernando Díaz,Víctor,,Enrique Rodríguez,Enrique Domingo Cadícamo,,36-42 Larger Orquesta,Oscar Napolitano,"Alfredo Sciarretta, Salvador Cilotta (Drums)","Martín Darré, Américo Figola, Luis Zinkes, Víctor Lomuto, Miguel Jurado, Cándido Borrajo (Trumpet), Carmelo Águila (Sax), Primo Staderi (Clarinet)","Leo Schiffrin, Armando Gutiérrez, Carlos Taverna","Piano, Bass, 5 Bandoneons, 3 Violins, Drums, Trumpet, Sax, Clarinet",BAVE-039203,Victor 27938
Francisco Lomuto,Orquesta Francisco Lomuto,2/8/1940,Son Cosas Del Bandoneón,,Tango,Jorge Omar,Víctor,,Enrique Rodríguez,Enrique Domingo Cadícamo,,36-42 Larger Orquesta,Oscar Napolitano,"Alfredo Sciarretta, Salvador Cilotta (Drums)","Martín Darré, Américo Figola, Luis Zinkes, Víctor Lomuto, Miguel Jurado, Cándido Borrajo (Trumpet), Carmelo Águila (Sax), Primo Staderi (Clarinet)","Leo Schiffrin, Armando Gutiérrez, Carlos Taverna","Piano, Bass, 5 Bandoneons, 3 Violins, Drums, Trumpet, Sax, Clarinet",BAVE-039204,Victor 38919
Francisco Lomuto,Orquesta Francisco Lomuto,2/23/1940,Lomuto,,Tango,Instrumental,Víctor,,Héctor Quesada,,,36-42 Larger Orquesta,Oscar Napolitano,"Alfredo Sciarretta, Salvador Cilotta (Drums)","Martín Darré, Américo Figola, Luis Zinkes, Víctor Lomuto, Miguel Jurado, Cándido Borrajo (Trumpet), Carmelo Águila (Sax), Primo Staderi (Clarinet)","Leo Schiffrin, Armando Gutiérrez, Carlos Taverna","Piano, Bass, 5 Bandoneons, 3 Violins, Drums, Trumpet, Sax, Clarinet",BAVE-039226,Victor 38949
Francisco Lomuto,Orquesta Francisco Lomuto,4/4/1940,El Día Que Te Fuiste,,Vals,Fernando Díaz y Jorge Omar,Víctor,,Héctor Antonio Lomuto,Héctor Antonio Lomuto,,36-42 Larger Orquesta,Oscar Napolitano,"Alfredo Sciarretta, Salvador Cilotta (Drums)","Martín Darré, Américo Figola, Luis Zinkes, Víctor Lomuto, Miguel Jurado, Cándido Borrajo (Trumpet), Carmelo Águila (Sax), Primo Staderi (Clarinet)","Leo Schiffrin, Armando Gutiérrez, Carlos Taverna","Piano, Bass, 5 Bandoneons, 3 Violins, Drums, Trumpet, Sax, Clarinet",39227,38965
Francisco Lomuto,Orquesta Francisco Lomuto,4/11/1940,Cuando Estaba Enamorado,,Vals,Fernando Díaz,Víctor,,Rodolfo Pascual Sciammarella,Rodolfo Pascual Sciammarella,,36-42 Larger Orquesta,Oscar Napolitano,"Alfredo Sciarretta, Salvador Cilotta (Drums)","Martín Darré, Américo Figola, Luis Zinkes, Víctor Lomuto, Miguel Jurado, Cándido Borrajo (Trumpet), Carmelo Águila (Sax), Primo Staderi (Clarinet)","Leo Schiffrin, Armando Gutiérrez, Carlos Taverna","Piano, Bass, 5 Bandoneons, 3 Violins, Drums, Trumpet, Sax, Clarinet",BAVE-039239,Victor 38983
Francisco Lomuto,Orquesta Francisco Lomuto,4/11/1940,Yo Nací Para Querer,,Tango,Jorge Omar,Víctor,,Francisco Canaro,Guillermo Juan Robustiano Pichot,,36-42 Larger Orquesta,Oscar Napolitano,"Alfredo Sciarretta, Salvador Cilotta (Drums)","Martín Darré, Américo Figola, Luis Zinkes, Víctor Lomuto, Miguel Jurado, Cándido Borrajo (Trumpet), Carmelo Águila (Sax), Primo Staderi (Clarinet)","Leo Schiffrin, Armando Gutiérrez, Carlos Taverna","Piano, Bass, 5 Bandoneons, 3 Violins, Drums, Trumpet, Sax, Clarinet",BAVE-039240,Victor 38983
Francisco Lomuto,Orquesta Francisco Lomuto,5/15/1940,Llanto,,Tango,Fernando Díaz,Víctor,,Pedro Mario Maffia,Homero Nicolás Manzione Prestera,,36-42 Larger Orquesta,Oscar Napolitano,"Alfredo Sciarretta, Salvador Cilotta (Drums)","Martín Darré, Américo Figola, Luis Zinkes, Víctor Lomuto, Miguel Jurado, Cándido Borrajo (Trumpet), Carmelo Águila (Sax), Primo Staderi (Clarinet)","Leo Schiffrin, Armando Gutiérrez, Carlos Taverna","Piano, Bass, 5 Bandoneons, 3 Violins, Drums, Trumpet, Sax, Clarinet",39289,39007
Francisco Lomuto,Orquesta Francisco Lomuto,8/1/1940,La Princesa Está Triste,,Vals,Jorge Omar,Víctor,,Ernesto Lecuona,Ernesto Lecuona,,36-42 Larger Orquesta,Oscar Napolitano,"Alfredo Sciarretta, Salvador Cilotta (Drums)","Martín Darré, Américo Figola, Luis Zinkes, Víctor Lomuto, Miguel Jurado, Cándido Borrajo (Trumpet), Carmelo Águila (Sax), Primo Staderi (Clarinet)","Leo Schiffrin, Armando Gutiérrez, Carlos Taverna","Piano, Bass, 5 Bandoneons, 3 Violins, Drums, Trumpet, Sax, Clarinet",39415,39046
Francisco Lomuto,Orquesta Francisco Lomuto,8/12/1940,Isabelita,,Vals,Fernando Díaz,Víctor,,Rodolfo Pascual Sciammarella,Manuel Romero,,36-42 Larger Orquesta,Oscar Napolitano,"Alfredo Sciarretta, Salvador Cilotta (Drums)","Martín Darré, Américo Figola, Luis Zinkes, Víctor Lomuto, Miguel Jurado, Cándido Borrajo (Trumpet), Carmelo Águila (Sax), Primo Staderi (Clarinet)","Leo Schiffrin, Armando Gutiérrez, Carlos Taverna","Piano, Bass, 5 Bandoneons, 3 Violins, Drums, Trumpet, Sax, Clarinet",BAVE-039428,Victor (Argentina) 39056
Francisco Lomuto,Orquesta Francisco Lomuto,8/12/1940,Quiero Verte Una Vez Más,,Tango,Fernando Díaz,Víctor,,Mario Canaro,José María Contursi,,36-42 Larger Orquesta,Oscar Napolitano,"Alfredo Sciarretta, Salvador Cilotta (Drums)","Martín Darré, Américo Figola, Luis Zinkes, Víctor Lomuto, Miguel Jurado, Cándido Borrajo (Trumpet), Carmelo Águila (Sax), Primo Staderi (Clarinet)","Leo Schiffrin, Armando Gutiérrez, Carlos Taverna","Piano, Bass, 5 Bandoneons, 3 Violins, Drums, Trumpet, Sax, Clarinet",BAVE-039427,Victor (Argentina) 39056
Francisco Lomuto,Orquesta Francisco Lomuto,9/18/1940,Martirio,,Tango,Fernando Díaz,Víctor,,Enrique Santos Discepolo,Enrique Santos Discepolo,,36-42 Larger Orquesta,Oscar Napolitano,"Alfredo Sciarretta, Salvador Cilotta (Drums)","Martín Darré, Américo Figola, Luis Zinkes, Víctor Lomuto, Miguel Jurado, Cándido Borrajo (Trumpet), Carmelo Águila (Sax), Primo Staderi (Clarinet)","Leo Schiffrin, Armando Gutiérrez, Carlos Taverna","Piano, Bass, 5 Bandoneons, 3 Violins, Drums, Trumpet, Sax, Clarinet",39498,39085
Francisco Lomuto,Orquesta Francisco Lomuto,10/18/1940,Negro Lindo,,Tango,Fernando Díaz,Víctor,,Francisco Juan Lomuto,Bartolomé Más,,36-42 Larger Orquesta,Oscar Napolitano,"Alfredo Sciarretta, Salvador Cilotta (Drums)","Martín Darré, Américo Figola, Luis Zinkes, Víctor Lomuto, Miguel Jurado, Cándido Borrajo (Trumpet), Carmelo Águila (Sax), Primo Staderi (Clarinet)","Leo Schiffrin, Armando Gutiérrez, Carlos Taverna","Piano, Bass, 5 Bandoneons, 3 Violins, Drums, Trumpet, Sax, Clarinet",39557,39115
Francisco Lomuto,Orquesta Francisco Lomuto,11/7/1940,Riendo,,Tango,Fernando Díaz,Víctor,,"Alfredo Antonio Malerba, Mario Maurano, Rodolfo Pascual Sciammarella","Alfredo Antonio Malerba, Mario Maurano, Rodolfo Pascual Sciammarella",,36-42 Larger Orquesta,Oscar Napolitano,"Alfredo Sciarretta, Salvador Cilotta (Drums)","Martín Darré, Américo Figola, Luis Zinkes, Víctor Lomuto, Miguel Jurado, Cándido Borrajo (Trumpet), Carmelo Águila (Sax), Primo Staderi (Clarinet)","Leo Schiffrin, Armando Gutiérrez, Carlos Taverna","Piano, Bass, 5 Bandoneons, 3 Violins, Drums, Trumpet, Sax, Clarinet",39619,39130
Francisco Lomuto,Orquesta Francisco Lomuto,10/24/1945,Viborita,,Tango,Instrumental,Víctor,,Lorenzo Arola,,,43-50 Martín Piano,Ángel Martín,"El Turco Velázquez, Salvador Cilotta (Drums)","Martín Darré, Américo Figola, Luis Zinkes, Gregorio Pérez","Leo Schiffrin, Armando Gutiérrez, Carlos Taverna, Luis Apicella","Piano, Bass, 4 Bandoneons, 4 Violins, Drums",80858,60-0824
Francisco Lomuto,Orquesta Francisco Lomuto,14 o 19/4/1929,Chiribiribí,,Vals,Charlo,Nacional Odeón,,Mabel Wayne,,,29-31 Main Lineup,Oscar Napolitano,"Alfredo Sciarretta, Salvador Cilotta (Drums)","Daniel Alvarez, Américo Figola, Luis Zinkes, Haroldo Ferrero","Leo Schiffrin, Carlos Taverna, Dante Napolitano, Armando Gutiérrez","Piano, Bass, 4 Bandoneons, 4 Violins, Drums",3975,7803
Francisco Lomuto,Orquesta Francisco Lomuto,¿1937?,Chamaca Argentina,,Vals,Juan Arvizu,Víctor,,"Juan Arvizu, Felipe Mitre Navas","Juan Arvizu, Felipe Mitre Navas",,36-42 Larger Orquesta,Oscar Napolitano,"Alfredo Sciarretta, Salvador Cilotta (Drums)","Martín Darré, Américo Figola, Luis Zinkes, Víctor Lomuto, Miguel Jurado, Cándido Borrajo (Trumpet), Carmelo Águila (Sax), Primo Staderi (Clarinet)","Leo Schiffrin, Armando Gutiérrez, Carlos Taverna","Piano, Bass, 5 Bandoneons, 3 Violins, Drums, Trumpet, Sax, Clarinet",,
Francisco Lomuto,Orquesta Francisco Lomuto,¿1937?,No Cantes Ese Tango,,Tango,Juan Arvizu,Víctor,,Francisco Juan Lomuto,Rodolfo Blas Arrigorriaga,,36-42 Larger Orquesta,Oscar Napolitano,"Alfredo Sciarretta, Salvador Cilotta (Drums)","Martín Darré, Américo Figola, Luis Zinkes, Víctor Lomuto, Miguel Jurado, Cándido Borrajo (Trumpet), Carmelo Águila (Sax), Primo Staderi (Clarinet)","Leo Schiffrin, Armando Gutiérrez, Carlos Taverna","Piano, Bass, 5 Bandoneons, 3 Violins, Drums, Trumpet, Sax, Clarinet",,
Francisco Lomuto,Orquesta Francisco Lomuto,¿1937?,Qué Fácil Es Decir,,Tango,Juan Arvizu,Víctor,,Rodolfo Pascual Sciammarella,Rubén Nicolás Fernández Barbieri,,36-42 Larger Orquesta,Oscar Napolitano,"Alfredo Sciarretta, Salvador Cilotta (Drums)","Martín Darré, Américo Figola, Luis Zinkes, Víctor Lomuto, Miguel Jurado, Cándido Borrajo (Trumpet), Carmelo Águila (Sax), Primo Staderi (Clarinet)","Leo Schiffrin, Armando Gutiérrez, Carlos Taverna","Piano, Bass, 5 Bandoneons, 3 Violins, Drums, Trumpet, Sax, Clarinet",,
Francisco Lomuto,Orquesta Francisco Lomuto,¿1937?,Si Dejaras De Quererme,,Tango,Juan Arvizu,Víctor,,Francisco Juan Lomuto,Francisco Juan Lomuto,,36-42 Larger Orquesta,Oscar Napolitano,"Alfredo Sciarretta, Salvador Cilotta (Drums)","Martín Darré, Américo Figola, Luis Zinkes, Víctor Lomuto, Miguel Jurado, Cándido Borrajo (Trumpet), Carmelo Águila (Sax), Primo Staderi (Clarinet)","Leo Schiffrin, Armando Gutiérrez, Carlos Taverna","Piano, Bass, 5 Bandoneons, 3 Violins, Drums, Trumpet, Sax, Clarinet",,
Francisco Lomuto,Orquesta Francisco Lomuto,5/23/1932,Que tienes en la mirada,,Tango,Fernando Díaz,Víctor,,Salvador Merico; Alejandro Berruti,,,31-35 Víctor,Oscar Napolitano,"Alfredo Sciarretta, Salvador Cilotta (Drums)","Daniel Alvarez, Américo Figola, Luis Zinkes, Haroldo Ferrero","Leo Schiffrin, Carlos Taverna, Dante Napolitano, Armando Gutiérrez","Piano, Bass, 4 Bandoneons, 4 Violins, Drums",BAVE-66729,Victor 37202
Francisco Lomuto,Orquesta Francisco Lomuto,9/7/1933,"Díos te salve, mi hijo",,Tango,Fernando Díaz,Víctor,,Pedro Noda; Agustín Magaldi,Luis Acosta García,,31-35 Víctor,Oscar Napolitano,"Alfredo Sciarretta, Salvador Cilotta (Drums)","Daniel Alvarez, Américo Figola, Luis Zinkes, Haroldo Ferrero","Leo Schiffrin, Carlos Taverna, Dante Napolitano, Armando Gutiérrez","Piano, Bass, 4 Bandoneons, 4 Violins, Drums",BAVE-74307,Victor 32232
Francisco Lomuto,Orquesta Francisco Lomuto,11/29/1934,Y te fuistes a Paris,,Tango,Fernando Díaz,Víctor,,Eduardo Pereyra,,,31-35 Víctor,Oscar Napolitano,"Alfredo Sciarretta, Salvador Cilotta (Drums)","Daniel Alvarez, Américo Figola, Luis Zinkes, Haroldo Ferrero","Leo Schiffrin, Carlos Taverna, Dante Napolitano, Armando Gutiérrez","Piano, Bass, 4 Bandoneons, 4 Violins, Drums",BAVE-86708,Victor 37690
Francisco Lomuto,Orquesta Francisco Lomuto,2/9/1938,"""13""",,Tango,Instrumental,Víctor,,Alberico Spatola,,,36-42 Larger Orquesta,Oscar Napolitano,"Alfredo Sciarretta, Salvador Cilotta (Drums)","Martín Darré, Américo Figola, Luis Zinkes, Víctor Lomuto, Miguel Jurado, Cándido Borrajo (Trumpet), Carmelo Águila (Sax), Primo Staderi (Clarinet)","Leo Schiffrin, Armando Gutiérrez, Carlos Taverna","Piano, Bass, 5 Bandoneons, 3 Violins, Drums, Trumpet, Sax, Clarinet",BAVE-012118,Victor 38411
Francisco Lomuto,Orquesta Francisco Lomuto,4/4/1940,El dia que te fuiste,,Vals,Jorge Omar y Fernando Díaz,Víctor,,Héctor Lomuto,Héctor Lomuto,,36-42 Larger Orquesta,Oscar Napolitano,"Alfredo Sciarretta, Salvador Cilotta (Drums)","Martín Darré, Américo Figola, Luis Zinkes, Víctor Lomuto, Miguel Jurado, Cándido Borrajo (Trumpet), Carmelo Águila (Sax), Primo Staderi (Clarinet)","Leo Schiffrin, Armando Gutiérrez, Carlos Taverna","Piano, Bass, 5 Bandoneons, 3 Violins, Drums, Trumpet, Sax, Clarinet",BAVE-039227,Victor 38965
Francisco Lomuto,Orquesta Francisco Lomuto,11/6/1940,Quimera,,Vals,Jorge Omar,Víctor,,Rodolfo Sciammarella,,,36-42 Larger Orquesta,Oscar Napolitano,"Alfredo Sciarretta, Salvador Cilotta (Drums)","Martín Darré, Américo Figola, Luis Zinkes, Víctor Lomuto, Miguel Jurado, Cándido Borrajo (Trumpet), Carmelo Águila (Sax), Primo Staderi (Clarinet)","Leo Schiffrin, Armando Gutiérrez, Carlos Taverna","Piano, Bass, 5 Bandoneons, 3 Violins, Drums, Trumpet, Sax, Clarinet",BAVE-059863,Victor (Argentina) 39509
Francisco Lomuto,Orquesta Francisco Lomuto,between 5/10/1939 and 7/12/1939,Como las aves,,Tango,Carmencita del Moral,Víctor,,Francisco J. Lomuto,Manuel Romero,,36-42 Larger Orquesta,Oscar Napolitano,"Alfredo Sciarretta, Salvador Cilotta (Drums)","Martín Darré, Américo Figola, Luis Zinkes, Víctor Lomuto, Miguel Jurado, Cándido Borrajo (Trumpet), Carmelo Águila (Sax), Primo Staderi (Clarinet)","Leo Schiffrin, Armando Gutiérrez, Carlos Taverna","Piano, Bass, 5 Bandoneons, 3 Violins, Drums, Trumpet, Sax, Clarinet",BAVE-039131,Victor 38876
Francisco Lomuto,Orquesta Francisco Lomuto,before 1/2/1941,Negro lindo,,Tango,Fernando Díaz,Víctor,,Francisco J. Lomuto,Lito Más,,36-42 Larger Orquesta,Oscar Napolitano,"Alfredo Sciarretta, Salvador Cilotta (Drums)","Martín Darré, Américo Figola, Luis Zinkes, Víctor Lomuto, Miguel Jurado, Cándido Borrajo (Trumpet), Carmelo Águila (Sax), Primo Staderi (Clarinet)","Leo Schiffrin, Armando Gutiérrez, Carlos Taverna","Piano, Bass, 5 Bandoneons, 3 Violins, Drums, Trumpet, Sax, Clarinet",BAVE-039557,Victor (Argentina) 39115
Francisco Lomuto,Orquesta Francisco Lomuto,before 2/18/1941,Riendo,,Tango,Fernando Díaz,Víctor,,Alfredo Malerba; Mario Maurano,Rodolfo Sciammarella,,36-42 Larger Orquesta,Oscar Napolitano,"Alfredo Sciarretta, Salvador Cilotta (Drums)","Martín Darré, Américo Figola, Luis Zinkes, Víctor Lomuto, Miguel Jurado, Cándido Borrajo (Trumpet), Carmelo Águila (Sax), Primo Staderi (Clarinet)","Leo Schiffrin, Armando Gutiérrez, Carlos Taverna","Piano, Bass, 5 Bandoneons, 3 Violins, Drums, Trumpet, Sax, Clarinet",BAVE-039619,Victor (Argentina) 39130
