Bandleader,Orchestra,Date,Title,AltTitle,Genre,Singer,Label,Master,Matrix,Disc,Composer,Author,Arranger,Grouping,Pianist,Bassist,Bandoneons,Strings,Lineup,Img_Type,Img_Folder,Img_Side,Img_Album
Francisco Canaro,Orquesta Francisco Canaro,1916,Amor Puro,,Vals,Instrumental,Atlanta,,45,3022,Pedro Sofía,,,16-20 Accoustic,,,"Pedro Polito, UNKNOWN (Flute)","Francisco Canaro, UNKNOWN, Leopoldo Thompson (Guitar)","Bandoneon, 2 Violins, Flute, Guitar",,,,
Francisco Canaro,Orquesta Francisco Canaro,1916,Ando Pato,,Tango,Instrumental,Atlanta,,62,3032,Juan Maglio,,,16-20 Accoustic,,,"Pedro Polito, UNKNOWN (Flute)","Francisco Canaro, UNKNOWN, Leopoldo Thompson (Guitar)","Bandoneon, 2 Violins, Flute, Guitar",,,,
Francisco Canaro,Orquesta Francisco Canaro,1916,Blanca Nieve,,Vals,Instrumental,Atlanta,,37,3018,Juan Labissier,,,16-20 Accoustic,,,"Pedro Polito, UNKNOWN (Flute)","Francisco Canaro, UNKNOWN, Leopoldo Thompson (Guitar)","Bandoneon, 2 Violins, Flute, Guitar",,,,
Francisco Canaro,Orquesta Francisco Canaro,1916,Canaro,,Tango,Instrumental,Atlanta,,32,3016,José Martínez,,,16-20 Accoustic,,,"Pedro Polito, UNKNOWN (Flute)","Francisco Canaro, UNKNOWN, Leopoldo Thompson (Guitar)","Bandoneon, 2 Violins, Flute, Guitar",,,,
Francisco Canaro,Orquesta Francisco Canaro,1916,Canillita,,Tango,Instrumental,Atlanta,,,3035,Francisco Canaro,,,16-20 Accoustic,,,"Pedro Polito, UNKNOWN (Flute)","Francisco Canaro, UNKNOWN, Leopoldo Thompson (Guitar)","Bandoneon, 2 Violins, Flute, Guitar",,,,
Francisco Canaro,Orquesta Francisco Canaro,1916,Centenario,,Vals,Instrumental,Atlanta,,70,3014,Andrés Chazarreta,,,16-20 Accoustic,,,"Pedro Polito, UNKNOWN (Flute)","Francisco Canaro, UNKNOWN, Leopoldo Thompson (Guitar)","Bandoneon, 2 Violins, Flute, Guitar",,,,
Francisco Canaro,Orquesta Francisco Canaro,1916,Charamusca,,Tango,Instrumental,Atlanta,,30,3015,Francisco Canaro,,,16-20 Accoustic,,,"Pedro Polito, UNKNOWN (Flute)","Francisco Canaro, UNKNOWN, Leopoldo Thompson (Guitar)","Bandoneon, 2 Violins, Flute, Guitar",,,,
Francisco Canaro,Orquesta Francisco Canaro,1916,Corazón de Artista,,Vals,Instrumental,Atlanta,,,3021,Pascual De Gullo,,,16-20 Accoustic,,,"Pedro Polito, UNKNOWN (Flute)","Francisco Canaro, UNKNOWN, Leopoldo Thompson (Guitar)","Bandoneon, 2 Violins, Flute, Guitar",,,,
Francisco Canaro,Orquesta Francisco Canaro,1916,De Mi Cosecha,,Tango,Instrumental,Atlanta,,83,3042,Alejandro Rolla,,,16-20 Accoustic,,,"Pedro Polito, UNKNOWN (Flute)","Francisco Canaro, UNKNOWN, Leopoldo Thompson (Guitar)","Bandoneon, 2 Violins, Flute, Guitar",,,,
Francisco Canaro,Orquesta Francisco Canaro,1916,Didí,Di Di,Tango,Instrumental,Atlanta,,48,3024,Roberto Firpo,,,16-20 Accoustic,,,"Pedro Polito, UNKNOWN (Flute)","Francisco Canaro, UNKNOWN, Leopoldo Thompson (Guitar)","Bandoneon, 2 Violins, Flute, Guitar",,,,
Francisco Canaro,Orquesta Francisco Canaro,1916,El Aeroplano,,Vals,Instrumental,Atlanta,,34,3017,Pedro Datta,,,16-20 Accoustic,,,"Pedro Polito, UNKNOWN (Flute)","Francisco Canaro, UNKNOWN, Leopoldo Thompson (Guitar)","Bandoneon, 2 Violins, Flute, Guitar",,,,
Francisco Canaro,Orquesta Francisco Canaro,1916,El Alacrán,,Tango,Instrumental,Atlanta,,,3019,Francisco Canaro,,,16-20 Accoustic,,,"Pedro Polito, UNKNOWN (Flute)","Francisco Canaro, UNKNOWN, Leopoldo Thompson (Guitar)","Bandoneon, 2 Violins, Flute, Guitar",,,,
Francisco Canaro,Orquesta Francisco Canaro,1916,El Amanecer,,Tango,Instrumental,Atlanta,,,3031,Roberto Firpo,,,16-20 Accoustic,,,"Pedro Polito, UNKNOWN (Flute)","Francisco Canaro, UNKNOWN, Leopoldo Thompson (Guitar)","Bandoneon, 2 Violins, Flute, Guitar",,,,
Francisco Canaro,Orquesta Francisco Canaro,1916,El Apronte,,Tango,Instrumental,Atlanta,,,3028,Roberto Firpo,,,16-20 Accoustic,,,"Pedro Polito, UNKNOWN (Flute)","Francisco Canaro, UNKNOWN, Leopoldo Thompson (Guitar)","Bandoneon, 2 Violins, Flute, Guitar",,,,
Francisco Canaro,Orquesta Francisco Canaro,1916,El Bisturí,,Tango,Instrumental,Atlanta,,,3034,Roberto Firpo,,,16-20 Accoustic,,,"Pedro Polito, UNKNOWN (Flute)","Francisco Canaro, UNKNOWN, Leopoldo Thompson (Guitar)","Bandoneon, 2 Violins, Flute, Guitar",,,,
Francisco Canaro,Orquesta Francisco Canaro,1916,El Calabozo,,Tango,Instrumental,Atlanta,,,3020,Augusto Gentile,,,16-20 Accoustic,,,"Pedro Polito, UNKNOWN (Flute)","Francisco Canaro, UNKNOWN, Leopoldo Thompson (Guitar)","Bandoneon, 2 Violins, Flute, Guitar",,,,
Francisco Canaro,Orquesta Francisco Canaro,1916,El Distinguido Ciudadano,,Tango,Instrumental,Atlanta,,73,3037,Peregrino Paulos,,,16-20 Accoustic,,,"Pedro Polito, UNKNOWN (Flute)","Francisco Canaro, UNKNOWN, Leopoldo Thompson (Guitar)","Bandoneon, 2 Violins, Flute, Guitar",,,,
Francisco Canaro,Orquesta Francisco Canaro,1916,El Espiante,,Tango,Instrumental,Atlanta,,50,3027,Osvaldo Fresedo,,,16-20 Accoustic,,,"Pedro Polito, UNKNOWN (Flute)","Francisco Canaro, UNKNOWN, Leopoldo Thompson (Guitar)","Bandoneon, 2 Violins, Flute, Guitar",,,,
Francisco Canaro,Orquesta Francisco Canaro,1916,El Favorito,,Tango,Instrumental,Atlanta,,63,3033,Francisco Canaro,,,16-20 Accoustic,,,"Pedro Polito, UNKNOWN (Flute)","Francisco Canaro, UNKNOWN, Leopoldo Thompson (Guitar)","Bandoneon, 2 Violins, Flute, Guitar",,,,
Francisco Canaro,Orquesta Francisco Canaro,1916,El Flete,,Tango,Instrumental,Atlanta,,,3020,Vicente Greco,Pascual Contursi,,16-20 Accoustic,,,"Pedro Polito, UNKNOWN (Flute)","Francisco Canaro, UNKNOWN, Leopoldo Thompson (Guitar)","Bandoneon, 2 Violins, Flute, Guitar",,,,
Francisco Canaro,Orquesta Francisco Canaro,1916,El Opio,,Tango,Instrumental,Atlanta,,51,3026,Francisco Canaro,,,16-20 Accoustic,,,"Pedro Polito, UNKNOWN (Flute)","Francisco Canaro, UNKNOWN, Leopoldo Thompson (Guitar)","Bandoneon, 2 Violins, Flute, Guitar",,,,
Francisco Canaro,Orquesta Francisco Canaro,1916,El Zeppelin,,Tango,Instrumental,Atlanta,,56,3030,Augusto Gentile,,,16-20 Accoustic,,,"Pedro Polito, UNKNOWN (Flute)","Francisco Canaro, UNKNOWN, Leopoldo Thompson (Guitar)","Bandoneon, 2 Violins, Flute, Guitar",,,,
Francisco Canaro,Orquesta Francisco Canaro,1916,En la Pampa,,Vals,Instrumental,Atlanta,,36,3017,Augusto Gentile,,,16-20 Accoustic,,,"Pedro Polito, UNKNOWN (Flute)","Francisco Canaro, UNKNOWN, Leopoldo Thompson (Guitar)","Bandoneon, 2 Violins, Flute, Guitar",,,,
Francisco Canaro,Orquesta Francisco Canaro,1916,Entre Dos Fuegos,,Tango,Instrumental,Atlanta,,47,3025,Alberto Buchardo,,,16-20 Accoustic,,,"Pedro Polito, UNKNOWN (Flute)","Francisco Canaro, UNKNOWN, Leopoldo Thompson (Guitar)","Bandoneon, 2 Violins, Flute, Guitar",,,,
Francisco Canaro,Orquesta Francisco Canaro,1916,Estoy Sobrando,,Tango,Instrumental,Atlanta,,64,3033,Pedro Polito,,,16-20 Accoustic,,,"Pedro Polito, UNKNOWN (Flute)","Francisco Canaro, UNKNOWN, Leopoldo Thompson (Guitar)","Bandoneon, 2 Violins, Flute, Guitar",,,,
Francisco Canaro,Orquesta Francisco Canaro,1916,Flor de Cardo,A Ella Le Gusta,Tango,Instrumental,Atlanta,,,3028,Samuel Castriota,,,16-20 Accoustic,,,"Pedro Polito, UNKNOWN (Flute)","Francisco Canaro, UNKNOWN, Leopoldo Thompson (Guitar)","Bandoneon, 2 Violins, Flute, Guitar",,,,
Francisco Canaro,Orquesta Francisco Canaro,1916,Germaine,,Tango,Instrumental,Atlanta,,77,3039,Alberto Buchardo,,,16-20 Accoustic,,,"Pedro Polito, UNKNOWN (Flute)","Francisco Canaro, UNKNOWN, Leopoldo Thompson (Guitar)","Bandoneon, 2 Violins, Flute, Guitar",,,,
Francisco Canaro,Orquesta Francisco Canaro,1916,Jardin de las Rosas,,Vals,Instrumental,Atlanta,,88,3013,Samuel Castriota,,,16-20 Accoustic,,,"Pedro Polito, UNKNOWN (Flute)","Francisco Canaro, UNKNOWN, Leopoldo Thompson (Guitar)","Bandoneon, 2 Violins, Flute, Guitar",,,,
Francisco Canaro,Orquesta Francisco Canaro,1916,La Fondera,,Tango,Instrumental,Atlanta,,78,3037,Francisco Canaro,,,16-20 Accoustic,,,"Pedro Polito, UNKNOWN (Flute)","Francisco Canaro, UNKNOWN, Leopoldo Thompson (Guitar)","Bandoneon, 2 Violins, Flute, Guitar",,,,
Francisco Canaro,Orquesta Francisco Canaro,1916,La Lejana,,Tango,Instrumental,Atlanta,,76,3032,Ernesto Zambonini,,,16-20 Accoustic,,,"Pedro Polito, UNKNOWN (Flute)","Francisco Canaro, UNKNOWN, Leopoldo Thompson (Guitar)","Bandoneon, 2 Violins, Flute, Guitar",,,,
Francisco Canaro,Orquesta Francisco Canaro,1916,La Polla,,Tango,Instrumental,Atlanta,,81,3041,Francisco Canaro,,,16-20 Accoustic,,,"Pedro Polito, UNKNOWN (Flute)","Francisco Canaro, UNKNOWN, Leopoldo Thompson (Guitar)","Bandoneon, 2 Violins, Flute, Guitar",,,,
Francisco Canaro,Orquesta Francisco Canaro,1916,La Rezongona,,Tango,Instrumental,Atlanta,,,3038,Francisco Lomuto,,,16-20 Accoustic,,,"Pedro Polito, UNKNOWN (Flute)","Francisco Canaro, UNKNOWN, Leopoldo Thompson (Guitar)","Bandoneon, 2 Violins, Flute, Guitar",,,,
Francisco Canaro,Orquesta Francisco Canaro,1916,La Rodada,,Tango,Instrumental,Atlanta,,84,3042,Pedro Polito,,,16-20 Accoustic,,,"Pedro Polito, UNKNOWN (Flute)","Francisco Canaro, UNKNOWN, Leopoldo Thompson (Guitar)","Bandoneon, 2 Violins, Flute, Guitar",,,,
Francisco Canaro,Orquesta Francisco Canaro,1916,La Yerra,,Tango,Instrumental,Atlanta,,46,3024,Samuel Castriota,,,16-20 Accoustic,,,"Pedro Polito, UNKNOWN (Flute)","Francisco Canaro, UNKNOWN, Leopoldo Thompson (Guitar)","Bandoneon, 2 Violins, Flute, Guitar",,,,
Francisco Canaro,Orquesta Francisco Canaro,1916,Lágrimas y Sonrisas,,Vals,Instrumental,Atlanta,,44,3023,Pascual De Gullo,,,16-20 Accoustic,,,"Pedro Polito, UNKNOWN (Flute)","Francisco Canaro, UNKNOWN, Leopoldo Thompson (Guitar)","Bandoneon, 2 Violins, Flute, Guitar",,,,
Francisco Canaro,Orquesta Francisco Canaro,1916,Los Dardanelos,,Tango,Instrumental,Atlanta,,,3038,Francisco Lomuto,,,16-20 Accoustic,,,"Pedro Polito, UNKNOWN (Flute)","Francisco Canaro, UNKNOWN, Leopoldo Thompson (Guitar)","Bandoneon, 2 Violins, Flute, Guitar",,,,
Francisco Canaro,Orquesta Francisco Canaro,1916,Miramonte,,Tango,Instrumental,Atlanta,,,3034,Augusto Gentile,,,16-20 Accoustic,,,"Pedro Polito, UNKNOWN (Flute)","Francisco Canaro, UNKNOWN, Leopoldo Thompson (Guitar)","Bandoneon, 2 Violins, Flute, Guitar",,,,
Francisco Canaro,Orquesta Francisco Canaro,1916,Montevideo,,Tango,Instrumental,Atlanta,,,3035,Roberto Firpo,,,16-20 Accoustic,,,"Pedro Polito, UNKNOWN (Flute)","Francisco Canaro, UNKNOWN, Leopoldo Thompson (Guitar)","Bandoneon, 2 Violins, Flute, Guitar",,,,
Francisco Canaro,Orquesta Francisco Canaro,1916,Nobleza Gaucha,,Tango,Instrumental,Atlanta,,52,3029,Francisco Canaro,,,16-20 Accoustic,,,"Pedro Polito, UNKNOWN (Flute)","Francisco Canaro, UNKNOWN, Leopoldo Thompson (Guitar)","Bandoneon, 2 Violins, Flute, Guitar",,,,
Francisco Canaro,Orquesta Francisco Canaro,1916,Noche Calurosa,,Vals,Instrumental,Atlanta,,,3021,Roberto Firpo,,,16-20 Accoustic,,,"Pedro Polito, UNKNOWN (Flute)","Francisco Canaro, UNKNOWN, Leopoldo Thompson (Guitar)","Bandoneon, 2 Violins, Flute, Guitar",,,,
Francisco Canaro,Orquesta Francisco Canaro,1916,Noches de Frío,,Vals,Instrumental,Atlanta,,61,3023,Roberto Firpo,,,16-20 Accoustic,,,"Pedro Polito, UNKNOWN (Flute)","Francisco Canaro, UNKNOWN, Leopoldo Thompson (Guitar)","Bandoneon, 2 Violins, Flute, Guitar",,,,
Francisco Canaro,Orquesta Francisco Canaro,1916,Pabellón de las Rosas,,Vals,Instrumental,Atlanta,,43,3022,José Felipetti,,,16-20 Accoustic,,,"Pedro Polito, UNKNOWN (Flute)","Francisco Canaro, UNKNOWN, Leopoldo Thompson (Guitar)","Bandoneon, 2 Violins, Flute, Guitar",,,,
Francisco Canaro,Orquesta Francisco Canaro,1916,Panchito,,Tango,Instrumental,Atlanta,,86,3039,Augusto Gentile,,,16-20 Accoustic,,,"Pedro Polito, UNKNOWN (Flute)","Francisco Canaro, UNKNOWN, Leopoldo Thompson (Guitar)","Bandoneon, 2 Violins, Flute, Guitar",,,,
Francisco Canaro,Orquesta Francisco Canaro,1916,Pierna 'E Palo,,Tango,Instrumental,Atlanta,,53,3027,Ruperto Thompson,,,16-20 Accoustic,,,"Pedro Polito, UNKNOWN (Flute)","Francisco Canaro, UNKNOWN, Leopoldo Thompson (Guitar)","Bandoneon, 2 Violins, Flute, Guitar",,,,
Francisco Canaro,Orquesta Francisco Canaro,1916,Pinta Brava,,Tango,Instrumental,Atlanta,,31,3015,Francisco Canaro,,,16-20 Accoustic,,,"Pedro Polito, UNKNOWN (Flute)","Francisco Canaro, UNKNOWN, Leopoldo Thompson (Guitar)","Bandoneon, 2 Violins, Flute, Guitar",,,,
Francisco Canaro,Orquesta Francisco Canaro,1916,Popoff,,Tango,Instrumental,Atlanta,,57,3030,Vicente Greco,,,16-20 Accoustic,,,"Pedro Polito, UNKNOWN (Flute)","Francisco Canaro, UNKNOWN, Leopoldo Thompson (Guitar)","Bandoneon, 2 Violins, Flute, Guitar",,,,
Francisco Canaro,Orquesta Francisco Canaro,1916,Racing Club,,Tango,Instrumental,Atlanta,,80,3040,Vicente Greco,Carlos Pesce,,16-20 Accoustic,,,"Pedro Polito, UNKNOWN (Flute)","Francisco Canaro, UNKNOWN, Leopoldo Thompson (Guitar)","Bandoneon, 2 Violins, Flute, Guitar",,,,
Francisco Canaro,Orquesta Francisco Canaro,1916,Rawson,,Tango,Instrumental,Atlanta,,75,3074,Eduardo Arolas,Gabriel Clausi,,16-20 Accoustic,,,"Pedro Polito, UNKNOWN (Flute)","Francisco Canaro, UNKNOWN, Leopoldo Thompson (Guitar)","Bandoneon, 2 Violins, Flute, Guitar",,,,
Francisco Canaro,Orquesta Francisco Canaro,1916,Recuerdos de Betinoti,,Vals,Instrumental,Atlanta,,82,3041,Ruperto Thompson,,,16-20 Accoustic,,,"Pedro Polito, UNKNOWN (Flute)","Francisco Canaro, UNKNOWN, Leopoldo Thompson (Guitar)","Bandoneon, 2 Violins, Flute, Guitar",,,,
Francisco Canaro,Orquesta Francisco Canaro,1916,Royal Pigall,,Tango,Instrumental,Atlanta,,85,3036,Juan Maglio,,,16-20 Accoustic,,,"Pedro Polito, UNKNOWN (Flute)","Francisco Canaro, UNKNOWN, Leopoldo Thompson (Guitar)","Bandoneon, 2 Violins, Flute, Guitar",,,,
Francisco Canaro,Orquesta Francisco Canaro,1916,Samuel,,Tango,Instrumental,Atlanta,,49,3026,José Martínez,,,16-20 Accoustic,,,"Pedro Polito, UNKNOWN (Flute)","Francisco Canaro, UNKNOWN, Leopoldo Thompson (Guitar)","Bandoneon, 2 Violins, Flute, Guitar",,,,
Francisco Canaro,Orquesta Francisco Canaro,1916,Valse Brune,,Vals,Instrumental,Atlanta,,35,3018,Georges Krier,,,16-20 Accoustic,,,"Pedro Polito, UNKNOWN (Flute)","Francisco Canaro, UNKNOWN, Leopoldo Thompson (Guitar)","Bandoneon, 2 Violins, Flute, Guitar",,,,
Francisco Canaro,Orquesta Francisco Canaro,1916,Vibraciones del Alma,,Vals,Instrumental,Atlanta,,33,3016,Francisco Canaro,,,16-20 Accoustic,,,"Pedro Polito, UNKNOWN (Flute)","Francisco Canaro, UNKNOWN, Leopoldo Thompson (Guitar)","Bandoneon, 2 Violins, Flute, Guitar",,,,
Francisco Canaro,Orquesta Francisco Canaro,1916,Yerba Mala,Como Olvidarla,Tango,Instrumental,Atlanta,,65,3025,José Martínez,,,16-20 Accoustic,,,"Pedro Polito, UNKNOWN (Flute)","Francisco Canaro, UNKNOWN, Leopoldo Thompson (Guitar)","Bandoneon, 2 Violins, Flute, Guitar",,,,
Francisco Canaro,Orquesta Francisco Canaro,1917,Cara Sucia,,Tango,Instrumental,Atlanta,,1,3043,Francisco Canaro,Juan Caruso,,16-20 Accoustic,,,"Pedro Polito, UNKNOWN (Flute)","Francisco Canaro, UNKNOWN, Leopoldo Thompson (Guitar)","Bandoneon, 2 Violins, Flute, Guitar",,,,
Francisco Canaro,Orquesta Francisco Canaro,1917,De Mi Tierra,,Tango,Instrumental,Atlanta,,,3074,Juan Filiberto,,,16-20 Accoustic,,,"Pedro Polito, UNKNOWN (Flute)","Francisco Canaro, UNKNOWN, Leopoldo Thompson (Guitar)","Bandoneon, 2 Violins, Flute, Guitar",,,,
Francisco Canaro,Orquesta Francisco Canaro,1917,El Internado,,Tango,Instrumental,Atlanta,,6,3045,Francisco Canaro,,,16-20 Accoustic,,,"Pedro Polito, UNKNOWN (Flute)","Francisco Canaro, UNKNOWN, Leopoldo Thompson (Guitar)","Bandoneon, 2 Violins, Flute, Guitar",,,,
Francisco Canaro,Orquesta Francisco Canaro,1917,El Moro,,Tango,Instrumental,Atlanta,,5,3045,Ruperto Thompson,Juan Gutiérrez,,16-20 Accoustic,,,"Pedro Polito, UNKNOWN (Flute)","Francisco Canaro, UNKNOWN, Leopoldo Thompson (Guitar)","Bandoneon, 2 Violins, Flute, Guitar",,,,
Francisco Canaro,Orquesta Francisco Canaro,1917,El Pangaré,,Tango,Instrumental,Atlanta,,4,3044,Juan Canaro,,,16-20 Accoustic,,,"Pedro Polito, UNKNOWN (Flute)","Francisco Canaro, UNKNOWN, Leopoldo Thompson (Guitar)","Bandoneon, 2 Violins, Flute, Guitar",,,,
Francisco Canaro,Orquesta Francisco Canaro,1917,El Termómetro,,Tango,Instrumental,Atlanta,,8,3047,José Martínez,,,16-20 Accoustic,,,"Pedro Polito, UNKNOWN (Flute)","Francisco Canaro, UNKNOWN, Leopoldo Thompson (Guitar)","Bandoneon, 2 Violins, Flute, Guitar",,,,
Francisco Canaro,Orquesta Francisco Canaro,1917,La Huella,,Tango,Instrumental,Atlanta,,2,3043,Manuel Villanueva,,,16-20 Accoustic,,,"Pedro Polito, UNKNOWN (Flute)","Francisco Canaro, UNKNOWN, Leopoldo Thompson (Guitar)","Bandoneon, 2 Violins, Flute, Guitar",,,,
Francisco Canaro,Orquesta Francisco Canaro,1917,La Provincianita,,Tango,Instrumental,Atlanta,,7,3046,José Martínez,,,16-20 Accoustic,,,"Pedro Polito, UNKNOWN (Flute)","Francisco Canaro, UNKNOWN, Leopoldo Thompson (Guitar)","Bandoneon, 2 Violins, Flute, Guitar",,,,
Francisco Canaro,Orquesta Francisco Canaro,1917,Marianito,Manou,Tango,Instrumental,Atlanta,,3,3044,Domingo Salerno,,,16-20 Accoustic,,,"Pedro Polito, UNKNOWN (Flute)","Francisco Canaro, UNKNOWN, Leopoldo Thompson (Guitar)","Bandoneon, 2 Violins, Flute, Guitar",,,,
Francisco Canaro,Orquesta Francisco Canaro,1917,Noches de Amor,,Vals,Instrumental,Atlanta,,10,3046,Francisco Canaro,,,16-20 Accoustic,,,"Pedro Polito, UNKNOWN (Flute)","Francisco Canaro, UNKNOWN, Leopoldo Thompson (Guitar)","Bandoneon, 2 Violins, Flute, Guitar",,,,
Francisco Canaro,Orquesta Francisco Canaro,1918,Derecho Viejo,,Tango,Instrumental,Artigas,,120,4135,Eduardo Arolas,Gabriel Clausi,,16-20 Accoustic,,,"Pedro Polito, UNKNOWN (Flute)","Francisco Canaro, UNKNOWN, Leopoldo Thompson (Guitar)","Bandoneon, 2 Violins, Flute, Guitar",,,,
Francisco Canaro,Orquesta Francisco Canaro,1918,El Caramelo,,Tango,Instrumental,Tele-phone,,123,3114,Francisco Canaro,,,16-20 Accoustic,,,"Pedro Polito, UNKNOWN (Flute)","Francisco Canaro, UNKNOWN, Leopoldo Thompson (Guitar)","Bandoneon, 2 Violins, Flute, Guitar",,,,
Francisco Canaro,Orquesta Francisco Canaro,1918,El Estudiante,,Tango,Instrumental,Tele-phone,,121,3110,José Martínez,,,16-20 Accoustic,,,"Pedro Polito, UNKNOWN (Flute)","Francisco Canaro, UNKNOWN, Leopoldo Thompson (Guitar)","Bandoneon, 2 Violins, Flute, Guitar",,,,
Francisco Canaro,Orquesta Francisco Canaro,1918,El Laberinto,,Tango,Instrumental,Tele-phone,,122,3111,Francisco Canaro,,,16-20 Accoustic,,,"Pedro Polito, UNKNOWN (Flute)","Francisco Canaro, UNKNOWN, Leopoldo Thompson (Guitar)","Bandoneon, 2 Violins, Flute, Guitar",,,,
Francisco Canaro,Orquesta Francisco Canaro,1918,Gurrumina,,Tango,Instrumental,Tele-phone,,125,3115,Marcos Salerno,,,16-20 Accoustic,,,"Pedro Polito, UNKNOWN (Flute)","Francisco Canaro, UNKNOWN, Leopoldo Thompson (Guitar)","Bandoneon, 2 Violins, Flute, Guitar",,,,
Francisco Canaro,Orquesta Francisco Canaro,1918,La Carona,,Tango,Instrumental,Tele-phone,,139,3113,Augusto Gentile,,,16-20 Accoustic,,,"Pedro Polito, UNKNOWN (Flute)","Francisco Canaro, UNKNOWN, Leopoldo Thompson (Guitar)","Bandoneon, 2 Violins, Flute, Guitar",,,,
Francisco Canaro,Orquesta Francisco Canaro,1918,La Racha,,Tango,Instrumental,Tele-phone,,126,3111,Agustín Bardi,,,16-20 Accoustic,,,"Pedro Polito, UNKNOWN (Flute)","Francisco Canaro, UNKNOWN, Leopoldo Thompson (Guitar)","Bandoneon, 2 Violins, Flute, Guitar",,,,
Francisco Canaro,Orquesta Francisco Canaro,1918,Lorenzo,,Tango,Instrumental,Tele-phone,,117,3110,Agustín Bardi,,,16-20 Accoustic,,,"Pedro Polito, UNKNOWN (Flute)","Francisco Canaro, UNKNOWN, Leopoldo Thompson (Guitar)","Bandoneon, 2 Violins, Flute, Guitar",,,,
Francisco Canaro,Orquesta Francisco Canaro,1918,Mc Alpin,,Vals,Instrumental,Tele-phone,,124,3115,Ernest Hussar,,,16-20 Accoustic,,,"Pedro Polito, UNKNOWN (Flute)","Francisco Canaro, UNKNOWN, Leopoldo Thompson (Guitar)","Bandoneon, 2 Violins, Flute, Guitar",,,,
Francisco Canaro,Orquesta Francisco Canaro,1918,Mi Noche Triste,,Tango,Instrumental,Tele-phone,,138,3112,Samuel Castriota,Pascual Contursi,,16-20 Accoustic,,,"Pedro Polito, UNKNOWN (Flute)","Francisco Canaro, UNKNOWN, Leopoldo Thompson (Guitar)","Bandoneon, 2 Violins, Flute, Guitar",,,,
Francisco Canaro,Orquesta Francisco Canaro,1918,Noches de Amor,,Vals,Instrumental,Tele-phone,,140,3116,Francisco Canaro,,,16-20 Accoustic,,,"Pedro Polito, UNKNOWN (Flute)","Francisco Canaro, UNKNOWN, Leopoldo Thompson (Guitar)","Bandoneon, 2 Violins, Flute, Guitar",,,,
Francisco Canaro,Orquesta Francisco Canaro,1918,Re Fa Si,,Tango,Instrumental,Tele-phone,,118,3114,Enrique Delfino,,,16-20 Accoustic,,,"Pedro Polito, UNKNOWN (Flute)","Francisco Canaro, UNKNOWN, Leopoldo Thompson (Guitar)","Bandoneon, 2 Violins, Flute, Guitar",,,,
Francisco Canaro,Orquesta Francisco Canaro,1918,Retintín,,Tango,Instrumental,Tele-phone,,119,3113,Eduardo Arolas,,,16-20 Accoustic,,,"Pedro Polito, UNKNOWN (Flute)","Francisco Canaro, UNKNOWN, Leopoldo Thompson (Guitar)","Bandoneon, 2 Violins, Flute, Guitar",,,,
Francisco Canaro,Orquesta Francisco Canaro,1918,Sin Dejar Rastros,,Tango,Instrumental,Tele-phone,,127,3112,Francisco Lomuto,,,16-20 Accoustic,,,"Pedro Polito, UNKNOWN (Flute)","Francisco Canaro, UNKNOWN, Leopoldo Thompson (Guitar)","Bandoneon, 2 Violins, Flute, Guitar",,,,
Francisco Canaro,Orquesta Francisco Canaro,1920,Cabecita,,Tango,Instrumental,Columbia,,94048,T1220,Francisco Canaro,,,16-20 Accoustic,,,"Pedro Polito, UNKNOWN (Flute)","Francisco Canaro, UNKNOWN, Leopoldo Thompson (Guitar)","Bandoneon, 2 Violins, Flute, Guitar",,,,
Francisco Canaro,Orquesta Francisco Canaro,1920,Color de Rosa,,Tango,Instrumental,Columbia,,94034,T1220,Pedro Polito,,,16-20 Accoustic,,,"Pedro Polito, UNKNOWN (Flute)","Francisco Canaro, UNKNOWN, Leopoldo Thompson (Guitar)","Bandoneon, 2 Violins, Flute, Guitar",,,,
Francisco Canaro,Orquesta Francisco Canaro,1920,El Africano,,Tango,Instrumental,Columbia,,94035,T1208,Eduardo Pereyra,Francisco Lío,,16-20 Accoustic,,,"Pedro Polito, UNKNOWN (Flute)","Francisco Canaro, UNKNOWN, Leopoldo Thompson (Guitar)","Bandoneon, 2 Violins, Flute, Guitar",,,,
Francisco Canaro,Orquesta Francisco Canaro,1920,El Baccarat,,Tango,Instrumental,Columbia,,94049,T1221,Francisco Canaro,,,16-20 Accoustic,,,"Pedro Polito, UNKNOWN (Flute)","Francisco Canaro, UNKNOWN, Leopoldo Thompson (Guitar)","Bandoneon, 2 Violins, Flute, Guitar",,,,
Francisco Canaro,Orquesta Francisco Canaro,1920,El Cuatrero,El Tigre,Tango,Instrumental,Columbia,,94038,T1244,Agustín Bardi,,,16-20 Accoustic,,,"Pedro Polito, UNKNOWN (Flute)","Francisco Canaro, UNKNOWN, Leopoldo Thompson (Guitar)","Bandoneon, 2 Violins, Flute, Guitar",,,,
Francisco Canaro,Orquesta Francisco Canaro,1920,El Lucero,,Tango,Instrumental,Columbia,,94039,T1244,Luis Riccardi,,,16-20 Accoustic,,,"Pedro Polito, UNKNOWN (Flute)","Francisco Canaro, UNKNOWN, Leopoldo Thompson (Guitar)","Bandoneon, 2 Violins, Flute, Guitar",,,,
Francisco Canaro,Orquesta Francisco Canaro,1920,El Pillín,,Tango,Instrumental,Columbia,,94032,T1208,Francisco Canaro,,,16-20 Accoustic,,,"Pedro Polito, UNKNOWN (Flute)","Francisco Canaro, UNKNOWN, Leopoldo Thompson (Guitar)","Bandoneon, 2 Violins, Flute, Guitar",,,,
Francisco Canaro,Orquesta Francisco Canaro,1920,El Tiburon,,Tango,Instrumental,Columbia,,94047,T1206,Francisco Canaro,,,16-20 Accoustic,,,"Pedro Polito, UNKNOWN (Flute)","Francisco Canaro, UNKNOWN, Leopoldo Thompson (Guitar)","Bandoneon, 2 Violins, Flute, Guitar",,,,
Francisco Canaro,Orquesta Francisco Canaro,1920,En Decadencia,,Tango,Instrumental,Columbia,,94054,T1219,Emilio Marchiano,,,16-20 Accoustic,,,"Pedro Polito, UNKNOWN (Flute)","Francisco Canaro, UNKNOWN, Leopoldo Thompson (Guitar)","Bandoneon, 2 Violins, Flute, Guitar",,,,
Francisco Canaro,Orquesta Francisco Canaro,1920,La Guiñada,,Tango,Instrumental,Columbia,,94052,T1223,Agustín Bardi,,,16-20 Accoustic,,,"Pedro Polito, UNKNOWN (Flute)","Francisco Canaro, UNKNOWN, Leopoldo Thompson (Guitar)","Bandoneon, 2 Violins, Flute, Guitar",,,,
Francisco Canaro,Orquesta Francisco Canaro,1920,La Tablada,,Tango,Instrumental,Columbia,,94036,T1209,Francisco Canaro,,,16-20 Accoustic,,,"Pedro Polito, UNKNOWN (Flute)","Francisco Canaro, UNKNOWN, Leopoldo Thompson (Guitar)","Bandoneon, 2 Violins, Flute, Guitar",,,,
Francisco Canaro,Orquesta Francisco Canaro,1920,Los Indios,,Tango,Instrumental,Columbia,,94033,T1210,Francisco Canaro,,,16-20 Accoustic,,,"Pedro Polito, UNKNOWN (Flute)","Francisco Canaro, UNKNOWN, Leopoldo Thompson (Guitar)","Bandoneon, 2 Violins, Flute, Guitar",,,,
Francisco Canaro,Orquesta Francisco Canaro,1920,Noblesa de Arrabal,,Tango,Instrumental,Columbia,,94029,T1207,Francisco Canaro,,,16-20 Accoustic,,,"Pedro Polito, UNKNOWN (Flute)","Francisco Canaro, UNKNOWN, Leopoldo Thompson (Guitar)","Bandoneon, 2 Violins, Flute, Guitar",,,,
Francisco Canaro,Orquesta Francisco Canaro,1920,Nueve Puntos,9 Puntos,Tango,Instrumental,Columbia,,94030,T1221,Francisco Canaro,,,16-20 Accoustic,,,"Pedro Polito, UNKNOWN (Flute)","Francisco Canaro, UNKNOWN, Leopoldo Thompson (Guitar)","Bandoneon, 2 Violins, Flute, Guitar",,,,
Francisco Canaro,Orquesta Francisco Canaro,1920,Pico de Oro,,Tango,Instrumental,Columbia,,94037,T1209,Juan Cobián,Enrique Cadícamo,,16-20 Accoustic,,,"Pedro Polito, UNKNOWN (Flute)","Francisco Canaro, UNKNOWN, Leopoldo Thompson (Guitar)","Bandoneon, 2 Violins, Flute, Guitar",,,,
Francisco Canaro,Orquesta Francisco Canaro,1920,Siempre Flor,,Tango,Instrumental,Columbia,,94046,T1219,Francisco Canaro,,,16-20 Accoustic,,,"Pedro Polito, UNKNOWN (Flute)","Francisco Canaro, UNKNOWN, Leopoldo Thompson (Guitar)","Bandoneon, 2 Violins, Flute, Guitar",,,,
Francisco Canaro,Orquesta Francisco Canaro,1920,Simari,,Tango,Instrumental,Columbia,,94031,T1207,Francisco Canaro,,,16-20 Accoustic,,,"Pedro Polito, UNKNOWN (Flute)","Francisco Canaro, UNKNOWN, Leopoldo Thompson (Guitar)","Bandoneon, 2 Violins, Flute, Guitar",,,,
Francisco Canaro,Orquesta Francisco Canaro,1920,Viernes 13,,Tango,Instrumental,Columbia,,94061,T1223,Rafael Rossi,,,16-20 Accoustic,,,"Pedro Polito, UNKNOWN (Flute)","Francisco Canaro, UNKNOWN, Leopoldo Thompson (Guitar)","Bandoneon, 2 Violins, Flute, Guitar",,,,
Francisco Canaro,Orquesta Francisco Canaro,1920,Zorro Gris,,Tango,Instrumental,Columbia,,94027,T1206,Rafael Tuegols,Francisco Jiménez,,16-20 Accoustic,,,"Pedro Polito, UNKNOWN (Flute)","Francisco Canaro, UNKNOWN, Leopoldo Thompson (Guitar)","Bandoneon, 2 Violins, Flute, Guitar",,,,
Francisco Canaro,Orquesta Francisco Canaro,1922,A la Sombra,,Tango,Instrumental,Odeón,,1100,6903 B,Agustín Bardi,,,22-26 Odeon Accoustic,,,"Pedro Polito, UNKNOWN (Flute)","Francisco Canaro, UNKNOWN, Leopoldo Thompson (Guitar)","Bandoneon, 2 Violins, Flute, Guitar",,,,
Francisco Canaro,Orquesta Francisco Canaro,1922,Cuesta Arriba,,Tango,Instrumental,Odeón,,1098,6902 A,José Zavaleta,,,22-26 Odeon Accoustic,,,"Pedro Polito, UNKNOWN (Flute)","Francisco Canaro, UNKNOWN, Leopoldo Thompson (Guitar)","Bandoneon, 2 Violins, Flute, Guitar",,,,
Francisco Canaro,Orquesta Francisco Canaro,1922,Desengaño,,Tango,Instrumental,Odeón,,1108,6901 B,Francisco Canaro,,,22-26 Odeon Accoustic,,,"Pedro Polito, UNKNOWN (Flute)","Francisco Canaro, UNKNOWN, Leopoldo Thompson (Guitar)","Bandoneon, 2 Violins, Flute, Guitar",,,,
Francisco Canaro,Orquesta Francisco Canaro,1922,El Huérfano,,Tango,Instrumental,Odeón,,1097,6901 A,Anselmo Aieta,Francisco Jiménez,,22-26 Odeon Accoustic,,,"Pedro Polito, UNKNOWN (Flute)","Francisco Canaro, UNKNOWN, Leopoldo Thompson (Guitar)","Bandoneon, 2 Violins, Flute, Guitar",,,,
Francisco Canaro,Orquesta Francisco Canaro,1922,El Palomo Ladron,,Tango,Instrumental,Odeón,,1099,6904 B,Antonio Polito,,,22-26 Odeon Accoustic,,,"Pedro Polito, UNKNOWN (Flute)","Francisco Canaro, UNKNOWN, Leopoldo Thompson (Guitar)","Bandoneon, 2 Violins, Flute, Guitar",,,,
Francisco Canaro,Orquesta Francisco Canaro,1922,Tierrita,,Tango,Instrumental,Odeón,,1109,6902 B,Agustín Bardi,Jesús Blanco,,22-26 Odeon Accoustic,,,"Pedro Polito, UNKNOWN (Flute)","Francisco Canaro, UNKNOWN, Leopoldo Thompson (Guitar)","Bandoneon, 2 Violins, Flute, Guitar",,,,
Francisco Canaro,Orquesta Francisco Canaro,1922,Tu Ausencia,,Tango,Instrumental,Odeón,,1114,6904 A,Américo Bianchi,,,22-26 Odeon Accoustic,,,"Pedro Polito, UNKNOWN (Flute)","Francisco Canaro, UNKNOWN, Leopoldo Thompson (Guitar)","Bandoneon, 2 Violins, Flute, Guitar",,,,
Francisco Canaro,Orquesta Francisco Canaro,1922,Urutau,,Tango,Instrumental,Odeón,,1115,6903 A,Benjamín Parravicini,,,22-26 Odeon Accoustic,,,"Pedro Polito, UNKNOWN (Flute)","Francisco Canaro, UNKNOWN, Leopoldo Thompson (Guitar)","Bandoneon, 2 Violins, Flute, Guitar",,,,
Francisco Canaro,Orquesta Francisco Canaro,1923,Alma Fria,,Tango,Instrumental,Odeón,,1381,6928 A,Marta Uriburu,,,22-26 Odeon Accoustic,,,"Pedro Polito, UNKNOWN (Flute)","Francisco Canaro, UNKNOWN, Leopoldo Thompson (Guitar)","Bandoneon, 2 Violins, Flute, Guitar",,,,
Francisco Canaro,Orquesta Francisco Canaro,1923,Alma Porteña,,Tango,Instrumental,Odeón,,1406,6926 A,Vicente Greco,Francisco Laino,,22-26 Odeon Accoustic,,,"Pedro Polito, UNKNOWN (Flute)","Francisco Canaro, UNKNOWN, Leopoldo Thompson (Guitar)","Bandoneon, 2 Violins, Flute, Guitar",,,,
Francisco Canaro,Orquesta Francisco Canaro,1923,Amelia,,Vals,Instrumental,Odeón,,1557,6956 A,Emilio Marchiano,,,22-26 Odeon Accoustic,,,"Pedro Polito, UNKNOWN (Flute)","Francisco Canaro, UNKNOWN, Leopoldo Thompson (Guitar)","Bandoneon, 2 Violins, Flute, Guitar",,,,
Francisco Canaro,Orquesta Francisco Canaro,1923,Ausencia,,Vals,Instrumental,Odeón,,1375,6931 B,Luis Teisseire,Francisco Bianco,,22-26 Odeon Accoustic,,,"Pedro Polito, UNKNOWN (Flute)","Francisco Canaro, UNKNOWN, Leopoldo Thompson (Guitar)","Bandoneon, 2 Violins, Flute, Guitar",,,,
Francisco Canaro,Orquesta Francisco Canaro,1923,Ave María,,Tango,Instrumental,Odeón,,1313,6920 B,Francisco Canaro,,,22-26 Odeon Accoustic,,,"Pedro Polito, UNKNOWN (Flute)","Francisco Canaro, UNKNOWN, Leopoldo Thompson (Guitar)","Bandoneon, 2 Violins, Flute, Guitar",,,,
Francisco Canaro,Orquesta Francisco Canaro,1923,Beso Ingrato,,Tango,Instrumental,Odeón,,1621,6950 B,Rafael Tuegols,Carlos Camba,,22-26 Odeon Accoustic,,,"Pedro Polito, UNKNOWN (Flute)","Francisco Canaro, UNKNOWN, Leopoldo Thompson (Guitar)","Bandoneon, 2 Violins, Flute, Guitar",,,,
Francisco Canaro,Orquesta Francisco Canaro,1923,Cachonguita,,Tango,Instrumental,Odeón,,1244,6907 A,Francisco Canaro,,,22-26 Odeon Accoustic,,,"Pedro Polito, UNKNOWN (Flute)","Francisco Canaro, UNKNOWN, Leopoldo Thompson (Guitar)","Bandoneon, 2 Violins, Flute, Guitar",,,,
Francisco Canaro,Orquesta Francisco Canaro,1923,Caprichosa,,Tango,Instrumental,Odeón,,1465,6938 A,Domingo Salerno,,,22-26 Odeon Accoustic,,,"Pedro Polito, UNKNOWN (Flute)","Francisco Canaro, UNKNOWN, Leopoldo Thompson (Guitar)","Bandoneon, 2 Violins, Flute, Guitar",,,,
Francisco Canaro,Orquesta Francisco Canaro,1923,De Mis Pagos,,Tango,Instrumental,Odeón,,1248,6930 A,José Padula,,,22-26 Odeon Accoustic,,,"Pedro Polito, UNKNOWN (Flute)","Francisco Canaro, UNKNOWN, Leopoldo Thompson (Guitar)","Bandoneon, 2 Violins, Flute, Guitar",,,,
Francisco Canaro,Orquesta Francisco Canaro,1923,Déjeme Que L'acompañe,Deje Que la Acompañe,Tango,Nerina Valyer,Odeón,,1378,10351 A,Augusto Gentile,Augusto Gentile,,22-26 Odeon Accoustic,,,"Pedro Polito, UNKNOWN (Flute)","Francisco Canaro, UNKNOWN, Leopoldo Thompson (Guitar)","Bandoneon, 2 Violins, Flute, Guitar",,,,
Francisco Canaro,Orquesta Francisco Canaro,1923,Desolación,,Tango,Instrumental,Odeón,,1349,6922 B,Adolfo Avilés,,,22-26 Odeon Accoustic,,,"Pedro Polito, UNKNOWN (Flute)","Francisco Canaro, UNKNOWN, Leopoldo Thompson (Guitar)","Bandoneon, 2 Violins, Flute, Guitar",,,,
Francisco Canaro,Orquesta Francisco Canaro,1923,Don Padilla,,Tango,Instrumental,Odeón,,1421,6937 A,Alfredo Seghini,,,22-26 Odeon Accoustic,,,"Pedro Polito, UNKNOWN (Flute)","Francisco Canaro, UNKNOWN, Leopoldo Thompson (Guitar)","Bandoneon, 2 Violins, Flute, Guitar",,,,
Francisco Canaro,Orquesta Francisco Canaro,1923,El Acomodo,,Tango,Instrumental,Odeón,,1514,6939 A,José Martínez,,,22-26 Odeon Accoustic,,,"Pedro Polito, UNKNOWN (Flute)","Francisco Canaro, UNKNOWN, Leopoldo Thompson (Guitar)","Bandoneon, 2 Violins, Flute, Guitar",,,,
Francisco Canaro,Orquesta Francisco Canaro,1923,El Cholo,,Tango,Instrumental,Odeón,,1515,6938 B,Domingo Salerno,,,22-26 Odeon Accoustic,,,"Pedro Polito, UNKNOWN (Flute)","Francisco Canaro, UNKNOWN, Leopoldo Thompson (Guitar)","Bandoneon, 2 Violins, Flute, Guitar",,,,
Francisco Canaro,Orquesta Francisco Canaro,1923,El Regreso,,Tango,Instrumental,Odeón,,1380,6934 B,Américo Bianchi,,,22-26 Odeon Accoustic,,,"Pedro Polito, UNKNOWN (Flute)","Francisco Canaro, UNKNOWN, Leopoldo Thompson (Guitar)","Bandoneon, 2 Violins, Flute, Guitar",,,,
Francisco Canaro,Orquesta Francisco Canaro,1923,El Rey del Cabaret,,Tango,Instrumental,Odeón,,1320,6909 A,Enrique Delfino,Manuel Romero,,22-26 Odeon Accoustic,,,"Pedro Polito, UNKNOWN (Flute)","Francisco Canaro, UNKNOWN, Leopoldo Thompson (Guitar)","Bandoneon, 2 Violins, Flute, Guitar",,,,
Francisco Canaro,Orquesta Francisco Canaro,1923,Fue una Noche,,Tango,Instrumental,Odeón,,1635,6953 B,Emilio Bianchi,,,22-26 Odeon Accoustic,,,"Pedro Polito, UNKNOWN (Flute)","Francisco Canaro, UNKNOWN, Leopoldo Thompson (Guitar)","Bandoneon, 2 Violins, Flute, Guitar",,,,
Francisco Canaro,Orquesta Francisco Canaro,1923,La Argentinita,,Tango,Instrumental,Odeón,,1247,6911 B,Genaro Domínguez,,,22-26 Odeon Accoustic,,,"Pedro Polito, UNKNOWN (Flute)","Francisco Canaro, UNKNOWN, Leopoldo Thompson (Guitar)","Bandoneon, 2 Violins, Flute, Guitar",,,,
Francisco Canaro,Orquesta Francisco Canaro,1923,La Cenicienta,,Tango,Instrumental,Odeón,,1404,6928 B,Humberto Canaro,,,22-26 Odeon Accoustic,,,"Pedro Polito, UNKNOWN (Flute)","Francisco Canaro, UNKNOWN, Leopoldo Thompson (Guitar)","Bandoneon, 2 Violins, Flute, Guitar",,,,
Francisco Canaro,Orquesta Francisco Canaro,1923,La Chacarera,,Tango,Instrumental,Odeón,,1252,6913 A,Juan Servidio,,,22-26 Odeon Accoustic,,,"Pedro Polito, UNKNOWN (Flute)","Francisco Canaro, UNKNOWN, Leopoldo Thompson (Guitar)","Bandoneon, 2 Violins, Flute, Guitar",,,,
Francisco Canaro,Orquesta Francisco Canaro,1923,La Esfinge,,Tango,Instrumental,Odeón,,1585,6963 B,Antonio Tanturi,,,22-26 Odeon Accoustic,,,"Pedro Polito, UNKNOWN (Flute)","Francisco Canaro, UNKNOWN, Leopoldo Thompson (Guitar)","Bandoneon, 2 Violins, Flute, Guitar",,,,
Francisco Canaro,Orquesta Francisco Canaro,1923,La Fractura,,Tango,Instrumental,Odeón,,1253,6916 B,Raimundo Petillo,,,22-26 Odeon Accoustic,,,"Pedro Polito, UNKNOWN (Flute)","Francisco Canaro, UNKNOWN, Leopoldo Thompson (Guitar)","Bandoneon, 2 Violins, Flute, Guitar",,,,
Francisco Canaro,Orquesta Francisco Canaro,1923,La Machona,,Tango,Instrumental,Odeón,,1328,6912 A,Santiago París,,,22-26 Odeon Accoustic,,,"Pedro Polito, UNKNOWN (Flute)","Francisco Canaro, UNKNOWN, Leopoldo Thompson (Guitar)","Bandoneon, 2 Violins, Flute, Guitar",,,,
Francisco Canaro,Orquesta Francisco Canaro,1923,La Milonga Te Llevo,,Tango,Instrumental,Odeón,,1554,6937 B,Alfredo Seghini,,,22-26 Odeon Accoustic,,,"Pedro Polito, UNKNOWN (Flute)","Francisco Canaro, UNKNOWN, Leopoldo Thompson (Guitar)","Bandoneon, 2 Violins, Flute, Guitar",,,,
Francisco Canaro,Orquesta Francisco Canaro,1923,La Mimosa,,Tango,Instrumental,Odeón,,1623,6952 B,"Ferrazzano, Pollero",,,22-26 Odeon Accoustic,,,"Pedro Polito, UNKNOWN (Flute)","Francisco Canaro, UNKNOWN, Leopoldo Thompson (Guitar)","Bandoneon, 2 Violins, Flute, Guitar",,,,
Francisco Canaro,Orquesta Francisco Canaro,1923,La Patotera,,Tango,Instrumental,Odeón,,1322,6923 B,Manuel Jovés,,,22-26 Odeon Accoustic,,,"Pedro Polito, UNKNOWN (Flute)","Francisco Canaro, UNKNOWN, Leopoldo Thompson (Guitar)","Bandoneon, 2 Violins, Flute, Guitar",,,,
Francisco Canaro,Orquesta Francisco Canaro,1923,La Ratonera,,Tango,Instrumental,Odeón,,1556,6944 B,José Bohr,,,22-26 Odeon Accoustic,,,"Pedro Polito, UNKNOWN (Flute)","Francisco Canaro, UNKNOWN, Leopoldo Thompson (Guitar)","Bandoneon, 2 Violins, Flute, Guitar",,,,
Francisco Canaro,Orquesta Francisco Canaro,1923,La Rica,,Tango,Instrumental,Odeón,,1583,6954 A,Adolfo Rosquellas,,,22-26 Odeon Accoustic,,,"Pedro Polito, UNKNOWN (Flute)","Francisco Canaro, UNKNOWN, Leopoldo Thompson (Guitar)","Bandoneon, 2 Violins, Flute, Guitar",,,,
Francisco Canaro,Orquesta Francisco Canaro,1923,La Última Cita,,Tango,Instrumental,Odeón,,1209,6905 B,Agustín Bardi,,,22-26 Odeon Accoustic,,,"Pedro Polito, UNKNOWN (Flute)","Francisco Canaro, UNKNOWN, Leopoldo Thompson (Guitar)","Bandoneon, 2 Violins, Flute, Guitar",,,,
Francisco Canaro,Orquesta Francisco Canaro,1923,Lo Que Fuiste,,Tango,Instrumental,Odeón,,1208,6905 A,Rafael Tuegols,Francisco Jiménez,,22-26 Odeon Accoustic,,,"Pedro Polito, UNKNOWN (Flute)","Francisco Canaro, UNKNOWN, Leopoldo Thompson (Guitar)","Bandoneon, 2 Violins, Flute, Guitar",,,,
Francisco Canaro,Orquesta Francisco Canaro,1923,Luis Angel Firpo,,Tango,Instrumental,Odeón,,1555,6955 B,Sabino Márquez,,,22-26 Odeon Accoustic,,,"Pedro Polito, UNKNOWN (Flute)","Francisco Canaro, UNKNOWN, Leopoldo Thompson (Guitar)","Bandoneon, 2 Violins, Flute, Guitar",,,,
Francisco Canaro,Orquesta Francisco Canaro,1923,Mano Santa,,Tango,Instrumental,Odeón,,1327,6927 B,Manuel Pizarro,,,22-26 Odeon Accoustic,,,"Pedro Polito, UNKNOWN (Flute)","Francisco Canaro, UNKNOWN, Leopoldo Thompson (Guitar)","Bandoneon, 2 Violins, Flute, Guitar",,,,
Francisco Canaro,Orquesta Francisco Canaro,1923,Marquesita,,Tango,Instrumental,Odeón,,1587,6954 B,Adolfo Rosquellas,,,22-26 Odeon Accoustic,,,"Pedro Polito, UNKNOWN (Flute)","Francisco Canaro, UNKNOWN, Leopoldo Thompson (Guitar)","Bandoneon, 2 Violins, Flute, Guitar",,,,
Francisco Canaro,Orquesta Francisco Canaro,1923,Mentirosa,,Tango,Instrumental,Odeón,,1403,6933 B,Anselmo Aieta,,,22-26 Odeon Accoustic,,,"Pedro Polito, UNKNOWN (Flute)","Francisco Canaro, UNKNOWN, Leopoldo Thompson (Guitar)","Bandoneon, 2 Violins, Flute, Guitar",,,,
Francisco Canaro,Orquesta Francisco Canaro,1923,Mi Amorcito,,Tango,Instrumental,Odeón,,1513,6935 B,Francisco Canaro,,,22-26 Odeon Accoustic,,,"Pedro Polito, UNKNOWN (Flute)","Francisco Canaro, UNKNOWN, Leopoldo Thompson (Guitar)","Bandoneon, 2 Violins, Flute, Guitar",,,,
Francisco Canaro,Orquesta Francisco Canaro,1923,Mi Pierrot,,Tango,Instrumental,Odeón,,1249,6927 A,Juan Sánchez,,,22-26 Odeon Accoustic,,,"Pedro Polito, UNKNOWN (Flute)","Francisco Canaro, UNKNOWN, Leopoldo Thompson (Guitar)","Bandoneon, 2 Violins, Flute, Guitar",,,,
Francisco Canaro,Orquesta Francisco Canaro,1923,Mi Tristeza,,Tango,Instrumental,Odeón,,1242,6912 B,Ángel Danesi,,,22-26 Odeon Accoustic,,,"Pedro Polito, UNKNOWN (Flute)","Francisco Canaro, UNKNOWN, Leopoldo Thompson (Guitar)","Bandoneon, 2 Violins, Flute, Guitar",,,,
Francisco Canaro,Orquesta Francisco Canaro,1923,Midinette,,Tango,Instrumental,Odeón,,1422,6933 A,Rafael Tuegols,,,22-26 Odeon Accoustic,,,"Pedro Polito, UNKNOWN (Flute)","Francisco Canaro, UNKNOWN, Leopoldo Thompson (Guitar)","Bandoneon, 2 Violins, Flute, Guitar",,,,
Francisco Canaro,Orquesta Francisco Canaro,1923,Nido de Amor,,Tango,Instrumental,Odeón,,1254,6913 B,Samuel Castriota,Gerónimo Sureda,,22-26 Odeon Accoustic,,,"Pedro Polito, UNKNOWN (Flute)","Francisco Canaro, UNKNOWN, Leopoldo Thompson (Guitar)","Bandoneon, 2 Violins, Flute, Guitar",,,,
Francisco Canaro,Orquesta Francisco Canaro,1923,Padre Nuestro,,Tango,Instrumental,Odeón,,1464,6932 A,Enrique Delfino,Alberto Vacarezza,,22-26 Odeon Accoustic,,,"Pedro Polito, UNKNOWN (Flute)","Francisco Canaro, UNKNOWN, Leopoldo Thompson (Guitar)","Bandoneon, 2 Violins, Flute, Guitar",,,,
Francisco Canaro,Orquesta Francisco Canaro,1923,Papa en Puerta,,Tango,Instrumental,Odeón,,1624,6946 B,Augusto Berto,,,22-26 Odeon Accoustic,,,"Pedro Polito, UNKNOWN (Flute)","Francisco Canaro, UNKNOWN, Leopoldo Thompson (Guitar)","Bandoneon, 2 Violins, Flute, Guitar",,,,
Francisco Canaro,Orquesta Francisco Canaro,1923,Paramount,,Tango,Instrumental,Odeón,,1243,6915 B,Francisco Canaro,,,22-26 Odeon Accoustic,,,"Pedro Polito, UNKNOWN (Flute)","Francisco Canaro, UNKNOWN, Leopoldo Thompson (Guitar)","Bandoneon, 2 Violins, Flute, Guitar",,,,
Francisco Canaro,Orquesta Francisco Canaro,1923,Pelele,,Tango,Instrumental,Odeón,,1348,6922 A,Pedro Maffía,,,22-26 Odeon Accoustic,,,"Pedro Polito, UNKNOWN (Flute)","Francisco Canaro, UNKNOWN, Leopoldo Thompson (Guitar)","Bandoneon, 2 Violins, Flute, Guitar",,,,
Francisco Canaro,Orquesta Francisco Canaro,1923,Perla Falsa,,Tango,Instrumental,Odeón,,1405,6925 B,Rafael Canaro,,,22-26 Odeon Accoustic,,,"Pedro Polito, UNKNOWN (Flute)","Francisco Canaro, UNKNOWN, Leopoldo Thompson (Guitar)","Bandoneon, 2 Violins, Flute, Guitar",,,,
Francisco Canaro,Orquesta Francisco Canaro,1923,Place Pigall,,Tango,Instrumental,Odeón,,1315,6926 B,Eduardo Arolas,,,22-26 Odeon Accoustic,,,"Pedro Polito, UNKNOWN (Flute)","Francisco Canaro, UNKNOWN, Leopoldo Thompson (Guitar)","Bandoneon, 2 Violins, Flute, Guitar",,,,
Francisco Canaro,Orquesta Francisco Canaro,1923,Pobre Madrecita,,Tango,Instrumental,Odeón,,1633,6956 B,Ángel Greco,,,22-26 Odeon Accoustic,,,"Pedro Polito, UNKNOWN (Flute)","Francisco Canaro, UNKNOWN, Leopoldo Thompson (Guitar)","Bandoneon, 2 Violins, Flute, Guitar",,,,
Francisco Canaro,Orquesta Francisco Canaro,1923,Pobre Milonga,,Tango,Instrumental,Odeón,,1512,6941 A,Manuel Jovés,,,22-26 Odeon Accoustic,,,"Pedro Polito, UNKNOWN (Flute)","Francisco Canaro, UNKNOWN, Leopoldo Thompson (Guitar)","Bandoneon, 2 Violins, Flute, Guitar",,,,
Francisco Canaro,Orquesta Francisco Canaro,1923,Pobres Flores,,Tango,Instrumental,Odeón,,1377,6936 A,Francisco Pracánico,,,22-26 Odeon Accoustic,,,"Pedro Polito, UNKNOWN (Flute)","Francisco Canaro, UNKNOWN, Leopoldo Thompson (Guitar)","Bandoneon, 2 Violins, Flute, Guitar",,,,
Francisco Canaro,Orquesta Francisco Canaro,1923,Príncipe,,Tango,Instrumental,Odeón,,1246,6907 B,Anselmo Tuegols,,,22-26 Odeon Accoustic,,,"Pedro Polito, UNKNOWN (Flute)","Francisco Canaro, UNKNOWN, Leopoldo Thompson (Guitar)","Bandoneon, 2 Violins, Flute, Guitar",,,,
Francisco Canaro,Orquesta Francisco Canaro,1923,Rechiflao,,Tango,Instrumental,Odeón,,1462,6945 A,Ángel Danesi,,,22-26 Odeon Accoustic,,,"Pedro Polito, UNKNOWN (Flute)","Francisco Canaro, UNKNOWN, Leopoldo Thompson (Guitar)","Bandoneon, 2 Violins, Flute, Guitar",,,,
Francisco Canaro,Orquesta Francisco Canaro,1923,Renacimiento,,Tango,Instrumental,Odeón,,1420,6929 B,Rafael Rossi,,,22-26 Odeon Accoustic,,,"Pedro Polito, UNKNOWN (Flute)","Francisco Canaro, UNKNOWN, Leopoldo Thompson (Guitar)","Bandoneon, 2 Violins, Flute, Guitar",,,,
Francisco Canaro,Orquesta Francisco Canaro,1923,Sacate la Caretita,,Tango,Instrumental,Odeón,,1632,6947 A,Luis Schumacher,,,22-26 Odeon Accoustic,,,"Pedro Polito, UNKNOWN (Flute)","Francisco Canaro, UNKNOWN, Leopoldo Thompson (Guitar)","Bandoneon, 2 Violins, Flute, Guitar",,,,
Francisco Canaro,Orquesta Francisco Canaro,1923,Tu Plegaria,,Tango,Instrumental,Odeón,,1634,6951 A,María Godard,,,22-26 Odeon Accoustic,,,"Pedro Polito, UNKNOWN (Flute)","Francisco Canaro, UNKNOWN, Leopoldo Thompson (Guitar)","Bandoneon, 2 Violins, Flute, Guitar",,,,
Francisco Canaro,Orquesta Francisco Canaro,1923,Tus Caprichos,,Tango,Instrumental,Odeón,,1463,6931 A,Alfonso Lacueva,,,22-26 Odeon Accoustic,,,"Pedro Polito, UNKNOWN (Flute)","Francisco Canaro, UNKNOWN, Leopoldo Thompson (Guitar)","Bandoneon, 2 Violins, Flute, Guitar",,,,
Francisco Canaro,Orquesta Francisco Canaro,1923,Una Pena,,Tango,Instrumental,Odeón,,1245,6906 A,Adolfo Rosquellas,Arturo Albert,,22-26 Odeon Accoustic,,,"Pedro Polito, UNKNOWN (Flute)","Francisco Canaro, UNKNOWN, Leopoldo Thompson (Guitar)","Bandoneon, 2 Violins, Flute, Guitar",,,,
Francisco Canaro,Orquesta Francisco Canaro,1923,Una Sonrisa,,Tango,Instrumental,Odeón,,1350,6924 B,Samuel Castriota,,,22-26 Odeon Accoustic,,,"Pedro Polito, UNKNOWN (Flute)","Francisco Canaro, UNKNOWN, Leopoldo Thompson (Guitar)","Bandoneon, 2 Violins, Flute, Guitar",,,,
Francisco Canaro,Orquesta Francisco Canaro,1923,Viborita,,Tango,Instrumental,Odeón,,1584,6942 B,Fernando Ponce,Gabriel Clausi,,22-26 Odeon Accoustic,,,"Pedro Polito, UNKNOWN (Flute)","Francisco Canaro, UNKNOWN, Leopoldo Thompson (Guitar)","Bandoneon, 2 Violins, Flute, Guitar",,,,
Francisco Canaro,Orquesta Francisco Canaro,1923,Yo Tuve un Cariño,,Tango,Instrumental,Odeón,,1622,6946 A,Ricardo Hicken,Ricardo Hicken,,22-26 Odeon Accoustic,,,"Pedro Polito, UNKNOWN (Flute)","Francisco Canaro, UNKNOWN, Leopoldo Thompson (Guitar)","Bandoneon, 2 Violins, Flute, Guitar",,,,
Francisco Canaro,Orquesta Francisco Canaro,1924,Ahí Va el Dulce,,Tango,Instrumental,Odeón,,1782,6977 B,Juan Canaro,,,22-26 Odeon Accoustic,,,"Pedro Polito, UNKNOWN (Flute)","Francisco Canaro, UNKNOWN, Leopoldo Thompson (Guitar)","Bandoneon, 2 Violins, Flute, Guitar",,,,
Francisco Canaro,Orquesta Francisco Canaro,1924,Alfredo,,Tango,Instrumental,Odeón,,2003,4009 B,Humberto Canaro,,,22-26 Odeon Accoustic,,,"Pedro Polito, UNKNOWN (Flute)","Francisco Canaro, UNKNOWN, Leopoldo Thompson (Guitar)","Bandoneon, 2 Violins, Flute, Guitar",,,,
Francisco Canaro,Orquesta Francisco Canaro,1924,Amen,,Tango,Instrumental,Odeón,,1929,6987 B,Benjamín Parravicini,,,22-26 Odeon Accoustic,,,"Pedro Polito, UNKNOWN (Flute)","Francisco Canaro, UNKNOWN, Leopoldo Thompson (Guitar)","Bandoneon, 2 Violins, Flute, Guitar",,,,
Francisco Canaro,Orquesta Francisco Canaro,1924,Amigaso,,Tango,Instrumental,Odeón,,2409,4054 A,Juan Filiberto,"Francisco Brancatti, Juan Velich",,22-26 Odeon Accoustic,,,"Pedro Polito, UNKNOWN (Flute)","Francisco Canaro, UNKNOWN, Leopoldo Thompson (Guitar)","Bandoneon, 2 Violins, Flute, Guitar",,,,
Francisco Canaro,Orquesta Francisco Canaro,1924,Añorando,,Tango,Instrumental,Odeón,,2321,4031 B,Lorenzo Spinetto,,,22-26 Odeon Accoustic,,,"Pedro Polito, UNKNOWN (Flute)","Francisco Canaro, UNKNOWN, Leopoldo Thompson (Guitar)","Bandoneon, 2 Violins, Flute, Guitar",,,,
Francisco Canaro,Orquesta Francisco Canaro,1924,Arrepentida,,Tango,Instrumental,Odeón,,2288,4070 B,"Ferrazzano, Pollero",,,22-26 Odeon Accoustic,,,"Pedro Polito, UNKNOWN (Flute)","Francisco Canaro, UNKNOWN, Leopoldo Thompson (Guitar)","Bandoneon, 2 Violins, Flute, Guitar",,,,
Francisco Canaro,Orquesta Francisco Canaro,1924,Así Es la Vida,Mi Vida Fué una Milonga,Tango,Instrumental,Odeón,,2424,4095 A,Domingo Petillo,,,22-26 Odeon Accoustic,,,"Pedro Polito, UNKNOWN (Flute)","Francisco Canaro, UNKNOWN, Leopoldo Thompson (Guitar)","Bandoneon, 2 Violins, Flute, Guitar",,,,
Francisco Canaro,Orquesta Francisco Canaro,1924,Asi Me Dejaste,,Tango,Instrumental,Odeón,,2364,4033 B,Félix Almeyda,,,22-26 Odeon Accoustic,,,"Pedro Polito, UNKNOWN (Flute)","Francisco Canaro, UNKNOWN, Leopoldo Thompson (Guitar)","Bandoneon, 2 Violins, Flute, Guitar",,,,
Francisco Canaro,Orquesta Francisco Canaro,1924,Beatita,,Tango,Instrumental,Odeón,,2035,4022 B,Alfredo Seghini,,,22-26 Odeon Accoustic,,,"Pedro Polito, UNKNOWN (Flute)","Francisco Canaro, UNKNOWN, Leopoldo Thompson (Guitar)","Bandoneon, 2 Violins, Flute, Guitar",,,,
Francisco Canaro,Orquesta Francisco Canaro,1924,Bendito Sea,,Tango,Instrumental,Odeón,,2030,4005 A,Rafael Rossi,,,22-26 Odeon Accoustic,,,"Pedro Polito, UNKNOWN (Flute)","Francisco Canaro, UNKNOWN, Leopoldo Thompson (Guitar)","Bandoneon, 2 Violins, Flute, Guitar",,,,
Francisco Canaro,Orquesta Francisco Canaro,1924,Beso Ingrato,,Tango,Carlos Gardel,Odeón,,2290,,Rafael Tuegols,Carlos Camba,,22-26 Odeon Accoustic,,,"Pedro Polito, UNKNOWN (Flute)","Francisco Canaro, UNKNOWN, Leopoldo Thompson (Guitar)","Bandoneon, 2 Violins, Flute, Guitar",,,,
Francisco Canaro,Orquesta Francisco Canaro,1924,Buena Monta,,Tango,Instrumental,Odeón,,1927,6984 B,Genaro Domínguez,,,22-26 Odeon Accoustic,,,"Pedro Polito, UNKNOWN (Flute)","Francisco Canaro, UNKNOWN, Leopoldo Thompson (Guitar)","Bandoneon, 2 Violins, Flute, Guitar",,,,
Francisco Canaro,Orquesta Francisco Canaro,1924,Buena Suerte,,Tango,Instrumental,Odeón,,2384,4044 A,Pacífico Lambertucci,,,22-26 Odeon Accoustic,,,"Pedro Polito, UNKNOWN (Flute)","Francisco Canaro, UNKNOWN, Leopoldo Thompson (Guitar)","Bandoneon, 2 Violins, Flute, Guitar",,,,
Francisco Canaro,Orquesta Francisco Canaro,1924,Buena Yunta,,Tango,Instrumental,Odeón,,2280,4073 A,Juan Noli,,,22-26 Odeon Accoustic,,,"Pedro Polito, UNKNOWN (Flute)","Francisco Canaro, UNKNOWN, Leopoldo Thompson (Guitar)","Bandoneon, 2 Violins, Flute, Guitar",,,,
Francisco Canaro,Orquesta Francisco Canaro,1924,Caricias,,Tango,Instrumental,Odeón,,2002,4012 B,María Godard,Alfredo Bigeschi,,22-26 Odeon Accoustic,,,"Pedro Polito, UNKNOWN (Flute)","Francisco Canaro, UNKNOWN, Leopoldo Thompson (Guitar)","Bandoneon, 2 Violins, Flute, Guitar",,,,
Francisco Canaro,Orquesta Francisco Canaro,1924,Cascabelito,,Tango,Instrumental,Odeón,,1704,6969 B,José Bohr,Juan Caruso,,22-26 Odeon Accoustic,,,"Pedro Polito, UNKNOWN (Flute)","Francisco Canaro, UNKNOWN, Leopoldo Thompson (Guitar)","Bandoneon, 2 Violins, Flute, Guitar",,,,
Francisco Canaro,Orquesta Francisco Canaro,1924,Caterina,,Tango,Azucena Maizani Y A. J. Wells,Odeón,,2458,11012 A,Angel Pozzi,Angel Pozzi,,22-26 Odeon Accoustic,,,"Pedro Polito, UNKNOWN (Flute)","Francisco Canaro, UNKNOWN, Leopoldo Thompson (Guitar)","Bandoneon, 2 Violins, Flute, Guitar",,,,
Francisco Canaro,Orquesta Francisco Canaro,1924,China,,Tango,Instrumental,Odeón,,1660,6947 B,Juan Canaro,,,22-26 Odeon Accoustic,,,"Pedro Polito, UNKNOWN (Flute)","Francisco Canaro, UNKNOWN, Leopoldo Thompson (Guitar)","Bandoneon, 2 Violins, Flute, Guitar",,,,
Francisco Canaro,Orquesta Francisco Canaro,1924,China Ingrata,,Vals,Instrumental,Odeón,,2386,4093 B,Francisco Canaro,,,22-26 Odeon Accoustic,,,"Pedro Polito, UNKNOWN (Flute)","Francisco Canaro, UNKNOWN, Leopoldo Thompson (Guitar)","Bandoneon, 2 Violins, Flute, Guitar",,,,
Francisco Canaro,Orquesta Francisco Canaro,1924,Cholita,,Tango,Instrumental,Odeón,,2282,4026 B,José Rizzuti,,,22-26 Odeon Accoustic,,,"Pedro Polito, UNKNOWN (Flute)","Francisco Canaro, UNKNOWN, Leopoldo Thompson (Guitar)","Bandoneon, 2 Violins, Flute, Guitar",,,,
Francisco Canaro,Orquesta Francisco Canaro,1924,Cinismo,,Tango,Instrumental,Odeón,,2241,4072 A,Eduardo Armani,,,22-26 Odeon Accoustic,,,"Pedro Polito, UNKNOWN (Flute)","Francisco Canaro, UNKNOWN, Leopoldo Thompson (Guitar)","Bandoneon, 2 Violins, Flute, Guitar",,,,
Francisco Canaro,Orquesta Francisco Canaro,1924,Clotildita,,Tango,Instrumental,Odeón,,1672,6962 B,Alberico Spátola,,,22-26 Odeon Accoustic,,,"Pedro Polito, UNKNOWN (Flute)","Francisco Canaro, UNKNOWN, Leopoldo Thompson (Guitar)","Bandoneon, 2 Violins, Flute, Guitar",,,,
Francisco Canaro,Orquesta Francisco Canaro,1924,Colillon,,Tango,Instrumental,Odeón,,1926,6982 B,Juan Bazán,,,22-26 Odeon Accoustic,,,"Pedro Polito, UNKNOWN (Flute)","Francisco Canaro, UNKNOWN, Leopoldo Thompson (Guitar)","Bandoneon, 2 Violins, Flute, Guitar",,,,
Francisco Canaro,Orquesta Francisco Canaro,1924,Comodoro Rivadavia,,Tango,Instrumental,Odeón,,2151,4082 A,Alfonso Jones,,,22-26 Odeon Accoustic,,,"Pedro Polito, UNKNOWN (Flute)","Francisco Canaro, UNKNOWN, Leopoldo Thompson (Guitar)","Bandoneon, 2 Violins, Flute, Guitar",,,,
Francisco Canaro,Orquesta Francisco Canaro,1924,Dame Tus Besos,,Tango,Instrumental,Odeón,,2385,4069 A,Osvaldo De Santi,,,22-26 Odeon Accoustic,,,"Pedro Polito, UNKNOWN (Flute)","Francisco Canaro, UNKNOWN, Leopoldo Thompson (Guitar)","Bandoneon, 2 Violins, Flute, Guitar",,,,
Francisco Canaro,Orquesta Francisco Canaro,1924,Destellos,,Tango,Instrumental,Odeón,,2335,4084 A,Francisco Canaro,Juan Caruso,,22-26 Odeon Accoustic,,,"Pedro Polito, UNKNOWN (Flute)","Francisco Canaro, UNKNOWN, Leopoldo Thompson (Guitar)","Bandoneon, 2 Violins, Flute, Guitar",,,,
Francisco Canaro,Orquesta Francisco Canaro,1924,Destino,,Tango,Instrumental,Odeón,,2194,4015 B,Antonio Polito,,,22-26 Odeon Accoustic,,,"Pedro Polito, UNKNOWN (Flute)","Francisco Canaro, UNKNOWN, Leopoldo Thompson (Guitar)","Bandoneon, 2 Violins, Flute, Guitar",,,,
Francisco Canaro,Orquesta Francisco Canaro,1924,Dora,,Tango,Instrumental,Odeón,,2422,4096 A,Ricardo Alfiletegaray,,,22-26 Odeon Accoustic,,,"Pedro Polito, UNKNOWN (Flute)","Francisco Canaro, UNKNOWN, Leopoldo Thompson (Guitar)","Bandoneon, 2 Violins, Flute, Guitar",,,,
Francisco Canaro,Orquesta Francisco Canaro,1924,El Besito,,Tango,Instrumental,Odeón,,1673,6959 A,Juan Filiberto,,,22-26 Odeon Accoustic,,,"Pedro Polito, UNKNOWN (Flute)","Francisco Canaro, UNKNOWN, Leopoldo Thompson (Guitar)","Bandoneon, 2 Violins, Flute, Guitar",,,,
Francisco Canaro,Orquesta Francisco Canaro,1924,El Borracho,,Tango,Instrumental,Odeón,,2001,6998 B,José Padula,,,22-26 Odeon Accoustic,,,"Pedro Polito, UNKNOWN (Flute)","Francisco Canaro, UNKNOWN, Leopoldo Thompson (Guitar)","Bandoneon, 2 Violins, Flute, Guitar",,,,
Francisco Canaro,Orquesta Francisco Canaro,1924,El Botonazo,,Tango,Instrumental,Odeón,,1804,6974 B,Samuel Castriota,,,22-26 Odeon Accoustic,,,"Pedro Polito, UNKNOWN (Flute)","Francisco Canaro, UNKNOWN, Leopoldo Thompson (Guitar)","Bandoneon, 2 Violins, Flute, Guitar",,,,
Francisco Canaro,Orquesta Francisco Canaro,1924,El Flechazo,,Tango,Instrumental,Odeón,,1722,6961 A,Pacífico Lambertucci,,,22-26 Odeon Accoustic,,,"Pedro Polito, UNKNOWN (Flute)","Francisco Canaro, UNKNOWN, Leopoldo Thompson (Guitar)","Bandoneon, 2 Violins, Flute, Guitar",,,,
Francisco Canaro,Orquesta Francisco Canaro,1924,El Knock-Out de Brennan,,Tango,Instrumental,Odeón,,1703,6963 A,Antonio Scatasso,,,22-26 Odeon Accoustic,,,"Pedro Polito, UNKNOWN (Flute)","Francisco Canaro, UNKNOWN, Leopoldo Thompson (Guitar)","Bandoneon, 2 Violins, Flute, Guitar",,,,
Francisco Canaro,Orquesta Francisco Canaro,1924,El Matrero,,Tango,Instrumental,Odeón,,2203,4021 A,José Martínez,,,22-26 Odeon Accoustic,,,"Pedro Polito, UNKNOWN (Flute)","Francisco Canaro, UNKNOWN, Leopoldo Thompson (Guitar)","Bandoneon, 2 Violins, Flute, Guitar",,,,
Francisco Canaro,Orquesta Francisco Canaro,1924,El Olivo,,Tango,Instrumental,Odeón,,2150,4013 B,Antonio Vivas,Carlos Cabral,,22-26 Odeon Accoustic,,,"Pedro Polito, UNKNOWN (Flute)","Francisco Canaro, UNKNOWN, Leopoldo Thompson (Guitar)","Bandoneon, 2 Violins, Flute, Guitar",,,,
Francisco Canaro,Orquesta Francisco Canaro,1924,El Pato Alegre,,Tango,Instrumental,Odeón,,2116,4006 A,Enrique Delfino,,,22-26 Odeon Accoustic,,,"Pedro Polito, UNKNOWN (Flute)","Francisco Canaro, UNKNOWN, Leopoldo Thompson (Guitar)","Bandoneon, 2 Violins, Flute, Guitar",,,,
Francisco Canaro,Orquesta Francisco Canaro,1924,El Pelao,,Tango,Instrumental,Odeón,,2000,6999 B,"Ferrazzano, Pollero",,,22-26 Odeon Accoustic,,,"Pedro Polito, UNKNOWN (Flute)","Francisco Canaro, UNKNOWN, Leopoldo Thompson (Guitar)","Bandoneon, 2 Violins, Flute, Guitar",,,,
Francisco Canaro,Orquesta Francisco Canaro,1924,El Rocio,,Tango,Instrumental,Odeón,,1676,6966 B,"Ferrazzano, Pollero",,,22-26 Odeon Accoustic,,,"Pedro Polito, UNKNOWN (Flute)","Francisco Canaro, UNKNOWN, Leopoldo Thompson (Guitar)","Bandoneon, 2 Violins, Flute, Guitar",,,,
Francisco Canaro,Orquesta Francisco Canaro,1924,El Sabio,,Tango,Instrumental,Odeón,,2239,4100 A,Juan Canaro,,,22-26 Odeon Accoustic,,,"Pedro Polito, UNKNOWN (Flute)","Francisco Canaro, UNKNOWN, Leopoldo Thompson (Guitar)","Bandoneon, 2 Violins, Flute, Guitar",,,,
Francisco Canaro,Orquesta Francisco Canaro,1924,El Serrucho,,Tango,Instrumental,Odeón,,1701,6961 B,Luis Teisseire,,,22-26 Odeon Accoustic,,,"Pedro Polito, UNKNOWN (Flute)","Francisco Canaro, UNKNOWN, Leopoldo Thompson (Guitar)","Bandoneon, 2 Violins, Flute, Guitar",,,,
Francisco Canaro,Orquesta Francisco Canaro,1924,El Sonambulo,,Tango,Instrumental,Odeón,,2333,4040 A,Gerónimo Fattori,,,22-26 Odeon Accoustic,,,"Pedro Polito, UNKNOWN (Flute)","Francisco Canaro, UNKNOWN, Leopoldo Thompson (Guitar)","Bandoneon, 2 Violins, Flute, Guitar",,,,
Francisco Canaro,Orquesta Francisco Canaro,1924,El Vasquito,El Vazquito,Tango,Instrumental,Odeón,,2033,4020 A,Luis Bernstein,,,22-26 Odeon Accoustic,,,"Pedro Polito, UNKNOWN (Flute)","Francisco Canaro, UNKNOWN, Leopoldo Thompson (Guitar)","Bandoneon, 2 Violins, Flute, Guitar",,,,
Francisco Canaro,Orquesta Francisco Canaro,1924,Entre Rejas,,Tango,Instrumental,Odeón,,1968,6986 B,José Rizzuti,,,22-26 Odeon Accoustic,,,"Pedro Polito, UNKNOWN (Flute)","Francisco Canaro, UNKNOWN, Leopoldo Thompson (Guitar)","Bandoneon, 2 Violins, Flute, Guitar",,,,
Francisco Canaro,Orquesta Francisco Canaro,1924,Evocación,,Tango,Instrumental,Odeón,,1824,6975 A,Ruperto Thompson,,,22-26 Odeon Accoustic,,,"Pedro Polito, UNKNOWN (Flute)","Francisco Canaro, UNKNOWN, Leopoldo Thompson (Guitar)","Bandoneon, 2 Violins, Flute, Guitar",,,,
Francisco Canaro,Orquesta Francisco Canaro,1924,Fantasio,,Tango,Instrumental,Odeón,,1841,6978 B,Enrique Delfino,,,22-26 Odeon Accoustic,,,"Pedro Polito, UNKNOWN (Flute)","Francisco Canaro, UNKNOWN, Leopoldo Thompson (Guitar)","Bandoneon, 2 Violins, Flute, Guitar",,,,
Francisco Canaro,Orquesta Francisco Canaro,1924,Felicita,,Tango,Instrumental,Odeón,,1699,6960 B,Domingo Fortunato,Julián Centeya,,22-26 Odeon Accoustic,,,"Pedro Polito, UNKNOWN (Flute)","Francisco Canaro, UNKNOWN, Leopoldo Thompson (Guitar)","Bandoneon, 2 Violins, Flute, Guitar",,,,
Francisco Canaro,Orquesta Francisco Canaro,1924,Flor del Barrio,,Tango,Instrumental,Odeón,,2362,4051 A,Domingo Greco,,,22-26 Odeon Accoustic,,,"Pedro Polito, UNKNOWN (Flute)","Francisco Canaro, UNKNOWN, Leopoldo Thompson (Guitar)","Bandoneon, 2 Violins, Flute, Guitar",,,,
Francisco Canaro,Orquesta Francisco Canaro,1924,Francesita,,Tango,Instrumental,Odeón,,1721,6958 A,Enrique Delfino,,,22-26 Odeon Accoustic,,,"Pedro Polito, UNKNOWN (Flute)","Francisco Canaro, UNKNOWN, Leopoldo Thompson (Guitar)","Bandoneon, 2 Violins, Flute, Guitar",,,,
Francisco Canaro,Orquesta Francisco Canaro,1924,Gente Chic,,Tango,Instrumental,Odeón,,2079,6989 B,Adolfo Avilés,,,22-26 Odeon Accoustic,,,"Pedro Polito, UNKNOWN (Flute)","Francisco Canaro, UNKNOWN, Leopoldo Thompson (Guitar)","Bandoneon, 2 Violins, Flute, Guitar",,,,
Francisco Canaro,Orquesta Francisco Canaro,1924,Golondrina,,Tango,Instrumental,Odeón,,2195,4064 A,Agustín Bardi,,,22-26 Odeon Accoustic,,,"Pedro Polito, UNKNOWN (Flute)","Francisco Canaro, UNKNOWN, Leopoldo Thompson (Guitar)","Bandoneon, 2 Violins, Flute, Guitar",,,,
Francisco Canaro,Orquesta Francisco Canaro,1924,Grato Recuerdo,,Tango,Instrumental,Odeón,,1951,4004 A,Juan Ghio,,,22-26 Odeon Accoustic,,,"Pedro Polito, UNKNOWN (Flute)","Francisco Canaro, UNKNOWN, Leopoldo Thompson (Guitar)","Bandoneon, 2 Violins, Flute, Guitar",,,,
Francisco Canaro,Orquesta Francisco Canaro,1924,Griseta,Grisetta | Grisette,Tango,Instrumental,Odeón,,2365,4036 A,Enrique Delfino,José Castillo,,22-26 Odeon Accoustic,,,"Pedro Polito, UNKNOWN (Flute)","Francisco Canaro, UNKNOWN, Leopoldo Thompson (Guitar)","Bandoneon, 2 Violins, Flute, Guitar",,,,
Francisco Canaro,Orquesta Francisco Canaro,1924,Hollín,,Tango,Azucena Maizani,Odeón,,2081,11005 A,José Rizzuti,Amadeo Canale,,22-26 Odeon Accoustic,,,"Pedro Polito, UNKNOWN (Flute)","Francisco Canaro, UNKNOWN, Leopoldo Thompson (Guitar)","Bandoneon, 2 Violins, Flute, Guitar",,,,
Francisco Canaro,Orquesta Francisco Canaro,1924,Il Piccolo Navío,,Tango,,Odeón,,1785,6972 A,Luis Riccardi,Juan Caruso,,22-26 Odeon Accoustic,,,"Pedro Polito, UNKNOWN (Flute)","Francisco Canaro, UNKNOWN, Leopoldo Thompson (Guitar)","Bandoneon, 2 Violins, Flute, Guitar",,,,
Francisco Canaro,Orquesta Francisco Canaro,1924,Juventud,,Tango,Instrumental,Odeón,,1885,6979 B,Antonio Scatasso,Arsenio Mármol,,22-26 Odeon Accoustic,,,"Pedro Polito, UNKNOWN (Flute)","Francisco Canaro, UNKNOWN, Leopoldo Thompson (Guitar)","Bandoneon, 2 Violins, Flute, Guitar",,,,
Francisco Canaro,Orquesta Francisco Canaro,1924,Ki-Ki,,Tango,Instrumental,Odeón,,1954,6991 B,Vicente Greco,,,22-26 Odeon Accoustic,,,"Pedro Polito, UNKNOWN (Flute)","Francisco Canaro, UNKNOWN, Leopoldo Thompson (Guitar)","Bandoneon, 2 Violins, Flute, Guitar",,,,
Francisco Canaro,Orquesta Francisco Canaro,1924,La Cabeza del Italiano,,Tango,Instrumental,Odeón,,1888,6980 A,Antonio Scatasso,Francisco Bastardi,,22-26 Odeon Accoustic,,,"Pedro Polito, UNKNOWN (Flute)","Francisco Canaro, UNKNOWN, Leopoldo Thompson (Guitar)","Bandoneon, 2 Violins, Flute, Guitar",,,,
Francisco Canaro,Orquesta Francisco Canaro,1924,La Calesita,,Tango,Instrumental,Odeón,,1928,6985 B,Ernesto Zambonini,Cátulo Castillo,,22-26 Odeon Accoustic,,,"Pedro Polito, UNKNOWN (Flute)","Francisco Canaro, UNKNOWN, Leopoldo Thompson (Guitar)","Bandoneon, 2 Violins, Flute, Guitar",,,,
Francisco Canaro,Orquesta Francisco Canaro,1924,La Cruzada,,Tango,Instrumental,Odeón,,1698,6968 B,Vicente Fiorentino,,,22-26 Odeon Accoustic,,,"Pedro Polito, UNKNOWN (Flute)","Francisco Canaro, UNKNOWN, Leopoldo Thompson (Guitar)","Bandoneon, 2 Violins, Flute, Guitar",,,,
Francisco Canaro,Orquesta Francisco Canaro,1924,La Dama Negra,,Tango,Instrumental,Odeón,,2108,4028 A,Graciano De Leone,,,22-26 Odeon Accoustic,,,"Pedro Polito, UNKNOWN (Flute)","Francisco Canaro, UNKNOWN, Leopoldo Thompson (Guitar)","Bandoneon, 2 Violins, Flute, Guitar",,,,
Francisco Canaro,Orquesta Francisco Canaro,1924,La Diana,,Tango,Instrumental,Odeón,,1999,6998 A,José Padula,,,22-26 Odeon Accoustic,,,"Pedro Polito, UNKNOWN (Flute)","Francisco Canaro, UNKNOWN, Leopoldo Thompson (Guitar)","Bandoneon, 2 Violins, Flute, Guitar",,,,
Francisco Canaro,Orquesta Francisco Canaro,1924,La Garçoniere,,Tango,Instrumental,Odeón,,1783,6971 B,Francisco Canaro,,,22-26 Odeon Accoustic,,,"Pedro Polito, UNKNOWN (Flute)","Francisco Canaro, UNKNOWN, Leopoldo Thompson (Guitar)","Bandoneon, 2 Violins, Flute, Guitar",,,,
Francisco Canaro,Orquesta Francisco Canaro,1924,La Lagartija,,Tango,Instrumental,Odeón,,2149,4029 A,Rafael Rinaldi,,,22-26 Odeon Accoustic,,,"Pedro Polito, UNKNOWN (Flute)","Francisco Canaro, UNKNOWN, Leopoldo Thompson (Guitar)","Bandoneon, 2 Violins, Flute, Guitar",,,,
Francisco Canaro,Orquesta Francisco Canaro,1924,La Madrecita,,Tango,Instrumental,Odeón,,1658,6949 B,Enrique Delfino,,,22-26 Odeon Accoustic,,,"Pedro Polito, UNKNOWN (Flute)","Francisco Canaro, UNKNOWN, Leopoldo Thompson (Guitar)","Bandoneon, 2 Violins, Flute, Guitar",,,,
Francisco Canaro,Orquesta Francisco Canaro,1924,La Maldita,,Tango,Instrumental,Odeón,,2237,4068 B,Luis Martíni,,,22-26 Odeon Accoustic,,,"Pedro Polito, UNKNOWN (Flute)","Francisco Canaro, UNKNOWN, Leopoldo Thompson (Guitar)","Bandoneon, 2 Violins, Flute, Guitar",,,,
Francisco Canaro,Orquesta Francisco Canaro,1924,La Mina del Ford,,Tango,Instrumental,Odeón,,2113,4013 A,Antonio Del Negro,Pascual Contursi,,22-26 Odeon Accoustic,,,"Pedro Polito, UNKNOWN (Flute)","Francisco Canaro, UNKNOWN, Leopoldo Thompson (Guitar)","Bandoneon, 2 Violins, Flute, Guitar",,,,
Francisco Canaro,Orquesta Francisco Canaro,1924,La Mora,,Tango,Instrumental,Odeón,,2034,4007 B,Alcides Palavecino,,,22-26 Odeon Accoustic,,,"Pedro Polito, UNKNOWN (Flute)","Francisco Canaro, UNKNOWN, Leopoldo Thompson (Guitar)","Bandoneon, 2 Violins, Flute, Guitar",,,,
Francisco Canaro,Orquesta Francisco Canaro,1924,La Petiza,,Tango,Azucena Maizani,Odeón,,2325,11009 B,Angel Pozzi,,,22-26 Odeon Accoustic,,,"Pedro Polito, UNKNOWN (Flute)","Francisco Canaro, UNKNOWN, Leopoldo Thompson (Guitar)","Bandoneon, 2 Violins, Flute, Guitar",,,,
Francisco Canaro,Orquesta Francisco Canaro,1924,La Piba del Ta-Ba-Ris,,Tango,Azucena Maizani,Odeón,,2337,11010 B,Francisco Canaro,,,22-26 Odeon Accoustic,,,"Pedro Polito, UNKNOWN (Flute)","Francisco Canaro, UNKNOWN, Leopoldo Thompson (Guitar)","Bandoneon, 2 Violins, Flute, Guitar",,,,
Francisco Canaro,Orquesta Francisco Canaro,1924,La Porota,,Tango,Instrumental,Odeón,,2240,4083 A,Bernardo Germino,,,22-26 Odeon Accoustic,,,"Pedro Polito, UNKNOWN (Flute)","Francisco Canaro, UNKNOWN, Leopoldo Thompson (Guitar)","Bandoneon, 2 Violins, Flute, Guitar",,,,
Francisco Canaro,Orquesta Francisco Canaro,1924,La Porteñita,,Tango,Instrumental,Odeón,,2322,4099 A,Alberto Pugliese,,,22-26 Odeon Accoustic,,,"Pedro Polito, UNKNOWN (Flute)","Francisco Canaro, UNKNOWN, Leopoldo Thompson (Guitar)","Bandoneon, 2 Violins, Flute, Guitar",,,,
Francisco Canaro,Orquesta Francisco Canaro,1924,La Tarasca,,Tango,Instrumental,Odeón,,2423,4063 A,Salvador Merico,,,22-26 Odeon Accoustic,,,"Pedro Polito, UNKNOWN (Flute)","Francisco Canaro, UNKNOWN, Leopoldo Thompson (Guitar)","Bandoneon, 2 Violins, Flute, Guitar",,,,
Francisco Canaro,Orquesta Francisco Canaro,1924,La Vuelta de Rocha,,Tango,Instrumental,Odeón,,1700,6959 B,Juan Filiberto,Gabino Peñaloza,,22-26 Odeon Accoustic,,,"Pedro Polito, UNKNOWN (Flute)","Francisco Canaro, UNKNOWN, Leopoldo Thompson (Guitar)","Bandoneon, 2 Violins, Flute, Guitar",,,,
Francisco Canaro,Orquesta Francisco Canaro,1924,Las Tres Marias,,Tango,Instrumental,Odeón,,1828,6996 B,Américo Bianchi,,,22-26 Odeon Accoustic,,,"Pedro Polito, UNKNOWN (Flute)","Francisco Canaro, UNKNOWN, Leopoldo Thompson (Guitar)","Bandoneon, 2 Violins, Flute, Guitar",,,,
Francisco Canaro,Orquesta Francisco Canaro,1924,Llanto de Amor,,Vals,Instrumental,Odeón,,2416,4074 B,Francisco Peña,,,22-26 Odeon Accoustic,,,"Pedro Polito, UNKNOWN (Flute)","Francisco Canaro, UNKNOWN, Leopoldo Thompson (Guitar)","Bandoneon, 2 Violins, Flute, Guitar",,,,
Francisco Canaro,Orquesta Francisco Canaro,1924,Lombardo,,Tango,Instrumental,Odeón,,2323,4027 A,Antonio Buglione,,,22-26 Odeon Accoustic,,,"Pedro Polito, UNKNOWN (Flute)","Francisco Canaro, UNKNOWN, Leopoldo Thompson (Guitar)","Bandoneon, 2 Violins, Flute, Guitar",,,,
Francisco Canaro,Orquesta Francisco Canaro,1924,Los Dos Pilletes,,Tango,Instrumental,Odeón,,2118,4016 A,Antonio Tanturi,,,22-26 Odeon Accoustic,,,"Pedro Polito, UNKNOWN (Flute)","Francisco Canaro, UNKNOWN, Leopoldo Thompson (Guitar)","Bandoneon, 2 Violins, Flute, Guitar",,,,
Francisco Canaro,Orquesta Francisco Canaro,1924,Macachin Flor de los Llanos,,Tango,Instrumental,Odeón,,2387,4078 A,Francisco Aranaz,,,22-26 Odeon Accoustic,,,"Pedro Polito, UNKNOWN (Flute)","Francisco Canaro, UNKNOWN, Leopoldo Thompson (Guitar)","Bandoneon, 2 Violins, Flute, Guitar",,,,
Francisco Canaro,Orquesta Francisco Canaro,1924,Mala,,Tango,Instrumental,Odeón,,2410,4060 A,Emilio Troysi,Luis Rubistein,,22-26 Odeon Accoustic,,,"Pedro Polito, UNKNOWN (Flute)","Francisco Canaro, UNKNOWN, Leopoldo Thompson (Guitar)","Bandoneon, 2 Violins, Flute, Guitar",,,,
Francisco Canaro,Orquesta Francisco Canaro,1924,Mameluke,,Tango,Instrumental,Odeón,,1969,4011 B,Ricardo Alfaro,,,22-26 Odeon Accoustic,,,"Pedro Polito, UNKNOWN (Flute)","Francisco Canaro, UNKNOWN, Leopoldo Thompson (Guitar)","Bandoneon, 2 Violins, Flute, Guitar",,,,
Francisco Canaro,Orquesta Francisco Canaro,1924,Mano Mora,,Tango,Instrumental,Odeón,,2193,4017 A,Luis Teisseire,,,22-26 Odeon Accoustic,,,"Pedro Polito, UNKNOWN (Flute)","Francisco Canaro, UNKNOWN, Leopoldo Thompson (Guitar)","Bandoneon, 2 Violins, Flute, Guitar",,,,
Francisco Canaro,Orquesta Francisco Canaro,1924,Marea Baja,,Tango,Instrumental,Odeón,,1724,6972 B,Luis Riccardi,,,22-26 Odeon Accoustic,,,"Pedro Polito, UNKNOWN (Flute)","Francisco Canaro, UNKNOWN, Leopoldo Thompson (Guitar)","Bandoneon, 2 Violins, Flute, Guitar",,,,
Francisco Canaro,Orquesta Francisco Canaro,1924,Martir,,Tango,Instrumental,Odeón,,2366,4085 A,Luis Stalman,,,22-26 Odeon Accoustic,,,"Pedro Polito, UNKNOWN (Flute)","Francisco Canaro, UNKNOWN, Leopoldo Thompson (Guitar)","Bandoneon, 2 Violins, Flute, Guitar",,,,
Francisco Canaro,Orquesta Francisco Canaro,1924,Mi Negrita,,Vals,Instrumental,Odeón,,1953,4040 B,Robertino Acosta,,,22-26 Odeon Accoustic,,,"Pedro Polito, UNKNOWN (Flute)","Francisco Canaro, UNKNOWN, Leopoldo Thompson (Guitar)","Bandoneon, 2 Violins, Flute, Guitar",,,,
Francisco Canaro,Orquesta Francisco Canaro,1924,Mi Noche Alegre,,Tango,Instrumental,Odeón,,2408,4054 B,Samuel Castriota,,,22-26 Odeon Accoustic,,,"Pedro Polito, UNKNOWN (Flute)","Francisco Canaro, UNKNOWN, Leopoldo Thompson (Guitar)","Bandoneon, 2 Violins, Flute, Guitar",,,,
Francisco Canaro,Orquesta Francisco Canaro,1924,Mi Tesoro,,Tango,Instrumental,Odeón,,2204,4071 A,Rafael Canaro,,,22-26 Odeon Accoustic,,,"Pedro Polito, UNKNOWN (Flute)","Francisco Canaro, UNKNOWN, Leopoldo Thompson (Guitar)","Bandoneon, 2 Violins, Flute, Guitar",,,,
Francisco Canaro,Orquesta Francisco Canaro,1924,Mía,,Tango,Instrumental,Odeón,,2080,4008 A,José Bohr,Juan Caruso,,22-26 Odeon Accoustic,,,"Pedro Polito, UNKNOWN (Flute)","Francisco Canaro, UNKNOWN, Leopoldo Thompson (Guitar)","Bandoneon, 2 Violins, Flute, Guitar",,,,
Francisco Canaro,Orquesta Francisco Canaro,1924,Mis Viejos Pagos,,Tango,Instrumental,Odeón,,2115,4039 B,Rafael Tuegols,,,22-26 Odeon Accoustic,,,"Pedro Polito, UNKNOWN (Flute)","Francisco Canaro, UNKNOWN, Leopoldo Thompson (Guitar)","Bandoneon, 2 Violins, Flute, Guitar",,,,
Francisco Canaro,Orquesta Francisco Canaro,1924,Misterio,,Tango,Instrumental,Odeón,,1966,4014 B,Hugo Baralis,,,22-26 Odeon Accoustic,,,"Pedro Polito, UNKNOWN (Flute)","Francisco Canaro, UNKNOWN, Leopoldo Thompson (Guitar)","Bandoneon, 2 Violins, Flute, Guitar",,,,
Francisco Canaro,Orquesta Francisco Canaro,1924,Muchachita Loca,,Tango,Instrumental,Odeón,,1884,6979 A,Antonio Scatasso,Francisco Bastardi,,22-26 Odeon Accoustic,,,"Pedro Polito, UNKNOWN (Flute)","Francisco Canaro, UNKNOWN, Leopoldo Thompson (Guitar)","Bandoneon, 2 Violins, Flute, Guitar",,,,
Francisco Canaro,Orquesta Francisco Canaro,1924,Negro el 20,,Tango,Instrumental,Odeón,,2117,4014 A,Luis Petruccelli,,,22-26 Odeon Accoustic,,,"Pedro Polito, UNKNOWN (Flute)","Francisco Canaro, UNKNOWN, Leopoldo Thompson (Guitar)","Bandoneon, 2 Violins, Flute, Guitar",,,,
Francisco Canaro,Orquesta Francisco Canaro,1924,No Le Digas Que la Quiero,,Tango,Instrumental,Odeón,,2238,4018 A,Enrique Delfino,Alberto Vacarezza,,22-26 Odeon Accoustic,,,"Pedro Polito, UNKNOWN (Flute)","Francisco Canaro, UNKNOWN, Leopoldo Thompson (Guitar)","Bandoneon, 2 Violins, Flute, Guitar",,,,
Francisco Canaro,Orquesta Francisco Canaro,1924,Noche Mala,,Tango,Instrumental,Odeón,,2441,4050 A,Eugenio Romano,,,22-26 Odeon Accoustic,,,"Pedro Polito, UNKNOWN (Flute)","Francisco Canaro, UNKNOWN, Leopoldo Thompson (Guitar)","Bandoneon, 2 Violins, Flute, Guitar",,,,
Francisco Canaro,Orquesta Francisco Canaro,1924,Norma,,Tango,Instrumental,Odeón,,1657,6957 B,Francisco Canaro,,,22-26 Odeon Accoustic,,,"Pedro Polito, UNKNOWN (Flute)","Francisco Canaro, UNKNOWN, Leopoldo Thompson (Guitar)","Bandoneon, 2 Violins, Flute, Guitar",,,,
Francisco Canaro,Orquesta Francisco Canaro,1924,Ojo de Agua,,Tango,Instrumental,Odeón,,1826,6981 B,Ernesto Ponzio,,,22-26 Odeon Accoustic,,,"Pedro Polito, UNKNOWN (Flute)","Francisco Canaro, UNKNOWN, Leopoldo Thompson (Guitar)","Bandoneon, 2 Violins, Flute, Guitar",,,,
Francisco Canaro,Orquesta Francisco Canaro,1924,Ojos Pintados,,Tango,Instrumental,Odeón,,2363,4051 B,Adolfo Avilés,,,22-26 Odeon Accoustic,,,"Pedro Polito, UNKNOWN (Flute)","Francisco Canaro, UNKNOWN, Leopoldo Thompson (Guitar)","Bandoneon, 2 Violins, Flute, Guitar",,,,
Francisco Canaro,Orquesta Francisco Canaro,1924,Olga,,Vals,Instrumental,Odeón,,1825,6976 A,Francisco Peña,Francisco Peña,,22-26 Odeon Accoustic,,,"Pedro Polito, UNKNOWN (Flute)","Francisco Canaro, UNKNOWN, Leopoldo Thompson (Guitar)","Bandoneon, 2 Violins, Flute, Guitar",,,,
Francisco Canaro,Orquesta Francisco Canaro,1924,Pájaros de Fuego,,Tango,Instrumental,Odeón,,2152,4059 A,Luis Riccardi,,,22-26 Odeon Accoustic,,,"Pedro Polito, UNKNOWN (Flute)","Francisco Canaro, UNKNOWN, Leopoldo Thompson (Guitar)","Bandoneon, 2 Violins, Flute, Guitar",,,,
Francisco Canaro,Orquesta Francisco Canaro,1924,Pasión Criolla,,Tango,Instrumental,Odeón,,1952,4019 A,Salvador Grupillo,,,22-26 Odeon Accoustic,,,"Pedro Polito, UNKNOWN (Flute)","Francisco Canaro, UNKNOWN, Leopoldo Thompson (Guitar)","Bandoneon, 2 Violins, Flute, Guitar",,,,
Francisco Canaro,Orquesta Francisco Canaro,1924,Perdon,,Tango,Instrumental,Odeón,,1661,6967 B,Juan Rodríguez,,,22-26 Odeon Accoustic,,,"Pedro Polito, UNKNOWN (Flute)","Francisco Canaro, UNKNOWN, Leopoldo Thompson (Guitar)","Bandoneon, 2 Violins, Flute, Guitar",,,,
Francisco Canaro,Orquesta Francisco Canaro,1924,Pico a Pico,,Tango,Instrumental,Odeón,,1674,6948 B,Humberto Canaro,,,22-26 Odeon Accoustic,,,"Pedro Polito, UNKNOWN (Flute)","Francisco Canaro, UNKNOWN, Leopoldo Thompson (Guitar)","Bandoneon, 2 Violins, Flute, Guitar",,,,
Francisco Canaro,Orquesta Francisco Canaro,1924,Piedad,,Tango,Instrumental,Odeón,,2281,4026 A,José Rizzuti,Luis De Biase,,22-26 Odeon Accoustic,,,"Pedro Polito, UNKNOWN (Flute)","Francisco Canaro, UNKNOWN, Leopoldo Thompson (Guitar)","Bandoneon, 2 Violins, Flute, Guitar",,,,
Francisco Canaro,Orquesta Francisco Canaro,1924,Pobre Amigo,,Tango,Instrumental,Odeón,,1887,4003 A,Guillermo Barbieri,,,22-26 Odeon Accoustic,,,"Pedro Polito, UNKNOWN (Flute)","Francisco Canaro, UNKNOWN, Leopoldo Thompson (Guitar)","Bandoneon, 2 Violins, Flute, Guitar",,,,
Francisco Canaro,Orquesta Francisco Canaro,1924,Pobre Francesita,,Tango,Azucena Maizani,Odeón,,2071,11006 A,Manuel Jovés,Alejandro Flores,,22-26 Odeon Accoustic,,,"Pedro Polito, UNKNOWN (Flute)","Francisco Canaro, UNKNOWN, Leopoldo Thompson (Guitar)","Bandoneon, 2 Violins, Flute, Guitar",,,,
Francisco Canaro,Orquesta Francisco Canaro,1924,Por el Camino,Zamba del Boyero,Tango,Instrumental,Odeón,,2286,4024 A,José Bohr,José Castillo,,22-26 Odeon Accoustic,,,"Pedro Polito, UNKNOWN (Flute)","Francisco Canaro, UNKNOWN, Leopoldo Thompson (Guitar)","Bandoneon, 2 Violins, Flute, Guitar",,,,
Francisco Canaro,Orquesta Francisco Canaro,1924,Porqué,Por Que,Tango,Instrumental,Odeón,,2320,4034 B,José Bohr,,,22-26 Odeon Accoustic,,,"Pedro Polito, UNKNOWN (Flute)","Francisco Canaro, UNKNOWN, Leopoldo Thompson (Guitar)","Bandoneon, 2 Violins, Flute, Guitar",,,,
Francisco Canaro,Orquesta Francisco Canaro,1924,Puentecito,,Tango,Instrumental,Odeón,,2284,4068 A,José Servidio,,,22-26 Odeon Accoustic,,,"Pedro Polito, UNKNOWN (Flute)","Francisco Canaro, UNKNOWN, Leopoldo Thompson (Guitar)","Bandoneon, 2 Violins, Flute, Guitar",,,,
Francisco Canaro,Orquesta Francisco Canaro,1924,Que Chiche,,Tango,Instrumental,Odeón,,1784,6976 B,Alberico Spátola,,,22-26 Odeon Accoustic,,,"Pedro Polito, UNKNOWN (Flute)","Francisco Canaro, UNKNOWN, Leopoldo Thompson (Guitar)","Bandoneon, 2 Violins, Flute, Guitar",,,,
Francisco Canaro,Orquesta Francisco Canaro,1924,Que Mala Fuiste,,Tango,Instrumental,Odeón,,1802,4001 A,Fernando Montoni,,,22-26 Odeon Accoustic,,,"Pedro Polito, UNKNOWN (Flute)","Francisco Canaro, UNKNOWN, Leopoldo Thompson (Guitar)","Bandoneon, 2 Violins, Flute, Guitar",,,,
Francisco Canaro,Orquesta Francisco Canaro,1924,Ramas Secas,,Tango,Instrumental,Odeón,,2440,4081 A,Luis Riccardi,,,22-26 Odeon Accoustic,,,"Pedro Polito, UNKNOWN (Flute)","Francisco Canaro, UNKNOWN, Leopoldo Thompson (Guitar)","Bandoneon, 2 Violins, Flute, Guitar",,,,
Francisco Canaro,Orquesta Francisco Canaro,1924,Recuerdo de París,,Tango,Instrumental,Odeón,,2287,4043 B,Carlos Razzano,,,22-26 Odeon Accoustic,,,"Pedro Polito, UNKNOWN (Flute)","Francisco Canaro, UNKNOWN, Leopoldo Thompson (Guitar)","Bandoneon, 2 Violins, Flute, Guitar",,,,
Francisco Canaro,Orquesta Francisco Canaro,1924,Reflejos,,Tango,Instrumental,Odeón,,1842,6980 B,Francisco Canaro,,,22-26 Odeon Accoustic,,,"Pedro Polito, UNKNOWN (Flute)","Francisco Canaro, UNKNOWN, Leopoldo Thompson (Guitar)","Bandoneon, 2 Violins, Flute, Guitar",,,,
Francisco Canaro,Orquesta Francisco Canaro,1924,Reproches,,Vals,Instrumental,Odeón,,1970,6995 A,Gerónimo Fattori,,,22-26 Odeon Accoustic,,,"Pedro Polito, UNKNOWN (Flute)","Francisco Canaro, UNKNOWN, Leopoldo Thompson (Guitar)","Bandoneon, 2 Violins, Flute, Guitar",,,,
Francisco Canaro,Orquesta Francisco Canaro,1924,Se Acuerdan Muchachos,,Tango,Instrumental,Odeón,,1659,6958 B,Enrique Delfino,,,22-26 Odeon Accoustic,,,"Pedro Polito, UNKNOWN (Flute)","Francisco Canaro, UNKNOWN, Leopoldo Thompson (Guitar)","Bandoneon, 2 Violins, Flute, Guitar",,,,
Francisco Canaro,Orquesta Francisco Canaro,1924,Sentimiento Gaucho,,Tango,Instrumental,Odeón,,2082,4035 A,Francisco Canaro,Juan Caruso,,22-26 Odeon Accoustic,,,"Pedro Polito, UNKNOWN (Flute)","Francisco Canaro, UNKNOWN, Leopoldo Thompson (Guitar)","Bandoneon, 2 Violins, Flute, Guitar",,,,
Francisco Canaro,Orquesta Francisco Canaro,1924,Sin Consuelo,,Tango,Instrumental,Odeón,,2361,4074 A,Víctor Troysi,,,22-26 Odeon Accoustic,,,"Pedro Polito, UNKNOWN (Flute)","Francisco Canaro, UNKNOWN, Leopoldo Thompson (Guitar)","Bandoneon, 2 Violins, Flute, Guitar",,,,
Francisco Canaro,Orquesta Francisco Canaro,1924,Sobre el Pucho,Un Callejón en Pompeya,Tango,Instrumental,Odeón,,1720,6965 B,Sebastián Piana,José Castillo,,22-26 Odeon Accoustic,,,"Pedro Polito, UNKNOWN (Flute)","Francisco Canaro, UNKNOWN, Leopoldo Thompson (Guitar)","Bandoneon, 2 Violins, Flute, Guitar",,,,
Francisco Canaro,Orquesta Francisco Canaro,1924,Solita,,Tango,Instrumental,Odeón,,2236,4032 B,Ángel Bozzi,,,22-26 Odeon Accoustic,,,"Pedro Polito, UNKNOWN (Flute)","Francisco Canaro, UNKNOWN, Leopoldo Thompson (Guitar)","Bandoneon, 2 Violins, Flute, Guitar",,,,
Francisco Canaro,Orquesta Francisco Canaro,1924,Sombras,Ombres,Tango,Instrumental,Odeón,,1803,6975 B,Francisco Pracánico,,,22-26 Odeon Accoustic,,,"Pedro Polito, UNKNOWN (Flute)","Francisco Canaro, UNKNOWN, Leopoldo Thompson (Guitar)","Bandoneon, 2 Violins, Flute, Guitar",,,,
Francisco Canaro,Orquesta Francisco Canaro,1924,Sueño Marchito,,Tango,Instrumental,Odeón,,1930,6988 B,Antonio Polito,,,22-26 Odeon Accoustic,,,"Pedro Polito, UNKNOWN (Flute)","Francisco Canaro, UNKNOWN, Leopoldo Thompson (Guitar)","Bandoneon, 2 Violins, Flute, Guitar",,,,
Francisco Canaro,Orquesta Francisco Canaro,1924,Suerte Loca,,Tango,Instrumental,Odeón,,2283,4049 A,Anselmo Aieta,Francisco Jiménez,,22-26 Odeon Accoustic,,,"Pedro Polito, UNKNOWN (Flute)","Francisco Canaro, UNKNOWN, Leopoldo Thompson (Guitar)","Bandoneon, 2 Violins, Flute, Guitar",,,,
Francisco Canaro,Orquesta Francisco Canaro,1924,Talán Talán,Talántalán,Tango,Instrumental,Odeón,,1827,6978 A,Enrique Delfino,Alberto Vacarezza,,22-26 Odeon Accoustic,,,"Pedro Polito, UNKNOWN (Flute)","Francisco Canaro, UNKNOWN, Leopoldo Thompson (Guitar)","Bandoneon, 2 Violins, Flute, Guitar",,,,
Francisco Canaro,Orquesta Francisco Canaro,1924,Tina,,Tango,Instrumental,Odeón,,2334,4118 A,Francisco Canaro,,,22-26 Odeon Accoustic,,,"Pedro Polito, UNKNOWN (Flute)","Francisco Canaro, UNKNOWN, Leopoldo Thompson (Guitar)","Bandoneon, 2 Violins, Flute, Guitar",,,,
Francisco Canaro,Orquesta Francisco Canaro,1924,Tirana,,Vals,Instrumental,Odeón,,2285,4025 A,César Petrone,,,22-26 Odeon Accoustic,,,"Pedro Polito, UNKNOWN (Flute)","Francisco Canaro, UNKNOWN, Leopoldo Thompson (Guitar)","Bandoneon, 2 Violins, Flute, Guitar",,,,
Francisco Canaro,Orquesta Francisco Canaro,1924,Todo Corazón,,Tango,Instrumental,Odeón,,2107,4007 A,José De Caro,José Ruffet,,22-26 Odeon Accoustic,,,"Pedro Polito, UNKNOWN (Flute)","Francisco Canaro, UNKNOWN, Leopoldo Thompson (Guitar)","Bandoneon, 2 Violins, Flute, Guitar",,,,
Francisco Canaro,Orquesta Francisco Canaro,1924,Tu Imagen,,Tango,Instrumental,Odeón,,1886,6982 A,Juan Bazán,,,22-26 Odeon Accoustic,,,"Pedro Polito, UNKNOWN (Flute)","Francisco Canaro, UNKNOWN, Leopoldo Thompson (Guitar)","Bandoneon, 2 Violins, Flute, Guitar",,,,
Francisco Canaro,Orquesta Francisco Canaro,1924,Tuyo,,Tango,Instrumental,Odeón,,2420,4075 A,Rolando Angeletti,,,22-26 Odeon Accoustic,,,"Pedro Polito, UNKNOWN (Flute)","Francisco Canaro, UNKNOWN, Leopoldo Thompson (Guitar)","Bandoneon, 2 Violins, Flute, Guitar",,,,
Francisco Canaro,Orquesta Francisco Canaro,1924,Un Caprichito,,Tango,Instrumental,Odeón,,1950,6990 B,Eduardo Armani,,,22-26 Odeon Accoustic,,,"Pedro Polito, UNKNOWN (Flute)","Francisco Canaro, UNKNOWN, Leopoldo Thompson (Guitar)","Bandoneon, 2 Violins, Flute, Guitar",,,,
Francisco Canaro,Orquesta Francisco Canaro,1924,Un Metejón,,Tango,Azucena Maizani,Odeón,,2026,11004 A,Antonio De Bassi,,,22-26 Odeon Accoustic,,,"Pedro Polito, UNKNOWN (Flute)","Francisco Canaro, UNKNOWN, Leopoldo Thompson (Guitar)","Bandoneon, 2 Violins, Flute, Guitar",,,,
Francisco Canaro,Orquesta Francisco Canaro,1924,Una Noche en París,,Tango,Instrumental,Odeón,,2253,4018 B,Enrique Delfino,,,22-26 Odeon Accoustic,,,"Pedro Polito, UNKNOWN (Flute)","Francisco Canaro, UNKNOWN, Leopoldo Thompson (Guitar)","Bandoneon, 2 Violins, Flute, Guitar",,,,
Francisco Canaro,Orquesta Francisco Canaro,1924,Unico Amor,,Tango,Instrumental,Odeón,,1675,6983 A,Fernando Ponce,,,22-26 Odeon Accoustic,,,"Pedro Polito, UNKNOWN (Flute)","Francisco Canaro, UNKNOWN, Leopoldo Thompson (Guitar)","Bandoneon, 2 Violins, Flute, Guitar",,,,
Francisco Canaro,Orquesta Francisco Canaro,1924,Vencida,,Tango,Instrumental,Odeón,,2032,4048 A,Juan Maglio,,,22-26 Odeon Accoustic,,,"Pedro Polito, UNKNOWN (Flute)","Francisco Canaro, UNKNOWN, Leopoldo Thompson (Guitar)","Bandoneon, 2 Violins, Flute, Guitar",,,,
Francisco Canaro,Orquesta Francisco Canaro,1924,Volvé Negro,,Tango,Instrumental,Odeón,,2324,4042 A,Azucena Maizani,Francisco Bastardi,,22-26 Odeon Accoustic,,,"Pedro Polito, UNKNOWN (Flute)","Francisco Canaro, UNKNOWN, Leopoldo Thompson (Guitar)","Bandoneon, 2 Violins, Flute, Guitar",,,,
Francisco Canaro,Orquesta Francisco Canaro,1925,Acuarelita del Arrabal,Acuarelita de Arrabal,Tango,Instrumental,Odeón,,2919,4110 B,Cátulo Castillo,José Castillo,,22-26 Odeon Accoustic,Fioravanit Di Cicco,"Rafael Canaro, Romualdo Lobo (Drums)","Carlos Marcucci, Juan Canaro","Agesilao Ferrazzano, Francisco Canaro","Piano, Bass, 2 Bandoneons, 2 Violins, Drums",,,,
Francisco Canaro,Orquesta Francisco Canaro,1925,Acuérdate de Mí,,Tango,Instrumental,Odeón,,3376,4162 A,Agustín Bardi,,,22-26 Odeon Accoustic,Fioravanit Di Cicco,"Rafael Canaro, Romualdo Lobo (Drums)","Carlos Marcucci, Juan Canaro","Agesilao Ferrazzano, Francisco Canaro","Piano, Bass, 2 Bandoneons, 2 Violins, Drums",,,,
Francisco Canaro,Orquesta Francisco Canaro,1925,Adiós,,Tango,Instrumental,Odeón,,2916,4096 B,Adolfo Rosquellas,,,22-26 Odeon Accoustic,Fioravanit Di Cicco,"Rafael Canaro, Romualdo Lobo (Drums)","Carlos Marcucci, Juan Canaro","Agesilao Ferrazzano, Francisco Canaro","Piano, Bass, 2 Bandoneons, 2 Violins, Drums",,,,
Francisco Canaro,Orquesta Francisco Canaro,1925,Adiós Para Siempre,,Tango,Instrumental,Odeón,,3199,4115 A,Antonio Scatasso,Nolo López,,22-26 Odeon Accoustic,Fioravanit Di Cicco,"Rafael Canaro, Romualdo Lobo (Drums)","Carlos Marcucci, Juan Canaro","Agesilao Ferrazzano, Francisco Canaro","Piano, Bass, 2 Bandoneons, 2 Violins, Drums",,,,
Francisco Canaro,Orquesta Francisco Canaro,1925,Adoración,,Tango,Instrumental,Odeón,,2773,4122 A,María Godard,,,22-26 Odeon Accoustic,Fioravanit Di Cicco,"Rafael Canaro, Romualdo Lobo (Drums)","Carlos Marcucci, Juan Canaro","Agesilao Ferrazzano, Francisco Canaro","Piano, Bass, 2 Bandoneons, 2 Violins, Drums",,,,
Francisco Canaro,Orquesta Francisco Canaro,1925,Ambiciosa,,Tango,Azucena Maizani,Odeón,,2767,11019 A,José Martínez,,,22-26 Odeon Accoustic,Fioravanit Di Cicco,"Rafael Canaro, Romualdo Lobo (Drums)","Carlos Marcucci, Juan Canaro","Agesilao Ferrazzano, Francisco Canaro","Piano, Bass, 2 Bandoneons, 2 Violins, Drums",,,,
Francisco Canaro,Orquesta Francisco Canaro,1925,Amor Mío,,Tango,Instrumental,Odeón,,2932,4130 B,Antonio Scatasso,Carlos Bahr,,22-26 Odeon Accoustic,Fioravanit Di Cicco,"Rafael Canaro, Romualdo Lobo (Drums)","Carlos Marcucci, Juan Canaro","Agesilao Ferrazzano, Francisco Canaro","Piano, Bass, 2 Bandoneons, 2 Violins, Drums",,,,
Francisco Canaro,Orquesta Francisco Canaro,1925,Amores de Carnaval,,Tango,Azucena Maizani,Odeón,,3198,11023 B,Azucena Calvi,Azucena Calvi,,22-26 Odeon Accoustic,Fioravanit Di Cicco,"Rafael Canaro, Romualdo Lobo (Drums)","Carlos Marcucci, Juan Canaro","Agesilao Ferrazzano, Francisco Canaro","Piano, Bass, 2 Bandoneons, 2 Violins, Drums",,,,
Francisco Canaro,Orquesta Francisco Canaro,1925,Calandria,Dejá el Bodegón,Tango,Instrumental,Odeón,,3268,4125 A,José Servidio,,,22-26 Odeon Accoustic,Fioravanit Di Cicco,"Rafael Canaro, Romualdo Lobo (Drums)","Carlos Marcucci, Juan Canaro","Agesilao Ferrazzano, Francisco Canaro","Piano, Bass, 2 Bandoneons, 2 Violins, Drums",,,,
Francisco Canaro,Orquesta Francisco Canaro,1925,Callecita de Mi Barrio,,Tango,Instrumental,Odeón,,3137,4107 A,Alberto Gasparini,Enrique Maroni,,22-26 Odeon Accoustic,Fioravanit Di Cicco,"Rafael Canaro, Romualdo Lobo (Drums)","Carlos Marcucci, Juan Canaro","Agesilao Ferrazzano, Francisco Canaro","Piano, Bass, 2 Bandoneons, 2 Violins, Drums",,,,
Francisco Canaro,Orquesta Francisco Canaro,1925,Caminito del Taller,Caminito Al Taller,Tango,Instrumental,Odeón,,2508,4043 A,Cátulo Castillo,Cátulo Castillo,,22-26 Odeon Accoustic,Fioravanit Di Cicco,"Rafael Canaro, Romualdo Lobo (Drums)","Carlos Marcucci, Juan Canaro","Agesilao Ferrazzano, Francisco Canaro","Piano, Bass, 2 Bandoneons, 2 Violins, Drums",,,,
Francisco Canaro,Orquesta Francisco Canaro,1925,Cantá Corazón,,Tango,Azucena Maizani,Odeón,,3164,11020 B,Francisco Payá,,,22-26 Odeon Accoustic,Fioravanit Di Cicco,"Rafael Canaro, Romualdo Lobo (Drums)","Carlos Marcucci, Juan Canaro","Agesilao Ferrazzano, Francisco Canaro","Piano, Bass, 2 Bandoneons, 2 Violins, Drums",,,,
Francisco Canaro,Orquesta Francisco Canaro,1925,Changüi,,Tango,Instrumental,Odeón,,3384,4141 A,Humberto Canaro,,,22-26 Odeon Accoustic,Fioravanit Di Cicco,"Rafael Canaro, Romualdo Lobo (Drums)","Carlos Marcucci, Juan Canaro","Agesilao Ferrazzano, Francisco Canaro","Piano, Bass, 2 Bandoneons, 2 Violins, Drums",,,,
Francisco Canaro,Orquesta Francisco Canaro,1925,Contraflor,,Tango,Instrumental,Odeón,,3264,4124 B,Ernesto Ponzio,,,22-26 Odeon Accoustic,Fioravanit Di Cicco,"Rafael Canaro, Romualdo Lobo (Drums)","Carlos Marcucci, Juan Canaro","Agesilao Ferrazzano, Francisco Canaro","Piano, Bass, 2 Bandoneons, 2 Violins, Drums",,,,
Francisco Canaro,Orquesta Francisco Canaro,1925,Corazón del Arrabal,,Tango,Instrumental,Odeón,,3133,4108 A,Manuel Jovés,,,22-26 Odeon Accoustic,Fioravanit Di Cicco,"Rafael Canaro, Romualdo Lobo (Drums)","Carlos Marcucci, Juan Canaro","Agesilao Ferrazzano, Francisco Canaro","Piano, Bass, 2 Bandoneons, 2 Violins, Drums",,,,
Francisco Canaro,Orquesta Francisco Canaro,1925,Criollazo,,Tango,Instrumental,Odeón,,3381,4133 B,Juan Rodríguez,,,22-26 Odeon Accoustic,Fioravanit Di Cicco,"Rafael Canaro, Romualdo Lobo (Drums)","Carlos Marcucci, Juan Canaro","Agesilao Ferrazzano, Francisco Canaro","Piano, Bass, 2 Bandoneons, 2 Violins, Drums",,,,
Francisco Canaro,Orquesta Francisco Canaro,1925,De Lo Mejor,,Tango,Instrumental,Odeón,,2616,4057 B,Américo Bonani,,,22-26 Odeon Accoustic,Fioravanit Di Cicco,"Rafael Canaro, Romualdo Lobo (Drums)","Carlos Marcucci, Juan Canaro","Agesilao Ferrazzano, Francisco Canaro","Piano, Bass, 2 Bandoneons, 2 Violins, Drums",,,,
Francisco Canaro,Orquesta Francisco Canaro,1925,El Alma de la Calle,Callecita del Suburbio,Tango,Azucena Maizani,Odeón,,3454,11024 A,Raúl De Los Hoyos,,,22-26 Odeon Accoustic,Fioravanit Di Cicco,"Rafael Canaro, Romualdo Lobo (Drums)","Carlos Marcucci, Juan Canaro","Agesilao Ferrazzano, Francisco Canaro","Piano, Bass, 2 Bandoneons, 2 Violins, Drums",,,,
Francisco Canaro,Orquesta Francisco Canaro,1925,El Alma del Cotorro,,Tango,Instrumental,Odeón,,3267,4122 B,Guido Pacheco,F. Lisc-Fé,,22-26 Odeon Accoustic,Fioravanit Di Cicco,"Rafael Canaro, Romualdo Lobo (Drums)","Carlos Marcucci, Juan Canaro","Agesilao Ferrazzano, Francisco Canaro","Piano, Bass, 2 Bandoneons, 2 Violins, Drums",,,,
Francisco Canaro,Orquesta Francisco Canaro,1925,El Ausente,,Tango,Instrumental,Odeón,,2744,4091 B,José Boutureira,,,22-26 Odeon Accoustic,Fioravanit Di Cicco,"Rafael Canaro, Romualdo Lobo (Drums)","Carlos Marcucci, Juan Canaro","Agesilao Ferrazzano, Francisco Canaro","Piano, Bass, 2 Bandoneons, 2 Violins, Drums",,,,
Francisco Canaro,Orquesta Francisco Canaro,1925,El Milonguero,,Tango,Instrumental,Odeón,,2617,4058 A,Orlando Romanelli,,,22-26 Odeon Accoustic,Fioravanit Di Cicco,"Rafael Canaro, Romualdo Lobo (Drums)","Carlos Marcucci, Juan Canaro","Agesilao Ferrazzano, Francisco Canaro","Piano, Bass, 2 Bandoneons, 2 Violins, Drums",,,,
Francisco Canaro,Orquesta Francisco Canaro,1925,El Paisano,,Tango,Instrumental,Odeón,,3259,4129 A,Osvaldo Rizzuti,,,22-26 Odeon Accoustic,Fioravanit Di Cicco,"Rafael Canaro, Romualdo Lobo (Drums)","Carlos Marcucci, Juan Canaro","Agesilao Ferrazzano, Francisco Canaro","Piano, Bass, 2 Bandoneons, 2 Violins, Drums",,,,
Francisco Canaro,Orquesta Francisco Canaro,1925,El Parisien,,Tango,Instrumental,Odeón,,2747,4077 B,Antonio Scatasso,,,22-26 Odeon Accoustic,Fioravanit Di Cicco,"Rafael Canaro, Romualdo Lobo (Drums)","Carlos Marcucci, Juan Canaro","Agesilao Ferrazzano, Francisco Canaro","Piano, Bass, 2 Bandoneons, 2 Violins, Drums",,,,
Francisco Canaro,Orquesta Francisco Canaro,1925,En Aquel Cuartito,,Tango,Instrumental,Odeón,,3076,4102 A,Edgardo Bauer,,,22-26 Odeon Accoustic,Fioravanit Di Cicco,"Rafael Canaro, Romualdo Lobo (Drums)","Carlos Marcucci, Juan Canaro","Agesilao Ferrazzano, Francisco Canaro","Piano, Bass, 2 Bandoneons, 2 Violins, Drums",,,,
Francisco Canaro,Orquesta Francisco Canaro,1925,En la Pendiente,,Tango,Instrumental,Odeón,,3458,4140 B,Fidel Del Negro,,,22-26 Odeon Accoustic,Fioravanit Di Cicco,"Rafael Canaro, Romualdo Lobo (Drums)","Carlos Marcucci, Juan Canaro","Agesilao Ferrazzano, Francisco Canaro","Piano, Bass, 2 Bandoneons, 2 Violins, Drums",,,,
Francisco Canaro,Orquesta Francisco Canaro,1925,En un Rincon de la Boca,,Tango,Instrumental,Odeón,,3375,4134 B,Fidel Del Negro,,,22-26 Odeon Accoustic,Fioravanit Di Cicco,"Rafael Canaro, Romualdo Lobo (Drums)","Carlos Marcucci, Juan Canaro","Agesilao Ferrazzano, Francisco Canaro","Piano, Bass, 2 Bandoneons, 2 Violins, Drums",,,,
Francisco Canaro,Orquesta Francisco Canaro,1925,Entrá Nomás,,Tango,Instrumental,Odeón,,3062,4104 A,Juan Rezzano,Francisco Bastardi,,22-26 Odeon Accoustic,Fioravanit Di Cicco,"Rafael Canaro, Romualdo Lobo (Drums)","Carlos Marcucci, Juan Canaro","Agesilao Ferrazzano, Francisco Canaro","Piano, Bass, 2 Bandoneons, 2 Violins, Drums",,,,
Francisco Canaro,Orquesta Francisco Canaro,1925,Esthercita,,Tango,Instrumental,Odeón,,2579,4076 A,Lucas Gómez,,,22-26 Odeon Accoustic,Fioravanit Di Cicco,"Rafael Canaro, Romualdo Lobo (Drums)","Carlos Marcucci, Juan Canaro","Agesilao Ferrazzano, Francisco Canaro","Piano, Bass, 2 Bandoneons, 2 Violins, Drums",,,,
Francisco Canaro,Orquesta Francisco Canaro,1925,Estrellita,,Tango,Instrumental,Odeón,,2507,4080 A,E. Marcucci,,,22-26 Odeon Accoustic,Fioravanit Di Cicco,"Rafael Canaro, Romualdo Lobo (Drums)","Carlos Marcucci, Juan Canaro","Agesilao Ferrazzano, Francisco Canaro","Piano, Bass, 2 Bandoneons, 2 Violins, Drums",,,,
Francisco Canaro,Orquesta Francisco Canaro,1925,Exposicion,,Tango,Instrumental,Odeón,,2581,4097 B,Lorenzo Pugliano,,,22-26 Odeon Accoustic,Fioravanit Di Cicco,"Rafael Canaro, Romualdo Lobo (Drums)","Carlos Marcucci, Juan Canaro","Agesilao Ferrazzano, Francisco Canaro","Piano, Bass, 2 Bandoneons, 2 Violins, Drums",,,,
Francisco Canaro,Orquesta Francisco Canaro,1925,Falta Envido,,Tango,Instrumental,Odeón,,2505,4046 A,José Ruffet,,,22-26 Odeon Accoustic,Fioravanit Di Cicco,"Rafael Canaro, Romualdo Lobo (Drums)","Carlos Marcucci, Juan Canaro","Agesilao Ferrazzano, Francisco Canaro","Piano, Bass, 2 Bandoneons, 2 Violins, Drums",,,,
Francisco Canaro,Orquesta Francisco Canaro,1925,Fea,,Tango,Azucena Maizani,Odeón,,3162,11021 B,Horacio Pettorossi,Alfredo Navarrine,,22-26 Odeon Accoustic,Fioravanit Di Cicco,"Rafael Canaro, Romualdo Lobo (Drums)","Carlos Marcucci, Juan Canaro","Agesilao Ferrazzano, Francisco Canaro","Piano, Bass, 2 Bandoneons, 2 Violins, Drums",,,,
Francisco Canaro,Orquesta Francisco Canaro,1925,Fosforerita,,Tango,Azucena Maizani,Odeón,,3453,11025 A,Bartolomé Chapela,Amaro Giura,,22-26 Odeon Accoustic,Fioravanit Di Cicco,"Rafael Canaro, Romualdo Lobo (Drums)","Carlos Marcucci, Juan Canaro","Agesilao Ferrazzano, Francisco Canaro","Piano, Bass, 2 Bandoneons, 2 Violins, Drums",,,,
Francisco Canaro,Orquesta Francisco Canaro,1925,Francia,,Tango,Instrumental,Odeón,,3382,4138 A,Samuel Castriota,Carlos Pesce,,22-26 Odeon Accoustic,Fioravanit Di Cicco,"Rafael Canaro, Romualdo Lobo (Drums)","Carlos Marcucci, Juan Canaro","Agesilao Ferrazzano, Francisco Canaro","Piano, Bass, 2 Bandoneons, 2 Violins, Drums",,,,
Francisco Canaro,Orquesta Francisco Canaro,1925,Galleguita,,Tango,Instrumental,Odeón,,2464,4045 B,Horacio Pettorossi,Alfredo Navarrine,,22-26 Odeon Accoustic,Fioravanit Di Cicco,"Rafael Canaro, Romualdo Lobo (Drums)","Carlos Marcucci, Juan Canaro","Agesilao Ferrazzano, Francisco Canaro","Piano, Bass, 2 Bandoneons, 2 Violins, Drums",,,,
Francisco Canaro,Orquesta Francisco Canaro,1925,Gente Alegre,,Tango,Instrumental,Odeón,,3457,4140 A,Antonio Scatasso,,,22-26 Odeon Accoustic,Fioravanit Di Cicco,"Rafael Canaro, Romualdo Lobo (Drums)","Carlos Marcucci, Juan Canaro","Agesilao Ferrazzano, Francisco Canaro","Piano, Bass, 2 Bandoneons, 2 Violins, Drums",,,,
Francisco Canaro,Orquesta Francisco Canaro,1925,Hasta la Vuelta,,Tango,Instrumental,Odeón,,2577,4079 A,Humberto Canaro,,,22-26 Odeon Accoustic,Fioravanit Di Cicco,"Rafael Canaro, Romualdo Lobo (Drums)","Carlos Marcucci, Juan Canaro","Agesilao Ferrazzano, Francisco Canaro","Piano, Bass, 2 Bandoneons, 2 Violins, Drums",,,,
Francisco Canaro,Orquesta Francisco Canaro,1925,Juguete de Placer,,Tango,Instrumental,Odeón,,3077,4107 B,Cátulo Castillo,,,22-26 Odeon Accoustic,Fioravanit Di Cicco,"Rafael Canaro, Romualdo Lobo (Drums)","Carlos Marcucci, Juan Canaro","Agesilao Ferrazzano, Francisco Canaro","Piano, Bass, 2 Bandoneons, 2 Violins, Drums",,,,
Francisco Canaro,Orquesta Francisco Canaro,1925,La Costurerita Que Dio Aquel Mal Paso,,Tango,Instrumental,Odeón,,3374,4134 A,Antonio Scatasso,,,22-26 Odeon Accoustic,Fioravanit Di Cicco,"Rafael Canaro, Romualdo Lobo (Drums)","Carlos Marcucci, Juan Canaro","Agesilao Ferrazzano, Francisco Canaro","Piano, Bass, 2 Bandoneons, 2 Violins, Drums",,,,
Francisco Canaro,Orquesta Francisco Canaro,1925,La Gatita,,Tango,Instrumental,Odeón,,2506,4065 A,Rafael Tuegols,,,22-26 Odeon Accoustic,Fioravanit Di Cicco,"Rafael Canaro, Romualdo Lobo (Drums)","Carlos Marcucci, Juan Canaro","Agesilao Ferrazzano, Francisco Canaro","Piano, Bass, 2 Bandoneons, 2 Violins, Drums",,,,
Francisco Canaro,Orquesta Francisco Canaro,1925,La Monjita,,Tango,Instrumental,Odeón,,3262,4128 B,Nicolás Di Masi,,,22-26 Odeon Accoustic,Fioravanit Di Cicco,"Rafael Canaro, Romualdo Lobo (Drums)","Carlos Marcucci, Juan Canaro","Agesilao Ferrazzano, Francisco Canaro","Piano, Bass, 2 Bandoneons, 2 Violins, Drums",,,,
Francisco Canaro,Orquesta Francisco Canaro,1925,La Pueblera,,Tango,Instrumental,Odeón,,3260,4113 B,José Rizzuti,,,22-26 Odeon Accoustic,Fioravanit Di Cicco,"Rafael Canaro, Romualdo Lobo (Drums)","Carlos Marcucci, Juan Canaro","Agesilao Ferrazzano, Francisco Canaro","Piano, Bass, 2 Bandoneons, 2 Violins, Drums",,,,
Francisco Canaro,Orquesta Francisco Canaro,1925,La Tinaja,,Tango,Instrumental,Odeón,,3075,4120 A,Juan Canaro,,,22-26 Odeon Accoustic,Fioravanit Di Cicco,"Rafael Canaro, Romualdo Lobo (Drums)","Carlos Marcucci, Juan Canaro","Agesilao Ferrazzano, Francisco Canaro","Piano, Bass, 2 Bandoneons, 2 Violins, Drums",,,,
Francisco Canaro,Orquesta Francisco Canaro,1925,Labios Pintados,,Tango,Instrumental,Odeón,,2466,4041 A,José Bohr,,,22-26 Odeon Accoustic,Fioravanit Di Cicco,"Rafael Canaro, Romualdo Lobo (Drums)","Carlos Marcucci, Juan Canaro","Agesilao Ferrazzano, Francisco Canaro","Piano, Bass, 2 Bandoneons, 2 Violins, Drums",,,,
Francisco Canaro,Orquesta Francisco Canaro,1925,Langosta,,Tango,Instrumental,Odeón,,3080,4110 A,Juan Filiberto,Juan Bruno,,22-26 Odeon Accoustic,Fioravanit Di Cicco,"Rafael Canaro, Romualdo Lobo (Drums)","Carlos Marcucci, Juan Canaro","Agesilao Ferrazzano, Francisco Canaro","Piano, Bass, 2 Bandoneons, 2 Violins, Drums",,,,
Francisco Canaro,Orquesta Francisco Canaro,1925,Macho y Hembra,,Tango,Instrumental,Odeón,,2746,4077 A,Antonio Scatasso,,,22-26 Odeon Accoustic,Fioravanit Di Cicco,"Rafael Canaro, Romualdo Lobo (Drums)","Carlos Marcucci, Juan Canaro","Agesilao Ferrazzano, Francisco Canaro","Piano, Bass, 2 Bandoneons, 2 Violins, Drums",,,,
Francisco Canaro,Jazz-Band,1925,Marinero,,Tango,Instrumental,Odeón,,2888,4111 A,Antonio Scatasso,Enrique Cadícamo,,22-26 Odeon Accoustic,Fioravanit Di Cicco,"Rafael Canaro, Romualdo Lobo (Drums)","Carlos Marcucci, Juan Canaro","Agesilao Ferrazzano, Francisco Canaro","Piano, Bass, 2 Bandoneons, 2 Violins, Drums",,,,
Francisco Canaro,Orquesta Francisco Canaro,1925,Marquita,,Vals,José Bohr,Odeón,,3112,16126 A,Víctor Schertzinger,,,22-26 Odeon Accoustic,Fioravanit Di Cicco,"Rafael Canaro, Romualdo Lobo (Drums)","Carlos Marcucci, Juan Canaro","Agesilao Ferrazzano, Francisco Canaro","Piano, Bass, 2 Bandoneons, 2 Violins, Drums",,,,
Francisco Canaro,Orquesta Francisco Canaro,1925,Medias de Seda,,Tango,Instrumental,Odeón,,2917,4087 A,José Bohr,,,22-26 Odeon Accoustic,Fioravanit Di Cicco,"Rafael Canaro, Romualdo Lobo (Drums)","Carlos Marcucci, Juan Canaro","Agesilao Ferrazzano, Francisco Canaro","Piano, Bass, 2 Bandoneons, 2 Violins, Drums",,,,
Francisco Canaro,Orquesta Francisco Canaro,1925,Mi Cariño,,Vals,Instrumental,Odeón,,3063,4104 B,Santiago París,,,22-26 Odeon Accoustic,Fioravanit Di Cicco,"Rafael Canaro, Romualdo Lobo (Drums)","Carlos Marcucci, Juan Canaro","Agesilao Ferrazzano, Francisco Canaro","Piano, Bass, 2 Bandoneons, 2 Violins, Drums",,,,
Francisco Canaro,Orquesta Francisco Canaro,1925,Mi Jaula de Oro,,Tango,Instrumental,Odeón,,3265,4127 B,Ernesto Di Cicco,,,22-26 Odeon Accoustic,Fioravanit Di Cicco,"Rafael Canaro, Romualdo Lobo (Drums)","Carlos Marcucci, Juan Canaro","Agesilao Ferrazzano, Francisco Canaro","Piano, Bass, 2 Bandoneons, 2 Violins, Drums",,,,
Francisco Canaro,Orquesta Francisco Canaro,1925,Mi Nena,,Tango,Instrumental,Odeón,,2465,4101 A,Arturo Amorín,,,22-26 Odeon Accoustic,Fioravanit Di Cicco,"Rafael Canaro, Romualdo Lobo (Drums)","Carlos Marcucci, Juan Canaro","Agesilao Ferrazzano, Francisco Canaro","Piano, Bass, 2 Bandoneons, 2 Violins, Drums",,,,
Francisco Canaro,Orquesta Francisco Canaro,1925,Mi Querer,,Tango,Instrumental,Odeón,,2620,4094 A,Mario Canaro,Juan Caruso,,22-26 Odeon Accoustic,Fioravanit Di Cicco,"Rafael Canaro, Romualdo Lobo (Drums)","Carlos Marcucci, Juan Canaro","Agesilao Ferrazzano, Francisco Canaro","Piano, Bass, 2 Bandoneons, 2 Violins, Drums",,,,
Francisco Canaro,Orquesta Francisco Canaro,1925,Mimosita,,Tango,Instrumental,Odeón,,2745,4090 B,Jaime Reos,,,22-26 Odeon Accoustic,Fioravanit Di Cicco,"Rafael Canaro, Romualdo Lobo (Drums)","Carlos Marcucci, Juan Canaro","Agesilao Ferrazzano, Francisco Canaro","Piano, Bass, 2 Bandoneons, 2 Violins, Drums",,,,
Francisco Canaro,Orquesta Francisco Canaro,1925,Monito,,Tango,Instrumental,Odeón,,2460,4061 A,Azucena Maizani,,,22-26 Odeon Accoustic,Fioravanit Di Cicco,"Rafael Canaro, Romualdo Lobo (Drums)","Carlos Marcucci, Juan Canaro","Agesilao Ferrazzano, Francisco Canaro","Piano, Bass, 2 Bandoneons, 2 Violins, Drums",,,,
Francisco Canaro,Orquesta Francisco Canaro,1925,Muchachita de Montmartre,Muchacha de Montmartre,Tango,Instrumental,Odeón,,3099,4105 A,Osvaldo Fresedo,José Saldías,,22-26 Odeon Accoustic,Fioravanit Di Cicco,"Rafael Canaro, Romualdo Lobo (Drums)","Carlos Marcucci, Juan Canaro","Agesilao Ferrazzano, Francisco Canaro","Piano, Bass, 2 Bandoneons, 2 Violins, Drums",,,,
Francisco Canaro,Orquesta Francisco Canaro,1925,Muchachita de Ojos Negros,,Tango,Azucena Maizani,Odeón,,3452,11024 B,Francisco Canaro,,,22-26 Odeon Accoustic,Fioravanit Di Cicco,"Rafael Canaro, Romualdo Lobo (Drums)","Carlos Marcucci, Juan Canaro","Agesilao Ferrazzano, Francisco Canaro","Piano, Bass, 2 Bandoneons, 2 Violins, Drums",,,,
Francisco Canaro,Orquesta Francisco Canaro,1925,Nena Mia,,Tango,Instrumental,Odeón,,3455,4132 A,Juan D'Angelo,,,22-26 Odeon Accoustic,Fioravanit Di Cicco,"Rafael Canaro, Romualdo Lobo (Drums)","Carlos Marcucci, Juan Canaro","Agesilao Ferrazzano, Francisco Canaro","Piano, Bass, 2 Bandoneons, 2 Violins, Drums",,,,
Francisco Canaro,Orquesta Francisco Canaro,1925,No Me Jures Que No Te Creo,,Tango,Azucena Maizani,Odeón,,2885,11018 A,Julio Pollero,Roberto Cayol,,22-26 Odeon Accoustic,Fioravanit Di Cicco,"Rafael Canaro, Romualdo Lobo (Drums)","Carlos Marcucci, Juan Canaro","Agesilao Ferrazzano, Francisco Canaro","Piano, Bass, 2 Bandoneons, 2 Violins, Drums",,,,
Francisco Canaro,Orquesta Francisco Canaro,1925,No Te Quiero Más,,Tango,Instrumental,Odeón,,3373,4131 A,Juan Baüer,Juan Estapé,,22-26 Odeon Accoustic,Fioravanit Di Cicco,"Rafael Canaro, Romualdo Lobo (Drums)","Carlos Marcucci, Juan Canaro","Agesilao Ferrazzano, Francisco Canaro","Piano, Bass, 2 Bandoneons, 2 Violins, Drums",,,,
Francisco Canaro,Orquesta Francisco Canaro,1925,Ocaso,,Tango,Instrumental,Odeón,,3136,4126 A,Ernesto Rossi,,,22-26 Odeon Accoustic,Fioravanit Di Cicco,"Rafael Canaro, Romualdo Lobo (Drums)","Carlos Marcucci, Juan Canaro","Agesilao Ferrazzano, Francisco Canaro","Piano, Bass, 2 Bandoneons, 2 Violins, Drums",,,,
Francisco Canaro,Orquesta Francisco Canaro,1925,Organito de la Tarde,,Tango,Instrumental,Odeón,,2576,4062 A,Cátulo Castillo,José Castillo,,22-26 Odeon Accoustic,Fioravanit Di Cicco,"Rafael Canaro, Romualdo Lobo (Drums)","Carlos Marcucci, Juan Canaro","Agesilao Ferrazzano, Francisco Canaro","Piano, Bass, 2 Bandoneons, 2 Violins, Drums",,,,
Francisco Canaro,Orquesta Francisco Canaro,1925,Oro y Seda,,Tango,Instrumental,Odeón,,2578,4055 A,Osvaldo Fresedo,,,22-26 Odeon Accoustic,Fioravanit Di Cicco,"Rafael Canaro, Romualdo Lobo (Drums)","Carlos Marcucci, Juan Canaro","Agesilao Ferrazzano, Francisco Canaro","Piano, Bass, 2 Bandoneons, 2 Violins, Drums",,,,
Francisco Canaro,Orquesta Francisco Canaro,1925,París,,Tango,Instrumental,Odeón,,3078,4121 A,Francisco Canaro,,,22-26 Odeon Accoustic,Fioravanit Di Cicco,"Rafael Canaro, Romualdo Lobo (Drums)","Carlos Marcucci, Juan Canaro","Agesilao Ferrazzano, Francisco Canaro","Piano, Bass, 2 Bandoneons, 2 Violins, Drums",,,,
Francisco Canaro,Orquesta Francisco Canaro,1925,Pedime Lo Que Querés,,Tango,Instrumental,Odeón,,2580,4098 A,Francisco Canaro,,,22-26 Odeon Accoustic,Fioravanit Di Cicco,"Rafael Canaro, Romualdo Lobo (Drums)","Carlos Marcucci, Juan Canaro","Agesilao Ferrazzano, Francisco Canaro","Piano, Bass, 2 Bandoneons, 2 Violins, Drums",,,,
Francisco Canaro,Orquesta Francisco Canaro,1925,Penas del Arrabal,,Tango,Azucena Maizani,Odeón,,3161,11020 A,Alberto Gasparini,,,22-26 Odeon Accoustic,Fioravanit Di Cicco,"Rafael Canaro, Romualdo Lobo (Drums)","Carlos Marcucci, Juan Canaro","Agesilao Ferrazzano, Francisco Canaro","Piano, Bass, 2 Bandoneons, 2 Violins, Drums",,,,
Francisco Canaro,Orquesta Francisco Canaro,1925,Penumbras,,Tango,Instrumental,Odeón,,3102,4095 B,Julio De Caro,Jorge Ocampo,,22-26 Odeon Accoustic,Fioravanit Di Cicco,"Rafael Canaro, Romualdo Lobo (Drums)","Carlos Marcucci, Juan Canaro","Agesilao Ferrazzano, Francisco Canaro","Piano, Bass, 2 Bandoneons, 2 Violins, Drums",,,,
Francisco Canaro,Orquesta Francisco Canaro,1925,Personita,,Tango,Instrumental,Odeón,,2467,4070 A,Anselmo Aieta,,,22-26 Odeon Accoustic,Fioravanit Di Cicco,"Rafael Canaro, Romualdo Lobo (Drums)","Carlos Marcucci, Juan Canaro","Agesilao Ferrazzano, Francisco Canaro","Piano, Bass, 2 Bandoneons, 2 Violins, Drums",,,,
Francisco Canaro,Orquesta Francisco Canaro,1925,Picardías,,Tango,Instrumental,Odeón,,2621,4066 A,Luis Petruccelli,,,22-26 Odeon Accoustic,Fioravanit Di Cicco,"Rafael Canaro, Romualdo Lobo (Drums)","Carlos Marcucci, Juan Canaro","Agesilao Ferrazzano, Francisco Canaro","Piano, Bass, 2 Bandoneons, 2 Violins, Drums",,,,
Francisco Canaro,Orquesta Francisco Canaro,1925,Pico Blanco,,Tango,Instrumental,Odeón,,2918,4101 B,Agustín Bardi,,,22-26 Odeon Accoustic,Fioravanit Di Cicco,"Rafael Canaro, Romualdo Lobo (Drums)","Carlos Marcucci, Juan Canaro","Agesilao Ferrazzano, Francisco Canaro","Piano, Bass, 2 Bandoneons, 2 Violins, Drums",,,,
Francisco Canaro,Orquesta Francisco Canaro,1925,Piedad,,Tango,Azucena Maizani,Odeón,,2930,11018 B,José Rizzuti,A. Bonnet,,22-26 Odeon Accoustic,Fioravanit Di Cicco,"Rafael Canaro, Romualdo Lobo (Drums)","Carlos Marcucci, Juan Canaro","Agesilao Ferrazzano, Francisco Canaro","Piano, Bass, 2 Bandoneons, 2 Violins, Drums",,,,
Francisco Canaro,Orquesta Francisco Canaro,1925,Pobre Chica,,Tango,Instrumental,Odeón,,3100,4105 B,Osvaldo Fresedo,Emilio Fresedo,,22-26 Odeon Accoustic,Fioravanit Di Cicco,"Rafael Canaro, Romualdo Lobo (Drums)","Carlos Marcucci, Juan Canaro","Agesilao Ferrazzano, Francisco Canaro","Piano, Bass, 2 Bandoneons, 2 Violins, Drums",,,,
Francisco Canaro,Orquesta Francisco Canaro,1925,Pobre Muñequita,,Tango,Instrumental,Odeón,,3134,4106 A,"Emilio Iribarne, Víctor Sola",,,22-26 Odeon Accoustic,Fioravanit Di Cicco,"Rafael Canaro, Romualdo Lobo (Drums)","Carlos Marcucci, Juan Canaro","Agesilao Ferrazzano, Francisco Canaro","Piano, Bass, 2 Bandoneons, 2 Violins, Drums",,,,
Francisco Canaro,Orquesta Francisco Canaro,1925,Pobrecita,,Tango,Instrumental,Odeón,,3200,4115 B,Antonio Scatasso,,,22-26 Odeon Accoustic,Fioravanit Di Cicco,"Rafael Canaro, Romualdo Lobo (Drums)","Carlos Marcucci, Juan Canaro","Agesilao Ferrazzano, Francisco Canaro","Piano, Bass, 2 Bandoneons, 2 Violins, Drums",,,,
Francisco Canaro,Orquesta Francisco Canaro,1925,Polo,,Tango,Instrumental,Odeón,,2490,4052 B,José Bohr,,,22-26 Odeon Accoustic,Fioravanit Di Cicco,"Rafael Canaro, Romualdo Lobo (Drums)","Carlos Marcucci, Juan Canaro","Agesilao Ferrazzano, Francisco Canaro","Piano, Bass, 2 Bandoneons, 2 Violins, Drums",,,,
Francisco Canaro,Orquesta Francisco Canaro,1925,Por Ella,,Tango,Instrumental,Odeón,,3081,4109 A,Luis Teisseire,,,22-26 Odeon Accoustic,Fioravanit Di Cicco,"Rafael Canaro, Romualdo Lobo (Drums)","Carlos Marcucci, Juan Canaro","Agesilao Ferrazzano, Francisco Canaro","Piano, Bass, 2 Bandoneons, 2 Violins, Drums",,,,
Francisco Canaro,Orquesta Francisco Canaro,1925,Porque Te Quise,,Tango,Instrumental,Odeón,,3456,4131 B,Carlos Warren,,,22-26 Odeon Accoustic,Fioravanit Di Cicco,"Rafael Canaro, Romualdo Lobo (Drums)","Carlos Marcucci, Juan Canaro","Agesilao Ferrazzano, Francisco Canaro","Piano, Bass, 2 Bandoneons, 2 Violins, Drums",,,,
Francisco Canaro,Orquesta Francisco Canaro,1925,Risa de Cabaret,,Tango,Instrumental,Odeón,,3261,4113 A,José Rizzuti,,,22-26 Odeon Accoustic,Fioravanit Di Cicco,"Rafael Canaro, Romualdo Lobo (Drums)","Carlos Marcucci, Juan Canaro","Agesilao Ferrazzano, Francisco Canaro","Piano, Bass, 2 Bandoneons, 2 Violins, Drums",,,,
Francisco Canaro,Orquesta Francisco Canaro,1925,Romantico Fulero,,Tango,Instrumental,Odeón,,2463,4045 A,Antonio De Bassi,,,22-26 Odeon Accoustic,Fioravanit Di Cicco,"Rafael Canaro, Romualdo Lobo (Drums)","Carlos Marcucci, Juan Canaro","Agesilao Ferrazzano, Francisco Canaro","Piano, Bass, 2 Bandoneons, 2 Violins, Drums",,,,
Francisco Canaro,Orquesta Francisco Canaro,1925,Silbando,,Tango,Instrumental,Odeón,,2886,4089 A,Cátulo Piana,José Castillo,,22-26 Odeon Accoustic,Fioravanit Di Cicco,"Rafael Canaro, Romualdo Lobo (Drums)","Carlos Marcucci, Juan Canaro","Agesilao Ferrazzano, Francisco Canaro","Piano, Bass, 2 Bandoneons, 2 Violins, Drums",,,,
Francisco Canaro,Orquesta Francisco Canaro,1925,Suprema,,Tango,Instrumental,Odeón,,2489,4044 B,Gerónimo Fattori,,,22-26 Odeon Accoustic,Fioravanit Di Cicco,"Rafael Canaro, Romualdo Lobo (Drums)","Carlos Marcucci, Juan Canaro","Agesilao Ferrazzano, Francisco Canaro","Piano, Bass, 2 Bandoneons, 2 Violins, Drums",,,,
Francisco Canaro,Orquesta Francisco Canaro,1925,Taborda Solo,,Tango,Instrumental,Odeón,,3383,4144 A,Eduardo Armani,,,22-26 Odeon Accoustic,Fioravanit Di Cicco,"Rafael Canaro, Romualdo Lobo (Drums)","Carlos Marcucci, Juan Canaro","Agesilao Ferrazzano, Francisco Canaro","Piano, Bass, 2 Bandoneons, 2 Violins, Drums",,,,
Francisco Canaro,Orquesta Francisco Canaro,1925,Tango Porteño,,Tango,Instrumental,Odeón,,3079,4100 B,Francisco Pracánico,,,22-26 Odeon Accoustic,Fioravanit Di Cicco,"Rafael Canaro, Romualdo Lobo (Drums)","Carlos Marcucci, Juan Canaro","Agesilao Ferrazzano, Francisco Canaro","Piano, Bass, 2 Bandoneons, 2 Violins, Drums",,,,
Francisco Canaro,Orquesta Francisco Canaro,1925,Tierra Mía,,Tango,Instrumental,Odeón,,2934,4119 A,Francisco Payá,Alberto Novión,,22-26 Odeon Accoustic,Fioravanit Di Cicco,"Rafael Canaro, Romualdo Lobo (Drums)","Carlos Marcucci, Juan Canaro","Agesilao Ferrazzano, Francisco Canaro","Piano, Bass, 2 Bandoneons, 2 Violins, Drums",,,,
Francisco Canaro,Orquesta Francisco Canaro,1925,Tita,,Tango,Instrumental,Odeón,,2509,4092 B,Domingo Fortunato,,,22-26 Odeon Accoustic,Fioravanit Di Cicco,"Rafael Canaro, Romualdo Lobo (Drums)","Carlos Marcucci, Juan Canaro","Agesilao Ferrazzano, Francisco Canaro","Piano, Bass, 2 Bandoneons, 2 Violins, Drums",,,,
Francisco Canaro,Orquesta Francisco Canaro,1925,Tomasito,,Tango,Instrumental,Odeón,,2619,4112 A,"Ferrazzano, Pollero",,,22-26 Odeon Accoustic,Fioravanit Di Cicco,"Rafael Canaro, Romualdo Lobo (Drums)","Carlos Marcucci, Juan Canaro","Agesilao Ferrazzano, Francisco Canaro","Piano, Bass, 2 Bandoneons, 2 Violins, Drums",,,,
Francisco Canaro,Orquesta Francisco Canaro,1925,Trapito,,Tango,Instrumental,Odeón,,2772,4088 B,José Servidio,,,22-26 Odeon Accoustic,Fioravanit Di Cicco,"Rafael Canaro, Romualdo Lobo (Drums)","Carlos Marcucci, Juan Canaro","Agesilao Ferrazzano, Francisco Canaro","Piano, Bass, 2 Bandoneons, 2 Violins, Drums",,,,
Francisco Canaro,Orquesta Francisco Canaro,1925,Tus Besos,,Tango,Instrumental,Odeón,,2618,4067 A,Pedro Maffía,,,22-26 Odeon Accoustic,Fioravanit Di Cicco,"Rafael Canaro, Romualdo Lobo (Drums)","Carlos Marcucci, Juan Canaro","Agesilao Ferrazzano, Francisco Canaro","Piano, Bass, 2 Bandoneons, 2 Violins, Drums",,,,
Francisco Canaro,Orquesta Francisco Canaro,1925,Un Adiós,,Tango,Instrumental,Odeón,,2510,4097 A,Benjamín Parravicini,,,22-26 Odeon Accoustic,Fioravanit Di Cicco,"Rafael Canaro, Romualdo Lobo (Drums)","Carlos Marcucci, Juan Canaro","Agesilao Ferrazzano, Francisco Canaro","Piano, Bass, 2 Bandoneons, 2 Violins, Drums",,,,
Francisco Canaro,Orquesta Francisco Canaro,1925,Una Limosnita,,Tango,Instrumental,Odeón,,3135,4116 A,Enrique Delfino,,,22-26 Odeon Accoustic,Fioravanit Di Cicco,"Rafael Canaro, Romualdo Lobo (Drums)","Carlos Marcucci, Juan Canaro","Agesilao Ferrazzano, Francisco Canaro","Piano, Bass, 2 Bandoneons, 2 Violins, Drums",,,,
Francisco Canaro,Orquesta Francisco Canaro,1925,Una Noche en el Garron,,Tango,Instrumental,Odeón,,2933,4129 B,Manuel Pizarro,,,22-26 Odeon Accoustic,Fioravanit Di Cicco,"Rafael Canaro, Romualdo Lobo (Drums)","Carlos Marcucci, Juan Canaro","Agesilao Ferrazzano, Francisco Canaro","Piano, Bass, 2 Bandoneons, 2 Violins, Drums",,,,
Francisco Canaro,Orquesta Francisco Canaro,1925,Viejo Rincón,,Tango,Instrumental,Odeón,,3201,4114 A,Raúl De Los Hoyos,Roberto Cayol,,22-26 Odeon Accoustic,Fioravanit Di Cicco,"Rafael Canaro, Romualdo Lobo (Drums)","Carlos Marcucci, Juan Canaro","Agesilao Ferrazzano, Francisco Canaro","Piano, Bass, 2 Bandoneons, 2 Violins, Drums",,,,
Francisco Canaro,Orquesta Francisco Canaro,1926,A las Dos de la Mañana,,Tango,Azucena Maizani,Odeón,,4174,11032 A,Edgardo Donato,,,22-26 Odeon Accoustic,Fioravanit Di Cicco,"Rafael Canaro, Romualdo Lobo (Drums)","Ernesto Bianchi, Luis Petrucelli, Juan Canaro","Octavio Scaglione, Emilio Pugliese, Francisco Canaro","Piano, Bass, 3 Bandoneons, 3 Violins, Drums",,,,
Francisco Canaro,Orquesta Francisco Canaro,1926,A Tu Lado,,Tango,Instrumental,Odeón,,4470,4215 B,Alcides Palavecino,,,22-26 Odeon Accoustic,Fioravanit Di Cicco,"Rafael Canaro, Romualdo Lobo (Drums)","Ernesto Bianchi, Luis Petrucelli, Juan Canaro","Octavio Scaglione, Emilio Pugliese, Francisco Canaro","Piano, Bass, 3 Bandoneons, 3 Violins, Drums",,,,
Francisco Canaro,Orquesta Francisco Canaro,1926,Adiós Que Te Vaya Bien,,Tango,Azucena Maizani,Odeón,,4173,11034 B,Juan Rezzano,,,22-26 Odeon Accoustic,Fioravanit Di Cicco,"Rafael Canaro, Romualdo Lobo (Drums)","Ernesto Bianchi, Luis Petrucelli, Juan Canaro","Octavio Scaglione, Emilio Pugliese, Francisco Canaro","Piano, Bass, 3 Bandoneons, 3 Violins, Drums",,,,
Francisco Canaro,Orquesta Francisco Canaro,1926,Adorable Noviecita,,Tango,Instrumental,Odeón,,3843,4168 B,Luis Bernstein,,,22-26 Odeon Accoustic,Fioravanit Di Cicco,"Rafael Canaro, Romualdo Lobo (Drums)","Ernesto Bianchi, Luis Petrucelli, Juan Canaro","Octavio Scaglione, Emilio Pugliese, Francisco Canaro","Piano, Bass, 3 Bandoneons, 3 Violins, Drums",,,,
Francisco Canaro,Orquesta Francisco Canaro,1926,Anochecer,,Tango,Instrumental,Odeón,,3586,4146 A,María Godard,,,22-26 Odeon Accoustic,Fioravanit Di Cicco,"Rafael Canaro, Romualdo Lobo (Drums)","Ernesto Bianchi, Luis Petrucelli, Juan Canaro","Octavio Scaglione, Emilio Pugliese, Francisco Canaro","Piano, Bass, 3 Bandoneons, 3 Violins, Drums",,,,
Francisco Canaro,Orquesta Francisco Canaro,1926,Aquel Cuartito de la Pensión,,Tango,Instrumental,Odeón,,3683,4159 A,Raúl De Los Hoyos,Max Viale,,22-26 Odeon Accoustic,Fioravanit Di Cicco,"Rafael Canaro, Romualdo Lobo (Drums)","Ernesto Bianchi, Luis Petrucelli, Juan Canaro","Octavio Scaglione, Emilio Pugliese, Francisco Canaro","Piano, Bass, 3 Bandoneons, 3 Violins, Drums",,,,
Francisco Canaro,Orquesta Francisco Canaro,1926,Aris,,Tango,Instrumental,Odeón,,4563,4245 A,Adolfo Pérez,,,22-26 Odeon Accoustic,Fioravanit Di Cicco,"Rafael Canaro, Romualdo Lobo (Drums)","Ernesto Bianchi, Luis Petrucelli, Juan Canaro","Octavio Scaglione, Emilio Pugliese, Francisco Canaro","Piano, Bass, 3 Bandoneons, 3 Violins, Drums",,,,
Francisco Canaro,Orquesta Francisco Canaro,1926,Arlequín,,Tango,Instrumental,Odeón,,3646,4143 A,Ángel Danesi,,,22-26 Odeon Accoustic,Fioravanit Di Cicco,"Rafael Canaro, Romualdo Lobo (Drums)","Ernesto Bianchi, Luis Petrucelli, Juan Canaro","Octavio Scaglione, Emilio Pugliese, Francisco Canaro","Piano, Bass, 3 Bandoneons, 3 Violins, Drums",,,,
Francisco Canaro,Orquesta Francisco Canaro,1926,Así Es el Mundo,,Tango,Roberto Díaz,Odeón,,3517,4155 B,Mario Canaro,,,22-26 Odeon Accoustic,Fioravanit Di Cicco,"Rafael Canaro, Romualdo Lobo (Drums)","Ernesto Bianchi, Luis Petrucelli, Juan Canaro","Octavio Scaglione, Emilio Pugliese, Francisco Canaro","Piano, Bass, 3 Bandoneons, 3 Violins, Drums",,,,
Francisco Canaro,Orquesta Francisco Canaro,1926,Atencion,,Tango,Instrumental,Odeón,,3647,4261 B,Juan Abate,,,22-26 Odeon Accoustic,Fioravanit Di Cicco,"Rafael Canaro, Romualdo Lobo (Drums)","Ernesto Bianchi, Luis Petrucelli, Juan Canaro","Octavio Scaglione, Emilio Pugliese, Francisco Canaro","Piano, Bass, 3 Bandoneons, 3 Violins, Drums",,,,
Francisco Canaro,Orquesta Francisco Canaro,1926,Ave Cantora,,Tango,Instrumental,Odeón,,3656,4174 A,Rafael Rossi,,,22-26 Odeon Accoustic,Fioravanit Di Cicco,"Rafael Canaro, Romualdo Lobo (Drums)","Ernesto Bianchi, Luis Petrucelli, Juan Canaro","Octavio Scaglione, Emilio Pugliese, Francisco Canaro","Piano, Bass, 3 Bandoneons, 3 Violins, Drums",,,,
Francisco Canaro,Orquesta Francisco Canaro,1926,Ay Ay Ay,,Tango,Roberto Díaz,Odeón,,3516,4157 A,Osmán Freire,,,22-26 Odeon Accoustic,Fioravanit Di Cicco,"Rafael Canaro, Romualdo Lobo (Drums)","Ernesto Bianchi, Luis Petrucelli, Juan Canaro","Octavio Scaglione, Emilio Pugliese, Francisco Canaro","Piano, Bass, 3 Bandoneons, 3 Violins, Drums",,,,
Francisco Canaro,Orquesta Francisco Canaro,1926,Azucena,,Tango,Instrumental,Odeón,,3650,4152 B,Rafael Tuegols,,,22-26 Odeon Accoustic,Fioravanit Di Cicco,"Rafael Canaro, Romualdo Lobo (Drums)","Ernesto Bianchi, Luis Petrucelli, Juan Canaro","Octavio Scaglione, Emilio Pugliese, Francisco Canaro","Piano, Bass, 3 Bandoneons, 3 Violins, Drums",,,,
Francisco Canaro,Orquesta Francisco Canaro,1926,Barb' e Choclo,,Tango,Instrumental,Odeón,,4064,4205 B,Vicente Greco,,,22-26 Odeon Accoustic,Fioravanit Di Cicco,"Rafael Canaro, Romualdo Lobo (Drums)","Ernesto Bianchi, Luis Petrucelli, Juan Canaro","Octavio Scaglione, Emilio Pugliese, Francisco Canaro","Piano, Bass, 3 Bandoneons, 3 Violins, Drums",,,,
Francisco Canaro,Orquesta Francisco Canaro,1926,Bésame en la Boca,,Tango,Instrumental,Odeón,,3654,4165 A,José Rizzuti,Eduardo Calvo,,22-26 Odeon Accoustic,Fioravanit Di Cicco,"Rafael Canaro, Romualdo Lobo (Drums)","Ernesto Bianchi, Luis Petrucelli, Juan Canaro","Octavio Scaglione, Emilio Pugliese, Francisco Canaro","Piano, Bass, 3 Bandoneons, 3 Violins, Drums",,,,
Francisco Canaro,Orquesta Francisco Canaro,1926,Bichito de Luz,,Tango,Instrumental,Odeón,,3653,4147 B,Cátulo Sureda,,,22-26 Odeon Accoustic,Fioravanit Di Cicco,"Rafael Canaro, Romualdo Lobo (Drums)","Ernesto Bianchi, Luis Petrucelli, Juan Canaro","Octavio Scaglione, Emilio Pugliese, Francisco Canaro","Piano, Bass, 3 Bandoneons, 3 Violins, Drums",,,,
Francisco Canaro,Orquesta Francisco Canaro,1926,Bijou,,Tango,Instrumental,Odeón,,3609,4197 B,Juan Canaro,,,22-26 Odeon Accoustic,Fioravanit Di Cicco,"Rafael Canaro, Romualdo Lobo (Drums)","Ernesto Bianchi, Luis Petrucelli, Juan Canaro","Octavio Scaglione, Emilio Pugliese, Francisco Canaro","Piano, Bass, 3 Bandoneons, 3 Violins, Drums",,,,
Francisco Canaro,Orquesta Francisco Canaro,1926,Bulincito de Mi Vida,,Tango,Instrumental,Odeón,,3874,4193 A,Lorenzo Spinetto,,,22-26 Odeon Accoustic,Fioravanit Di Cicco,"Rafael Canaro, Romualdo Lobo (Drums)","Ernesto Bianchi, Luis Petrucelli, Juan Canaro","Octavio Scaglione, Emilio Pugliese, Francisco Canaro","Piano, Bass, 3 Bandoneons, 3 Violins, Drums",,,,
Francisco Canaro,Orquesta Francisco Canaro,1926,Cacholo,,Tango,Instrumental,Odeón,,3607,4164 A,Alberico Spátola,,,22-26 Odeon Accoustic,Fioravanit Di Cicco,"Rafael Canaro, Romualdo Lobo (Drums)","Ernesto Bianchi, Luis Petrucelli, Juan Canaro","Octavio Scaglione, Emilio Pugliese, Francisco Canaro","Piano, Bass, 3 Bandoneons, 3 Violins, Drums",,,,
Francisco Canaro,Orquesta Francisco Canaro,1926,Caferata,,Tango,Instrumental,Odeón,,3772,4166 A,Antonio Scatasso,Pascual Contursi,,22-26 Odeon Accoustic,Fioravanit Di Cicco,"Rafael Canaro, Romualdo Lobo (Drums)","Ernesto Bianchi, Luis Petrucelli, Juan Canaro","Octavio Scaglione, Emilio Pugliese, Francisco Canaro","Piano, Bass, 3 Bandoneons, 3 Violins, Drums",,,,
Francisco Canaro,Orquesta Francisco Canaro,1926,Calandria,Dejá el Bodegón,Tango,Instrumental,Odeón,,3873,4169 A,Luis Teisseire,,,22-26 Odeon Accoustic,Fioravanit Di Cicco,"Rafael Canaro, Romualdo Lobo (Drums)","Ernesto Bianchi, Luis Petrucelli, Juan Canaro","Octavio Scaglione, Emilio Pugliese, Francisco Canaro","Piano, Bass, 3 Bandoneons, 3 Violins, Drums",,,,
Francisco Canaro,Orquesta Francisco Canaro,1926,Caminito,,Tango,Instrumental,Odeón,,3870,4172 A,Juan Filiberto,Gabino Peñaloza,,22-26 Odeon Accoustic,Fioravanit Di Cicco,"Rafael Canaro, Romualdo Lobo (Drums)","Ernesto Bianchi, Luis Petrucelli, Juan Canaro","Octavio Scaglione, Emilio Pugliese, Francisco Canaro","Piano, Bass, 3 Bandoneons, 3 Violins, Drums",,,,
Francisco Canaro,Orquesta Francisco Canaro,1926,Canaro en París,Canaro en París,Tango,Instrumental,Odeón,,4564,4224 A,Juan Scarpino,José Scarpino,,22-26 Odeon Accoustic,Fioravanit Di Cicco,"Rafael Canaro, Romualdo Lobo (Drums)","Ernesto Bianchi, Luis Petrucelli, Juan Canaro","Octavio Scaglione, Emilio Pugliese, Francisco Canaro","Piano, Bass, 3 Bandoneons, 3 Violins, Drums",,,,
Francisco Canaro,Orquesta Francisco Canaro,1926,Cantando Bajito,Envoûtement,Tango,Instrumental,Odeón,,4065,4261 A,Esteban González,,,22-26 Odeon Accoustic,Fioravanit Di Cicco,"Rafael Canaro, Romualdo Lobo (Drums)","Ernesto Bianchi, Luis Petrucelli, Juan Canaro","Octavio Scaglione, Emilio Pugliese, Francisco Canaro","Piano, Bass, 3 Bandoneons, 3 Violins, Drums",,,,
Francisco Canaro,Orquesta Francisco Canaro,1926,Celos,,Tango,Instrumental,Odeón,,3848,4176 A,Juan Baüer,,,22-26 Odeon Accoustic,Fioravanit Di Cicco,"Rafael Canaro, Romualdo Lobo (Drums)","Ernesto Bianchi, Luis Petrucelli, Juan Canaro","Octavio Scaglione, Emilio Pugliese, Francisco Canaro","Piano, Bass, 3 Bandoneons, 3 Violins, Drums",,,,
Francisco Canaro,Orquesta Francisco Canaro,1926,Chingolo,,Tango,Instrumental,Odeón,,4061,4230 A,María Sanjuán,,,22-26 Odeon Accoustic,Fioravanit Di Cicco,"Rafael Canaro, Romualdo Lobo (Drums)","Ernesto Bianchi, Luis Petrucelli, Juan Canaro","Octavio Scaglione, Emilio Pugliese, Francisco Canaro","Piano, Bass, 3 Bandoneons, 3 Violins, Drums",,,,
Francisco Canaro,Orquesta Francisco Canaro,1926,Chiruza,,Tango,Instrumental,Odeón,,4005,4199 B,Juan Castellanos,,,22-26 Odeon Accoustic,Fioravanit Di Cicco,"Rafael Canaro, Romualdo Lobo (Drums)","Ernesto Bianchi, Luis Petrucelli, Juan Canaro","Octavio Scaglione, Emilio Pugliese, Francisco Canaro","Piano, Bass, 3 Bandoneons, 3 Violins, Drums",,,,
Francisco Canaro,Orquesta Francisco Canaro,1926,Chismes de la Rivera,,Tango,Instrumental,Odeón,,4004,4185 A,Angel Pozzi,,,22-26 Odeon Accoustic,Fioravanit Di Cicco,"Rafael Canaro, Romualdo Lobo (Drums)","Ernesto Bianchi, Luis Petrucelli, Juan Canaro","Octavio Scaglione, Emilio Pugliese, Francisco Canaro","Piano, Bass, 3 Bandoneons, 3 Violins, Drums",,,,
Francisco Canaro,Orquesta Francisco Canaro,1926,Chola,,Tango,Instrumental,Odeón,,3590,4150 B,Antonio Polito,,,22-26 Odeon Accoustic,Fioravanit Di Cicco,"Rafael Canaro, Romualdo Lobo (Drums)","Ernesto Bianchi, Luis Petrucelli, Juan Canaro","Octavio Scaglione, Emilio Pugliese, Francisco Canaro","Piano, Bass, 3 Bandoneons, 3 Violins, Drums",,,,
Francisco Canaro,Orquesta Francisco Canaro,1926,Club Belgrano,,Tango,Instrumental,Odeón,,4059,4203 B,Mario Canaro,,,22-26 Odeon Accoustic,Fioravanit Di Cicco,"Rafael Canaro, Romualdo Lobo (Drums)","Ernesto Bianchi, Luis Petrucelli, Juan Canaro","Octavio Scaglione, Emilio Pugliese, Francisco Canaro","Piano, Bass, 3 Bandoneons, 3 Violins, Drums",,,,
Francisco Canaro,Orquesta Francisco Canaro,1926,Comandante Franco,,Tango,Instrumental,Odeón,,3608,4155 A,Francisco Canaro,,,22-26 Odeon Accoustic,Fioravanit Di Cicco,"Rafael Canaro, Romualdo Lobo (Drums)","Ernesto Bianchi, Luis Petrucelli, Juan Canaro","Octavio Scaglione, Emilio Pugliese, Francisco Canaro","Piano, Bass, 3 Bandoneons, 3 Violins, Drums",,,,
Francisco Canaro,Orquesta Francisco Canaro,1926,Compañero,,Tango,Instrumental,Odeón,,4530,4216 A,Juan Filiberto,Enrique Maroni,,22-26 Odeon Accoustic,Fioravanit Di Cicco,"Rafael Canaro, Romualdo Lobo (Drums)","Ernesto Bianchi, Luis Petrucelli, Juan Canaro","Octavio Scaglione, Emilio Pugliese, Francisco Canaro","Piano, Bass, 3 Bandoneons, 3 Violins, Drums",,,,
Francisco Canaro,Orquesta Francisco Canaro,1926,Con Ventaja,,Tango,Instrumental,Odeón,,3775,4201 B,Humberto Canaro,,,22-26 Odeon Accoustic,Fioravanit Di Cicco,"Rafael Canaro, Romualdo Lobo (Drums)","Ernesto Bianchi, Luis Petrucelli, Juan Canaro","Octavio Scaglione, Emilio Pugliese, Francisco Canaro","Piano, Bass, 3 Bandoneons, 3 Violins, Drums",,,,
Francisco Canaro,Orquesta Francisco Canaro,1926,Confidencia,,Tango,Instrumental,Odeón,,4324,4213 A,Agustín Bardi,,,22-26 Odeon Accoustic,Fioravanit Di Cicco,"Rafael Canaro, Romualdo Lobo (Drums)","Ernesto Bianchi, Luis Petrucelli, Juan Canaro","Octavio Scaglione, Emilio Pugliese, Francisco Canaro","Piano, Bass, 3 Bandoneons, 3 Violins, Drums",,,,
Francisco Canaro,Orquesta Francisco Canaro,1926,Consuelo,,Tango,Instrumental,Odeón,,4006,4184 A,Antonio Scatasso,,,22-26 Odeon Accoustic,Fioravanit Di Cicco,"Rafael Canaro, Romualdo Lobo (Drums)","Ernesto Bianchi, Luis Petrucelli, Juan Canaro","Octavio Scaglione, Emilio Pugliese, Francisco Canaro","Piano, Bass, 3 Bandoneons, 3 Violins, Drums",,,,
Francisco Canaro,Orquesta Francisco Canaro,1926,Corrientes,,Tango,Instrumental,Odeón,,4108,4189 A,Ángel Danesi,,,22-26 Odeon Accoustic,Fioravanit Di Cicco,"Rafael Canaro, Romualdo Lobo (Drums)","Ernesto Bianchi, Luis Petrucelli, Juan Canaro","Octavio Scaglione, Emilio Pugliese, Francisco Canaro","Piano, Bass, 3 Bandoneons, 3 Violins, Drums",,,,
Francisco Canaro,Orquesta Francisco Canaro,1926,Criollo Viejo,,Tango,Instrumental,Odeón,,3589,4148 B,Vicente Greco,Ernesto Temes,,22-26 Odeon Accoustic,Fioravanit Di Cicco,"Rafael Canaro, Romualdo Lobo (Drums)","Ernesto Bianchi, Luis Petrucelli, Juan Canaro","Octavio Scaglione, Emilio Pugliese, Francisco Canaro","Piano, Bass, 3 Bandoneons, 3 Violins, Drums",,,,
Francisco Canaro,Orquesta Francisco Canaro,1926,Cuando Yo Era Pibe,,Tango,Instrumental,Odeón,,3533,4178 B,Juan Canaro,,,22-26 Odeon Accoustic,Fioravanit Di Cicco,"Rafael Canaro, Romualdo Lobo (Drums)","Ernesto Bianchi, Luis Petrucelli, Juan Canaro","Octavio Scaglione, Emilio Pugliese, Francisco Canaro","Piano, Bass, 3 Bandoneons, 3 Violins, Drums",,,,
Francisco Canaro,Orquesta Francisco Canaro,1926,Cursilona,,Tango,Instrumental,Odeón,,4387,4208 A,Salvador Merico,,,22-26 Odeon Accoustic,Fioravanit Di Cicco,"Rafael Canaro, Romualdo Lobo (Drums)","Ernesto Bianchi, Luis Petrucelli, Juan Canaro","Octavio Scaglione, Emilio Pugliese, Francisco Canaro","Piano, Bass, 3 Bandoneons, 3 Violins, Drums",,,,
Francisco Canaro,Orquesta Francisco Canaro,1926,Dame un Beso,,Tango,Instrumental,Odeón,,3872,4171 B,Armando La Valle,,,22-26 Odeon Accoustic,Fioravanit Di Cicco,"Rafael Canaro, Romualdo Lobo (Drums)","Ernesto Bianchi, Luis Petrucelli, Juan Canaro","Octavio Scaglione, Emilio Pugliese, Francisco Canaro","Piano, Bass, 3 Bandoneons, 3 Violins, Drums",,,,
Francisco Canaro,Orquesta Francisco Canaro,1926,Déjalo,,Tango,Instrumental,Odeón,,3946,4183 A,Salvador Merico,,,22-26 Odeon Accoustic,Fioravanit Di Cicco,"Rafael Canaro, Romualdo Lobo (Drums)","Ernesto Bianchi, Luis Petrucelli, Juan Canaro","Octavio Scaglione, Emilio Pugliese, Francisco Canaro","Piano, Bass, 3 Bandoneons, 3 Violins, Drums",,,,
Francisco Canaro,Orquesta Francisco Canaro,1926,Dime con Quién Andas,,Tango,Instrumental,Odeón,,3648,4219 A,Juan Scandiffio,,,22-26 Odeon Accoustic,Fioravanit Di Cicco,"Rafael Canaro, Romualdo Lobo (Drums)","Ernesto Bianchi, Luis Petrucelli, Juan Canaro","Octavio Scaglione, Emilio Pugliese, Francisco Canaro","Piano, Bass, 3 Bandoneons, 3 Violins, Drums",,,,
Francisco Canaro,Orquesta Francisco Canaro,1926,El Alma de la Calle,Callecita del Suburbio,Tango,Instrumental,Odeón,,3493,4137 A,Raúl De Los Hoyos,José Saavedra,,22-26 Odeon Accoustic,Fioravanit Di Cicco,"Rafael Canaro, Romualdo Lobo (Drums)","Ernesto Bianchi, Luis Petrucelli, Juan Canaro","Octavio Scaglione, Emilio Pugliese, Francisco Canaro","Piano, Bass, 3 Bandoneons, 3 Violins, Drums",,,,
Francisco Canaro,Orquesta Francisco Canaro,1926,El Brujo,,Tango,Instrumental,Odeón,,3584,4139 A,Juan Bazán,Francisco Brancatti,,22-26 Odeon Accoustic,Fioravanit Di Cicco,"Rafael Canaro, Romualdo Lobo (Drums)","Ernesto Bianchi, Luis Petrucelli, Juan Canaro","Octavio Scaglione, Emilio Pugliese, Francisco Canaro","Piano, Bass, 3 Bandoneons, 3 Violins, Drums",,,,
Francisco Canaro,Orquesta Francisco Canaro,1926,El Cardenal,,Tango,Instrumental,Odeón,,3949,4192 A,Américo Bianchi,,,22-26 Odeon Accoustic,Fioravanit Di Cicco,"Rafael Canaro, Romualdo Lobo (Drums)","Ernesto Bianchi, Luis Petrucelli, Juan Canaro","Octavio Scaglione, Emilio Pugliese, Francisco Canaro","Piano, Bass, 3 Bandoneons, 3 Violins, Drums",,,,
Francisco Canaro,Orquesta Francisco Canaro,1926,El Circo Se Va,,Tango,Instrumental,Odeón,,3530,4147 A,Cátulo Castillo,,,22-26 Odeon Accoustic,Fioravanit Di Cicco,"Rafael Canaro, Romualdo Lobo (Drums)","Ernesto Bianchi, Luis Petrucelli, Juan Canaro","Octavio Scaglione, Emilio Pugliese, Francisco Canaro","Piano, Bass, 3 Bandoneons, 3 Violins, Drums",,,,
Francisco Canaro,Orquesta Francisco Canaro,1926,El Mago,,Tango,Instrumental,Odeón,,4109,4204 A,Alfredo Seghini,,,22-26 Odeon Accoustic,Fioravanit Di Cicco,"Rafael Canaro, Romualdo Lobo (Drums)","Ernesto Bianchi, Luis Petrucelli, Juan Canaro","Octavio Scaglione, Emilio Pugliese, Francisco Canaro","Piano, Bass, 3 Bandoneons, 3 Violins, Drums",,,,
Francisco Canaro,Orquesta Francisco Canaro,1926,El Olvido,,Tango,Instrumental,Odeón,,3779,4187 B,Juan Canaro,,,22-26 Odeon Accoustic,Fioravanit Di Cicco,"Rafael Canaro, Romualdo Lobo (Drums)","Ernesto Bianchi, Luis Petrucelli, Juan Canaro","Octavio Scaglione, Emilio Pugliese, Francisco Canaro","Piano, Bass, 3 Bandoneons, 3 Violins, Drums",,,,
Francisco Canaro,Orquesta Francisco Canaro,1926,El Poncho del Olvido,Me Dejaste,Tango,Instrumental,Odeón,,4389,4210 A,Adolfo Avilés,Enrique Maroni,,22-26 Odeon Accoustic,Fioravanit Di Cicco,"Rafael Canaro, Romualdo Lobo (Drums)","Ernesto Bianchi, Luis Petrucelli, Juan Canaro","Octavio Scaglione, Emilio Pugliese, Francisco Canaro","Piano, Bass, 3 Bandoneons, 3 Violins, Drums",,,,
Francisco Canaro,Orquesta Francisco Canaro,1926,El Romántico Fulero,,Tango,Azucena Maizani,Odeón,,4215,11036 B,Antonio De Bassi,Carlos Gallo,,22-26 Odeon Accoustic,Fioravanit Di Cicco,"Rafael Canaro, Romualdo Lobo (Drums)","Ernesto Bianchi, Luis Petrucelli, Juan Canaro","Octavio Scaglione, Emilio Pugliese, Francisco Canaro","Piano, Bass, 3 Bandoneons, 3 Violins, Drums",,,,
Francisco Canaro,Orquesta Francisco Canaro,1926,El Silbido,,Tango,Instrumental,Odeón,,4532,4221 A,Humberto Canaro,,,22-26 Odeon Accoustic,Fioravanit Di Cicco,"Rafael Canaro, Romualdo Lobo (Drums)","Ernesto Bianchi, Luis Petrucelli, Juan Canaro","Octavio Scaglione, Emilio Pugliese, Francisco Canaro","Piano, Bass, 3 Bandoneons, 3 Violins, Drums",,,,
Francisco Canaro,Orquesta Francisco Canaro,1926,El Tatuaje,,Tango,Instrumental,Odeón,,3495,4152 A,Rafael Iriarte,,,22-26 Odeon Accoustic,Fioravanit Di Cicco,"Rafael Canaro, Romualdo Lobo (Drums)","Ernesto Bianchi, Luis Petrucelli, Juan Canaro","Octavio Scaglione, Emilio Pugliese, Francisco Canaro","Piano, Bass, 3 Bandoneons, 3 Violins, Drums",,,,
Francisco Canaro,Orquesta Francisco Canaro,1926,Entrá Sin Miedo Hermana,,Tango,Azucena Maizani,Odeón,,4175,11033 A,Raúl De Los Hoyos,,,22-26 Odeon Accoustic,Fioravanit Di Cicco,"Rafael Canaro, Romualdo Lobo (Drums)","Ernesto Bianchi, Luis Petrucelli, Juan Canaro","Octavio Scaglione, Emilio Pugliese, Francisco Canaro","Piano, Bass, 3 Bandoneons, 3 Violins, Drums",,,,
Francisco Canaro,Orquesta Francisco Canaro,1926,Fabriquera Fabriquera,,Tango,Azucena Maizani,Odeón,,3792,11026 A,Bernardino Terés,Enrique Rando,,22-26 Odeon Accoustic,Fioravanit Di Cicco,"Rafael Canaro, Romualdo Lobo (Drums)","Ernesto Bianchi, Luis Petrucelli, Juan Canaro","Octavio Scaglione, Emilio Pugliese, Francisco Canaro","Piano, Bass, 3 Bandoneons, 3 Violins, Drums",,,,
Francisco Canaro,Orquesta Francisco Canaro,1926,Fea,,Tango,Instrumental,Odeón,,3497,4133 A,Horacio Pettorossi,Alfredo Navarrine,,22-26 Odeon Accoustic,Fioravanit Di Cicco,"Rafael Canaro, Romualdo Lobo (Drums)","Ernesto Bianchi, Luis Petrucelli, Juan Canaro","Octavio Scaglione, Emilio Pugliese, Francisco Canaro","Piano, Bass, 3 Bandoneons, 3 Violins, Drums",,,,
Francisco Canaro,Orquesta Francisco Canaro,1926,Flor del Pigall,,Tango,Instrumental,Odeón,,4528,4218 B,Antonio Lavigna,,,22-26 Odeon Accoustic,Fioravanit Di Cicco,"Rafael Canaro, Romualdo Lobo (Drums)","Ernesto Bianchi, Luis Petrucelli, Juan Canaro","Octavio Scaglione, Emilio Pugliese, Francisco Canaro","Piano, Bass, 3 Bandoneons, 3 Violins, Drums",,,,
Francisco Canaro,Orquesta Francisco Canaro,1926,Fosforerita,,Tango,Instrumental,Odeón,,3494,4136 A,Bartolomé Chapela,,,22-26 Odeon Accoustic,Fioravanit Di Cicco,"Rafael Canaro, Romualdo Lobo (Drums)","Ernesto Bianchi, Luis Petrucelli, Juan Canaro","Octavio Scaglione, Emilio Pugliese, Francisco Canaro","Piano, Bass, 3 Bandoneons, 3 Violins, Drums",,,,
Francisco Canaro,Orquesta Francisco Canaro,1926,Gatita Mía,,Tango,Azucena Maizani,Odeón,,3795,11029 B,Guido Pacheco,Enrique Rando,,22-26 Odeon Accoustic,Fioravanit Di Cicco,"Rafael Canaro, Romualdo Lobo (Drums)","Ernesto Bianchi, Luis Petrucelli, Juan Canaro","Octavio Scaglione, Emilio Pugliese, Francisco Canaro","Piano, Bass, 3 Bandoneons, 3 Violins, Drums",,,,
Francisco Canaro,Orquesta Francisco Canaro,1926,Goyeneche,,Tango,Instrumental,Odeón,,4110,4203 A,Alcides Palavecino,,,22-26 Odeon Accoustic,Fioravanit Di Cicco,"Rafael Canaro, Romualdo Lobo (Drums)","Ernesto Bianchi, Luis Petrucelli, Juan Canaro","Octavio Scaglione, Emilio Pugliese, Francisco Canaro","Piano, Bass, 3 Bandoneons, 3 Violins, Drums",,,,
Francisco Canaro,Orquesta Francisco Canaro,1926,Indecision,,Tango,Instrumental,Odeón,,3544,4153 B,Norberto Péndola,,,22-26 Odeon Accoustic,Fioravanit Di Cicco,"Rafael Canaro, Romualdo Lobo (Drums)","Ernesto Bianchi, Luis Petrucelli, Juan Canaro","Octavio Scaglione, Emilio Pugliese, Francisco Canaro","Piano, Bass, 3 Bandoneons, 3 Violins, Drums",,,,
Francisco Canaro,Orquesta Francisco Canaro,1926,Ingrata,,Tango,Instrumental,Odeón,,4533,4226 A,Eduardo Ponzio,,,22-26 Odeon Accoustic,Fioravanit Di Cicco,"Rafael Canaro, Romualdo Lobo (Drums)","Ernesto Bianchi, Luis Petrucelli, Juan Canaro","Octavio Scaglione, Emilio Pugliese, Francisco Canaro","Piano, Bass, 3 Bandoneons, 3 Violins, Drums",,,,
Francisco Canaro,Orquesta Francisco Canaro,1926,Íntimas,,Tango,Instrumental,Odeón,,3612,4181 A,Alfonso Lacueva,Ricardo Brignolo,,22-26 Odeon Accoustic,Fioravanit Di Cicco,"Rafael Canaro, Romualdo Lobo (Drums)","Ernesto Bianchi, Luis Petrucelli, Juan Canaro","Octavio Scaglione, Emilio Pugliese, Francisco Canaro","Piano, Bass, 3 Bandoneons, 3 Violins, Drums",,,,
Francisco Canaro,Orquesta Francisco Canaro,1926,Jazmín del País,,Tango,Instrumental,Odeón,,4003,4191 A,Arquímedes Arcidiácono,,,22-26 Odeon Accoustic,Fioravanit Di Cicco,"Rafael Canaro, Romualdo Lobo (Drums)","Ernesto Bianchi, Luis Petrucelli, Juan Canaro","Octavio Scaglione, Emilio Pugliese, Francisco Canaro","Piano, Bass, 3 Bandoneons, 3 Violins, Drums",,,,
Francisco Canaro,Orquesta Francisco Canaro,1926,Juancito de la Rivera,,Tango,Instrumental,Odeón,,3659,4160 A,Antonio Scatasso,,,22-26 Odeon Accoustic,Fioravanit Di Cicco,"Rafael Canaro, Romualdo Lobo (Drums)","Ernesto Bianchi, Luis Petrucelli, Juan Canaro","Octavio Scaglione, Emilio Pugliese, Francisco Canaro","Piano, Bass, 3 Bandoneons, 3 Violins, Drums",,,,
Francisco Canaro,Orquesta Francisco Canaro,1926,La Chica del Volante,,Tango,Instrumental,Odeón,,4323,4206 B,Juan Tuegols,,,22-26 Odeon Accoustic,Fioravanit Di Cicco,"Rafael Canaro, Romualdo Lobo (Drums)","Ernesto Bianchi, Luis Petrucelli, Juan Canaro","Octavio Scaglione, Emilio Pugliese, Francisco Canaro","Piano, Bass, 3 Bandoneons, 3 Violins, Drums",,,,
Francisco Canaro,Orquesta Francisco Canaro,1926,La Cieguita,,Tango,Instrumental,Odeón,,3587,4149 B,José Vigo,Ramuncho,,22-26 Odeon Accoustic,Fioravanit Di Cicco,"Rafael Canaro, Romualdo Lobo (Drums)","Ernesto Bianchi, Luis Petrucelli, Juan Canaro","Octavio Scaglione, Emilio Pugliese, Francisco Canaro","Piano, Bass, 3 Bandoneons, 3 Violins, Drums",,,,
Francisco Canaro,Orquesta Francisco Canaro,1926,La Engrupida,,Tango,Instrumental,Odeón,,3658,4160 B,Antonio Scatasso,,,22-26 Odeon Accoustic,Fioravanit Di Cicco,"Rafael Canaro, Romualdo Lobo (Drums)","Ernesto Bianchi, Luis Petrucelli, Juan Canaro","Octavio Scaglione, Emilio Pugliese, Francisco Canaro","Piano, Bass, 3 Bandoneons, 3 Violins, Drums",,,,
Francisco Canaro,Orquesta Francisco Canaro,1926,La He Visto con Otro,,Tango,Instrumental,Odeón,,3844,4168 A,Antonio Scatasso,,,22-26 Odeon Accoustic,Fioravanit Di Cicco,"Rafael Canaro, Romualdo Lobo (Drums)","Ernesto Bianchi, Luis Petrucelli, Juan Canaro","Octavio Scaglione, Emilio Pugliese, Francisco Canaro","Piano, Bass, 3 Bandoneons, 3 Violins, Drums",,,,
Francisco Canaro,Orquesta Francisco Canaro,1926,La Maestrita,,Tango,Azucena Maizani,Odeón,,4217,11038 A,Manuel Buzón,,,22-26 Odeon Accoustic,Fioravanit Di Cicco,"Rafael Canaro, Romualdo Lobo (Drums)","Ernesto Bianchi, Luis Petrucelli, Juan Canaro","Octavio Scaglione, Emilio Pugliese, Francisco Canaro","Piano, Bass, 3 Bandoneons, 3 Violins, Drums",,,,
Francisco Canaro,Orquesta Francisco Canaro,1926,La Manada,,Tango,Instrumental,Odeón,,3871,4170 B,A. Ghiglia,,,22-26 Odeon Accoustic,Fioravanit Di Cicco,"Rafael Canaro, Romualdo Lobo (Drums)","Ernesto Bianchi, Luis Petrucelli, Juan Canaro","Octavio Scaglione, Emilio Pugliese, Francisco Canaro","Piano, Bass, 3 Bandoneons, 3 Violins, Drums",,,,
Francisco Canaro,Orquesta Francisco Canaro,1926,La Milonga,,Tango,Instrumental,Odeón,,4111,4188 A,Rafael Rossi,,,22-26 Odeon Accoustic,Fioravanit Di Cicco,"Rafael Canaro, Romualdo Lobo (Drums)","Ernesto Bianchi, Luis Petrucelli, Juan Canaro","Octavio Scaglione, Emilio Pugliese, Francisco Canaro","Piano, Bass, 3 Bandoneons, 3 Violins, Drums",,,,
Francisco Canaro,Orquesta Francisco Canaro,1926,La Querencia,,Tango,Instrumental,Odeón,,4469,4215 A,Antonio Scatasso,,,22-26 Odeon Accoustic,Fioravanit Di Cicco,"Rafael Canaro, Romualdo Lobo (Drums)","Ernesto Bianchi, Luis Petrucelli, Juan Canaro","Octavio Scaglione, Emilio Pugliese, Francisco Canaro","Piano, Bass, 3 Bandoneons, 3 Violins, Drums",,,,
Francisco Canaro,Orquesta Francisco Canaro,1926,La Tristeza del Bulín,,Tango,Instrumental,Odeón,,3773,4166 B,Antonio Scatasso,,,22-26 Odeon Accoustic,Fioravanit Di Cicco,"Rafael Canaro, Romualdo Lobo (Drums)","Ernesto Bianchi, Luis Petrucelli, Juan Canaro","Octavio Scaglione, Emilio Pugliese, Francisco Canaro","Piano, Bass, 3 Bandoneons, 3 Violins, Drums",,,,
Francisco Canaro,Orquesta Francisco Canaro,1926,La Última Copa,,Tango,Instrumental,Odeón,,4180,4229 A,Francisco Canaro,Juan Caruso,,22-26 Odeon Accoustic,Fioravanit Di Cicco,"Rafael Canaro, Romualdo Lobo (Drums)","Ernesto Bianchi, Luis Petrucelli, Juan Canaro","Octavio Scaglione, Emilio Pugliese, Francisco Canaro","Piano, Bass, 3 Bandoneons, 3 Violins, Drums",,,,
Francisco Canaro,Orquesta Francisco Canaro,1926,Ladrillo,,Tango,Instrumental,Odeón,,4529,4216 B,Juan Filiberto,Juan Caruso,,22-26 Odeon Accoustic,Fioravanit Di Cicco,"Rafael Canaro, Romualdo Lobo (Drums)","Ernesto Bianchi, Luis Petrucelli, Juan Canaro","Octavio Scaglione, Emilio Pugliese, Francisco Canaro","Piano, Bass, 3 Bandoneons, 3 Violins, Drums",,,,
Francisco Canaro,Orquesta Francisco Canaro,1926,Lirios,,Vals,Instrumental,Odeón,,3490,4151 B,Luis Bernstein,,,22-26 Odeon Accoustic,Fioravanit Di Cicco,"Rafael Canaro, Romualdo Lobo (Drums)","Ernesto Bianchi, Luis Petrucelli, Juan Canaro","Octavio Scaglione, Emilio Pugliese, Francisco Canaro","Piano, Bass, 3 Bandoneons, 3 Violins, Drums",,,,
Francisco Canaro,Orquesta Francisco Canaro,1926,Llora Pebeta,,Tango,Instrumental,Odeón,,3588,4163 A,Schejman,,,22-26 Odeon Accoustic,Fioravanit Di Cicco,"Rafael Canaro, Romualdo Lobo (Drums)","Ernesto Bianchi, Luis Petrucelli, Juan Canaro","Octavio Scaglione, Emilio Pugliese, Francisco Canaro","Piano, Bass, 3 Bandoneons, 3 Violins, Drums",,,,
Francisco Canaro,Orquesta Francisco Canaro,1926,Locos de Placer,,Tango,Instrumental,Odeón,,4063,4217 A,Conrado Vettori,,,22-26 Odeon Accoustic,Fioravanit Di Cicco,"Rafael Canaro, Romualdo Lobo (Drums)","Ernesto Bianchi, Luis Petrucelli, Juan Canaro","Octavio Scaglione, Emilio Pugliese, Francisco Canaro","Piano, Bass, 3 Bandoneons, 3 Violins, Drums",,,,
Francisco Canaro,Orquesta Francisco Canaro,1926,Los Ojos de la Grela,,Tango,Instrumental,Odeón,,4527,4218 A,Antonio Scatasso,,,22-26 Odeon Accoustic,Fioravanit Di Cicco,"Rafael Canaro, Romualdo Lobo (Drums)","Ernesto Bianchi, Luis Petrucelli, Juan Canaro","Octavio Scaglione, Emilio Pugliese, Francisco Canaro","Piano, Bass, 3 Bandoneons, 3 Violins, Drums",,,,
Francisco Canaro,Orquesta Francisco Canaro,1926,Madrecita Yo Me Muero,,Tango,Instrumental,Odeón,,4388,4211 A,Luis Teisseire,,,22-26 Odeon Accoustic,Fioravanit Di Cicco,"Rafael Canaro, Romualdo Lobo (Drums)","Ernesto Bianchi, Luis Petrucelli, Juan Canaro","Octavio Scaglione, Emilio Pugliese, Francisco Canaro","Piano, Bass, 3 Bandoneons, 3 Violins, Drums",,,,
Francisco Canaro,Orquesta Francisco Canaro,1926,Malala,,Tango,Instrumental,Odeón,,3682,4156 A,Edgardo Donato,,,22-26 Odeon Accoustic,Fioravanit Di Cicco,"Rafael Canaro, Romualdo Lobo (Drums)","Ernesto Bianchi, Luis Petrucelli, Juan Canaro","Octavio Scaglione, Emilio Pugliese, Francisco Canaro","Piano, Bass, 3 Bandoneons, 3 Violins, Drums",,,,
Francisco Canaro,Orquesta Francisco Canaro,1926,Mamita Mía,,Tango,Instrumental,Odeón,,3943,4179 A,Enrique Delfino,Alberto Vacarezza,,22-26 Odeon Accoustic,Fioravanit Di Cicco,"Rafael Canaro, Romualdo Lobo (Drums)","Ernesto Bianchi, Luis Petrucelli, Juan Canaro","Octavio Scaglione, Emilio Pugliese, Francisco Canaro","Piano, Bass, 3 Bandoneons, 3 Violins, Drums",,,,
Francisco Canaro,Orquesta Francisco Canaro,1926,María,,Vals,Instrumental,Odeón,,3491,4145 B,Juan Filiberto,Cátulo Castillo,,22-26 Odeon Accoustic,Fioravanit Di Cicco,"Rafael Canaro, Romualdo Lobo (Drums)","Ernesto Bianchi, Luis Petrucelli, Juan Canaro","Octavio Scaglione, Emilio Pugliese, Francisco Canaro","Piano, Bass, 3 Bandoneons, 3 Violins, Drums",,,,
Francisco Canaro,Orquesta Francisco Canaro,1926,Me Caso Muchachos,,Tango,Instrumental,Odeón,,4567,4232 A,Juan D'Angelo,,,22-26 Odeon Accoustic,Fioravanit Di Cicco,"Rafael Canaro, Romualdo Lobo (Drums)","Ernesto Bianchi, Luis Petrucelli, Juan Canaro","Octavio Scaglione, Emilio Pugliese, Francisco Canaro","Piano, Bass, 3 Bandoneons, 3 Violins, Drums",,,,
Francisco Canaro,Orquesta Francisco Canaro,1926,Me Miro en Tus Ojos,,Tango,Instrumental,Odeón,,3948,4183 B,Ricardo Hicken,,,22-26 Odeon Accoustic,Fioravanit Di Cicco,"Rafael Canaro, Romualdo Lobo (Drums)","Ernesto Bianchi, Luis Petrucelli, Juan Canaro","Octavio Scaglione, Emilio Pugliese, Francisco Canaro","Piano, Bass, 3 Bandoneons, 3 Violins, Drums",,,,
Francisco Canaro,Orquesta Francisco Canaro,1926,Memorias a Taborda,,Vals,Instrumental,Odeón,,4321,4212 A,José Cruz,,,22-26 Odeon Accoustic,Fioravanit Di Cicco,"Rafael Canaro, Romualdo Lobo (Drums)","Ernesto Bianchi, Luis Petrucelli, Juan Canaro","Octavio Scaglione, Emilio Pugliese, Francisco Canaro","Piano, Bass, 3 Bandoneons, 3 Violins, Drums",,,,
Francisco Canaro,Orquesta Francisco Canaro,1926,Mi Delirio,,Tango,Instrumental,Odeón,,4391,4209 A,Alfredo Marengo,,,22-26 Odeon Accoustic,Fioravanit Di Cicco,"Rafael Canaro, Romualdo Lobo (Drums)","Ernesto Bianchi, Luis Petrucelli, Juan Canaro","Octavio Scaglione, Emilio Pugliese, Francisco Canaro","Piano, Bass, 3 Bandoneons, 3 Violins, Drums",,,,
Francisco Canaro,Orquesta Francisco Canaro,1926,Mi Estrella,,Tango,Instrumental,Odeón,,3942,4220 A,José Rizzuti,,,22-26 Odeon Accoustic,Fioravanit Di Cicco,"Rafael Canaro, Romualdo Lobo (Drums)","Ernesto Bianchi, Luis Petrucelli, Juan Canaro","Octavio Scaglione, Emilio Pugliese, Francisco Canaro","Piano, Bass, 3 Bandoneons, 3 Violins, Drums",,,,
Francisco Canaro,Orquesta Francisco Canaro,1926,Mi Marmita,,Tango,Instrumental,Odeón,,4062,4212 B,Benito Varela,,,22-26 Odeon Accoustic,Fioravanit Di Cicco,"Rafael Canaro, Romualdo Lobo (Drums)","Ernesto Bianchi, Luis Petrucelli, Juan Canaro","Octavio Scaglione, Emilio Pugliese, Francisco Canaro","Piano, Bass, 3 Bandoneons, 3 Violins, Drums",,,,
Francisco Canaro,Orquesta Francisco Canaro,1926,Mi Pibe,La Chance,Tango,Instrumental,Odeón,,4386,4208 B,Orestes Castronuovo,,,22-26 Odeon Accoustic,Fioravanit Di Cicco,"Rafael Canaro, Romualdo Lobo (Drums)","Ernesto Bianchi, Luis Petrucelli, Juan Canaro","Octavio Scaglione, Emilio Pugliese, Francisco Canaro","Piano, Bass, 3 Bandoneons, 3 Violins, Drums",,,,
Francisco Canaro,Orquesta Francisco Canaro,1926,Mimosa,,Tango,Instrumental,Odeón,,3868,4182 A,Santos Aschieri,,,22-26 Odeon Accoustic,Fioravanit Di Cicco,"Rafael Canaro, Romualdo Lobo (Drums)","Ernesto Bianchi, Luis Petrucelli, Juan Canaro","Octavio Scaglione, Emilio Pugliese, Francisco Canaro","Piano, Bass, 3 Bandoneons, 3 Violins, Drums",,,,
Francisco Canaro,Orquesta Francisco Canaro,1926,Mimosita,,Tango,Azucena Maizani,Odeón,,4176,11032 B,Jaime Reos,Jaime Reos,,22-26 Odeon Accoustic,Fioravanit Di Cicco,"Rafael Canaro, Romualdo Lobo (Drums)","Ernesto Bianchi, Luis Petrucelli, Juan Canaro","Octavio Scaglione, Emilio Pugliese, Francisco Canaro","Piano, Bass, 3 Bandoneons, 3 Violins, Drums",,,,
Francisco Canaro,Orquesta Francisco Canaro,1926,Mina Que Te Das a la Morfina,,Tango,Azucena Maizani,Odeón,,3793,11029 A,Bernardino Terés,Enrique Rando,,22-26 Odeon Accoustic,Fioravanit Di Cicco,"Rafael Canaro, Romualdo Lobo (Drums)","Ernesto Bianchi, Luis Petrucelli, Juan Canaro","Octavio Scaglione, Emilio Pugliese, Francisco Canaro","Piano, Bass, 3 Bandoneons, 3 Violins, Drums",,,,
Francisco Canaro,Orquesta Francisco Canaro,1926,Mis Lágrimas,,Tango,Instrumental,Odeón,,4565,4242 B,Mateo Carusillo,,,22-26 Odeon Accoustic,Fioravanit Di Cicco,"Rafael Canaro, Romualdo Lobo (Drums)","Ernesto Bianchi, Luis Petrucelli, Juan Canaro","Octavio Scaglione, Emilio Pugliese, Francisco Canaro","Piano, Bass, 3 Bandoneons, 3 Violins, Drums",,,,
Francisco Canaro,Orquesta Francisco Canaro,1926,Mocosita,,Tango,Instrumental,Odeón,,4002,4186 A,Gerardo Rodríguez,Víctor Soliño,,22-26 Odeon Accoustic,Fioravanit Di Cicco,"Rafael Canaro, Romualdo Lobo (Drums)","Ernesto Bianchi, Luis Petrucelli, Juan Canaro","Octavio Scaglione, Emilio Pugliese, Francisco Canaro","Piano, Bass, 3 Bandoneons, 3 Violins, Drums",,,,
Francisco Canaro,Orquesta Francisco Canaro,1926,Muchachita de Ojos Negros,,Tango,Instrumental,Odeón,,3496,4153 A,Francisco Canaro,Tito Insausti,,22-26 Odeon Accoustic,Fioravanit Di Cicco,"Rafael Canaro, Romualdo Lobo (Drums)","Ernesto Bianchi, Luis Petrucelli, Juan Canaro","Octavio Scaglione, Emilio Pugliese, Francisco Canaro","Piano, Bass, 3 Bandoneons, 3 Violins, Drums",,,,
Francisco Canaro,Orquesta Francisco Canaro,1926,Muchacho,,Tango,Instrumental,Odeón,,3610,4151 A,Edgardo Donato,Celedonio Flores,,22-26 Odeon Accoustic,Fioravanit Di Cicco,"Rafael Canaro, Romualdo Lobo (Drums)","Ernesto Bianchi, Luis Petrucelli, Juan Canaro","Octavio Scaglione, Emilio Pugliese, Francisco Canaro","Piano, Bass, 3 Bandoneons, 3 Violins, Drums",,,,
Francisco Canaro,Orquesta Francisco Canaro,1926,Mucho Lujo,,Tango,Instrumental,Odeón,,3947,4193 B,Juan Rosito,,,22-26 Odeon Accoustic,Fioravanit Di Cicco,"Rafael Canaro, Romualdo Lobo (Drums)","Ernesto Bianchi, Luis Petrucelli, Juan Canaro","Octavio Scaglione, Emilio Pugliese, Francisco Canaro","Piano, Bass, 3 Bandoneons, 3 Violins, Drums",,,,
Francisco Canaro,Orquesta Francisco Canaro,1926,Nenita,,Tango,Instrumental,Odeón,,3774,4173 A,Elio Rietti,,,22-26 Odeon Accoustic,Fioravanit Di Cicco,"Rafael Canaro, Romualdo Lobo (Drums)","Ernesto Bianchi, Luis Petrucelli, Juan Canaro","Octavio Scaglione, Emilio Pugliese, Francisco Canaro","Piano, Bass, 3 Bandoneons, 3 Violins, Drums",,,,
Francisco Canaro,Orquesta Francisco Canaro,1926,No Se,,Tango,Instrumental,Odeón,,3867,4200 B,Urbano Vivas,,,22-26 Odeon Accoustic,Fioravanit Di Cicco,"Rafael Canaro, Romualdo Lobo (Drums)","Ernesto Bianchi, Luis Petrucelli, Juan Canaro","Octavio Scaglione, Emilio Pugliese, Francisco Canaro","Piano, Bass, 3 Bandoneons, 3 Violins, Drums",,,,
Francisco Canaro,Orquesta Francisco Canaro,1926,No Se Me Aflija Cuñao,,Tango,Instrumental,Odeón,,4178,4196 A,Antonio Scatasso,,,22-26 Odeon Accoustic,Fioravanit Di Cicco,"Rafael Canaro, Romualdo Lobo (Drums)","Ernesto Bianchi, Luis Petrucelli, Juan Canaro","Octavio Scaglione, Emilio Pugliese, Francisco Canaro","Piano, Bass, 3 Bandoneons, 3 Violins, Drums",,,,
Francisco Canaro,Orquesta Francisco Canaro,1926,No Te Vayas,,Tango,Instrumental,Odeón,,4060,4190 A,José Zavaleta,,,22-26 Odeon Accoustic,Fioravanit Di Cicco,"Rafael Canaro, Romualdo Lobo (Drums)","Ernesto Bianchi, Luis Petrucelli, Juan Canaro","Octavio Scaglione, Emilio Pugliese, Francisco Canaro","Piano, Bass, 3 Bandoneons, 3 Violins, Drums",,,,
Francisco Canaro,Orquesta Francisco Canaro,1926,Pasaron los Abriles,,Tango,Instrumental,Odeón,,4562,4225 A,Rafael Tuegols,,,22-26 Odeon Accoustic,Fioravanit Di Cicco,"Rafael Canaro, Romualdo Lobo (Drums)","Ernesto Bianchi, Luis Petrucelli, Juan Canaro","Octavio Scaglione, Emilio Pugliese, Francisco Canaro","Piano, Bass, 3 Bandoneons, 3 Violins, Drums",,,,
Francisco Canaro,Orquesta Francisco Canaro,1926,Pebeta Loca,,Tango,Azucena Maizani,Odeón,,4170,11041 B,José Servidio,,,22-26 Odeon Accoustic,Fioravanit Di Cicco,"Rafael Canaro, Romualdo Lobo (Drums)","Ernesto Bianchi, Luis Petrucelli, Juan Canaro","Octavio Scaglione, Emilio Pugliese, Francisco Canaro","Piano, Bass, 3 Bandoneons, 3 Violins, Drums",,,,
Francisco Canaro,Orquesta Francisco Canaro,1926,Pobre Corazón Mio,,Tango,Instrumental,Odeón,,4322,4206 A,Antonio Scatasso,,,22-26 Odeon Accoustic,Fioravanit Di Cicco,"Rafael Canaro, Romualdo Lobo (Drums)","Ernesto Bianchi, Luis Petrucelli, Juan Canaro","Octavio Scaglione, Emilio Pugliese, Francisco Canaro","Piano, Bass, 3 Bandoneons, 3 Violins, Drums",,,,
Francisco Canaro,Orquesta Francisco Canaro,1926,Pobre Farolito,,Tango,Azucena Maizani,Odeón,,4222,11037 A,José Domínguez,,,22-26 Odeon Accoustic,Fioravanit Di Cicco,"Rafael Canaro, Romualdo Lobo (Drums)","Ernesto Bianchi, Luis Petrucelli, Juan Canaro","Octavio Scaglione, Emilio Pugliese, Francisco Canaro","Piano, Bass, 3 Bandoneons, 3 Violins, Drums",,,,
Francisco Canaro,Orquesta Francisco Canaro,1926,Pobre Payaso,,Tango,Instrumental,Odeón,,4566,4232 B,Luis Quesada,,,22-26 Odeon Accoustic,Fioravanit Di Cicco,"Rafael Canaro, Romualdo Lobo (Drums)","Ernesto Bianchi, Luis Petrucelli, Juan Canaro","Octavio Scaglione, Emilio Pugliese, Francisco Canaro","Piano, Bass, 3 Bandoneons, 3 Violins, Drums",,,,
Francisco Canaro,Orquesta Francisco Canaro,1926,Porota Mia,,Tango,Instrumental,Odeón,,3655,4156 B,Emilio Sola,,,22-26 Odeon Accoustic,Fioravanit Di Cicco,"Rafael Canaro, Romualdo Lobo (Drums)","Ernesto Bianchi, Luis Petrucelli, Juan Canaro","Octavio Scaglione, Emilio Pugliese, Francisco Canaro","Piano, Bass, 3 Bandoneons, 3 Violins, Drums",,,,
Francisco Canaro,Orquesta Francisco Canaro,1926,Pura Fantasia,,Tango,Instrumental,Odeón,,4179,4196 B,Bernardo Germino,,,22-26 Odeon Accoustic,Fioravanit Di Cicco,"Rafael Canaro, Romualdo Lobo (Drums)","Ernesto Bianchi, Luis Petrucelli, Juan Canaro","Octavio Scaglione, Emilio Pugliese, Francisco Canaro","Piano, Bass, 3 Bandoneons, 3 Violins, Drums",,,,
Francisco Canaro,Orquesta Francisco Canaro,1926,Qué Tiempos Felices,,Tango,Instrumental,Odeón,,3846,4177 A,José Bohr,,,22-26 Odeon Accoustic,Fioravanit Di Cicco,"Rafael Canaro, Romualdo Lobo (Drums)","Ernesto Bianchi, Luis Petrucelli, Juan Canaro","Octavio Scaglione, Emilio Pugliese, Francisco Canaro","Piano, Bass, 3 Bandoneons, 3 Violins, Drums",,,,
Francisco Canaro,Orquesta Francisco Canaro,1926,Quejas,,Tango,Instrumental,Odeón,,4390,4228 A,Juan Canaro,,,22-26 Odeon Accoustic,Fioravanit Di Cicco,"Rafael Canaro, Romualdo Lobo (Drums)","Ernesto Bianchi, Luis Petrucelli, Juan Canaro","Octavio Scaglione, Emilio Pugliese, Francisco Canaro","Piano, Bass, 3 Bandoneons, 3 Violins, Drums",,,,
Francisco Canaro,Orquesta Francisco Canaro,1926,Quién Dijo Miedo,Bar Exposición,Tango,Instrumental,Odeón,,3944,4186 B,Luis Teisseire,,,22-26 Odeon Accoustic,Fioravanit Di Cicco,"Rafael Canaro, Romualdo Lobo (Drums)","Ernesto Bianchi, Luis Petrucelli, Juan Canaro","Octavio Scaglione, Emilio Pugliese, Francisco Canaro","Piano, Bass, 3 Bandoneons, 3 Violins, Drums",,,,
Francisco Canaro,Trío,1926,Recuerdo Cuyano,,Tango,Instrumental,Odeón,,3531,4142 A,Rafael Tuegols,,,22-26 Odeon Accoustic,Fioravanit Di Cicco,"Rafael Canaro, Romualdo Lobo (Drums)","Ernesto Bianchi, Luis Petrucelli, Juan Canaro","Octavio Scaglione, Emilio Pugliese, Francisco Canaro","Piano, Bass, 3 Bandoneons, 3 Violins, Drums",,,,
Francisco Canaro,Orquesta Francisco Canaro,1926,Recuerdos,,Vals,José Bohr,Odeón,,4497,16140 A,Irving Berlin,,,22-26 Odeon Accoustic,Fioravanit Di Cicco,"Rafael Canaro, Romualdo Lobo (Drums)","Ernesto Bianchi, Luis Petrucelli, Juan Canaro","Octavio Scaglione, Emilio Pugliese, Francisco Canaro","Piano, Bass, 3 Bandoneons, 3 Violins, Drums",,,,
Francisco Canaro,Orquesta Francisco Canaro,1926,Rodríguez Peña,Rodríguez Peña,Tango,Instrumental,Odeón,,3532,4154 A,Vicente Greco,"Ernesto Temes, Juan Velich, Rafael Velich",,22-26 Odeon Accoustic,Fioravanit Di Cicco,"Rafael Canaro, Romualdo Lobo (Drums)","Ernesto Bianchi, Luis Petrucelli, Juan Canaro","Octavio Scaglione, Emilio Pugliese, Francisco Canaro","Piano, Bass, 3 Bandoneons, 3 Violins, Drums",,,,
Francisco Canaro,Orquesta Francisco Canaro,1926,Rostro de Cera,,Tango,Azucena Maizani,Odeón,,4171,11033 B,Arturo Carrasco,,,22-26 Odeon Accoustic,Fioravanit Di Cicco,"Rafael Canaro, Romualdo Lobo (Drums)","Ernesto Bianchi, Luis Petrucelli, Juan Canaro","Octavio Scaglione, Emilio Pugliese, Francisco Canaro","Piano, Bass, 3 Bandoneons, 3 Violins, Drums",,,,
Francisco Canaro,Orquesta Francisco Canaro,1926,Rulitos,,Tango,Instrumental,Odeón,,3585,4202 B,Ricardo Brignolo,,,22-26 Odeon Accoustic,Fioravanit Di Cicco,"Rafael Canaro, Romualdo Lobo (Drums)","Ernesto Bianchi, Luis Petrucelli, Juan Canaro","Octavio Scaglione, Emilio Pugliese, Francisco Canaro","Piano, Bass, 3 Bandoneons, 3 Violins, Drums",,,,
Francisco Canaro,Orquesta Francisco Canaro,1926,Se Fué Taborda,,Tango,Instrumental,Odeón,,4185,4197 A,Anselmo Aieta,Francisco Jiménez,,22-26 Odeon Accoustic,Fioravanit Di Cicco,"Rafael Canaro, Romualdo Lobo (Drums)","Ernesto Bianchi, Luis Petrucelli, Juan Canaro","Octavio Scaglione, Emilio Pugliese, Francisco Canaro","Piano, Bass, 3 Bandoneons, 3 Violins, Drums",,,,
Francisco Canaro,Orquesta Francisco Canaro,1926,Siga el Corso,,Tango,Instrumental,Odeón,,3869,4180 A,Anselmo Aieta,Francisco Jiménez,,22-26 Odeon Accoustic,Fioravanit Di Cicco,"Rafael Canaro, Romualdo Lobo (Drums)","Ernesto Bianchi, Luis Petrucelli, Juan Canaro","Octavio Scaglione, Emilio Pugliese, Francisco Canaro","Piano, Bass, 3 Bandoneons, 3 Violins, Drums",,,,
Francisco Canaro,Orquesta Francisco Canaro,1926,Suspiros,,Tango,Instrumental,Odeón,,3645,4139 B,Alfredo Bazán,,,22-26 Odeon Accoustic,Fioravanit Di Cicco,"Rafael Canaro, Romualdo Lobo (Drums)","Ernesto Bianchi, Luis Petrucelli, Juan Canaro","Octavio Scaglione, Emilio Pugliese, Francisco Canaro","Piano, Bass, 3 Bandoneons, 3 Violins, Drums",,,,
Francisco Canaro,Orquesta Francisco Canaro,1926,Trago Amargo,,Tango,Instrumental,Odeón,,3492,4135 A,Rafael Iriarte,Julio Navarrine,,22-26 Odeon Accoustic,Fioravanit Di Cicco,"Rafael Canaro, Romualdo Lobo (Drums)","Ernesto Bianchi, Luis Petrucelli, Juan Canaro","Octavio Scaglione, Emilio Pugliese, Francisco Canaro","Piano, Bass, 3 Bandoneons, 3 Violins, Drums",,,,
Francisco Canaro,Orquesta Francisco Canaro,1926,Traiga Otra Caña,,Tango,Instrumental,Odeón,,4107,4187 A,Antonio Scatasso,Alberto Novión,,22-26 Odeon Accoustic,Fioravanit Di Cicco,"Rafael Canaro, Romualdo Lobo (Drums)","Ernesto Bianchi, Luis Petrucelli, Juan Canaro","Octavio Scaglione, Emilio Pugliese, Francisco Canaro","Piano, Bass, 3 Bandoneons, 3 Violins, Drums",,,,
Francisco Canaro,Orquesta Francisco Canaro,1926,Triste Recuerdo,,Tango,Instrumental,Odeón,,4328,4231 A,Américo Bianchi,,,22-26 Odeon Accoustic,Fioravanit Di Cicco,"Rafael Canaro, Romualdo Lobo (Drums)","Ernesto Bianchi, Luis Petrucelli, Juan Canaro","Octavio Scaglione, Emilio Pugliese, Francisco Canaro","Piano, Bass, 3 Bandoneons, 3 Violins, Drums",,,,
Francisco Canaro,Orquesta Francisco Canaro,1926,Tu Mirada,,Tango,Instrumental,Odeón,,3649,4195 A,Juan Rosito,,,22-26 Odeon Accoustic,Fioravanit Di Cicco,"Rafael Canaro, Romualdo Lobo (Drums)","Ernesto Bianchi, Luis Petrucelli, Juan Canaro","Octavio Scaglione, Emilio Pugliese, Francisco Canaro","Piano, Bass, 3 Bandoneons, 3 Violins, Drums",,,,
Francisco Canaro,Orquesta Francisco Canaro,1926,Tus Besos Fueron Míos,,Tango,Instrumental,Odeón,,3657,4158 A,Anselmo Aieta,Francisco Jiménez,,22-26 Odeon Accoustic,Fioravanit Di Cicco,"Rafael Canaro, Romualdo Lobo (Drums)","Ernesto Bianchi, Luis Petrucelli, Juan Canaro","Octavio Scaglione, Emilio Pugliese, Francisco Canaro","Piano, Bass, 3 Bandoneons, 3 Violins, Drums",,,,
Francisco Canaro,Orquesta Francisco Canaro,1926,Una Limosnita,,Tango,Azucena Maizani,Odeón,,4137,11030 A,Enrique Delfino,Antonio Viérgol,,22-26 Odeon Accoustic,Fioravanit Di Cicco,"Rafael Canaro, Romualdo Lobo (Drums)","Ernesto Bianchi, Luis Petrucelli, Juan Canaro","Octavio Scaglione, Emilio Pugliese, Francisco Canaro","Piano, Bass, 3 Bandoneons, 3 Violins, Drums",,,,
Francisco Canaro,Orquesta Francisco Canaro,1926,Una Pagina,,Tango,Instrumental,Odeón,,4468,4227 A,Henry Binstok,,,22-26 Odeon Accoustic,Fioravanit Di Cicco,"Rafael Canaro, Romualdo Lobo (Drums)","Ernesto Bianchi, Luis Petrucelli, Juan Canaro","Octavio Scaglione, Emilio Pugliese, Francisco Canaro","Piano, Bass, 3 Bandoneons, 3 Violins, Drums",,,,
Francisco Canaro,Orquesta Francisco Canaro,1926,Una Pasión,,Vals,Instrumental,Odeón,,4177,4198 B,Alfonso Gagliano,,,22-26 Odeon Accoustic,Fioravanit Di Cicco,"Rafael Canaro, Romualdo Lobo (Drums)","Ernesto Bianchi, Luis Petrucelli, Juan Canaro","Octavio Scaglione, Emilio Pugliese, Francisco Canaro","Piano, Bass, 3 Bandoneons, 3 Violins, Drums",,,,
Francisco Canaro,Trío,1926,Una Vida,,Tango,Instrumental,Odeón,,3545,4161 A,Ángel Danesi,,,22-26 Odeon Accoustic,Fioravanit Di Cicco,"Rafael Canaro, Romualdo Lobo (Drums)","Ernesto Bianchi, Luis Petrucelli, Juan Canaro","Octavio Scaglione, Emilio Pugliese, Francisco Canaro","Piano, Bass, 3 Bandoneons, 3 Violins, Drums",,,,
Francisco Canaro,Orquesta Francisco Canaro,1926,Única,,Tango,José Bohr,Odeón,,4384,16136 B,José Bohr,Eugenio Majúl,,22-26 Odeon Accoustic,Fioravanit Di Cicco,"Rafael Canaro, Romualdo Lobo (Drums)","Ernesto Bianchi, Luis Petrucelli, Juan Canaro","Octavio Scaglione, Emilio Pugliese, Francisco Canaro","Piano, Bass, 3 Bandoneons, 3 Violins, Drums",,,,
Francisco Canaro,Orquesta Francisco Canaro,1926,Vecinita Fue Por Vos,,Tango,Azucena Maizani,Odeón,,3796,11039 A,José Servidio,,,22-26 Odeon Accoustic,Fioravanit Di Cicco,"Rafael Canaro, Romualdo Lobo (Drums)","Ernesto Bianchi, Luis Petrucelli, Juan Canaro","Octavio Scaglione, Emilio Pugliese, Francisco Canaro","Piano, Bass, 3 Bandoneons, 3 Violins, Drums",,,,
Francisco Canaro,Orquesta Francisco Canaro,1926,Violetita,,Tango,Azucena Maizani,Odeón,,4169,11034 A,Hermes Peressini,,,22-26 Odeon Accoustic,Fioravanit Di Cicco,"Rafael Canaro, Romualdo Lobo (Drums)","Ernesto Bianchi, Luis Petrucelli, Juan Canaro","Octavio Scaglione, Emilio Pugliese, Francisco Canaro","Piano, Bass, 3 Bandoneons, 3 Violins, Drums",,,,
Francisco Canaro,Orquesta Francisco Canaro,1926,Volveras un Día,,Vals,Azucena Maizani,Odeón,,3815,11026 B,Alberto Gasparini,,,22-26 Odeon Accoustic,Fioravanit Di Cicco,"Rafael Canaro, Romualdo Lobo (Drums)","Ernesto Bianchi, Luis Petrucelli, Juan Canaro","Octavio Scaglione, Emilio Pugliese, Francisco Canaro","Piano, Bass, 3 Bandoneons, 3 Violins, Drums",,,,
Francisco Canaro,Orquesta Francisco Canaro,1926,Y los Años Pasaron,,Tango,Instrumental,Odeón,,4325,4207 A,José Bohr,,,22-26 Odeon Accoustic,Fioravanit Di Cicco,"Rafael Canaro, Romualdo Lobo (Drums)","Ernesto Bianchi, Luis Petrucelli, Juan Canaro","Octavio Scaglione, Emilio Pugliese, Francisco Canaro","Piano, Bass, 3 Bandoneons, 3 Violins, Drums",,,,
Francisco Canaro,Orquesta Francisco Canaro,1926,Ya Pa' Que,,Tango,Instrumental,Odeón,,4471,4222 A,Rafael Iriarte,,,22-26 Odeon Accoustic,Fioravanit Di Cicco,"Rafael Canaro, Romualdo Lobo (Drums)","Ernesto Bianchi, Luis Petrucelli, Juan Canaro","Octavio Scaglione, Emilio Pugliese, Francisco Canaro","Piano, Bass, 3 Bandoneons, 3 Violins, Drums",,,,
Francisco Canaro,Orquesta Francisco Canaro,1926,Yo También Como Tú,,Tango,Instrumental,Odeón,,4326,4243 B,Humberto Laudes,,,22-26 Odeon Accoustic,Fioravanit Di Cicco,"Rafael Canaro, Romualdo Lobo (Drums)","Ernesto Bianchi, Luis Petrucelli, Juan Canaro","Octavio Scaglione, Emilio Pugliese, Francisco Canaro","Piano, Bass, 3 Bandoneons, 3 Violins, Drums",,,,
Francisco Canaro,Orquesta Francisco Canaro,1926,Yo Te Bendigo,,Tango,Instrumental,Odeón,,3529,4145 A,Juan Filiberto,Juan Bruno,,22-26 Odeon Accoustic,Fioravanit Di Cicco,"Rafael Canaro, Romualdo Lobo (Drums)","Ernesto Bianchi, Luis Petrucelli, Juan Canaro","Octavio Scaglione, Emilio Pugliese, Francisco Canaro","Piano, Bass, 3 Bandoneons, 3 Violins, Drums",,,,
Francisco Canaro,Orquesta Francisco Canaro,1937,Tiempos Viejos,Te Acordás Hermano,Tango,Roberto Maida,Odeón,,,,Francisco Canaro,Manuel Romero,,35-38 Maida,,,,,,,,,
Francisco Canaro,Orquesta Francisco Canaro,1926-11-08,A Media Luz,,Tango,Instrumental,Odeón,,6,,Edgardo Donato,Carlos Lenzi,,26-29 Electric boom,Fioravanit Di Cicco,"Rafael Canaro, Romualdo Lobo (Drums)","Ernesto Bianchi, Luis Petrucelli, Juan Canaro","Octavio Scaglione, Emilio Pugliese, Francisco Canaro","Piano, Bass, 3 Bandoneons, 3 Violins, Drums",,,,
Francisco Canaro,Orquesta Francisco Canaro,1926-11-08,Anoche a las Dos,,Tango,Instrumental,Odeón,,7,,Raúl De Los Hoyos,Roberto Cayol,,26-29 Electric boom,Fioravanit Di Cicco,"Rafael Canaro, Romualdo Lobo (Drums)","Ernesto Bianchi, Luis Petrucelli, Juan Canaro","Octavio Scaglione, Emilio Pugliese, Francisco Canaro","Piano, Bass, 3 Bandoneons, 3 Violins, Drums",,,,
Francisco Canaro,Orquesta Francisco Canaro,1926-11-08,Toda Mía,,Tango,Instrumental,Odeón,,8,,Edgardo Donato,,,26-29 Electric boom,Fioravanit Di Cicco,"Rafael Canaro, Romualdo Lobo (Drums)","Ernesto Bianchi, Luis Petrucelli, Juan Canaro","Octavio Scaglione, Emilio Pugliese, Francisco Canaro","Piano, Bass, 3 Bandoneons, 3 Violins, Drums",,,,
Francisco Canaro,Orquesta Francisco Canaro,1926-11-15,A Media Luz,,Tango,Instrumental,Odeón,,6,4233 A,Edgardo Donato,Carlos Lenzi,,26-29 Electric boom,Fioravanit Di Cicco,"Rafael Canaro, Romualdo Lobo (Drums)","Ernesto Bianchi, Luis Petrucelli, Juan Canaro","Octavio Scaglione, Emilio Pugliese, Francisco Canaro","Piano, Bass, 3 Bandoneons, 3 Violins, Drums",,,,
Francisco Canaro,Orquesta Francisco Canaro,1926-11-15,Anoche a las Dos,,Tango,Instrumental,Odeón,,7,4252 B,Raúl De Los Hoyos,Roberto Cayol,,26-29 Electric boom,Fioravanit Di Cicco,"Rafael Canaro, Romualdo Lobo (Drums)","Ernesto Bianchi, Luis Petrucelli, Juan Canaro","Octavio Scaglione, Emilio Pugliese, Francisco Canaro","Piano, Bass, 3 Bandoneons, 3 Violins, Drums",,,,
Francisco Canaro,Orquesta Francisco Canaro,1926-11-15,El Que Dirán,Mi Secreto,Tango,Instrumental,Odeón,,25,4240 A,Ernesto Minotto,,,26-29 Electric boom,Fioravanit Di Cicco,"Rafael Canaro, Romualdo Lobo (Drums)","Ernesto Bianchi, Luis Petrucelli, Juan Canaro","Octavio Scaglione, Emilio Pugliese, Francisco Canaro","Piano, Bass, 3 Bandoneons, 3 Violins, Drums",,,,
Francisco Canaro,Orquesta Francisco Canaro,1926-11-15,Oiga,,Tango,Instrumental,Odeón,,24,4234 B,Edgardo Donato,Francisco Bastardi,,26-29 Electric boom,Fioravanit Di Cicco,"Rafael Canaro, Romualdo Lobo (Drums)","Ernesto Bianchi, Luis Petrucelli, Juan Canaro","Octavio Scaglione, Emilio Pugliese, Francisco Canaro","Piano, Bass, 3 Bandoneons, 3 Violins, Drums",,,,
Francisco Canaro,Orquesta Francisco Canaro,1926-11-15,Toda Mía,,Tango,Instrumental,Odeón,,8,4234 A,Edgardo Donato,,,26-29 Electric boom,Fioravanit Di Cicco,"Rafael Canaro, Romualdo Lobo (Drums)","Ernesto Bianchi, Luis Petrucelli, Juan Canaro","Octavio Scaglione, Emilio Pugliese, Francisco Canaro","Piano, Bass, 3 Bandoneons, 3 Violins, Drums",,,,
Francisco Canaro,Orquesta Francisco Canaro,1926-11-18,Calavera Viejo,,Tango,Instrumental,Odeón,,36,4233 B,Carlos Razzano,,,26-29 Electric boom,Fioravanit Di Cicco,"Rafael Canaro, Romualdo Lobo (Drums)","Ernesto Bianchi, Luis Petrucelli, Juan Canaro","Octavio Scaglione, Emilio Pugliese, Francisco Canaro","Piano, Bass, 3 Bandoneons, 3 Violins, Drums",,,,
Francisco Canaro,Orquesta Francisco Canaro,1926-11-18,La Violetera,,Tango,Azucena Maizani,Odeón,,34,11041 A,Anselmo Aieta,Francisco Jiménez,,26-29 Electric boom,Fioravanit Di Cicco,"Rafael Canaro, Romualdo Lobo (Drums)","Ernesto Bianchi, Luis Petrucelli, Juan Canaro","Octavio Scaglione, Emilio Pugliese, Francisco Canaro","Piano, Bass, 3 Bandoneons, 3 Violins, Drums",,,,
Francisco Canaro,Orquesta Francisco Canaro,1926-11-18,Pa Qué Más,,Tango,Instrumental,Odeón,,37,4235 A,José Ceglie,,,26-29 Electric boom,Fioravanit Di Cicco,"Rafael Canaro, Romualdo Lobo (Drums)","Ernesto Bianchi, Luis Petrucelli, Juan Canaro","Octavio Scaglione, Emilio Pugliese, Francisco Canaro","Piano, Bass, 3 Bandoneons, 3 Violins, Drums",,,,
Francisco Canaro,Orquesta Francisco Canaro,1926-11-23,Florida,,Vals,Instrumental,Odeón,,64,,Luis Riccardi,Antonio Polito,,26-29 Electric boom,Fioravanit Di Cicco,"Rafael Canaro, Romualdo Lobo (Drums)","Ernesto Bianchi, Luis Petrucelli, Juan Canaro","Octavio Scaglione, Emilio Pugliese, Francisco Canaro","Piano, Bass, 3 Bandoneons, 3 Violins, Drums",,,,
Francisco Canaro,Orquesta Francisco Canaro,1926-11-23,No Tengo Amigos,,Tango,Instrumental,Odeón,,65,4235 B,Agustín Montoni,,,26-29 Electric boom,Fioravanit Di Cicco,"Rafael Canaro, Romualdo Lobo (Drums)","Ernesto Bianchi, Luis Petrucelli, Juan Canaro","Octavio Scaglione, Emilio Pugliese, Francisco Canaro","Piano, Bass, 3 Bandoneons, 3 Violins, Drums",,,,
Francisco Canaro,Orquesta Francisco Canaro,1926-11-23,Páginas de Amor,,Tango,Instrumental,Odeón,,63,4246 A,Luis Riccardi,José Castillo,,26-29 Electric boom,Fioravanit Di Cicco,"Rafael Canaro, Romualdo Lobo (Drums)","Ernesto Bianchi, Luis Petrucelli, Juan Canaro","Octavio Scaglione, Emilio Pugliese, Francisco Canaro","Piano, Bass, 3 Bandoneons, 3 Violins, Drums",,,,
Francisco Canaro,Orquesta Francisco Canaro,1926-12-01,Corazón de Madre,,Vals,Instrumental,Odeón,,96,4237 B,Fernando Montoni,,,26-29 Electric boom,Fioravanit Di Cicco,"Rafael Canaro, Romualdo Lobo (Drums)","Ernesto Bianchi, Luis Petrucelli, Juan Canaro","Octavio Scaglione, Emilio Pugliese, Francisco Canaro","Piano, Bass, 3 Bandoneons, 3 Violins, Drums",,,,
Francisco Canaro,Orquesta Francisco Canaro,1926-12-01,El 16,16,Tango,Instrumental,Odeón,,101,4238 B,Alberico Spátola,,,26-29 Electric boom,Fioravanit Di Cicco,"Rafael Canaro, Romualdo Lobo (Drums)","Ernesto Bianchi, Luis Petrucelli, Juan Canaro","Octavio Scaglione, Emilio Pugliese, Francisco Canaro","Piano, Bass, 3 Bandoneons, 3 Violins, Drums",,,,
Francisco Canaro,Orquesta Francisco Canaro,1926-12-01,El Ciruja,,Tango,Instrumental,Odeón,,95,4239 A,Ernesto De La Cruz,Francisco Marino,,26-29 Electric boom,Fioravanit Di Cicco,"Rafael Canaro, Romualdo Lobo (Drums)","Ernesto Bianchi, Luis Petrucelli, Juan Canaro","Octavio Scaglione, Emilio Pugliese, Francisco Canaro","Piano, Bass, 3 Bandoneons, 3 Violins, Drums",,,,
Francisco Canaro,Orquesta Francisco Canaro,1926-12-01,Florida,,Vals,Instrumental,Odeón,,64,4246 B,Luis Riccardi,,,26-29 Electric boom,Fioravanit Di Cicco,"Rafael Canaro, Romualdo Lobo (Drums)","Ernesto Bianchi, Luis Petrucelli, Juan Canaro","Octavio Scaglione, Emilio Pugliese, Francisco Canaro","Piano, Bass, 3 Bandoneons, 3 Violins, Drums",,,,
Francisco Canaro,Orquesta Francisco Canaro,1926-12-01,La Palmera,,Tango,Instrumental,Odeón,,99,4247 B,Rafael Canaro,,,26-29 Electric boom,Fioravanit Di Cicco,"Rafael Canaro, Romualdo Lobo (Drums)","Ernesto Bianchi, Luis Petrucelli, Juan Canaro","Octavio Scaglione, Emilio Pugliese, Francisco Canaro","Piano, Bass, 3 Bandoneons, 3 Violins, Drums",,,,
Francisco Canaro,Orquesta Francisco Canaro,1926-12-01,La Violetera,,Tango,Instrumental,Odeón,,98,4238 A,Anselmo Aieta,Francisco Jiménez,,26-29 Electric boom,Fioravanit Di Cicco,"Rafael Canaro, Romualdo Lobo (Drums)","Ernesto Bianchi, Luis Petrucelli, Juan Canaro","Octavio Scaglione, Emilio Pugliese, Francisco Canaro","Piano, Bass, 3 Bandoneons, 3 Violins, Drums",,,,
Francisco Canaro,Orquesta Francisco Canaro,1926-12-01,Qué Yunta,Qué Yunta Hermano,Tango,Instrumental,Odeón,,100,4239 B,Mario Canaro,,,26-29 Electric boom,Fioravanit Di Cicco,"Rafael Canaro, Romualdo Lobo (Drums)","Ernesto Bianchi, Luis Petrucelli, Juan Canaro","Octavio Scaglione, Emilio Pugliese, Francisco Canaro","Piano, Bass, 3 Bandoneons, 3 Violins, Drums",,,,
Francisco Canaro,Orquesta Francisco Canaro,1926-12-01,Se Cortó la Redoblona,,Tango,Instrumental,Odeón,,97,4237 A,Antonio Scatasso,,,26-29 Electric boom,Fioravanit Di Cicco,"Rafael Canaro, Romualdo Lobo (Drums)","Ernesto Bianchi, Luis Petrucelli, Juan Canaro","Octavio Scaglione, Emilio Pugliese, Francisco Canaro","Piano, Bass, 3 Bandoneons, 3 Violins, Drums",,,,
Francisco Canaro,Orquesta Francisco Canaro,1926-12-14,Bajo Belgrano,,Tango,Instrumental,Odeón,,172,4248 A,Anselmo Aieta,Francisco Jiménez,,26-29 Electric boom,Fioravanit Di Cicco,"Rafael Canaro, Romualdo Lobo (Drums)","Ernesto Bianchi, Luis Petrucelli, Juan Canaro","Octavio Scaglione, Emilio Pugliese, Francisco Canaro","Piano, Bass, 3 Bandoneons, 3 Violins, Drums",,,,
Francisco Canaro,Orquesta Francisco Canaro,1926-12-14,Llegué a Ladrón Por Amarte,,Tango,Instrumental,Odeón,,171,4255 A,Juan Maglio,Juan Pacho,,26-29 Electric boom,Fioravanit Di Cicco,"Rafael Canaro, Romualdo Lobo (Drums)","Ernesto Bianchi, Luis Petrucelli, Juan Canaro","Octavio Scaglione, Emilio Pugliese, Francisco Canaro","Piano, Bass, 3 Bandoneons, 3 Violins, Drums",,,,
Francisco Canaro,Orquesta Francisco Canaro,1926-12-21,Anoche a las Dos,,Tango,Azucena Maizani,Odeón,,202,11042 A,Raúl De Los Hoyos,Roberto Cayol,,26-29 Electric boom,Fioravanit Di Cicco,"Rafael Canaro, Romualdo Lobo (Drums)","Ernesto Bianchi, Luis Petrucelli, Juan Canaro","Octavio Scaglione, Emilio Pugliese, Francisco Canaro","Piano, Bass, 3 Bandoneons, 3 Violins, Drums",,,,
Francisco Canaro,Orquesta Francisco Canaro,1926-12-21,Madrecita Yo Me Muero,,Tango,Azucena Maizani,Odeón,,203,11042 B,Luis Teisseire,,,26-29 Electric boom,Fioravanit Di Cicco,"Rafael Canaro, Romualdo Lobo (Drums)","Ernesto Bianchi, Luis Petrucelli, Juan Canaro","Octavio Scaglione, Emilio Pugliese, Francisco Canaro","Piano, Bass, 3 Bandoneons, 3 Violins, Drums",,,,
Francisco Canaro,Orquesta Francisco Canaro,1926-12-21,Mano Cruel,,Tango,Azucena Maizani,Odeón,,201,,Carmelo Mutarelli,Armando Tagini,,26-29 Electric boom,Fioravanit Di Cicco,"Rafael Canaro, Romualdo Lobo (Drums)","Ernesto Bianchi, Luis Petrucelli, Juan Canaro","Octavio Scaglione, Emilio Pugliese, Francisco Canaro","Piano, Bass, 3 Bandoneons, 3 Violins, Drums",,,,
Francisco Canaro,Orquesta Francisco Canaro,1926-12-21,Oiga,,Tango,Azucena Maizani,Odeón,,200,11043 A,Edgardo Donato,Francisco Bastardi,,26-29 Electric boom,Fioravanit Di Cicco,"Rafael Canaro, Romualdo Lobo (Drums)","Ernesto Bianchi, Luis Petrucelli, Juan Canaro","Octavio Scaglione, Emilio Pugliese, Francisco Canaro","Piano, Bass, 3 Bandoneons, 3 Violins, Drums",,,,
Francisco Canaro,Orquesta Francisco Canaro,1926-12-22,Brasil,,Tango,Instrumental,Odeón,,212,4249 B,Eduardo Armani,,,26-29 Electric boom,Fioravanit Di Cicco,"Rafael Canaro, Romualdo Lobo (Drums)","Ernesto Bianchi, Luis Petrucelli, Juan Canaro","Octavio Scaglione, Emilio Pugliese, Francisco Canaro","Piano, Bass, 3 Bandoneons, 3 Violins, Drums",,,,
Francisco Canaro,Orquesta Francisco Canaro,1926-12-22,De Buena Fe,,Tango,Instrumental,Odeón,,209,,Francisco Lomuto,,,26-29 Electric boom,Fioravanit Di Cicco,"Rafael Canaro, Romualdo Lobo (Drums)","Ernesto Bianchi, Luis Petrucelli, Juan Canaro","Octavio Scaglione, Emilio Pugliese, Francisco Canaro","Piano, Bass, 3 Bandoneons, 3 Violins, Drums",,,,
Francisco Canaro,Orquesta Francisco Canaro,1926-12-22,Llorá Hermano,,Tango,Instrumental,Odeón,,210,,Enrique Lomuto,,,26-29 Electric boom,Fioravanit Di Cicco,"Rafael Canaro, Romualdo Lobo (Drums)","Ernesto Bianchi, Luis Petrucelli, Juan Canaro","Octavio Scaglione, Emilio Pugliese, Francisco Canaro","Piano, Bass, 3 Bandoneons, 3 Violins, Drums",,,,
Francisco Canaro,Orquesta Francisco Canaro,1926-12-22,Normiña,Norminha,Tango,Instrumental,Odeón,,211,4249 A,Eduardo Armani,Francisco Capone,,26-29 Electric boom,Fioravanit Di Cicco,"Rafael Canaro, Romualdo Lobo (Drums)","Ernesto Bianchi, Luis Petrucelli, Juan Canaro","Octavio Scaglione, Emilio Pugliese, Francisco Canaro","Piano, Bass, 3 Bandoneons, 3 Violins, Drums",,,,
Francisco Canaro,Orquesta Francisco Canaro,1926-12-22,Otro Trago,,Tango,Instrumental,Odeón,,214,,Rafael Iriarte,,,26-29 Electric boom,Fioravanit Di Cicco,"Rafael Canaro, Romualdo Lobo (Drums)","Ernesto Bianchi, Luis Petrucelli, Juan Canaro","Octavio Scaglione, Emilio Pugliese, Francisco Canaro","Piano, Bass, 3 Bandoneons, 3 Violins, Drums",,,,
Francisco Canaro,Orquesta Francisco Canaro,1926-12-22,Por Dónde Andará,,Tango,Instrumental,Odeón,,213,4244 B,Salvador Merico,Atilio Supparo,,26-29 Electric boom,Fioravanit Di Cicco,"Rafael Canaro, Romualdo Lobo (Drums)","Ernesto Bianchi, Luis Petrucelli, Juan Canaro","Octavio Scaglione, Emilio Pugliese, Francisco Canaro","Piano, Bass, 3 Bandoneons, 3 Violins, Drums",,,,
Francisco Canaro,Orquesta Francisco Canaro,1926-12-22,Yo Te Imploro,El Trovero,Vals,Instrumental,Odeón,,208,4248 B,Rafael Irusta,,,26-29 Electric boom,Fioravanit Di Cicco,"Rafael Canaro, Romualdo Lobo (Drums)","Ernesto Bianchi, Luis Petrucelli, Juan Canaro","Octavio Scaglione, Emilio Pugliese, Francisco Canaro","Piano, Bass, 3 Bandoneons, 3 Violins, Drums",,,,
Francisco Canaro,Orquesta Francisco Canaro,1926-12-28,Déjalo,,Tango,Azucena Maizani,Odeón,,243,11043 B,Salvador Merico,Vicente Cuitiño,,26-29 Electric boom,Fioravanit Di Cicco,"Rafael Canaro, Romualdo Lobo (Drums)","Ernesto Bianchi, Luis Petrucelli, Juan Canaro","Octavio Scaglione, Emilio Pugliese, Francisco Canaro","Piano, Bass, 3 Bandoneons, 3 Violins, Drums",,,,
Francisco Canaro,Orquesta Francisco Canaro,1926-12-28,Fruto Bendito,,Tango,Azucena Maizani,Odeón,,242,11044 B,Adolfo Avilés,Enrique Maroni,,26-29 Electric boom,Fioravanit Di Cicco,"Rafael Canaro, Romualdo Lobo (Drums)","Ernesto Bianchi, Luis Petrucelli, Juan Canaro","Octavio Scaglione, Emilio Pugliese, Francisco Canaro","Piano, Bass, 3 Bandoneons, 3 Violins, Drums",,,,
Francisco Canaro,Orquesta Francisco Canaro,1926-12-29,Ha Entrado un Hombre,,Tango,Azucena Maizani,Odeón,,252,11045 B,Antonio Tanturi,,,26-29 Electric boom,Fioravanit Di Cicco,"Rafael Canaro, Romualdo Lobo (Drums)","Ernesto Bianchi, Luis Petrucelli, Juan Canaro","Octavio Scaglione, Emilio Pugliese, Francisco Canaro","Piano, Bass, 3 Bandoneons, 3 Violins, Drums",,,,
Francisco Canaro,Orquesta Francisco Canaro,1926-12-29,Muchachitas de Chiclana,,Tango,Azucena Maizani,Odeón,,251,11045 A,Anselmo Aieta,,,26-29 Electric boom,Fioravanit Di Cicco,"Rafael Canaro, Romualdo Lobo (Drums)","Ernesto Bianchi, Luis Petrucelli, Juan Canaro","Octavio Scaglione, Emilio Pugliese, Francisco Canaro","Piano, Bass, 3 Bandoneons, 3 Violins, Drums",,,,
Francisco Canaro,Orquesta Francisco Canaro,1926-12-29,Pobre Organito,,Tango,Azucena Maizani,Odeón,,253,,,,,26-29 Electric boom,Fioravanit Di Cicco,"Rafael Canaro, Romualdo Lobo (Drums)","Ernesto Bianchi, Luis Petrucelli, Juan Canaro","Octavio Scaglione, Emilio Pugliese, Francisco Canaro","Piano, Bass, 3 Bandoneons, 3 Violins, Drums",,,,
Francisco Canaro,Orquesta Francisco Canaro,1926-12-29,Por Dónde Andará,,Tango,Azucena Maizani,Odeón,,250,11044 A,Salvador Merico,Atilio Supparo,,26-29 Electric boom,Fioravanit Di Cicco,"Rafael Canaro, Romualdo Lobo (Drums)","Ernesto Bianchi, Luis Petrucelli, Juan Canaro","Octavio Scaglione, Emilio Pugliese, Francisco Canaro","Piano, Bass, 3 Bandoneons, 3 Violins, Drums",,,,
Francisco Canaro,Orquesta Francisco Canaro,1927-01-05,Angustia,Llora Corazón,Tango,Luis Díaz,Odeón,,293,,Horacio Pettorossi,Horacio Pettorossi,,26-29 Electric boom,Luis Riccardi,Vicente Sciarretta,"Minotto, Ernesto Di Cicco, Ernesto Bianchi","Ernesto Pozio, Francisco Canaro, Mario Brugni","Piano, Bass, 3 Bandoneons, 3 Violins",,,,
Francisco Canaro,Orquesta Francisco Canaro,1927-01-05,Brasil,,Tango,Instrumental,Odeón,,212,,Eduardo Armani,,,26-29 Electric boom,Luis Riccardi,Vicente Sciarretta,"Minotto, Ernesto Di Cicco, Ernesto Bianchi","Ernesto Pozio, Francisco Canaro, Mario Brugni","Piano, Bass, 3 Bandoneons, 3 Violins",,,,
Francisco Canaro,Orquesta Francisco Canaro,1927-01-05,De Buena Fe,,Tango,Instrumental,Odeón,,292,4250 A,Francisco Lomuto,,,26-29 Electric boom,Luis Riccardi,Vicente Sciarretta,"Minotto, Ernesto Di Cicco, Ernesto Bianchi","Ernesto Pozio, Francisco Canaro, Mario Brugni","Piano, Bass, 3 Bandoneons, 3 Violins",,,,
Francisco Canaro,Orquesta Francisco Canaro,1927-01-05,Llorá Hermano,,Tango,Instrumental,Odeón,,210,,Enrique Lomuto,,,26-29 Electric boom,Luis Riccardi,Vicente Sciarretta,"Minotto, Ernesto Di Cicco, Ernesto Bianchi","Ernesto Pozio, Francisco Canaro, Mario Brugni","Piano, Bass, 3 Bandoneons, 3 Violins",,,,
Francisco Canaro,Orquesta Francisco Canaro,1927-01-05,Normiña,,Tango,Instrumental,Odeón,,211,,Eduardo Armani,Francisco Capone,,26-29 Electric boom,Luis Riccardi,Vicente Sciarretta,"Minotto, Ernesto Di Cicco, Ernesto Bianchi","Ernesto Pozio, Francisco Canaro, Mario Brugni","Piano, Bass, 3 Bandoneons, 3 Violins",,,,
Francisco Canaro,Orquesta Francisco Canaro,1927-01-05,Sos de Chiclana,,Tango,Instrumental,Odeón,,294,,Rafael Rossi,Alfredo Navarrine,,26-29 Electric boom,Luis Riccardi,Vicente Sciarretta,"Minotto, Ernesto Di Cicco, Ernesto Bianchi","Ernesto Pozio, Francisco Canaro, Mario Brugni","Piano, Bass, 3 Bandoneons, 3 Violins",,,,
Francisco Canaro,Orquesta Francisco Canaro,1927-01-05,Yo Te Imploro,,Vals,Instrumental,Odeón,,208,,Rafael Irusta,,,26-29 Electric boom,Luis Riccardi,Vicente Sciarretta,"Minotto, Ernesto Di Cicco, Ernesto Bianchi","Ernesto Pozio, Francisco Canaro, Mario Brugni","Piano, Bass, 3 Bandoneons, 3 Violins",,,,
Francisco Canaro,Orquesta Francisco Canaro,1927-01-10,Angustia,Llora Corazón,Tango,Luis Díaz,Odeón,,293,4251 A,Horacio Pettorossi,Horacio Pettorossi,,26-29 Electric boom,Luis Riccardi,Vicente Sciarretta,"Minotto, Ernesto Di Cicco, Ernesto Bianchi","Ernesto Pozio, Francisco Canaro, Mario Brugni","Piano, Bass, 3 Bandoneons, 3 Violins",,,,
Francisco Canaro,Orquesta Francisco Canaro,1927-01-10,Sos de Chiclana,,Tango,Instrumental,Odeón,,294,4252 A,Rafael Rossi,Alfredo Navarrine,,26-29 Electric boom,Luis Riccardi,Vicente Sciarretta,"Minotto, Ernesto Di Cicco, Ernesto Bianchi","Ernesto Pozio, Francisco Canaro, Mario Brugni","Piano, Bass, 3 Bandoneons, 3 Violins",,,,
Francisco Canaro,Orquesta Francisco Canaro,1927-01-11,Barrio Bajo,,Tango,Instrumental,Odeón,,312,4265 A,Vicente Greco,,,26-29 Electric boom,Luis Riccardi,Vicente Sciarretta,"Minotto, Ernesto Di Cicco, Ernesto Bianchi","Ernesto Pozio, Francisco Canaro, Mario Brugni","Piano, Bass, 3 Bandoneons, 3 Violins",,,,
Francisco Canaro,Orquesta Francisco Canaro,1927-01-11,Broche de Oro,,Tango,Instrumental,Odeón,,309,4256 A,Antonio Polito,,,26-29 Electric boom,Luis Riccardi,Vicente Sciarretta,"Minotto, Ernesto Di Cicco, Ernesto Bianchi","Ernesto Pozio, Francisco Canaro, Mario Brugni","Piano, Bass, 3 Bandoneons, 3 Violins",,,,
Francisco Canaro,Orquesta Francisco Canaro,1927-01-11,Mucha Clase,,Tango,Instrumental,Odeón,,311,4255 B,Américo Bianchi,,,26-29 Electric boom,Luis Riccardi,Vicente Sciarretta,"Minotto, Ernesto Di Cicco, Ernesto Bianchi","Ernesto Pozio, Francisco Canaro, Mario Brugni","Piano, Bass, 3 Bandoneons, 3 Violins",,,,
Francisco Canaro,Orquesta Francisco Canaro,1927-01-11,Murió de Amor,,Tango,Instrumental,Odeón,,308,4253 A,Emilio Marchiano,,,26-29 Electric boom,Luis Riccardi,Vicente Sciarretta,"Minotto, Ernesto Di Cicco, Ernesto Bianchi","Ernesto Pozio, Francisco Canaro, Mario Brugni","Piano, Bass, 3 Bandoneons, 3 Violins",,,,
Francisco Canaro,Orquesta Francisco Canaro,1927-01-11,Otro Trago,,Tango,Instrumental,Odeón,,214,4243 A,Rafael Iriarte,,,26-29 Electric boom,Luis Riccardi,Vicente Sciarretta,"Minotto, Ernesto Di Cicco, Ernesto Bianchi","Ernesto Pozio, Francisco Canaro, Mario Brugni","Piano, Bass, 3 Bandoneons, 3 Violins",,,,
Francisco Canaro,Orquesta Francisco Canaro,1927-01-11,Por Dónde Andará,,Tango,Instrumental,Odeón,,213,4244 B,Salvador Merico,Atilio Supparo,,26-29 Electric boom,Luis Riccardi,Vicente Sciarretta,"Minotto, Ernesto Di Cicco, Ernesto Bianchi","Ernesto Pozio, Francisco Canaro, Mario Brugni","Piano, Bass, 3 Bandoneons, 3 Violins",,,,
Francisco Canaro,Orquesta Francisco Canaro,1927-01-11,Sin Destino,,Tango,Instrumental,Odeón,,310,4257 A,Mario Brugni,,,26-29 Electric boom,Luis Riccardi,Vicente Sciarretta,"Minotto, Ernesto Di Cicco, Ernesto Bianchi","Ernesto Pozio, Francisco Canaro, Mario Brugni","Piano, Bass, 3 Bandoneons, 3 Violins",,,,
Francisco Canaro,Orquesta Francisco Canaro,1927-01-19,Del Barrio de las Latas,,Tango,Instrumental,Odeón,,350,4258 A,Raúl De Los Hoyos,Emilio Fresedo,,26-29 Electric boom,Luis Riccardi,Vicente Sciarretta,"Minotto, Ernesto Di Cicco, Ernesto Bianchi","Ernesto Pozio, Francisco Canaro, Mario Brugni","Piano, Bass, 3 Bandoneons, 3 Violins",,,,
Francisco Canaro,Orquesta Francisco Canaro,1927-01-19,La Sombra de Milonguita,,Tango,Instrumental,Odeón,,352,4264 A,Emilio Marchiano,Eduardo Moreno,,26-29 Electric boom,Luis Riccardi,Vicente Sciarretta,"Minotto, Ernesto Di Cicco, Ernesto Bianchi","Ernesto Pozio, Francisco Canaro, Mario Brugni","Piano, Bass, 3 Bandoneons, 3 Violins",,,,
Francisco Canaro,Orquesta Francisco Canaro,1927-01-19,Marinerito,,Tango,Instrumental,Odeón,,349,4316 B,José Laganá,,,26-29 Electric boom,Luis Riccardi,Vicente Sciarretta,"Minotto, Ernesto Di Cicco, Ernesto Bianchi","Ernesto Pozio, Francisco Canaro, Mario Brugni","Piano, Bass, 3 Bandoneons, 3 Violins",,,,
Francisco Canaro,Orquesta Francisco Canaro,1927-01-19,Vida Criolla,,Tango,Instrumental,Odeón,,351,4265 B,Emilio Bianchi,,,26-29 Electric boom,Luis Riccardi,Vicente Sciarretta,"Minotto, Ernesto Di Cicco, Ernesto Bianchi","Ernesto Pozio, Francisco Canaro, Mario Brugni","Piano, Bass, 3 Bandoneons, 3 Violins",,,,
Francisco Canaro,Orquesta Francisco Canaro,1927-01-20,Brasil,,Tango,Instrumental,Odeón,,212,,Eduardo Armani,,,26-29 Electric boom,Luis Riccardi,Vicente Sciarretta,"Minotto, Ernesto Di Cicco, Ernesto Bianchi","Ernesto Pozio, Francisco Canaro, Mario Brugni","Piano, Bass, 3 Bandoneons, 3 Violins",,,,
Francisco Canaro,Orquesta Francisco Canaro,1927-01-20,Llorá Hermano,,Tango,Instrumental,Odeón,,210,4254 A,Enrique Lomuto,Augusto Espinosa,,26-29 Electric boom,Luis Riccardi,Vicente Sciarretta,"Minotto, Ernesto Di Cicco, Ernesto Bianchi","Ernesto Pozio, Francisco Canaro, Mario Brugni","Piano, Bass, 3 Bandoneons, 3 Violins",,,,
Francisco Canaro,Orquesta Francisco Canaro,1927-01-20,Normiña,,Tango,Instrumental,Odeón,,211,,Eduardo Armani,Francisco Capone,,26-29 Electric boom,Luis Riccardi,Vicente Sciarretta,"Minotto, Ernesto Di Cicco, Ernesto Bianchi","Ernesto Pozio, Francisco Canaro, Mario Brugni","Piano, Bass, 3 Bandoneons, 3 Violins",,,,
Francisco Canaro,Orquesta Francisco Canaro,1927-01-20,Yo Te Imploro,,Vals,Instrumental,Odeón,,208,,Rafael Irusta,,,26-29 Electric boom,Luis Riccardi,Vicente Sciarretta,"Minotto, Ernesto Di Cicco, Ernesto Bianchi","Ernesto Pozio, Francisco Canaro, Mario Brugni","Piano, Bass, 3 Bandoneons, 3 Violins",,,,
Francisco Canaro,Orquesta Francisco Canaro,1927-02-16,Gurrumina,,Tango,Instrumental,Odeón,,375,4259 A,Juan Polito,Enrique Dizeo,,26-29 Electric boom,Luis Riccardi,Vicente Sciarretta,"Minotto, Ernesto Di Cicco, Ernesto Bianchi","Ernesto Pozio, Francisco Canaro, Mario Brugni","Piano, Bass, 3 Bandoneons, 3 Violins",,,,
Francisco Canaro,Orquesta Francisco Canaro,1927-02-17,El Pibe,,Tango,Instrumental,Odeón,,377,4260 A,José Pécora,Eugenio Cárdenas,,26-29 Electric boom,Luis Riccardi,Vicente Sciarretta,"Minotto, Ernesto Di Cicco, Ernesto Bianchi","Ernesto Pozio, Francisco Canaro, Mario Brugni","Piano, Bass, 3 Bandoneons, 3 Violins",,,,
Francisco Canaro,Orquesta Francisco Canaro,1927-02-17,La Cumparsita,Si Supieras,Tango,Instrumental,Odeón,,379,4262 B,Gerardo Rodríguez,"Pascual Contursi, Enrique Maroni, Gerardo Rodríguez",,26-29 Electric boom,Luis Riccardi,Vicente Sciarretta,"Minotto, Ernesto Di Cicco, Ernesto Bianchi","Ernesto Pozio, Francisco Canaro, Mario Brugni","Piano, Bass, 3 Bandoneons, 3 Violins",,,,
Francisco Canaro,Orquesta Francisco Canaro,1927-02-17,La Reina del Arrabal,,Tango,Instrumental,Odeón,,376,4259 B,Juan Cobián,,,26-29 Electric boom,Luis Riccardi,Vicente Sciarretta,"Minotto, Ernesto Di Cicco, Ernesto Bianchi","Ernesto Pozio, Francisco Canaro, Mario Brugni","Piano, Bass, 3 Bandoneons, 3 Violins",,,,
Francisco Canaro,Orquesta Francisco Canaro,1927-02-17,Rumores,,Tango,Instrumental,Odeón,,378,4260 B,Carlos Razzano,,,26-29 Electric boom,Luis Riccardi,Vicente Sciarretta,"Minotto, Ernesto Di Cicco, Ernesto Bianchi","Ernesto Pozio, Francisco Canaro, Mario Brugni","Piano, Bass, 3 Bandoneons, 3 Violins",,,,
Francisco Canaro,Orquesta Francisco Canaro,1927-02-24,El Entrerriano,El Entrerriano,Tango,Instrumental,Odeón,,430,4262 A,Rosendo Mendizábal,Ernesto Amor,,26-29 Electric boom,Luis Riccardi,Vicente Sciarretta,"Minotto, Ernesto Di Cicco, Ernesto Bianchi","Ernesto Pozio, Francisco Canaro, Mario Brugni","Piano, Bass, 3 Bandoneons, 3 Violins",,,,
Francisco Canaro,Orquesta Francisco Canaro,1927-02-24,Glorias,Gloria,Tango,Instrumental,Odeón,,427,4263 A,Humberto Canaro,Armando Tagini,,26-29 Electric boom,Luis Riccardi,Vicente Sciarretta,"Minotto, Ernesto Di Cicco, Ernesto Bianchi","Ernesto Pozio, Francisco Canaro, Mario Brugni","Piano, Bass, 3 Bandoneons, 3 Violins",,,,
Francisco Canaro,Orquesta Francisco Canaro,1927-02-24,Ilusa,,Tango,Instrumental,Odeón,,432,,Ángel Danesi,,,26-29 Electric boom,Luis Riccardi,Vicente Sciarretta,"Minotto, Ernesto Di Cicco, Ernesto Bianchi","Ernesto Pozio, Francisco Canaro, Mario Brugni","Piano, Bass, 3 Bandoneons, 3 Violins",,,,
Francisco Canaro,Orquesta Francisco Canaro,1927-02-24,Letanía,,Tango,Instrumental,Odeón,,431,,Juan Cobián,,,26-29 Electric boom,Luis Riccardi,Vicente Sciarretta,"Minotto, Ernesto Di Cicco, Ernesto Bianchi","Ernesto Pozio, Francisco Canaro, Mario Brugni","Piano, Bass, 3 Bandoneons, 3 Violins",,,,
Francisco Canaro,Orquesta Francisco Canaro,1927-02-24,Pedime Lo Que Querés,,Tango,Instrumental,Odeón,,429,,Francisco Canaro,,,26-29 Electric boom,Luis Riccardi,Vicente Sciarretta,"Minotto, Ernesto Di Cicco, Ernesto Bianchi","Ernesto Pozio, Francisco Canaro, Mario Brugni","Piano, Bass, 3 Bandoneons, 3 Violins",,,,
Francisco Canaro,Orquesta Francisco Canaro,1927-02-24,Resignación,Señor Juez,Tango,Luis Díaz,Odeón,,428,4264 B,Fidel Del Negro,Alfredo Navarrine,,26-29 Electric boom,Luis Riccardi,Vicente Sciarretta,"Minotto, Ernesto Di Cicco, Ernesto Bianchi","Ernesto Pozio, Francisco Canaro, Mario Brugni","Piano, Bass, 3 Bandoneons, 3 Violins",,,,
Francisco Canaro,Orquesta Francisco Canaro,1927-03-10,Clavelito,,Tango,Instrumental,Odeón,,453,4267 B,Juan Canaro,Juan Caruso,,26-29 Electric boom,Luis Riccardi,Vicente Sciarretta,"Minotto, Ernesto Di Cicco, Ernesto Bianchi","Ernesto Pozio, Francisco Canaro, Mario Brugni","Piano, Bass, 3 Bandoneons, 3 Violins",,,,
Francisco Canaro,Orquesta Francisco Canaro,1927-03-10,Milonga Criolla,,Tango,Instrumental,Odeón,,455,4272 A,Francisco Canaro,,,26-29 Electric boom,Luis Riccardi,Vicente Sciarretta,"Minotto, Ernesto Di Cicco, Ernesto Bianchi","Ernesto Pozio, Francisco Canaro, Mario Brugni","Piano, Bass, 3 Bandoneons, 3 Violins",,,,
Francisco Canaro,Orquesta Francisco Canaro,1927-03-10,Noche Callada,,Tango,Instrumental,Odeón,,452,4284 A,Julio Tapia,Eduardo Béccar,,26-29 Electric boom,Luis Riccardi,Vicente Sciarretta,"Minotto, Ernesto Di Cicco, Ernesto Bianchi","Ernesto Pozio, Francisco Canaro, Mario Brugni","Piano, Bass, 3 Bandoneons, 3 Violins",,,,
Francisco Canaro,Orquesta Francisco Canaro,1927-03-10,Pedime Lo Que Querés,,Tango,Instrumental,Odeón,,429,,Francisco Canaro,,,26-29 Electric boom,Luis Riccardi,Vicente Sciarretta,"Minotto, Ernesto Di Cicco, Ernesto Bianchi","Ernesto Pozio, Francisco Canaro, Mario Brugni","Piano, Bass, 3 Bandoneons, 3 Violins",,,,
Francisco Canaro,Orquesta Francisco Canaro,1927-03-10,Pobre Pecadora,,Tango,Instrumental,Odeón,,451,4273 B,Francisco Canaro,,,26-29 Electric boom,Luis Riccardi,Vicente Sciarretta,"Minotto, Ernesto Di Cicco, Ernesto Bianchi","Ernesto Pozio, Francisco Canaro, Mario Brugni","Piano, Bass, 3 Bandoneons, 3 Violins",,,,
Francisco Canaro,Orquesta Francisco Canaro,1927-03-10,Seguirás la Caravana,,Tango,Instrumental,Odeón,,454,4318 B,Pedro Ferro,,,26-29 Electric boom,Luis Riccardi,Vicente Sciarretta,"Minotto, Ernesto Di Cicco, Ernesto Bianchi","Ernesto Pozio, Francisco Canaro, Mario Brugni","Piano, Bass, 3 Bandoneons, 3 Violins",,,,
Francisco Canaro,Orquesta Francisco Canaro,1927-03-11,Se Acabaron los Otarios,,Tango,Agustín Irusta,Odeón,,468,4267 A,Francisco Canaro,Juan Caruso,,26-29 Electric boom,Luis Riccardi,Vicente Sciarretta,"Minotto, Ernesto Di Cicco, Ernesto Bianchi","Ernesto Pozio, Francisco Canaro, Mario Brugni","Piano, Bass, 3 Bandoneons, 3 Violins",,,,
Francisco Canaro,Orquesta Francisco Canaro,1927-03-12,Federación,,Tango,Agustín Irusta,Odeón,,469,4266 A,Francisco Riccardi,Juan Caruso,,26-29 Electric boom,Luis Riccardi,Vicente Sciarretta,"Minotto, Ernesto Di Cicco, Ernesto Bianchi","Ernesto Pozio, Francisco Canaro, Mario Brugni","Piano, Bass, 3 Bandoneons, 3 Violins",,,,
Francisco Canaro,Orquesta Francisco Canaro,1927-03-17,Araca Corazón,Araca Corazón,Tango,Instrumental,Odeón,,489,4268 A,Enrique Delfino,Alberto Vaccarezza,,26-29 Electric boom,Luis Riccardi,Vicente Sciarretta,"Minotto, Ernesto Di Cicco, Ernesto Bianchi","Ernesto Pozio, Francisco Canaro, Mario Brugni","Piano, Bass, 3 Bandoneons, 3 Violins",,,,
Francisco Canaro,Orquesta Francisco Canaro,1927-03-17,Carnaval,,Tango,Instrumental,Odeón,,487,4269 A,Anselmo Aieta,Francisco Jiménez,,26-29 Electric boom,Luis Riccardi,Vicente Sciarretta,"Minotto, Ernesto Di Cicco, Ernesto Bianchi","Ernesto Pozio, Francisco Canaro, Mario Brugni","Piano, Bass, 3 Bandoneons, 3 Violins",,,,
Francisco Canaro,Orquesta Francisco Canaro,1927-03-17,Chonguita,,Tango,Instrumental,Odeón,,490,4270 A,Mario Canaro,,,26-29 Electric boom,Luis Riccardi,Vicente Sciarretta,"Minotto, Ernesto Di Cicco, Ernesto Bianchi","Ernesto Pozio, Francisco Canaro, Mario Brugni","Piano, Bass, 3 Bandoneons, 3 Violins",,,,
Francisco Canaro,Orquesta Francisco Canaro,1927-03-17,La Cieguita,,Tango,Instrumental,Odeón,,491,,Keppler Lais,Ramuncho,,26-29 Electric boom,Luis Riccardi,Vicente Sciarretta,"Minotto, Ernesto Di Cicco, Ernesto Bianchi","Ernesto Pozio, Francisco Canaro, Mario Brugni","Piano, Bass, 3 Bandoneons, 3 Violins",,,,
Francisco Canaro,Orquesta Francisco Canaro,1927-03-17,Lo Comprendí en Tu Mirada,,Tango,Instrumental,Odeón,,488,4268 B,Enrique Delfino,,,26-29 Electric boom,Luis Riccardi,Vicente Sciarretta,"Minotto, Ernesto Di Cicco, Ernesto Bianchi","Ernesto Pozio, Francisco Canaro, Mario Brugni","Piano, Bass, 3 Bandoneons, 3 Violins",,,,
Francisco Canaro,Orquesta Francisco Canaro,1927-03-23,Barrio Reo,,Tango,Agustín Irusta,Odeón,,519,4285 A,Santiago Fugazot,Alfredo Navarrine,,26-29 Electric boom,Luis Riccardi,Vicente Sciarretta,"Minotto, Ernesto Di Cicco, Ernesto Bianchi","Ernesto Pozio, Francisco Canaro, Mario Brugni","Piano, Bass, 3 Bandoneons, 3 Violins",,,,
Francisco Canaro,Orquesta Francisco Canaro,1927-03-23,Caña Hueca,,Tango,Instrumental,Odeón,,521,4276 B,Juan Petillo,,,26-29 Electric boom,Luis Riccardi,Vicente Sciarretta,"Minotto, Ernesto Di Cicco, Ernesto Bianchi","Ernesto Pozio, Francisco Canaro, Mario Brugni","Piano, Bass, 3 Bandoneons, 3 Violins",,,,
Francisco Canaro,Orquesta Francisco Canaro,1927-03-23,La Última Copa,,Tango,Agustín Irusta,Odeón,,520,4281 B,Francisco Canaro,Juan Caruso,,26-29 Electric boom,Luis Riccardi,Vicente Sciarretta,"Minotto, Ernesto Di Cicco, Ernesto Bianchi","Ernesto Pozio, Francisco Canaro, Mario Brugni","Piano, Bass, 3 Bandoneons, 3 Violins",,,,
Francisco Canaro,Orquesta Francisco Canaro,1927-03-23,Pensalo Bien,,Tango,Instrumental,Odeón,,522,4285 B,Edgardo Donato,,,26-29 Electric boom,Luis Riccardi,Vicente Sciarretta,"Minotto, Ernesto Di Cicco, Ernesto Bianchi","Ernesto Pozio, Francisco Canaro, Mario Brugni","Piano, Bass, 3 Bandoneons, 3 Violins",,,,
Francisco Canaro,Orquesta Francisco Canaro,1927-03-23,Soy Tuya,,Tango,Instrumental,Odeón,,523,4282 A,Luis Petruccelli,,,26-29 Electric boom,Luis Riccardi,Vicente Sciarretta,"Minotto, Ernesto Di Cicco, Ernesto Bianchi","Ernesto Pozio, Francisco Canaro, Mario Brugni","Piano, Bass, 3 Bandoneons, 3 Violins",,,,
Francisco Canaro,Orquesta Francisco Canaro,1927-03-26,Amadeo,,Tango,Instrumental,Odeón,,524,4287 A,Ernesto De La Cruz,,,26-29 Electric boom,Luis Riccardi,Vicente Sciarretta,"Minotto, Ernesto Di Cicco, Ernesto Bianchi","Ernesto Pozio, Francisco Canaro, Mario Brugni","Piano, Bass, 3 Bandoneons, 3 Violins",,,,
Francisco Canaro,Orquesta Francisco Canaro,1927-03-26,Juguetona,,Tango,Instrumental,Odeón,,526,4307 B,Luis Petruccelli,,,26-29 Electric boom,Luis Riccardi,Vicente Sciarretta,"Minotto, Ernesto Di Cicco, Ernesto Bianchi","Ernesto Pozio, Francisco Canaro, Mario Brugni","Piano, Bass, 3 Bandoneons, 3 Violins",,,,
Francisco Canaro,Orquesta Francisco Canaro,1927-03-26,La Malvada,,Tango,Instrumental,Odeón,,525,4284 B,Nicolás Guastavino,,,26-29 Electric boom,Luis Riccardi,Vicente Sciarretta,"Minotto, Ernesto Di Cicco, Ernesto Bianchi","Ernesto Pozio, Francisco Canaro, Mario Brugni","Piano, Bass, 3 Bandoneons, 3 Violins",,,,
Francisco Canaro,Orquesta Francisco Canaro,1927-03-30,Ebrio,,Tango,Instrumental,Odeón,,539,4306 B,Rafael Rossi,José Rial,,26-29 Electric boom,Luis Riccardi,Vicente Sciarretta,"Minotto, Ernesto Di Cicco, Ernesto Bianchi","Ernesto Pozio, Francisco Canaro, Mario Brugni","Piano, Bass, 3 Bandoneons, 3 Violins",,,,
Francisco Canaro,Orquesta Francisco Canaro,1927-03-30,Escuchá un Consejo,,Tango,Instrumental,Odeón,,540,4305 B,Alberto Stalman,,,26-29 Electric boom,Luis Riccardi,Vicente Sciarretta,"Minotto, Ernesto Di Cicco, Ernesto Bianchi","Ernesto Pozio, Francisco Canaro, Mario Brugni","Piano, Bass, 3 Bandoneons, 3 Violins",,,,
Francisco Canaro,Orquesta Francisco Canaro,1927-03-30,Fruto Bendito,,Tango,Instrumental,Odeón,,535,4288 A,Adolfo Avilés,Enrique Maroni,,26-29 Electric boom,Luis Riccardi,Vicente Sciarretta,"Minotto, Ernesto Di Cicco, Ernesto Bianchi","Ernesto Pozio, Francisco Canaro, Mario Brugni","Piano, Bass, 3 Bandoneons, 3 Violins",,,,
Francisco Canaro,Orquesta Francisco Canaro,1927-03-30,La Cieguita,,Tango,Instrumental,Odeón,,491,4271 A,Keppler Lais,Ramuncho,,26-29 Electric boom,Luis Riccardi,Vicente Sciarretta,"Minotto, Ernesto Di Cicco, Ernesto Bianchi","Ernesto Pozio, Francisco Canaro, Mario Brugni","Piano, Bass, 3 Bandoneons, 3 Violins",,,,
Francisco Canaro,Orquesta Francisco Canaro,1927-03-30,Marcelo,,Tango,Instrumental,Odeón,,538,4275 A,Edgardo Warren,,,26-29 Electric boom,Luis Riccardi,Vicente Sciarretta,"Minotto, Ernesto Di Cicco, Ernesto Bianchi","Ernesto Pozio, Francisco Canaro, Mario Brugni","Piano, Bass, 3 Bandoneons, 3 Violins",,,,
Francisco Canaro,Orquesta Francisco Canaro,1927-03-30,Pinta Brava,,Tango,Instrumental,Odeón,,536,4283 A,Carlos De La Riestra,Mario Battistella,,26-29 Electric boom,Luis Riccardi,Vicente Sciarretta,"Minotto, Ernesto Di Cicco, Ernesto Bianchi","Ernesto Pozio, Francisco Canaro, Mario Brugni","Piano, Bass, 3 Bandoneons, 3 Violins",,,,
Francisco Canaro,Orquesta Francisco Canaro,1927-03-30,Te Fuiste Hermano,,Tango,Instrumental,Odeón,,537,4291 A,Alberto Tavarozzi,Eugenio Cárdenas,,26-29 Electric boom,Luis Riccardi,Vicente Sciarretta,"Minotto, Ernesto Di Cicco, Ernesto Bianchi","Ernesto Pozio, Francisco Canaro, Mario Brugni","Piano, Bass, 3 Bandoneons, 3 Violins",,,,
Francisco Canaro,Orquesta Francisco Canaro,1927-04-02,La Entrerriana,,Vals,Instrumental,Odeón,,559,4276 A,Alfredo Gobbi,Alfredo Gobbi,,26-29 Electric boom,Luis Riccardi,Vicente Sciarretta,"Minotto, Ernesto Di Cicco, Ernesto Bianchi","Ernesto Pozio, Francisco Canaro, Mario Brugni","Piano, Bass, 3 Bandoneons, 3 Violins",,,,
Francisco Canaro,Orquesta Francisco Canaro,1927-04-02,La Rubia Mireya,,Tango,Instrumental,Odeón,,560,4277 A,Augusto Gentile,,,26-29 Electric boom,Luis Riccardi,Vicente Sciarretta,"Minotto, Ernesto Di Cicco, Ernesto Bianchi","Ernesto Pozio, Francisco Canaro, Mario Brugni","Piano, Bass, 3 Bandoneons, 3 Violins",,,,
Francisco Canaro,Orquesta Francisco Canaro,1927-04-04,Ansias de Amor,,Tango,Instrumental,Odeón,,565,4317 B,Guillermo Barbieri,,,26-29 Electric boom,Luis Riccardi,Vicente Sciarretta,"Minotto, Ernesto Di Cicco, Ernesto Bianchi","Ernesto Pozio, Francisco Canaro, Mario Brugni","Piano, Bass, 3 Bandoneons, 3 Violins",,,,
Francisco Canaro,Orquesta Francisco Canaro,1927-04-04,Chin-Chu-Lin,,Tango,Instrumental,Odeón,,563,4274 B,Cátulo Castillo,,,26-29 Electric boom,Luis Riccardi,Vicente Sciarretta,"Minotto, Ernesto Di Cicco, Ernesto Bianchi","Ernesto Pozio, Francisco Canaro, Mario Brugni","Piano, Bass, 3 Bandoneons, 3 Violins",,,,
Francisco Canaro,Orquesta Francisco Canaro,1927-04-04,El Zorzal,,Tango,Instrumental,Odeón,,564,4308 B,Carlos Portela,,,26-29 Electric boom,Luis Riccardi,Vicente Sciarretta,"Minotto, Ernesto Di Cicco, Ernesto Bianchi","Ernesto Pozio, Francisco Canaro, Mario Brugni","Piano, Bass, 3 Bandoneons, 3 Violins",,,,
Francisco Canaro,Orquesta Francisco Canaro,1927-04-04,Responso Malevo,,Tango,Instrumental,Odeón,,562,4274 A,Cátulo Castillo,,,26-29 Electric boom,Luis Riccardi,Vicente Sciarretta,"Minotto, Ernesto Di Cicco, Ernesto Bianchi","Ernesto Pozio, Francisco Canaro, Mario Brugni","Piano, Bass, 3 Bandoneons, 3 Violins",,,,
Francisco Canaro,Orquesta Francisco Canaro,1927-04-04,Ya Es Tarde,,Tango,Instrumental,Odeón,,561,4275 B,Joaquín Barreiro,Víctor Soliño,,26-29 Electric boom,Luis Riccardi,Vicente Sciarretta,"Minotto, Ernesto Di Cicco, Ernesto Bianchi","Ernesto Pozio, Francisco Canaro, Mario Brugni","Piano, Bass, 3 Bandoneons, 3 Violins",,,,
Francisco Canaro,Orquesta Francisco Canaro,1927-04-16,Derecho Viejo,,Tango,Instrumental,Odeón,,620,4280 B,Eduardo Arolas,Gabriel Clausi,,26-29 Electric boom,Luis Riccardi,Vicente Sciarretta,"Minotto, Ernesto Di Cicco, Ernesto Bianchi","Ernesto Pozio, Francisco Canaro, Mario Brugni","Piano, Bass, 3 Bandoneons, 3 Violins",,,,
Francisco Canaro,Orquesta Francisco Canaro,1927-04-16,El Chamuyo,,Tango,Instrumental,Odeón,,622,4296 B,Francisco Canaro,,,26-29 Electric boom,Luis Riccardi,Vicente Sciarretta,"Minotto, Ernesto Di Cicco, Ernesto Bianchi","Ernesto Pozio, Francisco Canaro, Mario Brugni","Piano, Bass, 3 Bandoneons, 3 Violins",,,,
Francisco Canaro,Orquesta Francisco Canaro,1927-04-16,Qué Linda Es la Vida,,Vals,Instrumental,Odeón,,619,,Cristino Tapia,,,26-29 Electric boom,Luis Riccardi,Vicente Sciarretta,"Minotto, Ernesto Di Cicco, Ernesto Bianchi","Ernesto Pozio, Francisco Canaro, Mario Brugni","Piano, Bass, 3 Bandoneons, 3 Violins",,,,
Francisco Canaro,Orquesta Francisco Canaro,1927-04-16,Quejas de Bandoneón,Quejas de Bandoneón,Tango,Instrumental,Odeón,,624,4296 A,Juan Filiberto,,,26-29 Electric boom,Luis Riccardi,Vicente Sciarretta,"Minotto, Ernesto Di Cicco, Ernesto Bianchi","Ernesto Pozio, Francisco Canaro, Mario Brugni","Piano, Bass, 3 Bandoneons, 3 Violins",,,,
Francisco Canaro,Orquesta Francisco Canaro,1927-04-16,Retintín,,Tango,Instrumental,Odeón,,621,4280 A,Eduardo Arolas,Gabriel Clausi,,26-29 Electric boom,Luis Riccardi,Vicente Sciarretta,"Minotto, Ernesto Di Cicco, Ernesto Bianchi","Ernesto Pozio, Francisco Canaro, Mario Brugni","Piano, Bass, 3 Bandoneons, 3 Violins",,,,
Francisco Canaro,Orquesta Francisco Canaro,1927-04-16,Sierra Chica,,Tango,Agustín Irusta,Odeón,,623,4309 B,Juan Scarpino,José Scarpino,,26-29 Electric boom,Luis Riccardi,Vicente Sciarretta,"Minotto, Ernesto Di Cicco, Ernesto Bianchi","Ernesto Pozio, Francisco Canaro, Mario Brugni","Piano, Bass, 3 Bandoneons, 3 Violins",,,,
Francisco Canaro,Orquesta Francisco Canaro,1927-04-21,Centinela Alerta,,Tango,Agustín Irusta,Odeón,,637,4278 A,Enrique Delfino,Carlos De Paoli,,26-29 Electric boom,Luis Riccardi,Vicente Sciarretta,"Minotto, Ernesto Di Cicco, Ernesto Bianchi","Ernesto Pozio, Francisco Canaro, Mario Brugni","Piano, Bass, 3 Bandoneons, 3 Violins",,,,
Francisco Canaro,Orquesta Francisco Canaro,1927-04-21,Mamá Cuco,,Tango,Instrumental,Odeón,,638,4278 B,Enrique Delfino,,,26-29 Electric boom,Luis Riccardi,Vicente Sciarretta,"Minotto, Ernesto Di Cicco, Ernesto Bianchi","Ernesto Pozio, Francisco Canaro, Mario Brugni","Piano, Bass, 3 Bandoneons, 3 Violins",,,,
Francisco Canaro,Orquesta Francisco Canaro,1927-04-21,Meditación,,Tango,Agustín Irusta,Odeón,,640,4321 B,Carlos Di Sarli,José De Grandis,,26-29 Electric boom,Luis Riccardi,Vicente Sciarretta,"Minotto, Ernesto Di Cicco, Ernesto Bianchi","Ernesto Pozio, Francisco Canaro, Mario Brugni","Piano, Bass, 3 Bandoneons, 3 Violins",,,,
Francisco Canaro,Orquesta Francisco Canaro,1927-04-21,Muñeca de Carne,,Tango,Agustín Irusta,Odeón,,639,4291 B,Juan Guido,Francisco Capone,,26-29 Electric boom,Luis Riccardi,Vicente Sciarretta,"Minotto, Ernesto Di Cicco, Ernesto Bianchi","Ernesto Pozio, Francisco Canaro, Mario Brugni","Piano, Bass, 3 Bandoneons, 3 Violins",,,,
Francisco Canaro,Orquesta Francisco Canaro,1927-04-21,Organito,,Tango,Instrumental,Odeón,,635,4279 A,Juan Graviz,Juan Graviz,,26-29 Electric boom,Luis Riccardi,Vicente Sciarretta,"Minotto, Ernesto Di Cicco, Ernesto Bianchi","Ernesto Pozio, Francisco Canaro, Mario Brugni","Piano, Bass, 3 Bandoneons, 3 Violins",,,,
Francisco Canaro,Orquesta Francisco Canaro,1927-04-21,Tanita de la Proa,,Tango,Agustín Irusta,Odeón,,636,4281 A,Salvador Merico,Vicente Cuitiño,,26-29 Electric boom,Luis Riccardi,Vicente Sciarretta,"Minotto, Ernesto Di Cicco, Ernesto Bianchi","Ernesto Pozio, Francisco Canaro, Mario Brugni","Piano, Bass, 3 Bandoneons, 3 Violins",,,,
Francisco Canaro,Orquesta Francisco Canaro,1927-04-21,Triste Regreso,,Tango,Instrumental,Odeón,,634,4279 B,Américo Bonani,,,26-29 Electric boom,Luis Riccardi,Vicente Sciarretta,"Minotto, Ernesto Di Cicco, Ernesto Bianchi","Ernesto Pozio, Francisco Canaro, Mario Brugni","Piano, Bass, 3 Bandoneons, 3 Violins",,,,
Francisco Canaro,Orquesta Francisco Canaro,1927-04-27,Consejo Sano,,Tango,Instrumental,Odeón,,673,4289 B,Mario Canaro,,,26-29 Electric boom,Luis Riccardi,Vicente Sciarretta,"Minotto, Ernesto Di Cicco, Ernesto Bianchi","Ernesto Pozio, Francisco Canaro, Mario Brugni","Piano, Bass, 3 Bandoneons, 3 Violins",,,,
Francisco Canaro,Orquesta Francisco Canaro,1927-04-27,Dejá la Farra,,Tango,Instrumental,Odeón,,678,4320 B,Ernesto Minotto,,,26-29 Electric boom,Luis Riccardi,Vicente Sciarretta,"Minotto, Ernesto Di Cicco, Ernesto Bianchi","Ernesto Pozio, Francisco Canaro, Mario Brugni","Piano, Bass, 3 Bandoneons, 3 Violins",,,,
Francisco Canaro,Orquesta Francisco Canaro,1927-04-27,Esperanzas,,Tango,Instrumental,Odeón,,675,4334 A,Juan Canaro,,,26-29 Electric boom,Luis Riccardi,Vicente Sciarretta,"Minotto, Ernesto Di Cicco, Ernesto Bianchi","Ernesto Pozio, Francisco Canaro, Mario Brugni","Piano, Bass, 3 Bandoneons, 3 Violins",,,,
Francisco Canaro,Orquesta Francisco Canaro,1927-04-27,Gabino,,Tango,Agustín Irusta,Odeón,,676,4286 A,Antonio De Bassi,Manuel Romero,,26-29 Electric boom,Luis Riccardi,Vicente Sciarretta,"Minotto, Ernesto Di Cicco, Ernesto Bianchi","Ernesto Pozio, Francisco Canaro, Mario Brugni","Piano, Bass, 3 Bandoneons, 3 Violins",,,,
Francisco Canaro,Orquesta Francisco Canaro,1927-04-27,No Me Llores,,Tango,Instrumental,Odeón,,677,4286 B,Fernando Montoni,,,26-29 Electric boom,Luis Riccardi,Vicente Sciarretta,"Minotto, Ernesto Di Cicco, Ernesto Bianchi","Ernesto Pozio, Francisco Canaro, Mario Brugni","Piano, Bass, 3 Bandoneons, 3 Violins",,,,
Francisco Canaro,Orquesta Francisco Canaro,1927-04-27,Un Tropezón,,Tango,Instrumental,Odeón,,674,4289 A,Raúl De Los Hoyos,Luis Herrera,,26-29 Electric boom,Luis Riccardi,Vicente Sciarretta,"Minotto, Ernesto Di Cicco, Ernesto Bianchi","Ernesto Pozio, Francisco Canaro, Mario Brugni","Piano, Bass, 3 Bandoneons, 3 Violins",,,,
Francisco Canaro,Orquesta Francisco Canaro,1927-04-29,Nobleza de Arrabal,,Tango,Instrumental,Odeón,,679,4292 A,Francisco Canaro,,,26-29 Electric boom,Luis Riccardi,Vicente Sciarretta,"Minotto, Ernesto Di Cicco, Ernesto Bianchi","Ernesto Pozio, Francisco Canaro, Mario Brugni","Piano, Bass, 3 Bandoneons, 3 Violins",,,,
Francisco Canaro,Orquesta Francisco Canaro,1927-05-05,Alma de Bohemio,,Tango,Instrumental,Odeón,,714,4292 B,Roberto Firpo,Juan Caruso,,26-29 Electric boom,Luis Riccardi,Vicente Sciarretta,"Minotto, Ernesto Di Cicco, Ernesto Bianchi","Ernesto Pozio, Francisco Canaro, Mario Brugni","Piano, Bass, 3 Bandoneons, 3 Violins",,,,
Francisco Canaro,Orquesta Francisco Canaro,1927-05-05,Arrabalero,,Tango,Instrumental,Odeón,,712,4301 A,Osvaldo Fresedo,Eduardo Calvo,,26-29 Electric boom,Luis Riccardi,Vicente Sciarretta,"Minotto, Ernesto Di Cicco, Ernesto Bianchi","Ernesto Pozio, Francisco Canaro, Mario Brugni","Piano, Bass, 3 Bandoneons, 3 Violins",,,,
Francisco Canaro,Orquesta Francisco Canaro,1927-05-05,Pobrecita,,Tango,Instrumental,Odeón,,711,4319 B,Lucio Demare,,,26-29 Electric boom,Luis Riccardi,Vicente Sciarretta,"Minotto, Ernesto Di Cicco, Ernesto Bianchi","Ernesto Pozio, Francisco Canaro, Mario Brugni","Piano, Bass, 3 Bandoneons, 3 Violins",,,,
Francisco Canaro,Orquesta Francisco Canaro,1927-05-05,Rezongos,,Tango,Instrumental,Odeón,,713,4301 B,José Rizzuti,Eduardo Calvo,,26-29 Electric boom,Luis Riccardi,Vicente Sciarretta,"Minotto, Ernesto Di Cicco, Ernesto Bianchi","Ernesto Pozio, Francisco Canaro, Mario Brugni","Piano, Bass, 3 Bandoneons, 3 Violins",,,,
Francisco Canaro,Orquesta Francisco Canaro,1927-05-11,Farolito Viejo,,Tango,Instrumental,Odeón,,736,4290 A,Luis Teisseire,José Riú,,26-29 Electric boom,Luis Riccardi,Vicente Sciarretta,"Minotto, Ernesto Di Cicco, Ernesto Bianchi","Ernesto Pozio, Francisco Canaro, Mario Brugni","Piano, Bass, 3 Bandoneons, 3 Violins",,,,
Francisco Canaro,Orquesta Francisco Canaro,1927-05-11,La Tristona,,Tango,Instrumental,Odeón,,737,4309 A,Graciano De Leone,,,26-29 Electric boom,Luis Riccardi,Vicente Sciarretta,"Minotto, Ernesto Di Cicco, Ernesto Bianchi","Ernesto Pozio, Francisco Canaro, Mario Brugni","Piano, Bass, 3 Bandoneons, 3 Violins",,,,
Francisco Canaro,Orquesta Francisco Canaro,1927-05-11,Qué Linda Es la Vida,,Vals,Instrumental,Odeón,,619,4288 B,Cristino Tapia,,,26-29 Electric boom,Luis Riccardi,Vicente Sciarretta,"Minotto, Ernesto Di Cicco, Ernesto Bianchi","Ernesto Pozio, Francisco Canaro, Mario Brugni","Piano, Bass, 3 Bandoneons, 3 Violins",,,,
Francisco Canaro,Orquesta Francisco Canaro,1927-05-11,Sabandija,,Tango,Instrumental,Odeón,,735,4322 B,Alpidio Fernández,,,26-29 Electric boom,Luis Riccardi,Vicente Sciarretta,"Minotto, Ernesto Di Cicco, Ernesto Bianchi","Ernesto Pozio, Francisco Canaro, Mario Brugni","Piano, Bass, 3 Bandoneons, 3 Violins",,,,
Francisco Canaro,Orquesta Francisco Canaro,1927-05-11,Sentimiento Gaucho,,Tango,Instrumental,Odeón,,738,4293 A,Francisco Canaro,Juan Caruso,,26-29 Electric boom,Luis Riccardi,Vicente Sciarretta,"Minotto, Ernesto Di Cicco, Ernesto Bianchi","Ernesto Pozio, Francisco Canaro, Mario Brugni","Piano, Bass, 3 Bandoneons, 3 Violins",,,,
Francisco Canaro,Orquesta Francisco Canaro,1927-05-13,Caminito,,Tango,Instrumental,Odeón,,749,4294 A,Juan Filiberto,Gabino Peñaloza,,26-29 Electric boom,Luis Riccardi,Vicente Sciarretta,"Minotto, Ernesto Di Cicco, Ernesto Bianchi","Ernesto Pozio, Francisco Canaro, Mario Brugni","Piano, Bass, 3 Bandoneons, 3 Violins",,,,
Francisco Canaro,Orquesta Francisco Canaro,1927-05-13,Don Esteban,,Tango,Instrumental,Odeón,,751,4295 A,Augusto Berto,Carlos Sarmiento,,26-29 Electric boom,Luis Riccardi,Vicente Sciarretta,"Minotto, Ernesto Di Cicco, Ernesto Bianchi","Ernesto Pozio, Francisco Canaro, Mario Brugni","Piano, Bass, 3 Bandoneons, 3 Violins",,,,
Francisco Canaro,Orquesta Francisco Canaro,1927-05-13,El Pollito,,Tango,Instrumental,Odeón,,752,,Francisco Canaro,,,26-29 Electric boom,Luis Riccardi,Vicente Sciarretta,"Minotto, Ernesto Di Cicco, Ernesto Bianchi","Ernesto Pozio, Francisco Canaro, Mario Brugni","Piano, Bass, 3 Bandoneons, 3 Violins",,,,
Francisco Canaro,Orquesta Francisco Canaro,1927-05-13,La Vuelta de Rocha,,Tango,Instrumental,Odeón,,750,4294 B,Juan Filiberto,Gabino Peñaloza,,26-29 Electric boom,Luis Riccardi,Vicente Sciarretta,"Minotto, Ernesto Di Cicco, Ernesto Bianchi","Ernesto Pozio, Francisco Canaro, Mario Brugni","Piano, Bass, 3 Bandoneons, 3 Violins",,,,
Francisco Canaro,Orquesta Francisco Canaro,1927-05-13,Milonga con Variación,Milonga con Variaciones,Tango,Instrumental,Odeón,,747,4303 A,Francisco Canaro,,,26-29 Electric boom,Luis Riccardi,Vicente Sciarretta,"Minotto, Ernesto Di Cicco, Ernesto Bianchi","Ernesto Pozio, Francisco Canaro, Mario Brugni","Piano, Bass, 3 Bandoneons, 3 Violins",,,,
Francisco Canaro,Orquesta Francisco Canaro,1927-05-13,No Seas Malo,,Tango,Instrumental,Odeón,,740,4323 B,Juan Scandiffio,,,26-29 Electric boom,Luis Riccardi,Vicente Sciarretta,"Minotto, Ernesto Di Cicco, Ernesto Bianchi","Ernesto Pozio, Francisco Canaro, Mario Brugni","Piano, Bass, 3 Bandoneons, 3 Violins",,,,
Francisco Canaro,Orquesta Francisco Canaro,1927-05-13,Organito de la Tarde,,Tango,Instrumental,Odeón,,739,4293 B,Cátulo Castillo,José Castillo,,26-29 Electric boom,Luis Riccardi,Vicente Sciarretta,"Minotto, Ernesto Di Cicco, Ernesto Bianchi","Ernesto Pozio, Francisco Canaro, Mario Brugni","Piano, Bass, 3 Bandoneons, 3 Violins",,,,
Francisco Canaro,Orquesta Francisco Canaro,1927-05-13,Pizpireta,,Tango,Instrumental,Odeón,,748,4302 B,Rafael Canaro,,,26-29 Electric boom,Luis Riccardi,Vicente Sciarretta,"Minotto, Ernesto Di Cicco, Ernesto Bianchi","Ernesto Pozio, Francisco Canaro, Mario Brugni","Piano, Bass, 3 Bandoneons, 3 Violins",,,,
Francisco Canaro,Orquesta Francisco Canaro,1927-05-13,Volvé a Casa,,Tango,Instrumental,Odeón,,746,4335 A,Edgardo Donato,Francisco Bastardi,,26-29 Electric boom,Luis Riccardi,Vicente Sciarretta,"Minotto, Ernesto Di Cicco, Ernesto Bianchi","Ernesto Pozio, Francisco Canaro, Mario Brugni","Piano, Bass, 3 Bandoneons, 3 Violins",,,,
Francisco Canaro,Orquesta Francisco Canaro,1927-05-18,Alma Tanguera,,Tango,Agustín Irusta,Odeón,,769,4303 B,José Licarse,Julio Budano,,26-29 Electric boom,Luis Riccardi,Vicente Sciarretta,"Minotto, Ernesto Di Cicco, Ernesto Bianchi","Ernesto Pozio, Francisco Canaro, Mario Brugni","Piano, Bass, 3 Bandoneons, 3 Violins",,,,
Francisco Canaro,Orquesta Francisco Canaro,1927-05-18,Altar Criollo,,Vals,Instrumental,Odeón,,768,4305 A,Alfredo Gobbi,,,26-29 Electric boom,Luis Riccardi,Vicente Sciarretta,"Minotto, Ernesto Di Cicco, Ernesto Bianchi","Ernesto Pozio, Francisco Canaro, Mario Brugni","Piano, Bass, 3 Bandoneons, 3 Violins",,,,
Francisco Canaro,Orquesta Francisco Canaro,1927-05-18,La Bataclana,,Tango,Instrumental,Odeón,,771,4333 A,Juan Maglio,,,26-29 Electric boom,Luis Riccardi,Vicente Sciarretta,"Minotto, Ernesto Di Cicco, Ernesto Bianchi","Ernesto Pozio, Francisco Canaro, Mario Brugni","Piano, Bass, 3 Bandoneons, 3 Violins",,,,
Francisco Canaro,Orquesta Francisco Canaro,1927-05-18,No Te Engañes Corazón,,Tango,Agustín Irusta,Odeón,,770,,Rodolfo Sciammarella,Rodolfo Sciammarella,,26-29 Electric boom,Luis Riccardi,Vicente Sciarretta,"Minotto, Ernesto Di Cicco, Ernesto Bianchi","Ernesto Pozio, Francisco Canaro, Mario Brugni","Piano, Bass, 3 Bandoneons, 3 Violins",,,,
Francisco Canaro,Orquesta Francisco Canaro,1927-05-19,Cabecitas Locas,,Tango,Instrumental,Odeón,,772,4302 A,Enrique Delfino,,,26-29 Electric boom,Luis Riccardi,Vicente Sciarretta,"Minotto, Ernesto Di Cicco, Ernesto Bianchi","Ernesto Pozio, Francisco Canaro, Mario Brugni","Piano, Bass, 3 Bandoneons, 3 Violins",,,,
Francisco Canaro,Orquesta Francisco Canaro,1927-05-19,La Gayola,La Cárcel,Tango,Instrumental,Odeón,,774,4304 B,Rafael Tuegols,Armando Tagini,,26-29 Electric boom,Luis Riccardi,Vicente Sciarretta,"Minotto, Ernesto Di Cicco, Ernesto Bianchi","Ernesto Pozio, Francisco Canaro, Mario Brugni","Piano, Bass, 3 Bandoneons, 3 Violins",,,,
Francisco Canaro,Orquesta Francisco Canaro,1927-05-19,Mandría,,Tango,Agustín Irusta,Odeón,,773,4306 A,Juan Rodríguez,"Juan Velich, Francisco Brancatti",,26-29 Electric boom,Luis Riccardi,Vicente Sciarretta,"Minotto, Ernesto Di Cicco, Ernesto Bianchi","Ernesto Pozio, Francisco Canaro, Mario Brugni","Piano, Bass, 3 Bandoneons, 3 Violins",,,,
Francisco Canaro,Orquesta Francisco Canaro,1927-05-19,Patio Olvidado,,Tango,Instrumental,Odeón,,775,4322 A,Samuel Castriota,,,26-29 Electric boom,Luis Riccardi,Vicente Sciarretta,"Minotto, Ernesto Di Cicco, Ernesto Bianchi","Ernesto Pozio, Francisco Canaro, Mario Brugni","Piano, Bass, 3 Bandoneons, 3 Violins",,,,
Francisco Canaro,Orquesta Francisco Canaro,1927-05-23,Canaro en París,Canaro en París,Tango,Instrumental,Odeón,,799,4299 B,Juan Scarpino,José Scarpino,,26-29 Electric boom,Luis Riccardi,Vicente Sciarretta,"Minotto, Ernesto Di Cicco, Ernesto Bianchi","Ernesto Pozio, Francisco Canaro, Mario Brugni","Piano, Bass, 3 Bandoneons, 3 Violins",,,,
Francisco Canaro,Orquesta Francisco Canaro,1927-05-23,Compañero,,Tango,Instrumental,Odeón,,795,4216 A,Juan Filiberto,Enrique Maroni,,26-29 Electric boom,Luis Riccardi,Vicente Sciarretta,"Minotto, Ernesto Di Cicco, Ernesto Bianchi","Ernesto Pozio, Francisco Canaro, Mario Brugni","Piano, Bass, 3 Bandoneons, 3 Violins",,,,
Francisco Canaro,Orquesta Francisco Canaro,1927-05-23,Galleguita,,Tango,Instrumental,Odeón,,800,4300 A,Horacio Pettorossi,Alfredo Navarrine,,26-29 Electric boom,Luis Riccardi,Vicente Sciarretta,"Minotto, Ernesto Di Cicco, Ernesto Bianchi","Ernesto Pozio, Francisco Canaro, Mario Brugni","Piano, Bass, 3 Bandoneons, 3 Violins",,,,
Francisco Canaro,Orquesta Francisco Canaro,1927-05-23,Ladrillo,,Tango,Instrumental,Odeón,,794,4216 B,Juan Filiberto,Juan Caruso,,26-29 Electric boom,Luis Riccardi,Vicente Sciarretta,"Minotto, Ernesto Di Cicco, Ernesto Bianchi","Ernesto Pozio, Francisco Canaro, Mario Brugni","Piano, Bass, 3 Bandoneons, 3 Violins",,,,
Francisco Canaro,Orquesta Francisco Canaro,1927-05-23,Lorenzo,,Tango,Instrumental,Odeón,,798,4299 A,Agustín Bardi,Mario Pardo,,26-29 Electric boom,Luis Riccardi,Vicente Sciarretta,"Minotto, Ernesto Di Cicco, Ernesto Bianchi","Ernesto Pozio, Francisco Canaro, Mario Brugni","Piano, Bass, 3 Bandoneons, 3 Violins",,,,
Francisco Canaro,Orquesta Francisco Canaro,1927-05-23,París,,Tango,Instrumental,Odeón,,797,4298 B,Francisco Canaro,,,26-29 Electric boom,Luis Riccardi,Vicente Sciarretta,"Minotto, Ernesto Di Cicco, Ernesto Bianchi","Ernesto Pozio, Francisco Canaro, Mario Brugni","Piano, Bass, 3 Bandoneons, 3 Violins",,,,
Francisco Canaro,Orquesta Francisco Canaro,1927-05-23,Trago Amargo,,Tango,Instrumental,Odeón,,796,4298 A,Rafael Iriarte,Julio Navarrine,,26-29 Electric boom,Luis Riccardi,Vicente Sciarretta,"Minotto, Ernesto Di Cicco, Ernesto Bianchi","Ernesto Pozio, Francisco Canaro, Mario Brugni","Piano, Bass, 3 Bandoneons, 3 Violins",,,,
Francisco Canaro,Orquesta Francisco Canaro,1927-05-29,Fea,,Tango,Instrumental,Odeón,,830,4300 B,Horacio Pettorossi,Alfredo Navarrine,,26-29 Electric boom,Luis Riccardi,Vicente Sciarretta,"Minotto, Ernesto Di Cicco, Ernesto Bianchi","Ernesto Pozio, Francisco Canaro, Mario Brugni","Piano, Bass, 3 Bandoneons, 3 Violins",,,,
Francisco Canaro,Orquesta Francisco Canaro,1927-05-29,Langosta,,Tango,Instrumental,Odeón,,829,4327 B,Juan Filiberto,Juan Bruno,,26-29 Electric boom,Luis Riccardi,Vicente Sciarretta,"Minotto, Ernesto Di Cicco, Ernesto Bianchi","Ernesto Pozio, Francisco Canaro, Mario Brugni","Piano, Bass, 3 Bandoneons, 3 Violins",,,,
Francisco Canaro,Orquesta Francisco Canaro,1927-05-30,Caferata,,Tango,Instrumental,Odeón,,835,4310 A,Antonio Scatasso,,,26-29 Electric boom,Luis Riccardi,Vicente Sciarretta,"Minotto, Ernesto Di Cicco, Ernesto Bianchi","Ernesto Pozio, Francisco Canaro, Mario Brugni","Piano, Bass, 3 Bandoneons, 3 Violins",,,,
Francisco Canaro,Orquesta Francisco Canaro,1927-05-30,El Ciruja,,Tango,Instrumental,Odeón,,836,4311 B,Ernesto De La Cruz,Francisco Marino,,26-29 Electric boom,Luis Riccardi,Vicente Sciarretta,"Minotto, Ernesto Di Cicco, Ernesto Bianchi","Ernesto Pozio, Francisco Canaro, Mario Brugni","Piano, Bass, 3 Bandoneons, 3 Violins",,,,
Francisco Canaro,Orquesta Francisco Canaro,1927-05-30,Olga,,Vals,Instrumental,Odeón,,834,4310 B,Francisco Peña,,,26-29 Electric boom,Luis Riccardi,Vicente Sciarretta,"Minotto, Ernesto Di Cicco, Ernesto Bianchi","Ernesto Pozio, Francisco Canaro, Mario Brugni","Piano, Bass, 3 Bandoneons, 3 Violins",,,,
Francisco Canaro,Orquesta Francisco Canaro,1927-05-30,Se Fué Taborda,,Tango,Instrumental,Odeón,,832,4314 B,Anselmo Aieta,Francisco Jiménez,,26-29 Electric boom,Luis Riccardi,Vicente Sciarretta,"Minotto, Ernesto Di Cicco, Ernesto Bianchi","Ernesto Pozio, Francisco Canaro, Mario Brugni","Piano, Bass, 3 Bandoneons, 3 Violins",,,,
Francisco Canaro,Orquesta Francisco Canaro,1927-05-30,Tiempos Viejos,Te Acordás Hermano,Tango,Instrumental,Odeón,,833,4311 A,Francisco Canaro,Manuel Romero,,26-29 Electric boom,Luis Riccardi,Vicente Sciarretta,"Minotto, Ernesto Di Cicco, Ernesto Bianchi","Ernesto Pozio, Francisco Canaro, Mario Brugni","Piano, Bass, 3 Bandoneons, 3 Violins",,,,
Francisco Canaro,Orquesta Francisco Canaro,1927-05-30,Tus Besos Fueron Míos,,Tango,Instrumental,Odeón,,831,4314 A,Anselmo Aieta,Francisco Jiménez,,26-29 Electric boom,Luis Riccardi,Vicente Sciarretta,"Minotto, Ernesto Di Cicco, Ernesto Bianchi","Ernesto Pozio, Francisco Canaro, Mario Brugni","Piano, Bass, 3 Bandoneons, 3 Violins",,,,
Francisco Canaro,Orquesta Francisco Canaro,1927-06-01,El Pollito,,Tango,Instrumental,Odeón,,752,4295 B,Francisco Canaro,,,26-29 Electric boom,Luis Riccardi,Vicente Sciarretta,"Minotto, Ernesto Di Cicco, Ernesto Bianchi","Ernesto Pozio, Francisco Canaro, Mario Brugni","Piano, Bass, 3 Bandoneons, 3 Violins",,,,
Francisco Canaro,Orquesta Francisco Canaro,1927-06-01,La Vuelta Al Hogar,,Tango,Instrumental,Odeón,,846,4335 B,Alfredo Pometti,,,26-29 Electric boom,Luis Riccardi,Vicente Sciarretta,"Minotto, Ernesto Di Cicco, Ernesto Bianchi","Ernesto Pozio, Francisco Canaro, Mario Brugni","Piano, Bass, 3 Bandoneons, 3 Violins",,,,
Francisco Canaro,Orquesta Francisco Canaro,1927-06-01,Pa Que Bronques,,Tango,Instrumental,Odeón,,843,4321 A,Rafael Tuegols,,,26-29 Electric boom,Luis Riccardi,Vicente Sciarretta,"Minotto, Ernesto Di Cicco, Ernesto Bianchi","Ernesto Pozio, Francisco Canaro, Mario Brugni","Piano, Bass, 3 Bandoneons, 3 Violins",,,,
Francisco Canaro,Orquesta Francisco Canaro,1927-06-01,Palmo a Palmo,,Tango,Instrumental,Odeón,,847,,Antonio Polito,,,26-29 Electric boom,Luis Riccardi,Vicente Sciarretta,"Minotto, Ernesto Di Cicco, Ernesto Bianchi","Ernesto Pozio, Francisco Canaro, Mario Brugni","Piano, Bass, 3 Bandoneons, 3 Violins",,,,
Francisco Canaro,Orquesta Francisco Canaro,1927-06-01,Puentecito de Plata,,Tango,Agustín Irusta,Odeón,,844,,Francisco Canaro,Pascual Contursi,,26-29 Electric boom,Luis Riccardi,Vicente Sciarretta,"Minotto, Ernesto Di Cicco, Ernesto Bianchi","Ernesto Pozio, Francisco Canaro, Mario Brugni","Piano, Bass, 3 Bandoneons, 3 Violins",,,,
Francisco Canaro,Orquesta Francisco Canaro,1927-06-01,Que Pare el Baile,,Tango,Agustín Irusta,Odeón,,845,4304 A,Enrique Maciel,Enrique Cadícamo,,26-29 Electric boom,Luis Riccardi,Vicente Sciarretta,"Minotto, Ernesto Di Cicco, Ernesto Bianchi","Ernesto Pozio, Francisco Canaro, Mario Brugni","Piano, Bass, 3 Bandoneons, 3 Violins",,,,
Francisco Canaro,Orquesta Francisco Canaro,1927-06-04,Araca Corazón,,Tango,Anita Palmero,Odeón,,857,,Enrique Delfino,,,26-29 Electric boom,Luis Riccardi,Vicente Sciarretta,"Minotto, Ernesto Di Cicco, Ernesto Bianchi","Ernesto Pozio, Francisco Canaro, Mario Brugni","Piano, Bass, 3 Bandoneons, 3 Violins",,,,
Francisco Canaro,Orquesta Francisco Canaro,1927-06-04,Viejo Ciego,,Tango,Anita Palmero,Odeón,,858,,Cátulo Piana,Homero Manzi,,26-29 Electric boom,Luis Riccardi,Vicente Sciarretta,"Minotto, Ernesto Di Cicco, Ernesto Bianchi","Ernesto Pozio, Francisco Canaro, Mario Brugni","Piano, Bass, 3 Bandoneons, 3 Violins",,,,
Francisco Canaro,Orquesta Francisco Canaro,1927-06-08,Besos,,Tango,Instrumental,Odeón,,882,4343 A,Eduardo Armani,,,26-29 Electric boom,Luis Riccardi,Vicente Sciarretta,"Minotto, Ernesto Di Cicco, Ernesto Bianchi","Ernesto Pozio, Francisco Canaro, Mario Brugni","Piano, Bass, 3 Bandoneons, 3 Violins",,,,
Francisco Canaro,Orquesta Francisco Canaro,1927-06-08,De Mi Rancho,,Tango,Instrumental,Odeón,,883,4336 B,Domingo Precona,,,26-29 Electric boom,Luis Riccardi,Vicente Sciarretta,"Minotto, Ernesto Di Cicco, Ernesto Bianchi","Ernesto Pozio, Francisco Canaro, Mario Brugni","Piano, Bass, 3 Bandoneons, 3 Violins",,,,
Francisco Canaro,Orquesta Francisco Canaro,1927-06-08,Hasta Luego,,Tango,Instrumental,Odeón,,884,4320 A,Edgardo Donato,,,26-29 Electric boom,Luis Riccardi,Vicente Sciarretta,"Minotto, Ernesto Di Cicco, Ernesto Bianchi","Ernesto Pozio, Francisco Canaro, Mario Brugni","Piano, Bass, 3 Bandoneons, 3 Violins",,,,
Francisco Canaro,Orquesta Francisco Canaro,1927-06-09,El Triunfo,,Tango,Instrumental,Odeón,,888,,Francisco Canaro,,,26-29 Electric boom,Luis Riccardi,Vicente Sciarretta,"Minotto, Ernesto Di Cicco, Ernesto Bianchi","Ernesto Pozio, Francisco Canaro, Mario Brugni","Piano, Bass, 3 Bandoneons, 3 Violins",,,,
Francisco Canaro,Orquesta Francisco Canaro,1927-06-09,Entrada Prohibida,,Tango,Instrumental,Odeón,,889,,Luis Teisseire,Germán Teisseire,,26-29 Electric boom,Luis Riccardi,Vicente Sciarretta,"Minotto, Ernesto Di Cicco, Ernesto Bianchi","Ernesto Pozio, Francisco Canaro, Mario Brugni","Piano, Bass, 3 Bandoneons, 3 Violins",,,,
Francisco Canaro,Orquesta Francisco Canaro,1927-06-09,Fruto Bendito,,Tango,Instrumental,Odeón,,535,,Adolfo Avilés,Enrique Maroni,,26-29 Electric boom,Luis Riccardi,Vicente Sciarretta,"Minotto, Ernesto Di Cicco, Ernesto Bianchi","Ernesto Pozio, Francisco Canaro, Mario Brugni","Piano, Bass, 3 Bandoneons, 3 Violins",,,,
Francisco Canaro,Orquesta Francisco Canaro,1927-06-09,La Tablada,,Tango,Instrumental,Odeón,,887,4312 B,Francisco Canaro,,,26-29 Electric boom,Luis Riccardi,Vicente Sciarretta,"Minotto, Ernesto Di Cicco, Ernesto Bianchi","Ernesto Pozio, Francisco Canaro, Mario Brugni","Piano, Bass, 3 Bandoneons, 3 Violins",,,,
Francisco Canaro,Orquesta Francisco Canaro,1927-06-09,Matón,,Tango,Instrumental,Odeón,,886,4343 B,Ángel Danesi,,,26-29 Electric boom,Luis Riccardi,Vicente Sciarretta,"Minotto, Ernesto Di Cicco, Ernesto Bianchi","Ernesto Pozio, Francisco Canaro, Mario Brugni","Piano, Bass, 3 Bandoneons, 3 Violins",,,,
Francisco Canaro,Orquesta Francisco Canaro,1927-06-09,Telarañas,,Tango,Instrumental,Odeón,,885,4431 B,Pedro Bustos,,,26-29 Electric boom,Luis Riccardi,Vicente Sciarretta,"Minotto, Ernesto Di Cicco, Ernesto Bianchi","Ernesto Pozio, Francisco Canaro, Mario Brugni","Piano, Bass, 3 Bandoneons, 3 Violins",,,,
Francisco Canaro,Orquesta Francisco Canaro,1927-06-09,Tierrita,,Tango,Instrumental,Odeón,,890,,Agustín Bardi,Jesús Blanco,,26-29 Electric boom,Luis Riccardi,Vicente Sciarretta,"Minotto, Ernesto Di Cicco, Ernesto Bianchi","Ernesto Pozio, Francisco Canaro, Mario Brugni","Piano, Bass, 3 Bandoneons, 3 Violins",,,,
Francisco Canaro,Orquesta Francisco Canaro,1927-06-15,Capullito,,Tango,Instrumental,Odeón,,921,4381 B,Henry Binstok,,,26-29 Electric boom,Luis Riccardi,Vicente Sciarretta,"Minotto, Ernesto Di Cicco, Ernesto Bianchi","Ernesto Pozio, Francisco Canaro, Mario Brugni","Piano, Bass, 3 Bandoneons, 3 Violins",,,,
Francisco Canaro,Orquesta Francisco Canaro,1927-06-15,Culpable,,Tango,Agustín Irusta,Odeón,,924,4338 A,Juan Canaro,Juan Raggi,,26-29 Electric boom,Luis Riccardi,Vicente Sciarretta,"Minotto, Ernesto Di Cicco, Ernesto Bianchi","Ernesto Pozio, Francisco Canaro, Mario Brugni","Piano, Bass, 3 Bandoneons, 3 Violins",,,,
Francisco Canaro,Orquesta Francisco Canaro,1927-06-15,Gurrumina,,Tango,Anita Palmero,Odeón,,926,,Juan Polito,,,26-29 Electric boom,Luis Riccardi,Vicente Sciarretta,"Minotto, Ernesto Di Cicco, Ernesto Bianchi","Ernesto Pozio, Francisco Canaro, Mario Brugni","Piano, Bass, 3 Bandoneons, 3 Violins",,,,
Francisco Canaro,Orquesta Francisco Canaro,1927-06-15,Jagüel,,Tango,Instrumental,Odeón,,925,4326 B,Carlos Posadas,,,26-29 Electric boom,Luis Riccardi,Vicente Sciarretta,"Minotto, Ernesto Di Cicco, Ernesto Bianchi","Ernesto Pozio, Francisco Canaro, Mario Brugni","Piano, Bass, 3 Bandoneons, 3 Violins",,,,
Francisco Canaro,Orquesta Francisco Canaro,1927-06-15,Noche Buena,,Tango,Agustín Irusta,Odeón,,923,4316 A,Ítalo Goyeche,Francisco Brancatti,,26-29 Electric boom,Luis Riccardi,Vicente Sciarretta,"Minotto, Ernesto Di Cicco, Ernesto Bianchi","Ernesto Pozio, Francisco Canaro, Mario Brugni","Piano, Bass, 3 Bandoneons, 3 Violins",,,,
Francisco Canaro,Orquesta Francisco Canaro,1927-06-15,Puentecito de Plata,,Tango,Agustín Irusta,Odeón,,844,4319 A,Francisco Canaro,Pascual Contursi,,26-29 Electric boom,Luis Riccardi,Vicente Sciarretta,"Minotto, Ernesto Di Cicco, Ernesto Bianchi","Ernesto Pozio, Francisco Canaro, Mario Brugni","Piano, Bass, 3 Bandoneons, 3 Violins",,,,
Francisco Canaro,Orquesta Francisco Canaro,1927-06-15,Viejita Mía,Sólo Tú,Tango,Instrumental,Odeón,,922,4363 B,Ernesto Di Cicco,,,26-29 Electric boom,Luis Riccardi,Vicente Sciarretta,"Minotto, Ernesto Di Cicco, Ernesto Bianchi","Ernesto Pozio, Francisco Canaro, Mario Brugni","Piano, Bass, 3 Bandoneons, 3 Violins",,,,
Francisco Canaro,Orquesta Francisco Canaro,1927-06-22,El Cómico,,Tango,Instrumental,Odeón,,966,4315 B,Antonio González,,,26-29 Electric boom,Luis Riccardi,Vicente Sciarretta,"Minotto, Ernesto Di Cicco, Ernesto Bianchi","Ernesto Pozio, Francisco Canaro, Mario Brugni","Piano, Bass, 3 Bandoneons, 3 Violins",,,,
Francisco Canaro,Orquesta Francisco Canaro,1927-06-22,Ventanita de Arrabal,,Tango,Instrumental,Odeón,,967,4315 A,Antonio Scatasso,Pascual Contursi,,26-29 Electric boom,Luis Riccardi,Vicente Sciarretta,"Minotto, Ernesto Di Cicco, Ernesto Bianchi","Ernesto Pozio, Francisco Canaro, Mario Brugni","Piano, Bass, 3 Bandoneons, 3 Violins",,,,
Francisco Canaro,Orquesta Francisco Canaro,1927-06-23,Dónde Estás Que No Te Veo,,Tango,Agustín Irusta,Odeón,,969,4394 A,Francisco Canaro,Tomás Simari,,26-29 Electric boom,Luis Riccardi,Vicente Sciarretta,"Minotto, Ernesto Di Cicco, Ernesto Bianchi","Ernesto Pozio, Francisco Canaro, Mario Brugni","Piano, Bass, 3 Bandoneons, 3 Violins",,,,
Francisco Canaro,Orquesta Francisco Canaro,1927-06-23,Jinetazo,,Tango,Agustín Irusta,Odeón,,970,4350 B,Carlos Bolia,Eugenio Rodríguez,,26-29 Electric boom,Luis Riccardi,Vicente Sciarretta,"Minotto, Ernesto Di Cicco, Ernesto Bianchi","Ernesto Pozio, Francisco Canaro, Mario Brugni","Piano, Bass, 3 Bandoneons, 3 Violins",,,,
Francisco Canaro,Orquesta Francisco Canaro,1927-06-23,Podesta,,Tango,Instrumental,Odeón,,968,4381 A,Américo Bianchi,,,26-29 Electric boom,Luis Riccardi,Vicente Sciarretta,"Minotto, Ernesto Di Cicco, Ernesto Bianchi","Ernesto Pozio, Francisco Canaro, Mario Brugni","Piano, Bass, 3 Bandoneons, 3 Violins",,,,
Francisco Canaro,Orquesta Francisco Canaro,1927-06-23,Retirao,El Retirao,Tango,Instrumental,Odeón,,971,4326 A,Carlos Posadas,,,26-29 Electric boom,Luis Riccardi,Vicente Sciarretta,"Minotto, Ernesto Di Cicco, Ernesto Bianchi","Ernesto Pozio, Francisco Canaro, Mario Brugni","Piano, Bass, 3 Bandoneons, 3 Violins",,,,
Francisco Canaro,Orquesta Francisco Canaro,1927-07-07,Ahí Va el Dulce,,Tango,Instrumental,Odeón,,995,4324 B,Juan Canaro,Osvaldo Cordero,,26-29 Electric boom,Luis Riccardi,Vicente Sciarretta,"Minotto, Ernesto Di Cicco, Ernesto Bianchi","Ernesto Pozio, Francisco Canaro, Mario Brugni","Piano, Bass, 3 Bandoneons, 3 Violins",,,,
Francisco Canaro,Orquesta Francisco Canaro,1927-07-07,Amigaso,Amigazo,Tango,Instrumental,Odeón,,993,4327 A,Juan Filiberto,"Francisco Brancatti, Juan Velich",,26-29 Electric boom,Luis Riccardi,Vicente Sciarretta,"Minotto, Ernesto Di Cicco, Ernesto Bianchi","Ernesto Pozio, Francisco Canaro, Mario Brugni","Piano, Bass, 3 Bandoneons, 3 Violins",,,,
Francisco Canaro,Orquesta Francisco Canaro,1927-07-07,Así Es el Mundo,,Tango,Agustín Irusta,Odeón,,997,4325 A,Mario Canaro,Juan Caruso,,26-29 Electric boom,Luis Riccardi,Vicente Sciarretta,"Minotto, Ernesto Di Cicco, Ernesto Bianchi","Ernesto Pozio, Francisco Canaro, Mario Brugni","Piano, Bass, 3 Bandoneons, 3 Violins",,,,
Francisco Canaro,Orquesta Francisco Canaro,1927-07-07,Entrá Nomás,,Tango,Agustín Irusta,Odeón,,996,4329 A,Juan Rezzano,Francisco Bastardi,,26-29 Electric boom,Luis Riccardi,Vicente Sciarretta,"Minotto, Ernesto Di Cicco, Ernesto Bianchi","Ernesto Pozio, Francisco Canaro, Mario Brugni","Piano, Bass, 3 Bandoneons, 3 Violins",,,,
Francisco Canaro,Orquesta Francisco Canaro,1927-07-07,Mocosita,,Tango,Instrumental,Odeón,,998,4324 A,Gerardo Rodríguez,Víctor Soliño,,26-29 Electric boom,Luis Riccardi,Vicente Sciarretta,"Minotto, Ernesto Di Cicco, Ernesto Bianchi","Ernesto Pozio, Francisco Canaro, Mario Brugni","Piano, Bass, 3 Bandoneons, 3 Violins",,,,
Francisco Canaro,Orquesta Francisco Canaro,1927-07-07,Rodríguez Peña,Rodríguez Peña,Tango,Instrumental,Odeón,,994,4325 B,Vicente Greco,"Ernesto Temes, Juan Velich, Rafael Velich",,26-29 Electric boom,Luis Riccardi,Vicente Sciarretta,"Minotto, Ernesto Di Cicco, Ernesto Bianchi","Ernesto Pozio, Francisco Canaro, Mario Brugni","Piano, Bass, 3 Bandoneons, 3 Violins",,,,
Francisco Canaro,Orquesta Francisco Canaro,1927-07-13,Argelia,,Tango,Instrumental,Odeón,,1011,4337 B,Eduardo Ponzio,,,26-29 Electric boom,Luis Riccardi,Vicente Sciarretta,"Minotto, Ernesto Di Cicco, Ernesto Bianchi","Ernesto Pozio, Francisco Canaro, Mario Brugni","Piano, Bass, 3 Bandoneons, 3 Violins",,,,
Francisco Canaro,Orquesta Francisco Canaro,1927-07-13,El Triunfo,,Tango,Instrumental,Odeón,,888,4312 A,Francisco Canaro,,,26-29 Electric boom,Luis Riccardi,Vicente Sciarretta,"Minotto, Ernesto Di Cicco, Ernesto Bianchi","Ernesto Pozio, Francisco Canaro, Mario Brugni","Piano, Bass, 3 Bandoneons, 3 Violins",,,,
Francisco Canaro,Orquesta Francisco Canaro,1927-07-14,Entrada Prohibida,,Tango,Instrumental,Odeón,,889,4313 A,Luis Teisseire,,,26-29 Electric boom,Luis Riccardi,Vicente Sciarretta,"Minotto, Ernesto Di Cicco, Ernesto Bianchi","Ernesto Pozio, Francisco Canaro, Mario Brugni","Piano, Bass, 3 Bandoneons, 3 Violins",,,,
Francisco Canaro,Orquesta Francisco Canaro,1927-07-14,Íntimas,,Tango,Instrumental,Odeón,,1013,4328 A,Alfonso Lacueva,Ricardo Brignolo,,26-29 Electric boom,Luis Riccardi,Vicente Sciarretta,"Minotto, Ernesto Di Cicco, Ernesto Bianchi","Ernesto Pozio, Francisco Canaro, Mario Brugni","Piano, Bass, 3 Bandoneons, 3 Violins",,,,
Francisco Canaro,Orquesta Francisco Canaro,1927-07-14,Micifuz,,Tango,Agustín Irusta,Odeón,,1012,4331 A,Adolfo Avilés,Enrique Maroni,,26-29 Electric boom,Luis Riccardi,Vicente Sciarretta,"Minotto, Ernesto Di Cicco, Ernesto Bianchi","Ernesto Pozio, Francisco Canaro, Mario Brugni","Piano, Bass, 3 Bandoneons, 3 Violins",,,,
Francisco Canaro,Orquesta Francisco Canaro,1927-07-14,Tierrita,,Tango,Instrumental,Odeón,,890,4313 B,Agustín Bardi,,,26-29 Electric boom,Luis Riccardi,Vicente Sciarretta,"Minotto, Ernesto Di Cicco, Ernesto Bianchi","Ernesto Pozio, Francisco Canaro, Mario Brugni","Piano, Bass, 3 Bandoneons, 3 Violins",,,,
Francisco Canaro,Orquesta Francisco Canaro,1927-07-14,Tu Secreto,,Tango,Instrumental,Odeón,,1014,4328 B,Américo Bianchi,,,26-29 Electric boom,Luis Riccardi,Vicente Sciarretta,"Minotto, Ernesto Di Cicco, Ernesto Bianchi","Ernesto Pozio, Francisco Canaro, Mario Brugni","Piano, Bass, 3 Bandoneons, 3 Violins",,,,
Francisco Canaro,Orquesta Francisco Canaro,1927-07-20,Caricias de Mujer,,Vals,Instrumental,Odeón,,1056,4331 B,Adolfo Avilés,,,26-29 Electric boom,Luis Riccardi,Vicente Sciarretta,"Minotto, Ernesto Di Cicco, Ernesto Bianchi","Ernesto Pozio, Francisco Canaro, Mario Brugni","Piano, Bass, 3 Bandoneons, 3 Violins",,,,
Francisco Canaro,Orquesta Francisco Canaro,1927-07-20,El Último Gaucho,,Tango,Instrumental,Odeón,,1050,4330 B,Antonio Bonavena,,,26-29 Electric boom,Luis Riccardi,Vicente Sciarretta,"Minotto, Ernesto Di Cicco, Ernesto Bianchi","Ernesto Pozio, Francisco Canaro, Mario Brugni","Piano, Bass, 3 Bandoneons, 3 Violins",,,,
Francisco Canaro,Orquesta Francisco Canaro,1927-07-20,Julián Navarro,Julio Navarro,Tango,Agustín Irusta,Odeón,,1053,4339 A,Francisco Canaro,Alberto Vacarezza,,26-29 Electric boom,Luis Riccardi,Vicente Sciarretta,"Minotto, Ernesto Di Cicco, Ernesto Bianchi","Ernesto Pozio, Francisco Canaro, Mario Brugni","Piano, Bass, 3 Bandoneons, 3 Violins",,,,
Francisco Canaro,Orquesta Francisco Canaro,1927-07-20,Lejanía,,Tango,Instrumental,Odeón,,1055,4342 B,Rafael Canaro,,,26-29 Electric boom,Luis Riccardi,Vicente Sciarretta,"Minotto, Ernesto Di Cicco, Ernesto Bianchi","Ernesto Pozio, Francisco Canaro, Mario Brugni","Piano, Bass, 3 Bandoneons, 3 Violins",,,,
Francisco Canaro,Orquesta Francisco Canaro,1927-07-20,Letanía,,Tango,Instrumental,Odeón,,1052,4350 A,Juan Cobián,,,26-29 Electric boom,Luis Riccardi,Vicente Sciarretta,"Minotto, Ernesto Di Cicco, Ernesto Bianchi","Ernesto Pozio, Francisco Canaro, Mario Brugni","Piano, Bass, 3 Bandoneons, 3 Violins",,,,
Francisco Canaro,Orquesta Francisco Canaro,1927-07-20,Pobre Muchacho,,Tango,Instrumental,Odeón,,1054,,Ricardo Cerebello,,,26-29 Electric boom,Luis Riccardi,Vicente Sciarretta,"Minotto, Ernesto Di Cicco, Ernesto Bianchi","Ernesto Pozio, Francisco Canaro, Mario Brugni","Piano, Bass, 3 Bandoneons, 3 Violins",,,,
Francisco Canaro,Orquesta Francisco Canaro,1927-07-20,Sobre el Pucho,Un Callejón en Pompeya,Tango,Instrumental,Odeón,,1051,4329 B,Sebastián Piana,José Castillo,,26-29 Electric boom,Luis Riccardi,Vicente Sciarretta,"Minotto, Ernesto Di Cicco, Ernesto Bianchi","Ernesto Pozio, Francisco Canaro, Mario Brugni","Piano, Bass, 3 Bandoneons, 3 Violins",,,,
Francisco Canaro,Orquesta Francisco Canaro,1927-07-27,Amor de Bohemio,,Tango,Instrumental,Odeón,,1092,,Luis Riccardi,,,26-29 Electric boom,Luis Riccardi,Vicente Sciarretta,"Minotto, Ernesto Di Cicco, Ernesto Bianchi","Ernesto Pozio, Francisco Canaro, Mario Brugni","Piano, Bass, 3 Bandoneons, 3 Violins",,,,
Francisco Canaro,Orquesta Francisco Canaro,1927-07-27,Lunes,,Tango,Instrumental,Odeón,,1094,4340 B,José Padula,Francisco Jiménez,,26-29 Electric boom,Luis Riccardi,Vicente Sciarretta,"Minotto, Ernesto Di Cicco, Ernesto Bianchi","Ernesto Pozio, Francisco Canaro, Mario Brugni","Piano, Bass, 3 Bandoneons, 3 Violins",,,,
Francisco Canaro,Orquesta Francisco Canaro,1927-07-27,Noches de Amor,,Vals,Instrumental,Odeón,,1090,4341 B,Francisco Canaro,,,26-29 Electric boom,Luis Riccardi,Vicente Sciarretta,"Minotto, Ernesto Di Cicco, Ernesto Bianchi","Ernesto Pozio, Francisco Canaro, Mario Brugni","Piano, Bass, 3 Bandoneons, 3 Violins",,,,
Francisco Canaro,Orquesta Francisco Canaro,1927-07-27,Patroncita,,Tango,Instrumental,Odeón,,1091,,Humberto Canaro,,,26-29 Electric boom,Luis Riccardi,Vicente Sciarretta,"Minotto, Ernesto Di Cicco, Ernesto Bianchi","Ernesto Pozio, Francisco Canaro, Mario Brugni","Piano, Bass, 3 Bandoneons, 3 Violins",,,,
Francisco Canaro,Orquesta Francisco Canaro,1927-07-27,Purrete de Mi Amor,,Tango,Agustín Irusta,Odeón,,1093,4337 A,Raúl De Los Hoyos,Luis Herrera,,26-29 Electric boom,Luis Riccardi,Vicente Sciarretta,"Minotto, Ernesto Di Cicco, Ernesto Bianchi","Ernesto Pozio, Francisco Canaro, Mario Brugni","Piano, Bass, 3 Bandoneons, 3 Violins",,,,
Francisco Canaro,Orquesta Francisco Canaro,1927-07-29,Canaro,,Tango,Instrumental,Odeón,,1105,4340 A,José Martínez,,,26-29 Electric boom,Luis Riccardi,Vicente Sciarretta,"Minotto, Ernesto Di Cicco, Ernesto Bianchi","Ernesto Pozio, Francisco Canaro, Mario Brugni","Piano, Bass, 3 Bandoneons, 3 Violins",,,,
Francisco Canaro,Orquesta Francisco Canaro,1927-07-29,El Alacrán,,Tango,Instrumental,Odeón,,1108,4341 A,Francisco Canaro,,,26-29 Electric boom,Luis Riccardi,Vicente Sciarretta,"Minotto, Ernesto Di Cicco, Ernesto Bianchi","Ernesto Pozio, Francisco Canaro, Mario Brugni","Piano, Bass, 3 Bandoneons, 3 Violins",,,,
Francisco Canaro,Orquesta Francisco Canaro,1927-07-29,Los Muchachos,,Tango,Instrumental,Odeón,,1106,4348 B,Julio De Caro,,,26-29 Electric boom,Luis Riccardi,Vicente Sciarretta,"Minotto, Ernesto Di Cicco, Ernesto Bianchi","Ernesto Pozio, Francisco Canaro, Mario Brugni","Piano, Bass, 3 Bandoneons, 3 Violins",,,,
Francisco Canaro,Orquesta Francisco Canaro,1927-07-29,Río de Oro,,Tango,Instrumental,Odeón,,1107,,Lucio Demare,,,26-29 Electric boom,Luis Riccardi,Vicente Sciarretta,"Minotto, Ernesto Di Cicco, Ernesto Bianchi","Ernesto Pozio, Francisco Canaro, Mario Brugni","Piano, Bass, 3 Bandoneons, 3 Violins",,,,
Francisco Canaro,Orquesta Francisco Canaro,1927-08-05,Calle Corrientes,,Tango,Agustín Irusta,Odeón,,1155,4332 B,Enrique Delfino,Alberto Vacarezza,,26-29 Electric boom,Luis Riccardi,Vicente Sciarretta,"Minotto, Ernesto Di Cicco, Ernesto Bianchi","Ernesto Pozio, Francisco Canaro, Mario Brugni","Piano, Bass, 3 Bandoneons, 3 Violins",,,,
Francisco Canaro,Orquesta Francisco Canaro,1927-08-05,Fuego y Ceniza,,Tango,Instrumental,Odeón,,1152,4347 A,Eugenio Cárdenas,,,26-29 Electric boom,Luis Riccardi,Vicente Sciarretta,"Minotto, Ernesto Di Cicco, Ernesto Bianchi","Ernesto Pozio, Francisco Canaro, Mario Brugni","Piano, Bass, 3 Bandoneons, 3 Violins",,,,
Francisco Canaro,Orquesta Francisco Canaro,1927-08-05,No Salgas de Tu Barrio,,Tango,Agustín Irusta,Odeón,,1154,4332 A,Enrique Delfino,Arturo Bustamante,,26-29 Electric boom,Luis Riccardi,Vicente Sciarretta,"Minotto, Ernesto Di Cicco, Ernesto Bianchi","Ernesto Pozio, Francisco Canaro, Mario Brugni","Piano, Bass, 3 Bandoneons, 3 Violins",,,,
Francisco Canaro,Orquesta Francisco Canaro,1927-08-05,Sangre Azul,,Tango,Instrumental,Odeón,,1153,,Fioravanti Di Cicco,,,26-29 Electric boom,Luis Riccardi,Vicente Sciarretta,"Minotto, Ernesto Di Cicco, Ernesto Bianchi","Ernesto Pozio, Francisco Canaro, Mario Brugni","Piano, Bass, 3 Bandoneons, 3 Violins",,,,
Francisco Canaro,Orquesta Francisco Canaro,1927-08-10,Buena Idea,,Tango,Instrumental,Odeón,,1175,4405 B,Sócrates Chiericatti,,,26-29 Electric boom,Luis Riccardi,Vicente Sciarretta,"Minotto, Ernesto Di Cicco, Ernesto Bianchi","Ernesto Pozio, Francisco Canaro, Mario Brugni","Piano, Bass, 3 Bandoneons, 3 Violins",,,,
Francisco Canaro,Orquesta Francisco Canaro,1927-08-10,La Quimera,,Tango,Instrumental,Odeón,,1174,4345 B,Mario Canaro,,,26-29 Electric boom,Luis Riccardi,Vicente Sciarretta,"Minotto, Ernesto Di Cicco, Ernesto Bianchi","Ernesto Pozio, Francisco Canaro, Mario Brugni","Piano, Bass, 3 Bandoneons, 3 Violins",,,,
Francisco Canaro,Orquesta Francisco Canaro,1927-08-10,Olguita,,Tango,Instrumental,Odeón,,1173,4385 B,Romualdo Moro,,,26-29 Electric boom,Luis Riccardi,Vicente Sciarretta,"Minotto, Ernesto Di Cicco, Ernesto Bianchi","Ernesto Pozio, Francisco Canaro, Mario Brugni","Piano, Bass, 3 Bandoneons, 3 Violins",,,,
Francisco Canaro,Orquesta Francisco Canaro,1927-08-10,Palo Verde,,Tango,Instrumental,Odeón,,1176,4384 B,Humberto Canaro,,,26-29 Electric boom,Luis Riccardi,Vicente Sciarretta,"Minotto, Ernesto Di Cicco, Ernesto Bianchi","Ernesto Pozio, Francisco Canaro, Mario Brugni","Piano, Bass, 3 Bandoneons, 3 Violins",,,,
Francisco Canaro,Orquesta Francisco Canaro,1927-08-11,Cuándo Volverás,,Tango,Agustín Irusta,Odeón,,1178,4333 B,Pedro Maffía,José Staffolani,,26-29 Electric boom,Luis Riccardi,Vicente Sciarretta,"Minotto, Ernesto Di Cicco, Ernesto Bianchi","Ernesto Pozio, Francisco Canaro, Mario Brugni","Piano, Bass, 3 Bandoneons, 3 Violins",,,,
Francisco Canaro,Orquesta Francisco Canaro,1927-08-11,La Reja,,Tango,Agustín Irusta,Odeón,,1179,4344 B,Carlos Marcucci,Manuel Meaños,,26-29 Electric boom,Luis Riccardi,Vicente Sciarretta,"Minotto, Ernesto Di Cicco, Ernesto Bianchi","Ernesto Pozio, Francisco Canaro, Mario Brugni","Piano, Bass, 3 Bandoneons, 3 Violins",,,,
Francisco Canaro,Orquesta Francisco Canaro,1927-08-11,Volvé Mi Negra,,Tango,Agustín Irusta,Odeón,,1177,4334 B,José Rizzuti,José Gómez,,26-29 Electric boom,Luis Riccardi,Vicente Sciarretta,"Minotto, Ernesto Di Cicco, Ernesto Bianchi","Ernesto Pozio, Francisco Canaro, Mario Brugni","Piano, Bass, 3 Bandoneons, 3 Violins",,,,
Francisco Canaro,Orquesta Francisco Canaro,1927-08-16,Amor de Bohemio,,Tango,Instrumental,Odeón,,1092,4339 B,Luis Riccardi,,,26-29 Electric boom,Luis Riccardi,Vicente Sciarretta,"Minotto, Ernesto Di Cicco, Ernesto Bianchi","Ernesto Pozio, Francisco Canaro, Mario Brugni","Piano, Bass, 3 Bandoneons, 3 Violins",,,,
Francisco Canaro,Orquesta Francisco Canaro,1927-08-16,Amurado,,Tango,Agustín Irusta,Odeón,,1202,4336 A,Pedro Laurenz,José De Grandis,,26-29 Electric boom,Luis Riccardi,Vicente Sciarretta,"Minotto, Ernesto Di Cicco, Ernesto Bianchi","Ernesto Pozio, Francisco Canaro, Mario Brugni","Piano, Bass, 3 Bandoneons, 3 Violins",,,,
Francisco Canaro,Orquesta Francisco Canaro,1927-08-16,El Garabo,,Tango,Instrumental,Odeón,,1199,4404 B,Rafael Rinaldi,,,26-29 Electric boom,Luis Riccardi,Vicente Sciarretta,"Minotto, Ernesto Di Cicco, Ernesto Bianchi","Ernesto Pozio, Francisco Canaro, Mario Brugni","Piano, Bass, 3 Bandoneons, 3 Violins",,,,
Francisco Canaro,Orquesta Francisco Canaro,1927-08-16,El Poncho del Amor,Juancito de la Ribera,Tango,Agustín Irusta,Odeón,,1201,4342 A,Antonio Scatasso,Alberto Vaccarezza,,26-29 Electric boom,Luis Riccardi,Vicente Sciarretta,"Minotto, Ernesto Di Cicco, Ernesto Bianchi","Ernesto Pozio, Francisco Canaro, Mario Brugni","Piano, Bass, 3 Bandoneons, 3 Violins",,,,
Francisco Canaro,Orquesta Francisco Canaro,1927-08-16,Salto Mortal,,Tango,Instrumental,Odeón,,1200,4361 B,Domingo Vivas,Juan Mazzaroni,,26-29 Electric boom,Luis Riccardi,Vicente Sciarretta,"Minotto, Ernesto Di Cicco, Ernesto Bianchi","Ernesto Pozio, Francisco Canaro, Mario Brugni","Piano, Bass, 3 Bandoneons, 3 Violins",,,,
Francisco Canaro,Orquesta Francisco Canaro,1927-08-20,A la Luz del Candil,A la Luz de un Candíl,Tango,Instrumental,Odeón,,1204,4349 A,Carlos Flores,Julio Navarrine,,26-29 Electric boom,Luis Riccardi,Vicente Sciarretta,"Minotto, Ernesto Di Cicco, Ernesto Bianchi","Ernesto Pozio, Francisco Canaro, Mario Brugni","Piano, Bass, 3 Bandoneons, 3 Violins",,,,
Francisco Canaro,Orquesta Francisco Canaro,1927-08-20,Viejo Amor,,Tango,Agustín Irusta,Odeón,,1203,4393 B,Isaías Pittaluga,Horacio Mansilla,,26-29 Electric boom,Luis Riccardi,Vicente Sciarretta,"Minotto, Ernesto Di Cicco, Ernesto Bianchi","Ernesto Pozio, Francisco Canaro, Mario Brugni","Piano, Bass, 3 Bandoneons, 3 Violins",,,,
Francisco Canaro,Orquesta Francisco Canaro,1927-08-22,Los Burros,,Tango,Agustín Irusta,Odeón,,1222,4348 A,Enrique Delfino,José Riú,,26-29 Electric boom,Luis Riccardi,Vicente Sciarretta,"Minotto, Ernesto Di Cicco, Ernesto Bianchi","Ernesto Pozio, Francisco Canaro, Mario Brugni","Piano, Bass, 3 Bandoneons, 3 Violins",,,,
Francisco Canaro,Orquesta Francisco Canaro,1927-08-22,Los Indios,,Tango,Instrumental,Odeón,,1221,4364 B,Francisco Canaro,Juan Caruso,,26-29 Electric boom,Luis Riccardi,Vicente Sciarretta,"Minotto, Ernesto Di Cicco, Ernesto Bianchi","Ernesto Pozio, Francisco Canaro, Mario Brugni","Piano, Bass, 3 Bandoneons, 3 Violins",,,,
Francisco Canaro,Orquesta Francisco Canaro,1927-08-22,Mía Fuiste,,Tango,Instrumental,Odeón,,1225,4362 B,Ignacio Bonnín,,,26-29 Electric boom,Luis Riccardi,Vicente Sciarretta,"Minotto, Ernesto Di Cicco, Ernesto Bianchi","Ernesto Pozio, Francisco Canaro, Mario Brugni","Piano, Bass, 3 Bandoneons, 3 Violins",,,,
Francisco Canaro,Orquesta Francisco Canaro,1927-08-22,Súplicas,,Vals,Instrumental,Odeón,,1220,4347 B,Luis De Biase,,,26-29 Electric boom,Luis Riccardi,Vicente Sciarretta,"Minotto, Ernesto Di Cicco, Ernesto Bianchi","Ernesto Pozio, Francisco Canaro, Mario Brugni","Piano, Bass, 3 Bandoneons, 3 Violins",,,,
Francisco Canaro,Orquesta Francisco Canaro,1927-08-22,Vuelve Arrepentida,,Tango,Instrumental,Odeón,,1223,4349 B,José Roselli,,,26-29 Electric boom,Luis Riccardi,Vicente Sciarretta,"Minotto, Ernesto Di Cicco, Ernesto Bianchi","Ernesto Pozio, Francisco Canaro, Mario Brugni","Piano, Bass, 3 Bandoneons, 3 Violins",,,,
Francisco Canaro,Orquesta Francisco Canaro,1927-08-22,Zorro Gris,,Tango,Instrumental,Odeón,,1224,4364 A,Rafael Tuegols,Francisco Jiménez,,26-29 Electric boom,Luis Riccardi,Vicente Sciarretta,"Minotto, Ernesto Di Cicco, Ernesto Bianchi","Ernesto Pozio, Francisco Canaro, Mario Brugni","Piano, Bass, 3 Bandoneons, 3 Violins",,,,
Francisco Canaro,Orquesta Francisco Canaro,1927-09-03,Amargado,,Tango,Instrumental,Odeón,,1270,4383 B,Carlos Percuoco,,,26-29 Electric boom,Luis Riccardi,Vicente Sciarretta,"Minotto, Ernesto Di Cicco, Ernesto Bianchi","Ernesto Pozio, Francisco Canaro, Mario Brugni","Piano, Bass, 3 Bandoneons, 3 Violins",,,,
Francisco Canaro,Orquesta Francisco Canaro,1927-09-03,Caído del Cielo,,Tango,Instrumental,Odeón,,1269,4352 A,Pedro Polito,Antonio Polito,,26-29 Electric boom,Luis Riccardi,Vicente Sciarretta,"Minotto, Ernesto Di Cicco, Ernesto Bianchi","Ernesto Pozio, Francisco Canaro, Mario Brugni","Piano, Bass, 3 Bandoneons, 3 Violins",,,,
Francisco Canaro,Orquesta Francisco Canaro,1927-09-03,Canta Claro,,Tango,Instrumental,Odeón,,1268,4357 A,Elena Osilich,,,26-29 Electric boom,Luis Riccardi,Vicente Sciarretta,"Minotto, Ernesto Di Cicco, Ernesto Bianchi","Ernesto Pozio, Francisco Canaro, Mario Brugni","Piano, Bass, 3 Bandoneons, 3 Violins",,,,
Francisco Canaro,Orquesta Francisco Canaro,1927-09-03,Copetín Vos Sos Mi Hermano,,Tango,Agustín Irusta,Odeón,,1271,4353 B,Andrés Doménech,Diego Flores,,26-29 Electric boom,Luis Riccardi,Vicente Sciarretta,"Minotto, Ernesto Di Cicco, Ernesto Bianchi","Ernesto Pozio, Francisco Canaro, Mario Brugni","Piano, Bass, 3 Bandoneons, 3 Violins",,,,
Francisco Canaro,Orquesta Francisco Canaro,1927-09-03,Favorita,,Tango,Agustín Irusta,Odeón,,1272,4383 A,Carlos Santoro,,,26-29 Electric boom,Luis Riccardi,Vicente Sciarretta,"Minotto, Ernesto Di Cicco, Ernesto Bianchi","Ernesto Pozio, Francisco Canaro, Mario Brugni","Piano, Bass, 3 Bandoneons, 3 Violins",,,,
Francisco Canaro,Orquesta Francisco Canaro,1927-09-03,Pebeta Canyengue,,Tango,Agustín Irusta,Odeón,,1273,4358 A,Víctor Donato,José Riú,,26-29 Electric boom,Luis Riccardi,Vicente Sciarretta,"Minotto, Ernesto Di Cicco, Ernesto Bianchi","Ernesto Pozio, Francisco Canaro, Mario Brugni","Piano, Bass, 3 Bandoneons, 3 Violins",,,,
Francisco Canaro,Orquesta Francisco Canaro,1927-09-07,Cuando Llora la Milonga,,Tango,Agustín Irusta,Odeón,,1287,4346 A,Juan Filiberto,Luis Mario,,26-29 Electric boom,Luis Riccardi,Vicente Sciarretta,"Minotto, Ernesto Di Cicco, Ernesto Bianchi","Ernesto Pozio, Francisco Canaro, Mario Brugni","Piano, Bass, 3 Bandoneons, 3 Violins",,,,
Francisco Canaro,Orquesta Francisco Canaro,1927-09-07,En Silencio,,Tango,Instrumental,Odeón,,1286,4354 B,Raúl Courau,,,26-29 Electric boom,Luis Riccardi,Vicente Sciarretta,"Minotto, Ernesto Di Cicco, Ernesto Bianchi","Ernesto Pozio, Francisco Canaro, Mario Brugni","Piano, Bass, 3 Bandoneons, 3 Violins",,,,
Francisco Canaro,Orquesta Francisco Canaro,1927-09-07,Los Distinguidos,,Tango,Instrumental,Odeón,,1285,,Ernesto Di Cicco,,,26-29 Electric boom,Luis Riccardi,Vicente Sciarretta,"Minotto, Ernesto Di Cicco, Ernesto Bianchi","Ernesto Pozio, Francisco Canaro, Mario Brugni","Piano, Bass, 3 Bandoneons, 3 Violins",,,,
Francisco Canaro,Orquesta Francisco Canaro,1927-09-07,Noche de Reyes,,Tango,Agustín Irusta,Odeón,,1289,4355 A,Pedro Maffía,Jorge Curí,,26-29 Electric boom,Luis Riccardi,Vicente Sciarretta,"Minotto, Ernesto Di Cicco, Ernesto Bianchi","Ernesto Pozio, Francisco Canaro, Mario Brugni","Piano, Bass, 3 Bandoneons, 3 Violins",,,,
Francisco Canaro,Orquesta Francisco Canaro,1927-09-07,Perfume de Mujer,,Tango,Agustín Irusta,Odeón,,1288,4354 A,Juan Guichandut,Armando Tagini,,26-29 Electric boom,Luis Riccardi,Vicente Sciarretta,"Minotto, Ernesto Di Cicco, Ernesto Bianchi","Ernesto Pozio, Francisco Canaro, Mario Brugni","Piano, Bass, 3 Bandoneons, 3 Violins",,,,
Francisco Canaro,Orquesta Francisco Canaro,1927-09-07,Saturnia,,Tango,Instrumental,Odeón,,1284,4344 A,Juan Filiberto,Nicolás Olivari,,26-29 Electric boom,Luis Riccardi,Vicente Sciarretta,"Minotto, Ernesto Di Cicco, Ernesto Bianchi","Ernesto Pozio, Francisco Canaro, Mario Brugni","Piano, Bass, 3 Bandoneons, 3 Violins",,,,
Francisco Canaro,Orquesta Francisco Canaro,1927-09-12,Beba Mía,,Tango,Instrumental,Odeón,,1300,4378 B,Carlos Macchiavelli,,,26-29 Electric boom,Luis Riccardi,Vicente Sciarretta,"Minotto, Ernesto Di Cicco, Ernesto Bianchi","Ernesto Pozio, Francisco Canaro, Mario Brugni","Piano, Bass, 3 Bandoneons, 3 Violins",,,,
Francisco Canaro,Orquesta Francisco Canaro,1927-09-12,Fiesta Criolla,Fiesta Campera,Tango,Agustín Irusta,Odeón,,1302,4357 B,Rafael Rossi,Eugenio Cárdenas,,26-29 Electric boom,Luis Riccardi,Vicente Sciarretta,"Minotto, Ernesto Di Cicco, Ernesto Bianchi","Ernesto Pozio, Francisco Canaro, Mario Brugni","Piano, Bass, 3 Bandoneons, 3 Violins",,,,
Francisco Canaro,Orquesta Francisco Canaro,1927-09-12,Yo También Era Dichoso,,Tango,Instrumental,Odeón,,1301,4355 B,Enrique Lorenz,,,26-29 Electric boom,Luis Riccardi,Vicente Sciarretta,"Minotto, Ernesto Di Cicco, Ernesto Bianchi","Ernesto Pozio, Francisco Canaro, Mario Brugni","Piano, Bass, 3 Bandoneons, 3 Violins",,,,
Francisco Canaro,Orquesta Francisco Canaro,1927-09-13,El Mal Que Me Hiciste,,Tango,Agustín Irusta,Odeón,,1304,4351 B,Carlos Percuoco,Luis De Biase,,26-29 Electric boom,Luis Riccardi,Vicente Sciarretta,"Minotto, Ernesto Di Cicco, Ernesto Bianchi","Ernesto Pozio, Francisco Canaro, Mario Brugni","Piano, Bass, 3 Bandoneons, 3 Violins",,,,
Francisco Canaro,Orquesta Francisco Canaro,1927-09-13,Leguisamo Solo,,Tango,Francisco Canaro,Odeón,,1305,,Modesto Papávero,Modesto Papávero,,26-29 Electric boom,Luis Riccardi,Vicente Sciarretta,"Minotto, Ernesto Di Cicco, Ernesto Bianchi","Ernesto Pozio, Francisco Canaro, Mario Brugni","Piano, Bass, 3 Bandoneons, 3 Violins",,,,
Francisco Canaro,Orquesta Francisco Canaro,1927-09-13,Queja Indiana,Ay Ay Ay,Tango,Agustin Irusta Y Roberto Fugazot,Odeón,,1303,4352 B,Juan Rodríguez,Juan Velich,,26-29 Electric boom,Luis Riccardi,Vicente Sciarretta,"Minotto, Ernesto Di Cicco, Ernesto Bianchi","Ernesto Pozio, Francisco Canaro, Mario Brugni","Piano, Bass, 3 Bandoneons, 3 Violins",,,,
Francisco Canaro,Orquesta Francisco Canaro,1927-09-19,La Pedrada,,Tango,Instrumental,Odeón,,1345,4374 A,José Victorica,,,26-29 Electric boom,Luis Riccardi,Vicente Sciarretta,"Minotto, Ernesto Di Cicco, Ernesto Bianchi","Ernesto Pozio, Francisco Canaro, Mario Brugni","Piano, Bass, 3 Bandoneons, 3 Violins",,,,
Francisco Canaro,Orquesta Francisco Canaro,1927-09-19,Los Distinguidos,,Tango,Instrumental,Odeón,,1285 Rep.,4378 A,Ernesto Di Cicco,Juan Barthe,,26-29 Electric boom,Luis Riccardi,Vicente Sciarretta,"Minotto, Ernesto Di Cicco, Ernesto Bianchi","Ernesto Pozio, Francisco Canaro, Mario Brugni","Piano, Bass, 3 Bandoneons, 3 Violins",,,,
Francisco Canaro,Orquesta Francisco Canaro,1927-09-19,María,,Vals,Instrumental,Odeón,,1342,4346 B,Juan Filiberto,Juan Velich,,26-29 Electric boom,Luis Riccardi,Vicente Sciarretta,"Minotto, Ernesto Di Cicco, Ernesto Bianchi","Ernesto Pozio, Francisco Canaro, Mario Brugni","Piano, Bass, 3 Bandoneons, 3 Violins",,,,
Francisco Canaro,Orquesta Francisco Canaro,1927-09-19,Mina Bacana,,Tango,Instrumental,Odeón,,1344,4361 A,Miguel Bucino,,,26-29 Electric boom,Luis Riccardi,Vicente Sciarretta,"Minotto, Ernesto Di Cicco, Ernesto Bianchi","Ernesto Pozio, Francisco Canaro, Mario Brugni","Piano, Bass, 3 Bandoneons, 3 Violins",,,,
Francisco Canaro,Orquesta Francisco Canaro,1927-09-19,Patroncita,,Tango,Instrumental,Odeón,,1343,4369 B,Humberto Canaro,Armando Tagini,,26-29 Electric boom,Luis Riccardi,Vicente Sciarretta,"Minotto, Ernesto Di Cicco, Ernesto Bianchi","Ernesto Pozio, Francisco Canaro, Mario Brugni","Piano, Bass, 3 Bandoneons, 3 Violins",,,,
Francisco Canaro,Orquesta Francisco Canaro,1927-09-19,Tiempos Que Fueron,,Tango,Instrumental,Odeón,,1346,4359 A,Ernesto Rossi,Salvador Riese,,26-29 Electric boom,Luis Riccardi,Vicente Sciarretta,"Minotto, Ernesto Di Cicco, Ernesto Bianchi","Ernesto Pozio, Francisco Canaro, Mario Brugni","Piano, Bass, 3 Bandoneons, 3 Violins",,,,
Francisco Canaro,Orquesta Francisco Canaro,1927-09-20,Río de Oro,,Tango,Instrumental,Odeón,,1107,4353 A,Lucio Demare,,,26-29 Electric boom,Luis Riccardi,Vicente Sciarretta,"Minotto, Ernesto Di Cicco, Ernesto Bianchi","Ernesto Pozio, Francisco Canaro, Mario Brugni","Piano, Bass, 3 Bandoneons, 3 Violins",,,,
Francisco Canaro,Orquesta Francisco Canaro,1927-09-20,Sangre Azul,,Tango,Instrumental,Odeón,,1153,4351 A,Fioravanti Di Cicco,,,26-29 Electric boom,Luis Riccardi,Vicente Sciarretta,"Minotto, Ernesto Di Cicco, Ernesto Bianchi","Ernesto Pozio, Francisco Canaro, Mario Brugni","Piano, Bass, 3 Bandoneons, 3 Violins",,,,
Francisco Canaro,Orquesta Francisco Canaro,1927-09-23,Compadrón,,Tango,Agustín Irusta,Odeón,,1369,4363 A,Luis Visca,Enrique Cadícamo,,26-29 Electric boom,Luis Riccardi,Vicente Sciarretta,"Minotto, Ernesto Di Cicco, Ernesto Bianchi","Ernesto Pozio, Francisco Canaro, Mario Brugni","Piano, Bass, 3 Bandoneons, 3 Violins",,,,
Francisco Canaro,Orquesta Francisco Canaro,1927-09-23,El Cancionero,,Tango,Agustín Irusta,Odeón,,1367,4374 B,Alberto Lagos,Alberto Lagos,,26-29 Electric boom,Luis Riccardi,Vicente Sciarretta,"Minotto, Ernesto Di Cicco, Ernesto Bianchi","Ernesto Pozio, Francisco Canaro, Mario Brugni","Piano, Bass, 3 Bandoneons, 3 Violins",,,,
Francisco Canaro,Orquesta Francisco Canaro,1927-09-23,El Mal Que Me Hiciste,,Tango,Agustin Irusta Y Roberto Fugazot,Odeón,,,,Amadeo Carbone,Amadeo Carbone,,26-29 Electric boom,Luis Riccardi,Vicente Sciarretta,"Minotto, Ernesto Di Cicco, Ernesto Bianchi","Ernesto Pozio, Francisco Canaro, Mario Brugni","Piano, Bass, 3 Bandoneons, 3 Violins",,,,
Francisco Canaro,Orquesta Francisco Canaro,1927-09-23,La Quema,,Tango,Agustín Irusta,Odeón,,1366,4362 A,Leo Santillán,Leo Santillán,,26-29 Electric boom,Luis Riccardi,Vicente Sciarretta,"Minotto, Ernesto Di Cicco, Ernesto Bianchi","Ernesto Pozio, Francisco Canaro, Mario Brugni","Piano, Bass, 3 Bandoneons, 3 Violins",,,,
Francisco Canaro,Orquesta Francisco Canaro,1927-09-23,Leguisamo Solo,,Tango,Francisco Canaro,Odeón,,1305 Rep.,4345 A,Modesto Papávero,Modesto Papávero,,26-29 Electric boom,Luis Riccardi,Vicente Sciarretta,"Minotto, Ernesto Di Cicco, Ernesto Bianchi","Ernesto Pozio, Francisco Canaro, Mario Brugni","Piano, Bass, 3 Bandoneons, 3 Violins",,,,
Francisco Canaro,Orquesta Francisco Canaro,1927-09-23,Recordando,,Tango,Instrumental,Odeón,,1365,4380 A,Juan Baüer,Pingui,,26-29 Electric boom,Luis Riccardi,Vicente Sciarretta,"Minotto, Ernesto Di Cicco, Ernesto Bianchi","Ernesto Pozio, Francisco Canaro, Mario Brugni","Piano, Bass, 3 Bandoneons, 3 Violins",,,,
Francisco Canaro,Orquesta Francisco Canaro,1927-09-23,Rouge,,Tango,Instrumental,Odeón,,1364,4370 B,Luis Di Sipio,,,26-29 Electric boom,Luis Riccardi,Vicente Sciarretta,"Minotto, Ernesto Di Cicco, Ernesto Bianchi","Ernesto Pozio, Francisco Canaro, Mario Brugni","Piano, Bass, 3 Bandoneons, 3 Violins",,,,
Francisco Canaro,Orquesta Francisco Canaro,1927-09-29,El Titán,,Tango,Instrumental,Odeón,,1420,4360 A,Aníbal De Iturriaga,,,26-29 Electric boom,Luis Riccardi,Vicente Sciarretta,"Minotto, Ernesto Di Cicco, Ernesto Bianchi","Ernesto Pozio, Francisco Canaro, Mario Brugni","Piano, Bass, 3 Bandoneons, 3 Violins",,,,
Francisco Canaro,Orquesta Francisco Canaro,1927-09-29,Lagrimeando Lagrimeando,Lagrimeando Lagrimeando,Tango,Roberto Fugazot,Odeón,,1419,4356 A,Antonio Scatasso,,,26-29 Electric boom,Luis Riccardi,Vicente Sciarretta,"Minotto, Ernesto Di Cicco, Ernesto Bianchi","Ernesto Pozio, Francisco Canaro, Mario Brugni","Piano, Bass, 3 Bandoneons, 3 Violins",,,,
Francisco Canaro,Orquesta Francisco Canaro,1927-09-29,Recordarás,,Tango,Instrumental,Odeón,,1418,4356 B,Esteban González,,,26-29 Electric boom,Luis Riccardi,Vicente Sciarretta,"Minotto, Ernesto Di Cicco, Ernesto Bianchi","Ernesto Pozio, Francisco Canaro, Mario Brugni","Piano, Bass, 3 Bandoneons, 3 Violins",,,,
Francisco Canaro,Orquesta Francisco Canaro,1927-09-29,Todo Por Tu Amor,,Vals,Instrumental,Odeón,,1413,4368 B,Francisco Peña,,,26-29 Electric boom,Luis Riccardi,Vicente Sciarretta,"Minotto, Ernesto Di Cicco, Ernesto Bianchi","Ernesto Pozio, Francisco Canaro, Mario Brugni","Piano, Bass, 3 Bandoneons, 3 Violins",,,,
Francisco Canaro,Orquesta Francisco Canaro,1927-09-30,Abuelita,,Tango,Agustín Irusta,Odeón,,1422,4367 A,Santiago París,Gabriel Sigal,,26-29 Electric boom,Luis Riccardi,Vicente Sciarretta,"Minotto, Ernesto Di Cicco, Ernesto Bianchi","Ernesto Pozio, Francisco Canaro, Mario Brugni","Piano, Bass, 3 Bandoneons, 3 Violins",,,,
Francisco Canaro,Orquesta Francisco Canaro,1927-09-30,Artículo de Lujo,,Tango,Agustín Irusta,Odeón,,1424,4382 A,Raúl Courau,Víctor Seminario,,26-29 Electric boom,Luis Riccardi,Vicente Sciarretta,"Minotto, Ernesto Di Cicco, Ernesto Bianchi","Ernesto Pozio, Francisco Canaro, Mario Brugni","Piano, Bass, 3 Bandoneons, 3 Violins",,,,
Francisco Canaro,Orquesta Francisco Canaro,1927-09-30,Cumpleaños,,Tango,Agustín Irusta,Odeón,,1425,4368 A,Juan Rezzano,Jesús Blanco,,26-29 Electric boom,Luis Riccardi,Vicente Sciarretta,"Minotto, Ernesto Di Cicco, Ernesto Bianchi","Ernesto Pozio, Francisco Canaro, Mario Brugni","Piano, Bass, 3 Bandoneons, 3 Violins",,,,
Francisco Canaro,Orquesta Francisco Canaro,1927-09-30,El Viejo Tango,,Tango,Agustín Irusta,Odeón,,1426,4371 B,Alejandro Del Barrio,Alejandro Del Barrio,,26-29 Electric boom,Luis Riccardi,Vicente Sciarretta,"Minotto, Ernesto Di Cicco, Ernesto Bianchi","Ernesto Pozio, Francisco Canaro, Mario Brugni","Piano, Bass, 3 Bandoneons, 3 Violins",,,,
Francisco Canaro,Orquesta Francisco Canaro,1927-09-30,Fumando Espero,,Tango,Roberto Fugazot,Odeón,,1421,4359 B,Juan Masanas,Félix Garzo,,26-29 Electric boom,Luis Riccardi,Vicente Sciarretta,"Minotto, Ernesto Di Cicco, Ernesto Bianchi","Ernesto Pozio, Francisco Canaro, Mario Brugni","Piano, Bass, 3 Bandoneons, 3 Violins",,,,
Francisco Canaro,Orquesta Francisco Canaro,1927-09-30,La Clavada,,Tango,Instrumental,Odeón,,1423,4360 B,Antonio Trelles,,,26-29 Electric boom,Luis Riccardi,Vicente Sciarretta,"Minotto, Ernesto Di Cicco, Ernesto Bianchi","Ernesto Pozio, Francisco Canaro, Mario Brugni","Piano, Bass, 3 Bandoneons, 3 Violins",,,,
Francisco Canaro,Orquesta Francisco Canaro,1927-09-30,La Señal Maldita,,Tango,Agustín Irusta,Odeón,,1429,4373 A,Ernesto Di Cicco,Juan Barthe,,26-29 Electric boom,Luis Riccardi,Vicente Sciarretta,"Minotto, Ernesto Di Cicco, Ernesto Bianchi","Ernesto Pozio, Francisco Canaro, Mario Brugni","Piano, Bass, 3 Bandoneons, 3 Violins",,,,
Francisco Canaro,Orquesta Francisco Canaro,1927-09-30,Moneda Falsa,,Tango,Agustín Irusta,Odeón,,1428,4367 B,Alfredo Navarrine,Alfredo Navarrine,,26-29 Electric boom,Luis Riccardi,Vicente Sciarretta,"Minotto, Ernesto Di Cicco, Ernesto Bianchi","Ernesto Pozio, Francisco Canaro, Mario Brugni","Piano, Bass, 3 Bandoneons, 3 Violins",,,,
Francisco Canaro,Orquesta Francisco Canaro,1927-09-30,Noche de Reyes,,Tango,Agustín Irusta,Odeón,,1289,,Pedro Maffía,Jorge Curí,,26-29 Electric boom,Luis Riccardi,Vicente Sciarretta,"Minotto, Ernesto Di Cicco, Ernesto Bianchi","Ernesto Pozio, Francisco Canaro, Mario Brugni","Piano, Bass, 3 Bandoneons, 3 Violins",,,,
Francisco Canaro,Orquesta Francisco Canaro,1927-09-30,Tus Besos,,Tango,Instrumental,Odeón,,1427,4382 B,Pascual Carabilló,,,26-29 Electric boom,Luis Riccardi,Vicente Sciarretta,"Minotto, Ernesto Di Cicco, Ernesto Bianchi","Ernesto Pozio, Francisco Canaro, Mario Brugni","Piano, Bass, 3 Bandoneons, 3 Violins",,,,
Francisco Canaro,Orquesta Francisco Canaro,1927-10-13,Don Juan Malevo,,Tango,Instrumental,Odeón,,1492,4370 A,Francisco Lomuto,Eduardo Béccar,,26-29 Electric boom,Luis Riccardi,Vicente Sciarretta,"Minotto, Ernesto Di Cicco, Ernesto Bianchi","Ernesto Pozio, Francisco Canaro, Mario Brugni","Piano, Bass, 3 Bandoneons, 3 Violins",,,,
Francisco Canaro,Orquesta Francisco Canaro,1927-10-13,Nostalgias de la Tarde,,Vals,Instrumental,Odeón,,1488,4358 B,Víctor Donato,,,26-29 Electric boom,Luis Riccardi,Vicente Sciarretta,"Minotto, Ernesto Di Cicco, Ernesto Bianchi","Ernesto Pozio, Francisco Canaro, Mario Brugni","Piano, Bass, 3 Bandoneons, 3 Violins",,,,
Francisco Canaro,Orquesta Francisco Canaro,1927-10-13,Soy Siempre Tuyo,,Tango,Instrumental,Odeón,,1490,4372 B,Antonio Scatasso,,,26-29 Electric boom,Luis Riccardi,Vicente Sciarretta,"Minotto, Ernesto Di Cicco, Ernesto Bianchi","Ernesto Pozio, Francisco Canaro, Mario Brugni","Piano, Bass, 3 Bandoneons, 3 Violins",,,,
Francisco Canaro,Orquesta Francisco Canaro,1927-10-13,Tengo Apuro,,Tango,Instrumental,Odeón,,1489,4372 A,Antonio Scatasso,,,26-29 Electric boom,Luis Riccardi,Vicente Sciarretta,"Minotto, Ernesto Di Cicco, Ernesto Bianchi","Ernesto Pozio, Francisco Canaro, Mario Brugni","Piano, Bass, 3 Bandoneons, 3 Violins",,,,
Francisco Canaro,Orquesta Francisco Canaro,1927-10-13,Tradición,,Tango,Instrumental,Odeón,,1491,4384 A,Fausto Frontera,Enrique Cadícamo,,26-29 Electric boom,Luis Riccardi,Vicente Sciarretta,"Minotto, Ernesto Di Cicco, Ernesto Bianchi","Ernesto Pozio, Francisco Canaro, Mario Brugni","Piano, Bass, 3 Bandoneons, 3 Violins",,,,
Francisco Canaro,Orquesta Francisco Canaro,1927-10-19,Alfredo,,Tango,Instrumental,Odeón,,1572,4365 B,Humberto Canaro,,,26-29 Electric boom,Luis Riccardi,Vicente Sciarretta,"Minotto, Ernesto Di Cicco, Ernesto Bianchi","Ernesto Pozio, Francisco Canaro, Mario Brugni","Piano, Bass, 3 Bandoneons, 3 Violins",,,,
Francisco Canaro,Orquesta Francisco Canaro,1927-10-19,El Campero,,Tango,Instrumental,Odeón,,1571,4366 B,A. Godoy,,,26-29 Electric boom,Luis Riccardi,Vicente Sciarretta,"Minotto, Ernesto Di Cicco, Ernesto Bianchi","Ernesto Pozio, Francisco Canaro, Mario Brugni","Piano, Bass, 3 Bandoneons, 3 Violins",,,,
Francisco Canaro,Orquesta Francisco Canaro,1927-10-19,Formidable,,Tango,Instrumental,Odeón,,1569,4373 B,Rafael Falucho,,,26-29 Electric boom,Luis Riccardi,Vicente Sciarretta,"Minotto, Ernesto Di Cicco, Ernesto Bianchi","Ernesto Pozio, Francisco Canaro, Mario Brugni","Piano, Bass, 3 Bandoneons, 3 Violins",,,,
Francisco Canaro,Orquesta Francisco Canaro,1927-10-19,Mano a Mano,Viejo Bandoneón,Tango,Instrumental,Odeón,,1573,4365 A,Carlos Razzano,Celedonio Flores,,26-29 Electric boom,Luis Riccardi,Vicente Sciarretta,"Minotto, Ernesto Di Cicco, Ernesto Bianchi","Ernesto Pozio, Francisco Canaro, Mario Brugni","Piano, Bass, 3 Bandoneons, 3 Violins",,,,
Francisco Canaro,Orquesta Francisco Canaro,1927-10-19,Pájaros de Fuego,,Tango,Instrumental,Odeón,,1574,4377 B,Luis Riccardi,,,26-29 Electric boom,Luis Riccardi,Vicente Sciarretta,"Minotto, Ernesto Di Cicco, Ernesto Bianchi","Ernesto Pozio, Francisco Canaro, Mario Brugni","Piano, Bass, 3 Bandoneons, 3 Violins",,,,
Francisco Canaro,Orquesta Francisco Canaro,1927-10-19,Un Atorrante,,Tango,Instrumental,Odeón,,1570,4366 A,A. Godoy,,,26-29 Electric boom,Luis Riccardi,Vicente Sciarretta,"Minotto, Ernesto Di Cicco, Ernesto Bianchi","Ernesto Pozio, Francisco Canaro, Mario Brugni","Piano, Bass, 3 Bandoneons, 3 Violins",,,,
Francisco Canaro,Orquesta Francisco Canaro,1927-10-26,Carta Brava,,Tango,Instrumental,Odeón,,1624,4392 A,Rodolfo Galtes,,,26-29 Electric boom,Luis Riccardi,Vicente Sciarretta,"Minotto, Ernesto Di Cicco, Ernesto Bianchi","Ernesto Pozio, Francisco Canaro, Mario Brugni","Piano, Bass, 3 Bandoneons, 3 Violins",,,,
Francisco Canaro,Orquesta Francisco Canaro,1927-10-26,El Taita Ladrón,,Tango,Luis Scalón,Odeón,,1625,4376 B,Francisco Canaro,Juan Caruso,,26-29 Electric boom,Luis Riccardi,Vicente Sciarretta,"Minotto, Ernesto Di Cicco, Ernesto Bianchi","Ernesto Pozio, Francisco Canaro, Mario Brugni","Piano, Bass, 3 Bandoneons, 3 Violins",,,,
Francisco Canaro,Orquesta Francisco Canaro,1927-10-26,Madrecita Yo Me Muero,,Tango,Instrumental,Odeón,,1623,4377 A,Luis Teisseire,Gerónimo Gradito,,26-29 Electric boom,Luis Riccardi,Vicente Sciarretta,"Minotto, Ernesto Di Cicco, Ernesto Bianchi","Ernesto Pozio, Francisco Canaro, Mario Brugni","Piano, Bass, 3 Bandoneons, 3 Violins",,,,
Francisco Canaro,Orquesta Francisco Canaro,1927-10-26,Mientras Rezonga un Fuelle,,Tango,Luis Scalón,Odeón,,1626,4379 A,Guido Pacheco,Edelmiro Garrido,,26-29 Electric boom,Luis Riccardi,Vicente Sciarretta,"Minotto, Ernesto Di Cicco, Ernesto Bianchi","Ernesto Pozio, Francisco Canaro, Mario Brugni","Piano, Bass, 3 Bandoneons, 3 Violins",,,,
Francisco Canaro,Orquesta Francisco Canaro,1927-10-26,Misterioso,,Tango,Instrumental,Odeón,,1629,4371 A,Roque Biafore,,,26-29 Electric boom,Luis Riccardi,Vicente Sciarretta,"Minotto, Ernesto Di Cicco, Ernesto Bianchi","Ernesto Pozio, Francisco Canaro, Mario Brugni","Piano, Bass, 3 Bandoneons, 3 Violins",,,,
Francisco Canaro,Orquesta Francisco Canaro,1927-10-26,Perdonala Corazón,,Tango,Instrumental,Odeón,,1627,4369 A,Julián Altamira,,,26-29 Electric boom,Luis Riccardi,Vicente Sciarretta,"Minotto, Ernesto Di Cicco, Ernesto Bianchi","Ernesto Pozio, Francisco Canaro, Mario Brugni","Piano, Bass, 3 Bandoneons, 3 Violins",,,,
Francisco Canaro,Orquesta Francisco Canaro,1927-10-26,Por Mi Honor,,Tango,Instrumental,Odeón,,1628,4394 B,Luis Petruccelli,,,26-29 Electric boom,Luis Riccardi,Vicente Sciarretta,"Minotto, Ernesto Di Cicco, Ernesto Bianchi","Ernesto Pozio, Francisco Canaro, Mario Brugni","Piano, Bass, 3 Bandoneons, 3 Violins",,,,
Francisco Canaro,Orquesta Francisco Canaro,1927-11-01,Gabriela,,Vals,Instrumental,Odeón,,1656,4395 B,Francisco Riccardi,,,26-29 Electric boom,Luis Riccardi,Vicente Sciarretta,"Minotto, Ernesto Di Cicco, Ernesto Bianchi","Ernesto Pozio, Francisco Canaro, Mario Brugni","Piano, Bass, 3 Bandoneons, 3 Violins",,,,
Francisco Canaro,Orquesta Francisco Canaro,1927-11-01,Un Poquito,,Tango,Instrumental,Odeón,,1658,4393 A,Miguel Vivoli,,,26-29 Electric boom,Luis Riccardi,Vicente Sciarretta,"Minotto, Ernesto Di Cicco, Ernesto Bianchi","Ernesto Pozio, Francisco Canaro, Mario Brugni","Piano, Bass, 3 Bandoneons, 3 Violins",,,,
Francisco Canaro,Orquesta Francisco Canaro,1927-11-01,Ya Llegará Tu Día,,Tango,Instrumental,Odeón,,1657,4426 B,Carlos Sapelli,,,26-29 Electric boom,Luis Riccardi,Vicente Sciarretta,"Minotto, Ernesto Di Cicco, Ernesto Bianchi","Ernesto Pozio, Francisco Canaro, Mario Brugni","Piano, Bass, 3 Bandoneons, 3 Violins",,,,
Francisco Canaro,Orquesta Francisco Canaro,1927-11-03,Che Papusa Oí,,Tango,Instrumental,Odeón,,1661,4386 B,Gerardo Rodríguez,Enrique Cadícamo,,26-29 Electric boom,Luis Riccardi,Vicente Sciarretta,"Minotto, Ernesto Di Cicco, Ernesto Bianchi","Ernesto Pozio, Francisco Canaro, Mario Brugni","Piano, Bass, 3 Bandoneons, 3 Violins",,,,
Francisco Canaro,Orquesta Francisco Canaro,1927-11-03,Como Te Queria,,Tango,Instrumental,Odeón,,1660,4380 B,Juan Baüer,,,26-29 Electric boom,Luis Riccardi,Vicente Sciarretta,"Minotto, Ernesto Di Cicco, Ernesto Bianchi","Ernesto Pozio, Francisco Canaro, Mario Brugni","Piano, Bass, 3 Bandoneons, 3 Violins",,,,
Francisco Canaro,Orquesta Francisco Canaro,1927-11-03,Lagrimitas,,Tango,Instrumental,Odeón,,1659,4392 B,Emilio Raynelli,Emilio Marchiano,,26-29 Electric boom,Luis Riccardi,Vicente Sciarretta,"Minotto, Ernesto Di Cicco, Ernesto Bianchi","Ernesto Pozio, Francisco Canaro, Mario Brugni","Piano, Bass, 3 Bandoneons, 3 Violins",,,,
Francisco Canaro,Orquesta Francisco Canaro,1927-11-08,Fumando Espero,,Tango,Anita Palmero,Odeón,,1703,,Juan Masanas,Félix Garzo,,26-29 Electric boom,Luis Riccardi,Vicente Sciarretta,"Minotto, Ernesto Di Cicco, Ernesto Bianchi","Ernesto Pozio, Francisco Canaro, Mario Brugni","Piano, Bass, 3 Bandoneons, 3 Violins",,,,
Francisco Canaro,Orquesta Francisco Canaro,1927-11-08,Para Que Vivir,,Tango,Anita Palmero,Odeón,,1705,,Enrique Delfino,,,26-29 Electric boom,Luis Riccardi,Vicente Sciarretta,"Minotto, Ernesto Di Cicco, Ernesto Bianchi","Ernesto Pozio, Francisco Canaro, Mario Brugni","Piano, Bass, 3 Bandoneons, 3 Violins",,,,
Francisco Canaro,Orquesta Francisco Canaro,1927-11-08,Viejo Ciego,,Tango,Anita Palmero,Odeón,,1704,,Cátulo Piana,Homero Manzi,,26-29 Electric boom,Luis Riccardi,Vicente Sciarretta,"Minotto, Ernesto Di Cicco, Ernesto Bianchi","Ernesto Pozio, Francisco Canaro, Mario Brugni","Piano, Bass, 3 Bandoneons, 3 Violins",,,,
Francisco Canaro,Orquesta Francisco Canaro,1927-11-09,Caballo de Oro,,Tango,Instrumental,Odeón,,1715,4386 A,Gerardo Rodríguez,,,26-29 Electric boom,Luis Riccardi,Vicente Sciarretta,"Minotto, Ernesto Di Cicco, Ernesto Bianchi","Ernesto Pozio, Francisco Canaro, Mario Brugni","Piano, Bass, 3 Bandoneons, 3 Violins",,,,
Francisco Canaro,Orquesta Francisco Canaro,1927-11-09,Escucha Mi Dolor,,Tango,Instrumental,Odeón,,1717,4403 B,Luis Riccardi,,,26-29 Electric boom,Luis Riccardi,Vicente Sciarretta,"Minotto, Ernesto Di Cicco, Ernesto Bianchi","Ernesto Pozio, Francisco Canaro, Mario Brugni","Piano, Bass, 3 Bandoneons, 3 Violins",,,,
Francisco Canaro,Orquesta Francisco Canaro,1927-11-09,La Oveja Descarriada,,Tango,Instrumental,Odeón,,1716,4385 A,Antonio Scatasso,,,26-29 Electric boom,Luis Riccardi,Vicente Sciarretta,"Minotto, Ernesto Di Cicco, Ernesto Bianchi","Ernesto Pozio, Francisco Canaro, Mario Brugni","Piano, Bass, 3 Bandoneons, 3 Violins",,,,
Francisco Canaro,Orquesta Francisco Canaro,1927-11-09,Mi Coronel,,Tango,Instrumental,Odeón,,1714,4391 B,Samuel Castriota,,,26-29 Electric boom,Luis Riccardi,Vicente Sciarretta,"Minotto, Ernesto Di Cicco, Ernesto Bianchi","Ernesto Pozio, Francisco Canaro, Mario Brugni","Piano, Bass, 3 Bandoneons, 3 Violins",,,,
Francisco Canaro,Orquesta Francisco Canaro,1927-11-10,Alhaja Falsa,,Tango,Instrumental,Odeón,,1720,,Salvador Merico,,,26-29 Electric boom,Luis Riccardi,Vicente Sciarretta,"Minotto, Ernesto Di Cicco, Ernesto Bianchi","Ernesto Pozio, Francisco Canaro, Mario Brugni","Piano, Bass, 3 Bandoneons, 3 Violins",,,,
Francisco Canaro,Orquesta Francisco Canaro,1927-11-10,El Hijo de Julián,,Tango,Instrumental,Odeón,,1721,4387 A,Edgardo Donato,,,26-29 Electric boom,Luis Riccardi,Vicente Sciarretta,"Minotto, Ernesto Di Cicco, Ernesto Bianchi","Ernesto Pozio, Francisco Canaro, Mario Brugni","Piano, Bass, 3 Bandoneons, 3 Violins",,,,
Francisco Canaro,Orquesta Francisco Canaro,1927-11-10,Gallo Ciego,,Tango,Instrumental,Odeón,,1718,4401 A,Agustín Bardi,,,26-29 Electric boom,Luis Riccardi,Vicente Sciarretta,"Minotto, Ernesto Di Cicco, Ernesto Bianchi","Ernesto Pozio, Francisco Canaro, Mario Brugni","Piano, Bass, 3 Bandoneons, 3 Violins",,,,
Francisco Canaro,Orquesta Francisco Canaro,1927-11-10,No Me Escribas,,Tango,Instrumental,Odeón,,1719,4388 A,Agustín Bardi,Juan Caruso,,26-29 Electric boom,Luis Riccardi,Vicente Sciarretta,"Minotto, Ernesto Di Cicco, Ernesto Bianchi","Ernesto Pozio, Francisco Canaro, Mario Brugni","Piano, Bass, 3 Bandoneons, 3 Violins",,,,
Francisco Canaro,Orquesta Francisco Canaro,1927-11-16,De Puro Guapo,,Tango,Instrumental,Odeón,,1766,4376 A,Rafael Iriarte,Juan Díaz,,26-29 Electric boom,Luis Riccardi,Vicente Sciarretta,"Minotto, Ernesto Di Cicco, Ernesto Bianchi","Ernesto Pozio, Francisco Canaro, Mario Brugni","Piano, Bass, 3 Bandoneons, 3 Violins",,,,
Francisco Canaro,Orquesta Francisco Canaro,1927-11-16,Justicia Criolla,,Tango,Instrumental,Odeón,,1765,4375 A,Rafael Iriarte,Francisco Brancatti,,26-29 Electric boom,Luis Riccardi,Vicente Sciarretta,"Minotto, Ernesto Di Cicco, Ernesto Bianchi","Ernesto Pozio, Francisco Canaro, Mario Brugni","Piano, Bass, 3 Bandoneons, 3 Violins",,,,
Francisco Canaro,Orquesta Francisco Canaro,1927-11-16,Sin Rumbo,,Tango,Instrumental,Odeón,,1764,4401 B,Horacio Susena,,,26-29 Electric boom,Luis Riccardi,Vicente Sciarretta,"Minotto, Ernesto Di Cicco, Ernesto Bianchi","Ernesto Pozio, Francisco Canaro, Mario Brugni","Piano, Bass, 3 Bandoneons, 3 Violins",,,,
Francisco Canaro,Orquesta Francisco Canaro,1927-11-23,A Solas,,Tango,Instrumental,Odeón,,1800,4388 B,Francisco Miranda,,,26-29 Electric boom,Luis Riccardi,Vicente Sciarretta,"Minotto, Ernesto Di Cicco, Ernesto Bianchi","Ernesto Pozio, Francisco Canaro, Mario Brugni","Piano, Bass, 3 Bandoneons, 3 Violins",,,,
Francisco Canaro,Orquesta Francisco Canaro,1927-11-23,Canchero Viejo,No Se Acalambre,Tango,Instrumental,Odeón,,1801,4389 A,Raúl Courau,,,26-29 Electric boom,Luis Riccardi,Vicente Sciarretta,"Minotto, Ernesto Di Cicco, Ernesto Bianchi","Ernesto Pozio, Francisco Canaro, Mario Brugni","Piano, Bass, 3 Bandoneons, 3 Violins",,,,
Francisco Canaro,Orquesta Francisco Canaro,1927-11-23,Don José,,Tango,Instrumental,Odeón,,1799,4387 B,Edgardo Zerrillo,Francisco Bastardi,,26-29 Electric boom,Luis Riccardi,Vicente Sciarretta,"Minotto, Ernesto Di Cicco, Ernesto Bianchi","Ernesto Pozio, Francisco Canaro, Mario Brugni","Piano, Bass, 3 Bandoneons, 3 Violins",,,,
Francisco Canaro,Orquesta Francisco Canaro,1927-11-23,El Taita Ladrón,,Tango,Luis Scalón,Odeón,,1625,,Francisco Canaro,,,26-29 Electric boom,Luis Riccardi,Vicente Sciarretta,"Minotto, Ernesto Di Cicco, Ernesto Bianchi","Ernesto Pozio, Francisco Canaro, Mario Brugni","Piano, Bass, 3 Bandoneons, 3 Violins",,,,
Francisco Canaro,Orquesta Francisco Canaro,1927-11-23,Il Piccolo Navío,Piccolo Navío,Tango,,Odeón,,1802,4396 A,Luis Riccardi,Juan Caruso,,26-29 Electric boom,Luis Riccardi,Vicente Sciarretta,"Minotto, Ernesto Di Cicco, Ernesto Bianchi","Ernesto Pozio, Francisco Canaro, Mario Brugni","Piano, Bass, 3 Bandoneons, 3 Violins",,,,
Francisco Canaro,Orquesta Francisco Canaro,1927-11-23,La Cabeza del Italiano,,Tango,Instrumental,Odeón,,1805,4396 B,Antonio Scatasso,Francisco Bastardi,,26-29 Electric boom,Luis Riccardi,Vicente Sciarretta,"Minotto, Ernesto Di Cicco, Ernesto Bianchi","Ernesto Pozio, Francisco Canaro, Mario Brugni","Piano, Bass, 3 Bandoneons, 3 Violins",,,,
Francisco Canaro,Orquesta Francisco Canaro,1927-11-23,La Mina del Ford,,Tango,Instrumental,Odeón,,1804,4375 B,Antonio Del Negro,Pascual Contursi,,26-29 Electric boom,Luis Riccardi,Vicente Sciarretta,"Minotto, Ernesto Di Cicco, Ernesto Bianchi","Ernesto Pozio, Francisco Canaro, Mario Brugni","Piano, Bass, 3 Bandoneons, 3 Violins",,,,
Francisco Canaro,Orquesta Francisco Canaro,1927-11-23,Tendrás Que Llorar Conmigo,,Tango,Instrumental,Odeón,,1803,4389 B,Juan Culiersi,,,26-29 Electric boom,Luis Riccardi,Vicente Sciarretta,"Minotto, Ernesto Di Cicco, Ernesto Bianchi","Ernesto Pozio, Francisco Canaro, Mario Brugni","Piano, Bass, 3 Bandoneons, 3 Violins",,,,
Francisco Canaro,Orquesta Francisco Canaro,1927-12-09,Caricias,,Tango,Instrumental,Odeón,,1930,4397 B,María Godard,Juan Caruso,,26-29 Electric boom,Luis Riccardi,Vicente Sciarretta,"Minotto, Ernesto Di Cicco, Ernesto Bianchi","Ernesto Pozio, Francisco Canaro, Mario Brugni","Piano, Bass, 3 Bandoneons, 3 Violins",,,,
Francisco Canaro,Cuarteto,1927-12-09,De Otros Tiempos,,Tango,Instrumental,Odeón,,1927,4390 B,Fernando Ponce,,,26-29 Electric boom,Luis Riccardi,Vicente Sciarretta,"Minotto, Ernesto Di Cicco, Ernesto Bianchi","Ernesto Pozio, Francisco Canaro, Mario Brugni","Piano, Bass, 3 Bandoneons, 3 Violins",,,,
Francisco Canaro,Orquesta Francisco Canaro,1927-12-09,Fumando Espero,,Tango,Anita Palmero,Odeón,,1703,,Juan Masanas,Félix Garzo,,26-29 Electric boom,Luis Riccardi,Vicente Sciarretta,"Minotto, Ernesto Di Cicco, Ernesto Bianchi","Ernesto Pozio, Francisco Canaro, Mario Brugni","Piano, Bass, 3 Bandoneons, 3 Violins",,,,
Francisco Canaro,Orquesta Francisco Canaro,1927-12-09,Griseta,Grisetta | Grisette,Tango,Instrumental,Odeón,,1933,4408 B,Enrique Delfino,José Castillo,,26-29 Electric boom,Luis Riccardi,Vicente Sciarretta,"Minotto, Ernesto Di Cicco, Ernesto Bianchi","Ernesto Pozio, Francisco Canaro, Mario Brugni","Piano, Bass, 3 Bandoneons, 3 Violins",,,,
Francisco Canaro,Orquesta Francisco Canaro,1927-12-09,Hipólito Irigoyen,Hipólito Yrigoyen,Tango,Instrumental,Odeón,,1928,4390 A,Enrique Maroni,Enrique Maroni,,26-29 Electric boom,Luis Riccardi,Vicente Sciarretta,"Minotto, Ernesto Di Cicco, Ernesto Bianchi","Ernesto Pozio, Francisco Canaro, Mario Brugni","Piano, Bass, 3 Bandoneons, 3 Violins",,,,
Francisco Canaro,Orquesta Francisco Canaro,1927-12-09,Mariposa,,Tango,Instrumental,Odeón,,1931,4397 A,Pedro Maffía,,,26-29 Electric boom,Luis Riccardi,Vicente Sciarretta,"Minotto, Ernesto Di Cicco, Ernesto Bianchi","Ernesto Pozio, Francisco Canaro, Mario Brugni","Piano, Bass, 3 Bandoneons, 3 Violins",,,,
Francisco Canaro,Orquesta Francisco Canaro,1927-12-09,No Le Digas Que la Quiero,,Tango,Instrumental,Odeón,,1932,4408 A,Enrique Delfino,Alberto Vacarezza,,26-29 Electric boom,Luis Riccardi,Vicente Sciarretta,"Minotto, Ernesto Di Cicco, Ernesto Bianchi","Ernesto Pozio, Francisco Canaro, Mario Brugni","Piano, Bass, 3 Bandoneons, 3 Violins",,,,
Francisco Canaro,Orquesta Francisco Canaro,1927-12-09,Perfumes,,Tango,Instrumental,Odeón,,1925,4391 A,D. Bramano,,,26-29 Electric boom,Luis Riccardi,Vicente Sciarretta,"Minotto, Ernesto Di Cicco, Ernesto Bianchi","Ernesto Pozio, Francisco Canaro, Mario Brugni","Piano, Bass, 3 Bandoneons, 3 Violins",,,,
Francisco Canaro,Orquesta Francisco Canaro,1927-12-09,Qué Lindo Es Estar Metido,Qué Lindo Es Enamorarse,Tango,Instrumental,Odeón,,1926,4395 A,Enrique Delfino,Pascual Contursi,,26-29 Electric boom,Luis Riccardi,Vicente Sciarretta,"Minotto, Ernesto Di Cicco, Ernesto Bianchi","Ernesto Pozio, Francisco Canaro, Mario Brugni","Piano, Bass, 3 Bandoneons, 3 Violins",,,,
Francisco Canaro,Cuarteto,1927-12-09,Tu Partida,,Tango,Instrumental,Odeón,,1929,4424 A,Federico Angles,,,26-29 Electric boom,Luis Riccardi,Vicente Sciarretta,"Minotto, Ernesto Di Cicco, Ernesto Bianchi","Ernesto Pozio, Francisco Canaro, Mario Brugni","Piano, Bass, 3 Bandoneons, 3 Violins",,,,
Francisco Canaro,Orquesta Francisco Canaro,1927-12-09,Viejo Ciego,,Tango,Anita Palmero,Odeón,,1704,,Cátulo Piana,Homero Manzi,,26-29 Electric boom,Luis Riccardi,Vicente Sciarretta,"Minotto, Ernesto Di Cicco, Ernesto Bianchi","Ernesto Pozio, Francisco Canaro, Mario Brugni","Piano, Bass, 3 Bandoneons, 3 Violins",,,,
Francisco Canaro,Orquesta Francisco Canaro,1928-01-03,Adiós Muchachos,,Tango,Instrumental,Odeón,,1967,4400 B,Julio Sanders,"César Vedani, Carol Raven",,26-29 Electric boom,Luis Riccardi,Vicente Sciarretta,"Ernesto Di Cicco, Ernesto Bianchi","Ernesto Pozio, Francisco Canaro, Mario Brugni","Piano, Bass, 2 Bandoneons, 3 Violins",,,,
Francisco Canaro,Orquesta Francisco Canaro,1928-01-03,Aprovechate Gaviota,,Tango,Instrumental,Odeón,,1966,4400 A,Antolín Castro,Abelardo Rondan,,26-29 Electric boom,Luis Riccardi,Vicente Sciarretta,"Ernesto Di Cicco, Ernesto Bianchi","Ernesto Pozio, Francisco Canaro, Mario Brugni","Piano, Bass, 2 Bandoneons, 3 Violins",,,,
Francisco Canaro,Orquesta Francisco Canaro,1928-01-03,Rey de Copas,,Tango,Instrumental,Odeón,,1965,4399 B,Héctor Artola,,,26-29 Electric boom,Luis Riccardi,Vicente Sciarretta,"Ernesto Di Cicco, Ernesto Bianchi","Ernesto Pozio, Francisco Canaro, Mario Brugni","Piano, Bass, 2 Bandoneons, 3 Violins",,,,
Francisco Canaro,Orquesta Francisco Canaro,1928-01-03,Timbero,,Tango,Instrumental,Odeón,,1964,4398 B,Joaquín Barreiro,,,26-29 Electric boom,Luis Riccardi,Vicente Sciarretta,"Ernesto Di Cicco, Ernesto Bianchi","Ernesto Pozio, Francisco Canaro, Mario Brugni","Piano, Bass, 2 Bandoneons, 3 Violins",,,,
Francisco Canaro,Orquesta Francisco Canaro,1928-02-08,Bulincito de Estudiante,,Tango,Instrumental,Odeón,,2016,4402 A,Juan D'Angelo,,,26-29 Electric boom,Luis Riccardi,Vicente Sciarretta,"Ernesto Di Cicco, Ernesto Bianchi","Ernesto Pozio, Francisco Canaro, Mario Brugni","Piano, Bass, 2 Bandoneons, 3 Violins",,,,
Francisco Canaro,Orquesta Francisco Canaro,1928-02-08,Carro Viejo,,Tango,Luis Scalón,Odeón,,2019,4404 A,Fernando Montoni,Máximo Orsi,,26-29 Electric boom,Luis Riccardi,Vicente Sciarretta,"Ernesto Di Cicco, Ernesto Bianchi","Ernesto Pozio, Francisco Canaro, Mario Brugni","Piano, Bass, 2 Bandoneons, 3 Violins",,,,
Francisco Canaro,Orquesta Francisco Canaro,1928-02-08,Invocación Al Tango,,Tango,Luis Scalón,Odeón,,2018,4403 A,Cátulo Castillo,José Castillo,,26-29 Electric boom,Luis Riccardi,Vicente Sciarretta,"Ernesto Di Cicco, Ernesto Bianchi","Ernesto Pozio, Francisco Canaro, Mario Brugni","Piano, Bass, 2 Bandoneons, 3 Violins",,,,
Francisco Canaro,Orquesta Francisco Canaro,1928-02-08,Lamento Criollo,,Tango,Instrumental,Odeón,,2017,4402 B,Fioravanti Di Cicco,,,26-29 Electric boom,Luis Riccardi,Vicente Sciarretta,"Ernesto Di Cicco, Ernesto Bianchi","Ernesto Pozio, Francisco Canaro, Mario Brugni","Piano, Bass, 2 Bandoneons, 3 Violins",,,,
Francisco Canaro,Orquesta Francisco Canaro,1928-02-08,Sauce Llorón,,Tango,Instrumental,Odeón,,2020,4412 A,Alfredo Barone,,,26-29 Electric boom,Luis Riccardi,Vicente Sciarretta,"Ernesto Di Cicco, Ernesto Bianchi","Ernesto Pozio, Francisco Canaro, Mario Brugni","Piano, Bass, 2 Bandoneons, 3 Violins",,,,
Francisco Canaro,Orquesta Francisco Canaro,1928-02-13,Compadrón,,Tango,Luis Scalón,Odeón,,1369,4363 A,Luis Visca,Enrique Cadícamo,,26-29 Electric boom,Luis Riccardi,Vicente Sciarretta,"Ernesto Di Cicco, Ernesto Bianchi","Ernesto Pozio, Francisco Canaro, Mario Brugni","Piano, Bass, 2 Bandoneons, 3 Violins",,,,
Francisco Canaro,Orquesta Francisco Canaro,1928-02-13,El Tigre,,Tango,Luis Scalón,Odeón,,2039,4405 A,Pacífico Lambertucci,Domingo Ligato,,26-29 Electric boom,Luis Riccardi,Vicente Sciarretta,"Ernesto Di Cicco, Ernesto Bianchi","Ernesto Pozio, Francisco Canaro, Mario Brugni","Piano, Bass, 2 Bandoneons, 3 Violins",,,,
Francisco Canaro,Orquesta Francisco Canaro,1928-02-13,La Casa de Al Lado,,Tango,Luis Scalón,Odeón,,2040,,Alejandro Scarpino,,,26-29 Electric boom,Luis Riccardi,Vicente Sciarretta,"Ernesto Di Cicco, Ernesto Bianchi","Ernesto Pozio, Francisco Canaro, Mario Brugni","Piano, Bass, 2 Bandoneons, 3 Violins",,,,
Francisco Canaro,Orquesta Francisco Canaro,1928-02-13,Mañanitas de Montmartre,,Tango,Instrumental,Odeón,,2038,4407 B,Lucio Demare,"Agustín Irusta, Roberto Fugazot",,26-29 Electric boom,Luis Riccardi,Vicente Sciarretta,"Ernesto Di Cicco, Ernesto Bianchi","Ernesto Pozio, Francisco Canaro, Mario Brugni","Piano, Bass, 2 Bandoneons, 3 Violins",,,,
Francisco Canaro,Orquesta Francisco Canaro,1928-02-13,Rey de Copas,,Tango,Instrumental,Odeón,,1965,,Héctor Artola,,,26-29 Electric boom,Luis Riccardi,Vicente Sciarretta,"Ernesto Di Cicco, Ernesto Bianchi","Ernesto Pozio, Francisco Canaro, Mario Brugni","Piano, Bass, 2 Bandoneons, 3 Violins",,,,
Francisco Canaro,Orquesta Francisco Canaro,1928-02-22,Che Italiano,,Tango,Francisco Fiorentino,Odeón,,2058,4411 A,Juan Petillo,Juan Petillo,,26-29 Electric boom,Luis Riccardi,Vicente Sciarretta,"Ernesto Di Cicco, Ernesto Bianchi","Ernesto Pozio, Francisco Canaro, Mario Brugni","Piano, Bass, 2 Bandoneons, 3 Violins",,,,
Francisco Canaro,Orquesta Francisco Canaro,1928-02-22,Huellas,,Tango,Instrumental,Odeón,,2056,4413 B,José Alberani,,,26-29 Electric boom,Luis Riccardi,Vicente Sciarretta,"Ernesto Di Cicco, Ernesto Bianchi","Ernesto Pozio, Francisco Canaro, Mario Brugni","Piano, Bass, 2 Bandoneons, 3 Violins",,,,
Francisco Canaro,Orquesta Francisco Canaro,1928-02-22,La Recova,,Tango,Instrumental,Odeón,,2055,4412 B,Francisco Graciano,,,26-29 Electric boom,Luis Riccardi,Vicente Sciarretta,"Ernesto Di Cicco, Ernesto Bianchi","Ernesto Pozio, Francisco Canaro, Mario Brugni","Piano, Bass, 2 Bandoneons, 3 Violins",,,,
Francisco Canaro,Orquesta Francisco Canaro,1928-02-22,Leña Seca,,Tango,Instrumental,Odeón,,2054,4411 B,Julio Prieto,,,26-29 Electric boom,Luis Riccardi,Vicente Sciarretta,"Ernesto Di Cicco, Ernesto Bianchi","Ernesto Pozio, Francisco Canaro, Mario Brugni","Piano, Bass, 2 Bandoneons, 3 Violins",,,,
Francisco Canaro,Orquesta Francisco Canaro,1928-02-22,Mueble Viejo,,Tango,Francisco Fiorentino,Odeón,,2057,4413 A,Raúl De Los Hoyos,Agapito Crespo,,26-29 Electric boom,Luis Riccardi,Vicente Sciarretta,"Ernesto Di Cicco, Ernesto Bianchi","Ernesto Pozio, Francisco Canaro, Mario Brugni","Piano, Bass, 2 Bandoneons, 3 Violins",,,,
Francisco Canaro,Orquesta Francisco Canaro,1928-02-29,He Visto en Tus Ojos,,Tango,Charlo,Odeón,,2094,,Francisco Canaro,,,26-29 Electric boom,Luis Riccardi,Vicente Sciarretta,"Ernesto Di Cicco, Ernesto Bianchi","Ernesto Pozio, Francisco Canaro, Mario Brugni","Piano, Bass, 2 Bandoneons, 3 Violins",,,,
Francisco Canaro,Orquesta Francisco Canaro,1928-02-29,Malandrín,,Tango,Charlo,Odeón,,2092,,Francisco Riccardi,,,26-29 Electric boom,Luis Riccardi,Vicente Sciarretta,"Ernesto Di Cicco, Ernesto Bianchi","Ernesto Pozio, Francisco Canaro, Mario Brugni","Piano, Bass, 2 Bandoneons, 3 Violins",,,,
Francisco Canaro,Orquesta Francisco Canaro,1928-02-29,Señor Comisario,,Tango,Charlo,Odeón,,2093,,Francisco Canaro,Juan Caruso,,26-29 Electric boom,Luis Riccardi,Vicente Sciarretta,"Ernesto Di Cicco, Ernesto Bianchi","Ernesto Pozio, Francisco Canaro, Mario Brugni","Piano, Bass, 2 Bandoneons, 3 Violins",,,,
Francisco Canaro,Orquesta Francisco Canaro,1928-03-07,Cocot de Lujo,,Tango,Instrumental,Odeón,,2160,4410 B,Antonio Scatasso,Manuel Romero,,26-29 Electric boom,Luis Riccardi,Vicente Sciarretta,"Ernesto Di Cicco, Ernesto Bianchi","Ernesto Pozio, Francisco Canaro, Mario Brugni","Piano, Bass, 2 Bandoneons, 3 Violins",,,,
Francisco Canaro,Orquesta Francisco Canaro,1928-03-07,Dejá Que la Gente Diga,,Tango,Charlo,Odeón,,2157,4409 A,Raúl De Los Hoyos,Luis Herrera,,26-29 Electric boom,Luis Riccardi,Vicente Sciarretta,"Ernesto Di Cicco, Ernesto Bianchi","Ernesto Pozio, Francisco Canaro, Mario Brugni","Piano, Bass, 2 Bandoneons, 3 Violins",,,,
Francisco Canaro,Orquesta Francisco Canaro,1928-03-07,El Flete,,Tango,Instrumental,Odeón,,2155,4439 A,Vicente Greco,Gerónimo Gradito,,26-29 Electric boom,Luis Riccardi,Vicente Sciarretta,"Ernesto Di Cicco, Ernesto Bianchi","Ernesto Pozio, Francisco Canaro, Mario Brugni","Piano, Bass, 2 Bandoneons, 3 Violins",,,,
Francisco Canaro,Orquesta Francisco Canaro,1928-03-07,Pobre Gringo,,Tango,Instrumental,Odeón,,2156,4410 A,Antonio Scatasso,"Alberto Vacarezza, Y Caruso",,26-29 Electric boom,Luis Riccardi,Vicente Sciarretta,"Ernesto Di Cicco, Ernesto Bianchi","Ernesto Pozio, Francisco Canaro, Mario Brugni","Piano, Bass, 2 Bandoneons, 3 Violins",,,,
Francisco Canaro,Orquesta Francisco Canaro,1928-03-07,Quemá Estas Cartas,Quemá Esas Cartas,Tango,Charlo,Odeón,,2158,4409 B,Raúl De Los Hoyos,Manuel Romero,,26-29 Electric boom,Luis Riccardi,Vicente Sciarretta,"Ernesto Di Cicco, Ernesto Bianchi","Ernesto Pozio, Francisco Canaro, Mario Brugni","Piano, Bass, 2 Bandoneons, 3 Violins",,,,
Francisco Canaro,Orquesta Francisco Canaro,1928-03-07,Tango Lindo,,Tango,Charlo,Odeón,,2159,4448 B,Vicente Belvedere,Alfredo Navarrine,,26-29 Electric boom,Luis Riccardi,Vicente Sciarretta,"Ernesto Di Cicco, Ernesto Bianchi","Ernesto Pozio, Francisco Canaro, Mario Brugni","Piano, Bass, 2 Bandoneons, 3 Violins",,,,
Francisco Canaro,Orquesta Francisco Canaro,1928-03-09,He Visto en Tus Ojos,,Tango,Charlo,Odeón,,2174,4406 B,Francisco Canaro,Eduardo Calvo,,26-29 Electric boom,Luis Riccardi,Vicente Sciarretta,"Ernesto Di Cicco, Ernesto Bianchi","Ernesto Pozio, Francisco Canaro, Mario Brugni","Piano, Bass, 2 Bandoneons, 3 Violins",,,,
Francisco Canaro,Orquesta Francisco Canaro,1928-03-09,Señor Comisario,,Tango,Charlo,Odeón,,2173,4406 A,Francisco Canaro,Juan Caruso,,26-29 Electric boom,Luis Riccardi,Vicente Sciarretta,"Ernesto Di Cicco, Ernesto Bianchi","Ernesto Pozio, Francisco Canaro, Mario Brugni","Piano, Bass, 2 Bandoneons, 3 Violins",,,,
Francisco Canaro,Orquesta Francisco Canaro,1928-03-13,Andate con la Otra,,Tango,Charlo,Odeón,,2192,4418 A,Carlos Flores,Enrique Dizeo,,26-29 Electric boom,Luis Riccardi,Vicente Sciarretta,"Ernesto Di Cicco, Ernesto Bianchi","Ernesto Pozio, Francisco Canaro, Mario Brugni","Piano, Bass, 2 Bandoneons, 3 Violins",,,,
Francisco Canaro,Orquesta Francisco Canaro,1928-03-13,Maldonado,,Tango,Charlo,Odeón,,2191,4419 A,Luis Visca,Luis Rubistein,,26-29 Electric boom,Luis Riccardi,Vicente Sciarretta,"Ernesto Di Cicco, Ernesto Bianchi","Ernesto Pozio, Francisco Canaro, Mario Brugni","Piano, Bass, 2 Bandoneons, 3 Violins",,,,
Francisco Canaro,Orquesta Francisco Canaro,1928-03-14,Escuchame Negra,,Tango,Charlo,Odeón,,2194,4441 A,Juan Sarcione,Juan Sarcione,,26-29 Electric boom,Luis Riccardi,Vicente Sciarretta,"Ernesto Di Cicco, Ernesto Bianchi","Ernesto Pozio, Francisco Canaro, Mario Brugni","Piano, Bass, 2 Bandoneons, 3 Violins",,,,
Francisco Canaro,Orquesta Francisco Canaro,1928-03-14,Otra Vez el Viejo,,Tango,Charlo,Odeón,,2193,4415 A,Alfredo Gobbi,Alfredo Gobbi,,26-29 Electric boom,Luis Riccardi,Vicente Sciarretta,"Ernesto Di Cicco, Ernesto Bianchi","Ernesto Pozio, Francisco Canaro, Mario Brugni","Piano, Bass, 2 Bandoneons, 3 Violins",,,,
Francisco Canaro,Orquesta Francisco Canaro,1928-03-14,Por una Mujer,,Tango,Charlo,Odeón,,2195,4438 A,Juan Rodríguez,Lorenzo Traverso,,26-29 Electric boom,Luis Riccardi,Vicente Sciarretta,"Ernesto Di Cicco, Ernesto Bianchi","Ernesto Pozio, Francisco Canaro, Mario Brugni","Piano, Bass, 2 Bandoneons, 3 Violins",,,,
Francisco Canaro,Orquesta Francisco Canaro,1928-03-21,Che Bouhier,,Tango,Instrumental,Odeón,,2228,4414 B,Luis Scatasso,,,26-29 Electric boom,Luis Riccardi,Vicente Sciarretta,"Ernesto Di Cicco, Ernesto Bianchi","Ernesto Pozio, Francisco Canaro, Mario Brugni","Piano, Bass, 2 Bandoneons, 3 Violins",,,,
Francisco Canaro,Orquesta Francisco Canaro,1928-03-21,Chingolito,Ya No Cantas Chingolo,Tango,Charlo,Odeón,,2229,4414 A,Luis Scatasso,Edmundo Bianchi,,26-29 Electric boom,Luis Riccardi,Vicente Sciarretta,"Ernesto Di Cicco, Ernesto Bianchi","Ernesto Pozio, Francisco Canaro, Mario Brugni","Piano, Bass, 2 Bandoneons, 3 Violins",,,,
Francisco Canaro,Orquesta Francisco Canaro,1928-03-21,Malandrín,,Tango,Charlo,Odeón,,2092,4407 A,Francisco Riccardi,Juan Caruso,,26-29 Electric boom,Luis Riccardi,Vicente Sciarretta,"Ernesto Di Cicco, Ernesto Bianchi","Ernesto Pozio, Francisco Canaro, Mario Brugni","Piano, Bass, 2 Bandoneons, 3 Violins",,,,
Francisco Canaro,Orquesta Francisco Canaro,1928-03-21,Viejo Ciego,,Tango,Charlo,Odeón,,2231,4415 B,Cátulo Piana,Homero Manzi,,26-29 Electric boom,Luis Riccardi,Vicente Sciarretta,"Ernesto Di Cicco, Ernesto Bianchi","Ernesto Pozio, Francisco Canaro, Mario Brugni","Piano, Bass, 2 Bandoneons, 3 Violins",,,,
Francisco Canaro,Orquesta Francisco Canaro,1928-03-21,Yo Me Quiero Disfrazar,,Tango,Charlo,Odeón,,2230,4417 A,Anselmo Aieta,Francisco Jiménez,,26-29 Electric boom,Luis Riccardi,Vicente Sciarretta,"Ernesto Di Cicco, Ernesto Bianchi","Ernesto Pozio, Francisco Canaro, Mario Brugni","Piano, Bass, 2 Bandoneons, 3 Violins",,,,
Francisco Canaro,Orquesta Francisco Canaro,1928-03-28,En un Boliche,,Tango,Charlo,Odeón,,2273,4446 A,Ernesto De La Cruz,,,26-29 Electric boom,Luis Riccardi,Vicente Sciarretta,"Ernesto Di Cicco, Ernesto Bianchi","Ernesto Pozio, Francisco Canaro, Mario Brugni","Piano, Bass, 2 Bandoneons, 3 Violins",,,,
Francisco Canaro,Orquesta Francisco Canaro,1928-03-28,Era de Ley,,Tango,Charlo,Odeón,,2274,4424 B,Virgilio Carmona,Emilio Falero,,26-29 Electric boom,Luis Riccardi,Vicente Sciarretta,"Ernesto Di Cicco, Ernesto Bianchi","Ernesto Pozio, Francisco Canaro, Mario Brugni","Piano, Bass, 2 Bandoneons, 3 Violins",,,,
Francisco Canaro,Orquesta Francisco Canaro,1928-03-28,Eterna Herida,,Tango,Instrumental,Odeón,,2270,4420 B,Mario Canaro,,,26-29 Electric boom,Luis Riccardi,Vicente Sciarretta,"Ernesto Di Cicco, Ernesto Bianchi","Ernesto Pozio, Francisco Canaro, Mario Brugni","Piano, Bass, 2 Bandoneons, 3 Violins",,,,
Francisco Canaro,Orquesta Francisco Canaro,1928-03-28,La Mujer de Anoche,,Tango,Instrumental,Odeón,,2269,4417 B,Juan Canaro,,,26-29 Electric boom,Luis Riccardi,Vicente Sciarretta,"Ernesto Di Cicco, Ernesto Bianchi","Ernesto Pozio, Francisco Canaro, Mario Brugni","Piano, Bass, 2 Bandoneons, 3 Violins",,,,
Francisco Canaro,Orquesta Francisco Canaro,1928-03-28,Mundo Argentino,,Tango,Charlo,Odeón,,2272,4454 B,Julio De Caro,Richard Russo,,26-29 Electric boom,Luis Riccardi,Vicente Sciarretta,"Ernesto Di Cicco, Ernesto Bianchi","Ernesto Pozio, Francisco Canaro, Mario Brugni","Piano, Bass, 2 Bandoneons, 3 Violins",,,,
Francisco Canaro,Orquesta Francisco Canaro,1928-03-28,Qué Sabe la Gente,,Tango,Charlo,Odeón,,2271,4416 A,Antonio Scatasso,Carlos De Paoli,,26-29 Electric boom,Luis Riccardi,Vicente Sciarretta,"Ernesto Di Cicco, Ernesto Bianchi","Ernesto Pozio, Francisco Canaro, Mario Brugni","Piano, Bass, 2 Bandoneons, 3 Violins",,,,
Francisco Canaro,Orquesta Francisco Canaro,1928-04-04,A Contramano,,Tango,Charlo,Odeón,,2352,4421 A,Luis Teisseire,Juan Caruso,,26-29 Electric boom,Luis Riccardi,Vicente Sciarretta,"Ernesto Di Cicco, Ernesto Bianchi","Ernesto Pozio, Francisco Canaro, Mario Brugni","Piano, Bass, 2 Bandoneons, 3 Violins",,,,
Francisco Canaro,Orquesta Francisco Canaro,1928-04-04,Esta Noche Me Emborracho,,Tango,Charlo,Odeón,,2350,4420 A,Enrique Discépolo,Enrique Discépolo,,26-29 Electric boom,Luis Riccardi,Vicente Sciarretta,"Ernesto Di Cicco, Ernesto Bianchi","Ernesto Pozio, Francisco Canaro, Mario Brugni","Piano, Bass, 2 Bandoneons, 3 Violins",,,,
Francisco Canaro,Orquesta Francisco Canaro,1928-04-04,Inesita,,Vals,Instrumental,Odeón,,2349,4422 B,Samuel Castriota,,,26-29 Electric boom,Luis Riccardi,Vicente Sciarretta,"Ernesto Di Cicco, Ernesto Bianchi","Ernesto Pozio, Francisco Canaro, Mario Brugni","Piano, Bass, 2 Bandoneons, 3 Violins",,,,
Francisco Canaro,Orquesta Francisco Canaro,1928-04-04,Lindo Tipo de Varón,Abran Cancha,Tango,Charlo,Odeón,,2353,4419 B,Charlo,,,26-29 Electric boom,Luis Riccardi,Vicente Sciarretta,"Ernesto Di Cicco, Ernesto Bianchi","Ernesto Pozio, Francisco Canaro, Mario Brugni","Piano, Bass, 2 Bandoneons, 3 Violins",,,,
Francisco Canaro,Orquesta Francisco Canaro,1928-04-04,Quemá Estas Cartas,,Tango,Charlo,Odeón,,2158,,Raúl De Los Hoyos,,,26-29 Electric boom,Luis Riccardi,Vicente Sciarretta,"Ernesto Di Cicco, Ernesto Bianchi","Ernesto Pozio, Francisco Canaro, Mario Brugni","Piano, Bass, 2 Bandoneons, 3 Violins",,,,
Francisco Canaro,Orquesta Francisco Canaro,1928-04-04,Se Va la Lancha,,Tango,Charlo,Odeón,,2351,4423 A,Edgardo Artola,Francisco Bastardi,,26-29 Electric boom,Luis Riccardi,Vicente Sciarretta,"Ernesto Di Cicco, Ernesto Bianchi","Ernesto Pozio, Francisco Canaro, Mario Brugni","Piano, Bass, 2 Bandoneons, 3 Violins",,,,
Francisco Canaro,Orquesta Francisco Canaro,1928-04-11,A Toda Vela,,Tango,Charlo,Odeón,,2402,4422 A,Francisco Lomuto,Dante,,26-29 Electric boom,Luis Riccardi,Vicente Sciarretta,"Ernesto Di Cicco, Ernesto Bianchi","Ernesto Pozio, Francisco Canaro, Mario Brugni","Piano, Bass, 2 Bandoneons, 3 Violins",,,,
Francisco Canaro,Orquesta Francisco Canaro,1928-04-11,Bocas Ansiosas,,Tango,Charlo,Odeón,,2404,4452 B,Lorenzo Spinetto,Eugenio Cárdenas,,26-29 Electric boom,Luis Riccardi,Vicente Sciarretta,"Ernesto Di Cicco, Ernesto Bianchi","Ernesto Pozio, Francisco Canaro, Mario Brugni","Piano, Bass, 2 Bandoneons, 3 Violins",,,,
Francisco Canaro,Orquesta Francisco Canaro,1928-04-11,El Espejito,,Tango,Charlo,Odeón,,2401,4426 A,Antonio Scatasso,José Fernández,,26-29 Electric boom,Luis Riccardi,Vicente Sciarretta,"Ernesto Di Cicco, Ernesto Bianchi","Ernesto Pozio, Francisco Canaro, Mario Brugni","Piano, Bass, 2 Bandoneons, 3 Violins",,,,
Francisco Canaro,Orquesta Francisco Canaro,1928-04-11,La Última Morada,,Tango,Instrumental,Odeón,,2399,4443 B,Ángel Bozzi,,,26-29 Electric boom,Luis Riccardi,Vicente Sciarretta,"Ernesto Di Cicco, Ernesto Bianchi","Ernesto Pozio, Francisco Canaro, Mario Brugni","Piano, Bass, 2 Bandoneons, 3 Violins",,,,
Francisco Canaro,Orquesta Francisco Canaro,1928-04-11,Linda Francesita,,Tango,Charlo,Odeón,,2403,4423 B,José Rizzuti,Eduardo Calvo,,26-29 Electric boom,Luis Riccardi,Vicente Sciarretta,"Ernesto Di Cicco, Ernesto Bianchi","Ernesto Pozio, Francisco Canaro, Mario Brugni","Piano, Bass, 2 Bandoneons, 3 Violins",,,,
Francisco Canaro,Orquesta Francisco Canaro,1928-04-11,Por Esta Cruz,,Tango,Charlo,Odeón,,2400,4421 B,Humberto Canaro,Armando Tagini,,26-29 Electric boom,Luis Riccardi,Vicente Sciarretta,"Ernesto Di Cicco, Ernesto Bianchi","Ernesto Pozio, Francisco Canaro, Mario Brugni","Piano, Bass, 2 Bandoneons, 3 Violins",,,,
Francisco Canaro,Orquesta Francisco Canaro,1928-04-13,No Va Más,,Tango,Instrumental,Odeón,,2452,4416 B,Alcides Palavecino,,,26-29 Electric boom,Luis Riccardi,Vicente Sciarretta,"Ernesto Di Cicco, Ernesto Bianchi","Ernesto Pozio, Francisco Canaro, Mario Brugni","Piano, Bass, 2 Bandoneons, 3 Violins",,,,
Francisco Canaro,Orquesta Francisco Canaro,1928-04-13,Pretenciosa,,Tango,Charlo,Odeón,,2453,4418 B,Francisco Canaro,Lorenzo Traverso,,26-29 Electric boom,Luis Riccardi,Vicente Sciarretta,"Ernesto Di Cicco, Ernesto Bianchi","Ernesto Pozio, Francisco Canaro, Mario Brugni","Piano, Bass, 2 Bandoneons, 3 Violins",,,,
Francisco Canaro,Orquesta Francisco Canaro,1928-04-14,Golondrina,,Tango,Instrumental,Odeón,,2454,,Ernesto De La Cruz,,,26-29 Electric boom,Luis Riccardi,Vicente Sciarretta,"Ernesto Di Cicco, Ernesto Bianchi","Ernesto Pozio, Francisco Canaro, Mario Brugni","Piano, Bass, 2 Bandoneons, 3 Violins",,,,
Francisco Canaro,Orquesta Francisco Canaro,1928-04-14,Muchachos de Ley,Muchacho de Ley,Tango,Charlo,Odeón,,2455,4431 A,Rafael Tuegols,Armando Tagini,,26-29 Electric boom,Luis Riccardi,Vicente Sciarretta,"Ernesto Di Cicco, Ernesto Bianchi","Ernesto Pozio, Francisco Canaro, Mario Brugni","Piano, Bass, 2 Bandoneons, 3 Violins",,,,
Francisco Canaro,Orquesta Francisco Canaro,1928-04-18,El Amor Es Como el Ave,,Tango,Charlo,Odeón,,2483,4430 A,Luis Bernstein,Francisco Capone,,26-29 Electric boom,Luis Riccardi,Vicente Sciarretta,"Ernesto Di Cicco, Ernesto Bianchi","Ernesto Pozio, Francisco Canaro, Mario Brugni","Piano, Bass, 2 Bandoneons, 3 Violins",,,,
Francisco Canaro,Orquesta Francisco Canaro,1928-04-18,El Cuatrero,El Tigre,Tango,Instrumental,Odeón,,2484,4442 B,Natalio Ink,,,26-29 Electric boom,Luis Riccardi,Vicente Sciarretta,"Ernesto Di Cicco, Ernesto Bianchi","Ernesto Pozio, Francisco Canaro, Mario Brugni","Piano, Bass, 2 Bandoneons, 3 Violins",,,,
Francisco Canaro,Orquesta Francisco Canaro,1928-04-18,Nyla,,Tango,Instrumental,Odeón,,2478,4433 B,Angel Pozzi,,,26-29 Electric boom,Luis Riccardi,Vicente Sciarretta,"Ernesto Di Cicco, Ernesto Bianchi","Ernesto Pozio, Francisco Canaro, Mario Brugni","Piano, Bass, 2 Bandoneons, 3 Violins",,,,
Francisco Canaro,Orquesta Francisco Canaro,1928-04-18,Quisistes Cachar un Gil,,Tango,Charlo,Odeón,,2482,4438 B,Panchito Aranaz,Panchito Aranaz,,26-29 Electric boom,Luis Riccardi,Vicente Sciarretta,"Ernesto Di Cicco, Ernesto Bianchi","Ernesto Pozio, Francisco Canaro, Mario Brugni","Piano, Bass, 2 Bandoneons, 3 Violins",,,,
Francisco Canaro,Orquesta Francisco Canaro,1928-04-18,Te Acuerdas Mamita,,Tango,Charlo,Odeón,,2480,4429 B,Mario Danesi,Mario Danesi,,26-29 Electric boom,Luis Riccardi,Vicente Sciarretta,"Ernesto Di Cicco, Ernesto Bianchi","Ernesto Pozio, Francisco Canaro, Mario Brugni","Piano, Bass, 2 Bandoneons, 3 Violins",,,,
Francisco Canaro,Orquesta Francisco Canaro,1928-04-18,Triste Paica,,Tango,Charlo,Odeón,,2481,4439 B,Juan Pecci,Homero Manzi,,26-29 Electric boom,Luis Riccardi,Vicente Sciarretta,"Ernesto Di Cicco, Ernesto Bianchi","Ernesto Pozio, Francisco Canaro, Mario Brugni","Piano, Bass, 2 Bandoneons, 3 Violins",,,,
Francisco Canaro,Orquesta Francisco Canaro,1928-04-18,Tu Disfraz,,Tango,Charlo,Odeón,,2479,4429 A,Ángel Danesi,José De Grandis,,26-29 Electric boom,Luis Riccardi,Vicente Sciarretta,"Ernesto Di Cicco, Ernesto Bianchi","Ernesto Pozio, Francisco Canaro, Mario Brugni","Piano, Bass, 2 Bandoneons, 3 Violins",,,,
Francisco Canaro,Orquesta Francisco Canaro,1928-04-25,Buenos Aires Querido,,Tango,Charlo,Odeón,,2525,4428 A,Charlo,Enrique Cadícamo,,26-29 Electric boom,Luis Riccardi,Vicente Sciarretta,"Ernesto Di Cicco, Ernesto Bianchi","Ernesto Pozio, Francisco Canaro, Mario Brugni","Piano, Bass, 2 Bandoneons, 3 Violins",,,,
Francisco Canaro,Orquesta Francisco Canaro,1928-04-25,El Carrerito,,Tango,Charlo,Odeón,,2524,4425 A,Raúl De Los Hoyos,Alberto Vacarezza,,26-29 Electric boom,Luis Riccardi,Vicente Sciarretta,"Ernesto Di Cicco, Ernesto Bianchi","Ernesto Pozio, Francisco Canaro, Mario Brugni","Piano, Bass, 2 Bandoneons, 3 Violins",,,,
Francisco Canaro,Orquesta Francisco Canaro,1928-04-25,Pompas de Jabón,,Tango,Charlo,Odeón,,2523,4447 B,Roberto Goyeneche,Enrique Cadícamo,,26-29 Electric boom,Luis Riccardi,Vicente Sciarretta,"Ernesto Di Cicco, Ernesto Bianchi","Ernesto Pozio, Francisco Canaro, Mario Brugni","Piano, Bass, 2 Bandoneons, 3 Violins",,,,
Francisco Canaro,Orquesta Francisco Canaro,1928-04-25,Talismán,,Tango,Instrumental,Odeón,,2522,4474 B,Pedro Chaves,,,26-29 Electric boom,Luis Riccardi,Vicente Sciarretta,"Ernesto Di Cicco, Ernesto Bianchi","Ernesto Pozio, Francisco Canaro, Mario Brugni","Piano, Bass, 2 Bandoneons, 3 Violins",,,,
Francisco Canaro,Orquesta Francisco Canaro,1928-04-30,Che Papusa Oí,,Tango,Charlo,Odeón,,2547,,Gerardo Rodríguez,,,26-29 Electric boom,Luis Riccardi,Vicente Sciarretta,"Ernesto Di Cicco, Ernesto Bianchi","Ernesto Pozio, Francisco Canaro, Mario Brugni","Piano, Bass, 2 Bandoneons, 3 Violins",,,,
Francisco Canaro,Orquesta Francisco Canaro,1928-04-30,Dejá Que la Gente Diga,,Tango,Charlo,Odeón,,2542,,Raúl De Los Hoyos,,,26-29 Electric boom,Luis Riccardi,Vicente Sciarretta,"Ernesto Di Cicco, Ernesto Bianchi","Ernesto Pozio, Francisco Canaro, Mario Brugni","Piano, Bass, 2 Bandoneons, 3 Violins",,,,
Francisco Canaro,Orquesta Francisco Canaro,1928-04-30,El Carrerito,,Tango,Charlo,Odeón,,2545,,Raúl De Los Hoyos,Alberto Vacarezza,,26-29 Electric boom,Luis Riccardi,Vicente Sciarretta,"Ernesto Di Cicco, Ernesto Bianchi","Ernesto Pozio, Francisco Canaro, Mario Brugni","Piano, Bass, 2 Bandoneons, 3 Violins",,,,
Francisco Canaro,Orquesta Francisco Canaro,1928-04-30,He Visto en Tus Ojos,,Tango,Charlo,Odeón,,2543,,Francisco Canaro,,,26-29 Electric boom,Luis Riccardi,Vicente Sciarretta,"Ernesto Di Cicco, Ernesto Bianchi","Ernesto Pozio, Francisco Canaro, Mario Brugni","Piano, Bass, 2 Bandoneons, 3 Violins",,,,
Francisco Canaro,Orquesta Francisco Canaro,1928-04-30,Pretenciosa,,Tango,Charlo,Odeón,,2546,,Francisco Canaro,Lorenzo Traverso,,26-29 Electric boom,Luis Riccardi,Vicente Sciarretta,"Ernesto Di Cicco, Ernesto Bianchi","Ernesto Pozio, Francisco Canaro, Mario Brugni","Piano, Bass, 2 Bandoneons, 3 Violins",,,,
Francisco Canaro,Orquesta Francisco Canaro,1928-04-30,Quemá Estas Cartas,,Tango,Charlo,Odeón,,2548,,Raúl De Los Hoyos,,,26-29 Electric boom,Luis Riccardi,Vicente Sciarretta,"Ernesto Di Cicco, Ernesto Bianchi","Ernesto Pozio, Francisco Canaro, Mario Brugni","Piano, Bass, 2 Bandoneons, 3 Violins",,,,
Francisco Canaro,Orquesta Francisco Canaro,1928-04-30,Yo Me Quiero Disfrazar,,Tango,Charlo,Odeón,,2544,,Anselmo Aieta,,,26-29 Electric boom,Luis Riccardi,Vicente Sciarretta,"Ernesto Di Cicco, Ernesto Bianchi","Ernesto Pozio, Francisco Canaro, Mario Brugni","Piano, Bass, 2 Bandoneons, 3 Violins",,,,
Francisco Canaro,Orquesta Francisco Canaro,1928-05-02,Alhaja Falsa,,Tango,Charlo,Odeón,,1720,4425 B,Salvador Merico,Atilio Supparo,,26-29 Electric boom,Luis Riccardi,Vicente Sciarretta,"Ernesto Di Cicco, Ernesto Bianchi","Ernesto Pozio, Francisco Canaro, Mario Brugni","Piano, Bass, 2 Bandoneons, 3 Violins",,,,
Francisco Canaro,Orquesta Francisco Canaro,1928-05-02,Murió el Malevo,,Tango,Charlo,Odeón,,2554,4427 A,Edgardo Donato,,,26-29 Electric boom,Luis Riccardi,Vicente Sciarretta,"Ernesto Di Cicco, Ernesto Bianchi","Ernesto Pozio, Francisco Canaro, Mario Brugni","Piano, Bass, 2 Bandoneons, 3 Violins",,,,
Francisco Canaro,Orquesta Francisco Canaro,1928-05-02,Pañuelito Bordao,,Tango,Charlo,Odeón,,2557,4440 A,Miguel Bucino,Miguel Bucino,,26-29 Electric boom,Luis Riccardi,Vicente Sciarretta,"Ernesto Di Cicco, Ernesto Bianchi","Ernesto Pozio, Francisco Canaro, Mario Brugni","Piano, Bass, 2 Bandoneons, 3 Violins",,,,
Francisco Canaro,Orquesta Francisco Canaro,1928-05-02,Puro Espamento,,Tango,Charlo,Odeón,,2553,4449 A,Francisco Canaro,Manuel Romero,,26-29 Electric boom,Luis Riccardi,Vicente Sciarretta,"Ernesto Di Cicco, Ernesto Bianchi","Ernesto Pozio, Francisco Canaro, Mario Brugni","Piano, Bass, 2 Bandoneons, 3 Violins",,,,
Francisco Canaro,Orquesta Francisco Canaro,1928-05-02,Siga el Tango,,Tango,Charlo,Odeón,,2555,4427 B,Carlitos Donato,Francisco Bastardi,,26-29 Electric boom,Luis Riccardi,Vicente Sciarretta,"Ernesto Di Cicco, Ernesto Bianchi","Ernesto Pozio, Francisco Canaro, Mario Brugni","Piano, Bass, 2 Bandoneons, 3 Violins",,,,
Francisco Canaro,Orquesta Francisco Canaro,1928-05-02,Viejo Pancho,,Tango,Charlo,Odeón,,2556,4461 B,Nicolás Pollero,Ángel Marino,,26-29 Electric boom,Luis Riccardi,Vicente Sciarretta,"Ernesto Di Cicco, Ernesto Bianchi","Ernesto Pozio, Francisco Canaro, Mario Brugni","Piano, Bass, 2 Bandoneons, 3 Violins",,,,
Francisco Canaro,Orquesta Francisco Canaro,1928-05-09,Chorra,,Tango,Charlo,Odeón,,2591,4432 A,Enrique Discépolo,Enrique Discépolo,,26-29 Electric boom,Luis Riccardi,Vicente Sciarretta,"Ernesto Di Cicco, Ernesto Bianchi","Ernesto Pozio, Francisco Canaro, Mario Brugni","Piano, Bass, 2 Bandoneons, 3 Violins",,,,
Francisco Canaro,Orquesta Francisco Canaro,1928-05-09,Cinta Azul,,Tango,Charlo,Odeón,,2595,4440 B,Graciano De Leone,Eduardo Méndez,,26-29 Electric boom,Luis Riccardi,Vicente Sciarretta,"Ernesto Di Cicco, Ernesto Bianchi","Ernesto Pozio, Francisco Canaro, Mario Brugni","Piano, Bass, 2 Bandoneons, 3 Violins",,,,
Francisco Canaro,Orquesta Francisco Canaro,1928-05-09,Dónde Estás Corazón,Tu Dulce Nombre,Tango,Charlo,Odeón,,2594,4453 B,María Godard,Francisco Jiménez,,26-29 Electric boom,Luis Riccardi,Vicente Sciarretta,"Ernesto Di Cicco, Ernesto Bianchi","Ernesto Pozio, Francisco Canaro, Mario Brugni","Piano, Bass, 2 Bandoneons, 3 Violins",,,,
Francisco Canaro,Orquesta Francisco Canaro,1928-05-09,Entre las Sombras,,Tango,Instrumental,Odeón,,2590,4430 B,Raúl Saraceno,,,26-29 Electric boom,Luis Riccardi,Vicente Sciarretta,"Ernesto Di Cicco, Ernesto Bianchi","Ernesto Pozio, Francisco Canaro, Mario Brugni","Piano, Bass, 2 Bandoneons, 3 Violins",,,,
Francisco Canaro,Orquesta Francisco Canaro,1928-05-09,Me Dijeron,,Tango,Charlo,Odeón,,2593,4456 B,Ernesto Minotto,Emilio Sánchez,,26-29 Electric boom,Luis Riccardi,Vicente Sciarretta,"Ernesto Di Cicco, Ernesto Bianchi","Ernesto Pozio, Francisco Canaro, Mario Brugni","Piano, Bass, 2 Bandoneons, 3 Violins",,,,
Francisco Canaro,Orquesta Francisco Canaro,1928-05-09,Plegaria del Arrabal,,Tango,Instrumental,Odeón,,2596,4444 A,Ataliva Montenegro,,,26-29 Electric boom,Luis Riccardi,Vicente Sciarretta,"Ernesto Di Cicco, Ernesto Bianchi","Ernesto Pozio, Francisco Canaro, Mario Brugni","Piano, Bass, 2 Bandoneons, 3 Violins",,,,
Francisco Canaro,Orquesta Francisco Canaro,1928-05-09,Qué Vachaché,Que Va Cha Che,Tango,Charlo,Odeón,,2592,4432 B,Enrique Discépolo,Enrique Discépolo,,26-29 Electric boom,Luis Riccardi,Vicente Sciarretta,"Ernesto Di Cicco, Ernesto Bianchi","Ernesto Pozio, Francisco Canaro, Mario Brugni","Piano, Bass, 2 Bandoneons, 3 Violins",,,,
Francisco Canaro,Orquesta Francisco Canaro,1928-05-12,Atorrante,,Tango,Charlo,Odeón,,2623,4435 A,Samuel Castriota,Juan Bruno,,26-29 Electric boom,Luis Riccardi,Vicente Sciarretta,"Ernesto Di Cicco, Ernesto Bianchi","Ernesto Pozio, Francisco Canaro, Mario Brugni","Piano, Bass, 2 Bandoneons, 3 Violins",,,,
Francisco Canaro,Orquesta Francisco Canaro,1928-05-12,Chanta Cuatro,,Tango,Charlo,Odeón,,2620,4436 B,Antonio Cadícamo,Antonio Cadícamo,,26-29 Electric boom,Luis Riccardi,Vicente Sciarretta,"Ernesto Di Cicco, Ernesto Bianchi","Ernesto Pozio, Francisco Canaro, Mario Brugni","Piano, Bass, 2 Bandoneons, 3 Violins",,,,
Francisco Canaro,Orquesta Francisco Canaro,1928-05-12,El Ciruja de Sorrento,,Tango,Charlo,Odeón,,2624,4435 B,Samuel Castriota,Juan Bruno,,26-29 Electric boom,Luis Riccardi,Vicente Sciarretta,"Ernesto Di Cicco, Ernesto Bianchi","Ernesto Pozio, Francisco Canaro, Mario Brugni","Piano, Bass, 2 Bandoneons, 3 Violins",,,,
Francisco Canaro,Orquesta Francisco Canaro,1928-05-12,Llevátelo Todo,,Tango,Charlo,Odeón,,2621,4436 A,Rodolfo Sciammarella,Rodolfo Sciammarella,,26-29 Electric boom,Luis Riccardi,Vicente Sciarretta,"Ernesto Di Cicco, Ernesto Bianchi","Ernesto Pozio, Francisco Canaro, Mario Brugni","Piano, Bass, 2 Bandoneons, 3 Violins",,,,
Francisco Canaro,Orquesta Francisco Canaro,1928-05-12,Son Grupos,,Tango,Charlo,Odeón,,2622,4437 B,Gerardo Rodríguez,Celedonio Flores,,26-29 Electric boom,Luis Riccardi,Vicente Sciarretta,"Ernesto Di Cicco, Ernesto Bianchi","Ernesto Pozio, Francisco Canaro, Mario Brugni","Piano, Bass, 2 Bandoneons, 3 Violins",,,,
Francisco Canaro,Orquesta Francisco Canaro,1928-05-16,Gimiendo,,Tango,Instrumental,Odeón,,2640,4433 A,Luis Mortet,Juan Pérez,,26-29 Electric boom,Luis Riccardi,Vicente Sciarretta,"Ernesto Di Cicco, Ernesto Bianchi","Ernesto Pozio, Francisco Canaro, Mario Brugni","Piano, Bass, 2 Bandoneons, 3 Violins",,,,
Francisco Canaro,Orquesta Francisco Canaro,1928-05-16,La Muchacha del Circo,,Tango,Charlo,Odeón,,2642,4437 A,Gerardo Rodríguez,Manuel Romero,,26-29 Electric boom,Luis Riccardi,Vicente Sciarretta,"Ernesto Di Cicco, Ernesto Bianchi","Ernesto Pozio, Francisco Canaro, Mario Brugni","Piano, Bass, 2 Bandoneons, 3 Violins",,,,
Francisco Canaro,Orquesta Francisco Canaro,1928-05-16,Martes 13,,Tango,Charlo,Odeón,,2643,4434 A,Juan Rezzano,Humberto Graziano,,26-29 Electric boom,Luis Riccardi,Vicente Sciarretta,"Ernesto Di Cicco, Ernesto Bianchi","Ernesto Pozio, Francisco Canaro, Mario Brugni","Piano, Bass, 2 Bandoneons, 3 Violins",,,,
Francisco Canaro,Orquesta Francisco Canaro,1928-05-16,Recuerdos de Mi Madre,,Tango,Instrumental,Odeón,,2641,4434 B,José Padula,,,26-29 Electric boom,Luis Riccardi,Vicente Sciarretta,"Ernesto Di Cicco, Ernesto Bianchi","Ernesto Pozio, Francisco Canaro, Mario Brugni","Piano, Bass, 2 Bandoneons, 3 Violins",,,,
Francisco Canaro,Orquesta Francisco Canaro,1928-05-19,Corazón de Oro,Corazón de Oro,Vals,Instrumental,Odeón,,2661,40020 B,Francisco Canaro,Jesús Blanco,,26-29 Electric boom,Luis Riccardi,Vicente Sciarretta,"Ernesto Di Cicco, Ernesto Bianchi","Ernesto Pozio, Francisco Canaro, Mario Brugni","Piano, Bass, 2 Bandoneons, 3 Violins",,,,
Francisco Canaro,Orquesta Francisco Canaro,1928-05-19,El Carrerito,,Tango,Charlo,Odeón,,2545,,Raúl De Los Hoyos,Alberto Vacarezza,,26-29 Electric boom,Luis Riccardi,Vicente Sciarretta,"Ernesto Di Cicco, Ernesto Bianchi","Ernesto Pozio, Francisco Canaro, Mario Brugni","Piano, Bass, 2 Bandoneons, 3 Violins",,,,
Francisco Canaro,Orquesta Francisco Canaro,1928-05-19,El Timbero,,Tango,Charlo,Odeón,,2662,4445 A,Francisco Canaro,Juan Caruso,,26-29 Electric boom,Luis Riccardi,Vicente Sciarretta,"Ernesto Di Cicco, Ernesto Bianchi","Ernesto Pozio, Francisco Canaro, Mario Brugni","Piano, Bass, 2 Bandoneons, 3 Violins",,,,
Francisco Canaro,Orquesta Francisco Canaro,1928-05-19,Pájaro Azul,,Tango,Instrumental,Odeón,,2660,40020 A,Francisco Canaro,,,26-29 Electric boom,Luis Riccardi,Vicente Sciarretta,"Ernesto Di Cicco, Ernesto Bianchi","Ernesto Pozio, Francisco Canaro, Mario Brugni","Piano, Bass, 2 Bandoneons, 3 Violins",,,,
Francisco Canaro,Orquesta Francisco Canaro,1928-07-04,Decí Pebeta Porqué,Decime Pebeta Porqué,Tango,Charlo,Odeón,,2852,4442 A,Pedro Maffía,Tomás Simari,,26-29 Electric boom,Luis Riccardi,Vicente Sciarretta,"Ernesto Di Cicco, Ernesto Bianchi","Ernesto Pozio, Francisco Canaro, Mario Brugni","Piano, Bass, 2 Bandoneons, 3 Violins",,,,
Francisco Canaro,Orquesta Francisco Canaro,1928-07-04,El Desdeñoso,,Tango,Charlo,Odeón,,2853,4449 B,Salvador Merico,Manuel Romero,,26-29 Electric boom,Luis Riccardi,Vicente Sciarretta,"Ernesto Di Cicco, Ernesto Bianchi","Ernesto Pozio, Francisco Canaro, Mario Brugni","Piano, Bass, 2 Bandoneons, 3 Violins",,,,
Francisco Canaro,Orquesta Francisco Canaro,1928-07-04,Saludó y Se Fué,,Tango,Charlo,Odeón,,2855,4446 B,José Ceglie,Atilio Supparo,,26-29 Electric boom,Luis Riccardi,Vicente Sciarretta,"Ernesto Di Cicco, Ernesto Bianchi","Ernesto Pozio, Francisco Canaro, Mario Brugni","Piano, Bass, 2 Bandoneons, 3 Violins",,,,
Francisco Canaro,Orquesta Francisco Canaro,1928-07-04,Viva la Patria,,Tango,Charlo,Odeón,,2854,4443 A,Antonio Scatasso,Alberto Vacarezza,,26-29 Electric boom,Luis Riccardi,Vicente Sciarretta,"Ernesto Di Cicco, Ernesto Bianchi","Ernesto Pozio, Francisco Canaro, Mario Brugni","Piano, Bass, 2 Bandoneons, 3 Violins",,,,
Francisco Canaro,Orquesta Francisco Canaro,1928-07-12,Cambié de Rumbo,,Tango,Charlo,Odeón,,2878,4445 B,Enrique Mónaco,Enrique Dizeo,,26-29 Electric boom,Luis Riccardi,Vicente Sciarretta,"Ernesto Di Cicco, Ernesto Bianchi","Ernesto Pozio, Francisco Canaro, Mario Brugni","Piano, Bass, 2 Bandoneons, 3 Violins",,,,
Francisco Canaro,Orquesta Francisco Canaro,1928-07-12,En un Pueblito de España,In a Little Spanish Town,Vals,Charlo,Odeón,,2876,4448 A,Mabel Wayne,Rogelio Ferreyra,,26-29 Electric boom,Luis Riccardi,Vicente Sciarretta,"Ernesto Di Cicco, Ernesto Bianchi","Ernesto Pozio, Francisco Canaro, Mario Brugni","Piano, Bass, 2 Bandoneons, 3 Violins",,,,
Francisco Canaro,Orquesta Francisco Canaro,1928-07-12,La Borrachera del Tango,La Embriaguez del Tango,Tango,Charlo,Odeón,,2877,4447 A,Adolfo Avilés,Enrique Maroni,,26-29 Electric boom,Luis Riccardi,Vicente Sciarretta,"Ernesto Di Cicco, Ernesto Bianchi","Ernesto Pozio, Francisco Canaro, Mario Brugni","Piano, Bass, 2 Bandoneons, 3 Violins",,,,
Francisco Canaro,Orquesta Francisco Canaro,1928-07-12,Por Ella Ten Piedad,,Tango,Charlo,Odeón,,2879,4478 B,Antonio Polito,Antonio Polito,,26-29 Electric boom,Luis Riccardi,Vicente Sciarretta,"Ernesto Di Cicco, Ernesto Bianchi","Ernesto Pozio, Francisco Canaro, Mario Brugni","Piano, Bass, 2 Bandoneons, 3 Violins",,,,
Francisco Canaro,Orquesta Francisco Canaro,1928-07-12,Yo Soy la Milonguera,,Tango,Charlo,Odeón,,2880,4457 B,Gerardo Rodríguez,Vicente Cuitiño,,26-29 Electric boom,Luis Riccardi,Vicente Sciarretta,"Ernesto Di Cicco, Ernesto Bianchi","Ernesto Pozio, Francisco Canaro, Mario Brugni","Piano, Bass, 2 Bandoneons, 3 Violins",,,,
Francisco Canaro,Orquesta Francisco Canaro,1928-07-18,Bravo Nuestros Campeones,,Tango,Charlo,Odeón,,2910,4464 A,Modesto Papávero,Modesto Papávero,,26-29 Electric boom,Luis Riccardi,Vicente Sciarretta,"Ernesto Di Cicco, Ernesto Bianchi","Ernesto Pozio, Francisco Canaro, Mario Brugni","Piano, Bass, 2 Bandoneons, 3 Violins",,,,
Francisco Canaro,Orquesta Francisco Canaro,1928-07-18,El Taita Ladrón,,Tango,Charlo,Odeón,,2914,16202 B,Francisco Canaro,,,26-29 Electric boom,Luis Riccardi,Vicente Sciarretta,"Ernesto Di Cicco, Ernesto Bianchi","Ernesto Pozio, Francisco Canaro, Mario Brugni","Piano, Bass, 2 Bandoneons, 3 Violins",,,,
Francisco Canaro,Orquesta Francisco Canaro,1928-07-18,En un Pueblito de España,In a Little Spanish Town,Vals,Charlo,Odeón,,2915,16202 A,Mabel Wayne,Rogelio Ferreyra,,26-29 Electric boom,Luis Riccardi,Vicente Sciarretta,"Ernesto Di Cicco, Ernesto Bianchi","Ernesto Pozio, Francisco Canaro, Mario Brugni","Piano, Bass, 2 Bandoneons, 3 Violins",,,,
Francisco Canaro,Orquesta Francisco Canaro,1928-07-18,Mis Besos,,Tango,Instrumental,Odeón,,2908,4450 B,Mario Canaro,,,26-29 Electric boom,Luis Riccardi,Vicente Sciarretta,"Ernesto Di Cicco, Ernesto Bianchi","Ernesto Pozio, Francisco Canaro, Mario Brugni","Piano, Bass, 2 Bandoneons, 3 Violins",,,,
Francisco Canaro,Orquesta Francisco Canaro,1928-07-18,Ramona,,Vals,Charlo,Odeón,,2909,4450 A,Mabel Wayne,Carlos Sánchez,,26-29 Electric boom,Luis Riccardi,Vicente Sciarretta,"Ernesto Di Cicco, Ernesto Bianchi","Ernesto Pozio, Francisco Canaro, Mario Brugni","Piano, Bass, 2 Bandoneons, 3 Violins",,,,
Francisco Canaro,Orquesta Francisco Canaro,1928-07-18,Sandía Calada,,Tango,Charlo,Odeón,,2911,4455 B,Arturo Aieta,Jorge Curí,,26-29 Electric boom,Luis Riccardi,Vicente Sciarretta,"Ernesto Di Cicco, Ernesto Bianchi","Ernesto Pozio, Francisco Canaro, Mario Brugni","Piano, Bass, 2 Bandoneons, 3 Violins",,,,
Francisco Canaro,Orquesta Francisco Canaro,1928-07-20,Lindo Tipo de Varón,Abran Cancha,Tango,Charlo,Odeón,,2916,16201 B,Charlo,,,26-29 Electric boom,Luis Riccardi,Vicente Sciarretta,"Ernesto Di Cicco, Ernesto Bianchi","Ernesto Pozio, Francisco Canaro, Mario Brugni","Piano, Bass, 2 Bandoneons, 3 Violins",,,,
Francisco Canaro,Orquesta Francisco Canaro,1928-07-20,Ramona,,Vals,Charlo,Odeón,,2917,16201 A,Mabel Wayne,Enrique Cadícamo,,26-29 Electric boom,Luis Riccardi,Vicente Sciarretta,"Ernesto Di Cicco, Ernesto Bianchi","Ernesto Pozio, Francisco Canaro, Mario Brugni","Piano, Bass, 2 Bandoneons, 3 Violins",,,,
Francisco Canaro,Orquesta Francisco Canaro,1928-07-25,El Pañuelito,,Tango,Instrumental,Odeón,,2926,4459 A,Juan Filiberto,Gabino Peñaloza,,26-29 Electric boom,Luis Riccardi,Vicente Sciarretta,"Ernesto Di Cicco, Ernesto Bianchi","Ernesto Pozio, Francisco Canaro, Mario Brugni","Piano, Bass, 2 Bandoneons, 3 Violins",,,,
Francisco Canaro,Orquesta Francisco Canaro,1928-07-25,En las Nubes,,Tango,Instrumental,Odeón,,2928,4465 B,M. Birri,,,26-29 Electric boom,Luis Riccardi,Vicente Sciarretta,"Ernesto Di Cicco, Ernesto Bianchi","Ernesto Pozio, Francisco Canaro, Mario Brugni","Piano, Bass, 2 Bandoneons, 3 Violins",,,,
Francisco Canaro,Orquesta Francisco Canaro,1928-07-25,Se Mira y No Se Toca,,Tango,Instrumental,Odeón,,2927,4456 A,Juan Polito,Luis Rubistein,,26-29 Electric boom,Luis Riccardi,Vicente Sciarretta,"Ernesto Di Cicco, Ernesto Bianchi","Ernesto Pozio, Francisco Canaro, Mario Brugni","Piano, Bass, 2 Bandoneons, 3 Violins",,,,
Francisco Canaro,Orquesta Francisco Canaro,1928-07-25,Seguíme Si Podés,Sígueme Si Puedes,Tango,Instrumental,Odeón,,2925,4463 B,Alejandro Caldarella,Antonio Anselmi,,26-29 Electric boom,Luis Riccardi,Vicente Sciarretta,"Ernesto Di Cicco, Ernesto Bianchi","Ernesto Pozio, Francisco Canaro, Mario Brugni","Piano, Bass, 2 Bandoneons, 3 Violins",,,,
Francisco Canaro,Orquesta Francisco Canaro,1928-07-25,Vibraciones del Alma,,Vals,Instrumental,Odeón,,2924,4451 A,Francisco Canaro,,,26-29 Electric boom,Luis Riccardi,Vicente Sciarretta,"Ernesto Di Cicco, Ernesto Bianchi","Ernesto Pozio, Francisco Canaro, Mario Brugni","Piano, Bass, 2 Bandoneons, 3 Violins",,,,
Francisco Canaro,Orquesta Francisco Canaro,1928-07-31,No Me Abandones,,Vals,Charlo,Odeón,,2955,4464 B,Alfredo Gobbi,Alfredo Gobbi,,26-29 Electric boom,Luis Riccardi,Vicente Sciarretta,"Ernesto Di Cicco, Ernesto Bianchi","Ernesto Pozio, Francisco Canaro, Mario Brugni","Piano, Bass, 2 Bandoneons, 3 Violins",,,,
Francisco Canaro,Orquesta Francisco Canaro,1928-08-01,Canaro en Córdoba,,Tango,Charlo,Odeón,,2956,4451 B,José Roselli,Eduardo Braña,,26-29 Electric boom,Luis Riccardi,Vicente Sciarretta,"Ernesto Di Cicco, Ernesto Bianchi","Ernesto Pozio, Francisco Canaro, Mario Brugni","Piano, Bass, 2 Bandoneons, 3 Violins",,,,
Francisco Canaro,Orquesta Francisco Canaro,1928-08-01,Pobre Canillita,,Tango,Charlo,Odeón,,2958,4454 A,Laerte Traviglia,Laerte Traviglia,,26-29 Electric boom,Luis Riccardi,Vicente Sciarretta,"Ernesto Di Cicco, Ernesto Bianchi","Ernesto Pozio, Francisco Canaro, Mario Brugni","Piano, Bass, 2 Bandoneons, 3 Violins",,,,
Francisco Canaro,Orquesta Francisco Canaro,1928-08-01,Suerte Loca,,Tango,Charlo,Odeón,,2957,4458 A,Anselmo Aieta,Francisco Jiménez,,26-29 Electric boom,Luis Riccardi,Vicente Sciarretta,"Ernesto Di Cicco, Ernesto Bianchi","Ernesto Pozio, Francisco Canaro, Mario Brugni","Piano, Bass, 2 Bandoneons, 3 Violins",,,,
Francisco Canaro,Orquesta Francisco Canaro,1928-08-03,Marcha Atrás,,Tango,Charlo,Odeón,,2974,4462 B,Enrique Delfino,Arturo Bustamante,,26-29 Electric boom,Luis Riccardi,Vicente Sciarretta,"Ernesto Di Cicco, Ernesto Bianchi","Ernesto Pozio, Francisco Canaro, Mario Brugni","Piano, Bass, 2 Bandoneons, 3 Violins",,,,
Francisco Canaro,Orquesta Francisco Canaro,1928-08-03,Muchachita de Belgrano,Muchachita del Belgrado,Tango,Instrumental,Odeón,,2975,4466 B,Manuel Salinger,,,26-29 Electric boom,Luis Riccardi,Vicente Sciarretta,"Ernesto Di Cicco, Ernesto Bianchi","Ernesto Pozio, Francisco Canaro, Mario Brugni","Piano, Bass, 2 Bandoneons, 3 Violins",,,,
Francisco Canaro,Orquesta Francisco Canaro,1928-08-03,Otra Copa y Se Acabó,,Tango,Charlo,Odeón,,2973,4462 A,Luis Martíni,Manuel Romero,,26-29 Electric boom,Luis Riccardi,Vicente Sciarretta,"Ernesto Di Cicco, Ernesto Bianchi","Ernesto Pozio, Francisco Canaro, Mario Brugni","Piano, Bass, 2 Bandoneons, 3 Violins",,,,
Francisco Canaro,Orquesta Francisco Canaro,1928-08-03,Sueño Florido,Tristeza de Barrio,Tango,Charlo,Odeón,,2972,4457 A,Cayetano Cosenza,Dante Linyera,,26-29 Electric boom,Luis Riccardi,Vicente Sciarretta,"Ernesto Di Cicco, Ernesto Bianchi","Ernesto Pozio, Francisco Canaro, Mario Brugni","Piano, Bass, 2 Bandoneons, 3 Violins",,,,
Francisco Canaro,Orquesta Francisco Canaro,1928-08-03,Te Acordás Rafaela,,Tango,Charlo,Odeón,,2971,4455 A,Samuel Castriota,Alberto Vacarezza,,26-29 Electric boom,Luis Riccardi,Vicente Sciarretta,"Ernesto Di Cicco, Ernesto Bianchi","Ernesto Pozio, Francisco Canaro, Mario Brugni","Piano, Bass, 2 Bandoneons, 3 Violins",,,,
Francisco Canaro,Orquesta Francisco Canaro,1928-08-07,Corazón de Oro,Corazón de Oro,Vals,Charlo,Odeón,,2986,4466 A,Francisco Canaro,Jesús Blanco,,26-29 Electric boom,Luis Riccardi,Vicente Sciarretta,"Ernesto Di Cicco, Ernesto Bianchi","Ernesto Pozio, Francisco Canaro, Mario Brugni","Piano, Bass, 2 Bandoneons, 3 Violins",,,,
Francisco Canaro,Orquesta Francisco Canaro,1928-08-07,El Soñador,,Tango,Charlo,Odeón,,2983,4458 B,Orestes Montaldo,Orestes Montaldo,,26-29 Electric boom,Luis Riccardi,Vicente Sciarretta,"Ernesto Di Cicco, Ernesto Bianchi","Ernesto Pozio, Francisco Canaro, Mario Brugni","Piano, Bass, 2 Bandoneons, 3 Violins",,,,
Francisco Canaro,Orquesta Francisco Canaro,1928-08-07,Engominado,,Tango,Charlo,Odeón,,2985,4460 A,Fernando Montoni,Máximo Orsi,,26-29 Electric boom,Luis Riccardi,Vicente Sciarretta,"Ernesto Di Cicco, Ernesto Bianchi","Ernesto Pozio, Francisco Canaro, Mario Brugni","Piano, Bass, 2 Bandoneons, 3 Violins",,,,
Francisco Canaro,Orquesta Francisco Canaro,1928-08-07,Mina,,Tango,Instrumental,Odeón,,2981,4459 B,Carlos Abergo,,,26-29 Electric boom,Luis Riccardi,Vicente Sciarretta,"Ernesto Di Cicco, Ernesto Bianchi","Ernesto Pozio, Francisco Canaro, Mario Brugni","Piano, Bass, 2 Bandoneons, 3 Violins",,,,
Francisco Canaro,Orquesta Francisco Canaro,1928-08-07,Tres Chupetes,,Tango,Charlo,Odeón,,2982,4460 B,Guillermo Cavazza,Reynaldo Pignataro,,26-29 Electric boom,Luis Riccardi,Vicente Sciarretta,"Ernesto Di Cicco, Ernesto Bianchi","Ernesto Pozio, Francisco Canaro, Mario Brugni","Piano, Bass, 2 Bandoneons, 3 Violins",,,,
Francisco Canaro,Orquesta Francisco Canaro,1928-08-07,Villa Crespo,,Tango,Charlo,Odeón,,2984,4452 A,Benjamín Lara,Benjamín Lara,,26-29 Electric boom,Luis Riccardi,Vicente Sciarretta,"Minotto, Ernesto Di Cicco, Ernesto Bianchi, Mario Canaro","Ernesto Pozio, Francisco Canaro, Mario Brugni","Piano, Bass, 4 Bandoneons, 3 Violins",,,,
Francisco Canaro,Orquesta Francisco Canaro,1928-08-15,Barra Querida,La Barra,Tango,Charlo,Odeón,,3028,4475 A,Carlos Sánchez,César Vedani,,26-29 Electric boom,Luis Riccardi,Vicente Sciarretta,"Minotto, Ernesto Di Cicco, Ernesto Bianchi, Mario Canaro","Ernesto Pozio, Francisco Canaro, Mario Brugni","Piano, Bass, 4 Bandoneons, 3 Violins",,,,
Francisco Canaro,Orquesta Francisco Canaro,1928-08-15,Berretines Milongueros,,Tango,Instrumental,Odeón,,3029,4476 B,Cirilo Camerota,,,26-29 Electric boom,Luis Riccardi,Vicente Sciarretta,"Minotto, Ernesto Di Cicco, Ernesto Bianchi, Mario Canaro","Ernesto Pozio, Francisco Canaro, Mario Brugni","Piano, Bass, 4 Bandoneons, 3 Violins",,,,
Francisco Canaro,Orquesta Francisco Canaro,1928-08-15,Duelo Criollo,,Tango,Charlo,Odeón,,3027,4472 B,Juan Rezzano,Lito Bayardo,,26-29 Electric boom,Luis Riccardi,Vicente Sciarretta,"Minotto, Ernesto Di Cicco, Ernesto Bianchi, Mario Canaro","Ernesto Pozio, Francisco Canaro, Mario Brugni","Piano, Bass, 4 Bandoneons, 3 Violins",,,,
Francisco Canaro,Orquesta Francisco Canaro,1928-08-15,Noviecita Mía,,Tango,Charlo,Odeón,,3026,4471 B,Antonio Polito,Antonio Polito,,26-29 Electric boom,Luis Riccardi,Vicente Sciarretta,"Minotto, Ernesto Di Cicco, Ernesto Bianchi, Mario Canaro","Ernesto Pozio, Francisco Canaro, Mario Brugni","Piano, Bass, 4 Bandoneons, 3 Violins",,,,
Francisco Canaro,Orquesta Francisco Canaro,1928-08-15,Pim Pam Pum,Pim Pam Pum,Tango,Charlo,Odeón,,3025,4465 A,Enrique Delfino,Alberto Vacarezza,,26-29 Electric boom,Luis Riccardi,Vicente Sciarretta,"Minotto, Ernesto Di Cicco, Ernesto Bianchi, Mario Canaro","Ernesto Pozio, Francisco Canaro, Mario Brugni","Piano, Bass, 4 Bandoneons, 3 Violins",,,,
Francisco Canaro,Orquesta Francisco Canaro,1928-08-15,Senda Florida,,Tango,Instrumental,Odeón,,3024,4469 B,Rafael Rossi,Eugenio Cárdenas,,26-29 Electric boom,Luis Riccardi,Vicente Sciarretta,"Minotto, Ernesto Di Cicco, Ernesto Bianchi, Mario Canaro","Ernesto Pozio, Francisco Canaro, Mario Brugni","Piano, Bass, 4 Bandoneons, 3 Violins",,,,
Francisco Canaro,Orquesta Francisco Canaro,1928-08-23,Belcha,Negra,Tango,Instrumental,Odeón,,3055,4475 B,Domingo Pelle,,,26-29 Electric boom,Luis Riccardi,Vicente Sciarretta,"Minotto, Ernesto Di Cicco, Ernesto Bianchi, Mario Canaro","Ernesto Pozio, Francisco Canaro, Mario Brugni","Piano, Bass, 4 Bandoneons, 3 Violins",,,,
Francisco Canaro,Orquesta Francisco Canaro,1928-08-23,Cualquier Cosa,,Tango,Charlo,Odeón,,3060,4485 B,Herminia Velich,Herminia Velich,,26-29 Electric boom,Luis Riccardi,Vicente Sciarretta,"Minotto, Ernesto Di Cicco, Ernesto Bianchi, Mario Canaro","Ernesto Pozio, Francisco Canaro, Mario Brugni","Piano, Bass, 4 Bandoneons, 3 Violins",,,,
Francisco Canaro,Orquesta Francisco Canaro,1928-08-23,El Manisero,,Tango,Charlo,Odeón,,3058,4485 A,Virgilio Carmona,Emilio Falero,,26-29 Electric boom,Luis Riccardi,Vicente Sciarretta,"Minotto, Ernesto Di Cicco, Ernesto Bianchi, Mario Canaro","Ernesto Pozio, Francisco Canaro, Mario Brugni","Piano, Bass, 4 Bandoneons, 3 Violins",,,,
Francisco Canaro,Orquesta Francisco Canaro,1928-08-23,Fierro Chifle,,Tango,Charlo,Odeón,,3059,4470 B,César De Pardo,Alfonso Lara,,26-29 Electric boom,Luis Riccardi,Vicente Sciarretta,"Minotto, Ernesto Di Cicco, Ernesto Bianchi, Mario Canaro","Ernesto Pozio, Francisco Canaro, Mario Brugni","Piano, Bass, 4 Bandoneons, 3 Violins",,,,
Francisco Canaro,Orquesta Francisco Canaro,1928-08-23,Refusilos,,Tango,Charlo,Odeón,,3056,4484 A,Máximo Sastre,Máximo Sastre,,26-29 Electric boom,Luis Riccardi,Vicente Sciarretta,"Minotto, Ernesto Di Cicco, Ernesto Bianchi, Mario Canaro","Ernesto Pozio, Francisco Canaro, Mario Brugni","Piano, Bass, 4 Bandoneons, 3 Violins",,,,
Francisco Canaro,Orquesta Francisco Canaro,1928-08-23,Te Aconsejo Que Me Olvides,Te Aconsejo Que Me Dejes,Tango,Charlo,Odeón,,3057,,Pedro Maffía,Jorge Curí,,26-29 Electric boom,Luis Riccardi,Vicente Sciarretta,"Minotto, Ernesto Di Cicco, Ernesto Bianchi, Mario Canaro","Ernesto Pozio, Francisco Canaro, Mario Brugni","Piano, Bass, 4 Bandoneons, 3 Violins",,,,
Francisco Canaro,Orquesta Francisco Canaro,1928-08-31,Haragán,,Tango,Charlo,Odeón,,3087,4473 A,Enrique Delfino,Manuel Romero,,26-29 Electric boom,Luis Riccardi,Vicente Sciarretta,"Minotto, Ernesto Di Cicco, Ernesto Bianchi, Mario Canaro","Ernesto Pozio, Francisco Canaro, Mario Brugni","Piano, Bass, 4 Bandoneons, 3 Violins",,,,
Francisco Canaro,Orquesta Francisco Canaro,1928-09-01,Alma en Pena,,Tango,Charlo,Odeón,,3089,4469 A,Anselmo Aieta,Francisco Jiménez,,26-29 Electric boom,Luis Riccardi,Olindo Sinibaldi,"Ángel Ramos, Ernesto Di Cicco, Héctor Moggio, Américo Bianchi, Mario Canaro","Ernesto Ponzio, Mario Brugni, Domingo Petillo","Piano, Bass, 5 Bandoneons, 3 Violins",,,,
Francisco Canaro,Orquesta Francisco Canaro,1928-09-01,Marioneta,,Tango,Charlo,Odeón,,3091,4476 A,Juan Guichandut,Armando Tagini,,26-29 Electric boom,Luis Riccardi,Olindo Sinibaldi,"Ángel Ramos, Ernesto Di Cicco, Héctor Moggio, Américo Bianchi, Mario Canaro","Ernesto Ponzio, Mario Brugni, Domingo Petillo","Piano, Bass, 5 Bandoneons, 3 Violins",,,,
Francisco Canaro,Orquesta Francisco Canaro,1928-09-01,Mariposa de Cabaret,,Tango,Charlo,Odeón,,3088,4461 A,Antonio Scatasso,Luis Acasuso,,26-29 Electric boom,Luis Riccardi,Olindo Sinibaldi,"Ángel Ramos, Ernesto Di Cicco, Héctor Moggio, Américo Bianchi, Mario Canaro","Ernesto Ponzio, Mario Brugni, Domingo Petillo","Piano, Bass, 5 Bandoneons, 3 Violins",,,,
Francisco Canaro,Orquesta Francisco Canaro,1928-09-01,Piedad,,Tango,Charlo,Odeón,,3090,4467 A,Carlos Percuoco,Luis De Biase,,26-29 Electric boom,Luis Riccardi,Olindo Sinibaldi,"Ángel Ramos, Ernesto Di Cicco, Héctor Moggio, Américo Bianchi, Mario Canaro","Ernesto Ponzio, Mario Brugni, Domingo Petillo","Piano, Bass, 5 Bandoneons, 3 Violins",,,,
Francisco Canaro,Orquesta Francisco Canaro,1928-09-03,Arco Iris,,Tango,Instrumental,Odeón,,3093,4471 A,Pedro Piana,Juan Reyes,,26-29 Electric boom,Luis Riccardi,Olindo Sinibaldi,"Ángel Ramos, Ernesto Di Cicco, Héctor Moggio, Américo Bianchi, Mario Canaro","Ernesto Ponzio, Mario Brugni, Domingo Petillo","Piano, Bass, 5 Bandoneons, 3 Violins",,,,
Francisco Canaro,Orquesta Francisco Canaro,1928-09-03,Chiquita,,Tango,Instrumental,Odeón,,3096,4486 B,Manuel Valerga,Manuel Valerga,,26-29 Electric boom,Luis Riccardi,Olindo Sinibaldi,"Ángel Ramos, Ernesto Di Cicco, Héctor Moggio, Américo Bianchi, Mario Canaro","Ernesto Ponzio, Mario Brugni, Domingo Petillo","Piano, Bass, 5 Bandoneons, 3 Violins",,,,
Francisco Canaro,Orquesta Francisco Canaro,1928-09-03,El Rasgueo,,Tango,Instrumental,Odeón,,3095,4470 A,Aníbal De Iturriaga,,,26-29 Electric boom,Luis Riccardi,Olindo Sinibaldi,"Ángel Ramos, Ernesto Di Cicco, Héctor Moggio, Américo Bianchi, Mario Canaro","Ernesto Ponzio, Mario Brugni, Domingo Petillo","Piano, Bass, 5 Bandoneons, 3 Violins",,,,
Francisco Canaro,Orquesta Francisco Canaro,1928-09-03,Muñeca Brava,,Tango,Instrumental,Odeón,,3092,4467 B,Luis Visca,Enrique Cadícamo,,26-29 Electric boom,Luis Riccardi,Olindo Sinibaldi,"Ángel Ramos, Ernesto Di Cicco, Héctor Moggio, Américo Bianchi, Mario Canaro","Ernesto Ponzio, Mario Brugni, Domingo Petillo","Piano, Bass, 5 Bandoneons, 3 Violins",,,,
Francisco Canaro,Orquesta Francisco Canaro,1928-09-03,Vieja Milonga,,Tango,Instrumental,Odeón,,3094,4472 A,Samuel Castriota,Eugenio Cárdenas,,26-29 Electric boom,Luis Riccardi,Olindo Sinibaldi,"Ángel Ramos, Ernesto Di Cicco, Héctor Moggio, Américo Bianchi, Mario Canaro","Ernesto Ponzio, Mario Brugni, Domingo Petillo","Piano, Bass, 5 Bandoneons, 3 Violins",,,,
Francisco Canaro,Orquesta Francisco Canaro,1928-09-10,Charito,,Tango,Instrumental,Odeón,,3132,4468 B,Restituto Alonso,,,26-29 Electric boom,Luis Riccardi,Olindo Sinibaldi,"Ángel Ramos, Ernesto Di Cicco, Héctor Moggio, Américo Bianchi, Mario Canaro","Ernesto Ponzio, Mario Brugni, Domingo Petillo","Piano, Bass, 5 Bandoneons, 3 Violins",,,,
Francisco Canaro,Orquesta Francisco Canaro,1928-09-10,Nelly,,Vals,Charlo,Odeón,,3135,4463 A,Héctor Bates,Luis Bates,,26-29 Electric boom,Luis Riccardi,Olindo Sinibaldi,"Ángel Ramos, Ernesto Di Cicco, Héctor Moggio, Américo Bianchi, Mario Canaro","Ernesto Ponzio, Mario Brugni, Domingo Petillo","Piano, Bass, 5 Bandoneons, 3 Violins",,,,
Francisco Canaro,Orquesta Francisco Canaro,1928-09-10,Seguí Mi Consejo,,Tango,Charlo,Odeón,,3134,4477 A,Salvador Merico,Eduardo Trongé,,26-29 Electric boom,Luis Riccardi,Olindo Sinibaldi,"Ángel Ramos, Ernesto Di Cicco, Héctor Moggio, Américo Bianchi, Mario Canaro","Ernesto Ponzio, Mario Brugni, Domingo Petillo","Piano, Bass, 5 Bandoneons, 3 Violins",,,,
Francisco Canaro,Orquesta Francisco Canaro,1928-09-10,Yo Soy Así,,Tango,Charlo,Odeón,,3133,4473 B,Fernando Montoni,Manuel Romero,,26-29 Electric boom,Luis Riccardi,Olindo Sinibaldi,"Ángel Ramos, Ernesto Di Cicco, Héctor Moggio, Américo Bianchi, Mario Canaro","Ernesto Ponzio, Mario Brugni, Domingo Petillo","Piano, Bass, 5 Bandoneons, 3 Violins",,,,
Francisco Canaro,Orquesta Francisco Canaro,1928-09-12,Parque Patricios,,Tango,Charlo,Odeón,,3155,4477 B,Oscar Arona,Oscar Arona,,26-29 Electric boom,Luis Riccardi,Olindo Sinibaldi,"Ángel Ramos, Ernesto Di Cicco, Héctor Moggio, Américo Bianchi, Mario Canaro","Ernesto Ponzio, Mario Brugni, Domingo Petillo","Piano, Bass, 5 Bandoneons, 3 Violins",,,,
Francisco Canaro,Orquesta Francisco Canaro,1928-09-12,Pata de Palo,,Tango,Charlo,Odeón,,3157,4486 A,Benjamín Lara,Benjamín Lara,,26-29 Electric boom,Luis Riccardi,Olindo Sinibaldi,"Ángel Ramos, Ernesto Di Cicco, Héctor Moggio, Américo Bianchi, Mario Canaro","Ernesto Ponzio, Mario Brugni, Domingo Petillo","Piano, Bass, 5 Bandoneons, 3 Violins",,,,
Francisco Canaro,Orquesta Francisco Canaro,1928-09-12,Renacimiento,,Tango,Instrumental,Odeón,,3154,4479 B,Rafael Canaro,,,26-29 Electric boom,Luis Riccardi,Olindo Sinibaldi,"Ángel Ramos, Ernesto Di Cicco, Héctor Moggio, Américo Bianchi, Mario Canaro","Ernesto Ponzio, Mario Brugni, Domingo Petillo","Piano, Bass, 5 Bandoneons, 3 Violins",,,,
Francisco Canaro,Orquesta Francisco Canaro,1928-09-12,Tú Debes Reír,,Tango,Charlo,Odeón,,3156,4478 A,Ernesto Rossi,Nito Di Sipio,,26-29 Electric boom,Luis Riccardi,Olindo Sinibaldi,"Ángel Ramos, Ernesto Di Cicco, Héctor Moggio, Américo Bianchi, Mario Canaro","Ernesto Ponzio, Mario Brugni, Domingo Petillo","Piano, Bass, 5 Bandoneons, 3 Violins",,,,
Francisco Canaro,Orquesta Francisco Canaro,1928-09-17,Parque Patricios,,Tango,Charlo,Odeón,,3177,16203 B,Oscar Arona,Oscar Arona,,26-29 Electric boom,Luis Riccardi,Olindo Sinibaldi,"Ángel Ramos, Ernesto Di Cicco, Héctor Moggio, Américo Bianchi, Mario Canaro","Ernesto Ponzio, Mario Brugni, Domingo Petillo","Piano, Bass, 5 Bandoneons, 3 Violins",,,,
Francisco Canaro,Orquesta Francisco Canaro,1928-09-17,Piedad,,Tango,Charlo,Odeón,,3178,16203 A,Carlos Percuoco,Luis De Biase,,26-29 Electric boom,Luis Riccardi,Olindo Sinibaldi,"Ángel Ramos, Ernesto Di Cicco, Héctor Moggio, Américo Bianchi, Mario Canaro","Ernesto Ponzio, Mario Brugni, Domingo Petillo","Piano, Bass, 5 Bandoneons, 3 Violins",,,,
Francisco Canaro,Orquesta Francisco Canaro,1928-09-17,Te Aconsejo Que Me Olvides,Te Aconsejo Que Me Dejes,Tango,Charlo,Odeón,,3179,,Pedro Maffía,Jorge Curí,,26-29 Electric boom,Luis Riccardi,Olindo Sinibaldi,"Ángel Ramos, Ernesto Di Cicco, Héctor Moggio, Américo Bianchi, Mario Canaro","Ernesto Ponzio, Mario Brugni, Domingo Petillo","Piano, Bass, 5 Bandoneons, 3 Violins",,,,
Francisco Canaro,Orquesta Francisco Canaro,1928-09-18,Barra Querida,La Barra,Tango,Charlo,Odeón,,,,Carlos Sánchez,César Vedani,,26-29 Electric boom,Luis Riccardi,Olindo Sinibaldi,"Ángel Ramos, Ernesto Di Cicco, Héctor Moggio, Américo Bianchi, Mario Canaro","Ernesto Ponzio, Mario Brugni, Domingo Petillo","Piano, Bass, 5 Bandoneons, 3 Violins",,,,
Francisco Canaro,Orquesta Francisco Canaro,1928-09-18,Noviecita Mía,,Tango,Charlo,Odeón,,3182,16205 A,Antonio Polito,Antonio Polito,,26-29 Electric boom,Luis Riccardi,Olindo Sinibaldi,"Ángel Ramos, Ernesto Di Cicco, Héctor Moggio, Américo Bianchi, Mario Canaro","Ernesto Ponzio, Mario Brugni, Domingo Petillo","Piano, Bass, 5 Bandoneons, 3 Violins",,,,
Francisco Canaro,Orquesta Francisco Canaro,1928-09-19,Bandoneón Arrabalero,,Tango,Charlo,Odeón,,3195,4481 B,Juan Deambroggio,Pascual Contursi,,26-29 Electric boom,Luis Riccardi,Olindo Sinibaldi,"Ángel Ramos, Ernesto Di Cicco, Héctor Moggio, Américo Bianchi, Mario Canaro","Ernesto Ponzio, Mario Brugni, Domingo Petillo","Piano, Bass, 5 Bandoneons, 3 Violins",,,,
Francisco Canaro,Orquesta Francisco Canaro,1928-09-19,Cuando Mi Barrio Se Duerme,,Tango,Charlo,Odeón,,3193,4480 A,Luis Teisseire,Juan Caruso,,26-29 Electric boom,Luis Riccardi,Olindo Sinibaldi,"Ángel Ramos, Ernesto Di Cicco, Héctor Moggio, Américo Bianchi, Mario Canaro","Ernesto Ponzio, Mario Brugni, Domingo Petillo","Piano, Bass, 5 Bandoneons, 3 Violins",,,,
Francisco Canaro,Orquesta Francisco Canaro,1928-09-19,De Corte Antiguo,Aguantalo Si Podés,Tango,Charlo,Odeón,,3194,4480 B,Charlo,Charlo,,26-29 Electric boom,Luis Riccardi,Olindo Sinibaldi,"Ángel Ramos, Ernesto Di Cicco, Héctor Moggio, Américo Bianchi, Mario Canaro","Ernesto Ponzio, Mario Brugni, Domingo Petillo","Piano, Bass, 5 Bandoneons, 3 Violins",,,,
Francisco Canaro,Orquesta Francisco Canaro,1928-09-19,Duelo Criollo,,Tango,Charlo,Odeón,,3192,16204 A,Juan Rezzano,Lito Bayardo,,26-29 Electric boom,Luis Riccardi,Olindo Sinibaldi,"Ángel Ramos, Ernesto Di Cicco, Héctor Moggio, Américo Bianchi, Mario Canaro","Ernesto Ponzio, Mario Brugni, Domingo Petillo","Piano, Bass, 5 Bandoneons, 3 Violins",,,,
Francisco Canaro,Orquesta Francisco Canaro,1928-09-19,Tú Debes Reír,,Tango,Charlo,Odeón,,3191,16204 B,Ernesto Rossi,Nito Di Sipio,,26-29 Electric boom,Luis Riccardi,Olindo Sinibaldi,"Ángel Ramos, Ernesto Di Cicco, Héctor Moggio, Américo Bianchi, Mario Canaro","Ernesto Ponzio, Mario Brugni, Domingo Petillo","Piano, Bass, 5 Bandoneons, 3 Violins",,,,
Francisco Canaro,Orquesta Francisco Canaro,1928-09-25,Amor Que Muere,,Vals,Charlo,Odeón,,3250,4482 A,Juan Filiberto,Enrique Cadícamo,,26-29 Electric boom,Luis Riccardi,Olindo Sinibaldi,"Ángel Ramos, Ernesto Di Cicco, Héctor Moggio, Américo Bianchi, Mario Canaro","Ernesto Ponzio, Mario Brugni, Domingo Petillo","Piano, Bass, 5 Bandoneons, 3 Violins",,,,
Francisco Canaro,Orquesta Francisco Canaro,1928-09-25,Qué Le Importa,,Tango,Instrumental,Odeón,,3249,,Dora Iturriaga,,,26-29 Electric boom,Luis Riccardi,Olindo Sinibaldi,"Ángel Ramos, Ernesto Di Cicco, Héctor Moggio, Américo Bianchi, Mario Canaro","Ernesto Ponzio, Mario Brugni, Domingo Petillo","Piano, Bass, 5 Bandoneons, 3 Violins",,,,
Francisco Canaro,Orquesta Francisco Canaro,1928-09-25,Te Aconsejo Que Me Olvides,Te Aconsejo Que Me Dejes,Tango,Instrumental,Odeón,,3057,4468 A,Pedro Maffía,Jorge Curí,,26-29 Electric boom,Luis Riccardi,Olindo Sinibaldi,"Ángel Ramos, Ernesto Di Cicco, Héctor Moggio, Américo Bianchi, Mario Canaro","Ernesto Ponzio, Mario Brugni, Domingo Petillo","Piano, Bass, 5 Bandoneons, 3 Violins",,,,
Francisco Canaro,Orquesta Francisco Canaro,1928-09-26,Malevaje,,Tango,Charlo,Odeón,,3251,,Juan Filiberto,Enrique Discépolo,,26-29 Electric boom,Luis Riccardi,Olindo Sinibaldi,"Ángel Ramos, Ernesto Di Cicco, Héctor Moggio, Américo Bianchi, Mario Canaro","Ernesto Ponzio, Mario Brugni, Domingo Petillo","Piano, Bass, 5 Bandoneons, 3 Violins",,,,
Francisco Canaro,Orquesta Francisco Canaro,1928-09-26,Mi Estrella,,Tango,Charlo,Odeón,,3252,4489 B,Pedro Molteni,Pedro Molteni,,26-29 Electric boom,Luis Riccardi,Olindo Sinibaldi,"Ángel Ramos, Ernesto Di Cicco, Héctor Moggio, Américo Bianchi, Mario Canaro","Ernesto Ponzio, Mario Brugni, Domingo Petillo","Piano, Bass, 5 Bandoneons, 3 Violins",,,,
Francisco Canaro,Orquesta Francisco Canaro,1928-10-03,Fayuta,,Tango,Charlo,Odeón,,3291,4504 B,Pedro Precona,"Domingo Precona, Dante Linyera",,26-29 Electric boom,Luis Riccardi,Olindo Sinibaldi,"Ángel Ramos, Ernesto Di Cicco, Héctor Moggio, Américo Bianchi, Mario Canaro","Ernesto Ponzio, Mario Brugni, Domingo Petillo","Piano, Bass, 5 Bandoneons, 3 Violins",,,,
Francisco Canaro,Orquesta Francisco Canaro,1928-10-03,Las Vueltas de la Vida,,Tango,Charlo,Odeón,,3290,4481 A,Francisco Canaro,Manuel Romero,,26-29 Electric boom,Luis Riccardi,Olindo Sinibaldi,"Ángel Ramos, Ernesto Di Cicco, Héctor Moggio, Américo Bianchi, Mario Canaro","Ernesto Ponzio, Mario Brugni, Domingo Petillo","Piano, Bass, 5 Bandoneons, 3 Violins",,,,
Francisco Canaro,Orquesta Francisco Canaro,1928-10-03,Pebeta Elegante,,Tango,Instrumental,Odeón,,3288,4505 B,Domingo Gómez,,,26-29 Electric boom,Luis Riccardi,Olindo Sinibaldi,"Ángel Ramos, Ernesto Di Cicco, Héctor Moggio, Américo Bianchi, Mario Canaro","Ernesto Ponzio, Mario Brugni, Domingo Petillo","Piano, Bass, 5 Bandoneons, 3 Violins",,,,
Francisco Canaro,Orquesta Francisco Canaro,1928-10-03,Renacimiento,,Tango,Instrumental,Odeón,,3154,4479 B,Rafael Canaro,,,26-29 Electric boom,Luis Riccardi,Olindo Sinibaldi,"Ángel Ramos, Ernesto Di Cicco, Héctor Moggio, Américo Bianchi, Mario Canaro","Ernesto Ponzio, Mario Brugni, Domingo Petillo","Piano, Bass, 5 Bandoneons, 3 Violins",,,,
Francisco Canaro,Orquesta Francisco Canaro,1928-10-03,Yo Te Acuso,,Tango,Charlo,Odeón,,3289,4498 B,Fausto Frontera,Francisco Brancatti,,26-29 Electric boom,Luis Riccardi,Olindo Sinibaldi,"Ángel Ramos, Ernesto Di Cicco, Héctor Moggio, Américo Bianchi, Mario Canaro","Ernesto Ponzio, Mario Brugni, Domingo Petillo","Piano, Bass, 5 Bandoneons, 3 Violins",,,,
Francisco Canaro,Orquesta Francisco Canaro,1928-10-05,El Timbero,,Tango,Charlo,Odeón,,3311,,Francisco Canaro,Juan Caruso,,26-29 Electric boom,Luis Riccardi,Olindo Sinibaldi,"Ángel Ramos, Ernesto Di Cicco, Héctor Moggio, Américo Bianchi, Mario Canaro","Ernesto Ponzio, Mario Brugni, Domingo Petillo","Piano, Bass, 5 Bandoneons, 3 Violins",,,,
Francisco Canaro,Orquesta Francisco Canaro,1928-10-05,Las Vueltas de la Vida,,Tango,Charlo,Odeón,,3313,16207 B,Francisco Canaro,Manuel Romero,,26-29 Electric boom,Luis Riccardi,Olindo Sinibaldi,"Ángel Ramos, Ernesto Di Cicco, Héctor Moggio, Américo Bianchi, Mario Canaro","Ernesto Ponzio, Mario Brugni, Domingo Petillo","Piano, Bass, 5 Bandoneons, 3 Violins",,,,
Francisco Canaro,Orquesta Francisco Canaro,1928-10-05,Nelly,,Vals,Charlo,Odeón,,3310,16207 A,Héctor Bates,Luis Bates,,26-29 Electric boom,Luis Riccardi,Olindo Sinibaldi,"Ángel Ramos, Ernesto Di Cicco, Héctor Moggio, Américo Bianchi, Mario Canaro","Ernesto Ponzio, Mario Brugni, Domingo Petillo","Piano, Bass, 5 Bandoneons, 3 Violins",,,,
Francisco Canaro,Orquesta Francisco Canaro,1928-10-05,Pinta Brava,,Tango,Charlo,Odeón,,3309,16208 B,Charlo,Mario Battistella,,26-29 Electric boom,Luis Riccardi,Olindo Sinibaldi,"Ángel Ramos, Ernesto Di Cicco, Héctor Moggio, Américo Bianchi, Mario Canaro","Ernesto Ponzio, Mario Brugni, Domingo Petillo","Piano, Bass, 5 Bandoneons, 3 Violins",,,,
Francisco Canaro,Orquesta Francisco Canaro,1928-10-10,Bebamos Juntos,,Tango,Charlo,Odeón,,3328,4493 B,Mario Brugni,Enrique Cadícamo,,26-29 Electric boom,Luis Riccardi,Olindo Sinibaldi,"Ángel Ramos, Ernesto Di Cicco, Héctor Moggio, Américo Bianchi, Mario Canaro","Ernesto Ponzio, Mario Brugni, Domingo Petillo","Piano, Bass, 5 Bandoneons, 3 Violins",,,,
Francisco Canaro,Orquesta Francisco Canaro,1928-10-10,Con Alma y Vida,,Tango,Charlo,Odeón,,3326,4499 B,Raúl De Los Hoyos,Emilio Fresedo,,26-29 Electric boom,Luis Riccardi,Olindo Sinibaldi,"Ángel Ramos, Ernesto Di Cicco, Héctor Moggio, Américo Bianchi, Mario Canaro","Ernesto Ponzio, Mario Brugni, Domingo Petillo","Piano, Bass, 5 Bandoneons, 3 Violins",,,,
Francisco Canaro,Orquesta Francisco Canaro,1928-10-10,Emoción,,Tango,Instrumental,Odeón,,3325,4484 B,Próspero Cimaglia,,,26-29 Electric boom,Luis Riccardi,Olindo Sinibaldi,"Ángel Ramos, Ernesto Di Cicco, Héctor Moggio, Américo Bianchi, Mario Canaro","Ernesto Ponzio, Mario Brugni, Domingo Petillo","Piano, Bass, 5 Bandoneons, 3 Violins",,,,
Francisco Canaro,Orquesta Francisco Canaro,1928-10-10,En Tren de Lujo,,Tango,Charlo,Odeón,,3327,4488 A,Américo Bianchi,Américo Bianchi,,26-29 Electric boom,Luis Riccardi,Olindo Sinibaldi,"Ángel Ramos, Ernesto Di Cicco, Héctor Moggio, Américo Bianchi, Mario Canaro","Ernesto Ponzio, Mario Brugni, Domingo Petillo","Piano, Bass, 5 Bandoneons, 3 Violins",,,,
Francisco Canaro,Orquesta Francisco Canaro,1928-10-10,La Taba de la Vida,,Tango,Charlo,Odeón,,3329,4483 B,Félix Almeyda,Carlos De Paoli,,26-29 Electric boom,Luis Riccardi,Olindo Sinibaldi,"Ángel Ramos, Ernesto Di Cicco, Héctor Moggio, Américo Bianchi, Mario Canaro","Ernesto Ponzio, Mario Brugni, Domingo Petillo","Piano, Bass, 5 Bandoneons, 3 Violins",,,,
Francisco Canaro,Orquesta Francisco Canaro,1928-10-10,Viejo Callejón,,Tango,Charlo,Odeón,,3330,16217 A,Juan Culiersi,Adolfo Urgo,,26-29 Electric boom,Luis Riccardi,Olindo Sinibaldi,"Ángel Ramos, Ernesto Di Cicco, Héctor Moggio, Américo Bianchi, Mario Canaro","Ernesto Ponzio, Mario Brugni, Domingo Petillo","Piano, Bass, 5 Bandoneons, 3 Violins",,,,
Francisco Canaro,Orquesta Francisco Canaro,1928-10-17,Amor Que Muere,,Vals,Charlo,Odeón,,3358,4482 A,Juan Filiberto,Arturo Kolbenheyer,,26-29 Electric boom,Luis Riccardi,Olindo Sinibaldi,"Ángel Ramos, Ernesto Di Cicco, Héctor Moggio, Américo Bianchi, Mario Canaro","Ernesto Ponzio, Mario Brugni, Domingo Petillo","Piano, Bass, 5 Bandoneons, 3 Violins",,,,
Francisco Canaro,Orquesta Francisco Canaro,1928-10-17,La Cieguita de Florida,,Tango,Charlo,Odeón,,3359,4490 B,Humberto Canaro,Manuel Arroyo,,26-29 Electric boom,Luis Riccardi,Olindo Sinibaldi,"Ángel Ramos, Ernesto Di Cicco, Héctor Moggio, Américo Bianchi, Mario Canaro","Ernesto Ponzio, Mario Brugni, Domingo Petillo","Piano, Bass, 5 Bandoneons, 3 Violins",,,,
Francisco Canaro,Orquesta Francisco Canaro,1928-10-17,Malevaje,,Tango,Charlo,Odeón,,3251,4482 B,Juan Filiberto,Enrique Discépolo,,26-29 Electric boom,Luis Riccardi,Olindo Sinibaldi,"Ángel Ramos, Ernesto Di Cicco, Héctor Moggio, Américo Bianchi, Mario Canaro","Ernesto Ponzio, Mario Brugni, Domingo Petillo","Piano, Bass, 5 Bandoneons, 3 Violins",,,,
Francisco Canaro,Orquesta Francisco Canaro,1928-10-17,Qué No Se Diga,,Tango,Instrumental,Odeón,,3357,4488 B,Antonio Polito,,,26-29 Electric boom,Luis Riccardi,Olindo Sinibaldi,"Ángel Ramos, Ernesto Di Cicco, Héctor Moggio, Américo Bianchi, Mario Canaro","Ernesto Ponzio, Mario Brugni, Domingo Petillo","Piano, Bass, 5 Bandoneons, 3 Violins",,,,
Francisco Canaro,Orquesta Francisco Canaro,1928-10-17,Sería Seriola,,Tango,Charlo,Odeón,,3360,4491 A,Francisco Riccardi,Tomás Simari,,26-29 Electric boom,Luis Riccardi,Olindo Sinibaldi,"Ángel Ramos, Ernesto Di Cicco, Héctor Moggio, Américo Bianchi, Mario Canaro","Ernesto Ponzio, Mario Brugni, Domingo Petillo","Piano, Bass, 5 Bandoneons, 3 Violins",,,,
Francisco Canaro,Orquesta Francisco Canaro,1928-10-19,Charmaine,,Vals,Charlo,Odeón,,3376,16211 A,Erno Rapee,Enrique Cadícamo,,26-29 Electric boom,Luis Riccardi,Olindo Sinibaldi,"Ángel Ramos, Ernesto Di Cicco, Héctor Moggio, Américo Bianchi, Mario Canaro","Ernesto Ponzio, Mario Brugni, Domingo Petillo","Piano, Bass, 5 Bandoneons, 3 Violins",,,,
Francisco Canaro,Orquesta Francisco Canaro,1928-10-19,El Timbero,,Tango,Charlo,Odeón,,3311 Rep.,16209 A,Francisco Canaro,Juan Caruso,,26-29 Electric boom,Luis Riccardi,Olindo Sinibaldi,"Ángel Ramos, Ernesto Di Cicco, Héctor Moggio, Américo Bianchi, Mario Canaro","Ernesto Ponzio, Mario Brugni, Domingo Petillo","Piano, Bass, 5 Bandoneons, 3 Violins",,,,
Francisco Canaro,Orquesta Francisco Canaro,1928-10-22,Decí Pebeta Porqué,Decime Pebeta Porqué,Tango,Charlo,Odeón,,3378,16213 B,Pedro Maffía,Tomás Simari,,26-29 Electric boom,Luis Riccardi,Olindo Sinibaldi,"Ángel Ramos, Ernesto Di Cicco, Héctor Moggio, Américo Bianchi, Mario Canaro","Ernesto Ponzio, Mario Brugni, Domingo Petillo","Piano, Bass, 5 Bandoneons, 3 Violins",,,,
Francisco Canaro,Orquesta Francisco Canaro,1928-10-22,El Desdeñoso,,Tango,Charlo,Odeón,,3377,16211 B,Salvador Merico,,,26-29 Electric boom,Luis Riccardi,Olindo Sinibaldi,"Ángel Ramos, Ernesto Di Cicco, Héctor Moggio, Américo Bianchi, Mario Canaro","Ernesto Ponzio, Mario Brugni, Domingo Petillo","Piano, Bass, 5 Bandoneons, 3 Violins",,,,
Francisco Canaro,Orquesta Francisco Canaro,1928-10-24,Aquel Tapado de Armiño,,Tango,Charlo,Odeón,,3386,4487 A,Enrique Delfino,Manuel Romero,,26-29 Electric boom,Luis Riccardi,Olindo Sinibaldi,"Ángel Ramos, Ernesto Di Cicco, Héctor Moggio, Américo Bianchi, Mario Canaro","Ernesto Ponzio, Mario Brugni, Domingo Petillo","Piano, Bass, 5 Bandoneons, 3 Violins",,,,
Francisco Canaro,Orquesta Francisco Canaro,1928-10-24,Charmaine,,Vals,Charlo,Odeón,,3384,4489 A,Erno Rapee,Enrique Cadícamo,,26-29 Electric boom,Luis Riccardi,Olindo Sinibaldi,"Ángel Ramos, Ernesto Di Cicco, Héctor Moggio, Américo Bianchi, Mario Canaro","Ernesto Ponzio, Mario Brugni, Domingo Petillo","Piano, Bass, 5 Bandoneons, 3 Violins",,,,
Francisco Canaro,Orquesta Francisco Canaro,1928-10-24,Del Viejo Barrio Porteño,,Tango,Charlo,Odeón,,3387,16210 B,Andrés Doménech,,,26-29 Electric boom,Luis Riccardi,Olindo Sinibaldi,"Ángel Ramos, Ernesto Di Cicco, Héctor Moggio, Américo Bianchi, Mario Canaro","Ernesto Ponzio, Mario Brugni, Domingo Petillo","Piano, Bass, 5 Bandoneons, 3 Violins",,,,
Francisco Canaro,Orquesta Francisco Canaro,1928-10-24,Fracasado,,Tango,Charlo,Odeón,,3385,4495 B,J. Lospi,Eugenio Cárdenas,,26-29 Electric boom,Luis Riccardi,Olindo Sinibaldi,"Ángel Ramos, Ernesto Di Cicco, Héctor Moggio, Américo Bianchi, Mario Canaro","Ernesto Ponzio, Mario Brugni, Domingo Petillo","Piano, Bass, 5 Bandoneons, 3 Violins",,,,
Francisco Canaro,Orquesta Francisco Canaro,1928-10-24,Monadita,,Tango,Instrumental,Odeón,,3383,4507 A,Saly Nisguritz,,,26-29 Electric boom,Luis Riccardi,Olindo Sinibaldi,"Ángel Ramos, Ernesto Di Cicco, Héctor Moggio, Américo Bianchi, Mario Canaro","Ernesto Ponzio, Mario Brugni, Domingo Petillo","Piano, Bass, 5 Bandoneons, 3 Violins",,,,
Francisco Canaro,Orquesta Francisco Canaro,1928-10-31,Clemencia,,Tango,Charlo,Odeón,,3422,4511 B,Roberto Tosi,Juan Gigirey,,26-29 Electric boom,Luis Riccardi,Olindo Sinibaldi,"Ángel Ramos, Ernesto Di Cicco, Héctor Moggio, Américo Bianchi, Mario Canaro","Ernesto Ponzio, Mario Brugni, Domingo Petillo","Piano, Bass, 5 Bandoneons, 3 Violins",,,,
Francisco Canaro,Orquesta Francisco Canaro,1928-10-31,Culpas Ajenas,,Tango,Instrumental,Odeón,,3421,4497 B,Ernesto Ponzio,Jorge Curí,,26-29 Electric boom,Luis Riccardi,Olindo Sinibaldi,"Ángel Ramos, Ernesto Di Cicco, Héctor Moggio, Américo Bianchi, Mario Canaro","Ernesto Ponzio, Mario Brugni, Domingo Petillo","Piano, Bass, 5 Bandoneons, 3 Violins",,,,
Francisco Canaro,Orquesta Francisco Canaro,1928-10-31,Entre Sueños,,Tango,Charlo,Odeón,,3423,4490 A,Anselmo Polito,Francisco Jiménez,,26-29 Electric boom,Luis Riccardi,Olindo Sinibaldi,"Ángel Ramos, Ernesto Di Cicco, Héctor Moggio, Américo Bianchi, Mario Canaro","Ernesto Ponzio, Mario Brugni, Domingo Petillo","Piano, Bass, 5 Bandoneons, 3 Violins",,,,
Francisco Canaro,Orquesta Francisco Canaro,1928-10-31,Flor de Ceibo,,Tango,Charlo,Odeón,,3424,4496 B,Eduardo Ponzio,Armando Tagini,,26-29 Electric boom,Luis Riccardi,Olindo Sinibaldi,"Ángel Ramos, Ernesto Di Cicco, Héctor Moggio, Américo Bianchi, Mario Canaro","Ernesto Ponzio, Mario Brugni, Domingo Petillo","Piano, Bass, 5 Bandoneons, 3 Violins",,,,
Francisco Canaro,Orquesta Francisco Canaro,1928-10-31,Mi Doctor,,Tango,Instrumental,Odeón,,3420,4487 B,Mario Canaro,,,26-29 Electric boom,Luis Riccardi,Olindo Sinibaldi,"Ángel Ramos, Ernesto Di Cicco, Héctor Moggio, Américo Bianchi, Mario Canaro","Ernesto Ponzio, Mario Brugni, Domingo Petillo","Piano, Bass, 5 Bandoneons, 3 Violins",,,,
Francisco Canaro,Orquesta Francisco Canaro,1928-11-07,El Beso Aquel,,Tango,Charlo,Odeón,,3451,4506 B,Isaías Pittaluga,H. De Tirzo,,26-29 Electric boom,Luis Riccardi,Olindo Sinibaldi,"Ángel Ramos, Ernesto Di Cicco, Héctor Moggio, Américo Bianchi, Mario Canaro","Ernesto Ponzio, Mario Brugni, Domingo Petillo","Piano, Bass, 5 Bandoneons, 3 Violins",,,,
Francisco Canaro,Orquesta Francisco Canaro,1928-11-07,Siempre Te Recuerdo,,Vals,Charlo,Odeón,,3455,,José Mocciola,Francisco Brancatti,,26-29 Electric boom,Luis Riccardi,Olindo Sinibaldi,"Ángel Ramos, Ernesto Di Cicco, Héctor Moggio, Américo Bianchi, Mario Canaro","Ernesto Ponzio, Mario Brugni, Domingo Petillo","Piano, Bass, 5 Bandoneons, 3 Violins",,,,
Francisco Canaro,Orquesta Francisco Canaro,1928-11-07,Uno y Uno,1 y 1,Tango,Charlo,Odeón,,3452,4492 A,Julio Pollero,Lorenzo Traverso,,26-29 Electric boom,Luis Riccardi,Olindo Sinibaldi,"Ángel Ramos, Ernesto Di Cicco, Héctor Moggio, Américo Bianchi, Mario Canaro","Ernesto Ponzio, Mario Brugni, Domingo Petillo","Piano, Bass, 5 Bandoneons, 3 Violins",,,,
Francisco Canaro,Orquesta Francisco Canaro,1928-11-14,La Mascota,,Tango,Charlo,Odeón,,3488,4506 A,Agustín Paredes,Oscar Oscaria,,26-29 Electric boom,Luis Riccardi,Olindo Sinibaldi,"Ángel Ramos, Ernesto Di Cicco, Héctor Moggio, Américo Bianchi, Mario Canaro","Ernesto Ponzio, Mario Brugni, Domingo Petillo","Piano, Bass, 5 Bandoneons, 3 Violins",,,,
Francisco Canaro,Orquesta Francisco Canaro,1928-11-14,Moneda Corriente,,Tango,Charlo,Odeón,,3487,4510 A,Antonio Scatasso,Alfredo Bertonasco,,26-29 Electric boom,Luis Riccardi,Olindo Sinibaldi,"Ángel Ramos, Ernesto Di Cicco, Héctor Moggio, Américo Bianchi, Mario Canaro","Ernesto Ponzio, Mario Brugni, Domingo Petillo","Piano, Bass, 5 Bandoneons, 3 Violins",,,,
Francisco Canaro,Orquesta Francisco Canaro,1928-11-14,Piantate Por Favor,,Tango,Charlo,Odeón,,3489,4509 A,D'Abraccio,Máximo Orsi,,26-29 Electric boom,Luis Riccardi,Olindo Sinibaldi,"Ángel Ramos, Ernesto Di Cicco, Héctor Moggio, Américo Bianchi, Mario Canaro","Ernesto Ponzio, Mario Brugni, Domingo Petillo","Piano, Bass, 5 Bandoneons, 3 Violins",,,,
Francisco Canaro,Orquesta Francisco Canaro,1928-11-21,Bajo el Beso de la Luna,,Tango,Charlo,Odeón,,3513,4504 A,Raúl De Los Hoyos,José Riú,,26-29 Electric boom,Luis Riccardi,Olindo Sinibaldi,"Ángel Ramos, Ernesto Di Cicco, Héctor Moggio, Américo Bianchi, Mario Canaro","Ernesto Ponzio, Mario Brugni, Domingo Petillo","Piano, Bass, 5 Bandoneons, 3 Violins",,,,
Francisco Canaro,Orquesta Francisco Canaro,1928-11-21,Dentrá No Llorés,,Tango,Charlo,Odeón,,3512,4505 A,Orfilia De Berenguer,Eduardo Hébequer,,26-29 Electric boom,Luis Riccardi,Olindo Sinibaldi,"Ángel Ramos, Ernesto Di Cicco, Héctor Moggio, Américo Bianchi, Mario Canaro","Ernesto Ponzio, Mario Brugni, Domingo Petillo","Piano, Bass, 5 Bandoneons, 3 Violins",,,,
Francisco Canaro,Orquesta Francisco Canaro,1928-11-21,Pobre Gaucho,,Tango,Charlo,Odeón,,3511,4507 B,Raúl Pérez,,,26-29 Electric boom,Luis Riccardi,Olindo Sinibaldi,"Ángel Ramos, Ernesto Di Cicco, Héctor Moggio, Américo Bianchi, Mario Canaro","Ernesto Ponzio, Mario Brugni, Domingo Petillo","Piano, Bass, 5 Bandoneons, 3 Violins",,,,
Francisco Canaro,Orquesta Francisco Canaro,1928-11-21,Regalo de Bodas,,Tango,Instrumental,Odeón,,3515,4494 B,Francisco Canosa,,,26-29 Electric boom,Luis Riccardi,Olindo Sinibaldi,"Ángel Ramos, Ernesto Di Cicco, Héctor Moggio, Américo Bianchi, Mario Canaro","Ernesto Ponzio, Mario Brugni, Domingo Petillo","Piano, Bass, 5 Bandoneons, 3 Violins",,,,
Francisco Canaro,Orquesta Francisco Canaro,1928-11-26,Alma en Pena,,Tango,Charlo,Odeón,,3534,,Anselmo Aieta,Francisco Jiménez,,26-29 Electric boom,Luis Riccardi,Olindo Sinibaldi,"Ángel Ramos, Ernesto Di Cicco, Héctor Moggio, Américo Bianchi, Mario Canaro","Ernesto Ponzio, Mario Brugni, Domingo Petillo","Piano, Bass, 5 Bandoneons, 3 Violins",,,,
Francisco Canaro,Orquesta Francisco Canaro,1928-11-26,Qué No Se Diga,,Tango,Charlo,Odeón,,3535,16214 B,Antonio Polito,,,26-29 Electric boom,Luis Riccardi,Olindo Sinibaldi,"Ángel Ramos, Ernesto Di Cicco, Héctor Moggio, Américo Bianchi, Mario Canaro","Ernesto Ponzio, Mario Brugni, Domingo Petillo","Piano, Bass, 5 Bandoneons, 3 Violins",,,,
Francisco Canaro,Orquesta Francisco Canaro,1928-11-26,Sería Seriola,,Tango,Charlo,Odeón,,3532,16216 A,Francisco Riccardi,,,26-29 Electric boom,Luis Riccardi,Olindo Sinibaldi,"Ángel Ramos, Ernesto Di Cicco, Héctor Moggio, Américo Bianchi, Mario Canaro","Ernesto Ponzio, Mario Brugni, Domingo Petillo","Piano, Bass, 5 Bandoneons, 3 Violins",,,,
Francisco Canaro,Orquesta Francisco Canaro,1928-11-26,Suerte Loca,,Tango,Charlo,Odeón,,3533,16212 B,Anselmo Aieta,Francisco Jiménez,,26-29 Electric boom,Luis Riccardi,Olindo Sinibaldi,"Ángel Ramos, Ernesto Di Cicco, Héctor Moggio, Américo Bianchi, Mario Canaro","Ernesto Ponzio, Mario Brugni, Domingo Petillo","Piano, Bass, 5 Bandoneons, 3 Violins",,,,
Francisco Canaro,Orquesta Francisco Canaro,1928-11-27,Siempre Te Recuerdo,,Vals,Charlo,Odeón,,3455,4491 B,José Mocciola,Francisco Brancatti,,26-29 Electric boom,Luis Riccardi,Olindo Sinibaldi,"Ángel Ramos, Ernesto Di Cicco, Héctor Moggio, Américo Bianchi, Mario Canaro","Ernesto Ponzio, Mario Brugni, Domingo Petillo","Piano, Bass, 5 Bandoneons, 3 Violins",,,,
Francisco Canaro,Orquesta Francisco Canaro,1928-11-28,Azucena,,Vals,Charlo,Odeón,,3549,4493 A,Carlos Sánchez,Luis Bates,,26-29 Electric boom,Luis Riccardi,Olindo Sinibaldi,"Ángel Ramos, Ernesto Di Cicco, Héctor Moggio, Américo Bianchi, Mario Canaro","Ernesto Ponzio, Mario Brugni, Domingo Petillo","Piano, Bass, 5 Bandoneons, 3 Violins",,,,
Francisco Canaro,Orquesta Francisco Canaro,1928-11-28,El Último Golpe,,Tango,Charlo,Odeón,,3550,4501 B,Francisco Riccardi,Humberto Graziano,,26-29 Electric boom,Luis Riccardi,Olindo Sinibaldi,"Ángel Ramos, Ernesto Di Cicco, Héctor Moggio, Américo Bianchi, Mario Canaro","Ernesto Ponzio, Mario Brugni, Domingo Petillo","Piano, Bass, 5 Bandoneons, 3 Violins",,,,
Francisco Canaro,Orquesta Francisco Canaro,1928-11-28,Luna de Honolulu,Honolulu Moon,Vals,Charlo,Odeón,,3548,4498 A,Fred Lawrence,Carlos Bates,,26-29 Electric boom,Luis Riccardi,Olindo Sinibaldi,"Ángel Ramos, Ernesto Di Cicco, Héctor Moggio, Américo Bianchi, Mario Canaro","Ernesto Ponzio, Mario Brugni, Domingo Petillo","Piano, Bass, 5 Bandoneons, 3 Violins",,,,
Francisco Canaro,Orquesta Francisco Canaro,1928-11-28,Pero Yo Sé,,Tango,Charlo,Odeón,,3547,4499 A,Azucena Maizani,Azucena Maizani,,26-29 Electric boom,Luis Riccardi,Olindo Sinibaldi,"Ángel Ramos, Ernesto Di Cicco, Héctor Moggio, Américo Bianchi, Mario Canaro","Ernesto Ponzio, Mario Brugni, Domingo Petillo","Piano, Bass, 5 Bandoneons, 3 Violins",,,,
Francisco Canaro,Orquesta Francisco Canaro,1928-12-03,Buenas Noches,,Tango,Charlo,Odeón,,3581,4503 A,Juan Labadia,Juan Labadia,,26-29 Electric boom,Luis Riccardi,Olindo Sinibaldi,"Ángel Ramos, Ernesto Di Cicco, Héctor Moggio, Américo Bianchi, Mario Canaro","Ernesto Ponzio, Mario Brugni, Domingo Petillo","Piano, Bass, 5 Bandoneons, 3 Violins",,,,
Francisco Canaro,Orquesta Francisco Canaro,1928-12-03,Qué Le Importa,,Tango,Instrumental,Odeón,,3249,4511 A,Dora Iturriaga,,,26-29 Electric boom,Luis Riccardi,Olindo Sinibaldi,"Ángel Ramos, Ernesto Di Cicco, Héctor Moggio, Américo Bianchi, Mario Canaro","Ernesto Ponzio, Mario Brugni, Domingo Petillo","Piano, Bass, 5 Bandoneons, 3 Violins",,,,
Francisco Canaro,Orquesta Francisco Canaro,1928-12-03,Un Sueño,,Tango,Instrumental,Odeón,,3580,4620 B,Alfredo Ambrosio,,,26-29 Electric boom,Luis Riccardi,Olindo Sinibaldi,"Ángel Ramos, Ernesto Di Cicco, Héctor Moggio, Américo Bianchi, Mario Canaro","Ernesto Ponzio, Mario Brugni, Domingo Petillo","Piano, Bass, 5 Bandoneons, 3 Violins",,,,
Francisco Canaro,Orquesta Francisco Canaro,1928-12-05,Cosas de la Vida,,Tango,Charlo,Odeón,,3582,4503 B,Abraham Zubritzky,Enrique Dizeo,,26-29 Electric boom,Luis Riccardi,Olindo Sinibaldi,"Ángel Ramos, Ernesto Di Cicco, Héctor Moggio, Américo Bianchi, Mario Canaro","Ernesto Ponzio, Mario Brugni, Domingo Petillo","Piano, Bass, 5 Bandoneons, 3 Violins",,,,
Francisco Canaro,Orquesta Francisco Canaro,1928-12-05,Rosina,,Tango,Charlo,Odeón,,3583,4502 B,Rafael Tuegols,Manuel Arroyo,,26-29 Electric boom,Luis Riccardi,Olindo Sinibaldi,"Ángel Ramos, Ernesto Di Cicco, Héctor Moggio, Américo Bianchi, Mario Canaro","Ernesto Ponzio, Mario Brugni, Domingo Petillo","Piano, Bass, 5 Bandoneons, 3 Violins",,,,
Francisco Canaro,Orquesta Francisco Canaro,1928-12-06,Azucena,,Vals,Charlo,Odeón,,3589,16214 A,Carlos Sánchez,,,26-29 Electric boom,Luis Riccardi,Olindo Sinibaldi,"Ángel Ramos, Ernesto Di Cicco, Héctor Moggio, Américo Bianchi, Mario Canaro","Ernesto Ponzio, Mario Brugni, Domingo Petillo","Piano, Bass, 5 Bandoneons, 3 Violins",,,,
Francisco Canaro,Orquesta Francisco Canaro,1928-12-06,Luna de Honolulu,Honolulu Moon,Vals,Charlo,Odeón,,3588,16213 A,Fred Lawrence,Carlos Bates,,26-29 Electric boom,Luis Riccardi,Olindo Sinibaldi,"Ángel Ramos, Ernesto Di Cicco, Héctor Moggio, Américo Bianchi, Mario Canaro","Ernesto Ponzio, Mario Brugni, Domingo Petillo","Piano, Bass, 5 Bandoneons, 3 Violins",,,,
Francisco Canaro,Orquesta Francisco Canaro,1928-12-07,Chiquita,,Vals,Charlo,Odeón,,3590,16212 A,Mabel Wayne,Abelardo Ferreyra,,26-29 Electric boom,Luis Riccardi,Olindo Sinibaldi,"Ángel Ramos, Ernesto Di Cicco, Héctor Moggio, Américo Bianchi, Mario Canaro","Ernesto Ponzio, Mario Brugni, Domingo Petillo","Piano, Bass, 5 Bandoneons, 3 Violins",,,,
Francisco Canaro,Orquesta Francisco Canaro,1928-12-12,Cachadora,,Tango,Charlo,Odeón,,3621,4497 A,Francisco Lomuto,Francisco Lomuto,,26-29 Electric boom,Luis Riccardi,Olindo Sinibaldi,"Ángel Ramos, Ernesto Di Cicco, Héctor Moggio, Américo Bianchi, Mario Canaro","Ernesto Ponzio, Mario Brugni, Domingo Petillo","Piano, Bass, 5 Bandoneons, 3 Violins",,,,
Francisco Canaro,Orquesta Francisco Canaro,1928-12-12,Chiquita,,Vals,Charlo,Odeón,,3620,4496 A,Mabel Wayne,Abelardo Ferreyra,,26-29 Electric boom,Luis Riccardi,Olindo Sinibaldi,"Ángel Ramos, Ernesto Di Cicco, Héctor Moggio, Américo Bianchi, Mario Canaro","Ernesto Ponzio, Mario Brugni, Domingo Petillo","Piano, Bass, 5 Bandoneons, 3 Violins",,,,
Francisco Canaro,Orquesta Francisco Canaro,1928-12-12,Estampilla,,Tango,Charlo,Odeón,,3623,4502 A,Enrique Delfino,Manuel Romero,,26-29 Electric boom,Luis Riccardi,Olindo Sinibaldi,"Ángel Ramos, Ernesto Di Cicco, Héctor Moggio, Américo Bianchi, Mario Canaro","Ernesto Ponzio, Mario Brugni, Domingo Petillo","Piano, Bass, 5 Bandoneons, 3 Violins",,,,
Francisco Canaro,Orquesta Francisco Canaro,1928-12-12,Mira,Muñequita de Cartón,Tango,Charlo,Odeón,,3624,4501 A,Fernando Montoni,,,26-29 Electric boom,Luis Riccardi,Olindo Sinibaldi,"Ángel Ramos, Ernesto Di Cicco, Héctor Moggio, Américo Bianchi, Mario Canaro","Ernesto Ponzio, Mario Brugni, Domingo Petillo","Piano, Bass, 5 Bandoneons, 3 Violins",,,,
Francisco Canaro,Orquesta Francisco Canaro,1928-12-12,Negra Fiera,,Tango,Instrumental,Odeón,,3622,4500 B,Mario Canaro,,,26-29 Electric boom,Luis Riccardi,Olindo Sinibaldi,"Ángel Ramos, Ernesto Di Cicco, Héctor Moggio, Américo Bianchi, Mario Canaro","Ernesto Ponzio, Mario Brugni, Domingo Petillo","Piano, Bass, 5 Bandoneons, 3 Violins",,,,
Francisco Canaro,Orquesta Francisco Canaro,1928-12-19,Amigablemente,,Tango,Charlo,Odeón,,3664,4508 B,Rafael Iriarte,Juan Díaz,,26-29 Electric boom,Luis Riccardi,Olindo Sinibaldi,"Ángel Ramos, Ernesto Di Cicco, Héctor Moggio, Américo Bianchi, Mario Canaro","Ernesto Ponzio, Mario Brugni, Domingo Petillo","Piano, Bass, 5 Bandoneons, 3 Violins",,,,
Francisco Canaro,Orquesta Francisco Canaro,1928-12-19,Aquel Muchacho Triste,,Tango,Charlo,Odeón,,3662,4510 B,José De Grandis,José De Grandis,,26-29 Electric boom,Luis Riccardi,Olindo Sinibaldi,"Ángel Ramos, Ernesto Di Cicco, Héctor Moggio, Américo Bianchi, Mario Canaro","Ernesto Ponzio, Mario Brugni, Domingo Petillo","Piano, Bass, 5 Bandoneons, 3 Violins",,,,
Francisco Canaro,Orquesta Francisco Canaro,1928-12-19,Cachadora,,Tango,Charlo,Odeón,,3668,16216 B,Francisco Lomuto,Francisco Lomuto,,26-29 Electric boom,Luis Riccardi,Olindo Sinibaldi,"Ángel Ramos, Ernesto Di Cicco, Héctor Moggio, Américo Bianchi, Mario Canaro","Ernesto Ponzio, Mario Brugni, Domingo Petillo","Piano, Bass, 5 Bandoneons, 3 Violins",,,,
Francisco Canaro,Orquesta Francisco Canaro,1928-12-19,De Tierra Adentro,,Tango,Charlo,Odeón,,3665,4508 A,Juan Graviz,Juan Graviz,,26-29 Electric boom,Luis Riccardi,Olindo Sinibaldi,"Ángel Ramos, Ernesto Di Cicco, Héctor Moggio, Américo Bianchi, Mario Canaro","Ernesto Ponzio, Mario Brugni, Domingo Petillo","Piano, Bass, 5 Bandoneons, 3 Violins",,,,
Francisco Canaro,Orquesta Francisco Canaro,1928-12-19,Francesita,,Tango,Charlo,Odeón,,3663,4509 B,Louis Hillier,,,26-29 Electric boom,Luis Riccardi,Olindo Sinibaldi,"Ángel Ramos, Ernesto Di Cicco, Héctor Moggio, Américo Bianchi, Mario Canaro","Ernesto Ponzio, Mario Brugni, Domingo Petillo","Piano, Bass, 5 Bandoneons, 3 Violins",,,,
Francisco Canaro,Orquesta Francisco Canaro,1928-12-19,Labios de Coty,,Vals,Charlo,Odeón,,3666,4500 A,Charlo,Luis Herrera,,26-29 Electric boom,Luis Riccardi,Olindo Sinibaldi,"Ángel Ramos, Ernesto Di Cicco, Héctor Moggio, Américo Bianchi, Mario Canaro","Ernesto Ponzio, Mario Brugni, Domingo Petillo","Piano, Bass, 5 Bandoneons, 3 Violins",,,,
Francisco Canaro,Orquesta Francisco Canaro,1928-12-20,Saludó y Se Fué,,Tango,Olinda Bozan,Odeón,,3678,19000 B,José Ceglie,,,26-29 Electric boom,Luis Riccardi,Olindo Sinibaldi,"Ángel Ramos, Ernesto Di Cicco, Héctor Moggio, Américo Bianchi, Mario Canaro","Ernesto Ponzio, Mario Brugni, Domingo Petillo","Piano, Bass, 5 Bandoneons, 3 Violins",,,,
Francisco Canaro,Orquesta Francisco Canaro,1929-02-23,Cartón Ligador,,Tango,Instrumental,Odeón,,3742,4514 B,Edgardo Donato,,,26-29 Electric boom,Luis Riccardi,Olindo Sinibaldi,"Ángel Ramos, Ernesto Di Cicco, Héctor Moggio, Américo Bianchi, Mario Canaro","Ernesto Ponzio, Mario Brugni, Domingo Petillo","Piano, Bass, 5 Bandoneons, 3 Violins",,,,
Francisco Canaro,Orquesta Francisco Canaro,1929-02-23,Castillo de Naipes,,Tango,Instrumental,Odeón,,3741,4513 A,Juan Graviz,,,26-29 Electric boom,Luis Riccardi,Olindo Sinibaldi,"Ángel Ramos, Ernesto Di Cicco, Héctor Moggio, Américo Bianchi, Mario Canaro","Ernesto Ponzio, Mario Brugni, Domingo Petillo","Piano, Bass, 5 Bandoneons, 3 Violins",,,,
Francisco Canaro,Orquesta Francisco Canaro,1929-02-23,Estampa del Suburbio,,Tango,Instrumental,Odeón,,3740,4512 A,Luis D'Andrea,,,26-29 Electric boom,Luis Riccardi,Olindo Sinibaldi,"Ángel Ramos, Ernesto Di Cicco, Héctor Moggio, Américo Bianchi, Mario Canaro","Ernesto Ponzio, Mario Brugni, Domingo Petillo","Piano, Bass, 5 Bandoneons, 3 Violins",,,,
Francisco Canaro,Orquesta Francisco Canaro,1929-02-23,Mientras Llora el Tango,,Tango,Charlo,Odeón,,3743,,Raúl Courau,Esteban Barabino,,26-29 Electric boom,Luis Riccardi,Olindo Sinibaldi,"Ángel Ramos, Ernesto Di Cicco, Héctor Moggio, Américo Bianchi, Mario Canaro","Ernesto Ponzio, Mario Brugni, Domingo Petillo","Piano, Bass, 5 Bandoneons, 3 Violins",,,,
Francisco Canaro,Orquesta Francisco Canaro,1929-02-23,Payador,,Tango,Charlo,Odeón,,3745,,Juan D'Angelo,,,26-29 Electric boom,Luis Riccardi,Olindo Sinibaldi,"Ángel Ramos, Ernesto Di Cicco, Héctor Moggio, Américo Bianchi, Mario Canaro","Ernesto Ponzio, Mario Brugni, Domingo Petillo","Piano, Bass, 5 Bandoneons, 3 Violins",,,,
Francisco Canaro,Orquesta Francisco Canaro,1929-02-23,Zaraza,,Tango,Charlo,Odeón,,3744,4513 B,Benjamín Lara,Benjamín Lara,,26-29 Electric boom,Luis Riccardi,Olindo Sinibaldi,"Ángel Ramos, Ernesto Di Cicco, Héctor Moggio, Américo Bianchi, Mario Canaro","Ernesto Ponzio, Mario Brugni, Domingo Petillo","Piano, Bass, 5 Bandoneons, 3 Violins",,,,
Francisco Canaro,Orquesta Francisco Canaro,1929-02-27,Carmen,,Vals,Charlo,Odeón,,3767,4516 A,Enrique Delfino,Mario Rada,,26-29 Electric boom,Luis Riccardi,Olindo Sinibaldi,"Ángel Ramos, Ernesto Di Cicco, Héctor Moggio, Américo Bianchi, Mario Canaro","Ernesto Ponzio, Mario Brugni, Domingo Petillo","Piano, Bass, 5 Bandoneons, 3 Violins",,,,
Francisco Canaro,Orquesta Francisco Canaro,1929-02-27,La Cieguita de Boedo,,Tango,Charlo,Odeón,,3769,4522 B,Ernesto Di Cicco,Luis De Biase,,26-29 Electric boom,Luis Riccardi,Olindo Sinibaldi,"Ángel Ramos, Ernesto Di Cicco, Héctor Moggio, Américo Bianchi, Mario Canaro","Ernesto Ponzio, Mario Brugni, Domingo Petillo","Piano, Bass, 5 Bandoneons, 3 Violins",,,,
Francisco Canaro,Orquesta Francisco Canaro,1929-02-27,Mamíferos de Lujo,,Tango,Charlo,Odeón,,3768,4517 A,Juan Rezzano,Gabriel Sigal,,26-29 Electric boom,Luis Riccardi,Olindo Sinibaldi,"Ángel Ramos, Ernesto Di Cicco, Héctor Moggio, Américo Bianchi, Mario Canaro","Ernesto Ponzio, Mario Brugni, Domingo Petillo","Piano, Bass, 5 Bandoneons, 3 Violins",,,,
Francisco Canaro,Orquesta Francisco Canaro,1929-02-27,Pálida Noche,,Tango,Instrumental,Odeón,,3764,4519 B,Julio Stamburgo,,,26-29 Electric boom,Luis Riccardi,Olindo Sinibaldi,"Ángel Ramos, Ernesto Di Cicco, Héctor Moggio, Américo Bianchi, Mario Canaro","Ernesto Ponzio, Mario Brugni, Domingo Petillo","Piano, Bass, 5 Bandoneons, 3 Violins",,,,
Francisco Canaro,Orquesta Francisco Canaro,1929-02-27,Quimera de Amor,,Tango,Instrumental,Odeón,,3765,4517 B,Luis Brighenti,Mario Gomila,,26-29 Electric boom,Luis Riccardi,Olindo Sinibaldi,"Ángel Ramos, Ernesto Di Cicco, Héctor Moggio, Américo Bianchi, Mario Canaro","Ernesto Ponzio, Mario Brugni, Domingo Petillo","Piano, Bass, 5 Bandoneons, 3 Violins",,,,
Francisco Canaro,Orquesta Francisco Canaro,1929-02-27,Sos Bueno Vos También,,Tango,Charlo,Odeón,,3766,4515 A,Francisco Canaro,Juan Caruso,,26-29 Electric boom,Luis Riccardi,Olindo Sinibaldi,"Ángel Ramos, Ernesto Di Cicco, Héctor Moggio, Américo Bianchi, Mario Canaro","Ernesto Ponzio, Mario Brugni, Domingo Petillo","Piano, Bass, 5 Bandoneons, 3 Violins",,,,
Francisco Canaro,Orquesta Francisco Canaro,1929-02-28,Mientras Llora el Tango,,Tango,Charlo,Odeón,,3779,16218 A,Raúl Courau,Esteban Barabino,,26-29 Electric boom,Luis Riccardi,Olindo Sinibaldi,"Ángel Ramos, Ernesto Di Cicco, Héctor Moggio, Américo Bianchi, Mario Canaro","Ernesto Ponzio, Mario Brugni, Domingo Petillo","Piano, Bass, 5 Bandoneons, 3 Violins",,,,
Francisco Canaro,Orquesta Francisco Canaro,1929-02-28,Payador,,Tango,Charlo,Odeón,,3781,16220 A,Juan D'Angelo,,,26-29 Electric boom,Luis Riccardi,Olindo Sinibaldi,"Ángel Ramos, Ernesto Di Cicco, Héctor Moggio, Américo Bianchi, Mario Canaro","Ernesto Ponzio, Mario Brugni, Domingo Petillo","Piano, Bass, 5 Bandoneons, 3 Violins",,,,
Francisco Canaro,Orquesta Francisco Canaro,1929-02-28,Puro Cuento,,Tango,Charlo,Odeón,,3782,16219 B,Alberto Alonso,Francisco París,,26-29 Electric boom,Luis Riccardi,Olindo Sinibaldi,"Ángel Ramos, Ernesto Di Cicco, Héctor Moggio, Américo Bianchi, Mario Canaro","Ernesto Ponzio, Mario Brugni, Domingo Petillo","Piano, Bass, 5 Bandoneons, 3 Violins",,,,
Francisco Canaro,Orquesta Francisco Canaro,1929-02-28,Zaraza,,Tango,Charlo,Odeón,,3780,16219 A,Benjamín Lara,Benjamín Lara,,26-29 Electric boom,Luis Riccardi,Olindo Sinibaldi,"Ángel Ramos, Ernesto Di Cicco, Héctor Moggio, Américo Bianchi, Mario Canaro","Ernesto Ponzio, Mario Brugni, Domingo Petillo","Piano, Bass, 5 Bandoneons, 3 Violins",,,,
Francisco Canaro,Orquesta Francisco Canaro,1929-03-01,Chau Ingrata,,Tango,Charlo,Odeón,,3787,4520 A,Anselmo Aieta,Francisco Jiménez,,26-29 Electric boom,Luis Riccardi,Olindo Sinibaldi,"Ángel Ramos, Ernesto Di Cicco, Héctor Moggio, Américo Bianchi, Mario Canaro","Ernesto Ponzio, Mario Brugni, Domingo Petillo","Piano, Bass, 5 Bandoneons, 3 Violins",,,,
Francisco Canaro,Orquesta Francisco Canaro,1929-03-01,Flores Secas,,Tango,Charlo,Odeón,,3786,4519 A,Juan Patrón,Juan Patrón,,26-29 Electric boom,Luis Riccardi,Olindo Sinibaldi,"Ángel Ramos, Ernesto Di Cicco, Héctor Moggio, Américo Bianchi, Mario Canaro","Ernesto Ponzio, Mario Brugni, Domingo Petillo","Piano, Bass, 5 Bandoneons, 3 Violins",,,,
Francisco Canaro,Orquesta Francisco Canaro,1929-03-01,Primer Auxilio,,Tango,Charlo,Odeón,,3785,4518 A,Luis Teisseire,Luis Teisseire,,26-29 Electric boom,Luis Riccardi,Olindo Sinibaldi,"Ángel Ramos, Ernesto Di Cicco, Héctor Moggio, Américo Bianchi, Mario Canaro","Ernesto Ponzio, Mario Brugni, Domingo Petillo","Piano, Bass, 5 Bandoneons, 3 Violins",,,,
Francisco Canaro,Trío Enrique Delfino,1929-03-01,Puro Cuento,,Tango,Charlo,Odeón,,3788,4523 A,Alberto Alonso,Francisco París,,26-29 Electric boom,Luis Riccardi,Olindo Sinibaldi,"Ángel Ramos, Ernesto Di Cicco, Héctor Moggio, Américo Bianchi, Mario Canaro","Ernesto Ponzio, Mario Brugni, Domingo Petillo","Piano, Bass, 5 Bandoneons, 3 Violins",,,,
Francisco Canaro,Trío Enrique Delfino,1929-03-05,Carmen,,Vals,Ada Falcón,Odeón,,,,Enrique Delfino,Mario Rada,,29-32 Falcón,Luis Riccardi,Olindo Sinibaldi,"Ángel Ramos, Ernesto Di Cicco, Héctor Moggio, Américo Bianchi, Mario Canaro","Ernesto Ponzio, Mario Brugni, Domingo Petillo","Piano, Bass, 5 Bandoneons, 3 Violins",,,,
Francisco Canaro,Orquesta Francisco Canaro,1929-03-06,Allá en el Monte,,Vals,Charlo,Odeón,,3807,,Francisco Canaro,Francisco Canaro,,29-32 Falcón,Luis Riccardi,Olindo Sinibaldi,"Ángel Ramos, Ernesto Di Cicco, Héctor Moggio, Américo Bianchi, Mario Canaro","Ernesto Ponzio, Mario Brugni, Domingo Petillo","Piano, Bass, 5 Bandoneons, 3 Violins",,,,
Francisco Canaro,Orquesta Francisco Canaro,1929-03-06,Bajo Cuerda,,Tango,Instrumental,Odeón,,3804,4515 B,Mario Canaro,,,29-32 Falcón,Luis Riccardi,Olindo Sinibaldi,"Ángel Ramos, Ernesto Di Cicco, Héctor Moggio, Américo Bianchi, Mario Canaro","Ernesto Ponzio, Mario Brugni, Domingo Petillo","Piano, Bass, 5 Bandoneons, 3 Violins",,,,
Francisco Canaro,Orquesta Francisco Canaro,1929-03-06,Campanadas de la Aldea,,Tango,Instrumental,Odeón,,3806,4530 B,Jaime Airaldi,,,29-32 Falcón,Luis Riccardi,Olindo Sinibaldi,"Ángel Ramos, Ernesto Di Cicco, Héctor Moggio, Américo Bianchi, Mario Canaro","Ernesto Ponzio, Mario Brugni, Domingo Petillo","Piano, Bass, 5 Bandoneons, 3 Violins",,,,
Francisco Canaro,Orquesta Francisco Canaro,1929-03-06,Canta el Zorzal,,Tango,Instrumental,Odeón,,3805,4528 B,José Zángaro,,,29-32 Falcón,Luis Riccardi,Olindo Sinibaldi,"Ángel Ramos, Ernesto Di Cicco, Héctor Moggio, Américo Bianchi, Mario Canaro","Ernesto Ponzio, Mario Brugni, Domingo Petillo","Piano, Bass, 5 Bandoneons, 3 Violins",,,,
Francisco Canaro,Orquesta Francisco Canaro,1929-03-06,Malevaje,,Tango,Charlo,Odeón,,3808,16221 A,Juan Filiberto,Enrique Discépolo,,29-32 Falcón,Luis Riccardi,Olindo Sinibaldi,"Ángel Ramos, Ernesto Di Cicco, Héctor Moggio, Américo Bianchi, Mario Canaro","Ernesto Ponzio, Mario Brugni, Domingo Petillo","Piano, Bass, 5 Bandoneons, 3 Violins",,,,
Francisco Canaro,Orquesta Francisco Canaro,1929-03-06,Stud el Pueblo,,Tango,Instrumental,Odeón,,3803,4523 B,Julio Carrasco,,,29-32 Falcón,Luis Riccardi,Olindo Sinibaldi,"Ángel Ramos, Ernesto Di Cicco, Héctor Moggio, Américo Bianchi, Mario Canaro","Ernesto Ponzio, Mario Brugni, Domingo Petillo","Piano, Bass, 5 Bandoneons, 3 Violins",,,,
Francisco Canaro,Orquesta Francisco Canaro,1929-03-06,Viejo Callejón,,Tango,Charlo,Odeón,,3330,16217 A,Juan Culiersi,Adolfo Urgo,,29-32 Falcón,Luis Riccardi,Olindo Sinibaldi,"Ángel Ramos, Ernesto Di Cicco, Héctor Moggio, Américo Bianchi, Mario Canaro","Ernesto Ponzio, Mario Brugni, Domingo Petillo","Piano, Bass, 5 Bandoneons, 3 Violins",,,,
Francisco Canaro,Orquesta Francisco Canaro,1929-03-13,A Lo Gaucho,,Tango,Charlo,Odeón,,3827,4542 B,Benito Atella,Humberto Di Doménico,,29-32 Falcón,Luis Riccardi,Olindo Sinibaldi,"Ángel Ramos, Ernesto Di Cicco, Héctor Moggio, Américo Bianchi, Mario Canaro","Ernesto Ponzio, Mario Brugni, Domingo Petillo","Piano, Bass, 5 Bandoneons, 3 Violins",,,,
Francisco Canaro,Orquesta Francisco Canaro,1929-03-13,Aquella Canción,,Tango,Instrumental,Odeón,,3825,4532 B,Abelardo Gentini,,,29-32 Falcón,Luis Riccardi,Olindo Sinibaldi,"Ángel Ramos, Ernesto Di Cicco, Héctor Moggio, Américo Bianchi, Mario Canaro","Ernesto Ponzio, Mario Brugni, Domingo Petillo","Piano, Bass, 5 Bandoneons, 3 Violins",,,,
Francisco Canaro,Orquesta Francisco Canaro,1929-03-13,El Triunfo de la Milonga,,Tango,Instrumental,Odeón,,3824,4531 B,Modesto Papávero,,,29-32 Falcón,Luis Riccardi,Olindo Sinibaldi,"Ángel Ramos, Ernesto Di Cicco, Héctor Moggio, Américo Bianchi, Mario Canaro","Ernesto Ponzio, Mario Brugni, Domingo Petillo","Piano, Bass, 5 Bandoneons, 3 Violins",,,,
Francisco Canaro,Orquesta Francisco Canaro,1929-03-13,La Reina del Tango,,Tango,Charlo,Odeón,,3829,4541 B,Rafael Iriarte,Enrique Cadícamo,,29-32 Falcón,Luis Riccardi,Olindo Sinibaldi,"Ángel Ramos, Ernesto Di Cicco, Héctor Moggio, Américo Bianchi, Mario Canaro","Ernesto Ponzio, Mario Brugni, Domingo Petillo","Piano, Bass, 5 Bandoneons, 3 Violins",,,,
Francisco Canaro,Orquesta Francisco Canaro,1929-03-13,Sosegate Feliciano,,Tango,Charlo,Odeón,,3828,4531 A,Modesto Papávero,Modesto Papávero,,29-32 Falcón,Luis Riccardi,Olindo Sinibaldi,"Ángel Ramos, Ernesto Di Cicco, Héctor Moggio, Américo Bianchi, Mario Canaro","Ernesto Ponzio, Mario Brugni, Domingo Petillo","Piano, Bass, 5 Bandoneons, 3 Violins",,,,
Francisco Canaro,Orquesta Francisco Canaro,1929-03-13,Soy un Arlequín,,Tango,Instrumental,Odeón,,3826,,Enrique Discépolo,,,29-32 Falcón,Luis Riccardi,Olindo Sinibaldi,"Ángel Ramos, Ernesto Di Cicco, Héctor Moggio, Américo Bianchi, Mario Canaro","Ernesto Ponzio, Mario Brugni, Domingo Petillo","Piano, Bass, 5 Bandoneons, 3 Violins",,,,
Francisco Canaro,Orquesta Francisco Canaro,1929-03-20,Dejá Que Se Vaya,,Tango,Charlo,Odeón,,3850,4541 A,Alfonso Lara,Alfonso Lara,,29-32 Falcón,Luis Riccardi,Olindo Sinibaldi,"Ángel Ramos, Ernesto Di Cicco, Héctor Moggio, Américo Bianchi, Mario Canaro","Ernesto Ponzio, Mario Brugni, Domingo Petillo","Piano, Bass, 5 Bandoneons, 3 Violins",,,,
Francisco Canaro,Orquesta Francisco Canaro,1929-03-20,La Indiada,,Tango,Instrumental,Odeón,,3847,4529 B,Vicente Catalano,,,29-32 Falcón,Luis Riccardi,Olindo Sinibaldi,"Ángel Ramos, Ernesto Di Cicco, Héctor Moggio, Américo Bianchi, Mario Canaro","Ernesto Ponzio, Mario Brugni, Domingo Petillo","Piano, Bass, 5 Bandoneons, 3 Violins",,,,
Francisco Canaro,Orquesta Francisco Canaro,1929-03-20,Mientras Llora el Tango,,Tango,Charlo,Odeón,,3743,4514 A,Raúl Courau,Esteban Barabino,,29-32 Falcón,Luis Riccardi,Olindo Sinibaldi,"Ángel Ramos, Ernesto Di Cicco, Héctor Moggio, Américo Bianchi, Mario Canaro","Ernesto Ponzio, Mario Brugni, Domingo Petillo","Piano, Bass, 5 Bandoneons, 3 Violins",,,,
Francisco Canaro,Orquesta Francisco Canaro,1929-03-20,Payador,,Tango,Charlo,Odeón,,3745,4512 B,Juan D'Angelo,"Ray Rada, Mario Castellanos",,29-32 Falcón,Luis Riccardi,Olindo Sinibaldi,"Ángel Ramos, Ernesto Di Cicco, Héctor Moggio, Américo Bianchi, Mario Canaro","Ernesto Ponzio, Mario Brugni, Domingo Petillo","Piano, Bass, 5 Bandoneons, 3 Violins",,,,
Francisco Canaro,Orquesta Francisco Canaro,1929-03-20,Torturas,Tortura,Tango,Charlo,Odeón,,3849,4521 B,Humberto Canaro,Príncipe Cubano,,29-32 Falcón,Luis Riccardi,Olindo Sinibaldi,"Ángel Ramos, Ernesto Di Cicco, Héctor Moggio, Américo Bianchi, Mario Canaro","Ernesto Ponzio, Mario Brugni, Domingo Petillo","Piano, Bass, 5 Bandoneons, 3 Violins",,,,
Francisco Canaro,Orquesta Francisco Canaro,1929-03-20,Varoncito,,Tango,Instrumental,Odeón,,3848,4516 B,Juan Canaro,,,29-32 Falcón,Luis Riccardi,Olindo Sinibaldi,"Ángel Ramos, Ernesto Di Cicco, Héctor Moggio, Américo Bianchi, Mario Canaro","Ernesto Ponzio, Mario Brugni, Domingo Petillo","Piano, Bass, 5 Bandoneons, 3 Violins",,,,
Francisco Canaro,Orquesta Francisco Canaro,1929-03-27,Adiós Que Te Vaya Bien,,Tango,Charlo,Odeón,,3879,4537 A,Enrique Delfino,Andrés Del Solar,,29-32 Falcón,Luis Riccardi,Olindo Sinibaldi,"Ángel Ramos, Ernesto Di Cicco, Héctor Moggio, Américo Bianchi, Mario Canaro","Ernesto Ponzio, Mario Brugni, Domingo Petillo","Piano, Bass, 5 Bandoneons, 3 Violins",,,,
Francisco Canaro,Orquesta Francisco Canaro,1929-03-27,Amorcito,,Tango,Instrumental,Odeón,,3876,4548 B,Vicente Benedetti,,,29-32 Falcón,Luis Riccardi,Olindo Sinibaldi,"Ángel Ramos, Ernesto Di Cicco, Héctor Moggio, Américo Bianchi, Mario Canaro","Ernesto Ponzio, Mario Brugni, Domingo Petillo","Piano, Bass, 5 Bandoneons, 3 Violins",,,,
Francisco Canaro,Orquesta Francisco Canaro,1929-03-27,Decime Que Sí,,Tango,Charlo,Odeón,,3880,4540 A,Anselmo Aieta,Francisco Jiménez,,29-32 Falcón,Luis Riccardi,Olindo Sinibaldi,"Ángel Ramos, Ernesto Di Cicco, Héctor Moggio, Américo Bianchi, Mario Canaro","Ernesto Ponzio, Mario Brugni, Domingo Petillo","Piano, Bass, 5 Bandoneons, 3 Violins",,,,
Francisco Canaro,Orquesta Francisco Canaro,1929-03-27,La Traición,,Tango,Charlo,Odeón,,3877,4530 A,Carlos Flores,"Juan Villalba, Hermido Braga",,29-32 Falcón,Luis Riccardi,Olindo Sinibaldi,"Ángel Ramos, Ernesto Di Cicco, Héctor Moggio, Américo Bianchi, Mario Canaro","Ernesto Ponzio, Mario Brugni, Domingo Petillo","Piano, Bass, 5 Bandoneons, 3 Violins",,,,
Francisco Canaro,Orquesta Francisco Canaro,1929-03-27,Palermo,,Tango,Charlo,Odeón,,3878,4529 A,Enrique Delfino,"Juan Villalba, Hermido Braga",,29-32 Falcón,Luis Riccardi,Olindo Sinibaldi,"Ángel Ramos, Ernesto Di Cicco, Héctor Moggio, Américo Bianchi, Mario Canaro","Ernesto Ponzio, Mario Brugni, Domingo Petillo","Piano, Bass, 5 Bandoneons, 3 Violins",,,,
Francisco Canaro,Orquesta Francisco Canaro,1929-03-27,Soy un Arlequín,,Tango,Instrumental,Odeón,,3826,4522 A,Enrique Discépolo,Enrique Discépolo,,29-32 Falcón,Luis Riccardi,Olindo Sinibaldi,"Ángel Ramos, Ernesto Di Cicco, Héctor Moggio, Américo Bianchi, Mario Canaro","Ernesto Ponzio, Mario Brugni, Domingo Petillo","Piano, Bass, 5 Bandoneons, 3 Violins",,,,
Francisco Canaro,Orquesta Francisco Canaro,1929-03-27,Tu Risa de Cristal,,Tango,Instrumental,Odeón,,3875,4527 B,Roberto Torres,,,29-32 Falcón,Luis Riccardi,Olindo Sinibaldi,"Ángel Ramos, Ernesto Di Cicco, Héctor Moggio, Américo Bianchi, Mario Canaro","Ernesto Ponzio, Mario Brugni, Domingo Petillo","Piano, Bass, 5 Bandoneons, 3 Violins",,,,
Francisco Canaro,Orquesta Francisco Canaro,1929-04-03,Cuando Llora el Corazón,,Tango,Charlo,Odeón,,3902,4527 A,Juan Maglio,José Fernández,,29-32 Falcón,Luis Riccardi,Olindo Sinibaldi,"Ángel Ramos, Ernesto Di Cicco, Héctor Moggio, Américo Bianchi, Mario Canaro","Ernesto Ponzio, Mario Brugni, Domingo Petillo","Piano, Bass, 5 Bandoneons, 3 Violins",,,,
Francisco Canaro,Orquesta Francisco Canaro,1929-04-03,Hay Que Entrar,,Tango,Charlo,Odeón,,3904,4576 B,Carlos Marcucci,Ginés Miralles,,29-32 Falcón,Luis Riccardi,Olindo Sinibaldi,"Ángel Ramos, Ernesto Di Cicco, Héctor Moggio, Américo Bianchi, Mario Canaro","Ernesto Ponzio, Mario Brugni, Domingo Petillo","Piano, Bass, 5 Bandoneons, 3 Violins",,,,
Francisco Canaro,Orquesta Francisco Canaro,1929-04-03,Largala Nomás,,Tango,Charlo,Odeón,,3903,4524 B,Miguel Bucino,Miguel Bucino,,29-32 Falcón,Luis Riccardi,Olindo Sinibaldi,"Ángel Ramos, Ernesto Di Cicco, Héctor Moggio, Américo Bianchi, Mario Canaro","Ernesto Ponzio, Mario Brugni, Domingo Petillo","Piano, Bass, 5 Bandoneons, 3 Violins",,,,
Francisco Canaro,Orquesta Francisco Canaro,1929-04-03,Néné,,Tango,Instrumental,Odeón,,3900,4526 B,Juan Polito,,,29-32 Falcón,Luis Riccardi,Olindo Sinibaldi,"Ángel Ramos, Ernesto Di Cicco, Héctor Moggio, Américo Bianchi, Mario Canaro","Ernesto Ponzio, Mario Brugni, Domingo Petillo","Piano, Bass, 5 Bandoneons, 3 Violins",,,,
Francisco Canaro,Orquesta Francisco Canaro,1929-04-03,Que Haces Marquez,,Tango,Instrumental,Odeón,,3899,4550 B,Antonio Bonavena,,,29-32 Falcón,Luis Riccardi,Olindo Sinibaldi,"Ángel Ramos, Ernesto Di Cicco, Héctor Moggio, Américo Bianchi, Mario Canaro","Ernesto Ponzio, Mario Brugni, Domingo Petillo","Piano, Bass, 5 Bandoneons, 3 Violins",,,,
Francisco Canaro,Orquesta Francisco Canaro,1929-04-03,Tango Argentino,,Tango,Charlo,Odeón,,3901,4528 A,Juan Maglio,Alfredo Bigeschi,,29-32 Falcón,Luis Riccardi,Olindo Sinibaldi,"Ángel Ramos, Ernesto Di Cicco, Héctor Moggio, Américo Bianchi, Mario Canaro","Ernesto Ponzio, Mario Brugni, Domingo Petillo","Piano, Bass, 5 Bandoneons, 3 Violins",,,,
Francisco Canaro,Orquesta Francisco Canaro,1929-04-05,Allá en el Monte,,Vals,Charlo,Odeón,,3807,4521 A,Francisco Canaro,Francisco Canaro,,29-32 Falcón,Luis Riccardi,Olindo Sinibaldi,"Ángel Ramos, Ernesto Di Cicco, Héctor Moggio, Américo Bianchi, Mario Canaro","Ernesto Ponzio, Mario Brugni, Domingo Petillo","Piano, Bass, 5 Bandoneons, 3 Violins",,,,
Francisco Canaro,Orquesta Francisco Canaro,1929-04-05,Carmen,,Vals,Charlo,Odeón,,3908,16223 A,Enrique Delfino,A. Rada,,29-32 Falcón,Luis Riccardi,Olindo Sinibaldi,"Ángel Ramos, Ernesto Di Cicco, Héctor Moggio, Américo Bianchi, Mario Canaro","Ernesto Ponzio, Mario Brugni, Domingo Petillo","Piano, Bass, 5 Bandoneons, 3 Violins",,,,
Francisco Canaro,Orquesta Francisco Canaro,1929-04-05,De a Traición,,Tango,Charlo,Odeón,,3910,16221 B,Charlo,Antonio Cadícamo,,29-32 Falcón,Luis Riccardi,Olindo Sinibaldi,"Ángel Ramos, Ernesto Di Cicco, Héctor Moggio, Américo Bianchi, Mario Canaro","Ernesto Ponzio, Mario Brugni, Domingo Petillo","Piano, Bass, 5 Bandoneons, 3 Violins",,,,
Francisco Canaro,Orquesta Francisco Canaro,1929-04-05,Juanita,Jeannine,Vals,Charlo,Odeón,,3909,16215 B,Nathaniel Shilkret,Antonio Cadícamo,,29-32 Falcón,Luis Riccardi,Olindo Sinibaldi,"Ángel Ramos, Ernesto Di Cicco, Héctor Moggio, Américo Bianchi, Mario Canaro","Ernesto Ponzio, Mario Brugni, Domingo Petillo","Piano, Bass, 5 Bandoneons, 3 Violins",,,,
Francisco Canaro,Orquesta Francisco Canaro,1929-04-05,Sos Bueno Vos También,,Tango,Charlo,Odeón,,3911,16222 B,Francisco Canaro,Juan Caruso,,29-32 Falcón,Luis Riccardi,Olindo Sinibaldi,"Ángel Ramos, Ernesto Di Cicco, Héctor Moggio, Américo Bianchi, Mario Canaro","Ernesto Ponzio, Mario Brugni, Domingo Petillo","Piano, Bass, 5 Bandoneons, 3 Violins",,,,
Francisco Canaro,Orquesta Francisco Canaro,1929-04-10,Atorrante,,Tango,Charlo,Odeón,,3925,4524 A,Raúl De Los Hoyos,Alberto Vacarezza,,29-32 Falcón,Luis Riccardi,Olindo Sinibaldi,"Ángel Ramos, Ernesto Di Cicco, Héctor Moggio, Américo Bianchi, Mario Canaro","Ernesto Ponzio, Mario Brugni, Domingo Petillo","Piano, Bass, 5 Bandoneons, 3 Violins",,,,
Francisco Canaro,Guitarras,1929-04-10,Delirio,,Tango,Instrumental,Odeón,,3926,4525 B,Juan Canaro,,,29-32 Falcón,Luis Riccardi,Olindo Sinibaldi,"Ángel Ramos, Ernesto Di Cicco, Héctor Moggio, Américo Bianchi, Mario Canaro","Ernesto Ponzio, Mario Brugni, Domingo Petillo","Piano, Bass, 5 Bandoneons, 3 Violins",,,,
Francisco Canaro,Guitarras,1929-04-15,Noches de Plata,,Vals,Charlo,Odeón,,,,Rafael Iriarte,Julio Navarrine,,29-32 Falcón,Luis Riccardi,Olindo Sinibaldi,"Ángel Ramos, Ernesto Di Cicco, Héctor Moggio, Américo Bianchi, Mario Canaro","Ernesto Ponzio, Mario Brugni, Domingo Petillo","Piano, Bass, 5 Bandoneons, 3 Violins",,,,
Francisco Canaro,Orquesta Francisco Canaro,1929-04-17,Juanita,Jeannine,Vals,Charlo,Odeón,,3955,4534 A,Nathaniel Shilkret,Enrique Cadícamo,,29-32 Falcón,Luis Riccardi,Olindo Sinibaldi,"Ángel Ramos, Ernesto Di Cicco, Héctor Moggio, Américo Bianchi, Mario Canaro","Ernesto Ponzio, Mario Brugni, Domingo Petillo","Piano, Bass, 5 Bandoneons, 3 Violins",,,,
Francisco Canaro,Orquesta Francisco Canaro,1929-04-17,La Cumparsita,Si Supieras,Tango,Instrumental,Odeón,,379,4262 B,Gerardo Rodríguez,"Pascual Contursi, Enrique Maroni, Gerardo Rodríguez",,29-32 Falcón,,Luis Riccardi,"Olindo Sinibaldi, Saly Nisguritz","Federico Scorticati, Ángel Ramos, Ciriaco Ortiz, Héctor Moggio","Piano, Bass, 2 Bandoneons, 4 Violins",,,,
Francisco Canaro,Orquesta Francisco Canaro,1929-04-17,Qué Hacés Que No Te Casás,,Tango,Charlo,Odeón,,3957,4537 B,Edmundo Bianchi,Edmundo Bianchi,,29-32 Falcón,Luis Riccardi,Olindo Sinibaldi,"Ángel Ramos, Ernesto Di Cicco, Héctor Moggio, Américo Bianchi, Mario Canaro","Ernesto Ponzio, Mario Brugni, Domingo Petillo","Piano, Bass, 5 Bandoneons, 3 Violins",,,,
Francisco Canaro,Orquesta Francisco Canaro,1929-04-17,Salí Salí,,Tango,Charlo,Odeón,,3956,4532 A,Carlos Pibernat,"Manuel Alba, Juan Muello",,29-32 Falcón,Luis Riccardi,Olindo Sinibaldi,"Ángel Ramos, Ernesto Di Cicco, Héctor Moggio, Américo Bianchi, Mario Canaro","Ernesto Ponzio, Mario Brugni, Domingo Petillo","Piano, Bass, 5 Bandoneons, 3 Violins",,,,
Francisco Canaro,Orquesta Francisco Canaro,1929-04-20,Del Viejo Barrio Porteño,,Tango,Charlo,Odeón,,3993,4548 A,Andrés Doménech,Alberico Mansilla,,29-32 Falcón,Luis Riccardi,Olindo Sinibaldi,"Ángel Ramos, Ernesto Di Cicco, Héctor Moggio, Américo Bianchi, Mario Canaro","Ernesto Ponzio, Mario Brugni, Domingo Petillo","Piano, Bass, 5 Bandoneons, 3 Violins",,,,
Francisco Canaro,Orquesta Francisco Canaro,1929-04-22,El Entrerriano,El Entrerriano,Tango,Instrumental,Odeón,,3995,4262 A,Rosendo Mendizábal,Ernesto Amor,,29-32 Falcón,Luis Riccardi,Olindo Sinibaldi,"Ángel Ramos, Ernesto Di Cicco, Héctor Moggio, Américo Bianchi, Mario Canaro","Ernesto Ponzio, Mario Brugni, Domingo Petillo","Piano, Bass, 5 Bandoneons, 3 Violins",,,,
Francisco Canaro,Trío Enrique Delfino,1929-04-22,No Me Olvidés,,Tango,Charlo,Odeón,,3994,4547 B,Charlo,Charlo,,29-32 Falcón,Luis Riccardi,Olindo Sinibaldi,"Ángel Ramos, Ernesto Di Cicco, Héctor Moggio, Américo Bianchi, Mario Canaro","Ernesto Ponzio, Mario Brugni, Domingo Petillo","Piano, Bass, 5 Bandoneons, 3 Violins",,,,
Francisco Canaro,Trío Enrique Delfino,1929-04-26,Adiós Que Te Vaya Bien,,Tango,Ada Falcón,Odeón,,,,Enrique Delfino,,,29-32 Falcón,Luis Riccardi,Olindo Sinibaldi,"Ángel Ramos, Ernesto Di Cicco, Héctor Moggio, Américo Bianchi, Mario Canaro","Ernesto Ponzio, Mario Brugni, Domingo Petillo","Piano, Bass, 5 Bandoneons, 3 Violins",,,,
Francisco Canaro,Orquesta Francisco Canaro,1929-04-30,Arañazo,,Tango,Instrumental,Odeón,,4029,4539 B,Elena Osilich,,,29-32 Falcón,Luis Riccardi,Olindo Sinibaldi,"Ángel Ramos, Ernesto Di Cicco, Héctor Moggio, Américo Bianchi, Mario Canaro","Ernesto Ponzio, Mario Brugni, Domingo Petillo","Piano, Bass, 5 Bandoneons, 3 Violins",,,,
Francisco Canaro,Orquesta Francisco Canaro,1929-04-30,Así Es la Vida,Mi Vida Fué una Milonga,Tango,Instrumental,Odeón,,4030,4544 A,Edgardo Donato,,,29-32 Falcón,Luis Riccardi,Olindo Sinibaldi,"Ángel Ramos, Ernesto Di Cicco, Héctor Moggio, Américo Bianchi, Mario Canaro","Ernesto Ponzio, Mario Brugni, Domingo Petillo","Piano, Bass, 5 Bandoneons, 3 Violins",,,,
Francisco Canaro,Trío Enrique Delfino,1929-04-30,Largala Nomás,,Tango,Instrumental,Odeón,,3903,4524 B,Miguel Bucino,Miguel Bucino,,29-32 Falcón,Luis Riccardi,Olindo Sinibaldi,"Ángel Ramos, Ernesto Di Cicco, Héctor Moggio, Américo Bianchi, Mario Canaro","Ernesto Ponzio, Mario Brugni, Domingo Petillo","Piano, Bass, 5 Bandoneons, 3 Violins",,,,
Francisco Canaro,Orquesta Francisco Canaro,1929-05-02,Atorrante,,Tango,Ada Falcón,Odeón,,,,Raúl De Los Hoyos,Alberto Vaccarezza,,29-32 Falcón,Luis Riccardi,Olindo Sinibaldi,"Ángel Ramos, Ernesto Di Cicco, Héctor Moggio, Américo Bianchi, Mario Canaro","Ernesto Ponzio, Mario Brugni, Domingo Petillo","Piano, Bass, 5 Bandoneons, 3 Violins",,,,
Francisco Canaro,Orquesta Francisco Canaro,1929-05-03,Hormiguita,,Tango,Instrumental,Odeón,,4047,4555 B,Mario Canaro,,,29-32 Falcón,Luis Riccardi,Olindo Sinibaldi,"Ángel Ramos, Ernesto Di Cicco, Héctor Moggio, Américo Bianchi, Mario Canaro","Ernesto Ponzio, Mario Brugni, Domingo Petillo","Piano, Bass, 5 Bandoneons, 3 Violins",,,,
Francisco Canaro,Orquesta Francisco Canaro,1929-05-03,No Seas Malita,,Tango,Instrumental,Odeón,,4048,4549 A,Pedro Maffía,,,29-32 Falcón,Luis Riccardi,Olindo Sinibaldi,"Ángel Ramos, Ernesto Di Cicco, Héctor Moggio, Américo Bianchi, Mario Canaro","Ernesto Ponzio, Mario Brugni, Domingo Petillo","Piano, Bass, 5 Bandoneons, 3 Violins",,,,
Francisco Canaro,Orquesta Francisco Canaro,1929-05-03,Rostro Pálido,,Tango,Instrumental,Odeón,,4050,4542 A,Santiago Bini,,,29-32 Falcón,Luis Riccardi,Olindo Sinibaldi,"Ángel Ramos, Ernesto Di Cicco, Héctor Moggio, Américo Bianchi, Mario Canaro","Ernesto Ponzio, Mario Brugni, Domingo Petillo","Piano, Bass, 5 Bandoneons, 3 Violins",,,,
Francisco Canaro,Orquesta Francisco Canaro,1929-05-03,Suspiros,,Tango,Instrumental,Odeón,,4049,4534 B,Mario Canaro,,,29-32 Falcón,Luis Riccardi,Olindo Sinibaldi,"Ángel Ramos, Ernesto Di Cicco, Héctor Moggio, Américo Bianchi, Mario Canaro","Ernesto Ponzio, Mario Brugni, Domingo Petillo","Piano, Bass, 5 Bandoneons, 3 Violins",,,,
Francisco Canaro,Orquesta Francisco Canaro,1929-05-03,Tu Retrato,,Tango,Instrumental,Odeón,,4046,4540 B,Enrique Cadícamo,,,29-32 Falcón,Luis Riccardi,Olindo Sinibaldi,"Ángel Ramos, Ernesto Di Cicco, Héctor Moggio, Américo Bianchi, Mario Canaro","Ernesto Ponzio, Mario Brugni, Domingo Petillo","Piano, Bass, 5 Bandoneons, 3 Violins",,,,
Francisco Canaro,Orquesta Francisco Canaro,1929-05-10,No Puede Ser,,Tango,Charlo,Odeón,,4074,4561 B,Fioravanti Di Cicco,Fioravanti Di Cicco,,29-32 Falcón,Luis Riccardi,Olindo Sinibaldi,"Ángel Ramos, Ernesto Di Cicco, Héctor Moggio, Américo Bianchi, Mario Canaro","Ernesto Ponzio, Mario Brugni, Domingo Petillo","Piano, Bass, 5 Bandoneons, 3 Violins",,,,
Francisco Canaro,Orquesta Francisco Canaro,1929-05-10,Oración,,Vals,Instrumental,Odeón,,4075,4538 A,Juan Canaro,Alfredo Roldán,,29-32 Falcón,Luis Riccardi,Olindo Sinibaldi,"Ángel Ramos, Ernesto Di Cicco, Héctor Moggio, Américo Bianchi, Mario Canaro","Ernesto Ponzio, Mario Brugni, Domingo Petillo","Piano, Bass, 5 Bandoneons, 3 Violins",,,,
Francisco Canaro,Orquesta Francisco Canaro,1929-05-10,Último Adiós,,Tango,Charlo,Odeón,,4073,4571 B,Aníbal De Iturriaga,Aníbal De Iturriaga,,29-32 Falcón,Luis Riccardi,Olindo Sinibaldi,"Ángel Ramos, Ernesto Di Cicco, Héctor Moggio, Américo Bianchi, Mario Canaro","Ernesto Ponzio, Mario Brugni, Domingo Petillo","Piano, Bass, 5 Bandoneons, 3 Violins",,,,
Francisco Canaro,Guitarras,1929-05-10,Viejo Callejón,,Tango,Charlo,Odeón,,4072,4550 A,Juan Culiersi,Adolfo Urgo,,29-32 Falcón,Luis Riccardi,Olindo Sinibaldi,"Ángel Ramos, Ernesto Di Cicco, Héctor Moggio, Américo Bianchi, Mario Canaro","Ernesto Ponzio, Mario Brugni, Domingo Petillo","Piano, Bass, 5 Bandoneons, 3 Violins",,,,
Francisco Canaro,Orquesta Francisco Canaro,1929-05-15,De a Traición,,Tango,Charlo,Odeón,,4085,4538 B,Charlo,Enrique Cadícamo,,29-32 Falcón,Luis Riccardi,Olindo Sinibaldi,"Ángel Ramos, Ernesto Di Cicco, Héctor Moggio, Américo Bianchi, Mario Canaro","Ernesto Ponzio, Mario Brugni, Domingo Petillo","Piano, Bass, 5 Bandoneons, 3 Violins",,,,
Francisco Canaro,Orquesta Francisco Canaro,1929-05-15,Flor de Rea,,Tango,Charlo,Odeón,,4083,4536 B,Salvador Merico,"Juan Prous, Raúl Vigo",,29-32 Falcón,Luis Riccardi,Olindo Sinibaldi,"Ángel Ramos, Ernesto Di Cicco, Héctor Moggio, Américo Bianchi, Mario Canaro","Ernesto Ponzio, Mario Brugni, Domingo Petillo","Piano, Bass, 5 Bandoneons, 3 Violins",,,,
Francisco Canaro,Orquesta Francisco Canaro,1929-05-15,Penitencia,,Tango,Charlo,Odeón,,4086,4539 A,Anselmo Aieta,Francisco Jiménez,,29-32 Falcón,Luis Riccardi,Olindo Sinibaldi,"Ángel Ramos, Ernesto Di Cicco, Héctor Moggio, Américo Bianchi, Mario Canaro","Ernesto Ponzio, Mario Brugni, Domingo Petillo","Piano, Bass, 5 Bandoneons, 3 Violins",,,,
Francisco Canaro,Orquesta Francisco Canaro,1929-05-15,Por la Virgen de Pompeya,,Tango,Charlo,Odeón,,4084,4544 B,José Ruffet,Eduardo Trongé,,29-32 Falcón,Luis Riccardi,Olindo Sinibaldi,"Ángel Ramos, Ernesto Di Cicco, Héctor Moggio, Américo Bianchi, Mario Canaro","Ernesto Ponzio, Mario Brugni, Domingo Petillo","Piano, Bass, 5 Bandoneons, 3 Violins",,,,
Francisco Canaro,Orquesta Francisco Canaro,1929-05-15,Sentate Hermano,,Tango,Charlo,Odeón,,4082,4535 B,Samuel Castriota,Pascual Contursi,,29-32 Falcón,Luis Riccardi,Olindo Sinibaldi,"Ángel Ramos, Ernesto Di Cicco, Héctor Moggio, Américo Bianchi, Mario Canaro","Ernesto Ponzio, Mario Brugni, Domingo Petillo","Piano, Bass, 5 Bandoneons, 3 Violins",,,,
Francisco Canaro,Orquesta Francisco Canaro,1929-05-22,Dulce Maud,,Vals,Charlo,Odeón,,4114,,Raimundo Marotti,,,29-32 Falcón,Luis Riccardi,Olindo Sinibaldi,"Ángel Ramos, Ernesto Di Cicco, Héctor Moggio, Américo Bianchi, Mario Canaro","Ernesto Ponzio, Mario Brugni, Domingo Petillo","Piano, Bass, 5 Bandoneons, 3 Violins",,,,
Francisco Canaro,Guitarras,1929-05-22,Sos un Hombre,,Tango,Instrumental,Odeón,,4110,4545 B,Juan Canaro,,,29-32 Falcón,Luis Riccardi,Olindo Sinibaldi,"Ángel Ramos, Ernesto Di Cicco, Héctor Moggio, Américo Bianchi, Mario Canaro","Ernesto Ponzio, Mario Brugni, Domingo Petillo","Piano, Bass, 5 Bandoneons, 3 Violins",,,,
Francisco Canaro,Orquesta Francisco Canaro,1929-05-27,Bati Que Haces,,Tango,Olinda Bozan,Odeón,,4134,19003 B,Julio Ceglie,,,29-32 Falcón,Luis Riccardi,Olindo Sinibaldi,"Ángel Ramos, Ernesto Di Cicco, Héctor Moggio, Américo Bianchi, Mario Canaro","Ernesto Ponzio, Mario Brugni, Domingo Petillo","Piano, Bass, 5 Bandoneons, 3 Violins",,,,
Francisco Canaro,Orquesta Francisco Canaro,1929-05-29,Azulidad,,Tango,Charlo,Odeón,,4153,4568 B,Pedro Sassone,Eugenio Cárdenas,,29-32 Falcón,Luis Riccardi,Olindo Sinibaldi,"Ángel Ramos, Ernesto Di Cicco, Héctor Moggio, Américo Bianchi, Mario Canaro","Ernesto Ponzio, Mario Brugni, Domingo Petillo","Piano, Bass, 5 Bandoneons, 3 Violins",,,,
Francisco Canaro,Orquesta Francisco Canaro,1929-05-29,Guapo Sin Grupo,,Tango,Charlo,Odeón,,4151,4557 B,Salvador Merico,Manuel Romero,,29-32 Falcón,Luis Riccardi,Olindo Sinibaldi,"Ángel Ramos, Ernesto Di Cicco, Héctor Moggio, Américo Bianchi, Mario Canaro","Ernesto Ponzio, Mario Brugni, Domingo Petillo","Piano, Bass, 5 Bandoneons, 3 Violins",,,,
Francisco Canaro,Guitarras,1929-05-29,Siempre Contigo,,Vals,Charlo,Odeón,,4150,4558 A,Antonio Polito,Antonio Polito,,29-32 Falcón,Luis Riccardi,Olindo Sinibaldi,"Ángel Ramos, Ernesto Di Cicco, Héctor Moggio, Américo Bianchi, Mario Canaro","Ernesto Ponzio, Mario Brugni, Domingo Petillo","Piano, Bass, 5 Bandoneons, 3 Violins",,,,
Francisco Canaro,Trío Enrique Delfino,1929-06-04,Felicia,,Tango,Instrumental,Odeón,,4175,4551 A,Enrique Saborido,Carlos Pacheco,,29-32 Falcón,Luis Riccardi,Olindo Sinibaldi,"Ángel Ramos, Ernesto Di Cicco, Héctor Moggio, Américo Bianchi, Mario Canaro","Ernesto Ponzio, Mario Brugni, Domingo Petillo","Piano, Bass, 5 Bandoneons, 3 Violins",,,,
Francisco Canaro,Orquesta Francisco Canaro,1929-06-04,Pasión,,Tango,Charlo,Odeón,,4176,4559 B,José Rizzuti,José Rizzuti,,29-32 Falcón,Luis Riccardi,Olindo Sinibaldi,"Ángel Ramos, Ernesto Di Cicco, Héctor Moggio, Américo Bianchi, Mario Canaro","Ernesto Ponzio, Mario Brugni, Domingo Petillo","Piano, Bass, 5 Bandoneons, 3 Violins",,,,
Francisco Canaro,Orquesta Francisco Canaro,1929-06-04,Percantina,,Tango,Charlo,Odeón,,4177,4564 A,Juan Guichandut,Armando Tagini,,29-32 Falcón,Luis Riccardi,Olindo Sinibaldi,"Ángel Ramos, Ernesto Di Cicco, Héctor Moggio, Américo Bianchi, Mario Canaro","Ernesto Ponzio, Mario Brugni, Domingo Petillo","Piano, Bass, 5 Bandoneons, 3 Violins",,,,
Francisco Canaro,Trío Enrique Delfino,1929-06-04,Rumor de la Selva,,Vals,Charlo,Odeón,,4178,4546 B,Ángel Ramos,Ángel Ramos,,29-32 Falcón,Luis Riccardi,Olindo Sinibaldi,"Ángel Ramos, Ernesto Di Cicco, Héctor Moggio, Américo Bianchi, Mario Canaro","Ernesto Ponzio, Mario Brugni, Domingo Petillo","Piano, Bass, 5 Bandoneons, 3 Violins",,,,
Francisco Canaro,Orquesta Francisco Canaro,1929-06-04,Soy un Arlequín,,Tango,Ada Falcón,Odeón,,,,Enrique Discépolo,Enrique Discépolo,,29-32 Falcón,Luis Riccardi,Olindo Sinibaldi,"Ángel Ramos, Ernesto Di Cicco, Héctor Moggio, Américo Bianchi, Mario Canaro","Ernesto Ponzio, Mario Brugni, Domingo Petillo","Piano, Bass, 5 Bandoneons, 3 Violins",,,,
Francisco Canaro,Orquesta Francisco Canaro,1929-06-06,El Último Golpe,,Tango,Charlo,Odeón,,4187,16230 A,Francisco Riccardi,,,29-32 Falcón,Luis Riccardi,Olindo Sinibaldi,"Ángel Ramos, Ernesto Di Cicco, Héctor Moggio, Américo Bianchi, Mario Canaro","Ernesto Ponzio, Mario Brugni, Domingo Petillo","Piano, Bass, 5 Bandoneons, 3 Violins",,,,
Francisco Canaro,Orquesta Francisco Canaro,1929-06-12,La Mazorquera de Monserrat,,Tango,Instrumental,Odeón,,4222,4546 A,Enrique Maciel,Héctor Blomberg,,29-32 Falcón,Luis Riccardi,Olindo Sinibaldi,"Ángel Ramos, Ernesto Di Cicco, Héctor Moggio, Américo Bianchi, Mario Canaro","Ernesto Ponzio, Mario Brugni, Domingo Petillo","Piano, Bass, 5 Bandoneons, 3 Violins",,,,
Francisco Canaro,Orquesta Francisco Canaro,1929-06-12,La Pulpera de Santa Lucía,,Vals,Instrumental,Odeón,,4223,,Enrique Maciel,,,29-32 Falcón,Luis Riccardi,Olindo Sinibaldi,"Ángel Ramos, Ernesto Di Cicco, Héctor Moggio, Américo Bianchi, Mario Canaro","Ernesto Ponzio, Mario Brugni, Domingo Petillo","Piano, Bass, 5 Bandoneons, 3 Violins",,,,
Francisco Canaro,Orquesta Francisco Canaro,1929-06-12,Neura,,Tango,Charlo,Odeón,,4225,4549 B,Carlos Márquez,Carlos Márquez,,29-32 Falcón,Luis Riccardi,Olindo Sinibaldi,"Ángel Ramos, Ernesto Di Cicco, Héctor Moggio, Américo Bianchi, Mario Canaro","Ernesto Ponzio, Mario Brugni, Domingo Petillo","Piano, Bass, 5 Bandoneons, 3 Violins",,,,
Francisco Canaro,Orquesta Francisco Canaro,1929-06-12,Palomita Blanca,,Vals,Charlo,Odeón,,4224,4553 A,Anselmo Aieta,Francisco Jiménez,,29-32 Falcón,Luis Riccardi,Olindo Sinibaldi,"Ángel Ramos, Ernesto Di Cicco, Héctor Moggio, Américo Bianchi, Mario Canaro","Ernesto Ponzio, Mario Brugni, Domingo Petillo","Piano, Bass, 5 Bandoneons, 3 Violins",,,,
Francisco Canaro,Orquesta Francisco Canaro,1929-06-12,Te Fuiste Ja Ja,,Tango,Charlo,Odeón,,4226,4554 A,Gerardo Rodríguez,Juan Reyes,,29-32 Falcón,Luis Riccardi,Olindo Sinibaldi,"Ángel Ramos, Ernesto Di Cicco, Héctor Moggio, Américo Bianchi, Mario Canaro","Ernesto Ponzio, Mario Brugni, Domingo Petillo","Piano, Bass, 5 Bandoneons, 3 Violins",,,,
Francisco Canaro,Orquesta Francisco Canaro,1929-06-12,Tonguero,,Tango,Charlo,Odeón,,4227,4576 A,Adolfo Avilés,José Isart,,29-32 Falcón,Luis Riccardi,Olindo Sinibaldi,"Ángel Ramos, Ernesto Di Cicco, Héctor Moggio, Américo Bianchi, Mario Canaro","Ernesto Ponzio, Mario Brugni, Domingo Petillo","Piano, Bass, 5 Bandoneons, 3 Violins",,,,
Francisco Canaro,Orquesta Francisco Canaro,1929-06-13,Ibis,,Vals,Charlo,Odeón,,4231,16224 A,Héctor Bates,Luis Bates,,29-32 Falcón,Luis Riccardi,Olindo Sinibaldi,"Ángel Ramos, Ernesto Di Cicco, Héctor Moggio, Américo Bianchi, Mario Canaro","Ernesto Ponzio, Mario Brugni, Domingo Petillo","Piano, Bass, 5 Bandoneons, 3 Violins",,,,
Francisco Canaro,Guitarras,1929-06-13,Unidos,Together,Vals,Charlo,Odeón,,4232,16225 A,Bud De Sylva,Enrique Cadícamo,,29-32 Falcón,Luis Riccardi,Olindo Sinibaldi,"Ángel Ramos, Ernesto Di Cicco, Héctor Moggio, Américo Bianchi, Mario Canaro","Ernesto Ponzio, Mario Brugni, Domingo Petillo","Piano, Bass, 5 Bandoneons, 3 Violins",,,,
Francisco Canaro,Orquesta Francisco Canaro,1929-06-19,Del Amor Al Tango,,Tango,Instrumental,Odeón,,4252,,Alfredo Vianna,,,29-32 Falcón,Luis Riccardi,Olindo Sinibaldi,"Ángel Ramos, Ernesto Di Cicco, Héctor Moggio, Américo Bianchi, Mario Canaro","Ernesto Ponzio, Mario Brugni, Domingo Petillo","Piano, Bass, 5 Bandoneons, 3 Violins",,,,
Francisco Canaro,Orquesta Francisco Canaro,1929-06-19,La Brisa,,Tango,Charlo,Odeón,,4255,4552 B,Francisco Canaro,Juan Caruso,,29-32 Falcón,Luis Riccardi,Olindo Sinibaldi,"Ángel Ramos, Ernesto Di Cicco, Héctor Moggio, Américo Bianchi, Mario Canaro","Ernesto Ponzio, Mario Brugni, Domingo Petillo","Piano, Bass, 5 Bandoneons, 3 Violins",,,,
Francisco Canaro,Orquesta Francisco Canaro,1929-06-19,Se Van a Armar,,Tango,Charlo,Odeón,,4256,4632 A,José Rizzuti,A. Sarcione,,29-32 Falcón,Luis Riccardi,Olindo Sinibaldi,"Ángel Ramos, Ernesto Di Cicco, Héctor Moggio, Américo Bianchi, Mario Canaro","Ernesto Ponzio, Mario Brugni, Domingo Petillo","Piano, Bass, 5 Bandoneons, 3 Violins",,,,
Francisco Canaro,Orquesta Francisco Canaro,1929-06-19,Tengo Miedo,,Tango,Charlo,Odeón,,4254,4572 B,Daniel Saavedra,Daniel Saavedra,,29-32 Falcón,Luis Riccardi,Olindo Sinibaldi,"Ángel Ramos, Ernesto Di Cicco, Héctor Moggio, Américo Bianchi, Mario Canaro","Ernesto Ponzio, Mario Brugni, Domingo Petillo","Piano, Bass, 5 Bandoneons, 3 Violins",,,,
Francisco Canaro,Orquesta Francisco Canaro,1929-06-24,Farolito de Papel,,Tango,Instrumental,Odeón,,4281,4553 B,Teófilo Lespés,Francisco Jiménez,,29-32 Falcón,Luis Riccardi,Olindo Sinibaldi,"Ángel Ramos, Ernesto Di Cicco, Héctor Moggio, Américo Bianchi, Mario Canaro","Ernesto Ponzio, Mario Brugni, Domingo Petillo","Piano, Bass, 5 Bandoneons, 3 Violins",,,,
Francisco Canaro,Orquesta Francisco Canaro,1929-06-24,La Canción de Vidalita,,Tango,Charlo,Odeón,,4283,4564 B,Juan González,A. Peñaloza,,29-32 Falcón,Luis Riccardi,Olindo Sinibaldi,"Ángel Ramos, Ernesto Di Cicco, Héctor Moggio, Américo Bianchi, Mario Canaro","Ernesto Ponzio, Mario Brugni, Domingo Petillo","Piano, Bass, 5 Bandoneons, 3 Violins",,,,
Francisco Canaro,Orquesta Francisco Canaro,1929-06-26,Dios Perdona,,Tango,Charlo,Odeón,,4286,4583 B,Juan Scandiffio,A. Cubano,,29-32 Falcón,Luis Riccardi,Olindo Sinibaldi,"Ángel Ramos, Ernesto Di Cicco, Héctor Moggio, Américo Bianchi, Mario Canaro","Ernesto Ponzio, Mario Brugni, Domingo Petillo","Piano, Bass, 5 Bandoneons, 3 Violins",,,,
Francisco Canaro,Orquesta Francisco Canaro,1929-06-26,Malhaya,,Tango,Instrumental,Odeón,,4284,4554 B,Juan Rodríguez,,,29-32 Falcón,Luis Riccardi,Olindo Sinibaldi,"Ángel Ramos, Ernesto Di Cicco, Héctor Moggio, Américo Bianchi, Mario Canaro","Ernesto Ponzio, Mario Brugni, Domingo Petillo","Piano, Bass, 5 Bandoneons, 3 Violins",,,,
Francisco Canaro,Orquesta Francisco Canaro,1929-06-26,Se Va la Muchachada,,Tango,Instrumental,Odeón,,4285,4552 A,Ángel Rodríguez,,,29-32 Falcón,Luis Riccardi,Olindo Sinibaldi,"Ángel Ramos, Ernesto Di Cicco, Héctor Moggio, Américo Bianchi, Mario Canaro","Ernesto Ponzio, Mario Brugni, Domingo Petillo","Piano, Bass, 5 Bandoneons, 3 Violins",,,,
Francisco Canaro,Trío Enrique Delfino,1929-06-26,Si Yo Fuera Comisario,,Tango,Charlo,Odeón,,4287,4622 A,Charlo,A. Meliante,,29-32 Falcón,Luis Riccardi,Olindo Sinibaldi,"Ángel Ramos, Ernesto Di Cicco, Héctor Moggio, Américo Bianchi, Mario Canaro","Ernesto Ponzio, Mario Brugni, Domingo Petillo","Piano, Bass, 5 Bandoneons, 3 Violins",,,,
Francisco Canaro,Orquesta Francisco Canaro,1929-07-03,Cuando el Verdadero Amor Llega,When The Right One Comes Along,Vals,Charlo,Odeón,,4302,4557 A,Mabel Wayne,Antonio Cadícamo,,29-32 Falcón,Luis Riccardi,Olindo Sinibaldi,"Ángel Ramos, Ernesto Di Cicco, Héctor Moggio, Américo Bianchi, Mario Canaro","Ernesto Ponzio, Mario Brugni, Domingo Petillo","Piano, Bass, 5 Bandoneons, 3 Violins",,,,
Francisco Canaro,Orquesta Francisco Canaro,1929-07-03,Guitarra,No Va Más,Tango,Charlo,Odeón,,4303,4558 B,Feliciano Fernández,Feliciano Fernández,,29-32 Falcón,Luis Riccardi,Olindo Sinibaldi,"Ángel Ramos, Ernesto Di Cicco, Héctor Moggio, Américo Bianchi, Mario Canaro","Ernesto Ponzio, Mario Brugni, Domingo Petillo","Piano, Bass, 5 Bandoneons, 3 Violins",,,,
Francisco Canaro,Orquesta Francisco Canaro,1929-07-03,La Pulpera de Santa Lucía,,Vals,Instrumental,Odeón,,4223,4547 A,Enrique Maciel,Héctor Blomberg,,29-32 Falcón,Luis Riccardi,Olindo Sinibaldi,"Ángel Ramos, Ernesto Di Cicco, Héctor Moggio, Américo Bianchi, Mario Canaro","Ernesto Ponzio, Mario Brugni, Domingo Petillo","Piano, Bass, 5 Bandoneons, 3 Violins",,,,
Francisco Canaro,Orquesta Francisco Canaro,1929-07-03,Solitario,,Tango,Charlo,Odeón,,4305,4556 B,Juan Baüer,Alberto Munilla,,29-32 Falcón,Luis Riccardi,Olindo Sinibaldi,"Ángel Ramos, Ernesto Di Cicco, Héctor Moggio, Américo Bianchi, Mario Canaro","Ernesto Ponzio, Mario Brugni, Domingo Petillo","Piano, Bass, 5 Bandoneons, 3 Violins",,,,
Francisco Canaro,Orquesta Francisco Canaro,1929-07-10,Atrás de la Puerta,,Tango,Charlo,Odeón,,4330,4566 B,José Quevedo,,,29-32 Falcón,Luis Riccardi,Olindo Sinibaldi,"Ángel Ramos, Ernesto Di Cicco, Héctor Moggio, Américo Bianchi, Mario Canaro","Ernesto Ponzio, Mario Brugni, Domingo Petillo","Piano, Bass, 5 Bandoneons, 3 Violins",,,,
Francisco Canaro,Orquesta Francisco Canaro,1929-07-10,Lejos de Mi Buenos Aires,,Tango,Charlo,Odeón,,4329,4598 B,Príncipe Cubano,Príncipe Cubano,,29-32 Falcón,Luis Riccardi,Olindo Sinibaldi,"Ángel Ramos, Ernesto Di Cicco, Héctor Moggio, Américo Bianchi, Mario Canaro","Ernesto Ponzio, Mario Brugni, Domingo Petillo","Piano, Bass, 5 Bandoneons, 3 Violins",,,,
Francisco Canaro,Orquesta Francisco Canaro,1929-07-13,Comadre,,Tango,Charlo,Odeón,,4337,,Juan Filiberto,Alejandro Flores,,29-32 Falcón,Luis Riccardi,Olindo Sinibaldi,"Ángel Ramos, Ernesto Di Cicco, Héctor Moggio, Américo Bianchi, Mario Canaro","Ernesto Ponzio, Mario Brugni, Domingo Petillo","Piano, Bass, 5 Bandoneons, 3 Violins",,,,
Francisco Canaro,Orquesta Francisco Canaro,1929-07-13,La Divina Dama,Lady Divine,Vals,Charlo,Odeón,,4339,4555 A,Nathaniel Shilkret,A. Saniez,,29-32 Falcón,Luis Riccardi,Olindo Sinibaldi,"Ángel Ramos, Ernesto Di Cicco, Héctor Moggio, Américo Bianchi, Mario Canaro","Ernesto Ponzio, Mario Brugni, Domingo Petillo","Piano, Bass, 5 Bandoneons, 3 Violins",,,,
Francisco Canaro,Orquesta Francisco Canaro,1929-07-13,My Angelyne,,Vals,Charlo,Odeón,,4338,4567 A,Mabel Wayne,A. Bohigas,,29-32 Falcón,Luis Riccardi,Olindo Sinibaldi,"Ángel Ramos, Ernesto Di Cicco, Héctor Moggio, Américo Bianchi, Mario Canaro","Ernesto Ponzio, Mario Brugni, Domingo Petillo","Piano, Bass, 5 Bandoneons, 3 Violins",,,,
Francisco Canaro,Orquesta Francisco Canaro,1929-07-13,Raquel,,Vals,Charlo,Odeón,,4340,4565 A,Joseph Burke,,,29-32 Falcón,Luis Riccardi,Olindo Sinibaldi,"Ángel Ramos, Ernesto Di Cicco, Héctor Moggio, Américo Bianchi, Mario Canaro","Ernesto Ponzio, Mario Brugni, Domingo Petillo","Piano, Bass, 5 Bandoneons, 3 Violins",,,,
Francisco Canaro,Orquesta Francisco Canaro,1929-07-17,Cabecita,,Tango,Instrumental,Odeón,,4366,4565 B,Mario Canaro,,,29-32 Falcón,Luis Riccardi,Olindo Sinibaldi,"Ángel Ramos, Ernesto Di Cicco, Héctor Moggio, Américo Bianchi, Mario Canaro","Ernesto Ponzio, Mario Brugni, Domingo Petillo","Piano, Bass, 5 Bandoneons, 3 Violins",,,,
Francisco Canaro,Orquesta Francisco Canaro,1929-07-17,La Madrugada,,Tango,Instrumental,Odeón,,4367,4591 B,Emilio Iribarne,,,29-32 Falcón,Luis Riccardi,Olindo Sinibaldi,"Ángel Ramos, Ernesto Di Cicco, Héctor Moggio, Américo Bianchi, Mario Canaro","Ernesto Ponzio, Mario Brugni, Domingo Petillo","Piano, Bass, 5 Bandoneons, 3 Violins",,,,
Francisco Canaro,Orquesta Francisco Canaro,1929-07-17,Marianito,Manou,Tango,Instrumental,Odeón,,4368,4563 B,Domingo Salerno,,,29-32 Falcón,Luis Riccardi,Olindo Sinibaldi,"Ángel Ramos, Ernesto Di Cicco, Héctor Moggio, Américo Bianchi, Mario Canaro","Ernesto Ponzio, Mario Brugni, Domingo Petillo","Piano, Bass, 5 Bandoneons, 3 Violins",,,,
Francisco Canaro,Orquesta Francisco Canaro,1929-07-17,Renée,,Vals,Instrumental,Odeón,,4365,4562 A,Emilio Iribarne,Ofelia Zamora,,29-32 Falcón,Luis Riccardi,Olindo Sinibaldi,"Ángel Ramos, Ernesto Di Cicco, Héctor Moggio, Américo Bianchi, Mario Canaro","Ernesto Ponzio, Mario Brugni, Domingo Petillo","Piano, Bass, 5 Bandoneons, 3 Violins",,,,
Francisco Canaro,Orquesta Francisco Canaro,1929-07-24,La Morocha,,Tango,Ada Falcón,Odeón,,4403,4569 B,Enrique Saborido,Ángel Villoldo,,29-32 Falcón,Luis Riccardi,"Olindo Sinibaldi, Saly Nisguritz","Federico Scorticati, Ángel Ramos, Ciriaco Ortiz, Héctor Moggio","Cayetano Puglisi, Octavio Scaglione, Mario Brugni, Mauricio Misé","Piano, 2 Bass, 4 Bandoneons, 4 Violins",,,,
Francisco Canaro,Orquesta Francisco Canaro,1929-07-24,Llegó la Lancha,,Tango,Antonio Buglione,Odeón,,4404,4562 B,Andrés Calvillo,Andrés Calvillo,,29-32 Falcón,Luis Riccardi,Olindo Sinibaldi,"Ángel Ramos, Ernesto Di Cicco, Héctor Moggio, Américo Bianchi, Mario Canaro","Ernesto Ponzio, Mario Brugni, Domingo Petillo","Piano, Bass, 5 Bandoneons, 3 Violins",,,,
Francisco Canaro,Orquesta Francisco Canaro,1929-08-02,Don Juan,Mozos Guapos,Tango,Instrumental,Odeón,,4431,4569 A,Ernesto Ponzio,Ricardo Podestá,,29-32 Falcón,Luis Riccardi,Olindo Sinibaldi,"Ángel Ramos, Ernesto Di Cicco, Héctor Moggio, Américo Bianchi, Mario Canaro","Ernesto Ponzio, Mario Brugni, Domingo Petillo","Piano, Bass, 5 Bandoneons, 3 Violins",,,,
Francisco Canaro,Orquesta Francisco Canaro,1929-08-02,Tristes Horas,,Tango,Instrumental,Odeón,,4432,4575 B,B. Bisso,,,29-32 Falcón,Luis Riccardi,Olindo Sinibaldi,"Ángel Ramos, Ernesto Di Cicco, Héctor Moggio, Américo Bianchi, Mario Canaro","Ernesto Ponzio, Mario Brugni, Domingo Petillo","Piano, Bass, 5 Bandoneons, 3 Violins",,,,
Francisco Canaro,Orquesta Francisco Canaro,1929-08-06,Arrabal,,Tango,Instrumental,Odeón,,4441,,Francisco Canaro,,,29-32 Falcón,Luis Riccardi,Olindo Sinibaldi,"Ángel Ramos, Ernesto Di Cicco, Héctor Moggio, Américo Bianchi, Mario Canaro","Ernesto Ponzio, Mario Brugni, Domingo Petillo","Piano, Bass, 5 Bandoneons, 3 Violins",,,,
Francisco Canaro,Orquesta Francisco Canaro,1929-08-06,Miau,,Tango,Francisco Fiorentino,Odeón,,4442,4573 B,Luis Teisseire,A. Chiarello,,29-32 Falcón,Luis Riccardi,Olindo Sinibaldi,"Ángel Ramos, Ernesto Di Cicco, Héctor Moggio, Américo Bianchi, Mario Canaro","Ernesto Ponzio, Mario Brugni, Domingo Petillo","Piano, Bass, 5 Bandoneons, 3 Violins",,,,
Francisco Canaro,Orquesta Francisco Canaro,1929-08-07,Porqué Eres Mala,,Tango,Francisco Fiorentino,Odeón,,4443,4561 A,Jorge Herrera,A. Bisetti,,29-32 Falcón,Luis Riccardi,Olindo Sinibaldi,"Ángel Ramos, Ernesto Di Cicco, Héctor Moggio, Américo Bianchi, Mario Canaro","Ernesto Ponzio, Mario Brugni, Domingo Petillo","Piano, Bass, 5 Bandoneons, 3 Violins",,,,
Francisco Canaro,Orquesta Francisco Canaro,1929-08-07,Vuelve Amorcito,,Tango,Francisco Fiorentino,Odeón,,4444,4557 B,Daniel Saavedra,Daniel Saavedra,,29-32 Falcón,Luis Riccardi,Olindo Sinibaldi,"Ángel Ramos, Ernesto Di Cicco, Héctor Moggio, Américo Bianchi, Mario Canaro","Ernesto Ponzio, Mario Brugni, Domingo Petillo","Piano, Bass, 5 Bandoneons, 3 Violins",,,,
Francisco Canaro,Orquesta Francisco Canaro,1929-08-12,La Morocha,,Tango,Ada Falcón,Odeón,,4461,,Enrique Saborido,Ángel Villoldo,,29-32 Falcón,Luis Riccardi,Olindo Sinibaldi,"Ángel Ramos, Ernesto Di Cicco, Héctor Moggio, Américo Bianchi, Mario Canaro","Ernesto Ponzio, Mario Brugni, Domingo Petillo","Piano, Bass, 5 Bandoneons, 3 Violins",,,,
Francisco Canaro,Orquesta Francisco Canaro,1929-08-12,La Traición,,Tango,Ada Falcón,Odeón,,4460,11176 B,Carlos Flores,A. Braga,,29-32 Falcón,Luis Riccardi,Olindo Sinibaldi,"Ángel Ramos, Ernesto Di Cicco, Héctor Moggio, Américo Bianchi, Mario Canaro","Ernesto Ponzio, Mario Brugni, Domingo Petillo","Piano, Bass, 5 Bandoneons, 3 Violins",,,,
Francisco Canaro,Orquesta Francisco Canaro,1929-08-12,Porqué Lloras Muchacha,,Tango,Ada Falcón,Odeón,,4459,11176 A,Rafael Sánchez,A. Garrido,,29-32 Falcón,Luis Riccardi,Olindo Sinibaldi,"Ángel Ramos, Ernesto Di Cicco, Héctor Moggio, Américo Bianchi, Mario Canaro","Ernesto Ponzio, Mario Brugni, Domingo Petillo","Piano, Bass, 5 Bandoneons, 3 Violins",,,,
Francisco Canaro,Orquesta Francisco Canaro,1929-08-12,Sos Bueno Vos También,,Tango,Ada Falcón,Odeón,,4462,11178 B,Francisco Canaro,Juan Caruso,,29-32 Falcón,Luis Riccardi,Olindo Sinibaldi,"Ángel Ramos, Ernesto Di Cicco, Héctor Moggio, Américo Bianchi, Mario Canaro","Ernesto Ponzio, Mario Brugni, Domingo Petillo","Piano, Bass, 5 Bandoneons, 3 Violins",,,,
Francisco Canaro,Orquesta Francisco Canaro,1929-08-14,Comadre,,Tango,Charlo,Odeón,,4337,4560 A,Juan Filiberto,Alejandro Flores,,29-32 Falcón,Luis Riccardi,Olindo Sinibaldi,"Ángel Ramos, Ernesto Di Cicco, Héctor Moggio, Américo Bianchi, Mario Canaro","Ernesto Ponzio, Mario Brugni, Domingo Petillo","Piano, Bass, 5 Bandoneons, 3 Violins",,,,
Francisco Canaro,Orquesta Francisco Canaro,1929-08-14,Misa Rea,,Tango,Charlo,Odeón,,4472,4575 A,Pedro Piana,Audín López,,29-32 Falcón,Luis Riccardi,Olindo Sinibaldi,"Ángel Ramos, Ernesto Di Cicco, Héctor Moggio, Américo Bianchi, Mario Canaro","Ernesto Ponzio, Mario Brugni, Domingo Petillo","Piano, Bass, 5 Bandoneons, 3 Violins",,,,
Francisco Canaro,Orquesta Francisco Canaro,1929-08-14,Por el Camino,Zamba del Boyero,Tango,Charlo,Odeón,,4471,4568 A,José Bohr,A. Castillo,,29-32 Falcón,Luis Riccardi,Olindo Sinibaldi,"Ángel Ramos, Ernesto Di Cicco, Héctor Moggio, Américo Bianchi, Mario Canaro","Ernesto Ponzio, Mario Brugni, Domingo Petillo","Piano, Bass, 5 Bandoneons, 3 Violins",,,,
Francisco Canaro,Orquesta Francisco Canaro,1929-08-14,Tu Ejemplo,,Tango,Instrumental,Odeón,,4470,4567 B,Juan Canaro,,,29-32 Falcón,Luis Riccardi,Olindo Sinibaldi,"Ángel Ramos, Ernesto Di Cicco, Héctor Moggio, Américo Bianchi, Mario Canaro","Ernesto Ponzio, Mario Brugni, Domingo Petillo","Piano, Bass, 5 Bandoneons, 3 Violins",,,,
Francisco Canaro,Orquesta Francisco Canaro,1929-08-14,Tus Noches de Amor,,Tango,Instrumental,Odeón,,4473,4582 B,Cayetano Bonanno,,,29-32 Falcón,Luis Riccardi,Olindo Sinibaldi,"Ángel Ramos, Ernesto Di Cicco, Héctor Moggio, Américo Bianchi, Mario Canaro","Ernesto Ponzio, Mario Brugni, Domingo Petillo","Piano, Bass, 5 Bandoneons, 3 Violins",,,,
Francisco Canaro,Orquesta Francisco Canaro,1929-08-21,Beso su Mano Mi Dama,Ich Küsse Ihre Hand Madame,Tango,Charlo,Odeón,,4493,4570 A,Ralph Erwin,A. Errasi,,29-32 Falcón,Luis Riccardi,Olindo Sinibaldi,"Ángel Ramos, Ernesto Di Cicco, Héctor Moggio, Américo Bianchi, Mario Canaro","Ernesto Ponzio, Mario Brugni, Domingo Petillo","Piano, Bass, 5 Bandoneons, 3 Violins",,,,
Francisco Canaro,Orquesta Francisco Canaro,1929-08-21,La Batuta,,Tango,Instrumental,Odeón,,4491,4570 B,Rafael Canaro,,,29-32 Falcón,Luis Riccardi,Olindo Sinibaldi,"Ángel Ramos, Ernesto Di Cicco, Héctor Moggio, Américo Bianchi, Mario Canaro","Ernesto Ponzio, Mario Brugni, Domingo Petillo","Piano, Bass, 5 Bandoneons, 3 Violins",,,,
Francisco Canaro,Orquesta Francisco Canaro,1929-08-21,Oiga Garcon,,Tango,Charlo,Odeón,,4495,4584 B,Victorio Gago,Victorio Gago,,29-32 Falcón,Luis Riccardi,Olindo Sinibaldi,"Ángel Ramos, Ernesto Di Cicco, Héctor Moggio, Américo Bianchi, Mario Canaro","Ernesto Ponzio, Mario Brugni, Domingo Petillo","Piano, Bass, 5 Bandoneons, 3 Violins",,,,
Francisco Canaro,Orquesta Francisco Canaro,1929-08-21,Travesía,,Tango,Instrumental,Odeón,,4492,4581 B,Manuel Salinger,,,29-32 Falcón,Luis Riccardi,Olindo Sinibaldi,"Ángel Ramos, Ernesto Di Cicco, Héctor Moggio, Américo Bianchi, Mario Canaro","Ernesto Ponzio, Mario Brugni, Domingo Petillo","Piano, Bass, 5 Bandoneons, 3 Violins",,,,
Francisco Canaro,Orquesta Francisco Canaro,1929-08-21,Vals de Amor,,Vals,Charlo,Odeón,,4494,4650 B,Javier Gallardo,Javier Gallardo,,29-32 Falcón,Luis Riccardi,Olindo Sinibaldi,"Ángel Ramos, Ernesto Di Cicco, Héctor Moggio, Américo Bianchi, Mario Canaro","Ernesto Ponzio, Mario Brugni, Domingo Petillo","Piano, Bass, 5 Bandoneons, 3 Violins",,,,
Francisco Canaro,Orquesta Francisco Canaro,1929-08-28,Bailarín Compadrito,,Tango,Charlo,Odeón,,4525,4578 B,Miguel Bucino,Miguel Bucino,,29-32 Falcón,Luis Riccardi,Olindo Sinibaldi,"Ángel Ramos, Ernesto Di Cicco, Héctor Moggio, Américo Bianchi, Mario Canaro","Ernesto Ponzio, Mario Brugni, Domingo Petillo","Piano, Bass, 5 Bandoneons, 3 Violins",,,,
Francisco Canaro,Orquesta Francisco Canaro,1929-08-28,En la Trampa,,Tango,Charlo,Odeón,,4524,4618 B,Juan Salido,Atilio Supparo,,29-32 Falcón,Luis Riccardi,Olindo Sinibaldi,"Ángel Ramos, Ernesto Di Cicco, Héctor Moggio, Américo Bianchi, Mario Canaro","Ernesto Ponzio, Mario Brugni, Domingo Petillo","Piano, Bass, 5 Bandoneons, 3 Violins",,,,
Francisco Canaro,Orquesta Francisco Canaro,1929-08-28,La Guardia Vieja,,Tango,Charlo,Odeón,,4523,4574 A,Angel Pollero,A. Romero,,29-32 Falcón,Luis Riccardi,Olindo Sinibaldi,"Ángel Ramos, Ernesto Di Cicco, Héctor Moggio, Américo Bianchi, Mario Canaro","Ernesto Ponzio, Mario Brugni, Domingo Petillo","Piano, Bass, 5 Bandoneons, 3 Violins",,,,
Francisco Canaro,Orquesta Francisco Canaro,1929-08-28,No Dudes Más,,Tango,Instrumental,Odeón,,4522,4592 B,Augusto Gentile,,,29-32 Falcón,Luis Riccardi,Olindo Sinibaldi,"Ángel Ramos, Ernesto Di Cicco, Héctor Moggio, Américo Bianchi, Mario Canaro","Ernesto Ponzio, Mario Brugni, Domingo Petillo","Piano, Bass, 5 Bandoneons, 3 Violins",,,,
Francisco Canaro,Orquesta Francisco Canaro,1929-08-28,Palermo,,Tango,Charlo,Odeón,,4526,16231 A,Enrique Delfino,A. Braga,,29-32 Falcón,Luis Riccardi,Olindo Sinibaldi,"Ángel Ramos, Ernesto Di Cicco, Héctor Moggio, Américo Bianchi, Mario Canaro","Ernesto Ponzio, Mario Brugni, Domingo Petillo","Piano, Bass, 5 Bandoneons, 3 Violins",,,,
Francisco Canaro,Orquesta Francisco Canaro,1929-09-04,Cruz de Palo,,Tango,Instrumental,Odeón,,4538,4573 A,Guillermo Barbieri,Enrique Cadícamo,,29-32 Falcón,Luis Riccardi,Olindo Sinibaldi,"Ángel Ramos, Ernesto Di Cicco, Héctor Moggio, Américo Bianchi, Mario Canaro","Ernesto Ponzio, Mario Brugni, Domingo Petillo","Piano, Bass, 5 Bandoneons, 3 Violins",,,,
Francisco Canaro,Orquesta Francisco Canaro,1929-09-04,Horas de Ensueño,,Vals,Charlo,Odeón,,4541,4604 A,Luis Mottolese,A. Spíndola,,29-32 Falcón,Luis Riccardi,Olindo Sinibaldi,"Ángel Ramos, Ernesto Di Cicco, Héctor Moggio, Américo Bianchi, Mario Canaro","Ernesto Ponzio, Mario Brugni, Domingo Petillo","Piano, Bass, 5 Bandoneons, 3 Violins",,,,
Francisco Canaro,Orquesta Francisco Canaro,1929-09-04,Pastenaca,,Tango,Charlo,Odeón,,4540,4596 B,Santiago París,Arturo De La Torre,,29-32 Falcón,Luis Riccardi,Olindo Sinibaldi,"Ángel Ramos, Ernesto Di Cicco, Héctor Moggio, Américo Bianchi, Mario Canaro","Ernesto Ponzio, Mario Brugni, Domingo Petillo","Piano, Bass, 5 Bandoneons, 3 Violins",,,,
Francisco Canaro,Orquesta Francisco Canaro,1929-09-04,Piuma Al Vento,,Tango,Charlo,Odeón,,4539,4580 B,Eduardo Ponzio,Armando Tagini,,29-32 Falcón,Luis Riccardi,Olindo Sinibaldi,"Ángel Ramos, Ernesto Di Cicco, Héctor Moggio, Américo Bianchi, Mario Canaro","Ernesto Ponzio, Mario Brugni, Domingo Petillo","Piano, Bass, 5 Bandoneons, 3 Violins",,,,
Francisco Canaro,Orquesta Francisco Canaro,1929-09-11,Beso su Mano Mi Dama,Ich Küsse Ihre Hand Madame,Tango,Charlo,Odeón,,4572,16233 A,Ralph Erwin,A. Errasi,,29-32 Falcón,Luis Riccardi,Olindo Sinibaldi,"Ángel Ramos, Ernesto Di Cicco, Héctor Moggio, Américo Bianchi, Mario Canaro","Ernesto Ponzio, Mario Brugni, Domingo Petillo","Piano, Bass, 5 Bandoneons, 3 Violins",,,,
Francisco Canaro,Orquesta Francisco Canaro,1929-09-11,Chiqué,Chiqué,Tango,Instrumental,Odeón,,4569,,Ricardo Brignolo,Ricardo Brignolo,,29-32 Falcón,Luis Riccardi,Olindo Sinibaldi,"Ángel Ramos, Ernesto Di Cicco, Héctor Moggio, Américo Bianchi, Mario Canaro","Ernesto Ponzio, Mario Brugni, Domingo Petillo","Piano, Bass, 5 Bandoneons, 3 Violins",,,,
Francisco Canaro,Orquesta Francisco Canaro,1929-09-11,El Barbijo,,Tango,Charlo,Odeón,,4571,,Andrés Doménech,A. Blanco,,29-32 Falcón,Luis Riccardi,Olindo Sinibaldi,"Ángel Ramos, Ernesto Di Cicco, Héctor Moggio, Américo Bianchi, Mario Canaro","Ernesto Ponzio, Mario Brugni, Domingo Petillo","Piano, Bass, 5 Bandoneons, 3 Violins",,,,
Francisco Canaro,Orquesta Francisco Canaro,1929-09-11,Prisionero,,Tango,Charlo,Odeón,,4570,4578 A,Anselmo Aieta,A. Jiménez,,29-32 Falcón,Luis Riccardi,Olindo Sinibaldi,"Ángel Ramos, Ernesto Di Cicco, Héctor Moggio, Américo Bianchi, Mario Canaro","Ernesto Ponzio, Mario Brugni, Domingo Petillo","Piano, Bass, 5 Bandoneons, 3 Violins",,,,
Francisco Canaro,Orquesta Francisco Canaro,1929-09-14,Cuando el Verdadero Amor Llega,When The Right One Comes Along,Vals,Charlo,Odeón,,4593,16234 B,Mabel Wayne,Antonio Cadícamo,,29-32 Falcón,Luis Riccardi,Olindo Sinibaldi,"Ángel Ramos, Ernesto Di Cicco, Héctor Moggio, Américo Bianchi, Mario Canaro","Ernesto Ponzio, Mario Brugni, Domingo Petillo","Piano, Bass, 5 Bandoneons, 3 Violins",,,,
Francisco Canaro,Orquesta Francisco Canaro,1929-09-14,Mi Angelina,My Angeline,Vals,Charlo,Odeón,,4592,16238 A,Mabel Wayne,A. Bohigas,,29-32 Falcón,Luis Riccardi,Olindo Sinibaldi,"Ángel Ramos, Ernesto Di Cicco, Héctor Moggio, Américo Bianchi, Mario Canaro","Ernesto Ponzio, Mario Brugni, Domingo Petillo","Piano, Bass, 5 Bandoneons, 3 Violins",,,,
Francisco Canaro,Orquesta Francisco Canaro,1929-09-18,El Mago,,Tango,Instrumental,Odeón,,4603,4607 B,Vicente Chaves,,,29-32 Falcón,Luis Riccardi,Olindo Sinibaldi,"Ángel Ramos, Ernesto Di Cicco, Héctor Moggio, Américo Bianchi, Mario Canaro","Ernesto Ponzio, Mario Brugni, Domingo Petillo","Piano, Bass, 5 Bandoneons, 3 Violins",,,,
Francisco Canaro,Orquesta Francisco Canaro,1929-09-18,Margaritas,,Tango,Charlo,Odeón,,4605,,Juan González,A. Peñaloza,,29-32 Falcón,Luis Riccardi,Olindo Sinibaldi,"Ángel Ramos, Ernesto Di Cicco, Héctor Moggio, Américo Bianchi, Mario Canaro","Ernesto Ponzio, Mario Brugni, Domingo Petillo","Piano, Bass, 5 Bandoneons, 3 Violins",,,,
Francisco Canaro,Orquesta Francisco Canaro,1929-09-18,Misa de Once,,Tango,Charlo,Odeón,,4604,4580 A,Juan Guichandut,Armando Tagini,,29-32 Falcón,Luis Riccardi,Olindo Sinibaldi,"Ángel Ramos, Ernesto Di Cicco, Héctor Moggio, Américo Bianchi, Mario Canaro","Ernesto Ponzio, Mario Brugni, Domingo Petillo","Piano, Bass, 5 Bandoneons, 3 Violins",,,,
Francisco Canaro,Orquesta Francisco Canaro,1929-09-18,Pilchas Viejas,,Tango,Instrumental,Odeón,,4602,4577 B,Mario Canaro,,,29-32 Falcón,Luis Riccardi,Olindo Sinibaldi,"Ángel Ramos, Ernesto Di Cicco, Héctor Moggio, Américo Bianchi, Mario Canaro","Ernesto Ponzio, Mario Brugni, Domingo Petillo","Piano, Bass, 5 Bandoneons, 3 Violins",,,,
Francisco Canaro,Orquesta Francisco Canaro,1929-09-19,Alma de Bohemio,,Tango,Ada Falcón,Odeón,,4611,11179 A,Roberto Firpo,Juan Caruso,,29-32 Falcón,Luis Riccardi,Olindo Sinibaldi,"Ángel Ramos, Ernesto Di Cicco, Héctor Moggio, Américo Bianchi, Mario Canaro","Ernesto Ponzio, Mario Brugni, Domingo Petillo","Piano, Bass, 5 Bandoneons, 3 Violins",,,,
Francisco Canaro,Orquesta Francisco Canaro,1929-09-19,La Morocha,,Tango,Ada Falcón,Odeón,,4461,11178 A,Enrique Saborido,Ángel Villoldo,,29-32 Falcón,Luis Riccardi,Olindo Sinibaldi,"Ángel Ramos, Ernesto Di Cicco, Héctor Moggio, Américo Bianchi, Mario Canaro","Ernesto Ponzio, Mario Brugni, Domingo Petillo","Piano, Bass, 5 Bandoneons, 3 Violins",,,,
Francisco Canaro,Orquesta Francisco Canaro,1929-09-19,La Virgen del Perdón,,Vals,Ada Falcón,Odeón,,4609,11175 A,Carlos Flores,A. Retta,,29-32 Falcón,Luis Riccardi,Olindo Sinibaldi,"Ángel Ramos, Ernesto Di Cicco, Héctor Moggio, Américo Bianchi, Mario Canaro","Ernesto Ponzio, Mario Brugni, Domingo Petillo","Piano, Bass, 5 Bandoneons, 3 Violins",,,,
Francisco Canaro,Orquesta Francisco Canaro,1929-09-19,Tengo Miedo,,Tango,Ada Falcón,Odeón,,4610,11175 B,Daniel Saavedra,Daniel Saavedra,,29-32 Falcón,Luis Riccardi,Olindo Sinibaldi,"Ángel Ramos, Ernesto Di Cicco, Héctor Moggio, Américo Bianchi, Mario Canaro","Ernesto Ponzio, Mario Brugni, Domingo Petillo","Piano, Bass, 5 Bandoneons, 3 Violins",,,,
Francisco Canaro,Orquesta Francisco Canaro,1929-09-25,Me Duele el Alma,,Vals,Instrumental,Odeón,,4628,4584 A,José Padula,,,29-32 Falcón,Luis Riccardi,Olindo Sinibaldi,"Ángel Ramos, Ernesto Di Cicco, Héctor Moggio, Américo Bianchi, Mario Canaro","Ernesto Ponzio, Mario Brugni, Domingo Petillo","Piano, Bass, 5 Bandoneons, 3 Violins",,,,
Francisco Canaro,Orquesta Francisco Canaro,1929-09-25,Noches de Plata,,Vals,Ada Falcón,Odeón,,4627,,Rafael Iriarte,Alfredo Navarrine,,29-32 Falcón,Luis Riccardi,Olindo Sinibaldi,"Ángel Ramos, Ernesto Di Cicco, Héctor Moggio, Américo Bianchi, Mario Canaro","Ernesto Ponzio, Mario Brugni, Domingo Petillo","Piano, Bass, 5 Bandoneons, 3 Violins",,,,
Francisco Canaro,Orquesta Francisco Canaro,1929-09-30,Chiqué,Chiqué,Tango,Instrumental,Odeón,,4569,,Ricardo Brignolo,Ricardo Brignolo,,29-32 Falcón,Luis Riccardi,Olindo Sinibaldi,"Ángel Ramos, Ernesto Di Cicco, Héctor Moggio, Américo Bianchi, Mario Canaro","Ernesto Ponzio, Mario Brugni, Domingo Petillo","Piano, Bass, 5 Bandoneons, 3 Violins",,,,
Francisco Canaro,Orquesta Francisco Canaro,1929-09-30,El Barbijo,,Tango,Charlo,Odeón,,4571,4581 A,Andrés Doménech,A. Blanco,,29-32 Falcón,Luis Riccardi,Olindo Sinibaldi,"Ángel Ramos, Ernesto Di Cicco, Héctor Moggio, Américo Bianchi, Mario Canaro","Ernesto Ponzio, Mario Brugni, Domingo Petillo","Piano, Bass, 5 Bandoneons, 3 Violins",,,,
Francisco Canaro,Orquesta Francisco Canaro,1929-10-02,La Carta del Adiós,,Vals,Charlo,Odeón,,4657,4607 A,Héctor Bates,A. Jiménez,,29-32 Falcón,Luis Riccardi,Olindo Sinibaldi,"Ángel Ramos, Ernesto Di Cicco, Héctor Moggio, Américo Bianchi, Mario Canaro","Ernesto Ponzio, Mario Brugni, Domingo Petillo","Piano, Bass, 5 Bandoneons, 3 Violins",,,,
Francisco Canaro,Orquesta Francisco Canaro,1929-10-02,Malandrina,,Tango,Charlo,Odeón,,4658,4608 B,Luis Palavecino,A. Pomponio,,29-32 Falcón,Luis Riccardi,Olindo Sinibaldi,"Ángel Ramos, Ernesto Di Cicco, Héctor Moggio, Américo Bianchi, Mario Canaro","Ernesto Ponzio, Mario Brugni, Domingo Petillo","Piano, Bass, 5 Bandoneons, 3 Violins",,,,
Francisco Canaro,Orquesta Francisco Canaro,1929-10-02,Meterete,,Tango,Instrumental,Odeón,,4659,4604 B,Udelino Toranzo,,,29-32 Falcón,Luis Riccardi,Olindo Sinibaldi,"Ángel Ramos, Ernesto Di Cicco, Héctor Moggio, Américo Bianchi, Mario Canaro","Ernesto Ponzio, Mario Brugni, Domingo Petillo","Piano, Bass, 5 Bandoneons, 3 Violins",,,,
Francisco Canaro,Orquesta Francisco Canaro,1929-10-02,Notas Lejanas,,Tango,Instrumental,Odeón,,4655,4579 B,Samuel Castriota,,,29-32 Falcón,Luis Riccardi,Olindo Sinibaldi,"Ángel Ramos, Ernesto Di Cicco, Héctor Moggio, Américo Bianchi, Mario Canaro","Ernesto Ponzio, Mario Brugni, Domingo Petillo","Piano, Bass, 5 Bandoneons, 3 Violins",,,,
Francisco Canaro,Orquesta Francisco Canaro,1929-10-09,De Pura Bronca,,Tango,Instrumental,Odeón,,4675,4588 B,Ernesto Parente,,,29-32 Falcón,Luis Riccardi,Olindo Sinibaldi,"Ángel Ramos, Ernesto Di Cicco, Héctor Moggio, Américo Bianchi, Mario Canaro","Ernesto Ponzio, Mario Brugni, Domingo Petillo","Piano, Bass, 5 Bandoneons, 3 Violins",,,,
Francisco Canaro,Orquesta Francisco Canaro,1929-10-09,Midinette,,Tango,Ada Falcón,Odeón,,4679,4586 B,Luis D'Andrea,A. Fernández,,29-32 Falcón,Luis Riccardi,Olindo Sinibaldi,"Ángel Ramos, Ernesto Di Cicco, Héctor Moggio, Américo Bianchi, Mario Canaro","Ernesto Ponzio, Mario Brugni, Domingo Petillo","Piano, Bass, 5 Bandoneons, 3 Violins",,,,
Francisco Canaro,Orquesta Francisco Canaro,1929-10-09,Noche Veneciana,,Vals,Ada Falcón,Odeón,,4677,4588 A,Luis D'Andrea,A. Fernández,,29-32 Falcón,Luis Riccardi,Olindo Sinibaldi,"Ángel Ramos, Ernesto Di Cicco, Héctor Moggio, Américo Bianchi, Mario Canaro","Ernesto Ponzio, Mario Brugni, Domingo Petillo","Piano, Bass, 5 Bandoneons, 3 Violins",,,,
Francisco Canaro,Orquesta Francisco Canaro,1929-10-09,Noches de Carnaval,Noche de Carnaval,Tango,Instrumental,Odeón,,4676,4587 B,Julio Vidal,,,29-32 Falcón,Luis Riccardi,Olindo Sinibaldi,"Ángel Ramos, Ernesto Di Cicco, Héctor Moggio, Américo Bianchi, Mario Canaro","Ernesto Ponzio, Mario Brugni, Domingo Petillo","Piano, Bass, 5 Bandoneons, 3 Violins",,,,
Francisco Canaro,Orquesta Francisco Canaro,1929-10-11,Amor Pagano,Pagan Love Song,Vals,Charlo,Odeón,,4692,4582 A,Nacio Brown,,,29-32 Falcón,Luis Riccardi,Olindo Sinibaldi,"Ángel Ramos, Ernesto Di Cicco, Héctor Moggio, Américo Bianchi, Mario Canaro","Ernesto Ponzio, Mario Brugni, Domingo Petillo","Piano, Bass, 5 Bandoneons, 3 Violins",,,,
Francisco Canaro,Orquesta Francisco Canaro,1929-10-11,Manguero,,Tango,Charlo,Odeón,,4691,4594 A,Luis Riccardi,Alberto Castellanos,,29-32 Falcón,Luis Riccardi,Olindo Sinibaldi,"Ángel Ramos, Ernesto Di Cicco, Héctor Moggio, Américo Bianchi, Mario Canaro","Ernesto Ponzio, Mario Brugni, Domingo Petillo","Piano, Bass, 5 Bandoneons, 3 Violins",,,,
Francisco Canaro,Orquesta Francisco Canaro,1929-10-11,Margaritas,,Tango,Charlo Y Angel Ramos,Odeón,,4605,4579 A,Juan González,A. Peñaloza,,29-32 Falcón,Luis Riccardi,Olindo Sinibaldi,"Ángel Ramos, Ernesto Di Cicco, Héctor Moggio, Américo Bianchi, Mario Canaro","Ernesto Ponzio, Mario Brugni, Domingo Petillo","Piano, Bass, 5 Bandoneons, 3 Violins",,,,
Francisco Canaro,Orquesta Francisco Canaro,1929-10-16,Copando,El Pericón Maldito,Tango,Charlo,Odeón,,4707,4603 B,Joaquín Barreiro,Alfredo Navarrine,,29-32 Falcón,Luis Riccardi,Olindo Sinibaldi,"Ángel Ramos, Ernesto Di Cicco, Héctor Moggio, Américo Bianchi, Mario Canaro","Ernesto Ponzio, Mario Brugni, Domingo Petillo","Piano, Bass, 5 Bandoneons, 3 Violins",,,,
Francisco Canaro,Orquesta Francisco Canaro,1929-10-16,Desilusión,,Tango,Instrumental,Odeón,,4703,4590 B,Miguel Bucino,Miguel Bucino,,29-32 Falcón,Luis Riccardi,Olindo Sinibaldi,"Ángel Ramos, Ernesto Di Cicco, Héctor Moggio, Américo Bianchi, Mario Canaro","Ernesto Ponzio, Mario Brugni, Domingo Petillo","Piano, Bass, 5 Bandoneons, 3 Violins",,,,
Francisco Canaro,Orquesta Francisco Canaro,1929-10-16,Noches de Plata,Noche de Plata,Vals,Ada Falcón,Odeón,,4627,11179 B,Rafael Iriarte,Alfredo Navarrine,,29-32 Falcón,Luis Riccardi,Olindo Sinibaldi,"Ángel Ramos, Ernesto Di Cicco, Héctor Moggio, Américo Bianchi, Mario Canaro","Ernesto Ponzio, Mario Brugni, Domingo Petillo","Piano, Bass, 5 Bandoneons, 3 Violins",,,,
Francisco Canaro,Orquesta Francisco Canaro,1929-10-16,Porqué Me Dejaste,,Tango,Charlo,Odeón,,4705,,Juan Canaro,,,29-32 Falcón,Luis Riccardi,Olindo Sinibaldi,"Ángel Ramos, Ernesto Di Cicco, Héctor Moggio, Américo Bianchi, Mario Canaro","Ernesto Ponzio, Mario Brugni, Domingo Petillo","Piano, Bass, 5 Bandoneons, 3 Violins",,,,
Francisco Canaro,Orquesta Francisco Canaro,1929-10-23,Cacareando,,Tango,Instrumental,Odeón,,4737,4593 B,Delmiro Pereyra,,,29-32 Falcón,Luis Riccardi,Olindo Sinibaldi,"Ángel Ramos, Ernesto Di Cicco, Héctor Moggio, Américo Bianchi, Mario Canaro","Ernesto Ponzio, Mario Brugni, Domingo Petillo","Piano, Bass, 5 Bandoneons, 3 Violins",,,,
Francisco Canaro,Orquesta Francisco Canaro,1929-10-23,El Pajuerano,,Tango,Instrumental,Odeón,,4738,4596 A,Elifio Jaime,,,29-32 Falcón,Luis Riccardi,Olindo Sinibaldi,"Ángel Ramos, Ernesto Di Cicco, Héctor Moggio, Américo Bianchi, Mario Canaro","Ernesto Ponzio, Mario Brugni, Domingo Petillo","Piano, Bass, 5 Bandoneons, 3 Violins",,,,
Francisco Canaro,Orquesta Francisco Canaro,1929-10-23,Jimena,,Vals,Charlo,Odeón,,4741,4593 B,Daniel Saavedra,Daniel Saavedra,,29-32 Falcón,Luis Riccardi,Olindo Sinibaldi,"Ángel Ramos, Ernesto Di Cicco, Héctor Moggio, Américo Bianchi, Mario Canaro","Ernesto Ponzio, Mario Brugni, Domingo Petillo","Piano, Bass, 5 Bandoneons, 3 Violins",,,,
Francisco Canaro,Orquesta Francisco Canaro,1929-10-23,Pensalo Bien,,Tango,Charlo,Odeón,,4740,4590 A,Alberto Hermoso,Alberto Hermoso,,29-32 Falcón,Luis Riccardi,Olindo Sinibaldi,"Ángel Ramos, Ernesto Di Cicco, Héctor Moggio, Américo Bianchi, Mario Canaro","Ernesto Ponzio, Mario Brugni, Domingo Petillo","Piano, Bass, 5 Bandoneons, 3 Violins",,,,
Francisco Canaro,Orquesta Francisco Canaro,1929-10-28,El Vals del Amor,,Vals,Charlo,Odeón,,4773,16236 A,Celia De La Díaz,A. Rubistein,,29-32 Falcón,Luis Riccardi,Olindo Sinibaldi,"Ángel Ramos, Ernesto Di Cicco, Héctor Moggio, Américo Bianchi, Mario Canaro","Ernesto Ponzio, Mario Brugni, Domingo Petillo","Piano, Bass, 5 Bandoneons, 3 Violins",,,,
Francisco Canaro,Orquesta Francisco Canaro,1929-10-28,La Carta del Adiós,,Vals,Charlo,Odeón,,4772,16235 B,Héctor Bates,A. Jiménez,,29-32 Falcón,Luis Riccardi,Olindo Sinibaldi,"Ángel Ramos, Ernesto Di Cicco, Héctor Moggio, Américo Bianchi, Mario Canaro","Ernesto Ponzio, Mario Brugni, Domingo Petillo","Piano, Bass, 5 Bandoneons, 3 Violins",,,,
Francisco Canaro,Orquesta Francisco Canaro,1929-10-28,Ríe Payaso Ríe,Laugh Clown Laugh,Vals,Charlo,Odeón,,4771,16239 A,Ted Fiorito,Antonio Cadícamo,,29-32 Falcón,Luis Riccardi,Olindo Sinibaldi,"Ángel Ramos, Ernesto Di Cicco, Héctor Moggio, Américo Bianchi, Mario Canaro","Ernesto Ponzio, Mario Brugni, Domingo Petillo","Piano, Bass, 5 Bandoneons, 3 Violins",,,,
Francisco Canaro,Orquesta Francisco Canaro,1929-10-30,Manguero,,Tango,Charlo,Odeón,,4789,16235 A,Luis Riccardi,Alberto Castellanos,,29-32 Falcón,Luis Riccardi,Olindo Sinibaldi,"Ángel Ramos, Ernesto Di Cicco, Héctor Moggio, Américo Bianchi, Mario Canaro","Ernesto Ponzio, Mario Brugni, Domingo Petillo","Piano, Bass, 5 Bandoneons, 3 Violins",,,,
Francisco Canaro,Orquesta Francisco Canaro,1929-10-30,Margaritas,,Tango,Charlo Y Angel Ramos,Odeón,,4605,4579 A,Juan González,A. Peñaloza,,29-32 Falcón,Luis Riccardi,Olindo Sinibaldi,"Ángel Ramos, Ernesto Di Cicco, Héctor Moggio, Américo Bianchi, Mario Canaro","Ernesto Ponzio, Mario Brugni, Domingo Petillo","Piano, Bass, 5 Bandoneons, 3 Violins",,,,
Francisco Canaro,Orquesta Francisco Canaro,1929-10-30,Porqué Me Dejaste,,Tango,Charlo,Odeón,,4705,4585 B,Juan Canaro,,,29-32 Falcón,Luis Riccardi,Olindo Sinibaldi,"Ángel Ramos, Ernesto Di Cicco, Héctor Moggio, Américo Bianchi, Mario Canaro","Ernesto Ponzio, Mario Brugni, Domingo Petillo","Piano, Bass, 5 Bandoneons, 3 Violins",,,,
Francisco Canaro,Orquesta Francisco Canaro,1929-11-02,La Eterna Milonga,,Tango,Instrumental,Odeón,,4796,4594 B,Dora Iturriaga,,,29-32 Falcón,Luis Riccardi,Olindo Sinibaldi,"Ángel Ramos, Ernesto Di Cicco, Héctor Moggio, Américo Bianchi, Mario Canaro","Ernesto Ponzio, Mario Brugni, Domingo Petillo","Piano, Bass, 5 Bandoneons, 3 Violins",,,,
Francisco Canaro,Orquesta Francisco Canaro,1929-11-02,Mentiras Criollas,,Tango,Charlo,Odeón,,4799,4591 A,Oscar Arona,Oscar Arona,,29-32 Falcón,Luis Riccardi,Olindo Sinibaldi,"Ángel Ramos, Ernesto Di Cicco, Héctor Moggio, Américo Bianchi, Mario Canaro","Ernesto Ponzio, Mario Brugni, Domingo Petillo","Piano, Bass, 5 Bandoneons, 3 Violins",,,,
Francisco Canaro,Orquesta Francisco Canaro,1929-11-02,Mucamita,,Tango,Charlo,Odeón,,4798,4592 A,Rodolfo Sciammarella,Arturo Bustamante,,29-32 Falcón,Luis Riccardi,Olindo Sinibaldi,"Ángel Ramos, Ernesto Di Cicco, Héctor Moggio, Américo Bianchi, Mario Canaro","Ernesto Ponzio, Mario Brugni, Domingo Petillo","Piano, Bass, 5 Bandoneons, 3 Violins",,,,
Francisco Canaro,Orquesta Francisco Canaro,1929-11-02,No Quiero Verla Más,,Tango,Charlo,Odeón,,4800,4593 A,Luis Teisseire,Juan Caruso,,29-32 Falcón,Luis Riccardi,Olindo Sinibaldi,"Ángel Ramos, Ernesto Di Cicco, Héctor Moggio, Américo Bianchi, Mario Canaro","Ernesto Ponzio, Mario Brugni, Domingo Petillo","Piano, Bass, 5 Bandoneons, 3 Violins",,,,
Francisco Canaro,Orquesta Francisco Canaro,1929-11-02,Rancho Embrujao,Rancho Embrujado,Tango,Instrumental,Odeón,,4797,4595 A,Raúl Courau,,,29-32 Falcón,Luis Riccardi,Olindo Sinibaldi,"Ángel Ramos, Ernesto Di Cicco, Héctor Moggio, Américo Bianchi, Mario Canaro","Ernesto Ponzio, Mario Brugni, Domingo Petillo","Piano, Bass, 5 Bandoneons, 3 Violins",,,,
Francisco Canaro,Orquesta Francisco Canaro,1929-11-06,Abuelita,,Tango,Instrumental,Odeón,,4817,4611 B,Juan Canaro,,,29-32 Falcón,Luis Riccardi,Olindo Sinibaldi,"Ángel Ramos, Ernesto Di Cicco, Héctor Moggio, Américo Bianchi, Mario Canaro","Ernesto Ponzio, Mario Brugni, Domingo Petillo","Piano, Bass, 5 Bandoneons, 3 Violins",,,,
Francisco Canaro,Orquesta Francisco Canaro,1929-11-06,Alicia,,Vals,Instrumental,Odeón,,4819,4602 A,Guillermo Barbieri,Eugenio Cárdenas,,29-32 Falcón,Luis Riccardi,Olindo Sinibaldi,"Ángel Ramos, Ernesto Di Cicco, Héctor Moggio, Américo Bianchi, Mario Canaro","Ernesto Ponzio, Mario Brugni, Domingo Petillo","Piano, Bass, 5 Bandoneons, 3 Violins",,,,
Francisco Canaro,Orquesta Francisco Canaro,1929-11-06,Amor Pagano,,Vals,Ada Falcón,Odeón,,4821,,Nacio Brown,,,29-32 Falcón,Luis Riccardi,Olindo Sinibaldi,"Ángel Ramos, Ernesto Di Cicco, Héctor Moggio, Américo Bianchi, Mario Canaro","Ernesto Ponzio, Mario Brugni, Domingo Petillo","Piano, Bass, 5 Bandoneons, 3 Violins",,,,
Francisco Canaro,Orquesta Francisco Canaro,1929-11-06,Chiqué,Chiqué,Tango,Instrumental,Odeón,,4569,4597 A,Ricardo Brignolo,Ricardo Brignolo,,29-32 Falcón,Luis Riccardi,Olindo Sinibaldi,"Ángel Ramos, Ernesto Di Cicco, Héctor Moggio, Américo Bianchi, Mario Canaro","Ernesto Ponzio, Mario Brugni, Domingo Petillo","Piano, Bass, 5 Bandoneons, 3 Violins",,,,
Francisco Canaro,Orquesta Francisco Canaro,1929-11-06,Gallo Viejo,,Tango,Instrumental,Odeón,,4818,4589 B,Enrique Cadícamo,,,29-32 Falcón,Luis Riccardi,Olindo Sinibaldi,"Ángel Ramos, Ernesto Di Cicco, Héctor Moggio, Américo Bianchi, Mario Canaro","Ernesto Ponzio, Mario Brugni, Domingo Petillo","Piano, Bass, 5 Bandoneons, 3 Violins",,,,
Francisco Canaro,Orquesta Francisco Canaro,1929-11-06,Ratoncito,,Tango,Instrumental,Odeón,,4820,4605 B,Mario Canaro,,,29-32 Falcón,Luis Riccardi,Olindo Sinibaldi,"Ángel Ramos, Ernesto Di Cicco, Héctor Moggio, Américo Bianchi, Mario Canaro","Ernesto Ponzio, Mario Brugni, Domingo Petillo","Piano, Bass, 5 Bandoneons, 3 Violins",,,,
Francisco Canaro,Orquesta Francisco Canaro,1929-11-09,Bells Of Hawaii,,Vals,Instrumental,Odeón,,4843,4610 A,William Heagney,,,29-32 Falcón,Luis Riccardi,Olindo Sinibaldi,"Ángel Ramos, Ernesto Di Cicco, Héctor Moggio, Américo Bianchi, Mario Canaro","Ernesto Ponzio, Mario Brugni, Domingo Petillo","Piano, Bass, 5 Bandoneons, 3 Violins",,,,
Francisco Canaro,Orquesta Francisco Canaro,1929-11-09,Ya No Puedo Llorar,Oh How I Miss You To-Night,Vals,Charlo,Odeón,,4846,4621 A,"Benny Davis, Joseph Fisher",,,29-32 Falcón,Luis Riccardi,Olindo Sinibaldi,"Ángel Ramos, Ernesto Di Cicco, Héctor Moggio, Américo Bianchi, Mario Canaro","Ernesto Ponzio, Mario Brugni, Domingo Petillo","Piano, Bass, 5 Bandoneons, 3 Violins",,,,
Francisco Canaro,Orquesta Francisco Canaro,1929-11-13,El Triunfo,,Tango,Instrumental,Odeón,,4862,4597 B,Francisco Canaro,,,29-32 Falcón,Luis Riccardi,Olindo Sinibaldi,"Ángel Ramos, Ernesto Di Cicco, Héctor Moggio, Américo Bianchi, Mario Canaro","Ernesto Ponzio, Mario Brugni, Domingo Petillo","Piano, Bass, 5 Bandoneons, 3 Violins",,,,
Francisco Canaro,Orquesta Francisco Canaro,1929-11-13,El Vals del Amor,,Vals,Charlo,Odeón,,4864,4613 A,Celia De La Díaz,A. Rubistein,,29-32 Falcón,Luis Riccardi,Olindo Sinibaldi,"Ángel Ramos, Ernesto Di Cicco, Héctor Moggio, Américo Bianchi, Mario Canaro","Ernesto Ponzio, Mario Brugni, Domingo Petillo","Piano, Bass, 5 Bandoneons, 3 Violins",,,,
Francisco Canaro,Orquesta Francisco Canaro,1929-11-13,Pretenciosa,,Tango,Ada Falcón,Odeón,,4863,11180 B,Francisco Canaro,A. Traverso,,29-32 Falcón,Luis Riccardi,Olindo Sinibaldi,"Ángel Ramos, Ernesto Di Cicco, Héctor Moggio, Américo Bianchi, Mario Canaro","Ernesto Ponzio, Mario Brugni, Domingo Petillo","Piano, Bass, 5 Bandoneons, 3 Violins",,,,
Francisco Canaro,Orquesta Francisco Canaro,1929-11-13,Ríe Payaso Ríe,Laugh Clown Laugh,Vals,Charlo,Odeón,,4865,4614 A,Ted Fiorito,Antonio Cadícamo,,29-32 Falcón,Luis Riccardi,Olindo Sinibaldi,"Ángel Ramos, Ernesto Di Cicco, Héctor Moggio, Américo Bianchi, Mario Canaro","Ernesto Ponzio, Mario Brugni, Domingo Petillo","Piano, Bass, 5 Bandoneons, 3 Violins",,,,
Francisco Canaro,Orquesta Francisco Canaro,1929-11-13,Sueño con Él,,Vals,Ada Falcón,Odeón,,4866,4600 A,Ada Falcón,Ada Falcón,,29-32 Falcón,Luis Riccardi,Olindo Sinibaldi,"Ángel Ramos, Ernesto Di Cicco, Héctor Moggio, Américo Bianchi, Mario Canaro","Ernesto Ponzio, Mario Brugni, Domingo Petillo","Piano, Bass, 5 Bandoneons, 3 Violins",,,,
Francisco Canaro,Orquesta Francisco Canaro,1929-11-18,El Tísico,Cierra Esa Puerta,Tango,Charlo,Odeón,,4905,4591 B,Ítalo Goyeche,Alfonso García,,29-32 Falcón,Luis Riccardi,Olindo Sinibaldi,"Ángel Ramos, Ernesto Di Cicco, Héctor Moggio, Américo Bianchi, Mario Canaro","Ernesto Ponzio, Mario Brugni, Domingo Petillo","Piano, Bass, 5 Bandoneons, 3 Violins",,,,
Francisco Canaro,Orquesta Francisco Canaro,1929-11-18,Poema de Amor,,Vals,Charlo,Odeón,,4906,4619 A,Andrés Calvillo,Andrés Calvillo,,29-32 Falcón,Luis Riccardi,Olindo Sinibaldi,"Ángel Ramos, Ernesto Di Cicco, Héctor Moggio, Américo Bianchi, Mario Canaro","Ernesto Ponzio, Mario Brugni, Domingo Petillo","Piano, Bass, 5 Bandoneons, 3 Violins",,,,
Francisco Canaro,Orquesta Francisco Canaro,1929-11-20,Canto de Amor,,Tango,Charlo,Odeón,,4920,4595 B,Antonio Polito,Antonio Timarni,,29-32 Falcón,Luis Riccardi,Olindo Sinibaldi,"Ángel Ramos, Ernesto Di Cicco, Héctor Moggio, Américo Bianchi, Mario Canaro","Ernesto Ponzio, Mario Brugni, Domingo Petillo","Piano, Bass, 5 Bandoneons, 3 Violins",,,,
Francisco Canaro,Orquesta Francisco Canaro,1929-11-20,Del Pasado,,Tango,Charlo,Odeón,,4923,4610 B,José Roselli,A. Braña,,29-32 Falcón,Luis Riccardi,Olindo Sinibaldi,"Ángel Ramos, Ernesto Di Cicco, Héctor Moggio, Américo Bianchi, Mario Canaro","Ernesto Ponzio, Mario Brugni, Domingo Petillo","Piano, Bass, 5 Bandoneons, 3 Violins",,,,
Francisco Canaro,Orquesta Francisco Canaro,1929-11-20,Primavera,,Tango,Instrumental,Odeón,,4924,4599 B,José Basadoni,,,29-32 Falcón,Luis Riccardi,Olindo Sinibaldi,"Ángel Ramos, Ernesto Di Cicco, Héctor Moggio, Américo Bianchi, Mario Canaro","Ernesto Ponzio, Mario Brugni, Domingo Petillo","Piano, Bass, 5 Bandoneons, 3 Violins",,,,
Francisco Canaro,Orquesta Francisco Canaro,1929-11-27,Amor Pagano,,Vals,Ada Falcón,Odeón,,4821,11183 A,Nacio Brown,,,29-32 Falcón,Luis Riccardi,Olindo Sinibaldi,"Ángel Ramos, Ernesto Di Cicco, Héctor Moggio, Américo Bianchi, Mario Canaro","Ernesto Ponzio, Mario Brugni, Domingo Petillo","Piano, Bass, 5 Bandoneons, 3 Violins",,,,
Francisco Canaro,Orquesta Francisco Canaro,1929-11-27,Aquel Novio,,Tango,Charlo,Odeón,,4951,4602 B,Juan Canaro,Juan Canaro,,29-32 Falcón,Luis Riccardi,Olindo Sinibaldi,"Ángel Ramos, Ernesto Di Cicco, Héctor Moggio, Américo Bianchi, Mario Canaro","Ernesto Ponzio, Mario Brugni, Domingo Petillo","Piano, Bass, 5 Bandoneons, 3 Violins",,,,
Francisco Canaro,Orquesta Francisco Canaro,1929-11-27,Departamento Se Alquila,,Tango,Charlo,Odeón,,4953,4609 B,Carlos Flores,A. Frollo,,29-32 Falcón,Luis Riccardi,Olindo Sinibaldi,"Ángel Ramos, Ernesto Di Cicco, Héctor Moggio, Américo Bianchi, Mario Canaro","Ernesto Ponzio, Mario Brugni, Domingo Petillo","Piano, Bass, 5 Bandoneons, 3 Violins",,,,
Francisco Canaro,Orquesta Francisco Canaro,1929-11-27,María Luisa,,Vals,Instrumental,Odeón,,4954,4603 A,Miguel Buchino,,,29-32 Falcón,Luis Riccardi,Olindo Sinibaldi,"Ángel Ramos, Ernesto Di Cicco, Héctor Moggio, Américo Bianchi, Mario Canaro","Ernesto Ponzio, Mario Brugni, Domingo Petillo","Piano, Bass, 5 Bandoneons, 3 Violins",,,,
Francisco Canaro,Orquesta Francisco Canaro,1929-11-27,Mimosa,,Tango,Instrumental,Odeón,,4955,4613 B,Mateo Coppola,,,29-32 Falcón,Luis Riccardi,Olindo Sinibaldi,"Ángel Ramos, Ernesto Di Cicco, Héctor Moggio, Américo Bianchi, Mario Canaro","Ernesto Ponzio, Mario Brugni, Domingo Petillo","Piano, Bass, 5 Bandoneons, 3 Violins",,,,
Francisco Canaro,Orquesta Francisco Canaro,1929-11-27,Queja Melodiosa,,Tango,Charlo,Odeón,,4952,4600 B,José Rizzuti,Audín López,,29-32 Falcón,Luis Riccardi,Olindo Sinibaldi,"Ángel Ramos, Ernesto Di Cicco, Héctor Moggio, Américo Bianchi, Mario Canaro","Ernesto Ponzio, Mario Brugni, Domingo Petillo","Piano, Bass, 5 Bandoneons, 3 Violins",,,,
Francisco Canaro,Orquesta Francisco Canaro,1929-12-04,Corazón de Criollo,,Tango,Charlo,Odeón,,4997,4621 B,Agustín Paredes,A. Saavedra,,29-32 Falcón,Luis Riccardi,Olindo Sinibaldi,"Ángel Ramos, Ernesto Di Cicco, Héctor Moggio, Américo Bianchi, Mario Canaro","Ernesto Ponzio, Mario Brugni, Domingo Petillo","Piano, Bass, 5 Bandoneons, 3 Violins",,,,
Francisco Canaro,Orquesta Francisco Canaro,1929-12-04,Hasta Luego,,Tango,Instrumental,Odeón,,4995,4622 B,Juan Mateo,,,29-32 Falcón,Luis Riccardi,Olindo Sinibaldi,"Ángel Ramos, Ernesto Di Cicco, Héctor Moggio, Américo Bianchi, Mario Canaro","Ernesto Ponzio, Mario Brugni, Domingo Petillo","Piano, Bass, 5 Bandoneons, 3 Violins",,,,
Francisco Canaro,Orquesta Francisco Canaro,1929-12-04,Nueve de Julio,9 de Julio,Tango,Instrumental,Odeón,,4996,4615 B,José Padula,Lito Bayardo,,29-32 Falcón,Luis Riccardi,Olindo Sinibaldi,"Ángel Ramos, Ernesto Di Cicco, Héctor Moggio, Américo Bianchi, Mario Canaro","Ernesto Ponzio, Mario Brugni, Domingo Petillo","Piano, Bass, 5 Bandoneons, 3 Violins",,,,
Francisco Canaro,Orquesta Francisco Canaro,1929-12-04,Porteñito,,Tango,Charlo,Odeón,,4998,,Luis González,Andrés Calvillo,,29-32 Falcón,Luis Riccardi,Olindo Sinibaldi,"Ángel Ramos, Ernesto Di Cicco, Héctor Moggio, Américo Bianchi, Mario Canaro","Ernesto Ponzio, Mario Brugni, Domingo Petillo","Piano, Bass, 5 Bandoneons, 3 Violins",,,,
Francisco Canaro,Orquesta Francisco Canaro,1929-12-04,Sueño con Él,,Vals,Ada Falcón,Odeón,,4999,11181 A,Ada Falcón,Ada Falcón,,29-32 Falcón,Luis Riccardi,Olindo Sinibaldi,"Ángel Ramos, Ernesto Di Cicco, Héctor Moggio, Américo Bianchi, Mario Canaro","Ernesto Ponzio, Mario Brugni, Domingo Petillo","Piano, Bass, 5 Bandoneons, 3 Violins",,,,
Francisco Canaro,Orquesta Francisco Canaro,1929-12-10,Felisa Tolosa,,Vals,Charlo,Odeón,,5023,4601 A,Raúl De Los Hoyos,A. Amadori,,29-32 Falcón,Luis Riccardi,Olindo Sinibaldi,"Ángel Ramos, Ernesto Di Cicco, Héctor Moggio, Américo Bianchi, Mario Canaro","Ernesto Ponzio, Mario Brugni, Domingo Petillo","Piano, Bass, 5 Bandoneons, 3 Violins",,,,
Francisco Canaro,Orquesta Francisco Canaro,1929-12-10,Mala Cara,,Tango,Instrumental,Odeón,,5018,4617 B,Luis Bernstein,,,29-32 Falcón,Luis Riccardi,Olindo Sinibaldi,"Ángel Ramos, Ernesto Di Cicco, Héctor Moggio, Américo Bianchi, Mario Canaro","Ernesto Ponzio, Mario Brugni, Domingo Petillo","Piano, Bass, 5 Bandoneons, 3 Violins",,,,
Francisco Canaro,Orquesta Francisco Canaro,1929-12-10,Maldonado,,Tango,Charlo,Odeón,,5022,4601 B,Raúl De Los Hoyos,Alberto Vaccarezza,,29-32 Falcón,Luis Riccardi,Olindo Sinibaldi,"Ángel Ramos, Ernesto Di Cicco, Héctor Moggio, Américo Bianchi, Mario Canaro","Ernesto Ponzio, Mario Brugni, Domingo Petillo","Piano, Bass, 5 Bandoneons, 3 Violins",,,,
Francisco Canaro,Orquesta Francisco Canaro,1929-12-11,Jacqueline,,Tango,Charlo,Odeón,,5028,4638 B,Luis González,Luis González,,29-32 Falcón,Luis Riccardi,Olindo Sinibaldi,"Ángel Ramos, Ernesto Di Cicco, Héctor Moggio, Américo Bianchi, Mario Canaro","Ernesto Ponzio, Mario Brugni, Domingo Petillo","Piano, Bass, 5 Bandoneons, 3 Violins",,,,
Francisco Canaro,Orquesta Francisco Canaro,1929-12-11,No Pretendas Disculparte,,Tango,Instrumental,Odeón,,5025,4614 B,Enrique Mónaco,,,29-32 Falcón,Luis Riccardi,Olindo Sinibaldi,"Ángel Ramos, Ernesto Di Cicco, Héctor Moggio, Américo Bianchi, Mario Canaro","Ernesto Ponzio, Mario Brugni, Domingo Petillo","Piano, Bass, 5 Bandoneons, 3 Violins",,,,
Francisco Canaro,Orquesta Francisco Canaro,1929-12-11,Penas Pasadas,,Tango,Instrumental,Odeón,,5029,4606 B,Juan Rodríguez,,,29-32 Falcón,Luis Riccardi,Olindo Sinibaldi,"Ángel Ramos, Ernesto Di Cicco, Héctor Moggio, Américo Bianchi, Mario Canaro","Ernesto Ponzio, Mario Brugni, Domingo Petillo","Piano, Bass, 5 Bandoneons, 3 Violins",,,,
Francisco Canaro,Orquesta Francisco Canaro,1929-12-11,Una Noche en la Milonga,,Tango,Ada Falcón,Odeón,,5030,11183 B,Guillermo Del Ciancio,A. Robertassi,,29-32 Falcón,Luis Riccardi,Olindo Sinibaldi,"Ángel Ramos, Ernesto Di Cicco, Héctor Moggio, Américo Bianchi, Mario Canaro","Ernesto Ponzio, Mario Brugni, Domingo Petillo","Piano, Bass, 5 Bandoneons, 3 Violins",,,,
Francisco Canaro,Orquesta Francisco Canaro,1929-12-17,Amor Pagano,Pagan Love Song,Vals,Charlo,Odeón,,5100,16242 B,Nacio Brown,Arthur Freed,,29-32 Falcón,Luis Riccardi,Olindo Sinibaldi,"Ángel Ramos, Ernesto Di Cicco, Héctor Moggio, Américo Bianchi, Mario Canaro","Ernesto Ponzio, Mario Brugni, Domingo Petillo","Piano, Bass, 5 Bandoneons, 3 Violins",,,,
Francisco Canaro,Orquesta Francisco Canaro,1929-12-17,Barrio Querido,,Tango,Instrumental,Odeón,,5090,4619 B,Ernesto Di Cicco,,,29-32 Falcón,Luis Riccardi,Olindo Sinibaldi,"Ángel Ramos, Ernesto Di Cicco, Héctor Moggio, Américo Bianchi, Mario Canaro","Ernesto Ponzio, Mario Brugni, Domingo Petillo","Piano, Bass, 5 Bandoneons, 3 Violins",,,,
Francisco Canaro,Orquesta Francisco Canaro,1929-12-17,Corazón de Oro,Corazón de Oro,Vals,Instrumental,Odeón,,5099,40020 B,Francisco Canaro,Jesús Blanco,,29-32 Falcón,Luis Riccardi,Olindo Sinibaldi,"Ángel Ramos, Ernesto Di Cicco, Héctor Moggio, Américo Bianchi, Mario Canaro","Ernesto Ponzio, Mario Brugni, Domingo Petillo","Piano, Bass, 5 Bandoneons, 3 Violins",,,,
Francisco Canaro,Orquesta Francisco Canaro,1929-12-17,Desilusión,,Tango,Ada Falcón,Odeón,,5095,,Miguel Bucino,Miguel Bucino,,29-32 Falcón,Luis Riccardi,Olindo Sinibaldi,"Ángel Ramos, Ernesto Di Cicco, Héctor Moggio, Américo Bianchi, Mario Canaro","Ernesto Ponzio, Mario Brugni, Domingo Petillo","Piano, Bass, 5 Bandoneons, 3 Violins",,,,
Francisco Canaro,Orquesta Francisco Canaro,1929-12-17,Hermanita,,Tango,Ada Falcón,Odeón,,5091,4610 A,Adrián Russo,A. Pelay,,29-32 Falcón,Luis Riccardi,Olindo Sinibaldi,"Ángel Ramos, Ernesto Di Cicco, Héctor Moggio, Américo Bianchi, Mario Canaro","Ernesto Ponzio, Mario Brugni, Domingo Petillo","Piano, Bass, 5 Bandoneons, 3 Violins",,,,
Francisco Canaro,Orquesta Francisco Canaro,1929-12-17,Pájaro Azul,,Tango,Instrumental,Odeón,,5098,40020 A,Francisco Canaro,,,29-32 Falcón,Luis Riccardi,Olindo Sinibaldi,"Ángel Ramos, Ernesto Di Cicco, Héctor Moggio, Américo Bianchi, Mario Canaro","Ernesto Ponzio, Mario Brugni, Domingo Petillo","Piano, Bass, 5 Bandoneons, 3 Violins",,,,
Francisco Canaro,Orquesta Francisco Canaro,1929-12-17,Palomita Blanca,,Vals,Ada Falcón,Odeón,,5092,11182 B,Anselmo Aieta,A. Jiménez,,29-32 Falcón,Luis Riccardi,Olindo Sinibaldi,"Ángel Ramos, Ernesto Di Cicco, Héctor Moggio, Américo Bianchi, Mario Canaro","Ernesto Ponzio, Mario Brugni, Domingo Petillo","Piano, Bass, 5 Bandoneons, 3 Violins",,,,
Francisco Canaro,Orquesta Francisco Canaro,1929-12-17,Pensalo Bien,,Tango,Ada Falcón,Odeón,,5094,11184 B,Alberto Hermoso,Alberto Hermoso,,29-32 Falcón,Luis Riccardi,Olindo Sinibaldi,"Ángel Ramos, Ernesto Di Cicco, Héctor Moggio, Américo Bianchi, Mario Canaro","Ernesto Ponzio, Mario Brugni, Domingo Petillo","Piano, Bass, 5 Bandoneons, 3 Violins",,,,
Francisco Canaro,Orquesta Francisco Canaro,1929-12-23,Charlatana,,Tango,Instrumental,Odeón,,5131,4612 B,Humberto Canaro,,,29-32 Falcón,Luis Riccardi,Olindo Sinibaldi,"Ángel Ramos, Ernesto Di Cicco, Héctor Moggio, Américo Bianchi, Mario Canaro","Ernesto Ponzio, Mario Brugni, Domingo Petillo","Piano, Bass, 5 Bandoneons, 3 Violins",,,,
Francisco Canaro,Orquesta Francisco Canaro,1929-12-23,Córdoba,,Tango,Charlo,Odeón,,5134,4605 B,Juan Ghio,,,29-32 Falcón,Luis Riccardi,Olindo Sinibaldi,"Ángel Ramos, Ernesto Di Cicco, Héctor Moggio, Américo Bianchi, Mario Canaro","Ernesto Ponzio, Mario Brugni, Domingo Petillo","Piano, Bass, 5 Bandoneons, 3 Violins",,,,
Francisco Canaro,Orquesta Francisco Canaro,1929-12-23,La Tablada,,Tango,Instrumental,Odeón,,5130,4615 A,Francisco Canaro,,,29-32 Falcón,Luis Riccardi,Olindo Sinibaldi,"Ángel Ramos, Ernesto Di Cicco, Héctor Moggio, Américo Bianchi, Mario Canaro","Ernesto Ponzio, Mario Brugni, Domingo Petillo","Piano, Bass, 5 Bandoneons, 3 Violins",,,,
Francisco Canaro,Orquesta Francisco Canaro,1929-12-23,Luz Falsa,,Tango,Charlo,Odeón,,5135,4616 B,Ángel Ramos,Ángel Ramos,,29-32 Falcón,Luis Riccardi,Olindo Sinibaldi,"Ángel Ramos, Ernesto Di Cicco, Héctor Moggio, Américo Bianchi, Mario Canaro","Ernesto Ponzio, Mario Brugni, Domingo Petillo","Piano, Bass, 5 Bandoneons, 3 Violins",,,,
Francisco Canaro,Orquesta Francisco Canaro,1929-12-23,Qué Bello Es Soñar,Murmullos del Parque,Vals,Charlo,Odeón,,5133,4616 A,Juan Ghio,Alfredo Roldán,,29-32 Falcón,Luis Riccardi,Olindo Sinibaldi,"Ángel Ramos, Ernesto Di Cicco, Héctor Moggio, Américo Bianchi, Mario Canaro","Ernesto Ponzio, Mario Brugni, Domingo Petillo","Piano, Bass, 5 Bandoneons, 3 Violins",,,,
Francisco Canaro,Orquesta Francisco Canaro,1929-12-23,Renée,,Vals,Ada Falcón,Odeón,,5138,11184 A,Emilio Iribarne,,,29-32 Falcón,Luis Riccardi,Olindo Sinibaldi,"Ángel Ramos, Ernesto Di Cicco, Héctor Moggio, Américo Bianchi, Mario Canaro","Ernesto Ponzio, Mario Brugni, Domingo Petillo","Piano, Bass, 5 Bandoneons, 3 Violins",,,,
Francisco Canaro,Orquesta Francisco Canaro,1930-03-05,A Mí No Me Den Consejos,,Tango,Charlo,Odeón,,5172,,Francisco Riccardi,,,29-32 Falcón,Luis Riccardi,"Olindo Sinibaldi, Saly Nisguritz","Federico Scorticati, Ángel Ramos, Ciriaco Ortiz, Héctor Moggio","Cayetano Puglisi, Octavio Scaglione, Mario Brugni, Mauricio Misé","Piano, 2 Bass, 4 Bandoneons, 4 Violins",,,,
Francisco Canaro,Orquesta Francisco Canaro,1930-03-05,Cuando Era Chiquitito,,Tango,Charlo,Odeón,,5170,4626 A,Enrique Delfino,Mario Rada,,29-32 Falcón,,,,,,,,,
Francisco Canaro,Orquesta Francisco Canaro,1930-03-05,Don Segundo Sombra,,Tango,Charlo,Odeón,,5171,4623 A,Enrique Delfino,Manuel Romero,,29-32 Falcón,,,,,,,,,
Francisco Canaro,Orquesta Francisco Canaro,1930-03-05,Milonga Canyengue,La Quebrada,Tango,Instrumental,Odeón,,5169,4624 B,Francisco Canaro,,,29-32 Falcón,,,,,,,,,
Francisco Canaro,Orquesta Francisco Canaro,1930-03-11,Alegría,,Tango,Instrumental,Odeón,,5219,4628 A,Anselmo Aieta,Francisco Jiménez,,29-32 Falcón,,,,,,,,,
Francisco Canaro,Orquesta Francisco Canaro,1930-03-11,Vas Muerto con el Disfraz,,Tango,Charlo,Odeón,,5209,4627 A,Charlo,Enrique Cadícamo,,29-32 Falcón,,,,,,,,,
Francisco Canaro,Orquesta Francisco Canaro,1930-03-11,Vos También Tenés Tu Historia,,Tango,Charlo,Odeón,,5207,4624 A,Francisco Canaro,"Juan Caruso, Francisco Canaro",,29-32 Falcón,,,,,,,,,
Francisco Canaro,Orquesta Francisco Canaro,1930-03-12,No Hablés Que Me Estás Secando,,Tango,Charlo,Odeón,,5222,4626 B,Luis Teisseire,Juan Caruso,,29-32 Falcón,,,,,,,,,
Francisco Canaro,Orquesta Francisco Canaro,1930-03-14,A Mí No Me Den Consejos,,Tango,Charlo,Odeón,,5172,4625 A,Francisco Riccardi,"Juan Caruso, Francisco Canaro",,29-32 Falcón,,,,,,,,,
Francisco Canaro,Orquesta Francisco Canaro,1930-03-14,Contramarca,,Tango,Instrumental,Odeón,,5235,4629 B,Rafael Rossi,Francisco Brancatti,,29-32 Falcón,,,,,,,,,
Francisco Canaro,Orquesta Francisco Canaro,1930-03-14,Música de Calesita,,Tango,Charlo Y Angel Ramos,Odeón,,5236,4625 B,Cátulo Castillo,José Castillo,,29-32 Falcón,,,,,,,,,
Francisco Canaro,Orquesta Francisco Canaro,1930-03-14,Vos También Tenés Tu Historia,,Tango,Charlo,Odeón,,5238,16245 A,Francisco Canaro,"Juan Caruso, Francisco Canaro",,29-32 Falcón,,,,,,,,,
Francisco Canaro,Orquesta Francisco Canaro,1930-03-20,El Gavilán,,Tango,Instrumental,Odeón,,5268,,Francisco Canaro,,,29-32 Falcón,,,,,,,,,
Francisco Canaro,Orquesta Francisco Canaro,1930-03-20,Ojos Verdes,,Tango,Instrumental,Odeón,,5267,4630 A,Juan Canaro,,,29-32 Falcón,,,,,,,,,
Francisco Canaro,Orquesta Francisco Canaro,1930-03-21,A Mí No Me Den Consejos,,Tango,Ada Falcón,Odeón,,5275,11187 A,Francisco Riccardi,,,29-32 Falcón,,,,,,,,,
Francisco Canaro,Orquesta Francisco Canaro,1930-03-21,Desilusión,,Tango,Ada Falcón,Odeón,,5095,11185 A,Miguel Bucino,Miguel Bucino,,29-32 Falcón,,,,,,,,,
Francisco Canaro,Orquesta Francisco Canaro,1930-03-21,Vos También Tenés Tu Historia,,Tango,Charlo,Odeón,,5207,4624 A,Francisco Canaro,,,29-32 Falcón,,,,,,,,,
Francisco Canaro,Orquesta Francisco Canaro,1930-03-24,Dos Ojos Negros,,Tango,Charlo,Odeón,,5285,4634 A,Raúl De Los Hoyos,Diego Arzeno,,29-32 Falcón,,,,,,,,,
Francisco Canaro,Orquesta Francisco Canaro,1930-03-24,Padrino Pelao,,Tango,Charlo,Odeón,,5284,4633 A,Enrique Delfino,Julio Cantuarias,,29-32 Falcón,,,,,,,,,
Francisco Canaro,Orquesta Francisco Canaro,1930-03-24,Pajarito Cantor,,Tango,Instrumental,Odeón,,5282,4631 A,Mario Canaro,,,29-32 Falcón,,,,,,,,,
Francisco Canaro,Orquesta Francisco Canaro,1930-03-26,Traicionera,,Tango,Charlo,Odeón,,5286,4668 A,Forengi,Forengi,,29-32 Falcón,,,,,,,,,
Francisco Canaro,Orquesta Francisco Canaro,1930-04-02,Cuento Criollo,,Tango,Charlo,Odeón,,5333,4635 A,Salvador Romanelli,Salvador Romanelli,,29-32 Falcón,,,,,,,,,
Francisco Canaro,Orquesta Francisco Canaro,1930-04-02,Me Dejaron en la Vía,,Tango,Charlo,Odeón,,5335,4635 A,José Pécora,Adolfo Francia,,29-32 Falcón,,,,,,,,,
Francisco Canaro,Orquesta Francisco Canaro,1930-04-02,Sos Muy Mala,,Tango,Instrumental,Odeón,,5332,4633 B,Ángel Ramos,,,29-32 Falcón,,,,,,,,,
Francisco Canaro,Orquesta Francisco Canaro,1930-04-02,Tras Cartón,,Tango,Instrumental,Odeón,,5331,4635 B,Anselmo Aieta,Santiago Adamini,,29-32 Falcón,,,,,,,,,
Francisco Canaro,Orquesta Francisco Canaro,1930-04-04,Nocturno,,Vals,Charlo,Odeón,,5356,4637 A,Agustín Bardi,Francisco Jiménez,,29-32 Falcón,,,,,,,,,
Francisco Canaro,Orquesta Francisco Canaro,1930-04-04,Porqué Hiciste Eso,,Tango,Charlo,Odeón,,5353,4634 B,Enrique Corvalán,,,29-32 Falcón,,,,,,,,,
Francisco Canaro,Orquesta Francisco Canaro,1930-04-04,Traicionera,,Tango,Charlo,Odeón,,5286,,Forengi,Forengi,,29-32 Falcón,,,,,,,,,
Francisco Canaro,Orquesta Francisco Canaro,1930-04-09,Chirimoya,,Tango,Ada Falcón,Odeón,,5395,4638 A,Cátulo Castillo,Hugo Castillo,,29-32 Falcón,,,,,,,,,
Francisco Canaro,Orquesta Francisco Canaro,1930-04-09,Largue a Esa Mujica,,Tango,Instrumental,Odeón,,5393,4637 B,Juan Sarcione,,,29-32 Falcón,,,,,,,,,
Francisco Canaro,Orquesta Francisco Canaro,1930-04-09,Música de Calesita,,Tango,Ada Falcón,Odeón,,5397,11188 B,Cátulo Castillo,José Castillo,,29-32 Falcón,,,,,,,,,
Francisco Canaro,Orquesta Francisco Canaro,1930-04-09,Por No Querer Mantenerte,,Tango,Ada Falcón,Odeón,,5396,4808 B,Daniel Saavedra,Daniel Saavedra,,29-32 Falcón,,,,,,,,,
Francisco Canaro,Orquesta Francisco Canaro,1930-04-09,Príncipe Loco,,Tango,Instrumental,Odeón,,5394,4636 B,Miguel Bucino,,,29-32 Falcón,,,,,,,,,
Francisco Canaro,Orquesta Francisco Canaro,1930-04-11,Allá en el Monte,,Vals,Ada Falcón,Odeón,,5415,11188 A,Francisco Canaro,Francisco Canaro,,29-32 Falcón,,,,,,,,,
Francisco Canaro,Orquesta Francisco Canaro,1930-04-11,Metele Nomas,,Tango,Ada Falcón,Odeón,,5413,11189 B,Ricardo Brignolo,,,29-32 Falcón,,,,,,,,,
Francisco Canaro,Orquesta Francisco Canaro,1930-04-11,Nobleza de Arrabal,,Tango,Instrumental,Odeón,,5410,4651 B,Francisco Canaro,,,29-32 Falcón,,,,,,,,,
Francisco Canaro,Orquesta Francisco Canaro,1930-04-11,Tradición,,Tango,Charlo,Odeón,,5411,4640 B,Víctor Donato,Francisco Riú,,29-32 Falcón,,,,,,,,,
Francisco Canaro,Orquesta Francisco Canaro,1930-04-21,El Púa,,Tango,Instrumental,Odeón,,5440,4640 A,Juan Rezzano,,,29-32 Falcón,,,,,,,,,
Francisco Canaro,Orquesta Francisco Canaro,1930-04-21,Te Amo y Serás Mía,,Tango,Charlo,Odeón,,5441,4639 A,Alfredo Zatzkin,Montellano,,29-32 Falcón,,,,,,,,,
Francisco Canaro,Orquesta Francisco Canaro,1930-04-23,Nostalgia de Lya,,Vals,Charlo,Odeón,,5444,4639 B,Ernesto De La Cruz,,,29-32 Falcón,,,,,,,,,
Francisco Canaro,Orquesta Francisco Canaro,1930-04-30,Clavel del Aire,,Tango,Charlo Y Angel Ramos,Odeón,,5476,4645 A,Juan Filiberto,Fernán Valdés,,29-32 Falcón,,,,,,,,,
Francisco Canaro,Orquesta Francisco Canaro,1930-04-30,Cuentan las Viejas,,Tango,Charlo,Odeón,,5475,4642 A,Victorio Pierre,Alfredo Bigeschi,,29-32 Falcón,,,,,,,,,
Francisco Canaro,Orquesta Francisco Canaro,1930-04-30,Lamento Campero,,Tango,Instrumental,Odeón,,5474,4641 B,Mario Canaro,,,29-32 Falcón,,,,,,,,,
Francisco Canaro,Orquesta Francisco Canaro,1930-04-30,Nunca Jamas,,Vals,Charlo,Odeón,,5477,4642 B,Juan Scarpino,,,29-32 Falcón,,,,,,,,,
Francisco Canaro,Orquesta Francisco Canaro,1930-05-02,Cuando Era Chiquitito,,Tango,Charlo,Odeón,,5497,16248 A,Enrique Delfino,Mario Rada,,29-32 Falcón,,,,,,,,,
Francisco Canaro,Orquesta Francisco Canaro,1930-05-02,Maldonado,,Tango,Charlo,Odeón,,5499,16248 B,Raúl De Los Hoyos,Alberto Mastra,,29-32 Falcón,,,,,,,,,
Francisco Canaro,Orquesta Francisco Canaro,1930-05-02,Nocturno,,Vals,Charlo,Odeón,,5498,16254 A,Agustín Bardi,Francisco Jiménez,,29-32 Falcón,,,,,,,,,
Francisco Canaro,Orquesta Francisco Canaro,1930-05-06,Poca Suerte,,Tango,Instrumental,Odeón,,5516,4657 B,Rogelio Redón,Juan Patrón,,29-32 Falcón,,,,,,,,,
Francisco Canaro,Orquesta Francisco Canaro,1930-05-07,Adiós Juventud,,Tango,Instrumental,Odeón,,5526,4643 B,Juan Canaro,Jesús Blanco,,29-32 Falcón,,,,,,,,,
Francisco Canaro,Orquesta Francisco Canaro,1930-05-07,Alma Doliente,,Vals,Charlo,Odeón,,5530,4662 A,Angel Pozzi,,,29-32 Falcón,,,,,,,,,
Francisco Canaro,Orquesta Francisco Canaro,1930-05-07,Espigas,,Tango,Instrumental,Odeón,,5527,4647 B,Francisco Canosa,,,29-32 Falcón,,,,,,,,,
Francisco Canaro,Orquesta Francisco Canaro,1930-05-07,Viejo Espejo,,Tango,Charlo,Odeón,,5528,4648 B,Agustín Bardi,José De Grandis,,29-32 Falcón,,,,,,,,,
Francisco Canaro,Orquesta Francisco Canaro,1930-05-14,Fuelle Querido,Fueye Querido,Tango,Instrumental,Odeón,,5564,4644 B,Alberto Rossi,Eugenio Cárdenas,,29-32 Falcón,,,,,,,,,
Francisco Canaro,Orquesta Francisco Canaro,1930-05-14,Piñataro,,Tango,Charlo,Odeón,,5565,4662 B,Carlos Sánchez,Carlos Sánchez,,29-32 Falcón,,,,,,,,,
Francisco Canaro,Orquesta Francisco Canaro,1930-05-14,Tierra de Mis Ensueños,,Vals,Charlo,Odeón,,5568,4654 A,Magdalena Leguizamón,Magdalena Leguizamón,,29-32 Falcón,,,,,,,,,
Francisco Canaro,Orquesta Francisco Canaro,1930-05-14,Un Día Fué Mía,,Tango,Charlo,Odeón,,5567,4646 B,Bartolomé Chapela,Manuel Meaños,,29-32 Falcón,,,,,,,,,
Francisco Canaro,Orquesta Francisco Canaro,1930-05-21,Amante Soñador,,Vals,Charlo,Odeón,,5606,4648 A,Víctor Schertzinger,,,29-32 Falcón,,,,,,,,,
Francisco Canaro,Orquesta Francisco Canaro,1930-05-21,Dejá Que la Gente Diga,,Tango,Ada Falcón,Odeón,,5610,11190 B,Raúl De Los Hoyos,,,29-32 Falcón,,,,,,,,,
Francisco Canaro,Orquesta Francisco Canaro,1930-05-21,Una Milonga de Amor,,Tango,Charlo,Odeón,,5608,4664 B,Luis Teisseire,Juan Caruso,,29-32 Falcón,,,,,,,,,
Francisco Canaro,Orquesta Francisco Canaro,1930-05-28,Bigotito,,Tango,Charlo,Odeón,,5637,4665 B,Edgardo Donato,"Celedonio Flores, Roberto Fontaina",,29-32 Falcón,,,,,,,,,
Francisco Canaro,Orquesta Francisco Canaro,1930-05-28,Chinita,,Tango,Instrumental,Odeón,,5635,4655 B,Eleuterio Iribarren,Enrique Sotelo,,29-32 Falcón,,,,,,,,,
Francisco Canaro,Orquesta Francisco Canaro,1930-05-28,Sentimiento Gaucho,,Tango,Ada Falcón,Odeón,,5639,11191 A,Francisco Canaro,Juan Caruso,,29-32 Falcón,,,,,,,,,
Francisco Canaro,Orquesta Francisco Canaro,1930-05-30,Amante Soñador,,Vals,Charlo,Odeón,,5647,16251 A,Víctor Schertzinger,,,29-32 Falcón,,,,,,,,,
Francisco Canaro,Orquesta Francisco Canaro,1930-06-11,Sally,,Vals,Charlo,Odeón,,5701,16249 B,Joseph Burke,,,29-32 Falcón,,,,,,,,,
Francisco Canaro,Orquesta Francisco Canaro,1930-06-03,Cartas de Amor,,Vals,Charlo,Odeón,,5652,4653 B,Alfonso Oteo,Alfonso Oteo,,29-32 Falcón,,,,,,,,,
Francisco Canaro,Orquesta Francisco Canaro,1930-06-03,Cuando Muere el Carnaval,,Tango,Charlo,Odeón,,5653,4667 A,Pierre Henderson,Pierre Henderson,,29-32 Falcón,,,,,,,,,
Francisco Canaro,Orquesta Francisco Canaro,1930-06-04,El Castigo,,Tango,Instrumental,Odeón,,5665,4654 B,Juan Rezzano,Juan Rezzano,,29-32 Falcón,,,,,,,,,
Francisco Canaro,Orquesta Francisco Canaro,1930-06-04,Quién Iba a Creer,,Tango,Instrumental,Odeón,,5662,4659 B,Antonio Lozzi,,,29-32 Falcón,,,,,,,,,
Francisco Canaro,Orquesta Francisco Canaro,1930-06-13,Sally,,Vals,Charlo,Odeón,,5715,45001 B,Joseph Burke,,,29-32 Falcón,,,,,,,,,
Francisco Canaro,Orquesta Francisco Canaro,1930-06-04,Taura y Bacán,,Tango,Instrumental,Odeón,,5661,4649 B,Samuel Castriota,,,29-32 Falcón,,,,,,,,,
Francisco Canaro,Orquesta Francisco Canaro,1930-06-04,Te Amo y Serás Mía,,Tango,Ada Falcón,Odeón,,5666,11192 B,Alfredo Zatzkin,,,29-32 Falcón,,,,,,,,,
Francisco Canaro,Orquesta Francisco Canaro,1930-06-11,Alma de Bohemio,,Tango,Instrumental,Odeón,,5700,,Roberto Firpo,Juan Caruso,,29-32 Falcón,,,,,,,,,
Francisco Canaro,Orquesta Francisco Canaro,1930-06-11,Corazón de Oro,,Vals,Ada Falcón,Odeón,,5702,11191 B,Francisco Canaro,,,29-32 Falcón,,,,,,,,,
Francisco Canaro,Orquesta Francisco Canaro,1930-06-11,Cuando Florecen los Rosales,,Vals,Charlo,Odeón,,5699,4661 A,José Rizzuti,,,29-32 Falcón,,,,,,,,,
Francisco Canaro,Orquesta Francisco Canaro,1930-06-11,El Gavilán,,Tango,Instrumental,Odeón,,5268,4693 B,Francisco Canaro,,,29-32 Falcón,,,,,,,,,
Francisco Canaro,Orquesta Francisco Canaro,1930-06-13,Adiós Juventud,,Tango,Ada Falcón,Odeón,,5718,,Juan Canaro,,,29-32 Falcón,,,,,,,,,
Francisco Canaro,Orquesta Francisco Canaro,1930-06-13,Cartas de Amor,,Vals,Charlo,Odeón,,5717,16253 A,Alfonso Oteo,Alfonso Oteo,,29-32 Falcón,,,,,,,,,
Francisco Canaro,Orquesta Francisco Canaro,1930-06-13,Enfundá la Mandolina,,Tango,Instrumental,Odeón,,5713,4656 A,Francisco Pracánico,Horacio Mansilla,,29-32 Falcón,,,,,,,,,
Francisco Canaro,Orquesta Francisco Canaro,1930-06-14,Tierra de Mis Ensueños,,Vals,Charlo,Odeón,,5730,16252 B,Magdalena Leguizamón,Magdalena Leguizamón,,29-32 Falcón,,,,,,,,,
Francisco Canaro,Orquesta Francisco Canaro,1930-06-17,Cascabelito,,Tango,Ada Falcón,Odeón,,5739,11194 A,José Bohr,Juan Caruso,,29-32 Falcón,,,,,,,,,
Francisco Canaro,Orquesta Francisco Canaro,1930-06-17,Con Tu Mirar,,Vals,Charlo,Odeón,,5737,4652 A,Eusebio Giorno,Norberto Canosa,,29-32 Falcón,,,,,,,,,
Francisco Canaro,Orquesta Francisco Canaro,1930-06-17,Recuerdo Pampeano,,Tango,Instrumental,Odeón,,5735,4652 B,Cayetano Puglisi,,,29-32 Falcón,,,,,,,,,
Francisco Canaro,Orquesta Francisco Canaro,1930-06-20,Rezagos,,Tango,Instrumental,Odeón,,5760,4660 B,Mario Canaro,,,29-32 Falcón,,,,,,,,,
Francisco Canaro,Orquesta Francisco Canaro,1930-06-20,Tierra Mía,,Tango,Ada Falcón,Odeón,,5762,11194 B,Francisco Payá,Alberto Novión,,29-32 Falcón,,,,,,,,,
Francisco Canaro,Orquesta Francisco Canaro,1930-06-24,La Clavada,,Tango,Instrumental,Odeón,,5776,4666 B,Ernesto Zambonini,,,29-32 Falcón,,,,,,,,,
Francisco Canaro,Orquesta Francisco Canaro,1930-06-24,La Guitarrita,,Tango,Instrumental,Odeón,,5778,4651 A,Eduardo Arolas,Gabriel Clausi,,29-32 Falcón,,,,,,,,,
Francisco Canaro,Orquesta Francisco Canaro,1930-06-24,Te Odio,,Tango,Charlo,Odeón,,5777,4653 A,Francisco Pracánico,Celedonio Flores,,29-32 Falcón,,,,,,,,,
Francisco Canaro,Orquesta Francisco Canaro,1930-06-27,Ilusión Perdida,,Tango,Charlo,Odeón,,5801,4620 B,Fernando Sánchez,Raúl P.,,29-32 Falcón,,,,,,,,,
Francisco Canaro,Orquesta Francisco Canaro,1930-06-27,Retazo,,Tango,Charlo,Odeón,,5802,4673 A,Bernardo Germino,Alfredo Roldán,,29-32 Falcón,,,,,,,,,
Francisco Canaro,Orquesta Francisco Canaro,1930-07-01,Cantá Corazón,,Tango,Instrumental,Odeón,,5815,4661 B,Manuel González,,,29-32 Falcón,,,,,,,,,
Francisco Canaro,Orquesta Francisco Canaro,1930-07-01,Destellos,,Tango,Ada Falcón,Odeón,,5820,11195 A,Francisco Canaro,Juan Caruso,,29-32 Falcón,,,,,,,,,
Francisco Canaro,Orquesta Francisco Canaro,1930-07-01,Los Treinta y Tres,,Tango,Charlo,Odeón,,5818,4658 A,Juan Canaro,Jesús Blanco,,29-32 Falcón,,,,,,,,,
Francisco Canaro,Orquesta Francisco Canaro,1930-07-01,Picotero,,Tango,Instrumental,Odeón,,5816,4663 B,José La Vía,,,29-32 Falcón,,,,,,,,,
Francisco Canaro,Orquesta Francisco Canaro,1930-07-01,Siempre Te Amare,,Vals,Charlo,Odeón,,5819,4665 A,Severo Junnissi,,,29-32 Falcón,,,,,,,,,
Francisco Canaro,Orquesta Francisco Canaro,1930-07-04,Camuati,,Tango,Instrumental,Odeón,,5842,4667 A,Mario Canaro,,,29-32 Falcón,,,,,,,,,
Francisco Canaro,Orquesta Francisco Canaro,1930-07-04,Dónde Estás Corazón,,Tango,Charlo,Odeón,,5843,4678 B,Augusto Serrano,Augusto Serrano,,29-32 Falcón,,,,,,,,,
Francisco Canaro,Orquesta Francisco Canaro,1930-07-08,Cuando Llora la Milonga,,Tango,Charlo,Odeón,,5868,4346 A,Juan Filiberto,Luis Mario,,29-32 Falcón,,,,,,,,,
Francisco Canaro,Orquesta Francisco Canaro,1930-07-08,Destellos,,Tango,Charlo,Odeón,,5867,4663 A,Francisco Canaro,Juan Caruso,,29-32 Falcón,,,,,,,,,
Francisco Canaro,Orquesta Francisco Canaro,1930-07-08,Qué Gilito,,Tango,Charlo,Odeón,,5869,4673 B,Manuel Parada,Luis Rubistein,,29-32 Falcón,,,,,,,,,
Francisco Canaro,Orquesta Francisco Canaro,1930-07-08,Reina de Mi Dicha,,Vals,Instrumental,Odeón,,5870,4664 A,Eduardo Conté,,,29-32 Falcón,,,,,,,,,
Francisco Canaro,Orquesta Francisco Canaro,1930-07-11,Cuando Llora la Milonga,,Tango,Ada Falcón,Odeón,,5883,11195 B,Juan Filiberto,María Carnelli,,29-32 Falcón,,,,,,,,,
Francisco Canaro,Orquesta Francisco Canaro,1930-07-15,Adiós Juventud,,Tango,Ada Falcón,Odeón,,5718,11193 A,Juan Canaro,Jesús Blanco,,29-32 Falcón,,,,,,,,,
Francisco Canaro,Orquesta Francisco Canaro,1930-07-15,Hijito Mío,,Tango,Luis Díaz,Odeón,,5897,4679 A,Adrián Russo,Richard Russo,,29-32 Falcón,,,,,,,,,
Francisco Canaro,Orquesta Francisco Canaro,1930-07-15,Ya Va Para un Mes,Ya Va Pa' un Mes,Tango,Instrumental,Odeón,,5898,4668 A,Miguel Bucino,,,29-32 Falcón,,,,,,,,,
Francisco Canaro,Orquesta Francisco Canaro,1930-07-17,Bajo Cuerda,,Tango,Instrumental,Odeón,,5930,4670 B,Luis Canaro,,,29-32 Falcón,,,,,,,,,
Francisco Canaro,Orquesta Francisco Canaro,1930-07-17,Cigarrillo,,Tango,Luis Díaz,Odeón,,5934,4671 A,Adolfo Avilés,Ernesto De La Fuente,,29-32 Falcón,,,,,,,,,
Francisco Canaro,Orquesta Francisco Canaro,1930-07-17,Rosa Blanca,,Vals,Luis Díaz,Odeón,,5933,4670 A,Domingo Pelle,Francisco Brancatti,,29-32 Falcón,,,,,,,,,
Francisco Canaro,Orquesta Francisco Canaro,1930-07-18,Rumor de la Selva,,Vals,Ada Falcón,Odeón,,5935,11196 A,Ángel Ramos,Ángel Ramos,,29-32 Falcón,,,,,,,,,
Francisco Canaro,Guitarras,1930-07-19,A Lo Lejos,,Vals,Roberto Maida,Odeón,,5947,4671 B,Adolfo Avilés,Adolfo Avilés,,29-32 Falcón,,,,,,,,,
Francisco Canaro,Orquesta Francisco Canaro,1930-07-19,Los Treinta y Tres,,Tango,Ada Falcón,Odeón,,5948,11196 B,Juan Canaro,Jesús Blanco,,29-32 Falcón,,,,,,,,,
Francisco Canaro,Orquesta Francisco Canaro,1930-07-19,Malvaloca,,Tango,Instrumental,Odeón,,5945,4672 B,Lucio D'Agostino,,,29-32 Falcón,,,,,,,,,
Francisco Canaro,Orquesta Francisco Canaro,1930-07-19,Titiriteros,Titiritero,Tango,Roberto Maida,Odeón,,5946,4669 B,Salvador Merico,Eduardo Béccar,,29-32 Falcón,,,,,,,,,
Francisco Canaro,Orquesta Francisco Canaro,1930-09-01,Te Llegó Tu San Martín,,Tango,Luis Díaz,Odeón,,5964,4678 A,Juan Canaro,Nolo López,,29-32 Falcón,,,,,,,,,
Francisco Canaro,Orquesta Francisco Canaro,1930-09-01,Tirá las Llaves,,Tango,Luis Díaz,Odeón,,5968,4675 A,Raúl De Los Hoyos,Magdalena De Rivarola,,29-32 Falcón,,,,,,,,,
Francisco Canaro,Orquesta Francisco Canaro,1930-09-05,Alma de Bohemio,,Tango,Instrumental,Odeón,,5700,40021 A,Roberto Firpo,Juan Caruso,,29-32 Falcón,,,,,,,,,
Francisco Canaro,Orquesta Francisco Canaro,1930-09-05,La Boleada,,Vals,Instrumental,Odeón,,5999,40021 B,Juan Pardal,,,29-32 Falcón,,,,,,,,,
Francisco Canaro,Orquesta Francisco Canaro,1930-09-05,Rosita,,Tango,Instrumental,Odeón,,6009,4674 B,Mario Canaro,,,29-32 Falcón,,,,,,,,,
Francisco Canaro,Orquesta Francisco Canaro,1930-09-05,Yira Yira,Yira Yira,Tango,Luis Díaz,Odeón,,6007,4674 A,Enrique Discépolo,Enrique Discépolo,,29-32 Falcón,,,,,,,,,
Francisco Canaro,Orquesta Francisco Canaro,1930-09-13,Otoño,,Tango,Instrumental,Odeón,,6028,4675 B,Horacio Pettorossi,Celedonio Flores,,29-32 Falcón,,,,,,,,,
Francisco Canaro,Orquesta Francisco Canaro,1930-09-13,Vete a Dormir,,Vals,Luis Díaz,Odeón,,6030,45005 B,Joseph Burke,,,29-32 Falcón,,,,,,,,,
Francisco Canaro,Orquesta Francisco Canaro,1930-09-13,Victoria,,Tango,Luis Díaz,Odeón,,6029,4676 A,Enrique Discépolo,Enrique Discépolo,,29-32 Falcón,,,,,,,,,
Francisco Canaro,Orquesta Francisco Canaro,1930-09-17,Paquetín Paquetón,,Tango,Luis Díaz,Odeón,,6049,4686 A,Salvador Merico,"Carlos Dedico, Germán Ziclis",,29-32 Falcón,,,,,,,,,
Francisco Canaro,Orquesta Francisco Canaro,1930-09-17,Yira Yira,Yira Yira,Tango,Ada Falcón,Odeón,,6050,11197 A,Enrique Discépolo,Enrique Discépolo,,29-32 Falcón,,,,,,,,,
Francisco Canaro,Orquesta Francisco Canaro,1930-09-17,Yo No Sé Qué Me Han Hecho Tus Ojos,,Vals,Ada Falcón,Odeón,,6051,11197 B,Francisco Canaro,Francisco Canaro,,29-32 Falcón,,,,,,,,,
Francisco Canaro,Orquesta Francisco Canaro,1930-09-24,Así Canto Yo,,Tango,Ernesto Famá,Odeón,,6086,4685 A,Graciano De Leone,Eduardo Méndez,,29-32 Falcón,,,,,,,,,
Francisco Canaro,Orquesta Francisco Canaro,1930-09-24,Che Doctor,Che Dotor,Tango,Instrumental,Odeón,,6084,4680 A,Fernando Montoni,,,29-32 Falcón,,,,,,,,,
Francisco Canaro,Orquesta Francisco Canaro,1930-09-24,Dónde Estás Corazón,,Tango,Ada Falcón,Odeón,,6088,11198 A,Augusto Serrano,Augusto Serrano,,29-32 Falcón,,,,,,,,,
Francisco Canaro,Orquesta Francisco Canaro,1930-09-24,La Muchacha del Tango,,Tango,Ada Falcón,Odeón,,6087,4681 A,Alfredo Rosario,Luis Rubistein,,29-32 Falcón,,,,,,,,,
Francisco Canaro,Orquesta Francisco Canaro,1930-09-24,Lo Han Visto con Otra,,Tango,Ernesto Famá,Odeón,,6085,4684 A,Horacio Pettorossi,Horacio Pettorossi,,29-32 Falcón,,,,,,,,,
Francisco Canaro,Orquesta Francisco Canaro,1930-09-27,De Amor Propio,,Tango,Instrumental,Odeón,,6110,4683 B,Juan Canaro,,,29-32 Falcón,,,,,,,,,
Francisco Canaro,Orquesta Francisco Canaro,1930-09-27,La Canción del Amor,,Vals,Instrumental,Odeón,,6111,4681 B,Eleuterio Iribarren,,,29-32 Falcón,,,,,,,,,
Francisco Canaro,Orquesta Francisco Canaro,1930-09-27,Mis Horas Negras,,Tango,Instrumental,Odeón,,6109,4685 B,Pedro Sánchez,,,29-32 Falcón,,,,,,,,,
Francisco Canaro,Orquesta Francisco Canaro,1930-09-27,Mujercita,,Vals,Instrumental,Odeón,,6112,4684 B,Samuel Castriota,,,29-32 Falcón,,,,,,,,,
Francisco Canaro,Orquesta Francisco Canaro,1930-09-30,Cabayito,,Tango,Instrumental,Odeón,,6129,4682 B,Humberto Canaro,,,29-32 Falcón,,,,,,,,,
Francisco Canaro,Orquesta Francisco Canaro,1930-10-08,A la Luz del Lucero,,Tango,Instrumental,Odeón,,6150,4686 B,Delmiro Pereyra,,,29-32 Falcón,,,,,,,,,
Francisco Canaro,Orquesta Francisco Canaro,1930-10-08,Gacho Gris,,Tango,Instrumental,Odeón,,6149,4690 B,Alejandro Horpe,Juan Barthe,,29-32 Falcón,,,,,,,,,
Francisco Canaro,Orquesta Francisco Canaro,1930-10-08,Pobre Loro,,Tango,Instrumental,Odeón,,6151,4687 B,Antonio Caprara,,,29-32 Falcón,,,,,,,,,
Francisco Canaro,Orquesta Francisco Canaro,1930-10-13,Primavera de Amor,,Vals,Ernesto Famá,Odeón,,6162,4698 A,Daniel Saavedra,Daniel Saavedra,,29-32 Falcón,,,,,,,,,
Francisco Canaro,Orquesta Francisco Canaro,1930-10-15,Justo el 31,,Tango,Charlo,Odeón,,6167,4688 A,Enrique Discépolo,"Enrique Discépolo, Ray Rada",,29-32 Falcón,,,,,,,,,
Francisco Canaro,Orquesta Francisco Canaro,1930-10-15,Naipes Fatales,,Tango,Charlo,Odeón,,6168,4678 A,Luis Serrano,"Ernesto Sepúlveda, Carlos Peñafiel",,29-32 Falcón,,,,,,,,,
Francisco Canaro,Orquesta Francisco Canaro,1930-10-15,No Aguanto Más,,Tango,Instrumental,Odeón,,6166,4688 B,Eduardo Ponzio,,,29-32 Falcón,,,,,,,,,
Francisco Canaro,Orquesta Francisco Canaro,1930-10-15,Sentimiento Gaucho,,Tango,Ada Falcón Y Angel Ramos,Odeón,,6170,,Francisco Canaro,Juan Caruso,,29-32 Falcón,,,,,,,,,
Francisco Canaro,Orquesta Francisco Canaro,1930-10-22,Noches de Plata,,Vals,Charlo,Odeón,,6204,4710 A,Rafael Iriarte,Julio Navarrine,,29-32 Falcón,,,,,,,,,
Francisco Canaro,Orquesta Francisco Canaro,1930-10-22,Quejas del Alma,,Tango,Instrumental,Odeón,,6201,4689 B,Mario Canaro,,,29-32 Falcón,,,,,,,,,
Francisco Canaro,Orquesta Francisco Canaro,1930-10-22,Rosa Blanca,,Vals,Ada Falcón,Odeón,,6205,11199 A,Domingo Pelle,Francisco Brancatti,,29-32 Falcón,,,,,,,,,
Francisco Canaro,Orquesta Francisco Canaro,1930-10-22,Virgencita del Carmen,,Tango,Charlo Y Angel Ramos,Odeón,,6202,4691 A,Ítalo Goyeche,,,29-32 Falcón,,,,,,,,,
Francisco Canaro,Orquesta Francisco Canaro,1930-10-29,Cartas de Amor,,Vals,Charlo,Odeón,,6226,4690 A,Raúl De Los Hoyos,,,29-32 Falcón,,,,,,,,,
Francisco Canaro,Orquesta Francisco Canaro,1930-10-29,El Quinielero,,Tango,Charlo,Odeón,,6225,4677 A,Luis Mortet,Roberto Barboza,,29-32 Falcón,,,,,,,,,
Francisco Canaro,Orquesta Francisco Canaro,1930-10-29,Ilusión Marina,,Vals,Charlo,Odeón,,6228,4689 A,Antonio Sureda,Gerónimo Sureda,,29-32 Falcón,,,,,,,,,
Francisco Canaro,Orquesta Francisco Canaro,1930-10-29,Sortilegio,,Tango,Instrumental,Odeón,,6224,4677 B,Luis Riccardi,,,29-32 Falcón,,,,,,,,,
Francisco Canaro,Orquesta Francisco Canaro,1930-11-05,El Noveno Mandamiento,,Tango,Instrumental,Odeón,,6282,4710 B,Armando Acquarone,,,29-32 Falcón,,,,,,,,,
Francisco Canaro,Orquesta Francisco Canaro,1930-11-05,Fondín de Pedro Mendoza,,Tango,Charlo,Odeón,,6285,4702 B,Raúl De Los Hoyos,"Ivo Pelay, Luis Amadori",,29-32 Falcón,,,,,,,,,
Francisco Canaro,Orquesta Francisco Canaro,1930-11-10,Hasta Morir,,Vals,Charlo,Odeón,,6312,4708 A,"José Zatzkin, Alfredo Mallo",,,29-32 Falcón,,,,,,,,,
Francisco Canaro,Orquesta Francisco Canaro,1930-11-10,Llena de Aserrín,,Tango,Instrumental,Odeón,,6311,4692 B,Venancio Clauso,,,29-32 Falcón,,,,,,,,,
Francisco Canaro,Orquesta Francisco Canaro,1930-11-10,Mi Destino,,Tango,Charlo,Odeón,,6314,4696 A,Luis Teisseire,Jesús Blanco,,29-32 Falcón,,,,,,,,,
Francisco Canaro,Orquesta Francisco Canaro,1930-11-14,El Picaflor,,Tango,Charlo,Odeón,,6329,4699 A,Antonio Arona,Juan Vescio,,29-32 Falcón,,,,,,,,,
Francisco Canaro,Orquesta Francisco Canaro,1930-11-14,En el Silencio de la Noche,,Vals,Charlo,Odeón,,6330,4700 A,Roberto Firpo,Vicente Del Campo,,29-32 Falcón,,,,,,,,,
Francisco Canaro,Orquesta Francisco Canaro,1930-11-14,Teresita,,Vals,Charlo,Odeón,,6331,4695 B,Juan Carabilló,Juan Carabilló,,29-32 Falcón,,,,,,,,,
Francisco Canaro,Orquesta Francisco Canaro,1930-11-14,Y Pa'qué Ser Bueno,Y Paque Ser Bueno,Tango,Charlo,Odeón,,6328,4701 B,Rodolfo Sciammarella,Rodolfo Sciammarella,,29-32 Falcón,,,,,,,,,
Francisco Canaro,Orquesta Francisco Canaro,1930-11-18,Comparsa Criolla,,Tango,Instrumental,Odeón,,6352,4700 B,Rafael Iriarte,,,29-32 Falcón,,,,,,,,,
Francisco Canaro,Orquesta Francisco Canaro,1930-11-18,Ilusión Marina,,Vals,Ada Falcón,Odeón,,6353,11200 A,Antonio Sureda,Gerónimo Sureda,,29-32 Falcón,,,,,,,,,
Francisco Canaro,Orquesta Francisco Canaro,1930-11-18,Pituca,,Tango,Charlo,Odeón,,6349,4704 B,Enrique Cadícamo,Rogelio Ferreyra,,29-32 Falcón,,,,,,,,,
Francisco Canaro,Orquesta Francisco Canaro,1930-11-19,El Picaflor,,Tango,Charlo,Odeón,,6365,16264 A,Antonio Arona,Juan Vescio,,29-32 Falcón,,,,,,,,,
Francisco Canaro,Orquesta Francisco Canaro,1930-11-19,Mi Destino,,Tango,Charlo,Odeón,,6363,16257 A,Luis Teisseire,Jesús Blanco,,29-32 Falcón,,,,,,,,,
Francisco Canaro,Orquesta Francisco Canaro,1930-11-19,Y Pa'qué Ser Bueno,Y Paque Ser Bueno,Tango,Charlo,Odeón,,6366,16263 B,Rodolfo Sciammarella,Rodolfo Sciammarella,,29-32 Falcón,,,,,,,,,
Francisco Canaro,Orquesta Francisco Canaro,1930-11-21,El Payador,,Vals,Charlo,Odeón,,6385,16263 A,Andrés Doménech,,,29-32 Falcón,,,,,,,,,
Francisco Canaro,Orquesta Francisco Canaro,1930-11-21,En el Silencio de la Noche,,Vals,Charlo,Odeón,,6383,16258 A,Roberto Firpo,Vicente Del Campo,,29-32 Falcón,,,,,,,,,
Francisco Canaro,Orquesta Francisco Canaro,1930-11-21,Jazmín del País,,Vals,Charlo,Odeón,,6378,4802 B,Adolfo Avilés,Francisco Brancatti,,29-32 Falcón,,,,,,,,,
Francisco Canaro,Orquesta Francisco Canaro,1930-11-21,Madre Hay una Sola,,Tango,Charlo,Odeón,,6380,4698 A,Agustín Bardi,José De La Vega,,29-32 Falcón,,,,,,,,,
Francisco Canaro,Orquesta Francisco Canaro,1930-11-21,Pecado Mortal,,Tango,Ada Falcón,Odeón,,6387,11200 B,Ada Falcón,Ada Falcón,,29-32 Falcón,,,,,,,,,
Francisco Canaro,Orquesta Francisco Canaro,1930-11-21,Picardía,,Tango,Instrumental,Odeón,,6381,4707 A,Samuel Castriota,,,29-32 Falcón,,,,,,,,,
Francisco Canaro,Orquesta Francisco Canaro,1930-11-21,Teresita,,Vals,Charlo,Odeón,,6384,16261 B,Juan Carabilló,Juan Carabilló,,29-32 Falcón,,,,,,,,,
Francisco Canaro,Orquesta Francisco Canaro,1930-11-22,Mi Destino,,Tango,Ada Falcón,Odeón,,6389,11208 A,Luis Teisseire,Jesús Blanco,,29-32 Falcón,,,,,,,,,
Francisco Canaro,Orquesta Francisco Canaro,1930-11-24,Bajo Tierra,,Tango,Charlo,Odeón,,6405,16261 A,Anselmo Aieta,Francisco Jiménez,,29-32 Falcón,,,,,,,,,
Francisco Canaro,Orquesta Francisco Canaro,1930-11-24,Recuerdos del Corazón,,Vals,Charlo,Odeón,,6406,16259 A,Felipe De Vita,,,29-32 Falcón,,,,,,,,,
Francisco Canaro,Orquesta Francisco Canaro,1930-11-26,Bajo Tierra,,Tango,Charlo,Odeón,,6423,4697 A,Anselmo Aieta,Francisco Jiménez,,29-32 Falcón,,,,,,,,,
Francisco Canaro,Orquesta Francisco Canaro,1930-11-26,En el Silencio de la Noche,,Vals,Ada Falcón,Odeón,,6426,,Roberto Firpo,Vicente Del Campo,,29-32 Falcón,,,,,,,,,
Francisco Canaro,Orquesta Francisco Canaro,1930-11-26,Giusepe el Zapatero,Yusepe el Zuapatero / Giuseppe el Zapatero,Tango,Charlo,Odeón,,6424,4706 B,Guillermo Del Ciancio,Guillermo Del Ciancio,,29-32 Falcón,,,,,,,,,
Francisco Canaro,Orquesta Francisco Canaro,1930-11-26,Pecado Mortal,,Tango,Instrumental,Odeón,,6425,4709 B,Ada Falcón,Ada Falcón,,29-32 Falcón,,,,,,,,,
Francisco Canaro,Orquesta Francisco Canaro,1930-11-26,Sueño de Arrabal,,Tango,Instrumental,Odeón,,6420,4706 A,César De Pardo,,,29-32 Falcón,,,,,,,,,
Francisco Canaro,Orquesta Francisco Canaro,1930-11-27,Madre Hay una Sola,,Tango,Charlo,Odeón,,6436,16262 A,Agustín Bardi,José De La Vega,,29-32 Falcón,,,,,,,,,
Francisco Canaro,Orquesta Francisco Canaro,1930-11-28,No Va Más,Guitarra,Tango,Instrumental,Odeón,,6438,4694 B,Miguel Bucino,,,29-32 Falcón,,,,,,,,,
Francisco Canaro,Orquesta Francisco Canaro,1930-11-28,Recuerdos del Corazón,,Vals,Charlo,Odeón,,6441,4929 B,Felipe De Vita,,,29-32 Falcón,,,,,,,,,
Francisco Canaro,Orquesta Francisco Canaro,1930-11-28,Reir Para Llorar,,Vals,Charlo,Odeón,,6440,4707 B,Aníbal Arroyo,,,29-32 Falcón,,,,,,,,,
Francisco Canaro,Orquesta Francisco Canaro,1930-11-28,Remordimientos,,Tango,Charlo,Odeón,,6439,4703 B,Juan Maglio,José Fernández,,29-32 Falcón,,,,,,,,,
Francisco Canaro,Orquesta Francisco Canaro,1930-11-28,Te He Visto Llorar,,Tango,Charlo,Odeón,,6437,16260 B,Ernesto Rossi,,,29-32 Falcón,,,,,,,,,
Francisco Canaro,Orquesta Francisco Canaro,1930-12-03,Adiós Argentina,,Tango,Ada Falcón,Odeón,,6466,11204 B,Gerardo Rodríguez,,,29-32 Falcón,,,,,,,,,
Francisco Canaro,Orquesta Francisco Canaro,1930-12-03,Linyera,,Tango,Charlo,Odeón,,6461,4694 A,Juan Filiberto,Luis Mario,,29-32 Falcón,,,,,,,,,
Francisco Canaro,Orquesta Francisco Canaro,1930-12-03,Mi Único Cariño,,Tango,Instrumental,Odeón,,6464,4715 B,Mario Canaro,,,29-32 Falcón,,,,,,,,,
Francisco Canaro,Orquesta Francisco Canaro,1930-12-03,Te He Visto Llorar,,Tango,Charlo,Odeón,,6463,4705 B,Ernesto Rossi,R. Silva,,29-32 Falcón,,,,,,,,,
Francisco Canaro,Orquesta Francisco Canaro,1930-12-04,Linyera,,Tango,Charlo,Odeón,,6478,16255 A,Juan Filiberto,María Carnelli,,29-32 Falcón,,,,,,,,,
Francisco Canaro,Orquesta Francisco Canaro,1930-12-04,Reir Para Llorar,,Vals,Charlo,Odeón,,6479,16262 B,Aníbal Arroyo,,,29-32 Falcón,,,,,,,,,
Francisco Canaro,Orquesta Francisco Canaro,1930-12-05,Dios Te Salve,Pebeta Loca,Tango,Charlo,Odeón,,6480,4708 B,Charlo,Francisco Bohígas,,29-32 Falcón,,,,,,,,,
Francisco Canaro,Orquesta Francisco Canaro,1930-12-05,En Mis Ojos Hallaras la Respuesta,,Vals,Charlo,Odeón,,6482,4716 B,Abel Baer,,,29-32 Falcón,,,,,,,,,
Francisco Canaro,Orquesta Francisco Canaro,1930-12-05,La Mariposa,Gorjeos,Tango,Carlos Gardel,Odeón,,6484,18858 B,Pedro Maffía,Celedonio Flores,,29-32 Falcón,,,,,,,,,
Francisco Canaro,Orquesta Francisco Canaro,1930-12-05,Rosas de Otoño,Rosa de Otoño,Vals,Carlos Gardel,Odeón,,6485,18850 B,Guillermo Barbieri,José Rial,,29-32 Falcón,,,,,,,,,
Francisco Canaro,Orquesta Francisco Canaro,1930-12-05,Senda Florida,,Tango,Carlos Gardel,Odeón,,6486,18856 B,Rafael Rossi,Eugenio Cárdenas,,29-32 Falcón,,,,,,,,,
Francisco Canaro,Orquesta Francisco Canaro,1930-12-05,Viejo Rincón,,Tango,Carlos Gardel,Odeón,,6487,18857 A,Raúl De Los Hoyos,Roberto Cayol,,29-32 Falcón,,,,,,,,,
Francisco Canaro,Orquesta Francisco Canaro,1930-12-05,Yo No Sé Qué Me Han Hecho Tus Ojos,,Vals,Charlo,Odeón,,6481,4711 A,Francisco Canaro,Francisco Canaro,,29-32 Falcón,,,,,,,,,
Francisco Canaro,Orquesta Francisco Canaro,1930-12-06,Bajo la Luna de Hawai,,Vals,Julio Silva Salinas,Odeón,,6491,4680 B,Juan Garrido,,,29-32 Falcón,,,,,,,,,
Francisco Canaro,Orquesta Francisco Canaro,1930-12-06,Madrigal Azul,,Vals,Julio Silva Salinas,Odeón,,6489,4816 A,Federico Cotó,,,29-32 Falcón,,,,,,,,,
Francisco Canaro,Orquesta Francisco Canaro,1930-12-06,Querella,,Vals,Julio Silva Salinas,Odeón,,6490,4681 A,Luis González,Luis González,,29-32 Falcón,,,,,,,,,
Francisco Canaro,Orquesta Francisco Canaro,1930-12-08,Fondín de Pedro Mendoza,,Tango,Charlo,Odeón,,6495,16258 B,Raúl De Los Hoyos,"Ivo Pelay, Luis Amadori",,29-32 Falcón,,,,,,,,,
Francisco Canaro,Orquesta Francisco Canaro,1930-12-08,Remordimientos,,Tango,Charlo,Odeón,,6494,16259 B,Juan Maglio,,,29-32 Falcón,,,,,,,,,
Francisco Canaro,Orquesta Francisco Canaro,1930-12-10,Adiós Argentina,,Tango,Instrumental,Odeón,,6499,4714 A,Gerardo Rodríguez,Fernando Valdés,,29-32 Falcón,,,,,,,,,
Francisco Canaro,Orquesta Francisco Canaro,1930-12-10,Madre Hay una Sola,,Tango,Ada Falcón,Odeón,,6505,11211 A,Agustín Bardi,José De La Vega,,29-32 Falcón,,,,,,,,,
Francisco Canaro,Orquesta Francisco Canaro,1930-12-10,Mala Estrella,,Tango,Charlo,Odeón,,6502,4716 A,Miguel Buchino,José Rial,,29-32 Falcón,,,,,,,,,
Francisco Canaro,Orquesta Francisco Canaro,1930-12-10,Primavera y Amor,,Vals,Instrumental,Odeón,,6500,4714 B,Juan Canaro,,,29-32 Falcón,,,,,,,,,
Francisco Canaro,Orquesta Francisco Canaro,1930-12-12,Besos de Pasión,,Vals,Charlo,Odeón,,6530,16266 A,Carlos Pibernat,,,29-32 Falcón,,,,,,,,,
Francisco Canaro,Orquesta Francisco Canaro,1930-12-12,Como Abrazado a un Rencor,,Tango,Charlo,Odeón,,6522,4713 A,Rafael Rossi,Antonio Podestá,,29-32 Falcón,,,,,,,,,
Francisco Canaro,Orquesta Francisco Canaro,1930-12-12,Confesión,,Tango,Instrumental,Odeón,,6523,4712 A,Enrique Discépolo,"Enrique Discépolo, Luis Amadori",,29-32 Falcón,,,,,,,,,
Francisco Canaro,Orquesta Francisco Canaro,1930-12-12,El Galleguito,,Tango,Instrumental,Odeón,,6519,4711 B,Mario Canaro,,,29-32 Falcón,,,,,,,,,
Francisco Canaro,Orquesta Francisco Canaro,1930-12-12,En un Rincon de Tu Corazón,,Vals,Charlo,Odeón,,6531,16265 A,Modesto Papávero,Modesto Papávero,,29-32 Falcón,,,,,,,,,
Francisco Canaro,Orquesta Francisco Canaro,1930-12-12,Mosquetero de Arrabal,,Tango,Ada Falcón,Odeón,,6524,11201 B,Armando Tagini,Armando Tagini,,29-32 Falcón,,,,,,,,,
Francisco Canaro,Orquesta Francisco Canaro,1930-12-12,No Llore Viejita,,Tango,Charlo,Odeón,,6520,,José Scarpino,Julio Aparicio,,29-32 Falcón,,,,,,,,,
Francisco Canaro,Orquesta Francisco Canaro,1930-12-12,Portate Bien Que Sos Grande,,Tango,Charlo,Odeón,,6532,16265 B,Gerardo Rodríguez,,,29-32 Falcón,,,,,,,,,
Francisco Canaro,Orquesta Francisco Canaro,1930-12-12,Sentimiento Gaucho,,Tango,Instrumental,Odeón,,6170,4693 A,Francisco Canaro,Juan Caruso,,29-32 Falcón,,,,,,,,,
Francisco Canaro,Orquesta Francisco Canaro,1930-12-13,Marquesita Loca,,Vals,Julio Silva Salinas,Odeón,,6540,4682 B,Federico Cotó,,,29-32 Falcón,,,,,,,,,
Francisco Canaro,Orquesta Francisco Canaro,1930-12-13,Tus Besos Fueron Míos,,Tango,Ada Falcón,Odeón,,6542,11203 B,Anselmo Aieta,Francisco Jiménez,,29-32 Falcón,,,,,,,,,
Francisco Canaro,Orquesta Francisco Canaro,1931-03-20,Chistando,,Tango,Charlo,Odeón,,6581,,Francisco Canaro,Francisco Canaro,,29-32 Falcón,,,,,,,,,
Francisco Canaro,Orquesta Francisco Canaro,1931-03-20,En el Silencio de la Noche,,Vals,Ada Falcón,Odeón,,6426,11202 A,Roberto Firpo,Vicente Del Campo,,29-32 Falcón,,,,,,,,,
Francisco Canaro,Orquesta Francisco Canaro,1931-03-20,La Virgen del Cerro,,Tango,Charlo,Odeón,,6582,4718 A,Juan Maglio,Jorge Hucha,,29-32 Falcón,,,,,,,,,
Francisco Canaro,Orquesta Francisco Canaro,1931-03-20,Rayero,,Tango,Instrumental,Odeón,,6580,4717 B,Francisco Riccardi,,,29-32 Falcón,,,,,,,,,
Francisco Canaro,Orquesta Francisco Canaro,1931-03-24,Chistando,,Tango,Charlo,Odeón,,6581,4717 A,Francisco Canaro,Francisco Canaro,,29-32 Falcón,,,,,,,,,
Francisco Canaro,Orquesta Francisco Canaro,1931-03-25,A Mate y Marroco,,Tango,Instrumental,Odeón,,6587,4719 B,Nena Juárez,,,29-32 Falcón,,,,,,,,,
Francisco Canaro,Orquesta Francisco Canaro,1931-03-27,Chistando,,Tango,Ada Falcón,Odeón,,6603,11207 B,Francisco Canaro,Francisco Canaro,,29-32 Falcón,,,,,,,,,
Francisco Canaro,Orquesta Francisco Canaro,1931-03-27,Colombina,Teresita,Tango,Instrumental,Odeón,,6599,4720 A,Mateo Coppola,,,29-32 Falcón,,,,,,,,,
Francisco Canaro,Orquesta Francisco Canaro,1931-03-27,Milongada,,Tango,Instrumental,Odeón,,6600,4725 B,"José Zatzkin, Alfredo Mallo",,,29-32 Falcón,,,,,,,,,
Francisco Canaro,Orquesta Francisco Canaro,1931-03-27,Oro Viejo,,Vals,Charlo,Odeón,,6593,4720 B,Luis D'Andrea,Feliciano Fernández,,29-32 Falcón,,,,,,,,,
Francisco Canaro,Orquesta Francisco Canaro,1931-03-27,Viejo Callejón,,Tango,Instrumental,Odeón,,6602,4724 B,Carlos Bolia,,,29-32 Falcón,,,,,,,,,
Francisco Canaro,Orquesta Francisco Canaro,1931-04-07,Confesión,,Tango,Ada Falcón,Odeón,,6615,11208 B,Enrique Discépolo,Enrique Amadori,,29-32 Falcón,,,,,,,,,
Francisco Canaro,Orquesta Francisco Canaro,1931-04-07,Mirella,Mireya,Vals,Charlo,Odeón,,6613,4728 A,Rodolfo M.,,,29-32 Falcón,,,,,,,,,
Francisco Canaro,Orquesta Francisco Canaro,1931-04-07,No Llore Viejita,No Llores Viejita,Tango,Charlo,Odeón,,6520,4727 B,José Scarpino,Julio Aparicio,,29-32 Falcón,,,,,,,,,
Francisco Canaro,Orquesta Francisco Canaro,1931-04-07,Ya Perdiste el Corazón,,Tango,Charlo,Odeón,,6614,4792 A,Luis Serrano,Alejandro Flores,,29-32 Falcón,,,,,,,,,
Francisco Canaro,Orquesta Francisco Canaro,1931-04-10,Como la Mosca,,Tango,Charlo,Odeón,,6623,4738 A,Alberto Alonso,Roberto Barboza,,29-32 Falcón,,,,,,,,,
Francisco Canaro,Orquesta Francisco Canaro,1931-04-10,Mimí,,Vals,Instrumental,Odeón,,6620,4709 B,Daniel Saavedra,,,29-32 Falcón,,,,,,,,,
Francisco Canaro,Orquesta Francisco Canaro,1931-04-14,Flor de Fango,,Tango,Charlo,Odeón,,6630,4735 B,Augusto Gentile,Pascual Contursi,,29-32 Falcón,,,,,,,,,
Francisco Canaro,Orquesta Francisco Canaro,1931-04-14,Levanté los Ojos Para Mirar Al Cielo,Levanta los Ojos Para Mirar Al Cielo,Tango,Charlo,Odeón,,6632,4726 A,Raúl De Los Hoyos,Mario Flores,,29-32 Falcón,,,,,,,,,
Francisco Canaro,Orquesta Francisco Canaro,1931-04-14,Viaje Largo,,Tango,Instrumental,Odeón,,6629,4726 B,Miguel Bucino,,,29-32 Falcón,,,,,,,,,
Francisco Canaro,Orquesta Francisco Canaro,1931-04-17,El Esgunfio,,Tango,Instrumental,Odeón,,6635,4723 B,Esteban Barabino,,,29-32 Falcón,,,,,,,,,
Francisco Canaro,Orquesta Francisco Canaro,1931-04-17,La Voz del Bohemio,,Tango,Instrumental,Odeón,,6636,4721 B,Roque Palermo,,,29-32 Falcón,,,,,,,,,
Francisco Canaro,Orquesta Francisco Canaro,1931-04-17,Rosa de Venus,,Vals,Charlo,Odeón,,6637,4721 A,Mateo Coppola,Delmira Zinola,,29-32 Falcón,,,,,,,,,
Francisco Canaro,Orquesta Francisco Canaro,1931-04-22,Burrero,Seco,Tango,Instrumental,Odeón,,6641,4732 A,Anita Palmero,José De Cicco,,29-32 Falcón,,,,,,,,,
Francisco Canaro,Orquesta Francisco Canaro,1931-04-22,Canto Por No Llorar,,Tango,Charlo,Odeón,,6643,4729 A,Enrique Rodríguez,Enrique Rodríguez,,29-32 Falcón,,,,,,,,,
Francisco Canaro,Orquesta Francisco Canaro,1931-04-22,La Última Copa,,Tango,Ada Falcón,Odeón,,6646,11209 B,Francisco Canaro,Juan Caruso,,29-32 Falcón,,,,,,,,,
Francisco Canaro,Orquesta Francisco Canaro,1931-04-22,Yo Quiero a Otra Mujer,,Tango,Instrumental,Odeón,,6642,4733 A,Rafael Rossi,,,29-32 Falcón,,,,,,,,,
Francisco Canaro,Orquesta Francisco Canaro,1931-04-29,Luz de Mi Vida,El Viejo Vals,Vals,Charlo,Odeón,,6658,4737 A,Charlo,José Castillo,,29-32 Falcón,,,,,,,,,
Francisco Canaro,Orquesta Francisco Canaro,1931-04-29,Porqué Será,,Tango,Instrumental,Odeón,,6654,4730 A,Humberto Canaro,Jesús Blanco,,29-32 Falcón,,,,,,,,,
Francisco Canaro,Orquesta Francisco Canaro,1931-05-06,Amor Bohemio,,Vals,Charlo,Odeón,,6667,4729 B,Enrique Simone,Arturo Blasi,,29-32 Falcón,,,,,,,,,
Francisco Canaro,Orquesta Francisco Canaro,1931-05-06,Sábado Inglés,,Tango,Instrumental,Odeón,,6664,4744 B,Juan Maglio,Eugenio Cárdenas,,29-32 Falcón,,,,,,,,,
Francisco Canaro,Orquesta Francisco Canaro,1931-05-06,Violetas,Las Violetas,Vals,Charlo,Odeón,,6666,4807 A,Juan Maglio,Francisco Brancatti,,29-32 Falcón,,,,,,,,,
Francisco Canaro,Orquesta Francisco Canaro,1931-05-13,La Última Copa,,Tango,Charlo,Odeón,,6683,4731 A,Francisco Canaro,Juan Caruso,,29-32 Falcón,,,,,,,,,
Francisco Canaro,Orquesta Francisco Canaro,1931-05-13,Navidad,,Tango,Instrumental,Odeón,,6685,4743 B,Fioravanti Di Cicco,,,29-32 Falcón,,,,,,,,,
Francisco Canaro,Orquesta Francisco Canaro,1931-05-13,Quién Tuviera 18 Años,,Tango,Instrumental,Odeón,,6682,4755 B,Guillermo Barbieri,,,29-32 Falcón,,,,,,,,,
Francisco Canaro,Orquesta Francisco Canaro,1931-05-20,El Asustado,,Tango,Instrumental,Odeón,,6691,4740 B,Luis Canaro,,,29-32 Falcón,,,,,,,,,
Francisco Canaro,Orquesta Francisco Canaro,1931-05-20,El Maragato,Maragato,Tango,Instrumental,Odeón,,6694,4739 A,Mario Canaro,,,29-32 Falcón,,,,,,,,,
Francisco Canaro,Orquesta Francisco Canaro,1931-05-27,Pimpollo de Rosa,,Vals,Charlo,Odeón,,6706,4744 A,Ernesto D'Angelo,Juan Díaz,,29-32 Falcón,,,,,,,,,
Francisco Canaro,Orquesta Francisco Canaro,1931-05-27,Vos También Vas a Sonar,,Tango,Charlo,Odeón,,6705,4736 A,Antonio Polito,Venancio Clauso,,29-32 Falcón,,,,,,,,,
Francisco Canaro,Orquesta Francisco Canaro,1931-05-29,El Pollito,,Tango,Instrumental,Odeón,,6713,4735 A,Francisco Canaro,,,29-32 Falcón,,,,,,,,,
Francisco Canaro,Orquesta Francisco Canaro,1931-05-29,Flor Deshojada,,Vals,Instrumental,Odeón,,6714,4736 B,Antonio Polito,,,29-32 Falcón,,,,,,,,,
Francisco Canaro,Orquesta Francisco Canaro,1931-06-03,Amor de Payaso,,Tango,Charlo,Odeón,,6719,4741 B,Antonio Sureda,Antonio Sureda,,29-32 Falcón,,,,,,,,,
Francisco Canaro,Orquesta Francisco Canaro,1931-06-03,Quereme Siempre Así,,Tango,Instrumental,Odeón,,6722,4745 B,Ernesto Mirabelli,,,29-32 Falcón,,,,,,,,,
Francisco Canaro,Orquesta Francisco Canaro,1931-06-12,Mi Corazón,,Tango,Instrumental,Odeón,,6724,,Raúl De Los Hoyos,,,29-32 Falcón,,,,,,,,,
Francisco Canaro,Orquesta Francisco Canaro,1931-06-24,Escribile Al Comisario,,Tango,Charlo,Odeón,,6729,4757 A,Nicanor Donato,Clemente Moreno,,29-32 Falcón,,,,,,,,,
Francisco Canaro,Orquesta Francisco Canaro,1931-06-24,Florcita Criolla,,Vals,Charlo,Odeón,,6730,,Francisco Zingoni,Venancio Clauso,,29-32 Falcón,,,,,,,,,
Francisco Canaro,Orquesta Francisco Canaro,1931-06-24,Las Vueltas de la Vida,,Tango,Ada Falcón,Odeón,,6732,11210 B,Francisco Canaro,Manuel Romero,,29-32 Falcón,,,,,,,,,
Francisco Canaro,Orquesta Francisco Canaro,1931-06-24,Nido de Amor,,Vals,Instrumental,Odeón,,6731,4741 A,Antonio Sureda,,,29-32 Falcón,,,,,,,,,
Francisco Canaro,Orquesta Francisco Canaro,1931-06-24,Tipo Loco,,Tango,Instrumental,Odeón,,6728,4752 B,Ángel Ortíz,,,29-32 Falcón,,,,,,,,,
Francisco Canaro,Orquesta Francisco Canaro,1931-06-30,Vos También Vas a Sonar,,Tango,Charlo,Odeón,,6739,16269 B,Antonio Polito,Venancio Clauso,,29-32 Falcón,,,,,,,,,
Francisco Canaro,Orquesta Francisco Canaro,1931-06-30,Yo No Sé Qué Me Han Hecho Tus Ojos,,Vals,Charlo,Odeón,,6740,16269 A,Francisco Canaro,Francisco Canaro,,29-32 Falcón,,,,,,,,,
Francisco Canaro,Orquesta Francisco Canaro,1931-07-01,Ay del Ay,,Tango,Charlo,Odeón,,6743,4761 B,Magdalena Leguizamón,Magdalena Leguizamón,,29-32 Falcón,,,,,,,,,
Francisco Canaro,Orquesta Francisco Canaro,1931-07-01,Lo Que Nunca Te Dirán,,Tango,Charlo,Odeón,,6744,4746 A,Francisco Canaro,Francisco Canaro,,29-32 Falcón,,,,,,,,,
Francisco Canaro,Orquesta Francisco Canaro,1931-07-01,Otoñal,,Tango,Instrumental,Odeón,,6742,4748 A,Luis Teisseire,,,29-32 Falcón,,,,,,,,,
Francisco Canaro,Orquesta Francisco Canaro,1931-07-01,Pipermint,Pippermint,Tango,Instrumental,Odeón,,6741,4754 B,Eduardo Ponzio,,,29-32 Falcón,,,,,,,,,
Francisco Canaro,Orquesta Francisco Canaro,1931-07-02,Amor de Payaso,,Tango,Charlo,Odeón,,6748,16270 B,Antonio Sureda,Antonio Sureda,,29-32 Falcón,,,,,,,,,
Francisco Canaro,Orquesta Francisco Canaro,1931-07-02,Ilusión Marina,,Vals,Charlo,Odeón,,6749,16270 A,Antonio Sureda,Gerónimo Sureda,,29-32 Falcón,,,,,,,,,
Francisco Canaro,Orquesta Francisco Canaro,1931-07-08,En la Percha,,Tango,Instrumental,Odeón,,6754,4749 A,Adolfo Mondino,,,29-32 Falcón,,,,,,,,,
Francisco Canaro,Orquesta Francisco Canaro,1931-07-08,Florcita Criolla,,Vals,Charlo,Odeón,,6730,4743 A,Francisco Zingoni,Venancio Clauso,,29-32 Falcón,,,,,,,,,
Francisco Canaro,Orquesta Francisco Canaro,1931-07-08,Lo Que Nunca Te Dirán,,Tango,Ada Falcón,Odeón,,6757,11212 A,Francisco Canaro,Francisco Canaro,,29-32 Falcón,,,,,,,,,
Francisco Canaro,Orquesta Francisco Canaro,1931-07-08,Noches de Mar del Plata,,Vals,Charlo,Odeón,,6756,4745 A,José Romero,Eduardo Rossi,,29-32 Falcón,,,,,,,,,
Francisco Canaro,Orquesta Francisco Canaro,1931-07-15,Entró a Tallar el Amor,No Va Más,Tango,Instrumental,Odeón,,6764,4774 B,Alejandro Fattorini,,,29-32 Falcón,,,,,,,,,
Francisco Canaro,Orquesta Francisco Canaro,1931-07-15,Florcita Criolla,,Vals,Ada Falcón,Odeón,,6765,11212 B,Francisco Zingoni,Venancio Clauso,,29-32 Falcón,,,,,,,,,
Francisco Canaro,Orquesta Francisco Canaro,1931-07-15,Mentira,Mentiras,Tango,Charlo,Odeón,,6762,4750 A,Francisco Pracánico,Celedonio Flores,,29-32 Falcón,,,,,,,,,
Francisco Canaro,Orquesta Francisco Canaro,1931-07-15,San Cristóbal,,Tango,Charlo,Odeón,,6763,4753 A,Fernando Montoni,Máximo Orsi,,29-32 Falcón,,,,,,,,,
Francisco Canaro,Orquesta Francisco Canaro,1931-07-15,Virgen del San Cristóbal,,Tango,Charlo,Odeón,,6761,4738 B,Alberto Rodríguez,Luis M.,,29-32 Falcón,,,,,,,,,
Francisco Canaro,Orquesta Francisco Canaro,1931-07-22,Rosa de Pasión,Rosas de Pasión,Vals,Charlo,Odeón,,6791,4754 A,Eusebio Giorno,Manuel Saavedra,,29-32 Falcón,,,,,,,,,
Francisco Canaro,Orquesta Francisco Canaro,1931-07-22,Soledad,,Vals,Charlo,Odeón,,6788,4753 B,Héctor Baldi,Eugenio Cárdenas,,29-32 Falcón,,,,,,,,,
Francisco Canaro,Orquesta Francisco Canaro,1931-07-31,Ya Viene el Invierno,,Vals,Charlo,Odeón,,6803,4761 A,Anselmo Aieta,Santiago Adamini,,29-32 Falcón,,,,,,,,,
Francisco Canaro,Orquesta Francisco Canaro,1931-08-05,El Que con Chicos Se Acuesta,,Tango,Charlo,Odeón,,6809,4747 A,Enrique Delfino,Enrique Delfino,,29-32 Falcón,,,,,,,,,
Francisco Canaro,Orquesta Francisco Canaro,1931-08-05,La Garconniere,,Tango,Charlo,Odeón,,6810,4765 B,Francisco Canaro,,,29-32 Falcón,,,,,,,,,
Francisco Canaro,Orquesta Francisco Canaro,1931-08-12,Mitad de Malevo Mitad de Don Juan,,Tango,Instrumental,Odeón,,6814,4747 B,Enrique Delfino,,,29-32 Falcón,,,,,,,,,
Francisco Canaro,Orquesta Francisco Canaro,1931-08-12,Qué Sapa Señor,,Tango,Charlo,Odeón,,6816,4751 A,Enrique Discépolo,Enrique Discépolo,,29-32 Falcón,,,,,,,,,
Francisco Canaro,Orquesta Francisco Canaro,1931-08-13,Canto Por No Llorar,,Tango,Charlo,Odeón,,6823,16271 B,Enrique Rodríguez,Enrique Rodríguez,,29-32 Falcón,,,,,,,,,
Francisco Canaro,Orquesta Francisco Canaro,1931-08-13,Lo Que Nunca Te Dirán,,Tango,Charlo,Odeón,,6822,16271 A,Francisco Canaro,Francisco Canaro,,29-32 Falcón,,,,,,,,,
Francisco Canaro,Orquesta Francisco Canaro,1931-08-26,Criollazo,,Tango,Instrumental,Odeón,,6830,4759 B,Francisco Rofrano,,,29-32 Falcón,,,,,,,,,
Francisco Canaro,Orquesta Francisco Canaro,1931-08-26,Lo Que No Se Olvida,,Tango,Instrumental,Odeón,,6828,4762 B,Francisco Lauro,,,29-32 Falcón,,,,,,,,,
Francisco Canaro,Orquesta Francisco Canaro,1931-08-26,Qué Sapa Señor,,Tango,Ada Falcón,Odeón,,6831,11214 A,Enrique Discépolo,Enrique Discépolo,,29-32 Falcón,,,,,,,,,
Francisco Canaro,Orquesta Francisco Canaro,1931-09-02,Madreselva,,Tango,Charlo,Odeón,,6838,4756 A,Francisco Canaro,Luis Amadori,,29-32 Falcón,,,,,,,,,
Francisco Canaro,Orquesta Francisco Canaro,1931-09-02,Sueño de Juventud,,Vals,Charlo,Odeón,,6837,4755 A,Enrique Discépolo,Enrique Discépolo,,29-32 Falcón,,,,,,,,,
Francisco Canaro,Orquesta Francisco Canaro,1931-09-02,Un Viejo Amor,,Vals,Ada Falcón,Odeón,,6840,11215 B,Alfonso Lacueva,Máximo Vago,,29-32 Falcón,,,,,,,,,
Francisco Canaro,Orquesta Francisco Canaro,1931-09-03,Confesión,,Tango,Carlos Gardel,Odeón,,6844,18850 A,Enrique Discépolo,Enrique Amadori,,29-32 Falcón,,,,,,,,,
Francisco Canaro,Orquesta Francisco Canaro,1931-10-09,Anclao en París,,Tango,Instrumental,Odeón,,6892,4758 A,Guillermo Barbieri,Enrique Cadícamo,,29-32 Falcón,,,,,,,,,
Francisco Canaro,Orquesta Francisco Canaro,1931-10-09,Sueño de Juventud,,Vals,Ada Falcón,Odeón,,6893,11216 A,Enrique Discépolo,Enrique Discépolo,,29-32 Falcón,,,,,,,,,
Francisco Canaro,Orquesta Francisco Canaro,1931-10-09,Taconeando,,Tango,Charlo,Odeón,,6895,4760 A,Pedro Maffía,José Staffolani,,29-32 Falcón,,,,,,,,,
Francisco Canaro,Orquesta Francisco Canaro,1931-10-09,Tomo y Obligo,,Tango,Charlo,Odeón,,6894,4759 A,Carlos Gardel,Manuel Romero,,29-32 Falcón,,,,,,,,,
Francisco Canaro,Orquesta Francisco Canaro,1931-10-14,Esta Noche Me Quedo a Tu Lado,,Vals,Charlo,Odeón,,6900,4763 B,Tomás Chiófalo,Tomás Chiófalo,,29-32 Falcón,,,,,,,,,
Francisco Canaro,Orquesta Francisco Canaro,1931-10-14,Gloria de Guapo,,Tango,Instrumental,Odeón,,6898,4760 B,Miguel Bucino,,,29-32 Falcón,,,,,,,,,
Francisco Canaro,Orquesta Francisco Canaro,1931-10-14,Sueño Dorado,,Vals,Charlo,Odeón,,6901,16272 A,Augusto Gentile,Augusto Gentile,,29-32 Falcón,,,,,,,,,
Francisco Canaro,Orquesta Francisco Canaro,1931-10-23,El Opio,,Tango,Instrumental,Odeón,,6910,4788 A,Francisco Canaro,,,29-32 Falcón,,,,,,,,,
Francisco Canaro,Orquesta Francisco Canaro,1931-10-23,Jamás Te Olvidaré,,Vals,Charlo,Odeón,,6914,4767 A,Alfredo Marengo,Alfredo Marengo,,29-32 Falcón,,,,,,,,,
Francisco Canaro,Orquesta Francisco Canaro,1931-10-23,Maldita,,Tango,Charlo,Odeón,,6912,4766 A,Antonio Rodio,Celedonio Flores,,29-32 Falcón,,,,,,,,,
Francisco Canaro,Orquesta Francisco Canaro,1931-10-23,Porqué Será,,Tango,Ada Falcón,Odeón,,6911,11216 B,Humberto Canaro,Jesús Blanco,,29-32 Falcón,,,,,,,,,
Francisco Canaro,Orquesta Francisco Canaro,1931-10-23,Sólo Pienso en Ti,Only Think Of You,Vals,Charlo,Odeón,,6913,4766 B,Carlos Sánchez,,,29-32 Falcón,,,,,,,,,
Francisco Canaro,Orquesta Francisco Canaro,1931-10-26,Taconeando,,Tango,Carlos Gardel,Odeón,,6915,18855 A,Pedro Maffía,José Staffolani,,29-32 Falcón,,,,,,,,,
Francisco Canaro,Orquesta Francisco Canaro,1931-10-26,Tomo y Obligo,,Tango,Carlos Gardel,Odeón,,6916,18856 A,Carlos Gardel,Manuel Romero,,29-32 Falcón,,,,,,,,,
Francisco Canaro,Orquesta Francisco Canaro,1931-10-26,Yo No Sé Qué Me Han Hecho Tus Ojos,,Vals,Carlos Gardel,Odeón,,6917,18855 B,Francisco Canaro,Francisco Canaro,,29-32 Falcón,,,,,,,,,
Francisco Canaro,Orquesta Francisco Canaro,1931-10-27,Madreselva,,Tango,Carlos Gardel,Odeón,,6919,18858 A,Francisco Canaro,Luis Amadori,,29-32 Falcón,,,,,,,,,
Francisco Canaro,Orquesta Francisco Canaro,1931-11-04,Cimarrón,,Tango,Instrumental,Odeón,,6924,4767 B,Mario Canaro,,,29-32 Falcón,,,,,,,,,
Francisco Canaro,Orquesta Francisco Canaro,1931-11-04,Lupe,,Vals,Charlo Y Angel Ramos,Odeón,,6927,4765 A,Lucio Demare,,,29-32 Falcón,,,,,,,,,
Francisco Canaro,Orquesta Francisco Canaro,1931-11-04,Otario Que Andás Penando,Otario Que Vas Penando,Tango,Charlo,Odeón,,6925,4764 A,Enrique Delfino,Alberto Vacarezza,,29-32 Falcón,,,,,,,,,
Francisco Canaro,Orquesta Francisco Canaro,1931-11-04,Serenata Maleva,,Vals,Charlo,Odeón,,6926,4764 B,Enrique Delfino,Mario Rada,,29-32 Falcón,,,,,,,,,
Francisco Canaro,Orquesta Francisco Canaro,1931-11-13,Norah,,Vals,Charlo,Odeón,,6948,4774 A,Santiago París,Santiago Scherini,,29-32 Falcón,,,,,,,,,
Francisco Canaro,Orquesta Francisco Canaro,1931-11-21,A su Memoria,,Vals,Charlo,Odeón,,6966,4768 B,Antonio Sureda,Homero Manzi,,29-32 Falcón,,,,,,,,,
Francisco Canaro,Orquesta Francisco Canaro,1931-11-21,Lupe,,Vals,Ada Falcón,Odeón,,6965,11217 A,Lucio Demare,,,29-32 Falcón,,,,,,,,,
Francisco Canaro,Orquesta Francisco Canaro,1931-11-21,Maldita,,Tango,Ada Falcón,Odeón,,6964,11217 B,Antonio Rodio,Celedonio Flores,,29-32 Falcón,,,,,,,,,
Francisco Canaro,Orquesta Francisco Canaro,1931-11-21,Quién Fuera Pibe,,Tango,Instrumental,Odeón,,6963,4771 B,Mario Canaro,,,29-32 Falcón,,,,,,,,,
Francisco Canaro,Orquesta Francisco Canaro,1931-11-23,El Aguacero,Canción de la Pampa,Tango,Charlo,Odeón,,6969,4768 A,Cátulo Castillo,José Castillo,,29-32 Falcón,,,,,,,,,
Francisco Canaro,Orquesta Francisco Canaro,1931-11-23,Mil Novecientos,1900,Tango,Instrumental,Odeón,,6968,4769 B,Ascanio Donato,Luis Amadori,,29-32 Falcón,,,,,,,,,
Francisco Canaro,Orquesta Francisco Canaro,1931-12-04,El Bailarín de Salón,,Tango,Instrumental,Odeón,,6973,4783 B,Manuel Quiroga,,,29-32 Falcón,,,,,,,,,
Francisco Canaro,Orquesta Francisco Canaro,1931-12-17,Adónde Querés Que Vaya,,Tango,Instrumental,Odeón,,6986,4773 B,Mario Canaro,,,29-32 Falcón,,,,,,,,,
Francisco Canaro,Orquesta Francisco Canaro,1931-12-17,Jamás Podré Olvidarte,,Vals,Charlo,Odeón,,6988,4776 A,Julio De Caro,Mario Gomila,,29-32 Falcón,,,,,,,,,
Francisco Canaro,Orquesta Francisco Canaro,1931-12-17,La Marcha Nupcial,Marcha Nupicial,Tango,Charlo,Odeón,,6989,4772 A,Armando Tagini,Armando Tagini,,29-32 Falcón,,,,,,,,,
Francisco Canaro,Orquesta Francisco Canaro,1931-12-24,He Buscado en Cien Bocas Tu Beso,,Vals,Charlo,Odeón,,7003,4782 B,Domingo Scarpino,Francisco Jiménez,,29-32 Falcón,,,,,,,,,
Francisco Canaro,Orquesta Francisco Canaro,1931-12-31,Sin Rumbo,,Tango,Instrumental,Odeón,,7011,4776 B,Salvador Merico,,,29-32 Falcón,,,,,,,,,
Francisco Canaro,Orquesta Francisco Canaro,1932-01-12,He Buscado en Cien Bocas Tu Beso,,Vals,Ada Falcón,Odeón,,7030,11222 B,Domingo Scarpino,Francisco Jiménez,,29-32 Falcón,,,,,,,,,
Francisco Canaro,Orquesta Francisco Canaro,1932-01-12,Il Piccolo Navío,,Tango,,Odeón,,7028,4779 B,Luis Riccardi,Juan Caruso,,29-32 Falcón,,,,,,,,,
Francisco Canaro,Orquesta Francisco Canaro,1932-01-12,Madreselva,,Tango,Charlo,Odeón,,7027,4779 A,Francisco Canaro,Luis Amadori,,29-32 Falcón,,,,,,,,,
Francisco Canaro,Orquesta Francisco Canaro,1932-01-12,Mineral,,Tango,Charlo,Odeón,,7029,4775 B,Pedro Maffía,Pedro Maffía,,29-32 Falcón,,,,,,,,,
Francisco Canaro,Orquesta Francisco Canaro,1932-01-12,Nunca Más,,Tango,Ada Falcón,Odeón,,7031,11221 B,Francisco Lomuto,Oscar Lomuto,,32-34 without Charlo,,,,,,,,,
Francisco Canaro,Orquesta Francisco Canaro,1932-01-12,Yo No Sé Qué Me Han Hecho Tus Ojos,,Vals,Instrumental,Odeón,,7027,4779 A,Francisco Canaro,Francisco Canaro,,32-34 without Charlo,,,,,,,,,
Francisco Canaro,Orquesta Francisco Canaro,1932-02-17,Créase O No,,Tango,Ernesto Famá,Odeón,,7040,4780 A,Francisco Canaro,"Ca-Di-Fon, Enrique Discépolo, Roberto Fontaina",,32-34 without Charlo,,,,,,,,,
Francisco Canaro,Orquesta Francisco Canaro,1932-02-17,Fenómeno,,Tango,Instrumental,Odeón,,7038,4781 B,Miguel Bucino,,,32-34 without Charlo,,,,,,,,,
Francisco Canaro,Orquesta Francisco Canaro,1932-02-17,Punto Bravo,,Tango,Instrumental,Odeón,,7041,4780 B,Francisco Canaro,,,32-34 without Charlo,,,,,,,,,
Francisco Canaro,Orquesta Francisco Canaro,1932-03-17,Hacete el Oso,,Tango,Instrumental,Odeón,,7070,4785 B,Mario Canaro,,,32-34 without Charlo,,,,,,,,,
Francisco Canaro,Orquesta Francisco Canaro,1932-03-18,Canción de Olvido,,Tango,Instrumental,Odeón,,7072,4787 A,Alberto De Caro,,,32-34 without Charlo,,,,,,,,,
Francisco Canaro,Orquesta Francisco Canaro,1932-03-18,Chola,,Tango,Instrumental,Odeón,,7073,4784 B,Humberto Canaro,,,32-34 without Charlo,,,,,,,,,
Francisco Canaro,Orquesta Francisco Canaro,1932-03-18,La Marcha Nupcial,Marcha Nupicial,Tango,Ada Falcón,Odeón,,7071,11223 B,Armando Tagini,Armando Tagini,,32-34 without Charlo,,,,,,,,,
Francisco Canaro,Orquesta Francisco Canaro,1932-03-21,Clyde,,Vals,Ernesto Famá,Odeón,,7082,4784 A,Héctor Bates,Venancio Clauso,,32-34 without Charlo,,,,,,,,,
Francisco Canaro,Orquesta Francisco Canaro,1932-03-21,Olvidao,,Tango,Instrumental,Odeón,,7080,4786 A,Guillermo Barbieri,Enrique Cadícamo,,32-34 without Charlo,,,,,,,,,
Francisco Canaro,Orquesta Francisco Canaro,1932-03-21,Volvió la Princesita,,Vals,Ernesto Famá,Odeón,,7083,4785 A,Antonio Sureda,Gerónimo Sureda,,32-34 without Charlo,,,,,,,,,
Francisco Canaro,Orquesta Francisco Canaro,1932-03-30,La Que Murió en París,,Tango,Ernesto Famá,Odeón,,7085,4790 A,Enrique Maciel,Héctor Blomberg,,32-34 without Charlo,,,,,,,,,
Francisco Canaro,Orquesta Francisco Canaro,1932-03-30,Pan Duro,,Tango,Instrumental,Odeón,,7084,4790 B,Ernesto D'Angelo,,,32-34 without Charlo,,,,,,,,,
Francisco Canaro,Orquesta Francisco Canaro,1932-04-11,Acabala,,Tango,Instrumental,Odeón,,7098,4789 B,Mario Canaro,,,32-34 without Charlo,,,,,,,,,
Francisco Canaro,Orquesta Francisco Canaro,1932-04-11,Cariño de Madre,,Vals,Agustín Irusta,Odeón,,7100,4794 B,Andrés Sureda,Andrés Sureda,,32-34 without Charlo,,,,,,,,,
Francisco Canaro,Orquesta Francisco Canaro,1932-04-11,Créase O No,,Tango,Ada Falcón,Odeón,,7099,11224 A,Francisco Canaro,"Ca-Di-Fon, Enrique Discépolo, Roberto Fontaina",,32-34 without Charlo,,,,,,,,,
Francisco Canaro,Orquesta Francisco Canaro,1932-04-11,Inspiración,Inspiración,Tango,Instrumental,Odeón,,7102,4788 B,Peregrino Paulos,Luis Rubistein,,32-34 without Charlo,,,,,,,,,
Francisco Canaro,Orquesta Francisco Canaro,1932-04-15,Mi Provinciana,,Tango,Agustín Irusta,Odeón,,7107,4794 A,Gerardo Rodríguez,Julio Romero,,32-34 without Charlo,,,,,,,,,
Francisco Canaro,Orquesta Francisco Canaro,1932-04-15,Pa' Mí Es Igual,Siempre Amigos,Tango,Instrumental,Odeón,,7105,4791 A,"Agustín Irusta, Santiago Demare",Domingo Cadícamo,,32-34 without Charlo,,,,,,,,,
Francisco Canaro,Orquesta Francisco Canaro,1932-04-21,Canto Por No Llorar,,Tango,Ada Falcón,Odeón,,7111,11227 A,Enrique Rodríguez,Enrique Rodríguez,,32-34 without Charlo,,,,,,,,,
Francisco Canaro,Orquesta Francisco Canaro,1932-04-21,Silbando,,Tango,Agustín Irusta,Odeón,,7114,4798 A,Cátulo Piana,José Castillo,,32-34 without Charlo,,,,,,,,,
Francisco Canaro,Orquesta Francisco Canaro,1932-04-21,Ventanita Florida,Ta Fenêtre Fleurie,Tango,Agustín Irusta,Odeón,,7113,4796 A,Enrique Delfino,Luis Amadori,,32-34 without Charlo,,,,,,,,,
Francisco Canaro,Orquesta Francisco Canaro,1932-04-28,Ave Sin Rumbo,,Tango,Instrumental,Odeón,,7116,4797 B,Roberto Firpo,Vicente Del Campo,,32-34 without Charlo,,,,,,,,,
Francisco Canaro,Orquesta Francisco Canaro,1932-04-28,Llorando Mis Penas,,Vals,Agustín Irusta,Odeón,,7118,4798 B,Alberto Acuña,Carlos Pesce,,32-34 without Charlo,,,,,,,,,
Francisco Canaro,Orquesta Francisco Canaro,1932-04-28,Se Viene la Maroma,,Tango,Instrumental,Odeón,,7119,4796 B,Enrique Delfino,,,32-34 without Charlo,,,,,,,,,
Francisco Canaro,Orquesta Francisco Canaro,1932-05-04,Esclavas Blancas,,Tango,Agustín Irusta,Odeón,,7126,4799 A,Horacio Pettorossi,Horacio Pettorossi,,32-34 without Charlo,,,,,,,,,
Francisco Canaro,Orquesta Francisco Canaro,1932-05-04,Para Ti Madre,Para Ti Madre,Vals,Agustín Irusta,Odeón,,7127,4800 A,José Mocciola,Venancio Clauso,,32-34 without Charlo,,,,,,,,,
Francisco Canaro,Orquesta Francisco Canaro,1932-05-04,Ventanita Florida,Ta Fenêtre Fleurie,Tango,Ada Falcón,Odeón,,7124,11225 A,Enrique Delfino,Luis Amadori,,32-34 without Charlo,,,,,,,,,
Francisco Canaro,Orquesta Francisco Canaro,1932-05-13,Merza Burrera,,Tango,Instrumental,Odeón,,7138,4806 B,Ricardo Scarone,,,32-34 without Charlo,,,,,,,,,
Francisco Canaro,Orquesta Francisco Canaro,1932-05-13,Novia del Mar,,Vals,Ignacio Corsini,Odeón,,7142,18653 A,Otto Wiengreen,,,32-34 without Charlo,,,,,,,,,
Francisco Canaro,Orquesta Francisco Canaro,1932-05-27,Corazón Desierto,,Vals,Agustín Irusta,Odeón,,7152,4803 B,Hernando Scapparone,José Fernández,,32-34 without Charlo,,,,,,,,,
Francisco Canaro,Orquesta Francisco Canaro,1932-05-27,Locuras,,Tango,Instrumental,Odeón,,7149,,Miguel Padula,,,32-34 without Charlo,,,,,,,,,
Francisco Canaro,Orquesta Francisco Canaro,1932-05-27,Sube y Baja,,Tango,Instrumental,Odeón,,7150,4801 B,Mario Canaro,,,32-34 without Charlo,,,,,,,,,
Francisco Canaro,Orquesta Francisco Canaro,1932-06-08,Cara Sucia,,Tango,Agustín Irusta,Odeón,,7154,4810 A,Francisco Canaro,Juan Caruso,,32-34 without Charlo,,,,,,,,,
Francisco Canaro,Orquesta Francisco Canaro,1932-06-08,Créase O No,,Tango,,Odeón,,7155,,Francisco Canaro,,,32-34 without Charlo,,,,,,,,,
Francisco Canaro,Orquesta Francisco Canaro,1932-06-08,Federación,,Tango,,Odeón,,7154,4810 A,Francisco Riccardi,,,32-34 without Charlo,,,,,,,,,
Francisco Canaro,Orquesta Francisco Canaro,1932-06-08,Ramona,,Vals,Instrumental,Odeón,,7154,4810 A,Mabel Wayne,Enrique Cadícamo,,32-34 without Charlo,,,,,,,,,
Francisco Canaro,Orquesta Francisco Canaro,1932-06-08,Se Acabaron los Otarios,,Tango,Agustín Irusta,Odeón,,7155,,Francisco Canaro,Juan Caruso,,32-34 without Charlo,,,,,,,,,
Francisco Canaro,Orquesta Francisco Canaro,1932-06-23,Locuras,,Tango,Instrumental,Odeón,,7149,4805 A,Miguel Padula,,,32-34 without Charlo,,,,,,,,,
Francisco Canaro,Orquesta Francisco Canaro,1932-06-23,Ponchito de Vicuña,,Tango,Agustín Irusta,Odeón,,7171,,José Razzano,,,32-34 without Charlo,,,,,,,,,
Francisco Canaro,Orquesta Francisco Canaro,1932-06-23,Rosa Reseca,,Tango,Agustín Irusta,Odeón,,7170,4804 A,Gerardo Rodríguez,Ivo Pelay,,32-34 without Charlo,,,,,,,,,
Francisco Canaro,Orquesta Francisco Canaro,1932-06-23,San Telmo,,Tango,Agustín Irusta,Odeón,,7168,4803 A,Gerardo Rodríguez,Ivo Pelay,,32-34 without Charlo,,,,,,,,,
Francisco Canaro,Orquesta Francisco Canaro,1932-06-25,Créase O No,,Tango,,Odeón,,7155,4810 B,Francisco Canaro,,,32-34 without Charlo,,,,,,,,,
Francisco Canaro,Orquesta Francisco Canaro,1932-06-25,Halcón Negro,,Tango,Instrumental,Odeón,,7172,,Francisco Canaro,,,32-34 without Charlo,,,,,,,,,
Francisco Canaro,Orquesta Francisco Canaro,1932-06-25,Se Acabaron los Otarios,,Tango,Agustín Irusta,Odeón,,7155,4810 B,Francisco Canaro,Juan Caruso,,32-34 without Charlo,,,,,,,,,
Francisco Canaro,Orquesta Francisco Canaro,1932-06-30,El Jardín del Amor,,Vals,Agustin Irusta Y Roberto Fugazot,Odeón,,7174,4809 B,Francisco Canaro,Ivo Pelay,,32-34 without Charlo,,,,,,,,,
Francisco Canaro,Orquesta Francisco Canaro,1932-06-30,He Visto Llorar a un Hombre,,Tango,Instrumental,Odeón,,7173,4808 B,Fioravanti Di Cicco,,,32-34 without Charlo,,,,,,,,,
Francisco Canaro,Orquesta Francisco Canaro,1932-07-08,Halcón Negro,,Tango,Instrumental,Odeón,,7172,4809 A,Francisco Canaro,,,32-34 without Charlo,,,,,,,,,
Francisco Canaro,Orquesta Francisco Canaro,1932-07-14,La Muchachada del Centro,La Muchacha del Centro,Milonga,Ernesto Famá,Odeón,,7187,4812 A,Francisco Canaro,Ivo Pelay,,32-34 without Charlo,,,,,,,,,
Francisco Canaro,Orquesta Francisco Canaro,1932-07-14,Te Quiero,,Tango,Ernesto Famá,Odeón,,7189,4811 A,Francisco Canaro,Francisco Canaro,,32-34 without Charlo,,,,,,,,,
Francisco Canaro,Orquesta Francisco Canaro,1932-07-18,El Anillo de Oro,,Tango,Ada Falcón,Odeón,,7194,11228 A,Miguel Bucino,Luis Amadori,,32-34 without Charlo,,,,,,,,,
Francisco Canaro,Orquesta Francisco Canaro,1932-07-18,Para Ti Madre,Para Ti Madre,Vals,Ada Falcón,Odeón,,7193,11228 B,José Mocciola,Venancio Clauso,,32-34 without Charlo,,,,,,,,,
Francisco Canaro,Orquesta Francisco Canaro,1932-07-25,El Anillo de Oro,,Tango,Domingo Conte,Odeón,,7201,4814 A,Miguel Bucino,Luis Amadori,,32-34 without Charlo,,,,,,,,,
Francisco Canaro,Orquesta Francisco Canaro,1932-07-25,Rosa de Amor,,Tango,Domingo Conte,Odeón,,7199,4813 A,Francisco Canaro,Ivo Pelay,,32-34 without Charlo,,,,,,,,,
Francisco Canaro,Orquesta Francisco Canaro,1932-08-04,Bar Exposición,Cosa Linda Barata,Tango,Instrumental,Odeón,,7208,4816 B,Luis Teisseire,,,32-34 without Charlo,,,,,,,,,
Francisco Canaro,Orquesta Francisco Canaro,1932-08-12,Dos Amores,,Tango,Ernesto Famá,Odeón,,7209,4817 A,Antonio Sureda,Gerónimo Sureda,,32-34 without Charlo,,,,,,,,,
Francisco Canaro,Orquesta Francisco Canaro,1932-08-12,El Jardín del Amor,,Vals,Ada Falcón,Odeón,,7211,11231 B,Francisco Canaro,Ivo Pelay,,32-34 without Charlo,,,,,,,,,
Francisco Canaro,Orquesta Francisco Canaro,1932-08-25,Esperanza,,Tango,Félix Gutiérrez,Odeón,,7215,4819 B,Salvador Merico,Julio Benavídez,,32-34 without Charlo,,,,,,,,,
Francisco Canaro,Orquesta Francisco Canaro,1932-08-25,La Bordadora de San Telmo,,Vals,Félix Gutiérrez,Odeón,,7216,4819 A,Enrique Maciel,"Héctor Blomberg, Max Viale",,32-34 without Charlo,,,,,,,,,
Francisco Canaro,Orquesta Francisco Canaro,1932-08-29,La Muchachada del Centro,La Muchacha del Centro,Tango,Ada Falcón,Odeón,,7220,11231 A,Francisco Canaro,Ivo Pelay,,32-34 without Charlo,,,,,,,,,
Francisco Canaro,Orquesta Francisco Canaro,1932-08-29,Silencio,,Tango,Instrumental,Odeón,,7219,4818 B,Humberto Canaro,,,32-34 without Charlo,,,,,,,,,
Francisco Canaro,Orquesta Francisco Canaro,1932-08-29,Yo Te Adoro Bandoneón,,Tango,Félix Gutiérrez,Odeón,,7218,4820 A,Ramón Coll,Carlos Pesce,,32-34 without Charlo,,,,,,,,,
Francisco Canaro,Orquesta Francisco Canaro,1932-09-09,El Traidor,,Tango,Félix Gutiérrez,Odeón,,7236,4821 A,Juan Maglio,Francisco Brancatti,,32-34 without Charlo,,,,,,,,,
Francisco Canaro,Orquesta Francisco Canaro,1932-09-09,Frená Muchacho Loco,,Tango,Félix Gutiérrez,Odeón,,7237,4823 A,Juan Rezzano,Juan Rezzano,,32-34 without Charlo,,,,,,,,,
Francisco Canaro,Orquesta Francisco Canaro,1932-09-09,Nascha,,Vals,Félix Gutiérrez,Odeón,,7235,4818 A,John Calabry,Venancio Clauso,,32-34 without Charlo,,,,,,,,,
Francisco Canaro,Orquesta Francisco Canaro,1932-09-09,Pura Milonga,,Tango,Instrumental,Odeón,,7238,4820 B,Mario Canaro,,,32-34 without Charlo,,,,,,,,,
Francisco Canaro,Orquesta Francisco Canaro,1932-09-23,Copa de Amargura,,Tango,Félix Gutiérrez,Odeón,,7244,4822 B,Miguel Caló,Enrique Maroni,,32-34 without Charlo,,,,,,,,,
Francisco Canaro,Orquesta Francisco Canaro,1932-09-29,Ahí Va el Dulce,,Tango,Instrumental,Odeón,,7253,4827 A,Juan Canaro,Osvaldo Cordero,,32-34 without Charlo,,,,,,,,,
Francisco Canaro,Orquesta Francisco Canaro,1932-09-29,La Bordadora de San Telmo,,Vals,Félix Gutiérrez,Odeón,,7216,4819 A,Enrique Maciel,Héctor Blomberg,,32-34 without Charlo,,,,,,,,,
Francisco Canaro,Orquesta Francisco Canaro,1932-10-13,Bernabé la Fiera,Bernabé / la Fiera,Tango,Ernesto Famá,Odeón,,7262,4826 A,Miguel Germino,Francisco Dispagna,,32-34 without Charlo,,,,,,,,,
Francisco Canaro,Orquesta Francisco Canaro,1932-10-13,Quién Hubiera Dicho,,Tango,Ernesto Famá,Odeón,,7261,4825 B,Rodolfo Sciammarella,Luis Amadori,,32-34 without Charlo,,,,,,,,,
Francisco Canaro,Orquesta Francisco Canaro,1932-10-13,Secreto,,Tango,Ernesto Famá,Odeón,,7260,4824 A,Enrique Discépolo,Enrique Discépolo,,32-34 without Charlo,,,,,,,,,
Francisco Canaro,Orquesta Francisco Canaro,1932-10-22,Durazno en Flor,,Vals,Ernesto Famá,Odeón,,7274,4826 B,María De Gentile,María De Gentile,,32-34 without Charlo,,,,,,,,,
Francisco Canaro,Orquesta Francisco Canaro,1932-10-22,La Flor de los Gauchos,,Vals,Ernesto Famá,Odeón,,7273,4824 B,Jaime Vila,José Fernández,,32-34 without Charlo,,,,,,,,,
Francisco Canaro,Orquesta Francisco Canaro,1932-10-29,Cariño de Madre,,Vals,Ada Falcón,Odeón,,7282,11234 B,Andrés Sureda,Andrés Sureda,,32-34 without Charlo,,,,,,,,,
Francisco Canaro,Orquesta Francisco Canaro,1932-10-29,Cuando Vuelva,,Tango,Ernesto Famá,Odeón,,7280,4829 A,Julio De Caro,Luis Amadori,,32-34 without Charlo,,,,,,,,,
Francisco Canaro,Orquesta Francisco Canaro,1932-10-29,Decile Hermano,,Tango,Instrumental,Odeón,,7281,4833 B,Francisco Rofrano,,,32-34 without Charlo,,,,,,,,,
Francisco Canaro,Orquesta Francisco Canaro,1932-10-29,El Trapero,,Tango,Ernesto Famá,Odeón,,7279,4828 A,Enrique Rodríguez,José Staffolani,,32-34 without Charlo,,,,,,,,,
Francisco Canaro,Orquesta Francisco Canaro,1932-11-07,Pero Aquel Muchacho,,Tango,Ernesto Famá,Odeón,,7285,4836 B,Agustín Paredes,Eugenio Cárdenas,,32-34 without Charlo,,,,,,,,,
Francisco Canaro,Orquesta Francisco Canaro,1932-11-07,Triste Queja,,Tango,Ernesto Famá,Odeón,,7286,4832 B,Agustín Bardi,José De La Vega,,32-34 without Charlo,,,,,,,,,
Francisco Canaro,Orquesta Francisco Canaro,1932-11-10,El Trapero,,Tango,Ada Falcón,Odeón,,7288,11234 A,Enrique Rodríguez,José Staffolani,,32-34 without Charlo,,,,,,,,,
Francisco Canaro,Orquesta Francisco Canaro,1932-11-10,Ojos Negros,Dark Eyes,Tango,Instrumental,Odeón,,7289,4827 B,Vicente Greco,,,32-34 without Charlo,,,,,,,,,
Francisco Canaro,Orquesta Francisco Canaro,1932-11-10,Una Locura de Amor,,Vals,Ernesto Famá,Odeón,,7291,4829 B,José Sala,Juan Baños,,32-34 without Charlo,,,,,,,,,
Francisco Canaro,Orquesta Francisco Canaro,1932-11-23,Las Vueltas de la Vida,,Tango,Domingo Conte Y Coro Del Teatro Nacional,Odeón,,7296,4835 A,Francisco Canaro,Manuel Romero,,32-34 without Charlo,,,,,,,,,
Francisco Canaro,Orquesta Francisco Canaro,1932-11-24,Quién Tuviera 20 Abriles,,Tango,Carlos Dante,Odeón,,7299,4831 B,Enrique Delfino,Enrique Delfino,,32-34 without Charlo,,,,,,,,,
Francisco Canaro,Orquesta Francisco Canaro,1932-11-24,Recuerdos del Pasado,,Tango,Carlos Dante,Odeón,,7298,4831 A,Enrique Delfino,Enrique Delfino,,32-34 without Charlo,,,,,,,,,
Francisco Canaro,Orquesta Francisco Canaro,1932-11-24,Rosa de Amor,,Tango,,Odeón,,7303,4830 A,Francisco Canaro,Ivo Pelay,,32-34 without Charlo,,,,,,,,,
Francisco Canaro,Orquesta Francisco Canaro,1932-12-05,Botines Viejos,,Tango,Ernesto Famá,Odeón,,7305,4836 A,Juan Filiberto,Alberto Vacarezza,,32-34 without Charlo,,,,,,,,,
Francisco Canaro,Orquesta Francisco Canaro,1932-12-12,Milonga Sentimental,,Milonga,Ada Falcón,Odeón,,7311,11235 B,Sebastián Piana,Homero Manzi,,32-34 without Charlo,,,,,,,,,
Francisco Canaro,Orquesta Francisco Canaro,1932-12-12,Rencor,,Tango,Domingo Conte,Odeón,,7308,4834 B,Charlo,Luis Amadori,,32-34 without Charlo,,,,,,,,,
Francisco Canaro,Orquesta Francisco Canaro,1932-12-12,Secreto,,Tango,Ada Falcón,Odeón,,7306,11236 B,Enrique Discépolo,Enrique Discépolo,,32-34 without Charlo,,,,,,,,,
Francisco Canaro,Orquesta Francisco Canaro,1932-12-12,Yo Te Adoro Bandoneón,,Tango,Ada Falcón,Odeón,,7307,11235 A,Ramón Coll,Carlos Pesce,,32-34 without Charlo,,,,,,,,,
Francisco Canaro,Orquesta Francisco Canaro,1933-02-09,Milonga Sentimental,,Milonga,Ernesto Fama Y Angel Ramos,Odeón,,7338,4838 A,Sebastián Piana,Homero Manzi,,32-34 without Charlo,,,,,,,,,
Francisco Canaro,Orquesta Francisco Canaro,1933-02-09,Mirá Mi Retrato de Pibe,,Tango,Ernesto Famá,Odeón,,7339,4838 B,Mario Canaro,"Nolo López, Elías Wainer",,32-34 without Charlo,,,,,,,,,
Francisco Canaro,Orquesta Francisco Canaro,1933-02-09,Tu Mentira,,Vals,Ernesto Famá,Odeón,,7337,4839 B,Luis Teisseire,Luis Teisseire,,32-34 without Charlo,,,,,,,,,
Francisco Canaro,Orquesta Francisco Canaro,1933-02-09,Ventarrón,,Tango,Ernesto Famá,Odeón,,7335,4839 A,Pedro Maffía,José Staffolani,,32-34 without Charlo,,,,,,,,,
Francisco Canaro,Orquesta Francisco Canaro,1933-02-14,La Canción de Buenos Aires,,Tango,Ernesto Famá,Odeón,,7340,4843 A,Azucena Cúfaro,Manuel Romero,,32-34 without Charlo,,,,,,,,,
Francisco Canaro,Orquesta Francisco Canaro,1933-02-14,La Cumparsita,Si Supieras,Tango,Instrumental,Odeón,,379,4262 B,Gerardo Rodríguez,"Pascual Contursi, Enrique Maroni, Gerardo Rodríguez",,32-34 without Charlo,,,,,,,,,
Francisco Canaro,Orquesta Francisco Canaro,1933-02-23,Naipe Marcado,,Milonga,Ernesto Famá,Odeón,,7354,4840 B,Ángel Greco,Ángel Greco,,32-34 without Charlo,,,,,,,,,
Francisco Canaro,Orquesta Francisco Canaro,1933-02-23,Si Yo Fuera Millonario,,Tango,Ernesto Famá,Odeón,,7355,4842 A,Francisco Canaro,Francisco Canaro,,32-34 without Charlo,,,,,,,,,
Francisco Canaro,Orquesta Francisco Canaro,1933-02-23,Sueño Tus Besos,,Vals,Ernesto Famá,Odeón,,7356,4842 B,Humberto Canaro,Manuel Romero,,32-34 without Charlo,,,,,,,,,
Francisco Canaro,Orquesta Francisco Canaro,1933-03-07,Pirincho,,Milonga,Instrumental,Odeón,,7362,4845 B,José Padula,Nolo López,,32-34 without Charlo,,,,,,,,,
Francisco Canaro,Orquesta Francisco Canaro,1933-03-07,Por Esa Mujer de Carnaval,,Tango,Instrumental,Odeón,,7364,4848 B,Francisco Lauro,,,32-34 without Charlo,,,,,,,,,
Francisco Canaro,Orquesta Francisco Canaro,1933-03-16,Si Yo Fuera Millonario,,Tango,Ada Falcón,Odeón,,7374,11238 A,Francisco Canaro,Francisco Canaro,,32-34 without Charlo,,,,,,,,,
Francisco Canaro,Orquesta Francisco Canaro,1933-03-16,Tus Fragancias,,Vals,Ernesto Famá,Odeón,,7377,4843 B,Miguel Buchino,Miguel Buchino,,32-34 without Charlo,,,,,,,,,
Francisco Canaro,Orquesta Francisco Canaro,1933-03-27,Silencio,,Tango,Carlos Gardel,Odeón,,7385,18881 A,Carlos Pettorossi,Alfredo Pettorossi,,32-34 without Charlo,,,,,,,,,
Francisco Canaro,Orquesta Francisco Canaro,1933-03-29,Cuando Se Escriba Tu Historia,,Tango,Ernesto Famá,Odeón,,7388,4867 B,Edgardo Donato,Máximo Orsi,,32-34 without Charlo,,,,,,,,,
Francisco Canaro,Orquesta Francisco Canaro,1933-03-29,Dónde,Dónde,Tango,Ernesto Famá,Odeón,,7389,4850 A,María Godard,Jesús Blanco,,32-34 without Charlo,,,,,,,,,
Francisco Canaro,Orquesta Francisco Canaro,1933-03-30,Silencio,,Tango,Ernesto Famá,Odeón,,7391,4851 A,Carlos Pettorossi,"Alfredo Le Pera, Horacio Pettorossi",,32-34 without Charlo,,,,,,,,,
Francisco Canaro,Orquesta Francisco Canaro,1933-04-17,Juramento,,Tango,Ernesto Famá,Odeón,,7402,4847 A,Francisco Canaro,Luis Amadori,,32-34 without Charlo,,,,,,,,,
Francisco Canaro,Orquesta Francisco Canaro,1933-04-17,Melodía de Arrabal,,Tango,Ernesto Famá,Odeón,,7401,4852 A,Carlos Gardel,"Alfredo Le Pera, Mario Battistella",,32-34 without Charlo,,,,,,,,,
Francisco Canaro,Orquesta Francisco Canaro,1933-04-17,Noches de Atenas,,Vals,Ernesto Famá,Odeón,,7399,4851 B,Horacio Pettorossi,Horacio Pettorossi,,32-34 without Charlo,,,,,,,,,
Francisco Canaro,Orquesta Francisco Canaro,1933-04-21,Adiós Juventud,,Vals,Ernesto Famá,Odeón,,7406,4849 B,Antonio Sureda,Gerónimo Sureda,,32-34 without Charlo,,,,,,,,,
Francisco Canaro,Orquesta Francisco Canaro,1933-04-21,Cobardía,Bolero de Ma Vie,Tango,Ernesto Famá,Odeón,,7408,4854 A,Charlo,Luis Amadori,,32-34 without Charlo,,,,,,,,,
Francisco Canaro,Orquesta Francisco Canaro,1933-04-21,Yo Quiero Que Sepas,,Tango,Ernesto Famá,Odeón,,7407,4849 A,Antonio Sureda,Gerónimo Sureda,,32-34 without Charlo,,,,,,,,,
Francisco Canaro,Orquesta Francisco Canaro,1933-04-28,El Trovero,Yo Te Imploro,Vals,Ernesto Fama Y Angel Ramos,Odeón,,7410,4847 B,Rafael Irusta,Rafael Irusta,,32-34 without Charlo,,,,,,,,,
Francisco Canaro,Orquesta Francisco Canaro,1933-04-28,Juramento,,Tango,Ada Falcón,Odeón,,7411,11239 A,Francisco Canaro,Luis Amadori,,32-34 without Charlo,,,,,,,,,
Francisco Canaro,Orquesta Francisco Canaro,1933-04-28,Yo Quiero Que Sepas,,Tango,Ada Falcón,Odeón,,7412,11239 B,Antonio Sureda,Gerónimo Sureda,,32-34 without Charlo,,,,,,,,,
Francisco Canaro,Orquesta Francisco Canaro,1933-05-02,Muchachos Al Centro,,Tango,Instrumental,Odeón,,7416,4853 B,Luis Canaro,,,32-34 without Charlo,,,,,,,,,
Francisco Canaro,Orquesta Francisco Canaro,1933-05-08,Mi Viejo Amor,,Tango,Ernesto Famá,Odeón,,7419,4860 A,Francisco De Caro,Mario Gomila,,32-34 without Charlo,,,,,,,,,
Francisco Canaro,Orquesta Francisco Canaro,1933-05-08,Milonga del 900,Milonga del Novecientos,Milonga,Ernesto Famá,Odeón,,7420,4855 A,Sebastián Piana,Homero Manzi,,32-34 without Charlo,,,,,,,,,
Francisco Canaro,Orquesta Francisco Canaro,1933-05-12,El Trovero,Yo Te Imploro,Vals,Ada Falcón,Odeón,,7422,11240 A,Rafael Irusta,Rafael Irusta,,32-34 without Charlo,,,,,,,,,
Francisco Canaro,Orquesta Francisco Canaro,1933-05-12,Pinta Brava,,Tango,Instrumental,Odeón,,7423,4868 B,Francisco Canaro,,,32-34 without Charlo,,,,,,,,,
Francisco Canaro,Orquesta Francisco Canaro,1933-05-12,Vida Perra,,Tango,Ernesto Famá,Odeón,,7421,4861 B,Rafael Rossi,Francisco Gorrindo,,32-34 without Charlo,,,,,,,,,
Francisco Canaro,Orquesta Francisco Canaro,1933-05-17,Lo Que Vieron Mis Ojos,Lo Que Vieron Tus Ojos,Vals,Ernesto Famá,Odeón,,7434,4856 A,Juan Canaro,Jesús Blanco,,32-34 without Charlo,,,,,,,,,
Francisco Canaro,Orquesta Francisco Canaro,1933-06-16,Araca la Cana,Araca la Cana,Tango,Ernesto Famá,Odeón,,7447,4856 B,Enrique Delfino,Mario Rada,,32-34 without Charlo,,,,,,,,,
Francisco Canaro,Orquesta Francisco Canaro,1933-06-16,El Mareo,,Tango,Instrumental,Odeón,,7449,4857 A,Julio De Caro,Mario Gomila,,32-34 without Charlo,,,,,,,,,
Francisco Canaro,Orquesta Francisco Canaro,1933-06-16,Tres Esperanzas,,Tango,Ernesto Famá,Odeón,,7446,4858 B,Enrique Discépolo,Enrique Discépolo,,32-34 without Charlo,,,,,,,,,
Francisco Canaro,Orquesta Francisco Canaro,1933-06-30,Compañera Gaucha,,Vals,Ernesto Famá,Odeón,,7458,4859 B,Rafael Tuegols,Marcelo Garibotto,,32-34 without Charlo,,,,,,,,,
Francisco Canaro,Orquesta Francisco Canaro,1933-06-30,Lo Que Vieron Mis Ojos,Lo Que Vieron Tus Ojos,Vals,Ada Falcón,Odeón,,7460,11241 B,Juan Canaro,Jesús Blanco,,32-34 without Charlo,,,,,,,,,
Francisco Canaro,Orquesta Francisco Canaro,1933-07-19,El Acomodo,,Tango,Instrumental,Odeón,,7472,4863 A,Edgardo Donato,,,32-34 without Charlo,,,,,,,,,
Francisco Canaro,Orquesta Francisco Canaro,1933-07-19,Papel Picado,,Tango,Ernesto Famá,Odeón,,7471,4862 A,Cátulo Castillo,José Castillo,,32-34 without Charlo,,,,,,,,,
Francisco Canaro,Orquesta Francisco Canaro,1933-07-19,Plegaria,,Vals,Ernesto Famá,Odeón,,7470,4861 A,Antonio Sureda,Gerónimo Sureda,,32-34 without Charlo,,,,,,,,,
Francisco Canaro,Orquesta Francisco Canaro,1933-07-26,Acacias,,Tango,Ada Falcón,Odeón,,7475,11242 B,Alberto Gambino,Enrique Gaudino,,32-34 without Charlo,,,,,,,,,
Francisco Canaro,Orquesta Francisco Canaro,1933-07-26,La Novia Ausente,,Tango,Ernesto Famá,Odeón,,7477,4865 A,Guillermo Barbieri,Enrique Cadícamo,,32-34 without Charlo,,,,,,,,,
Francisco Canaro,Orquesta Francisco Canaro,1933-08-17,Campo,,Tango,Ernesto Famá,Odeón,,7491,4866 A,Juan Canaro,Jesús Blanco,,32-34 without Charlo,,,,,,,,,
Francisco Canaro,Orquesta Francisco Canaro,1933-08-17,En Falsa Escuadra,,Tango,Ernesto Famá,Odeón,,7493,4869 B,José Martínez,Ángel Greco,,32-34 without Charlo,,,,,,,,,
Francisco Canaro,Orquesta Francisco Canaro,1933-08-17,Mi Viejo Amor,,Tango,Ada Falcón,Odeón,,7492,11243 A,Francisco De Caro,Mario Gomila,,32-34 without Charlo,,,,,,,,,
Francisco Canaro,Orquesta Francisco Canaro,1933-08-17,Si Soy Así,,Tango,Ernesto Famá,Odeón,,7494,4864 A,Francisco Lomuto,Antonio Botta,,32-34 without Charlo,,,,,,,,,
Francisco Canaro,Orquesta Francisco Canaro,1933-08-24,La Canción de Amalia,,Vals,Ernesto Famá,Odeón,,7504,4864 B,Enrique Maciel,Héctor Blomberg,,32-34 without Charlo,,,,,,,,,
Francisco Canaro,Orquesta Francisco Canaro,1933-09-01,Cuando Seas Mía,,Vals,Ernesto Famá,Odeón,,7516,4880 A,Carlos Marcucci,Manuel Meaños,,32-34 without Charlo,,,,,,,,,
Francisco Canaro,Orquesta Francisco Canaro,1933-09-01,El Chamuyo,,Tango,Instrumental,Odeón,,7518,4868 A,Francisco Canaro,,,32-34 without Charlo,,,,,,,,,
Francisco Canaro,Orquesta Francisco Canaro,1933-09-01,Plegaria,,Vals,Ada Falcón,Odeón,,7517,11244 B,Antonio Sureda,Eduardo Bianco,,32-34 without Charlo,,,,,,,,,
Francisco Canaro,Orquesta Francisco Canaro,1933-09-01,Si Se Salva el Pibe,Se Salvó el Pibe,Tango,Ernesto Famá,Odeón,,7515,4870 A,Francisco Pracánico,Celedonio Flores,,32-34 without Charlo,,,,,,,,,
Francisco Canaro,Orquesta Francisco Canaro,1933-09-01,Sufro,,Tango,Ernesto Famá,Odeón,,7514,4880 B,Luis Canaro,Jesús Blanco,,32-34 without Charlo,,,,,,,,,
Francisco Canaro,Orquesta Francisco Canaro,1933-09-09,A Pesar de Todo,,Tango,Ernesto Famá,Odeón,,7524,4871 B,Teófilo Lespés,Carlos Pesce,,32-34 without Charlo,,,,,,,,,
Francisco Canaro,Orquesta Francisco Canaro,1933-09-09,Hijita,,Vals,Ernesto Famá,Odeón,,7523,4869 A,José Mocciola,Venancio Clauso,,32-34 without Charlo,,,,,,,,,
Francisco Canaro,Orquesta Francisco Canaro,1933-09-09,Hipólito Irigoyen,Hipólito Yrigoyen,Tango,Ernesto Famá,Odeón,,7525,4871 A,Enrique Maroni,Enrique Maroni,,32-34 without Charlo,,,,,,,,,
Francisco Canaro,Orquesta Francisco Canaro,1933-09-09,Si Soy Así,,Tango,Ada Falcón,Odeón,,7526,11244 A,Francisco Lomuto,Antonio Botta,,32-34 without Charlo,,,,,,,,,
Francisco Canaro,Orquesta Francisco Canaro,1933-10-16,Amor Es Amar,,Vals,Ernesto Fama Y Lidia Desmond,Odeón,,7555,4873 A,Juan Canaro,Claudio Payva,,32-34 without Charlo,,,,,,,,,
Francisco Canaro,Orquesta Francisco Canaro,1933-10-17,Lucecitas de Mi Pueblo,,Tango,Ernesto Famá,Odeón,,7562,4874 A,Enrique Delfino,Francisco Oyarzábal,,32-34 without Charlo,,,,,,,,,
Francisco Canaro,Orquesta Francisco Canaro,1933-10-17,Margarita Flor del Monte,,Vals,Ernesto Famá,Odeón,,7561,4872 B,Jaime Vila,José Fernández,,32-34 without Charlo,,,,,,,,,
Francisco Canaro,Orquesta Francisco Canaro,1933-10-17,Pipistrela,,Tango,Ernesto Famá,Odeón,,7560,4873 B,Juan Canaro,Fernando Ochoa,,32-34 without Charlo,,,,,,,,,
Francisco Canaro,Orquesta Francisco Canaro,1933-10-19,Mar Adentro,Navega Mi Velero,Tango,Ernesto Famá,Odeón,,7564,4876 A,Enrique Delfino,,,32-34 without Charlo,,,,,,,,,
Francisco Canaro,Orquesta Francisco Canaro,1933-10-19,Sufro,,Tango,Ada Falcón,Odeón,,7563,11245 B,Luis Canaro,Jesús Blanco,,32-34 without Charlo,,,,,,,,,
Francisco Canaro,Orquesta Francisco Canaro,1933-10-20,Amor Es Amar,,Vals,Ada Falcón,Odeón,,7573,11245 A,Juan Canaro,Claudio Payva,,32-34 without Charlo,,,,,,,,,
Francisco Canaro,Orquesta Francisco Canaro,1933-10-20,Mi Gloria,,Tango,Ernesto Famá,Odeón,,7572,4875 B,Humberto Canaro,Jesús Blanco,,32-34 without Charlo,,,,,,,,,
Francisco Canaro,Orquesta Francisco Canaro,1933-10-20,Pajarito Errante,,Vals,Ernesto Famá,Odeón,,7571,4876 B,Mario Canaro,Adolfo Villalba,,32-34 without Charlo,,,,,,,,,
Francisco Canaro,Orquesta Francisco Canaro,1933-11-13,La Cachetada,,Tango,Ernesto Famá,Odeón,,7593,4877 A,Roberto Firpo,Venancio Clauso,,32-34 without Charlo,,,,,,,,,
Francisco Canaro,Orquesta Francisco Canaro,1933-11-13,Qué Hacés Qué Hacés,,Tango,Ernesto Famá,Odeón,,7592,4878 B,José Di Clemente,Jesús Blanco,,32-34 without Charlo,,,,,,,,,
Francisco Canaro,Orquesta Francisco Canaro,1933-11-13,Telarañas,,Tango,Ernesto Famá,Odeón,,7591,4879 A,Andrés Doménech,Jesús Blanco,,32-34 without Charlo,,,,,,,,,
Francisco Canaro,Orquesta Francisco Canaro,1933-11-21,Promesa,,Vals,Ernesto Famá,Odeón,,7602,4877 B,Eddie Kay,Pablo Valle,,32-34 without Charlo,,,,,,,,,
Francisco Canaro,Orquesta Francisco Canaro,1933-11-21,Telarañas,,Tango,Ada Falcón,Odeón,,7603,11246 A,Andrés Doménech,Jesús Blanco,,32-34 without Charlo,,,,,,,,,
Francisco Canaro,Orquesta Francisco Canaro,1933-12-11,Campanas de Bronce,,Tango,Ernesto Famá,Odeón,,7609,4881 B,Ernesto Rossi,Ernesto Rossi,,32-34 without Charlo,,,,,,,,,
Francisco Canaro,Orquesta Francisco Canaro,1933-12-11,Milonga,,Tango,Ernesto Famá,Odeón,,7610,4883 B,José Rizzuti,Santiago Giordano,,32-34 without Charlo,,,,,,,,,
Francisco Canaro,Orquesta Francisco Canaro,1933-12-11,Puerto Nuevo,,Tango,Ernesto Famá,Odeón,,7611,4882 B,Teófilo Lespés,Carlos Pesce,,32-34 without Charlo,,,,,,,,,
Francisco Canaro,Orquesta Francisco Canaro,1933-12-11,Quisiera Amarte Menos,,Vals,Ernesto Famá,Odeón,,7608,4881 A,Francisco Canaro,Luis Amadori,,32-34 without Charlo,,,,,,,,,
Francisco Canaro,Orquesta Francisco Canaro,1933-12-13,No Quiero Verlo Más,,Tango,Ada Falcón,Odeón,,7613,11247 B,Rodolfo Barbé,Rodolfo Barbé,,32-34 without Charlo,,,,,,,,,
Francisco Canaro,Orquesta Francisco Canaro,1933-12-13,Quisiera Amarte Menos,,Vals,Ada Falcón,Odeón,,7612,11247 A,Francisco Canaro,Luis Amadori,,32-34 without Charlo,,,,,,,,,
Francisco Canaro,Orquesta Francisco Canaro,1934-01-29,No Quiero Verlo Más,,Tango,Ernesto Famá,Odeón,,7624,4885 B,Rodolfo Barbé,Rodolfo Barbé,,32-34 without Charlo,,,,,,,,,
Francisco Canaro,Orquesta Francisco Canaro,1934-01-29,Santa Milonguita,,Tango,Ernesto Famá,Odeón,,7625,4884 A,Enrique Delfino,Enrique Cadícamo,,32-34 without Charlo,,,,,,,,,
Francisco Canaro,Orquesta Francisco Canaro,1934-02-17,Diez Años,10 Años,Tango,Ada Falcón,Odeón,,7630,11248 B,Cayetano De Gregorio,Manuel Campos,,32-34 without Charlo,,,,,,,,,
Francisco Canaro,Orquesta Francisco Canaro,1934-02-17,Fin de Fiesta,,Tango,Ernesto Famá,Odeón,,7629,4886 B,Ernesto Magaldo,Mario Battistella,,32-34 without Charlo,,,,,,,,,
Francisco Canaro,Orquesta Francisco Canaro,1934-02-17,Ya Vendrán Tiempos Mejores,,Tango,Ernesto Famá,Odeón,,7628,4886 A,Francisco Canaro,Ivo Pelay,,32-34 without Charlo,,,,,,,,,
Francisco Canaro,Orquesta Francisco Canaro,1934-02-21,Decime Adiós,,Tango,Ernesto Famá,Odeón,,7638,4887 B,Antonio Sureda,Gerónimo Sureda,,32-34 without Charlo,,,,,,,,,
Francisco Canaro,Orquesta Francisco Canaro,1934-02-21,Diez Años,10 Años,Tango,Ernesto Famá,Odeón,,7637,4888 B,Cayetano De Gregorio,Manuel Campos,,32-34 without Charlo,,,,,,,,,
Francisco Canaro,Orquesta Francisco Canaro,1934-02-21,Te Quiero Mucho Más,,Vals,Ernesto Famá,Odeón,,7639,4887 A,Antonio Sureda,Gerónimo Sureda,,32-34 without Charlo,,,,,,,,,
Francisco Canaro,Orquesta Francisco Canaro,1934-03-27,Canto,,Tango,Ernesto Famá,Odeón,,7658,4889 A,Mario Battistella,Mario Battistella,,32-34 without Charlo,,,,,,,,,
Francisco Canaro,Orquesta Francisco Canaro,1934-03-27,Esquinas Porteñas,,Vals,Ernesto Famá,Odeón,,7650,4890 B,Sebastián Piana,Homero Manzi,,32-34 without Charlo,,,,,,,,,
Francisco Canaro,Orquesta Francisco Canaro,1934-03-27,Farolero,,Tango,Ernesto Famá,Odeón,,7651,4895 B,Julio De Caro,Mario Gomila,,32-34 without Charlo,,,,,,,,,
Francisco Canaro,Orquesta Francisco Canaro,1934-03-27,La Cachetada,,Tango,Ada Falcón,Odeón,,7660,11249 A,Roberto Firpo,Venancio Clauso,,32-34 without Charlo,,,,,,,,,
Francisco Canaro,Orquesta Francisco Canaro,1934-03-27,Serenata,,Tango,Ernesto Famá,Odeón,,7649,4890 A,Rodolfo Sciammarella,Luis Amadori,,32-34 without Charlo,,,,,,,,,
Francisco Canaro,Orquesta Francisco Canaro,1934-04-28,Ya No Cantás Más,,Tango,Instrumental,Odeón,,7683,4891 B,Mario Canaro,,,32-34 without Charlo,,,,,,,,,
Francisco Canaro,Orquesta Francisco Canaro,1934-04-28,Yo No Sé Porque Te Quiero,Yo No Sé Por Qué Te Quiero,Tango,Ada Falcón,Odeón,,7685,11250 A,Francisco Canaro,Ivo Pelay,,32-34 without Charlo,,,,,,,,,
Francisco Canaro,Orquesta Francisco Canaro,1934-04-30,El Tigre Millán,,Tango,Ernesto Famá,Odeón,,7689,4893 B,Francisco Canaro,Francisco Canaro,,32-34 without Charlo,,,,,,,,,
Francisco Canaro,Orquesta Francisco Canaro,1934-05-04,El Tango de la Mula,,Tango,Ernesto Famá,Odeón,,7692,4894 A,Francisco Canaro,Ivo Pelay,,32-34 without Charlo,,,,,,,,,
Francisco Canaro,Orquesta Francisco Canaro,1934-05-04,Un Jardín de Ilusión,,Vals,Ernesto Fama Y Ada Falcón,Odeón,,7695,4893 A,Francisco Canaro,Ivo Pelay,,32-34 without Charlo,,,,,,,,,
Francisco Canaro,Orquesta Francisco Canaro,1934-05-04,Yo No Sé Porque Te Quiero,Yo No Sé Por Qué Te Quiero,Tango,Ernesto Famá,Odeón,,7693,4892 A,Francisco Canaro,Ivo Pelay,,32-34 without Charlo,,,,,,,,,
Francisco Canaro,Orquesta Francisco Canaro,1934-05-22,El Tango de la Mula,,Tango,Ernesto Famá,Odeón,,7720,16280 A,Francisco Canaro,Ivo Pelay,,32-34 without Charlo,,,,,,,,,
Francisco Canaro,Orquesta Francisco Canaro,1934-05-22,El Tigre Millán,,Tango,Ernesto Famá,Odeón,,7721,16280 B,Francisco Canaro,Francisco Canaro,,32-34 without Charlo,,,,,,,,,
Francisco Canaro,Orquesta Francisco Canaro,1934-05-22,Frente Al Dolor,,Tango,Ernesto Famá,Odeón,,7722,4896 B,José Pécora,Jesús Blanco,,32-34 without Charlo,,,,,,,,,
Francisco Canaro,Orquesta Francisco Canaro,1934-05-22,"Yo Me Llamo ""Juan Te Quiero""",,Milonga,Ernesto Famá,Odeón,,7723,4897 A,Antonio Molina,Fernán Valdés,,32-34 without Charlo,,,,,,,,,
Francisco Canaro,Orquesta Francisco Canaro,1934-06-07,Churrasca,,Tango,Ernesto Famá,Odeón,,7734,4899 A,Francisco Lomuto,Francisco Lomuto,,32-34 without Charlo,,,,,,,,,
Francisco Canaro,Orquesta Francisco Canaro,1934-06-07,El Pescante,,Tango,Ernesto Famá,Odeón,,7735,4900 A,Sebastián Piana,Homero Manzi,,32-34 without Charlo,,,,,,,,,
Francisco Canaro,Orquesta Francisco Canaro,1934-06-07,Lirio Blanco,,Vals,Ernesto Famá,Odeón,,7732,4898 B,Antonio Bonavena,Antonio Bonavena,,32-34 without Charlo,,,,,,,,,
Francisco Canaro,Orquesta Francisco Canaro,1934-06-07,Orquídeas a la Luz de la Luna,Orchids In The Moonlight,Tango,Ernesto Famá,Odeón,,7733,4898 A,Vincent Youmans,V. Romano,,32-34 without Charlo,,,,,,,,,
Francisco Canaro,Orquesta Francisco Canaro,1934-06-12,Aparcero,,Tango,Ernesto Famá,Odeón,,7738,4901 A,Anselmo Aieta,Antonio Radicci,,32-34 without Charlo,,,,,,,,,
Francisco Canaro,Orquesta Francisco Canaro,1934-06-12,No Ensartamos Ni Una,,Tango,Ernesto Famá,Odeón,,7741,4901 B,Humberto Canaro,José De La Vega,,32-34 without Charlo,,,,,,,,,
Francisco Canaro,Orquesta Francisco Canaro,1934-06-12,Sin Rumbo,,Tango,Ernesto Famá,Odeón,,7739,4899 B,Silvio Morales,Silvio Morales,,32-34 without Charlo,,,,,,,,,
Francisco Canaro,Orquesta Francisco Canaro,1934-06-13,Un Jardín de Ilusión,,Vals,Ignacio Corsini Y Ada Falcón,Odeón,,7745,18670 A,Francisco Canaro,Ivo Pelay,,32-34 without Charlo,,,,,,,,,
Francisco Canaro,Orquesta Francisco Canaro,1934-06-13,Yo No Sé Porque Te Quiero,Yo No Sé Por Qué Te Quiero,Tango,Ignacio Corsini,Odeón,,7744,18670 B,Francisco Canaro,Ivo Pelay,,32-34 without Charlo,,,,,,,,,
Francisco Canaro,Orquesta Francisco Canaro,1934-06-22,Porqué Cierras los Ojos Cuando Besas,,Vals,Ernesto Famá,Odeón,,7750,4904 B,Héctor Bates,Luis Bates,,32-34 without Charlo,,,,,,,,,
Francisco Canaro,Orquesta Francisco Canaro,1934-06-22,Relámpago de Gloria,,Tango,Ernesto Famá,Odeón,,7752,4900 B,Mario Canaro,Armando Tagini,,32-34 without Charlo,,,,,,,,,
Francisco Canaro,Orquesta Francisco Canaro,1934-06-22,Rosa de Sangre,,Tango,Ernesto Famá,Odeón,,7751,4905 A,Andrés Doménech,Jesús Blanco,,32-34 without Charlo,,,,,,,,,
Francisco Canaro,Orquesta Francisco Canaro,1934-07-20,Barcarola del Riachuelo,,Tango,Ernesto Fama Y Angel Ramos,Odeón,,7771,4902 A,Alfonso Amores,Alfonso Amores,,32-34 without Charlo,,,,,,,,,
Francisco Canaro,Orquesta Francisco Canaro,1934-07-20,Donde Te Cache Sola,,Tango,Ernesto Famá,Odeón,,7772,4903 A,Egidio Pittaluga,Egidio Pittaluga,,32-34 without Charlo,,,,,,,,,
Francisco Canaro,Orquesta Francisco Canaro,1934-07-25,La Vida Es una Milonga,,Tango,Ernesto Famá,Odeón,,7783,4906 B,Pedro Polito,Francisco Bohígas,,32-34 without Charlo,,,,,,,,,
Francisco Canaro,Orquesta Francisco Canaro,1934-08-01,La Canción de la Ribera,La Canción de la Rivera,Tango,Ernesto Famá,Odeón,,7788,4907 B,Miguel Bonano,Alfredo Bigeschi,,32-34 without Charlo,,,,,,,,,
Francisco Canaro,Orquesta Francisco Canaro,1934-08-01,Lina,,Vals,Ernesto Fama Y Angel Ramos,Odeón,,7789,4905 B,Venancio Clauso,Venancio Clauso,,32-34 without Charlo,,,,,,,,,
Francisco Canaro,Orquesta Francisco Canaro,1934-08-10,El Pescante,,Tango,Ada Falcón,Odeón,,7797,11252 B,Sebastián Piana,Homero Manzi,,32-34 without Charlo,,,,,,,,,
Francisco Canaro,Orquesta Francisco Canaro,1934-09-19,Cuesta Abajo,,Tango,Carlos Galan,Odeón,,7821,4908 A,Carlos Gardel,Alfredo Le Pera,,32-34 without Charlo,,,,,,,,,
Francisco Canaro,Orquesta Francisco Canaro,1934-09-19,Mi Buenos Aires Querido,,Tango,Carlos Galan,Odeón,,7822,4909 A,Carlos Gardel,Alfredo Le Pera,,32-34 without Charlo,,,,,,,,,
Francisco Canaro,Orquesta Francisco Canaro,1934-09-21,Ronda del Querer,,Vals,Carlos Galan,Odeón,,7830,4910 A,Antonio Sureda,Gerónimo Sureda,,32-34 without Charlo,,,,,,,,,
Francisco Canaro,Orquesta Francisco Canaro,1934-09-21,Venganza,,Tango,Carlos Galan,Odeón,,7831,4910 B,Luis Rubistein,Luis Rubistein,,32-34 without Charlo,,,,,,,,,
Francisco Canaro,Orquesta Francisco Canaro,1934-10-09,Amores de Estudiante,,Vals,Carlos Galan,Odeón,,7842,4912 A,Carlos Gardel,"Alfredo Le Pera, Mario Battistella",,32-34 without Charlo,,,,,,,,,
Francisco Canaro,Orquesta Francisco Canaro,1934-10-09,De Puerta en Puerta,,Tango,Carlos Galan,Odeón,,7841,4912 B,Teófilo Lespés,Carlos Pesce,,32-34 without Charlo,,,,,,,,,
Francisco Canaro,Orquesta Francisco Canaro,1934-10-09,Madrecita de Pompeya,,Tango,Ada Falcón,Odeón,,7843,11253 A,José Martínez,,,32-34 without Charlo,,,,,,,,,
Francisco Canaro,Orquesta Francisco Canaro,1934-10-09,Porqué Cierras los Ojos Cuando Besas,,Vals,Ada Falcón,Odeón,,7844,11253 B,Héctor Bates,,,32-34 without Charlo,,,,,,,,,
Francisco Canaro,Orquesta Francisco Canaro,1934-10-18,Churrasca,,Tango,Charlo,Odeón,,7852,16274 A,Francisco Lomuto,Francisco Lomuto,,32-34 without Charlo,,,,,,,,,
Francisco Canaro,Orquesta Francisco Canaro,1934-10-18,Media Noche,Medianoche,Tango,Charlo,Odeón,,7853,16276 A,Pichuco,Héctor Gagliardi,,32-34 without Charlo,,,,,,,,,
Francisco Canaro,Orquesta Francisco Canaro,1934-10-20,Madrecita de Pompeya,,Tango,Carlos Galan,Odeón,,7864,4916 A,José Martínez,Francisco Laino,,32-34 without Charlo,,,,,,,,,
Francisco Canaro,Orquesta Francisco Canaro,1934-10-20,Media Noche,Medianoche,Tango,Carlos Galan,Odeón,,7862,4913 A,Pichuco,Héctor Gagliardi,,32-34 without Charlo,,,,,,,,,
Francisco Canaro,Orquesta Francisco Canaro,1934-10-20,No Me Digas Buenas Noches,Don't Say Good-Night,Vals,Charlo,Odeón,,7865,16276 B,Harry Warren,V. Romano,,32-34 without Charlo,,,,,,,,,
Francisco Canaro,Orquesta Francisco Canaro,1934-10-31,Mi Musa Campera,,Tango,Carlos Galan,Odeón,,7879,4911 B,"Agustín Irusta, Santiago Demare","Antonio Pérez, Francisco Riquelme",,32-34 without Charlo,,,,,,,,,
Francisco Canaro,Orquesta Francisco Canaro,1934-10-31,Rosa Peregrina,Lupe,Vals,Carlos Galan,Odeón,,7880,4911 A,"Agustín Irusta, Santiago Demare","Antonio Pérez, Francisco Riquelme",,32-34 without Charlo,,,,,,,,,
Francisco Canaro,Orquesta Francisco Canaro,1934-11-14,Mentir en Amor Es Pecado,,Vals,Carlos Galan,Odeón,,7907,4915 A,Francisco Canaro,"Arnaldo Malfatti, Nicolás Llanderas",,32-34 without Charlo,,,,,,,,,
Francisco Canaro,Orquesta Francisco Canaro,1934-11-14,Quién Más Quién Menos,,Tango,Carlos Galan,Odeón,,7908,4917 A,Enrique Discépolo,Enrique Discépolo,,32-34 without Charlo,,,,,,,,,
Francisco Canaro,Orquesta Francisco Canaro,1934-11-16,La Cruz de Sauce,,Tango,Carlos Galan,Odeón,,7920,4928 B,Domingo Pelle,Francisco Brancatti,,32-34 without Charlo,,,,,,,,,
Francisco Canaro,Orquesta Francisco Canaro,1934-11-16,Negrito,,Milonga,Carlos Galan,Odeón,,7917,4918 A,Alberto Soifer,José De Prisco,,32-34 without Charlo,,,,,,,,,
Francisco Canaro,Orquesta Francisco Canaro,1934-11-16,S O S,Condena,Tango,Instrumental,Odeón,,7916,4921 A,Enrique Pracánico,Enrique Discépolo,,32-34 without Charlo,,,,,,,,,
Francisco Canaro,Orquesta Francisco Canaro,1934-11-16,Siempre Así,,Vals,Carlos Galan,Odeón,,7918,4918 B,Humberto Canaro,José De La Vega,,32-34 without Charlo,,,,,,,,,
Francisco Canaro,Orquesta Francisco Canaro,1934-11-16,Ushuaia,,Tango,Carlos Galan,Odeón,,7919,4930 B,Joaquín Russo,Miguel Bucino,,32-34 without Charlo,,,,,,,,,
Francisco Canaro,Orquesta Francisco Canaro,1934-11-21,Charamusca,,Tango,Instrumental,Odeón,,7930,4923 A,Francisco Canaro,,,32-34 without Charlo,,,,,,,,,
Francisco Canaro,Orquesta Francisco Canaro,1934-11-21,Quiéreme Otra Vez,,Vals,Carlos Galan,Odeón,,7932,4927 B,Bernardino Terés,"Ivo Pelay, Adrusbal Salinas",,32-34 without Charlo,,,,,,,,,
Francisco Canaro,Orquesta Francisco Canaro,1934-11-21,Tormento,,Tango,Carlos Galan,Odeón,,7927,4920 A,Charlo,Luis Amadori,,32-34 without Charlo,,,,,,,,,
Francisco Canaro,Orquesta Francisco Canaro,1934-11-23,Poncho de Dolor,,Tango,Carlos Galan,Odeón,,7937,4927 A,Rafael Rossi,Francisco Gorrindo,,32-34 without Charlo,,,,,,,,,
Francisco Canaro,Orquesta Francisco Canaro,1934-11-23,Soy Cantor,,Tango,Carlos Galan,Odeón,,7935,4926 A,Francisco Pracánico,Alfonso Amores,,32-34 without Charlo,,,,,,,,,
Francisco Canaro,Orquesta Francisco Canaro,1934-11-30,El Amor de los Troveros,,Vals,Carlos Galan,Odeón,,7950,4928 A,Jaime Vila,José Fernández,,32-34 without Charlo,,,,,,,,,
Francisco Canaro,Orquesta Francisco Canaro,1934-11-30,Mentir en Amor Es Pecado,,Vals,Charlo,Odeón,,7952,16277 A,Francisco Canaro,,,32-34 without Charlo,,,,,,,,,
Francisco Canaro,Orquesta Francisco Canaro,1934-11-30,No Sé Quién Soy,,Tango,Carlos Galan,Odeón,,7949,4950 B,Manuel Colominas,Manuel Colominas,,32-34 without Charlo,,,,,,,,,
Francisco Canaro,Orquesta Francisco Canaro,1934-11-30,Silbidos de un Vago,,Tango,Carlos Galan,Odeón,,7948,4924 A,Héctor Cruz,Arsenio Mármol,,32-34 without Charlo,,,,,,,,,
Francisco Canaro,Orquesta Francisco Canaro,1934-11-30,Tormento,,Tango,Charlo,Odeón,,7953,16277 B,Charlo,Luis Amadori,,32-34 without Charlo,,,,,,,,,
Francisco Canaro,Orquesta Francisco Canaro,1935-03-20,Alma del Bandoneón,Alma de Bandoneón,Tango,Roberto Maida,Odeón,,8029,4933 A,Enrique Discépolo,"Luis Amadori, Enrique Discépolo",,35-38 Maida,,,,,,,,,
Francisco Canaro,Orquesta Francisco Canaro,1935-03-20,Cambalache,,Tango,Roberto Maida,Odeón,,8030,4932 A,Enrique Discépolo,Enrique Discépolo,,35-38 Maida,,,,,,,,,
Francisco Canaro,Orquesta Francisco Canaro,1935-03-20,No Hay Que Hacerse Mala Sangre,,Tango,Roberto Maida,Odeón,,8028,4931 A,Francisco Canaro,Ivo Pelay,,35-38 Maida,,,,,,,,,
Francisco Canaro,Orquesta Francisco Canaro,1935-03-25,Ciego,,Tango,Roberto Maida,Odeón,,8044,4936 A,Luis Rubistein,Luis Rubistein,,35-38 Maida,,,,,,,,,
Francisco Canaro,Orquesta Francisco Canaro,1935-03-25,Golondrinas,,Tango,Roberto Maida,Odeón,,8043,4935 A,Carlos Gardel,Alfredo Le Pera,,35-38 Maida,,,,,,,,,
Francisco Canaro,Orquesta Francisco Canaro,1935-03-25,Soledad,,Tango,Roberto Maida,Odeón,,8045,4934 A,Carlos Gardel,Alfredo Le Pera,,35-38 Maida,,,,,,,,,
Francisco Canaro,Orquesta Francisco Canaro,1935-04-11,Viaje de Bodas,,Vals,Roberto Maida,Odeón,,8062,4936 B,Eddie Kay,Pablo Valle,,35-38 Maida,,,,,,,,,
Francisco Canaro,Orquesta Francisco Canaro,1935-04-16,Alma del Bandoneón,,Tango,Ernesto Famá,Odeón,,,,Enrique Discépolo,,,35-38 Maida,,,,,,,,,
Francisco Canaro,Orquesta Francisco Canaro,1935-04-16,Cambalache,,Tango,Ernesto Famá,Odeón,,,,Enrique Discépolo,Enrique Discépolo,,35-38 Maida,,,,,,,,,
Francisco Canaro,Orquesta Francisco Canaro,1935-04-16,No Hay Que Hacerse Mala Sangre,,Tango,Ernesto Famá,Odeón,,,,Francisco Canaro,Ivo Pelay,,35-38 Maida,,,,,,,,,
Francisco Canaro,Orquesta Francisco Canaro,1935-04-23,Cogote,,Tango,Roberto Maida,Odeón,,8084,4938 A,Alberto Soifer,Manuel Romero,,35-38 Maida,,,,,,,,,
Francisco Canaro,Orquesta Francisco Canaro,1935-04-23,Noches de Buenos Aires,,Tango,Roberto Maida,Odeón,,8083,4937 A,Alberto Soifer,Manuel Romero,,35-38 Maida,,,,,,,,,
Francisco Canaro,Orquesta Francisco Canaro,1935-04-25,Ojos Negros Que Fascinan,,Tango,Roberto Maida,Odeón,,8090,4939 B,Manuel Salina,Florián Rey,,35-38 Maida,,,,,,,,,
Francisco Canaro,Orquesta Francisco Canaro,1935-04-25,Sueño de Muñeca,,Vals,Roberto Maida,Odeón,,8091,4945 A,Juan Canaro,Jesús Blanco,,35-38 Maida,,,,,,,,,
Francisco Canaro,Orquesta Francisco Canaro,1935-06-11,Cadena de Amor,,Tango,Roberto Maida,Odeón,,8188,4941 A,Alberto Soifer,Manuel Romero,,35-38 Maida,,,,,,,,,
Francisco Canaro,Orquesta Francisco Canaro,1935-06-11,El Pinche,Pinche,Tango,Instrumental,Odeón,,8190,4944 B,Francisco Canaro,Juan Caruso,,35-38 Maida,,,,,,,,,
Francisco Canaro,Orquesta Francisco Canaro,1935-06-11,Largá las Penas,,Milonga,Roberto Maida,Odeón,,8187,4942 A,Alberto Soifer,Manuel Romero,,35-38 Maida,,,,,,,,,
Francisco Canaro,Orquesta Francisco Canaro,1935-06-11,Poema,,Tango,Roberto Maida,Odeón,,8189,4945 B,Antonio Melfi,Eduardo Bianco,,35-38 Maida,,,,,,,,,
Francisco Canaro,Orquesta Francisco Canaro,1935-06-18,Amor y Primavera,Amour Et Printemps,Vals,Instrumental,Odeón,,8206,4944 A,Émile Waldteufel,,,35-38 Maida,,,,,,,,,
Francisco Canaro,Orquesta Francisco Canaro,1935-06-18,Canaro,,Tango,Instrumental,Odeón,,8209,4980 B,José Martínez,,,35-38 Maida,,,,,,,,,
Francisco Canaro,Orquesta Francisco Canaro,1935-06-18,Hotel Victoria,Gran Hotel Victoria,Tango,Instrumental,Odeón,,8208,4947 A,Feliciano Latasa,Carlos Pesce,,35-38 Maida,,,,,,,,,
Francisco Canaro,Orquesta Francisco Canaro,1935-06-18,Los Patinadores,Les Patineurs,Vals,Instrumental,Odeón,,8207,4947 B,Émile Waldteufel,,,35-38 Maida,,,,,,,,,
Francisco Canaro,Orquesta Francisco Canaro,1935-07-18,Engañame Nomás,,Tango,Roberto Maida,Odeón,,8239,4946 B,Zayra Canicoba,Rosendo Tost,,35-38 Maida,,,,,,,,,
Francisco Canaro,Orquesta Francisco Canaro,1935-07-18,Siempre Tuya Seré,,Vals,Roberto Maida,Odeón,,8240,4950 A,Pedro Barili,Salva Mont,,35-38 Maida,,,,,,,,,
Francisco Canaro,Orquesta Francisco Canaro,1935-07-24,De Puro Guapo,,Tango,Roberto Maida,Odeón,,8251,4948 A,Pedro Laurenz,Manuel Meaños,,35-38 Maida,,,,,,,,,
Francisco Canaro,Guitarras,1935-08-02,Predestinado,,Tango,Roberto Maida,Odeón,,8264,4949 A,Graciela Capdevila,Venancio Clauso,,35-38 Maida,,,,,,,,,
Francisco Canaro,Orquesta Francisco Canaro,1935-08-18,Aunque No Lo Crean,,Tango,Roberto Maida,Odeón,,8285,4953 A,Francisco Canaro,Francisco Canaro,,35-38 Maida,,,,,,,,,
Francisco Canaro,Orquesta Francisco Canaro,1935-08-18,Casas Viejas,,Tango,Roberto Maida,Odeón,,8286,4952 A,Francisco Canaro,Ivo Pelay,,35-38 Maida,,,,,,,,,
Francisco Canaro,Orquesta Francisco Canaro,1935-08-18,Tú y Yo,,Vals,Roberto Maida,Odeón,,8287,4955 A,Francisco Canaro,Ivo Pelay,,35-38 Maida,,,,,,,,,
Francisco Canaro,Orquesta Francisco Canaro,1935-08-21,La Copla Porteña,,Tango,Roberto Maida,Odeón,,8292,4955 B,Francisco Canaro,Ivo Pelay,,35-38 Maida,,,,,,,,,
Francisco Canaro,Orquesta Francisco Canaro,1935-08-25,Aunque No Lo Crean,,Tango,Ada Falcón,Odeón,,8298,11256 A,Francisco Canaro,Francisco Canaro,,35-38 Maida,,,,,,,,,
Francisco Canaro,Orquesta Francisco Canaro,1935-08-25,Casas Viejas,,Tango,Ada Falcón Y Charlo,Odeón,,8300,11254 A,Francisco Canaro,Ivo Pelay,,35-38 Maida,,,,,,,,,
Francisco Canaro,Orquesta Francisco Canaro,1935-09-20,Tú y Yo,,Vals,Ada Falcón,Odeón,,8316,11257 A,Francisco Canaro,Ivo Pelay,,35-38 Maida,,,,,,,,,
Francisco Canaro,Orquesta Francisco Canaro,1935-09-21,La Copla Porteña,,Tango,Ada Falcón,Odeón,,8321,11255 B,Francisco Canaro,Ivo Pelay,,35-38 Maida,,,,,,,,,
Francisco Canaro,Orquesta Francisco Canaro,1935-09-27,El Buey Solo,,Tango,Instrumental,Odeón,,8335,4957 B,Agustín Bardi,,,35-38 Maida,,,,,,,,,
Francisco Canaro,Orquesta Francisco Canaro,1935-09-30,El Que a Hierro Mata,,Tango,Roberto Maida,Odeón,,8341,4956 A,Francisco Canaro,Ivo Pelay,,35-38 Maida,,,,,,,,,
Francisco Canaro,Orquesta Francisco Canaro,1935-10-09,Decime Que Sí,,Tango,Roberto Maida,Odeón,,8362,4958 B,Pascual Biafore,Pascual Biafore,,35-38 Maida,,,,,,,,,
Francisco Canaro,Orquesta Francisco Canaro,1935-10-09,Parece Mentira,,Tango,Roberto Maida,Odeón,,8363,4960 B,Antonio Rodio,Rodolfo Sciammarella,,35-38 Maida,,,,,,,,,
Francisco Canaro,Orquesta Francisco Canaro,1935-10-17,Nunca Es Tarde,Todavía Estás a Tiempo,Vals,Roberto Maida,Odeón,,8376,4958 A,Antonio Sureda,Gerónimo Sureda,,35-38 Maida,,,,,,,,,
Francisco Canaro,Orquesta Francisco Canaro,1935-10-22,Horizontes,,Tango,Roberto Maida,Odeón,,8398,4966 A,Charlo,Homero Manzi,,35-38 Maida,,,,,,,,,
Francisco Canaro,Orquesta Francisco Canaro,1935-10-22,Nena,El Púa,Tango,Roberto Maida,Odeón,,8399,4962 B,Ángel Danesi,Carlos Pesce,,35-38 Maida,,,,,,,,,
Francisco Canaro,Orquesta Francisco Canaro,1935-10-22,Regreso,,Tango,Roberto Maida,Odeón,,8400,4978 B,Eduardo Moreno,Eduardo Moreno,,35-38 Maida,,,,,,,,,
Francisco Canaro,Orquesta Francisco Canaro,1935-11-08,El Internado,,Tango,Instrumental,Odeón,,8419,4964 B,Francisco Canaro,,,35-38 Maida,,,,,,,,,
Francisco Canaro,Orquesta Francisco Canaro,1935-11-08,Sólo una Novia,,Tango,Roberto Maida,Odeón,,8421,4976 B,José Ranieri,Mario Gomila,,35-38 Maida,,,,,,,,,
Francisco Canaro,Orquesta Francisco Canaro,1935-11-08,Yo Quiero Que Tú Sepas,,Vals,Roberto Maida,Odeón,,8420,4969 B,Humberto Canaro,Alfredo Defilpo,,35-38 Maida,,,,,,,,,
Francisco Canaro,Orquesta Francisco Canaro,1935-11-22,Horizontes,,Tango,Charlo,Odeón,,8430,16104 A,Charlo,Homero Manzi,,35-38 Maida,,,,,,,,,
Francisco Canaro,Orquesta Francisco Canaro,1935-11-22,Margarita,,Vals,Charlo,Odeón,,8432,16101 B,Charlo,,,35-38 Maida,,,,,,,,,
Francisco Canaro,Orquesta Francisco Canaro,1935-11-22,Parece Mentira,,Tango,Charlo,Odeón,,8429,16101 A,Antonio Rodio,Rodolfo Sciammarella,,35-38 Maida,,,,,,,,,
Francisco Canaro,Orquesta Francisco Canaro,1935-11-22,Visión,,Tango,Charlo,Odeón,,8431,16104 B,Jaime De Los Hoyos,Nolo López,,35-38 Maida,,,,,,,,,
Francisco Canaro,Orquesta Francisco Canaro,1935-12-03,Aclamación,Acclamations,Vals,Instrumental,Odeón,,8446,4964 A,Émile Waldteufel,,,35-38 Maida,,,,,,,,,
Francisco Canaro,Orquesta Francisco Canaro,1935-12-03,Dónde,Dónde,Tango,Roberto Maida,Odeón,,8449,4968 A,"Agustín Irusta, Santiago Demare",Antonio Pérez,,35-38 Maida,,,,,,,,,
Francisco Canaro,Orquesta Francisco Canaro,1935-12-03,Juntando Amores,,Tango,Instrumental,Odeón,,8447,4971 A,María Godard,,,35-38 Maida,,,,,,,,,
Francisco Canaro,Orquesta Francisco Canaro,1935-12-03,No Nos Veremos Más,,Vals,Roberto Maida,Odeón,,8448,4968 B,"Agustín Irusta, Santiago Demare",Julio Navarrine,,35-38 Maida,,,,,,,,,
Francisco Canaro,Orquesta Francisco Canaro,1935-12-31,No Lloren Muchachos,Mi Testamento,Tango,Roberto Maida,Odeón,,8465,4969 A,Juan Vescio,Juan Vescio,,35-38 Maida,,,,,,,,,
Francisco Canaro,Orquesta Francisco Canaro,1935-12-31,Olvido,,Tango,Charlo,Odeón,,8468,16103 A,Luis Amadori,Luis Amadori,,35-38 Maida,,,,,,,,,
Francisco Canaro,Orquesta Francisco Canaro,1935-12-31,Secreto de Amor,,Vals,Charlo,Odeón,,8466,16102 B,Luis Vigo,Luis Amadori,,35-38 Maida,,,,,,,,,
Francisco Canaro,Orquesta Francisco Canaro,1935-12-31,Yo También Soñé,,Tango,Charlo,Odeón,,8469,16102 A,Francisco Canaro,Luis Amadori,,35-38 Maida,,,,,,,,,
Francisco Canaro,Orquesta Francisco Canaro,1936-03-12,Yo También Soñé,,Tango,Roberto Maida,Odeón,,8475,4975 A,Francisco Canaro,Luis Amadori,,35-38 Maida,,,,,,,,,
Francisco Canaro,Orquesta Francisco Canaro,1936-03-18,Olvido,,Tango,Roberto Maida,Odeón,,8494,4977 A,Luis Amadori,Luis Amadori,,35-38 Maida,,,,,,,,,
Francisco Canaro,Orquesta Francisco Canaro,1936-03-18,Secreto de Amor,,Vals,Roberto Maida,Odeón,,8495,4975 B,Luis Vigo,Luis Amadori,,35-38 Maida,,,,,,,,,
Francisco Canaro,Orquesta Francisco Canaro,1936-03-31,Canillita,Canillita (No 1),Tango,Instrumental,Odeón,,8512,4979 B,Francisco Canaro,,,35-38 Maida,,,,,,,,,
Francisco Canaro,Orquesta Francisco Canaro,1936-03-31,Dolores,,Vals,Instrumental,Odeón,,8509,4979 A,Émile Waldteufel,,,35-38 Maida,,,,,,,,,
Francisco Canaro,Orquesta Francisco Canaro,1936-03-31,Vals Triste,,Vals,Instrumental,Odeón,,8510,4983 A,Rodolphe Berger,,,35-38 Maida,,,,,,,,,
Francisco Canaro,Orquesta Francisco Canaro,1936-04-03,Las Doce Menos Cinco,,Tango,Roberto Maida,Odeón,,8530,4982 B,Agustín Bardi,Luis Bates,,35-38 Maida,,,,,,,,,
Francisco Canaro,Orquesta Francisco Canaro,1936-04-13,El Caburé,,Tango,Instrumental,Odeón,,8538,4983 B,Arturo De Bassi,,,35-38 Maida,,,,,,,,,
Francisco Canaro,Orquesta Francisco Canaro,1936-05-12,Como las Flores,,Tango,Roberto Maida,Odeón,,8573,4984 B,Mario Canaro,Luis Amadori,,35-38 Maida,,,,,,,,,
Francisco Canaro,Orquesta Francisco Canaro,1936-05-20,Después Arreglamos,,Tango,Roberto Maida,Odeón,,8583,4987 B,Francisco Lomuto,Francisco Lomuto,,35-38 Maida,,,,,,,,,
Francisco Canaro,Orquesta Francisco Canaro,1936-05-20,Fracaso,,Tango,Roberto Maida,Odeón,,8582,4985 A,José López,Carlos Bahr,,35-38 Maida,,,,,,,,,
Francisco Canaro,Orquesta Francisco Canaro,1936-05-20,Si Dejaras de Quererme,,Tango,Roberto Maida Y Angel Ramos,Odeón,,8584,4987 A,Francisco Lomuto,Francisco Lomuto,,35-38 Maida,,,,,,,,,
Francisco Canaro,Orquesta Francisco Canaro,1936-06-03,Agua Bendita,,Tango,Instrumental,Odeón,,8604,4989 B,Enrique Delfino,,,35-38 Maida,,,,,,,,,
Francisco Canaro,Orquesta Francisco Canaro,1936-06-03,Mi Vida,,Vals,Roberto Maida,Odeón,,8602,4986 B,José Padula,Enrique Cadícamo,,35-38 Maida,,,,,,,,,
Francisco Canaro,Orquesta Francisco Canaro,1936-06-03,Noches de Amor,,Vals,Instrumental,Odeón,,8603,4989 A,Francisco Canaro,,,35-38 Maida,,,,,,,,,
Francisco Canaro,Orquesta Francisco Canaro,1936-06-03,Será una Noche,,Tango,Roberto Maida,Odeón,,8601,4986 A,José Tinelli,Manuel Campos,,35-38 Maida,,,,,,,,,
Francisco Canaro,Orquesta Francisco Canaro,1936-07-14,Amor,Gran Buda,Tango,Roberto Maida,Odeón,,8632,4990 A,Carlos Gardel,Luis Rubistein,,35-38 Maida,,,,,,,,,
Francisco Canaro,Orquesta Francisco Canaro,1936-07-14,Buen Amigo,,Tango,Instrumental,Odeón,,8636,4993 A,José De Caro,Juan Catán,,35-38 Maida,,,,,,,,,
Francisco Canaro,Orquesta Francisco Canaro,1936-07-14,El Arroyito,,Tango,Instrumental,Odeón,,8635,4992 B,Samuel Castriota,Celedonio Flores,,35-38 Maida,,,,,,,,,
Francisco Canaro,Orquesta Francisco Canaro,1936-07-14,Mi Noche Triste,,Tango,Roberto Maida,Odeón,,8633,4992 A,Samuel Castriota,Pascual Contursi,,35-38 Maida,,,,,,,,,
Francisco Canaro,Orquesta Francisco Canaro,1936-07-17,Silueta Porteña,,Milonga,Roberto Maida,Odeón,,8642,4995 A,Nicolás Cúccaro,"Orlando D'Aniello, Ernesto Noli",,35-38 Maida,,,,,,,,,
Francisco Canaro,Orquesta Francisco Canaro,1936-07-17,Todo Corazón,,Tango,Instrumental,Odeón,,8641,4993 B,José De Caro,José Ruffet,,35-38 Maida,,,,,,,,,
Francisco Canaro,Orquesta Francisco Canaro,1936-08-26,Envidia,,Tango,Roberto Maida,Odeón,,8720,4999 A,Francisco Canaro,"José Castillo, Antonio Botta, Luis Amadori",,35-38 Maida,,,,,,,,,
Francisco Canaro,Orquesta Francisco Canaro,1936-08-26,Qué Le Importa Al Mundo,,Tango,Roberto Maida,Odeón,,8722,5002 A,Francisco Canaro,"José Castillo, Antonio Botta, Luis Amadori",,35-38 Maida,,,,,,,,,
Francisco Canaro,Orquesta Francisco Canaro,1936-09-01,Cariño,,Vals,Roberto Maida,Odeón,,8726,5001 A,Francisco Canaro,"José Castillo, Antonio Botta, Luis Amadori",,35-38 Maida,,,,,,,,,
Francisco Canaro,Orquesta Francisco Canaro,1936-09-01,Cómo Te Quiero,,Tango,Roberto Maida,Odeón,,8732,5000 A,Francisco Canaro,"José Castillo, Antonio Botta, Luis Amadori",,35-38 Maida,,,,,,,,,
Francisco Canaro,Orquesta Francisco Canaro,1936-09-01,El Porteño,,Tango,Roberto Maida,Odeón,,8733,4998 A,Francisco Canaro,Héctor Tallón,,35-38 Maida,,,,,,,,,
Francisco Canaro,Orquesta Francisco Canaro,1936-09-07,Cómo Te Quiero,,Tango,Ada Falcón,Odeón,,8742,11260 B,Francisco Canaro,"José Castillo, Antonio Botta, Luis Amadori",,35-38 Maida,,,,,,,,,
Francisco Canaro,Orquesta Francisco Canaro,1936-09-16,El Porteño,,Tango,Ada Falcón,Odeón,,8749,11260 A,Francisco Canaro,Héctor Tallón,,35-38 Maida,,,,,,,,,
Francisco Canaro,Orquesta Francisco Canaro,1936-09-16,Qué Le Importa Al Mundo,,Tango,Ada Falcón,Odeón,,8748,11259 A,Francisco Canaro,Luis Castillo,,35-38 Maida,,,,,,,,,
Francisco Canaro,Orquesta Francisco Canaro,1936-09-19,Envidia,,Tango,Ada Falcón,Odeón,,8752,11258 B,Francisco Canaro,José Amadori,,35-38 Maida,,,,,,,,,
Francisco Canaro,Orquesta Francisco Canaro,1936-10-06,La Ribera,,Tango,Roberto Maida,Odeón,,8784,5006 B,Alberto Soifer,Manuel Romero,,35-38 Maida,,,,,,,,,
Francisco Canaro,Orquesta Francisco Canaro,1936-10-06,Milonga Criolla,,Milonga,Roberto Maida,Odeón,,8782,5005 A,Alberto Soifer,Manuel Romero,,35-38 Maida,,,,,,,,,
Francisco Canaro,Orquesta Francisco Canaro,1936-10-06,No Supe Vengarme,,Vals,Roberto Maida,Odeón,,8785,5006 A,Alberto Soifer,Manuel Romero,,35-38 Maida,,,,,,,,,
Francisco Canaro,Orquesta Francisco Canaro,1936-10-06,Siempre Unidos,,Tango,Roberto Maida,Odeón,,8783,5005 B,Alberto Soifer,Manuel Romero,,35-38 Maida,,,,,,,,,
Francisco Canaro,Orquesta Francisco Canaro,1936-10-08,Cariño,,Vals,Ada Falcón Y Agustin Irusta Y Roberto Fugazot,Odeón,,8787,11258 A,Francisco Canaro,José Amadori,,35-38 Maida,,,,,,,,,
Francisco Canaro,Orquesta Francisco Canaro,1936-10-25,En las Sombras,,Tango,Roberto Maida,Odeón,,8815,5010 A,Joaquín Mora,Manuel Meaños,,35-38 Maida,,,,,,,,,
Francisco Canaro,Orquesta Francisco Canaro,1936-10-25,Etincelles,,Vals,Instrumental,Odeón,,8812,5013 A,Émile Waldteufel,,,35-38 Maida,,,,,,,,,
Francisco Canaro,Orquesta Francisco Canaro,1936-10-25,Falsedad,,Tango,Roberto Maida,Odeón,,8814,5009 B,Héctor Artola,Alfredo Navarrine,,35-38 Maida,,,,,,,,,
Francisco Canaro,Orquesta Francisco Canaro,1936-10-25,Todo Es Cuestión de Suerte,,Tango,Roberto Maida,Odeón,,8813,5011 A,Enrique Delfino,Tabanillo,,35-38 Maida,,,,,,,,,
Francisco Canaro,Orquesta Francisco Canaro,1936-11-18,Cariño Gaucho,,Tango,Roberto Maida Y Angel Ramos,Odeón,,8822,5014 A,Francisco Demare,,,35-38 Maida,,,,,,,,,
Francisco Canaro,Orquesta Francisco Canaro,1936-11-18,Sueño Fué,,Vals,Roberto Maida,Odeón,,8823,5009 A,Juan Canaro,Jesús Blanco,,35-38 Maida,,,,,,,,,
Francisco Canaro,Orquesta Francisco Canaro,1936-11-20,Cofrecito,,Vals,Roberto Maida,Odeón,,8829,5010 B,Joaquín Lesende,José Contursi,,35-38 Maida,,,,,,,,,
Francisco Canaro,Orquesta Francisco Canaro,1936-11-20,Milonguita,Esthercita,Tango,Roberto Maida,Odeón,,8828,5013 B,Enrique Delfino,Samuel Linnig,,35-38 Maida,,,,,,,,,
Francisco Canaro,Orquesta Francisco Canaro,1937-02-19,Don Alvaro,,Tango,Instrumental,Odeón,,8902,5018 A,Charlo,,,35-38 Maida,,,,,,,,,
Francisco Canaro,Orquesta Francisco Canaro,1937-02-19,En Voz Baja,,Vals,Roberto Maida,Odeón,,8901,5019 B,Germán Teisseire,Yaguarón,,35-38 Maida,,,,,,,,,
Francisco Canaro,Orquesta Francisco Canaro,1937-02-19,Milagro,,Tango,Roberto Maida,Odeón,,8900,5019 A,Luis Rubistein,Luis Rubistein,,35-38 Maida,,,,,,,,,
Francisco Canaro,Orquesta Francisco Canaro,1937-02-23,Desencanto,,Tango,Roberto Maida,Odeón,,8908,5017 A,Enrique Discépolo,Luis Discepolo,,35-38 Maida,,,,,,,,,
Francisco Canaro,Orquesta Francisco Canaro,1937-02-23,En un Rincón de Hungría,,Vals,Roberto Maida,Odeón,,8909,5020 B,Justo Ginzo,Elizardo Vilas,,35-38 Maida,,,,,,,,,
Francisco Canaro,Orquesta Francisco Canaro,1937-02-23,Que Nadie Se Entere,,Tango,Roberto Maida,Odeón,,8910,5020 A,Alberto Gómez,Alberto Gómez,,35-38 Maida,,,,,,,,,
Francisco Canaro,Orquesta Francisco Canaro,1937-04-10,Mal de Ausencia,,Tango,Roberto Maida,Odeón,,8943,5025 B,Francisco Canaro,Ivo Pelay,,35-38 Maida,,,,,,,,,
Francisco Canaro,Orquesta Francisco Canaro,1937-04-10,Resentimiento,,Tango,Roberto Maida,Odeón,,8942,5026 A,Francisco Canaro,Francisco Canaro,,35-38 Maida,,,,,,,,,
Francisco Canaro,Orquesta Francisco Canaro,1937-04-19,Desconfiale,,Tango,Roberto Maida,Odeón,,8967,5024 B,Francisco Canaro,Ivo Pelay,,35-38 Maida,,,,,,,,,
Francisco Canaro,Orquesta Francisco Canaro,1937-04-19,Mi Corazón,,Vals,Roberto Maida,Odeón,,8968,5026 B,Francisco Canaro,Ivo Pelay,,35-38 Maida,,,,,,,,,
Francisco Canaro,Orquesta Francisco Canaro,1937-04-26,Novia,,Tango,Roberto Maida,Odeón,,8985,5023 B,Francisco Rofrano,Francisco Gorrindo,,35-38 Maida,,,,,,,,,
Francisco Canaro,Orquesta Francisco Canaro,1937-04-26,Triste Domingo,Szomorú Vasárnap / Gloomy Sunday,Vals,Roberto Maida,Odeón,,8984,5023 A,Rezső Seress,Francisco Gorrindo,,35-38 Maida,,,,,,,,,
Francisco Canaro,Orquesta Francisco Canaro,1937-05-12,Mal de Ausencia,,Tango,Ada Falcón,Odeón,,9001,11262 B,Francisco Canaro,Ivo Pelay,,35-38 Maida,,,,,,,,,
Francisco Canaro,Orquesta Francisco Canaro,1937-05-12,Mi Corazón,,Vals,Ada Falcón,Odeón,,9003,11263 A,Francisco Canaro,Ivo Pelay,,35-38 Maida,,,,,,,,,
Francisco Canaro,Orquesta Francisco Canaro,1937-05-12,Resentimiento,,Tango,Ada Falcón,Odeón,,9004,11263 B,Francisco Canaro,Francisco Canaro,,35-38 Maida,,,,,,,,,
Francisco Canaro,Orquesta Francisco Canaro,1937-05-24,Mamita,Flor de Angustia,Vals,Roberto Maida Y Angel Ramos,Odeón,,9022,5027 A,Julio Rosenberg,Alex,,35-38 Maida,,,,,,,,,
Francisco Canaro,Orquesta Francisco Canaro,1937-05-24,Redención,,Tango,Roberto Maida,Odeón,,9021,5027 B,José Vigo,Carmelo Santiago,,35-38 Maida,,,,,,,,,
Francisco Canaro,Orquesta Francisco Canaro,1937-05-24,Si Yo Te Contara,,Tango,Roberto Maida,Odeón,,9024,5030 A,Antonio Rodio,Celedonio Flores,,35-38 Maida,,,,,,,,,
Francisco Canaro,Orquesta Francisco Canaro,1937-05-26,Milonga de Mis Amores,,Milonga,Instrumental,Odeón,,9026,5028 A,Pedro Laurenz,José Contursi,,35-38 Maida,,,,,,,,,
Francisco Canaro,Orquesta Francisco Canaro,1937-05-26,Viejas Alegrías,,Tango,Charlo,Odeón,,9025,16109 B,Charlo,Enrique Cadícamo,,35-38 Maida,,,,,,,,,
Francisco Canaro,Orquesta Francisco Canaro,1937-05-27,Desconfiale,,Tango,Charlo,Odeón,,9032,16108 B,Francisco Canaro,Ivo Pelay,,35-38 Maida,,,,,,,,,
Francisco Canaro,Orquesta Francisco Canaro,1937-05-27,No Cantes Ese Tango,,Tango,Roberto Maida,Odeón,,9033,5033 A,Francisco Lomuto,Rodolfo Arrigorreaga,,35-38 Maida,,,,,,,,,
Francisco Canaro,Orquesta Francisco Canaro,1937-05-27,Tiempos Viejos,Te Acordás Hermano,Tango,Charlo,Odeón,,9031,16108 A,Francisco Canaro,Manuel Romero,,35-38 Maida,,,,,,,,,
Francisco Canaro,Orquesta Francisco Canaro,1937-05-27,Viejas Alegrías,,Tango,Roberto Maida,Odeón,,9030,5031 A,Charlo,Enrique Cadícamo,,35-38 Maida,,,,,,,,,
Francisco Canaro,Orquesta Francisco Canaro,1937-07-12,La Puñalada,,Tango,Instrumental,Odeón,,9106,5038 A,Pintín Castellanos,Celedonio Flores,,35-38 Maida,,,,,,,,,
Francisco Canaro,Orquesta Francisco Canaro,1937-07-12,No Me Preguntes Nada,,Tango,Roberto Maida,Odeón,,9108,5037 A,Ángel Ortíz,,,35-38 Maida,,,,,,,,,
Francisco Canaro,Orquesta Francisco Canaro,1937-07-20,Copos de Nieve,,Tango,Roberto Maida,Odeón,,9115,5036 B,Raúl Rodríguez,Enrique Gaudino,,35-38 Maida,,,,,,,,,
Francisco Canaro,Orquesta Francisco Canaro,1937-07-20,Estudiantina,,Vals,Roberto Maida,Odeón,,9116,5036 A,Ernesto Casado,Ernesto Casado,,35-38 Maida,,,,,,,,,
Francisco Canaro,Orquesta Francisco Canaro,1937-07-20,Se Lo Llevaron,,Tango,Instrumental,Odeón,,9114,5035 A,Agustín Bardi,Enrique Cadícamo,,35-38 Maida,,,,,,,,,
Francisco Canaro,Orquesta Francisco Canaro,1937-08-06,Cara Sucia,,Tango,Roberto Maida,Odeón,,9135,5039 A,Francisco Canaro,Juan Caruso,,35-38 Maida,,,,,,,,,
Francisco Canaro,Orquesta Francisco Canaro,1937-08-10,Milonga Triste,,Milonga,Roberto Maida,Odeón,,9140,5052 B,Sebastián Piana,Homero Manzi,,35-38 Maida,,,,,,,,,
Francisco Canaro,Orquesta Francisco Canaro,1937-08-10,Pura Milonga,,Tango,Instrumental,Odeón,,9138,5041 A,José Pécora,,,35-38 Maida,,,,,,,,,
Francisco Canaro,Orquesta Francisco Canaro,1937-08-19,Invierno,,Tango,Roberto Maida,Odeón,,9147,5043 B,Horacio Pettorossi,Enrique Cadícamo,,35-38 Maida,,,,,,,,,
Francisco Canaro,Quinteto Don Pancho,1937-08-19,Milonga de Antaño,,Milonga,Instrumental,Odeón,,9146,5045 A,Francisco Rofrano,,,35-38 Maida,,,,,,,,,
Francisco Canaro,Orquesta Francisco Canaro,1937-08-26,Viento en Popa,,Tango,Instrumental,Odeón,,9155,4100 A,Rosendo Mendizábal,"Ernesto Temes, Carlos Waiss",,35-38 Maida,,,,,,,,,
Francisco Canaro,Orquesta Francisco Canaro,1937-09-28,El Día Que Yo Pueda,,Tango,Roberto Maida,Odeón,,9172,5047 A,Francisco Canaro,Celedonio Flores,,35-38 Maida,,,,,,,,,
Francisco Canaro,Orquesta Francisco Canaro,1937-09-28,Viejos Tiempos,,Tango,Roberto Maida,Odeón,,9169,5050 A,Carlos Gardel,Alfredo Le Pera,,35-38 Maida,,,,,,,,,
Francisco Canaro,Orquesta Francisco Canaro,1937-09-28,Y Se Fué la Vieja,,Tango,Roberto Maida,Odeón,,9173,5049 A,Miguel Bucino,Miguel Bucino,,35-38 Maida,,,,,,,,,
Francisco Canaro,Orquesta Francisco Canaro,1937-09-29,El Día Que Yo Pueda,,Tango,Ada Falcón,Odeón,,9175,11264 A,Francisco Canaro,Celedonio Flores,,35-38 Maida,,,,,,,,,
Francisco Canaro,Quinteto Don Pancho,1937-09-29,Esperar,,Vals,Ada Falcón,Odeón,,9174,11264 B,Enrique Discépolo,Enrique Discépolo,,35-38 Maida,,,,,,,,,
Francisco Canaro,Quinteto Don Pancho,1937-09-29,Muñeca de Cristal,,Vals,Instrumental,Odeón,,9177,4101 A,Ernesto Casado,Ernesto Casado,,35-38 Maida,,,,,,,,,
Francisco Canaro,Orquesta Francisco Canaro,1937-09-29,No Cantés Victoria,,Tango,Instrumental,Odeón,,9176,4101 B,Juan Canaro,Carlos Pesce,,35-38 Maida,,,,,,,,,
Francisco Canaro,Orquesta Francisco Canaro,1937-11-08,Condena,Sos,Tango,Roberto Maida,Odeón,,9204,5056 A,Enrique Pracánico,Enrique Discépolo,,35-38 Maida,,,,,,,,,
Francisco Canaro,Orquesta Francisco Canaro,1937-11-08,La Noche Que Me Esperes,,Vals,Roberto Maida,Odeón,,9207,5057 A,Juan Canaro,Juan Canaro,,35-38 Maida,,,,,,,,,
Francisco Canaro,Orquesta Francisco Canaro,1937-11-08,Las Cuarenta,,Tango,Roberto Maida,Odeón,,9208,5053 A,Roberto Grela,Francisco Gorrindo,,35-38 Maida,,,,,,,,,
Francisco Canaro,Quinteto Don Pancho,1937-11-08,Rincón Florido,,Tango,Roberto Maida,Odeón,,9206,5057 B,Zayra Canicoba,Oscar Lomuto,,35-38 Maida,,,,,,,,,
Francisco Canaro,Quinteto Don Pancho,1937-11-15,El Choclo,Kiss Of Fire,Tango,Instrumental,Odeón,,9216,4103 A,Ángel Villoldo,"Juan Catán, Enrique Discépolo",,35-38 Maida,,,,,,,,,
Francisco Canaro,Quinteto Don Pancho,1937-11-15,Los Tiempos Cambian,,Tango,Instrumental,Odeón,,9214,4102 B,Pascual Biafore,Pascual Biafore,,35-38 Maida,,,,,,,,,
Francisco Canaro,Orquesta Francisco Canaro,1937-11-15,Quiero Que Me Quieras,,Vals,Instrumental,Odeón,,9215,4102 A,Antonio Sureda,,,35-38 Maida,,,,,,,,,
Francisco Canaro,Orquesta Francisco Canaro,1937-11-16,Ay Mi Nena,,Vals,Roberto Maida,Odeón,,9219,5055 A,Francisco Lomuto,Antonio Botta,,35-38 Maida,,,,,,,,,
Francisco Canaro,Orquesta Francisco Canaro,1937-11-16,Recuerdos de París,,Tango,Roberto Maida,Odeón,,9218,5055 B,Mario Canaro,Carmelo Santiago,,35-38 Maida,,,,,,,,,
Francisco Canaro,Orquesta Francisco Canaro,1938-03-03,Cuando el Corazón,,Tango,Roberto Maida,Odeón,,9318,5060 A,Francisco Canaro,Carmelo Santiago,,35-38 Maida,,,,,,,,,
Francisco Canaro,Quinteto Don Pancho,1938-03-03,El Adiós,,Tango,Roberto Maida,Odeón,,9317,5059 B,Maruja Huergo,Virgilio Clemente,,35-38 Maida,,,,,,,,,
Francisco Canaro,Orquesta Francisco Canaro,1938-03-03,El Pardo Cejas,,Tango,Instrumental,Odeón,,9323,4104 B,Prudencio Aragón,Antonio Polito,,35-38 Maida,,,,,,,,,
Francisco Canaro,Quinteto Don Pancho,1938-03-03,Hay Que Aclarar,,Tango,Roberto Maida,Odeón,,9320,5061 A,Francisco Canaro,"Ismael Aguilar, Jerónimo Massa",,35-38 Maida,,,,,,,,,
Francisco Canaro,Orquesta Francisco Canaro,1938-03-03,La Clavada,,Tango,Instrumental,Odeón,,9322,4104 A,Ernesto Zambonini,,,35-38 Maida,,,,,,,,,
Francisco Canaro,Orquesta Francisco Canaro,1938-03-03,La Melodía de Nuestro Adiós,,Tango,Instrumental,Odeón,,9319,5060 B,Fioravanti Di Cicco,Carmelo Santiago,,35-38 Maida,,,,,,,,,
Francisco Canaro,Orquesta Francisco Canaro,1938-03-03,Milonga del Corazón,,Milonga,Roberto Maida,Odeón,,9321,5061 B,Miguel Bucino,Miguel Bucino,,35-38 Maida,,,,,,,,,
Francisco Canaro,Quinteto Don Pancho,1938-03-03,Paciencia,,Tango,Roberto Maida,Odeón,,9316,5059 A,Juan D'Arienzo,Francisco Gorrindo,,35-38 Maida,,,,,,,,,
Francisco Canaro,Quinteto Don Pancho,1938-03-15,Derecho Viejo,,Tango,Instrumental,Odeón,,9340,4106 B,Eduardo Arolas,Gabriel Clausi,,35-38 Maida,,,,,,,,,
Francisco Canaro,Orquesta Francisco Canaro,1938-03-15,Vibraciones del Alma,,Vals,Instrumental,Odeón,,9341,4106 A,Francisco Canaro,,,35-38 Maida,,,,,,,,,
Francisco Canaro,Quinteto Don Pancho,1938-03-24,Corazón de Oro,Corazón de Oro,Vals,Instrumental,Odeón,,9349,5064 B,Francisco Canaro,Jesús Blanco,,35-38 Maida,,,,,,,,,
Francisco Canaro,Orquesta Francisco Canaro,1938-03-24,Don Esteban,,Tango,Instrumental,Odeón,,9350,4105 A,Augusto Berto,Carlos Sarmiento,,35-38 Maida,,,,,,,,,
Francisco Canaro,Orquesta Francisco Canaro,1938-03-24,Lorenzo,,Tango,Instrumental,Odeón,,9346,5063 A,Agustín Bardi,Mario Pardo,,35-38 Maida,,,,,,,,,
Francisco Canaro,Orquesta Francisco Canaro,1938-03-24,Pampa,,Tango,Instrumental,Odeón,,9348,5064 A,Francisco Pracánico,,,35-38 Maida,,,,,,,,,
Francisco Canaro,Quinteto Don Pancho,1938-03-24,Retintín,,Tango,Instrumental,Odeón,,9347,5063 B,Eduardo Arolas,Gabriel Clausi,,35-38 Maida,,,,,,,,,
Francisco Canaro,Orquesta Francisco Canaro,1938-03-24,Rodríguez Peña,Rodríguez Peña,Tango,Instrumental,Odeón,,9351,4105 B,Vicente Greco,"Ernesto Temes, Juan Velich, Rafael Velich",,35-38 Maida,,,,,,,,,
Francisco Canaro,Orquesta Francisco Canaro,1938-04-21,Historia Sentimental,,Milonga,Instrumental,Odeón,,9372,5065 B,Humberto Canaro,,,35-38 Maida,,,,,,,,,
Francisco Canaro,Quinteto Don Pancho,1938-04-21,Indiferencia,,Tango,Roberto Maida,Odeón,,9373,5066 A,Rodolfo Biagi,Juan Thorry,,35-38 Maida,,,,,,,,,
Francisco Canaro,Orquesta Francisco Canaro,1938-04-21,Marianito,Manou,Tango,Instrumental,Odeón,,9376,4107 B,Domingo Salerno,,,35-38 Maida,,,,,,,,,
Francisco Canaro,Quinteto Don Pancho,1938-04-21,Sueño de Amor,,Vals,Roberto Maida,Odeón,,9374,5066 B,Humberto Canaro,Ángel Greco,,35-38 Maida,,,,,,,,,
Francisco Canaro,Orquesta Francisco Canaro,1938-04-21,Zorro Gris,,Tango,Instrumental,Odeón,,9375,4107 A,Rafael Tuegols,Francisco Jiménez,,35-38 Maida,,,,,,,,,
Francisco Canaro,Quinteto Don Pancho,1938-04-26,Ave de Paso,,Tango,Roberto Maida,Odeón,,9382,5071 A,Charlo,Enrique Cadícamo,,35-38 Maida,,,,,,,,,
Francisco Canaro,Quinteto Don Pancho,1938-05-09,Champagne Tango,,Tango,Instrumental,Odeón,,9397,4108 B,Manuel Aróztegui,,,35-38 Maida,,,,,,,,,
Francisco Canaro,Orquesta Francisco Canaro,1938-05-09,El Pollo Ricardo,,Tango,Instrumental,Odeón,,9396,4108 A,Luis Fernández,Luis Fernández,,35-38 Maida,,,,,,,,,
Francisco Canaro,Orquesta Francisco Canaro,1938-05-09,Venticinco de Mayo,25 de Mayo,Tango,Roberto Maida,Odeón,,9398,5069 A,José Padula,,,35-38 Maida,,,,,,,,,
Francisco Canaro,Orquesta Francisco Canaro,1938-05-23,Cuando el Corazón,,Tango,Ada Falcón,Odeón,,9425,11265 A,Francisco Canaro,Carmelo Santiago,,35-38 Maida,,,,,,,,,
Francisco Canaro,Orquesta Francisco Canaro,1938-05-23,Fiebre,,Tango,Instrumental,Odeón,,9423,5068 B,Humberto Canaro,,,35-38 Maida,,,,,,,,,
Francisco Canaro,Orquesta Francisco Canaro,1938-05-23,La Milonga de Mis Tiempos,,Milonga,Instrumental,Odeón,,9421,5067 B,Luis Riccardi,,,35-38 Maida,,,,,,,,,
Francisco Canaro,Orquesta Francisco Canaro,1938-05-23,Milonga del Corazón,,Milonga,Ada Falcón,Odeón,,9426,11265 B,Miguel Bucino,Miguel Bucino,,35-38 Maida,,,,,,,,,
Francisco Canaro,Orquesta Francisco Canaro,1938-05-23,Muchachita del Campo,,Tango,Roberto Maida Y Angel Ramos,Odeón,,9420,5067 A,Francisco Lomuto,Manuel Romero,,35-38 Maida,,,,,,,,,
Francisco Canaro,Orquesta Francisco Canaro,1938-05-23,Por Tu Querer,,Tango,Instrumental,Odeón,,9424,5070 A,Roberto Girard,,,35-38 Maida,,,,,,,,,
Francisco Canaro,Orquesta Francisco Canaro,1938-05-26,Este Amor,,Vals,Agustín Irusta,Odeón,,9430,14171 B,Lucio Demare,,,35-38 Maida,,,,,,,,,
Francisco Canaro,Orquesta Francisco Canaro,1938-05-26,Pobre Corazón,,Tango,Agustín Irusta,Odeón,,9429,14171 A,Lucio Demare,Víctor Soliño,,35-38 Maida,,,,,,,,,
Francisco Canaro,Quinteto Don Pancho,1938-06-20,Adiós Muchachos,,Tango,Roberto Maida,Odeón,,9461,5095 A,Julio Sanders,"César Vedani, Carol Raven",,35-38 Maida,,,,,,,,,
Francisco Canaro,Orquesta Francisco Canaro,1938-06-20,Alma en Pena,,Tango,Instrumental,Odeón,,9465,4109 B,Anselmo Aieta,Francisco Jiménez,,35-38 Maida,,,,,,,,,
Francisco Canaro,Orquesta Francisco Canaro,1938-06-20,Loca,,Tango,Instrumental,Odeón,,9466,4109 A,Manuel Jovés,Antonio Viérgol,,35-38 Maida,,,,,,,,,
Francisco Canaro,Orquesta Francisco Canaro,1938-06-20,Mate Amargo,,Tango,Instrumental,Odeón,,9459,5088 B,Prudencio Aragón,,,35-38 Maida,,,,,,,,,
Francisco Canaro,Orquesta Francisco Canaro,1938-06-20,Milonga Brava,,Milonga,Roberto Maida,Odeón,,9462,5073 A,Antonino Cipolla,Celedonio Flores,,35-38 Maida,,,,,,,,,
Francisco Canaro,Orquesta Francisco Canaro,1938-06-20,Pura Parada,,Tango,Instrumental,Odeón,,9460,5073 B,Juan Noli,,,35-38 Maida,,,,,,,,,
Francisco Canaro,Quinteto Don Pancho,1938-06-20,Yo También Fui Pibe,,Tango,Roberto Maida,Odeón,,9464,5072 A,Agustín Bardi,César Vedani,,35-38 Maida,,,,,,,,,
Francisco Canaro,Quinteto Don Pancho,1938-07-14,El Alacrán,,Tango,Instrumental,Odeón,,9515,4110 A,Francisco Canaro,,,35-38 Maida,,,,,,,,,
Francisco Canaro,Orquesta Francisco Canaro,1938-07-14,El Garrón,,Tango,Instrumental,Odeón,,9514,4110 B,Celestino Ferrer,,,35-38 Maida,,,,,,,,,
Francisco Canaro,Orquesta Francisco Canaro,1938-07-14,La Maleva,,Tango,Instrumental,Odeón,,9511,5075 A,Antonio Buglione,Mario Pardo,,35-38 Maida,,,,,,,,,
Francisco Canaro,Orquesta Francisco Canaro,1938-07-14,Pecado Mortal,,Tango,Instrumental,Odeón,,9512,5074 B,Ada Falcón,Ada Falcón,,35-38 Maida,,,,,,,,,
Francisco Canaro,Orquesta Francisco Canaro,1938-07-14,Reliquias Porteñas,Reliquias Portenas,Milonga,Instrumental,Odeón,,9513,5075 B,Graciano De Leone,Celedonio Flores,,35-38 Maida,,,,,,,,,
Francisco Canaro,Orquesta Francisco Canaro,1938-07-26,Frío,,Tango,Roberto Maida,Odeón,,9534,5076 A,Joaquín Mora,José Contursi,,35-38 Maida,,,,,,,,,
Francisco Canaro,Quinteto Don Pancho,1938-07-26,Ti Pi Tin,,Vals,Roberto Maida,Odeón,,9533,5074 A,María Grever,María Grever,,35-38 Maida,,,,,,,,,
Francisco Canaro,Quinteto Don Pancho,1938-08-04,Alfredo,,Tango,Instrumental,Odeón,,9558,4111 B,Humberto Canaro,,,35-38 Maida,,,,,,,,,
Francisco Canaro,Orquesta Francisco Canaro,1938-08-04,Entrada Prohibida,,Tango,Instrumental,Odeón,,9557,4111 A,Luis Teisseire,,,35-38 Maida,,,,,,,,,
Francisco Canaro,Orquesta Francisco Canaro,1938-08-22,Desaliento,,Tango,Roberto Maida,Odeón,,9594,5077 A,Armando Baliotti,Luis Castiñeira,,35-38 Maida,,,,,,,,,
Francisco Canaro,Orquesta Francisco Canaro,1938-08-22,Nada Más,Callejas Solo,Tango,Roberto Maida,Odeón,,9596,5078 A,Juan Rubistein,Juan Rubistein,,35-38 Maida,,,,,,,,,
Francisco Canaro,Orquesta Francisco Canaro,1938-08-22,Romántica,,Vals,Roberto Maida,Odeón,,9595,5077 B,Félix Lípesker,Homero Manzi,,35-38 Maida,,,,,,,,,
Francisco Canaro,Orquesta Francisco Canaro,1938-08-22,Tu Bondad,,Tango,Roberto Maida,Odeón,,9593,5079 B,Mario Canaro,Celedonio Flores,,35-38 Maida,,,,,,,,,
Francisco Canaro,Orquesta Francisco Canaro,1938-09-28,Nada Más,Callejas Solo,Tango,Ada Falcón,Odeón,,9637,11268 A,Juan Rubistein,Juan Rubistein,,35-38 Maida,,,,,,,,,
Francisco Canaro,Orquesta Francisco Canaro,1938-09-28,No Mientas,,Tango,Ada Falcón,Odeón,,9639,11268 B,Alfredo Varela,Héctor Marcó,,35-38 Maida,,,,,,,,,
Francisco Canaro,Orquesta Francisco Canaro,1938-10-07,Ciertos Amores,,Tango,Instrumental,Odeón,,9650,5089 B,Rafael Canaro,Carmelo Santiago,,35-38 Maida,,,,,,,,,
Francisco Canaro,Orquesta Francisco Canaro,1938-10-07,Desprecio,,Tango,Roberto Maida,Odeón,,9649,5083 B,Ricardo Tanturi,Francisco Jiménez,,35-38 Maida,,,,,,,,,
Francisco Canaro,Orquesta Francisco Canaro,1938-10-07,El Triunfo de Tus Ojos,,Vals,Roberto Maida,Odeón,,9646,5080 B,Juan Canaro,Juan Canaro,,35-38 Maida,,,,,,,,,
Francisco Canaro,Orquesta Francisco Canaro,1938-10-07,Mi Buenos Aires,Milonga de Hoy,Milonga,Instrumental,Odeón,,9651,5091 B,Francisco Rofrano,,,35-38 Maida,,,,,,,,,
Francisco Canaro,Orquesta Francisco Canaro,1938-10-07,No Me Jures,,Vals,Roberto Maida,Odeón,,9648,5083 A,Roberto Puccio,Roberto Puccio,,35-38 Maida,,,,,,,,,
Francisco Canaro,Orquesta Francisco Canaro,1938-10-07,Vieja Amiga,,Tango,Instrumental,Odeón,,9647,5080 A,Pedro Laurenz,José Contursi,,35-38 Maida,,,,,,,,,
Francisco Canaro,Orquesta Francisco Canaro,1938-11-18,Callecita de Mi Novia,,Tango,Roberto Maida,Odeón,,9717,5090 A,Francisco Lomuto,Antonio Botta,,35-38 Maida,,,,,,,,,
Francisco Canaro,Orquesta Francisco Canaro,1938-11-18,Madreselva,,Tango,Roberto Maida,Odeón,,9721,5084 A,Francisco Canaro,Luis Amadori,,35-38 Maida,,,,,,,,,
Francisco Canaro,Orquesta Francisco Canaro,1938-11-18,Olvídame,Olvídame,Tango,Roberto Maida,Odeón,,9718,5085 B,Miguel Bucino,Miguel Bucino,,35-38 Maida,,,,,,,,,
Francisco Canaro,Orquesta Francisco Canaro,1938-11-18,Quebranto,,Tango,Roberto Maida,Odeón,,9720,5086 B,Ateo Dapiaggi,Francisco Lío,,35-38 Maida,,,,,,,,,
Francisco Canaro,Quinteto Don Pancho,1938-11-18,Sangre de Suburbio,,Tango,Roberto Maida,Odeón,,9719,5092 A,Héctor Palacios,Iván Diez,,35-38 Maida,,,,,,,,,
Francisco Canaro,Orquesta Francisco Canaro,1938-11-25,Sufra,,Tango,Instrumental,Odeón,,9727,4112 B,Francisco Canaro,Juan Caruso,,35-38 Maida,,,,,,,,,
Francisco Canaro,Orquesta Francisco Canaro,1938-11-25,Yo Seré Como Tú Quieras,,Tango,Roberto Maida,Odeón,,9726,5087 A,Héctor Lomuto,Héctor Lomuto,,35-38 Maida,,,,,,,,,
Francisco Canaro,Orquesta Francisco Canaro,1938-11-29,Dime Que Sí,,Vals,Francisco Amor,Odeón,,9736,5085 A,Alfonso Oteo,Alfonso Herrera,,35-38 Maida,,,,,,,,,
Francisco Canaro,Orquesta Francisco Canaro,1938-11-29,Farolito,,Vals,Francisco Amor,Odeón,,9737,5089 A,Agustín Aguirre,María Lara,,35-38 Maida,,,,,,,,,
Francisco Canaro,Orquesta Francisco Canaro,1938-12-03,Suplicio,,Tango,Roberto Maida,Odeón,,9747,5091 A,Carlos Viván,Francisco Bohígas,,35-38 Maida,,,,,,,,,
Francisco Canaro,Orquesta Francisco Canaro,1938-12-03,Tres Jolie,,Vals,Instrumental,Odeón,,9749,5095 B,Émile Waldteufel,,,35-38 Maida,,,,,,,,,
Francisco Canaro,Quinteto Don Pancho,1938-12-03,Tres Jolie,Très Jolie / Muy Lindo,Vals,Instrumental,Emi Odeón Saic,,9749,5095 B,Émile Waldteufel,,,35-38 Maida,,,,,,,,,
Francisco Canaro,Quinteto Don Pancho,1938-12-13,El 16,16,Tango,Instrumental,Odeón,,9758,4113 B,Alberico Spátola,,,35-38 Maida,,,,,,,,,
Francisco Canaro,Orquesta Francisco Canaro,1938-12-13,La Viruta,,Tango,Instrumental,Odeón,,9759,4113 A,Vicente Greco,,,35-38 Maida,,,,,,,,,
Francisco Canaro,Orquesta Francisco Canaro,1938-12-13,Mano a Mano,Viejo Bandoneón,Tango,Roberto Maida,Odeón,,9756,5088 A,Carlos Razzano,Celedonio Flores,,35-38 Maida,,,,,,,,,
Francisco Canaro,Orquesta Francisco Canaro,1939-02-27,Donde Andará,,Tango,Ernesto Famá,Odeón,,9816,5094 B,Juan Canaro,Carlos Pesce,,39-41 Fama Returns,,,,,,,,,
Francisco Canaro,Orquesta Francisco Canaro,1939-02-27,Mala Suerte,,Tango,Ernesto Famá,Odeón,,9815,5094 A,Francisco Lomuto,Francisco Gorrindo,,39-41 Fama Returns,,,,,,,,,
Francisco Canaro,Orquesta Francisco Canaro,1939-02-27,Por Vos Yo Me Rompo Todo,,Tango,Ernesto Famá,Odeón,,9814,5093 A,Francisco Canaro,Francisco Canaro,,39-41 Fama Returns,,,,,,,,,
Francisco Canaro,Orquesta Francisco Canaro,1939-03-28,Noche de Estrellas,,Vals,Ernesto Famá,Odeón,,9839,5096 B,José Padula,Enrique Cadícamo,,39-41 Fama Returns,,,,,,,,,
Francisco Canaro,Orquesta Francisco Canaro,1939-03-28,Qué Importa,,Tango,Ernesto Famá,Odeón,,9841,5102 B,Ricardo Tanturi,Juan Thorry,,39-41 Fama Returns,,,,,,,,,
Francisco Canaro,Orquesta Francisco Canaro,1939-03-28,Tormenta,,Tango,Ernesto Famá,Odeón,,9838,5096 A,Enrique Discépolo,Enrique Discépolo,,39-41 Fama Returns,,,,,,,,,
Francisco Canaro,Orquesta Francisco Canaro,1939-03-28,Tra-La-La,,Vals,Ernesto Famá,Odeón,,9842,5102 A,Luis Teisseire,Jesús Blanco,,39-41 Fama Returns,,,,,,,,,
Francisco Canaro,Quinteto Don Pancho,1939-03-28,Vanidad,,Tango,Ernesto Famá,Odeón,,9840,5097 A,Gerardo Rodríguez,Washington Montreal,,39-41 Fama Returns,,,,,,,,,
Francisco Canaro,Quinteto Don Pancho,1939-03-30,Duelo Criollo,,Tango,Instrumental,Odeón,,9854,4114 A,Juan Rezzano,Lito Bayardo,,39-41 Fama Returns,,,,,,,,,
Francisco Canaro,Orquesta Francisco Canaro,1939-03-30,El Flete,,Tango,Instrumental,Odeón,,9853,4114 B,Vicente Greco,Gerónimo Gradito,,39-41 Fama Returns,,,,,,,,,
Francisco Canaro,Orquesta Francisco Canaro,1939-03-30,La Zandunga,,Vals,Francisco Amor,Odeón,,9850,5099 A,Ar: Posadas,,,39-41 Fama Returns,,,,,,,,,
Francisco Canaro,Orquesta Francisco Canaro,1939-03-30,Lo Pasao Pasó,,Tango,Ernesto Famá,Odeón,,9851,5099 B,Miguel Bucino,Miguel Bucino,,39-41 Fama Returns,,,,,,,,,
Francisco Canaro,Quinteto Don Pancho,1939-03-30,Y No Puede Ser,Y No Puede Ser,Tango,Ernesto Famá,Odeón,,9852,5108 A,Aníbal Troilo,José Contursi,,39-41 Fama Returns,,,,,,,,,
Francisco Canaro,Quinteto Don Pancho,1939-04-13,De Mi Flor,,Tango,Instrumental,Odeón,,9892,4115 B,Roberto Firpo,,,39-41 Fama Returns,,,,,,,,,
Francisco Canaro,Orquesta Francisco Canaro,1939-04-13,Lo Que Está Bien Está Bien,Lo Que Está Bien 'Ta Bien,Tango,Instrumental,Odeón,,9891,4115 A,Roberto Firpo,,,39-41 Fama Returns,,,,,,,,,
Francisco Canaro,Orquesta Francisco Canaro,1939-04-13,Quiero Verte una Vez Más,Viejo Gaucho,Tango,Instrumental,Odeón,,9890,5098 B,Mario Canaro,José Contursi,,39-41 Fama Returns,,,,,,,,,
Francisco Canaro,Orquesta Francisco Canaro,1939-05-04,Atardecer,,Tango,Instrumental,Odeón,,9921,5105 A,Luis Teisseire,,,39-41 Fama Returns,,,,,,,,,
Francisco Canaro,Orquesta Francisco Canaro,1939-05-04,Más Allá,,Tango,Ernesto Famá,Odeón,,9918,5104 A,Joaquín Mora,José Contursi,,39-41 Fama Returns,,,,,,,,,
Francisco Canaro,Quinteto Don Pancho,1939-05-04,Te Quiero Todavía,,Tango,Ernesto Famá,Odeón,,9919,5100 A,José Ranieri,Mario Gomila,,39-41 Fama Returns,,,,,,,,,
Francisco Canaro,Quinteto Don Pancho,1939-05-08,Los Indios,,Tango,Instrumental,Odeón,,9926,4117 B,Francisco Canaro,Juan Caruso,,39-41 Fama Returns,,,,,,,,,
Francisco Canaro,Orquesta Francisco Canaro,1939-05-08,Matasano,,Tango,Instrumental,Odeón,,9927,4117 A,Francisco Canaro,,,39-41 Fama Returns,,,,,,,,,
Francisco Canaro,Orquesta Francisco Canaro,1939-05-08,Ojos Verdes,,Vals,Francisco Amor,Odeón,,9925,5104 B,Humberto Canaro,Alfredo Defilpo,,39-41 Fama Returns,,,,,,,,,
Francisco Canaro,Orquesta Francisco Canaro,1939-05-19,Al Subir Al Bajar,,Tango,Ernesto Famá,Odeón,,9943,5106 B,Alberto Villanueva,Enrique Cadícamo,,39-41 Fama Returns,,,,,,,,,
Francisco Canaro,Orquesta Francisco Canaro,1939-05-19,Milongueando,,Milonga,Ernesto Famá,Odeón,,9942,5107 A,Francisco Pracánico,Carlos Pesce,,39-41 Fama Returns,,,,,,,,,
Francisco Canaro,Quinteto Don Pancho,1939-05-19,Nostalgia Gris,,Vals,Ernesto Famá,Odeón,,9941,5107 B,Alberto Tavarozzi,Yaraví,,39-41 Fama Returns,,,,,,,,,
Francisco Canaro,Quinteto Don Pancho,1939-05-22,El Irresistible,,Tango,Instrumental,Odeón,,9950,4116 B,Lorenzo Logatti,Carlos Pesce,,39-41 Fama Returns,,,,,,,,,
Francisco Canaro,Orquesta Francisco Canaro,1939-05-22,La Rezongona,,Tango,Instrumental,Odeón,,9949,4116 A,Francisco Lomuto,,,39-41 Fama Returns,,,,,,,,,
Francisco Canaro,Orquesta Francisco Canaro,1939-09-11,Abandonada,,Tango,Ernesto Famá,Odeón,,10070,5110 A,Francisco Canaro,Manuel Romero,,39-41 Fama Returns,,,,,,,,,
Francisco Canaro,Orquesta Francisco Canaro,1939-09-11,Mosterio,,Tango,Ernesto Famá,Odeón,,10073,5111 A,Alberto Gambino,Alí De Baraja,,39-41 Fama Returns,,,,,,,,,
Francisco Canaro,Orquesta Francisco Canaro,1939-09-11,Salud Dinero y Amor,Salud Dinero y Amor,Vals,Francisco Amor,Odeón,,10074,5111 B,Rodolfo Sciammarella,Rodolfo Sciammarella,,39-41 Fama Returns,,,,,,,,,
Francisco Canaro,Orquesta Francisco Canaro,1939-09-14,Amor Imposible,,Vals,Francisco Amor,Odeón,,10088,5113 A,Carlos Bolia,José Trujillo,,39-41 Fama Returns,,,,,,,,,
Francisco Canaro,Quinteto Don Pancho,1939-09-14,Cuartito Azul,,Tango,Francisco Amor,Odeón,,10087,5110 B,Mariano Mores,Mario Battistella,,39-41 Fama Returns,,,,,,,,,
Francisco Canaro,Quinteto Don Pancho,1939-09-14,El Ciruja,,Tango,Instrumental,Odeón,,10083,4118 A,Ernesto De La Cruz,Francisco Marino,,39-41 Fama Returns,,,,,,,,,
Francisco Canaro,Orquesta Francisco Canaro,1939-09-14,Gloria,Glorias,Tango,Instrumental,Odeón,,10084,4118 B,Humberto Canaro,Armando Tagini,,39-41 Fama Returns,,,,,,,,,
Francisco Canaro,Orquesta Francisco Canaro,1939-09-14,Olimpia,Olympia | Río de Janeiro,Tango,Instrumental,Odeón,,10086,5115 B,Carlos Bolia,Carlos Bolia,,39-41 Fama Returns,,,,,,,,,
Francisco Canaro,Orquesta Francisco Canaro,1939-10-09,El Rey del Bosque,,Tango,Instrumental,Odeón,,10118,5116 A,Francisco Canaro,,,39-41 Fama Returns,,,,,,,,,
Francisco Canaro,Orquesta Francisco Canaro,1939-10-09,La Milonga de Buenos Aires,,Milonga,Ernesto Famá,Odeón,,10114,5118 A,Francisco Canaro,Ivo Pelay,,39-41 Fama Returns,,,,,,,,,
Francisco Canaro,Orquesta Francisco Canaro,1939-10-09,Porque Sí,,Vals,Ernesto Famá,Odeón,,10117,5120 A,Francisco Canaro,Ivo Pelay,,39-41 Fama Returns,,,,,,,,,
Francisco Canaro,Orquesta Francisco Canaro,1939-10-09,Todo Te Nombra,,Tango,Ernesto Famá,Odeón,,10115,5117 A,Francisco Canaro,Ivo Pelay,,39-41 Fama Returns,,,,,,,,,
Francisco Canaro,Orquesta Francisco Canaro,1939-10-09,Yo Nací Para Querer,Yo Nací Para Quererte,Tango,Ernesto Famá,Odeón,,10116,5119 A,Francisco Canaro,Francisco Canaro,,39-41 Fama Returns,,,,,,,,,
Francisco Canaro,Orquesta Francisco Canaro,1939-10-25,El Vino Triste,,Tango,Ernesto Famá,Odeón,,10142,5122 A,Juan D'Arienzo,Manuel Romero,,39-41 Fama Returns,,,,,,,,,
Francisco Canaro,Orquesta Francisco Canaro,1939-10-25,No Me Pregunten Porqué,No Me Pregunten Por Qué,Tango,Ernesto Famá,Odeón,,10144,5124 A,Carlos Di Sarli,Reynaldo Pignataro,,39-41 Fama Returns,,,,,,,,,
Francisco Canaro,Orquesta Francisco Canaro,1939-10-25,Tango Amigo,,Tango,Ernesto Famá,Odeón,,10143,5120 B,Francisco Lomuto,Manuel Romero,,39-41 Fama Returns,,,,,,,,,
Francisco Canaro,Orquesta Francisco Canaro,1939-11-23,No Hay Tierra Como la Mía,,Milonga,Ernesto Famá,Odeón,,10182,5124 B,Charlo,Enrique Cadícamo,,39-41 Fama Returns,,,,,,,,,
Francisco Canaro,Quinteto Don Pancho,1939-11-23,Sinfonía de Arrabal,,Tango,Ernesto Famá,Odeón,,10181,5126 A,Maruja Huergo,Maruja Huergo,,39-41 Fama Returns,,,,,,,,,
Francisco Canaro,Orquesta Francisco Canaro,1939-11-29,Cuando Llora la Milonga,,Tango,Instrumental,Odeón,,10187,4119 A,Juan Filiberto,Luis Mario,,39-41 Fama Returns,,,,,,,,,
Francisco Canaro,Quinteto Don Pancho,1939-11-29,El Vals del Estudiante,,Vals,Ernesto Famá,Odeón,,10190,5123 B,José Canet,Felipe Navas,,39-41 Fama Returns,,,,,,,,,
Francisco Canaro,Orquesta Francisco Canaro,1939-11-29,Joaquina,,Tango,Instrumental,Odeón,,10188,4119 B,Juan Bergamino,,,39-41 Fama Returns,,,,,,,,,
Francisco Canaro,Quinteto Don Pancho,1940-01-26,A Quién Le Puede Importar,,Tango,Ernesto Famá,Odeón,,10307,5127 A,Mariano Mores,,,39-41 Fama Returns,,,,,,,,,
Francisco Canaro,Orquesta Francisco Canaro,1940-01-26,Compadrón,,Tango,Instrumental,Odeón,,10305,4120 B,Luis Visca,Enrique Cadícamo,,39-41 Fama Returns,,,,,,,,,
Francisco Canaro,Quinteto Don Pancho,1940-01-26,Muchachita Porteña,,Vals,Francisco Amor,Odeón,,10308,5127 B,Mariano Mores,Alberto Vacarezza,,39-41 Fama Returns,,,,,,,,,
Francisco Canaro,Orquesta Francisco Canaro,1940-01-26,Quejas de Bandoneón,Quejas de Bandoneón,Tango,Instrumental,Odeón,,10306,4120 A,Juan Filiberto,,,39-41 Fama Returns,,,,,,,,,
Francisco Canaro,Orquesta Francisco Canaro,1940-03-14,Cuando Estaba Enamorado,,Vals,Francisco Amor,Odeón,,10349,5129 B,Rodolfo Sciammarella,Rodolfo Sciammarella,,39-41 Fama Returns,,,,,,,,,
Francisco Canaro,Orquesta Francisco Canaro,1940-03-14,Esta Noche,,Tango,Ernesto Famá,Odeón,,10348,5129 A,Carlos Marcucci,Lito Bayardo,,39-41 Fama Returns,,,,,,,,,
Francisco Canaro,Orquesta Francisco Canaro,1940-03-14,Mi Serenata,,Tango,Francisco Amor,Odeón,,10346,5128 A,Edgardo Donato,Juan Thorry,,39-41 Fama Returns,,,,,,,,,
Francisco Canaro,Orquesta Francisco Canaro,1940-04-02,La Milonga Retobada,,Milonga,Instrumental,Odeón,,10379,5132 B,Panchito Aranaz,,,39-41 Fama Returns,,,,,,,,,
Francisco Canaro,Orquesta Francisco Canaro,1940-04-02,Pimienta,Pimient,Tango,Instrumental,Odeón,,10377,5131 B,Osvaldo Fresedo,,,39-41 Fama Returns,,,,,,,,,
Francisco Canaro,Orquesta Francisco Canaro,1940-04-02,Tango Milonguero,Tango de Arrabal,Tango,Instrumental,Odeón,,10378,5132 A,Freddy Scorticati,,,39-41 Fama Returns,,,,,,,,,
Francisco Canaro,Orquesta Francisco Canaro,1940-04-02,Tengo Mil Novias,,Vals,Francisco Amor,Odeón,,10380,5131 A,Enrique Rodríguez,Enrique Cadícamo,,39-41 Fama Returns,,,,,,,,,
Francisco Canaro,Orquesta Francisco Canaro,1940-04-16,A Mano Limpia,,Tango,Instrumental,Odeón,,10413,5137 B,Pintín Castellanos,,,39-41 Fama Returns,,,,,,,,,
Francisco Canaro,Orquesta Francisco Canaro,1940-04-16,El Corazón Me Engaño,,Tango,Ernesto Famá,Odeón,,10412,5134 A,Miguel Bucino,Miguel Bucino,,39-41 Fama Returns,,,,,,,,,
Francisco Canaro,Quinteto Don Pancho,1940-04-18,Milonga Clasica,,Milonga,Instrumental,Odeón,,10416,5135 A,Luis Riccardi,,,39-41 Fama Returns,,,,,,,,,
Francisco Canaro,Quinteto Don Pancho,1940-04-18,Milongon de Mi Flor,,Milonga,Instrumental,Odeón,,10419,4121 B,José Vigo,,,39-41 Fama Returns,,,,,,,,,
Francisco Canaro,Orquesta Francisco Canaro,1940-04-18,Nobleza de Arrabal,,Tango,Instrumental,Odeón,,10418,4121 A,Francisco Canaro,Homero Manzi,,39-41 Fama Returns,,,,,,,,,
Francisco Canaro,Orquesta Francisco Canaro,1940-04-18,Sentimiento Gaucho,,Tango,Instrumental,Odeón,,10417,5142 A,Francisco Canaro,Juan Caruso,,39-41 Fama Returns,,,,,,,,,
Francisco Canaro,Orquesta Francisco Canaro,1940-05-09,El Día Que Te Fuiste,,Vals,Francisco Amor,Odeón,,10457,5137 A,Héctor Lomuto,Héctor Lomuto,,39-41 Fama Returns,,,,,,,,,
Francisco Canaro,Orquesta Francisco Canaro,1940-05-09,Estrellita Mía,,Vals,Ernesto Famá,Odeón,,10455,5134 B,Alberto Soifer,,,39-41 Fama Returns,,,,,,,,,
Francisco Canaro,Quinteto Don Pancho,1940-05-09,Martirio,,Tango,Ernesto Famá,Odeón,,10456,5133 A,Enrique Discépolo,Enrique Discépolo,,39-41 Fama Returns,,,,,,,,,
Francisco Canaro,Quinteto Don Pancho,1940-05-10,El Rodeo,,Tango,Instrumental,Odeón,,10466,4124 A,Agustín Bardi,,,39-41 Fama Returns,,,,,,,,,
Francisco Canaro,Orquesta Francisco Canaro,1940-05-10,Estampa de Varón,,Milonga,Instrumental,Odeón,,10467,4124 B,Mariano Mores,,,39-41 Fama Returns,,,,,,,,,
Francisco Canaro,Orquesta Francisco Canaro,1940-05-10,La Melodía del Corazón,Tristesse,Tango,Francisco Amor,Odeón,,10465,5143 A,Fioravanti Artola,,,39-41 Fama Returns,,,,,,,,,
Francisco Canaro,Orquesta Francisco Canaro,1940-05-10,La Vida Se Va,,Vals,Francisco Amor,Odeón,,10464,5133 B,Sebastián Lombardo,Francisco Amor,,39-41 Fama Returns,,,,,,,,,
Francisco Canaro,Orquesta Francisco Canaro,1940-05-16,Despues de Quererla Tanto,,Milonga,Ernesto Famá,Odeón,,10476,5138 B,Carmelo Di Nápoli,,,39-41 Fama Returns,,,,,,,,,
Francisco Canaro,Quinteto Don Pancho,1940-05-16,Melodía Oriental,,Tango,Francisco Amor,Odeón,,10477,5136 A,Roberto Howard,Enrique Cadícamo,,39-41 Fama Returns,,,,,,,,,
Francisco Canaro,Orquesta Francisco Canaro,1940-05-16,Soy la Milonga del Centro,,Milonga,Instrumental,Odeón,,10479,4123 A,Domingo Salerno,,,39-41 Fama Returns,,,,,,,,,
Francisco Canaro,Orquesta Francisco Canaro,1940-05-20,Bandoneón de Mis Amores,,Tango,Instrumental,Odeón,,10486,5138 A,Freddy Scorticati,,,39-41 Fama Returns,,,,,,,,,
Francisco Canaro,Quinteto Don Pancho,1940-05-20,Llanto,,Tango,Ernesto Famá,Odeón,,10484,5135 B,Pedro Maffía,Homero Manzi,,39-41 Fama Returns,,,,,,,,,
Francisco Canaro,Orquesta Francisco Canaro,1940-05-22,Olga,,Vals,Instrumental,Odeón,,10492,4122 A,Francisco Peña,Francisco Peña,,39-41 Fama Returns,,,,,,,,,
Francisco Canaro,Quinteto Don Pancho,1940-05-22,Pájaro Ciego,,Tango,Ernesto Fama Y Francisco Amor,Odeón,,10493,5139 A,Antonio Bonavena,,,39-41 Fama Returns,,,,,,,,,
Francisco Canaro,Orquesta Francisco Canaro,1940-05-22,Pan Nuestro,,Tango,Instrumental,Odeón,,10494,4122 B,Juan Noli,,,39-41 Fama Returns,,,,,,,,,
Francisco Canaro,Quinteto Don Pancho,1940-05-23,Desde el Alma,,Vals,Instrumental,Odeón,,10497,5142 B,Rosita De Piuma,Homero Vélez,,39-41 Fama Returns,,,,,,,,,
Francisco Canaro,Orquesta Francisco Canaro,1940-05-23,Yo También Quiero Cantar,,Milonga,Instrumental,Odeón,,10495,4128 A,José Malerba,,,39-41 Fama Returns,,,,,,,,,
Francisco Canaro,Orquesta Francisco Canaro,1940-09-30,Chiruza,,Tango,Ernesto Famá,Odeón,,10719,5144 B,Juan D'Arienzo,,,39-41 Fama Returns,,,,,,,,,
Francisco Canaro,Orquesta Francisco Canaro,1940-09-30,Como Dos Extraños,,Tango,Ernesto Famá,Odeón,,10714,5145 A,Pedro Laurenz,José Contursi,,39-41 Fama Returns,,,,,,,,,
Francisco Canaro,Orquesta Francisco Canaro,1940-09-30,Deja el Mundo Como Está,,Tango,Ernesto Famá,Odeón,,10718,5160 A,Rodolfo Biagi,,,39-41 Fama Returns,,,,,,,,,
Francisco Canaro,Orquesta Francisco Canaro,1940-09-30,En un Beso la Vida,,Tango,Ernesto Famá,Parlophone,,10716,5141 B,Carlos Di Sarli,Héctor Marcó,,39-41 Fama Returns,,,,,,,,,
Francisco Canaro,Orquesta Francisco Canaro,1940-09-30,No Me Pidas la Exclusiva,,Tango,Ernesto Famá,Odeón,,10717,5176 A,Julio De Caro,Enrique Cadícamo,,39-41 Fama Returns,,,,,,,,,
Francisco Canaro,Orquesta Francisco Canaro,1940-09-30,Por Quererte,,Tango,Ernesto Famá,Odeón,,10715,5177 A,Freddy Scorticati,Celedonio Flores,,39-41 Fama Returns,,,,,,,,,
Francisco Canaro,Orquesta Francisco Canaro,1940-10-03,El Cuarto Esta Por Llegar,,Tango,Ernesto Famá,Odeón,,10728,5174 A,José Pécora,Alfredo Gallipoli,,39-41 Fama Returns,,,,,,,,,
Francisco Canaro,Quinteto Pirincho,1940-10-03,Parque Patricios,,Milonga,Ernesto Famá,Odeón,,10729,5145 B,Antonio Laino,Antonio Laino,,39-41 Fama Returns,,,,,,,,,
Francisco Canaro,Orquesta Francisco Canaro,1940-10-14,La Sonámbula,,Tango,Instrumental,Odeón,,10772,4127 A,Pascual Cardarópoli,,,39-41 Fama Returns,,,,,,,,,
Francisco Canaro,Quinteto Pirincho,1940-10-14,Morocha Triste,,Vals,Francisco Amor,Odeón,,10769,5144 A,Enrique Maciel,Horacio Sanguinetti,,39-41 Fama Returns,,,,,,,,,
Francisco Canaro,Orquesta Francisco Canaro,1940-10-14,Queca,,Tango,Instrumental,Odeón,,10771,4127 B,Modesto Ocampo,,,39-41 Fama Returns,,,,,,,,,
Francisco Canaro,Quinteto Pirincho,1940-10-14,Un Amor,,Tango,Francisco Amor,Parlophone,,10770,5141 A,Mario Malerba,Luis Rubistein,,39-41 Fama Returns,,,,,,,,,
Francisco Canaro,Orquesta Francisco Canaro,1940-10-28,Canaro en París,Canaro en París,Tango,Instrumental,Odeón,,10797,4125 A,Alejandro Caldarella,José Scarpino,,39-41 Fama Returns,,,,,,,,,
Francisco Canaro,Orquesta Francisco Canaro,1940-10-28,Tan Solo Tu,,Tango,Mirna Mores,Odeón,,10796,5175 A,Mariano Mores,Marvil,,39-41 Fama Returns,,,,,,,,,
Francisco Canaro,Orquesta Francisco Canaro,1940-10-28,Tormenta en el Alma,,Vals,Ernesto Fama Y Mirna Mores,Odeón,,10795,5177 B,José Padula,,,39-41 Fama Returns,,,,,,,,,
Francisco Canaro,Quinteto Pirincho,1940-11-05,Noche Primaveral,,Vals,Francisco Amor,Odeón,,10815,5185 B,Bernardino Terés,Bernardino Terés,,39-41 Fama Returns,,,,,,,,,
Francisco Canaro,Quinteto Pirincho,1940-11-22,A una Mujer,,Vals,Instrumental,Odeón,,10866,4126 A,Horacio Salgán,Carmelo Volpe,,39-41 Fama Returns,,,,,,,,,
Francisco Canaro,Quinteto Pirincho,1940-11-22,La Milonga Optimista,,Milonga,Instrumental,Odeón,,10868,4126 B,Mariano Mores,,,39-41 Fama Returns,,,,,,,,,
Francisco Canaro,Orquesta Francisco Canaro,1940-11-22,Mano Brava,,Tango,Instrumental,Odeón,,10867,4125 B,Francisco Canaro,Enrique Cadícamo,,39-41 Fama Returns,,,,,,,,,
Francisco Canaro,Orquesta Francisco Canaro,1941-01-08,Tiempo Perdido,,Tango,Instrumental,Odeón,,10973,5178 A,Nicolás Messuti,Nicolás Messuti,,39-41 Fama Returns,,,,,,,,,
Francisco Canaro,Orquesta Francisco Canaro,1941-01-09,Amor Amor Vení,,Vals,Francisco Amor,Odeón,,10976,5181 B,Mariano Induráin,Mariano Induráin,,39-41 Fama Returns,,,,,,,,,
Francisco Canaro,Orquesta Francisco Canaro,1941-01-09,En la Noche Azul,,Vals,Francisco Amor,Odeón,,10977,5179 B,Francisco Sobreira,Juan Patrón,,39-41 Fama Returns,,,,,,,,,
Francisco Canaro,Orquesta Francisco Canaro,1941-01-09,Falsa Ilusión,,Tango,Ernesto Famá,Odeón,,10979,5180 A,Bruno Galeotti,Alcides De Maria,,39-41 Fama Returns,,,,,,,,,
Francisco Canaro,Orquesta Francisco Canaro,1941-01-09,La Requebrada,,Milonga,Ernesto Famá,Odeón,,10978,5178 B,Juan Christophersen,Juan Christophersen,,39-41 Fama Returns,,,,,,,,,
Francisco Canaro,Orquesta Francisco Canaro,1941-01-09,Lo Que el Viento Se Llevó,,Tango,Francisco Amor,Odeón,,10974,5179 A,Roberto Lurati,Alfredo Basso,,39-41 Fama Returns,,,,,,,,,
Francisco Canaro,Orquesta Francisco Canaro,1941-01-09,Pamentos del Bandoneón,,Tango,Ernesto Famá,Odeón,,10980,5181 A,Daniel Crespin,Daniel Crespin,,39-41 Fama Returns,,,,,,,,,
Francisco Canaro,Orquesta Francisco Canaro,1941-01-15,Charlemos,,Tango,Ernesto Famá,Odeón,,10991,5182 A,Luis Rubistein,Luis Rubistein,,39-41 Fama Returns,,,,,,,,,
Francisco Canaro,Orquesta Francisco Canaro,1941-02-28,El Pregón,,Tango,Ernesto Famá,Odeón,,11059,5185 A,Cátulo Castillo,José Castillo,,39-41 Fama Returns,,,,,,,,,
Francisco Canaro,Orquesta Francisco Canaro,1941-02-28,Reliquias Porteñas,Reliquias Portenas,Tango,Instrumental,Odeón,,11045,5186 B,Francisco Canaro,Celedonio Flores,,39-41 Fama Returns,,,,,,,,,
Francisco Canaro,Orquesta Francisco Canaro,1941-02-28,Veinte Años,20 Años,Tango,Ernesto Famá,Odeón,,11058,5184 A,Teófilo Lespés,Carlos Pesce,,39-41 Fama Returns,,,,,,,,,
Francisco Canaro,Orquesta Francisco Canaro,1941-05-09,Bajo el Cielo Azul,,Vals,Francisco Amor,Odeón,,11172,5188 B,Francisco Canaro,Ivo Pelay,,39-41 Fama Returns,,,,,,,,,
Francisco Canaro,Orquesta Francisco Canaro,1941-05-09,Cuatro Palabras,,Vals,Ernesto Famá,Odeón,,11173,5187 B,Miguel Bucino,Miguel Bucino,,39-41 Fama Returns,,,,,,,,,
Francisco Canaro,Orquesta Francisco Canaro,1941-05-09,En Esta Tarde Gris,,Tango,Francisco Amor,Odeón,,11171,5187 A,Mariano Mores,José Contursi,,39-41 Fama Returns,,,,,,,,,
Francisco Canaro,Orquesta Francisco Canaro,1941-05-15,El Recuerdo de los Tangos,,Tango,Ernesto Famá,Odeón,,11186,5189 A,Francisco Canaro,Francisco Canaro,,39-41 Fama Returns,,,,,,,,,
Francisco Canaro,Quinteto Pirincho,1941-05-15,El Tigre,,Tango,Instrumental,Odeón,,11185,5188 A,Francisco Canaro,,,39-41 Fama Returns,,,,,,,,,
Francisco Canaro,Quinteto Pirincho,1941-05-21,El Otario,,Tango,Instrumental,Odeón,,11198,4132 A,Gerardo Metallo,Juan Velich,,39-41 Fama Returns,,,,,,,,,
Francisco Canaro,Orquesta Francisco Canaro,1941-05-21,La Galarcita,,Tango,Instrumental,Odeón,,11197,4133 A,Mauricio Guariglia,Antonio Polito,,39-41 Fama Returns,,,,,,,,,
Francisco Canaro,Orquesta Francisco Canaro,1941-05-30,Echale Sal,,Tango,Instrumental,Odeón,,11227,5194 B,Miguel Braña,,,39-41 Fama Returns,,,,,,,,,
Francisco Canaro,Orquesta Francisco Canaro,1941-05-30,Mintieron Tus Labios,,Tango,Ernesto Famá,Odeón,,11223,5193 A,Humberto Canaro,Eugenio Cárdenas,,39-41 Fama Returns,,,,,,,,,
Francisco Canaro,Orquesta Francisco Canaro,1941-05-30,Por Dónde Andará,,Tango,Ernesto Famá,Odeón,,11226,5194 A,Salvador Merico,Atilio Supparo,,39-41 Fama Returns,,,,,,,,,
Francisco Canaro,Quinteto Pirincho,1941-05-30,Vamos Corazón,Vamos Corazón,Tango,Ernesto Famá,Parlophone,,11225,5191 A,Juan Pintos,Carlos Bahr,,39-41 Fama Returns,,,,,,,,,
Francisco Canaro,Orquesta Francisco Canaro,1941-06-06,A Mi Madre,Pobre Madre,Vals,Instrumental,Odeón,,11235,4130 B,Francisco Peña,,,39-41 Fama Returns,,,,,,,,,
Francisco Canaro,Quinteto Pirincho,1941-06-06,Acariciando Recuerdos,,Vals,Francisco Amor,Odeón,,11236,5191 B,Agustín Irusta,César Vedani,,39-41 Fama Returns,,,,,,,,,
Francisco Canaro,Orquesta Francisco Canaro,1941-06-06,El Porteñito,,Tango,Instrumental,Odeón,,11234,4130 A,Ángel Villoldo,Ángel Villoldo,,39-41 Fama Returns,,,,,,,,,
Francisco Canaro,Orquesta Francisco Canaro,1941-06-06,Tres Recuerdos,,Vals,Francisco Amor,Odeón,,11237,5190 A,Rodolfo Sciammarella,Manuel Romero,,39-41 Fama Returns,,,,,,,,,
Francisco Canaro,Orquesta Francisco Canaro,1941-06-13,Alma Porteña,,Milonga,Ernesto Famá,Odeón,,11250,5192 B,Antonio Polito,Francisco Laino,,39-41 Fama Returns,,,,,,,,,
Francisco Canaro,Orquesta Francisco Canaro,1941-06-13,Entre Rejas Invisibles,,Tango,Ernesto Famá,Odeón,,11249,5195 A,Alberto Cima,Onofre Mir,,39-41 Fama Returns,,,,,,,,,
Francisco Canaro,Orquesta Francisco Canaro,1941-06-19,A Mí No Me Hablen de Penas,,Tango,Francisco Amor,Odeón,,11270,5192 A,Enrique Cadícamo,Enrique Cadícamo,,39-41 Fama Returns,,,,,,,,,
Francisco Canaro,Quinteto Pirincho,1941-06-19,Copa de Ajenjo,,Tango,Francisco Amor,Odeón,,11269,5190 B,Juan Canaro,Carlos Pesce,,39-41 Fama Returns,,,,,,,,,
Francisco Canaro,Orquesta Francisco Canaro,1941-07-01,Bardi,,Tango,Instrumental,Odeón,,11275,4129 A,José Padula,,,39-41 Fama Returns,,,,,,,,,
Francisco Canaro,Orquesta Francisco Canaro,1941-07-01,El Silbido,,Tango,Francisco Amor,Odeón,,11278,5195 B,Alfredo Bigeschi,Alfredo Bigeschi,,39-41 Fama Returns,,,,,,,,,
Francisco Canaro,Orquesta Francisco Canaro,1941-10-06,Apasionadamente,,Vals,Ernesto Famá,Odeón,,11483,5197 A,Francisco Canaro,Ivo Pelay,,39-41 Fama Returns,,,,,,,,,
Francisco Canaro,Orquesta Francisco Canaro,1941-10-06,El Cuarteador,,Tango,Francisco Amor,Odeón,,11486,5198 A,Rosendo Luna,Enrique Cadícamo,,39-41 Fama Returns,,,,,,,,,
Francisco Canaro,Orquesta Francisco Canaro,1941-10-06,Toda Mi Vida,,Tango,Ernesto Famá,Odeón,,11484,5197 B,Aníbal Troilo,José Contursi,,39-41 Fama Returns,,,,,,,,,
Francisco Canaro,Orquesta Francisco Canaro,1941-10-21,Papirusa,,Tango,Ernesto Famá,Odeón,,11523,5201 A,Arturo De Bassi,Arturo De Bassi,,39-41 Fama Returns,,,,,,,,,
Francisco Canaro,Orquesta Francisco Canaro,1941-10-22,Anoche Soñé,,Vals,Eduardo Adrian,Odeón,,11526,5201 B,José Bohr,José Bohr,,39-41 Fama Returns,,,,,,,,,
Francisco Canaro,Orquesta Francisco Canaro,1941-10-22,El Llorón,,Tango,Ernesto Famá,Odeón,,11524,5199 A,Juan Maglio,Enrique Cadícamo,,39-41 Fama Returns,,,,,,,,,
Francisco Canaro,Orquesta Francisco Canaro,1941-10-22,Mañana Juega,,Tango,Ernesto Famá,Odeón,,11525,5199 B,José Roselli,Alberto Vacarezza,,39-41 Fama Returns,,,,,,,,,
Francisco Canaro,Orquesta Francisco Canaro,1941-10-28,La Vida en Mil Gramos,La Vida en 1000 Gramos,Vals,Carlos Roldan Y Blackie,Odeón,,11534,5200 B,Rodolfo Sciammarella,Rodolfo Sciammarella,,41-45 Roldan,,,,,,,,,
Francisco Canaro,Quinteto Pirincho,1941-10-29,Infamia,,Tango,Eduardo Adrian,Odeón,,11535,5200 A,Enrique Discépolo,Enrique Discépolo,,41-45 Roldan,,,,,,,,,
Francisco Canaro,Quinteto Pirincho,1941-11-05,La Cara de la Luna,La Cara de la Luna,Tango,Instrumental,Odeón,,11545,4133 B,Manuel Campoamor,,,41-45 Roldan,,,,,,,,,
Francisco Canaro,Quinteto Pirincho,1941-11-05,La Chiflada,El Silbido,Tango,Instrumental,Odeón,,11546,4131 A,Juan Bazán,,,41-45 Roldan,,,,,,,,,
Francisco Canaro,Quinteto Pirincho,1941-11-05,Reina de Saba,,Tango,Instrumental,Odeón,,11544,4131 B,Rosendo Mendizábal,"Ernesto Temes, Carlos Waiss",,41-45 Roldan,,,,,,,,,
Francisco Canaro,Orquesta Francisco Canaro,1941-11-05,Yo Te Quiero Mi Bien,,Vals,Instrumental,Odeón,,11547,4132 B,Adolfo Mondino,,,41-45 Roldan,,,,,,,,,
Francisco Canaro,Orquesta Francisco Canaro,1941-12-10,Decile Que Vuelva,,Tango,Eduardo Adrian,Odeón,,11631,5202 B,Miguel Bucino,Miguel Bucino,,41-45 Roldan,,,,,,,,,
Francisco Canaro,Orquesta Francisco Canaro,1941-12-10,Tango de Medianoche,,Tango,Carlos Roldán,Odeón,,11632,5207 A,Rafael Canaro,Enrique Cadícamo,,41-45 Roldan,,,,,,,,,
Francisco Canaro,Orquesta Francisco Canaro,1941-12-17,Ca-Ran-Can-Fu,,Milonga,Carlos Roldán,Odeón,,11650,5205 A,Roberto Martín,Celedonio Flores,,41-45 Roldan,,,,,,,,,
Francisco Canaro,Orquesta Francisco Canaro,1941-12-17,El Vals de los Abuelos,,Vals,Eduardo Adrian,Odeón,,11647,5203 B,Luis Rubistein,Luis Rubistein,,41-45 Roldan,,,,,,,,,
Francisco Canaro,Orquesta Francisco Canaro,1941-12-17,Palomita Blanca,,Tango,Carlos Roldán,Odeón,,11648,5205 B,Ramón Collazo,Ramón Collazo,,41-45 Roldan,,,,,,,,,
Francisco Canaro,Orquesta Francisco Canaro,1941-12-17,Sencillo y Compadre,,Tango,Carlos Roldán,Odeón,,11649,5203 A,Juan Guichandut,Carlos Bahr,,41-45 Roldan,,,,,,,,,
Francisco Canaro,Orquesta Francisco Canaro,1942-01-13,El Chino Pantaleón,,Milonga,Carlos Roldán,Odeón,,11711,5204 A,Francisco Canaro,Francisco Canaro,,41-45 Roldan,,,,,,,,,
Francisco Canaro,Orquesta Francisco Canaro,1942-01-16,Rosa Morena,Abuelita Dominga,Milonga,Carlos Roldán,Odeón,,11727,5207 B,Enrique Maciel,,,41-45 Roldan,,,,,,,,,
Francisco Canaro,Orquesta Francisco Canaro,1942-01-20,Candombe Criollo,,Milonga,Carlos Roldán,Odeón,,11728,5206 A,Francisco Lomuto,Francisco Lomuto,,41-45 Roldan,,,,,,,,,
Francisco Canaro,Orquesta Francisco Canaro,1942-01-20,Una Carta,,Tango,Carlos Roldán,Odeón,,11729,5206 B,Miguel Bucino,Miguel Bucino,,41-45 Roldan,,,,,,,,,
Francisco Canaro,Orquesta Francisco Canaro,1942-04-06,Amando en Silencio,,Tango,Eduardo Adrian,Odeón,,11909,5217 B,José Pécora,Francisco Jiménez,,41-45 Roldan,,,,,,,,,
Francisco Canaro,Orquesta Francisco Canaro,1942-04-06,En el Viejo Café,,Tango,Eduardo Adrian,Odeón,,11908,5217 A,Ernesto Di Cicco,José Contursi,,41-45 Roldan,,,,,,,,,
Francisco Canaro,Orquesta Francisco Canaro,1942-04-06,Mi Castigo,,Tango,Carlos Roldán,Odeón,,11907,5208 B,Julio Sanders,César Vedani,,41-45 Roldan,,,,,,,,,
Francisco Canaro,Orquesta Francisco Canaro,1942-04-22,La Milonga de Mis Perros,,Milonga,Carlos Roldán,Odeón,,11956,5210 A,Francisco Canaro,Ivo Pelay,,41-45 Roldan,,,,,,,,,
Francisco Canaro,Orquesta Francisco Canaro,1942-04-22,Los Ojos Más Lindos,,Tango,Carlos Roldán,Odeón,,11955,5209 A,Francisco Canaro,Francisco Canaro,,41-45 Roldan,,,,,,,,,
Francisco Canaro,Orquesta Francisco Canaro,1942-04-24,Corazón Encadenado,,Tango,Eduardo Adrian,Odeón,,11961,5211 A,Francisco Canaro,Ivo Pelay,,41-45 Roldan,,,,,,,,,
Francisco Canaro,Orquesta Francisco Canaro,1942-04-24,Viviré con Tu Recuerdo,,Vals,Eduardo Adrian,Odeón,,11960,5209 B,Francisco Canaro,Ivo Pelay,,41-45 Roldan,,,,,,,,,
Francisco Canaro,Orquesta Francisco Canaro,1942-06-22,Es Mejor Perdonar,,Tango,Eduardo Adrian,Odeón,,12055,5214 A,Pedro Laurenz,José Contursi,,41-45 Roldan,,,,,,,,,
Francisco Canaro,Orquesta Francisco Canaro,1942-06-22,Los Harapos de Mis Sueños,,Tango,Eduardo Adrian,Odeón,,12056,5215 A,Mario Canaro,Francisco Jiménez,,41-45 Roldan,,,,,,,,,
Francisco Canaro,Orquesta Francisco Canaro,1942-06-22,María Remedios,,Vals,Carlos Roldán,Odeón,,12053,5216 B,Germán Teisseire,Carlos Pesce,,41-45 Roldan,,,,,,,,,
Francisco Canaro,Orquesta Francisco Canaro,1942-06-22,Mariposa Nocturna,Pobre Mariposa Nocturna,Tango,Carlos Roldán,Parlophone,,12052,5216 A,"Manuel Fernández, González","Manuel Fernández, González",,41-45 Roldan,,,,,,,,,
Francisco Canaro,Orquesta Francisco Canaro,1942-06-30,Cuando un Viejo Se Enamora,,Milonga,Carlos Roldán,Odeón,,12064,5213 B,Rodolfo Sciammarella,Manuel Romero,,41-45 Roldan,,,,,,,,,
Francisco Canaro,Orquesta [Roberto Garza],1942-06-30,Necesito Olvidar,,Tango,Eduardo Adrian,Odeón,,12065,5213 A,Rodolfo Sciammarella,Manuel Romero,,41-45 Roldan,,,,,,,,,
Francisco Canaro,Orquesta [Roberto Garza],1942-08-04,Corazón Encadenado,,Tango,Ada Falcón,Odeón,,,,Francisco Canaro,Ivo Pelay,,41-45 Roldan,,,,,,,,,
Francisco Canaro,Orquesta Francisco Canaro,1942-08-04,Viviré con Tu Recuerdo,,Vals,Ada Falcón,Odeón,,,,Francisco Canaro,,,41-45 Roldan,,,,,,,,,
Francisco Canaro,Orquesta Francisco Canaro,1942-09-30,Claro de Luna,,Vals,Eduardo Adrian,Odeón,,12265,5219 B,José Decuzzi,Alberto Cosentino,,41-45 Roldan,,,,,,,,,
Francisco Canaro,Orquesta Francisco Canaro,1942-09-30,Gricel,Grisel,Tango,Eduardo Adrian,Odeón,,12266,5218 A,Mariano Mores,José Contursi,,41-45 Roldan,,,,,,,,,
Francisco Canaro,Orquesta Francisco Canaro,1942-09-30,Que Me Quiten Lo Bailao,,Tango,Carlos Roldán,Odeón,,12267,5219 A,Miguel Bucino,Miguel Bucino,,41-45 Roldan,,,,,,,,,
Francisco Canaro,Orquesta Francisco Canaro,1942-09-30,San Benito de Palermo,,Milonga,Carlos Roldán,Odeón,,12268,5218 B,Juan Noli,Carlos Pesce,,41-45 Roldan,,,,,,,,,
Francisco Canaro,Orquesta Francisco Canaro,1942-11-13,Poco a Poco Despacito,,Tango,Eduardo Adrian,Odeón,,12351,5221 A,Don Vargas,Don Vargas,,41-45 Roldan,,,,,,,,,
Francisco Canaro,Orquesta Francisco Canaro,1942-11-13,Va a Cantar un Ruiseñor,,Tango,Carlos Roldán,Odeón,,12352,5220 A,Andrés Doménech,Carlos Pesce,,41-45 Roldan,,,,,,,,,
Francisco Canaro,Orquesta Francisco Canaro,1942-11-18,Cantando Se Van las Penas,,Tango,Eduardo Adrian,Odeón,,12368,5222 B,Juan Canaro,Ricardo Duggan,,41-45 Roldan,,,,,,,,,
Francisco Canaro,Orquesta Francisco Canaro,1942-11-18,Soy un Porteño,,Milonga,Carlos Roldán,Odeón,,12367,5220 B,José Razzano,Celedonio Flores,,41-45 Roldan,,,,,,,,,
Francisco Canaro,Orquesta Francisco Canaro,1942-12-29,El Cornetín,Cornetín,Tango,Carlos Roldán,Odeón,,12459,5224 A,Pedro Maffía,"Homero Manzi, Cátulo Castillo",,41-45 Roldan,,,,,,,,,
Francisco Canaro,Orquesta Francisco Canaro,1942-12-29,La Bien Pagá,,Vals,Eduardo Adrian,Odeón,,12456,5223 A,Juan Morales,Ramón Rodenas,,41-45 Roldan,,,,,,,,,
Francisco Canaro,Orquesta Francisco Canaro,1942-12-29,Muchacha,,Vals,Eduardo Adrian,Odeón,,12457,5224 B,Félix Lípesker,Homero Manzi,,41-45 Roldan,,,,,,,,,
Francisco Canaro,Quinteto Pirincho,1942-12-29,Por las Calles de la Vida,,Tango,Carlos Roldán,Odeón,,12458,5223 B,Rosendo Luna,Enrique Cadícamo,,41-45 Roldan,,,,,,,,,
Francisco Canaro,Quinteto Pirincho,1942-12-30,El Trovero,Yo Te Imploro,Vals,Instrumental,Odeón,,12466,4134 B,Rafael Irusta,"Rafael Tuegols, Agustín Irusta",,41-45 Roldan,,,,,,,,,
Francisco Canaro,Orquesta Francisco Canaro,1942-12-30,Milonga con Variaciónes,Milonga con Variación,Milonga,Instrumental,Odeón,,12467,4134 A,Francisco Canaro,,,41-45 Roldan,,,,,,,,,
Francisco Canaro,Orquesta Francisco Canaro,1942-12-30,Nido Gaucho,,Tango,Eduardo Adrian,Odeón,,12469,5225 A,Carlos Di Sarli,Héctor Marcó,,41-45 Roldan,,,,,,,,,
Francisco Canaro,Orquesta Francisco Canaro,1943-03-18,Así Se Baila el Tango,,Tango,Carlos Roldán,Odeón,,12649,5227 A,Elías Randal,Marvil,,41-45 Roldan,,,,,,,,,
Francisco Canaro,Orquesta Francisco Canaro,1943-03-18,La Niña de la Ventera,,Vals,Eduardo Adrian,Odeón,,12647,5226 B,Manuel Miquel,"Rafael De León, Arias De Saavedra",,41-45 Roldan,,,,,,,,,
Francisco Canaro,Orquesta Francisco Canaro,1943-03-18,Mándeme Mi General,,Milonga,Carlos Roldán,Odeón,,12650,5227 B,Andrés Fraga,Francisco Jiménez,,41-45 Roldan,,,,,,,,,
Francisco Canaro,Orquesta Francisco Canaro,1943-03-18,Nene Caprichoso,,Tango,Carlos Roldán,Odeón,,12648,5226 A,Francisco Canaro,Ivo Pelay,,41-45 Roldan,,,,,,,,,
Francisco Canaro,Orquesta Francisco Canaro,1943-05-05,Soñar y Nada Más,,Vals,Carlos Roldan Y Eduardo Adrian,Odeón,,12743,5229 B,Francisco Canaro,Ivo Pelay,,41-45 Roldan,,,,,,,,,
Francisco Canaro,Orquesta Francisco Canaro,1943-05-05,Tango Brujo,,Tango,Carlos Roldán,Odeón,,12741,5228 A,Francisco Canaro,Francisco Canaro,,41-45 Roldan,,,,,,,,,
Francisco Canaro,Orquesta Francisco Canaro,1943-05-05,Tranquilo Viejo Tranquilo,,Tango,Carlos Roldán,Odeón,,12742,5230 A,Francisco Canaro,Ivo Pelay,,41-45 Roldan,,,,,,,,,
Francisco Canaro,Orquesta Francisco Canaro,1943-05-05,Y No la Puedo Olvidar,,Tango,Eduardo Adrian,Odeón,,12744,5229 A,Francisco Canaro,Francisco Canaro,,41-45 Roldan,,,,,,,,,
Francisco Canaro,Orquesta Francisco Canaro,1943-05-12,Candombe,,Milonga,Carlos Roldán,Odeón,,12758,5228 B,Francisco Canaro,Francisco Canaro,,41-45 Roldan,,,,,,,,,
Francisco Canaro,Orquesta Francisco Canaro,1943-05-19,Se Dice de Mí,,Milonga,Carlos Roldán,Odeón,,12779,5230 B,Francisco Canaro,Ivo Pelay,,41-45 Roldan,,,,,,,,,
Francisco Canaro,Orquesta Francisco Canaro,1943-05-26,Cada Vez Que Me Recuerdes,,Tango,Eduardo Adrian,Odeón,,12799,5232 B,Mariano Mores,José Contursi,,41-45 Roldan,,,,,,,,,
Francisco Canaro,Orquesta Francisco Canaro,1943-05-26,Ojos Verdes,,Vals,Carlos Roldán,Odeón,,12801,5233 B,Manuel Miquel,"Salvador Valverde, Rafael De León, Arias De Saavedra",,41-45 Roldan,,,,,,,,,
Francisco Canaro,Quinteto Pirincho,1943-05-26,Uno,,Tango,Carlos Roldán,Odeón,,12800,5233 A,Mariano Mores,Enrique Discépolo,,41-45 Roldan,,,,,,,,,
Francisco Canaro,Quinteto Pirincho,1943-06-07,Francia,,Vals,Instrumental,Odeón,,12833,4135 B,Octavio Barbero,Carlos Pesce,,41-45 Roldan,,,,,,,,,
Francisco Canaro,Orquesta Francisco Canaro,1943-06-07,Nueve Puntos,9 Puntos,Tango,Instrumental,Odeón,,12832,4135 A,Francisco Canaro,,,41-45 Roldan,,,,,,,,,
Francisco Canaro,Orquesta Francisco Canaro,1943-07-16,Mientras Tú Me Quieras,Mientras Vos Me Quieras,Tango,Eduardo Adrian,Odeón,,12932,5234 A,Mario Canaro,,,41-45 Roldan,,,,,,,,,
Francisco Canaro,Orquesta Francisco Canaro,1943-08-04,Mi Reflexión,,Tango,Carlos Roldán,Odeón,,12991,5235 B,Francisco Lomuto,Francisco Lomuto,,41-45 Roldan,,,,,,,,,
Francisco Canaro,Orquesta Francisco Canaro,1943-08-17,Como Pelea de Novios,,Milonga,Carlos Roldán,Odeón,,13052,5237 B,Freddy Scorticati,Avlis,,41-45 Roldan,,,,,,,,,
Francisco Canaro,Orquesta Francisco Canaro,1943-08-17,Guitarra,No Va Más,Tango,Carlos Roldán,Odeón,,13051,5236 B,Miguel Bucino,Miguel Bucino,,41-45 Roldan,,,,,,,,,
Francisco Canaro,Orquesta Francisco Canaro,1943-08-17,Valsecito Amigo,,Vals,Eduardo Adrian,Odeón,,13050,5236 A,Aníbal Troilo,José Contursi,,41-45 Roldan,,,,,,,,,
Francisco Canaro,Quinteto Pirincho,1943-08-26,Corazón Que Me Has Herido,,Tango,Eduardo Adrian,Odeón,,13088,5237 A,Enrique Maciel,Carmelo Volpe,,41-45 Roldan,,,,,,,,,
Francisco Canaro,Quinteto Pirincho,1943-08-26,La Brisa,,Tango,Instrumental,Odeón,,13089,4136 A,Francisco Canaro,Juan Caruso,,41-45 Roldan,,,,,,,,,
Francisco Canaro,Orquesta Francisco Canaro,1943-08-26,María Esther,,Vals,Instrumental,Odeón,,13087,4136 B,Juan Maglio,Juan Falchi,,41-45 Roldan,,,,,,,,,
Francisco Canaro,Orquesta Francisco Canaro,1943-09-01,Queja Indiana,Ay Ay Ay,Tango,Carlos Roldán,Odeón,,13097,5238 B,Juan Rodríguez,Juan Velich,,41-45 Roldan,,,,,,,,,
Francisco Canaro,Orquesta Francisco Canaro,1943-11-10,Tristeza Marina,,Tango,Eduardo Adrian,Odeón,,13358,5239 B,José Flores,Horacio Sanguinetti,,41-45 Roldan,,,,,,,,,
Francisco Canaro,Orquesta Francisco Canaro,1943-11-10,Tu Pálida Voz,,Vals,Carlos Roldán,Odeón,,13359,5239 A,Carlos De La Riestra,Homero Manzi,,41-45 Roldan,,,,,,,,,
Francisco Canaro,Orquesta Francisco Canaro,1943-11-17,El Tropero del Amor,,Tango,Eduardo Adrian,Odeón,,13370,5240 B,Teófilo Lespés,Yaraví,,41-45 Roldan,,,,,,,,,
Francisco Canaro,Orquesta Francisco Canaro,1943-11-25,Sombras Nada Más,,Tango,Eduardo Adrian,Odeón,,13399,5241 A,Francisco Lomuto,José Contursi,,41-45 Roldan,,,,,,,,,
Francisco Canaro,Orquesta Francisco Canaro,1943-11-25,Verdemar,,Tango,Eduardo Adrian,Odeón,,13400,,Carlos Di Sarli,José Contursi,,41-45 Roldan,,,,,,,,,
Francisco Canaro,Quinteto Pirincho,1943-12-15,Aleluya,,Milonga,Carlos Roldán,Odeón,,13458,5241 B,Sebastián Piana,,,41-45 Roldan,,,,,,,,,
Francisco Canaro,Quinteto Pirincho,1943-12-15,La Tormenta,,Milonga,Instrumental,Odeón,,13457,4137 A,Antonio Bonavena,,,41-45 Roldan,,,,,,,,,
Francisco Canaro,Orquesta Francisco Canaro,1943-12-15,Violines y Corazones,,Vals,Instrumental,Odeón,,13456,4137 B,Angel Pastore,,,41-45 Roldan,,,,,,,,,
Francisco Canaro,Orquesta Francisco Canaro,1943-12-29,El Negro Ramón,,Milonga,Carlos Roldán,Odeón,,13490,5242 A,Rosendo Luna,Enrique Cadícamo,,41-45 Roldan,,,,,,,,,
Francisco Canaro,Orquesta Francisco Canaro,1943-12-29,La Culpa la Tuve Yo,,Tango,Eduardo Adrian,Odeón,,13491,5242 B,Andrés Doménech,Adolfo Avilés,,41-45 Roldan,,,,,,,,,
Francisco Canaro,Quinteto Pirincho,1943-12-29,Vieja Carreta,,Tango,Eduardo Adrian,Odeón,,13501,5243 B,Antonio D'Alessandro,Antonio D'Alessandro,,41-45 Roldan,,,,,,,,,
Francisco Canaro,Quinteto Pirincho,1943-12-30,La Rosarina,,Tango,Instrumental,Odeón,,13499,4138 A,Ricardo Alfiletegaray,Antonio Polito,,41-45 Roldan,,,,,,,,,
Francisco Canaro,Orquesta Francisco Canaro,1943-12-30,Sueño de Virgen,,Vals,Instrumental,Odeón,,13498,4138 B,Pascual De Gullo,,,41-45 Roldan,,,,,,,,,
Francisco Canaro,Orquesta Francisco Canaro,1944-01-03,Oiga Rubia,,Milonga,Carlos Roldán,Odeón,,13500,5243 A,Elías Randal,Marvil,,41-45 Roldan,,,,,,,,,
Francisco Canaro,Orquesta Francisco Canaro,1944-02-16,La Naranja Nació Verde,,Milonga,Carlos Roldan Y Hector Castel,Odeón,,13594,5244 B,Rafael Rossi,,,41-45 Roldan,,,,,,,,,
Francisco Canaro,Orquesta Francisco Canaro,1944-02-16,Otra Noche,,Tango,Carlos Roldán,Odeón,,13595,5244 A,Rodolfo Sciammarella,Rodolfo Sciammarella,,41-45 Roldan,,,,,,,,,
Francisco Canaro,Orquesta Francisco Canaro,1944-04-24,Todo Es Mentira,,Tango,Carlos Roldán,Odeón,,13741,5246 B,Francisco Canaro,Ivo Pelay,,41-45 Roldan,,,,,,,,,
Francisco Canaro,Orquesta Francisco Canaro,1944-05-08,Dos Corazones,,Vals,Carlos Roldán,Odeón,,13763,5245 A,Francisco Canaro,Ivo Pelay,,41-45 Roldan,,,,,,,,,
Francisco Canaro,Orquesta Francisco Canaro,1944-05-08,Fué Por una Mujer,,Tango,Carlos Roldán,Odeón,,13765,5248 A,Francisco Canaro,Ivo Pelay,,41-45 Roldan,,,,,,,,,
Francisco Canaro,Orquesta Francisco Canaro,1944-05-08,Sin Compasión,,Tango,Carlos Roldán,Odeón,,13764,5247 A,Francisco Canaro,Ivo Pelay,,41-45 Roldan,,,,,,,,,
Francisco Canaro,Orquesta Francisco Canaro,1944-05-15,Horizonte Azul,,Vals,Carlos Roldán,Odeón,,13778,5248 B,Francisco Canaro,Ivo Pelay,,41-45 Roldan,,,,,,,,,
Francisco Canaro,Orquesta Francisco Canaro,1944-05-15,Qué Tal,Que Tal,Tango,Carlos Roldán,Odeón,,13779,5245 B,Francisco Canaro,,,41-45 Roldan,,,,,,,,,
Francisco Canaro,Orquesta Francisco Canaro,1944-06-07,Cristal,,Tango,Carlos Roldán,Odeón,,13847,5249 A,Mariano Mores,José Contursi,,41-45 Roldan,,,,,,,,,
Francisco Canaro,Orquesta Francisco Canaro,1944-06-07,Rosa de Tango,,Tango,Carlos Roldán,Odeón,,13848,5250 A,Luis Rubistein,Luis Rubistein,,41-45 Roldan,,,,,,,,,
Francisco Canaro,Orquesta Francisco Canaro,1944-06-14,Serenata,,Milonga,Carlos Roldán,Odeón,,13869,5250 B,Juan Polito,Luis Rubistein,,41-45 Roldan,,,,,,,,,
Francisco Canaro,Orquesta Francisco Canaro,1944-06-14,Su Carta No Llegó,,Tango,Carlos Roldán,Odeón,,13870,5255 A,Raúl Manzi,Raúl Manzi,,41-45 Roldan,,,,,,,,,
Francisco Canaro,Orquesta Francisco Canaro,1944-06-19,Bésame Mi Amor,,Tango,Carlos Roldán,Odeón,,13881,5254 B,Enrique Lomuto,Oscar Rubens,,41-45 Roldan,,,,,,,,,
Francisco Canaro,Orquesta Francisco Canaro,1944-06-19,Dos Minutos,,Tango,Carlos Roldán,Odeón,,13882,5253 B,Miguel Fratantoni,Miguel Fratantoni,,41-45 Roldan,,,,,,,,,
Francisco Canaro,Orquesta Francisco Canaro,1944-06-28,Esta Noche de Luna,,Tango,Carlos Roldán,Odeón,,13908,5251 A,José Gómez,Héctor Marcó,,41-45 Roldan,,,,,,,,,
Francisco Canaro,Orquesta Francisco Canaro,1944-06-28,Paloma,,Vals,Carlos Roldán,Odeón,,13907,5254 A,Juan Guichandut,Horacio Sanguinetti,,41-45 Roldan,,,,,,,,,
Francisco Canaro,Orquesta Francisco Canaro,1944-07-07,Más Solo Que Nunca,,Tango,Carlos Roldán,Odeón,,13927,5251 B,Francisco Leone,Enrique Dizeo,,41-45 Roldan,,,,,,,,,
Francisco Canaro,Orquesta Francisco Canaro,1944-07-07,Tres Amigos,,Tango,Carlos Roldán,Odeón,,13928,5252 A,Rosendo Luna,Enrique Cadícamo,,41-45 Roldan,,,,,,,,,
Francisco Canaro,Orquesta Francisco Canaro,1944-07-19,Estampa del 800,,Milonga,Carlos Roldán,Odeón,,13952,5256 A,Romeo Bove,Gerónimo Yorio,,41-45 Roldan,,,,,,,,,
Francisco Canaro,Orquesta Francisco Canaro,1944-07-21,En el Fondo del Mar,,Vals,Carlos Roldán,Odeón,,13960,5255 B,Hipólito Basilio,Horacio Sanguinetti,,41-45 Roldan,,,,,,,,,
Francisco Canaro,Orquesta Francisco Canaro,1944-07-21,Naipe,,Tango,Carlos Roldán,Odeón,,13959,5253 A,Aníbal Troilo,Enrique Cadícamo,,41-45 Roldan,,,,,,,,,
Francisco Canaro,Orquesta Francisco Canaro,1944-07-26,Dónde Está Lo Que Soñé,,Tango,Carlos Roldán,Odeón,,13977,5268 B,Antonio D'Alessandro,Brillante Plastino,,41-45 Roldan,,,,,,,,,
Francisco Canaro,Orquesta Francisco Canaro,1944-07-26,Llamándote,,Tango,Carlos Roldán,Odeón,,13976,5256 B,Humberto Canaro,Enrique Cadícamo,,41-45 Roldan,,,,,,,,,
Francisco Canaro,Orquesta Francisco Canaro,1944-07-28,Adelaida,,Vals,Carlos Roldán,Odeón,,13982,5265 A,Francisco Pracánico,Diego Quiroga,,41-45 Roldan,,,,,,,,,
Francisco Canaro,Orquesta Francisco Canaro,1944-11-15,Copas Amigas y Besos,,Tango,Carlos Roldán,Odeón,,14214,5257 A,Mariano Mores,Enrique Cadícamo,,41-45 Roldan,,,,,,,,,
Francisco Canaro,Orquesta Francisco Canaro,1944-11-15,Incomprensión,,Vals,Guillermo Coral,Odeón,,14213,5257 B,Oscar Sabino,Oscar Sabino,,41-45 Roldan,,,,,,,,,
Francisco Canaro,Orquesta Francisco Canaro,1944-12-06,A la Lima y Al Limón,,Vals,Guillermo Coral,Odeón,,14287,5258 B,Manuel Miquel,Rafael De Saavedra,,41-45 Roldan,,,,,,,,,
Francisco Canaro,Orquesta Francisco Canaro,1944-12-06,Torrente,,Tango,Carlos Roldán,Odeón,,14288,5258 A,Húgo Manzi,Húgo Manzi,,41-45 Roldan,,,,,,,,,
Francisco Canaro,Orquesta Francisco Canaro,1944-12-22,Como una Herida,,Tango,Guillermo Coral,Odeón,,14336,5260 B,Oscar Sabino,Carlos Marín,,41-45 Roldan,,,,,,,,,
Francisco Canaro,Orquesta Francisco Canaro,1944-12-22,Desagravio,,Tango,Guillermo Coral,Odeón,,14333,5259 B,Francisco Lomuto,Homero Contursi,,41-45 Roldan,,,,,,,,,
Francisco Canaro,Orquesta Francisco Canaro,1944-12-22,Destellos,,Tango,Carlos Roldán,Odeón,,14335,5261 A,Francisco Canaro,Juan Caruso,,41-45 Roldan,,,,,,,,,
Francisco Canaro,Orquesta Francisco Canaro,1944-12-22,Tres Palabras,,Tango,Guillermo Coral,Odeón,,14334,5261 B,Alfredo Matrero,Alfredo Matrero,,41-45 Roldan,,,,,,,,,
Francisco Canaro,Orquesta Francisco Canaro,1945-01-02,Collar de Amores,,Tango,Carlos Roldán,Odeón,,14366,5260 A,Francisco Canaro,Francisco Canaro,,41-45 Roldan,,,,,,,,,
Francisco Canaro,Orquesta Francisco Canaro,1945-01-02,Encuentro,,Tango,Guillermo Coral,Odeón,,14367,5259 A,Miguel Bucino,Miguel Bucino,,41-45 Roldan,,,,,,,,,
Francisco Canaro,Orquesta Francisco Canaro,1945-03-09,Café de los Angelitos,,Tango,Carlos Roldán,Odeón,,14474,5262 B,José Castillo,José Castillo,,41-45 Roldan,,,,,,,,,
Francisco Canaro,Orquesta Francisco Canaro,1945-03-09,Tú el Cielo y Tú,Tú el Cielo y Tú,Tango,Guillermo Coral,Odeón,,14473,5262 A,Mario Canaro,Héctor Marcó,,41-45 Roldan,,,,,,,,,
Francisco Canaro,Orquesta Francisco Canaro,1945-03-15,Garras,,Tango,Carlos Roldán,Odeón,,14487,5263 B,Aníbal Troilo,José Contursi,,41-45 Roldan,,,,,,,,,
Francisco Canaro,Orquesta Francisco Canaro,1945-05-07,Me Gusta Bailar Milonga,,Milonga,Carlos Roldán,Odeón,,14613,5266 B,Pintín Castellanos,Pintín Castellanos,,41-45 Roldan,,,,,,,,,
Francisco Canaro,Orquesta Francisco Canaro,1945-05-07,Miguel Angel,,Tango,Guillermo Coral,Odeón,,14611,5266 A,Vicente Demarco,Carlos Pesce,,41-45 Roldan,,,,,,,,,
Francisco Canaro,Orquesta Francisco Canaro,1945-05-07,Trenzas,,Tango,Guillermo Coral,Odeón,,14612,5265 B,Armando Pontier,Homero Expósito,,41-45 Roldan,,,,,,,,,
Francisco Canaro,Orquesta Francisco Canaro,1945-05-16,Duelo Criollo,,Tango,Guillermo Coral,Odeón,,14623,5269 B,Juan Rezzano,Lito Bayardo,,41-45 Roldan,,,,,,,,,
Francisco Canaro,Orquesta Francisco Canaro,1945-05-16,Quién Más Que Yo,,Tango,Carlos Roldan Y Guillermo Coral,Odeón,,14624,5269 A,Mario Canaro,Héctor Marcó,,41-45 Roldan,,,,,,,,,
Francisco Canaro,Orquesta Francisco Canaro,1945-05-23,Se Llama Dolores,,Vals,Carlos Roldán,Odeón,,14639,5267 B,Antonio D'Alessandro,Conrado Martínez,,41-45 Roldan,,,,,,,,,
Francisco Canaro,Orquesta Francisco Canaro,1945-05-23,Ya Estamos Iguales,,Tango,Carlos Roldán,Odeón,,14640,5267 A,Anselmo Aieta,Francisco Jiménez,,41-45 Roldan,,,,,,,,,
Francisco Canaro,Orquesta Francisco Canaro,1945-08-24,Adiós Pampa Mía,,Tango,Alberto Arenas,Parlophone,,14871,5270 A,Francisco Mores,Ivo Pelay,,45-50 Late 40s,,,,,,,,,
Francisco Canaro,Orquesta Francisco Canaro,1945-08-24,Niebla,,Tango,Guillermo Coral,Odeón,,14870,5272 B,Francisco Mores,Ivo Pelay,,45-50 Late 40s,,,,,,,,,
Francisco Canaro,Orquesta Francisco Canaro,1945-08-31,Serafín y Julia Paz,,Milonga,Guillermo Coral Y Alberto Arenas,Odeón,,14884,5270 B,Francisco Mores,,,45-50 Late 40s,,,,,,,,,
Francisco Canaro,Orquesta Francisco Canaro,1945-09-04,Pregonera,,Tango,Guillermo Coral Y Alberto Arenas,Odeón,,14890,5271 A,Alfredo De Angelis,José Rótulo,,45-50 Late 40s,,,,,,,,,
Francisco Canaro,Orquesta Francisco Canaro,1945-09-13,Cotorrita de la Suerte,,Tango,Alberto Arenas,Odeón,,14910,5271 B,Alfredo De Franco,José De Grandis,,45-50 Late 40s,,,,,,,,,
Francisco Canaro,Orquesta Francisco Canaro,1945-09-13,No Llores Nunca Más,,Vals,Guillermo Coral Y Alberto Arenas,Odeón,,14909,5272 A,Francisco Mores,Ivo Pelay,,45-50 Late 40s,,,,,,,,,
Francisco Canaro,Orquesta Francisco Canaro,1945-09-13,Viernes de Pasión,,Tango,Guillermo Coral,Odeón,,,,José Vigo,,,45-50 Late 40s,,,,,,,,,
Francisco Canaro,Orquesta Francisco Canaro,1945-10-17,Viernes de Pasión,,Tango,Guillermo Coral,Odeón,,15008,5284 B,José Vigo,Francisco Jiménez,,45-50 Late 40s,,,,,,,,,
Francisco Canaro,Orquesta Francisco Canaro,1945-10-19,Canción Desesperada,,Tango,Alberto Arenas,Odeón,,15010,5273 A,Enrique Discépolo,Enrique Discépolo,,45-50 Late 40s,,,,,,,,,
Francisco Canaro,Orquesta Francisco Canaro,1945-10-19,Tedio,,Tango,Alberto Arenas,Odeón,,15011,5273 B,Miguel Bucino,Miguel Bucino,,45-50 Late 40s,,,,,,,,,
Francisco Canaro,Orquesta Francisco Canaro,1945-10-19,Tristeza Criolla,,Vals,Guillermo Coral,Odeón,,15009,5274 B,Ignacio Corsini,Julián De Charras,,45-50 Late 40s,,,,,,,,,
Francisco Canaro,Orquesta Francisco Canaro,1945-11-06,María,,Tango,Alberto Arenas,Odeón,,15069,5274 A,Aníbal Troilo,Cátulo Castillo,,45-50 Late 40s,,,,,,,,,
Francisco Canaro,Orquesta Francisco Canaro,1945-12-14,Margó,,Tango,Guillermo Coral,Odeón,,15186,5275 A,Armando Pontier,Homero Expósito,,45-50 Late 40s,,,,,,,,,
Francisco Canaro,Orquesta Francisco Canaro,1945-12-21,Cuatro Lágrimas,,Tango,Alberto Arenas,Odeón,,15208,5275 B,Lito Bayardo,Lito Bayardo,,45-50 Late 40s,,,,,,,,,
Francisco Canaro,Orquesta Francisco Canaro,1945-12-21,Mañana No Estarás,,Tango,Guillermo Coral,Odeón,,15209,5276 B,Haroldo Gessaghi,Horacio Sanguinetti,,45-50 Late 40s,,,,,,,,,
Francisco Canaro,Orquesta Francisco Canaro,1945-12-28,La Metralla,,Tango,Instrumental,Odeón,,15234,5279 B,Manuel Campoamor,,,45-50 Late 40s,,,,,,,,,
Francisco Canaro,Orquesta Francisco Canaro,1945-12-28,Mis Amigos de Ayer,,Tango,Guillermo Coral,Odeón,,15233,5276 A,Francisco Lomuto,José Contursi,,45-50 Late 40s,,,,,,,,,
Francisco Canaro,Orquesta Francisco Canaro,1946-01-28,Adiós Pampa Mía,,Tango,Nelly Omar,Odeón,,15314,5277 A,Francisco Mores,Ivo Pelay,,45-50 Late 40s,,,,,,,,,
Francisco Canaro,Orquesta Francisco Canaro,1946-01-28,Canción Desesperada,,Tango,Nelly Omar,Odeón,,15315,5277 B,Enrique Discépolo,Enrique Discépolo,,45-50 Late 40s,,,,,,,,,
Francisco Canaro,Orquesta Francisco Canaro,1946-02-27,Juana Rebenque,,Tango,Guillermo Coral,Odeón,,15335,5279 A,Luis Riccardi,Enrique Cadícamo,,45-50 Late 40s,,,,,,,,,
Francisco Canaro,Orquesta Francisco Canaro,1946-03-21,En la Noche de Tus Ojos,,Tango,Guillermo Coral,Odeón,,15378,5283 B,Pacífico Lambertucci,Francisco Jiménez,,45-50 Late 40s,,,,,,,,,
Francisco Canaro,Orquesta Francisco Canaro,1946-03-21,Sin Embargo No Estoy Triste,,Tango,Alberto Arenas,Odeón,,15379,5283 A,Rodolfo Sciammarella,Leopoldo Ríos,,45-50 Late 40s,,,,,,,,,
Francisco Canaro,Orquesta Francisco Canaro,1946-04-09,Nobleza de Arrabal,,Tango,Alberto Arenas,Odeón,,15426,5281 A,Francisco Canaro,Arauco,,45-50 Late 40s,,,,,,,,,
Francisco Canaro,Orquesta Francisco Canaro,1946-04-09,Yira Yira,Yira Yira,Tango,Alberto Arenas,Odeón,,15425,5280 B,Enrique Discépolo,Enrique Discépolo,,45-50 Late 40s,,,,,,,,,
Francisco Canaro,Orquesta Francisco Canaro,1946-04-16,Devolveme Lo Que Es Mío,,Vals,Alberto Arenas Y Guillermo Coral,Odeón,,15446,5281 B,Rodolfo Sciammarella,,,45-50 Late 40s,,,,,,,,,
Francisco Canaro,Orquesta Francisco Canaro,1946-04-16,Dos Almas,,Vals,Enrique Lucero,Odeón,,15447,5280 A,Don Fabián,Don Fabián,,45-50 Late 40s,,,,,,,,,
Francisco Canaro,Orquesta Francisco Canaro,1946-06-07,Cuando Estemos Lejos,,Tango,Enrique Lucero,Odeón,,15570,5282 B,Alberto Villanueva,Carol Chelchi,,45-50 Late 40s,,,,,,,,,
Francisco Canaro,Orquesta Francisco Canaro,1946-06-07,Para Que Lo Oigan,,Milonga,Alberto Arenas,Odeón,,15569,5282 A,Miguel Bucino,Miguel Bucino,,45-50 Late 40s,,,,,,,,,
Francisco Canaro,Orquesta Francisco Canaro,1946-07-30,Me Llaman el Solitario,,Tango,Alberto Arenas,Odeón,,15697,5285 A,Francisco Lomuto,Enrique Cadícamo,,45-50 Late 40s,,,,,,,,,
Francisco Canaro,Orquesta Francisco Canaro,1946-07-30,Te Espero en Rodríguez Peña,,Tango,Enrique Lucero,Odeón,,15698,5285 B,Héctor Varela,Carlos Waiss,,45-50 Late 40s,,,,,,,,,
Francisco Canaro,Orquesta Francisco Canaro,1946-08-20,Déjame No Quiero Verte Más,Déjame No Quiero Verte Nunca Más / Déjame,Tango,Enrique Lucero,Odeón,,15752,5286 B,Francisco Mores,"Francisco Canaro, Mariano Mores, Ivo Pelay",,45-50 Late 40s,,,,,,,,,
Francisco Canaro,Orquesta Francisco Canaro,1946-08-20,Sin Palabras,,Tango,Alberto Arenas,Odeón,,15753,5286 A,Mariano Mores,Enrique Discépolo,,45-50 Late 40s,,,,,,,,,
Francisco Canaro,Orquesta Francisco Canaro,1946-09-04,Rosa de Otoño,Rosas de Otoño,Vals,Nelly Omar,Odeón,,15788,5288 B,Guillermo Barbieri,José Rial,,45-50 Late 40s,,,,,,,,,
Francisco Canaro,Orquesta Francisco Canaro,1946-09-10,La Tablada,,Tango,Instrumental,Odeón,,15800,5287 B,Francisco Canaro,,,45-50 Late 40s,,,,,,,,,
Francisco Canaro,Orquesta Francisco Canaro,1946-09-10,Pena Gris,,Tango,Enrique Lucero,Odeón,,15799,5287 A,Mario Canaro,Andrés Chinarro,,45-50 Late 40s,,,,,,,,,
Francisco Canaro,Orquesta Francisco Canaro,1946-10-08,Borrón de Niebla,,Tango,Alberto Arenas,Odeón,,15862,5289 B,Salvador Romanelli,Gerónimo Yorio,,45-50 Late 40s,,,,,,,,,
Francisco Canaro,Orquesta Francisco Canaro,1946-10-08,La Puñalada,,Milonga,Instrumental,Odeón,,15860,5289 A,Pintín Castellanos,Celedonio Flores,,45-50 Late 40s,,,,,,,,,
Francisco Canaro,Orquesta Francisco Canaro,1946-12-23,Reliquias Porteñas,Reliquias Portenas,Tango,Instrumental,Odeón,,16142,5290 B,Francisco Canaro,Celedonio Flores,,45-50 Late 40s,,,,,,,,,
Francisco Canaro,Orquesta Francisco Canaro,1946-12-23,Si Tú Me Quisieras,,Tango,Alberto Arenas,Odeón,,16141,5290 A,Francisco Canaro,Francisco Canaro,,45-50 Late 40s,,,,,,,,,
Francisco Canaro,Orquesta Francisco Canaro,1946-12-26,El Milagro,,Tango,Enrique Lucero,Odeón,,16148,5291 A,Armando Pontier,Homero Expósito,,45-50 Late 40s,,,,,,,,,
Francisco Canaro,Orquesta Francisco Canaro,1947-01-03,Nuestros Caminos,,Tango,Enrique Lucero,Odeón,,16173,5291 B,Mario Canaro,Suembaldo Bontempi,,45-50 Late 40s,,,,,,,,,
Francisco Canaro,Orquesta Francisco Canaro,1947-01-31,La Melodía de Nuestro Adiós,,Tango,Alberto Arenas,Odeón,,16279,5292 A,Fioravanti Di Cicco,Carmelo Santiago,,45-50 Late 40s,,,,,,,,,
Francisco Canaro,Orquesta Francisco Canaro,1947-01-31,Paz en Mi Tierra,,Tango,Alberto Arenas Y Enrique Lucero,Odeón,,16278,5292 B,Antonio D'Alessandro,,,45-50 Late 40s,,,,,,,,,
Francisco Canaro,Orquesta Francisco Canaro,1947-03-26,Sentimiento Gaucho,,Tango,Nelly Omar,Odeón,,16334,5293 A,Francisco Canaro,Juan Caruso,,45-50 Late 40s,,,,,,,,,
Francisco Canaro,Orquesta Francisco Canaro,1947-03-26,Sus Ojos Se Cerraron,,Tango,Nelly Omar,Odeón,,16335,5293 B,Carlos Gardel,Alfredo Le Pera,,45-50 Late 40s,,,,,,,,,
Francisco Canaro,Orquesta Francisco Canaro,1947-04-21,Eufemio Pizarro,,Tango,Alberto Arenas,Odeón,,16399,5294 A,Cátulo Manzi,Cátulo Manzi,,45-50 Late 40s,,,,,,,,,
Francisco Canaro,Orquesta Francisco Canaro,1947-05-28,Déjame No Quiero Verte Más,Déjame No Quiero Verte Nunca Más / Déjame,Tango,Nelly Omar,Odeón,,16490,5295 A,Francisco Mores,"Francisco Canaro, Mariano Mores, Ivo Pelay",,45-50 Late 40s,,,,,,,,,
Francisco Canaro,Orquesta Francisco Canaro,1947-05-28,La Canción de Buenos Aires,,Tango,Nelly Omar,Odeón,,16491,5295 B,Orestes Maizani,Manuel Romero,,45-50 Late 40s,,,,,,,,,
Francisco Canaro,Orquesta Francisco Canaro,1947-06-12,Angelitos Negros,,Tango,Enrique Lucero,Odeón,,16528,5296 A,Manuel Maciste,Andrés Blanco,,45-50 Late 40s,,,,,,,,,
Francisco Canaro,Orquesta Francisco Canaro,1947-06-12,Vine a Verte,,Tango,Alberto Arenas,Odeón,,16527,5296 B,Miguel Bucino,Miguel Bucino,,45-50 Late 40s,,,,,,,,,
Francisco Canaro,Quinteto Pirincho,1947-07-10,Adiós Pampa Mía,,Tango,Tino Rossi,Odeón,,16584,,Francisco Mores,,,45-50 Late 40s,,,,,,,,,
Francisco Canaro,Quinteto Pirincho,1947-07-31,El Pollito,,Tango,Instrumental,Odeón,,16620,30101 B,Francisco Canaro,,,45-50 Late 40s,,,,,,,,,
Francisco Canaro,Orquesta Francisco Canaro,1947-07-31,Pronto Regreso,,Tango,Instrumental,Odeón,,16619,30101 A,Rosendo Mendizábal,,,45-50 Late 40s,,,,,,,,,
Francisco Canaro,Orquesta Francisco Canaro,1947-08-07,Sin Palabras,,Tango,Tino Rossi,Odeón,,16629,,Mariano Mores,Enrique Discépolo,,45-50 Late 40s,,,,,,,,,
Francisco Canaro,Orquesta Francisco Canaro,1947-08-07,Yo Sólo Sé,,Tango,Tino Rossi,Odeón,,16630,,Francisco Mores,,,45-50 Late 40s,,,,,,,,,
Francisco Canaro,Orquesta Francisco Canaro,1947-08-11,Sin Palabras,,Tango,Tino Rossi,Odeón,,16637,,Mariano Mores,Enrique Discépolo,,45-50 Late 40s,,,,,,,,,
Francisco Canaro,Orquesta Francisco Canaro,1947-09-15,Yo Sólo Sé,,Tango,Carlos Roldán,Odeón,,16700,5297 A,Francisco Mores,"Guillermo Pelay, Horacio Pelay",,45-50 Late 40s,,,,,,,,,
Francisco Canaro,Orquesta Francisco Canaro,1947-10-20,Los Ejes de Mi Carreta,,Milonga,Alberto Arenas Y Enrique Lucero,Odeón,,16755,5298 A,Atahualpa Yupanqui,Romildo Risso,,45-50 Late 40s,,,,,,,,,
Francisco Canaro,Orquesta Francisco Canaro,1947-10-22,Cantemos Para Olvidar,,Tango,Alberto Arenas Y Enrique Lucero,Odeón,,16766,5298 B,Mario Canaro,,,45-50 Late 40s,,,,,,,,,
Francisco Canaro,Quinteto Pirincho,1947-10-22,Desde el Alma,,Vals,Nelly Omar,Odeón,,16768,30127 A,Rosita De Piuma,"Víctor Vélez, Homero Manzi",,45-50 Late 40s,,,,,,,,,
Francisco Canaro,Quinteto Pirincho,1947-10-22,Don Juan,Mozos Guapos,Tango,Instrumental,Odeón,,16759,30102 A,Ernesto Ponzio,Ricardo Podestá,,45-50 Late 40s,,,,,,,,,
Francisco Canaro,Orquesta Francisco Canaro,1947-10-22,La Milonga de Buenos Aires,,Milonga,Instrumental,Odeón,,16758,30102 B,Francisco Canaro,Ivo Pelay,,45-50 Late 40s,,,,,,,,,
Francisco Canaro,Orquesta Francisco Canaro,1947-10-22,Nobleza de Arrabal,,Tango,Nelly Omar,Odeón,,16767,30127 B,Francisco Canaro,Juan Caruso,,45-50 Late 40s,,,,,,,,,
Francisco Canaro,Orquesta Francisco Canaro,1948-01-15,El Choclo,Kiss Of Fire,Tango,Alberto Arenas,Odeón,,16836,5299 A,Ángel Villoldo,"Juan Catán, Enrique Discépolo",,45-50 Late 40s,,,,,,,,,
Francisco Canaro,Orquesta Francisco Canaro,1948-01-15,La Última Copa,,Tango,Alberto Arenas,Odeón,,16837,5299 B,Francisco Canaro,Juan Caruso,,45-50 Late 40s,,,,,,,,,
Francisco Canaro,Orquesta Francisco Canaro,1948-04-12,Amémonos,,Vals,Alberto Arenas Y Enrique Lucero,Odeón,,16878,30125 A,Carlos Ocampo,Manuel Flores,,45-50 Late 40s,,,,,,,,,
Francisco Canaro,Quinteto Pirincho,1948-04-12,Con la Otra,,Tango,Alberto Arenas,Odeón,,16879,30125 B,Lito Bayardo,Lito Bayardo,,45-50 Late 40s,,,,,,,,,
Francisco Canaro,Quinteto Pirincho,1948-06-03,El Llorón,,Milonga,Instrumental,Odeón,,16927,30103 B,Juan Maglio,Enrique Cadícamo,,45-50 Late 40s,,,,,,,,,
Francisco Canaro,Orquesta Francisco Canaro,1948-06-03,El Viento Me Cuenta Cosas,,Milonga,Instrumental,Odeón,,16926,30103 A,Miguel Bucino,Miguel Bucino,,45-50 Late 40s,,,,,,,,,
Francisco Canaro,Orquesta Francisco Canaro,1948-07-27,Color de Barro,,Tango,Alberto Arenas,Odeón,,17017,30129 A,Anselmo Aieta,Cátulo Castillo,,45-50 Late 40s,,,,,,,,,
Francisco Canaro,Orquesta Francisco Canaro,1948-07-27,Nube Gris,,Vals,Alberto Arenas Y Enrique Lucero,Odeón,,17016,30128 B,Eduardo Talledo,Eduardo Talledo,,45-50 Late 40s,,,,,,,,,
Francisco Canaro,Orquesta Francisco Canaro,1948-09-10,Destino de Trapo,,Tango,Alberto Arenas,Odeón,,17062,30128 A,Raúl Siro,Armando Laveglia,,45-50 Late 40s,,,,,,,,,
Francisco Canaro,Orquesta Francisco Canaro,1948-09-10,Naipe Marcado,,Milonga,Alberto Arenas,Odeón,,17060,30130 A,Ángel Greco,Ángel Greco,,45-50 Late 40s,,,,,,,,,
Francisco Canaro,Orquesta Francisco Canaro,1948-09-10,Por la Güella,Por la Güeya,Milonga,Alberto Arenas,Odeón,,17063,30130 B,Rodolfo Biagi,Homero Manzi,,45-50 Late 40s,,,,,,,,,
Francisco Canaro,Orquesta Francisco Canaro,1948-09-10,Ya No Cantás Chingolo,Chingolito,Tango,Alberto Arenas Y Enrique Lucero,Odeón,,17061,30129 B,Antonio Scatasso,Edmundo Bianchi,,45-50 Late 40s,,,,,,,,,
Francisco Canaro,Orquesta Francisco Canaro,1949-02-17,Ojos Negros,Dark Eyes,Tango,Instrumental,Odeón,,17223,30132 A,Vicente Greco,,,45-50 Late 40s,,,,,,,,,
Francisco Canaro,Orquesta Francisco Canaro,1949-02-17,Re Fa Si,Re Fa Si,Tango,Instrumental,Odeón,,17222,30132 B,Enrique Delfino,,,45-50 Late 40s,,,,,,,,,
Francisco Canaro,Orquesta Francisco Canaro,1949-04-13,Ausencia,,Vals,Alberto Arenas Y Enrique Lucero,Odeón,,17256,30133 A,Francisco Bianco,Francisco Bianco,,45-50 Late 40s,,,,,,,,,
Francisco Canaro,Orquesta Francisco Canaro,1949-04-13,Buenos Aires,,Tango,Alberto Arenas,Odeón,,17255,30133 B,Manuel Jovés,Manuel Romero,,45-50 Late 40s,,,,,,,,,
Francisco Canaro,Orquesta Francisco Canaro,1949-07-13,Borracho Por Que Digo la Verdad,,Tango,Alberto Arenas,Odeón,,17353,30134 B,Francisco Canaro,,,45-50 Late 40s,,,,,,,,,
Francisco Canaro,Orquesta Francisco Canaro,1949-07-21,Parece Mentira,,Vals,Alberto Arenas,Odeón,,17360,30134 A,Francisco Canaro,Homero Manzi,,45-50 Late 40s,,,,,,,,,
Francisco Canaro,Orquesta Francisco Canaro,1949-09-28,Confesión,,Tango,Mario Alonso,Odeón,,17436,30135 A,Enrique Discépolo,"Enrique Discépolo, Luis Amadori",,45-50 Late 40s,,,,,,,,,
Francisco Canaro,Orquesta Francisco Canaro,1949-09-28,Retintín,,Tango,Instrumental,Odeón,,17437,30135 B,Eduardo Arolas,Gabriel Clausi,,45-50 Late 40s,,,,,,,,,
Francisco Canaro,Orquesta Francisco Canaro,1949-10-13,El Último Organito,,Tango,Alberto Arenas,Odeón,,17453,30136 B,Homero Acho,Homero Acho,,45-50 Late 40s,,,,,,,,,
Francisco Canaro,Orquesta Francisco Canaro,1949-10-13,Una Lágrima Tuya,,Tango,Mario Alonso,Odeón,,17454,30136 A,Mariano Mores,Homero Manzi,,45-50 Late 40s,,,,,,,,,
Francisco Canaro,Orquesta Francisco Canaro,1950-01-26,El Triunfo,,Tango,Instrumental,Odeón,,17571,30137 B,Francisco Canaro,,,50-59 50s,,,,,,,,,
Francisco Canaro,Orquesta Francisco Canaro,1950-01-26,Pequeña,,Vals,Mario Alonso,Odeón,,17570,30137 A,Osmar Maderna,Homero Expósito,,50-59 50s,,,,,,,,,
Francisco Canaro,Orquesta Francisco Canaro,1950-05-05,Lo Que Nunca Te Dirán,,Tango,Mario Alonso,Odeón,,17641,55103 B,Francisco Canaro,Francisco Canaro,,50-59 50s,,,,,,,,,
Francisco Canaro,Orquesta Francisco Canaro,1950-05-05,Lorenzo,,Tango,Instrumental,Odeón,,17642,55103 A,Agustín Bardi,Mario Pardo,,50-59 50s,,,,,,,,,
Francisco Canaro,Orquesta Francisco Canaro,1950-07-21,Che Bandoneón,,Tango,Alberto Arenas,Odeón,,17725,55128 A,Aníbal Troilo,Homero Manzi,,50-59 50s,,,,,,,,,
Francisco Canaro,Quinteto Pirincho,1950-07-21,Tu Piel de Jazmín,,Tango,Mario Alonso,Odeón,,17726,55128 B,Mariano Mores,José Contursi,,50-59 50s,,,,,,,,,
Francisco Canaro,Quinteto Pirincho,1950-08-01,El Chamuyo,,Tango,Instrumental,Columbia,,MAI 41,301001 A,Francisco Canaro,,,50-59 50s,,,,,,,,,
Francisco Canaro,Orquesta Francisco Canaro,1950-08-01,Rayero,,Tango,Instrumental,Columbia,,MAI 42,301001 B,Francisco Riccardi,,,50-59 50s,,,,,,,,,
Francisco Canaro,Quinteto Pirincho,1950-08-07,Los Celestes,,Milonga,Charlo,Sondor,,50-2473,10174-A,,,,50-59 50s,,,,,,,,,
Francisco Canaro,Quinteto Pirincho,1950-10-03,Arrabalera,,Milonga,Refrán Por Francisco Canaro,Columbia,,MAI 80,301007 B,Francisco Mendizábal,,,50-59 50s,,,,,,,,,
Francisco Canaro,Orquesta Francisco Canaro,1950-10-03,El Torito,,Tango,Instrumental,Columbia,,MAI 79,301007 A,Ángel Villoldo,"Carlos Pesce, Antonio Polito",,50-59 50s,,,,,,,,,
Francisco Canaro,Quinteto Pirincho,1950-10-26,Pancho Almada Está de Fiesta,La Garçonnière | la Garzonniere,Tango,Mario Alonso,Odeón,,17850,55170 B,Francisco Canaro,"Juan Caruso, Francisco Canaro",,50-59 50s,,,,,,,,,
Francisco Canaro,Orquesta Francisco Canaro,1950-12-06,Charamusca,,Tango,Instrumental,Columbia,,MAI 136,301011 B,Francisco Canaro,,,50-59 50s,,,,,,,,,
Francisco Canaro,Orquesta Francisco Canaro con Alberto Arenas y Coro,1950-12-06,El Llorón,,Milonga,Alberto Arenas,Odeón,,17925,55194 A,Juan Maglio,Enrique Cadícamo,,50-59 50s,,,,,,,,,
Francisco Canaro,Quinteto Pirincho,1950-12-06,Il Piccolo Navío,Piccolo Navío,Tango,Alberto Arenas,Eduardo Siblin,,17924,55194 B,Luis Riccardi,Juan Caruso,,50-59 50s,,,,,,,,,
Francisco Canaro,Quinteto Pirincho,1950-12-06,La Maleva,,Tango,Instrumental,Columbia,,MAI 138,301016 A,Antonio Buglione,Mario Pardo,,50-59 50s,,,,,,,,,
Francisco Canaro,Orquesta Francisco Canaro,1950-12-06,Las Tres de la Mañana,A las Tres de la Mañana,Vals,Instrumental,Columbia,,MAI 137,301011 A,Julián Robledo,Alfredo Pelaia,,50-59 50s,,,,,,,,,
Francisco Canaro,Orquesta Francisco Canaro,1950-12-06,Piccolo Navío,Pícolo Navío,Tango,Alberto Arenas,Odeón,,17924,55194 B,Luis Riccardi,Juan Caruso,,50-59 50s,,,,,,,,,
Francisco Canaro,Orquesta Francisco Canaro,1951-05-18,Tomá Mate Tomá Mate,,Milonga,Alberto Arenas,Odeón,,18018,55241 A,Francisco Canaro,Francisco Canaro,,50-59 50s,,,,,,,,,
Francisco Canaro,Orquesta Francisco Canaro,1951-05-18,Vinacho y Vinagrillo,,Milonga,Alberto Arenas Y Mario Alonso,Odeón,,18019,55241 B,Francisco Canaro,Francisco Canaro,,50-59 50s,,,,,,,,,
Francisco Canaro,Orquesta Francisco Canaro,1951-06-12,Bandoneón Arrabalero,,Tango,Mario Alonso,Odeón,,18060,55260 A,Juan Deambroggio,Pascual Contursi,,50-59 50s,,,,,,,,,
Francisco Canaro,Quinteto Pirincho,1951-06-12,Federación,,Tango,Alberto Arenas,Odeón,,18061,55260 B,Francisco Riccardi,Juan Caruso,,50-59 50s,,,,,,,,,
Francisco Canaro,Quinteto Pirincho,1951-06-19,Los Indios,,Tango,Instrumental,Columbia,,MAI 260,301022 A,Francisco Canaro,Juan Caruso,,50-59 50s,,,,,,,,,
Francisco Canaro,Quinteto Pirincho,1951-06-19,Tierra Negra,,Tango,,Columbia,,MAI 261,301022 B,Juan De Leone,Francisco Bastardi,,50-59 50s,,,,,,,,,
Francisco Canaro,Quinteto Pirincho,1951-07-20,El Esquinazo,,Tango,Refrán Por Francisco Canaro,Columbia,,MAI 288,301024 A,Ángel Villoldo,"Carlos Pesce, Antonio Polito",,50-59 50s,,,,,,,,,
Francisco Canaro,Orquesta Francisco Canaro,1951-07-20,La Quebrada,,Tango,Instrumental,Columbia,,MAI 289,301024 B,Francisco Canaro,,,50-59 50s,,,,,,,,,
Francisco Canaro,Orquesta Francisco Canaro,1951-07-20,Por Qué Doblan las Campanas,,Tango,Alberto Arenas Y Mario Alonso,Odeón,,18117,55292 B,Alfredo De Angelis,José Rótulo,,50-59 50s,,,,,,,,,
Francisco Canaro,Orquesta Francisco Canaro,1951-07-20,Yo También Soñé,,Tango,Mario Alonso,Odeón,,18116,55292 A,Francisco Canaro,Luis Amadori,,50-59 50s,,,,,,,,,
Francisco Canaro,Orquesta Francisco Canaro,1951-11-26,Corazón de Oro,Corazón de Oro,Vals,Instrumental,Odeón,,18276,55370 A,Francisco Canaro,Jesús Blanco,,50-59 50s,,,,,,,,,
Francisco Canaro,Orquesta Francisco Canaro,1951-11-26,Inspiración,Inspiración,Tango,Instrumental,Odeón,,18275,55520 B,Peregrino Paulos,Luis Rubistein,,50-59 50s,,,,,,,,,
Francisco Canaro,Orquesta Francisco Canaro,1951-11-26,Madreselva,,Tango,Mario Alonso,Odeón,,18277,55370 B,Francisco Canaro,Luis Amadori,,50-59 50s,,,,,,,,,
Francisco Canaro,Orquesta Francisco Canaro,1951-11-26,Sentimiento Gaucho,,Tango,Alberto Arenas,Odeón,,18278,55563 A,Francisco Canaro,Juan Caruso,,50-59 50s,,,,,,,,,
Francisco Canaro,Orquesta Francisco Canaro,1951-11-29,A Media Luz,,Tango,Alberto Arenas,Odeón,,18287,55520 A,Edgardo Donato,Carlos Lenzi,,50-59 50s,,,,,,,,,
Francisco Canaro,Orquesta Francisco Canaro,1951-11-29,Adiós Pampa Mía,,Tango,Alberto Arenas,Odeón,,18288,55563 B,Francisco Mores,Ivo Pelay,,50-59 50s,,,,,,,,,
Francisco Canaro,Orquesta Francisco Canaro,1951-11-29,La Cumparsita,Si Supieras,Tango,Mario Alonso,Odeón,,18285,55424 A,Gerardo Rodríguez,Pascual Maroni,,50-59 50s,,,,,,,,,
Francisco Canaro,Quinteto Pirincho,1951-11-29,La Puñalada,,Milonga,Instrumental,Odeón,,18286,55481 B,Pintín Castellanos,Celedonio Flores,,50-59 50s,,,,,,,,,
Francisco Canaro,Quinteto Pirincho,1951-12-12,A la Gran Muñeca,,Tango,Instrumental,Columbia,,MAI 525,301031 B,Jesús Ventura,Miguel Osés,,50-59 50s,,,,,,,,,
Francisco Canaro,Quinteto Pirincho,1951-12-12,Matasano,,Tango,Instrumental,Columbia,,MAI 526,301031 A,Francisco Canaro,,,50-59 50s,,,,,,,,,
Francisco Canaro,Orquesta Francisco Canaro,1952-04-07,Jueves,,Tango,Instrumental,Columbia,,MAI 613,301039 A,Udelino Rossi,,,50-59 50s,,,,,,,,,
Francisco Canaro,Quinteto Pirincho,1952-05-14,El Entrerriano,El Entrerriano,Tango,Instrumental,Odeón,,18394,55424 B,Rosendo Mendizábal,Ernesto Amor,,50-59 50s,,,,,,,,,
Francisco Canaro,Orquesta Francisco Canaro,1952-05-14,El Internado,,Tango,Instrumental,Columbia,,MAI 646,301042 B,Francisco Canaro,,,50-59 50s,,,,,,,,,
Francisco Canaro,Quinteto Pirincho,1952-05-14,Lo Han Visto con Otra,,Tango,Mario Alonso,Odeón,,18393,55481 A,Horacio Pettorossi,Horacio Pettorossi,,50-59 50s,,,,,,,,,
Francisco Canaro,Orquesta Francisco Canaro,1952-05-14,Lunes,,Tango,Instrumental,Columbia,,MAI 645,301042 A,José Padula,Francisco Jiménez,,50-59 50s,,,,,,,,,
Francisco Canaro,Orquesta Francisco Canaro,1952-05-29,Cualquier Cosa,,Tango,Mario Alonso,Odeón,,18421,55403 A,Herminia Velich,Herminia Velich,,50-59 50s,,,,,,,,,
Francisco Canaro,Quinteto Pirincho,1952-05-29,El Opio,,Tango,Instrumental,Odeón,,18420,55403 B,Francisco Canaro,,,50-59 50s,,,,,,,,,
Francisco Canaro,Quinteto Pirincho,1952-07-15,Alfredo,,Tango,Instrumental,Columbia,,MAI 733,301048 B,Humberto Canaro,,,50-59 50s,,,,,,,,,
Francisco Canaro,Orquesta Francisco Canaro,1952-07-15,Desde el Alma,,Vals,Instrumental,Columbia,,MAI 734,301048 A,Rosita De Piuma,"Víctor Vélez, Homero Manzi",,50-59 50s,,,,,,,,,
Francisco Canaro,Orquesta Francisco Canaro,1952-08-11,Cuna de Fango,,Tango,Alberto Arenas,Odeón,,18521,55459 B,Francisco Canaro,Francisco Canaro,,50-59 50s,,,,,,,,,
Francisco Canaro,Quinteto Pirincho,1952-08-11,Flor de Arrabal,Flor del Arrabal,Milonga,Alberto Arenas Y Mario Alonso,Odeón,,18522,55459 A,Luis Riccardi,Luis Riccardi,,50-59 50s,,,,,,,,,
Francisco Canaro,Quinteto Pirincho,1952-09-16,Felicia,,Tango,Instrumental,Columbia,,MAI 789,301054 A,Enrique Saborido,Carlos Pacheco,,50-59 50s,,,,,,,,,
Francisco Canaro,Quinteto Pirincho,1952-09-16,La Barra Fuerte,,Tango,Instrumental,Columbia,,MAI 790,301054 B,Francisco Canaro,,,50-59 50s,,,,,,,,,
Francisco Canaro,Quinteto Pirincho,1952-10-08,Canaro,,Tango,Instrumental,Columbia,,MAI 834,301058 A,José Martínez,,,50-59 50s,,,,,,,,,
Francisco Canaro,Orquesta Francisco Canaro,1952-10-08,El Porteño,,Tango,Instrumental,Columbia,,MAI 833,301058 B,Francisco Canaro,Héctor Tallón,,50-59 50s,,,,,,,,,
Francisco Canaro,Orquesta Francisco Canaro,1952-10-23,Pagá Vos Después Arreglamos,,Tango,Alberto Arenas,Odeón,,18665,55537 A,Antonio D'Alessandro,Juan Velich,,50-59 50s,,,,,,,,,
Francisco Canaro,Orquesta Francisco Canaro,1952-10-23,Y Siempre la Misma Historia,,Tango,Mario Alonso,Odeón,,18666,55537 B,Miguel Bucino,Miguel Bucino,,50-59 50s,,,,,,,,,
Francisco Canaro,Orquesta Francisco Canaro,1952-11-04,Bailando Me Diste un Beso,,Vals,Alberto Arenas Y Mario Alonso,Odeón,,18688,55499 A,Rafael Rossi,Eugenio Cárdenas,,50-59 50s,,,,,,,,,
Francisco Canaro,Orquesta Francisco Canaro,1953-03-11,Yo No Sé Qué Me Han Hecho Tus Ojos,,Vals,Alberto Arenas Y Mario Alonso,Odeón,,18808,55597 B,Francisco Canaro,Francisco Canaro,,50-59 50s,,,,,,,,,
Francisco Canaro,Orquesta Francisco Canaro,1953-03-17,El Estrellero,,Tango,Mario Alonso,Odeón,,18817,55631 A,Mariano Mores,Francisco Amor,,50-59 50s,,,,,,,,,
Francisco Canaro,Orquesta Francisco Canaro,1953-03-17,Noche de Niebla,,Tango,Mario Alonso,Odeón,,18818,55631 B,Francisco Canaro,Mario Alonso,,50-59 50s,,,,,,,,,
Francisco Canaro,Orquesta Francisco Canaro,1953-03-17,Quejas de Bandoneón,Quejas de Bandoneón,Tango,Instrumental,Odeón,,18819,55671 B,Juan Filiberto,,,50-59 50s,,,,,,,,,
Francisco Canaro,Orquesta Francisco Canaro,1953-03-17,Rodríguez Peña,Rodríguez Peña,Tango,Instrumental,Odeón,,18820,55699 A,Vicente Greco,"Ernesto Temes, Juan Velich, Rafael Velich",,50-59 50s,,,,,,,,,
Francisco Canaro,Orquesta Francisco Canaro,1953-03-20,Esta Noche Me Emborracho,,Tango,Alberto Arenas,Odeón,,18824,55699 B,Enrique Discépolo,Enrique Discépolo,,50-59 50s,,,,,,,,,
Francisco Canaro,Orquesta Francisco Canaro,1953-03-20,Mano a Mano,Viejo Bandoneón,Tango,Alberto Arenas,Odeón,,18823,55671 A,Carlos Razzano,Celedonio Flores,,50-59 50s,,,,,,,,,
Francisco Canaro,Orquesta Francisco Canaro,1953-03-25,El Chino Pantaleón,,Milonga,Alberto Arenas Y Mario Alonso,Odeón,,18832,55736 B,Francisco Canaro,Francisco Canaro,,50-59 50s,,,,,,,,,
Francisco Canaro,Orquesta Francisco Canaro,1953-03-25,Griseta,Grisetta | Grisette,Tango,Mario Alonso,Odeón,,18831,55736 A,Enrique Delfino,José Castillo,,50-59 50s,,,,,,,,,
Francisco Canaro,Orquesta Francisco Canaro,1953-03-31,Cimarrona,,Vals,Alberto Arenas,Odeón,,18845,55658 A,Fausto Frontera,Cátulo Castillo,,50-59 50s,,,,,,,,,
Francisco Canaro,Orquesta Francisco Canaro,1953-03-31,Compadre Que Le Va a Hacer,,Milonga,Alberto Arenas,Odeón,,18846,55657 B,Aníbal Troilo,José Razzano,,50-59 50s,,,,,,,,,
Francisco Canaro,Orquesta Francisco Canaro,1953-04-10,Aquí Parado en la Esquina,,Tango,Mario Alonso,Odeón,,18859,55658 B,Rafael Rossi,Alfredo Bigeschi,,50-59 50s,,,,,,,,,
Francisco Canaro,Orquesta Francisco Canaro,1953-04-10,Con Poca Plata,,Tango,Mario Alonso,Odeón,,18858,55657 A,Antonio Arcieri,José Terragno,,50-59 50s,,,,,,,,,
Francisco Canaro,Orquesta Francisco Canaro,1953-08-14,Del Suburbio,,Tango,Alberto Arenas,Odeón,,19063,55762 B,Oscar Sabino,Víctor Lamanna,,50-59 50s,,,,,,,,,
Francisco Canaro,Quinteto Pirincho,1953-08-14,Una Canción,,Tango,Mario Alonso,Odeón,,19062,55762 A,Aníbal Troilo,Cátulo Castillo,,50-59 50s,,,,,,,,,
Francisco Canaro,Orquesta Francisco Canaro,1953-08-14,Una Noche de Garufa,,Tango,Instrumental,Odeón,,19064,55820 A,Eduardo Arolas,Gabriel Clausi,,50-59 50s,,,,,,,,,
Francisco Canaro,Quinteto Pirincho,1953-11-23,El Tigre,,Tango,Instrumental,Odeón,,19244,55841 A,Francisco Canaro,,,50-59 50s,,,,,,,,,
Francisco Canaro,Orquesta Francisco Canaro,1954-01-04,Cara Dura,,Tango,Instrumental,Odeón,,19343,55897 B,Ernesto Ponzio,,,50-59 50s,,,,,,,,,
Francisco Canaro,Quinteto Pirincho,1954-01-04,Envidia,,Tango,Mario Alonso,Odeón,,19340,55877 B,Francisco Canaro,"José Castillo, Antonio Botta, Luis Amadori",,50-59 50s,,,,,,,,,
Francisco Canaro,Orquesta Francisco Canaro,1954-01-04,Noches de Amor,,Vals,Instrumental,Odeón,,19342,55897 A,Francisco Canaro,,,50-59 50s,,,,,,,,,
Francisco Canaro,Orquesta Francisco Canaro,1954-01-04,Tomá Estas Monedas,,Tango,Alberto Arenas,Odeón,,19341,55877 A,Juan Salamanca,"Juan D'Arienzo, Fulvio Salamanca, Carlos Bahr",,50-59 50s,,,,,,,,,
Francisco Canaro,Orquesta Francisco Canaro,1954-03-30,Cómo Querés Que Te Quiera,,Tango,Alberto Arenas,Odeón,,19419,55914 B,Héctor Marcó,Héctor Marcó,,50-59 50s,,,,,,,,,
Francisco Canaro,Quinteto Pirincho,1954-03-30,Prohibido,,Tango,Mario Alonso,Odeón,,19420,55914 A,Bernardo Sucher,Carlos Bahr,,50-59 50s,,,,,,,,,
Francisco Canaro,Quinteto Pirincho,1954-05-28,A su Majestad,,Tango,Instrumental,Odeón,,19503,55953 B,Juan Canaro,,,50-59 50s,,,,,,,,,
Francisco Canaro,Orquesta Francisco Canaro,1954-05-28,Taquito Militar,,Milonga,Instrumental,Odeón,,19502,55953 A,Mariano Mores,,,50-59 50s,,,,,,,,,
Francisco Canaro,Orquesta Francisco Canaro,1954-07-19,De Mi Barrio,,Tango,Mario Alonso,Odeón,,19585,55983 A,Roberto Goyeneche,Roberto Goyeneche,,50-59 50s,,,,,,,,,
Francisco Canaro,Orquesta Francisco Canaro,1954-07-19,Pedime Lo Que Querés,Pedime Lo Que Quieras,Tango,Alberto Arenas,Odeón,,19584,55983 B,Francisco Canaro,Juan Caruso,,50-59 50s,,,,,,,,,
Francisco Canaro,Orquesta Francisco Canaro,1954-07-23,El Choclo,Kiss Of Fire,Tango,Tita Merello,Odeón,,19596,61002 A,Ángel Villoldo,Ángel Villoldo,,50-59 50s,,,,,,,,,
Francisco Canaro,Quinteto Pirincho,1954-07-23,Se Dice de Mí,,Milonga,Tita Merello,Odeón,,19597,61002 B,Francisco Canaro,Ivo Pelay,,50-59 50s,,,,,,,,,
Francisco Canaro,Quinteto Pirincho,1954-08-02,En el Séptimo Cielo,,Tango,Instrumental,Odeón,,19616,51616 B,Manuel Campoamor,,,50-59 50s,,,,,,,,,
Francisco Canaro,Quinteto Pirincho,1954-08-02,Se Dice de Mí,,Milonga,Instrumental,Odeón,,19617,51616 A,Francisco Canaro,Ivo Pelay,,50-59 50s,,,,,,,,,
Francisco Canaro,Quinteto Pirincho,1954-11-17,Pimienta,Pimient,Tango,Instrumental,Odeón,,19815,51640 A,Osvaldo Fresedo,,,50-59 50s,,,,,,,,,
Francisco Canaro,Orquesta Francisco Canaro,1954-11-17,Viviré con Tu Recuerdo,,Vals,Instrumental,Odeón,,19816,51640 B,Francisco Canaro,Ivo Pelay,,50-59 50s,,,,,,,,,
Francisco Canaro,Quinteto Pirincho,1954-12-29,Lilac,The Lilac Tango,Tango,Instrumental,Odeón,,19901,51655 A,Harry Acres,,,50-59 50s,,,,,,,,,
Francisco Canaro,Orquesta Francisco Canaro,1955-01-31,La Cumparsita,Si Supieras,Tango,Instrumental,Odeón,,19976,51701 A,Gerardo Rodríguez,"Pascual Contursi, Enrique Maroni, Gerardo Rodríguez",,50-59 50s,,,,,,,,,
Francisco Canaro,Orquesta Francisco Canaro,1955-03-01,Arrabalera,,Tango,Tita Merello,Odeón,,19981,61006 A,Sebastián Piana,Cátulo Castillo,,50-59 50s,,,,,,,,,
Francisco Canaro,Quinteto Pirincho,1955-03-08,Cara Sucia,,Tango,Juan Carlos Rolon,Odeón,,19991,51691 A,Francisco Canaro,Juan Caruso,,50-59 50s,,,,,,,,,
Francisco Canaro,Orquesta Francisco Canaro,1955-03-08,Nueve Puntos,9 Puntos,Tango,Instrumental,Odeón,,19993,51701 B,Francisco Canaro,,,50-59 50s,,,,,,,,,
Francisco Canaro,Orquesta Francisco Canaro,1955-03-31,Al Compás del Corazón,Late un Corazón,Tango,Juan Carlos Rolon,Odeón,,20000,51714 A,Domingo Federico,Homero Expósito,,50-59 50s,,,,,,,,,
Francisco Canaro,Quinteto Pirincho,1955-03-31,Noches de Colón,,Tango,Alberto Arenas,Odeón,,20041,51714 B,Raúl De Los Hoyos,Roberto Cayol,,50-59 50s,,,,,,,,,
Francisco Canaro,Orquesta Francisco Canaro,1955-04-28,El Apache Argentino,,Tango,Instrumental,Odeón,,20123,51719 A,Manuel Aróztegui,,,50-59 50s,,,,,,,,,
Francisco Canaro,Orquesta Francisco Canaro,1955-05-30,Bodas de Oro con el Tango,,Tango,Instrumental,Odeón,,20197,51750 B,Oscar Sabino,,,50-59 50s,,,,,,,,,
Francisco Canaro,Orquesta Francisco Canaro,1955-05-30,Pájaro Silvestre,,Tango,Instrumental,Odeón,,20196,51750 A,Francisco Canaro,,,50-59 50s,,,,,,,,,
Francisco Canaro,Orquesta Francisco Canaro,1955-06-25,Copa de Ajenjo,,Tango,Tita Merello,Odeón,,20271,61007 A,Juan Canaro,Carlos Pesce,,50-59 50s,,,,,,,,,
Francisco Canaro,Orquesta Francisco Canaro,1955-06-25,Qué Hacés Qué Hacés,,Tango,Tita Merello,Odeón,,20272,61007 B,José Di Clemente,Jesús Blanco,,50-59 50s,,,,,,,,,
Francisco Canaro,Orquesta Francisco Canaro,1955-06-30,El Día Que Me Quieras,The Day You Love Me,Tango,Juan Carlos Rolon,Odeón,,20292,51793 B,Carlos Gardel,Alfredo Le Pera,,50-59 50s,,,,,,,,,
Francisco Canaro,Orquesta Francisco Canaro,1955-06-30,Te Quiero,,Tango,Juan Carlos Rolon,Odeón,,20291,51793 A,Francisco Canaro,Francisco Canaro,,50-59 50s,,,,,,,,,
Francisco Canaro,Orquesta Francisco Canaro,1955-07-02,La Muchachada del Centro,La Muchacha del Centro,Tango,Tita Merello,Odeón,,20299,61011 A,Francisco Canaro,Ivo Pelay,,50-59 50s,,,,,,,,,
Francisco Canaro,Quinteto Pirincho,1955-07-02,La Payasa,,Tango,Tita Merello,Odeón,,20298,,Feliciano Latasa,,,50-59 50s,,,,,,,,,
Francisco Canaro,Orquesta Francisco Canaro,1955-07-25,Joaquina,,Tango,Instrumental,Odeón,,20358,51774 A,Juan Bergamino,,,50-59 50s,,,,,,,,,
Francisco Canaro,Orquesta Francisco Canaro,1955-08-02,Las Vueltas de la Vida,,Tango,Alberto Arenas,Odeón,,20369,51814 B,Francisco Canaro,Manuel Romero,,50-59 50s,,,,,,,,,
Francisco Canaro,Quinteto Pirincho,1955-08-02,Malena,,Tango,Juan Carlos Rolon,Odeón,,20368,51814 A,Lucio Demare,Homero Manzi,,50-59 50s,,,,,,,,,
Francisco Canaro,Quinteto Pirincho,1955-10-25,Bajo el Cielo Azul,,Vals,Instrumental,Odeón,,20520,51827 B,Francisco Canaro,Ivo Pelay,,50-59 50s,,,,,,,,,
Francisco Canaro,Orquesta Francisco Canaro,1955-10-25,El Once,A Divertirse,Tango,Instrumental,Odeón,,20519,51827 A,Osvaldo Fresedo,Emilio Fresedo,,50-59 50s,,,,,,,,,
Francisco Canaro,Orquesta Francisco Canaro,1955-11-13,Siga el Corso,,Tango,Carlos Gardel,Odeón,,20670,61010 B,Anselmo Aieta,Francisco Jiménez,,50-59 50s,,,,,,,,,
Francisco Canaro,Quinteto Pirincho,1955-11-13,Yira Yira,Yira Yira,Tango,Carlos Gardel,Odeón,,20671,61010 A,Enrique Discépolo,Enrique Discépolo,,50-59 50s,,,,,,,,,
Francisco Canaro,Quinteto Pirincho,1955-12-27,La Trampera,,Milonga,Instrumental,Odeón,,20684,51861 B,Aníbal Troilo,,,50-59 50s,,,,,,,,,
Francisco Canaro,Quinteto Pirincho,1955-12-27,Qué Tal,,Tango,Instrumental,Odeón,,20685,51861 A,Francisco Canaro,,,50-59 50s,,,,,,,,,
Francisco Canaro,Quinteto Pirincho,1955-12-30,El Gavilán,,Tango,Instrumental,Odeón,,20694,51874 B,Francisco Canaro,,,50-59 50s,,,,,,,,,
Francisco Canaro,Orquesta Francisco Canaro,1955-12-30,El Irresistible,,Tango,Instrumental,Odeón,,20693,51874 A,Lorenzo Logatti,Carlos Pesce,,50-59 50s,,,,,,,,,
Francisco Canaro,Orquesta Francisco Canaro,1956-04-12,Café Para Dos,,Tango,Alberto Arenas,Odeón,,20897,51954 A,Francisco Canaro,Francisco Canaro,,50-59 50s,,,,,,,,,
Francisco Canaro,Quinteto Pirincho,1956-04-12,Me Gusta Bailar Milonga,,Milonga,Alberto Arenas,Odeón,,20898,51954 B,Pintín Castellanos,Pintín Castellanos,,50-59 50s,,,,,,,,,
Francisco Canaro,Quinteto Pirincho,1956-04-13,Canaro en París,Canaro en París,Tango,Instrumental,Odeón,,20904,51093 A,Alejandro Caldarella,José Scarpino,,50-59 50s,,,,,,,,,
Francisco Canaro,Quinteto Pirincho,1956-04-13,Vibraciones del Alma,,Vals,Instrumental,Odeón,,20903,51085 A,Francisco Canaro,,,50-59 50s,,,,,,,,,
Francisco Canaro,Quinteto Pirincho,1956-04-24,Derecho Viejo,,Tango,Instrumental,Odeón,,20930,51085 B,Eduardo Arolas,Gabriel Clausi,,50-59 50s,,,,,,,,,
Francisco Canaro,Orquesta Francisco Canaro,1956-04-24,Mano Brava,,Tango,Instrumental,Odeón,,20929,51093 B,Francisco Canaro,,,50-59 50s,,,,,,,,,
Francisco Canaro,Orquesta Francisco Canaro,1956-04-26,Historia de un Amor,,Tango,Juan Carlos Rolon,Odeón,,20936,51926 A,Carlos Almarán,Carlos Almarán,,50-59 50s,,,,,,,,,
Francisco Canaro,Orquesta Francisco Canaro,1956-05-18,Bandoneón Arrabalero,,Tango,Carlos Gardel,Odeón,,20991,61013 B,Juan Deambroggio,Pascual Contursi,,50-59 50s,,,,,,,,,
Francisco Canaro,Orquesta Francisco Canaro,1956-05-18,Chorra,,Tango,Carlos Gardel,Odeón,,20990,61013 A,Enrique Discépolo,Enrique Discépolo,,50-59 50s,,,,,,,,,
Francisco Canaro,Orquesta Francisco Canaro,1956-05-30,Confesión,,Tango,Dalva De Oliveira,Odeón,,21024,74318 B,Enrique Discépolo,Enrique Amadori,,50-59 50s,,,,,,,,,
Francisco Canaro,Quinteto Pirincho,1956-05-30,El Pañuelito,,Tango,Dalva De Oliveira,Odeón,,21023,74318 A,Juan Filiberto,Gabino Peñaloza,,50-59 50s,,,,,,,,,
Francisco Canaro,Quinteto Pirincho,1956-06-08,Adoración,,Vals,Instrumental,Odeón,,21069,51982 B,Pedro Argüello,,,50-59 50s,,,,,,,,,
Francisco Canaro,Quinteto Pirincho,1956-06-08,El Favorito,,Milonga,Instrumental,Odeón,,21068,51982 A,Francisco Canaro,,,50-59 50s,,,,,,,,,
Francisco Canaro,Quinteto Pirincho,1956-06-08,Olga,,Vals,Instrumental,Odeón,,21066,51092 A,Francisco Peña,,,50-59 50s,,,,,,,,,
Francisco Canaro,Orquesta Francisco Canaro,1956-06-08,Pan Nuestro,,Tango,Instrumental,Odeón,,21067,51092 B,Juan Noli,Ernesto Noli,,50-59 50s,,,,,,,,,
Francisco Canaro,Orquesta Francisco Canaro,1956-06-14,Niño Bien,,Tango,Tita Merello,Odeón,,21080,61015 A,Juan Collazo,Víctor Fontaina,,50-59 50s,,,,,,,,,
Francisco Canaro,Orquesta Francisco Canaro,1956-06-14,Pipistrela,,Tango,Tita Merello,Odeón,,21081,61015 B,Juan Canaro,Fernando Ochoa,,50-59 50s,,,,,,,,,
Francisco Canaro,Orquesta Francisco Canaro,1956-06-15,Copa de Silencio,,Tango,Alberto Arenas,Odeón,,21084,51978 B,Alberto Arenas,Alberto Arenas,,50-59 50s,,,,,,,,,
Francisco Canaro,Orquesta Francisco Canaro,1956-09-17,La Calesita,,Tango,Juan Carlos Rolon,Odeón,,21323,52019 A,Mariano Mores,Cátulo Castillo,,50-59 50s,,,,,,,,,
Francisco Canaro,Quinteto Pirincho,1956-09-17,Meditación Maleva,,Tango,Guillermo Rico,Odeón,,21324,52019 B,Oscar Sabino,Víctor Lamanna,,50-59 50s,,,,,,,,,
Francisco Canaro,Quinteto Pirincho,1956-09-19,Corralera,,Milonga,Instrumental,Odeón,,21334,52023 B,Anselmo Aieta,,,50-59 50s,,,,,,,,,
Francisco Canaro,Orquesta Francisco Canaro,1956-09-19,El Pillín,,Tango,Instrumental,Odeón,,21333,52023 A,Francisco Canaro,,,50-59 50s,,,,,,,,,
Francisco Canaro,Orquesta Francisco Canaro,1956-09-20,Destellos,,Tango,Juan Carlos Rolon,Odeón,,21338,DSOA/E 1591 A,Francisco Canaro,Juan Caruso,,50-59 50s,,,,,,,,,
Francisco Canaro,Orquesta Francisco Canaro,1956-09-20,La Barra Fuerte,,Tango,Instrumental,Odeón,,21336,52055 A,Francisco Canaro,,,50-59 50s,,,,,,,,,
Francisco Canaro,Orquesta Francisco Canaro,1956-09-20,Te Quiero,,Tango,Juan Carlos Rolon,Odeón,,21339,LDS 255 B,Francisco Canaro,Francisco Canaro,,50-59 50s,,,,,,,,,
Francisco Canaro,Orquesta Francisco Canaro,1956-09-20,Vibraciones del Alma,,Vals,Instrumental,Odeón,,21337,52055 B,Francisco Canaro,,,50-59 50s,,,,,,,,,
Francisco Canaro,Orquesta Francisco Canaro,1956-09-25,Café Para Dos,,Tango,Guillermo Rico,Odeón,,21351,51954 A,Francisco Canaro,Francisco Canaro,,50-59 50s,,,,,,,,,
Francisco Canaro,Orquesta Francisco Canaro,1956-09-25,La Última Copa,,Tango,Guillermo Rico,Odeón,,21352,DSOA/E 1591 B,Francisco Canaro,Juan Caruso,,50-59 50s,,,,,,,,,
Francisco Canaro,Orquesta Francisco Canaro,1956-09-28,Corazón Encadenado,,Tango,Juan Carlos Rolon,Odeón,,21364,LDS 255 B,Francisco Canaro,Ivo Pelay,,50-59 50s,,,,,,,,,
Francisco Canaro,Orquesta Francisco Canaro,1956-09-28,Tangon,,Tango,Guillermo Rico,Odeón,,21365,DSOA/E 1591 B,Francisco Canaro,,,50-59 50s,,,,,,,,,
Francisco Canaro,Orquesta Francisco Canaro,1956-10-03,Cambalache,,Tango,Tita Merello,Odeón,,21383,61016 A,Enrique Discépolo,Enrique Discépolo,,50-59 50s,,,,,,,,,
Francisco Canaro,Orquesta Francisco Canaro,1956-10-08,Madame Ivonne,Madame Yvonne | Madame Yvone,Tango,Carlos Gardel,Odeón,,21395,61018 A,Eduardo Pereyra,Enrique Cadícamo,,50-59 50s,,,,,,,,,
Francisco Canaro,Orquesta Francisco Canaro,1956-10-08,Madre Hay una Sola,,Tango,Carlos Gardel,Odeón,,21394,61018 B,Agustín Bardi,José De La Vega,,50-59 50s,,,,,,,,,
Francisco Canaro,Orquesta Francisco Canaro,1956-10-16,Es Mejor,,Tango,Juan Carlos Rolon,Odeón,,21420,52043 B,Miguel Rubens,Miguel Rubens,,50-59 50s,,,,,,,,,
Francisco Canaro,Orquesta Francisco Canaro,1956-10-16,Mi Promesa,,Tango,Juan Carlos Rolon Y Guillermo Rico,Odeón,,21421,52043 A,Alfredo De Angelis,José Rótulo,,50-59 50s,,,,,,,,,
Francisco Canaro,Orquesta Francisco Canaro,1956-11-16,Cuando No Existas Más,,Tango,Juan Carlos Rolon,Odeón,,21552,52077 A,Antonio D'Alessandro,José Contursi,,50-59 50s,,,,,,,,,
Francisco Canaro,Quinteto Pirincho,1956-11-16,Los Adioses,,Tango,Juan Carlos Rolon,Odeón,,21553,52077 B,Donato Bove,Juan Patrón,,50-59 50s,,,,,,,,,
Francisco Canaro,Quinteto Pirincho,1956-11-21,El Pardo Cejas,,Tango,Instrumental,Odeón,,21567,52069 A,Prudencio Aragón,Antonio Polito,,50-59 50s,,,,,,,,,
Francisco Canaro,Orquesta Francisco Canaro,1956-11-21,Tana Linda,,Tango,Instrumental,Odeón,,21568,52069 B,Rafael Canaro,,,50-59 50s,,,,,,,,,
Francisco Canaro,Orquesta Francisco Canaro,1956-11-22,Mañana,,Tango,Tita Merello,Odeón,,21572,61017 B,Anselmo Aieta,Ivo Pelay,,50-59 50s,,,,,,,,,
Francisco Canaro,Orquesta Francisco Canaro,1956-11-22,Tranquilo Viejo Tranquilo,,Tango,Tita Merello,Odeón,,21571,61017 A,Francisco Canaro,Ivo Pelay,,50-59 50s,,,,,,,,,
Francisco Canaro,Orquesta Francisco Canaro,1956-11-30,Porteña,,Vals,Carlos Lombardi,Odeón,,21613,,Carlos Lombardi,,,50-59 50s,,,,,,,,,
Francisco Canaro,Orquesta Francisco Canaro,1956-11-30,Yo También Soñé,,Tango,Carlos Lombardi,Odeón,,21612,,Francisco Canaro,,,50-59 50s,,,,,,,,,
Francisco Canaro,Quinteto Pirincho,1956-12-14,Muriéndome de Amor,,Tango,Guillermo Rico,Odeón,,21677,52097 B,Bernardo Sucher,Carlos Bahr,,50-59 50s,,,,,,,,,
Francisco Canaro,Quinteto Pirincho,1956-12-19,Canillita,Canillita (No 1),Tango,Instrumental,Odeón,,21706,52110 B,Francisco Canaro,,,50-59 50s,,,,,,,,,
Francisco Canaro,Orquesta Francisco Canaro,1956-12-19,El Talar,,Tango,Instrumental,Odeón,,21705,52110 A,Prudencio Aragón,Antonio Polito,,50-59 50s,,,,,,,,,
Francisco Canaro,Orquesta Francisco Canaro,1957-01-02,Casas Viejas,,Tango,Juan Carlos Rolon,Odeón,,21739,52122 A,Francisco Canaro,Ivo Pelay,,50-59 50s,,,,,,,,,
Francisco Canaro,Quinteto Pirincho,1957-01-02,Casi Caminando,,Tango,Juan Carlos Rolon,Odeón,,21738,52122 B,Cristóbal Bernal,Francisco Yoni,,50-59 50s,,,,,,,,,
Francisco Canaro,Quinteto Pirincho,1957-01-31,Marianito,Manou,Tango,Instrumental,Odeón,,21834,52192 A,Domingo Salerno,,,50-59 50s,,,,,,,,,
Francisco Canaro,Orquesta Francisco Canaro,1957-01-31,Zorro Gris,,Tango,Instrumental,Odeón,,21835,52192 B,Rafael Tuegols,Francisco Jiménez,,50-59 50s,,,,,,,,,
Francisco Canaro,Orquesta Francisco Canaro,1957-04-15,Cuando Mi China Se Fue,,Milonga,Alberto Arenas Y Juan Carlos Rolon,Odeón,,22001,52136 B,Francisco Canaro,Francisco Canaro,,50-59 50s,,,,,,,,,
Francisco Canaro,Orquesta Francisco Canaro,1957-05-09,Fumando Espero,,Tango,Dalva De Oliveira,Odeón,,22085,MODB 3083 B,Juan Masanas,Félix Garzo,,50-59 50s,,,,,,,,,
Francisco Canaro,Orquesta Francisco Canaro,1957-05-09,Yira Yira,Yira Yira,Tango,Dalva De Oliveira,Odeón,,22086,14231 A,Enrique Discépolo,Enrique Discépolo,,50-59 50s,,,,,,,,,
Francisco Canaro,Orquesta Francisco Canaro,1957-05-12,Limosna de Amor,,Tango,Juan Carlos Rolon,Odeón,,22097,52162 B,Donato Racciatti,Enrique Soriano,,50-59 50s,,,,,,,,,
Francisco Canaro,Orquesta Francisco Canaro,1957-05-17,Che Papusa Oí,Che Papusa Vem,Tango,Dalva De Oliveira,Odeón,,22107,MODB 3083 B,Gerardo Rodríguez,"Enrique Cadícamo, Barbosa",,50-59 50s,,,,,,,,,
Francisco Canaro,Orquesta Francisco Canaro,1957-05-17,Sus Ojos Se Cerraron,,Tango,Dalva De Oliveira,Odeón,,22108,14231 B,Carlos Gardel,Alfredo Le Pera,,50-59 50s,,,,,,,,,
Francisco Canaro,Orquesta Francisco Canaro,1957-05-20,La Última Copa,,Tango,Dalva De Oliveira,Odeón,,22112,74351 B,Francisco Canaro,Juan Caruso,,50-59 50s,,,,,,,,,
Francisco Canaro,Orquesta Francisco Canaro,1957-05-20,Tristeza Marina,,Tango,Dalva De Oliveira,Odeón,,22111,74351 A,José Flores,Horacio Sanguinetti,,50-59 50s,,,,,,,,,
Francisco Canaro,Orquesta Francisco Canaro,1957-05-24,La Copa del Olvido,A Taça Do Esquecimento,Tango,Dalva De Oliveira,Odeón,,22128,MOFB 3227 A,Enrique Delfino,Alberto Vacarezza,,50-59 50s,,,,,,,,,
Francisco Canaro,Orquesta Francisco Canaro,1957-05-24,Oro y Plata,Ouro e Prata,Milonga,Dalva De Oliveira,Odeón,,22127,Released in Brazil,Charlo,,,50-59 50s,,,,,,,,,
Francisco Canaro,Orquesta Francisco Canaro,1957-08-19,Cuando el Amor,,Tango,Juan Carlos Rolon,Odeón,,22378,DSOA 1101 B,Francisco Canaro,Francisco Canaro,,50-59 50s,,,,,,,,,
Francisco Canaro,Quinteto Pirincho,1957-08-19,Noche Deseada,Noche Estrellada,Vals,Juan Carlos Rolon,Odeón,,22379,DSOA 1101 A,Francisco Canaro,"Guillermo Pelay, Horacio Pelay",,50-59 50s,,,,,,,,,
Francisco Canaro,Quinteto Pirincho,1957-09-02,Mala Junta,,Tango,Instrumental,Odeón,,22428,52238 B,Julio Laurenz,Juan Velich,,50-59 50s,,,,,,,,,
Francisco Canaro,Orquesta Francisco Canaro,1957-09-02,Milonga del Tiempo Heroico,,Milonga,Instrumental,Odeón,,22427,52238 A,Francisco Canaro,,,50-59 50s,,,,,,,,,
Francisco Canaro,Orquesta Francisco Canaro,1957-09-12,Cuando el Dolor Hiere el Alma,,Tango,Juan Carlos Rolon,Odeón,,22478,52266 A,Francisco Canaro,Francisco Canaro,,50-59 50s,,,,,,,,,
Francisco Canaro,Orquesta Francisco Canaro,1957-09-12,Laburo,,Milonga,Juan Carlos Rolon,Odeón,,22479,52266 B,Francisco Canaro,"Guillermo Pelay, Horacio Pelay",,50-59 50s,,,,,,,,,
Francisco Canaro,Orquesta Francisco Canaro,1957-09-13,Bambu,,Milonga,Instrumental,Odeón,,22483,52267 B,Francisco Canaro,,,50-59 50s,,,,,,,,,
Francisco Canaro,Orquesta Francisco Canaro,1958-03-17,Buenas Noches Buenos Aires,,Tango,Marcelo Paz,Odeón,,22921,52315 A,Sebastián Piana,Osvaldo Cordero,,50-59 50s,,,,,,,,,
Francisco Canaro,Orquesta Francisco Canaro,1958-03-17,Un Recuerdo Nada Más,,Tango,Marcelo Paz,Odeón,,22922,52315 B,Julián Sanmarco,Julián Sanmarco,,50-59 50s,,,,,,,,,
Francisco Canaro,Quinteto Pirincho,1958-03-31,Mirlo Blanco,,Tango,Instrumental,Odeón,,22934,DSOA/E 1632 A,Francisco Canaro,,,50-59 50s,,,,,,,,,
Francisco Canaro,Quinteto Pirincho,1958-04-21,Bailonga,,Milonga,Instrumental,Odeón,,23006,52338 A,Mariano Mores,,,50-59 50s,,,,,,,,,
Francisco Canaro,Quinteto Pirincho,1958-04-21,Bronce,,Tango,Instrumental,Odeón,,23007,52338 B,Oscar Sabino,,,50-59 50s,,,,,,,,,
Francisco Canaro,Quinteto Pirincho,1958-05-26,A Mi Madre,Pobre Madre,Vals,Instrumental,Odeón,,23108,51094 B,Francisco Peña,,,50-59 50s,,,,,,,,,
Francisco Canaro,Quinteto Pirincho,1958-05-26,Canción de Arrabal,,Tango,,Odeón,,23107,52421 B,Francisco Canaro,Francisco Canaro,,50-59 50s,,,,,,,,,
Francisco Canaro,Orquesta Francisco Canaro,1958-08-28,El Firulete,,Milonga,Instrumental,Odeón,,23419,52421 A,Mariano Mores,Rodolfo Taboada,,50-59 50s,,,,,,,,,
Francisco Canaro,Orquesta Francisco Canaro,1958-08-28,Marinera,,Tango,Marcelo Paz,Odeón,,23418,52404 A,Pedro Laurenz,Carlos Marín,,50-59 50s,,,,,,,,,
Francisco Canaro,Quinteto Pirincho,1958-08-28,Qué Me Importa Tu Pasado,,Tango,Marcelo Paz,Odeón,,23417,52404 B,Retama,Roberto Giménez,,50-59 50s,,,,,,,,,
Francisco Canaro,Quinteto Pirincho,1959-03-24,Boedo,,Tango,Instrumental,Odeón,,23893,52485 B,Julio De Caro,Dante Linyera,,50-59 50s,,,,,,,,,
Francisco Canaro,Quinteto Pirincho,1959-03-24,Recordando el 900,,Tango,Instrumental,Odeón,,23892,52485 A,Francisco Canaro,,,50-59 50s,,,,,,,,,
Francisco Canaro,Quinteto Pirincho,1959-04-09,El Irresistible,,Tango,Instrumental,Odeón,,23936,DSOA/E 1831 A,Lorenzo Logatti,Carlos Pesce,,50-59 50s,,,,,,,,,
Francisco Canaro,Quinteto Pirincho,1959-04-09,El Porteñito,,Tango,Instrumental,Odeón,,23933,51094 A,Ángel Villoldo,Ángel Villoldo,,50-59 50s,,,,,,,,,
Francisco Canaro,Quinteto Pirincho,1959-04-09,He Nacido en Buenos Aires,,Tango,Instrumental,Odeón,,23937,,,,,50-59 50s,,,,,,,,,
Francisco Canaro,Quinteto Pirincho,1959-04-09,Hotel Victoria,Gran Hotel Victoria,Tango,Instrumental,Odeón,,23935,LDS 758 A,Feliciano Latasa,Carlos Pesce,,50-59 50s,,,,,,,,,
Francisco Canaro,Quinteto Pirincho,1959-04-09,La Cara de la Luna,La Cara de la Luna,Tango,Instrumental,Odeón,,23934,LDS 758 A,Manuel Campoamor,,,50-59 50s,,,,,,,,,
Francisco Canaro,Quinteto Pirincho,1959-04-15,Don Juan,Mozos Guapos,Tango,Instrumental,Odeón,,23958,DSOA/E 1744 B,Ernesto Ponzio,Ricardo Podestá,,50-59 50s,,,,,,,,,
Francisco Canaro,Quinteto Pirincho,1959-04-15,El Choclo,Kiss Of Fire,Tango,Instrumental,Odeón,,23957,DSOA/E 1803 A,Ángel Villoldo,"Juan Catán, Enrique Discépolo",,50-59 50s,,,,,,,,,
Francisco Canaro,Quinteto Pirincho,1959-04-15,El Entrerriano,El Entrerriano,Tango,Instrumental,Odeón,,23956,DSOA/E 1803 A,Rosendo Mendizábal,Ernesto Amor,,50-59 50s,,,,,,,,,
Francisco Canaro,Quinteto Pirincho,1959-04-15,He Nacido en Buenos Aires,,Tango,Instrumental,Odeón,,23959,,,,,50-59 50s,,,,,,,,,
Francisco Canaro,Quinteto Pirincho,1959-04-15,Rodríguez Peña,Rodríguez Peña,Tango,Instrumental,Odeón,,23955,DSOA/E 1744 B,Vicente Greco,"Ernesto Temes, Juan Velich, Rafael Velich",,50-59 50s,,,,,,,,,
Francisco Canaro,Quinteto Pirincho,1959-04-22,Che Papusa Oí,,Tango,Instrumental,Odeón,,23979,DTOA/E 2066 B,Gerardo Rodríguez,Enrique Cadícamo,,50-59 50s,,,,,,,,,
Francisco Canaro,Quinteto Pirincho,1959-04-22,El Marne,,Tango,Instrumental,Odeón,,23978,DSOA/E 1744 A,Eduardo Arolas,Gabriel Clausi,,50-59 50s,,,,,,,,,
Francisco Canaro,Quinteto Pirincho,1959-04-22,El Pollito,,Tango,Instrumental,Odeón,,23976,DSOA/E 1803 B,Francisco Canaro,,,50-59 50s,,,,,,,,,
Francisco Canaro,Quinteto Pirincho,1959-04-22,La Morocha,,Tango,Instrumental,Odeón,,23977,DSOA/E 1744 A,Enrique Saborido,Ángel Villoldo,,50-59 50s,,,,,,,,,
Francisco Canaro,Quinteto Pirincho,1959-04-29,Alma de Bohemio,,Tango,Instrumental,Odeón,,24003,LDS 758 A,Roberto Firpo,Juan Caruso,,50-59 50s,,,,,,,,,
Francisco Canaro,Quinteto Pirincho,1959-04-29,El Alacrán,,Tango,Instrumental,Odeón,,24002,LDS 758 B,Francisco Canaro,,,50-59 50s,,,,,,,,,
Francisco Canaro,Quinteto Pirincho,1959-04-29,La Cumparsita,Si Supieras,Tango,Instrumental,Odeón,,24000,DSOA/E 1831 B,Gerardo Rodríguez,"Pascual Contursi, Enrique Maroni, Gerardo Rodríguez",,50-59 50s,,,,,,,,,
Francisco Canaro,Orquesta Francisco Canaro,1959-04-29,Mi Noche Triste,,Tango,Carlos Gardel De Guitarras,Odeón,,24001,LDS 758 B,Samuel Castriota,Pascual Contursi,,50-59 50s,,,,,,,,,
Francisco Canaro,Orquesta Francisco Canaro,1959-07-27,No Te Doy Bolilla,No Te Doy Boliya,Tango,Marcelo Paz,Odeón,,24271,52532 B,Francisco Canaro,Francisco Canaro,,50-59 50s,,,,,,,,,
Francisco Canaro,Orquesta Francisco Canaro,1959-10-27,La Canción,Flor de Mburucuyá,Tango,Guillermo Rico,Odeón,,24643,DSOA 1232 A,Juan Filiberto,Lito Bayardo,,50-59 50s,,,,,,,,,
Francisco Canaro,Quinteto Pirincho,1959-10-27,La Novia del Alcohol,,Tango,Guillermo Rico,Odeón,,24642,DSOA 1232 B,Dante Durán,Dante Durán,,50-59 50s,,,,,,,,,
Francisco Canaro,Quinteto Pirincho,1960-03-22,El Laberinto,,Tango,Instrumental,Odeón,,24993,52594 B,Francisco Canaro,,,60-73 Final Years,,,,,,,,,
Francisco Canaro,Orquesta Francisco Canaro,1960-03-22,Entrada Prohibida,,Tango,Instrumental,Odeón,,24994,52594 A,Luis Teisseire,,,60-73 Final Years,,,,,,,,,
Francisco Canaro,Orquesta Francisco Canaro,1960-05-05,El Tango,,Tango,Eduardo Adrian,Odeón,,25260,52616 B,Francisco Canaro,Francisco Canaro,,60-73 Final Years,,,,,,,,,
Francisco Canaro,Quinteto Pirincho,1960-05-05,Tres Esperanzas,,Tango,Eduardo Adrian,Odeón,,25261,52616 A,Enrique Discépolo,Enrique Discépolo,,60-73 Final Years,,,,,,,,,
Francisco Canaro,Quinteto Pirincho,1960-08-16,Mi Coqueta,,Vals,Instrumental,Odeón,,25658,52642 B,Francisco Canaro,,,60-73 Final Years,,,,,,,,,
Francisco Canaro,Quinteto Pirincho,1960-08-16,Torta Frita,,Tango,,Odeón,,25657,52642 A,Francisco Canaro,Francisco Canaro,,60-73 Final Years,,,,,,,,,
Francisco Canaro,Quinteto Pirincho,1960-11-29,A Pan y Agua,,Tango,Instrumental,Odeón,,26265,52701 A,Juan Cobián,Enrique Cadícamo,,60-73 Final Years,,,,,,,,,
Francisco Canaro,Quinteto Pirincho,1960-11-29,Buen Amigo,,Tango,Instrumental,Odeón,,26266,52701 B,José De Caro,Juan Catán,,60-73 Final Years,,,,,,,,,
Francisco Canaro,Quinteto Pirincho,1960-12-01,Don Goyo,,Tango,Instrumental,Odeón,,25908,52677 A,Luis Bernstein,,,60-73 Final Years,,,,,,,,,
Francisco Canaro,Orquesta Francisco Canaro,1960-12-01,Orillera,,Milonga,Instrumental,Odeón,,25907,52677 B,"Oscar Bassil, Guillermo Pelay",,,60-73 Final Years,,,,,,,,,
Francisco Canaro,Orquesta Francisco Canaro,1961-07-14,Bandoneón Arrabalero,,Tango,Isabel De Grana,Odeón,,26630,52715 A,Juan Deambroggio,Pascual Contursi,,60-73 Final Years,,,,,,,,,
Francisco Canaro,Orquesta Francisco Canaro,1961-07-14,De Mi Barrio,,Tango,Isabel De Grana,Odeón,,26631,52715 B,Roberto Goyeneche,Roberto Goyeneche,,60-73 Final Years,,,,,,,,,
Francisco Canaro,Orquesta Francisco Canaro,1961-10-02,Quiero Verte una Vez Más,Viejo Gaucho,Tango,Ernesto Rondo,Odeón,,26991,52739 B,Mario Canaro,José Contursi,,60-73 Final Years,,,,,,,,,
Francisco Canaro,Orquesta Francisco Canaro,1961-12-01,Adiós Pampa Mía,,Tango,Ernesto Herrera,Odeón,,OR 8133 A,LDB 1034L,Francisco Mores,,,60-73 Final Years,,,,,,,,,
Francisco Canaro,Quinteto Pirincho,1961-12-01,Bandoneón Arrabalero,,Tango,Isabel De Grana,Odeón,,OR 8133 A,LDB 1034L,Juan Deambroggio,,,60-73 Final Years,,,,,,,,,
Francisco Canaro,Orquesta Francisco Canaro,1961-12-01,El Entrerriano,El Entrerriano,Tango,Instrumental,Odeón,,OR 8133 B,LDB 1034L,Rosendo Mendizábal,Homero Expósito,,60-73 Final Years,,,,,,,,,
Francisco Canaro,Orquesta Francisco Canaro,1961-12-01,El Esquinazo,,Milonga,Instrumental,Odeón,,OR 8133 A,LDB 1034L,Ángel Villoldo,Carlos Polito,,60-73 Final Years,,,,,,,,,
Francisco Canaro,Orquesta Francisco Canaro,1961-12-01,La Cumparsita,Si Supieras,Tango,Instrumental,Odeón,,OR 8133 A,LDB 1034L,Gerardo Rodríguez,Pascual Maroni,,60-73 Final Years,,,,,,,,,
Francisco Canaro,Orquesta Francisco Canaro,1961-12-01,Milonga del Tiempo Heroico,,Milonga,Instrumental,Odeón,,OR 8133 A,LDB 1034L,Francisco Canaro,,,60-73 Final Years,,,,,,,,,
Francisco Canaro,Quinteto Pirincho,1961-12-01,Organito de la Tarde,,Tango,Instrumental,Odeón,,OR 8133 B,LDB 1034L,Cátulo Castillo,José Castillo,,60-73 Final Years,,,,,,,,,
Francisco Canaro,Orquesta Francisco Canaro,1961-12-01,Sentimiento Gaucho,,Tango,Instrumental,Odeón,,OR 8133 B,LDB 1034L,Francisco Canaro,Juan Caruso,,60-73 Final Years,,,,,,,,,
Francisco Canaro,"Orquesta Francisco Canaro con Ernesto Herrera, Japanese Presentation By Tadao Takahashi",1961-12-01,Torta Frita,,Tango,Instrumental,Odeón,,OR 8133 B,LDB 1034L,Francisco Canaro,,,60-73 Final Years,,,,,,,,,
Francisco Canaro,Orquesta Francisco Canaro,1961-12-13,Adiós Pampa Mía,,Tango,Ernesto Herrera Y Japanese Presentation By Tadao Takahashi,Odeón,,OR 8133 A,LDB 1034L,"Francisco Canaro, Mariano Mores",Ivo Pelay,,60-73 Final Years,,,,,,,,,
Francisco Canaro,Orquesta Francisco Canaro,1961-12-21,Caminito,,Tango,Isabel De Grana Y Ernesto Herrera,Odeón,,S2AJ-1,SLDS 841 A,Juan Filiberto,Gabino Peñaloza,,60-73 Final Years,,,,,,,,,
Francisco Canaro,Orquesta Francisco Canaro,1961-12-21,Canaro en Japón,,Tango,Ernesto Herrera,Odeón,,S2AJ-1,SLDS 841 A,Francisco Canaro,Ernesto Temes,,60-73 Final Years,,,,,,,,,
Francisco Canaro,Quinteto Pirincho,1961-12-21,De Mi Barrio,,Tango,Isabel De Grana,Odeón,,S2AJ-2,SLDS 841 B,Roberto Goyeneche,Roberto Goyeneche,,60-73 Final Years,,,,,,,,,
Francisco Canaro,Orquesta Francisco Canaro,1961-12-21,El Choclo,Kiss Of Fire,Tango,Instrumental,Odeón,,S2AJ-1,SLDS 841 A,Ángel Villoldo,"Juan Catán, Enrique Discépolo",,60-73 Final Years,,,,,,,,,
Francisco Canaro,Orquesta Francisco Canaro,1961-12-21,Lo Han Visto con Otra,,Tango,Isabel De Grana,Odeón,,S2AJ-1,SLDS 841 A,Horacio Pettorossi,Horacio Pettorossi,,60-73 Final Years,,,,,,,,,
Francisco Canaro,Orquesta Francisco Canaro,1961-12-21,Yira Yira,Yira Yira,Tango,Ernesto Herrera,Odeón,,S2AJ-2,SLDS 841 B,Enrique Discépolo,Enrique Discépolo,,60-73 Final Years,,,,,,,,,
Francisco Canaro,Orquesta Francisco Canaro,1961-12-26,Canaro en París,Canaro en París,Tango,Instrumental,Odeón,,S2AJ-2,SLDS 841 B,Alejandro Caldarella,José Scarpino,,60-73 Final Years,,,,,,,,,
Francisco Canaro,Quinteto Pirincho,1961-12-26,Corazón de Oro,Corazón de Oro,Vals,,Odeón,,S2AJ-2,SLDS 841 B,Francisco Canaro,Jesús Blanco,,60-73 Final Years,,,,,,,,,
Francisco Canaro,Orquesta Francisco Canaro,1961-12-26,Felicia,,Tango,Instrumental,Odeón,,,OM-9013,Enrique Saborido,Carlos Pacheco,,60-73 Final Years,,,,,,,,,
Francisco Canaro,Orquesta Francisco Canaro,1961-12-26,La Cumparsita,Si Supieras,Tango,Instrumental,Odeón,,S2AJ-2,SLDS 841 B,Gerardo Rodríguez,"Pascual Contursi, Enrique Maroni, Gerardo Rodríguez",,60-73 Final Years,,,,,,,,,
Francisco Canaro,Orquesta Francisco Canaro,1961-12-26,Quejas de Bandoneón,Quejas de Bandoneón,Tango,Instrumental,Odeón,,S2AJ-1,SLDS 841 A,Juan Filiberto,,,60-73 Final Years,,,,,,,,,
Francisco Canaro,Quinteto Pirincho,1961-12-26,Sentimiento Gaucho,,Tango,Instrumental,Odeón,,S2AJ-2,SLDS 841 B,Francisco Canaro,Juan Caruso,,60-73 Final Years,,,,,,,,,
Francisco Canaro,Quinteto Pirincho,1962-05-11,Anoche Te Soñé,,Vals,Instrumental,Odeón,,27819,52767 A,Mario Canaro,Abel Aznar,,60-73 Final Years,,,,,,,,,
Francisco Canaro,Quinteto Pirincho,1962-05-11,Noche Buena,,Tango,Instrumental,Odeón,,27818,52767 B,Enrique Esviza,,,60-73 Final Years,,,,,,,,,
Francisco Canaro,Quinteto Pirincho,1962-08-02,Mala Sombra,,Tango,Instrumental,Odeón,,28131,DTOA 1419 A,Alberto Buchardo,,,60-73 Final Years,,,,,,,,,
Francisco Canaro,Quinteto Pirincho,1962-08-02,Negro Carbón,,Milonga,Instrumental,Odeón,,28132,DTOA 1419 B,Antonio D'Alessandro,,,60-73 Final Years,,,,,,,,,
Francisco Canaro,Quinteto Pirincho,1962-10-22,El Triunfo,,Tango,Instrumental,Odeón,,28432,DTOA 1499 A,Francisco Canaro,,,60-73 Final Years,,,,,,,,,
Francisco Canaro,Quinteto Pirincho,1962-10-22,Que Macanudo,,Tango,Instrumental,Odeón,,28433,DTOA 1499 B,Octavio Scaglione,,,60-73 Final Years,,,,,,,,,
Francisco Canaro,Quinteto Pirincho Dir. Francisco Canaro,1962-12-17,Criolla Linda,,Tango,Instrumental,Odeón,,28659,52782 B,Vicente Germino,Luis Rubistein,,60-73 Final Years,,,,,,,,,
Francisco Canaro,Orquesta Francisco Canaro,1963-09-17,Adiós Mi Amor,,Tango,Isabel De Grana Y Ernesto Herrera,Odeón,,29476,DTOA 7029 A,Francisco Canaro,Francisco Canaro,,60-73 Final Years,,,,,,,,,
Francisco Canaro,Orquesta Francisco Canaro,1964-06-15,Arrabal Amargo,,Tango,Instrumental,Odeón,,30236,,Carlos Gardel,Alfredo Le Pera,,60-73 Final Years,,,,,,,,,
Francisco Canaro,Orquesta Francisco Canaro,1964-06-15,Golondrinas,,Tango,Instrumental,Odeón,,30232,,Carlos Gardel,Alfredo Le Pera,,60-73 Final Years,,,,,,,,,
Francisco Canaro,Orquesta Francisco Canaro,1964-06-15,Por una Cabeza,,Tango,Instrumental,Odeón,,30237,,Carlos Gardel,Alfredo Le Pera,,60-73 Final Years,,,,,,,,,
Francisco Canaro,Orquesta Francisco Canaro,1964-06-15,Sus Ojos Se Cerraron,,Tango,Instrumental,Odeón,,30234,,Carlos Gardel,Alfredo Le Pera,,60-73 Final Years,,,,,,,,,
Francisco Canaro,Orquesta Francisco Canaro,1964-06-15,Volver,,Tango,Instrumental,Odeón,,30233,,Carlos Gardel,Alfredo Le Pera,,60-73 Final Years,,,,,,,,,
Francisco Canaro,Orquesta Francisco Canaro,1964-06-17,Cuesta Abajo,,Tango,Instrumental,Odeón,,30250,,Carlos Gardel,Alfredo Le Pera,,60-73 Final Years,,,,,,,,,
Francisco Canaro,Orquesta Francisco Canaro,1964-06-17,Melodía de Arrabal,,Tango,Instrumental,Odeón,,30248,,Carlos Gardel,Alfredo Battistella,,60-73 Final Years,,,,,,,,,
Francisco Canaro,Orquesta Francisco Canaro,1964-06-17,Mi Buenos Aires Querido,,Tango,Instrumental,Odeón,,30246,,Carlos Gardel,Alfredo Le Pera,,60-73 Final Years,,,,,,,,,
Francisco Canaro,Orquesta Francisco Canaro,1964-06-17,Tomo y Obligo,,Tango,Instrumental,Odeón,,30247,,Carlos Gardel,Manuel Romero,,60-73 Final Years,,,,,,,,,
Francisco Canaro,Quinteto Pirincho,1964-06-17,Volvió una Noche,,Tango,Instrumental,Odeón,,30251,,Carlos Gardel,,,60-73 Final Years,,,,,,,,,
Francisco Canaro,Quinteto Pirincho,1964-07-29,Conjuro Negro,,Milonga,Instrumental,Odeón,,30459,LDI 222 A,Alfredo Felipetti,,,60-73 Final Years,,,,,,,,,
Francisco Canaro,Quinteto Pirincho,1964-07-29,La Payanca,,Tango,Instrumental,Odeón,,30457,LDI 222 B,Augusto Berto,Jesús Bianco,,60-73 Final Years,,,,,,,,,
Francisco Canaro,Quinteto Pirincho,1964-07-29,Qué Tal,,Tango,Instrumental,Odeón,,30456,LDI 222 A,Francisco Canaro,,,60-73 Final Years,,,,,,,,,
Francisco Canaro,Orquesta Francisco Canaro,1964-07-29,Se Acabaron los Otarios,,Tango,Instrumental,Odeón,,30458,LDI 222 A,Francisco Canaro,Juan Caruso,,60-73 Final Years,,,,,,,,,
Francisco Canaro,Orquesta Francisco Canaro,1964-10-02,Halcón Negro,,Tango,Instrumental,Odeón,,30686,DTOA 7106 A,Francisco Canaro,,,60-73 Final Years,,,,,,,,,
Francisco Canaro,Orquesta Francisco Canaro,1964-10-02,Pájaro Azul,,Tango,Instrumental,Odeón,,30687,DTOA 7106 B,Francisco Canaro,,,60-73 Final Years,,,,,,,,,
Francisco Canaro,Orquesta Francisco Canaro,1969-10-27,Golondrinas,,Tango,Argentino Ledesma,Odeón,,36563,6484 A,Carlos Gardel,Alfredo Le Pera,,60-73 Final Years,,,,,,,,,
Francisco Canaro,Orquesta Francisco Canaro,1969-10-27,Sus Ojos Se Cerraron,,Tango,Argentino Ledesma,Odeón,,36565,6484 A,Carlos Gardel,Alfredo Le Pera,,60-73 Final Years,,,,,,,,,
Francisco Canaro,Orquesta Francisco Canaro,1969-10-27,Volver,,Tango,Argentino Ledesma,Odeón,,36564,6484 A,Carlos Gardel,Alfredo Le Pera,,60-73 Final Years,,,,,,,,,
Francisco Canaro,Orquesta Francisco Canaro,1969-11-18,Mi Buenos Aires Querido,,Tango,Argentino Ledesma,Odeón,,36623,6484 A,Carlos Gardel,Alfredo Le Pera,,60-73 Final Years,,,,,,,,,
Francisco Canaro,Orquesta Francisco Canaro,1969-11-18,Por una Cabeza,,Tango,Argentino Ledesma,Odeón,,36622,6484 B,Carlos Gardel,Alfredo Le Pera,,60-73 Final Years,,,,,,,,,
Francisco Canaro,Orquesta Francisco Canaro,1969-11-26,Cuesta Abajo,,Tango,Argentino Ledesma,Odeón,,36656,6484 A,Carlos Gardel,Alfredo Le Pera,,60-73 Final Years,,,,,,,,,
Francisco Canaro,Orquesta Francisco Canaro,1969-11-26,Tomo y Obligo,,Tango,Argentino Ledesma,Odeón,,36655,6484 B,Carlos Gardel,Manuel Romero,,60-73 Final Years,,,,,,,,,
Francisco Canaro,Orquesta Francisco Canaro,1969-11-27,Volvió una Noche,,Tango,Argentino Ledesma,Odeón,,36659,6484 B,Carlos Gardel,Alfredo Le Pera,,60-73 Final Years,,,,,,,,,
Francisco Canaro,Orquesta Francisco Canaro,1973-11-07,Arrabal Amargo,,Tango,Argentino Ledesma,Odeón,,41011,6484 B,Carlos Gardel,Alfredo Le Pera,,60-73 Final Years,,,,,,,,,
Francisco Canaro,Quinteto Pirincho,1973-11-07,Melodía de Arrabal,,Tango,Argentino Ledesma,Odeón,,41010,6484 A,Carlos Gardel,Alfredo Battistella,,60-73 Final Years,,,,,,,,,
Francisco Canaro,Orquesta Francisco Canaro,,El Otario,,Tango,Instrumental,Odeón,,11198,4132 A,Gerardo Metallo,Juan Velich,,60-73 Final Years,,,,,,,,,
Francisco Canaro,Quinteto Pirincho,,Halcón Negro,,Tango,Instrumental,Odeón,,7172,4809 A,Francisco Canaro,,,60-73 Final Years,,,,,,,,,
Francisco Canaro,Quinteto Pirincho,,Nobleza de Arrabal,,Tango,Instrumental,Odeón,,679,4292 A,Francisco Canaro,Homero Manzi,,60-73 Final Years,,,,,,,,,
