Bandleader,Orchestra,Date,Title,AltTitle,Genre,Singer,Label,Master,Matrix,Disc,Composer,Author,Arranger,Grouping,Pianist,Bassist,Bandoneons,Strings,Lineup
Héctor Varela,Orquesta Héctor Varela,1950-12-04,El Flete,,Tango,Instrumental,Pampa,,,,Vicente Greco,Gerónimo Gradito,,50-54 Pampa,,,,,
Héctor Varela,Orquesta Héctor Varela,1950-12-04,El Rápido,,Tango,Instrumental,Pampa,,,,Roberto Firpo,,,50-54 Pampa,,,,,
Héctor Varela,Orquesta Héctor Varela,1950-12-04,Tal Para Cual,,Tango,Armando Laborde,Pampa,,,,Héctor Varela,Carlos Waiss,,50-54 Pampa,,,,,
Héctor Varela,Orquesta Héctor Varela,1950-12-04,Un Bailongo,,Milonga,Armando Laborde Y Rodolfo Lesica,Pampa,,,,"Carlos Gardel, José Razzano","Carlos Gardel, José Razzano",,50-54 Pampa,,,,,
Héctor Varela,Orquesta Héctor Varela,1950-12-15,Farolito Viejo,,Tango,Armando Laborde,Pampa,,,,Luis Teisseire,José Riú,,50-54 Pampa,,,,,
Héctor Varela,Orquesta Héctor Varela,1950-12-15,La Trilla,,Tango,Instrumental,Pampa,,,,Eduardo Arolas,Héctor Polito,,50-54 Pampa,,,,,
Héctor Varela,Orquesta Héctor Varela,1951-05-28,A la Gran Muñeca,,Tango,Instrumental,Pampa,,,,Jesús Ventura,Miguel Osés,,50-54 Pampa,,,,,
Héctor Varela,Orquesta Héctor Varela,1951-05-28,Yuyo Brujo,,Tango,Armando Laborde,Pampa,,,,Benjamín García,Sos Taita,,50-54 Pampa,,,,,
Héctor Varela,Orquesta Héctor Varela,1951-07-17,El Bulín de la Calle Ayacucho,,Tango,Rodolfo Lesica,Pampa,,,,"José Servidio, Luis Servidio",Celedonio Flores,,50-54 Pampa,,,,,
Héctor Varela,Orquesta Héctor Varela,1951-07-17,Sábado Inglés,,Tango,Instrumental,Pampa,,,,Juan Maglio,Eugenio Cárdenas,,50-54 Pampa,,,,,
Héctor Varela,Orquesta Héctor Varela,1951-09-24,Canaro en París,Canaro en París,Tango,Instrumental,Pampa,,,,"Alejandro Scarpino, Juan Caldarella",José Scarpino,,50-54 Pampa,,,,,
Héctor Varela,Orquesta Héctor Varela,1951-09-24,Noches de Cabaret,,Tango,Armando Laborde,Pampa,,,,Alberto Miguel,Antonio Fiasche,,50-54 Pampa,,,,,
Héctor Varela,Orquesta Héctor Varela,1951-10-26,Criolla Linda,,Tango,Instrumental,Pampa,,,,"Vicente Gorrese, Bernardo Germino",Luis Rubistein,,50-54 Pampa,,,,,
Héctor Varela,Orquesta Héctor Varela,1951-10-26,Paciencia,,Tango,Rodolfo Lesica,Pampa,,,,Juan D'Arienzo,Francisco Gorrindo,,50-54 Pampa,,,,,
Héctor Varela,Orquesta Héctor Varela,1951-11-15,Anoche a las Dos,,Tango,Armando Laborde,Pampa,,,,Raúl Hoyos,Roberto Cayol,,50-54 Pampa,,,,,
Héctor Varela,Orquesta Héctor Varela,1951-11-15,El Africano,,Tango,Instrumental,Pampa,,,,Eduardo Pereyra,Francisco Lío,,50-54 Pampa,,,,,
Héctor Varela,Orquesta Héctor Varela,1951-11-15,La Carreta,,Tango,Armando Laborde Y Rodolfo Lesica,Pampa,,,,"José Servidio, Luis Servidio",Francisco Jiménez,,50-54 Pampa,,,,,
Héctor Varela,Orquesta Héctor Varela,1951-11-15,Suipacha,,Tango,Instrumental,Pampa,,,,Eduardo Arolas,Jesús Blanco,,50-54 Pampa,,,,,
Héctor Varela,Orquesta Héctor Varela,1952-01-03,La Matraca,,Milonga,Instrumental,Pampa,,,,"Héctor Varela, Alberto Nery",,,50-54 Pampa,,,,,
Héctor Varela,Orquesta Héctor Varela,1952-01-03,Patio Porteño,,Vals,Armando Laborde Y Rodolfo Lesica,Pampa,,,,"Alfonso Lacueva, Julio Nistal","Alfonso Lacueva, Julio Nistal",,50-54 Pampa,,,,,
Héctor Varela,Orquesta Héctor Varela,1952-05-07,El As de los Ases,,Tango,Rodolfo Lesica,Pampa,,,,Eduardo Pereyra,Celedonio Flores,,50-54 Pampa,,,,,
Héctor Varela,Orquesta Héctor Varela,1952-05-07,Tierra Negra,,Tango,Instrumental,Pampa,,,,"Graciano De Leone, Juan Noli",Francisco Bastardi,,50-54 Pampa,,,,,
Héctor Varela,Orquesta Héctor Varela,1952-05-23,Noches de Cabaret,,Tango,Rodolfo Lesica,Pampa,,,,Alberto Miguel,Antonio Fiasche,,50-54 Pampa,,,,,
Héctor Varela,Orquesta Héctor Varela,1952-05-23,Yuyo Brujo,,Tango,Jorge Garré,Pampa,,,,Benjamín García,Sos Taita,,50-54 Pampa,,,,,
Héctor Varela,Orquesta Héctor Varela,1952-06-09,A la Gran Muñeca,,Tango,Instrumental,Pampa,,,,Jesús Ventura,Miguel Osés,,50-54 Pampa,,,,,
Héctor Varela,Orquesta Héctor Varela,1952-06-09,Canaro en París,Canaro en París,Tango,Instrumental,Pampa,,,,"Alejandro Scarpino, Juan Caldarella",José Scarpino,,50-54 Pampa,,,,,
Héctor Varela,Orquesta Héctor Varela,1952-06-09,El Flete,,Tango,Instrumental,Pampa,,,,Vicente Greco,Gerónimo Gradito,,50-54 Pampa,,,,,
Héctor Varela,Orquesta Héctor Varela,1952-06-13,Don Orlando,,Tango,Instrumental,Pampa,,,,"Héctor Varela, Alberto Nery",,,50-54 Pampa,César Zagnoli,,"Héctor Varela, Antonio Marchese, Alberto San Miguel","Hugo Baralis, Mario Abramovich","Piano, 3 Bandoneons, 2 Violins"
Héctor Varela,Orquesta Héctor Varela,1952-06-13,Llanto de Amor,,Vals,Instrumental,Pampa,,,,Francisco Peña,Juan Caruso,,50-54 Pampa,César Zagnoli,,"Héctor Varela, Antonio Marchese, Alberto San Miguel","Hugo Baralis, Mario Abramovich","Piano, 3 Bandoneons, 2 Violins"
Héctor Varela,Orquesta Héctor Varela,1952-06-13,Tal Para Cual,,Tango,Rodolfo Lesica,Pampa,,,,Héctor Varela,Carlos Waiss,,50-54 Pampa,César Zagnoli,,"Héctor Varela, Antonio Marchese, Alberto San Miguel","Hugo Baralis, Mario Abramovich","Piano, 3 Bandoneons, 2 Violins"
Héctor Varela,Orquesta Héctor Varela,1952-08-21,La Chacarera,,Tango,Instrumental,Pampa,,,,"José Servidio, Juan Maglio",Juan Caruso,,50-54 Pampa,César Zagnoli,,"Héctor Varela, Antonio Marchese, Alberto San Miguel","Hugo Baralis, Mario Abramovich","Piano, 3 Bandoneons, 2 Violins"
Héctor Varela,Orquesta Héctor Varela,1952-08-21,Novia Provinciana,,Tango,Argentino Ledesma,Pampa,,,,"Casimiro Dávila, Juan Pomati",Horacio Sanguinetti,,50-54 Pampa,César Zagnoli,,"Héctor Varela, Antonio Marchese, Alberto San Miguel","Hugo Baralis, Mario Abramovich","Piano, 3 Bandoneons, 2 Violins"
Héctor Varela,Orquesta Héctor Varela,1952-09-19,A Tres Bandas,,Tango,Instrumental,Pampa,,,,Bautista Bonacossa,,,50-54 Pampa,César Zagnoli,,"Héctor Varela, Antonio Marchese, Alberto San Miguel","Hugo Baralis, Mario Abramovich","Piano, 3 Bandoneons, 2 Violins"
Héctor Varela,Orquesta Héctor Varela,1952-09-19,Champagne Tango,,Tango,Instrumental,Pampa,,,,Manuel Aróztegui,,,50-54 Pampa,César Zagnoli,,"Héctor Varela, Antonio Marchese, Alberto San Miguel","Hugo Baralis, Mario Abramovich","Piano, 3 Bandoneons, 2 Violins"
Héctor Varela,Orquesta Héctor Varela,1952-12-19,Que Sigan Charlando,,Tango,Rodolfo Lesica,Pampa,,,,Héctor Varela,Carlos Waiss,,50-54 Pampa,César Zagnoli,,"Héctor Varela, Antonio Marchese, Alberto San Miguel","Hugo Baralis, Mario Abramovich","Piano, 3 Bandoneons, 2 Violins"
Héctor Varela,Orquesta Héctor Varela,1952-12-19,Yo También,,Tango,Argentino Ledesma,Pampa,,,,Luis Visca,Luis Rubistein,,50-54 Pampa,César Zagnoli,,"Héctor Varela, Antonio Marchese, Alberto San Miguel","Hugo Baralis, Mario Abramovich","Piano, 3 Bandoneons, 2 Violins"
Héctor Varela,Orquesta Héctor Varela,1953-03-06,Aguantalo Si Podés,De Corte Antiguo,Tango,Instrumental,Pampa,,,,Anselmo Aieta,,,50-54 Pampa,César Zagnoli,,"Héctor Varela, Antonio Marchese, Alberto San Miguel","Hugo Baralis, Mario Abramovich","Piano, 3 Bandoneons, 2 Violins"
Héctor Varela,Orquesta Héctor Varela,1953-03-06,El Fustazo,,Tango,Instrumental,Pampa,,,,Dante Vignoli,,,50-54 Pampa,César Zagnoli,,"Héctor Varela, Antonio Marchese, Alberto San Miguel","Hugo Baralis, Mario Abramovich","Piano, 3 Bandoneons, 2 Violins"
Héctor Varela,Orquesta Héctor Varela,1953-03-06,Los Diablos Rojos,,Tango,Instrumental,Pampa,,,,"Héctor Varela, Alberto Nery",,,50-54 Pampa,César Zagnoli,,"Héctor Varela, Antonio Marchese, Alberto San Miguel","Hugo Baralis, Mario Abramovich","Piano, 3 Bandoneons, 2 Violins"
Héctor Varela,Orquesta Héctor Varela,1953-03-06,Prienda,,Tango,Argentino Ledesma,Pampa,,,,Erma Suárez,Enrique Lary,,50-54 Pampa,César Zagnoli,,"Héctor Varela, Antonio Marchese, Alberto San Miguel","Hugo Baralis, Mario Abramovich","Piano, 3 Bandoneons, 2 Violins"
Héctor Varela,Orquesta Héctor Varela,1953-05-06,El Fustazo,,Tango,Instrumental,Pampa,,,,Dante Vignoli,,,50-54 Pampa,César Zagnoli,,"Héctor Varela, Antonio Marchese, Alberto San Miguel","Hugo Baralis, Mario Abramovich","Piano, 3 Bandoneons, 2 Violins"
Héctor Varela,Orquesta Héctor Varela,1953-05-06,Los Diablos Rojos,,Tango,Instrumental,Pampa,,,,"Héctor Varela, Alberto Nery",,,50-54 Pampa,César Zagnoli,,"Héctor Varela, Antonio Marchese, Alberto San Miguel","Hugo Baralis, Mario Abramovich","Piano, 3 Bandoneons, 2 Violins"
Héctor Varela,Orquesta Héctor Varela,1953-06-16,Igual Que Dos Palomas,,Vals,Argentino Ledesma Y Rodolfo Lesica,Pampa,,,,Alberto Longo,Alberto Longo,,50-54 Pampa,César Zagnoli,,"Héctor Varela, Antonio Marchese, Alberto San Miguel","Hugo Baralis, Mario Abramovich","Piano, 3 Bandoneons, 2 Violins"
Héctor Varela,Orquesta Héctor Varela,1953-06-16,La Taba,,Milonga,Instrumental,Pampa,,,,Benedicto Marchese,,,50-54 Pampa,César Zagnoli,,"Héctor Varela, Antonio Marchese, Alberto San Miguel","Hugo Baralis, Mario Abramovich","Piano, 3 Bandoneons, 2 Violins"
Héctor Varela,Orquesta Héctor Varela,1953-06-16,Mi Dolor,,Tango,Instrumental,Pampa,,,,Carlos Marcucci,Manuel Meaños,,50-54 Pampa,César Zagnoli,,"Héctor Varela, Antonio Marchese, Alberto San Miguel","Hugo Baralis, Mario Abramovich","Piano, 3 Bandoneons, 2 Violins"
Héctor Varela,Orquesta Héctor Varela,1953-06-16,Moneda de Cobre,,Tango,Argentino Ledesma,Pampa,,,,Carlos Viván,Horacio Sanguinetti,,50-54 Pampa,César Zagnoli,,"Héctor Varela, Antonio Marchese, Alberto San Miguel","Hugo Baralis, Mario Abramovich","Piano, 3 Bandoneons, 2 Violins"
Héctor Varela,Orquesta Héctor Varela,1953-06-16,Murió el Malevo,,Tango,Rodolfo Lesica,Pampa,,,,Héctor Varela,Carlos Waiss,,50-54 Pampa,César Zagnoli,,"Héctor Varela, Antonio Marchese, Alberto San Miguel","Hugo Baralis, Mario Abramovich","Piano, 3 Bandoneons, 2 Violins"
Héctor Varela,Orquesta Héctor Varela,1953-06-17,Volvé Mi Negra,,Tango,Rodolfo Lesica,Pampa,,,,José Rizzuti,José Gómez,,50-54 Pampa,César Zagnoli,,"Héctor Varela, Antonio Marchese, Alberto San Miguel","Hugo Baralis, Mario Abramovich","Piano, 3 Bandoneons, 2 Violins"
Héctor Varela,Orquesta Héctor Varela,1953-11-19,La Llorona,,Tango,Instrumental,Pampa,,,,Emilio De Caro,Ricardo Brignolo,,50-54 Pampa,César Zagnoli,,"Héctor Varela, Antonio Marchese, Alberto San Miguel","Hugo Baralis, Mario Abramovich","Piano, 3 Bandoneons, 2 Violins"
Héctor Varela,Orquesta Héctor Varela,1953-11-19,Y No Te Voy a Llorar,Y No Te Voy a Llorar,Tango,Argentino Ledesma,Pampa,,,,Luciano Leocata,Abel Aznar,,50-54 Pampa,César Zagnoli,,"Héctor Varela, Antonio Marchese, Alberto San Miguel","Hugo Baralis, Mario Abramovich","Piano, 3 Bandoneons, 2 Violins"
Héctor Varela,Orquesta Héctor Varela,1954,Barrio Reo,,Tango,Instrumental,Pampa,,,,Roberto Fugazot,Alfredo Navarrine,,50-54 Pampa,César Zagnoli,,"Héctor Varela, Antonio Marchese, Alberto San Miguel","Hugo Baralis, Mario Abramovich","Piano, 3 Bandoneons, 2 Violins"
Héctor Varela,Orquesta Héctor Varela,1954-04-20,Canzoneta,,Tango,Rodolfo Lesica,Pampa,,,,Erma Suárez,Enrique Lary,,50-54 Pampa,César Zagnoli,,"Héctor Varela, Antonio Marchese, Alberto San Miguel","Hugo Baralis, Mario Abramovich","Piano, 3 Bandoneons, 2 Violins"
Héctor Varela,Orquesta Héctor Varela,1954-04-20,El Pachacho,,Tango,Instrumental,Pampa,,,,Alberto Miguel,,,50-54 Pampa,César Zagnoli,,"Héctor Varela, Antonio Marchese, Alberto San Miguel","Hugo Baralis, Mario Abramovich","Piano, 3 Bandoneons, 2 Violins"
Héctor Varela,Orquesta Héctor Varela,1954-10-26,Didí,Di Di,Tango,Instrumental,Pampa,,,,Roberto Firpo,,,50-54 Pampa,Osvaldo Manzi,Agustín Furchi,"Héctor Varela, Antonio Marchese, Alberto San Miguel, Luis Pinotti, Salvador Alonso, Eduardo Otero","Mario Abramovich, Nathán Melman, Armando Husso, Juan Carlos Dafonte","Piano, Bass, 6 Bandoneons, 4 Violins"
Héctor Varela,Orquesta Héctor Varela,1954-10-26,Eras Como la Flor,,Tango,Argentino Ledesma,Pampa,,,,Roberto Rufino,Mario Arrieta,,50-54 Pampa,Osvaldo Manzi,Agustín Furchi,"Héctor Varela, Antonio Marchese, Alberto San Miguel, Luis Pinotti, Salvador Alonso, Eduardo Otero","Mario Abramovich, Nathán Melman, Armando Husso, Juan Carlos Dafonte","Piano, Bass, 6 Bandoneons, 4 Violins"
Héctor Varela,Orquesta Héctor Varela,1954-11-25,Como Tu Cariño,,Vals,Argentino Ledesma Y Rodolfo Lesica,Pampa,,,,Alberto Nery,Abel Aznar,,50-54 Pampa,Osvaldo Manzi,Agustín Furchi,"Héctor Varela, Antonio Marchese, Alberto San Miguel, Luis Pinotti, Salvador Alonso, Eduardo Otero","Mario Abramovich, Nathán Melman, Armando Husso, Juan Carlos Dafonte","Piano, Bass, 6 Bandoneons, 4 Violins"
Héctor Varela,Orquesta Héctor Varela,1954-11-25,Don Juan,Mozos Guapos,Tango,Instrumental,Pampa,,,,Ernesto Ponzio,Ricardo Podestá,,50-54 Pampa,Osvaldo Manzi,Agustín Furchi,"Héctor Varela, Antonio Marchese, Alberto San Miguel, Luis Pinotti, Salvador Alonso, Eduardo Otero","Mario Abramovich, Nathán Melman, Armando Husso, Juan Carlos Dafonte","Piano, Bass, 6 Bandoneons, 4 Violins"
Héctor Varela,Orquesta Héctor Varela,1954-11-25,El Espiante,,Tango,Instrumental,Pampa,,,,Osvaldo Fresedo,,,50-54 Pampa,Osvaldo Manzi,Agustín Furchi,"Héctor Varela, Antonio Marchese, Alberto San Miguel, Luis Pinotti, Salvador Alonso, Eduardo Otero","Mario Abramovich, Nathán Melman, Armando Husso, Juan Carlos Dafonte","Piano, Bass, 6 Bandoneons, 4 Violins"
Héctor Varela,Orquesta Héctor Varela,1954-11-25,La Cumparsita,Si Supieras,Tango,Instrumental,Pampa,,,,Gerardo Rodríguez,"Pascual Contursi, Enrique Maroni, Gerardo Rodríguez",,50-54 Pampa,Osvaldo Manzi,Agustín Furchi,"Héctor Varela, Antonio Marchese, Alberto San Miguel, Luis Pinotti, Salvador Alonso, Eduardo Otero","Mario Abramovich, Nathán Melman, Armando Husso, Juan Carlos Dafonte","Piano, Bass, 6 Bandoneons, 4 Violins"
Héctor Varela,Orquesta Héctor Varela,1955,Cartas Viejas,,Tango,Instrumental,Columbia,,,,"Manuel Servetto, Ray Rada",Ray Rada,,55-57 Columbia,Juan Carlos Howard,Agustín Furchi,"Héctor Varela, Antonio Marchese, Alberto San Miguel, Luis Pinotti, Salvador Alonso, Eduardo Otero","Mario Abramovich, Nathán Melman, Armando Husso, Juan Carlos Dafonte","Piano, Bass, 6 Bandoneons, 4 Violins"
Héctor Varela,Orquesta Héctor Varela,1955,Malevaje,,Tango,Instrumental,Columbia,,,,Juan Filiberto,Enrique Discépolo,,55-57 Columbia,Juan Carlos Howard,Agustín Furchi,"Héctor Varela, Antonio Marchese, Alberto San Miguel, Luis Pinotti, Salvador Alonso, Eduardo Otero","Mario Abramovich, Nathán Melman, Armando Husso, Juan Carlos Dafonte","Piano, Bass, 6 Bandoneons, 4 Violins"
Héctor Varela,Orquesta Héctor Varela,1955-03-17,Un Remordimiento,,Tango,Argentino Ledesma,Columbia,,,,Francisco Rotundo,Reinaldo Yiso,,55-57 Columbia,Juan Carlos Howard,Agustín Furchi,"Héctor Varela, Antonio Marchese, Alberto San Miguel, Luis Pinotti, Salvador Alonso, Eduardo Otero","Mario Abramovich, Nathán Melman, Armando Husso, Juan Carlos Dafonte","Piano, Bass, 6 Bandoneons, 4 Violins"
Héctor Varela,Orquesta Héctor Varela,1955-03-29,Abran Cancha,,Milonga,Instrumental,Columbia,,,,"Héctor Varela, Alberto Nery",,,55-57 Columbia,Juan Carlos Howard,Agustín Furchi,"Héctor Varela, Antonio Marchese, Alberto San Miguel, Luis Pinotti, Salvador Alonso, Eduardo Otero","Mario Abramovich, Nathán Melman, Armando Husso, Juan Carlos Dafonte","Piano, Bass, 6 Bandoneons, 4 Violins"
Héctor Varela,Orquesta Héctor Varela,1955-03-29,Trovador Mazorquero,,Vals,Argentino Ledesma Y Rodolfo Lesica,Columbia,,,,Juan Howard,Enrique Cadícamo,,55-57 Columbia,Juan Carlos Howard,Agustín Furchi,"Héctor Varela, Antonio Marchese, Alberto San Miguel, Luis Pinotti, Salvador Alonso, Eduardo Otero","Mario Abramovich, Nathán Melman, Armando Husso, Juan Carlos Dafonte","Piano, Bass, 6 Bandoneons, 4 Violins"
Héctor Varela,Orquesta Héctor Varela,1955-03-30,Sin Barco y Sin Amor,,Tango,Rodolfo Lesica,Columbia,,,,Erma Suárez,Enrique Lary,,55-57 Columbia,Juan Carlos Howard,Agustín Furchi,"Héctor Varela, Antonio Marchese, Alberto San Miguel, Luis Pinotti, Salvador Alonso, Eduardo Otero","Mario Abramovich, Nathán Melman, Armando Husso, Juan Carlos Dafonte","Piano, Bass, 6 Bandoneons, 4 Violins"
Héctor Varela,Orquesta Héctor Varela,1955-04-28,Amarras,,Tango,Instrumental,Columbia,,,,Carlos Marchisio,Carmelo Santiago,,55-57 Columbia,Juan Carlos Howard,Agustín Furchi,"Héctor Varela, Antonio Marchese, Alberto San Miguel, Luis Pinotti, Salvador Alonso, Eduardo Otero","Mario Abramovich, Nathán Melman, Armando Husso, Juan Carlos Dafonte","Piano, Bass, 6 Bandoneons, 4 Violins"
Héctor Varela,Orquesta Héctor Varela,1955-05-19,A Mis Manos,,Milonga,Argentino Ledesma,Columbia,,,,Alfredo Gobbi,Julio Camilloni,,55-57 Columbia,Juan Carlos Howard,Agustín Furchi,"Héctor Varela, Antonio Marchese, Alberto San Miguel, Luis Pinotti, Salvador Alonso, Eduardo Otero","Mario Abramovich, Nathán Melman, Armando Husso, Juan Carlos Dafonte","Piano, Bass, 6 Bandoneons, 4 Violins"
Héctor Varela,Orquesta Héctor Varela,1955-05-19,Charamusca,,Tango,Instrumental,Columbia,,,,Francisco Canaro,,,55-57 Columbia,Juan Carlos Howard,Agustín Furchi,"Héctor Varela, Antonio Marchese, Alberto San Miguel, Luis Pinotti, Salvador Alonso, Eduardo Otero","Mario Abramovich, Nathán Melman, Armando Husso, Juan Carlos Dafonte","Piano, Bass, 6 Bandoneons, 4 Violins"
Héctor Varela,Orquesta Héctor Varela,1955-06-01,Fumando Espero,,Tango,Argentino Ledesma,Columbia,,,,Juan Masanas,Félix Garzo,,55-57 Columbia,Juan Carlos Howard,Agustín Furchi,"Héctor Varela, Antonio Marchese, Alberto San Miguel, Luis Pinotti, Salvador Alonso, Eduardo Otero","Mario Abramovich, Nathán Melman, Armando Husso, Juan Carlos Dafonte","Piano, Bass, 6 Bandoneons, 4 Violins"
Héctor Varela,Orquesta Héctor Varela,1955-06-01,Noches de Brasíl,,Tango,Argentino Ledesma,Columbia,,,,Héctor Varela,Enrique Lary,,55-57 Columbia,Juan Carlos Howard,Agustín Furchi,"Héctor Varela, Antonio Marchese, Alberto San Miguel, Luis Pinotti, Salvador Alonso, Eduardo Otero","Mario Abramovich, Nathán Melman, Armando Husso, Juan Carlos Dafonte","Piano, Bass, 6 Bandoneons, 4 Violins"
Héctor Varela,Orquesta Héctor Varela,1955-07-15,Sentimiento Gaucho,,Tango,Instrumental,Columbia,,,,"Francisco Canaro, Rafael Canaro",Juan Caruso,,55-57 Columbia,Juan Carlos Howard,Agustín Furchi,"Héctor Varela, Antonio Marchese, Alberto San Miguel, Luis Pinotti, Salvador Alonso, Eduardo Otero","Mario Abramovich, Nathán Melman, Armando Husso, Juan Carlos Dafonte","Piano, Bass, 6 Bandoneons, 4 Violins"
Héctor Varela,Orquesta Héctor Varela,1955-07-22,Risque,Olvídame,Tango,Rodolfo Lesica,Columbia,,,,Ary Barroso,Horacio Sanguinetti,,55-57 Columbia,Juan Carlos Howard,Agustín Furchi,"Héctor Varela, Antonio Marchese, Alberto San Miguel, Luis Pinotti, Salvador Alonso, Eduardo Otero","Mario Abramovich, Nathán Melman, Armando Husso, Juan Carlos Dafonte","Piano, Bass, 6 Bandoneons, 4 Violins"
Héctor Varela,Orquesta Héctor Varela,1955-10-07,Caifas,,Tango,Instrumental,Columbia,,,,Juan Noli,,,55-57 Columbia,Juan Carlos Howard,Agustín Furchi,"Héctor Varela, Antonio Marchese, Alberto San Miguel, Luis Pinotti, Salvador Alonso, Eduardo Otero","Mario Abramovich, Nathán Melman, Armando Husso, Juan Carlos Dafonte","Piano, Bass, 6 Bandoneons, 4 Violins"
Héctor Varela,Orquesta Héctor Varela,1955-10-07,Viejo Rincón,,Tango,Argentino Ledesma,Columbia,,,,Raúl Hoyos,Roberto Cayol,,55-57 Columbia,Juan Carlos Howard,Agustín Furchi,"Héctor Varela, Antonio Marchese, Alberto San Miguel, Luis Pinotti, Salvador Alonso, Eduardo Otero","Mario Abramovich, Nathán Melman, Armando Husso, Juan Carlos Dafonte","Piano, Bass, 6 Bandoneons, 4 Violins"
Héctor Varela,Orquesta Héctor Varela,1955-10-19,Portero Suba y Diga,,Tango,Argentino Ledesma,Columbia,,,,Eduardo De Labar,Luis Amadori,,55-57 Columbia,Juan Carlos Howard,Agustín Furchi,"Héctor Varela, Antonio Marchese, Alberto San Miguel, Luis Pinotti, Salvador Alonso, Eduardo Otero","Mario Abramovich, Nathán Melman, Armando Husso, Juan Carlos Dafonte","Piano, Bass, 6 Bandoneons, 4 Violins"
Héctor Varela,Orquesta Héctor Varela,1955-10-21,Royal Pigall,Qué Has Hecho de Mi Cariño,Tango,Instrumental,Columbia,,,,Juan Maglio,José Castillo,,55-57 Columbia,Juan Carlos Howard,Agustín Furchi,"Héctor Varela, Antonio Marchese, Alberto San Miguel, Luis Pinotti, Salvador Alonso, Eduardo Otero","Mario Abramovich, Nathán Melman, Armando Husso, Juan Carlos Dafonte","Piano, Bass, 6 Bandoneons, 4 Violins"
Héctor Varela,Orquesta Héctor Varela,1955-11-01,A Media Luz,,Tango,Rodolfo Lesica,Columbia,,,,Edgardo Donato,Carlos Lenzi,,55-57 Columbia,Juan Carlos Howard,Agustín Furchi,"Héctor Varela, Antonio Marchese, Alberto San Miguel, Luis Pinotti, Salvador Alonso, Eduardo Otero","Mario Abramovich, Nathán Melman, Armando Husso, Juan Carlos Dafonte","Piano, Bass, 6 Bandoneons, 4 Violins"
Héctor Varela,Orquesta Héctor Varela,1955-11-01,Valsecito Criollo,,Vals,Instrumental,Columbia,,,,Lidio Fasoli,Francisco Jiménez,,55-57 Columbia,Juan Carlos Howard,Agustín Furchi,"Héctor Varela, Antonio Marchese, Alberto San Miguel, Luis Pinotti, Salvador Alonso, Eduardo Otero","Mario Abramovich, Nathán Melman, Armando Husso, Juan Carlos Dafonte","Piano, Bass, 6 Bandoneons, 4 Violins"
Héctor Varela,Orquesta Héctor Varela,1956,Fueron Tres Años,,Tango,Instrumental,Columbia,,,,Juan Marín,Juan Marín,,55-57 Columbia,Juan Carlos Howard,Agustín Furchi,"Héctor Varela, Antonio Marchese, Alberto San Miguel, Luis Pinotti, Salvador Alonso, Eduardo Otero","Mario Abramovich, Nathán Melman, Armando Husso, Juan Carlos Dafonte","Piano, Bass, 6 Bandoneons, 4 Violins"
Héctor Varela,Orquesta Héctor Varela,1956-03-13,Historia de un Amor,,Tango,Rodolfo Lesica,Columbia,,,,Carlos Almarán,Carlos Almarán,,55-57 Columbia,Juan Carlos Howard,Agustín Furchi,"Héctor Varela, Antonio Marchese, Alberto San Miguel, Luis Pinotti, Salvador Alonso, Eduardo Otero","Mario Abramovich, Nathán Melman, Armando Husso, Juan Carlos Dafonte","Piano, Bass, 6 Bandoneons, 4 Violins"
Héctor Varela,Orquesta Héctor Varela,1956-03-13,Mi Corazón Es un Violín,,Tango,Instrumental,Columbia,,,,Miarka Lapacerié,,,55-57 Columbia,Juan Carlos Howard,Agustín Furchi,"Héctor Varela, Antonio Marchese, Alberto San Miguel, Luis Pinotti, Salvador Alonso, Eduardo Otero","Mario Abramovich, Nathán Melman, Armando Husso, Juan Carlos Dafonte","Piano, Bass, 6 Bandoneons, 4 Violins"
Héctor Varela,Orquesta Héctor Varela,1956-05-18,Fueron Tres Años,,Tango,Argentino Ledesma,Columbia,,,,Juan Marín,Juan Marín,,55-57 Columbia,Juan Carlos Howard,Agustín Furchi,"Héctor Varela, Antonio Marchese, Alberto San Miguel, Luis Pinotti, Salvador Alonso, Eduardo Otero","Mario Abramovich, Nathán Melman, Armando Husso, Juan Carlos Dafonte","Piano, Bass, 6 Bandoneons, 4 Violins"
Héctor Varela,Orquesta Héctor Varela,1956-05-18,Silueta Porteña,,Milonga,Argentino Ledesma,Columbia,,,,"Nicolás Cúccaro, Juan Cuccaro","Orlando D'Aniello, Ernesto Noli",,55-57 Columbia,Juan Carlos Howard,Agustín Furchi,"Héctor Varela, Antonio Marchese, Alberto San Miguel, Luis Pinotti, Salvador Alonso, Eduardo Otero","Mario Abramovich, Nathán Melman, Armando Husso, Juan Carlos Dafonte","Piano, Bass, 6 Bandoneons, 4 Violins"
Héctor Varela,Orquesta Héctor Varela,1956-07-12,Lonjazos,,Tango,Argentino Ledesma Y Rodolfo Lesica,Columbia,,,,Andrés Doménech,Jesús Blanco,,55-57 Columbia,Juan Carlos Howard,Agustín Furchi,"Héctor Varela, Antonio Marchese, Alberto San Miguel, Luis Pinotti, Salvador Alonso, Eduardo Otero","Mario Abramovich, Nathán Melman, Armando Husso, Juan Carlos Dafonte","Piano, Bass, 6 Bandoneons, 4 Violins"
Héctor Varela,Orquesta Héctor Varela,1956-07-22,Pa' Que Te Oigan Bandoneón,,Tango,Instrumental,Columbia,,,,Tití Rossi,,,55-57 Columbia,Juan Carlos Howard,Agustín Furchi,"Héctor Varela, Antonio Marchese, Alberto San Miguel, Luis Pinotti, Salvador Alonso, Eduardo Otero","Mario Abramovich, Nathán Melman, Armando Husso, Juan Carlos Dafonte","Piano, Bass, 6 Bandoneons, 4 Violins"
Héctor Varela,Orquesta Héctor Varela,1956-07-24,Qué Tarde Que Has Venido,,Tango,Argentino Ledesma,Columbia,,,,Héctor Varela,Carlos Waiss,,55-57 Columbia,Juan Carlos Howard,Agustín Furchi,"Héctor Varela, Antonio Marchese, Alberto San Miguel, Luis Pinotti, Salvador Alonso, Eduardo Otero","Mario Abramovich, Nathán Melman, Armando Husso, Juan Carlos Dafonte","Piano, Bass, 6 Bandoneons, 4 Violins"
Héctor Varela,Orquesta Héctor Varela,1956-07-24,Y Todavía Te Quiero,,Tango,Rodolfo Lesica,Columbia,,,,Luciano Leocata,Abel Aznar,,55-57 Columbia,Juan Carlos Howard,Agustín Furchi,"Héctor Varela, Antonio Marchese, Alberto San Miguel, Luis Pinotti, Salvador Alonso, Eduardo Otero","Mario Abramovich, Nathán Melman, Armando Husso, Juan Carlos Dafonte","Piano, Bass, 6 Bandoneons, 4 Violins"
Héctor Varela,Orquesta Héctor Varela,1956-08-01,Gota de Lluvia,Gotas de Lluvia,Vals,Argentino Ledesma Y Rodolfo Lesica,Columbia,,,,Félix Lípesker,Homero Manzi,,55-57 Columbia,Juan Carlos Howard,Agustín Furchi,"Héctor Varela, Antonio Marchese, Alberto San Miguel, Luis Pinotti, Salvador Alonso, Eduardo Otero","Mario Abramovich, Nathán Melman, Armando Husso, Juan Carlos Dafonte","Piano, Bass, 6 Bandoneons, 4 Violins"
Héctor Varela,Orquesta Héctor Varela,1956-08-01,Guerrera,,Milonga,Instrumental,Columbia,,,,Héctor Varela,Alberto Nery,,55-57 Columbia,Juan Carlos Howard,Agustín Furchi,"Héctor Varela, Antonio Marchese, Alberto San Miguel, Luis Pinotti, Salvador Alonso, Eduardo Otero","Mario Abramovich, Nathán Melman, Armando Husso, Juan Carlos Dafonte","Piano, Bass, 6 Bandoneons, 4 Violins"
Héctor Varela,Orquesta Héctor Varela,1956-08-01,Retintín,,Tango,Instrumental,Columbia,,,,Eduardo Arolas,Gabriel Clausi,,55-57 Columbia,Juan Carlos Howard,Agustín Furchi,"Héctor Varela, Antonio Marchese, Alberto San Miguel, Luis Pinotti, Salvador Alonso, Eduardo Otero","Mario Abramovich, Nathán Melman, Armando Husso, Juan Carlos Dafonte","Piano, Bass, 6 Bandoneons, 4 Violins"
Héctor Varela,Orquesta Héctor Varela,1956-09-26,Muchacha,,Tango,Argentino Ledesma,Columbia,,,,Luis Caruso,Jesús Suárez,,55-57 Columbia,Juan Carlos Howard,Agustín Furchi,"Héctor Varela, Antonio Marchese, Alberto San Miguel, Luis Pinotti, Salvador Alonso, Eduardo Otero","Mario Abramovich, Nathán Melman, Armando Husso, Juan Carlos Dafonte","Piano, Bass, 6 Bandoneons, 4 Violins"
Héctor Varela,Orquesta Héctor Varela,1956-09-26,Y Bésame Otra Vez,,Tango,Rodolfo Lesica,Columbia,,,,Ángel Condercuri,Sos Taita,,55-57 Columbia,Juan Carlos Howard,Agustín Furchi,"Héctor Varela, Antonio Marchese, Alberto San Miguel, Luis Pinotti, Salvador Alonso, Eduardo Otero","Mario Abramovich, Nathán Melman, Armando Husso, Juan Carlos Dafonte","Piano, Bass, 6 Bandoneons, 4 Violins"
Héctor Varela,Orquesta Héctor Varela,1956-11-29,El Choclo,Kiss Of Fire,Tango,Instrumental,Columbia,,,,Ángel Villoldo,"Juan Catán, Enrique Discépolo",,55-57 Columbia,Juan Carlos Howard,Agustín Furchi,"Héctor Varela, Antonio Marchese, Alberto San Miguel, Luis Pinotti, Salvador Alonso, Eduardo Otero","Mario Abramovich, Nathán Melman, Armando Husso, Juan Carlos Dafonte","Piano, Bass, 6 Bandoneons, 4 Violins"
Héctor Varela,Orquesta Héctor Varela,1956-11-29,La Cumparsita,Si Supieras,Tango,Instrumental,Columbia,,,,Gerardo Rodríguez,"Pascual Contursi, Enrique Maroni, Gerardo Rodríguez",,55-57 Columbia,Juan Carlos Howard,Agustín Furchi,"Héctor Varela, Antonio Marchese, Alberto San Miguel, Luis Pinotti, Salvador Alonso, Eduardo Otero","Mario Abramovich, Nathán Melman, Armando Husso, Juan Carlos Dafonte","Piano, Bass, 6 Bandoneons, 4 Violins"
Héctor Varela,Orquesta Héctor Varela,1956-11-30,Rosa Mía,,Vals,Argentino Ledesma Y Rodolfo Lesica,Columbia,,,,Héctor Gentile,Ángel Di Rosa,,55-57 Columbia,Juan Carlos Howard,Agustín Furchi,"Héctor Varela, Antonio Marchese, Alberto San Miguel, Luis Pinotti, Salvador Alonso, Eduardo Otero","Mario Abramovich, Nathán Melman, Armando Husso, Juan Carlos Dafonte","Piano, Bass, 6 Bandoneons, 4 Violins"
Héctor Varela,Orquesta Héctor Varela,1956-11-30,Si Me Hablaras Corazón,,Tango,Argentino Ledesma,Columbia,,,,Jorge Dragone,Carlos Russo,,55-57 Columbia,Juan Carlos Howard,Agustín Furchi,"Héctor Varela, Antonio Marchese, Alberto San Miguel, Luis Pinotti, Salvador Alonso, Eduardo Otero","Mario Abramovich, Nathán Melman, Armando Husso, Juan Carlos Dafonte","Piano, Bass, 6 Bandoneons, 4 Violins"
Héctor Varela,Orquesta Héctor Varela,1956-11-30,Si Supiera Que la Extraño,,Tango,Rodolfo Lesica,Columbia,,,,Héctor Varela,Carlos Waiss,,55-57 Columbia,Juan Carlos Howard,Agustín Furchi,"Héctor Varela, Antonio Marchese, Alberto San Miguel, Luis Pinotti, Salvador Alonso, Eduardo Otero","Mario Abramovich, Nathán Melman, Armando Husso, Juan Carlos Dafonte","Piano, Bass, 6 Bandoneons, 4 Violins"
Héctor Varela,Orquesta Héctor Varela,1957-01-18,Fosforerita,,Tango,Argentino Ledesma,Columbia,,,,Bartolomé Chapela,Amaro Giura,,55-57 Columbia,Juan Carlos Howard,Agustín Furchi,"Héctor Varela, Antonio Marchese, Alberto San Miguel, Luis Pinotti, Salvador Alonso, Eduardo Otero","Mario Abramovich, Nathán Melman, Armando Husso, Juan Carlos Dafonte","Piano, Bass, 6 Bandoneons, 4 Violins"
Héctor Varela,Orquesta Héctor Varela,1957-01-18,Y Te Tengo Que Esperar,,Tango,Rodolfo Lesica,Columbia,,,,Luciano Leocata,Abel Aznar,,55-57 Columbia,Juan Carlos Howard,Agustín Furchi,"Héctor Varela, Antonio Marchese, Alberto San Miguel, Luis Pinotti, Salvador Alonso, Eduardo Otero","Mario Abramovich, Nathán Melman, Armando Husso, Juan Carlos Dafonte","Piano, Bass, 6 Bandoneons, 4 Violins"
Héctor Varela,Orquesta Héctor Varela,1957-03-29,Derecho Viejo,,Tango,Instrumental,Columbia,,,,Eduardo Arolas,Gabriel Clausi,,55-57 Columbia,Juan Carlos Howard,Agustín Furchi,"Héctor Varela, Antonio Marchese, Alberto San Miguel, Luis Pinotti, Salvador Alonso, Eduardo Otero","Mario Abramovich, Nathán Melman, Armando Husso, Juan Carlos Dafonte","Piano, Bass, 6 Bandoneons, 4 Violins"
Héctor Varela,Orquesta Héctor Varela,1957-03-29,El Entrerriano,El Entrerriano,Tango,Instrumental,Columbia,,,,Anselmo Mendizábal,Ernesto Amor,,55-57 Columbia,Juan Carlos Howard,Agustín Furchi,"Héctor Varela, Antonio Marchese, Alberto San Miguel, Luis Pinotti, Salvador Alonso, Eduardo Otero","Mario Abramovich, Nathán Melman, Armando Husso, Juan Carlos Dafonte","Piano, Bass, 6 Bandoneons, 4 Violins"
Héctor Varela,Orquesta Héctor Varela,1957-03-29,La Tablada,,Tango,Instrumental,Columbia,,,,Francisco Canaro,,,55-57 Columbia,Juan Carlos Howard,Agustín Furchi,"Héctor Varela, Antonio Marchese, Alberto San Miguel, Luis Pinotti, Salvador Alonso, Eduardo Otero","Mario Abramovich, Nathán Melman, Armando Husso, Juan Carlos Dafonte","Piano, Bass, 6 Bandoneons, 4 Violins"
Héctor Varela,Orquesta Héctor Varela,1957-04-08,9 de Julio,Nueve de Julio,Tango,Instrumental,Columbia,,,,José Padula,Lito Bayardo,,55-57 Columbia,Juan Carlos Howard,Agustín Furchi,"Héctor Varela, Antonio Marchese, Alberto San Miguel, Luis Pinotti, Salvador Alonso, Eduardo Otero","Mario Abramovich, Nathán Melman, Armando Husso, Juan Carlos Dafonte","Piano, Bass, 6 Bandoneons, 4 Violins"
Héctor Varela,Orquesta Héctor Varela,1957-04-08,Derecho Viejo,,Tango,Instrumental,Columbia,,,,Eduardo Arolas,Gabriel Clausi,,55-57 Columbia,Juan Carlos Howard,Agustín Furchi,"Héctor Varela, Antonio Marchese, Alberto San Miguel, Luis Pinotti, Salvador Alonso, Eduardo Otero","Mario Abramovich, Nathán Melman, Armando Husso, Juan Carlos Dafonte","Piano, Bass, 6 Bandoneons, 4 Violins"
Héctor Varela,Orquesta Héctor Varela,1957-04-08,Don Esteban,,Tango,Instrumental,Columbia,,,,Augusto Berto,Carlos Sarmiento,,55-57 Columbia,Juan Carlos Howard,Agustín Furchi,"Héctor Varela, Antonio Marchese, Alberto San Miguel, Luis Pinotti, Salvador Alonso, Eduardo Otero","Mario Abramovich, Nathán Melman, Armando Husso, Juan Carlos Dafonte","Piano, Bass, 6 Bandoneons, 4 Violins"
Héctor Varela,Orquesta Héctor Varela,1957-04-08,Fuegos Artificiales,,Tango,Instrumental,Columbia,,,,"Roberto Firpo, Eduardo Arolas",,,55-57 Columbia,Juan Carlos Howard,Agustín Furchi,"Héctor Varela, Antonio Marchese, Alberto San Miguel, Luis Pinotti, Salvador Alonso, Eduardo Otero","Mario Abramovich, Nathán Melman, Armando Husso, Juan Carlos Dafonte","Piano, Bass, 6 Bandoneons, 4 Violins"
Héctor Varela,Orquesta Héctor Varela,1957-04-12,La Payanca,,Tango,Instrumental,Columbia,,,,Augusto Berto,Jesús Bianco,,55-57 Columbia,Juan Carlos Howard,Agustín Furchi,"Héctor Varela, Antonio Marchese, Alberto San Miguel, Luis Pinotti, Salvador Alonso, Eduardo Otero","Mario Abramovich, Nathán Melman, Armando Husso, Juan Carlos Dafonte","Piano, Bass, 6 Bandoneons, 4 Violins"
Héctor Varela,Orquesta Héctor Varela,1957-04-22,Don Esteban,,Tango,Instrumental,Columbia,,,,Augusto Berto,Carlos Sarmiento,,55-57 Columbia,Juan Carlos Howard,Agustín Furchi,"Héctor Varela, Antonio Marchese, Alberto San Miguel, Luis Pinotti, Salvador Alonso, Eduardo Otero","Mario Abramovich, Nathán Melman, Armando Husso, Juan Carlos Dafonte","Piano, Bass, 6 Bandoneons, 4 Violins"
Héctor Varela,Orquesta Héctor Varela,1957-04-22,La Catrera,,Tango,Instrumental,Columbia,,,,Arturo De Bassi,,,55-57 Columbia,Juan Carlos Howard,Agustín Furchi,"Héctor Varela, Antonio Marchese, Alberto San Miguel, Luis Pinotti, Salvador Alonso, Eduardo Otero","Mario Abramovich, Nathán Melman, Armando Husso, Juan Carlos Dafonte","Piano, Bass, 6 Bandoneons, 4 Violins"
Héctor Varela,Orquesta Héctor Varela,1957-04-26,Don Goyo,,Tango,Instrumental,Columbia,,,,Luis Bernstein,,,55-57 Columbia,Juan Carlos Howard,Agustín Furchi,"Héctor Varela, Antonio Marchese, Alberto San Miguel, Luis Pinotti, Salvador Alonso, Eduardo Otero","Mario Abramovich, Nathán Melman, Armando Husso, Juan Carlos Dafonte","Piano, Bass, 6 Bandoneons, 4 Violins"
Héctor Varela,Orquesta Héctor Varela,1957-04-26,Rodríguez Peña,Rodríguez Peña,Tango,Instrumental,Columbia,,,,Vicente Greco,"Ernesto Temes, Juan Velich, Rafael Velich",,55-57 Columbia,Juan Carlos Howard,Agustín Furchi,"Héctor Varela, Antonio Marchese, Alberto San Miguel, Luis Pinotti, Salvador Alonso, Eduardo Otero","Mario Abramovich, Nathán Melman, Armando Husso, Juan Carlos Dafonte","Piano, Bass, 6 Bandoneons, 4 Violins"
Héctor Varela,Orquesta Héctor Varela,1957-05-03,El Pensamiento,,Tango,Instrumental,Columbia,,,,José Martínez,Francisco Jiménez,,55-57 Columbia,Juan Carlos Howard,Agustín Furchi,"Héctor Varela, Antonio Marchese, Alberto San Miguel, Luis Pinotti, Salvador Alonso, Eduardo Otero","Mario Abramovich, Nathán Melman, Armando Husso, Juan Carlos Dafonte","Piano, Bass, 6 Bandoneons, 4 Violins"
Héctor Varela,Orquesta Héctor Varela,1957-05-03,Entrada Prohibida,,Tango,Instrumental,Columbia,,,,Luis Teisseire,,,55-57 Columbia,Juan Carlos Howard,Agustín Furchi,"Héctor Varela, Antonio Marchese, Alberto San Miguel, Luis Pinotti, Salvador Alonso, Eduardo Otero","Mario Abramovich, Nathán Melman, Armando Husso, Juan Carlos Dafonte","Piano, Bass, 6 Bandoneons, 4 Violins"
Héctor Varela,Orquesta Héctor Varela,1957-05-13,Tentadora,,Milonga,Argentino Ledesma Y Rodolfo Lesica,Columbia,,,,Jorge Dragone,Carlos Russo,,55-57 Columbia,Juan Carlos Howard,Agustín Furchi,"Héctor Varela, Antonio Marchese, Alberto San Miguel, Luis Pinotti, Salvador Alonso, Eduardo Otero","Mario Abramovich, Nathán Melman, Armando Husso, Juan Carlos Dafonte","Piano, Bass, 6 Bandoneons, 4 Violins"
Héctor Varela,Orquesta Héctor Varela,1957-05-13,Y Decime Qué Pasó,,Tango,Rodolfo Lesica,Columbia,,,,Carlos Baroli,Carlos Marín,,55-57 Columbia,Juan Carlos Howard,Agustín Furchi,"Héctor Varela, Antonio Marchese, Alberto San Miguel, Luis Pinotti, Salvador Alonso, Eduardo Otero","Mario Abramovich, Nathán Melman, Armando Husso, Juan Carlos Dafonte","Piano, Bass, 6 Bandoneons, 4 Violins"
Héctor Varela,Orquesta Héctor Varela,1957-07-02,Señora Princesa,,Vals,Raúl Lavié,Columbia,,,,Atilio Bruni,Roberto Lambertucci,,55-57 Columbia,Juan Carlos Howard,Agustín Furchi,"Héctor Varela, Antonio Marchese, Alberto San Miguel, Luis Pinotti, Salvador Alonso, Eduardo Otero","Mario Abramovich, Nathán Melman, Armando Husso, Juan Carlos Dafonte","Piano, Bass, 6 Bandoneons, 4 Violins"
Héctor Varela,Orquesta Héctor Varela,1957-07-02,Y No Me Digas No,,Tango,Raúl Lavié,Columbia,,,,Héctor Varela,Carlos Waiss,,55-57 Columbia,Juan Carlos Howard,Agustín Furchi,"Héctor Varela, Antonio Marchese, Alberto San Miguel, Luis Pinotti, Salvador Alonso, Eduardo Otero","Mario Abramovich, Nathán Melman, Armando Husso, Juan Carlos Dafonte","Piano, Bass, 6 Bandoneons, 4 Violins"
Héctor Varela,Orquesta Héctor Varela,1957-09-12,No Me Hablen de Ella,,Tango,Rodolfo Lesica,Columbia,,,,"Tití Rossi, Jorge Moreira","Tití Rossi, Jorge Moreira",,55-57 Columbia,Juan Carlos Howard,Agustín Furchi,"Héctor Varela, Antonio Marchese, Alberto San Miguel, Luis Pinotti, Salvador Alonso, Eduardo Otero","Mario Abramovich, Nathán Melman, Armando Husso, Juan Carlos Dafonte","Piano, Bass, 6 Bandoneons, 4 Violins"
Héctor Varela,Orquesta Héctor Varela,1957-09-12,Te Creía Como Todas,,Tango,Raúl Lavié,Columbia,,,,"Tití Rossi, Ángel Cabral",Alfredo Dalton,,55-57 Columbia,Juan Carlos Howard,Agustín Furchi,"Héctor Varela, Antonio Marchese, Alberto San Miguel, Luis Pinotti, Salvador Alonso, Eduardo Otero","Mario Abramovich, Nathán Melman, Armando Husso, Juan Carlos Dafonte","Piano, Bass, 6 Bandoneons, 4 Violins"
Héctor Varela,Orquesta Héctor Varela,1958-01-02,Esta Noche de Copas,,Tango,Fontán Reyes,Columbia,,,,Juan Howard,José Contursi,,58-61 Columbia,Juan Carlos Howard,Agustín Furchi,"Héctor Varela, Salvador Cascone, Domingo Scápola, Salvador Alonso, Julio Jorge Bergés","Mario Abramovich, Nathán Melman, Antonio Cattaneo, Jorge Buivydas","Piano, Bass, 5 Bandoneons, 4 Violins"
Héctor Varela,Orquesta Héctor Varela,1958-01-02,Volvé Mimosa,,Tango,Ernesto Herrera,Columbia,,,,Alberto Nery,Carlos Marín,,58-61 Columbia,Juan Carlos Howard,Agustín Furchi,"Héctor Varela, Salvador Cascone, Domingo Scápola, Salvador Alonso, Julio Jorge Bergés","Mario Abramovich, Nathán Melman, Antonio Cattaneo, Jorge Buivydas","Piano, Bass, 5 Bandoneons, 4 Violins"
Héctor Varela,Orquesta Héctor Varela,1958-03-19,Quién Te Quiere Como Yo,,Milonga,Ernesto Herrera A Dúo,Columbia,,,,"Raúl Gramajo, Héctor Varela, Salvador Alonso","Raúl Gramajo, Héctor Varela, Salvador Alonso",,58-61 Columbia,Juan Carlos Howard,Agustín Furchi,"Héctor Varela, Salvador Cascone, Domingo Scápola, Salvador Alonso, Julio Jorge Bergés","Mario Abramovich, Nathán Melman, Antonio Cattaneo, Jorge Buivydas","Piano, Bass, 5 Bandoneons, 4 Violins"
Héctor Varela,Orquesta Héctor Varela,1958-03-19,Qué Lindo Es Perdonar,,Tango,Ernesto Herrera,Columbia,,,,Nazario García,Vicente Demarco,,58-61 Columbia,Juan Carlos Howard,Agustín Furchi,"Héctor Varela, Salvador Cascone, Domingo Scápola, Salvador Alonso, Julio Jorge Bergés","Mario Abramovich, Nathán Melman, Antonio Cattaneo, Jorge Buivydas","Piano, Bass, 5 Bandoneons, 4 Violins"
Héctor Varela,Orquesta Héctor Varela,1958-04-10,Dos Canarios,,Tango,Instrumental,Columbia,,,,Tití Rossi,,,58-61 Columbia,Juan Carlos Howard,Agustín Furchi,"Héctor Varela, Salvador Cascone, Domingo Scápola, Salvador Alonso, Julio Jorge Bergés","Mario Abramovich, Nathán Melman, Antonio Cattaneo, Jorge Buivydas","Piano, Bass, 5 Bandoneons, 4 Violins"
Héctor Varela,Orquesta Héctor Varela,1958-04-10,No No Llores Más,,Tango,Ernesto Herrera,Columbia,,,,Ángel Cabral,Reinaldo Yiso,,58-61 Columbia,Juan Carlos Howard,Agustín Furchi,"Héctor Varela, Salvador Cascone, Domingo Scápola, Salvador Alonso, Julio Jorge Bergés","Mario Abramovich, Nathán Melman, Antonio Cattaneo, Jorge Buivydas","Piano, Bass, 5 Bandoneons, 4 Violins"
Héctor Varela,Orquesta Héctor Varela,1958-04-23,Es Mi Tormento,,Tango,Ernesto Herrera,Columbia,,,,Ramón Del Campo,Ramón Del Campo,,58-61 Columbia,Juan Carlos Howard,Agustín Furchi,"Héctor Varela, Salvador Cascone, Domingo Scápola, Salvador Alonso, Julio Jorge Bergés","Mario Abramovich, Nathán Melman, Antonio Cattaneo, Jorge Buivydas","Piano, Bass, 5 Bandoneons, 4 Violins"
Héctor Varela,Orquesta Héctor Varela,1958-04-23,Y No Me Dejes Corazón,,Tango,Ernesto Herrera,Columbia,,,,Héctor Varela,Carlos Waiss,,58-61 Columbia,Juan Carlos Howard,Agustín Furchi,"Héctor Varela, Salvador Cascone, Domingo Scápola, Salvador Alonso, Julio Jorge Bergés","Mario Abramovich, Nathán Melman, Antonio Cattaneo, Jorge Buivydas","Piano, Bass, 5 Bandoneons, 4 Violins"
Héctor Varela,Orquesta Héctor Varela,1958-06-16,Algo Inolvidable,,Tango,Instrumental,Columbia,,,,Tití Rossi,,,58-61 Columbia,Juan Carlos Howard,Agustín Furchi,"Héctor Varela, Salvador Cascone, Domingo Scápola, Salvador Alonso, Julio Jorge Bergés","Mario Abramovich, Nathán Melman, Antonio Cattaneo, Jorge Buivydas","Piano, Bass, 5 Bandoneons, 4 Violins"
Héctor Varela,Orquesta Héctor Varela,1958-06-16,La Mano de Dios,,Tango,Ernesto Herrera,Columbia,,,,"Carlos Waiss, José Zelante, Juan Bera","Carlos Waiss, José Zelante, Juan Bera",,58-61 Columbia,Juan Carlos Howard,Agustín Furchi,"Héctor Varela, Salvador Cascone, Domingo Scápola, Salvador Alonso, Julio Jorge Bergés","Mario Abramovich, Nathán Melman, Antonio Cattaneo, Jorge Buivydas","Piano, Bass, 5 Bandoneons, 4 Violins"
Héctor Varela,Orquesta Héctor Varela,1958-06-26,Caracoleando,,Milonga,Instrumental,Columbia,,,,María Maldonado,Carlos Marín,,58-61 Columbia,Juan Carlos Howard,Agustín Furchi,"Héctor Varela, Salvador Cascone, Domingo Scápola, Salvador Alonso, Julio Jorge Bergés","Mario Abramovich, Nathán Melman, Antonio Cattaneo, Jorge Buivydas","Piano, Bass, 5 Bandoneons, 4 Violins"
Héctor Varela,Orquesta Héctor Varela,1958-06-26,Princesa Margarita,,Vals,Ernesto Herrera,Columbia,,,,Héctor Stamponi,Marsil Robles,,58-61 Columbia,Juan Carlos Howard,Agustín Furchi,"Héctor Varela, Salvador Cascone, Domingo Scápola, Salvador Alonso, Julio Jorge Bergés","Mario Abramovich, Nathán Melman, Antonio Cattaneo, Jorge Buivydas","Piano, Bass, 5 Bandoneons, 4 Violins"
Héctor Varela,Orquesta Héctor Varela,1958-07-17,Cariñito,,Tango,Ernesto Herrera,Columbia,,,,Guillermo Barbieri,Luis Pe,,58-61 Columbia,Juan Carlos Howard,Agustín Furchi,"Héctor Varela, Salvador Cascone, Domingo Scápola, Salvador Alonso, Julio Jorge Bergés","Mario Abramovich, Nathán Melman, Antonio Cattaneo, Jorge Buivydas","Piano, Bass, 5 Bandoneons, 4 Violins"
Héctor Varela,Orquesta Héctor Varela,1958-07-17,El Cincuenta y Ocho,El 58,Tango,Instrumental,Columbia,,,,Héctor Varela,Alberto Nery,,58-61 Columbia,Juan Carlos Howard,Agustín Furchi,"Héctor Varela, Salvador Cascone, Domingo Scápola, Salvador Alonso, Julio Jorge Bergés","Mario Abramovich, Nathán Melman, Antonio Cattaneo, Jorge Buivydas","Piano, Bass, 5 Bandoneons, 4 Violins"
Héctor Varela,Orquesta Héctor Varela,1958-07-30,Que Digan Lo Que Quieran,,Tango,Carlos Yanel,Columbia,,,,Miguel Bucino,Alberto Cosentino,,58-61 Columbia,Juan Carlos Howard,Agustín Furchi,"Héctor Varela, Salvador Cascone, Domingo Scápola, Salvador Alonso, Julio Jorge Bergés","Mario Abramovich, Nathán Melman, Antonio Cattaneo, Jorge Buivydas","Piano, Bass, 5 Bandoneons, 4 Violins"
Héctor Varela,Orquesta Héctor Varela,1958-07-30,Yo No Quiero Que Se Entere,,Tango,Carlos Yanel,Columbia,,,,"Riel, Félix Lípesker",Reinaldo Yiso,,58-61 Columbia,Juan Carlos Howard,Agustín Furchi,"Héctor Varela, Salvador Cascone, Domingo Scápola, Salvador Alonso, Julio Jorge Bergés","Mario Abramovich, Nathán Melman, Antonio Cattaneo, Jorge Buivydas","Piano, Bass, 5 Bandoneons, 4 Violins"
Héctor Varela,Orquesta Héctor Varela,1958-08-14,Marinera,,Tango,Ernesto Herrera,Columbia,,,,Pedro Laurenz,Carlos Marín,,58-61 Columbia,Juan Carlos Howard,Agustín Furchi,"Héctor Varela, Salvador Cascone, Domingo Scápola, Salvador Alonso, Julio Jorge Bergés","Mario Abramovich, Nathán Melman, Antonio Cattaneo, Jorge Buivydas","Piano, Bass, 5 Bandoneons, 4 Violins"
Héctor Varela,Orquesta Héctor Varela,1958-08-14,Y Solamente Mía,,Tango,Carlos Yanel,Columbia,,,,"Lucio Milena, Pouppée",Lucio Milena,,58-61 Columbia,Juan Carlos Howard,Agustín Furchi,"Héctor Varela, Salvador Cascone, Domingo Scápola, Salvador Alonso, Julio Jorge Bergés","Mario Abramovich, Nathán Melman, Antonio Cattaneo, Jorge Buivydas","Piano, Bass, 5 Bandoneons, 4 Violins"
Héctor Varela,Orquesta Héctor Varela,1959-02-24,Rococó,,Tango,Ernesto Herrera,Columbia,,,,Erma Suárez,José Rótulo,,58-61 Columbia,Juan Carlos Howard,Agustín Furchi,"Héctor Varela, Salvador Cascone, Domingo Scápola, Salvador Alonso, Julio Jorge Bergés","Mario Abramovich, Nathán Melman, Antonio Cattaneo, Jorge Buivydas","Piano, Bass, 5 Bandoneons, 4 Violins"
Héctor Varela,Orquesta Héctor Varela,1959-02-24,Y Te Parece Todavía,,Tango,Armando Laborde,Columbia,,,,Juan Howard,Abel Aznar,,58-61 Columbia,Juan Carlos Howard,Agustín Furchi,"Héctor Varela, Salvador Cascone, Domingo Scápola, Salvador Alonso, Julio Jorge Bergés","Mario Abramovich, Nathán Melman, Antonio Cattaneo, Jorge Buivydas","Piano, Bass, 5 Bandoneons, 4 Violins"
Héctor Varela,Orquesta Héctor Varela,1959-04-29,Gaucha,,Vals,Armando Laborde Y Ernesto Herrera,Columbia,,,,Héctor Varela,Carlos Waiss,,58-61 Columbia,Juan Carlos Howard,Agustín Furchi,"Héctor Varela, Salvador Cascone, Domingo Scápola, Salvador Alonso, Julio Jorge Bergés","Mario Abramovich, Nathán Melman, Antonio Cattaneo, Jorge Buivydas","Piano, Bass, 5 Bandoneons, 4 Violins"
Héctor Varela,Orquesta Héctor Varela,1959-04-29,Yo Te Canto Buenos Aires,,Tango,Ernesto Herrera,Columbia,,,,Héctor Varela,Carlos Waiss,,58-61 Columbia,Juan Carlos Howard,Agustín Furchi,"Héctor Varela, Salvador Cascone, Domingo Scápola, Salvador Alonso, Julio Jorge Bergés","Mario Abramovich, Nathán Melman, Antonio Cattaneo, Jorge Buivydas","Piano, Bass, 5 Bandoneons, 4 Violins"
Héctor Varela,Orquesta Héctor Varela,1959-05-13,Y Porque Te Quiero Tanto,,Tango,Armando Laborde,Columbia,,,,Héctor Varela,Carlos Waiss,,58-61 Columbia,Juan Carlos Howard,Agustín Furchi,"Héctor Varela, Salvador Cascone, Domingo Scápola, Salvador Alonso, Julio Jorge Bergés","Mario Abramovich, Nathán Melman, Antonio Cattaneo, Jorge Buivydas","Piano, Bass, 5 Bandoneons, 4 Violins"
Héctor Varela,Orquesta Héctor Varela,1959-05-27,Muñequita de Arrabal,,Milonga,Armando Laborde Y Ernesto Herrera,Columbia,,,,Tití Rossi,Alfredo Dalton,,58-61 Columbia,Juan Carlos Howard,Agustín Furchi,"Héctor Varela, Salvador Cascone, Domingo Scápola, Salvador Alonso, Julio Jorge Bergés","Mario Abramovich, Nathán Melman, Antonio Cattaneo, Jorge Buivydas","Piano, Bass, 5 Bandoneons, 4 Violins"
Héctor Varela,Orquesta Héctor Varela,1959-07-30,Por Celos Nada Más,,Tango,Armando Laborde,Columbia,,,,Ángel Cabral,"Reinaldo Yiso, Manuel Mañueco",,58-61 Columbia,Juan Carlos Howard,Agustín Furchi,"Héctor Varela, Salvador Cascone, Domingo Scápola, Salvador Alonso, Julio Jorge Bergés","Mario Abramovich, Nathán Melman, Antonio Cattaneo, Jorge Buivydas","Piano, Bass, 5 Bandoneons, 4 Violins"
Héctor Varela,Orquesta Héctor Varela,1959-08-21,Amor de Chiquilina,,Tango,Ernesto Herrera,Columbia,,,,"Ángel Cabral, Erma Suárez",Erma Suárez,,58-61 Columbia,Juan Carlos Howard,Agustín Furchi,"Héctor Varela, Salvador Cascone, Domingo Scápola, Salvador Alonso, Julio Jorge Bergés","Mario Abramovich, Nathán Melman, Antonio Cattaneo, Jorge Buivydas","Piano, Bass, 5 Bandoneons, 4 Violins"
Héctor Varela,Orquesta Héctor Varela,1959-08-21,Entre Tu Amor y Mi Amor,,Tango,Armando Laborde,Columbia,,,,Juan Pomati,Leopoldo Vélez,,58-61 Columbia,Juan Carlos Howard,Agustín Furchi,"Héctor Varela, Salvador Cascone, Domingo Scápola, Salvador Alonso, Julio Jorge Bergés","Mario Abramovich, Nathán Melman, Antonio Cattaneo, Jorge Buivydas","Piano, Bass, 5 Bandoneons, 4 Violins"
Héctor Varela,Orquesta Héctor Varela,1959-09-07,Gran Muñeca,,Tango,Instrumental,Columbia,,,,Alfredo Bevilacqua,Antonio Polito,,58-61 Columbia,Juan Carlos Howard,Agustín Furchi,"Héctor Varela, Salvador Cascone, Domingo Scápola, Salvador Alonso, Julio Jorge Bergés","Mario Abramovich, Nathán Melman, Antonio Cattaneo, Jorge Buivydas","Piano, Bass, 5 Bandoneons, 4 Violins"
Héctor Varela,Orquesta Héctor Varela,1959-09-07,La Macumba,,Milonga,Instrumental,Columbia,,,,"Héctor Varela, Alberto Nery",,,58-61 Columbia,Juan Carlos Howard,Agustín Furchi,"Héctor Varela, Salvador Cascone, Domingo Scápola, Salvador Alonso, Julio Jorge Bergés","Mario Abramovich, Nathán Melman, Antonio Cattaneo, Jorge Buivydas","Piano, Bass, 5 Bandoneons, 4 Violins"
Héctor Varela,Orquesta Héctor Varela,1959-09-16,Argañaraz,Aquellas Farras,Tango,Instrumental,Columbia,,,,Roberto Firpo,Enrique Cadícamo,,58-61 Columbia,Juan Carlos Howard,Agustín Furchi,"Héctor Varela, Salvador Cascone, Domingo Scápola, Salvador Alonso, Julio Jorge Bergés","Mario Abramovich, Nathán Melman, Antonio Cattaneo, Jorge Buivydas","Piano, Bass, 5 Bandoneons, 4 Violins"
Héctor Varela,Orquesta Héctor Varela,1959-09-16,Quiero Papita,,Tango,Instrumental,Columbia,,,,Ernesto Ponzio,Luis Mario,,58-61 Columbia,Juan Carlos Howard,Agustín Furchi,"Héctor Varela, Salvador Cascone, Domingo Scápola, Salvador Alonso, Julio Jorge Bergés","Mario Abramovich, Nathán Melman, Antonio Cattaneo, Jorge Buivydas","Piano, Bass, 5 Bandoneons, 4 Violins"
Héctor Varela,Orquesta Héctor Varela,1959-09-30,"El Pato de la ""Z""",,Tango,Instrumental,Columbia,,,,Vicente Greco,Ernesto Temes,,58-61 Columbia,Juan Carlos Howard,Agustín Furchi,"Héctor Varela, Salvador Cascone, Domingo Scápola, Salvador Alonso, Julio Jorge Bergés","Mario Abramovich, Nathán Melman, Antonio Cattaneo, Jorge Buivydas","Piano, Bass, 5 Bandoneons, 4 Violins"
Héctor Varela,Orquesta Héctor Varela,1959-09-30,Se Mira y No Se Toca,,Tango,Instrumental,Columbia,,,,Juan Polito,Luis Rubistein,,58-61 Columbia,Juan Carlos Howard,Agustín Furchi,"Héctor Varela, Salvador Cascone, Domingo Scápola, Salvador Alonso, Julio Jorge Bergés","Mario Abramovich, Nathán Melman, Antonio Cattaneo, Jorge Buivydas","Piano, Bass, 5 Bandoneons, 4 Violins"
Héctor Varela,Orquesta Héctor Varela,1959-12-02,El Destino la Llevó,,Tango,Rodolfo Lesica,Columbia,,,,Miguel Bucino,Miguel Bucino,,58-61 Columbia,Juan Carlos Howard,Agustín Furchi,"Héctor Varela, Salvador Cascone, Domingo Scápola, Salvador Alonso, Julio Jorge Bergés","Mario Abramovich, Nathán Melman, Antonio Cattaneo, Jorge Buivydas","Piano, Bass, 5 Bandoneons, 4 Violins"
Héctor Varela,Orquesta Héctor Varela,1959-12-02,Tú y el Olvido,,Tango,Rodolfo Lesica,Columbia,,,,Juan Howard,Leopoldo Vélez,,58-61 Columbia,Juan Carlos Howard,Agustín Furchi,"Héctor Varela, Salvador Cascone, Domingo Scápola, Salvador Alonso, Julio Jorge Bergés","Mario Abramovich, Nathán Melman, Antonio Cattaneo, Jorge Buivydas","Piano, Bass, 5 Bandoneons, 4 Violins"
Héctor Varela,Orquesta Héctor Varela,1960-03-18,Con Flauta y Guitarra,,Milonga,Armando Laborde Y Rodolfo Lesica,Columbia,,,,"Luis Caruso, La Casa","Luis Caruso, La Casa",,58-61 Columbia,Juan Carlos Howard,Mario Monteleone,"Héctor Varela, Salvador Cascone, Domingo Scápola, Salvador Alonso, Julio Jorge Bergés","Mario Abramovich, Nathán Melman, Antonio Cattaneo, Jorge Buivydas","Piano, Bass, 5 Bandoneons, 4 Violins"
Héctor Varela,Orquesta Héctor Varela,1960-03-18,Qué Poca Cosa Fue Tu Amor,,Tango,Rodolfo Lesica,Columbia,,,,Héctor Varela,Carlos Waiss,,58-61 Columbia,Juan Carlos Howard,Mario Monteleone,"Héctor Varela, Salvador Cascone, Domingo Scápola, Salvador Alonso, Julio Jorge Bergés","Mario Abramovich, Nathán Melman, Antonio Cattaneo, Jorge Buivydas","Piano, Bass, 5 Bandoneons, 4 Violins"
Héctor Varela,Orquesta Héctor Varela,1960-06-08,El Irresistible,,Tango,Instrumental,Columbia,,,,Lorenzo Logatti,Carlos Pesce,,58-61 Columbia,Juan Carlos Howard,Mario Monteleone,"Héctor Varela, Salvador Cascone, Domingo Scápola, Salvador Alonso, Julio Jorge Bergés","Mario Abramovich, Nathán Melman, Antonio Cattaneo, Jorge Buivydas","Piano, Bass, 5 Bandoneons, 4 Violins"
Héctor Varela,Orquesta Héctor Varela,1960-06-08,Elegante Papirusa,,Tango,Instrumental,Columbia,,,,David Roccatagliata,Sandalio Gómez,,58-61 Columbia,Juan Carlos Howard,Mario Monteleone,"Héctor Varela, Salvador Cascone, Domingo Scápola, Salvador Alonso, Julio Jorge Bergés","Mario Abramovich, Nathán Melman, Antonio Cattaneo, Jorge Buivydas","Piano, Bass, 5 Bandoneons, 4 Violins"
Héctor Varela,Orquesta Héctor Varela,1960-08-12,El Chupete,,Tango,Instrumental,Columbia,,,,Carlos Gaudencio,Ángel Timarni,,58-61 Columbia,Juan Carlos Howard,Mario Monteleone,"Héctor Varela, Salvador Cascone, Domingo Scápola, Salvador Alonso, Julio Jorge Bergés","Mario Abramovich, Nathán Melman, Antonio Cattaneo, Jorge Buivydas","Piano, Bass, 5 Bandoneons, 4 Violins"
Héctor Varela,Orquesta Héctor Varela,1960-08-12,El Distinguido Ciudadano,,Tango,Instrumental,Columbia,,,,Peregrino Paulos,,,58-61 Columbia,Juan Carlos Howard,Mario Monteleone,"Héctor Varela, Salvador Cascone, Domingo Scápola, Salvador Alonso, Julio Jorge Bergés","Mario Abramovich, Nathán Melman, Antonio Cattaneo, Jorge Buivydas","Piano, Bass, 5 Bandoneons, 4 Violins"
Héctor Varela,Orquesta Héctor Varela,1960-08-31,Qué Te Pasa Vida Mía,,Tango,Armando Laborde,Columbia,,,,Héctor Varela,Rianco,,58-61 Columbia,Juan Carlos Howard,Mario Monteleone,"Héctor Varela, Salvador Cascone, Domingo Scápola, Salvador Alonso, Julio Jorge Bergés","Mario Abramovich, Nathán Melman, Antonio Cattaneo, Jorge Buivydas","Piano, Bass, 5 Bandoneons, 4 Violins"
Héctor Varela,Orquesta Héctor Varela,1960-08-31,Y el Último Beso,,Tango,Jorge Rolando,Columbia,,,,Erma Suárez,Reinaldo Yiso,,58-61 Columbia,Juan Carlos Howard,Mario Monteleone,"Héctor Varela, Salvador Cascone, Domingo Scápola, Salvador Alonso, Julio Jorge Bergés","Mario Abramovich, Nathán Melman, Antonio Cattaneo, Jorge Buivydas","Piano, Bass, 5 Bandoneons, 4 Violins"
Héctor Varela,Orquesta Héctor Varela,1960-09-14,Carcajada,,Tango,Instrumental,Columbia,,,,Tití Rossi,,,58-61 Columbia,Juan Carlos Howard,Mario Monteleone,"Héctor Varela, Salvador Cascone, Domingo Scápola, Salvador Alonso, Julio Jorge Bergés","Mario Abramovich, Nathán Melman, Antonio Cattaneo, Jorge Buivydas","Piano, Bass, 5 Bandoneons, 4 Violins"
Héctor Varela,Orquesta Héctor Varela,1960-09-14,El Mayorengo,,Tango,Instrumental,Columbia,,,,Salvador Cascone,,,58-61 Columbia,Juan Carlos Howard,Mario Monteleone,"Héctor Varela, Salvador Cascone, Domingo Scápola, Salvador Alonso, Julio Jorge Bergés","Mario Abramovich, Nathán Melman, Antonio Cattaneo, Jorge Buivydas","Piano, Bass, 5 Bandoneons, 4 Violins"
Héctor Varela,Orquesta Héctor Varela,1961-05-30,El Peludo y el Pelao,,Milonga,Armando Laborde Y Jorge Rolando,Columbia,,,,Erma Suárez,Luis Caruso,,58-61 Columbia,Juan Carlos Howard,Mario Monteleone,"Héctor Varela, Salvador Cascone, Domingo Scápola, Salvador Alonso, Julio Jorge Bergés","Mario Abramovich, Nathán Melman, Antonio Cattaneo, Jorge Buivydas","Piano, Bass, 5 Bandoneons, 4 Violins"
Héctor Varela,Orquesta Héctor Varela,1961-05-30,Es Hora de Vivir,,Tango,Ernesto Herrera,Columbia,,,,Enrique Francini,Carlos Bahr,,58-61 Columbia,Juan Carlos Howard,Mario Monteleone,"Héctor Varela, Salvador Cascone, Domingo Scápola, Salvador Alonso, Julio Jorge Bergés","Mario Abramovich, Nathán Melman, Antonio Cattaneo, Jorge Buivydas","Piano, Bass, 5 Bandoneons, 4 Violins"
Héctor Varela,Orquesta Héctor Varela,1961-05-30,Y Es Hora de Vivir,,Tango,Ernesto Herrera,Columbia,,,,Pascual Otero,San Diego,,58-61 Columbia,Juan Carlos Howard,Mario Monteleone,"Héctor Varela, Salvador Cascone, Domingo Scápola, Salvador Alonso, Julio Jorge Bergés","Mario Abramovich, Nathán Melman, Antonio Cattaneo, Jorge Buivydas","Piano, Bass, 5 Bandoneons, 4 Violins"
Héctor Varela,Orquesta Héctor Varela,1961-06-03,Orillera,,Milonga,Instrumental,Columbia,,,,"Oscar Bassil, Horacio Pelay, Guillermo Pelay",,,58-61 Columbia,Juan Carlos Howard,Mario Monteleone,"Héctor Varela, Salvador Cascone, Domingo Scápola, Salvador Alonso, Julio Jorge Bergés","Mario Abramovich, Nathán Melman, Antonio Cattaneo, Jorge Buivydas","Piano, Bass, 5 Bandoneons, 4 Violins"
Héctor Varela,Orquesta Héctor Varela,1961-06-03,Rulito,,Tango,Instrumental,Columbia,,,,Alberto Cosentino,,,58-61 Columbia,Juan Carlos Howard,Mario Monteleone,"Héctor Varela, Salvador Cascone, Domingo Scápola, Salvador Alonso, Julio Jorge Bergés","Mario Abramovich, Nathán Melman, Antonio Cattaneo, Jorge Buivydas","Piano, Bass, 5 Bandoneons, 4 Violins"
Héctor Varela,Orquesta Héctor Varela,1961-06-09,Vareleando,,Tango,Instrumental,Columbia,,,,Domingo Scápola,,,58-61 Columbia,Juan Carlos Howard,Mario Monteleone,"Héctor Varela, Salvador Cascone, Domingo Scápola, Salvador Alonso, Julio Jorge Bergés","Mario Abramovich, Nathán Melman, Antonio Cattaneo, Jorge Buivydas","Piano, Bass, 5 Bandoneons, 4 Violins"
Héctor Varela,Orquesta Héctor Varela,1961-06-27,Cielo y Luna,,Vals,Instrumental,Columbia,,,,"Héctor Varela, Tití Rossi",,,58-61 Columbia,Juan Carlos Howard,Mario Monteleone,"Héctor Varela, Salvador Cascone, Domingo Scápola, Salvador Alonso, Julio Jorge Bergés","Mario Abramovich, Nathán Melman, Antonio Cattaneo, Jorge Buivydas","Piano, Bass, 5 Bandoneons, 4 Violins"
Héctor Varela,Orquesta Héctor Varela,1961-06-27,Puro Apronte,,Tango,Instrumental,Columbia,,,,Domingo Plateroti,Félix Lipesker,,58-61 Columbia,Juan Carlos Howard,Mario Monteleone,"Héctor Varela, Salvador Cascone, Domingo Scápola, Salvador Alonso, Julio Jorge Bergés","Mario Abramovich, Nathán Melman, Antonio Cattaneo, Jorge Buivydas","Piano, Bass, 5 Bandoneons, 4 Violins"
Héctor Varela,Orquesta Héctor Varela,1961-08-08,Anoche Te Soñé,,Vals,Ernesto Herrera Y Jorge Rolando,Columbia,,,,Mario Canaro,Abel Aznar,,58-61 Columbia,Juan Carlos Howard,Mario Monteleone,"Héctor Varela, Salvador Cascone, Domingo Scápola, Salvador Alonso, Julio Jorge Bergés","Mario Abramovich, Nathán Melman, Antonio Cattaneo, Jorge Buivydas","Piano, Bass, 5 Bandoneons, 4 Violins"
Héctor Varela,Orquesta Héctor Varela,1961-08-08,El Tango del Amor,,Tango,Armando Laborde,Columbia,,,,Héctor Varela,Rianco,,58-61 Columbia,Juan Carlos Howard,Ma+O158:O177rio Monteleone,"Héctor Varela, Salvador Cascone, Domingo Scápola, Salvador Alonso, Julio Jorge Bergés","Mario Abramovich, Nathán Melman, Antonio Cattaneo, Jorge Buivydas","Piano, Bass, 5 Bandoneons, 4 Violins"
Héctor Varela,Orquesta Héctor Varela,1962,A la Francesa,,Tango,Armando Laborde Y Jorge Rolando,Music Hall,,,,Enrique Mónaco,Dante Linyera,,62-62 Music Hall,Juan Carlos Howard,Mario Monteleone,"Héctor Varela, Salvador Cascone, Domingo Scápola, Salvador Alonso, Julio Jorge Bergés","Mario Abramovich, Nathán Melman, Antonio Cattaneo, Jorge Buivydas","Piano, Bass, 5 Bandoneons, 4 Violins"
Héctor Varela,Orquesta Héctor Varela,1962,Che Papusa Oí,,Tango,Armando Laborde,Music Hall,,,,Gerardo Rodríguez,Enrique Cadícamo,,62-62 Music Hall,Juan Carlos Howard,Mario Monteleone,"Héctor Varela, Salvador Cascone, Domingo Scápola, Salvador Alonso, Julio Jorge Bergés","Mario Abramovich, Nathán Melman, Antonio Cattaneo, Jorge Buivydas","Piano, Bass, 5 Bandoneons, 4 Violins"
Héctor Varela,Orquesta Héctor Varela,1962,Demasiado Tarde,,Tango,Jorge Rolando,Music Hall,,,,Francisco Tróppoli,Agustín Delamónica,,62-62 Music Hall,Juan Carlos Howard,Mario Monteleone,"Héctor Varela, Salvador Cascone, Domingo Scápola, Salvador Alonso, Julio Jorge Bergés","Mario Abramovich, Nathán Melman, Antonio Cattaneo, Jorge Buivydas","Piano, Bass, 5 Bandoneons, 4 Violins"
Héctor Varela,Orquesta Héctor Varela,1962,El Tiempo Será Testigo,,Tango,Armando Laborde,Music Hall,,,,"Carlos Waiss, Roberto Giménez","Carlos Waiss, Roberto Giménez",,62-62 Music Hall,Juan Carlos Howard,Mario Monteleone,"Héctor Varela, Salvador Cascone, Domingo Scápola, Salvador Alonso, Julio Jorge Bergés","Mario Abramovich, Nathán Melman, Antonio Cattaneo, Jorge Buivydas","Piano, Bass, 5 Bandoneons, 4 Violins"
Héctor Varela,Orquesta Héctor Varela,1962,Esas Cosas del Corazón,,Tango,Luis Correa,Music Hall,,,,Juan Howard,José Contursi,,62-62 Music Hall,Juan Carlos Howard,Mario Monteleone,"Héctor Varela, Salvador Cascone, Domingo Scápola, Salvador Alonso, Julio Jorge Bergés","Mario Abramovich, Nathán Melman, Antonio Cattaneo, Jorge Buivydas","Piano, Bass, 5 Bandoneons, 4 Violins"
Héctor Varela,Orquesta Héctor Varela,1962,Isabel de Budapest,,Tango,Jorge Rolando,Music Hall,,,,Amitor Vidal,Roberto Fernández,,62-62 Music Hall,Juan Carlos Howard,Mario Monteleone,"Héctor Varela, Salvador Cascone, Domingo Scápola, Salvador Alonso, Julio Jorge Bergés","Mario Abramovich, Nathán Melman, Antonio Cattaneo, Jorge Buivydas","Piano, Bass, 5 Bandoneons, 4 Violins"
Héctor Varela,Orquesta Héctor Varela,1962,Lilián,,Tango,Luis Correa,Music Hall,,,,Héctor Varela,Luis Caruso,,62-62 Music Hall,Juan Carlos Howard,Mario Monteleone,"Héctor Varela, Salvador Cascone, Domingo Scápola, Salvador Alonso, Julio Jorge Bergés","Mario Abramovich, Nathán Melman, Antonio Cattaneo, Jorge Buivydas","Piano, Bass, 5 Bandoneons, 4 Violins"
Héctor Varela,Orquesta Héctor Varela,1962,Matinee de Tango,Matinee del Domingo,Tango,Instrumental,Music Hall,,,,"Héctor Varela, Alberto Nery",,,62-62 Music Hall,Juan Carlos Howard,Mario Monteleone,"Héctor Varela, Salvador Cascone, Domingo Scápola, Salvador Alonso, Julio Jorge Bergés","Mario Abramovich, Nathán Melman, Antonio Cattaneo, Jorge Buivydas","Piano, Bass, 5 Bandoneons, 4 Violins"
Héctor Varela,Orquesta Héctor Varela,1962,Qué Tenés Que Hablar de Mí,,Tango,Luis Correa,Music Hall,,,,Riel,Abel Aznar,,62-62 Music Hall,Juan Carlos Howard,Mario Monteleone,"Héctor Varela, Salvador Cascone, Domingo Scápola, Salvador Alonso, Julio Jorge Bergés","Mario Abramovich, Nathán Melman, Antonio Cattaneo, Jorge Buivydas","Piano, Bass, 5 Bandoneons, 4 Violins"
Héctor Varela,Orquesta Héctor Varela,1962,Una Lagrimita,,Vals,Armando Laborde Y Jorge Rolando,Music Hall,,,,Tití Rossi,Alfredo Dalton,,62-62 Music Hall,Juan Carlos Howard,Mario Monteleone,"Héctor Varela, Salvador Cascone, Domingo Scápola, Salvador Alonso, Julio Jorge Bergés","Mario Abramovich, Nathán Melman, Antonio Cattaneo, Jorge Buivydas","Piano, Bass, 5 Bandoneons, 4 Violins"
Héctor Varela,Orquesta Héctor Varela,1962,Vos y Yo Corazón,,Tango,Jorge Rolando,Music Hall,,,,Luis Stazo,Federico Silva,,62-62 Music Hall,Juan Carlos Howard,Mario Monteleone,"Héctor Varela, Salvador Cascone, Domingo Scápola, Salvador Alonso, Julio Jorge Bergés","Mario Abramovich, Nathán Melman, Antonio Cattaneo, Jorge Buivydas","Piano, Bass, 5 Bandoneons, 4 Violins"
Héctor Varela,Orquesta Héctor Varela,1962,Y Llorarás Como Yo,,Tango,Armando Laborde,Music Hall,,,,Erma Suárez,Abel Aznar,,62-62 Music Hall,Juan Carlos Howard,Mario Monteleone,"Héctor Varela, Salvador Cascone, Domingo Scápola, Salvador Alonso, Julio Jorge Bergés","Mario Abramovich, Nathán Melman, Antonio Cattaneo, Jorge Buivydas","Piano, Bass, 5 Bandoneons, 4 Violins"
Héctor Varela,Orquesta Héctor Varela,1963,Doblan las Campanas,,Tango,Mario De La Cruz,Music Hall,,,,Héctor Varela,Roberto Lambertucci,,62-62 Music Hall,Juan Carlos Howard,Mario Monteleone,"Héctor Varela, Salvador Cascone, Domingo Scápola, Salvador Alonso, Julio Jorge Bergés","Mario Abramovich, Nathán Melman, Antonio Cattaneo, Jorge Buivydas","Piano, Bass, 5 Bandoneons, 4 Violins"
Héctor Varela,Orquesta Héctor Varela,1963,El Mangrullo,,Tango,Instrumental,Music Hall,,,,Roberto Guisado,Felipe Villa,,62-62 Music Hall,Juan Carlos Howard,Mario Monteleone,"Héctor Varela, Salvador Cascone, Domingo Scápola, Salvador Alonso, Julio Jorge Bergés","Mario Abramovich, Nathán Melman, Antonio Cattaneo, Jorge Buivydas","Piano, Bass, 5 Bandoneons, 4 Violins"
Héctor Varela,Orquesta Héctor Varela,1963,El Último Café,,Tango,Ernesto Herrera,Music Hall,,,,Héctor Stamponi,Cátulo Castillo,,62-62 Music Hall,Juan Carlos Howard,Mario Monteleone,"Héctor Varela, Salvador Cascone, Domingo Scápola, Salvador Alonso, Julio Jorge Bergés","Mario Abramovich, Nathán Melman, Antonio Cattaneo, Jorge Buivydas","Piano, Bass, 5 Bandoneons, 4 Violins"
Héctor Varela,Orquesta Héctor Varela,1963,Puedes Irte con Cualquiera,,Tango,Mario De La Cruz,Music Hall,,,,Ángel Cabral,Reinaldo Yiso,,62-62 Music Hall,Juan Carlos Howard,Mario Monteleone,"Héctor Varela, Salvador Cascone, Domingo Scápola, Salvador Alonso, Julio Jorge Bergés","Mario Abramovich, Nathán Melman, Antonio Cattaneo, Jorge Buivydas","Piano, Bass, 5 Bandoneons, 4 Violins"
Héctor Varela,Orquesta Héctor Varela,1963,Si Me Esperas a Mí,Si Me Esperaras a Mí,Tango,Luis Correa,Music Hall,,,,"Don Filinto, Alfonso Casini",Alfonso Casini,,62-62 Music Hall,Juan Carlos Howard,Mario Monteleone,"Héctor Varela, Salvador Cascone, Domingo Scápola, Salvador Alonso, Julio Jorge Bergés","Mario Abramovich, Nathán Melman, Antonio Cattaneo, Jorge Buivydas","Piano, Bass, 5 Bandoneons, 4 Violins"
Héctor Varela,Orquesta Héctor Varela,1963,Tropero Soy,,Tango,Armando Laborde Y Jorge Rolando,Music Hall,,,,Arturo Gallucci,Yaraví,,62-62 Music Hall,Juan Carlos Howard,Mario Monteleone,"Héctor Varela, Salvador Cascone, Domingo Scápola, Salvador Alonso, Julio Jorge Bergés","Mario Abramovich, Nathán Melman, Antonio Cattaneo, Jorge Buivydas","Piano, Bass, 5 Bandoneons, 4 Violins"
Héctor Varela,Orquesta Héctor Varela,1964-03-19,Me Enamoré,,Tango,Ernesto Herrera,Odeón,,,,"Dante Gilardoni, R. Arispe",,,64-71 Odeón,Juan Carlos Howard,Mario Monteleone,"Héctor Varela, Salvador Cascone, Domingo Scápola, Salvador Alonso, Julio Jorge Bergés","Mario Abramovich, Nathán Melman, Antonio Cattaneo, Jorge Buivydas","Piano, Bass, 5 Bandoneons, 4 Violins"
Héctor Varela,Orquesta Héctor Varela,1964-03-19,Porteñito Ventanero,,Tango,Mario De La Cruz,Odeón,,,,Héctor Varela,Julio Curi,,64-71 Odeón,Juan Carlos Howard,Mario Monteleone,"Héctor Varela, Salvador Cascone, Domingo Scápola, Salvador Alonso, Julio Jorge Bergés","Mario Abramovich, Nathán Melman, Antonio Cattaneo, Jorge Buivydas","Piano, Bass, 5 Bandoneons, 4 Violins"
Héctor Varela,Orquesta Héctor Varela,1964-04-02,A Don Antonio,,Tango,Instrumental,Odeón,,,,"Héctor Varela, Alberto Nery",,,64-71 Odeón,Juan Carlos Howard,Mario Monteleone,"Héctor Varela, Salvador Cascone, Domingo Scápola, Salvador Alonso, Julio Jorge Bergés","Mario Abramovich, Nathán Melman, Antonio Cattaneo, Jorge Buivydas","Piano, Bass, 5 Bandoneons, 4 Violins"
Héctor Varela,Orquesta Héctor Varela,1964-04-02,Soy Cuartelera,,Milonga,Instrumental,Odeón,,,,Silvio Di Pascal,,,64-71 Odeón,Juan Carlos Howard,Mario Monteleone,"Héctor Varela, Salvador Cascone, Domingo Scápola, Salvador Alonso, Julio Jorge Bergés","Mario Abramovich, Nathán Melman, Antonio Cattaneo, Jorge Buivydas","Piano, Bass, 5 Bandoneons, 4 Violins"
Héctor Varela,Orquesta Héctor Varela,1964-04-09,Pa' Que Se Luzca la Orquesta,,Tango,Instrumental,Odeón,,,,Orlando Trípodi,,,64-71 Odeón,Juan Carlos Howard,Mario Monteleone,"Héctor Varela, Salvador Cascone, Domingo Scápola, Salvador Alonso, Julio Jorge Bergés","Mario Abramovich, Nathán Melman, Antonio Cattaneo, Jorge Buivydas","Piano, Bass, 5 Bandoneons, 4 Violins"
Héctor Varela,Orquesta Héctor Varela,1964-04-09,Repetido,,Tango,Instrumental,Odeón,,,,"Héctor Varela, Alberto Nery",,,64-71 Odeón,Juan Carlos Howard,Mario Monteleone,"Héctor Varela, Salvador Cascone, Domingo Scápola, Salvador Alonso, Julio Jorge Bergés","Mario Abramovich, Nathán Melman, Antonio Cattaneo, Jorge Buivydas","Piano, Bass, 5 Bandoneons, 4 Violins"
Héctor Varela,Orquesta Héctor Varela,1964-04-23,Un Poco Más,,Tango,Mario De La Cruz,Odeón,,,,Ángel Cabral,Reinaldo Yiso,,64-71 Odeón,Juan Carlos Howard,Mario Monteleone,"Héctor Varela, Salvador Cascone, Domingo Scápola, Salvador Alonso, Julio Jorge Bergés","Mario Abramovich, Nathán Melman, Antonio Cattaneo, Jorge Buivydas","Piano, Bass, 5 Bandoneons, 4 Violins"
Héctor Varela,Orquesta Héctor Varela,1964-04-23,Ya Vuelvo,,Tango,Ernesto Herrera,Odeón,,,,Luis Stazo,Federico Silva,,64-71 Odeón,Juan Carlos Howard,Mario Monteleone,"Héctor Varela, Salvador Cascone, Domingo Scápola, Salvador Alonso, Julio Jorge Bergés","Mario Abramovich, Nathán Melman, Antonio Cattaneo, Jorge Buivydas","Piano, Bass, 5 Bandoneons, 4 Violins"
Héctor Varela,Orquesta Héctor Varela,1964-05-07,Guapeando,,Tango,Instrumental,Odeón,,,,Juan Larenza,,,64-71 Odeón,Juan Carlos Howard,Mario Monteleone,"Héctor Varela, Salvador Cascone, Domingo Scápola, Salvador Alonso, Julio Jorge Bergés","Mario Abramovich, Nathán Melman, Antonio Cattaneo, Jorge Buivydas","Piano, Bass, 5 Bandoneons, 4 Violins"
Héctor Varela,Orquesta Héctor Varela,1964-05-07,Tempranero,,Tango,Instrumental,Odeón,,,,"Nathan Melman, Ángel Cicchetti",,,64-71 Odeón,Juan Carlos Howard,Mario Monteleone,"Héctor Varela, Salvador Cascone, Domingo Scápola, Salvador Alonso, Julio Jorge Bergés","Mario Abramovich, Nathán Melman, Antonio Cattaneo, Jorge Buivydas","Piano, Bass, 5 Bandoneons, 4 Violins"
Héctor Varela,Orquesta Héctor Varela,1964-05-21,A la Gran Muñeca,,Tango,Instrumental,Odeón,,,,Jesús Ventura,Miguel Osés,,64-71 Odeón,Juan Carlos Howard,Mario Monteleone,"Héctor Varela, Salvador Cascone, Domingo Scápola, Salvador Alonso, Julio Jorge Bergés","Mario Abramovich, Nathán Melman, Antonio Cattaneo, Jorge Buivydas","Piano, Bass, 5 Bandoneons, 4 Violins"
Héctor Varela,Orquesta Héctor Varela,1964-05-21,Siempre Tangueando,,Tango,Instrumental,Odeón,,,,Salvador Cascone,,,64-71 Odeón,Juan Carlos Howard,Mario Monteleone,"Héctor Varela, Salvador Cascone, Domingo Scápola, Salvador Alonso, Julio Jorge Bergés","Mario Abramovich, Nathán Melman, Antonio Cattaneo, Jorge Buivydas","Piano, Bass, 5 Bandoneons, 4 Violins"
Héctor Varela,Orquesta Héctor Varela,1964-06-04,Melodía Oriental,,Tango,Instrumental,Odeón,,,,"Juan Howard, Roberto Zerrillo",Enrique Cadícamo,,64-71 Odeón,Juan Carlos Howard,Mario Monteleone,"Héctor Varela, Salvador Cascone, Domingo Scápola, Salvador Alonso, Julio Jorge Bergés","Mario Abramovich, Nathán Melman, Antonio Cattaneo, Jorge Buivydas","Piano, Bass, 5 Bandoneons, 4 Violins"
Héctor Varela,Orquesta Héctor Varela,1964-06-04,Violinada,,Tango,Instrumental,Odeón,,,,Domingo Scápola,,,64-71 Odeón,Juan Carlos Howard,Mario Monteleone,"Héctor Varela, Salvador Cascone, Domingo Scápola, Salvador Alonso, Julio Jorge Bergés","Mario Abramovich, Nathán Melman, Antonio Cattaneo, Jorge Buivydas","Piano, Bass, 5 Bandoneons, 4 Violins"
Héctor Varela,Orquesta Héctor Varela,1964-06-19,Canaro en París,Canaro en París,Tango,Instrumental,Odeón,,,,"Alejandro Scarpino, Juan Caldarella",José Scarpino,,64-71 Odeón,Juan Carlos Howard,Mario Monteleone,"Héctor Varela, Salvador Cascone, Domingo Scápola, Salvador Alonso, Julio Jorge Bergés","Mario Abramovich, Nathán Melman, Antonio Cattaneo, Jorge Buivydas","Piano, Bass, 5 Bandoneons, 4 Violins"
Héctor Varela,Orquesta Héctor Varela,1964-06-19,Pichingo,,Tango,Instrumental,Odeón,,,,Mario Monteleone,,,64-71 Odeón,Juan Carlos Howard,Mario Monteleone,"Héctor Varela, Salvador Cascone, Domingo Scápola, Salvador Alonso, Julio Jorge Bergés","Mario Abramovich, Nathán Melman, Antonio Cattaneo, Jorge Buivydas","Piano, Bass, 5 Bandoneons, 4 Violins"
Héctor Varela,Orquesta Héctor Varela,1964-09-14,Cuesta Mucho Olvidar,,Tango,Mario De La Cruz,Odeón,,,,"Juan Pomati, Abel Aznar","Juan Pomati, Abel Aznar",,64-71 Odeón,Juan Carlos Howard,Mario Monteleone,"Héctor Varela, Salvador Cascone, Domingo Scápola, Salvador Alonso, Julio Jorge Bergés","Mario Abramovich, Nathán Melman, Antonio Cattaneo, Jorge Buivydas","Piano, Bass, 5 Bandoneons, 4 Violins"
Héctor Varela,Orquesta Héctor Varela,1964-09-14,Vuelves Hoy,,Tango,Ernesto Herrera,Odeón,,,,Orlando Trípodi,Eugenio Majúl,,64-71 Odeón,Juan Carlos Howard,Mario Monteleone,"Héctor Varela, Salvador Cascone, Domingo Scápola, Salvador Alonso, Julio Jorge Bergés","Mario Abramovich, Nathán Melman, Antonio Cattaneo, Jorge Buivydas","Piano, Bass, 5 Bandoneons, 4 Violins"
Héctor Varela,Orquesta Héctor Varela,1965-07-21,Mirame en la Cara,,Tango,Claudio Bergé,Odeón,,,,Héctor Varela,Luis Castiñeira,,64-71 Odeón,Juan Carlos Howard,Mario Monteleone,"Héctor Varela, Salvador Cascone, Domingo Scápola, Salvador Alonso, Julio Jorge Bergés","Mario Abramovich, Nathán Melman, Antonio Cattaneo, Jorge Buivydas","Piano, Bass, 5 Bandoneons, 4 Violins"
Héctor Varela,Orquesta Héctor Varela,1965-07-21,Te Tuve Que Perder,,Tango,Claudio Bergé,Odeón,,,,Héctor Varela,Carlos Waiss,,64-71 Odeón,Juan Carlos Howard,Mario Monteleone,"Héctor Varela, Salvador Cascone, Domingo Scápola, Salvador Alonso, Julio Jorge Bergés","Mario Abramovich, Nathán Melman, Antonio Cattaneo, Jorge Buivydas","Piano, Bass, 5 Bandoneons, 4 Violins"
Héctor Varela,Orquesta Héctor Varela,1965-07-21,Y Te Seguiré Queriendo,,Tango,Jorge Rolando,Odeón,,,,Omar Arriagada,Omar Arriagada,,64-71 Odeón,Juan Carlos Howard,Mario Monteleone,"Héctor Varela, Salvador Cascone, Domingo Scápola, Salvador Alonso, Julio Jorge Bergés","Mario Abramovich, Nathán Melman, Antonio Cattaneo, Jorge Buivydas","Piano, Bass, 5 Bandoneons, 4 Violins"
Héctor Varela,Orquesta Héctor Varela,1965-12-09,Mi Reina,,Milonga,Claudio Bergé Y Jorge Rolando,Odeón,,,,Armando Lacava,Leopoldo Vélez,,64-71 Odeón,Juan Carlos Howard,Mario Monteleone,"Héctor Varela, Salvador Cascone, Domingo Scápola, Salvador Alonso, Julio Jorge Bergés","Mario Abramovich, Nathán Melman, Antonio Cattaneo, Jorge Buivydas","Piano, Bass, 5 Bandoneons, 4 Violins"
Héctor Varela,Orquesta Héctor Varela,1965-12-09,Que Quieres Tu de Mi,,Tango,Jorge Rolando,Odeón,,,,"Evaldo Gouveia, Jair Amorim, Manoel Silva","Evaldo Gouveia, Jair Amorim",,64-71 Odeón,Juan Carlos Howard,Mario Monteleone,"Héctor Varela, Salvador Cascone, Domingo Scápola, Salvador Alonso, Julio Jorge Bergés","Mario Abramovich, Nathán Melman, Antonio Cattaneo, Jorge Buivydas","Piano, Bass, 5 Bandoneons, 4 Violins"
Héctor Varela,Orquesta Héctor Varela,1966-06-03,Que Sigan Charlando,,Tango,Jorge Rolando,Odeón,,,,Héctor Varela,Carlos Waiss,,64-71 Odeón,Juan Carlos Howard,Mario Monteleone,"Héctor Varela, Salvador Cascone, Domingo Scápola, Salvador Alonso, Julio Jorge Bergés","Mario Abramovich, Nathán Melman, Antonio Cattaneo, Jorge Buivydas","Piano, Bass, 5 Bandoneons, 4 Violins"
Héctor Varela,Orquesta Héctor Varela,1966-06-03,Tus Lágrimas Benditas,,Tango,Carlos Nogués,Odeón,,,,Juan Howard,José Contursi,,64-71 Odeón,Juan Carlos Howard,Mario Monteleone,"Héctor Varela, Salvador Cascone, Domingo Scápola, Salvador Alonso, Julio Jorge Bergés","Mario Abramovich, Nathán Melman, Antonio Cattaneo, Jorge Buivydas","Piano, Bass, 5 Bandoneons, 4 Violins"
Héctor Varela,Orquesta Héctor Varela,1966-09-29,Mi Barrio Tenía Cosas,,Tango,Carlos Nogués,Odeón,,,,Pedro Noda,Juan Tiggi,,64-71 Odeón,Juan Carlos Howard,Mario Monteleone,"Héctor Varela, Salvador Cascone, Domingo Scápola, Salvador Alonso, Julio Jorge Bergés","Mario Abramovich, Nathán Melman, Antonio Cattaneo, Jorge Buivydas","Piano, Bass, 5 Bandoneons, 4 Violins"
Héctor Varela,Orquesta Héctor Varela,1966-09-29,Te Quedarás en Mi Vida,,Tango,Jorge Rolando,Odeón,,,,Juan Bera,Abel Aznar,,64-71 Odeón,Juan Carlos Howard,Mario Monteleone,"Héctor Varela, Salvador Cascone, Domingo Scápola, Salvador Alonso, Julio Jorge Bergés","Mario Abramovich, Nathán Melman, Antonio Cattaneo, Jorge Buivydas","Piano, Bass, 5 Bandoneons, 4 Violins"
Héctor Varela,Orquesta Héctor Varela,1966-09-30,Comme Il Faut,Como Debe Ser,Tango,Instrumental,Odeón,,,,Eduardo Arolas,Gabriel Clausi,,64-71 Odeón,Juan Carlos Howard,Mario Monteleone,"Héctor Varela, Salvador Cascone, Domingo Scápola, Salvador Alonso, Julio Jorge Bergés","Mario Abramovich, Nathán Melman, Antonio Cattaneo, Jorge Buivydas","Piano, Bass, 5 Bandoneons, 4 Violins"
Héctor Varela,Orquesta Héctor Varela,1966-09-30,El Pollo Ricardo,,Tango,Instrumental,Odeón,,,,Luis Fernández,Luis Fernández,,64-71 Odeón,Juan Carlos Howard,Mario Monteleone,"Héctor Varela, Salvador Cascone, Domingo Scápola, Salvador Alonso, Julio Jorge Bergés","Mario Abramovich, Nathán Melman, Antonio Cattaneo, Jorge Buivydas","Piano, Bass, 5 Bandoneons, 4 Violins"
Héctor Varela,Orquesta Héctor Varela,1966-10-17,Buen Amigo,,Tango,Instrumental,Odeón,,,,Julio De Caro,Juan Catán,,64-71 Odeón,Juan Carlos Howard,Mario Monteleone,"Héctor Varela, Salvador Cascone, Domingo Scápola, Salvador Alonso, Julio Jorge Bergés","Mario Abramovich, Nathán Melman, Antonio Cattaneo, Jorge Buivydas","Piano, Bass, 5 Bandoneons, 4 Violins"
Héctor Varela,Orquesta Héctor Varela,1966-10-17,Retirao,El Retirao,Tango,Instrumental,Odeón,,,,Carlos Posadas,,,64-71 Odeón,Juan Carlos Howard,Mario Monteleone,"Héctor Varela, Salvador Cascone, Domingo Scápola, Salvador Alonso, Julio Jorge Bergés","Mario Abramovich, Nathán Melman, Antonio Cattaneo, Jorge Buivydas","Piano, Bass, 5 Bandoneons, 4 Violins"
Héctor Varela,Orquesta Héctor Varela,1966-10-23,Don Orlando,,Tango,Instrumental,Odeón,,,,"Héctor Varela, Alberto Nery",,,64-71 Odeón,Juan Carlos Howard,Mario Monteleone,"Héctor Varela, Salvador Cascone, Domingo Scápola, Salvador Alonso, Julio Jorge Bergés","Mario Abramovich, Nathán Melman, Antonio Cattaneo, Jorge Buivydas","Piano, Bass, 5 Bandoneons, 4 Violins"
Héctor Varela,Orquesta Héctor Varela,1966-10-23,El Caburé,,Tango,Instrumental,Odeón,,,,Arturo De Bassi,,,64-71 Odeón,Juan Carlos Howard,Mario Monteleone,"Héctor Varela, Salvador Cascone, Domingo Scápola, Salvador Alonso, Julio Jorge Bergés","Mario Abramovich, Nathán Melman, Antonio Cattaneo, Jorge Buivydas","Piano, Bass, 5 Bandoneons, 4 Violins"
Héctor Varela,Orquesta Héctor Varela,1966-11-09,El Desafío,,Milonga,Carlos Nogués Y Jorge Rolando,Odeón,,,,René Ruiz,Charrúa,,64-71 Odeón,Juan Carlos Howard,Mario Monteleone,"Héctor Varela, Salvador Cascone, Domingo Scápola, Salvador Alonso, Julio Jorge Bergés","Mario Abramovich, Nathán Melman, Antonio Cattaneo, Jorge Buivydas","Piano, Bass, 5 Bandoneons, 4 Violins"
Héctor Varela,Orquesta Héctor Varela,1966-11-11,Ay Aurora,,Vals,Carlos Nogués Y Jorge Rolando,Odeón,,,,Carlos Vázquez,Federico Bustíos,,64-71 Odeón,Juan Carlos Howard,Mario Monteleone,"Héctor Varela, Salvador Cascone, Domingo Scápola, Salvador Alonso, Julio Jorge Bergés","Mario Abramovich, Nathán Melman, Antonio Cattaneo, Jorge Buivydas","Piano, Bass, 5 Bandoneons, 4 Violins"
Héctor Varela,Orquesta Héctor Varela,1966-11-21,Fatalmente Nada,,Tango,Jorge Rolando,Odeón,,,,Manuel Sucher,Alberto Mastra,,64-71 Odeón,Juan Carlos Howard,Mario Monteleone,"Héctor Varela, Salvador Cascone, Domingo Scápola, Salvador Alonso, Julio Jorge Bergés","Mario Abramovich, Nathán Melman, Antonio Cattaneo, Jorge Buivydas","Piano, Bass, 5 Bandoneons, 4 Violins"
Héctor Varela,Orquesta Héctor Varela,1966-11-21,Se Tiran Conmigo,,Tango,Carlos Nogués,Odeón,,,,"José Díaz, Luis Díaz",Luis Díaz,,64-71 Odeón,Juan Carlos Howard,Mario Monteleone,"Héctor Varela, Salvador Cascone, Domingo Scápola, Salvador Alonso, Julio Jorge Bergés","Mario Abramovich, Nathán Melman, Antonio Cattaneo, Jorge Buivydas","Piano, Bass, 5 Bandoneons, 4 Violins"
Héctor Varela,Orquesta Héctor Varela,1967-04-18,De Vuelta y Media,,Milonga,Instrumental,Odeón,,,,Máximo Barbieri,,,64-71 Odeón,Juan Carlos Howard,Mario Monteleone,"Héctor Varela, Salvador Cascone, Domingo Scápola, Salvador Alonso, Julio Jorge Bergés","Mario Abramovich, Nathán Melman, Antonio Cattaneo, Jorge Buivydas","Piano, Bass, 5 Bandoneons, 4 Violins"
Héctor Varela,Orquesta Héctor Varela,1967-04-18,La Puñalada,,Milonga,Instrumental,Odeón,,,,Pintín Castellanos,Celedonio Flores,,64-71 Odeón,Juan Carlos Howard,Mario Monteleone,"Héctor Varela, Salvador Cascone, Domingo Scápola, Salvador Alonso, Julio Jorge Bergés","Mario Abramovich, Nathán Melman, Antonio Cattaneo, Jorge Buivydas","Piano, Bass, 5 Bandoneons, 4 Violins"
Héctor Varela,Orquesta Héctor Varela,1967-04-27,Beautiful Tango,Palomita Blanca,Vals,Instrumental,Odeón,,,,Anselmo Aieta,Francisco Jiménez,,64-71 Odeón,Juan Carlos Howard,Mario Monteleone,"Héctor Varela, Salvador Cascone, Domingo Scápola, Salvador Alonso, Julio Jorge Bergés","Mario Abramovich, Nathán Melman, Antonio Cattaneo, Jorge Buivydas","Piano, Bass, 5 Bandoneons, 4 Violins"
Héctor Varela,Orquesta Héctor Varela,1967-04-27,Pabellón De Las Rosas,El Pabellón De Las Rosas,Vals,Instrumental,Odeón,,,,José Felipetti,"Antonio Catania, Ángela Catania",,64-71 Odeón,Juan Carlos Howard,Mario Monteleone,"Héctor Varela, Salvador Cascone, Domingo Scápola, Salvador Alonso, Julio Jorge Bergés","Mario Abramovich, Nathán Melman, Antonio Cattaneo, Jorge Buivydas","Piano, Bass, 5 Bandoneons, 4 Violins"
Héctor Varela,Orquesta Héctor Varela,1967-04-27,Palomita Blanca,,Vals,Instrumental,Odeón,,,,Anselmo Aieta,Francisco Jiménez,,64-71 Odeón,Juan Carlos Howard,Mario Monteleone,"Héctor Varela, Salvador Cascone, Domingo Scápola, Salvador Alonso, Julio Jorge Bergés","Mario Abramovich, Nathán Melman, Antonio Cattaneo, Jorge Buivydas","Piano, Bass, 5 Bandoneons, 4 Violins"
Héctor Varela,Orquesta Héctor Varela,1967-05-09,El Marne,,Tango,Instrumental,Odeón,,,,Eduardo Arolas,Gabriel Clausi,,64-71 Odeón,Juan Carlos Howard,Mario Monteleone,"Héctor Varela, Salvador Cascone, Domingo Scápola, Salvador Alonso, Julio Jorge Bergés","Mario Abramovich, Nathán Melman, Antonio Cattaneo, Jorge Buivydas","Piano, Bass, 5 Bandoneons, 4 Violins"
Héctor Varela,Orquesta Héctor Varela,1967-05-09,La Maleva,,Tango,Instrumental,Odeón,,,,Antonio Buglione,Mario Pardo,,64-71 Odeón,Juan Carlos Howard,Mario Monteleone,"Héctor Varela, Salvador Cascone, Domingo Scápola, Salvador Alonso, Julio Jorge Bergés","Mario Abramovich, Nathán Melman, Antonio Cattaneo, Jorge Buivydas","Piano, Bass, 5 Bandoneons, 4 Violins"
Héctor Varela,Orquesta Héctor Varela,1967-05-16,La Cachila,,Tango,Instrumental,Odeón,,,,Eduardo Arolas,Héctor Polito,,64-71 Odeón,Juan Carlos Howard,Mario Monteleone,"Héctor Varela, Salvador Cascone, Domingo Scápola, Salvador Alonso, Julio Jorge Bergés","Mario Abramovich, Nathán Melman, Antonio Cattaneo, Jorge Buivydas","Piano, Bass, 5 Bandoneons, 4 Violins"
Héctor Varela,Orquesta Héctor Varela,1967-05-16,La Chacarera,,Tango,Instrumental,Odeón,,,,"José Servidio, Juan Maglio",Juan Caruso,,64-71 Odeón,Juan Carlos Howard,Mario Monteleone,"Héctor Varela, Salvador Cascone, Domingo Scápola, Salvador Alonso, Julio Jorge Bergés","Mario Abramovich, Nathán Melman, Antonio Cattaneo, Jorge Buivydas","Piano, Bass, 5 Bandoneons, 4 Violins"
Héctor Varela,Orquesta Héctor Varela,1967-07-04,El Amanecer,,Tango,Instrumental,Odeón,,,,Roberto Firpo,,,64-71 Odeón,Juan Carlos Howard,Mario Monteleone,"Héctor Varela, Salvador Cascone, Domingo Scápola, Salvador Alonso, Julio Jorge Bergés","Mario Abramovich, Nathán Melman, Antonio Cattaneo, Jorge Buivydas","Piano, Bass, 5 Bandoneons, 4 Violins"
Héctor Varela,Orquesta Héctor Varela,1967-07-04,La Viruta,,Tango,Instrumental,Odeón,,,,Vicente Greco,,,64-71 Odeón,Juan Carlos Howard,Mario Monteleone,"Héctor Varela, Salvador Cascone, Domingo Scápola, Salvador Alonso, Julio Jorge Bergés","Mario Abramovich, Nathán Melman, Antonio Cattaneo, Jorge Buivydas","Piano, Bass, 5 Bandoneons, 4 Violins"
Héctor Varela,Orquesta Héctor Varela,1967-07-14,La Morocha,,Tango,Instrumental,Odeón,,,,Enrique Saborido,Ángel Villoldo,,64-71 Odeón,Juan Carlos Howard,Mario Monteleone,"Héctor Varela, Salvador Cascone, Domingo Scápola, Salvador Alonso, Julio Jorge Bergés","Mario Abramovich, Nathán Melman, Antonio Cattaneo, Jorge Buivydas","Piano, Bass, 5 Bandoneons, 4 Violins"
Héctor Varela,Orquesta Héctor Varela,1967-07-14,Ojos Negros,Dark Eyes,Tango,Instrumental,Odeón,,,,Vicente Greco,,,64-71 Odeón,Juan Carlos Howard,Mario Monteleone,"Héctor Varela, Salvador Cascone, Domingo Scápola, Salvador Alonso, Julio Jorge Bergés","Mario Abramovich, Nathán Melman, Antonio Cattaneo, Jorge Buivydas","Piano, Bass, 5 Bandoneons, 4 Violins"
Héctor Varela,Orquesta Héctor Varela,1968-03-22,Mi Buenos Aires Querido,,Tango,Instrumental,Odeón,,,,Carlos Gardel,Alfredo Le Pera,,64-71 Odeón,Juan Carlos Howard,Mario Monteleone,"Héctor Varela, Salvador Cascone, Domingo Scápola, Salvador Alonso, Julio Jorge Bergés","Mario Abramovich, Nathán Melman, Antonio Cattaneo, Jorge Buivydas","Piano, Bass, 5 Bandoneons, 4 Violins"
Héctor Varela,Orquesta Héctor Varela,1968-03-22,Un Tropezón,,Tango,Instrumental,Odeón,,,,Raúl Hoyos,Luis Herrera,,64-71 Odeón,Juan Carlos Howard,Mario Monteleone,"Héctor Varela, Salvador Cascone, Domingo Scápola, Salvador Alonso, Julio Jorge Bergés","Mario Abramovich, Nathán Melman, Antonio Cattaneo, Jorge Buivydas","Piano, Bass, 5 Bandoneons, 4 Violins"
Héctor Varela,Orquesta Héctor Varela,1968-03-26,Cuesta Abajo,,Tango,Instrumental,Odeón,,,,Carlos Gardel,Alfredo Le Pera,,64-71 Odeón,Juan Carlos Howard,Mario Monteleone,"Héctor Varela, Salvador Cascone, Domingo Scápola, Salvador Alonso, Julio Jorge Bergés","Mario Abramovich, Nathán Melman, Antonio Cattaneo, Jorge Buivydas","Piano, Bass, 5 Bandoneons, 4 Violins"
Héctor Varela,Orquesta Héctor Varela,1968-04-02,Adiós Muchachos,,Tango,Instrumental,Odeón,,,,Julio Sanders,"César Vedani, Carol Raven",,64-71 Odeón,Juan Carlos Howard,Mario Monteleone,"Héctor Varela, Salvador Cascone, Domingo Scápola, Salvador Alonso, Julio Jorge Bergés","Mario Abramovich, Nathán Melman, Antonio Cattaneo, Jorge Buivydas","Piano, Bass, 5 Bandoneons, 4 Violins"
Héctor Varela,Orquesta Héctor Varela,1968-04-02,Tangos y Toros,,Tango,Instrumental,Odeón,,,,"Héctor Varela, Tití Rossi",,,64-71 Odeón,Juan Carlos Howard,Mario Monteleone,"Héctor Varela, Salvador Cascone, Domingo Scápola, Salvador Alonso, Julio Jorge Bergés","Mario Abramovich, Nathán Melman, Antonio Cattaneo, Jorge Buivydas","Piano, Bass, 5 Bandoneons, 4 Violins"
Héctor Varela,Orquesta Héctor Varela,1968-04-24,Te Necesito Tanto,,Tango,Carlos Nogués,Odeón,,,,Edmundo Baya,Carlos Bahr,,64-71 Odeón,Juan Carlos Howard,Mario Monteleone,"Héctor Varela, Salvador Cascone, Domingo Scápola, Salvador Alonso, Julio Jorge Bergés","Mario Abramovich, Nathán Melman, Antonio Cattaneo, Jorge Buivydas","Piano, Bass, 5 Bandoneons, 4 Violins"
Héctor Varela,Orquesta Héctor Varela,1968-04-24,Terroncito de Azucar,,Tango,Marcelo Peña,Odeón,,,,"San Diego, La Casa","San Diego, La Casa",,64-71 Odeón,Juan Carlos Howard,Mario Monteleone,"Héctor Varela, Salvador Cascone, Domingo Scápola, Salvador Alonso, Julio Jorge Bergés","Mario Abramovich, Nathán Melman, Antonio Cattaneo, Jorge Buivydas","Piano, Bass, 5 Bandoneons, 4 Violins"
Héctor Varela,Orquesta Héctor Varela,1968-05-02,A Media Luz,,Tango,Instrumental,Odeón,,,,Edgardo Donato,Carlos Lenzi,,64-71 Odeón,Juan Carlos Howard,Mario Monteleone,"Héctor Varela, Salvador Cascone, Domingo Scápola, Salvador Alonso, Julio Jorge Bergés","Mario Abramovich, Nathán Melman, Antonio Cattaneo, Jorge Buivydas","Piano, Bass, 5 Bandoneons, 4 Violins"
Héctor Varela,Orquesta Héctor Varela,1968-05-02,La Cumparsita,Si Supieras,Tango,Instrumental,Odeón,,,,Gerardo Rodríguez,"Pascual Contursi, Enrique Maroni, Gerardo Rodríguez",,64-71 Odeón,Juan Carlos Howard,Mario Monteleone,"Héctor Varela, Salvador Cascone, Domingo Scápola, Salvador Alonso, Julio Jorge Bergés","Mario Abramovich, Nathán Melman, Antonio Cattaneo, Jorge Buivydas","Piano, Bass, 5 Bandoneons, 4 Violins"
Héctor Varela,Orquesta Héctor Varela,1968-05-08,Adiós Pampa Mía,,Tango,Instrumental,Odeón,,,,"Francisco Canaro, Mariano Mores",Ivo Pelay,,64-71 Odeón,Juan Carlos Howard,Mario Monteleone,"Héctor Varela, Salvador Cascone, Domingo Scápola, Salvador Alonso, Julio Jorge Bergés","Mario Abramovich, Nathán Melman, Antonio Cattaneo, Jorge Buivydas","Piano, Bass, 5 Bandoneons, 4 Violins"
Héctor Varela,Orquesta Héctor Varela,1968-05-08,Yira Yira,,Tango,Instrumental,Odeón,,,,Enrique Discépolo,Enrique Discépolo,,64-71 Odeón,Juan Carlos Howard,Mario Monteleone,"Héctor Varela, Salvador Cascone, Domingo Scápola, Salvador Alonso, Julio Jorge Bergés","Mario Abramovich, Nathán Melman, Antonio Cattaneo, Jorge Buivydas","Piano, Bass, 5 Bandoneons, 4 Violins"
Héctor Varela,Orquesta Héctor Varela,1968-05-15,Mano a Mano,Viejo Bandoneón,Tango,Instrumental,Odeón,,,,"Carlos Gardel, José Razzano",Celedonio Flores,,64-71 Odeón,Juan Carlos Howard,Mario Monteleone,"Héctor Varela, Salvador Cascone, Domingo Scápola, Salvador Alonso, Julio Jorge Bergés","Mario Abramovich, Nathán Melman, Antonio Cattaneo, Jorge Buivydas","Piano, Bass, 5 Bandoneons, 4 Violins"
Héctor Varela,Orquesta Héctor Varela,1968-05-15,Tomo y Obligo,,Tango,Instrumental,Odeón,,,,Carlos Gardel,Manuel Romero,,64-71 Odeón,Juan Carlos Howard,Mario Monteleone,"Héctor Varela, Salvador Cascone, Domingo Scápola, Salvador Alonso, Julio Jorge Bergés","Mario Abramovich, Nathán Melman, Antonio Cattaneo, Jorge Buivydas","Piano, Bass, 5 Bandoneons, 4 Violins"
Héctor Varela,Orquesta Héctor Varela,1968-05-24,Araca Corazón,Araca Corazón,Tango,Instrumental,Odeón,,,,Enrique Delfino,Alberto Vaccarezza,,64-71 Odeón,Juan Carlos Howard,Mario Monteleone,"Héctor Varela, Salvador Cascone, Domingo Scápola, Salvador Alonso, Julio Jorge Bergés","Mario Abramovich, Nathán Melman, Antonio Cattaneo, Jorge Buivydas","Piano, Bass, 5 Bandoneons, 4 Violins"
Héctor Varela,Orquesta Héctor Varela,1968-05-24,Por Eso Vengo a Buscarla,,Tango,Marcelo Peña,Odeón,,,,Pascual Otero,San Diego,,64-71 Odeón,Juan Carlos Howard,Mario Monteleone,"Héctor Varela, Salvador Cascone, Domingo Scápola, Salvador Alonso, Julio Jorge Bergés","Mario Abramovich, Nathán Melman, Antonio Cattaneo, Jorge Buivydas","Piano, Bass, 5 Bandoneons, 4 Violins"
Héctor Varela,Orquesta Héctor Varela,1969-03-27,Andate con Ella,,Tango,Carlos Nogués,Odeón,,,,Norberto Ramos,Alfredo Dalton,,64-71 Odeón,Juan Carlos Howard,Mario Monteleone,"Héctor Varela, Salvador Cascone, Domingo Scápola, Salvador Alonso, Julio Jorge Bergés","Mario Abramovich, Nathán Melman, Antonio Cattaneo, Jorge Buivydas","Piano, Bass, 5 Bandoneons, 4 Violins"
Héctor Varela,Orquesta Héctor Varela,1969-03-27,Antes de Llorar,,Tango,Marcelo Peña,Odeón,,,,Ambrosio Scápola,Abel Aznar,,64-71 Odeón,Juan Carlos Howard,Mario Monteleone,"Héctor Varela, Salvador Cascone, Domingo Scápola, Salvador Alonso, Julio Jorge Bergés","Mario Abramovich, Nathán Melman, Antonio Cattaneo, Jorge Buivydas","Piano, Bass, 5 Bandoneons, 4 Violins"
Héctor Varela,Orquesta Héctor Varela,1969-03-27,Bienvenido a Buenos Aires,,Tango,Marcelo Peña,Odeón,,,,Héctor Varela,"Tití Rossi, Héctor Cives",,64-71 Odeón,Juan Carlos Howard,Mario Monteleone,"Héctor Varela, Salvador Cascone, Domingo Scápola, Salvador Alonso, Julio Jorge Bergés","Mario Abramovich, Nathán Melman, Antonio Cattaneo, Jorge Buivydas","Piano, Bass, 5 Bandoneons, 4 Violins"
Héctor Varela,Orquesta Héctor Varela,1969-03-27,Por Eso Vengo a Buscarla,,Tango,Marcelo Peña,Odeón,,,,Pascual Otero,San Diego,,64-71 Odeón,Juan Carlos Howard,Mario Monteleone,"Héctor Varela, Salvador Cascone, Domingo Scápola, Salvador Alonso, Julio Jorge Bergés","Mario Abramovich, Nathán Melman, Antonio Cattaneo, Jorge Buivydas","Piano, Bass, 5 Bandoneons, 4 Violins"
Héctor Varela,Orquesta Héctor Varela,1969-03-27,Qué Más Querés,Que Más Quieres,Tango,Carlos Nogués,Odeón,,,,Pedro Maffía,Luis Rubistein,,64-71 Odeón,Juan Carlos Howard,Mario Monteleone,"Héctor Varela, Salvador Cascone, Domingo Scápola, Salvador Alonso, Julio Jorge Bergés","Mario Abramovich, Nathán Melman, Antonio Cattaneo, Jorge Buivydas","Piano, Bass, 5 Bandoneons, 4 Violins"
Héctor Varela,Orquesta Héctor Varela,1969-03-27,Ven a Bailar,,Tango,Carlos Nogués,Odeón,,,,"Tití Rossi, Héctor Varela",Héctor Cives,,64-71 Odeón,Juan Carlos Howard,Mario Monteleone,"Héctor Varela, Salvador Cascone, Domingo Scápola, Salvador Alonso, Julio Jorge Bergés","Mario Abramovich, Nathán Melman, Antonio Cattaneo, Jorge Buivydas","Piano, Bass, 5 Bandoneons, 4 Violins"
Héctor Varela,Orquesta Héctor Varela,1969-06-09,Las Cantinas de la Boca,,Tango,Carlos Nogués,Odeón,,,,Roberto Pansera,Roberto Lambertucci,,64-71 Odeón,Juan Carlos Howard,Mario Monteleone,"Héctor Varela, Salvador Cascone, Domingo Scápola, Salvador Alonso, Julio Jorge Bergés","Mario Abramovich, Nathán Melman, Antonio Cattaneo, Jorge Buivydas","Piano, Bass, 5 Bandoneons, 4 Violins"
Héctor Varela,Orquesta Héctor Varela,1969-06-09,Veredas con Escalones,,Tango,Carlos Nogués,Odeón,,,,Vicente Pansera,Roberto Lambertucci,,64-71 Odeón,Juan Carlos Howard,Mario Monteleone,"Héctor Varela, Salvador Cascone, Domingo Scápola, Salvador Alonso, Julio Jorge Bergés","Mario Abramovich, Nathán Melman, Antonio Cattaneo, Jorge Buivydas","Piano, Bass, 5 Bandoneons, 4 Violins"
Héctor Varela,Orquesta Héctor Varela,1969-08-12,Al Final Para Qué,,Tango,Carlos Nogués,Odeón,,,,Erma Suárez,Ernesto Rossi,,64-71 Odeón,Juan Carlos Howard,Mario Monteleone,"Héctor Varela, Salvador Cascone, Domingo Scápola, Salvador Alonso, Julio Jorge Bergés","Mario Abramovich, Nathán Melman, Antonio Cattaneo, Jorge Buivydas","Piano, Bass, 5 Bandoneons, 4 Violins"
Héctor Varela,Orquesta Héctor Varela,1969-08-12,Mi Fama de Burrero,,Tango,Carlos Nogués,Odeón,,,,"Tití Rossi, Héctor Varela",Héctor Cives,,64-71 Odeón,Juan Carlos Howard,Mario Monteleone,"Héctor Varela, Salvador Cascone, Domingo Scápola, Salvador Alonso, Julio Jorge Bergés","Mario Abramovich, Nathán Melman, Antonio Cattaneo, Jorge Buivydas","Piano, Bass, 5 Bandoneons, 4 Violins"
Héctor Varela,Orquesta Héctor Varela,1970-04-07,Amanecer Porteño,,Tango,Instrumental,Odeón,,,,"Tití Rossi, Héctor Varela",,,64-71 Odeón,Juan Carlos Howard,Mario Monteleone,"Héctor Varela, Salvador Cascone, Domingo Scápola, Salvador Alonso, Julio Jorge Bergés","Mario Abramovich, Nathán Melman, Antonio Cattaneo, Jorge Buivydas","Piano, Bass, 5 Bandoneons, 4 Violins"
Héctor Varela,Orquesta Héctor Varela,1970-04-07,Mística,,Tango,Instrumental,Odeón,,,,"Héctor Varela, Tití Rossi",,,64-71 Odeón,Juan Carlos Howard,Mario Monteleone,"Héctor Varela, Salvador Cascone, Domingo Scápola, Salvador Alonso, Julio Jorge Bergés","Mario Abramovich, Nathán Melman, Antonio Cattaneo, Jorge Buivydas","Piano, Bass, 5 Bandoneons, 4 Violins"
Héctor Varela,Orquesta Héctor Varela,1970-08-21,Volver a Buenos Aires,,Vals,Marcelo Peña,Odeón,,,,"Tití Rossi, Héctor Varela",Héctor Cives,,64-71 Odeón,Juan Carlos Howard,Mario Monteleone,"Héctor Varela, Salvador Cascone, Domingo Scápola, Salvador Alonso, Julio Jorge Bergés","Mario Abramovich, Nathán Melman, Antonio Cattaneo, Jorge Buivydas","Piano, Bass, 5 Bandoneons, 4 Violins"
Héctor Varela,Orquesta Héctor Varela,1970-12-22,Contrapinta,,Tango,Instrumental,Odeón,,,,"Héctor Varela, Tití Rossi",,,64-71 Odeón,Juan Carlos Howard,Mario Monteleone,"Héctor Varela, Salvador Cascone, Domingo Scápola, Salvador Alonso, Julio Jorge Bergés","Mario Abramovich, Nathán Melman, Antonio Cattaneo, Jorge Buivydas","Piano, Bass, 5 Bandoneons, 4 Violins"
Héctor Varela,Orquesta Héctor Varela,1971-03-24,A Villoldo,,Tango,Instrumental,Odeón,,,,Armando Lacava,,,64-71 Odeón,Juan Carlos Howard,Mario Monteleone,"Héctor Varela, Salvador Cascone, Domingo Scápola, Salvador Alonso, Julio Jorge Bergés","Mario Abramovich, Nathán Melman, Antonio Cattaneo, Jorge Buivydas","Piano, Bass, 5 Bandoneons, 4 Violins"
Héctor Varela,Orquesta Héctor Varela,1971-03-24,Desubicao,,Tango,Jorge Rolando,Odeón,,,,"Héctor Varela, Tití Rossi, Abel Aznar","Héctor Varela, Tití Rossi, Abel Aznar",,64-71 Odeón,Juan Carlos Howard,Mario Monteleone,"Héctor Varela, Salvador Cascone, Domingo Scápola, Salvador Alonso, Julio Jorge Bergés","Mario Abramovich, Nathán Melman, Antonio Cattaneo, Jorge Buivydas","Piano, Bass, 5 Bandoneons, 4 Violins"
Héctor Varela,Orquesta Héctor Varela,1971-03-24,En la Costanera,,Vals,Jorge Rolando,Odeón,,,,"Tití Rossi, Héctor Varela, Héctor Cives","Tití Rossi, Héctor Varela, Héctor Cives",,64-71 Odeón,Juan Carlos Howard,Mario Monteleone,"Héctor Varela, Salvador Cascone, Domingo Scápola, Salvador Alonso, Julio Jorge Bergés","Mario Abramovich, Nathán Melman, Antonio Cattaneo, Jorge Buivydas","Piano, Bass, 5 Bandoneons, 4 Violins"
Héctor Varela,Orquesta Héctor Varela,1971-03-24,Para Vos Chirola,,Tango,Instrumental,Odeón,,,,Ernesto Baffa,,,64-71 Odeón,Juan Carlos Howard,Mario Monteleone,"Héctor Varela, Salvador Cascone, Domingo Scápola, Salvador Alonso, Julio Jorge Bergés","Mario Abramovich, Nathán Melman, Antonio Cattaneo, Jorge Buivydas","Piano, Bass, 5 Bandoneons, 4 Violins"
Héctor Varela,Orquesta Héctor Varela,1971-03-24,Un Rincón de la Boca,,Tango,Jorge Rolando,Odeón,,,,"Tití Rossi, Héctor Varela",Héctor Cives,,64-71 Odeón,Juan Carlos Howard,Mario Monteleone,"Héctor Varela, Salvador Cascone, Domingo Scápola, Salvador Alonso, Julio Jorge Bergés","Mario Abramovich, Nathán Melman, Antonio Cattaneo, Jorge Buivydas","Piano, Bass, 5 Bandoneons, 4 Violins"
Héctor Varela,Orquesta Héctor Varela,1971-03-24,Y Mentira Fue Tu Amor,,Tango,Instrumental,Odeón,,,,Luciano Leocata,Félix Arena,,64-71 Odeón,Juan Carlos Howard,Mario Monteleone,"Héctor Varela, Salvador Cascone, Domingo Scápola, Salvador Alonso, Julio Jorge Bergés","Mario Abramovich, Nathán Melman, Antonio Cattaneo, Jorge Buivydas","Piano, Bass, 5 Bandoneons, 4 Violins"
Héctor Varela,Orquesta Héctor Varela,1971-04-13,Al Tiro,,Tango,Instrumental,Odeón,,,,Juan Howard,,,64-71 Odeón,Juan Carlos Howard,Mario Monteleone,"Héctor Varela, Salvador Cascone, Domingo Scápola, Salvador Alonso, Julio Jorge Bergés","Mario Abramovich, Nathán Melman, Antonio Cattaneo, Jorge Buivydas","Piano, Bass, 5 Bandoneons, 4 Violins"
Héctor Varela,Orquesta Héctor Varela,1971-04-13,Fantasía Tanguera,,Tango,Instrumental,Odeón,,,,Eladio Blanco,Alberto Nery,,64-71 Odeón,Juan Carlos Howard,Mario Monteleone,"Héctor Varela, Salvador Cascone, Domingo Scápola, Salvador Alonso, Julio Jorge Bergés","Mario Abramovich, Nathán Melman, Antonio Cattaneo, Jorge Buivydas","Piano, Bass, 5 Bandoneons, 4 Violins"
Héctor Varela,Orquesta Héctor Varela,1971-04-13,Milongueando en el 40,Milongueando en el Cuarenta,Tango,Instrumental,Odeón,,,,Armando Pontier,,,64-71 Odeón,Juan Carlos Howard,Mario Monteleone,"Héctor Varela, Salvador Cascone, Domingo Scápola, Salvador Alonso, Julio Jorge Bergés","Mario Abramovich, Nathán Melman, Antonio Cattaneo, Jorge Buivydas","Piano, Bass, 5 Bandoneons, 4 Violins"
Héctor Varela,Orquesta Héctor Varela,1972,Caminito,,Tango,Carlos Nogués,Embassy,,,,Juan Filiberto,Gabino Peñaloza,,72-75 Embassy + Microfon,Juan Carlos Howard,Mario Monteleone,"Héctor Varela, Salvador Cascone, Domingo Scápola, Salvador Alonso, Julio Jorge Bergés","Mario Abramovich, Nathán Melman, Antonio Cattaneo, Jorge Buivydas","Piano, Bass, 5 Bandoneons, 4 Violins"
Héctor Varela,Orquesta Héctor Varela,1972,Dejame Vivir Mi Vida,,Tango,Jorge Rolando,Embassy,,,,Roberto Giménez,Roberto Rufino,,72-75 Embassy + Microfon,Juan Carlos Howard,Mario Monteleone,"Héctor Varela, Salvador Cascone, Domingo Scápola, Salvador Alonso, Julio Jorge Bergés","Mario Abramovich, Nathán Melman, Antonio Cattaneo, Jorge Buivydas","Piano, Bass, 5 Bandoneons, 4 Violins"
Héctor Varela,Orquesta Héctor Varela,1972,El Bochinca,,Tango,Instrumental,Embassy,,,,"Tití Rossi, Miguel Nijensohn",,,72-75 Embassy + Microfon,Juan Carlos Howard,Mario Monteleone,"Héctor Varela, Salvador Cascone, Domingo Scápola, Salvador Alonso, Julio Jorge Bergés","Mario Abramovich, Nathán Melman, Antonio Cattaneo, Jorge Buivydas","Piano, Bass, 5 Bandoneons, 4 Violins"
Héctor Varela,Orquesta Héctor Varela,1972,El Oriental,,Tango,Instrumental,Embassy,,,,Donato Racciatti,,,72-75 Embassy + Microfon,Juan Carlos Howard,Mario Monteleone,"Héctor Varela, Salvador Cascone, Domingo Scápola, Salvador Alonso, Julio Jorge Bergés","Mario Abramovich, Nathán Melman, Antonio Cattaneo, Jorge Buivydas","Piano, Bass, 5 Bandoneons, 4 Violins"
Héctor Varela,Orquesta Héctor Varela,1972,La Comparsa Argentina,,Tango,Instrumental,Embassy,,,,"José Dames, Rodolfo De Forte",Líber Locascio,,72-75 Embassy + Microfon,Juan Carlos Howard,Mario Monteleone,"Héctor Varela, Salvador Cascone, Domingo Scápola, Salvador Alonso, Julio Jorge Bergés","Mario Abramovich, Nathán Melman, Antonio Cattaneo, Jorge Buivydas","Piano, Bass, 5 Bandoneons, 4 Violins"
Héctor Varela,Orquesta Héctor Varela,1972,La Guitarrita,,Tango,Instrumental,Embassy,,,,Eduardo Arolas,Gabriel Clausi,,72-75 Embassy + Microfon,Juan Carlos Howard,Mario Monteleone,"Héctor Varela, Salvador Cascone, Domingo Scápola, Salvador Alonso, Julio Jorge Bergés","Mario Abramovich, Nathán Melman, Antonio Cattaneo, Jorge Buivydas","Piano, Bass, 5 Bandoneons, 4 Violins"
Héctor Varela,Orquesta Héctor Varela,1972,Marilyn,,Tango,Jorge Rolando,Embassy,,,,Miguel Nijensohn,Cátulo Castillo,,72-75 Embassy + Microfon,Juan Carlos Howard,Mario Monteleone,"Héctor Varela, Salvador Cascone, Domingo Scápola, Salvador Alonso, Julio Jorge Bergés","Mario Abramovich, Nathán Melman, Antonio Cattaneo, Jorge Buivydas","Piano, Bass, 5 Bandoneons, 4 Violins"
Héctor Varela,Orquesta Héctor Varela,1972,Nunca Debí Regresar,,Tango,Jorge Rolando,Embassy,,,,Tití Rossi,San Diego,,72-75 Embassy + Microfon,Juan Carlos Howard,Mario Monteleone,"Héctor Varela, Salvador Cascone, Domingo Scápola, Salvador Alonso, Julio Jorge Bergés","Mario Abramovich, Nathán Melman, Antonio Cattaneo, Jorge Buivydas","Piano, Bass, 5 Bandoneons, 4 Violins"
Héctor Varela,Orquesta Héctor Varela,1972,O Matuto,,Milonga,Instrumental,Embassy,,,,"M. Tupinambá, Cátulo Castillo",,,72-75 Embassy + Microfon,Juan Carlos Howard,Mario Monteleone,"Héctor Varela, Salvador Cascone, Domingo Scápola, Salvador Alonso, Julio Jorge Bergés","Mario Abramovich, Nathán Melman, Antonio Cattaneo, Jorge Buivydas","Piano, Bass, 5 Bandoneons, 4 Violins"
Héctor Varela,Orquesta Héctor Varela,1972,Rapsodiando,,Milonga,Instrumental,Embassy,,,,"La Casa, Alberto Nery",,,72-75 Embassy + Microfon,Juan Carlos Howard,Mario Monteleone,"Héctor Varela, Salvador Cascone, Domingo Scápola, Salvador Alonso, Julio Jorge Bergés","Mario Abramovich, Nathán Melman, Antonio Cattaneo, Jorge Buivydas","Piano, Bass, 5 Bandoneons, 4 Violins"
Héctor Varela,Orquesta Héctor Varela,1972,Tierrita,,Tango,Instrumental,Embassy,,,,Agustín Bardi,,,72-75 Embassy + Microfon,Juan Carlos Howard,Mario Monteleone,"Héctor Varela, Salvador Cascone, Domingo Scápola, Salvador Alonso, Julio Jorge Bergés","Mario Abramovich, Nathán Melman, Antonio Cattaneo, Jorge Buivydas","Piano, Bass, 5 Bandoneons, 4 Violins"
Héctor Varela,Orquesta Héctor Varela,1972,Un Tango Para Jorge,,Tango,Instrumental,Embassy,,,,"Tití Rossi, Héctor Varela",,,72-75 Embassy + Microfon,Juan Carlos Howard,Mario Monteleone,"Héctor Varela, Salvador Cascone, Domingo Scápola, Salvador Alonso, Julio Jorge Bergés","Mario Abramovich, Nathán Melman, Antonio Cattaneo, Jorge Buivydas","Piano, Bass, 5 Bandoneons, 4 Violins"
Héctor Varela,Orquesta Héctor Varela,1973,A Don Héctor María,,Tango,Instrumental,Embassy,,,,"Héctor Varela, Tití Rossi",,,72-75 Embassy + Microfon,Juan Carlos Howard,Mario Monteleone,"Héctor Varela, Salvador Cascone, Domingo Scápola, Salvador Alonso, Julio Jorge Bergés","Mario Abramovich, Nathán Melman, Antonio Cattaneo, Jorge Buivydas","Piano, Bass, 5 Bandoneons, 4 Violins"
Héctor Varela,Orquesta Héctor Varela,1973,Amar Es Solamente Amar,Amar Solamente Amar,Tango,Jorge Falcón,Embassy,,,,Héctor Varela,Héctor Varela,,72-75 Embassy + Microfon,Juan Carlos Howard,Mario Monteleone,"Héctor Varela, Salvador Cascone, Domingo Scápola, Salvador Alonso, Julio Jorge Bergés","Mario Abramovich, Nathán Melman, Antonio Cattaneo, Jorge Buivydas","Piano, Bass, 5 Bandoneons, 4 Violins"
Héctor Varela,Orquesta Héctor Varela,1973,Amigos de la Noche,,Tango,Instrumental,Microfón,,,,"Tití Rossi, Héctor Varela",,,72-75 Embassy + Microfon,Juan Carlos Howard,Mario Monteleone,"Héctor Varela, Salvador Cascone, Domingo Scápola, Salvador Alonso, Julio Jorge Bergés","Mario Abramovich, Nathán Melman, Antonio Cattaneo, Jorge Buivydas","Piano, Bass, 5 Bandoneons, 4 Violins"
Héctor Varela,Orquesta Héctor Varela,1973,Así Bailaban Mis Abuelos,,Vals,Fernando Soler Y Jorge Falcón,Microfón,,,,"Tití Rossi, Héctor Varela, Silvio Soldán","Tití Rossi, Héctor Varela, Silvio Soldán",,72-75 Embassy + Microfon,Juan Carlos Howard,Mario Monteleone,"Héctor Varela, Salvador Cascone, Domingo Scápola, Salvador Alonso, Julio Jorge Bergés","Mario Abramovich, Nathán Melman, Antonio Cattaneo, Jorge Buivydas","Piano, Bass, 5 Bandoneons, 4 Violins"
Héctor Varela,Orquesta Héctor Varela,1973,Azúcar Pimienta y Sal,,Milonga,Fernando Soler Y Jorge Falcón,Microfón,,,,"Héctor Varela, Tití Rossi",Abel Aznar,,72-75 Embassy + Microfon,Juan Carlos Howard,Mario Monteleone,"Héctor Varela, Salvador Cascone, Domingo Scápola, Salvador Alonso, Julio Jorge Bergés","Mario Abramovich, Nathán Melman, Antonio Cattaneo, Jorge Buivydas","Piano, Bass, 5 Bandoneons, 4 Violins"
Héctor Varela,Orquesta Héctor Varela,1973,Buenos Aires Siempre Tango,,Tango,Instrumental,Microfón,,,,Tití Rossi,,,72-75 Embassy + Microfon,Juan Carlos Howard,Mario Monteleone,"Héctor Varela, Salvador Cascone, Domingo Scápola, Salvador Alonso, Julio Jorge Bergés","Mario Abramovich, Nathán Melman, Antonio Cattaneo, Jorge Buivydas","Piano, Bass, 5 Bandoneons, 4 Violins"
Héctor Varela,Orquesta Héctor Varela,1973,Como Volver a Vivir,,Tango,Jorge Falcón,Microfón,,,,San Diego,San Diego,,72-75 Embassy + Microfon,Juan Carlos Howard,Mario Monteleone,"Héctor Varela, Salvador Cascone, Domingo Scápola, Salvador Alonso, Julio Jorge Bergés","Mario Abramovich, Nathán Melman, Antonio Cattaneo, Jorge Buivydas","Piano, Bass, 5 Bandoneons, 4 Violins"
Héctor Varela,Orquesta Héctor Varela,1973,Con Flauta y Guitarra,,Milonga,Fernando Soler Y Jorge Falcón,Microfón,,,,"Luis Caruso, La Casa","Luis Caruso, La Casa",,72-75 Embassy + Microfon,Juan Carlos Howard,Mario Monteleone,"Héctor Varela, Salvador Cascone, Domingo Scápola, Salvador Alonso, Julio Jorge Bergés","Mario Abramovich, Nathán Melman, Antonio Cattaneo, Jorge Buivydas","Piano, Bass, 5 Bandoneons, 4 Violins"
Héctor Varela,Orquesta Héctor Varela,1973,Corazón Me Equivoqué,,Tango,Jorge Falcón,Microfón,,,,Juan Howard,Abel Aznar,,72-75 Embassy + Microfon,Juan Carlos Howard,Mario Monteleone,"Héctor Varela, Salvador Cascone, Domingo Scápola, Salvador Alonso, Julio Jorge Bergés","Mario Abramovich, Nathán Melman, Antonio Cattaneo, Jorge Buivydas","Piano, Bass, 5 Bandoneons, 4 Violins"
Héctor Varela,Orquesta Héctor Varela,1973,Dame un Beso Mi Amor,,Milonga,Diego Solís Y Jorge Falcón,Microfón,,,,"Héctor Varela, Tití Rossi",Silvio Soldán,,72-75 Embassy + Microfon,Juan Carlos Howard,Mario Monteleone,"Héctor Varela, Salvador Cascone, Domingo Scápola, Salvador Alonso, Julio Jorge Bergés","Mario Abramovich, Nathán Melman, Antonio Cattaneo, Jorge Buivydas","Piano, Bass, 5 Bandoneons, 4 Violins"
Héctor Varela,Orquesta Héctor Varela,1973,De Rebusque,,Tango,Instrumental,Microfón,,,,"Roberto Casinelli, Cholo Hernández",,,72-75 Embassy + Microfon,Juan Carlos Howard,Mario Monteleone,"Héctor Varela, Salvador Cascone, Domingo Scápola, Salvador Alonso, Julio Jorge Bergés","Mario Abramovich, Nathán Melman, Antonio Cattaneo, Jorge Buivydas","Piano, Bass, 5 Bandoneons, 4 Violins"
Héctor Varela,Orquesta Héctor Varela,1973,Del Salón en el Ángulo Oscuro,,Vals,Fernando Soler,Microfón,,,,Tití Rossi,San Diego,,72-75 Embassy + Microfon,Juan Carlos Howard,Mario Monteleone,"Héctor Varela, Salvador Cascone, Domingo Scápola, Salvador Alonso, Julio Jorge Bergés","Mario Abramovich, Nathán Melman, Antonio Cattaneo, Jorge Buivydas","Piano, Bass, 5 Bandoneons, 4 Violins"
Héctor Varela,Orquesta Héctor Varela,1973,Dos Canarios,,Tango,Instrumental,Microfón,,,,Tití Rossi,,,72-75 Embassy + Microfon,Juan Carlos Howard,Mario Monteleone,"Héctor Varela, Salvador Cascone, Domingo Scápola, Salvador Alonso, Julio Jorge Bergés","Mario Abramovich, Nathán Melman, Antonio Cattaneo, Jorge Buivydas","Piano, Bass, 5 Bandoneons, 4 Violins"
Héctor Varela,Orquesta Héctor Varela,1973,El Chupete,,Tango,Instrumental,Microfón,,,,Carlos Gaudencio,Ángel Timarni,,72-75 Embassy + Microfon,Juan Carlos Howard,Mario Monteleone,"Héctor Varela, Salvador Cascone, Domingo Scápola, Salvador Alonso, Julio Jorge Bergés","Mario Abramovich, Nathán Melman, Antonio Cattaneo, Jorge Buivydas","Piano, Bass, 5 Bandoneons, 4 Violins"
Héctor Varela,Orquesta Héctor Varela,1973,Esta Noche de Copas,,Tango,Jorge Falcón,Microfón,,,,Juan Howard,José Contursi,,72-75 Embassy + Microfon,Juan Carlos Howard,Mario Monteleone,"Héctor Varela, Salvador Cascone, Domingo Scápola, Salvador Alonso, Julio Jorge Bergés","Mario Abramovich, Nathán Melman, Antonio Cattaneo, Jorge Buivydas","Piano, Bass, 5 Bandoneons, 4 Violins"
Héctor Varela,Orquesta Héctor Varela,1973,Fueron Tres Años,,Tango,Jorge Falcón,Microfón,,,,Juan Marín,Juan Marín,,72-75 Embassy + Microfon,Juan Carlos Howard,Mario Monteleone,"Héctor Varela, Salvador Cascone, Domingo Scápola, Salvador Alonso, Julio Jorge Bergés","Mario Abramovich, Nathán Melman, Antonio Cattaneo, Jorge Buivydas","Piano, Bass, 5 Bandoneons, 4 Violins"
Héctor Varela,Orquesta Héctor Varela,1973,Guardia Vieja,,Tango,Instrumental,Microfón,,,,Julio De Caro,José De Grandis,,72-75 Embassy + Microfon,Juan Carlos Howard,Mario Monteleone,"Héctor Varela, Salvador Cascone, Domingo Scápola, Salvador Alonso, Julio Jorge Bergés","Mario Abramovich, Nathán Melman, Antonio Cattaneo, Jorge Buivydas","Piano, Bass, 5 Bandoneons, 4 Violins"
Héctor Varela,Orquesta Héctor Varela,1973,Guerrera,,Milonga,Instrumental,Microfón,,,,Héctor Varela,Alberto Nery,,72-75 Embassy + Microfon,Juan Carlos Howard,Mario Monteleone,"Héctor Varela, Salvador Cascone, Domingo Scápola, Salvador Alonso, Julio Jorge Bergés","Mario Abramovich, Nathán Melman, Antonio Cattaneo, Jorge Buivydas","Piano, Bass, 5 Bandoneons, 4 Violins"
Héctor Varela,Orquesta Héctor Varela,1973,Haceme Cu-Cu,,Milonga,Fernando Soler Y Jorge Falcón,Microfón,,,,"Tití Rossi, Héctor Varela",Erma Suárez,,72-75 Embassy + Microfon,Juan Carlos Howard,Mario Monteleone,"Héctor Varela, Salvador Cascone, Domingo Scápola, Salvador Alonso, Julio Jorge Bergés","Mario Abramovich, Nathán Melman, Antonio Cattaneo, Jorge Buivydas","Piano, Bass, 5 Bandoneons, 4 Violins"
Héctor Varela,Orquesta Héctor Varela,1973,Honda Tristeza,,Tango,Instrumental,Microfón,,,,Roberto Firpo,Vicente Del Campo,,72-75 Embassy + Microfon,Juan Carlos Howard,Mario Monteleone,"Héctor Varela, Salvador Cascone, Domingo Scápola, Salvador Alonso, Julio Jorge Bergés","Mario Abramovich, Nathán Melman, Antonio Cattaneo, Jorge Buivydas","Piano, Bass, 5 Bandoneons, 4 Violins"
Héctor Varela,Orquesta Héctor Varela,1973,Lilián,,Tango,Fernando Soler,Microfón,,,,Héctor Varela,Luis Caruso,,72-75 Embassy + Microfon,Juan Carlos Howard,Mario Monteleone,"Héctor Varela, Salvador Cascone, Domingo Scápola, Salvador Alonso, Julio Jorge Bergés","Mario Abramovich, Nathán Melman, Antonio Cattaneo, Jorge Buivydas","Piano, Bass, 5 Bandoneons, 4 Violins"
Héctor Varela,Orquesta Héctor Varela,1973,Los Diablos Rojos,,Tango,Instrumental,Microfón,,,,"Héctor Varela, Alberto Nery",,,72-75 Embassy + Microfon,Juan Carlos Howard,Mario Monteleone,"Héctor Varela, Salvador Cascone, Domingo Scápola, Salvador Alonso, Julio Jorge Bergés","Mario Abramovich, Nathán Melman, Antonio Cattaneo, Jorge Buivydas","Piano, Bass, 5 Bandoneons, 4 Violins"
Héctor Varela,Orquesta Héctor Varela,1973,Mi Corazón Es un Violín,,Tango,Instrumental,Microfón,,,,Miarka Lapacerié,,,72-75 Embassy + Microfon,Juan Carlos Howard,Mario Monteleone,"Héctor Varela, Salvador Cascone, Domingo Scápola, Salvador Alonso, Julio Jorge Bergés","Mario Abramovich, Nathán Melman, Antonio Cattaneo, Jorge Buivydas","Piano, Bass, 5 Bandoneons, 4 Violins"
Héctor Varela,Orquesta Héctor Varela,1973,Mi Viejo y Yo,,Tango,Instrumental,Microfón,,,,Héctor Varela,,,72-75 Embassy + Microfon,Juan Carlos Howard,Mario Monteleone,"Héctor Varela, Salvador Cascone, Domingo Scápola, Salvador Alonso, Julio Jorge Bergés","Mario Abramovich, Nathán Melman, Antonio Cattaneo, Jorge Buivydas","Piano, Bass, 5 Bandoneons, 4 Violins"
Héctor Varela,Orquesta Héctor Varela,1973,No Empieces a Llorar,,Tango,Jorge Falcón,Microfón,,,,Erma Suárez,Abel Aznar,,72-75 Embassy + Microfon,Juan Carlos Howard,Mario Monteleone,"Héctor Varela, Salvador Cascone, Domingo Scápola, Salvador Alonso, Julio Jorge Bergés","Mario Abramovich, Nathán Melman, Antonio Cattaneo, Jorge Buivydas","Piano, Bass, 5 Bandoneons, 4 Violins"
Héctor Varela,Orquesta Héctor Varela,1973,"Noches de ""Mi Club""",,Tango,Instrumental,Microfón,,,,"Héctor Varela, Tití Rossi",,,72-75 Embassy + Microfon,Juan Carlos Howard,Mario Monteleone,"Héctor Varela, Salvador Cascone, Domingo Scápola, Salvador Alonso, Julio Jorge Bergés","Mario Abramovich, Nathán Melman, Antonio Cattaneo, Jorge Buivydas","Piano, Bass, 5 Bandoneons, 4 Violins"
Héctor Varela,Orquesta Héctor Varela,1973,Nuestra Historieta Terminó,,Tango,Jorge Falcón,Microfón,,,,Héctor Varela,Héctor Varela,,72-75 Embassy + Microfon,Juan Carlos Howard,Mario Monteleone,"Héctor Varela, Salvador Cascone, Domingo Scápola, Salvador Alonso, Julio Jorge Bergés","Mario Abramovich, Nathán Melman, Antonio Cattaneo, Jorge Buivydas","Piano, Bass, 5 Bandoneons, 4 Violins"
Héctor Varela,Orquesta Héctor Varela,1973,Pa' Que Te Oigan Bandoneón,,Tango,Instrumental,Microfón,,,,Tití Rossi,,,72-75 Embassy + Microfon,Juan Carlos Howard,Mario Monteleone,"Héctor Varela, Salvador Cascone, Domingo Scápola, Salvador Alonso, Julio Jorge Bergés","Mario Abramovich, Nathán Melman, Antonio Cattaneo, Jorge Buivydas","Piano, Bass, 5 Bandoneons, 4 Violins"
Héctor Varela,Orquesta Héctor Varela,1973,Penetrante,,Tango,Instrumental,Microfón,,,,"Armando Lacava, Ester Lacava",,,72-75 Embassy + Microfon,Juan Carlos Howard,Mario Monteleone,"Héctor Varela, Salvador Cascone, Domingo Scápola, Salvador Alonso, Julio Jorge Bergés","Mario Abramovich, Nathán Melman, Antonio Cattaneo, Jorge Buivydas","Piano, Bass, 5 Bandoneons, 4 Violins"
Héctor Varela,Orquesta Héctor Varela,1973,Porque Tú No Me Quieres,,Tango,Fernando Soler Y Jorge Falcón,Microfón,,,,Alberto Hurtado,Alberto Hurtado,,72-75 Embassy + Microfon,Juan Carlos Howard,Mario Monteleone,"Héctor Varela, Salvador Cascone, Domingo Scápola, Salvador Alonso, Julio Jorge Bergés","Mario Abramovich, Nathán Melman, Antonio Cattaneo, Jorge Buivydas","Piano, Bass, 5 Bandoneons, 4 Violins"
Héctor Varela,Orquesta Héctor Varela,1973,Quién Me Robó Tu Corazón,,Tango,Jorge Rolando,Microfón,,,,"Héctor Varela, Tití Rossi, Irma Lacroix","Héctor Varela, Tití Rossi, Irma Lacroix",,72-75 Embassy + Microfon,Juan Carlos Howard,Mario Monteleone,"Héctor Varela, Salvador Cascone, Domingo Scápola, Salvador Alonso, Julio Jorge Bergés","Mario Abramovich, Nathán Melman, Antonio Cattaneo, Jorge Buivydas","Piano, Bass, 5 Bandoneons, 4 Violins"
Héctor Varela,Orquesta Héctor Varela,1973,Repetido,,Tango,Instrumental,Microfón,,,,"Héctor Varela, Alberto Nery",,,72-75 Embassy + Microfon,Juan Carlos Howard,Mario Monteleone,"Héctor Varela, Salvador Cascone, Domingo Scápola, Salvador Alonso, Julio Jorge Bergés","Mario Abramovich, Nathán Melman, Antonio Cattaneo, Jorge Buivydas","Piano, Bass, 5 Bandoneons, 4 Violins"
Héctor Varela,Orquesta Héctor Varela,1973,Royal Pigall,Qué Has Hecho de Mi Cariño,Tango,Instrumental,Microfón,,,,Juan Maglio,José Castillo,,72-75 Embassy + Microfon,Juan Carlos Howard,Mario Monteleone,"Héctor Varela, Salvador Cascone, Domingo Scápola, Salvador Alonso, Julio Jorge Bergés","Mario Abramovich, Nathán Melman, Antonio Cattaneo, Jorge Buivydas","Piano, Bass, 5 Bandoneons, 4 Violins"
Héctor Varela,Orquesta Héctor Varela,1973,Sabor de Adiós,,Tango,Jorge Falcón,Microfón,,,,Mariano Mores,Silvio Soldán,,72-75 Embassy + Microfon,Juan Carlos Howard,Mario Monteleone,"Héctor Varela, Salvador Cascone, Domingo Scápola, Salvador Alonso, Julio Jorge Bergés","Mario Abramovich, Nathán Melman, Antonio Cattaneo, Jorge Buivydas","Piano, Bass, 5 Bandoneons, 4 Violins"
Héctor Varela,Orquesta Héctor Varela,1973,Señora Princesa,,Vals,Raúl Lavié,Microfón,,,,Atilio Bruni,Roberto Lambertucci,,72-75 Embassy + Microfon,Juan Carlos Howard,Mario Monteleone,"Héctor Varela, Salvador Cascone, Domingo Scápola, Salvador Alonso, Julio Jorge Bergés","Mario Abramovich, Nathán Melman, Antonio Cattaneo, Jorge Buivydas","Piano, Bass, 5 Bandoneons, 4 Violins"
Héctor Varela,Orquesta Héctor Varela,1973,Sólo Dios Sabe Por Qué,,Tango,Fernando Soler,Microfón,,,,Erma Suárez,Oscar Castrogé,,72-75 Embassy + Microfon,Juan Carlos Howard,Mario Monteleone,"Héctor Varela, Salvador Cascone, Domingo Scápola, Salvador Alonso, Julio Jorge Bergés","Mario Abramovich, Nathán Melman, Antonio Cattaneo, Jorge Buivydas","Piano, Bass, 5 Bandoneons, 4 Violins"
Héctor Varela,Orquesta Héctor Varela,1973,Te Quiero Porque Te Quiero,,Tango,Diego Solís,Microfón,,,,Salvador Alonso,Juan Visciglio,,72-75 Embassy + Microfon,Juan Carlos Howard,Mario Monteleone,"Héctor Varela, Salvador Cascone, Domingo Scápola, Salvador Alonso, Julio Jorge Bergés","Mario Abramovich, Nathán Melman, Antonio Cattaneo, Jorge Buivydas","Piano, Bass, 5 Bandoneons, 4 Violins"
Héctor Varela,Orquesta Héctor Varela,1973,Te Tuve Que Perder,,Tango,Diego Solís,Microfón,,,,Héctor Varela,Carlos Waiss,,72-75 Embassy + Microfon,Juan Carlos Howard,Mario Monteleone,"Héctor Varela, Salvador Cascone, Domingo Scápola, Salvador Alonso, Julio Jorge Bergés","Mario Abramovich, Nathán Melman, Antonio Cattaneo, Jorge Buivydas","Piano, Bass, 5 Bandoneons, 4 Violins"
Héctor Varela,Orquesta Héctor Varela,1973,Un Cariño Pasajero,,Tango,Jorge Falcón,Microfón,,,,Carlos Ventura,Jorge Falcón,,72-75 Embassy + Microfon,Juan Carlos Howard,Mario Monteleone,"Héctor Varela, Salvador Cascone, Domingo Scápola, Salvador Alonso, Julio Jorge Bergés","Mario Abramovich, Nathán Melman, Antonio Cattaneo, Jorge Buivydas","Piano, Bass, 5 Bandoneons, 4 Violins"
Héctor Varela,Orquesta Héctor Varela,1973,Un Tango Para Jorge,,Tango,Instrumental,Microfón,,,,"Tití Rossi, Héctor Varela",,,72-75 Embassy + Microfon,Juan Carlos Howard,Mario Monteleone,"Héctor Varela, Salvador Cascone, Domingo Scápola, Salvador Alonso, Julio Jorge Bergés","Mario Abramovich, Nathán Melman, Antonio Cattaneo, Jorge Buivydas","Piano, Bass, 5 Bandoneons, 4 Violins"
Héctor Varela,Orquesta Héctor Varela,1973,Una Lagrimita,,Vals,Fernando Soler Y Jorge Falcón,Microfón,,,,Tití Rossi,Alfredo Dalton,,72-75 Embassy + Microfon,Juan Carlos Howard,Mario Monteleone,"Héctor Varela, Salvador Cascone, Domingo Scápola, Salvador Alonso, Julio Jorge Bergés","Mario Abramovich, Nathán Melman, Antonio Cattaneo, Jorge Buivydas","Piano, Bass, 5 Bandoneons, 4 Violins"
Héctor Varela,Orquesta Héctor Varela,1973,Una Noche Menos y una Noche Más,,Tango,Jorge Falcón,Microfón,,,,Héctor Varela,Héctor Varela,,72-75 Embassy + Microfon,Juan Carlos Howard,Mario Monteleone,"Héctor Varela, Salvador Cascone, Domingo Scápola, Salvador Alonso, Julio Jorge Bergés","Mario Abramovich, Nathán Melman, Antonio Cattaneo, Jorge Buivydas","Piano, Bass, 5 Bandoneons, 4 Violins"
Héctor Varela,Orquesta Héctor Varela,1973,Viejo Arrabal,,Tango,Instrumental,Microfón,,,,Carmelo Saponaro,Francisco Brancatti,,72-75 Embassy + Microfon,Juan Carlos Howard,Mario Monteleone,"Héctor Varela, Salvador Cascone, Domingo Scápola, Salvador Alonso, Julio Jorge Bergés","Mario Abramovich, Nathán Melman, Antonio Cattaneo, Jorge Buivydas","Piano, Bass, 5 Bandoneons, 4 Violins"
Héctor Varela,Orquesta Héctor Varela,1973,Y Llorarás Como Yo,,Tango,Jorge Falcón,Microfón,,,,Erma Suárez,Abel Aznar,,72-75 Embassy + Microfon,Juan Carlos Howard,Mario Monteleone,"Héctor Varela, Salvador Cascone, Domingo Scápola, Salvador Alonso, Julio Jorge Bergés","Mario Abramovich, Nathán Melman, Antonio Cattaneo, Jorge Buivydas","Piano, Bass, 5 Bandoneons, 4 Violins"
Héctor Varela,Orquesta Héctor Varela,1973,Y Pensar Que No Estás,,Tango,Jorge Falcón,Microfón,,,,La Casa,Jesús Santini,,72-75 Embassy + Microfon,Juan Carlos Howard,Mario Monteleone,"Héctor Varela, Salvador Cascone, Domingo Scápola, Salvador Alonso, Julio Jorge Bergés","Mario Abramovich, Nathán Melman, Antonio Cattaneo, Jorge Buivydas","Piano, Bass, 5 Bandoneons, 4 Violins"
Héctor Varela,Orquesta Héctor Varela,1973,Y Te Parece Todavía,,Tango,Jorge Falcón,Microfón,,,,Juan Howard,Abel Aznar,,72-75 Embassy + Microfon,Juan Carlos Howard,Mario Monteleone,"Héctor Varela, Salvador Cascone, Domingo Scápola, Salvador Alonso, Julio Jorge Bergés","Mario Abramovich, Nathán Melman, Antonio Cattaneo, Jorge Buivydas","Piano, Bass, 5 Bandoneons, 4 Violins"
Héctor Varela,Orquesta Héctor Varela,1973,Y el Último Beso,,Tango,Diego Solís,Microfón,,,,Erma Suárez,Reinaldo Yiso,,72-75 Embassy + Microfon,Juan Carlos Howard,Mario Monteleone,"Héctor Varela, Salvador Cascone, Domingo Scápola, Salvador Alonso, Julio Jorge Bergés","Mario Abramovich, Nathán Melman, Antonio Cattaneo, Jorge Buivydas","Piano, Bass, 5 Bandoneons, 4 Violins"
Héctor Varela,Orquesta Héctor Varela,1973,Yo Sé Que No Me Engaño,,Tango,Jorge Falcón,Microfón,,,,Alberto Nery,Abel Aznar,,72-75 Embassy + Microfon,Juan Carlos Howard,Mario Monteleone,"Héctor Varela, Salvador Cascone, Domingo Scápola, Salvador Alonso, Julio Jorge Bergés","Mario Abramovich, Nathán Melman, Antonio Cattaneo, Jorge Buivydas","Piano, Bass, 5 Bandoneons, 4 Violins"
Héctor Varela,Orquesta Héctor Varela,1974,Abran Cancha,,Milonga,Instrumental,Microfón,,,,"Héctor Varela, Alberto Nery",,,72-75 Embassy + Microfon,Juan Carlos Howard,Mario Monteleone,"Héctor Varela, Salvador Cascone, Domingo Scápola, Salvador Alonso, Julio Jorge Bergés","Mario Abramovich, Nathán Melman, Antonio Cattaneo, Jorge Buivydas","Piano, Bass, 5 Bandoneons, 4 Violins"
Héctor Varela,Orquesta Héctor Varela,1974,Al Final Para Qué,,Tango,Diego Solís,Microfón,,,,Erma Suárez,Ernesto Rossi,,72-75 Embassy + Microfon,Juan Carlos Howard,Mario Monteleone,"Héctor Varela, Salvador Cascone, Domingo Scápola, Salvador Alonso, Julio Jorge Bergés","Mario Abramovich, Nathán Melman, Antonio Cattaneo, Jorge Buivydas","Piano, Bass, 5 Bandoneons, 4 Violins"
Héctor Varela,Orquesta Héctor Varela,1974,Cincuenta Años de Tango,50 Años de Tango,Tango,Instrumental,Microfón,,,,"Don Filinto, Aguariguay",,,72-75 Embassy + Microfon,Juan Carlos Howard,Mario Monteleone,"Héctor Varela, Salvador Cascone, Domingo Scápola, Salvador Alonso, Julio Jorge Bergés","Mario Abramovich, Nathán Melman, Antonio Cattaneo, Jorge Buivydas","Piano, Bass, 5 Bandoneons, 4 Violins"
Héctor Varela,Orquesta Héctor Varela,1974,Con Ganas de Vivir,,Milonga,"Diego Solís, Fernando Soler Y Jorge Falcón",Microfón,,,,"Abel Aznar, Héctor Varela, Tití Rossi","Abel Aznar, Héctor Varela, Tití Rossi",,72-75 Embassy + Microfon,Juan Carlos Howard,Mario Monteleone,"Héctor Varela, Salvador Cascone, Domingo Scápola, Salvador Alonso, Julio Jorge Bergés","Mario Abramovich, Nathán Melman, Antonio Cattaneo, Jorge Buivydas","Piano, Bass, 5 Bandoneons, 4 Violins"
Héctor Varela,Orquesta Héctor Varela,1974,Con Permiso,,Milonga,Héctor Varela Y Su Orquesta,Microfón,,,,Alberto Mastra,Alberto Mastra,,72-75 Embassy + Microfon,Juan Carlos Howard,Mario Monteleone,"Héctor Varela, Salvador Cascone, Domingo Scápola, Salvador Alonso, Julio Jorge Bergés","Mario Abramovich, Nathán Melman, Antonio Cattaneo, Jorge Buivydas","Piano, Bass, 5 Bandoneons, 4 Violins"
Héctor Varela,Orquesta Héctor Varela,1974,Don Esteban,,Tango,Instrumental,Microfón,,,,Augusto Berto,Carlos Sarmiento,,72-75 Embassy + Microfon,Juan Carlos Howard,Mario Monteleone,"Héctor Varela, Salvador Cascone, Domingo Scápola, Salvador Alonso, Julio Jorge Bergés","Mario Abramovich, Nathán Melman, Antonio Cattaneo, Jorge Buivydas","Piano, Bass, 5 Bandoneons, 4 Violins"
Héctor Varela,Orquesta Héctor Varela,1974,Dos Canarios,,Tango,Instrumental,Microfón,,,,Tití Rossi,,,72-75 Embassy + Microfon,Juan Carlos Howard,Mario Monteleone,"Héctor Varela, Salvador Cascone, Domingo Scápola, Salvador Alonso, Julio Jorge Bergés","Mario Abramovich, Nathán Melman, Antonio Cattaneo, Jorge Buivydas","Piano, Bass, 5 Bandoneons, 4 Violins"
Héctor Varela,Orquesta Héctor Varela,1974,El Arroyito,,Tango,Instrumental,Microfón,,,,Samuel Castriota,Celedonio Flores,,72-75 Embassy + Microfon,Juan Carlos Howard,Mario Monteleone,"Héctor Varela, Salvador Cascone, Domingo Scápola, Salvador Alonso, Julio Jorge Bergés","Mario Abramovich, Nathán Melman, Antonio Cattaneo, Jorge Buivydas","Piano, Bass, 5 Bandoneons, 4 Violins"
Héctor Varela,Orquesta Héctor Varela,1974,El Espiante,,Tango,Instrumental,Microfón,,,,Osvaldo Fresedo,,,72-75 Embassy + Microfon,Juan Carlos Howard,Mario Monteleone,"Héctor Varela, Salvador Cascone, Domingo Scápola, Salvador Alonso, Julio Jorge Bergés","Mario Abramovich, Nathán Melman, Antonio Cattaneo, Jorge Buivydas","Piano, Bass, 5 Bandoneons, 4 Violins"
Héctor Varela,Orquesta Héctor Varela,1974,El Pensamiento,,Tango,Instrumental,Microfón,,,,José Martínez,Francisco Jiménez,,72-75 Embassy + Microfon,Juan Carlos Howard,Mario Monteleone,"Héctor Varela, Salvador Cascone, Domingo Scápola, Salvador Alonso, Julio Jorge Bergés","Mario Abramovich, Nathán Melman, Antonio Cattaneo, Jorge Buivydas","Piano, Bass, 5 Bandoneons, 4 Violins"
Héctor Varela,Orquesta Héctor Varela,1974,En un Sueño Te Perdí,,Tango,Jorge Falcón,Microfón,,,,Héctor Varela,Héctor Varela,,72-75 Embassy + Microfon,Juan Carlos Howard,Mario Monteleone,"Héctor Varela, Salvador Cascone, Domingo Scápola, Salvador Alonso, Julio Jorge Bergés","Mario Abramovich, Nathán Melman, Antonio Cattaneo, Jorge Buivydas","Piano, Bass, 5 Bandoneons, 4 Violins"
Héctor Varela,Orquesta Héctor Varela,1974,Guerrera,,Milonga,Instrumental,Microfón,,,,Héctor Varela,Alberto Nery,,72-75 Embassy + Microfon,Juan Carlos Howard,Mario Monteleone,"Héctor Varela, Salvador Cascone, Domingo Scápola, Salvador Alonso, Julio Jorge Bergés","Mario Abramovich, Nathán Melman, Antonio Cattaneo, Jorge Buivydas","Piano, Bass, 5 Bandoneons, 4 Violins"
Héctor Varela,Orquesta Héctor Varela,1974,Honda Tristeza,,Tango,Instrumental,Microfón,,,,Roberto Firpo,Vicente Del Campo,,72-75 Embassy + Microfon,Juan Carlos Howard,Mario Monteleone,"Héctor Varela, Salvador Cascone, Domingo Scápola, Salvador Alonso, Julio Jorge Bergés","Mario Abramovich, Nathán Melman, Antonio Cattaneo, Jorge Buivydas","Piano, Bass, 5 Bandoneons, 4 Violins"
Héctor Varela,Orquesta Héctor Varela,1974,La Macumba,,Milonga,Instrumental,Microfón,,,,"Héctor Varela, Alberto Nery",,,72-75 Embassy + Microfon,Juan Carlos Howard,Mario Monteleone,"Héctor Varela, Salvador Cascone, Domingo Scápola, Salvador Alonso, Julio Jorge Bergés","Mario Abramovich, Nathán Melman, Antonio Cattaneo, Jorge Buivydas","Piano, Bass, 5 Bandoneons, 4 Violins"
Héctor Varela,Orquesta Héctor Varela,1974,Malena de Siglo Veinte,Malena Siglo Xx,Tango,Jorge Falcón,Microfón,,,,Tití Rossi,San Diego,,72-75 Embassy + Microfon,Juan Carlos Howard,Mario Monteleone,"Héctor Varela, Salvador Cascone, Domingo Scápola, Salvador Alonso, Julio Jorge Bergés","Mario Abramovich, Nathán Melman, Antonio Cattaneo, Jorge Buivydas","Piano, Bass, 5 Bandoneons, 4 Violins"
Héctor Varela,Orquesta Héctor Varela,1974,No Me Hablen de Ella,,Tango,Victor Daniel,Microfón,,,,"Tití Rossi, Jorge Moreira","Tití Rossi, Jorge Moreira",,72-75 Embassy + Microfon,Juan Carlos Howard,Mario Monteleone,"Héctor Varela, Salvador Cascone, Domingo Scápola, Salvador Alonso, Julio Jorge Bergés","Mario Abramovich, Nathán Melman, Antonio Cattaneo, Jorge Buivydas","Piano, Bass, 5 Bandoneons, 4 Violins"
Héctor Varela,Orquesta Héctor Varela,1974,Pa' Que Te Oigan Bandoneón,,Tango,Instrumental,Microfón,,,,Tití Rossi,,,72-75 Embassy + Microfon,Juan Carlos Howard,Mario Monteleone,"Héctor Varela, Salvador Cascone, Domingo Scápola, Salvador Alonso, Julio Jorge Bergés","Mario Abramovich, Nathán Melman, Antonio Cattaneo, Jorge Buivydas","Piano, Bass, 5 Bandoneons, 4 Violins"
Héctor Varela,Orquesta Héctor Varela,1974,Padrino Pelao,,Tango,Instrumental,Microfón,,,,Enrique Delfino,Julio Cantuarias,,72-75 Embassy + Microfon,Juan Carlos Howard,Mario Monteleone,"Héctor Varela, Salvador Cascone, Domingo Scápola, Salvador Alonso, Julio Jorge Bergés","Mario Abramovich, Nathán Melman, Antonio Cattaneo, Jorge Buivydas","Piano, Bass, 5 Bandoneons, 4 Violins"
Héctor Varela,Orquesta Héctor Varela,1974,Primer Beso,,Milonga,Argentino Ledesma Y Rodolfo Lesica,Microfón,,,,"Héctor Varela, Tití Rossi",Héctor Cives,,72-75 Embassy + Microfon,Juan Carlos Howard,Mario Monteleone,"Héctor Varela, Salvador Cascone, Domingo Scápola, Salvador Alonso, Julio Jorge Bergés","Mario Abramovich, Nathán Melman, Antonio Cattaneo, Jorge Buivydas","Piano, Bass, 5 Bandoneons, 4 Violins"
Héctor Varela,Orquesta Héctor Varela,1974,Quebradita y Lujanera,,Milonga,Instrumental,Microfón,,,,María Barani,,,72-75 Embassy + Microfon,Juan Carlos Howard,Mario Monteleone,"Héctor Varela, Salvador Cascone, Domingo Scápola, Salvador Alonso, Julio Jorge Bergés","Mario Abramovich, Nathán Melman, Antonio Cattaneo, Jorge Buivydas","Piano, Bass, 5 Bandoneons, 4 Violins"
Héctor Varela,Orquesta Héctor Varela,1974,Queja Indiana,,Tango,Instrumental,Microfón,,,,Juan Rodríguez,Juan Velich,,72-75 Embassy + Microfon,Juan Carlos Howard,Mario Monteleone,"Héctor Varela, Salvador Cascone, Domingo Scápola, Salvador Alonso, Julio Jorge Bergés","Mario Abramovich, Nathán Melman, Antonio Cattaneo, Jorge Buivydas","Piano, Bass, 5 Bandoneons, 4 Violins"
Héctor Varela,Orquesta Héctor Varela,1974,Qué Le Importa Al Mundo,,Tango,Tita Merello,Microfón,,,,Francisco Canaro,"José Castillo, Antonio Botta, Luis Amadori",,72-75 Embassy + Microfon,Juan Carlos Howard,Mario Monteleone,"Héctor Varela, Salvador Cascone, Domingo Scápola, Salvador Alonso, Julio Jorge Bergés","Mario Abramovich, Nathán Melman, Antonio Cattaneo, Jorge Buivydas","Piano, Bass, 5 Bandoneons, 4 Violins"
Héctor Varela,Orquesta Héctor Varela,1974,Qué Tarde Que Has Venido,,Tango,Argentino Ledesma,Microfón,,,,Héctor Varela,Carlos Waiss,,72-75 Embassy + Microfon,Juan Carlos Howard,Mario Monteleone,"Héctor Varela, Salvador Cascone, Domingo Scápola, Salvador Alonso, Julio Jorge Bergés","Mario Abramovich, Nathán Melman, Antonio Cattaneo, Jorge Buivydas","Piano, Bass, 5 Bandoneons, 4 Violins"
Héctor Varela,Orquesta Héctor Varela,1974,Repetido,,Tango,Instrumental,Microfón,,,,"Héctor Varela, Alberto Nery",,,72-75 Embassy + Microfon,Juan Carlos Howard,Mario Monteleone,"Héctor Varela, Salvador Cascone, Domingo Scápola, Salvador Alonso, Julio Jorge Bergés","Mario Abramovich, Nathán Melman, Antonio Cattaneo, Jorge Buivydas","Piano, Bass, 5 Bandoneons, 4 Violins"
Héctor Varela,Orquesta Héctor Varela,1974,Tiempos Viejos,Te Acordás Hermano,Tango,Fernando Soler,Microfón,,,,Francisco Canaro,Manuel Romero,,72-75 Embassy + Microfon,Juan Carlos Howard,Mario Monteleone,"Héctor Varela, Salvador Cascone, Domingo Scápola, Salvador Alonso, Julio Jorge Bergés","Mario Abramovich, Nathán Melman, Antonio Cattaneo, Jorge Buivydas","Piano, Bass, 5 Bandoneons, 4 Violins"
Héctor Varela,Orquesta Héctor Varela,1974,Y Adónde Llegarás,,Tango,Victor Daniel,Microfón,,,,Héctor Varela,Abel Aznar,,72-75 Embassy + Microfon,Juan Carlos Howard,Mario Monteleone,"Héctor Varela, Salvador Cascone, Domingo Scápola, Salvador Alonso, Julio Jorge Bergés","Mario Abramovich, Nathán Melman, Antonio Cattaneo, Jorge Buivydas","Piano, Bass, 5 Bandoneons, 4 Violins"
Héctor Varela,Orquesta Héctor Varela,1974,Y el Viejo No Está,,Vals,Diego Solís Y Jorge Falcón,Microfón,,,,"Tití Rossi, Héctor Varela",Silvio Soldán,,72-75 Embassy + Microfon,Juan Carlos Howard,Mario Monteleone,"Héctor Varela, Salvador Cascone, Domingo Scápola, Salvador Alonso, Julio Jorge Bergés","Mario Abramovich, Nathán Melman, Antonio Cattaneo, Jorge Buivydas","Piano, Bass, 5 Bandoneons, 4 Violins"
Héctor Varela,Orquesta Héctor Varela,1975,Cantar Reir Bailar,,Vals,Fernando Soler Y Victor Daniel,Columbia,,,,"Héctor Varela, Tití Rossi, Silvio Soldán","Héctor Varela, Tití Rossi, Silvio Soldán",,75-59 Columbia,Juan Carlos Howard,Mario Monteleone,"Héctor Varela, Salvador Cascone, Domingo Scápola, Salvador Alonso, Julio Jorge Bergés","Mario Abramovich, Nathán Melman, Antonio Cattaneo, Jorge Buivydas","Piano, Bass, 5 Bandoneons, 4 Violins"
Héctor Varela,Orquesta Héctor Varela,1975,Canzoneta,,Tango,Victor Daniel,Columbia,,,,Erma Suárez,Enrique Lary,,75-59 Columbia,Juan Carlos Howard,Mario Monteleone,"Héctor Varela, Salvador Cascone, Domingo Scápola, Salvador Alonso, Julio Jorge Bergés","Mario Abramovich, Nathán Melman, Antonio Cattaneo, Jorge Buivydas","Piano, Bass, 5 Bandoneons, 4 Violins"
Héctor Varela,Orquesta Héctor Varela,1975,Cuesta Abajo,,Tango,Fernando Soler,Columbia,,,,Carlos Gardel,Alfredo Le Pera,,75-59 Columbia,Juan Carlos Howard,Mario Monteleone,"Héctor Varela, Salvador Cascone, Domingo Scápola, Salvador Alonso, Julio Jorge Bergés","Mario Abramovich, Nathán Melman, Antonio Cattaneo, Jorge Buivydas","Piano, Bass, 5 Bandoneons, 4 Violins"
Héctor Varela,Orquesta Héctor Varela,1975,El Final de un Cuento,,Tango,Fernando Soler Y Victor Daniel,Columbia,,,,"Héctor Varela, Tití Rossi, Silvio Soldán","Héctor Varela, Tití Rossi, Silvio Soldán",,75-59 Columbia,Juan Carlos Howard,Mario Monteleone,"Héctor Varela, Salvador Cascone, Domingo Scápola, Salvador Alonso, Julio Jorge Bergés","Mario Abramovich, Nathán Melman, Antonio Cattaneo, Jorge Buivydas","Piano, Bass, 5 Bandoneons, 4 Violins"
Héctor Varela,Orquesta Héctor Varela,1975,El Piropo,,Tango,Instrumental,Columbia,,,,"Ernesto Baffa, Rafael Rossi","Ernesto Baffa, Rafael Rossi",,75-59 Columbia,Juan Carlos Howard,Mario Monteleone,"Héctor Varela, Salvador Cascone, Domingo Scápola, Salvador Alonso, Julio Jorge Bergés","Mario Abramovich, Nathán Melman, Antonio Cattaneo, Jorge Buivydas","Piano, Bass, 5 Bandoneons, 4 Violins"
Héctor Varela,Orquesta Héctor Varela,1975,La Noche Antes,,Tango,Carlos Damián,Columbia,,,,Héctor Varela,Héctor Varela,,75-59 Columbia,Juan Carlos Howard,Mario Monteleone,"Héctor Varela, Salvador Cascone, Domingo Scápola, Salvador Alonso, Julio Jorge Bergés","Mario Abramovich, Nathán Melman, Antonio Cattaneo, Jorge Buivydas","Piano, Bass, 5 Bandoneons, 4 Violins"
Héctor Varela,Orquesta Héctor Varela,1975,Milonga de Barrio,,Milonga,Instrumental,Columbia,,,,Salvador Cascone,,,75-59 Columbia,Juan Carlos Howard,Mario Monteleone,"Héctor Varela, Salvador Cascone, Domingo Scápola, Salvador Alonso, Julio Jorge Bergés","Mario Abramovich, Nathán Melman, Antonio Cattaneo, Jorge Buivydas","Piano, Bass, 5 Bandoneons, 4 Violins"
Héctor Varela,Orquesta Héctor Varela,1975,No Me Van a Venir a Buscar,,Milonga,Fernando Soler Y Victor Daniel,Columbia,,,,"Osvaldo Rizzo, R. Rodolfo",Abel Aznar,,75-59 Columbia,Juan Carlos Howard,Mario Monteleone,"Héctor Varela, Salvador Cascone, Domingo Scápola, Salvador Alonso, Julio Jorge Bergés","Mario Abramovich, Nathán Melman, Antonio Cattaneo, Jorge Buivydas","Piano, Bass, 5 Bandoneons, 4 Violins"
Héctor Varela,Orquesta Héctor Varela,1975,Pago Por Tu Amor,,Tango,Victor Daniel,Columbia,,,,Héctor Varela,Héctor Varela,,75-59 Columbia,Juan Carlos Howard,Mario Monteleone,"Héctor Varela, Salvador Cascone, Domingo Scápola, Salvador Alonso, Julio Jorge Bergés","Mario Abramovich, Nathán Melman, Antonio Cattaneo, Jorge Buivydas","Piano, Bass, 5 Bandoneons, 4 Violins"
Héctor Varela,Orquesta Héctor Varela,1975,Prueba de Fuego,,Tango,Instrumental,Columbia,,,,"Alberto Miguel, Nene Alonso",,,75-59 Columbia,Juan Carlos Howard,Mario Monteleone,"Héctor Varela, Salvador Cascone, Domingo Scápola, Salvador Alonso, Julio Jorge Bergés","Mario Abramovich, Nathán Melman, Antonio Cattaneo, Jorge Buivydas","Piano, Bass, 5 Bandoneons, 4 Violins"
Héctor Varela,Orquesta Héctor Varela,1975,Pájaros de la Noche,,Tango,Instrumental,Columbia,,,,"Héctor Varela, Tití Rossi",,,75-59 Columbia,Juan Carlos Howard,Mario Monteleone,"Héctor Varela, Salvador Cascone, Domingo Scápola, Salvador Alonso, Julio Jorge Bergés","Mario Abramovich, Nathán Melman, Antonio Cattaneo, Jorge Buivydas","Piano, Bass, 5 Bandoneons, 4 Violins"
Héctor Varela,Orquesta Héctor Varela,1975,Que No Muera Este Amor,,Tango,Carlos Damián Y Hugo Carrasco,Columbia,,,,Alberto Nery,Leopoldo Vélez,,75-59 Columbia,Juan Carlos Howard,Mario Monteleone,"Héctor Varela, Salvador Cascone, Domingo Scápola, Salvador Alonso, Julio Jorge Bergés","Mario Abramovich, Nathán Melman, Antonio Cattaneo, Jorge Buivydas","Piano, Bass, 5 Bandoneons, 4 Violins"
Héctor Varela,Orquesta Héctor Varela,1975,Susurro de Bandoneón,,Tango,Instrumental,Columbia,,,,Carlos Lázzari,Carlos Galván,,75-59 Columbia,Juan Carlos Howard,Mario Monteleone,"Héctor Varela, Salvador Cascone, Domingo Scápola, Salvador Alonso, Julio Jorge Bergés","Mario Abramovich, Nathán Melman, Antonio Cattaneo, Jorge Buivydas","Piano, Bass, 5 Bandoneons, 4 Violins"
Héctor Varela,Orquesta Héctor Varela,1975,Terminemos de una Vez,,Vals,Carlos Damián Y Hugo Carrasco,Columbia,,,,Tití Rossi,San Diego,,75-59 Columbia,Juan Carlos Howard,Mario Monteleone,"Héctor Varela, Salvador Cascone, Domingo Scápola, Salvador Alonso, Julio Jorge Bergés","Mario Abramovich, Nathán Melman, Antonio Cattaneo, Jorge Buivydas","Piano, Bass, 5 Bandoneons, 4 Violins"
Héctor Varela,Orquesta Héctor Varela,1975,Un Poquito Así,,Milonga,Carlos Damián Y Hugo Carrasco,Columbia,,,,Héctor Varela,Héctor Varela,,75-59 Columbia,Juan Carlos Howard,Mario Monteleone,"Héctor Varela, Salvador Cascone, Domingo Scápola, Salvador Alonso, Julio Jorge Bergés","Mario Abramovich, Nathán Melman, Antonio Cattaneo, Jorge Buivydas","Piano, Bass, 5 Bandoneons, 4 Violins"
Héctor Varela,Orquesta Héctor Varela,1975,Y Comenzamos a Vivir,,Tango,Hugo Carrasco,Columbia,,,,Héctor Varela,Carlos González,,75-59 Columbia,Juan Carlos Howard,Mario Monteleone,"Héctor Varela, Salvador Cascone, Domingo Scápola, Salvador Alonso, Julio Jorge Bergés","Mario Abramovich, Nathán Melman, Antonio Cattaneo, Jorge Buivydas","Piano, Bass, 5 Bandoneons, 4 Violins"
Héctor Varela,Orquesta Héctor Varela,1975,Y Me Persigue Tu Amor,,Tango,Victor Daniel,Columbia,,,,"Damián Ficarra, San Diego",San Diego,,75-59 Columbia,Juan Carlos Howard,Mario Monteleone,"Héctor Varela, Salvador Cascone, Domingo Scápola, Salvador Alonso, Julio Jorge Bergés","Mario Abramovich, Nathán Melman, Antonio Cattaneo, Jorge Buivydas","Piano, Bass, 5 Bandoneons, 4 Violins"
Héctor Varela,Orquesta Héctor Varela,1975,Y Porque Me Lo Negás,Y Por Qué Me Lo Negás,Tango,Fernando Soler,Columbia,,,,Don Filinto,Abel Aznar,,75-59 Columbia,Juan Carlos Howard,Mario Monteleone,"Héctor Varela, Salvador Cascone, Domingo Scápola, Salvador Alonso, Julio Jorge Bergés","Mario Abramovich, Nathán Melman, Antonio Cattaneo, Jorge Buivydas","Piano, Bass, 5 Bandoneons, 4 Violins"
Héctor Varela,Orquesta Héctor Varela,1979,Al Tango Lo Canto Así,Second Part,Tango,Tita Merello,Columbia,,,,Tita Merello,Tita Merello,,75-59 Columbia,Juan Carlos Howard,Mario Monteleone,"Héctor Varela, Salvador Cascone, Domingo Scápola, Salvador Alonso, Julio Jorge Bergés","Mario Abramovich, Nathán Melman, Antonio Cattaneo, Jorge Buivydas","Piano, Bass, 5 Bandoneons, 4 Violins"
Héctor Varela,Orquesta Héctor Varela,1979,Al Tango Locanto Así,,Tango,Tita Merello,Columbia,,,,Tita Merello,Tita Merello,,75-59 Columbia,Juan Carlos Howard,Mario Monteleone,"Héctor Varela, Salvador Cascone, Domingo Scápola, Salvador Alonso, Julio Jorge Bergés","Mario Abramovich, Nathán Melman, Antonio Cattaneo, Jorge Buivydas","Piano, Bass, 5 Bandoneons, 4 Violins"
Héctor Varela,Orquesta Héctor Varela,1979,Con Permiso,,Milonga,Héctor Varela Y Su Orquesta,Columbia,,,,Alberto Mastra,Alberto Mastra,,75-59 Columbia,Juan Carlos Howard,Mario Monteleone,"Héctor Varela, Salvador Cascone, Domingo Scápola, Salvador Alonso, Julio Jorge Bergés","Mario Abramovich, Nathán Melman, Antonio Cattaneo, Jorge Buivydas","Piano, Bass, 5 Bandoneons, 4 Violins"
Héctor Varela,Orquesta Héctor Varela,1979,Padrino Pelao,,Tango,Instrumental,Columbia,,,,Enrique Delfino,Julio Cantuarias,,75-59 Columbia,Juan Carlos Howard,Mario Monteleone,"Héctor Varela, Salvador Cascone, Domingo Scápola, Salvador Alonso, Julio Jorge Bergés","Mario Abramovich, Nathán Melman, Antonio Cattaneo, Jorge Buivydas","Piano, Bass, 5 Bandoneons, 4 Violins"
