Bandleader,Orchestra,Date,Title,AltTitle,Genre,Singer,Label,Master,Matrix,Disc,Composer,Author,Arranger,Grouping,Pianist,Bassist,Bandoneons,Strings,Lineup,Img_Type,Img_Folder,Img_Side,Img_Album
Ignacio Corsini,Ignacio Corsini y sus Guitarras,1912-02-02,Decadencia Criolla,,Vals,Ignacio Corsini,Víctor,Acoustic,H 480-1,63738-A,Ignacio Corsini,,,,,,,,,,,,
Ignacio Corsini,Ignacio Corsini y sus Guitarras,1912-02-02,Noche Silenciosa,,Vals Campero,Ignacio Corsini,Víctor,Acoustic,H 481-1,63717-A / 69965-A,Ignacio Corsini,,,,,,,,,,,,
Ignacio Corsini,Ignacio Corsini y sus Guitarras,1912-02-03,Acuérdate de Mi,,Estilo,Ignacio Corsini,Víctor,Acoustic,H 502-1,65613-B / 69964-A,Ignacio Corsini,,,,,,,,,,,,
Ignacio Corsini,Ignacio Corsini y sus Guitarras,1912-02-03,"De lo Lindo, lo Mejor",,Estilo,Ignacio Corsini,Víctor,Acoustic,H 489-1,65396,Ignacio Corsini,Ignacio Corsini,,,,,,,,,,,
Ignacio Corsini,Ignacio Corsini y sus Guitarras,1912-02-03,El Amor con el Dinero,,Canción,Ignacio Corsini,Víctor,Acoustic,H 491-1,63733-A,Ignacio Corsini,,,,,,,,,,,,
Ignacio Corsini,Ignacio Corsini y sus Guitarras,1912-02-03,El Boyero en la Campaña,,Canción,Ignacio Corsini,Víctor,Acoustic,H 494-1,63899-A,Ignacio Corsini,Ignacio Corsini,,,,,,,,,,,
Ignacio Corsini,Ignacio Corsini y sus Guitarras,1912-02-03,En Mi Rancho,,Canción,Ignacio Corsini,Víctor,Acoustic,H 955-1,65616-B / 69971-A,Ignacio Corsini,,,,,,,,,,,,
Ignacio Corsini,Ignacio Corsini y sus Guitarras,1912-02-03,La Criollita del Pago,,Estilo,Ignacio Corsini,Víctor,Acoustic,H 493-1,65399 / 69964-B,Ignacio Corsini,Ignacio Corsini,,,,,,,,,,,
Ignacio Corsini,Ignacio Corsini y sus Guitarras,1912-02-03,Las Violetas,,Vals,Ignacio Corsini,Víctor,Acoustic,H 490-1,63712-A,Ignacio Corsini,,,,,,,,,,,,
Ignacio Corsini,Ignacio Corsini y sus Guitarras,1912-02-03,Quejas Camperas,,Canción,Ignacio Corsini,Víctor,Acoustic,H 501-1,63726-B,Ignacio Corsini,,,,,,,,,,,,
Ignacio Corsini,Ignacio Corsini y sus Guitarras,1912-02-03,Sobre la Tumba del Hijo,,Estilo,Ignacio Corsini,Víctor,Acoustic,H 500-1,65490,Ignacio Corsini,Ignacio Corsini,,,,,,,,,,,
Ignacio Corsini,Ignacio Corsini y sus Guitarras,1912-02-03,Sueño Magnifico,,Comico,Ignacio Corsini,Víctor,Acoustic,H 492-1,63722-A,Ignacio Corsini,,,,,,,,,,,,
Ignacio Corsini,Ignacio Corsini y sus Guitarras,1912-02-20,A Mi China,,Estilo,Ignacio Corsini,Víctor,Acoustic,H 626-1,65664-B / 69972-B,Ignacio Corsini,Ignacio Corsini,,,,,,,,,,,
Ignacio Corsini,Ignacio Corsini y sus Guitarras,1912-02-20,A Mi Madre,,Canción,Ignacio Corsini,Víctor,Acoustic,H 624-1,65164-B,Ignacio Corsini,Ignacio Corsini,,,,,,,,,,,
Ignacio Corsini,Ignacio Corsini y sus Guitarras,1912-02-20,Bosquejos Gauchos,,Estilo,Ignacio Corsini,Víctor,Acoustic,H 627-1,63899-B,Ignacio Corsini,Ignacio Corsini,,,,,,,,,,,
Ignacio Corsini,Ignacio Corsini y sus Guitarras,1912-02-20,Casta Paloma,,Habanera,Ignacio Corsini,Víctor,Acoustic,H 620-1,65614-B / 69971-B,Ignacio Corsini,,,,,,,,,,,,
Ignacio Corsini,Ignacio Corsini y sus Guitarras,1912-02-20,Delirio,,Estilo,Ignacio Corsini,Víctor,Acoustic,H 623-1,65054-B,Ignacio Corsini,,,,,,,,,,,,
Ignacio Corsini,Ignacio Corsini y sus Guitarras,1912-02-20,Deseos,,Estilo,Ignacio Corsini,Víctor,Acoustic,H 621-1,65663-A,Ignacio Corsini,Ignacio Corsini,,,,,,,,,,,
Ignacio Corsini,Ignacio Corsini y sus Guitarras,1912-02-20,El Paisano,,Estilo,Ignacio Corsini,Víctor,Acoustic,H 622-1,63869-B / 69965-B,Ignacio Corsini,Ignacio Corsini,,,,,,,,,,,
Ignacio Corsini,Ignacio Corsini y sus Guitarras,1912-02-20,La Conscripción,,Estilo,Ignacio Corsini,Víctor,Acoustic,H 625-1,65053-B,Ignacio Corsini,,,,,,,,,,,,
Ignacio Corsini,Ignacio Corsini y sus Guitarras,1921,A Mi Palomita,,Milonga,Ignacio Corsini,Odeón,Acoustic,640,208-B,Ignacio Corsini,Jose Maria Aguilar,,,,,,,,,,,
Ignacio Corsini,Ignacio Corsini y sus Guitarras,1921,Al Pié de la Reja,,Vals,Ignacio Corsini,Odeón,Acoustic,641,207-B,Ignacio Corsini,Jose Maria Aguilar,,,,,,,,,,,
Ignacio Corsini,Ignacio Corsini y sus Guitarras,1921,Amurado Me Dejaste,,Tango,Ignacio Corsini,Odeón,Acoustic,639,208-A,Roque Biafore,Roque Biafore,,,,,,,,,,,
Ignacio Corsini,Ignacio Corsini y sus Guitarras,1921,China Hereje,,Canción,Ignacio Corsini,Odeón,Acoustic,521,205-A,Juan Pedro Lopez,,,,,,,,,,,,
Ignacio Corsini,Ignacio Corsini y sus Guitarras,1921,El Último Adiós,,Vals,Ignacio Corsini,Odeón,Acoustic,408,202-A,Ignacio Corsini,,,,,,,,,,,,
Ignacio Corsini,Ignacio Corsini y sus Guitarras,1921,Flor Marchita,,Milonga,Ignacio Corsini,Odeón,Acoustic,479,204-A,Ambrosio Rio,,,,,,,,,,,,
Ignacio Corsini,Ignacio Corsini y sus Guitarras,1921,La Mañanita,,Milonga,Ignacio Corsini,Odeón,Acoustic,638,207-A,Ignacio Corsini,Jose Maria Aguilar,,,,,,,,,,,
Ignacio Corsini,Ignacio Corsini y sus Guitarras,1921,La Muerte de Milonguita,,Milonga,Ignacio Corsini,Odeón,Acoustic,478,203-A,F. Ronaca,Hector Bonatti,,,,,,,,,,,
Ignacio Corsini,Ignacio Corsini y sus Guitarras,1921,Lamento,,Estilo,Ignacio Corsini,Odeón,Acoustic,481,204-B,Ambrosio Rio,Ignacio Corsini,,,,,,,,,,,
Ignacio Corsini,Ignacio Corsini y sus Guitarras,1921,Mis Ilusiones Perdidas,,Estilo,Ignacio Corsini,Odeón,Acoustic,480,203-B,Ignacio Corsini,Ambrosio Rio,,,,,,,,,,,
Ignacio Corsini,Ignacio Corsini y sus Guitarras,1921,Pobre Mi China,,Canción,Ignacio Corsini,Odeón,Acoustic,406,202-B,Luciano Rios,,,,,,,,,,,,
Ignacio Corsini,Ignacio Corsini y sus Guitarras,1921,Popular Tradición de Esta Tierra,,Vals,Ignacio Corsini,Odeón,Acoustic,405,201-A,Ignacio Corsini,,,,,,,,,,,,
Ignacio Corsini,Ignacio Corsini y sus Guitarras,1921,Por que Me Dejaste?,,Estilo,Ignacio Corsini,Odeón,Acoustic,522,205-B,Ignacio Corsini,,,,,,,,,,,,
Ignacio Corsini,Ignacio Corsini y sus Guitarras,1921,Recordando,,Estilo,Ignacio Corsini,Odeón,Acoustic,523-1,206-B,Ignacio Corsini,,,,,,,,,,,,
Ignacio Corsini,Ignacio Corsini y sus Guitarras,1921,Tortolita y Chingolo,,Estilo,Ignacio Corsini,Odeón,Acoustic,407,201-B,Ignacio Corsini,,,,,,,,,,,,
Ignacio Corsini,Ignacio Corsini y sus Guitarras,1921,Un Lamento,,Tango,Ignacio Corsini,Odeón,Acoustic,520,206-A,Graciano de Leone,Pedro Numa Cordoba,,,,,,,,,,,
Ignacio Corsini,Ignacio Corsini y sus Guitarras,1922,China Hereje,,Canción,Ignacio Corsini,Odeón,Acoustic,1083,205-A,Juan Pedro Lopez,,,,,,,,,,,,
Ignacio Corsini,Ignacio Corsini y sus Guitarras,1922,De Mil Amores,,Tango,Ignacio Corsini,Odeón,Acoustic,970-1,18402-A,Luis Teisseire y Juan de Dios Filiberto,,,,,,,,,,,,
Ignacio Corsini,Ignacio Corsini y sus Guitarras,1922,Despedida,,Estilo,Ignacio Corsini,Odeón,Acoustic,793,18401-B,Ignacio Corsini,,,,,,,,,,,,
Ignacio Corsini,Ignacio Corsini y sus Guitarras,1922,El Beso de Muerte,,Tango,Ignacio Corsini,Odeón,Acoustic,979,18411-B / 213-A,Osman Perez Freire,Antonio Martinez Viergol,,,,,,,,,,,
Ignacio Corsini,Ignacio Corsini y sus Guitarras,1922,El Poder de Tus Ojos,,Estilo,Ignacio Corsini,Odeón,Acoustic,912,212-B,Ignacio Corsini,Miguel Correa,,,,,,,,,,,
Ignacio Corsini,Ignacio Corsini y sus Guitarras,1922,La Brisa,,Tango,Ignacio Corsini,Odeón,Acoustic,761,209-A,Francisco y Juan Canaro,Juan Andres Caruso,,,,,,,,,,,
Ignacio Corsini,Ignacio Corsini y sus Guitarras,1922,La Maleva,,Tango,Ignacio Corsini,Odeón,Acoustic,1055-2,18404-A,Antonio Buglione,Mario Alberto Pardo,,,,,,,,,,,
Ignacio Corsini,Ignacio Corsini y sus Guitarras,1922,La Muchacha,,Tango,Ignacio Corsini,Odeón,Acoustic,916,18403-A / 18411-A,Roberto Firpo,Jose Ferreyra y Torre,,,,,,,,,,,
Ignacio Corsini,Ignacio Corsini y sus Guitarras,1922,La Payasa,,Tango,Ignacio Corsini,Odeón,Acoustic,792,226-B,Hd-Carlos Schaeffer Gallo,Gallo,,,,,,,,,,,
Ignacio Corsini,Ignacio Corsini y sus Guitarras,1922,La Payasa,,Tango,Ignacio Corsini,Odeón,Acoustic,792-1,210-A,Hd-Carlos Schaeffer Gallo,Gallo,,,,,,,,,,,
Ignacio Corsini,Ignacio Corsini y sus Guitarras,1922,Mi Guitarra,,Estilo,Ignacio Corsini,Odeón,Acoustic,969-1,18402-B,Luis Teisseire,Juan Andres Caruso,,,,,,,,,,,
Ignacio Corsini,Ignacio Corsini y sus Guitarras,1922,Mis Harapos,,Canción,Ignacio Corsini,Odeón,Acoustic,763-1,211-A,Marino Garcia,Alberto Ghiraldo,,,,,,,,,,,
Ignacio Corsini,Ignacio Corsini y sus Guitarras,1922,Mis Harapos,,Canción,Ignacio Corsini,Odeón,Acoustic,692,Inedita,Marino García,Alberto Ghiraldo,,,,,,,,,,,
Ignacio Corsini,Ignacio Corsini y sus Guitarras,1922,No Me Olvides,,Vals,Ignacio Corsini,Odeón,Acoustic,791-1,211-B,Ignacio Corsini,,,,,,,,,,,,
Ignacio Corsini,Ignacio Corsini y sus Guitarras,1922,Patotero Sentimental,,Tango,Ignacio Corsini,Odeón,Acoustic,924-1,18401-A,Manuel Joves,Manuel Romero,,,,,,,,,,,
Ignacio Corsini,Ignacio Corsini y sus Guitarras,1922,Patotero Sentimental,,Tango,Ignacio Corsini,Odeón,Acoustic,845-2,18401-A,Manuel Joves,Manuel Romero,,,,,,,,,,,
Ignacio Corsini,Ignacio Corsini y sus Guitarras,1922,Pobre China,,Tango,Ignacio Corsini,Odeón,Acoustic,1004,214-B,Manuel Joves,Antonio Martinez Viergol,,,,,,,,,,,
Ignacio Corsini,Ignacio Corsini y sus Guitarras,1922,Pobre Cotorro!,,Tango,Ignacio Corsini,Odeón,Acoustic,724,212-A / 226-A,Anselmo Alfredo Aieta,Diego de las Heras,,,,,,,,,,,
Ignacio Corsini,Ignacio Corsini y sus Guitarras,1922,Por Ella,,Vidalita,Ignacio Corsini,Odeón,Acoustic,794,210-B,Ignacio Corsini,Juan Andrés Caruso,,,,,,,,,,,
Ignacio Corsini,Ignacio Corsini y sus Guitarras,1922,Por que Me Dejaste?,,Estilo,Ignacio Corsini,Odeón,Acoustic,1084,205-B,Ignacio Corsini,,,,,,,,,,,,
Ignacio Corsini,Ignacio Corsini y sus Guitarras,1922,Primera Ilusión,,Vals,Ignacio Corsini,Odeón,Acoustic,971,214-A,Luis Mottolese,Victor Feliciano Espindola,,,,,,,,,,,
Ignacio Corsini,Ignacio Corsini y sus Guitarras,1922,Remembranza,,Vals,Ignacio Corsini,Odeón,Acoustic,1005-1,18404-B,Ambrosio Rio,,,,,,,,,,,,
Ignacio Corsini,Ignacio Corsini y sus Guitarras,1922,Remembranzas,,Tango,Ignacio Corsini,Odeón,Acoustic,,,Ambrosio Rio,,,,,,,,,,,,
Ignacio Corsini,Ignacio Corsini y sus Guitarras,1922,Santos Vega,,Canción,Ignacio Corsini,Odeón,Acoustic,762,209-B,Ignacio Corsini,Guillermo Desiderio Barbieri,,,,,,,,,,,
Ignacio Corsini,Ignacio Corsini y sus Guitarras,1922,Tus Suspiros,,Canción,Ignacio Corsini,Odeón,Acoustic,925-1,18403-B,Roberto Firpo,Ignacio Corsini,,,,,,,,,,,
Ignacio Corsini,Ignacio Corsini y sus Guitarras,1922,Vivo para Quererte,,Estilo,Ignacio Corsini,Odeón,Acoustic,980,213-B,Ignacio Corsini,,,,,,,,,,,,
Ignacio Corsini,Ignacio Corsini y sus Guitarras,1923,Cachonguita,,Tango,Ignacio Corsini,Odeón,Acoustic,1142,220-A,Francisco Canaro,Gabriel Sigal,,,,,,,,,,,
Ignacio Corsini,Ignacio Corsini y sus Guitarras,1923,Cap Polonio,,Tango,Ignacio Corsini,Odeón,Acoustic,1159,219-A,Adolfo Leopoldo Rosquellas,Juan Andres Caruso,,,,,,,,,,,
Ignacio Corsini,Ignacio Corsini y sus Guitarras,1923,Cariño Eterno (Irene),,Tango,Ignacio Corsini,Odeón,Acoustic,1454-1,221-B,Rafael Iriarte,Juan Andres Caruso,,,,,,,,,,,
Ignacio Corsini,Ignacio Corsini y sus Guitarras,1923,Como una Flor,,Vals,Ignacio Corsini,Odeón,Acoustic,1456-1,221-A,Samuel Castriota,Alfredo Faustino Roldan,,,,,,,,,,,
Ignacio Corsini,Ignacio Corsini y sus Guitarras,1923,El Huérfano,,Tango,Ignacio Corsini,Odeón,Acoustic,1224-1,18405-A,Anselmo Alfredo Aieta,Francisco Garcia Jimenez,,,,,,,,,,,
Ignacio Corsini,Ignacio Corsini y sus Guitarras,1923,El Huérfano,,Tango,Ignacio Corsini,Odeón,Acoustic,1204,217-A,Anselmo Alfredo Aieta,Francisco Garcia Jimenez,,,,,,,,,,,
Ignacio Corsini,Ignacio Corsini y sus Guitarras,1923,El Pericón de Martin Fierro,,Pericón,Ignacio Corsini,Odeón,Acoustic,1671-1,18410-A / 18413-A,Antonio de Bassi-Anibal Canavesi-Jose Gonzalez Castillo,,,,,,,,,,,,
Ignacio Corsini,Ignacio Corsini y sus Guitarras,1923,El Pericon de Martin Fierro,,Pericón,Ignacio Corsini,Odeón,Acoustic,1671,18410-A,Antonio de Bassi-Anibal Canavesi-Jose Gonzalez Castillo,,,,,,,,,,,,
Ignacio Corsini,Ignacio Corsini y sus Guitarras,1923,El Prisionero,,Tango,Ignacio Corsini,Odeón,Acoustic,1259-1,218-A,Enrique Pedro Delfino,Manuel Romero,,,,,,,,,,,
Ignacio Corsini,Ignacio Corsini y sus Guitarras,1923,El Ranchito,,Canción,Ignacio Corsini,Odeón,Acoustic,1680,227-B,Alfredo Eusebio Gobbi,,,,,,,,,,,,
Ignacio Corsini,Ignacio Corsini y sus Guitarras,1923,El Vendaval,,Estilo,Ignacio Corsini,Odeón,Acoustic,1107,215-B,Rafael Iriarte,Clemente Guiol,,,,,,,,,,,
Ignacio Corsini,Ignacio Corsini y sus Guitarras,1923,En la Huella del Querer,,Estilo,Ignacio Corsini,Odeón,Acoustic,1399,18407-A,De Bassi,Ricardo Enrique Cabrera,,,,,,,,,,,
Ignacio Corsini,Ignacio Corsini y sus Guitarras,1923,Ensueño de Oro,,Vals,Ignacio Corsini,Odeón,Acoustic,1455,18409-B,Lia Acuña de Andreoni,Juan Miguel Velich,,,,,,,,,,,
Ignacio Corsini,Ignacio Corsini y sus Guitarras,1923,Entre Criollos,,Tango,Ignacio Corsini,Odeón,Acoustic,1649,223-A,Juan Rodriguez,Juan Andres Caruso,,,,,,,,,,,
Ignacio Corsini,Ignacio Corsini y sus Guitarras,1923,Fin de Fiesta,,Tango,Ignacio Corsini,Odeón,Acoustic,1679,223-B,Ignacio Corsini-Flores,Carlos Vicente Geroni Flores,,,,,,,,,,,
Ignacio Corsini,Ignacio Corsini y sus Guitarras,1923,Flor Marchita,,Tango,Ignacio Corsini,Odeón,Acoustic,1401,18406-B,Ignacio Corsini,Francisco Bohigas,,,,,,,,,,,
Ignacio Corsini,Ignacio Corsini y sus Guitarras,1923,La Canción del Cabaret,,Tango,Ignacio Corsini,Odeón,Acoustic,1400-3,18406-A,Roberto Firpo-Mario Flores-Luis Ricur,,,,,,,,,,,,
Ignacio Corsini,Ignacio Corsini y sus Guitarras,1923,La Entrerriana,,Zamba,Ignacio Corsini,Odeón,Acoustic,1226,218-B,Enrique Pedro Delfino,Alfredo Navarrine,,,,,,,,,,,
Ignacio Corsini,Ignacio Corsini y sus Guitarras,1923,La Piedra del Escandalo,,Estilo,Ignacio Corsini,Odeón,Acoustic,1318,,Antonio Domingo Podesta,Martin Coronado,,,,,,,,,,,
Ignacio Corsini,Ignacio Corsini y sus Guitarras,1923,La Vuelta de Mi Amor,,Tango,Ignacio Corsini,Odeón,Acoustic,1678,222-B,Juan Maglio,Alfredo Faustino Roldan,,,,,,,,,,,
Ignacio Corsini,Ignacio Corsini y sus Guitarras,1923,Martín Fierro,,Pericón,Ignacio Corsini,Odeón,Acoustic,1671-1,18410-A,Canavesi; José Gonzalez Castillo,,,,,,,,,,,,
Ignacio Corsini,Ignacio Corsini y sus Guitarras,1923,Metejon,,Tango,Ignacio Corsini,Odeón,Acoustic,1307,18410-B,Roberto Emilio Goyeneche,Florencio B. Chiarello,,,,,,,,,,,
Ignacio Corsini,Ignacio Corsini y sus Guitarras,1923,Mi Alazán Tostao,,Estilo,Ignacio Corsini,Odeón,Acoustic,1651,225-B,Ambrosio Rio,,,,,,,,,,,,
Ignacio Corsini,Ignacio Corsini y sus Guitarras,1923,Monigote,,Tango,Ignacio Corsini,Odeón,Acoustic,1157,216-A,Emilio Antonio Iribarne,Gabriel Sigal,,,,,,,,,,,
Ignacio Corsini,Ignacio Corsini y sus Guitarras,1923,Nostalgia,,Shimmy,Ignacio Corsini,Odeón,Acoustic,1531,18408-B,Antonio de Bassi,,,,,,,,,,,,
Ignacio Corsini,Ignacio Corsini y sus Guitarras,1923,Ojos Funestos,,Tango,Ignacio Corsini,Odeón,Acoustic,1150-1,219-B,Antonio Polito,Antonio Martinez Viergol,,,,,,,,,,,
Ignacio Corsini,Ignacio Corsini y sus Guitarras,1923,Pelele,,Tango,Ignacio Corsini,Odeón,Acoustic,1648,222-A,Pedro Mario Maffia,Juan Andres Caruso,,,,,,,,,,,
Ignacio Corsini,Ignacio Corsini y sus Guitarras,1923,Pensando en Ella,,Estilo,Ignacio Corsini,Odeón,Acoustic,1205,217-B,Ignacio Corsini,,,,,,,,,,,,
Ignacio Corsini,Ignacio Corsini y sus Guitarras,1923,Pobre Gaucho,,Vals,Ignacio Corsini,Odeón,Acoustic,1158,18405-B,Ignacio Corsini,,,,,,,,,,,,
Ignacio Corsini,Ignacio Corsini y sus Guitarras,1923,Pobre Madrecita,,Tango,Ignacio Corsini,Odeón,Acoustic,1306,18407-B,Angel Greco,Juan Andres Caruso,,,,,,,,,,,
Ignacio Corsini,Ignacio Corsini y sus Guitarras,1923,Practicante,,Tango,Ignacio Corsini,Odeón,Acoustic,1530,18408-A,Antonio de Bassi,,,,,,,,,,,,
Ignacio Corsini,Ignacio Corsini y sus Guitarras,1923,Recuerdo Criollo,,Triste,Ignacio Corsini,Odeón,Acoustic,1402,18409-A,Ambrosio Rio,,,,,,,,,,,,
Ignacio Corsini,Ignacio Corsini y sus Guitarras,1923,Sin Amor,,Tango,Ignacio Corsini,Odeón,Acoustic,1151,216-B,Francisco Juan Lomuto,Gabriel Sigal,,,,,,,,,,,
Ignacio Corsini,Ignacio Corsini y sus Guitarras,1923,Toda Alma,,Tango,Ignacio Corsini,Odeón,Acoustic,1106-1,215-A,Antonio Polito,A. Timarni,,,,,,,,,,,
Ignacio Corsini,Ignacio Corsini y sus Guitarras,1923,Un Placer,,Vals,Ignacio Corsini,Odeón,Acoustic,1304-1,220-B,Vicente Romeo-Andres Alietti-Juan Andres Caruso,,,,,,,,,,,,
Ignacio Corsini,Ignacio Corsini y sus Guitarras,1923,"Veni, Pebeta",,Tango,Ignacio Corsini,Odeón,Acoustic,1677,227-A,Manuel Joves-Bourel-Morales,Modesto Morales,,,,,,,,,,,
Ignacio Corsini,Ignacio Corsini y sus Guitarras,1924,A lo Lejos,,Vals,Ignacio Corsini,Odeón,Acoustic,2148,18419-A,Adolfo Rafael Aviles,,,,,,,,,,,,
Ignacio Corsini,Ignacio Corsini y sus Guitarras,1924,Alfredo,,Tango,Ignacio Corsini,Odeón,Acoustic,2473-3,18426-A,Humberto Faustino Canaro,Juan Andres Caruso,,,,,,,,,,,
Ignacio Corsini,Ignacio Corsini y sus Guitarras,1924,Alma de Bohemio,,Tango,Ignacio Corsini,Odeón,Acoustic,2502,18429-A,Roberto Firpo,Juan Andres Caruso,,,,,,,,,,,
Ignacio Corsini,Ignacio Corsini y sus Guitarras,1924,Amazona,,Vals,Ignacio Corsini,Odeón,Acoustic,2309-1,18422-A,Francisco Brancatti,,,,,,,,,,,,
Ignacio Corsini,Ignacio Corsini y sus Guitarras,1924,Beso de Sol,,Estilo,Ignacio Corsini,Odeón,Acoustic,1844,228-B,Ignacio Corsini,Enrique Pedro Maroni,,,,,,,,,,,
Ignacio Corsini,Ignacio Corsini y sus Guitarras,1924,Cabecita Plateada,,Tango,Ignacio Corsini,Odeón,Acoustic,1876,18414-B,Roque Biafore,Julian de Charras,,,,,,,,,,,
Ignacio Corsini,Ignacio Corsini y sus Guitarras,1924,China Ingrata,,Vals,Ignacio Corsini,Odeón,Acoustic,2475,18426-B,Francisco Canaro,Juan Andres Caruso,,,,,,,,,,,
Ignacio Corsini,Ignacio Corsini y sus Guitarras,1924,El Centenario,,Estilo,Ignacio Corsini,Odeón,Acoustic,2501,18427-B,Roberto Firpo,Julian de Charras,,,,,,,,,,,
Ignacio Corsini,Ignacio Corsini y sus Guitarras,1924,El Cuchillo de Plata,Mi Cuchillo de Plata,Estilo,Ignacio Corsini,Odeón,Acoustic,2432,18424-A,Ambrosio Rio,,,,,,,,,,,,
Ignacio Corsini,Ignacio Corsini y sus Guitarras,1924,El Flechazo,,Tango,Ignacio Corsini,Odeón,Acoustic,2503,18428-A,Pacifico Victor Lambertucci,Juan Andres Caruso,,,,,,,,,,,
Ignacio Corsini,Ignacio Corsini y sus Guitarras,1924,El Narciso Negro,,Foxtrot,Ignacio Corsini,Odeón,Acoustic,2474,18425-B,Jose Bohr-Barros,José Bohr,,,,,,,,,,,
Ignacio Corsini,Ignacio Corsini y sus Guitarras,1924,El Olivo,,Tango,Ignacio Corsini,Odeón,Acoustic,2059-1,18416-A,Antonio Scatasso-Domingo J Vivas-Carlos Ponciano Cabral,Pascual Contursi,,,,,,,,,,,
Ignacio Corsini,Ignacio Corsini y sus Guitarras,1924,El Pato Alegre,,Tango,Ignacio Corsini,Odeón,Acoustic,2061,18415-A,Enrique Pedro Delfino,Alberto Juan Ballesteros Medina,,,,,,,,,,,
Ignacio Corsini,Ignacio Corsini y sus Guitarras,1924,El Sonámbulo,,Tango,Ignacio Corsini,Odeón,Acoustic,2430,18423-B,Jeronimo Fattori,Benjamin Fernandez,,,,,,,,,,,
Ignacio Corsini,Ignacio Corsini y sus Guitarras,1924,En Otros Tiempos,,Tango,Ignacio Corsini,Odeón,Acoustic,2189-1,18442-B,Luis G. Casanova,,,,,,,,,,,,
Ignacio Corsini,Ignacio Corsini y sus Guitarras,1924,Fea...!,,Tango,Ignacio Corsini,Odeón,Acoustic,2163,18420-B,Horacio Gemignani Pettorossi,Alfredo Navarrine,,,,,,,,,,,
Ignacio Corsini,Ignacio Corsini y sus Guitarras,1924,Galleguita,,Tango,Ignacio Corsini,Odeón,Acoustic,2147,18418-B,Horacio Gemignani Pettorossi,Alfredo Navarrine,,,,,,,,,,,
Ignacio Corsini,Ignacio Corsini y sus Guitarras,1924,Juan de los Santos Arena,,Estilo,Ignacio Corsini,Odeón,Acoustic,1727-1,18412-B / 224-B,Ignacio Corsini,Julian de Charras,,,,,,,,,,,
Ignacio Corsini,Ignacio Corsini y sus Guitarras,1924,Juventud!,,Tango,Ignacio Corsini,Odeón,Acoustic,1845,229-B,Antonio Scatasso,Francisco Antonio Bastardi,,,,,,,,,,,
Ignacio Corsini,Ignacio Corsini y sus Guitarras,1924,La Cabeza del Italiano,,Tango,Ignacio Corsini,Odeón,Acoustic,1875-1,229-A,Antonio Scatasso,Francisco Antonio Bastardi,,,,,,,,,,,
Ignacio Corsini,Ignacio Corsini y sus Guitarras,1924,La Carreta,,Tango,Ignacio Corsini,Odeón,Acoustic,2310,18422-B,Jose y Luis Servidio,Francisco Garcia Jimenez,,,,,,,,,,,
Ignacio Corsini,Ignacio Corsini y sus Guitarras,1924,La Garçonniere,,Tango,Ignacio Corsini,Odeón,Acoustic,1839,230-A,Francisco Canaro,Juan Andres Caruso,,,,,,,,,,,
Ignacio Corsini,Ignacio Corsini y sus Guitarras,1924,La Mina del Ford,,Tango,Ignacio Corsini,Odeón,Acoustic,2058,18416-B,A Scatasso-F del Negro-P Contursi-E Maroni,Pascual Contursi,,,,,,,,,,,
Ignacio Corsini,Ignacio Corsini y sus Guitarras,1924,Labios Pintados,,Tango,Ignacio Corsini,Odeón,Acoustic,2472,18425-A,Jose Bohr-Barros,José Bohr,,,,,,,,,,,
Ignacio Corsini,Ignacio Corsini y sus Guitarras,1924,Los Carreteros,,Zamba,Ignacio Corsini,Odeón,Acoustic,2504,18427-A,Martin Castro,Miguel Cafre,,,,,,,,,,,
Ignacio Corsini,Ignacio Corsini y sus Guitarras,1924,Maullidos,,Gato,Ignacio Corsini,Odeón,Acoustic,2012,18413-B,De Bassi,Jose Gonzalez Castillo,,,,,,,,,,,
Ignacio Corsini,Ignacio Corsini y sus Guitarras,1924,Melancolica Casita,,Tango,Ignacio Corsini,Odeón,Acoustic,2188,18417-B,Carlos Vicente Geroni Flores,Enrique Dizeo,,,,,,,,,,,
Ignacio Corsini,Ignacio Corsini y sus Guitarras,1924,Mi Rosal Ha Florecido,,Zamba,Ignacio Corsini,Odeón,Acoustic,2013,18414-A,Daniel Cauvilla Prim-Neira,,,,,,,,,,,,
Ignacio Corsini,Ignacio Corsini y sus Guitarras,1924,Muchachita Loca,,Tango,Ignacio Corsini,Odeón,Acoustic,1843,228-A,Antonio Scatasso,Francisco Antonio Bastardi,,,,,,,,,,,
Ignacio Corsini,Ignacio Corsini y sus Guitarras,1924,Noche Mala,,Tango,Ignacio Corsini,Odeón,Acoustic,2433,18430-A,Antonio Alfonso Romano-Lloret,,,,,,,,,,,,
Ignacio Corsini,Ignacio Corsini y sus Guitarras,1924,"Oh, Mujer!",,Shimmy,Ignacio Corsini,Odeón,Acoustic,2066,18415-B,Enrique Pedro Delfino,,,,,,,,,,,,
Ignacio Corsini,Ignacio Corsini y sus Guitarras,1924,"Oh, Mujer Mujer!",,Shimmy,Ignacio Corsini,Odeón,Acoustic,,18415,Enrique Delfino,,,,,,,,,,,,
Ignacio Corsini,Ignacio Corsini y sus Guitarras,1924,Ojerosa,,Tango,Ignacio Corsini,Odeón,Acoustic,2161,18428-B,Rafael Rossi-Hernandez,Rafael Rossi,,,,,,,,,,,
Ignacio Corsini,Ignacio Corsini y sus Guitarras,1924,Olga,,Vals,Ignacio Corsini,Odeón,Acoustic,2162,18417-A,Francisco Peña,Juan Andres Caruso,,,,,,,,,,,
Ignacio Corsini,Ignacio Corsini y sus Guitarras,1924,Perdón,,Tango,Ignacio Corsini,Odeón,Acoustic,2311,18421-B,Luis Martinez Serrano,,,,,,,,,,,,
Ignacio Corsini,Ignacio Corsini y sus Guitarras,1924,Reproches,,Vals,Ignacio Corsini,Odeón,Acoustic,2431-1,18423-A,Jeronimo Fattori,Benjamin Fernandez,,,,,,,,,,,
Ignacio Corsini,Ignacio Corsini y sus Guitarras,1924,Sacate la Caretita,,Tango,Ignacio Corsini,Odeón,Acoustic,1726,225-A,Luis Cosenza-Jose Francisco Schumacher-Juan Andres Caruso,Juan Andrés Caruso,,,,,,,,,,,
Ignacio Corsini,Ignacio Corsini y sus Guitarras,1924,Shangai-bay,,Shimmy,Ignacio Corsini,Odeón,Acoustic,2187,18420-A,Carlos Cappenberg,,,,,,,,,,,,
Ignacio Corsini,Ignacio Corsini y sus Guitarras,1924,Sombras!...,,Tango,Ignacio Corsini,Odeón,Acoustic,1725-1,18412-A,Francisco Nicolas Pracanico,Verminio Servetto,,,,,,,,,,,
Ignacio Corsini,Ignacio Corsini y sus Guitarras,1924,Sombras!...,,Tango,Ignacio Corsini,Odeón,Acoustic,1725,224-A,Francisco Nicolas Pracanico,Verminio Servetto,,,,,,,,,,,
Ignacio Corsini,Ignacio Corsini y sus Guitarras,1924,Torcacita,,Tango,Ignacio Corsini,Odeón,Acoustic,2164,18419-B,Horacio Gemignani Pettorossi,Alfredo Navarrine,,,,,,,,,,,
Ignacio Corsini,Ignacio Corsini y sus Guitarras,1924,Tristeza Criolla,,Vals,Ignacio Corsini,Odeón,Acoustic,2060,18418-A,Ignacio Corsini,Julian de Charras,,,,,,,,,,,
Ignacio Corsini,Ignacio Corsini y sus Guitarras,1924,Tu Promesa,,Zamba,Ignacio Corsini,Odeón,Acoustic,2146,18424-B,Antonio Polito,Anibal Jose Imperiale,,,,,,,,,,,
Ignacio Corsini,Ignacio Corsini y sus Guitarras,1924,Un Triste Despertar,,Canción,Ignacio Corsini,Odeón,Acoustic,2308-1,18421-A,Luis Martinez Serrano,,,,,,,,,,,,
Ignacio Corsini,Ignacio Corsini y sus Guitarras,1924,Un Triste Despertar,,Triste,Ignacio Corsini,Odeón,Acoustic,1718,Inedita,Paredes Silva,,,,,,,,,,,,
Ignacio Corsini,Ignacio Corsini y sus Guitarras,1924,Vencida,,Tango,Ignacio Corsini,Odeón,Acoustic,1840,230-B,Juan Maglio,Enrique Carrera Sotelo,,,,,,,,,,,
Ignacio Corsini,Ignacio Corsini y sus Guitarras,1925,Adios para Siempre,,Tango,Ignacio Corsini,Odeón,Acoustic,3184,18448-A,Antonio Scatasso,Alberto Vaccarezza,,,,,,,,,,,
Ignacio Corsini,Ignacio Corsini y sus Guitarras,1925,Adiós para Siempre,,Tango,Ignacio Corsini,Odeón,Acoustic,3183-1,18444-A,Antonio Scatasso,Alberto Vaccarezza,,,,,,,,,,,
Ignacio Corsini,Ignacio Corsini y sus Guitarras,1925,Alma Gaucha,,Estilo,Ignacio Corsini,Odeón,Acoustic,3283-1,18450-B,Juan Alberto Sarcione,,,,,,,,,,,,
Ignacio Corsini,Ignacio Corsini y sus Guitarras,1925,Altar Criollo,,Vals,Ignacio Corsini,Odeón,Acoustic,2697,18440-A,Alfredo Eusebio Gobbi,,,,,,,,,,,,
Ignacio Corsini,Ignacio Corsini y sus Guitarras,1925,Amor Mío,,Tango,Ignacio Corsini,Odeón,Acoustic,2968,18448-B,Antonio Scatasso-Cabrera,Osvaldo Rafael Cabrera,,,,,,,,,,,
Ignacio Corsini,Ignacio Corsini y sus Guitarras,1925,Amor que Muere,,Vals,Ignacio Corsini,Odeón,Acoustic,2554-1,18449-A,Juan de Dios Filiberto,Arturo Kolbenheyer,,,,,,,,,,,
Ignacio Corsini,Ignacio Corsini y sus Guitarras,1925,Anochecer,,Estilo,Ignacio Corsini,Odeón,Acoustic,2969-1,18439-B,Ignacio Corsini,Jose Maria Aguilar,,,,,,,,,,,
Ignacio Corsini,Ignacio Corsini y sus Guitarras,1925,Añoranza,,Vals,Ignacio Corsini,Odeón,Acoustic,,,José María Aguilar Porrás,,,,,,,,,,,,
Ignacio Corsini,Ignacio Corsini y sus Guitarras,1925,Añoranzas,,Vals,Ignacio Corsini,Odeón,Acoustic,2541,18430-B,Jose Maria Aguilar,,,,,,,,,,,,
Ignacio Corsini,Ignacio Corsini y sus Guitarras,1925,Buena Suerte,,Tango,Ignacio Corsini,Odeón,Acoustic,2764,18433-B,Pacifico Victor Lambertucci,,,,,,,,,,,,
Ignacio Corsini,Ignacio Corsini y sus Guitarras,1925,Campana de Plata,,Tango,Ignacio Corsini,Odeón,Acoustic,2912,18438-A,Carlos V Geroni Flores,Samuel Guillermo Eduardo Linning,,,,,,,,,,,
Ignacio Corsini,Ignacio Corsini y sus Guitarras,1925,Chinita Linda,,Zamba,Ignacio Corsini,Odeón,Acoustic,2825,18435-B,Antonio Scatasso,Francisco Ruiz Paris,,,,,,,,,,,
Ignacio Corsini,Ignacio Corsini y sus Guitarras,1925,Costurerita,,Tango,Ignacio Corsini,Odeón,Acoustic,3400,18453-A,Antonio Scatasso-Mertens-De Rosas,,,,,,,,,,,,
Ignacio Corsini,Ignacio Corsini y sus Guitarras,1925,Criollazo,,Tango,Ignacio Corsini,Odeón,Acoustic,3573,18457-A,Juan Rodriguez,M. Castellano,,,,,,,,,,,
Ignacio Corsini,Ignacio Corsini y sus Guitarras,1925,Criollazo,,Tango,Ignacio Corsini,Odeón (Brasil),Acoustic,3573,18456-B,,,,,,,,,,,,,
Ignacio Corsini,Ignacio Corsini y sus Guitarras,1925,Cuando Lloran los Zorzales,,Tonada,Ignacio Corsini,Odeón,Acoustic,3416,18452-B,Carlos Vicente Geroni Flores,Benjamin Tagle Lara,,,,,,,,,,,
Ignacio Corsini,Ignacio Corsini y sus Guitarras,1925,Destellos,,Tango,Ignacio Corsini,Odeón,Acoustic,2828,18436-A,Francisco Canaro,Juan Andres Caruso,,,,,,,,,,,
Ignacio Corsini,Ignacio Corsini y sus Guitarras,1925,Ecos de Arabia,,Shimmy,Ignacio Corsini,Odeón,Acoustic,3574,18457-B,Juan Rodriguez,M. Castellano,,,,,,,,,,,
Ignacio Corsini,Ignacio Corsini y sus Guitarras,1925,El Jazmin de Mi Ventana,,Estilo,Ignacio Corsini,Odeón,Acoustic,3404,18458-A,Jose Ciccarelli,,,,,,,,,,,,
Ignacio Corsini,Ignacio Corsini y sus Guitarras,1925,El Moño Colorado,,Estilo,Ignacio Corsini,Odeón,Acoustic,2913,18438-B,Carlos V Geroni Flores,Samuel Guillermo Eduardo Linning,,,,,,,,,,,
Ignacio Corsini,Ignacio Corsini y sus Guitarras,1925,El Rebenque Fatal,,Milonga,Ignacio Corsini,Odeón,Acoustic,3417,18455-B,Juan Pedro Lopez,,,,,,,,,,,,
Ignacio Corsini,Ignacio Corsini y sus Guitarras,1925,El Tropero,,Estilo,Ignacio Corsini,Odeón,Acoustic,3084,18451-B,Ambrosio Rio,,,,,,,,,,,,
Ignacio Corsini,Ignacio Corsini y sus Guitarras,1925,En un Rincón de la Boca,,Tango,Ignacio Corsini,Odeón,Acoustic,3401,18453-B,Fidel del Negro,Jorge Curi,,,,,,,,,,,
Ignacio Corsini,Ignacio Corsini y sus Guitarras,1925,Engualichaste Mi Corazón,,Zamba,Ignacio Corsini,Odeón,Acoustic,2548,18431-A,Juan Maglio,Enrique Carrera Sotelo,,,,,,,,,,,
Ignacio Corsini,Ignacio Corsini y sus Guitarras,1925,Gaucho,,Tango,Ignacio Corsini,Odeón,Acoustic,3402,18454-A,Francisco Nicolas Pracanico,Francisco Bohigas,,,,,,,,,,,
Ignacio Corsini,Ignacio Corsini y sus Guitarras,1925,Hacete Amigo del Juez,,Tango,Ignacio Corsini,Odeón,Acoustic,3281,18451-A,Luis G. Casanova,,,,,,,,,,,,
Ignacio Corsini,Ignacio Corsini y sus Guitarras,1925,Hojas Secas,,Vals,Ignacio Corsini,Odeón,Acoustic,3083,18447-B,Carlos Vicente Geroni Flores,Benjamin Tagle Lara,,,,,,,,,,,
Ignacio Corsini,Ignacio Corsini y sus Guitarras,1925,"Hopa, Hopa, Hopa",,Triste,Ignacio Corsini,Odeón,Acoustic,3085-1,18447-A,Roberto Fugazot,Jose Alonso y Trelles,,,,,,,,,,,
Ignacio Corsini,Ignacio Corsini y sus Guitarras,1925,La Cancion del Huerfano,,Canción,Ignacio Corsini,Odeón,Acoustic,2556,18432-B,Martin Castro,Miguel Cafre,,,,,,,,,,,
Ignacio Corsini,Ignacio Corsini y sus Guitarras,1925,La Carrera,,Estilo,Ignacio Corsini,Odeón,Acoustic,2695,18440-B,Rafael Iriarte,Francisco Brancatti,,,,,,,,,,,
Ignacio Corsini,Ignacio Corsini y sus Guitarras,1925,La Carreta,,Zamba,Ignacio Corsini,Odeón,Acoustic,3499-1,18456-A,Adolfo Rafael Aviles,Enrique Pedro Maroni,,,,,,,,,,,
Ignacio Corsini,Ignacio Corsini y sus Guitarras,1925,La Tropilla,,Canción,Ignacio Corsini,Odeón,Acoustic,3057,18443-B,Carlos Vicente Geroni Flores,Benjamin Tagle Lara,,,,,,,,,,,
Ignacio Corsini,Ignacio Corsini y sus Guitarras,1925,Llora Tu Propio Dolor,,Tango,Ignacio Corsini,Odeón,Acoustic,3185,18444-B,Antonio Scatasso,Jorge Curi,,,,,,,,,,,
Ignacio Corsini,Ignacio Corsini y sus Guitarras,1925,Luna Gaucha,,Canción,Ignacio Corsini,Odeón,Acoustic,2555,18432-A,Jose Maria Aguilar,Atilio Supparo,,,,,,,,,,,
Ignacio Corsini,Ignacio Corsini y sus Guitarras,1925,Macho y Hembra,,Tango,Ignacio Corsini,Odeón,Acoustic,2765,18434-A,Antonio Scatasso,Alberto Juan Ballesteros Medina,,,,,,,,,,,
Ignacio Corsini,Ignacio Corsini y sus Guitarras,1925,Margueritte,,Shimmy,Ignacio Corsini,Odeón,Acoustic,3186,18445-A,Marini-Domingo Caffaro,,,,,,,,,,,,
Ignacio Corsini,Ignacio Corsini y sus Guitarras,1925,Marinero,,Tango,Ignacio Corsini,Odeón,Acoustic,2827,18435-A,Antonio Scatasso,Francisco Ruiz Paris,,,,,,,,,,,
Ignacio Corsini,Ignacio Corsini y sus Guitarras,1925,Medias de Seda,,Tango,Ignacio Corsini,Odeón,Acoustic,2914,18439-A,Jose Bohr,Juan Andres Caruso,,,,,,,,,,,
Ignacio Corsini,Ignacio Corsini y sus Guitarras,1925,Mi Caballo Bayo,,Cifra,Ignacio Corsini,Odeón,Acoustic,3498,18446-A,Carlos Gardel-Jose Razzano-Francisco Brancatti,,,,,,,,,,,,
Ignacio Corsini,Ignacio Corsini y sus Guitarras,1925,Mi Caballo Bayo,,Cifra,Ignacio Corsini,Odeón,Acoustic,3498-1,18446-A,Carlos Gardel-Jose Razzano-Francisco Brancatti,,,,,,,,,,,,
Ignacio Corsini,Ignacio Corsini y sus Guitarras,1925,Mi Caballo Bayo,,Canción,Ignacio Corsini,Odeón,Acoustic,3187,Inedita,"Carlos Gardel, José Razzano, Francisco Brancatti",,,,,,,,,,,,
Ignacio Corsini,Ignacio Corsini y sus Guitarras,1925,Mi Lucero,,Tango,Ignacio Corsini,Odeón,Acoustic,3082,18446-B,Carrera-Carrera,,,,,,,,,,,,
Ignacio Corsini,Ignacio Corsini y sus Guitarras,1925,Mi Perdón,,Tango,Ignacio Corsini,Odeón,Acoustic,2542,18437-B,Luis Nicolas Visca,Carlos Pesce,,,,,,,,,,,
Ignacio Corsini,Ignacio Corsini y sus Guitarras,1925,Muchacho,,Tango,Ignacio Corsini,Odeón,Acoustic,3282,18450-A,Edgardo Felipe Valerio Donato,Celedonio Esteban Flores,,,,,,,,,,,
Ignacio Corsini,Ignacio Corsini y sus Guitarras,1925,"Oiga, Amigo",,Tango,Ignacio Corsini,Odeón,Acoustic,3056,18445-B,Alfredo y Julio Placido Navarrine,Alfredo Navarrine,,,,,,,,,,,
Ignacio Corsini,Ignacio Corsini y sus Guitarras,1925,Ojazos Color de Mar,,Zamba,Ignacio Corsini,Odeón,Acoustic,2547,18429-B,Angelica C. Meana,,,,,,,,,,,,
Ignacio Corsini,Ignacio Corsini y sus Guitarras,1925,Pelossi,,Tango,Ignacio Corsini,Odeón,Acoustic,2966,18441-B,Jose Domingo Pecora,Juan Carlos Barthe,,,,,,,,,,,
Ignacio Corsini,Ignacio Corsini y sus Guitarras,1925,Pillerías,,Tonada,Ignacio Corsini,Odeón,Acoustic,3415,18452-A,Carlos Vicente Geroni Flores,Benjamin Tagle Lara,,,,,,,,,,,
Ignacio Corsini,Ignacio Corsini y sus Guitarras,1925,Puras Plumas,,Tango,Ignacio Corsini,Odeón,Acoustic,2967,18441-A,Edgardo Felipe Valerio Donato,Victor Soliño,,,,,,,,,,,
Ignacio Corsini,Ignacio Corsini y sus Guitarras,1925,Quejas,,Estilo,Ignacio Corsini,Odeón,Acoustic,2766-1,18449-B,Jose Maria Aguilar,Salvador Gustavo Riese,,,,,,,,,,,
Ignacio Corsini,Ignacio Corsini y sus Guitarras,1925,Resignación,,Tango,Ignacio Corsini,Odeón,Acoustic,2763,18434-B,Fidel del Negro,Alfredo Navarrine,,,,,,,,,,,
Ignacio Corsini,Ignacio Corsini y sus Guitarras,1925,Sarita,,Tango,Ignacio Corsini,Odeón,Acoustic,2826,18437-A,Juan Miguel Velich,,,,,,,,,,,,
Ignacio Corsini,Ignacio Corsini y sus Guitarras,1925,Se Baila en la Ranchería,,Gato,Ignacio Corsini,Odeón,Acoustic,3055-1,18443-A,Carlos Vicente Geroni Flores,Benjamin Tagle Lara,,,,,,,,,,,
Ignacio Corsini,Ignacio Corsini y sus Guitarras,1925,Señor!,,Tango,Ignacio Corsini,Odeón,Acoustic,3575,18456-B,Enrique Maciel,Francisco Brancatti,,,,,,,,,,,
Ignacio Corsini,Ignacio Corsini y sus Guitarras,1925,Sombra Doliente,,Vals,Ignacio Corsini,Odeón,Acoustic,3403,18454-B,Carlos Vicente Geroni Flores,Francisco Ruiz Paris,,,,,,,,,,,
Ignacio Corsini,Ignacio Corsini y sus Guitarras,1925,Sonrisas,,Tango,Ignacio Corsini,Odeón,Acoustic,2550,18431-B,Hermes Romulo Peressini,R. Perez,,,,,,,,,,,
Ignacio Corsini,Ignacio Corsini y sus Guitarras,1925,Trago Amargo,,Tango,Ignacio Corsini,Odeón,Acoustic,2829,18436-B,Rafael Iriarte,Julio Placido Navarrine,,,,,,,,,,,
Ignacio Corsini,Ignacio Corsini y sus Guitarras,1925,Trenzas Negras,,Tango,Ignacio Corsini,Odeón,Acoustic,2698,18442-A,Jose Maria Aguilar,,,,,,,,,,,,
Ignacio Corsini,Ignacio Corsini y sus Guitarras,1925,Tu Boca,,Zamba,Ignacio Corsini,Odeón,Acoustic,3405-1,18458-B,Jose Sassone-Juan Miguel Velich-Francisco Brancatti,,,,,,,,,,,,
Ignacio Corsini,Ignacio Corsini y sus Guitarras,1925,Un Despojo,,Tango,Ignacio Corsini,Odeón,Acoustic,3280,18455-A,Jose Domingo Pecora,Victor Soliño,,,,,,,,,,,
Ignacio Corsini,Ignacio Corsini y sus Guitarras,1925,Virgencita del Talar (con Toda el Alma),Virgencita del Talar,Tango,Ignacio Corsini,Odeón,Acoustic,2549-1,18433-A,Juan Andres Farini,Alberto Vaccarezza,,,,,,,,,,,
Ignacio Corsini,Ignacio Corsini y sus Guitarras,1926,A la Luz del Candil,,Tango,Ignacio Corsini,Odeón,78rpm,4210-1,18470-B,Carlos Vicente Geroni Flores,Julio Placido Navarrine,,,,,,,,,,,
Ignacio Corsini,Ignacio Corsini y sus Guitarras,1926,A la Luz del Candil,,Tango,Ignacio Corsini,Odeón,78rpm,4210,18470-B,Carlos Vicente Geroni Flores,Julio Placido Navarrine,,,,,,,,,,,
Ignacio Corsini,Ignacio Corsini y sus Guitarras,1926,A Su Memoria,,Vals,Ignacio Corsini,Odeón,78rpm,4380-1,18474-B,Antonio Sureda,Homero Manzi,,,,,,,,,,,
Ignacio Corsini,Ignacio Corsini y sus Guitarras,1926,Acordes,,Tango,Ignacio Corsini,Odeón,78rpm,3826,18465-A,Carlos Vicente Geroni Flores,Benjamin Tagle Lara,,,,,,,,,,,
Ignacio Corsini,Ignacio Corsini y sus Guitarras,1926,Adorable Noviecita,,Tango,Ignacio Corsini,Odeón,78rpm,3854,18461-B,Luis Bernstein,Jose Pedro de Grandis,,,,,,,,,,,
Ignacio Corsini,Ignacio Corsini y sus Guitarras,1926,Adoración,,Tango,Ignacio Corsini,Odeón,78rpm,3823,18462-B,Maria Isolina Godard,Juan Andres Caruso,,,,,,,,,,,
Ignacio Corsini,Ignacio Corsini y sus Guitarras,1926,Anochecer,,Tango,Ignacio Corsini,Odeón,78rpm,3665,18462-A,Maria Isolina Godard,Juan Andres Caruso,,,,,,,,,,,
Ignacio Corsini,Ignacio Corsini y sus Guitarras,1926,Caminito de la Sierra,,Canción,Ignacio Corsini,Odeón,78rpm,4375,18474-A,J. L. Porto-Eduardo Braña-Vettori,,,,,,,,,,,,
Ignacio Corsini,Ignacio Corsini y sus Guitarras,1926,Clavelito Rojo,,Tango,Ignacio Corsini,Odeón,78rpm,4579,18478-A,Manuel Joves-Varsi,Varci,,,,,,,,,,,
Ignacio Corsini,Ignacio Corsini y sus Guitarras,1926,Clavelito Rojo,,Tango,Ignacio Corsini,Odeón (Brasil),78rpm,4579,18471-A,Manuel Joves,Varci,,,,,,,,,,,
Ignacio Corsini,Ignacio Corsini y sus Guitarras,1926,Comandante Franco,,Tango,Ignacio Corsini,Odeón,78rpm,3652-1,18459-A,Francisco Canaro,Pedro Numa Cordoba,,,,,,,,,,,
Ignacio Corsini,Ignacio Corsini y sus Guitarras,1926,Consuelo,,Tango,Ignacio Corsini,Odeón,78rpm,4102,18466-B,Antonio Scatasso,Manuel Romero,,,,,,,,,,,
Ignacio Corsini,Ignacio Corsini y sus Guitarras,1926,Cuando,,Chacayalera,Ignacio Corsini,Odeón,78rpm,4452,18478-B,Benjamin Tagle Lara,,,,,,,,,,,,
Ignacio Corsini,Ignacio Corsini y sus Guitarras,1926,Cuando,,Chacayalera,Ignacio Corsini,Odeón (Brasil),78rpm,4251,18471-B,,,,,,,,,,,,,
Ignacio Corsini,Ignacio Corsini y sus Guitarras,1926,Derrotado,,Tango,Ignacio Corsini,Odeón,78rpm,4057,18469-A,Carlos Vicente Geroni Flores,Angel Felix Danesi,,,,,,,,,,,
Ignacio Corsini,Ignacio Corsini y sus Guitarras,1926,El Barrio Está Triste,,Tango,Ignacio Corsini,Odeón,78rpm,4443,18479-B,Enrique Maciel,Enrique Domingo Cadicamo,,,,,,,,,,,
Ignacio Corsini,Ignacio Corsini y sus Guitarras,1926,El Ciruja,,Tango,Ignacio Corsini,Odeón,78rpm,4453-1,18476-A,Ernesto Natividad de la Cruz,Francisco Alfredo Marino,,,,,,,,,,,
Ignacio Corsini,Ignacio Corsini y sus Guitarras,1926,El Poncho del Olvido,,Tango,Ignacio Corsini,Odeón,78rpm,4212-1,18470-A,Adolfo Rafael Aviles,Enrique Pedro Maroni,,,,,,,,,,,
Ignacio Corsini,Ignacio Corsini y sus Guitarras,1926,El Tabernero,,Tango,Ignacio Corsini,Odeón,78rpm,4379-1,18479-A,Fausto Frontera-Raul Costa Olivieri-Miguel Cafre,,,,,,,,,,,,
Ignacio Corsini,Ignacio Corsini y sus Guitarras,1926,En la Vieja Pulpería,,Tango,Ignacio Corsini,Odeón,78rpm,4055,18468-B,Enrique Maciel,Francisco Brancatti,,,,,,,,,,,
Ignacio Corsini,Ignacio Corsini y sus Guitarras,1926,Horas de Angustia,,Tango,Ignacio Corsini,Odeón,78rpm,4450,18475-B,Alberto Juan Gandolfo,Manuel Romero,,,,,,,,,,,
Ignacio Corsini,Ignacio Corsini y sus Guitarras,1926,Juancito de la Ribera,,Tango,Ignacio Corsini,Odeón,78rpm,3824,18463-A,Antonio Scatasso,Alberto Vaccarezza,,,,,,,,,,,
Ignacio Corsini,Ignacio Corsini y sus Guitarras,1926,Justicia Criolla,,Tango,Ignacio Corsini,Odeón,78rpm,4026,18464-A,Rafael Iriarte,Francisco Brancatti,,,,,,,,,,,
Ignacio Corsini,Ignacio Corsini y sus Guitarras,1926,La Casita Blanca,,Vals,Ignacio Corsini,Odeón,78rpm,4213,18472-B,Jose Rial,,,,,,,,,,,,
Ignacio Corsini,Ignacio Corsini y sus Guitarras,1926,La Casita Blanca,,Vals,Ignacio Corsini,Odeón (Brasil),78rpm,4213,18465-B,José Rial,,,,,,,,,,,,
Ignacio Corsini,Ignacio Corsini y sus Guitarras,1926,La Engrupida,,Tango,Ignacio Corsini,Odeón,78rpm,3825,18463-B,Antonio Scatasso,Alfredo Faustino Roldan,,,,,,,,,,,
Ignacio Corsini,Ignacio Corsini y sus Guitarras,1926,La He Visto con Otro,,Tango,Ignacio Corsini,Odeón,78rpm,3855-1,18461-A,Antonio Scatasso,Pascual Contursi,,,,,,,,,,,
Ignacio Corsini,Ignacio Corsini y sus Guitarras,1926,La Querencia,,Tonada,Ignacio Corsini,Odeón,78rpm,4054,18468-A,Santiago H. Rocca,,,,,,,,,,,,
Ignacio Corsini,Ignacio Corsini y sus Guitarras,1926,La Querencia,,Tango,Ignacio Corsini,Odeón,78rpm,4444-1,18475-A,Antonio Scatasso,Enrique Pedro Maroni,,,,,,,,,,,
Ignacio Corsini,Ignacio Corsini y sus Guitarras,1926,Lamento Criollo,,Tango,Ignacio Corsini,Odeón,78rpm,3934,18465-B,Rafael Rossi,Eugenio Cardenas,,,,,,,,,,,
Ignacio Corsini,Ignacio Corsini y sus Guitarras,1926,Lamento Criollo,,Tango,Ignacio Corsini,Odeón (Brasil),78rpm,3934,18465-A,Rafaél Rossi,,,,,,,,,,,,
Ignacio Corsini,Ignacio Corsini y sus Guitarras,1926,Las Trenzas de Mi China,,Estilo,Ignacio Corsini,Odeón,78rpm,4056,18467-B,Quiroga-Santiago H. Rocca,,,,,,,,,,,,
Ignacio Corsini,Ignacio Corsini y sus Guitarras,1926,Los He Vichao,,Cifra,Ignacio Corsini,Odeón,78rpm,4214,18471-B,Ambrosio Rio,,,,,,,,,,,,
Ignacio Corsini,Ignacio Corsini y sus Guitarras,1926,Los Ojos de la Grela,,Tango,Ignacio Corsini,Odeón,78rpm,4580,18480-A,Antonio Scatasso,Ambrosio Rio,,,,,,,,,,,
Ignacio Corsini,Ignacio Corsini y sus Guitarras,1926,Mamita Se Fue,,Tango,Ignacio Corsini,Odeón,78rpm,4378,18473-B,Antonio Scatasso-Jorge Curi-Alvarado,,,,,,,,,,,,
Ignacio Corsini,Ignacio Corsini y sus Guitarras,1926,María,,Vals,Ignacio Corsini,Odeón,78rpm,4440,18477-A,Juan de Dios Filiberto,Juan Miguel Velich,,,,,,,,,,,
Ignacio Corsini,Ignacio Corsini y sus Guitarras,1926,Mi Suegra No Me Quiere,,Gato,Ignacio Corsini,Odeón,78rpm,4209,18476-B,Rene Ruiz,Alberto Hilarion Acuña,,,,,,,,,,,
Ignacio Corsini,Ignacio Corsini y sus Guitarras,1926,Nadie la Conocio,,Tango,Ignacio Corsini,Odeón,78rpm,4058,18480-B,R. F. Cerebello,Luis Roldan,,,,,,,,,,,
Ignacio Corsini,Ignacio Corsini y sus Guitarras,1926,París,,Tango,Ignacio Corsini,Odeón,78rpm,3664,18459-B,Francisco Canaro,Juan Andres Caruso,,,,,,,,,,,
Ignacio Corsini,Ignacio Corsini y sus Guitarras,1926,Por Qué No Me Besas?,,Vals,Ignacio Corsini,Odeón,78rpm,4027-1,18464-B,Francisco Caso,Homero Manzi,,,,,,,,,,,
Ignacio Corsini,Ignacio Corsini y sus Guitarras,1926,Pum...garibaldi!,,Shimmy,Ignacio Corsini,Odeón,78rpm,3651,18460-A,Lia Acuña de Andreoni-Juan Miguel Velich-Francisco Brancatti,,,,,,,,,,,,
Ignacio Corsini,Ignacio Corsini y sus Guitarras,1926,Ranchito Mio,,Tango,Ignacio Corsini,Odeón,78rpm,4451,18478-B,Ernesto Natividad de la Cruz-Boullon,,,,,,,,,,,,
Ignacio Corsini,Ignacio Corsini y sus Guitarras,1926,Relicario Criollo,,Tango,Ignacio Corsini,Odeón,78rpm,4104,18471-A,Rafael Eulogio Tuegols,Alfredo Navarrine,,,,,,,,,,,
Ignacio Corsini,Ignacio Corsini y sus Guitarras,1926,Rencor,,Vals,Ignacio Corsini,Odeón,78rpm,3666,18460-B,J. H. Porto-Eduardo Braña-Alfredo Seghini,,,,,,,,,,,,
Ignacio Corsini,Ignacio Corsini y sus Guitarras,1926,Siempre Amigos,,Tango,Ignacio Corsini,Odeón,78rpm,3827,18469-B,Carlos Vicente Geroni Flores,Benjamin Tagle Lara,,,,,,,,,,,
Ignacio Corsini,Ignacio Corsini y sus Guitarras,1926,Siga el Corso,,Tango,Ignacio Corsini,Odeón,78rpm,3935,18467-A,Anselmo Alfredo Aieta,Francisco Garcia Jimenez,,,,,,,,,,,
Ignacio Corsini,Ignacio Corsini y sus Guitarras,1926,Traiga Otra Caña,,Tango,Ignacio Corsini,Odeón,78rpm,4103,18466-A,Antonio Scatasso,Arturo Novion,,,,,,,,,,,
Ignacio Corsini,Ignacio Corsini y sus Guitarras,1926,Un Chico Bien,,Tango,Ignacio Corsini,Odeón,78rpm,4211,18472-A,Juan Maglio,Enrique Dizeo,,,,,,,,,,,
Ignacio Corsini,Ignacio Corsini y sus Guitarras,1926,Violetita,,Tango,Ignacio Corsini,Odeón,78rpm,4448,18477-B,Hermes Romulo Peressini,Francisco Ruiz Paris,,,,,,,,,,,
Ignacio Corsini,Ignacio Corsini y sus Guitarras,1926-07-30,Pobre Corazón Mío,,Tango,Ignacio Corsini,Odeón,78rpm,4377,18473-A,Antonio Scatasso,Pascual Contursi,,,,,,,,,,,
Ignacio Corsini,Ignacio Corsini y sus Guitarras,1926-11-13,"No Te Engañes, Corazon",,Tango,Ignacio Corsini,Odeón,78rpm,21 e,18482-A,Rodolfo Anibal Sciammarella,Jose Maria Caffaro Rossi,,,,,,,,,,,
Ignacio Corsini,Ignacio Corsini y sus Guitarras,1926-11-13,Padre,,Tango,Ignacio Corsini,Odeón,78rpm,23 e,18481-A,Anibal de Iturriaga,Acho Manzi,,,,,,,,,,,
Ignacio Corsini,Ignacio Corsini y sus Guitarras,1926-11-13,Si la Ven por Estos Pagos,,Tango,Ignacio Corsini,Odeón,78rpm,22 e,18481-B,Rafael Rossi,Eugenio Cardenas,,,,,,,,,,,
Ignacio Corsini,Ignacio Corsini y sus Guitarras,1926-12-01,En la Cortada,,Tango,Ignacio Corsini,Odeón,78rpm,104 e,18484-B,Alberto Pugliese,Jorge Curi,,,,,,,,,,,
Ignacio Corsini,Ignacio Corsini y sus Guitarras,1926-12-01,Presumida,,Tango,Ignacio Corsini,Odeón,78rpm,103 e,18482-B,Elio Rietti,Julio Cesar Alberto Sanders,,,,,,,,,,,
Ignacio Corsini,Ignacio Corsini y sus Guitarras,1926-12-01,Que Pare el Baile!,,Tango,Ignacio Corsini,Odeón,78rpm,105 e,18483-A,Enrique Maciel,Enrique Domingo Cadicamo,,,,,,,,,,,
Ignacio Corsini,Ignacio Corsini y sus Guitarras,1926-12-01,Que Pare el Baile,,Tango,Ignacio Corsini,Odeón,78rpm,105-1,Inedita,Enrique Maciel,Enrique Cadícamo,,,,,,,,,,,
Ignacio Corsini,Ignacio Corsini y sus Guitarras,1926-12-01,Te Has Ido,,Tango,Ignacio Corsini,Odeón,78rpm,102,Inedita,Raúl Joaquín de los Hoyos,Luis Bayon Herrera,,,,,,,,,,,
Ignacio Corsini,Ignacio Corsini y sus Guitarras,1926-12-02,Andrajos,,Tango,Ignacio Corsini,Odeón,78rpm,113,Inedita,Enrique Santos Discépolo,Alberto Laureano Martínez,,,,,,,,,,,
Ignacio Corsini,Ignacio Corsini y sus Guitarras,1926-12-02,"Eche Mas Caña, Patron",,Tango,Ignacio Corsini,Odeón,78rpm,112 e,18485-A,Juan Rodriguez,Restituto F. Torres,,,,,,,,,,,
Ignacio Corsini,Ignacio Corsini y sus Guitarras,1926-12-02,Las Madreselvas,,Zamba,Ignacio Corsini,Odeón,78rpm,110 e,18484-A,Jose Maria Aguilar,,,,,,,,,,,,
Ignacio Corsini,Ignacio Corsini y sus Guitarras,1926-12-02,Picaflor,,Tango,Ignacio Corsini,Odeón,78rpm,111 e,18483-B,Enrique Maciel,Enrique Domingo Cadicamo,,,,,,,,,,,
Ignacio Corsini,Ignacio Corsini y sus Guitarras,1927-01-04,La Vida Es Así,,Tango,Ignacio Corsini,Odeón,78rpm,288 e,18486-A,Rodolfo Anibal Sciammarella,,,,,,,,,,,,
Ignacio Corsini,Ignacio Corsini y sus Guitarras,1927-01-04,Mono,,Tango,Ignacio Corsini,Odeón,78rpm,291,Inedita,,,,,,,,,,,,,
Ignacio Corsini,Ignacio Corsini y sus Guitarras,1927-01-04,Otro Trago,,Tango,Ignacio Corsini,Odeón,78rpm,287-1,Inedita,,,,,,,,,,,,,
Ignacio Corsini,Ignacio Corsini y sus Guitarras,1927-01-31,Otro Trago,,Tango,Ignacio Corsini,Odeón,78rpm,287-2e,18486-B,Rafael Iriarte,Enrique Domingo Cadicamo,,,,,,,,,,,
Ignacio Corsini,Ignacio Corsini y sus Guitarras,1927-01-31,Ríase...,,Tango,Ignacio Corsini,Odeón,78rpm,289-1e,18487-A,Carlos Vicente Geroni Flores,Francisco Brancatti,,,,,,,,,,,
Ignacio Corsini,Ignacio Corsini y sus Guitarras,1927-01-31,Toda Mía,,Tango,Ignacio Corsini,Odeón,78rpm,290-1e,18485-B,Edgardo Felipe Valerio Donato,Carlos Alvarez Pinto,,,,,,,,,,,
Ignacio Corsini,Ignacio Corsini y sus Guitarras,1927-02-21,Así Es el Mundo,,Tango,Ignacio Corsini,Odeón,78rpm,362-1e,18487-B,Mario Carmelo Canaro,Juan Andres Caruso,,,,,,,,,,,
Ignacio Corsini,Ignacio Corsini y sus Guitarras,1927-02-21,Hojarasca,,Tango,Ignacio Corsini,Odeón,78rpm,361-1e,18492-A,Rosendo Pesoa,Enrique Domingo Cadicamo,,,,,,,,,,,
Ignacio Corsini,Ignacio Corsini y sus Guitarras,1927-02-21,Pasaron los Abriles,,Tango,Ignacio Corsini,Odeón,78rpm,409 e,18491-A,Rafael Eulogio Tuegols,Armando Jose Maria Tagini,,,,,,,,,,,
Ignacio Corsini,Ignacio Corsini y sus Guitarras,1927-02-21,Que Mala Fuiste,,Tango,Ignacio Corsini,Odeón,78rpm,407 e,18490-A,Fernando Jose Juan Montoni,,,,,,,,,,,,
Ignacio Corsini,Ignacio Corsini y sus Guitarras,1927-02-21,Traición Gaucha,,Tango,Ignacio Corsini,Odeón,78rpm,408,Inedita,,,,,,,,,,,,,
Ignacio Corsini,Ignacio Corsini y sus Guitarras,1927-02-21,Triste Pasado,,Vals,Ignacio Corsini,Odeón,78rpm,410 e,18490-B,Roque Biafore,Jose Pedro de Grandis,,,,,,,,,,,
Ignacio Corsini,Ignacio Corsini y sus Guitarras,1927-02-22,Amadeo,,Tango,Ignacio Corsini,Odeón,78rpm,416 e,18489-A,Ernesto Natividad de la Cruz-Vilanova-Hostench,,,,,,,,,,,,
Ignacio Corsini,Ignacio Corsini y sus Guitarras,1927-02-22,La Espera,,Estilo,Ignacio Corsini,Odeón,78rpm,418 e,18492-B,Jose Maria Aguilar,,,,,,,,,,,,
Ignacio Corsini,Ignacio Corsini y sus Guitarras,1927-02-22,Mi Viejo Rancho,,Milonga,Ignacio Corsini,Odeón,78rpm,417,Inedita,,,,,,,,,,,,,
Ignacio Corsini,Ignacio Corsini y sus Guitarras,1927-02-22,¡Qué Compadre!,,Tango,Ignacio Corsini,Odeón,78rpm,413 e,18488-B,Jose Maria Ruffet,,,,,,,,,,,,
Ignacio Corsini,Ignacio Corsini y sus Guitarras,1927-02-22,Rezongos,,Tango,Ignacio Corsini,Odeón,78rpm,414 e,18488-A,Jose Maria Rizzuti,Eduardo Calvo,,,,,,,,,,,
Ignacio Corsini,Ignacio Corsini y sus Guitarras,1927-02-22,Triste Visión,,Tango,Ignacio Corsini,Odeón,78rpm,415 e,18491-B,Carlos Vicente Geroni Flores,Francisco Brancatti,,,,,,,,,,,
Ignacio Corsini,Ignacio Corsini y sus Guitarras,1927-02-26,El Batidor,,Tango,Ignacio Corsini,Odeón,78rpm,448-1e,18489-B,Ernesto Natividad de la Cruz,Francisco Alfredo Marino,,,,,,,,,,,
Ignacio Corsini,Ignacio Corsini y sus Guitarras,1927-02-26,El Ciruja,,Tango,Ignacio Corsini,Odeón,78rpm,449 e,18476-A,Ernesto Natividad de la Cruz,Francisco Alfredo Marino,,,,,,,,,,,
Ignacio Corsini,Ignacio Corsini y sus Guitarras,1927-05-14,Anoche a las Dos,,Tango,Ignacio Corsini,Odeón,78rpm,757 e,18494-B,Raul de los Hoyos,Roberto Lino Cayol,,,,,,,,,,,
Ignacio Corsini,Ignacio Corsini y sus Guitarras,1927-05-14,Gabino!,,Tango,Ignacio Corsini,Odeón,78rpm,759 e,18493-A,Antonio de Bassi,Manuel Romero,,,,,,,,,,,
Ignacio Corsini,Ignacio Corsini y sus Guitarras,1927-05-14,Gurrumina,,Tango,Ignacio Corsini,Odeón,78rpm,758 e,18493-B,Juan Polito,Enrique Dizeo,,,,,,,,,,,
Ignacio Corsini,Ignacio Corsini y sus Guitarras,1927-05-14,Ladrillo,,Tango,Ignacio Corsini,Odeón,78rpm,760 e,18494-A,Juan de Dios Filiberto,Juan Andres Caruso,,,,,,,,,,,
Ignacio Corsini,Ignacio Corsini y sus Guitarras,1927-06-07,Hopa Hopa Hopa,,Triste,Ignacio Corsini,Odeón,78rpm,872-1,Inedita,Roberto Fugazot,José Alonso Y Trelles,,,,,,,,,,,
Ignacio Corsini,Ignacio Corsini y sus Guitarras,1927-06-07,Las Madreselvas,,Zamba,Ignacio Corsini,Odeón,78rpm,871 e,18498-A,Jose Maria Aguilar,,,,,,,,,,,,
Ignacio Corsini,Ignacio Corsini y sus Guitarras,1927-06-07,"No Te Engañes, Corazon",,Tango,Ignacio Corsini,Odeón,78rpm,870 e,18482-A,Rodolfo Anibal Sciammarella,Jose Maria Caffaro Rossi,,,,,,,,,,,
Ignacio Corsini,Ignacio Corsini y sus Guitarras,1927-06-08,Amurado,,Tango,Ignacio Corsini,Odeón,78rpm,881 e,18495-A,Pedro Mario Maffia-Pedro Laurenz-Jose Pedro de Grandis,,,,,,,,,,,,
Ignacio Corsini,Ignacio Corsini y sus Guitarras,1927-06-08,Gauchito Lindo,,Tango,Ignacio Corsini,Odeón,78rpm,880 e,18495-B,Enrique Maciel,Francisco Brancatti,,,,,,,,,,,
Ignacio Corsini,Ignacio Corsini y sus Guitarras,1927-06-15,Caminito,,Tango,Ignacio Corsini,Odeón,78rpm,927 e,18496-B,Juan de Dios Filiberto,Gabino Coria Peñaloza,,,,,,,,,,,
Ignacio Corsini,Ignacio Corsini y sus Guitarras,1927-06-15,Muchachita Buena (el Perdon),Muchachita Buena,Tango,Ignacio Corsini,Odeón,78rpm,928 e,18496-A,Rafael Iriarte-Maruja Pacheco Huergo-Juan Faustino Sarcione,Juan Faustino Sarcione,,,,,,,,,,,
Ignacio Corsini,Ignacio Corsini y sus Guitarras,1927-07-06,A la Luz del Candil,,Tango,Ignacio Corsini,Odeón,78rpm,992 e,18470-B,Carlos Vicente Geroni Flores,Julio Placido Navarrine,,,,,,,,,,,
Ignacio Corsini,Ignacio Corsini y sus Guitarras,1927-07-06,Se Cortó la Redoblona,,Tango,Ignacio Corsini,Odeón,78rpm,991 e,18497-B,Antonio Scatasso,Alfredo Faustino Roldan,,,,,,,,,,,
Ignacio Corsini,Ignacio Corsini y sus Guitarras,1927-07-06,Ventanita de Arrabal,,Tango,Ignacio Corsini,Odeón,78rpm,990 e,18497-A,Antonio Scatasso,Pascual Contursi,,,,,,,,,,,
Ignacio Corsini,Ignacio Corsini y sus Guitarras,1927-07-07,"Hopa, Hopa, Hopa",,Triste,Ignacio Corsini,Odeón,78rpm,872-2e,18498-B,Roberto Fugazot,Jose Alonso y Trelles,,,,,,,,,,,
Ignacio Corsini,Ignacio Corsini y sus Guitarras,1927-07-08,El Poncho del Olvido,,Tango,Ignacio Corsini,Odeón,78rpm,999 e,18470-A,Adolfo Rafael Aviles,Enrique Pedro Maroni,,,,,,,,,,,
Ignacio Corsini,Ignacio Corsini y sus Guitarras,1927-07-08,Noche Callada,,Tango,Ignacio Corsini,Odeón,78rpm,1000-1e,18499-A,Julio de Caro,Eduardo Ricardo Beccar,,,,,,,,,,,
Ignacio Corsini,Ignacio Corsini y sus Guitarras,1927-07-25,Entre Sombras,,Tango,Ignacio Corsini,Odeón,78rpm,1078 e,18511-A,Adolfo Rafael Aviles,Enrique Pedro Maroni,,,,,,,,,,,
Ignacio Corsini,Ignacio Corsini y sus Guitarras,1927-07-25,Sueños,,Vals,Ignacio Corsini,Odeón,78rpm,1077 e,18499-B,Cristino Tapia,Eugenio Cárdenas,,,,,,,,,,,
Ignacio Corsini,Ignacio Corsini y sus Guitarras,1927-07-27,Fruto Bendito,,Tango,Ignacio Corsini,Odeón,78rpm,1087 e,18511-B,Adolfo Rafael Aviles,Enrique Pedro Maroni,,,,,,,,,,,
Ignacio Corsini,Ignacio Corsini y sus Guitarras,1927-07-27,Gaucho Sol,,Estilo,Ignacio Corsini,Odeón,78rpm,1086 e,18514-B,Santiago H. Rocca,Atilio Supparo,,,,,,,,,,,
Ignacio Corsini,Ignacio Corsini y sus Guitarras,1927-07-27,Sueño Gaucho,,Estilo,Ignacio Corsini,Odeón,78rpm,1088 e,18515-B,Ambrosio Rio,,,,,,,,,,,,
Ignacio Corsini,Ignacio Corsini y sus Guitarras,1927-07-30,El Pericon de Martin Fierro,,Pericón,Ignacio Corsini,Odeón,78rpm,1115 e,18513-A,Antonio de Bassi-Anibal Canavesi-Jose Gonzalez Castillo,,,,,,,,,,,,
Ignacio Corsini,Ignacio Corsini y sus Guitarras,1927-07-30,En la Vieja Pulpería,,Tango,Ignacio Corsini,Odeón,78rpm,1113 e,18512-A,Enrique Maciel,Francisco Brancatti,,,,,,,,,,,
Ignacio Corsini,Ignacio Corsini y sus Guitarras,1927-07-30,La Querencia,,Tonada,Ignacio Corsini,Odeón,78rpm,1114 e,18512-B,Santiago H. Rocca,,,,,,,,,,,,
Ignacio Corsini,Ignacio Corsini y sus Guitarras,1927-07-30,Mis Harapos,,Canción,Ignacio Corsini,Odeón,78rpm,1116 e,18514-A,Marino Garcia,Alberto Ghiraldo,,,,,,,,,,,
Ignacio Corsini,Ignacio Corsini y sus Guitarras,1927-08-10,Calle Corrientes,,Tango,Ignacio Corsini,Odeón,78rpm,1169 e,18510-A,Enrique Pedro Delfino,Alberto Vaccarezza,,,,,,,,,,,
Ignacio Corsini,Ignacio Corsini y sus Guitarras,1927-08-10,Como Lloran los Zorzales,,Canción,Ignacio Corsini,Odeón,78rpm,1172 e,18513-B,Carlos Vicente Geroni Flores,Benjamin Tagle Lara,,,,,,,,,,,
Ignacio Corsini,Ignacio Corsini y sus Guitarras,1927-08-10,De Mi Tierra,,Zamba,Ignacio Corsini,Odeón,78rpm,1089-1e,18517-B,Pedro Vettori,Eduardo Braña,,,,,,,,,,,
Ignacio Corsini,Ignacio Corsini y sus Guitarras,1927-08-10,Siga el Tango,,Tango,Ignacio Corsini,Odeón,78rpm,1171 e,18515-A,Edgardo Donato-Carlos A. Warren-Francisco Bastardi,,,,,,,,,,,,
Ignacio Corsini,Ignacio Corsini y sus Guitarras,1927-08-10,Volvé a Casa,,Tango,Ignacio Corsini,Odeón,78rpm,1170 e,18510-B,Edgardo Felipe Valerio Donato,Francisco Antonio Bastardi,,,,,,,,,,,
Ignacio Corsini,Ignacio Corsini y sus Guitarras,1927-08-24,El Pericon de Martin Fierro,,Pericón,Ignacio Corsini,Odeón,78rpm,1115-1e,18513-A,Antonio de Bassi-Anibal Canavesi-Jose Gonzalez Castillo,,,,,,,,,,,,
Ignacio Corsini,Ignacio Corsini y sus Guitarras,1927-08-24,Japonesita,,Shimmy,Ignacio Corsini,Odeón,78rpm,1234 e,18517-A,Antonio Bonavena,Ramon Montes,,,,,,,,,,,
Ignacio Corsini,Ignacio Corsini y sus Guitarras,1927-08-24,Los Burros,,Tango,Ignacio Corsini,Odeón,78rpm,1235 e,18516-A,Enrique Pedro Delfino,Jose Eneas Riu,,,,,,,,,,,
Ignacio Corsini,Ignacio Corsini y sus Guitarras,1927-08-24,Martín Fierro,,Pericón,Ignacio Corsini,Odeón,78rpm,1115-1,18513-A,Canavesi; José Gonzalez Castillo,José Gonzalez Castillo,,,,,,,,,,,
Ignacio Corsini,Ignacio Corsini y sus Guitarras,1927-08-24,Mis Harapos,,Canción,Ignacio Corsini,Odeón,78rpm,1116-1,Inedita,Marino García,Alberto Ghiraldo,,,,,,,,,,,
Ignacio Corsini,Ignacio Corsini y sus Guitarras,1927-08-24,No Salgas de Tu Barrio!,,Tango,Ignacio Corsini,Odeón,78rpm,1240 e,18519-A,Enrique Pedro Delfino,Arturo Jose Rodriguez Bustamante,,,,,,,,,,,
Ignacio Corsini,Ignacio Corsini y sus Guitarras,1927-08-24,Por Qué Iorais?,,Canción,Ignacio Corsini,Odeón,78rpm,1241 e,18516-B,Enrique Pedro Delfino-Lopez,Lopez,,,,,,,,,,,
Ignacio Corsini,Ignacio Corsini y sus Guitarras,1927-08-24,Siempre Tuyo,,Vals,Ignacio Corsini,Odeón,78rpm,1242 e,18519-B,Enrique Maciel,Enrique Dizeo,,,,,,,,,,,
Ignacio Corsini,Ignacio Corsini y sus Guitarras,1927-10-01,Bartolito,,Tango,Ignacio Corsini,Odeón,78rpm,1434 e,18520-B,Eduardo Braña,Ernesto Saavedra,,,,,,,,,,,
Ignacio Corsini,Ignacio Corsini y sus Guitarras,1927-10-01,Clavelito,,Tango,Ignacio Corsini,Odeón,78rpm,1436 e,18518-B,Juan Canaro,Juan Andres Caruso,,,,,,,,,,,
Ignacio Corsini,Ignacio Corsini y sus Guitarras,1927-10-01,Te Has Ido,,Tango,Ignacio Corsini,Odeón,78rpm,1435 e,18522-B,Rodolfo Sastre-Taylor,Luis Bayon Herrera,,,,,,,,,,,
Ignacio Corsini,Ignacio Corsini y sus Guitarras,1927-10-04,Alma de Bohemio,,Tango,Ignacio Corsini,Odeón,78rpm,1438 e,18520-A,Roberto Firpo,Juan Andres Caruso,,,,,,,,,,,
Ignacio Corsini,Ignacio Corsini y sus Guitarras,1927-10-04,"Lagrimeando, Lagrimeando",,Tango,Ignacio Corsini,Odeón,78rpm,1437-1e,18518-A,Antonio Scatasso,Alberto Aureliano Novion,,,,,,,,,,,
Ignacio Corsini,Ignacio Corsini y sus Guitarras,1927-10-15,Bendita Seas!,,Tango,Ignacio Corsini,Odeón,78rpm,1517 e,18521-B,Arturo Vicente de Bassi,Juan Andres Bruno,,,,,,,,,,,
Ignacio Corsini,Ignacio Corsini y sus Guitarras,1927-10-15,Julián Navarro,,Tango,Ignacio Corsini,Odeón,78rpm,1518 e,18521-A,Francisco Canaro,Alberto Vaccarezza,,,,,,,,,,,
Ignacio Corsini,Ignacio Corsini y sus Guitarras,1927-11-14,Cuando Llora la Milonga,,Tango,Ignacio Corsini,Odeón,78rpm,1746 e,18522-A,Juan de Dios Filiberto,Luis Mario,,,,,,,,,,,
Ignacio Corsini,Ignacio Corsini y sus Guitarras,1927-11-14,Patio Olvidado,,Tango,Ignacio Corsini,Odeón,78rpm,1747 e,18525-B,Samuel Castriota,Carlos Ponciano Cabral,,,,,,,,,,,
Ignacio Corsini,Ignacio Corsini y sus Guitarras,1927-11-14,Pebeta Canyengue,,Tango,Ignacio Corsini,Odeón,78rpm,1745 e,18523-B,Victor Pedro Donato,Jose Eneas Riu,,,,,,,,,,,
Ignacio Corsini,Ignacio Corsini y sus Guitarras,1927-11-14,Perdonala Corazón,,Tango,Ignacio Corsini,Odeón,78rpm,1748 e,18525-A,Julian Altamira,E. Peralta,,,,,,,,,,,
Ignacio Corsini,Ignacio Corsini y sus Guitarras,1927-11-17,Fumando Espero,,Tango,Ignacio Corsini,Odeón,78rpm,1775 e,18523-A,Juan Viladomat,Felix Garzo,,,,,,,,,,,
Ignacio Corsini,Ignacio Corsini y sus Guitarras,1927-11-17,Fumando Espero,,Tango,Ignacio Corsini,Odeón,78rpm,1775-1e,18523-A,Juan Viladomat,Felix Garzo,,,,,,,,,,,
Ignacio Corsini,Ignacio Corsini y sus Guitarras,1927-11-18,Yo También Era Dichoso,,Tango,Ignacio Corsini,Odeón,78rpm,1780 e,18527-A,Anibal de Iturriaga,Eustaquio Laurenz,,,,,,,,,,,
Ignacio Corsini,Ignacio Corsini y sus Guitarras,1927-11-21,Alma de Mujer,,Vals,Ignacio Corsini,Odeón,78rpm,1786 e,18531-A,Virgilio Ramon Carmona,Eugenio Cardenas,,,,,,,,,,,
Ignacio Corsini,Ignacio Corsini y sus Guitarras,1927-11-21,Altar Criollo,,Vals,Ignacio Corsini,Odeón,78rpm,1782 e,18528-B,Alfredo Eusebio Gobbi,,,,,,,,,,,,
Ignacio Corsini,Ignacio Corsini y sus Guitarras,1927-11-21,Anochecer,,Estilo,Ignacio Corsini,Odeón,78rpm,1789 e,18534-A,Ignacio Corsini,Jose Maria Aguilar,,,,,,,,,,,
Ignacio Corsini,Ignacio Corsini y sus Guitarras,1927-11-21,La Carreta,,Tango,Ignacio Corsini,Odeón,78rpm,1787-1e,18542-A,Jose y Luis Servidio,Francisco Garcia Jimenez,,,,,,,,,,,
Ignacio Corsini,Ignacio Corsini y sus Guitarras,1927-11-21,La Quema,,Tango,Ignacio Corsini,Odeón,78rpm,1784-1e,18524-A,Mario Rao,Lorenzo Facio Santillan,,,,,,,,,,,
Ignacio Corsini,Ignacio Corsini y sus Guitarras,1927-11-21,La Quema,,Tango,Ignacio Corsini,Odeón,78rpm,1784 e,18524-A,Mario Rao,Lorenzo Facio Santillan,,,,,,,,,,,
Ignacio Corsini,Ignacio Corsini y sus Guitarras,1927-11-21,Redoblona,,Tango,Ignacio Corsini,Odeón,78rpm,1783 e,18529-A,Hermes Romulo Peressini,Emilio Fresedo,,,,,,,,,,,
Ignacio Corsini,Ignacio Corsini y sus Guitarras,1927-11-21,Trigueñita,,Zamba,Ignacio Corsini,Odeón,78rpm,1785 e,18527-B,Hermes Romulo Peressini,C. S. Mariño,,,,,,,,,,,
Ignacio Corsini,Ignacio Corsini y sus Guitarras,1927-11-21,Un Triste Despertar,,Triste,Ignacio Corsini,Odeón,78rpm,1788,Inedita,,,,,,,,,,,,,
Ignacio Corsini,Ignacio Corsini y sus Guitarras,1927-11-21,Vidalita,,Tango,Ignacio Corsini,Odeón,78rpm,1781 e,18528-A,Juan Bautista Deambroggio,Alfredo Navarrine,,,,,,,,,,,
Ignacio Corsini,Ignacio Corsini y sus Guitarras,1927-11-29,Ansias Sublimes,,Vals,Ignacio Corsini,Odeón,78rpm,1863 e,18530-B,Enrique Maciel,Eugenio Cardenas,,,,,,,,,,,
Ignacio Corsini,Ignacio Corsini y sus Guitarras,1927-11-29,Cuando Volverás,,Tango,Ignacio Corsini,Odeón,78rpm,1862 e,18529-B,Pedro Mario Maffia,Jose Horacio Staffolani,,,,,,,,,,,
Ignacio Corsini,Ignacio Corsini y sus Guitarras,1927-11-29,Esmeralda,,Tango,Ignacio Corsini,Odeón,78rpm,1859 e,18531-B,Alfredo Navarrine,Nicolas Marchese,,,,,,,,,,,
Ignacio Corsini,Ignacio Corsini y sus Guitarras,1927-11-29,Hipolito Irigoyen,,Tango,Ignacio Corsini,Odeón,78rpm,1869-1e,18526-A,Enrique Pedro Maroni,,,,,,,,,,,,
Ignacio Corsini,Ignacio Corsini y sus Guitarras,1927-11-29,La Chiflada,,Tango,Ignacio Corsini,Odeón,78rpm,1860 e,18524-B,Anselmo Alfredo Aieta,Francisco Garcia Jimenez,,,,,,,,,,,
Ignacio Corsini,Ignacio Corsini y sus Guitarras,1927-11-29,Lauros y Glorias,,Vals,Ignacio Corsini,Odeón,78rpm,1861 e,18530-A,Alfredo Eusebio Gobbi,,,,,,,,,,,,
Ignacio Corsini,Ignacio Corsini y sus Guitarras,1927-11-29,Padre,,Tango,Ignacio Corsini,Odeón,78rpm,1864 e,18481-A,Anibal de Iturriaga,Acho Manzi,,,,,,,,,,,
Ignacio Corsini,Ignacio Corsini y sus Guitarras,1927-11-30,Tradición Gaucha,,Estilo,Ignacio Corsini,Odeón,78rpm,1870 e,18526-B / 18649-B,Ignacio Corsini,Enrique Pedro Maroni,,,,,,,,,,,
Ignacio Corsini,Ignacio Corsini y sus Guitarras,1928-02-07,Adiós Muchachos,,Tango,Ignacio Corsini,Odeón,78rpm,2005 e,18536-A,Julio Cesar Alberto Sanders,Cesar Felipe Vedani,,,,,,,,,,,
Ignacio Corsini,Ignacio Corsini y sus Guitarras,1928-02-07,El Puñal Toledano,,Pasodoble,Ignacio Corsini,Odeón,78rpm,2004 e,18532-B,Carlos V Geroni Flores,Alfredo y Julio Placido Navarrine,,,,,,,,,,,
Ignacio Corsini,Ignacio Corsini y sus Guitarras,1928-02-07,El Taita Ladrón,,Tango,Ignacio Corsini,Odeón,78rpm,2007 e,18533-A,Francisco Canaro,Juan Andres Caruso,,,,,,,,,,,
Ignacio Corsini,Ignacio Corsini y sus Guitarras,1928-02-07,Lechuza,,Tango,Ignacio Corsini,Odeón,78rpm,2006 e,18532-A,Julio Placido Navarrine,Alfredo Navarrine,,,,,,,,,,,
Ignacio Corsini,Ignacio Corsini y sus Guitarras,1928-02-10,Bandoneón,,Tango,Ignacio Corsini,Odeón,78rpm,2030 e,18534-A,Pedro Mario Maffia-Sebastian Piana-Jose Gonzalez Castillo,,,,,,,,,,,,
Ignacio Corsini,Ignacio Corsini y sus Guitarras,1928-02-10,"Huella, Huella",,Canción,"Ignacio Corsini, Ignacio Corsini (h)",Odeón,78rpm,2029 e,18534-B / 18671-A,Carlos Vicente Geroni Flores,Benjamin Tagle Lara,,,,,,,,,,,
Ignacio Corsini,Ignacio Corsini y sus Guitarras,1928-02-10,No Me Escribas,,Tango,Ignacio Corsini,Odeón,78rpm,2031 e,18533-B,Agustin Bardi,Juan Andres Caruso,,,,,,,,,,,
Ignacio Corsini,Ignacio Corsini y sus Guitarras,1928-02-17,Madrecita,,Vals,Ignacio Corsini,Odeón,78rpm,2053 e,18537-B,Anselmo Alfredo Aieta,Luis Rubistein,,,,,,,,,,,
Ignacio Corsini,Ignacio Corsini y sus Guitarras,1928-02-24,Huella...huella,,Canción,Ignacio Corsini,Odeón (Brasil),78rpm,2029-2,1355-A,Benjamín Tagle Lara,Carlos Vicente Geroni Flores,,,,,,,,,,,
Ignacio Corsini,Ignacio Corsini y sus Guitarras,1928-02-24,Tradición,,Tango,Ignacio Corsini,Odeón,78rpm,2075 e,18537-A,Fausto Frontera,Enrique Domingo Cadicamo,,,,,,,,,,,
Ignacio Corsini,Ignacio Corsini y sus Guitarras,1928-02-29,Andate con la Otra,,Tango,Ignacio Corsini,Odeón,78rpm,2096 e,18535-B,Carlos Vicente Geroni Flores,Enrique Dizeo,,,,,,,,,,,
Ignacio Corsini,Ignacio Corsini y sus Guitarras,1928-02-29,Milonguero Viejo,,Tango,Ignacio Corsini,Odeón,78rpm,2097 e,18536-B,Carlos Di Sarli,Enrique Carrera Sotelo,,,,,,,,,,,
Ignacio Corsini,Ignacio Corsini y sus Guitarras,1928-02-29,Señor Comisario,,Tango,Ignacio Corsini,Odeón,78rpm,2095 e,18535-A,Francisco Canaro,Juan Andres Caruso,,,,,,,,,,,
Ignacio Corsini,Ignacio Corsini y sus Guitarras,1928-03-08,Atardecer Pampeano,,Tango,Ignacio Corsini,Odeón,78rpm,2172 e,18543-B,Maria Isolina Godard,Francisco Garcia Jimenez,,,,,,,,,,,
Ignacio Corsini,Ignacio Corsini y sus Guitarras,1928-03-08,Se Baila en la Ranchería,,Ranchera,Ignacio Corsini,Odeón,78rpm,2170,Inedita,,,,,,,,,,,,,
Ignacio Corsini,Ignacio Corsini y sus Guitarras,1928-03-23,Chingolito,,Tango,Ignacio Corsini,Odeón,78rpm,2241-1e,18539-A,Luis Scatasso,Edmundo Bianchi,,,,,,,,,,,
Ignacio Corsini,Ignacio Corsini y sus Guitarras,1928-03-23,Dejá que la Gente Diga,,Tango,Ignacio Corsini,Odeón,78rpm,2244 e,18540-A,Raul de los Hoyos,Luis Bayon Herrera,,,,,,,,,,,
Ignacio Corsini,Ignacio Corsini y sus Guitarras,1928-03-23,Dónde Estás Corazón?,,Tango,Ignacio Corsini,Odeón,78rpm,2243-1e,18543-A,Maria Isolina Godard,Francisco Garcia Jimenez,,,,,,,,,,,
Ignacio Corsini,Ignacio Corsini y sus Guitarras,1928-03-23,Pobre Gringo,,Tango,Ignacio Corsini,Odeón,78rpm,2242 e,18539-B,Antonio Scatasso-Juan Andres Caruso-Alberto Vaccarezza,,,,,,,,,,,,
Ignacio Corsini,Ignacio Corsini y sus Guitarras,1928-04-03,Artículo de Lujo,,Tango,Ignacio Corsini,Odeón,78rpm,2330 e,18538-A,Raul Courau,Victor Soliño,,,,,,,,,,,
Ignacio Corsini,Ignacio Corsini y sus Guitarras,1928-04-03,Artículo de Lujo,,Tango,Ignacio Corsini,Odeón,78rpm,2330-1e,18538-A,Raul Courau,Victor Soliño,,,,,,,,,,,
Ignacio Corsini,Ignacio Corsini y sus Guitarras,1928-04-03,Canción de Cuna,,Tango,Ignacio Corsini,Odeón,78rpm,2329 e,18540-B,Jose Maria Rizzuti,Jose Antonio Diez Gomez,,,,,,,,,,,
Ignacio Corsini,Ignacio Corsini y sus Guitarras,1928-04-03,Canción de Cuna,,Tango,Ignacio Corsini,Odeón,78rpm,2329-1e,18540-B,Jose Maria Rizzuti,Jose Antonio Diez Gomez,,,,,,,,,,,
Ignacio Corsini,Ignacio Corsini y sus Guitarras,1928-04-03,Cansancio,,Tango,Ignacio Corsini,Odeón,78rpm,2052-1e,18542-B,Agustin Irusta-Roberto Fugazot-Alberto Puertolas,,,,,,,,,,,,
Ignacio Corsini,Ignacio Corsini y sus Guitarras,1928-04-03,Malandrín,,Tango,Ignacio Corsini,Odeón,78rpm,2171-1e,18545-A,Francisco Canaro-Luis Riccardi-Juan Andres Caruso,,,,,,,,,,,,
Ignacio Corsini,Ignacio Corsini y sus Guitarras,1928-04-04,Era de Ley,,Tango,Ignacio Corsini,Odeón,78rpm,2354 e,18549-A,Virgilio Ramon Carmona,Emilio Luis Ramon Falero,,,,,,,,,,,
Ignacio Corsini,Ignacio Corsini y sus Guitarras,1928-04-04,Madre Mía,,Tango,Ignacio Corsini,Odeón,78rpm,2357 e,18538-B,Osvaldo Nicolas Fresedo,Emilio Fresedo,,,,,,,,,,,
Ignacio Corsini,Ignacio Corsini y sus Guitarras,1928-04-04,Noche Callada,,Tango,Ignacio Corsini,Odeón,78rpm,2355,18499-A,"Julio De Caro, Eduardo Beccar, Cristino Tapia",,,,,,,,,,,,
Ignacio Corsini,Ignacio Corsini y sus Guitarras,1928-04-10,Che Papusa Oí,,Tango,Ignacio Corsini,Odeón,78rpm,2392 e,18541-A,Gerardo Hernan Matos Rodriguez,Enrique Domingo Cadicamo,,,,,,,,,,,
Ignacio Corsini,Ignacio Corsini y sus Guitarras,1928-04-10,Dejá que la Gente Diga,,Tango,Ignacio Corsini,Odeón,78rpm,2244-1e,18540-A,Raul de los Hoyos,Luis Bayon Herrera,,,,,,,,,,,
Ignacio Corsini,Ignacio Corsini y sus Guitarras,1928-04-10,Quemá Esas Cartas,,Tango,Ignacio Corsini,Odeón,78rpm,2393 e,18549-B,Raul de los Hoyos,Manuel Romero,,,,,,,,,,,
Ignacio Corsini,Ignacio Corsini y sus Guitarras,1928-04-11,Chanta Cuatro,,Tango,Ignacio Corsini,Odeón,78rpm,2405 e,18541-B,Enrique Domingo Cadicamo,,,,,,,,,,,,
Ignacio Corsini,Ignacio Corsini y sus Guitarras,1928-04-11,Organito,,Tango,Ignacio Corsini,Odeón,78rpm,2406 e,18553-A,Juan Carlos Graviz,,,,,,,,,,,,
Ignacio Corsini,Ignacio Corsini y sus Guitarras,1928-04-16,El Mal que Me Hiciste,,Tango,Ignacio Corsini,Odeón,78rpm,2472 e,18544-A,Antonio Bertona,Luis de Biase,,,,,,,,,,,
Ignacio Corsini,Ignacio Corsini y sus Guitarras,1928-04-16,Invocación al Tango,,Tango,Ignacio Corsini,Odeón,78rpm,2473 e,18544-B,Catulo Castillo,Jose Gonzalez Castillo,,,,,,,,,,,
Ignacio Corsini,Ignacio Corsini y sus Guitarras,1928-04-19,"Hopa, Hopa, Hopa",,Canción,Ignacio Corsini,Odeón,78rpm,2496 e,18498-B / 18678-A,Roberto Fugazot,Jose Alonso y Trelles,,,,,,,,,,,
Ignacio Corsini,Ignacio Corsini y sus Guitarras,1928-04-19,Insomnio,,Canción,Ignacio Corsini,Odeón,78rpm,2495,Inedita,Americo Chiriff,José Alonso Y Trelles,,,,,,,,,,,
Ignacio Corsini,Ignacio Corsini y sus Guitarras,1928-04-19,Martín Fierro,,Pericón,"Ignacio Corsini, Ignacio Corsini (h)",Odeón,78rpm,2497 e,18513-A / 18641-B,Antonio de Bassi-Anibal Canavesi-Jose Gonzalez Castillo,,,,,,,,,,,,
Ignacio Corsini,Ignacio Corsini y sus Guitarras,1928-04-19,Por una Mujer,,Vals,Ignacio Corsini,Odeón,78rpm,2494 e,18547-A,Enrique Maciel,Enrique Pedro Maroni,,,,,,,,,,,
Ignacio Corsini,Ignacio Corsini y sus Guitarras,1928-04-19,Provinciano,,Tango,Ignacio Corsini,Odeón,78rpm,2493 e,18546-B,Eduardo Braña,Jose Felipe Perez Roselli,,,,,,,,,,,
Ignacio Corsini,Ignacio Corsini y sus Guitarras,1928-05-03,El Ciego,,Tango,Ignacio Corsini,Odeón,78rpm,2584 e,18556-B,Anibal de Iturriaga,,,,,,,,,,,,
Ignacio Corsini,Ignacio Corsini y sus Guitarras,1928-05-09,Cuando Lloran los Zorzales,,Tonada,Ignacio Corsini,Odeón,78rpm,2356-1e,18513-B,Carlos Vicente Geroni Flores,Benjamin Tagle Lara,,,,,,,,,,,
Ignacio Corsini,Ignacio Corsini y sus Guitarras,1928-05-10,A Mi Bandera,,Estilo,Ignacio Corsini,Odeón,78rpm,2604 e,18547-B,S. Galan Deheza,,,,,,,,,,,,
Ignacio Corsini,Ignacio Corsini y sus Guitarras,1928-05-10,Lo Han Visto con Otra,,Tango,Ignacio Corsini,Odeón,78rpm,2603 e,18546-A,Horacio Gemignani Pettorossi,,,,,,,,,,,,
Ignacio Corsini,Ignacio Corsini y sus Guitarras,1928-05-28,A Contramano,,Tango,Ignacio Corsini,Odeón,78rpm,2688 e,18545-B,Luis Teisseire,Juan Andres Caruso,,,,,,,,,,,
Ignacio Corsini,Ignacio Corsini y sus Guitarras,1928-05-28,A Contramano,,Tango,Ignacio Corsini,Odeón,78rpm,2688-1,Inedita,Luis Teisseire,Juan Andrés Caruso,,,,,,,,,,,
Ignacio Corsini,Ignacio Corsini y sus Guitarras,1928-05-28,Chorra !,,Tango,Ignacio Corsini,Odeón,78rpm,2687 e,18548-B,Enrique Santos Discepolo,,,,,,,,,,,,
Ignacio Corsini,Ignacio Corsini y sus Guitarras,1928-05-28,Esta Noche Me Emborracho,,Tango,Ignacio Corsini,Odeón,78rpm,2585-1e,18548-A,Enrique Santos Discepolo,,,,,,,,,,,,
Ignacio Corsini,Ignacio Corsini y sus Guitarras,1928-06-13,El Carrerito,,Tango,Ignacio Corsini,Odeón,78rpm,2759,Inedita,Raúl Joaquín de los Hoyos,Alberto Vacarezza,,,,,,,,,,,
Ignacio Corsini,Ignacio Corsini y sus Guitarras,1928-06-13,Hijos de Nadie,,Tango,Ignacio Corsini,Odeón,78rpm,2758 e,18550-A,Juan Maglio,Jose Fernandez Perrusini,,,,,,,,,,,
Ignacio Corsini,Ignacio Corsini y sus Guitarras,1928-06-14,Destellos,,Tango,Ignacio Corsini,Odeón,78rpm,2762 e,18555-B,Francisco Canaro,Juan Andres Caruso,,,,,,,,,,,
Ignacio Corsini,Ignacio Corsini y sus Guitarras,1928-06-14,Mustafá,,Tango,Ignacio Corsini,Odeón,78rpm,2761 e,18553-B,Jose Rebolini,,,,,,,,,,,,
Ignacio Corsini,Ignacio Corsini y sus Guitarras,1928-06-14,Viva la Patria!,,Tango,Ignacio Corsini,Odeón,78rpm,2760 e,18550-B,Antonio Scatasso,Alberto Vaccarezza,,,,,,,,,,,
Ignacio Corsini,Ignacio Corsini y sus Guitarras,1928-06-25,Caído del Cielo,,Tango,Ignacio Corsini,Odeón,78rpm,2823 e,18551-A,Antonio y Pedro Polito,Pedro Polito,,,,,,,,,,,
Ignacio Corsini,Ignacio Corsini y sus Guitarras,1928-06-25,Canta Claro,,Tango,Ignacio Corsini,Odeón,78rpm,2821 e,18551-B,Elena A. Osilich,Mario Mendez,,,,,,,,,,,
Ignacio Corsini,Ignacio Corsini y sus Guitarras,1928-06-25,Corralera,,Milonga,Ignacio Corsini,Odeón,78rpm,2822 e,18552-B,Enrique Maciel,Manuel Regueira,,,,,,,,,,,
Ignacio Corsini,Ignacio Corsini y sus Guitarras,1928-06-25,Espejito,,Tango,Ignacio Corsini,Odeón,78rpm,2820 e,18556-A,Antonio Scatasso,Jesus Fernandez Blanco,,,,,,,,,,,
Ignacio Corsini,Ignacio Corsini y sus Guitarras,1928-06-25,Mi Caballo Bayo,,Canción,Ignacio Corsini,Odeón,78rpm,2824 e,18557-A,Carlos Gardel-Jose Razzano-Francisco Brancatti,,,,,,,,,,,,
Ignacio Corsini,Ignacio Corsini y sus Guitarras,1928-07-13,Chiqué,,Tango,Ignacio Corsini,Odeón,78rpm,2757-1e,18554-A,Ricardo Luis Brignolo,,,,,,,,,,,,
Ignacio Corsini,Ignacio Corsini y sus Guitarras,1928-07-13,Han de Llorar Tus Ojos la Pena Mía,,Zamba,Ignacio Corsini,Odeón,78rpm,2889 e,18558-B,Graciano de Leone,Claudio Martinez Payva,,,,,,,,,,,
Ignacio Corsini,Ignacio Corsini y sus Guitarras,1928-07-13,La Tropilla,,Canción,Ignacio Corsini,Odeón,78rpm,2893 e,18560-B / 18672-B,Carlos Vicente Geroni Flores,Benjamin Tagle Lara,,,,,,,,,,,
Ignacio Corsini,Ignacio Corsini y sus Guitarras,1928-07-13,Los Carreteros,,Canción,Ignacio Corsini,Odeón,78rpm,2892-1e,18557-B / 18642-B,Martin Castro,Miguel Cafre,,,,,,,,,,,
Ignacio Corsini,Ignacio Corsini y sus Guitarras,1928-07-13,Mi Cuchillo de Plata,,Estilo,Ignacio Corsini,Odeón,78rpm,2890 e,18554-B,Miguel Correa,Ambrosio Rio,,,,,,,,,,,
Ignacio Corsini,Ignacio Corsini y sus Guitarras,1928-07-13,Pillería,,Tonada,Ignacio Corsini,Odeón,78rpm,2891 e,18560-A / 18672-A,Carlos Vicente Geroni Flores,Benjamin Tagle Lara,,,,,,,,,,,
Ignacio Corsini,Ignacio Corsini y sus Guitarras,1928-08-09,Hijos de Nadie,,Tango,Ignacio Corsini,Odeón,78rpm,2758-1e,18550-A,Juan Maglio,Jose Fernandez Perrusini,,,,,,,,,,,
Ignacio Corsini,Ignacio Corsini y sus Guitarras,1928-08-16,En un Pueblito de España,,Vals,Ignacio Corsini,Odeón,78rpm,3038 e,18558-A,Mabel Wayne,Rogelio Ferreyra,,,,,,,,,,,
Ignacio Corsini,Ignacio Corsini y sus Guitarras,1928-08-27,Abuelita,,Tango,Ignacio Corsini,Odeón,78rpm,3067 e,18559-B,Santiago Paris,Gabriel Sigal,,,,,,,,,,,
Ignacio Corsini,Ignacio Corsini y sus Guitarras,1928-08-27,Chingolito,,Tango,Ignacio Corsini,Odeón,78rpm,2241-2e,18539-A,Luis Scatasso,Edmundo Bianchi,,,,,,,,,,,
Ignacio Corsini,Ignacio Corsini y sus Guitarras,1928-08-27,El Cisne,,Vals,Ignacio Corsini,Odeón,78rpm,3069-1e,18571-B,Antonio Anselmi,,,,,,,,,,,,
Ignacio Corsini,Ignacio Corsini y sus Guitarras,1928-08-27,Primera Ilusión,,Vals,Ignacio Corsini,Odeón,78rpm,3070-1e,18565-A,Luis Mottolese,Victor Feliciano Espindola,,,,,,,,,,,
Ignacio Corsini,Ignacio Corsini y sus Guitarras,1928-09-04,Bicho Feo,,Tango,Ignacio Corsini,Odeón,78rpm,3102 e,18555-A,Enrique Maciel,Francisco Brancatti,,,,,,,,,,,
Ignacio Corsini,Ignacio Corsini y sus Guitarras,1928-09-04,Mi Estrella,,Tango,Ignacio Corsini,Odeón,78rpm,3103 e,18566-B,Pedro E. Molteni,,,,,,,,,,,,
Ignacio Corsini,Ignacio Corsini y sus Guitarras,1928-09-04,Ramona,,Vals,Ignacio Corsini,Odeón,78rpm,3101 e,18559-A,Mabel Wayne-N Verona-E Cadicamo-C Sanchez,L. Wolfe Gilbert,,,,,,,,,,,
Ignacio Corsini,Ignacio Corsini y sus Guitarras,1928-09-19,Piedad !,,Tango,Ignacio Corsini,Odeón,78rpm,3198-1,Inedita,Carlos Percuoco,Luis de Biase,,,,,,,,,,,
Ignacio Corsini,Ignacio Corsini y sus Guitarras,1928-09-19,Te Aconsejo que Me Olvides,,Tango,Ignacio Corsini,Odeón,78rpm,3196,Inedita,Pedro Maffia,Jorge Curi,,,,,,,,,,,
Ignacio Corsini,Ignacio Corsini y sus Guitarras,1928-09-24,Cualquier Cosa,,Tango,Ignacio Corsini,Odeón,78rpm,3238 e,18561-B,Herminia Adela y Juan Miguel Velich,Manuel Andres Meaños,,,,,,,,,,,
Ignacio Corsini,Ignacio Corsini y sus Guitarras,1928-09-24,El Manisero,,Tango,Ignacio Corsini,Odeón,78rpm,3240 e,18563-B,Virgilio Ramon Carmona,Emilio Luis Ramon Falero,,,,,,,,,,,
Ignacio Corsini,Ignacio Corsini y sus Guitarras,1928-09-24,Fierro Chifle,,Tango,Ignacio Corsini,Odeón,78rpm,3239-1e,18563-A,Cesar de Pardo,Alfonso Maria Rafael Tagle Lara,,,,,,,,,,,
Ignacio Corsini,Ignacio Corsini y sus Guitarras,1928-09-24,Marioneta (la Pobre Muchacha del Royal),Marioneta,Tango,Ignacio Corsini,Odeón,78rpm,3237-1e,18562-B,Juan Jose Guichandut,Armando Jose Maria Tagini,,,,,,,,,,,
Ignacio Corsini,Ignacio Corsini y sus Guitarras,1928-09-24,Refusilos,,Tango,Ignacio Corsini,Odeón,78rpm,3241 e,18564-B / 18566-A,Rodolfo Sastre,Micaela Sastre,,,,,,,,,,,
Ignacio Corsini,Ignacio Corsini y sus Guitarras,1928-10-02,Alma en Pena,,Tango,Ignacio Corsini,Odeón,78rpm,3197-2e,18562-A,Anselmo Alfredo Aieta,Francisco Garcia Jimenez,,,,,,,,,,,
Ignacio Corsini,Ignacio Corsini y sus Guitarras,1928-10-02,Alma en Pena,,Tango,Ignacio Corsini,Odeón,78rpm,3197-1,Inedita,Anselmo A. Aieta,Francisco García Jiménez,,,,,,,,,,,
Ignacio Corsini,Ignacio Corsini y sus Guitarras,1928-10-02,De Tierra Adentro,,Tango,Ignacio Corsini,Odeón,78rpm,3068-1e,18565-B,Juan Carlos Graviz,,,,,,,,,,,,
Ignacio Corsini,Ignacio Corsini y sus Guitarras,1928-10-02,Piedad!,,Tango,Ignacio Corsini,Odeón,78rpm,3198-2e,18561-A,Carlos Percuoco,Luis de Biase,,,,,,,,,,,
Ignacio Corsini,Ignacio Corsini y sus Guitarras,1928-10-02,Piedad !,,Tango,Ignacio Corsini,Odeón,78rpm,3198-3,Inedita,Carlos Percuoco,Luis de Biase,,,,,,,,,,,
Ignacio Corsini,Ignacio Corsini y sus Guitarras,1928-10-02,Te Aconsejo que Me Olvides,,Tango,Ignacio Corsini,Odeón,78rpm,3196-2,Inedita,Pedro Maffia,Jorge Curi,,,,,,,,,,,
Ignacio Corsini,Ignacio Corsini y sus Guitarras,1928-10-05,Fierro Chifle,,Tango,Ignacio Corsini,Odeón,78rpm,3239-2,Inedita,César De Pardo,Alfonso Tagle Lara,,,,,,,,,,,
Ignacio Corsini,Ignacio Corsini y sus Guitarras,1928-10-05,Marioneta,,Tango,Ignacio Corsini,Odeón,78rpm,3237-1-2,18562-B,Juan José Guichandut,Armando José María Tagini,,,,,,,,,,,
Ignacio Corsini,Ignacio Corsini y sus Guitarras,1928-10-05,Marioneta (la Pobre Muchacha del Royal),Marioneta,Tango,Ignacio Corsini,Odeón,78rpm,3237-2e,18562-B,Juan Jose Guichandut,Armando Jose Maria Tagini,,,,,,,,,,,
Ignacio Corsini,Ignacio Corsini y sus Guitarras,1928-10-24,Fierro Chifle,,Tango,Ignacio Corsini,Odeón,78rpm,3239-3e,18563-A,Cesar de Pardo,Alfonso Maria Rafael Tagle Lara,,,,,,,,,,,
Ignacio Corsini,Ignacio Corsini y sus Guitarras,1928-10-24,Malevaje,,Tango,Ignacio Corsini,Odeón,78rpm,3389 e,18572-A,Juan de Dios Filiberto,Enrique Santos Discepolo,,,,,,,,,,,
Ignacio Corsini,Ignacio Corsini y sus Guitarras,1928-10-24,Nelly,,Vals,Ignacio Corsini,Odeón,78rpm,3388 e,18568-A,Hector Tomas Octavio y Luis Jorge Bates,Luis Bates,,,,,,,,,,,
Ignacio Corsini,Ignacio Corsini y sus Guitarras,1928-10-24,Noviecita Mía,,Tango,Ignacio Corsini,Odeón,78rpm,3391 e,18569-A,Antonio Polito,A. Timarni,,,,,,,,,,,
Ignacio Corsini,Ignacio Corsini y sus Guitarras,1928-11-05,A lo Gaucho,,Tango,Ignacio Corsini,Odeón,78rpm,3447 e,18569-B,Benito Ramon Atella,Horacio de Domenico,,,,,,,,,,,
Ignacio Corsini,Ignacio Corsini y sus Guitarras,1928-11-06,Alma en Pena,,Tango,Ignacio Corsini,Odeón,78rpm,3197-3,Inedita,Anselmo A. Aieta,Francisco García Jiménez,,,,,,,,,,,
Ignacio Corsini,Ignacio Corsini y sus Guitarras,1928-11-06,Haragán,,Tango,Ignacio Corsini,Odeón,78rpm,3448 e,18570-A,Enrique Pedro Delfino,Manuel Romero,,,,,,,,,,,
Ignacio Corsini,Ignacio Corsini y sus Guitarras,1928-11-06,La Muchacha del Circo,,Tango,Ignacio Corsini,Odeón,78rpm,3449 e,18570-B,Gerardo Hernan Matos Rodriguez,Julio Romero,,,,,,,,,,,
Ignacio Corsini,Ignacio Corsini y sus Guitarras,1928-11-06,Llevatelo Todo,,Tango,Ignacio Corsini,Odeón,78rpm,3450 e,18571-A,Rodolfo Anibal Sciammarella,,,,,,,,,,,,
Ignacio Corsini,Ignacio Corsini y sus Guitarras,1928-11-26,Chiquita,,Vals,Ignacio Corsini,Odeón,78rpm,3536 e,18552-A,Mabel Wayne,Enrique Domingo Cadicamo,,,,,,,,,,,
Ignacio Corsini,Ignacio Corsini y sus Guitarras,1928-11-26,Llevatelo Todo,,Tango,Ignacio Corsini,Odeón,78rpm,3450-1e,18571-A,Rodolfo Anibal Sciammarella,,,,,,,,,,,,
Ignacio Corsini,Ignacio Corsini y sus Guitarras,1928-11-26,Nunca,,Tango,Ignacio Corsini,Odeón,78rpm,3537 e,18573-B,Alberto S. Carol,Geronimo Gradito,,,,,,,,,,,
Ignacio Corsini,Ignacio Corsini y sus Guitarras,1928-12-11,A Orillas del Nilo,,Foxtrot,Ignacio Corsini,Odeón,78rpm,3615 e,18574-B,Mauricio Mignot,Armando Jose Maria Tagini,,,,,,,,,,,
Ignacio Corsini,Ignacio Corsini y sus Guitarras,1928-12-11,María,,Vals,Ignacio Corsini,Odeón,78rpm,3614 e,18572-B,Juan de Dios Filiberto,Juan Miguel Velich,,,,,,,,,,,
Ignacio Corsini,Ignacio Corsini y sus Guitarras,1928-12-11,Pata de Palo,,Tango,Ignacio Corsini,Odeón,78rpm,3616 e,18575-B,Benjamin Tagle Lara,,,,,,,,,,,,
Ignacio Corsini,Ignacio Corsini y sus Guitarras,1928-12-11,Vieja Milonga,,Tango,Ignacio Corsini,Odeón,78rpm,3613 e,18573-A,Samuel Castriota,Eugenio Cardenas,,,,,,,,,,,
Ignacio Corsini,Ignacio Corsini y sus Guitarras,1928-12-12,Duelo Criollo,,Tango,Ignacio Corsini,Odeón,78rpm,3390-1e,18568-B,Juan Bautista Domingo Rezzano,Lito Bayardo,,,,,,,,,,,
Ignacio Corsini,Ignacio Corsini y sus Guitarras,1928-12-12,Nelly,,Vals,Ignacio Corsini,Odeón,78rpm,3388-1,Inedita,Héctor Bates,Luis Bates,,,,,,,,,,,
Ignacio Corsini,Ignacio Corsini y sus Guitarras,1928-12-19,Alma de Malevo,,Tango,Ignacio Corsini,Odeón,78rpm,3669 e,18567-B,Ernesto Natividad de la Cruz,Eduardo Ricardo Beccar,,,,,,,,,,,
Ignacio Corsini,Ignacio Corsini y sus Guitarras,1928-12-19,Cachadora,,Tango,Ignacio Corsini,Odeón,78rpm,3670 e,18567-A,Francisco Juan Lomuto,Pancho Laguna,,,,,,,,,,,
Ignacio Corsini,Ignacio Corsini y sus Guitarras,1928-12-19,Por Qué No Me Besas?,,Vals,Ignacio Corsini,Odeón,78rpm,3626-1e,18574-A,Francisco Caso,Homero Manzi,,,,,,,,,,,
Ignacio Corsini,Ignacio Corsini y sus Guitarras,1928-12-19,Venite Conmigo (a Ella),,Tango,Ignacio Corsini,Odeón,78rpm,3671 e,18576-A,Edgardo Felipe Valerio Donato,Celedonio Esteban Flores,,,,,,,,,,,
Ignacio Corsini,Ignacio Corsini y sus Guitarras,1928-12-19,Venite Conmigo (a Ella),,Tango,Ignacio Corsini,Odeón,78rpm,3671-1,Inedita,Edgardo Donato,Celedonio Flores,,,,,,,,,,,
Ignacio Corsini,Ignacio Corsini y sus Guitarras,1929-02-06,Alma Gaucha,,Estilo,Ignacio Corsini,Odeón,78rpm,3721 e,18577-B,Juan Alberto Sarcione,,,,,,,,,,,,
Ignacio Corsini,Ignacio Corsini y sus Guitarras,1929-02-06,Aquel Tapado de Armiño,,Tango,Ignacio Corsini,Odeón,78rpm,3722 e,18576-B,Enrique Pedro Delfino,Manuel Romero,,,,,,,,,,,
Ignacio Corsini,Ignacio Corsini y sus Guitarras,1929-02-06,Besos de Plata,,Vals,Ignacio Corsini,Odeón,78rpm,3625-1e,18578-A,Julio N. Vega,Francisco Brancatti,,,,,,,,,,,
Ignacio Corsini,Ignacio Corsini y sus Guitarras,1929-02-06,"Cantando, Cantando",,Tango,Ignacio Corsini,Odeón,78rpm,3728 e,18575-A,Benjamin Tagle Lara,,,,,,,,,,,,
Ignacio Corsini,Ignacio Corsini y sus Guitarras,1929-02-06,Carro Viejo,,Tango,Ignacio Corsini,Odeón,78rpm,3723 e,18577-A,Fernando Jose Juan Montoni,Maximo Jose Orsi,,,,,,,,,,,
Ignacio Corsini,Ignacio Corsini y sus Guitarras,1929-02-06,Malevaje,,Tango,Ignacio Corsini,Odeón,78rpm,3389-1e,18572-A,Juan de Dios Filiberto,Enrique Santos Discepolo,,,,,,,,,,,
Ignacio Corsini,Ignacio Corsini y sus Guitarras,1929-02-23,Álzame en Tus Brazos,,Tango,Ignacio Corsini,Odeón,78rpm,3748 e,18579-A,Carlos Vicente Geroni Flores,Francisco Garcia Jimenez,,,,,,,,,,,
Ignacio Corsini,Ignacio Corsini y sus Guitarras,1929-02-23,Cantando… Cantando…,,Tango,Ignacio Corsini,Odeón,78rpm,3728-1,Inedita,Benjamín Tagle Lara,,,,,,,,,,,,
Ignacio Corsini,Ignacio Corsini y sus Guitarras,1929-02-23,Haragán,,Tango,Ignacio Corsini,Odeón,78rpm,3448-2e,18570-A,Enrique Pedro Delfino,Manuel Romero,,,,,,,,,,,
Ignacio Corsini,Ignacio Corsini y sus Guitarras,1929-02-23,La Güeya Maldita,La Huella Maldita,Tango,Ignacio Corsini,Odeón,78rpm,3747 e,18578-B,Pascual Clausi,Carlos Pesce,,,,,,,,,,,
Ignacio Corsini,Ignacio Corsini y sus Guitarras,1929-02-23,No Me Abandones,,Vals,Ignacio Corsini,Odeón,78rpm,3746 e,18579-B,Alfredo Eusebio Gobbi,,,,,,,,,,,,
Ignacio Corsini,Ignacio Corsini y sus Guitarras,1929-04-01,Alma Gaucha,,Estilo,Ignacio Corsini,Odeón,78rpm,3721-1e,18577-B,Juan Alberto Sarcione,,,,,,,,,,,,
Ignacio Corsini,Ignacio Corsini y sus Guitarras,1929-04-01,Amigablemente,,Tango,Ignacio Corsini,Odeón,78rpm,3889 e,18581-A,Rafael Iriarte,Juan Carlos Fernandez Diaz,,,,,,,,,,,
Ignacio Corsini,Ignacio Corsini y sus Guitarras,1929-04-01,La Tardecita,,Tango,Ignacio Corsini,Odeón,78rpm,3887-1e,18580-B,Carlos Vicente Geroni Flores,Jose Eneas Riu,,,,,,,,,,,
Ignacio Corsini,Ignacio Corsini y sus Guitarras,1929-04-01,La Traición,,Tango,Ignacio Corsini,Odeón,78rpm,3888 e,18580-A,Carlos Vicente Geroni Flores,Hermido Braga y Juan Villalba,,,,,,,,,,,
Ignacio Corsini,Ignacio Corsini y sus Guitarras,1929-04-01,Norteña,,Zamba,Ignacio Corsini,Odeón,78rpm,3890 e,18581-B,Carlos Vicente Geroni Flores,Jose de Cicco,,,,,,,,,,,
Ignacio Corsini,Ignacio Corsini y sus Guitarras,1929-04-05,Se Casa Rosina,,Tango,Ignacio Corsini,Odeón,78rpm,3912 e,18584-B,Emilio Gonzalez del Talar,Del Talar,,,,,,,,,,,
Ignacio Corsini,Ignacio Corsini y sus Guitarras,1929-04-05,Ufa!,,Tango,Ignacio Corsini,Odeón,78rpm,3913 e,18588-B,Dante A. Linyera,Alberto Enrique Molina,,,,,,,,,,,
Ignacio Corsini,Ignacio Corsini y sus Guitarras,1929-04-22,Carmen,,Vals,Ignacio Corsini,Odeón,78rpm,3996 e,18585-A,Enrique Pedro Delfino,Mario Fernando Rada,,,,,,,,,,,
Ignacio Corsini,Ignacio Corsini y sus Guitarras,1929-04-22,Carmen,,Vals,Ignacio Corsini,Odeón,78rpm,3996-1,Inedita,Enrique Delfino,Mario Rada,,,,,,,,,,,
Ignacio Corsini,Ignacio Corsini y sus Guitarras,1929-04-22,Gomina,,Tango,Ignacio Corsini,Odeón,78rpm,3997 e,18585-B,Enrique Pedro Delfino,Luis Pedro Victor Vicente Roldan,,,,,,,,,,,
Ignacio Corsini,Ignacio Corsini y sus Guitarras,1929-04-22,La Mazorquera de Monserrat,,Tango,Ignacio Corsini,Odeón,78rpm,3998 e,18582-A,Enrique Maciel,Hector Pedro Blomberg,,,,,,,,,,,
Ignacio Corsini,Ignacio Corsini y sus Guitarras,1929-04-22,La Pulpera de Santa Lucía,,Vals,Ignacio Corsini,Odeón,78rpm,3999 e,18582-B,Enrique Maciel,Hector Pedro Blomberg,,,,,,,,,,,
Ignacio Corsini,Ignacio Corsini y sus Guitarras,1929-04-22,No Me Escribas,,Tango,Ignacio Corsini,Odeón,78rpm,2031-3e,18533-B / 18649-A / 18589-A,Agustin Bardi,Juan Andres Caruso,,,,,,,,,,,
Ignacio Corsini,Ignacio Corsini y sus Guitarras,1929-04-22,Por una Mujer,,Vals,Ignacio Corsini,Odeón,78rpm,2494-2e,18547-A / 18586-B,Enrique Maciel,Enrique Pedro Maroni,,,,,,,,,,,
Ignacio Corsini,Ignacio Corsini y sus Guitarras,1929-05-03,Atorrante!,,Tango,Ignacio Corsini,Odeón,78rpm,4052 e,18583-A,Raul de los Hoyos,Alberto Vaccarezza,,,,,,,,,,,
Ignacio Corsini,Ignacio Corsini y sus Guitarras,1929-05-03,Keri (la Nieta de Japonesita),,Foxtrot,Ignacio Corsini,Odeón,78rpm,4053 e,18584-A,Jose Maria Pla-Ramon Montes-Edelmiro Garrido,,,,,,,,,,,,
Ignacio Corsini,Ignacio Corsini y sus Guitarras,1929-05-03,Keri (la Nieta de Japonesita),,Foxtrot,Ignacio Corsini,Odeón,78rpm,4053-1,Inedita,"J. Pla, R. Montes, B. Garrido",,,,,,,,,,,,
Ignacio Corsini,Ignacio Corsini y sus Guitarras,1929-05-03,Madrecita,,Vals,Ignacio Corsini,Odeón,78rpm,4054 e,18589-B,Anselmo Alfredo Aieta,Luis Rubistein,,,,,,,,,,,
Ignacio Corsini,Ignacio Corsini y sus Guitarras,1929-05-03,Zaraza,,Tango,Ignacio Corsini,Odeón,78rpm,4051 e,18583-B,Benjamin Tagle Lara,Alfonso Tagle Lara,,,,,,,,,,,
Ignacio Corsini,Ignacio Corsini y sus Guitarras,1929-05-22,Cuando Llora el Corazón,,Tango,Ignacio Corsini,Odeón,78rpm,4115 e,18588-A,Juan Maglio,Jose Fernandez Perrusini,,,,,,,,,,,
Ignacio Corsini,Ignacio Corsini y sus Guitarras,1929-05-22,Del Pasado,,Tango,Ignacio Corsini,Odeón,78rpm,4116 e,18586-A,Eduardo Braña,Jose Felipe Perez Roselli,,,,,,,,,,,
Ignacio Corsini,Ignacio Corsini y sus Guitarras,1929-05-22,El Poncho Gateao,,Canción,Ignacio Corsini,Odeón,78rpm,4117 e,18587-A,Carlos Vicente Geroni Flores,Salvador Gustavo Riesse,,,,,,,,,,,
Ignacio Corsini,Ignacio Corsini y sus Guitarras,1929-05-22,La Yerra,,Estilo,Ignacio Corsini,Odeón,78rpm,4118 e,18587-B,Jose de Cicco,Juan Faustino Sarcione,,,,,,,,,,,
Ignacio Corsini,Ignacio Corsini y sus Guitarras,1929-06-19,La Pulpera de Santa Lucía,,Vals,Ignacio Corsini,Odeón,78rpm,3999-2e,18582-B,Enrique Maciel,Hector Pedro Blomberg,,,,,,,,,,,
Ignacio Corsini,Ignacio Corsini y sus Guitarras,1929-06-19,La Pulpera de Santa Lucía,,Vals,Ignacio Corsini,Odeón,78rpm,3999-3e,18582-B,Enrique Maciel,Hector Pedro Blomberg,,,,,,,,,,,
Ignacio Corsini,Ignacio Corsini y sus Guitarras,1929-07-03,Guitarra Gaucha,,Tango,Ignacio Corsini,Odeón,78rpm,4307 e,18598-B,Carlos Alberto Sanchez,Alfonso Maria Rafael Tagle Lara,,,,,,,,,,,
Ignacio Corsini,Ignacio Corsini y sus Guitarras,1929-07-03,Mala Racha,,Tango,Ignacio Corsini,Odeón,78rpm,4308 e,18593-B,Juan Bautista Domingo Rezzano,Lito Bayardo,,,,,,,,,,,
Ignacio Corsini,Ignacio Corsini y sus Guitarras,1929-07-17,Primer Auxilio,,Tango,Ignacio Corsini,Odeón,78rpm,4306-1e,18592-B,Luis Teisseire,Juan Andres Caruso,,,,,,,,,,,
Ignacio Corsini,Ignacio Corsini y sus Guitarras,1929-07-18,La Entrerriana,,Zamba,Ignacio Corsini,Odeón,78rpm,4374 e,18590-A,Enrique Pedro Delfino,Alfredo Navarrine,,,,,,,,,,,
Ignacio Corsini,Ignacio Corsini y sus Guitarras,1929-07-18,Rayito de Sol,,Tango,Ignacio Corsini,Odeón,78rpm,4375 e,18590-B,Enrique Pedro Delfino,Manuel Romero,,,,,,,,,,,
Ignacio Corsini,Ignacio Corsini y sus Guitarras,1929-07-30,La Mazorquera de Monserrat,,Tango,Ignacio Corsini,Odeón,78rpm,3998-2e,18582-A,Enrique Maciel,Hector Pedro Blomberg,,,,,,,,,,,
Ignacio Corsini,Ignacio Corsini y sus Guitarras,1929-07-30,Saludo y Se Fué,,Tango,Ignacio Corsini,Odeón,78rpm,4309-2e,18591-B,Jose Ceglie,Atilio Supparo,,,,,,,,,,,
Ignacio Corsini,Ignacio Corsini y sus Guitarras,1929-09-13,Amor que Muere,,Vals,Ignacio Corsini,Odeón,78rpm,4421-1e,18591-A,Juan de Dios Filiberto,Arturo Kolbenheyer,,,,,,,,,,,
Ignacio Corsini,Ignacio Corsini y sus Guitarras,1929-09-13,Soy un Arlequín,,Tango,Ignacio Corsini,Odeón,78rpm,4589 e,18592-A,Enrique Santos Discepolo,,,,,,,,,,,,
Ignacio Corsini,Ignacio Corsini y sus Guitarras,1929-09-13,Soy un Arlequin,,Tango,Ignacio Corsini,Odeón,78rpm,4589-1e,18592-A,Enrique Santos Discepolo,,,,,,,,,,,,
Ignacio Corsini,Ignacio Corsini y sus Guitarras,1929-09-13,Tango Argentino,,Tango,Ignacio Corsini,Odeón,78rpm,4591 e,18593-A,Juan Maglio,Alfredo Bigeschi,,,,,,,,,,,
Ignacio Corsini,Ignacio Corsini y sus Guitarras,1929-09-26,Como Anillo al Dedo,,Ranchera,Ignacio Corsini,Odeón,78rpm,4635 e,18596-B / 18654-B,Adolfo Rafael Aviles,Francisco Brancatti,,,,,,,,,,,
Ignacio Corsini,Ignacio Corsini y sus Guitarras,1929-09-26,Desde que Te Fuiste,,Estilo,Ignacio Corsini,Odeón,78rpm,4636 e,18599-B / 18675-A,Ambrosio Rio,,,,,,,,,,,,
Ignacio Corsini,Ignacio Corsini y sus Guitarras,1929-09-26,Entre Dos Luces,,Zamba,Ignacio Corsini,Odeón,78rpm,4590-1e,18599-A,Adolfo Rafael Aviles,Rafael del Campo,,,,,,,,,,,
Ignacio Corsini,Ignacio Corsini y sus Guitarras,1929-09-26,Hojarasca,,Tango,Ignacio Corsini,Odeón,78rpm,4634 e,18594-B,Rosendo Pesoa,Enrique Domingo Cadicamo,,,,,,,,,,,
Ignacio Corsini,Ignacio Corsini y sus Guitarras,1929-09-26,Melancolica Casita,,Tango,Ignacio Corsini,Odeón,78rpm,4637 e,18601-B,Carlos Vicente Geroni Flores,Enrique Dizeo,,,,,,,,,,,
Ignacio Corsini,Ignacio Corsini y sus Guitarras,1929-10-18,Arco Iris,,Tango,Ignacio Corsini,Odeón,78rpm,4715-1e,18600-B,Pedro Mario Maffia-Sebastian Piana-Juan Bautista Abad Reyes,,,,,,,,,,,,
Ignacio Corsini,Ignacio Corsini y sus Guitarras,1929-10-18,Entre Sueños,,Tango,Ignacio Corsini,Odeón,78rpm,4638-1e,18600-A,Anselmo Alfredo Aieta-Juan Polito-Francisco Garcia Jimenez,,,,,,,,,,,,
Ignacio Corsini,Ignacio Corsini y sus Guitarras,1929-10-18,La Doma,,Estilo,Ignacio Corsini,Odeón,78rpm,4719-1e,18603-B,Jose de Cicco,Ismael Florentino Gomez,,,,,,,,,,,
Ignacio Corsini,Ignacio Corsini y sus Guitarras,1929-10-18,La Virgen del Perdón,,Vals,Ignacio Corsini,Odeón,78rpm,4717 e,18595-B,Carlos V Geroni Flores-Carlos Viale Paz-V Gargaglione Retta,,,,,,,,,,,,
Ignacio Corsini,Ignacio Corsini y sus Guitarras,1929-10-18,Noche de Tormenta,,Vals,Ignacio Corsini,Odeón,78rpm,4716 e,18597-B,Jose de Cicco-Rene Ruiz-Alberto Hilarion Acuña,Alberto Hilarion Acuña,,,,,,,,,,,
Ignacio Corsini,Ignacio Corsini y sus Guitarras,1929-10-18,Por Darte Rienda,,Tango,Ignacio Corsini,Odeón,78rpm,4718 e,18602-B,Luis Moresco,Luis Rubistein,,,,,,,,,,,
Ignacio Corsini,Ignacio Corsini y sus Guitarras,1929-10-24,Manguero,,Tango,Ignacio Corsini,Odeón,78rpm,4758 e,18596-A,Luis Riccardi-Mario Alberto Castellanos-Ray Rada,Ray Rada,,,,,,,,,,,
Ignacio Corsini,Ignacio Corsini y sus Guitarras,1929-10-24,Mucamita,,Tango,Ignacio Corsini,Odeón,78rpm,4757 e,18594-A,Rodolfo Sciammarella,Arturo Jose Rodriguez Bustamante,,,,,,,,,,,
Ignacio Corsini,Ignacio Corsini y sus Guitarras,1929-10-24,No Quiero Verla Mas,,Tango,Ignacio Corsini,Odeón,78rpm,4756 e,18595-A,Luis Teisseire,Juan Andres Caruso,,,,,,,,,,,
Ignacio Corsini,Ignacio Corsini y sus Guitarras,1929-10-30,De Todo Te Olvidas (Cabeza de Novia),,Tango,Ignacio Corsini,Odeón,78rpm,4791 e,18597-A,Salvador Merico,Enrique Domingo Cadicamo,,,,,,,,,,,
Ignacio Corsini,Ignacio Corsini y sus Guitarras,1929-10-30,Pensalo Bien,,Tango,Ignacio Corsini,Odeón,78rpm,4790 e,18598-A,Alberto Calvera,Enrique Lopez,,,,,,,,,,,
Ignacio Corsini,Ignacio Corsini y sus Guitarras,1929-12-19,Alla en el Monte,,Vals,Ignacio Corsini,Odeón,78rpm,5109 e,18601-A,Francisco Canaro,,,,,,,,,,,,
Ignacio Corsini,Ignacio Corsini y sus Guitarras,1929-12-19,Como Aman los Gauchos,,Vals,Ignacio Corsini,Odeón,78rpm,5110-1e,18602-A,Luis Servidio,Eduardo Escaris Mendez,,,,,,,,,,,
Ignacio Corsini,Ignacio Corsini y sus Guitarras,1929-12-19,El Gato Federal,,Tango,Ignacio Corsini,Odeón,78rpm,,Inedita,Carlos Vicente Geroni Flores,Juan Sarcione,,,,,,,,,,,
Ignacio Corsini,Ignacio Corsini y sus Guitarras,1929-12-19,Palomita Blanca,,Vals,Ignacio Corsini,Odeón,78rpm,5111 e,18603-A,Anselmo Alfredo Aieta,Francisco Garcia Jimenez,,,,,,,,,,,
Ignacio Corsini,Ignacio Corsini y sus Guitarras,1930,Abrojos,,Tango,Ignacio Corsini,Odeón,78rpm,6268,52217-A,Alfonso Lacueva,Armando Tagini,,,,,,,,,,,
Ignacio Corsini,Ignacio Corsini y sus Guitarras,1930,Clavel del Aire,,Tango,Ignacio Corsini,Odeón,78rpm,5688,55514-A,Juan de Dios Filiberto,Fernando Silva Valdés,,,,,,,,,,,
Ignacio Corsini,Ignacio Corsini y sus Guitarras,1930,Martirio del Alma,,Tango,Ignacio Corsini,Odeón,78rpm,5556,Inedita,,,,,,,,,,,,,
Ignacio Corsini,Ignacio Corsini y sus Guitarras,1930-03-07,Añorando,,Canción,Ignacio Corsini,Odeón,78rpm,5185 e,18606-A,Julio Guillen Barragan,,,,,,,,,,,,
Ignacio Corsini,Ignacio Corsini y sus Guitarras,1930-03-07,Mi Oracion,,Vals,Ignacio Corsini,Odeón,78rpm,5184 e,18606-B,Jose de Cicco,Alberto Hilarion Acuña,,,,,,,,,,,
Ignacio Corsini,Ignacio Corsini y sus Guitarras,1930-03-11,Que Mala Fuiste,,Tango,Ignacio Corsini,Odeón,78rpm,5214 e,18611-B,Fernando Jose Juan Montoni,,,,,,,,,,,,
Ignacio Corsini,Ignacio Corsini y sus Guitarras,1930-03-26,Cobardía,,Vals,Ignacio Corsini,Odeón,78rpm,5288 e,18611-A / 18675-B,Juan Carlos Ghio,Enrique Pedro Maroni,,,,,,,,,,,
Ignacio Corsini,Ignacio Corsini y sus Guitarras,1930-03-26,No Tengas Miedo,,Tango,Ignacio Corsini,Odeón,78rpm,5213-1e,18605-A,Guillermo Cavazza,Jacinto Font,,,,,,,,,,,
Ignacio Corsini,Ignacio Corsini y sus Guitarras,1930-03-27,Botines Viejos,,Tango,Ignacio Corsini,Odeón,78rpm,,,Juan de Dios Filiberto,Alberto Vacarezza,,,,,,,,,,,
Ignacio Corsini,Ignacio Corsini y sus Guitarras,1930-04-07,A Eso de la Oración,,Estilo,Ignacio Corsini,Odeón,78rpm,5369 e,18607-B,Carlos Vicente Geroni Flores,Carlos Atwell Ocantos,,,,,,,,,,,
Ignacio Corsini,Ignacio Corsini y sus Guitarras,1930-04-07,El Moño de Terciopelo,,Canción,Ignacio Corsini,Odeón,78rpm,5372 e,18607-A,Carlos Vicente Geroni Flores,Carlos Atwell Ocantos,,,,,,,,,,,
Ignacio Corsini,Ignacio Corsini y sus Guitarras,1930-04-07,La Guitarrera de San Nicolás,,Vals,Ignacio Corsini,Odeón,78rpm,5188-1e,18604-A,Enrique Maciel,Hector Pedro Blomberg,,,,,,,,,,,
Ignacio Corsini,Ignacio Corsini y sus Guitarras,1930-04-07,La Viajera Perdida,,Tango,Ignacio Corsini,Odeón,78rpm,5189-2e,18604-B,Enrique Maciel,Hector Pedro Blomberg,,,,,,,,,,,
Ignacio Corsini,Ignacio Corsini y sus Guitarras,1930-04-07,Los Años Pasan,,Tango,Ignacio Corsini,Odeón,78rpm,5371 e,18614-A,Horacio Gemignani Pettorossi,Mario Melfi,,,,,,,,,,,
Ignacio Corsini,Ignacio Corsini y sus Guitarras,1930-04-07,Nube Sombría,,Vals,Ignacio Corsini,Odeón,78rpm,5370 e,18610-B,Rosendo Pesoa,Jose de Cicco,,,,,,,,,,,
Ignacio Corsini,Ignacio Corsini y sus Guitarras,1930-04-07,Remember,,Foxtrot,Ignacio Corsini,Odeón,78rpm,5212-1e,18605-B,Rafael de Caro-Francisco Nicolas Carbonaro-Ernesto Sola,,,,,,,,,,,,
Ignacio Corsini,Ignacio Corsini y sus Guitarras,1930-04-15,La Guitarrera de San Nicolás,,Vals,Ignacio Corsini,Odeón,78rpm,5188-2e,18604-A,Enrique Maciel,Hector Pedro Blomberg,,,,,,,,,,,
Ignacio Corsini,Ignacio Corsini y sus Guitarras,1930-04-25,El Moro de Terciopelo,,Canción,Ignacio Corsini,Odeón,78rpm,,,Carlos Vicente Geroni Flores,C.A. Florio,,,,,,,,,,,
Ignacio Corsini,Ignacio Corsini y sus Guitarras,1930-04-26,Cuando Era Chiquitito...,,Tango,Ignacio Corsini,Odeón,78rpm,5462-1e,18608-A,Enrique Pedro Delfino,Mario Fernando Rada,,,,,,,,,,,
Ignacio Corsini,Ignacio Corsini y sus Guitarras,1930-04-26,Los Óleos,,Gato,Ignacio Corsini,Odeón,78rpm,5287-1e,18612-A,Carlos Vicente Geroni Flores,Jose de Cicco,,,,,,,,,,,
Ignacio Corsini,Ignacio Corsini y sus Guitarras,1930-04-28,No Hables...que Me Estás Secando,,Tango,Ignacio Corsini,Odeón,78rpm,5464 e,18610-A,Luis Teisseire,Juan Andres Caruso,,,,,,,,,,,
Ignacio Corsini,Ignacio Corsini y sus Guitarras,1930-04-28,Padrino Pelao!,,Tango,Ignacio Corsini,Odeón,78rpm,5463-1e,18608-B,Enrique Pedro Delfino,Julio Alberto Cantuarias,,,,,,,,,,,
Ignacio Corsini,Ignacio Corsini y sus Guitarras,1930-04-30,Colineta,,Tango,Ignacio Corsini,Odeón,78rpm,5480 e,18609-B,Oscar Francisco Rossano,Juan Miguel Velich,,,,,,,,,,,
Ignacio Corsini,Ignacio Corsini y sus Guitarras,1930-04-30,Música de Calesita,,Tango,Ignacio Corsini,Odeón,78rpm,5479 e,18618-B,Catulo Castillo,Jose Gonzalez Castillo,,,,,,,,,,,
Ignacio Corsini,Ignacio Corsini y sus Guitarras,1930-04-30,Princesita Azul,,Tango,Ignacio Corsini,Odeón,78rpm,5478 e,18613-A,Eduardo Braña,Fernandez Gonzalez,,,,,,,,,,,
Ignacio Corsini,Ignacio Corsini y sus Guitarras,1930-04-30,Siguiendo las Estrellas,,Zamba,Ignacio Corsini,Odeón,78rpm,5481-1e,18612-B,Carlos Vicente Geroni Flores,Luis Garcia Morel,,,,,,,,,,,
Ignacio Corsini,Ignacio Corsini y sus Guitarras,1930-05-10,Alguna Vez...,,Tango,Ignacio Corsini,Odeón,78rpm,5545 e,18609-A,Enrique Santos Discepolo,Francisco Garcia Jimenez,,,,,,,,,,,
Ignacio Corsini,Ignacio Corsini y sus Guitarras,1930-05-10,Cuento Criollo,,Tango,Ignacio Corsini,Odeón,78rpm,5544,18609-A,Orlando Romanelli,Salvador Granata,,,,,,,,,,,
Ignacio Corsini,Ignacio Corsini y sus Guitarras,1930-05-10,Ella Es Mi Caramelo,,Foxtrot,Ignacio Corsini,Odeón,78rpm,5543 e,18616-B,Pierre Henderson,Jack Yellen,,,,,,,,,,,
Ignacio Corsini,Ignacio Corsini y sus Guitarras,1930-05-10,Martirio del Alma,,Vals,Ignacio Corsini,Odeón,78rpm,5546-1e,18613-B,Antonio Bonavena,A. Legueio,,,,,,,,,,,
Ignacio Corsini,Ignacio Corsini y sus Guitarras,1930-06-07,Clavel del Aire,,Tango,Ignacio Corsini,Odeón,78rpm,5688-2e,18615-A,Juan de Dios Filiberto,Fernan Silva Valdes,,,,,,,,,,,
Ignacio Corsini,Ignacio Corsini y sus Guitarras,1930-06-18,La Guardia Vieja,,Tango,Ignacio Corsini,Odeón,78rpm,5752 e,18615-B,Julio Fava Pollero-Manuel Romero-Angel Negri,,,,,,,,,,,,
Ignacio Corsini,Ignacio Corsini y sus Guitarras,1930-06-18,Lo Han Visto con Otra,,Tango,Ignacio Corsini,Odeón,78rpm,2603-1e,18546-A / 18618-A,Horacio Gemignani Pettorossi,,,,,,,,,,,,
Ignacio Corsini,Ignacio Corsini y sus Guitarras,1930-06-18,Sentimiento Gaucho,,Tango,Ignacio Corsini,Odeón,78rpm,5753 e,18614-B,Francisco y Rafael Canaro,Juan Andres Caruso,,,,,,,,,,,
Ignacio Corsini,Ignacio Corsini y sus Guitarras,1930-06-18,Sombras!...,,Tango,Ignacio Corsini,Odeón,78rpm,5754 e,18617-B,Francisco Nicolas Pracanico,Verminio Servetto,,,,,,,,,,,
Ignacio Corsini,Ignacio Corsini y sus Guitarras,1930-06-24,El Regreso,,Vals,Ignacio Corsini,Odeón,78rpm,5781 e,18616-A / 18694-A / 18671-B,Claudio Martinez Payva,Hector Tomas Octavio Bates,,,,,,,,,,,
Ignacio Corsini,Ignacio Corsini y sus Guitarras,1930-06-24,Madre...!,,Tango,Ignacio Corsini,Odeón,78rpm,5779-1e,18617-A,Francisco Nicolas Pracanico,Verminio Servetto,,,,,,,,,,,
Ignacio Corsini,Ignacio Corsini y sus Guitarras,1930-06-24,Siete Lágrimas,,Canción,Ignacio Corsini,Odeón,78rpm,5782-1e,18627-B / 18679-B,Enrique Maciel,Hector Pedro Blomberg,,,,,,,,,,,
Ignacio Corsini,Ignacio Corsini y sus Guitarras,1930-08-13,El Gato Federal,,Tango,Ignacio Corsini,Odeón,78rpm,,Inedita,Carlos Vicente Geroni Flores,Juan Sarcione,,,,,,,,,,,
Ignacio Corsini,Ignacio Corsini y sus Guitarras,1930-09-11,Alta Clase,,Tango,Ignacio Corsini,Odeón,78rpm,6019 e,18621-A,Rafael Giovinazzi,Eduardo Escaris Mendez,,,,,,,,,,,
Ignacio Corsini,Ignacio Corsini y sus Guitarras,1930-09-11,Flor de Pajonal,,Ranchera,Ignacio Corsini,Odeón,78rpm,6022 e,18619-A,Enrique Maciel,Hector Pedro Blomberg,,,,,,,,,,,
Ignacio Corsini,Ignacio Corsini y sus Guitarras,1930-09-11,Una Milonga de Amor,,Tango,Ignacio Corsini,Odeón,78rpm,6020 e,18621-B,Luis Teisseire,Juan Andres Caruso,,,,,,,,,,,
Ignacio Corsini,Ignacio Corsini y sus Guitarras,1930-09-11,Violines Gitanos,,Tango,Ignacio Corsini,Odeón,78rpm,6021 e,18619-B,Enrique Maciel,Hector Pedro Blomberg,,,,,,,,,,,
Ignacio Corsini,Ignacio Corsini y sus Guitarras,1930-09-26,Amelia,,Vals,Ignacio Corsini,Odeón,78rpm,6107-1e,18622-B,Julio de Caro,Mario Cesar Gomila,,,,,,,,,,,
Ignacio Corsini,Ignacio Corsini y sus Guitarras,1930-09-26,Gaucha!...,,Tango,Ignacio Corsini,Odeón,78rpm,6106-1e,18626-B,Pedro Laurenz,Luis Rubistein,,,,,,,,,,,
Ignacio Corsini,Ignacio Corsini y sus Guitarras,1930-09-26,Mi Cotorrito Bohemio,,Tango,Ignacio Corsini,Odeón,78rpm,6105-1e,18622-A,Julio N. Vega,Lito Bayardo,,,,,,,,,,,
Ignacio Corsini,Ignacio Corsini y sus Guitarras,1930-09-26,Por una Morocha,,Tango,Ignacio Corsini,Odeón,78rpm,6104-1e,18628-A,Emilio J. Nervo-N. Saraceno-Nolo Lopez,Nolo López,,,,,,,,,,,
Ignacio Corsini,Ignacio Corsini y sus Guitarras,1930-10-14,Lirios Blancos,,Vals,Ignacio Corsini,Odeón,78rpm,6165 e,18620-B,Jose de Cicco,Angel Greco,,,,,,,,,,,
Ignacio Corsini,Ignacio Corsini y sus Guitarras,1930-10-14,Yira... Yira!,,Tango,Ignacio Corsini,Odeón,78rpm,6164 e,18620-A,Enrique Santos Discepolo,,,,,,,,,,,,
Ignacio Corsini,Ignacio Corsini y sus Guitarras,1930-10-24,Rio Dulce,,Ranchera,Ignacio Corsini,Odeón,78rpm,6211 e,18629-A,A. J. Wells,R. C. Gigliotti,,,,,,,,,,,
Ignacio Corsini,Ignacio Corsini y sus Guitarras,1930-11-04,Abrojos,,Tango,Ignacio Corsini,Odeón,78rpm,6278 e,18624-B,Alfonso Ramiro Lacueva,Armando Jose Maria Tagini,,,,,,,,,,,
Ignacio Corsini,Ignacio Corsini y sus Guitarras,1930-11-04,Dónde Estás Corazón?,,Tango,Ignacio Corsini,Odeón,78rpm,6277 e,18623-B / 18643-A,Augusto Pedro Berto,Luis Martinez Serrano,,,,,,,,,,,
Ignacio Corsini,Ignacio Corsini y sus Guitarras,1930-11-04,Siempre Te Recuerdo,,Vals,Ignacio Corsini,Odeón,78rpm,6279 e,18624-A,Jose Mocciola-Francisco Brancatti-Marcelo Castelli,Francisco Brancatti,,,,,,,,,,,
Ignacio Corsini,Ignacio Corsini y sus Guitarras,1930-11-04,Violetas,,Vals,Ignacio Corsini,Odeón,78rpm,6276 e,18623-A,Juan Maglio,Francisco Brancatti,,,,,,,,,,,
Ignacio Corsini,Ignacio Corsini y sus Guitarras,1930-11-04,Violetas,,Vals,Ignacio Corsini,Odeón,78rpm,6276-1e,18654-A / 18679-A,Juan Maglio,Francisco Brancatti,,,,,,,,,,,
Ignacio Corsini,Ignacio Corsini y sus Guitarras,1930-11-15,Estoy en la Via,,Tango,Ignacio Corsini,Odeón,78rpm,6345 e,18631-A,Alejandro Scarpino-A. Blasi-Carlos Pesce,Alejandro Scarpino,,,,,,,,,,,
Ignacio Corsini,Ignacio Corsini y sus Guitarras,1930-11-15,Fierro a Fierro,,Tango,Ignacio Corsini,Odeón,78rpm,6346 e,18628-B,Xavier Pi,Marino Garcia,,,,,,,,,,,
Ignacio Corsini,Ignacio Corsini y sus Guitarras,1930-11-15,Serrana Mia,,Canción,Ignacio Corsini,Odeón,78rpm,6348 e,18630-A,Juan de Dios Filiberto,Miguel Andres Camino,,,,,,,,,,,
Ignacio Corsini,Ignacio Corsini y sus Guitarras,1930-11-15,Tirana Unitaria,,Vals,Ignacio Corsini,Odeón,78rpm,6347 e,18627-A,Enrique Maciel,Hector Pedro Blomberg,,,,,,,,,,,
Ignacio Corsini,Ignacio Corsini y sus Guitarras,1930-11-25,Hay Casorio en la Chacra,,Ranchera,Ignacio Corsini,Odeón,78rpm,6417 e,18625-B,Rosendo Pesoa,Jose de Cicco,,,,,,,,,,,
Ignacio Corsini,Ignacio Corsini y sus Guitarras,1930-11-25,Mentiras,,Tonada,Ignacio Corsini,Odeón,78rpm,6415 e,18625-A,Juan Bautista Abad Reyes,Jose Horacio Staffolani,,,,,,,,,,,
Ignacio Corsini,Ignacio Corsini y sus Guitarras,1930-11-25,No Puedo,,Tango,Ignacio Corsini,Odeón,78rpm,6416 e,18630-B,Alfonso Casini,J. A. Gonzalez,,,,,,,,,,,
Ignacio Corsini,Ignacio Corsini y sus Guitarras,1930-11-25,Noches de Plata,,Vals,Ignacio Corsini,Odeón,78rpm,6419 e,18626-A / 18643-B,Rafael Iriarte,Julio Placido Navarrine,,,,,,,,,,,
Ignacio Corsini,Ignacio Corsini y sus Guitarras,1930-12-12,No Tenés Perdón de Dios,,Tango,Ignacio Corsini,Odeón,78rpm,6528 e,18631-B,Enrique Saenz,Carlos Alberto Masina,,,,,,,,,,,
Ignacio Corsini,Ignacio Corsini y sus Guitarras,1930-12-12,Pobre Huerfanita,,Tango,Ignacio Corsini,Odeón,78rpm,6529 e,18629-B,Antonio Oscar Arona,Armando Jose Maria Tagini,,,,,,,,,,,
Ignacio Corsini,Ignacio Corsini y sus Guitarras,1930-12-13,Linyera,,Tango,Ignacio Corsini,Odeón,78rpm,,,Juan de Dios Filiberto,Luis Mario,,,,,,,,,,,
Ignacio Corsini,Ignacio Corsini y sus Guitarras,1931-03-09,Caballito Criollo,,Canción,Ignacio Corsini,Odeón,78rpm,6549-1e,18634-A,Antonio Domingo Podesta,Belisario Roldan,,,,,,,,,,,
Ignacio Corsini,Ignacio Corsini y sus Guitarras,1931-03-09,La Piedra del Escándalo,,Estilo,Ignacio Corsini,Odeón,78rpm,6550 e,18638-A,Antonio Domingo Podesta,Martin Coronado,,,,,,,,,,,
Ignacio Corsini,Ignacio Corsini y sus Guitarras,1931-03-09,Llanto de Madre,,Canción,Ignacio Corsini,Odeón,78rpm,6551 e,18634-B,Antonio Domingo Podesta,Enrique Pedro Maroni,,,,,,,,,,,
Ignacio Corsini,Ignacio Corsini y sus Guitarras,1931-03-09,Vesubio,,Tango,Ignacio Corsini,Odeón,78rpm,6547 e,18633-A,Enrique Pedro Delfino,Ivan Diez,,,,,,,,,,,
Ignacio Corsini,Ignacio Corsini y sus Guitarras,1931-03-11,A Mate y Marroco,,Tango,Ignacio Corsini,Odeón,78rpm,6560-1e,18632-A,Francisco Martinez Allende,Nena Juarez,,,,,,,,,,,
Ignacio Corsini,Ignacio Corsini y sus Guitarras,1931-03-11,Confesión,,Tango,Ignacio Corsini,Odeón,78rpm,6559 e,18632-B,Enrique Santos Discepolo,Luis Cesar Amadori,,,,,,,,,,,
Ignacio Corsini,Ignacio Corsini y sus Guitarras,1931-03-11,Griseta,,Tango,Ignacio Corsini,Odeón,78rpm,6561 e,18638-B / 18695-A,Enrique Pedro Delfino,Jose Gonzalez Castillo,,,,,,,,,,,
Ignacio Corsini,Ignacio Corsini y sus Guitarras,1931-03-11,La que Murió en París,,Tango,Ignacio Corsini,Odeón,78rpm,6548-2e,18635-A,Enrique Maciel,Hector Pedro Blomberg,,,,,,,,,,,
Ignacio Corsini,Ignacio Corsini y sus Guitarras,1931-03-11,Madre Hay una Sola,,Tango,Ignacio Corsini,Odeón,78rpm,6558 e,18633-B,Agustin Bardi,Jose de la Vega,,,,,,,,,,,
Ignacio Corsini,Ignacio Corsini y sus Guitarras,1931-03-11,No Quiero Ni Verte,,Vals,Ignacio Corsini,Odeón,78rpm,6552-1e,18635-B,Enrique Maciel,Hector Pedro Blomberg,,,,,,,,,,,
Ignacio Corsini,Ignacio Corsini y sus Guitarras,1931-03-20,Caballito Criollo,,Canción,Ignacio Corsini,Odeón,78rpm,6549,18634-A,Alberto Podestá,Belisario Roldán,,,,,,,,,,,
Ignacio Corsini,Ignacio Corsini y sus Guitarras,1931-07-07,Canción del Carretero,,Canción,Ignacio Corsini,Odeón,78rpm,6753 e,18637-A / 18691-B,Carlos Lopez Buchardo,Gustavo Caraballo,,,,,,,,,,,
Ignacio Corsini,Ignacio Corsini y sus Guitarras,1931-07-07,Corrientes Poty,Corrientes Poty (la Flor de Corrientes),Canción,Ignacio Corsini,Odeón,78rpm,6750 e,18637-B,Francisco Nicolas Pracanico,Diego Novillo Quiroga,,,,,,,,,,,
Ignacio Corsini,Ignacio Corsini y sus Guitarras,1931-07-07,Hijo del Fango,,Tango,Ignacio Corsini,Odeón,78rpm,6751 e,18636-B,Francisco Nicolas Pracanico-Carlos Pesce-Cesar Franzino,,,,,,,,,,,,
Ignacio Corsini,Ignacio Corsini y sus Guitarras,1931-07-07,Mentira,,Tango,Ignacio Corsini,Odeón,78rpm,6752-1e,18636-A,Francisco Nicolas Pracanico,Celedonio Esteban Flores,,,,,,,,,,,
Ignacio Corsini,Ignacio Corsini y sus Guitarras,1931-09-14,Canción Triste,,Tango,Ignacio Corsini,Odeón,78rpm,6853 e,18640-A,Eduardo Pereyra,Cesar Felipe Vedani,,,,,,,,,,,
Ignacio Corsini,Ignacio Corsini y sus Guitarras,1931-09-14,Carrillón de la Merced,,Tango,Ignacio Corsini,Odeón,78rpm,6854 e,18639-A,Enrique Santos Discepolo,Alfredo Le Pera,,,,,,,,,,,
Ignacio Corsini,Ignacio Corsini y sus Guitarras,1931-09-14,Confesión,,Tango,Ignacio Corsini,Odeón,78rpm,6559-1e,18639-B,Enrique Santos Discepolo,Luis Cesar Amadori,,,,,,,,,,,
Ignacio Corsini,Ignacio Corsini y sus Guitarras,1931-09-14,Mi Corazón,,Zamba,Ignacio Corsini,Odeón,78rpm,6852-1e,18646-B,Joaquin Barreiro,Antonio Casciani,,,,,,,,,,,
Ignacio Corsini,Ignacio Corsini y sus Guitarras,1931-09-17,En Tu Florido Balcón,,Tango,Ignacio Corsini,Odeón,78rpm,6864 e,18644-B,Rafael Rossi,Eugenio Cardenas,,,,,,,,,,,
Ignacio Corsini,Ignacio Corsini y sus Guitarras,1931-09-17,Llorando Mis Penas,,Vals,Ignacio Corsini,Odeón,78rpm,6865 e,18640-B,Alberto Hilarion Acuña,Carlos Pesce,,,,,,,,,,,
Ignacio Corsini,Ignacio Corsini y sus Guitarras,1931-09-17,Yo No Sé que Me Han Hecho Tus Ojos,,Vals,Ignacio Corsini,Odeón,78rpm,6866 e,18644-A,Francisco Canaro,Ivo Pelay,,,,,,,,,,,
Ignacio Corsini,Ignacio Corsini y sus Guitarras,1931-10-30,El Resero,,Canción Campera,Ignacio Corsini,Odeón,78rpm,6923-2e,18646-A,Eduardo Pereyra-Yaravi,,,,,,,,,,,,
Ignacio Corsini,Ignacio Corsini y sus Guitarras,1931-11-18,Maldita,,Tango,Ignacio Corsini,Odeón,78rpm,6961 e,18645-A,Antonio Rodio,Celedonio Esteban Flores,,,,,,,,,,,
Ignacio Corsini,Ignacio Corsini y sus Guitarras,1931-11-18,Nido de Amor,,Vals,Ignacio Corsini,Odeón,78rpm,6962 e,18647-B,Antonio Sureda,Geronimo Sureda,,,,,,,,,,,
Ignacio Corsini,Ignacio Corsini y sus Guitarras,1931-11-18,Otario que Andás Penando,,Tango,Ignacio Corsini,Odeón,78rpm,6959 e,18647-A,Enrique Pedro Delfino,Alberto Vaccarezza,,,,,,,,,,,
Ignacio Corsini,Ignacio Corsini y sus Guitarras,1931-11-18,Sueño de Juventud,,Vals,Ignacio Corsini,Odeón,78rpm,6960 e,18645-B,Enrique Santos Discepolo,,,,,,,,,,,,
Ignacio Corsini,Ignacio Corsini y sus Guitarras,1931-12-30,El Hijo del Federal,,Canción,Ignacio Corsini,Odeón,78rpm,7008 e,18650-B,Cesar Franzino-Fortunato Pascual Botti-Domingo Vasalotti,,,,,,,,,,,,
Ignacio Corsini,Ignacio Corsini y sus Guitarras,1931-12-30,Jamás Podré Olvidarte,,Vals,Ignacio Corsini,Odeón,78rpm,7005 e,18650-A,Julio de Caro,Mario Cesar Gomila,,,,,,,,,,,
Ignacio Corsini,Ignacio Corsini y sus Guitarras,1931-12-30,Rubí,,Tango,Ignacio Corsini,Odeón,78rpm,7007 e,18648-B,Juan Jose Guichandut,Claudio Frollo,,,,,,,,,,,
Ignacio Corsini,Ignacio Corsini y sus Guitarras,1931-12-30,Serenata Maleva,,Vals,Ignacio Corsini,Odeón,78rpm,7006 e,18648-A,Enrique Pedro Delfino,Mario Fernando Rada,,,,,,,,,,,
Ignacio Corsini,Ignacio Corsini y sus Guitarras,1932-03-04,El Payador de San Telmo,,Vals,Ignacio Corsini,Odeón,78rpm,7059 e,18651-B,Jose Lojo,,,,,,,,,,,,
Ignacio Corsini,Ignacio Corsini y sus Guitarras,1932-03-04,La Marcha Nupcial,,Tango,Ignacio Corsini,Odeón,78rpm,7058 e,18651-A,Juan Venancio Clauso,Armando Jose Maria Tagini,,,,,,,,,,,
Ignacio Corsini,Ignacio Corsini y sus Guitarras,1932-04-06,El Zonda,,Tango,Ignacio Corsini,Odeón,78rpm,7088 e,18652-B,Juan Maglio,Alfredo Bigeschi,,,,,,,,,,,
Ignacio Corsini,Ignacio Corsini y sus Guitarras,1932-04-06,Volvió la Princesita,,Vals,Ignacio Corsini,Odeón,78rpm,7089-1e,18652-A,Antonio y Geronimo Sureda,Geronimo Sureda,,,,,,,,,,,
Ignacio Corsini,Ignacio Corsini y sus Guitarras,1932-05-13,Me lo Dijo el Corazón,,Tango,Ignacio Corsini,Odeón,78rpm,7143 e,18653-B,Enrique Maciel,Enrique Pedro Maroni,,,,,,,,,,,
Ignacio Corsini,Ignacio Corsini y sus Guitarras,1932-05-13,Novia del Mar,,Vals,Ignacio Corsini,Odeón,78rpm,7142-1e,18653-A,Otto Wiengreen,Hector Pedro Blomberg,,,,,,,,,,,
Ignacio Corsini,Ignacio Corsini y sus Guitarras,1932-06-16,Amargor,,Tango,Ignacio Corsini,Odeón,78rpm,7167 e,18655-A,Francisco Juan Lomuto,Claudio Frollo,,,,,,,,,,,
Ignacio Corsini,Ignacio Corsini y sus Guitarras,1932-06-16,El Trovador,,Vals,Ignacio Corsini,Odeón,78rpm,7166 e,18655-B,Cesar Franzino-Alberto Alcaraz-Carlos Pesce,Carlos Angel Pesce,,,,,,,,,,,
Ignacio Corsini,Ignacio Corsini y sus Guitarras,1932-07-07,La Boca Está de Fiesta,,Tango,Ignacio Corsini,Odeón,78rpm,7181 e,18656-B,Eduardo Bonessi,Eduardo Escaris Mendez,,,,,,,,,,,
Ignacio Corsini,Ignacio Corsini y sus Guitarras,1932-07-07,Las Margaritas,,Ranchera,Ignacio Corsini,Odeón,78rpm,7180 e,18656-A,Alfredo Angel Pelaia,Domingo Pelle,,,,,,,,,,,
Ignacio Corsini,Ignacio Corsini y sus Guitarras,1932-07-20,Allí Nací,,Estilo,Ignacio Corsini,Odeón,78rpm,7195 e,18657-B,Eduardo Bonessi,Eduardo Escaris Mendez,,,,,,,,,,,
Ignacio Corsini,Ignacio Corsini y sus Guitarras,1932-07-20,Ventanita Florida,,Tango,Ignacio Corsini,Odeón,78rpm,7196 e,18657-A,Enrique Pedro Delfino,Luis Cesar Amadori,,,,,,,,,,,
Ignacio Corsini,Ignacio Corsini y sus Guitarras,1932-09-08,Costilla a Costilla,,Estilo,Ignacio Corsini,Odeón,78rpm,7231 e,18659-B,Santiago H. Rocca,,,,,,,,,,,,
Ignacio Corsini,Ignacio Corsini y sus Guitarras,1932-09-08,La Bordadora de San Telmo,,Vals,Ignacio Corsini,Odeón,78rpm,7229 e,18658-B,Enrique Maciel-Hector Pedro Blomberg-Carlos Max Viale Paz,,,,,,,,,,,,
Ignacio Corsini,Ignacio Corsini y sus Guitarras,1932-09-08,Poncho,,Canción,Ignacio Corsini,Odeón,78rpm,7232 e,18659-A,Richard Russo,Diego Novillo Quiroga,,,,,,,,,,,
Ignacio Corsini,Ignacio Corsini y sus Guitarras,1932-09-08,Te Quiero,,Tango,Ignacio Corsini,Odeón,78rpm,7230 e,18658-A,Francisco Canaro,,,,,,,,,,,,
Ignacio Corsini,Ignacio Corsini y sus Guitarras,1932-10-22,Los Jazmines de San Ignacio,,Canción,Ignacio Corsini,Odeón,78rpm,7278 e,18660-B,Enrique Maciel,Hector Pedro Blomberg,,,,,,,,,,,
Ignacio Corsini,Ignacio Corsini y sus Guitarras,1932-10-22,Quien Hubiera Dicho !,,Tango,Ignacio Corsini,Odeón,78rpm,7277 e,18660-A,Rodolfo Anibal Sciammarella,Luis Cesar Amadori,,,,,,,,,,,
Ignacio Corsini,Ignacio Corsini y sus Guitarras,1932-10-31,Guitarra Española,,Pasodoble,Ignacio Corsini,Odeón,78rpm,7283-1e,18661-B,Jose Vazquez Vigo,Hugo Zamora,,,,,,,,,,,
Ignacio Corsini,Ignacio Corsini y sus Guitarras,1932-10-31,Secreto,,Tango,Ignacio Corsini,Odeón,78rpm,7284 e,18661-A,Enrique Santos Discepolo,,,,,,,,,,,,
Ignacio Corsini,Ignacio Corsini y sus Guitarras,1933,Lo que Vieron Mi Ojos,,Vals,Ignacio Corsini,Odeón,78rpm,,,Juan Canaro,Jesús Fernández Blanco,,,,,,,,,,,
Ignacio Corsini,Ignacio Corsini y sus Guitarras,1933-03-16,Patiecito Colonial,,Vals,Ignacio Corsini,Odeón,78rpm,7379 e,18662-B,Agustin Bardi,Jose de la Vega,,,,,,,,,,,
Ignacio Corsini,Ignacio Corsini y sus Guitarras,1933-04-04,Cobardía,,Tango,Ignacio Corsini,Odeón,78rpm,7392 e,18662-A,Charlo-Luis Cesar Amadori,Luis César Amadori,,,,,,,,,,,
Ignacio Corsini,Ignacio Corsini y sus Guitarras,1933-04-12,En la Cruz del Yugo,,Tango,Ignacio Corsini,Odeón,78rpm,7395 e,18663-A,Rafael Rossi,Eugenio Cardenas,,,,,,,,,,,
Ignacio Corsini,Ignacio Corsini y sus Guitarras,1933-04-12,Un Triste Despertar,,Canción,Ignacio Corsini,Odeón,78rpm,7396 e,18663-B,Luis Martinez Serrano,,,,,,,,,,,,
Ignacio Corsini,Ignacio Corsini y sus Guitarras,1933-05-23,El Rosal de los Cerros,,Canción,Ignacio Corsini,Odeón,78rpm,7438-1e,18664-A,Eduardo Bonessi,Jose de Cicco,,,,,,,,,,,
Ignacio Corsini,Ignacio Corsini y sus Guitarras,1933-05-23,Juera Guay!,,Canción,Ignacio Corsini,Odeón,78rpm,7437-1e,18664-B / 18694-B / 18691-A,Santiago H. Rocca,,,,,,,,,,,,
Ignacio Corsini,Ignacio Corsini y sus Guitarras,1933-06-19,Juramentos (Puentecito de Plata),,Tango,Ignacio Corsini,Odeón,78rpm,7453 e,18665-B,Francisco Canaro,Luis Cesar Amadori,,,,,,,,,,,
Ignacio Corsini,Ignacio Corsini y sus Guitarras,1933-06-19,Lo que Vieron Mis Ojos,,Vals,Ignacio Corsini,Odeón,78rpm,7454 e,18665-A,Juan Canaro,Jesus Fernandez Blanco,,,,,,,,,,,
Ignacio Corsini,Ignacio Corsini y sus Guitarras,1933-09-08,El Adiós de Gabino Ezeiza,,Milonga,Ignacio Corsini,Odeón,78rpm,7521 e,18666-B,Enrique Maciel,Hector Pedro Blomberg,,,,,,,,,,,
Ignacio Corsini,Ignacio Corsini y sus Guitarras,1933-09-08,La Canción de Amalia,,Vals,Ignacio Corsini,Odeón,78rpm,7520-1e,18666-A,Enrique Maciel,Hector Pedro Blomberg,,,,,,,,,,,
Ignacio Corsini,Ignacio Corsini y sus Guitarras,1933-09-28,La Rodada,,Canción,Ignacio Corsini,Odeón,78rpm,7543 e,18667-B,Eduardo Bonessi,Eduardo Escaris Mendez,,,,,,,,,,,
Ignacio Corsini,Ignacio Corsini y sus Guitarras,1933-09-28,Mi Azucena,,Vals,Ignacio Corsini,Odeón,78rpm,7545-1e,18668-A,Eduardo Bonessi,Eduardo Escaris Mendez,,,,,,,,,,,
Ignacio Corsini,Ignacio Corsini y sus Guitarras,1933-09-28,Soltando Mis Penas,,Triste,Ignacio Corsini,Odeón,78rpm,7546 e,18668-B,Eduardo Bonessi-Eduardo Escaris Mendez-Guuillermo Lloret,,,,,,,,,,,,
Ignacio Corsini,Ignacio Corsini y sus Guitarras,1933-09-28,Temblando,,Vals,Ignacio Corsini,Odeón,78rpm,7544 e,18667-A,Alberto Hilarion Acuña-Charrua,,,,,,,,,,,,
Ignacio Corsini,Ignacio Corsini y sus Guitarras,1934-04-05,Esquinas Porteñas,,Vals,Ignacio Corsini,Odeón,78rpm,7661 e,18669-B,Sebastian Piana,Homero Manzi,,,,,,,,,,,
Ignacio Corsini,Ignacio Corsini y sus Guitarras,1934-04-05,Ñanduty,,Canción,Ignacio Corsini,Odeón,78rpm,7662 e,18669-A,Vicente Demarco,Alfredo Faustino Roldan,,,,,,,,,,,
Ignacio Corsini,Ignacio Corsini y sus Guitarras,1934-06-13,Un Jardín de Ilusión,,Vals,"Ignacio Corsini, Ada Falcón",Odeón,78rpm,7745 e,18670-A,Francisco Canaro,Ivo Pelay,,,,,,,,,,,
Ignacio Corsini,Ignacio Corsini y sus Guitarras,1934-06-13,Yo No Se por que Te Quiero,,Tango,Ignacio Corsini,Odeón,78rpm,7744 e,18670-B,Francisco Canaro,Ivo Pelay,,,,,,,,,,,
Ignacio Corsini,Ignacio Corsini y sus Guitarras,1934-11-07,Canto Rodado,,Canción,Ignacio Corsini,Odeón,78rpm,7884 e,18673-B,Vicente Demarco,Alfredo Faustino Roldan,,,,,,,,,,,
Ignacio Corsini,Ignacio Corsini y sus Guitarras,1934-11-07,Por el Camino,,Zamba,Ignacio Corsini,Odeón,78rpm,7883 e,18673-A,Carlos Vicente Geroni Flores,Benjamin Tagle Lara,,,,,,,,,,,
Ignacio Corsini,Ignacio Corsini y sus Guitarras,1934-11-30,Los Sauces del Uruguay,,Canción,Ignacio Corsini,Odeón,78rpm,7954 e,18674-B,Gerardo Hernan Matos Rodriguez,Victor Soliño,,,,,,,,,,,
Ignacio Corsini,Ignacio Corsini y sus Guitarras,1934-11-30,Yo Era el Jardinero,,Vals,Ignacio Corsini,Odeón,78rpm,7955 e,18674-A,Vicente Demarco,Juan Venancio Clauso,,,,,,,,,,,
Ignacio Corsini,Ignacio Corsini y sus Guitarras,1935-09-04,Misterio,,Tango,Ignacio Corsini,Odeón,78rpm,8307 e,18676-A,Agustin Bardi,Francisco Garcia Jimenez,,,,,,,,,,,
Ignacio Corsini,Ignacio Corsini y sus Guitarras,1935-09-04,Tuyita,,Canción,Ignacio Corsini,Odeón,78rpm,8308-1e,18676-B,Jorge Luque Lobos,Argentino Valle,,,,,,,,,,,
Ignacio Corsini,Ignacio Corsini y sus Guitarras,1935-09-09,Cuando el Indio Ama,,Canción,Ignacio Corsini,Odeón,78rpm,8310 e,18677-A,Eduardo Pereyra-Hugo Gutierrez-Yaravi,,,,,,,,,,,,
Ignacio Corsini,Ignacio Corsini y sus Guitarras,1935-09-09,Eternamente,,Tango,Ignacio Corsini,Odeón,78rpm,8311,Inedita,L.C. Amadori-R.Sciammarella,,,,,,,,,,,,
Ignacio Corsini,Ignacio Corsini y sus Guitarras,1935-09-09,Perdoná Si No Vuelvo,,Tango,Ignacio Corsini,Odeón,78rpm,8309 e,18677-B,Justo Cesar Ginzo,Carlos Pesce,,,,,,,,,,,
Ignacio Corsini,Ignacio Corsini y sus Guitarras,1938,Los Jazmines de San Ignacio,,Canción,Ignacio Corsini,Toma Radial,78rpm,,,"Enrique Maciel, Héctor Blomberg, Carlos Max Viale",,,,,,,,,,,,
Ignacio Corsini,Ignacio Corsini y sus Guitarras,1938,Por el Camino,,Zamba,Ignacio Corsini,Toma Radial,78rpm,,,Benjamín Tagle Lara,Carlos Vicente Geroni Flores,,,,,,,,,,,
Ignacio Corsini,Ignacio Corsini y sus Guitarras,1938-03-11,El Adiós,,Tango,Ignacio Corsini,Odeón,78rpm,9335-1e,18680-A / 18690-B,Maruja Pacheco Huergo-Virgilio San Clemente-Homero Manzi,Virgilio San Clemente,,,,,,,,,,,
Ignacio Corsini,Ignacio Corsini y sus Guitarras,1938-03-11,Tarde de Lluvia,,Habanera,Ignacio Corsini,Odeón,78rpm,9334-1e,18680-B,Virgilio San Clemente,Italo Zungri,,,,,,,,,,,
Ignacio Corsini,Ignacio Corsini y sus Guitarras,1938-07-01,Amar y Ser Amado,,Tango,Ignacio Corsini,Odeón,78rpm,9485 e,18681-B,Julio de Caro,Francisco Caso,,,,,,,,,,,
Ignacio Corsini,Ignacio Corsini y sus Guitarras,1938-07-01,Dulce Amargura,,Tango,Ignacio Corsini,Odeón,78rpm,9486 e,18681-A,Jorge Torres-Hector Alperi-Virgilio San Clemente,Torres A. Alpieri,,,,,,,,,,,
Ignacio Corsini,Ignacio Corsini y sus Guitarras,1939-03-15,China de la Mazorca,,Canción,Ignacio Corsini,Odeón,78rpm,9823 e,18682-A,Enrique Maciel,Hector Pedro Blomberg,,,,,,,,,,,
Ignacio Corsini,Ignacio Corsini y sus Guitarras,1939-03-15,Morocha Triste,,Canción,Ignacio Corsini,Odeón,78rpm,9824 e,18682-B,Enrique Maciel,Horacio Sanguinetti,,,,,,,,,,,
Ignacio Corsini,Ignacio Corsini y sus Guitarras,1939-03-17,Cuartito Azul,,Tango,Ignacio Corsini,Odeón,78rpm,9827 e,18684-A,Mariano Mores,Mario Battistella,,,,,,,,,,,
Ignacio Corsini,Ignacio Corsini y sus Guitarras,1939-03-17,Lejanía,,Canción,Ignacio Corsini,Odeón,78rpm,9828 e,18684-B,Maruja Pacheco Huergo,,,,,,,,,,,,
Ignacio Corsini,Ignacio Corsini y sus Guitarras,1939-06-27,Betinoti,,Milonga,Ignacio Corsini,Odeón,78rpm,9979-1e,18683-A / 18686-A / 18690-A,Sebastian Piana,Homero Manzi,,,,,,,,,,,
Ignacio Corsini,Ignacio Corsini y sus Guitarras,1939-06-27,Más Allá,,Tango,Ignacio Corsini,Odeón,78rpm,9980 e,18683-B,Joaquin Mauricio Mora,Jose Maria Contursi,,,,,,,,,,,
Ignacio Corsini,Ignacio Corsini y sus Guitarras,1940-08-26,La Llevo en el Corazón,,Canción,Ignacio Corsini,Odeón,78rpm,10659 e,18685-B,Virgilio San Clemente,Hector Alperi,,,,,,,,,,,
Ignacio Corsini,Ignacio Corsini y sus Guitarras,1940-08-26,Quién Será?,,Vals,Ignacio Corsini,Odeón,78rpm,10658 e,18685-A,Luis Rubistein,,,,,,,,,,,,
Ignacio Corsini,Ignacio Corsini y sus Guitarras,1940-08-26,Sonia,,Balada,Ignacio Corsini,Odeón,78rpm,10660 e,18686-B,Eugen Partos-Beda Fritz Loehner-Carlos Cappenberg,Eugen Pártos,,,,,,,,,,,
Ignacio Corsini,Ignacio Corsini y sus Guitarras,1941-03-11,Camino del Indio,,Canción,Ignacio Corsini,Odeón,78rpm,11082 e,18687-B / 18695-B,Atahualpa Yupanqui,,,,,,,,,,,,
Ignacio Corsini,Ignacio Corsini y sus Guitarras,1941-03-11,Charlemos,,Tango,Ignacio Corsini,Odeón,78rpm,11081 e,18687-A,Luis Rubistein,,,,,,,,,,,,
Ignacio Corsini,Ignacio Corsini y sus Guitarras,1941-07-24,Ay de Mi!,,Triste,Ignacio Corsini,Odeón,78rpm,11326 e,18688-A,Sebastian Piana,Homero Manzi,,,,,,,,,,,
Ignacio Corsini,Ignacio Corsini y sus Guitarras,1941-07-24,Pampa Luna,,Zamba Cancion,Ignacio Corsini,Odeón,78rpm,11327 e,18688-B,Sebastian Piana,Homero Manzi,,,,,,,,,,,
Ignacio Corsini,Ignacio Corsini y sus Guitarras,1942-10-08,No Te Apures Carablanca,,Tango,Ignacio Corsini,Odeón,78rpm,12283-1e,18689-A,Roberto Garza,Carlos Bahr,,,,,,,,,,,
Ignacio Corsini,Ignacio Corsini y sus Guitarras,1942-10-08,Pedacito de Cielo,,Vals,Ignacio Corsini,Odeón,78rpm,12282 e,18689-B,Enrique M Francini-Hector L Stamponi-Homero Exposito,,,,,,,,,,,,
Ignacio Corsini,Ignacio Corsini y sus Guitarras,1946-06-19,Hermano Gaucho,,Zamba,Ignacio Corsini,Odeón,78rpm,15601 e,18693-B,Juan y Marcelo Larenza,Lito Bayardo,,,,,,,,,,,
Ignacio Corsini,Ignacio Corsini y sus Guitarras,1946-06-19,Mama Vieja,,Zamba,Ignacio Corsini,Odeón,78rpm,15599 e,18692-A,Juan Larenza,Lito Bayardo,,,,,,,,,,,
Ignacio Corsini,Ignacio Corsini y sus Guitarras,1946-06-19,Milonga Triste,,Milonga,Ignacio Corsini,Odeón,78rpm,15600 e,18692-B,Sebastian Piana,Homero Manzi,,,,,,,,,,,
Ignacio Corsini,Ignacio Corsini y sus Guitarras,1946-06-19,Tristeza Criolla,,Vals,Ignacio Corsini,Odeón,78rpm,15602 e,18693-A / 18693-A/51686-A,Ignacio Corsini,Julian de Charras,,,,,,,,,,,
