Bandleader,Orchestra,Date,Title,AltTitle,Genre,Singer,Label,Master,Matrix,Disc,Composer,Author,Arranger,Grouping,Pianist,Bassist,Bandoneons,Strings,Lineup,Img_Type,Img_Folder,Img_Side,Img_Album
José Basso,Orquesta José Basso,1949-03-10,Se Han Sentado las Carretas,,Tango,Instrumental,RCA-Victor,,,,Agustín Bardi,Enrique Cadícamo,,49-61 Odeón,José Basso,Rafael Del Bagno,"Julio Ahumada, Eduardo Rovira, Adolfo Francia, Andrés Natale","Mauricio Misé, Francisco Oréfice, Rodolfo Fernández, Domingo Serra, Leopoldo Marafiotti","Piano, Bass, 4 Bandoneons, 5 Violins",,,,
José Basso,Orquesta José Basso,1949-03-10,Dos Que Se Aman,,Vals,Francisco Fiorentino Y Ricardo Ruiz,RCA-Victor,,,,Antonio Tormo,Manuel Flores,,49-61 Odeón,José Basso,Rafael Del Bagno,"Julio Ahumada, Eduardo Rovira, Adolfo Francia, Andrés Natale","Mauricio Misé, Francisco Oréfice, Rodolfo Fernández, Domingo Serra, Leopoldo Marafiotti","Piano, Bass, 4 Bandoneons, 5 Violins",,,,
José Basso,Orquesta José Basso,1949-03-10,Mi Noche Triste,,Tango,Francisco Fiorentino,RCA-Victor,,,,Samuel Castriota,Pascual Contursi,,49-61 Odeón,José Basso,Rafael Del Bagno,"Julio Ahumada, Eduardo Rovira, Adolfo Francia, Andrés Natale","Mauricio Misé, Francisco Oréfice, Rodolfo Fernández, Domingo Serra, Leopoldo Marafiotti","Piano, Bass, 4 Bandoneons, 5 Violins",,,,
José Basso,Orquesta José Basso,1949-03-10,Sentimiento Gaucho,,Tango,Ricardo Ruiz,RCA-Victor,,,,"Francisco Canaro, Rafael Canaro",Juan Caruso,,49-61 Odeón,José Basso,Rafael Del Bagno,"Julio Ahumada, Eduardo Rovira, Adolfo Francia, Andrés Natale","Mauricio Misé, Francisco Oréfice, Rodolfo Fernández, Domingo Serra, Leopoldo Marafiotti","Piano, Bass, 4 Bandoneons, 5 Violins",,,,
José Basso,Orquesta José Basso,1949-04-07,Claveles Blancos,,Tango,Ricardo Ruiz,Odeón,,17251,30751,Armando Pontier,José Contursi,,49-61 Odeón,José Basso,Rafael Del Bagno,"Julio Ahumada, Eduardo Rovira, Adolfo Francia, Andrés Natale","Mauricio Misé, Francisco Oréfice, Rodolfo Fernández, Domingo Serra, Leopoldo Marafiotti","Piano, Bass, 4 Bandoneons, 5 Violins",,,,
José Basso,Orquesta José Basso,1949-04-07,El Bulín de la Calle Ayacucho,,Tango,Francisco Fiorentino,Odeón,,17250,30751,"José Servidio, Luis Servidio",Celedonio Flores,,49-61 Odeón,José Basso,Rafael Del Bagno,"Julio Ahumada, Eduardo Rovira, Adolfo Francia, Andrés Natale","Mauricio Misé, Francisco Oréfice, Rodolfo Fernández, Domingo Serra, Leopoldo Marafiotti","Piano, Bass, 4 Bandoneons, 5 Violins",,,,
José Basso,Orquesta José Basso,1949-05-27,Tabernero,El Tabernero,Tango,Francisco Fiorentino,Odeón,,17303,30752,"Miguel Cafre, Fausto Frontera",Raúl Olivieri,,49-61 Odeón,José Basso,Rafael Del Bagno,"Julio Ahumada, Eduardo Rovira, Adolfo Francia, Andrés Natale","Mauricio Misé, Francisco Oréfice, Rodolfo Fernández, Domingo Serra, Leopoldo Marafiotti","Piano, Bass, 4 Bandoneons, 5 Violins",,,,
José Basso,Orquesta José Basso,1949-05-27,Una Lágrima Tuya,,Tango,Francisco Fiorentino Y Ricardo Ruiz,Odeón,,17302,30752,Mariano Mores,Homero Manzi,,49-61 Odeón,José Basso,Rafael Del Bagno,"Julio Ahumada, Eduardo Rovira, Adolfo Francia, Andrés Natale","Mauricio Misé, Francisco Oréfice, Rodolfo Fernández, Domingo Serra, Leopoldo Marafiotti","Piano, Bass, 4 Bandoneons, 5 Violins",,,,
José Basso,Orquesta José Basso,1949-08-04,Perdón Viejita,,Tango,Ricardo Ruiz,Odeón,,17385,30753,Osvaldo Fresedo,José Saldías,,49-61 Odeón,José Basso,Rafael Del Bagno,"Julio Ahumada, Eduardo Rovira, Adolfo Francia, Andrés Natale","Mauricio Misé, Francisco Oréfice, Rodolfo Fernández, Domingo Serra, Leopoldo Marafiotti","Piano, Bass, 4 Bandoneons, 5 Violins",,,,
José Basso,Orquesta José Basso,1949-08-04,Un Placer,,Vals,Francisco Fiorentino Y Ricardo Ruiz,Odeón,,17386,30753,Vicente Romeo,Juan Caruso,,49-61 Odeón,José Basso,Rafael Del Bagno,"Julio Ahumada, Eduardo Rovira, Adolfo Francia, Andrés Natale","Mauricio Misé, Francisco Oréfice, Rodolfo Fernández, Domingo Serra, Leopoldo Marafiotti","Piano, Bass, 4 Bandoneons, 5 Violins",,,,
José Basso,Orquesta José Basso,1949-09-16,A Media Luz,,Tango,Francisco Fiorentino,Odeón,,17423,30754,Edgardo Donato,Carlos Lenzi,,49-61 Odeón,José Basso,Rafael Del Bagno,"Julio Ahumada, Eduardo Rovira, Adolfo Francia, Andrés Natale","Mauricio Misé, Francisco Oréfice, Rodolfo Fernández, Domingo Serra, Leopoldo Marafiotti","Piano, Bass, 4 Bandoneons, 5 Violins",,,,
José Basso,Orquesta José Basso,1949-09-16,Se Han Sentado las Carretas,,Tango,Instrumental,Odeón,,17422,30754,Agustín Bardi,Enrique Cadícamo,,49-61 Odeón,José Basso,Rafael Del Bagno,"Julio Ahumada, Eduardo Rovira, Adolfo Francia, Andrés Natale","Mauricio Misé, Francisco Oréfice, Rodolfo Fernández, Domingo Serra, Leopoldo Marafiotti","Piano, Bass, 4 Bandoneons, 5 Violins",,,,
José Basso,Orquesta José Basso,1949-11-25,Patotero Sentimental,Bailarín Porteño | Patotero,Tango,Oscar Ferrari,Odeón,,17498,30755,Manuel Jovés,Manuel Romero,,49-61 Odeón,José Basso,Rafael Del Bagno,"Julio Ahumada, Eduardo Rovira, Adolfo Francia, Andrés Natale","Mauricio Misé, Francisco Oréfice, Rodolfo Fernández, Domingo Serra, Leopoldo Marafiotti","Piano, Bass, 4 Bandoneons, 5 Violins",,,,
José Basso,Orquesta José Basso,1949-11-25,Triste Comedia,,Tango,Francisco Fiorentino,Odeón,,17499,30755,Héctor Stamponi,Oscar Rubens,,49-61 Odeón,José Basso,Rafael Del Bagno,"Julio Ahumada, Eduardo Rovira, Adolfo Francia, Andrés Natale","Mauricio Misé, Francisco Oréfice, Rodolfo Fernández, Domingo Serra, Leopoldo Marafiotti","Piano, Bass, 4 Bandoneons, 5 Violins",,,,
José Basso,Orquesta José Basso,1950-01-20,Entrada Prohibida,,Tango,Instrumental,Odeón,,17562,30756,Luis Teisseire,,,49-61 Odeón,José Basso,Rafael Del Bagno,"Julio Ahumada, Eduardo Rovira, Adolfo Francia, Andrés Natale","Mauricio Misé, Francisco Oréfice, Rodolfo Fernández, Domingo Serra, Leopoldo Marafiotti","Piano, Bass, 4 Bandoneons, 5 Violins",,,,
José Basso,Orquesta José Basso,1950-01-20,Venganza,,Tango,Oscar Ferrari,Odeón,,17563,30756,Luis Rubistein,Luis Rubistein,,49-61 Odeón,José Basso,Rafael Del Bagno,"Julio Ahumada, Eduardo Rovira, Adolfo Francia, Andrés Natale","Mauricio Misé, Francisco Oréfice, Rodolfo Fernández, Domingo Serra, Leopoldo Marafiotti","Piano, Bass, 4 Bandoneons, 5 Violins",,,,
José Basso,Orquesta José Basso,1950-03-31,Anoche a las Dos,,Tango,Jorge Durán,Odeón,,17607,55097,Raúl De Los Hoyos,Roberto Cayol,,49-61 Odeón,José Basso,Rafael Del Bagno,"Julio Ahumada, Eduardo Rovira, Adolfo Francia, Andrés Natale","Mauricio Misé, Francisco Oréfice, Rodolfo Fernández, Domingo Serra, Leopoldo Marafiotti","Piano, Bass, 4 Bandoneons, 5 Violins",,,,
José Basso,Orquesta José Basso,1950-03-31,El Estagiario,,Tango,Instrumental,Odeón,,17608,55097,Martín Álvarez,Martín Álvarez,,49-61 Odeón,José Basso,Rafael Del Bagno,"Julio Ahumada, Eduardo Rovira, Adolfo Francia, Andrés Natale","Mauricio Misé, Francisco Oréfice, Rodolfo Fernández, Domingo Serra, Leopoldo Marafiotti","Piano, Bass, 4 Bandoneons, 5 Violins",,,,
José Basso,Orquesta José Basso,1950-06-27,Galleguita,,Tango,Oscar Ferrari,Odeón,,17693,55118,Horacio Pettorossi,Alfredo Navarrine,,49-61 Odeón,José Basso,Rafael Del Bagno,"Julio Ahumada, Eduardo Rovira, Adolfo Francia, Andrés Natale","Mauricio Misé, Francisco Oréfice, Rodolfo Fernández, Domingo Serra, Leopoldo Marafiotti","Piano, Bass, 4 Bandoneons, 5 Violins",,,,
José Basso,Orquesta José Basso,1950-06-27,Martirio,,Tango,Jorge Durán,Odeón,,17694,55118,Enrique Discépolo,Enrique Discépolo,,49-61 Odeón,José Basso,Rafael Del Bagno,"Julio Ahumada, Eduardo Rovira, Adolfo Francia, Andrés Natale","Mauricio Misé, Francisco Oréfice, Rodolfo Fernández, Domingo Serra, Leopoldo Marafiotti","Piano, Bass, 4 Bandoneons, 5 Violins",,,,
José Basso,Orquesta José Basso,1950-08-29,Mamboretá,,Tango,Jorge Durán,Odeón,,17775,55143,María Godard,Francisco Jiménez,,49-61 Odeón,José Basso,Rafael Del Bagno,"Julio Ahumada, Eduardo Rovira, Adolfo Francia, Andrés Natale","Mauricio Misé, Francisco Oréfice, Rodolfo Fernández, Domingo Serra, Leopoldo Marafiotti","Piano, Bass, 4 Bandoneons, 5 Violins",,,,
José Basso,Orquesta José Basso,1950-08-29,Para Lucirse,Show Off,Tango,Instrumental,Odeón,,17776,55143,Astor Piazzolla,,,49-61 Odeón,José Basso,Rafael Del Bagno,"Julio Ahumada, Eduardo Rovira, Adolfo Francia, Andrés Natale","Mauricio Misé, Francisco Oréfice, Rodolfo Fernández, Domingo Serra, Leopoldo Marafiotti","Piano, Bass, 4 Bandoneons, 5 Violins",,,,
José Basso,Orquesta José Basso,1950-11-17,Mi Vieja Viola,,Tango,Oscar Ferrari,Odeón,,17893,55185,Humberto Correa,"Humberto Correa, Salvador Frías",,49-61 Odeón,José Basso,Rafael Del Bagno,"Julio Ahumada, Eduardo Rovira, Adolfo Francia, Andrés Natale","Mauricio Misé, Francisco Oréfice, Rodolfo Fernández, Domingo Serra, Leopoldo Marafiotti","Piano, Bass, 4 Bandoneons, 5 Violins",,,,
José Basso,Orquesta José Basso,1950-11-17,Payada Criolla,,Milonga,Jorge Durán Y Oscar Ferrari,Odeón,,17894,55185,José Basso,Enrique Maroni,,49-61 Odeón,José Basso,Rafael Del Bagno,"Julio Ahumada, Eduardo Rovira, Adolfo Francia, Andrés Natale","Mauricio Misé, Francisco Oréfice, Rodolfo Fernández, Domingo Serra, Leopoldo Marafiotti","Piano, Bass, 4 Bandoneons, 5 Violins",,,,
José Basso,Orquesta José Basso,1951-05-17,El Patio de la Morocha,,Tango,Jorge Durán Y Oscar Ferrari,Odeón,,18015,55239,Mariano Mores,Cátulo Castillo,,49-61 Odeón,José Basso,Rafael Del Bagno,"Julio Ahumada, Eduardo Rovira, Adolfo Francia, Andrés Natale","Mauricio Misé, Francisco Oréfice, Rodolfo Fernández, Domingo Serra, Leopoldo Marafiotti","Piano, Bass, 4 Bandoneons, 5 Violins",,,,
José Basso,Orquesta José Basso,1951-05-17,Prepárense,,Tango,Instrumental,Odeón,,18014,55239,Astor Piazzolla,,,49-61 Odeón,José Basso,Rafael Del Bagno,"Julio Ahumada, Eduardo Rovira, Adolfo Francia, Andrés Natale","Mauricio Misé, Francisco Oréfice, Rodolfo Fernández, Domingo Serra, Leopoldo Marafiotti","Piano, Bass, 4 Bandoneons, 5 Violins",,,,
José Basso,Orquesta José Basso,1951-07-26,En la Vía,,Tango,Jorge Durán,Odeón,,18122,55282,Nicolás Vaccaro,Eduardo Méndez,,49-61 Odeón,José Basso,Rafael Del Bagno,"Julio Ahumada, Eduardo Rovira, Adolfo Francia, Andrés Natale","Mauricio Misé, Francisco Oréfice, Rodolfo Fernández, Domingo Serra, Leopoldo Marafiotti","Piano, Bass, 4 Bandoneons, 5 Violins",,,,
José Basso,Orquesta José Basso,1951-07-26,Será una Noche,,Tango,Oscar Ferrari,Odeón,,18123,55282,José Tinelli,Manuel Campos,,49-61 Odeón,José Basso,Rafael Del Bagno,"Julio Ahumada, Eduardo Rovira, Adolfo Francia, Andrés Natale","Mauricio Misé, Francisco Oréfice, Rodolfo Fernández, Domingo Serra, Leopoldo Marafiotti","Piano, Bass, 4 Bandoneons, 5 Violins",,,,
José Basso,Orquesta José Basso,1951-09-11,Te Odio,,Tango,Oscar Ferrari,Odeón,,18180,55307,Francisco Pracánico,Celedonio Flores,,49-61 Odeón,José Basso,Rafael Del Bagno,"Julio Ahumada, Eduardo Rovira, Adolfo Francia, Andrés Natale","Mauricio Misé, Francisco Oréfice, Rodolfo Fernández, Domingo Serra, Leopoldo Marafiotti","Piano, Bass, 4 Bandoneons, 5 Violins",,,,
José Basso,Orquesta José Basso,1951-09-11,Tomo y Obligo,,Tango,Jorge Durán,Odeón,,18179,55307,Carlos Gardel,Manuel Romero,,49-61 Odeón,José Basso,Rafael Del Bagno,"Julio Ahumada, Eduardo Rovira, Adolfo Francia, Andrés Natale","Mauricio Misé, Francisco Oréfice, Rodolfo Fernández, Domingo Serra, Leopoldo Marafiotti","Piano, Bass, 4 Bandoneons, 5 Violins",,,,
José Basso,Orquesta José Basso,1952-01-10,Hágame el Favor,,Tango,Jorge Durán,Odeón,,18323,55358,José Rial,José Rial,,49-61 Odeón,José Basso,Rafael Del Bagno,"Julio Ahumada, Eduardo Rovira, Adolfo Francia, Andrés Natale","Mauricio Misé, Francisco Oréfice, Rodolfo Fernández, Domingo Serra, Leopoldo Marafiotti","Piano, Bass, 4 Bandoneons, 5 Violins",,,,
José Basso,Orquesta José Basso,1952-01-10,Nuestro Vals,,Vals,Instrumental,Odeón,,18358,55358,José Basso,,,49-61 Odeón,José Basso,Rafael Del Bagno,"Julio Ahumada, Eduardo Rovira, Adolfo Francia, Andrés Natale","Mauricio Misé, Francisco Oréfice, Rodolfo Fernández, Domingo Serra, Leopoldo Marafiotti","Piano, Bass, 4 Bandoneons, 5 Violins",,,,
José Basso,Orquesta José Basso,1952-05-06,Contratiempo,Countepoint,Tango,Instrumental,Odeón,,18379,55389,Astor Piazzolla,,,49-61 Odeón,José Basso,Rafael Del Bagno,"Julio Ahumada, Eduardo Rovira, Adolfo Francia, Andrés Natale","Mauricio Misé, Francisco Oréfice, Rodolfo Fernández, Domingo Serra, Leopoldo Marafiotti","Piano, Bass, 4 Bandoneons, 5 Violins",,,,
José Basso,Orquesta José Basso,1952-05-06,Ronda de Ensueño,,Vals,Jorge Durán Y Oscar Ferrari,Odeón,,18378,55389,Josef Ivanovici,Raúl Capablanca,,49-61 Odeón,José Basso,Rafael Del Bagno,"Julio Ahumada, Eduardo Rovira, Adolfo Francia, Andrés Natale","Mauricio Misé, Francisco Oréfice, Rodolfo Fernández, Domingo Serra, Leopoldo Marafiotti","Piano, Bass, 4 Bandoneons, 5 Violins",,,,
José Basso,Orquesta José Basso,1952-07-01,Anteayer,,Tango,Jorge Durán,Odeón,,18460,55428,José Basso,Francisco Jiménez,,49-61 Odeón,José Basso,Rafael Del Bagno,"Julio Ahumada, Eduardo Rovira, Adolfo Francia, Andrés Natale","Mauricio Misé, Francisco Oréfice, Rodolfo Fernández, Domingo Serra, Leopoldo Marafiotti","Piano, Bass, 4 Bandoneons, 5 Violins",,,,
José Basso,Orquesta José Basso,1952-07-01,El Llorón,,Milonga,Instrumental,Odeón,,18461,55428,Juan Maglio,Enrique Cadícamo,,49-61 Odeón,José Basso,Rafael Del Bagno,"Julio Ahumada, Eduardo Rovira, Adolfo Francia, Andrés Natale","Mauricio Misé, Francisco Oréfice, Rodolfo Fernández, Domingo Serra, Leopoldo Marafiotti","Piano, Bass, 4 Bandoneons, 5 Violins",,,,
José Basso,Orquesta José Basso,1952-12-11,Cuando Me Entrés a Fallar,,Tango,Jorge Durán,Odeón,,18733,55522,José Aguilar,Celedonio Flores,,49-61 Odeón,José Basso,Rafael Del Bagno,"Julio Ahumada, Eduardo Rovira, Adolfo Francia, Andrés Natale","Mauricio Misé, Francisco Oréfice, Rodolfo Fernández, Domingo Serra, Leopoldo Marafiotti","Piano, Bass, 4 Bandoneons, 5 Violins",,,,
José Basso,Orquesta José Basso,1952-12-11,Los Mareados,,Tango,Oscar Ferrari,Odeón,,18732,55598,Juan Cobián,Enrique Cadícamo,,49-61 Odeón,José Basso,Rafael Del Bagno,"Julio Ahumada, Eduardo Rovira, Adolfo Francia, Andrés Natale","Mauricio Misé, Francisco Oréfice, Rodolfo Fernández, Domingo Serra, Leopoldo Marafiotti","Piano, Bass, 4 Bandoneons, 5 Violins",,,,
José Basso,Orquesta José Basso,1952-12-11,Once y Uno,11 y 1,Tango,Instrumental,Odeón,,18734,55598,José Basso,,,49-61 Odeón,José Basso,Rafael Del Bagno,"Julio Ahumada, Eduardo Rovira, Adolfo Francia, Andrés Natale","Mauricio Misé, Francisco Oréfice, Rodolfo Fernández, Domingo Serra, Leopoldo Marafiotti","Piano, Bass, 4 Bandoneons, 5 Violins",,,,
José Basso,Orquesta José Basso,1952-12-11,Para Qué Vivir Así,,Tango,Oscar Ferrari,Odeón,,18735,55523,Luciano Leocata,Reinaldo Yiso,,49-61 Odeón,José Basso,Rafael Del Bagno,"Julio Ahumada, Eduardo Rovira, Adolfo Francia, Andrés Natale","Mauricio Misé, Francisco Oréfice, Rodolfo Fernández, Domingo Serra, Leopoldo Marafiotti","Piano, Bass, 4 Bandoneons, 5 Violins",,,,
José Basso,Orquesta José Basso,1953-06-12,Melodía de Arrabal,,Tango,Jorge Durán,Odeón,,18961,55703,Carlos Gardel,"Alfredo Le Pera, Mario Battistella",,49-61 Odeón,José Basso,Rafael Del Bagno,"Julio Ahumada, Eduardo Rovira, Adolfo Francia, Andrés Natale","Mauricio Misé, Francisco Oréfice, Rodolfo Fernández, Domingo Serra, Leopoldo Marafiotti","Piano, Bass, 4 Bandoneons, 5 Violins",,,,
José Basso,Orquesta José Basso,1953-06-12,Triunfal,,Tango,Instrumental,Odeón,,18962,55703,Astor Piazzolla,,,49-61 Odeón,José Basso,Rafael Del Bagno,"Julio Ahumada, Eduardo Rovira, Adolfo Francia, Andrés Natale","Mauricio Misé, Francisco Oréfice, Rodolfo Fernández, Domingo Serra, Leopoldo Marafiotti","Piano, Bass, 4 Bandoneons, 5 Violins",,,,
José Basso,Orquesta José Basso,1953-12-09,Cuesta Abajo,,Tango,Rodolfo Galé,Odeón,,19274,55900,Carlos Gardel,Alfredo Le Pera,,49-61 Odeón,José Basso,Rafael Del Bagno,"Julio Ahumada, Eduardo Rovira, Adolfo Francia, Andrés Natale","Mauricio Misé, Francisco Oréfice, Rodolfo Fernández, Domingo Serra, Leopoldo Marafiotti","Piano, Bass, 4 Bandoneons, 5 Violins",,,,
José Basso,Orquesta José Basso,1953-12-09,Patoteros,,Tango,Rodolfo Galé,Odeón,,19275,55866,Adolfo Mondino,"Víctor Soliño, Roberto Fontaina",,49-61 Odeón,José Basso,Rafael Del Bagno,"Julio Ahumada, Eduardo Rovira, Adolfo Francia, Andrés Natale","Mauricio Misé, Francisco Oréfice, Rodolfo Fernández, Domingo Serra, Leopoldo Marafiotti","Piano, Bass, 4 Bandoneons, 5 Violins",,,,
José Basso,Orquesta José Basso,1953-12-09,Pena Copa y Tango,,Tango,Oscar Ferrari,Odeón,,19273,55900,José Basso,Mario Diaz,,49-61 Odeón,José Basso,Rafael Del Bagno,"Julio Ahumada, Eduardo Rovira, Adolfo Francia, Andrés Natale","Mauricio Misé, Francisco Oréfice, Rodolfo Fernández, Domingo Serra, Leopoldo Marafiotti","Piano, Bass, 4 Bandoneons, 5 Violins",,,,
José Basso,Orquesta José Basso,1953-12-09,Sábado Inglés,,Tango,Instrumental,Odeón,,19276,55866,Juan Maglio,Eugenio Cárdenas,,49-61 Odeón,José Basso,Rafael Del Bagno,"Julio Ahumada, Eduardo Rovira, Adolfo Francia, Andrés Natale","Mauricio Misé, Francisco Oréfice, Rodolfo Fernández, Domingo Serra, Leopoldo Marafiotti","Piano, Bass, 4 Bandoneons, 5 Violins",,,,
José Basso,Orquesta José Basso,1954-09-23,Doblando el Codo,,Tango,Rodolfo Galé,Odeón,,19718,51618,Eduardo Del Piano,Juan Mañueco,,49-61 Odeón,José Basso,Rafael Del Bagno,"Julio Ahumada, Eduardo Rovira, Adolfo Francia, Andrés Natale","Mauricio Misé, Francisco Oréfice, Rodolfo Fernández, Domingo Serra, Leopoldo Marafiotti","Piano, Bass, 4 Bandoneons, 5 Violins",,,,
José Basso,Orquesta José Basso,1954-09-23,Lo Siento en el Alma,,Tango,Oscar Ferrari,Odeón,,19717,51618,Roberto Giménez,Reinaldo Yiso,,49-61 Odeón,José Basso,Rafael Del Bagno,"Julio Ahumada, Eduardo Rovira, Adolfo Francia, Andrés Natale","Mauricio Misé, Francisco Oréfice, Rodolfo Fernández, Domingo Serra, Leopoldo Marafiotti","Piano, Bass, 4 Bandoneons, 5 Violins",,,,
José Basso,Orquesta José Basso,1955-04-19,Don Juan,Mozos Guapos,Tango,Instrumental,Odeón,,20084,51751,Ernesto Ponzio,Ricardo Podestá,,49-61 Odeón,José Basso,Rafael Del Bagno,"Julio Ahumada, Eduardo Rovira, Adolfo Francia, Andrés Natale","Mauricio Misé, Francisco Oréfice, Rodolfo Fernández, Domingo Serra, Leopoldo Marafiotti","Piano, Bass, 4 Bandoneons, 5 Violins",,,,
José Basso,Orquesta José Basso,1955-04-19,Eras Como la Flor,,Tango,Rodolfo Galé,Odeón,,20083,51713,Roberto Rufino,Mario Arrieta,,49-61 Odeón,José Basso,Rafael Del Bagno,"Julio Ahumada, Eduardo Rovira, Adolfo Francia, Andrés Natale","Mauricio Misé, Francisco Oréfice, Rodolfo Fernández, Domingo Serra, Leopoldo Marafiotti","Piano, Bass, 4 Bandoneons, 5 Violins",,,,
José Basso,Orquesta José Basso,1955-04-19,La Maleva,,Tango,Oscar Ferrari,Odeón,,20082,51751,Antonio Buglione,Mario Pardo,,49-61 Odeón,José Basso,Rafael Del Bagno,"Julio Ahumada, Eduardo Rovira, Adolfo Francia, Andrés Natale","Mauricio Misé, Francisco Oréfice, Rodolfo Fernández, Domingo Serra, Leopoldo Marafiotti","Piano, Bass, 4 Bandoneons, 5 Violins",,,,
José Basso,Orquesta José Basso,1955-04-19,La Tablada,,Tango,Instrumental,Odeón,,20085,51713,Francisco Canaro,,,49-61 Odeón,José Basso,Rafael Del Bagno,"Julio Ahumada, Eduardo Rovira, Adolfo Francia, Andrés Natale","Mauricio Misé, Francisco Oréfice, Rodolfo Fernández, Domingo Serra, Leopoldo Marafiotti","Piano, Bass, 4 Bandoneons, 5 Violins",,,,
José Basso,Orquesta José Basso,1955-09-16,Amurado,,Tango,Instrumental,Odeón,,,,"Pedro Maffía, Pedro Laurenz",José De Grandis,,49-61 Odeón,José Basso,Rafael Del Bagno,"Julio Ahumada, Eduardo Rovira, Adolfo Francia, Andrés Natale","Mauricio Misé, Francisco Oréfice, Rodolfo Fernández, Domingo Serra, Leopoldo Marafiotti","Piano, Bass, 4 Bandoneons, 5 Violins",,,,
José Basso,Orquesta José Basso,1955-09-16,Guardia Vieja,,Tango,Instrumental,Odeón,,,,Julio De Caro,José De Grandis,,49-61 Odeón,José Basso,Rafael Del Bagno,"Julio Ahumada, Eduardo Rovira, Adolfo Francia, Andrés Natale","Mauricio Misé, Francisco Oréfice, Rodolfo Fernández, Domingo Serra, Leopoldo Marafiotti","Piano, Bass, 4 Bandoneons, 5 Violins",,,,
José Basso,Orquesta José Basso,1955-09-16,La Cumparsita,Si Supieras,Tango,Instrumental,Odeón,,,,Gerardo Rodríguez,"Pascual Contursi, Enrique Maroni, Gerardo Rodríguez",,49-61 Odeón,José Basso,Rafael Del Bagno,"Julio Ahumada, Eduardo Rovira, Adolfo Francia, Andrés Natale","Mauricio Misé, Francisco Oréfice, Rodolfo Fernández, Domingo Serra, Leopoldo Marafiotti","Piano, Bass, 4 Bandoneons, 5 Violins",,,,
José Basso,Orquesta José Basso,1955-09-16,La Puñalada,,Milonga,Instrumental,Odeón,,,,Pintín Castellanos,Celedonio Flores,,49-61 Odeón,José Basso,Rafael Del Bagno,"Julio Ahumada, Eduardo Rovira, Adolfo Francia, Andrés Natale","Mauricio Misé, Francisco Oréfice, Rodolfo Fernández, Domingo Serra, Leopoldo Marafiotti","Piano, Bass, 4 Bandoneons, 5 Violins",,,,
José Basso,Orquesta José Basso,1955-09-16,Re Fa Si,,Tango,Instrumental,Odeón,,,,Enrique Delfino,,,49-61 Odeón,José Basso,Rafael Del Bagno,"Julio Ahumada, Eduardo Rovira, Adolfo Francia, Andrés Natale","Mauricio Misé, Francisco Oréfice, Rodolfo Fernández, Domingo Serra, Leopoldo Marafiotti","Piano, Bass, 4 Bandoneons, 5 Violins",,,,
José Basso,Orquesta José Basso,1955-09-16,Sacale Punta Al Lápiz,,Milonga,Instrumental,Odeón,,,,José Basso,,,49-61 Odeón,José Basso,Rafael Del Bagno,"Julio Ahumada, Eduardo Rovira, Adolfo Francia, Andrés Natale","Mauricio Misé, Francisco Oréfice, Rodolfo Fernández, Domingo Serra, Leopoldo Marafiotti","Piano, Bass, 4 Bandoneons, 5 Violins",,,,
José Basso,Orquesta José Basso,1955-12-23,Cuando Muere el Corazón,,Tango,Oscar Ferrari,Odeón,,20677,51862,Juan Bera,Antonio Salerno,,49-61 Odeón,José Basso,Rafael Del Bagno,"Julio Ahumada, Eduardo Rovira, Adolfo Francia, Andrés Natale","Mauricio Misé, Francisco Oréfice, Rodolfo Fernández, Domingo Serra, Leopoldo Marafiotti","Piano, Bass, 4 Bandoneons, 5 Violins",,,,
José Basso,Orquesta José Basso,1955-12-23,Sentimiento Gaucho,,Tango,Oscar Ferrari,Odeón,,20676,51862,"Francisco Canaro, Rafael Canaro",Juan Caruso,,49-61 Odeón,José Basso,Rafael Del Bagno,"Julio Ahumada, Eduardo Rovira, Adolfo Francia, Andrés Natale","Mauricio Misé, Francisco Oréfice, Rodolfo Fernández, Domingo Serra, Leopoldo Marafiotti","Piano, Bass, 4 Bandoneons, 5 Violins",,,,
José Basso,Orquesta José Basso,1956-04-20,Pecachi,,Tango,Instrumental,Odeón,,,51989 P-13,José Basso,,,49-61 Odeón,José Basso,Rafael Del Bagno,"Julio Ahumada, Eduardo Rovira, Adolfo Francia, Andrés Natale","Mauricio Misé, Francisco Oréfice, Rodolfo Fernández, Domingo Serra, Leopoldo Marafiotti","Piano, Bass, 4 Bandoneons, 5 Violins",,,,
José Basso,Orquesta José Basso,1956-04-20,Tres Éxitos,Fumando Espero | Historia de un Amor | Bailemos,Tango,Floreal Ruiz,Odeón,,20921,51925,"Juan Massanes, Carlos Almarán, Cholo Mamone","Félix Garzo, Carlos Almarán, Reinaldo Yiso",,49-61 Odeón,José Basso,Rafael Del Bagno,"Julio Ahumada, Eduardo Rovira, Adolfo Francia, Andrés Natale","Mauricio Misé, Francisco Oréfice, Rodolfo Fernández, Domingo Serra, Leopoldo Marafiotti","Piano, Bass, 4 Bandoneons, 5 Violins",,,,
José Basso,Orquesta José Basso,1956-04-20,Yunquitango,,Tango,Instrumental,Odeón,,20922,51925,Héctor Stamponi,,,49-61 Odeón,José Basso,Rafael Del Bagno,"Julio Ahumada, Eduardo Rovira, Adolfo Francia, Andrés Natale","Mauricio Misé, Francisco Oréfice, Rodolfo Fernández, Domingo Serra, Leopoldo Marafiotti","Piano, Bass, 4 Bandoneons, 5 Violins",,,,
José Basso,Orquesta José Basso,1956-06-11,Por la Vuelta,,Tango,Floreal Ruiz,Odeón,,21071,51949,José Tinelli,Enrique Cadícamo,,49-61 Odeón,José Basso,Rafael Del Bagno,"Julio Ahumada, Eduardo Rovira, Adolfo Francia, Andrés Natale","Mauricio Misé, Francisco Oréfice, Rodolfo Fernández, Domingo Serra, Leopoldo Marafiotti","Piano, Bass, 4 Bandoneons, 5 Violins",,,,
José Basso,Orquesta José Basso,1956-06-11,Y Todavía Te Quiero,,Tango,Floreal Ruiz,Odeón,,21070,51949,Luciano Leocata,Abel Aznar,,49-61 Odeón,José Basso,Rafael Del Bagno,"Julio Ahumada, Eduardo Rovira, Adolfo Francia, Andrés Natale","Mauricio Misé, Francisco Oréfice, Rodolfo Fernández, Domingo Serra, Leopoldo Marafiotti","Piano, Bass, 4 Bandoneons, 5 Violins",,,,
José Basso,Orquesta José Basso,1956-07-26,A la Mujer Argentina,,Tango,Floreal Ruiz,Odeón,,21164,51975,Alejandro Romay,Roberto Giménez,,49-61 Odeón,José Basso,Rafael Del Bagno,"Julio Ahumada, Eduardo Rovira, Adolfo Francia, Andrés Natale","Mauricio Misé, Francisco Oréfice, Rodolfo Fernández, Domingo Serra, Leopoldo Marafiotti","Piano, Bass, 4 Bandoneons, 5 Violins",,,,
José Basso,Orquesta José Basso,1956-07-26,La Cumparsita,Si Supieras,Tango,Instrumental,Odeón,,21163,51975,Gerardo Rodríguez,"Pascual Contursi, Enrique Maroni, Gerardo Rodríguez",,49-61 Odeón,José Basso,Rafael Del Bagno,"Julio Ahumada, Eduardo Rovira, Adolfo Francia, Andrés Natale","Mauricio Misé, Francisco Oréfice, Rodolfo Fernández, Domingo Serra, Leopoldo Marafiotti","Piano, Bass, 4 Bandoneons, 5 Violins",,,,
José Basso,Orquesta José Basso,1956-09-17,Bailemos,,Tango,Floreal Ruiz,Odeón,,21322,52018,Cholo Mamone,Reinaldo Yiso,,49-61 Odeón,José Basso,Rafael Del Bagno,"Julio Ahumada, Eduardo Rovira, Adolfo Francia, Andrés Natale","Mauricio Misé, Francisco Oréfice, Rodolfo Fernández, Domingo Serra, Leopoldo Marafiotti","Piano, Bass, 4 Bandoneons, 5 Violins",,,,
José Basso,Orquesta José Basso,1956-09-17,El Taita,Raza Criolla,Tango,Instrumental,Odeón,,21321,52018,Salvador Grupillo,,,49-61 Odeón,José Basso,Rafael Del Bagno,"Julio Ahumada, Eduardo Rovira, Adolfo Francia, Andrés Natale","Mauricio Misé, Francisco Oréfice, Rodolfo Fernández, Domingo Serra, Leopoldo Marafiotti","Piano, Bass, 4 Bandoneons, 5 Violins",,,,
José Basso,Orquesta José Basso,1956-10-09,Mis Manos,,Tango,Floreal Ruiz,Odeón,,21399,52037,Gilbert Becaud,"Pierre Delanoe, Hipolyte Beuscher, Guillermo Pelay, Horacio Pelay",,49-61 Odeón,José Basso,Rafael Del Bagno,"Julio Ahumada, Eduardo Rovira, Adolfo Francia, Andrés Natale","Mauricio Misé, Francisco Oréfice, Rodolfo Fernández, Domingo Serra, Leopoldo Marafiotti","Piano, Bass, 4 Bandoneons, 5 Violins",,,,
José Basso,Orquesta José Basso,1956-10-09,Muriéndome de Amor,,Tango,Floreal Ruiz,Odeón,,21398,52037,Manuel Sucher,Carlos Bahr,,49-61 Odeón,José Basso,Rafael Del Bagno,"Julio Ahumada, Eduardo Rovira, Adolfo Francia, Andrés Natale","Mauricio Misé, Francisco Oréfice, Rodolfo Fernández, Domingo Serra, Leopoldo Marafiotti","Piano, Bass, 4 Bandoneons, 5 Violins",,,,
José Basso,Orquesta José Basso,1956-11-29,La Reja,,Tango,Floreal Ruiz,Odeón,,21605,52099,Carlos Marcucci,Manuel Meaños,,49-61 Odeón,José Basso,Rafael Del Bagno,"Julio Ahumada, Eduardo Rovira, Adolfo Francia, Andrés Natale","Mauricio Misé, Francisco Oréfice, Rodolfo Fernández, Domingo Serra, Leopoldo Marafiotti","Piano, Bass, 4 Bandoneons, 5 Violins",,,,
José Basso,Orquesta José Basso,1956-11-29,Mundana,,Tango,Floreal Ruiz,Odeón,,21604,52099,"José Basso, Floreal Ruiz",Manuel Barros,,49-61 Odeón,José Basso,Rafael Del Bagno,"Julio Ahumada, Eduardo Rovira, Adolfo Francia, Andrés Natale","Mauricio Misé, Francisco Oréfice, Rodolfo Fernández, Domingo Serra, Leopoldo Marafiotti","Piano, Bass, 4 Bandoneons, 5 Violins",,,,
José Basso,Orquesta José Basso,1957-03-27,La Fulana,,Milonga,Floreal Ruiz,Odeón,,21923,52133,"Alberto Mastra, Luis Caruso","Alberto Mastra, Luis Caruso",,49-61 Odeón,José Basso,Rafael Del Bagno,"Julio Ahumada, Eduardo Rovira, Adolfo Francia, Andrés Natale","Mauricio Misé, Francisco Oréfice, Rodolfo Fernández, Domingo Serra, Leopoldo Marafiotti","Piano, Bass, 4 Bandoneons, 5 Violins",,,,
José Basso,Orquesta José Basso,1957-03-27,Quedémonos Aquí,,Tango,Floreal Ruiz,Odeón,,21922,52133,Héctor Stamponi,Homero Expósito,,49-61 Odeón,José Basso,Rafael Del Bagno,"Julio Ahumada, Eduardo Rovira, Adolfo Francia, Andrés Natale","Mauricio Misé, Francisco Oréfice, Rodolfo Fernández, Domingo Serra, Leopoldo Marafiotti","Piano, Bass, 4 Bandoneons, 5 Violins",,,,
José Basso,Orquesta José Basso,1957-08-27,De Puro Curda,,Tango,Alfredo Belusi,Odeón,,22405,52218,Carlos Olmedo,"Abel Aznar, Campos Di Carlo",,49-61 Odeón,José Basso,Rafael Del Bagno,"Julio Ahumada, Eduardo Rovira, Adolfo Francia, Andrés Natale","Mauricio Misé, Francisco Oréfice, Rodolfo Fernández, Domingo Serra, Leopoldo Marafiotti","Piano, Bass, 4 Bandoneons, 5 Violins",,,,
José Basso,Orquesta José Basso,1957-08-27,Vieja Amiga,,Tango,Floreal Ruiz,Odeón,,22404,52218,Pedro Laurenz,José Contursi,,49-61 Odeón,José Basso,Rafael Del Bagno,"Julio Ahumada, Eduardo Rovira, Adolfo Francia, Andrés Natale","Mauricio Misé, Francisco Oréfice, Rodolfo Fernández, Domingo Serra, Leopoldo Marafiotti","Piano, Bass, 4 Bandoneons, 5 Violins",,,,
José Basso,Orquesta José Basso,1957-09-27,Dónde Estás,,Tango,Floreal Ruiz,Odeón,,22529,52275,Manuel Sucher,Carlos Bahr,,49-61 Odeón,José Basso,Rafael Del Bagno,"Julio Ahumada, Eduardo Rovira, Adolfo Francia, Andrés Natale","Mauricio Misé, Francisco Oréfice, Rodolfo Fernández, Domingo Serra, Leopoldo Marafiotti","Piano, Bass, 4 Bandoneons, 5 Violins",,,,
José Basso,Orquesta José Basso,1957-09-27,Recordándote,,Tango,Alfredo Belusi,Odeón,,22528,52275,Guillermo Barbieri,José De Grandis,,49-61 Odeón,José Basso,Rafael Del Bagno,"Julio Ahumada, Eduardo Rovira, Adolfo Francia, Andrés Natale","Mauricio Misé, Francisco Oréfice, Rodolfo Fernández, Domingo Serra, Leopoldo Marafiotti","Piano, Bass, 4 Bandoneons, 5 Violins",,,,
José Basso,Orquesta José Basso,1958-03-03,No Eres Igual,,Tango,Floreal Ruiz,Odeón,,22895,51300,Roberto Ortega,Héctor Sategna,,49-61 Odeón,José Basso,Rafael Del Bagno,"Julio Ahumada, Eduardo Rovira, Adolfo Francia, Andrés Natale","Mauricio Misé, Francisco Oréfice, Rodolfo Fernández, Domingo Serra, Leopoldo Marafiotti","Piano, Bass, 4 Bandoneons, 5 Violins",,,,
José Basso,Orquesta José Basso,1958-03-03,Qué Me Importa Tu Pasado,,Tango,Alfredo Belusi,Odeón,,22894,51300,Retama,Roberto Giménez,,49-61 Odeón,José Basso,Rafael Del Bagno,"Julio Ahumada, Eduardo Rovira, Adolfo Francia, Andrés Natale","Mauricio Misé, Francisco Oréfice, Rodolfo Fernández, Domingo Serra, Leopoldo Marafiotti","Piano, Bass, 4 Bandoneons, 5 Violins",,,,
José Basso,Orquesta José Basso,1958-05-14,Ahí Va el Dulce,,Tango,Instrumental,Odeón,,23070,51350,Juan Canaro,Osvaldo Cordero,,49-61 Odeón,José Basso,Rafael Del Bagno,"Julio Ahumada, Eduardo Rovira, Adolfo Francia, Andrés Natale","Mauricio Misé, Francisco Oréfice, Rodolfo Fernández, Domingo Serra, Leopoldo Marafiotti","Piano, Bass, 4 Bandoneons, 5 Violins",,,,
José Basso,Orquesta José Basso,1958-05-19,Gigí,,Tango,Floreal Ruiz,Odeón,,23071,51350,Enzo Valentino,Eduardo Moreno,,49-61 Odeón,José Basso,Rafael Del Bagno,"Julio Ahumada, Eduardo Rovira, Adolfo Francia, Andrés Natale","Mauricio Misé, Francisco Oréfice, Rodolfo Fernández, Domingo Serra, Leopoldo Marafiotti","Piano, Bass, 4 Bandoneons, 5 Violins",,,,
José Basso,Orquesta José Basso,1958-05-21,Cobardía,Bolero de Ma Vie,Tango,Alfredo Belusi,Odeón,,23115,51365,Charlo,Luis Amadori,,49-61 Odeón,José Basso,Rafael Del Bagno,"Julio Ahumada, Eduardo Rovira, Adolfo Francia, Andrés Natale","Mauricio Misé, Francisco Oréfice, Rodolfo Fernández, Domingo Serra, Leopoldo Marafiotti","Piano, Bass, 4 Bandoneons, 5 Violins",,,,
José Basso,Orquesta José Basso,1958-05-28,Cobardía,Bolero de Ma Vie,Tango,Alfredo Belusi,Odeón,,23115,51365,Charlo,Luis Amadori,,49-61 Odeón,José Basso,Rafael Del Bagno,"Julio Ahumada, Eduardo Rovira, Adolfo Francia, Andrés Natale","Mauricio Misé, Francisco Oréfice, Rodolfo Fernández, Domingo Serra, Leopoldo Marafiotti","Piano, Bass, 4 Bandoneons, 5 Violins",,,,
José Basso,Orquesta José Basso,1958-05-28,Después del Carnaval,,Tango,Floreal Ruiz,Odeón,,,,José Keen,José Keen,,49-61 Odeón,José Basso,Rafael Del Bagno,"Julio Ahumada, Eduardo Rovira, Adolfo Francia, Andrés Natale","Mauricio Misé, Francisco Oréfice, Rodolfo Fernández, Domingo Serra, Leopoldo Marafiotti","Piano, Bass, 4 Bandoneons, 5 Violins",,,,
José Basso,Orquesta José Basso,1958-10-07,El Último Guapo,,Tango,Alfredo Belusi,Odeón,,23543,52414,Riel,Abel Aznar,,49-61 Odeón,José Basso,Rafael Del Bagno,"Julio Ahumada, Eduardo Rovira, Adolfo Francia, Andrés Natale","Mauricio Misé, Francisco Oréfice, Rodolfo Fernández, Domingo Serra, Leopoldo Marafiotti","Piano, Bass, 4 Bandoneons, 5 Violins",,,,
José Basso,Orquesta José Basso,1958-10-07,Un Placer,,Vals,Alfredo Belusi Y Floreal Ruiz,Odeón,,23544,52414,Vicente Romeo,Juan Caruso,,49-61 Odeón,José Basso,Rafael Del Bagno,"Julio Ahumada, Eduardo Rovira, Adolfo Francia, Andrés Natale","Mauricio Misé, Francisco Oréfice, Rodolfo Fernández, Domingo Serra, Leopoldo Marafiotti","Piano, Bass, 4 Bandoneons, 5 Violins",,,,
José Basso,Orquesta José Basso,1958-12-03,María la del Portón,,Tango,Floreal Ruiz,Odeón,,23689,52463,Vicente Natale,Abel Aznar,,49-61 Odeón,José Basso,Rafael Del Bagno,"Julio Ahumada, Eduardo Rovira, Adolfo Francia, Andrés Natale","Mauricio Misé, Francisco Oréfice, Rodolfo Fernández, Domingo Serra, Leopoldo Marafiotti","Piano, Bass, 4 Bandoneons, 5 Violins",,,,
José Basso,Orquesta José Basso,1958-12-03,Por Miedo a Perderte,,Tango,Alfredo Belusi,Odeón,,23688,52520,Rafael Del Bagno,Antonio Cantó,,49-61 Odeón,José Basso,Rafael Del Bagno,"Julio Ahumada, Eduardo Rovira, Adolfo Francia, Andrés Natale","Mauricio Misé, Francisco Oréfice, Rodolfo Fernández, Domingo Serra, Leopoldo Marafiotti","Piano, Bass, 4 Bandoneons, 5 Violins",,,,
José Basso,Orquesta José Basso,1959-01-08,Amurado,,Tango,Instrumental,Odeón,,23781,52520,"Pedro Maffía, Pedro Laurenz",José De Grandis,,49-61 Odeón,José Basso,Rafael Del Bagno,"Julio Ahumada, Eduardo Rovira, Adolfo Francia, Andrés Natale","Mauricio Misé, Francisco Oréfice, Rodolfo Fernández, Domingo Serra, Leopoldo Marafiotti","Piano, Bass, 4 Bandoneons, 5 Violins",,,,
José Basso,Orquesta José Basso,1959-01-08,Pájaro Azul,,Tango,Instrumental,Odeón,,23782,52463,Francisco Canaro,,,49-61 Odeón,José Basso,Rafael Del Bagno,"Julio Ahumada, Eduardo Rovira, Adolfo Francia, Andrés Natale","Mauricio Misé, Francisco Oréfice, Rodolfo Fernández, Domingo Serra, Leopoldo Marafiotti","Piano, Bass, 4 Bandoneons, 5 Violins",,,,
José Basso,Orquesta José Basso,1959-03-09,En el Lago Azul,,Tango,Floreal Ruiz,Odeón,,23859,52480,Roberto Rufino,Alejandro Romay,,49-61 Odeón,José Basso,Rafael Del Bagno,"Julio Ahumada, Eduardo Rovira, Adolfo Francia, Andrés Natale","Mauricio Misé, Francisco Oréfice, Rodolfo Fernández, Domingo Serra, Leopoldo Marafiotti","Piano, Bass, 4 Bandoneons, 5 Violins",,,,
José Basso,Orquesta José Basso,1959-03-09,Porque Sí,,Tango,Floreal Ruiz,Odeón,,23860,52480,José Basso,Juan Pueblito,,49-61 Odeón,José Basso,Rafael Del Bagno,"Julio Ahumada, Eduardo Rovira, Adolfo Francia, Andrés Natale","Mauricio Misé, Francisco Oréfice, Rodolfo Fernández, Domingo Serra, Leopoldo Marafiotti","Piano, Bass, 4 Bandoneons, 5 Violins",,,,
José Basso,Orquesta José Basso,1959-07-21,El Peluquero,,Milonga,Floreal Ruiz,Odeón,,24250,52540,Alberto Mastra,Alberto Mastra,,49-61 Odeón,José Basso,Rafael Del Bagno,"Julio Ahumada, Eduardo Rovira, Adolfo Francia, Andrés Natale","Mauricio Misé, Francisco Oréfice, Rodolfo Fernández, Domingo Serra, Leopoldo Marafiotti","Piano, Bass, 4 Bandoneons, 5 Violins",,,,
José Basso,Orquesta José Basso,1959-07-21,Y No Le Erré,,Tango,Alfredo Belusi,Odeón,,24249,52540,Carlos Olmedo,Abel Aznar,,49-61 Odeón,José Basso,Rafael Del Bagno,"Julio Ahumada, Eduardo Rovira, Adolfo Francia, Andrés Natale","Mauricio Misé, Francisco Oréfice, Rodolfo Fernández, Domingo Serra, Leopoldo Marafiotti","Piano, Bass, 4 Bandoneons, 5 Violins",,,,
José Basso,José de Alto y su Orquesta Típica,1959-09-14,Milonguita,Esthercita,Tango,Instrumental,Pathé,,,7AD506,Enrique Delfino,Samuel Linnig,,59 Pathé (José de Alto),José Basso,,,,,,,,
José Basso,José de Alto y su Orquesta Típica,1959-09-14,Nunca Tuvo Novio,,Tango,Instrumental,Pathé,,,7AD506,Agustín Bardi,Enrique Cadícamo,,59 Pathé (José de Alto),José Basso,,,,,,,,
José Basso,José de Alto y su Orquesta Típica,1959-09-14,Rosicler,,Tango,Instrumental,Pathé,,,7AD506,José Basso,Francisco Jiménez,,59 Pathé (José de Alto),José Basso,,,,,,,,
José Basso,José de Alto y su Orquesta Típica,1959-09-14,Yo No Sé Por Qué Te Quiero,,Tango,Instrumental,Pathé,,,7AD506,Francisco Canaro,Ivo Pelay,,59 Pathé (José de Alto),José Basso,,,,,,,,
José Basso,Orquesta José Basso,1959-12-01,Felicidad,,Tango,Alfredo Belusi Y Floreal Ruiz,Odeón,,24768,52561,Alfredo De Angelis,José Rótulo,,49-61 Odeón,José Basso,Rafael Del Bagno,"Julio Ahumada, Eduardo Rovira, Adolfo Francia, Andrés Natale","Mauricio Misé, Francisco Oréfice, Rodolfo Fernández, Domingo Serra, Leopoldo Marafiotti","Piano, Bass, 4 Bandoneons, 5 Violins",,,,
José Basso,Orquesta José Basso,1959-12-01,Te Quiero Por Buena,,Tango,Floreal Ruiz,Odeón,,24769,52561,"Floreal Ruiz, Roberto Rufino",Carlos Russo,,49-61 Odeón,José Basso,Rafael Del Bagno,"Julio Ahumada, Eduardo Rovira, Adolfo Francia, Andrés Natale","Mauricio Misé, Francisco Oréfice, Rodolfo Fernández, Domingo Serra, Leopoldo Marafiotti","Piano, Bass, 4 Bandoneons, 5 Violins",,,,
José Basso,Orquesta José Basso,1960-04-26,Cuerpo y Alma,,Tango,Floreal Ruiz,Odeón,,25219,52603,José Basso,Juan Pueblito,,49-61 Odeón,José Basso,Rafael Del Bagno,"Julio Ahumada, Eduardo Rovira, Adolfo Francia, Andrés Natale","Mauricio Misé, Francisco Oréfice, Rodolfo Fernández, Domingo Serra, Leopoldo Marafiotti","Piano, Bass, 4 Bandoneons, 5 Violins",,,,
José Basso,Orquesta José Basso,1960-04-26,No Tengo la Culpa,,Tango,Alfredo Belusi,Odeón,,25620,52636,Carlos Olmedo,Arturo De La Torre,,49-61 Odeón,José Basso,Rafael Del Bagno,"Julio Ahumada, Eduardo Rovira, Adolfo Francia, Andrés Natale","Mauricio Misé, Francisco Oréfice, Rodolfo Fernández, Domingo Serra, Leopoldo Marafiotti","Piano, Bass, 4 Bandoneons, 5 Violins",,,,
José Basso,Orquesta José Basso,1960-04-26,Se Marchita un Clavel,,Tango,Floreal Ruiz,Odeón,,25621,52637,José Tinelli,Manuel Campos,,49-61 Odeón,José Basso,Rafael Del Bagno,"Julio Ahumada, Eduardo Rovira, Adolfo Francia, Andrés Natale","Mauricio Misé, Francisco Oréfice, Rodolfo Fernández, Domingo Serra, Leopoldo Marafiotti","Piano, Bass, 4 Bandoneons, 5 Violins",,,,
José Basso,Orquesta José Basso,1960-04-26,Sueño Malevo,,Tango,Alfredo Belusi,Odeón,,25218,52603,Riel,Abel Aznar,,49-61 Odeón,José Basso,Rafael Del Bagno,"Julio Ahumada, Eduardo Rovira, Adolfo Francia, Andrés Natale","Mauricio Misé, Francisco Oréfice, Rodolfo Fernández, Domingo Serra, Leopoldo Marafiotti","Piano, Bass, 4 Bandoneons, 5 Violins",,,,
José Basso,Orquesta José Basso,1961-04-14,Cobrate y Dame el Vuelto,,Milonga,Alfredo Del Río,Odeón,,26128,52699,Miguel Caló,Enrique Dizeo,,49-61 Odeón,José Basso,Rafael Del Bagno,"Julio Ahumada, Eduardo Rovira, Adolfo Francia, Andrés Natale","Mauricio Misé, Francisco Oréfice, Rodolfo Fernández, Domingo Serra, Leopoldo Marafiotti","Piano, Bass, 4 Bandoneons, 5 Violins",,,,
José Basso,Orquesta José Basso,1961-04-14,Tu Beso y Nada Más,,Tango,Floreal Ruiz,Odeón,,26129,52699,"Ángel Cabral, José Basso",Floreal Ruiz,,49-61 Odeón,José Basso,Rafael Del Bagno,"Julio Ahumada, Eduardo Rovira, Adolfo Francia, Andrés Natale","Mauricio Misé, Francisco Oréfice, Rodolfo Fernández, Domingo Serra, Leopoldo Marafiotti","Piano, Bass, 4 Bandoneons, 5 Violins",,,,
José Basso,Orquesta José Basso,1961-04-18,Brazo de Oro,,Tango,Instrumental,Odeón,,26220,LDS-818,José Basso,,,49-61 Odeón,José Basso,Rafael Del Bagno,"Julio Ahumada, Eduardo Rovira, Adolfo Francia, Andrés Natale","Mauricio Misé, Francisco Oréfice, Rodolfo Fernández, Domingo Serra, Leopoldo Marafiotti","Piano, Bass, 4 Bandoneons, 5 Violins",,,,
José Basso,Orquesta José Basso,1961-04-18,El Firulete,,Milonga,Instrumental,Odeón,,26221,LDS-818,"Mariano Mores, Fernando Caprio",Rodolfo Taboada,,49-61 Odeón,José Basso,Rafael Del Bagno,"Julio Ahumada, Eduardo Rovira, Adolfo Francia, Andrés Natale","Mauricio Misé, Francisco Oréfice, Rodolfo Fernández, Domingo Serra, Leopoldo Marafiotti","Piano, Bass, 4 Bandoneons, 5 Violins",,,,
José Basso,Orquesta José Basso,1961-04-18,El Viejo Amor,,Tango,Floreal Ruiz,Odeón,,26219,52725,José Tinelli,Alejandro Romay,,49-61 Odeón,José Basso,Rafael Del Bagno,"Julio Ahumada, Eduardo Rovira, Adolfo Francia, Andrés Natale","Mauricio Misé, Francisco Oréfice, Rodolfo Fernández, Domingo Serra, Leopoldo Marafiotti","Piano, Bass, 4 Bandoneons, 5 Violins",,,,
José Basso,Orquesta José Basso,1961-04-18,Una Historia Más,,Tango,Alfredo Del Río,Odeón,,26218,52725,"José Basso, Riel",Raúl Hormaza,,49-61 Odeón,José Basso,Rafael Del Bagno,"Julio Ahumada, Eduardo Rovira, Adolfo Francia, Andrés Natale","Mauricio Misé, Francisco Oréfice, Rodolfo Fernández, Domingo Serra, Leopoldo Marafiotti","Piano, Bass, 4 Bandoneons, 5 Violins",,,,
José Basso,Orquesta José Basso,1961-04-21,Mala Junta,,Tango,Instrumental,Odeón,,26247,LDS-818,"Julio De Caro, Pedro Laurenz",Juan Velich,,49-61 Odeón,José Basso,Rafael Del Bagno,"Julio Ahumada, Eduardo Rovira, Adolfo Francia, Andrés Natale","Mauricio Misé, Francisco Oréfice, Rodolfo Fernández, Domingo Serra, Leopoldo Marafiotti","Piano, Bass, 4 Bandoneons, 5 Violins",,,,
José Basso,Orquesta José Basso,1961-04-21,Tierra Querida,,Tango,Instrumental,Odeón,,26246,LDS-818,Julio De Caro,Luis Díaz,,49-61 Odeón,José Basso,Rafael Del Bagno,"Julio Ahumada, Eduardo Rovira, Adolfo Francia, Andrés Natale","Mauricio Misé, Francisco Oréfice, Rodolfo Fernández, Domingo Serra, Leopoldo Marafiotti","Piano, Bass, 4 Bandoneons, 5 Violins",,,,
José Basso,Orquesta José Basso,1961-04-25,El Amanecer,,Tango,Instrumental,Odeón,,26262,LDS-818,Roberto Firpo,,,49-61 Odeón,José Basso,Rafael Del Bagno,"Julio Ahumada, Eduardo Rovira, Adolfo Francia, Andrés Natale","Mauricio Misé, Francisco Oréfice, Rodolfo Fernández, Domingo Serra, Leopoldo Marafiotti","Piano, Bass, 4 Bandoneons, 5 Violins",,,,
José Basso,Orquesta José Basso,1961-04-25,Yira Yira,,Tango,Instrumental,Odeón,,26261,LDS-818,Enrique Discépolo,Enrique Discépolo,,49-61 Odeón,José Basso,Rafael Del Bagno,"Julio Ahumada, Eduardo Rovira, Adolfo Francia, Andrés Natale","Mauricio Misé, Francisco Oréfice, Rodolfo Fernández, Domingo Serra, Leopoldo Marafiotti","Piano, Bass, 4 Bandoneons, 5 Violins",,,,
José Basso,Orquesta José Basso,1961-04-28,Caminito,,Tango,Instrumental,Odeón,,26271,LDS-818,Juan Filiberto,Gabino Peñaloza,,49-61 Odeón,José Basso,Rafael Del Bagno,"Julio Ahumada, Eduardo Rovira, Adolfo Francia, Andrés Natale","Mauricio Misé, Francisco Oréfice, Rodolfo Fernández, Domingo Serra, Leopoldo Marafiotti","Piano, Bass, 4 Bandoneons, 5 Violins",,,,
José Basso,Orquesta José Basso,1961-04-28,La Cumparsita,Si Supieras,Tango,Instrumental,Odeón,,26272,LDS-818,Gerardo Rodríguez,"Pascual Contursi, Enrique Maroni, Gerardo Rodríguez",,49-61 Odeón,José Basso,Rafael Del Bagno,"Julio Ahumada, Eduardo Rovira, Adolfo Francia, Andrés Natale","Mauricio Misé, Francisco Oréfice, Rodolfo Fernández, Domingo Serra, Leopoldo Marafiotti","Piano, Bass, 4 Bandoneons, 5 Violins",,,,
José Basso,Orquesta José Basso,1961-05-05,Sentimiento Gaucho,,Tango,Instrumental,Odeón,,26308,LDS-818,"Francisco Canaro, Rafael Canaro",Juan Caruso,,49-61 Odeón,José Basso,Rafael Del Bagno,"Julio Ahumada, Eduardo Rovira, Adolfo Francia, Andrés Natale","Mauricio Misé, Francisco Oréfice, Rodolfo Fernández, Domingo Serra, Leopoldo Marafiotti","Piano, Bass, 4 Bandoneons, 5 Violins",,,,
José Basso,Orquesta José Basso,1961-05-05,Una Lágrima Tuya,,Tango,Instrumental,Odeón,,26309,LDS-818,Mariano Mores,Homero Manzi,,49-61 Odeón,José Basso,Rafael Del Bagno,"Julio Ahumada, Eduardo Rovira, Adolfo Francia, Andrés Natale","Mauricio Misé, Francisco Oréfice, Rodolfo Fernández, Domingo Serra, Leopoldo Marafiotti","Piano, Bass, 4 Bandoneons, 5 Violins",,,,
José Basso,Orquesta José Basso,1961-05-12,Adiós Muchachos,,Tango,Instrumental,Odeón,,26337,LDS-818,Julio Sanders,"César Vedani, Carol Raven",,49-61 Odeón,José Basso,Rafael Del Bagno,"Julio Ahumada, Eduardo Rovira, Adolfo Francia, Andrés Natale","Mauricio Misé, Francisco Oréfice, Rodolfo Fernández, Domingo Serra, Leopoldo Marafiotti","Piano, Bass, 4 Bandoneons, 5 Violins",,,,
José Basso,Orquesta José Basso,1961-05-12,Volver,,Tango,Alfredo Del Río,Odeón,,26336,LDS-818,Carlos Gardel,Alfredo Le Pera,,49-61 Odeón,José Basso,Rafael Del Bagno,"Julio Ahumada, Eduardo Rovira, Adolfo Francia, Andrés Natale","Mauricio Misé, Francisco Oréfice, Rodolfo Fernández, Domingo Serra, Leopoldo Marafiotti","Piano, Bass, 4 Bandoneons, 5 Violins",,,,
José Basso,Orquesta José Basso,1961-05-18,Lo Han Visto con Otra,,Tango,Floreal Ruiz,Odeón,,26374,LDS-818,Horacio Pettorossi,Horacio Pettorossi,,49-61 Odeón,José Basso,Rafael Del Bagno,"Julio Ahumada, Eduardo Rovira, Adolfo Francia, Andrés Natale","Mauricio Misé, Francisco Oréfice, Rodolfo Fernández, Domingo Serra, Leopoldo Marafiotti","Piano, Bass, 4 Bandoneons, 5 Violins",,,,
José Basso,Orquesta José Basso,1961-05-18,Uno,,Tango,Instrumental,Odeón,,26375,LDS-818,Mariano Mores,Enrique Discépolo,,49-61 Odeón,José Basso,Rafael Del Bagno,"Julio Ahumada, Eduardo Rovira, Adolfo Francia, Andrés Natale","Mauricio Misé, Francisco Oréfice, Rodolfo Fernández, Domingo Serra, Leopoldo Marafiotti","Piano, Bass, 4 Bandoneons, 5 Violins",,,,
José Basso,Orquesta José Basso,1961-11-28,Como Dos Extraños,,Tango,Floreal Ruiz,Odeón,,27273,LDS-818,Pedro Laurenz,José Contursi,,49-61 Odeón,José Basso,Rafael Del Bagno,"Julio Ahumada, Eduardo Rovira, Adolfo Francia, Andrés Natale","Mauricio Misé, Francisco Oréfice, Rodolfo Fernández, Domingo Serra, Leopoldo Marafiotti","Piano, Bass, 4 Bandoneons, 5 Violins",,,,
José Basso,Orquesta José Basso,1961-11-28,La Camelera,,Milonga,Instrumental,Odeón,,27272,52748,José Basso,,,49-61 Odeón,José Basso,Rafael Del Bagno,"Julio Ahumada, Eduardo Rovira, Adolfo Francia, Andrés Natale","Mauricio Misé, Francisco Oréfice, Rodolfo Fernández, Domingo Serra, Leopoldo Marafiotti","Piano, Bass, 4 Bandoneons, 5 Violins",,,,
José Basso,Pepe y su Cuarteto Loco,1961,Canaro en París,,Tango,Instrumental,Odeón,,,51967,"Alejandro Scarpino, Juan Caldarella",José Scarpino,,61 Cuarteto Loco,José Basso,,,,,,,,
José Basso,Pepe y su Cuarteto Loco,1961,Don Juan,El Taita del Barrio,Tango,Instrumental,Odeón,,,51930,Ernesto Ponzio,Ricardo Podestá,,61 Cuarteto Loco,José Basso,,,,,,,,
José Basso,Pepe y su Cuarteto Loco,1961,El Entrerriano,,Tango,Instrumental,Odeón,,,51930,Rosendo Mendizábal,,,61 Cuarteto Loco,José Basso,,,,,,,,
José Basso,Pepe y su Cuarteto Loco,1961,Lágrimas y Sonrisas,,Vals,Instrumental,Odeón,,,51967,Pascual De Gullo,,,61 Cuarteto Loco,José Basso,,,,,,,,
José Basso,Orquesta José Basso,1962,A la Luz del Candil,A la Luz de un Candíl,Tango,Jorge Durán,Music Hall,,,12239,Carlos Flores,Julio Navarrine,,62-70 Music Hall,José Basso,Rafael Del Bagno,"Julio Ahumada, Eduardo Rovira, Adolfo Francia, Andrés Natale","Mauricio Misé, Francisco Oréfice, Rodolfo Fernández, Domingo Serra, Leopoldo Marafiotti","Piano, Bass, 4 Bandoneons, 5 Violins",,,,
José Basso,Orquesta José Basso,1962,Atardece,,Tango,Jorge Durán,Music Hall,,,30088,Jorge Casal,Homero Moavro,,62-70 Music Hall,José Basso,Rafael Del Bagno,"Julio Ahumada, Eduardo Rovira, Adolfo Francia, Andrés Natale","Mauricio Misé, Francisco Oréfice, Rodolfo Fernández, Domingo Serra, Leopoldo Marafiotti","Piano, Bass, 4 Bandoneons, 5 Violins",,,,
José Basso,Orquesta José Basso,1962,Desorientado,,Tango,Jorge Durán,Music Hall,,,12239,"Miguel Caló, Marvil, Oscar Rubens","Miguel Caló, Marvil, Oscar Rubens",,62-70 Music Hall,José Basso,Rafael Del Bagno,"Julio Ahumada, Eduardo Rovira, Adolfo Francia, Andrés Natale","Mauricio Misé, Francisco Oréfice, Rodolfo Fernández, Domingo Serra, Leopoldo Marafiotti","Piano, Bass, 4 Bandoneons, 5 Violins",,,,
José Basso,Orquesta José Basso,1962,El Motivo,Pobre Paica,Tango,Floreal Ruiz,Music Hall,,,12239,Juan Cobián,Pascual Contursi,,62-70 Music Hall,José Basso,Rafael Del Bagno,"Julio Ahumada, Eduardo Rovira, Adolfo Francia, Andrés Natale","Mauricio Misé, Francisco Oréfice, Rodolfo Fernández, Domingo Serra, Leopoldo Marafiotti","Piano, Bass, 4 Bandoneons, 5 Violins",,,,
José Basso,Orquesta José Basso,1962,Frente Al Mar,,Tango,Jorge Durán,Music Hall,,30040,608,Mariano Mores,Rodolfo Taboada,,62-70 Music Hall,José Basso,Rafael Del Bagno,"Julio Ahumada, Eduardo Rovira, Adolfo Francia, Andrés Natale","Mauricio Misé, Francisco Oréfice, Rodolfo Fernández, Domingo Serra, Leopoldo Marafiotti","Piano, Bass, 4 Bandoneons, 5 Violins",,,,
José Basso,Orquesta José Basso,1962,Mano Cruel,,Tango,Roberto Florio,Music Hall,,,12239,Carmelo Mutarelli,Armando Tagini,,62-70 Music Hall,José Basso,Rafael Del Bagno,"Julio Ahumada, Eduardo Rovira, Adolfo Francia, Andrés Natale","Mauricio Misé, Francisco Oréfice, Rodolfo Fernández, Domingo Serra, Leopoldo Marafiotti","Piano, Bass, 4 Bandoneons, 5 Violins",,,,
José Basso,Orquesta José Basso,1962,Nonino,,Tango,Instrumental,Music Hall,,,12239,Astor Piazzolla,,,62-70 Music Hall,José Basso,Rafael Del Bagno,"Julio Ahumada, Eduardo Rovira, Adolfo Francia, Andrés Natale","Mauricio Misé, Francisco Oréfice, Rodolfo Fernández, Domingo Serra, Leopoldo Marafiotti","Piano, Bass, 4 Bandoneons, 5 Violins",,,,
José Basso,Orquesta José Basso,1962,Orgullo Criollo,,Tango,Instrumental,Music Hall,,,12239,"Pedro Laurenz, Julio De Caro",,,62-70 Music Hall,José Basso,Rafael Del Bagno,"Julio Ahumada, Eduardo Rovira, Adolfo Francia, Andrés Natale","Mauricio Misé, Francisco Oréfice, Rodolfo Fernández, Domingo Serra, Leopoldo Marafiotti","Piano, Bass, 4 Bandoneons, 5 Violins",,,,
José Basso,Orquesta José Basso,1962,Pelele,,Tango,Instrumental,Music Hall,,,12239,Pedro Maffía,,,62-70 Music Hall,José Basso,Rafael Del Bagno,"Julio Ahumada, Eduardo Rovira, Adolfo Francia, Andrés Natale","Mauricio Misé, Francisco Oréfice, Rodolfo Fernández, Domingo Serra, Leopoldo Marafiotti","Piano, Bass, 4 Bandoneons, 5 Violins",,,,
José Basso,Orquesta José Basso,1962,Pobre Negro,,Milonga,Jorge Durán,Music Hall,,,12239,José Basso,Francisco Jiménez,,62-70 Music Hall,José Basso,Rafael Del Bagno,"Julio Ahumada, Eduardo Rovira, Adolfo Francia, Andrés Natale","Mauricio Misé, Francisco Oréfice, Rodolfo Fernández, Domingo Serra, Leopoldo Marafiotti","Piano, Bass, 4 Bandoneons, 5 Violins",,,,
José Basso,Orquesta José Basso,1962,Por Qué la Quise Tanto,Porqué la Quise Tanto,Tango,Roberto Florio,Music Hall,,15770,12239,Mariano Mores,Rodolfo Taboada,,62-70 Music Hall,José Basso,Rafael Del Bagno,"Julio Ahumada, Eduardo Rovira, Adolfo Francia, Andrés Natale","Mauricio Misé, Francisco Oréfice, Rodolfo Fernández, Domingo Serra, Leopoldo Marafiotti","Piano, Bass, 4 Bandoneons, 5 Violins",,,,
José Basso,Orquesta José Basso,1962,Qué Me Van a Hablar de Amor,,Tango,Floreal Ruiz,Music Hall,,,12239,Héctor Stamponi,Homero Expósito,,62-70 Music Hall,José Basso,Rafael Del Bagno,"Julio Ahumada, Eduardo Rovira, Adolfo Francia, Andrés Natale","Mauricio Misé, Francisco Oréfice, Rodolfo Fernández, Domingo Serra, Leopoldo Marafiotti","Piano, Bass, 4 Bandoneons, 5 Violins",,,,
José Basso,Orquesta José Basso,1962,Tormenta,,Tango,Floreal Ruiz,Music Hall,,,12239,Enrique Discépolo,Enrique Discépolo,,62-70 Music Hall,José Basso,Rafael Del Bagno,"Julio Ahumada, Eduardo Rovira, Adolfo Francia, Andrés Natale","Mauricio Misé, Francisco Oréfice, Rodolfo Fernández, Domingo Serra, Leopoldo Marafiotti","Piano, Bass, 4 Bandoneons, 5 Violins",,,,
José Basso,Orquesta José Basso,1962,Un Amor Imposible,,Tango,Roberto Florio,Music Hall,,,12239,Arturo Gallucci,Dante Gilardoni,,62-70 Music Hall,José Basso,Rafael Del Bagno,"Julio Ahumada, Eduardo Rovira, Adolfo Francia, Andrés Natale","Mauricio Misé, Francisco Oréfice, Rodolfo Fernández, Domingo Serra, Leopoldo Marafiotti","Piano, Bass, 4 Bandoneons, 5 Violins",,,,
José Basso,Orquesta José Basso,1962,Yo También,,Tango,Floreal Ruiz,Music Hall,,30088,636,Luis Visca,Luis Rubistein,,62-70 Music Hall,José Basso,Rafael Del Bagno,"Julio Ahumada, Eduardo Rovira, Adolfo Francia, Andrés Natale","Mauricio Misé, Francisco Oréfice, Rodolfo Fernández, Domingo Serra, Leopoldo Marafiotti","Piano, Bass, 4 Bandoneons, 5 Violins",,,,
José Basso,Orquesta José Basso,1962,Yo Te Canto Novia Mía,,Tango,Floreal Ruiz Y Jorge Durán,Music Hall,,30040,636,José Basso,Héctor Stamponi,,62-70 Music Hall,José Basso,Rafael Del Bagno,"Julio Ahumada, Eduardo Rovira, Adolfo Francia, Andrés Natale","Mauricio Misé, Francisco Oréfice, Rodolfo Fernández, Domingo Serra, Leopoldo Marafiotti","Piano, Bass, 4 Bandoneons, 5 Violins",,,,
José Basso,Orquesta José Basso,1963,Cuando el Amor Muere,,Tango,Floreal Ruiz,Music Hall,,30138,636,Alfredo Malerba,Héctor Marcó,,62-70 Music Hall,José Basso,Rafael Del Bagno,"Julio Ahumada, Eduardo Rovira, Adolfo Francia, Andrés Natale","Mauricio Misé, Francisco Oréfice, Rodolfo Fernández, Domingo Serra, Leopoldo Marafiotti","Piano, Bass, 4 Bandoneons, 5 Violins",,,,
José Basso,Orquesta José Basso,1963,Cómo Se Muere de Amor,,Tango,Floreal Ruiz,Music Hall,,30117,636,Daniel Álvarez,Daniel Álvarez,,62-70 Music Hall,José Basso,Rafael Del Bagno,"Julio Ahumada, Eduardo Rovira, Adolfo Francia, Andrés Natale","Mauricio Misé, Francisco Oréfice, Rodolfo Fernández, Domingo Serra, Leopoldo Marafiotti","Piano, Bass, 4 Bandoneons, 5 Violins",,,,
José Basso,Orquesta José Basso,1963,El Internado,,Tango,Instrumental,Music Hall,,30208,636,Francisco Canaro,,,62-70 Music Hall,José Basso,Rafael Del Bagno,"Julio Ahumada, Eduardo Rovira, Adolfo Francia, Andrés Natale","Mauricio Misé, Francisco Oréfice, Rodolfo Fernández, Domingo Serra, Leopoldo Marafiotti","Piano, Bass, 4 Bandoneons, 5 Violins",,,,
José Basso,Orquesta José Basso,1963,El Último Café,,Tango,Jorge Durán,Music Hall,,30136,636,Héctor Stamponi,Cátulo Castillo,,62-70 Music Hall,José Basso,Rafael Del Bagno,"Julio Ahumada, Eduardo Rovira, Adolfo Francia, Andrés Natale","Mauricio Misé, Francisco Oréfice, Rodolfo Fernández, Domingo Serra, Leopoldo Marafiotti","Piano, Bass, 4 Bandoneons, 5 Violins",,,,
José Basso,Orquesta José Basso,1963,Marioneta,,Tango,Floreal Ruiz,Music Hall,,30223,636,Juan Guichandut,Armando Tagini,,62-70 Music Hall,José Basso,Rafael Del Bagno,"Julio Ahumada, Eduardo Rovira, Adolfo Francia, Andrés Natale","Mauricio Misé, Francisco Oréfice, Rodolfo Fernández, Domingo Serra, Leopoldo Marafiotti","Piano, Bass, 4 Bandoneons, 5 Violins",,,,
José Basso,Orquesta José Basso,1963,Te Pregunto,,Tango,Floreal Ruiz,Music Hall,,30223,636,Miguel Caló,Ángel Gatti,,62-70 Music Hall,José Basso,Rafael Del Bagno,"Julio Ahumada, Eduardo Rovira, Adolfo Francia, Andrés Natale","Mauricio Misé, Francisco Oréfice, Rodolfo Fernández, Domingo Serra, Leopoldo Marafiotti","Piano, Bass, 4 Bandoneons, 5 Violins",,,,
José Basso,Orquesta José Basso,1963,Un Poco Más,,Tango,Floreal Ruiz,Music Hall,,,30208,Ángel Cabral,Reinaldo Yiso,,62-70 Music Hall,José Basso,Rafael Del Bagno,"Julio Ahumada, Eduardo Rovira, Adolfo Francia, Andrés Natale","Mauricio Misé, Francisco Oréfice, Rodolfo Fernández, Domingo Serra, Leopoldo Marafiotti","Piano, Bass, 4 Bandoneons, 5 Violins",,,,
José Basso,Orquesta José Basso,1963,Viejo Café,,Milonga,Floreal Ruiz Y Jorge Durán,Music Hall,,30117,636,José Basso,Julio Porter,,62-70 Music Hall,José Basso,Rafael Del Bagno,"Julio Ahumada, Eduardo Rovira, Adolfo Francia, Andrés Natale","Mauricio Misé, Francisco Oréfice, Rodolfo Fernández, Domingo Serra, Leopoldo Marafiotti","Piano, Bass, 4 Bandoneons, 5 Violins",,,,
José Basso,Orquesta José Basso,1964,Cafetín de Buenos Aires,,Tango,Héctor De Rosas,Music Hall,,,30456,"Mariano Mores, Enrique Discépolo","Mariano Mores, Enrique Discépolo",,62-70 Music Hall,José Basso,Rafael Del Bagno,"Julio Ahumada, Eduardo Rovira, Adolfo Francia, Andrés Natale","Mauricio Misé, Francisco Oréfice, Rodolfo Fernández, Domingo Serra, Leopoldo Marafiotti","Piano, Bass, 4 Bandoneons, 5 Violins",,,,
José Basso,Orquesta José Basso,1964,Canción de Ave María,,Tango,Héctor De Rosas,Music Hall,,30280,12487,Héctor Stamponi,Cátulo Castillo,,62-70 Music Hall,José Basso,Rafael Del Bagno,"Julio Ahumada, Eduardo Rovira, Adolfo Francia, Andrés Natale","Mauricio Misé, Francisco Oréfice, Rodolfo Fernández, Domingo Serra, Leopoldo Marafiotti","Piano, Bass, 4 Bandoneons, 5 Violins",,,,
José Basso,Orquesta José Basso,1964,De Diez Siete,,Tango,Instrumental,Music Hall,,,678,José Basso,,,62-70 Music Hall,José Basso,Rafael Del Bagno,"Julio Ahumada, Eduardo Rovira, Adolfo Francia, Andrés Natale","Mauricio Misé, Francisco Oréfice, Rodolfo Fernández, Domingo Serra, Leopoldo Marafiotti","Piano, Bass, 4 Bandoneons, 5 Violins",,,,
José Basso,Orquesta José Basso,1964,Decime Dios Dónde Estás,Decime Dios Dónde Estás,Tango,Alfredo Belusi,Music Hall,,30280,12487,Manuel Sucher,Tita Merello,,62-70 Music Hall,José Basso,Rafael Del Bagno,"Julio Ahumada, Eduardo Rovira, Adolfo Francia, Andrés Natale","Mauricio Misé, Francisco Oréfice, Rodolfo Fernández, Domingo Serra, Leopoldo Marafiotti","Piano, Bass, 4 Bandoneons, 5 Violins",,,,
José Basso,Orquesta José Basso,1964,Estaba Bien Seguro,,Tango,Alfredo Belusi,Music Hall,,,30456,José Basso,Abel Aznar,,62-70 Music Hall,José Basso,Rafael Del Bagno,"Julio Ahumada, Eduardo Rovira, Adolfo Francia, Andrés Natale","Mauricio Misé, Francisco Oréfice, Rodolfo Fernández, Domingo Serra, Leopoldo Marafiotti","Piano, Bass, 4 Bandoneons, 5 Violins",,,,
José Basso,Orquesta José Basso,1964,Inspiración,Inspiración,Tango,Instrumental,Music Hall,,,636,Peregrino Paulos,Luis Rubistein,,62-70 Music Hall,José Basso,Rafael Del Bagno,"Julio Ahumada, Eduardo Rovira, Adolfo Francia, Andrés Natale","Mauricio Misé, Francisco Oréfice, Rodolfo Fernández, Domingo Serra, Leopoldo Marafiotti","Piano, Bass, 4 Bandoneons, 5 Violins",,,,
José Basso,Orquesta José Basso,1964,La Vi Llegar,,Tango,Héctor De Rosas,Music Hall,,30381,12487,Enrique Francini,Julián Centeya,,62-70 Music Hall,José Basso,Rafael Del Bagno,"Julio Ahumada, Eduardo Rovira, Adolfo Francia, Andrés Natale","Mauricio Misé, Francisco Oréfice, Rodolfo Fernández, Domingo Serra, Leopoldo Marafiotti","Piano, Bass, 4 Bandoneons, 5 Violins",,,,
José Basso,Orquesta José Basso,1964,Lo Que Vos Te Merecés,,Tango,Alfredo Belusi,Music Hall,,30312,718,Carlos Olmedo,Abel Aznar,,62-70 Music Hall,José Basso,Rafael Del Bagno,"Julio Ahumada, Eduardo Rovira, Adolfo Francia, Andrés Natale","Mauricio Misé, Francisco Oréfice, Rodolfo Fernández, Domingo Serra, Leopoldo Marafiotti","Piano, Bass, 4 Bandoneons, 5 Violins",,,,
José Basso,Orquesta José Basso,1964,Mal de Amores,,Tango,Instrumental,Music Hall,,,636,Pedro Laurenz,,,62-70 Music Hall,José Basso,Rafael Del Bagno,"Julio Ahumada, Eduardo Rovira, Adolfo Francia, Andrés Natale","Mauricio Misé, Francisco Oréfice, Rodolfo Fernández, Domingo Serra, Leopoldo Marafiotti","Piano, Bass, 4 Bandoneons, 5 Violins",,,,
José Basso,Orquesta José Basso,1964,Rosa de Fuego,,Tango,Héctor De Rosas,Music Hall,,30312,12487,Manuel Jovés,Antonio Viérgol,,62-70 Music Hall,José Basso,Rafael Del Bagno,"Julio Ahumada, Eduardo Rovira, Adolfo Francia, Andrés Natale","Mauricio Misé, Francisco Oréfice, Rodolfo Fernández, Domingo Serra, Leopoldo Marafiotti","Piano, Bass, 4 Bandoneons, 5 Violins",,,,
José Basso,Orquesta José Basso,1964,Siempre en Mi Amor,,Tango,Alfredo Belusi Y Héctor De Rosas,Music Hall,,,12487,José Basso,Eugenio Majúl,,62-70 Music Hall,José Basso,Rafael Del Bagno,"Julio Ahumada, Eduardo Rovira, Adolfo Francia, Andrés Natale","Mauricio Misé, Francisco Oréfice, Rodolfo Fernández, Domingo Serra, Leopoldo Marafiotti","Piano, Bass, 4 Bandoneons, 5 Violins",,,,
José Basso,Orquesta José Basso,1964,Total Pa' Qué Sirvo,,Tango,Alfredo Belusi,Music Hall,,30381,12487,Aníbal Troilo,Enrique Dizeo,,62-70 Music Hall,José Basso,Rafael Del Bagno,"Julio Ahumada, Eduardo Rovira, Adolfo Francia, Andrés Natale","Mauricio Misé, Francisco Oréfice, Rodolfo Fernández, Domingo Serra, Leopoldo Marafiotti","Piano, Bass, 4 Bandoneons, 5 Violins",,,,
José Basso,Orquesta José Basso,1965,Andate,No Te Vayas,Tango,Héctor De Rosas,Music Hall,,,718,Rodolfo Sciammarella,Roberto Fontaina,,62-70 Music Hall,José Basso,Rafael Del Bagno,"Julio Ahumada, Eduardo Rovira, Adolfo Francia, Andrés Natale","Mauricio Misé, Francisco Oréfice, Rodolfo Fernández, Domingo Serra, Leopoldo Marafiotti","Piano, Bass, 4 Bandoneons, 5 Violins",,,,
José Basso,Orquesta José Basso,1965,Aquí Nomás,,Tango,Alfredo Belusi,Music Hall,,,12610,Héctor Stamponi,Cátulo Castillo,,62-70 Music Hall,José Basso,Rafael Del Bagno,"Julio Ahumada, Eduardo Rovira, Adolfo Francia, Andrés Natale","Mauricio Misé, Francisco Oréfice, Rodolfo Fernández, Domingo Serra, Leopoldo Marafiotti","Piano, Bass, 4 Bandoneons, 5 Violins",,,,
José Basso,Orquesta José Basso,1965,Atrévete,,Tango,Héctor De Rosas,Music Hall,,,,José Basso,Luciano Bottini,,62-70 Music Hall,José Basso,Rafael Del Bagno,"Julio Ahumada, Eduardo Rovira, Adolfo Francia, Andrés Natale","Mauricio Misé, Francisco Oréfice, Rodolfo Fernández, Domingo Serra, Leopoldo Marafiotti","Piano, Bass, 4 Bandoneons, 5 Violins",,,,
José Basso,Orquesta José Basso,1965,El Cencerro,,Tango,Instrumental,Music Hall,,,12610,José Martínez,Francisco Lío,,62-70 Music Hall,José Basso,Rafael Del Bagno,"Julio Ahumada, Eduardo Rovira, Adolfo Francia, Andrés Natale","Mauricio Misé, Francisco Oréfice, Rodolfo Fernández, Domingo Serra, Leopoldo Marafiotti","Piano, Bass, 4 Bandoneons, 5 Violins",,,,
José Basso,Orquesta José Basso,1965,Guardia Vieja,,Tango,Instrumental,Music Hall,,,12487,Julio De Caro,José De Grandis,,62-70 Music Hall,José Basso,Rafael Del Bagno,"Julio Ahumada, Eduardo Rovira, Adolfo Francia, Andrés Natale","Mauricio Misé, Francisco Oréfice, Rodolfo Fernández, Domingo Serra, Leopoldo Marafiotti","Piano, Bass, 4 Bandoneons, 5 Violins",,,,
José Basso,Orquesta José Basso,1965,La Camalela,,Milonga,Instrumental,Music Hall,,,12487,José Basso,,,62-70 Music Hall,José Basso,Rafael Del Bagno,"Julio Ahumada, Eduardo Rovira, Adolfo Francia, Andrés Natale","Mauricio Misé, Francisco Oréfice, Rodolfo Fernández, Domingo Serra, Leopoldo Marafiotti","Piano, Bass, 4 Bandoneons, 5 Violins",,,,
José Basso,Orquesta José Basso,1965,La Llave de Tu Alcoba,,Tango,Héctor De Rosas,Music Hall,,,12610,Ángel Cabral,Elizardo Vilas,,62-70 Music Hall,José Basso,Rafael Del Bagno,"Julio Ahumada, Eduardo Rovira, Adolfo Francia, Andrés Natale","Mauricio Misé, Francisco Oréfice, Rodolfo Fernández, Domingo Serra, Leopoldo Marafiotti","Piano, Bass, 4 Bandoneons, 5 Violins",,,,
José Basso,Orquesta José Basso,1965,Me Quedé Mirándola,,Tango,Alfredo Belusi,Music Hall,,,,Vicente Spina,Roberto Miró,,62-70 Music Hall,José Basso,Rafael Del Bagno,"Julio Ahumada, Eduardo Rovira, Adolfo Francia, Andrés Natale","Mauricio Misé, Francisco Oréfice, Rodolfo Fernández, Domingo Serra, Leopoldo Marafiotti","Piano, Bass, 4 Bandoneons, 5 Violins",,,,
José Basso,Orquesta José Basso,1965,Milonga Para los Orientales,Milonga de los Morenos,Milonga,Alfredo Belusi,Music Hall,,30586,678,José Basso,Jorge Borges,,62-70 Music Hall,José Basso,Rafael Del Bagno,"Julio Ahumada, Eduardo Rovira, Adolfo Francia, Andrés Natale","Mauricio Misé, Francisco Oréfice, Rodolfo Fernández, Domingo Serra, Leopoldo Marafiotti","Piano, Bass, 4 Bandoneons, 5 Violins",,,,
José Basso,Orquesta José Basso,1965,Nuestra Ronda,,Tango,Alfredo Belusi,Music Hall,,30580,12610,Alberto Aguirre,Alberto Aguirre,,62-70 Music Hall,José Basso,Rafael Del Bagno,"Julio Ahumada, Eduardo Rovira, Adolfo Francia, Andrés Natale","Mauricio Misé, Francisco Oréfice, Rodolfo Fernández, Domingo Serra, Leopoldo Marafiotti","Piano, Bass, 4 Bandoneons, 5 Violins",,,,
José Basso,Orquesta José Basso,1965,Tarareando,,Tango,Alfredo Belusi,Music Hall,,30660,12610,Juan Guichandut,Oscar Rubens,,62-70 Music Hall,José Basso,Rafael Del Bagno,"Julio Ahumada, Eduardo Rovira, Adolfo Francia, Andrés Natale","Mauricio Misé, Francisco Oréfice, Rodolfo Fernández, Domingo Serra, Leopoldo Marafiotti","Piano, Bass, 4 Bandoneons, 5 Violins",,,,
José Basso,Orquesta José Basso,1966,Andate,No Te Vayas,Tango,Héctor De Rosas,Music Hall,,,,Rodolfo Sciammarella,Roberto Fontaina,,62-70 Music Hall,José Basso,Rafael Del Bagno,"Julio Ahumada, Eduardo Rovira, Adolfo Francia, Andrés Natale","Mauricio Misé, Francisco Oréfice, Rodolfo Fernández, Domingo Serra, Leopoldo Marafiotti","Piano, Bass, 4 Bandoneons, 5 Violins",,,,
José Basso,Orquesta José Basso,1966,Bailate un Tango Ricardo,,Tango,Alfredo Belusi,Music Hall,,,30769,Juan D'Arienzo,Ulises De Murat,,62-70 Music Hall,José Basso,Rafael Del Bagno,"Julio Ahumada, Eduardo Rovira, Adolfo Francia, Andrés Natale","Mauricio Misé, Francisco Oréfice, Rodolfo Fernández, Domingo Serra, Leopoldo Marafiotti","Piano, Bass, 4 Bandoneons, 5 Violins",,,,
José Basso,Orquesta José Basso,1966,Barranca Abajo,Pialando Recuerdos,Tango,Instrumental,Music Hall,,,12610,Agustín Bardi,,,62-70 Music Hall,José Basso,Rafael Del Bagno,"Julio Ahumada, Eduardo Rovira, Adolfo Francia, Andrés Natale","Mauricio Misé, Francisco Oréfice, Rodolfo Fernández, Domingo Serra, Leopoldo Marafiotti","Piano, Bass, 4 Bandoneons, 5 Violins",,,,
José Basso,Orquesta José Basso,1966,Cada Vez Que Me Recuerdes,,Tango,Héctor De Rosas,Music Hall,,,,Mariano Mores,José Contursi,,62-70 Music Hall,José Basso,Rafael Del Bagno,"Julio Ahumada, Eduardo Rovira, Adolfo Francia, Andrés Natale","Mauricio Misé, Francisco Oréfice, Rodolfo Fernández, Domingo Serra, Leopoldo Marafiotti","Piano, Bass, 4 Bandoneons, 5 Violins",,,,
José Basso,Orquesta José Basso,1966,Don Agustín Bardi,A Don Agustín Bardi,Tango,Instrumental,Music Hall,,,2045,Horacio Salgán,,,62-70 Music Hall,José Basso,Rafael Del Bagno,"Julio Ahumada, Eduardo Rovira, Adolfo Francia, Andrés Natale","Mauricio Misé, Francisco Oréfice, Rodolfo Fernández, Domingo Serra, Leopoldo Marafiotti","Piano, Bass, 4 Bandoneons, 5 Violins",,,,
José Basso,Orquesta José Basso,1966,El Cencerro,,Tango,Instrumental,Music Hall,,,,José Martínez,Francisco Lío,,62-70 Music Hall,José Basso,Rafael Del Bagno,"Julio Ahumada, Eduardo Rovira, Adolfo Francia, Andrés Natale","Mauricio Misé, Francisco Oréfice, Rodolfo Fernández, Domingo Serra, Leopoldo Marafiotti","Piano, Bass, 4 Bandoneons, 5 Violins",,,,
José Basso,Orquesta José Basso,1966,El Vuelo Ciento Dos,El Vuelo 102,Tango,Héctor De Rosas,Music Hall,,,,Alberto Harari,Juan Tiggi,,62-70 Music Hall,José Basso,Rafael Del Bagno,"Julio Ahumada, Eduardo Rovira, Adolfo Francia, Andrés Natale","Mauricio Misé, Francisco Oréfice, Rodolfo Fernández, Domingo Serra, Leopoldo Marafiotti","Piano, Bass, 4 Bandoneons, 5 Violins",,,,
José Basso,Orquesta José Basso,1966,En Carne Viva,,Tango,Alfredo Belusi,Music Hall,,,,Cholo Aguirre,Cholo Aguirre,,62-70 Music Hall,José Basso,Rafael Del Bagno,"Julio Ahumada, Eduardo Rovira, Adolfo Francia, Andrés Natale","Mauricio Misé, Francisco Oréfice, Rodolfo Fernández, Domingo Serra, Leopoldo Marafiotti","Piano, Bass, 4 Bandoneons, 5 Violins",,,,
José Basso,Orquesta José Basso,1966,En Qué Esquina Te Encuentro Buenos Aires,,Tango,Alfredo Belusi,Music Hall,,,30769,Héctor Stamponi,Florencio Escardó,,62-70 Music Hall,José Basso,Rafael Del Bagno,"Julio Ahumada, Eduardo Rovira, Adolfo Francia, Andrés Natale","Mauricio Misé, Francisco Oréfice, Rodolfo Fernández, Domingo Serra, Leopoldo Marafiotti","Piano, Bass, 4 Bandoneons, 5 Violins",,,,
José Basso,Orquesta José Basso,1966,Mientras Tú No Llegas,,Tango,Carlos Rossi,Music Hall,,,2045,Manuel Sucher,Carlos Bahr,,62-70 Music Hall,José Basso,Rafael Del Bagno,"Julio Ahumada, Eduardo Rovira, Adolfo Francia, Andrés Natale","Mauricio Misé, Francisco Oréfice, Rodolfo Fernández, Domingo Serra, Leopoldo Marafiotti","Piano, Bass, 4 Bandoneons, 5 Violins",,,,
José Basso,Orquesta José Basso,1966,Milonga con Variación,Milonga con Variaciones,Tango,Instrumental,Music Hall,,,2045,Francisco Canaro,,,62-70 Music Hall,José Basso,Rafael Del Bagno,"Julio Ahumada, Eduardo Rovira, Adolfo Francia, Andrés Natale","Mauricio Misé, Francisco Oréfice, Rodolfo Fernández, Domingo Serra, Leopoldo Marafiotti","Piano, Bass, 4 Bandoneons, 5 Violins",,,,
José Basso,Orquesta José Basso,1966,Rondando Tu Esquina,,Tango,Alfredo Belusi,Music Hall,,,12610,Charlo,Enrique Cadícamo,,62-70 Music Hall,José Basso,Rafael Del Bagno,"Julio Ahumada, Eduardo Rovira, Adolfo Francia, Andrés Natale","Mauricio Misé, Francisco Oréfice, Rodolfo Fernández, Domingo Serra, Leopoldo Marafiotti","Piano, Bass, 4 Bandoneons, 5 Violins",,,,
José Basso,Orquesta José Basso,1966,Su Nombre Era Margot,,Tango,Alfredo Belusi,Music Hall,,,2045,Ángel Cabral,Ángel Cabral,,62-70 Music Hall,José Basso,Rafael Del Bagno,"Julio Ahumada, Eduardo Rovira, Adolfo Francia, Andrés Natale","Mauricio Misé, Francisco Oréfice, Rodolfo Fernández, Domingo Serra, Leopoldo Marafiotti","Piano, Bass, 4 Bandoneons, 5 Violins",,,,
José Basso,Orquesta José Basso,1966,Un Sueño y Nada Más,,Tango,Héctor De Rosas,Music Hall,,,30878,Charlo,Charlo,,62-70 Music Hall,José Basso,Rafael Del Bagno,"Julio Ahumada, Eduardo Rovira, Adolfo Francia, Andrés Natale","Mauricio Misé, Francisco Oréfice, Rodolfo Fernández, Domingo Serra, Leopoldo Marafiotti","Piano, Bass, 4 Bandoneons, 5 Violins",,,,
José Basso,Orquesta José Basso,1966,Una Fija,Glorias de Ayer,Milonga,Instrumental,Music Hall,,,12610,Ángel Villoldo,"Antonio Polito, Carlos Pesce",,62-70 Music Hall,José Basso,Rafael Del Bagno,"Julio Ahumada, Eduardo Rovira, Adolfo Francia, Andrés Natale","Mauricio Misé, Francisco Oréfice, Rodolfo Fernández, Domingo Serra, Leopoldo Marafiotti","Piano, Bass, 4 Bandoneons, 5 Violins",,,,
José Basso,Orquesta José Basso,1967,A Bailar,,Tango,Alfredo Belusi,Music Hall,,,2136,Domingo Federico,Homero Expósito,,62-70 Music Hall,José Basso,Rafael Del Bagno,"Julio Ahumada, Eduardo Rovira, Adolfo Francia, Andrés Natale","Mauricio Misé, Francisco Oréfice, Rodolfo Fernández, Domingo Serra, Leopoldo Marafiotti","Piano, Bass, 4 Bandoneons, 5 Violins",,,,
José Basso,Orquesta José Basso,1967,A Mis Pagos Voy,,Tango,Alfredo Belusi Y Carlos Rossi,Music Hall,,,2045,Luis Savastano,Eduardo Pedrotta,,62-70 Music Hall,José Basso,Rafael Del Bagno,"Julio Ahumada, Eduardo Rovira, Adolfo Francia, Andrés Natale","Mauricio Misé, Francisco Oréfice, Rodolfo Fernández, Domingo Serra, Leopoldo Marafiotti","Piano, Bass, 4 Bandoneons, 5 Violins",,,,
José Basso,Orquesta José Basso,1967,Amor y Tango,,Tango,Alfredo Belusi,Music Hall,,31323,2136,José Basso,Carlos Bahr,,62-70 Music Hall,José Basso,Rafael Del Bagno,"Julio Ahumada, Eduardo Rovira, Adolfo Francia, Andrés Natale","Mauricio Misé, Francisco Oréfice, Rodolfo Fernández, Domingo Serra, Leopoldo Marafiotti","Piano, Bass, 4 Bandoneons, 5 Violins",,,,
José Basso,Orquesta José Basso,1967,Besos Brujos,,Tango,Carlos Rossi,Music Hall,,,2136,Alfredo Malerba,Rodolfo Sciammarella,,62-70 Music Hall,José Basso,Rafael Del Bagno,"Julio Ahumada, Eduardo Rovira, Adolfo Francia, Andrés Natale","Mauricio Misé, Francisco Oréfice, Rodolfo Fernández, Domingo Serra, Leopoldo Marafiotti","Piano, Bass, 4 Bandoneons, 5 Violins",,,,
José Basso,Orquesta José Basso,1967,Celeste Lluvia,,Vals,Instrumental,Music Hall,,,2045,José Basso,,,62-70 Music Hall,José Basso,Rafael Del Bagno,"Julio Ahumada, Eduardo Rovira, Adolfo Francia, Andrés Natale","Mauricio Misé, Francisco Oréfice, Rodolfo Fernández, Domingo Serra, Leopoldo Marafiotti","Piano, Bass, 4 Bandoneons, 5 Violins",,,,
José Basso,Orquesta José Basso,1967,Copa de Ajenjo,,Tango,Alfredo Belusi,Music Hall,,,2136,Juan Canaro,Carlos Pesce,,62-70 Music Hall,José Basso,Rafael Del Bagno,"Julio Ahumada, Eduardo Rovira, Adolfo Francia, Andrés Natale","Mauricio Misé, Francisco Oréfice, Rodolfo Fernández, Domingo Serra, Leopoldo Marafiotti","Piano, Bass, 4 Bandoneons, 5 Violins",,,,
José Basso,Orquesta José Basso,1967,Corazón No Le Hagas Caso,,Tango,Carlos Rossi,Music Hall,,,2136,Armando Pontier,Carlos Bahr,,62-70 Music Hall,José Basso,Rafael Del Bagno,"Julio Ahumada, Eduardo Rovira, Adolfo Francia, Andrés Natale","Mauricio Misé, Francisco Oréfice, Rodolfo Fernández, Domingo Serra, Leopoldo Marafiotti","Piano, Bass, 4 Bandoneons, 5 Violins",,,,
José Basso,Orquesta José Basso,1967,El Ciruja,,Tango,Alfredo Belusi,Music Hall,,,2045,Ernesto De La Cruz,Francisco Marino,,62-70 Music Hall,José Basso,Rafael Del Bagno,"Julio Ahumada, Eduardo Rovira, Adolfo Francia, Andrés Natale","Mauricio Misé, Francisco Oréfice, Rodolfo Fernández, Domingo Serra, Leopoldo Marafiotti","Piano, Bass, 4 Bandoneons, 5 Violins",,,,
José Basso,Orquesta José Basso,1967,El Pulga,,Tango,Instrumental,Music Hall,,,2045,José Basso,,,62-70 Music Hall,José Basso,Rafael Del Bagno,"Julio Ahumada, Eduardo Rovira, Adolfo Francia, Andrés Natale","Mauricio Misé, Francisco Oréfice, Rodolfo Fernández, Domingo Serra, Leopoldo Marafiotti","Piano, Bass, 4 Bandoneons, 5 Violins",,,,
José Basso,Orquesta José Basso,1967,En Carne Viva,,Tango,Alfredo Belusi,Music Hall,,,30878,Cholo Aguirre,Cholo Aguirre,,62-70 Music Hall,José Basso,Rafael Del Bagno,"Julio Ahumada, Eduardo Rovira, Adolfo Francia, Andrés Natale","Mauricio Misé, Francisco Oréfice, Rodolfo Fernández, Domingo Serra, Leopoldo Marafiotti","Piano, Bass, 4 Bandoneons, 5 Violins",,,,
José Basso,Orquesta José Basso,1967,Farol,,Tango,Alfredo Belusi,Music Hall,,,2136,Virgilio Expósito,Homero Expósito,,62-70 Music Hall,José Basso,Rafael Del Bagno,"Julio Ahumada, Eduardo Rovira, Adolfo Francia, Andrés Natale","Mauricio Misé, Francisco Oréfice, Rodolfo Fernández, Domingo Serra, Leopoldo Marafiotti","Piano, Bass, 4 Bandoneons, 5 Violins",,,,
José Basso,Orquesta José Basso,1967,Jamás Lo Vas a Saber,,Tango,Alfredo Belusi,Music Hall,,31084,2045,Manuel Sucher,Abel Aznar,,62-70 Music Hall,José Basso,Rafael Del Bagno,"Julio Ahumada, Eduardo Rovira, Adolfo Francia, Andrés Natale","Mauricio Misé, Francisco Oréfice, Rodolfo Fernández, Domingo Serra, Leopoldo Marafiotti","Piano, Bass, 4 Bandoneons, 5 Violins",,,,
José Basso,Orquesta José Basso,1967,La Vieja Serenata,,Vals,Alfredo Belusi,Music Hall,,,2136,Teófilo Ibáñez,Sandalio Gómez,,62-70 Music Hall,José Basso,Rafael Del Bagno,"Julio Ahumada, Eduardo Rovira, Adolfo Francia, Andrés Natale","Mauricio Misé, Francisco Oréfice, Rodolfo Fernández, Domingo Serra, Leopoldo Marafiotti","Piano, Bass, 4 Bandoneons, 5 Violins",,,,
José Basso,Orquesta José Basso,1967,Madreselva,,Tango,Carlos Rossi,Music Hall,,31147,2045,Francisco Canaro,Luis Amadori,,62-70 Music Hall,José Basso,Rafael Del Bagno,"Julio Ahumada, Eduardo Rovira, Adolfo Francia, Andrés Natale","Mauricio Misé, Francisco Oréfice, Rodolfo Fernández, Domingo Serra, Leopoldo Marafiotti","Piano, Bass, 4 Bandoneons, 5 Violins",,,,
José Basso,Orquesta José Basso,1967,Me Están Sobrando las Penas,,Tango,Carlos Rossi,Music Hall,,,2136,"José Basso, Argentino Galván",Carlos Bahr,,62-70 Music Hall,José Basso,Rafael Del Bagno,"Julio Ahumada, Eduardo Rovira, Adolfo Francia, Andrés Natale","Mauricio Misé, Francisco Oréfice, Rodolfo Fernández, Domingo Serra, Leopoldo Marafiotti","Piano, Bass, 4 Bandoneons, 5 Violins",,,,
José Basso,Orquesta José Basso,1967,Pedacito de Cielo,,Vals,Carlos Rossi,Music Hall,,,2136,"Enrique Francini, Héctor Stamponi",Homero Expósito,,62-70 Music Hall,José Basso,Rafael Del Bagno,"Julio Ahumada, Eduardo Rovira, Adolfo Francia, Andrés Natale","Mauricio Misé, Francisco Oréfice, Rodolfo Fernández, Domingo Serra, Leopoldo Marafiotti","Piano, Bass, 4 Bandoneons, 5 Violins",,,,
José Basso,Orquesta José Basso,1967,Precio,,Tango,Carlos Rossi,Music Hall,,,2136,Manuel Sucher,Carlos Bahr,,62-70 Music Hall,José Basso,Rafael Del Bagno,"Julio Ahumada, Eduardo Rovira, Adolfo Francia, Andrés Natale","Mauricio Misé, Francisco Oréfice, Rodolfo Fernández, Domingo Serra, Leopoldo Marafiotti","Piano, Bass, 4 Bandoneons, 5 Violins",,,,
José Basso,Orquesta José Basso,1967,Qué Habrá Sido de Lucía,,Tango,Carlos Rossi,Music Hall,,,2136,Emilio Balcarce,Leopoldo Vélez,,62-70 Music Hall,José Basso,Rafael Del Bagno,"Julio Ahumada, Eduardo Rovira, Adolfo Francia, Andrés Natale","Mauricio Misé, Francisco Oréfice, Rodolfo Fernández, Domingo Serra, Leopoldo Marafiotti","Piano, Bass, 4 Bandoneons, 5 Violins",,,,
José Basso,Orquesta José Basso,1967,Rosicler,,Tango,Carlos Rossi,Music Hall,,31084,2045,José Basso,Francisco Jiménez,,62-70 Music Hall,José Basso,Rafael Del Bagno,"Julio Ahumada, Eduardo Rovira, Adolfo Francia, Andrés Natale","Mauricio Misé, Francisco Oréfice, Rodolfo Fernández, Domingo Serra, Leopoldo Marafiotti","Piano, Bass, 4 Bandoneons, 5 Violins",,,,
José Basso,Orquesta José Basso y Roberto Grela,1967,Se Tiran Conmigo,,Tango,Alfredo Belusi,Music Hall,,31147,2045,"José Díaz, Luis Díaz",Luis Díaz,,62-70 Music Hall,José Basso,Rafael Del Bagno,"Julio Ahumada, Eduardo Rovira, Adolfo Francia, Andrés Natale","Mauricio Misé, Francisco Oréfice, Rodolfo Fernández, Domingo Serra, Leopoldo Marafiotti, Roberto Grela (Guitar)","Piano, Bass, 4 Bandoneons, 5 Violins, Guitar",,,,
José Basso,Orquesta José Basso,1967,Tango y Copas,Otro Tango | Tangos y Copas,Tango,Alfredo Belusi,Music Hall,,,2136,Héctor Artola,Carlos Bahr,,62-70 Music Hall,José Basso,Rafael Del Bagno,"Julio Ahumada, Eduardo Rovira, Adolfo Francia, Andrés Natale","Mauricio Misé, Francisco Oréfice, Rodolfo Fernández, Domingo Serra, Leopoldo Marafiotti","Piano, Bass, 4 Bandoneons, 5 Violins",,,,
José Basso,Orquesta José Basso,1967,Un Tango Para la Falda,,Tango,Carlos Rossi,Music Hall,,,,José Basso,Juan Mareco,,62-70 Music Hall,José Basso,Rafael Del Bagno,"Julio Ahumada, Eduardo Rovira, Adolfo Francia, Andrés Natale","Mauricio Misé, Francisco Oréfice, Rodolfo Fernández, Domingo Serra, Leopoldo Marafiotti","Piano, Bass, 4 Bandoneons, 5 Violins",,,,
José Basso,Orquesta José Basso,1967,Vida Perra,,Tango,Alfredo Belusi,Music Hall,,,31248,Rodolfo Sciammarella,Luis Rubistein,,62-70 Music Hall,José Basso,Rafael Del Bagno,"Julio Ahumada, Eduardo Rovira, Adolfo Francia, Andrés Natale","Mauricio Misé, Francisco Oréfice, Rodolfo Fernández, Domingo Serra, Leopoldo Marafiotti","Piano, Bass, 4 Bandoneons, 5 Violins",,,,
José Basso,Orquesta José Basso,1968,Dame Tiempo,,Tango,Luis Correa,Music Hall,,,2300,"Cristóbal Ramos, Alberto Podestá",Francisco Yoni,,62-70 Music Hall,José Basso,Rafael Del Bagno,"Julio Ahumada, Eduardo Rovira, Adolfo Francia, Andrés Natale","Mauricio Misé, Francisco Oréfice, Rodolfo Fernández, Domingo Serra, Leopoldo Marafiotti","Piano, Bass, 4 Bandoneons, 5 Violins",,,,
José Basso,Orquesta José Basso,1968,Dónde Estás Japonesita,,Tango,Juan Carlos Godoy Y Luis Correa,Music Hall,,,2300,José Basso,Norbeto Aroldi,,62-70 Music Hall,José Basso,Rafael Del Bagno,"Julio Ahumada, Eduardo Rovira, Adolfo Francia, Andrés Natale","Mauricio Misé, Francisco Oréfice, Rodolfo Fernández, Domingo Serra, Leopoldo Marafiotti","Piano, Bass, 4 Bandoneons, 5 Violins",,,,
José Basso,Orquesta José Basso,1968,La Mariposa,Gorjeos,Tango,Juan Carlos Godoy,Music Hall,,,2300,Pedro Maffía,Celedonio Flores,,62-70 Music Hall,José Basso,Rafael Del Bagno,"Julio Ahumada, Eduardo Rovira, Adolfo Francia, Andrés Natale","Mauricio Misé, Francisco Oréfice, Rodolfo Fernández, Domingo Serra, Leopoldo Marafiotti","Piano, Bass, 4 Bandoneons, 5 Violins",,,,
José Basso,Orquesta José Basso,1968,Melenita de Oro,,Tango,Juan Carlos Godoy,Music Hall,,,2300,Carlos Flores,Samuel Linnig,,62-70 Music Hall,José Basso,Rafael Del Bagno,"Julio Ahumada, Eduardo Rovira, Adolfo Francia, Andrés Natale","Mauricio Misé, Francisco Oréfice, Rodolfo Fernández, Domingo Serra, Leopoldo Marafiotti","Piano, Bass, 4 Bandoneons, 5 Violins",,,,
José Basso,Orquesta José Basso,1968,Mi Luna,,Tango,Juan Carlos Godoy,Music Hall,,,2300,Carlos Olmedo,Lito Bayardo,,62-70 Music Hall,José Basso,Rafael Del Bagno,"Julio Ahumada, Eduardo Rovira, Adolfo Francia, Andrés Natale","Mauricio Misé, Francisco Oréfice, Rodolfo Fernández, Domingo Serra, Leopoldo Marafiotti","Piano, Bass, 4 Bandoneons, 5 Violins",,,,
José Basso,Orquesta José Basso,1968,Mientras Tú No Llegas,,Tango,Carlos Rossi,Music Hall,,,,Manuel Sucher,Carlos Bahr,,62-70 Music Hall,José Basso,Rafael Del Bagno,"Julio Ahumada, Eduardo Rovira, Adolfo Francia, Andrés Natale","Mauricio Misé, Francisco Oréfice, Rodolfo Fernández, Domingo Serra, Leopoldo Marafiotti","Piano, Bass, 4 Bandoneons, 5 Violins",,,,
José Basso,Orquesta José Basso,1968,Milonga del Siglo Xv,Milonga del Siglo Quince,Milonga,Luis Correa,Music Hall,,31742,2300,José Basso,,,62-70 Music Hall,José Basso,Rafael Del Bagno,"Julio Ahumada, Eduardo Rovira, Adolfo Francia, Andrés Natale","Mauricio Misé, Francisco Oréfice, Rodolfo Fernández, Domingo Serra, Leopoldo Marafiotti","Piano, Bass, 4 Bandoneons, 5 Violins",,,,
José Basso,Orquesta José Basso,1968,Necesito Olvidar,,Tango,Juan Carlos Godoy,Music Hall,,,2300,Rodolfo Sciammarella,Manuel Romero,,62-70 Music Hall,José Basso,Rafael Del Bagno,"Julio Ahumada, Eduardo Rovira, Adolfo Francia, Andrés Natale","Mauricio Misé, Francisco Oréfice, Rodolfo Fernández, Domingo Serra, Leopoldo Marafiotti","Piano, Bass, 4 Bandoneons, 5 Violins",,,,
José Basso,Orquesta José Basso,1968,Por Vos Filosofía,Para Vos Filosofía,Tango,Luis Correa,Music Hall,,,2300,Riel,Abel Aznar,,62-70 Music Hall,José Basso,Rafael Del Bagno,"Julio Ahumada, Eduardo Rovira, Adolfo Francia, Andrés Natale","Mauricio Misé, Francisco Oréfice, Rodolfo Fernández, Domingo Serra, Leopoldo Marafiotti","Piano, Bass, 4 Bandoneons, 5 Violins",,,,
José Basso,Orquesta José Basso,1968,Soledad la de Barracas,,Tango,Luis Correa,Music Hall,,,2300,Roberto Garza,Carlos Bahr,,62-70 Music Hall,José Basso,Rafael Del Bagno,"Julio Ahumada, Eduardo Rovira, Adolfo Francia, Andrés Natale","Mauricio Misé, Francisco Oréfice, Rodolfo Fernández, Domingo Serra, Leopoldo Marafiotti","Piano, Bass, 4 Bandoneons, 5 Violins",,,,
José Basso,Orquesta José Basso,1968,Su Nombre Era Margot,,Tango,Alfredo Belusi,Music Hall,,,,Ángel Cabral,Ángel Cabral,,62-70 Music Hall,José Basso,Rafael Del Bagno,"Julio Ahumada, Eduardo Rovira, Adolfo Francia, Andrés Natale","Mauricio Misé, Francisco Oréfice, Rodolfo Fernández, Domingo Serra, Leopoldo Marafiotti","Piano, Bass, 4 Bandoneons, 5 Violins",,,,
José Basso,Orquesta José Basso,1968,Una Piba Como Vos,,Tango,Luis Correa,Music Hall,,31742,2300,Edgardo Truffa,Dante Gilardoni,,62-70 Music Hall,José Basso,Rafael Del Bagno,"Julio Ahumada, Eduardo Rovira, Adolfo Francia, Andrés Natale","Mauricio Misé, Francisco Oréfice, Rodolfo Fernández, Domingo Serra, Leopoldo Marafiotti","Piano, Bass, 4 Bandoneons, 5 Violins",,,,
José Basso,Orquesta José Basso,1968,Yo No Sé Qué Me Han Hecho Tus Ojos,,Vals,Juan Carlos Godoy,Music Hall,,,2300,Francisco Canaro,Francisco Canaro,,62-70 Music Hall,José Basso,Rafael Del Bagno,"Julio Ahumada, Eduardo Rovira, Adolfo Francia, Andrés Natale","Mauricio Misé, Francisco Oréfice, Rodolfo Fernández, Domingo Serra, Leopoldo Marafiotti","Piano, Bass, 4 Bandoneons, 5 Violins",,,,
José Basso,Orquesta José Basso,1968,El Rosal,,Tango,Juan Carlos Godoy Y Luis Correa,Music Hall,,,2300,Gerardo Rodríguez,Manuel Romero,,62-70 Music Hall,José Basso,Rafael Del Bagno,"Julio Ahumada, Eduardo Rovira, Adolfo Francia, Andrés Natale","Mauricio Misé, Francisco Oréfice, Rodolfo Fernández, Domingo Serra, Leopoldo Marafiotti","Piano, Bass, 4 Bandoneons, 5 Violins",,,,
José Basso,Orquesta José Basso,1969,Copa de Ajenjo,,Tango,Alfredo Belusi,Music Hall,,,,Juan Canaro,Carlos Pesce,,62-70 Music Hall,José Basso,Rafael Del Bagno,"Julio Ahumada, Eduardo Rovira, Adolfo Francia, Andrés Natale","Mauricio Misé, Francisco Oréfice, Rodolfo Fernández, Domingo Serra, Leopoldo Marafiotti","Piano, Bass, 4 Bandoneons, 5 Violins",,,,
José Basso,Orquesta José Basso,1969,Farol,,Tango,Alfredo Belusi,Music Hall,,,,Virgilio Expósito,Homero Expósito,,62-70 Music Hall,José Basso,Rafael Del Bagno,"Julio Ahumada, Eduardo Rovira, Adolfo Francia, Andrés Natale","Mauricio Misé, Francisco Oréfice, Rodolfo Fernández, Domingo Serra, Leopoldo Marafiotti","Piano, Bass, 4 Bandoneons, 5 Violins",,,,
José Basso,Orquesta José Basso,1969,La Vieja Serenata,,Vals,Alfredo Belusi,Music Hall,,,,Teófilo Ibáñez,Sandalio Gómez,,62-70 Music Hall,José Basso,Rafael Del Bagno,"Julio Ahumada, Eduardo Rovira, Adolfo Francia, Andrés Natale","Mauricio Misé, Francisco Oréfice, Rodolfo Fernández, Domingo Serra, Leopoldo Marafiotti","Piano, Bass, 4 Bandoneons, 5 Violins",,,,
José Basso,Orquesta José Basso,1969,Los Despojos,,Tango,Juan Carlos Godoy,Music Hall,,,SIN PUBLICAR,José Dames,Horacio Sanguinetti,,62-70 Music Hall,José Basso,Rafael Del Bagno,"Julio Ahumada, Eduardo Rovira, Adolfo Francia, Andrés Natale","Mauricio Misé, Francisco Oréfice, Rodolfo Fernández, Domingo Serra, Leopoldo Marafiotti","Piano, Bass, 4 Bandoneons, 5 Violins",,,,
José Basso,Orquesta José Basso,1969,Secuestro,,Milonga,Luis Correa,Music Hall,,,SIN PUBLICAR,Américo Viglione,Ernesto Cardenal,,62-70 Music Hall,José Basso,Rafael Del Bagno,"Julio Ahumada, Eduardo Rovira, Adolfo Francia, Andrés Natale","Mauricio Misé, Francisco Oréfice, Rodolfo Fernández, Domingo Serra, Leopoldo Marafiotti","Piano, Bass, 4 Bandoneons, 5 Violins",,,,
José Basso,Orquesta José Basso,1969,Tango y Copas,Otro Tango | Tangos y Copas,Tango,Alfredo Belusi,Music Hall,,,,Héctor Artola,Carlos Bahr,,62-70 Music Hall,José Basso,Rafael Del Bagno,"Julio Ahumada, Eduardo Rovira, Adolfo Francia, Andrés Natale","Mauricio Misé, Francisco Oréfice, Rodolfo Fernández, Domingo Serra, Leopoldo Marafiotti","Piano, Bass, 4 Bandoneons, 5 Violins",,,,
José Basso,El Cuatro de Pepe Basso,1970,A la Gran Muñeca,,Tango,Instrumental,Music Hall,,,70730,Jesús Ventura,Miguel Osés,,62-70 Music Hall,José Basso,Rafael Del Bagno,"Julio Ahumada, Eduardo Rovira, Adolfo Francia, Andrés Natale","Mauricio Misé, Francisco Oréfice, Rodolfo Fernández, Domingo Serra, Leopoldo Marafiotti","Piano, Bass, 4 Bandoneons, 5 Violins",,,,
José Basso,Orquesta José Basso,1970,Canaro en París,Canaro en París,Tango,Instrumental,Almalí,,,70730,"Alejandro Scarpino, Juan Caldarella",José Scarpino,,70 Almalí + Odeón,José Basso,Rafael Del Bagno,"Julio Ahumada, Eduardo Rovira, Adolfo Francia, Andrés Natale","Mauricio Misé, Francisco Oréfice, Rodolfo Fernández, Domingo Serra, Leopoldo Marafiotti","Piano, Bass, 4 Bandoneons, 5 Violins",,,,
José Basso,Orquesta José Basso,1970,Chiqué,El Elegante,Tango,Instrumental,Music Hall,,,70730,Ricardo Brignolo,Ricardo Brignolo,,62-70 Music Hall,José Basso,Rafael Del Bagno,"Julio Ahumada, Eduardo Rovira, Adolfo Francia, Andrés Natale","Mauricio Misé, Francisco Oréfice, Rodolfo Fernández, Domingo Serra, Leopoldo Marafiotti","Piano, Bass, 4 Bandoneons, 5 Violins",,,,
José Basso,Orquesta José Basso,1970,El Choclo,Kiss Of Fire,Tango,Instrumental,Music Hall,,,70730,Ángel Villoldo,"Juan Catán, Enrique Discépolo",,62-70 Music Hall,José Basso,Rafael Del Bagno,"Julio Ahumada, Eduardo Rovira, Adolfo Francia, Andrés Natale","Mauricio Misé, Francisco Oréfice, Rodolfo Fernández, Domingo Serra, Leopoldo Marafiotti","Piano, Bass, 4 Bandoneons, 5 Violins",,,,
José Basso,Orquesta José Basso,1970,El Huracán,El Huracán,Tango,Instrumental,Music Hall,,,70730,"Osvaldo Donato, Edgardo Donato",Nolo López,,62-70 Music Hall,José Basso,Rafael Del Bagno,"Julio Ahumada, Eduardo Rovira, Adolfo Francia, Andrés Natale","Mauricio Misé, Francisco Oréfice, Rodolfo Fernández, Domingo Serra, Leopoldo Marafiotti","Piano, Bass, 4 Bandoneons, 5 Violins",,,,
José Basso,Orquesta José Basso,1970,Felicia,,Tango,Instrumental,Music Hall,,,70730,Enrique Saborido,Carlos Pacheco,,62-70 Music Hall,José Basso,Rafael Del Bagno,"Julio Ahumada, Eduardo Rovira, Adolfo Francia, Andrés Natale","Mauricio Misé, Francisco Oréfice, Rodolfo Fernández, Domingo Serra, Leopoldo Marafiotti","Piano, Bass, 4 Bandoneons, 5 Violins",,,,
José Basso,Orquesta José Basso,1970,La Cachila,,Tango,Instrumental,Music Hall,,,70730,Eduardo Arolas,Héctor Polito,,62-70 Music Hall,José Basso,Rafael Del Bagno,"Julio Ahumada, Eduardo Rovira, Adolfo Francia, Andrés Natale","Mauricio Misé, Francisco Oréfice, Rodolfo Fernández, Domingo Serra, Leopoldo Marafiotti","Piano, Bass, 4 Bandoneons, 5 Violins",,,,
José Basso,Orquesta José Basso,1970,La Morocha,,Tango,Instrumental,Music Hall,,,70730,Enrique Saborido,Ángel Villoldo,,62-70 Music Hall,José Basso,Rafael Del Bagno,"Julio Ahumada, Eduardo Rovira, Adolfo Francia, Andrés Natale","Mauricio Misé, Francisco Oréfice, Rodolfo Fernández, Domingo Serra, Leopoldo Marafiotti","Piano, Bass, 4 Bandoneons, 5 Violins",,,,
José Basso,Orquesta José Basso,1970,Mamá Yo Quiero un Novio,,Tango,Instrumental,Music Hall,,,70730,Ramón Collazo,Roberto Fontaina,,62-70 Music Hall,José Basso,Rafael Del Bagno,"Julio Ahumada, Eduardo Rovira, Adolfo Francia, Andrés Natale","Mauricio Misé, Francisco Oréfice, Rodolfo Fernández, Domingo Serra, Leopoldo Marafiotti","Piano, Bass, 4 Bandoneons, 5 Violins",,,,
José Basso,Orquesta José Basso,1970,Nostalgias,,Tango,Instrumental,Music Hall,,,70730,Juan Cobián,Enrique Cadícamo,,62-70 Music Hall,José Basso,Rafael Del Bagno,"Julio Ahumada, Eduardo Rovira, Adolfo Francia, Andrés Natale","Mauricio Misé, Francisco Oréfice, Rodolfo Fernández, Domingo Serra, Leopoldo Marafiotti","Piano, Bass, 4 Bandoneons, 5 Violins",,,,
José Basso,Orquesta José Basso,1970,Organito de la Tarde,,Tango,Instrumental,Music Hall,,,70730,Castillo Cátulo,José Castillo,,62-70 Music Hall,José Basso,Rafael Del Bagno,"Julio Ahumada, Eduardo Rovira, Adolfo Francia, Andrés Natale","Mauricio Misé, Francisco Oréfice, Rodolfo Fernández, Domingo Serra, Leopoldo Marafiotti","Piano, Bass, 4 Bandoneons, 5 Violins",,,,
José Basso,Orquesta José Basso,1970,Quejas de Bandoneón,Quejas de Bandoneón,Tango,Instrumental,Music Hall,,,70730,Juan Filiberto,,,62-70 Music Hall,José Basso,Rafael Del Bagno,"Julio Ahumada, Eduardo Rovira, Adolfo Francia, Andrés Natale","Mauricio Misé, Francisco Oréfice, Rodolfo Fernández, Domingo Serra, Leopoldo Marafiotti","Piano, Bass, 4 Bandoneons, 5 Violins",,,,
José Basso,Orquesta José Basso,1970,Re Fa Si,,Tango,Instrumental,Music Hall,,,70730,Enrique Delfino,,,62-70 Music Hall,José Basso,Rafael Del Bagno,"Julio Ahumada, Eduardo Rovira, Adolfo Francia, Andrés Natale","Mauricio Misé, Francisco Oréfice, Rodolfo Fernández, Domingo Serra, Leopoldo Marafiotti","Piano, Bass, 4 Bandoneons, 5 Violins",,,,
José Basso,Orquesta José Basso,1970,Rodríguez Peña,Rodríguez Peña,Tango,Instrumental,Music Hall,,,70730,Vicente Greco,"Ernesto Temes, Juan Velich, Rafael Velich",,62-70 Music Hall,José Basso,Rafael Del Bagno,"Julio Ahumada, Eduardo Rovira, Adolfo Francia, Andrés Natale","Mauricio Misé, Francisco Oréfice, Rodolfo Fernández, Domingo Serra, Leopoldo Marafiotti","Piano, Bass, 4 Bandoneons, 5 Violins",,,,
José Basso,Orquesta José Basso,1970,Caminito,,Tango,Instrumental,Almalí,,,30007,Juan Filiberto,Gabino Peñaloza,,70 Almalí + Odeón,José Basso,Francisco De Lorenzo,"Roberto Pansera, Juan Carlos Bera, Eduardo Corti, Lisandro Adrover","Osvaldo Rodríguez, Armando Husso, José Singla, José Fernández","Piano, Bass, 4 Bandoneons, 4 Violins",,,,
José Basso,Orquesta José Basso,1970,Yira Yira,,Tango,Instrumental,Almalí,,,30007,Enrique Discépolo,Enrique Discépolo,,70 Almalí + Odeón,José Basso,Francisco De Lorenzo,"Roberto Pansera, Juan Carlos Bera, Eduardo Corti, Lisandro Adrover","Osvaldo Rodríguez, Armando Husso, José Singla, José Fernández","Piano, Bass, 4 Bandoneons, 4 Violins",,,,
José Basso,Orquesta José Basso,1970,La Cumparsita,,Tango,Instrumental,Almalí,,,30007,Gerardo Rodríguez,"Pascual Contursi, Enrique Maroni, Gerardo Rodríguez",,70 Almalí + Odeón,José Basso,Francisco De Lorenzo,"Roberto Pansera, Juan Carlos Bera, Eduardo Corti, Lisandro Adrover","Osvaldo Rodríguez, Armando Husso, José Singla, José Fernández","Piano, Bass, 4 Bandoneons, 4 Violins",,,,
José Basso,Orquesta José Basso,1970,El Esquinazo,,Milonga,Instrumental,Almalí,,,30007,Ángel Villoldo,"Carlos Pesce, Antonio Polito",,70 Almalí + Odeón,José Basso,Francisco De Lorenzo,"Roberto Pansera, Juan Carlos Bera, Eduardo Corti, Lisandro Adrover","Osvaldo Rodríguez, Armando Husso, José Singla, José Fernández","Piano, Bass, 4 Bandoneons, 4 Violins",,,,
José Basso,Orquesta José Basso,1970,Adiós Muchachos,,Tango,Instrumental,Almalí,,,30007,Julio Sanders,"César Vedani, Carol Raven",,70 Almalí + Odeón,José Basso,Francisco De Lorenzo,"Roberto Pansera, Juan Carlos Bera, Eduardo Corti, Lisandro Adrover","Osvaldo Rodríguez, Armando Husso, José Singla, José Fernández","Piano, Bass, 4 Bandoneons, 4 Violins",,,,
José Basso,Orquesta José Basso,1970,Inspiración,,Tango,Instrumental,Almalí,,,30007,Peregrino Paulos,Luis Rubistein,,70 Almalí + Odeón,José Basso,Francisco De Lorenzo,"Roberto Pansera, Juan Carlos Bera, Eduardo Corti, Lisandro Adrover","Osvaldo Rodríguez, Armando Husso, José Singla, José Fernández","Piano, Bass, 4 Bandoneons, 4 Violins",,,,
José Basso,Orquesta José Basso,1970,A Media Luz,,Tango,Instrumental,Almalí,,,30007,Edgardo Donato,Carlos Lenzi,,70 Almalí + Odeón,José Basso,Francisco De Lorenzo,"Roberto Pansera, Juan Carlos Bera, Eduardo Corti, Lisandro Adrover","Osvaldo Rodríguez, Armando Husso, José Singla, José Fernández","Piano, Bass, 4 Bandoneons, 4 Violins",,,,
José Basso,Orquesta José Basso,1970,Don Juan,,Tango,Instrumental,Almalí,,,30007,Ernesto Ponzio,Ricardo Podestá,,70 Almalí + Odeón,José Basso,Francisco De Lorenzo,"Roberto Pansera, Juan Carlos Bera, Eduardo Corti, Lisandro Adrover","Osvaldo Rodríguez, Armando Husso, José Singla, José Fernández","Piano, Bass, 4 Bandoneons, 4 Violins",,,,
José Basso,Orquesta José Basso,1970,Adiós Pampa Mía,,Tango,Instrumental,Almalí,,,30007,"Francisco Canaro, Mariano Mores",Ivo Pelay,,70 Almalí + Odeón,José Basso,Francisco De Lorenzo,"Roberto Pansera, Juan Carlos Bera, Eduardo Corti, Lisandro Adrover","Osvaldo Rodríguez, Armando Husso, José Singla, José Fernández","Piano, Bass, 4 Bandoneons, 4 Violins",,,,
José Basso,Orquesta José Basso,1970,El Llorón,,Tango,Instrumental,Almalí,,,30007,Juan Maglio,Enrique Cadícamo,,70 Almalí + Odeón,José Basso,Francisco De Lorenzo,"Roberto Pansera, Juan Carlos Bera, Eduardo Corti, Lisandro Adrover","Osvaldo Rodríguez, Armando Husso, José Singla, José Fernández","Piano, Bass, 4 Bandoneons, 4 Violins",,,,
José Basso,Orquesta José Basso,1970,El Amanecer,,Tango,Instrumental,Almalí,,,30007,Roberto Firpo,,,70 Almalí + Odeón,José Basso,Francisco De Lorenzo,"Roberto Pansera, Juan Carlos Bera, Eduardo Corti, Lisandro Adrover","Osvaldo Rodríguez, Armando Husso, José Singla, José Fernández","Piano, Bass, 4 Bandoneons, 4 Violins",,,,
José Basso,Orquesta José Basso,1970,Brazo de Oro,,Tango,Instrumental,Almalí,,,30007,José Basso,,,70 Almalí + Odeón,José Basso,Francisco De Lorenzo,"Roberto Pansera, Juan Carlos Bera, Eduardo Corti, Lisandro Adrover","Osvaldo Rodríguez, Armando Husso, José Singla, José Fernández","Piano, Bass, 4 Bandoneons, 4 Violins",,,,
José Basso,Orquesta José Basso,1970,Sentimiento Gaucho,,Tango,Instrumental,Almalí,,,30007,"Francisco Canaro, Rafael Canaro",Juan Caruso,,70 Almalí + Odeón,José Basso,Francisco De Lorenzo,"Roberto Pansera, Juan Carlos Bera, Eduardo Corti, Lisandro Adrover","Osvaldo Rodríguez, Armando Husso, José Singla, José Fernández","Piano, Bass, 4 Bandoneons, 4 Violins",,,,
José Basso,Orquesta José Basso,1983,A Media Luz,,Tango,Instrumental,Odeón,,,,Edgardo Donato,Carlos Lenzi,,70 Almalí + Odeón,José Basso,Francisco De Lorenzo,"Roberto Pansera, Juan Carlos Bera, Eduardo Corti, Lisandro Adrover","Osvaldo Rodríguez, Armando Husso, José Singla, José Fernández","Piano, Bass, 4 Bandoneons, 4 Violins",,,,
José Basso,Orquesta José Basso,1983,Adiós Muchachos,,Tango,Instrumental,Odeón,,,,Julio Sanders,"César Vedani, Carol Raven",,70 Almalí + Odeón,José Basso,Francisco De Lorenzo,"Roberto Pansera, Juan Carlos Bera, Eduardo Corti, Lisandro Adrover","Osvaldo Rodríguez, Armando Husso, José Singla, José Fernández","Piano, Bass, 4 Bandoneons, 4 Violins",,,,
José Basso,Orquesta José Basso,1983,Adiós Pampa Mía,,Tango,Instrumental,Odeón,,,,"Francisco Canaro, Mariano Mores",Ivo Pelay,,70 Almalí + Odeón,José Basso,Francisco De Lorenzo,"Roberto Pansera, Juan Carlos Bera, Eduardo Corti, Lisandro Adrover","Osvaldo Rodríguez, Armando Husso, José Singla, José Fernández","Piano, Bass, 4 Bandoneons, 4 Violins",,,,
José Basso,Orquesta José Basso,1983,Brazo de Oro,,Tango,Instrumental,Odeón,,,,José Basso,,,70 Almalí + Odeón,José Basso,Francisco De Lorenzo,"Roberto Pansera, Juan Carlos Bera, Eduardo Corti, Lisandro Adrover","Osvaldo Rodríguez, Armando Husso, José Singla, José Fernández","Piano, Bass, 4 Bandoneons, 4 Violins",,,,
José Basso,Orquesta José Basso,1983,Caminito,,Tango,Instrumental,Odeón,,,,Juan Filiberto,Gabino Peñaloza,,70 Almalí + Odeón,José Basso,Francisco De Lorenzo,"Roberto Pansera, Juan Carlos Bera, Eduardo Corti, Lisandro Adrover","Osvaldo Rodríguez, Armando Husso, José Singla, José Fernández","Piano, Bass, 4 Bandoneons, 4 Violins",,,,
José Basso,Orquesta José Basso,1983,Don Juan,Mozos Guapos,Tango,Instrumental,Odeón,,,,Ernesto Ponzio,Ricardo Podestá,,70 Almalí + Odeón,José Basso,Francisco De Lorenzo,"Roberto Pansera, Juan Carlos Bera, Eduardo Corti, Lisandro Adrover","Osvaldo Rodríguez, Armando Husso, José Singla, José Fernández","Piano, Bass, 4 Bandoneons, 4 Violins",,,,
José Basso,Orquesta José Basso,1983,El Amanecer,,Tango,Instrumental,Odeón,,,,Roberto Firpo,,,70 Almalí + Odeón,José Basso,Francisco De Lorenzo,"Roberto Pansera, Juan Carlos Bera, Eduardo Corti, Lisandro Adrover","Osvaldo Rodríguez, Armando Husso, José Singla, José Fernández","Piano, Bass, 4 Bandoneons, 4 Violins",,,,
José Basso,Orquesta José Basso,1983,El Esquinazo,,Milonga,Instrumental,Odeón,,,,Ángel Villoldo,"Carlos Pesce, Antonio Polito",,70 Almalí + Odeón,José Basso,Francisco De Lorenzo,"Roberto Pansera, Juan Carlos Bera, Eduardo Corti, Lisandro Adrover","Osvaldo Rodríguez, Armando Husso, José Singla, José Fernández","Piano, Bass, 4 Bandoneons, 4 Violins",,,,
José Basso,Orquesta José Basso,1983,El Llorón,,Milonga,Instrumental,Odeón,,,,Juan Maglio,Enrique Cadícamo,,70 Almalí + Odeón,José Basso,Francisco De Lorenzo,"Roberto Pansera, Juan Carlos Bera, Eduardo Corti, Lisandro Adrover","Osvaldo Rodríguez, Armando Husso, José Singla, José Fernández","Piano, Bass, 4 Bandoneons, 4 Violins",,,,
José Basso,Orquesta José Basso,1983,Inspiración,Inspiración,Tango,Instrumental,Odeón,,,,Peregrino Paulos,Luis Rubistein,,70 Almalí + Odeón,José Basso,Francisco De Lorenzo,"Roberto Pansera, Juan Carlos Bera, Eduardo Corti, Lisandro Adrover","Osvaldo Rodríguez, Armando Husso, José Singla, José Fernández","Piano, Bass, 4 Bandoneons, 4 Violins",,,,
José Basso,El Cuatro de Pepe Basso,1983,La Cumparsita,Si Supieras,Tango,Instrumental,Odeón,,,,Gerardo Rodríguez,"Pascual Contursi, Enrique Maroni, Gerardo Rodríguez",,70 Almalí + Odeón,José Basso,Francisco De Lorenzo,"Roberto Pansera, Juan Carlos Bera, Eduardo Corti, Lisandro Adrover","Osvaldo Rodríguez, Armando Husso, José Singla, José Fernández","Piano, Bass, 4 Bandoneons, 4 Violins",,,,
José Basso,Orquesta José Basso,1983,Sentimiento Gaucho,,Tango,Instrumental,Odeón,,,,"Francisco Canaro, Rafael Canaro",Juan Caruso,,70 Almalí + Odeón,José Basso,Francisco De Lorenzo,"Roberto Pansera, Juan Carlos Bera, Eduardo Corti, Lisandro Adrover","Osvaldo Rodríguez, Armando Husso, José Singla, José Fernández","Piano, Bass, 4 Bandoneons, 4 Violins",,,,
José Basso,Orquesta José Basso,1983,Yira Yira,,Tango,Instrumental,Odeón,,,,Enrique Discépolo,Enrique Discépolo,,70 Almalí + Odeón,José Basso,Francisco De Lorenzo,"Roberto Pansera, Juan Carlos Bera, Eduardo Corti, Lisandro Adrover","Osvaldo Rodríguez, Armando Husso, José Singla, José Fernández","Piano, Bass, 4 Bandoneons, 4 Violins",,,,
José Basso,Orquesta José Basso,1985,Mi Dolor,,Tango,Gloria Díaz,Odeón,,,,Carlos Marcucci,Manuel Meaños,,70 Almalí + Odeón,José Basso,Francisco De Lorenzo,"Roberto Pansera, Juan Carlos Bera, Eduardo Corti, Lisandro Adrover","Osvaldo Rodríguez, Armando Husso, José Singla, José Fernández","Piano, Bass, 4 Bandoneons, 4 Violins",,,,
José Basso,Orquesta José Basso,1985,Viejo Rincón,,Tango,Gloria Díaz,Odeón,,,,Raúl De Los Hoyos,Roberto Cayol,,70 Almalí + Odeón,José Basso,Francisco De Lorenzo,"Roberto Pansera, Juan Carlos Bera, Eduardo Corti, Lisandro Adrover","Osvaldo Rodríguez, Armando Husso, José Singla, José Fernández","Piano, Bass, 4 Bandoneons, 4 Violins",,,,
José Basso,Orquesta José Basso,1986,Amigos Que Yo Quiero,,Tango,Eduardo Borda,Odeón,,,29.024,Hugo Gutiérrez,Hugo Gutiérrez,,70 Almalí + Odeón,José Basso,Francisco De Lorenzo,"Roberto Pansera, Juan Carlos Bera, Eduardo Corti, Lisandro Adrover","Osvaldo Rodríguez, Armando Husso, José Singla, José Fernández","Piano, Bass, 4 Bandoneons, 4 Violins",,,,
José Basso,Orquesta José Basso,1986,Amor y Tango,,Tango,Eduardo Borda,Odeón,,,29.024,José Basso,Carlos Bahr,,70 Almalí + Odeón,José Basso,Francisco De Lorenzo,"Roberto Pansera, Juan Carlos Bera, Eduardo Corti, Lisandro Adrover","Osvaldo Rodríguez, Armando Husso, José Singla, José Fernández","Piano, Bass, 4 Bandoneons, 4 Violins",,,,
José Basso,Orquesta José Basso,1986,Con Alma y Vida,,Milonga,Eduardo Borda Y Quique Ojeda,Odeón,,,29024,Carlos Di Sarli,Héctor Marcó,,70 Almalí + Odeón,José Basso,Francisco De Lorenzo,"Roberto Pansera, Juan Carlos Bera, Eduardo Corti, Lisandro Adrover","Osvaldo Rodríguez, Armando Husso, José Singla, José Fernández","Piano, Bass, 4 Bandoneons, 4 Violins",,,,
José Basso,Orquesta José Basso,1986,Desorientado,,Tango,Eduardo Borda,Odeón,,,29.024,"Miguel Caló, Marvil, Oscar Rubens","Miguel Caló, Marvil, Oscar Rubens",,70 Almalí + Odeón,José Basso,Francisco De Lorenzo,"Roberto Pansera, Juan Carlos Bera, Eduardo Corti, Lisandro Adrover","Osvaldo Rodríguez, Armando Husso, José Singla, José Fernández","Piano, Bass, 4 Bandoneons, 4 Violins",,,,
José Basso,Orquesta José Basso,1986,Después del Carnaval,,Tango,Eduardo Borda Y Quique Ojeda,Odeón,,,,José Keen,José Keen,,70 Almalí + Odeón,José Basso,Francisco De Lorenzo,"Roberto Pansera, Juan Carlos Bera, Eduardo Corti, Lisandro Adrover","Osvaldo Rodríguez, Armando Husso, José Singla, José Fernández","Piano, Bass, 4 Bandoneons, 4 Violins",,,,
José Basso,Orquesta José Basso,1986,Doble A,,Tango,Instrumental,Odeón,,,29.024,José Basso,,,70 Almalí + Odeón,José Basso,Francisco De Lorenzo,"Roberto Pansera, Juan Carlos Bera, Eduardo Corti, Lisandro Adrover","Osvaldo Rodríguez, Armando Husso, José Singla, José Fernández","Piano, Bass, 4 Bandoneons, 4 Violins",,,,
José Basso,Orquesta José Basso,1986,El Viejo Vals,,Vals,Eduardo Borda Y Quique Ojeda,Odeón,,,29.024,Carlos Pérez,José Castillo,,70 Almalí + Odeón,José Basso,Francisco De Lorenzo,"Roberto Pansera, Juan Carlos Bera, Eduardo Corti, Lisandro Adrover","Osvaldo Rodríguez, Armando Husso, José Singla, José Fernández","Piano, Bass, 4 Bandoneons, 4 Violins",,,,
José Basso,Orquesta José Basso,1986,La Capilla Blanca,,Tango,Quique Ojeda,Odeón,,,2924,Carlos Di Sarli,Héctor Marcó,,70 Almalí + Odeón,José Basso,Francisco De Lorenzo,"Roberto Pansera, Juan Carlos Bera, Eduardo Corti, Lisandro Adrover","Osvaldo Rodríguez, Armando Husso, José Singla, José Fernández","Piano, Bass, 4 Bandoneons, 4 Violins",,,,
José Basso,Orquesta José Basso,1986,Once y Uno,11 y 1,Tango,Instrumental,Odeón,,,29.024,José Basso,,,70 Almalí + Odeón,José Basso,Francisco De Lorenzo,"Roberto Pansera, Juan Carlos Bera, Eduardo Corti, Lisandro Adrover","Osvaldo Rodríguez, Armando Husso, José Singla, José Fernández","Piano, Bass, 4 Bandoneons, 4 Violins",,,,
José Basso,Orquesta José Basso,1986,Pobre Flor,Primera Ilusión,Vals,Eduardo Borda Y Quique Ojeda,Odeón,,,29.024,Luis Mottolese,Víctor Spíndola,,70 Almalí + Odeón,José Basso,Francisco De Lorenzo,"Roberto Pansera, Juan Carlos Bera, Eduardo Corti, Lisandro Adrover","Osvaldo Rodríguez, Armando Husso, José Singla, José Fernández","Piano, Bass, 4 Bandoneons, 4 Violins",,,,
José Basso,Orquesta José Basso,1986,Pájaro Ciego,,Tango,Quique Ojeda,Odeón,,,29.024,Antonio Bonavena,Lito Bayardo,,70 Almalí + Odeón,José Basso,Francisco De Lorenzo,"Roberto Pansera, Juan Carlos Bera, Eduardo Corti, Lisandro Adrover","Osvaldo Rodríguez, Armando Husso, José Singla, José Fernández","Piano, Bass, 4 Bandoneons, 4 Violins",,,,
José Basso,Orquesta José Basso,1986,Rosicler,,Tango,Quique Ojeda,Odeón,,,29.024,José Basso,Francisco Jiménez,,70 Almalí + Odeón,José Basso,Francisco De Lorenzo,"Roberto Pansera, Juan Carlos Bera, Eduardo Corti, Lisandro Adrover","Osvaldo Rodríguez, Armando Husso, José Singla, José Fernández","Piano, Bass, 4 Bandoneons, 4 Violins",,,,
José Basso,Orquesta José Basso,1986,Tristeza Marina,,Tango,Quique Ojeda,Odeón,,,29.024,"José Dames, Roberto Chato",Horacio Sanguinetti,,70 Almalí + Odeón,José Basso,Francisco De Lorenzo,"Roberto Pansera, Juan Carlos Bera, Eduardo Corti, Lisandro Adrover","Osvaldo Rodríguez, Armando Husso, José Singla, José Fernández","Piano, Bass, 4 Bandoneons, 4 Violins",,,,
José Basso,Orquesta José Basso,1986,Un Tango y Nada Más,,Tango,Eduardo Borda,Odeón,,,29.024,"Armando Lacava, Juan Pomati",Carlos Waiss,,70 Almalí + Odeón,José Basso,Francisco De Lorenzo,"Roberto Pansera, Juan Carlos Bera, Eduardo Corti, Lisandro Adrover","Osvaldo Rodríguez, Armando Husso, José Singla, José Fernández","Piano, Bass, 4 Bandoneons, 4 Violins",,,,
