Bandleader,Orchestra,Date,Title,AltTitle,Genre,Singer,Label,Master,Matrix,Disc,Composer,Author,Arranger,Grouping,Title,Milonga_Ready,Artist_Hit,Pianist,Bassist,Bandoneons,Strings,Lineup,Img_Type,Img_Folder,Img_Side,Img_Album
Juan D'Arienzo,Sexteto Juan D'Arienzo,1928,Callejas Solo,Nada Más,Tango,Carlos Dante,Electra,78rpm,294,769-B,Juan D'Arienzo,Luis Rubistein,,28-30 Sextet,Callejas Solo,0,,Vicente Gorrese,Juan Puglisi,"Ciriaco Ortiz, Nicolás Primiani, Florentino Ottaviano","Alfredo Mazzeo, Luis Álvarez, Juan D'Arienzo","Piano, Bass, 3 Bandoneons, 3 Violins",,,,
Juan D'Arienzo,Sexteto Juan D'Arienzo,1928,Quejas del Suburbio,,Tango,Carlos Dante,Electra,78rpm,810,154-A,Antonio Polito,Salvador Polito,,28-30 Sextet,Quejas del Suburbio,0,,Vicente Gorrese,Juan Puglisi,"Ciriaco Ortiz, Nicolás Primiani, Florentino Ottaviano","Alfredo Mazzeo, Luis Álvarez, Juan D'Arienzo","Piano, Bass, 3 Bandoneons, 3 Violins",,,,
Juan D'Arienzo,Sexteto Juan D'Arienzo,1928,Puro Grupo,,Tango,Carlos Dante,Electra,78rpm,298,770-A,Ciriaco Ortiz,J. Garrón,,28-30 Sextet,Puro Grupo,0,,Vicente Gorrese,Juan Puglisi,"Ciriaco Ortiz, Nicolás Primiani, Florentino Ottaviano","Alfredo Mazzeo, Luis Álvarez, Juan D'Arienzo","Piano, Bass, 3 Bandoneons, 3 Violins",,,,
Juan D'Arienzo,Sexteto Juan D'Arienzo,1928,Juguete,,Tango,Carlos Dante,Electra,78rpm,299,769-A,"Salvador Grupillo, Nicolás Primani",Luis Rubistein,,28-30 Sextet,Juguete,0,,Vicente Gorrese,Juan Puglisi,"Ciriaco Ortiz, Nicolás Primiani, Florentino Ottaviano","Alfredo Mazzeo, Luis Álvarez, Juan D'Arienzo","Piano, Bass, 3 Bandoneons, 3 Violins",,,,
Juan D'Arienzo,Sexteto Juan D'Arienzo,1928,Funyi Claro,,Tango,Carlos Dante,Electra,78rpm,300,768-A,Nicolás Vaccaro,Eduardo Méndez,,28-30 Sextet,Funyi Claro,0,,Vicente Gorrese,Juan Puglisi,"Ciriaco Ortiz, Nicolás Primiani, Florentino Ottaviano","Alfredo Mazzeo, Luis Álvarez, Juan D'Arienzo","Piano, Bass, 3 Bandoneons, 3 Violins",,,,
Juan D'Arienzo,Sexteto Juan D'Arienzo,1928,Esta Noche Me Emborracho,,Tango,Carlos Dante,Electra,78rpm,811,150-A,Enrique Discépolo,Enrique Discépolo,,28-30 Sextet,Esta Noche Me Emborracho,0,,Vicente Gorrese,Juan Puglisi,"Ciriaco Ortiz, Nicolás Primiani, Florentino Ottaviano","Alfredo Mazzeo, Luis Álvarez, Juan D'Arienzo","Piano, Bass, 3 Bandoneons, 3 Violins",,,,
Juan D'Arienzo,Sexteto Juan D'Arienzo,1928,Pebetita,,Tango,Instrumental,Electra,78rpm,304,772-A,Salvador Polito,,,28-30 Sextet,Pebetita,0,,Vicente Gorrese,Juan Puglisi,"Ciriaco Ortiz, Nicolás Primiani, Florentino Ottaviano","Alfredo Mazzeo, Luis Álvarez, Juan D'Arienzo","Piano, Bass, 3 Bandoneons, 3 Violins",,,,
Juan D'Arienzo,Sexteto Juan D'Arienzo,1928,La Otra Noche,,Tango,Carlos Dante,Electra,78rpm,305,772-B,"Antonio Romano, Alberto Celenza",José De Grandis,,28-30 Sextet,La Otra Noche,0,,Vicente Gorrese,Juan Puglisi,"Ciriaco Ortiz, Nicolás Primiani, Florentino Ottaviano","Alfredo Mazzeo, Luis Álvarez, Juan D'Arienzo","Piano, Bass, 3 Bandoneons, 3 Violins",,,,
Juan D'Arienzo,Sexteto Juan D'Arienzo,1928,Sandía Calada,,Tango,Carlos Dante,Electra,78rpm,306,767-B,Arturo Aieta,Jorge Curí,,28-30 Sextet,Sandía Calada,0,,Vicente Gorrese,Juan Puglisi,"Ciriaco Ortiz, Nicolás Primiani, Florentino Ottaviano","Alfredo Mazzeo, Luis Álvarez, Juan D'Arienzo","Piano, Bass, 3 Bandoneons, 3 Violins",,,,
Juan D'Arienzo,Sexteto Juan D'Arienzo,1928,Chorra,,Tango,Carlos Dante,Electra,78rpm,307,773-B,Enrique Discépolo,Enrique Discépolo,,28-30 Sextet,Chorra,0,,Vicente Gorrese,Juan Puglisi,"Ciriaco Ortiz, Nicolás Primiani, Florentino Ottaviano","Alfredo Mazzeo, Luis Álvarez, Juan D'Arienzo","Piano, Bass, 3 Bandoneons, 3 Violins",Single,28-30 Sextet,B,1928_Chorra_D-Arienzo
Juan D'Arienzo,Sexteto Juan D'Arienzo,1928,Era un Rincón de Alegría,,Tango,Carlos Dante,Electra,78rpm,308,773-A,Luis Visca,Luis Visca,,28-30 Sextet,Era un Rincón de Alegría,0,,Vicente Gorrese,Juan Puglisi,"Ciriaco Ortiz, Nicolás Primiani, Florentino Ottaviano","Alfredo Mazzeo, Luis Álvarez, Juan D'Arienzo","Piano, Bass, 3 Bandoneons, 3 Violins",Single,28-30 Sextet,A,1928_Era-Un-Rincon-De-Alegria_D-Arienzo
Juan D'Arienzo,Sexteto Juan D'Arienzo,1928,Siga la Farra,,Tango,Carlos Dante,Electra,78rpm,309,767-A,Pascual Luca,Pascual Luca,,28-30 Sextet,Siga la Farra,0,,Vicente Gorrese,Juan Puglisi,"Ciriaco Ortiz, Nicolás Primiani, Florentino Ottaviano","Alfredo Mazzeo, Luis Álvarez, Juan D'Arienzo","Piano, Bass, 3 Bandoneons, 3 Violins",,,,
Juan D'Arienzo,Sexteto Juan D'Arienzo,1928,Pobre Cieguita,,Tango,Carlos Dante,Electra,78rpm,315,776-B,Julio Sanders,César Vedani,,28-30 Sextet,Pobre Cieguita,0,,Vicente Gorrese,Juan Puglisi,"Ciriaco Ortiz, Nicolás Primiani, Florentino Ottaviano","Alfredo Mazzeo, Luis Álvarez, Juan D'Arienzo","Piano, Bass, 3 Bandoneons, 3 Violins",,,,
Juan D'Arienzo,Sexteto Juan D'Arienzo,1928,Por Ella Ten Piedad,,Tango,Carlos Dante,Electra,78rpm,314,776-A,Antonio Polito,Antonio Polito,,28-30 Sextet,Por Ella Ten Piedad,0,,Vicente Gorrese,Juan Puglisi,"Ciriaco Ortiz, Nicolás Primiani, Florentino Ottaviano","Alfredo Mazzeo, Luis Álvarez, Juan D'Arienzo","Piano, Bass, 3 Bandoneons, 3 Violins",,,,
Juan D'Arienzo,Sexteto Juan D'Arienzo,1928,La Muchacha del Circo,,Tango,Carlos Dante,Electra,78rpm,316,777-A,Gerardo Rodríguez,Manuel Romero,,28-30 Sextet,La Muchacha del Circo,0,,Vicente Gorrese,Juan Puglisi,"Ciriaco Ortiz, Nicolás Primiani, Florentino Ottaviano","Alfredo Mazzeo, Luis Álvarez, Juan D'Arienzo","Piano, Bass, 3 Bandoneons, 3 Violins",Single,28-30 Sextet,A,1928_La-Muchacha-Del-Circo_D-Arienzo
Juan D'Arienzo,Sexteto Juan D'Arienzo,1928,Engominado,,Tango,Carlos Dante,Electra,78rpm,317,777-B,Fernando Montoni,Máximo Orsi,,28-30 Sextet,Engominado,0,,Vicente Gorrese,Juan Puglisi,"Ciriaco Ortiz, Nicolás Primiani, Florentino Ottaviano","Alfredo Mazzeo, Luis Álvarez, Juan D'Arienzo","Piano, Bass, 3 Bandoneons, 3 Violins",Single,28-30 Sextet,B,1928_Engominado_D-Arienzo
Juan D'Arienzo,Sexteto Juan D'Arienzo,1928,Volvé Al Cotorro,,Tango,Carlos Dante,Electra,78rpm,321,778-B,Alejandro Scarpino,Guillermo Naccarelle,,28-30 Sextet,Volvé Al Cotorro,0,,Vicente Gorrese,Juan Puglisi,"Ciriaco Ortiz, Nicolás Primiani, Florentino Ottaviano","Alfredo Mazzeo, Luis Álvarez, Juan D'Arienzo","Piano, Bass, 3 Bandoneons, 3 Violins",,,,
Juan D'Arienzo,Sexteto Juan D'Arienzo,1928,Medianoche,,Tango,Carlos Dante,Electra,78rpm,322,778-A,Nicolás Tavarozzi,Eduardo Méndez,,28-30 Sextet,Medianoche,0,,Vicente Gorrese,Juan Puglisi,"Ciriaco Ortiz, Nicolás Primiani, Florentino Ottaviano","Alfredo Mazzeo, Luis Álvarez, Juan D'Arienzo","Piano, Bass, 3 Bandoneons, 3 Violins",,,,
Juan D'Arienzo,Sexteto Juan D'Arienzo,1928,Acordate Lo Que Fuiste,,Tango,Carlos Dante,Electra,78rpm,332,785-A,Pedro Toscano,José Guidi,,28-30 Sextet,Acordate Lo Que Fuiste,0,,Vicente Gorrese,Juan Puglisi,"Ciriaco Ortiz, Nicolás Primiani, Florentino Ottaviano","Alfredo Mazzeo, Luis Álvarez, Juan D'Arienzo","Piano, Bass, 3 Bandoneons, 3 Violins",,,,
Juan D'Arienzo,Sexteto Juan D'Arienzo,1928,Máscaras,,Tango,Carlos Dante,Electra,78rpm,330,785-B,Pedro Villella,Luis Rubistein,,28-30 Sextet,Máscaras,0,,Vicente Gorrese,Juan Puglisi,"Ciriaco Ortiz, Nicolás Primiani, Florentino Ottaviano","Alfredo Mazzeo, Luis Álvarez, Juan D'Arienzo","Piano, Bass, 3 Bandoneons, 3 Violins",,,,
Juan D'Arienzo,Sexteto Juan D'Arienzo,1928,Fueye Querido,,Tango,Carlos Dante,Electra,78rpm,,,Antonio Polito,Antonio Polito,,28-30 Sextet,Fueye Querido,0,,Vicente Gorrese,Juan Puglisi,"Ciriaco Ortiz, Nicolás Primiani, Florentino Ottaviano","Alfredo Mazzeo, Luis Álvarez, Juan D'Arienzo","Piano, Bass, 3 Bandoneons, 3 Violins",,,,
Juan D'Arienzo,Sexteto Juan D'Arienzo,1928,Muchachas Cuidado,,Tango,Carlos Dante,Electra,78rpm,331,788-B,Antonio Polito,Luis Rubistein,,28-30 Sextet,Muchachas Cuidado,0,,Vicente Gorrese,Juan Puglisi,"Ciriaco Ortiz, Nicolás Primiani, Florentino Ottaviano","Alfredo Mazzeo, Luis Álvarez, Juan D'Arienzo","Piano, Bass, 3 Bandoneons, 3 Violins",,,,
Juan D'Arienzo,Sexteto Juan D'Arienzo,1928,Qué Vachaché,Que Va Cha Che,Tango,Carlos Dante,Electra,78rpm,348,784-A,Enrique Discépolo,Enrique Discépolo,,28-30 Sextet,Qué Vachaché,0,,Vicente Gorrese,Juan Puglisi,"Ciriaco Ortiz, Nicolás Primiani, Florentino Ottaviano","Alfredo Mazzeo, Luis Álvarez, Juan D'Arienzo","Piano, Bass, 3 Bandoneons, 3 Violins",,,,
Juan D'Arienzo,Sexteto Juan D'Arienzo,1928,Por Mishé,,Tango,Carlos Dante,Electra,78rpm,349,784-B,Luis Moresco,Luis Rubistein,,28-30 Sextet,Por Mishé,0,,Vicente Gorrese,Juan Puglisi,"Ciriaco Ortiz, Nicolás Primiani, Florentino Ottaviano","Alfredo Mazzeo, Luis Álvarez, Juan D'Arienzo","Piano, Bass, 3 Bandoneons, 3 Violins",,,,
Juan D'Arienzo,Sexteto Juan D'Arienzo,1928,Ilusiones,,Tango,Carlos Dante,Electra,78rpm,351,789-A,Gunderico Clemens,Osvaldo Cordero,,28-30 Sextet,Ilusiones,0,,Vicente Gorrese,Juan Puglisi,"Ciriaco Ortiz, Nicolás Primiani, Florentino Ottaviano","Alfredo Mazzeo, Luis Álvarez, Juan D'Arienzo","Piano, Bass, 3 Bandoneons, 3 Violins",,,,
Juan D'Arienzo,Sexteto Juan D'Arienzo,1928,Reite Mujercita,,Tango,Carlos Dante,Electra,78rpm,353,789-B,Juan Rodríguez,Juan Rodríguez,,28-30 Sextet,Reite Mujercita,0,,Vicente Gorrese,Juan Puglisi,"Ciriaco Ortiz, Nicolás Primiani, Florentino Ottaviano","Alfredo Mazzeo, Luis Álvarez, Juan D'Arienzo","Piano, Bass, 3 Bandoneons, 3 Violins",,,,
Juan D'Arienzo,Sexteto Juan D'Arienzo,1928,La Cumparsita,La Apología del Tango,Tango,Raquel Notar,Electra,78rpm,358,791-A,Gerardo Rodríguez,"Pascual Contursi, Enrique Maroni",,28-30 Sextet,La Cumparsita,0,,Vicente Gorrese,Juan Puglisi,"Ciriaco Ortiz, Nicolás Primiani, Florentino Ottaviano","Alfredo Mazzeo, Luis Álvarez, Juan D'Arienzo","Piano, Bass, 3 Bandoneons, 3 Violins",Single,28-30 Sextet,A,1928_La-Cumparsita_D-Arienzo
Juan D'Arienzo,Sexteto Juan D'Arienzo,1928,Pa' Que Pensás,,Tango,Carlos Dante,Electra,78rpm,357,790-A,Arturo González,Arturo González,,28-30 Sextet,Pa' Que Pensás,0,,Vicente Gorrese,Juan Puglisi,"Ciriaco Ortiz, Nicolás Primiani, Florentino Ottaviano","Alfredo Mazzeo, Luis Álvarez, Juan D'Arienzo","Piano, Bass, 3 Bandoneons, 3 Violins",,,,
Juan D'Arienzo,Sexteto Juan D'Arienzo,1928,La Cumparsita,Si Supieras,Tango,Carlos Dante,Electra,78rpm,358,791-A,Gerardo Rodríguez,Enrique Maroni,,28-30 Sextet,La Cumparsita,0,,Vicente Gorrese,Juan Puglisi,"Ciriaco Ortiz, Nicolás Primiani, Florentino Ottaviano","Alfredo Mazzeo, Luis Álvarez, Juan D'Arienzo","Piano, Bass, 3 Bandoneons, 3 Violins",Single,28-30 Sextet,A,1928_La-Cumparsita_D-Arienzo
Juan D'Arienzo,Sexteto Juan D'Arienzo,1928,Pálida Silueta,,Tango,Carlos Dante,Electra,78rpm,359,790-B,Nicolás Primani,José Clemente,,28-30 Sextet,Pálida Silueta,0,,Vicente Gorrese,Juan Puglisi,"Ciriaco Ortiz, Nicolás Primiani, Florentino Ottaviano","Alfredo Mazzeo, Luis Álvarez, Juan D'Arienzo","Piano, Bass, 3 Bandoneons, 3 Violins",,,,
Juan D'Arienzo,Sexteto Juan D'Arienzo,1928,No Te Engañes Corazón,,Tango,Carlos Dante,Electra,78rpm,360,791-B,Rodolfo Sciammarella,Rodolfo Sciammarella,,28-30 Sextet,No Te Engañes Corazón,0,,Vicente Gorrese,Juan Puglisi,"Ciriaco Ortiz, Nicolás Primiani, Florentino Ottaviano","Alfredo Mazzeo, Luis Álvarez, Juan D'Arienzo","Piano, Bass, 3 Bandoneons, 3 Violins",Single,28-30 Sextet,B,1928_No-Te-Enganes-Corazon_D-Arienzo
Juan D'Arienzo,Sexteto Juan D'Arienzo,1928,El Martillero,,Tango,Instrumental,Electra,78rpm,366,1515-A,Miguel Padula,,,28-30 Sextet,El Martillero,0,,Vicente Gorrese,Juan Puglisi,"Ciriaco Ortiz, Nicolás Primiani, Florentino Ottaviano","Alfredo Mazzeo, Luis Álvarez, Juan D'Arienzo","Piano, Bass, 3 Bandoneons, 3 Violins",Single,28-30 Sextet,A,1928_El-Martillero_D-Arienzo
Juan D'Arienzo,Sexteto Juan D'Arienzo,1928,Chirusa,,Tango,Carlos Dante,Electra,78rpm,367,794-A,Juan D'Arienzo,Manuel López,,28-30 Sextet,Chirusa,0,,Vicente Gorrese,Juan Puglisi,"Ciriaco Ortiz, Nicolás Primiani, Florentino Ottaviano","Alfredo Mazzeo, Luis Álvarez, Juan D'Arienzo","Piano, Bass, 3 Bandoneons, 3 Violins",Single,28-30 Sextet,A,1928_Chirusa_D-Arienzo
Juan D'Arienzo,Sexteto Juan D'Arienzo,1928,Amor Pagano,,Vals,Carlos Dante,Electra,78rpm,,,Nacio Brown,Edelmiro Garrido,,28-30 Sextet,Amor Pagano,0,,Vicente Gorrese,Juan Puglisi,"Ciriaco Ortiz, Nicolás Primiani, Florentino Ottaviano","Alfredo Mazzeo, Luis Álvarez, Juan D'Arienzo","Piano, Bass, 3 Bandoneons, 3 Violins",,,,
Juan D'Arienzo,Sexteto Juan D'Arienzo,1/1/1929,Llevátelo Todo,,Tango,Carlos Dante,Electra,78rpm,368,794-B,Rodolfo Sciammarella,Rodolfo Sciammarella,,28-30 Sextet,Llevátelo Todo,0,,Vicente Gorrese,Juan Puglisi,"Ciriaco Ortiz, Nicolás Primiani, Florentino Ottaviano","Alfredo Mazzeo, Luis Álvarez, Juan D'Arienzo","Piano, Bass, 3 Bandoneons, 3 Violins",,,,
Juan D'Arienzo,Sexteto Juan D'Arienzo,1/1/1929,Victoria,,Tango,Francisco Fiorentino,Electra,,5341-A,799-A,Enrique Discépolo,Enrique Discépolo,,28-30 Sextet,Victoria,0,,Vicente Gorrese,Juan Puglisi,"Ciriaco Ortiz, Nicolás Primiani, Florentino Ottaviano","Alfredo Mazzeo, Luis Álvarez, Juan D'Arienzo","Piano, Bass, 3 Bandoneons, 3 Violins",,,,
Juan D'Arienzo,Sexteto Juan D'Arienzo,1/1/1929,Noche Silenciosa,,Tango,Francisco Fiorentino,Electra,78rpm,5345,801-A,Francisco Lauro,Francisco Lauro,,28-30 Sextet,Noche Silenciosa,0,,Vicente Gorrese,Juan Puglisi,"Ciriaco Ortiz, Nicolás Primiani, Florentino Ottaviano","Alfredo Mazzeo, Luis Álvarez, Juan D'Arienzo","Piano, Bass, 3 Bandoneons, 3 Violins",,,,
Juan D'Arienzo,Sexteto Juan D'Arienzo,1/1/1929,Pilchas Fuleras,,Tango,Francisco Fiorentino,Electra,78rpm,5357-A,800-B,Alpidio Fernández,Pascual Gregorio,,28-30 Sextet,Pilchas Fuleras,0,,Vicente Gorrese,Juan Puglisi,"Ciriaco Ortiz, Nicolás Primiani, Florentino Ottaviano","Alfredo Mazzeo, Luis Álvarez, Juan D'Arienzo","Piano, Bass, 3 Bandoneons, 3 Violins",,,,
Juan D'Arienzo,Sexteto Juan D'Arienzo,1/1/1929,Soy un Arlequín,,Tango,Francisco Fiorentino,Electra,78rpm,5358-A,802-A,Enrique Discépolo,Enrique Discépolo,,28-30 Sextet,Soy un Arlequín,0,,Vicente Gorrese,Juan Puglisi,"Ciriaco Ortiz, Nicolás Primiani, Florentino Ottaviano","Alfredo Mazzeo, Luis Álvarez, Juan D'Arienzo","Piano, Bass, 3 Bandoneons, 3 Violins",,,,
Juan D'Arienzo,Sexteto Juan D'Arienzo,1/1/1930,Ché Careta,,Tango,Francisco Fiorentino,Electra,78rpm,,,Salvador Pulcio,Domingo Renis,,28-30 Sextet,Ché Careta,0,,Luis Visca,Roberto Duclós,"Domingo Moro, Juan José Visciglio, Faustino Toboada","Luis Álvarez, Juan D'Arienzo","Piano, Bass, 3 Bandoneons, 2 Violins",,,,
Juan D'Arienzo,Sexteto Juan D'Arienzo,1/1/1930,Mala,,Tango,Francisco Fiorentino,Electra,78rpm,,,Juan Visciglio,Luis Rubistein,,28-30 Sextet,Mala,0,,Luis Visca,Roberto Duclós,"Domingo Moro, Juan José Visciglio, Faustino Toboada","Luis Álvarez, Juan D'Arienzo","Piano, Bass, 3 Bandoneons, 2 Violins",,,,
Juan D'Arienzo,Orquesta Típica Juan D'Arienzo,7/2/1935,Desde el Alma,,Vals,Instrumental,Víctor,78rpm,BAVE-86874,Victor 37785-A,Rosita Melo,"Víctor Vélez, Homero Manzi",,35 Fasoli,Desde el Alma,1,,Lidio Fasoli,Rodolfo Duclós,"Domingo Moro, Juan José Visciglio, Faustino Toboada","Alfredo Mazzeo, Domingo Mancuso, Francisco Mancini","Piano, Bass, 3 Bandoneons, 3 Violins",Single,35 Fasoli,A,1935-07-02_Desde-El-Alma_D-Arienzo
Juan D'Arienzo,Orquesta Típica Juan D'Arienzo,7/2/1935,Hotel Victoria,,Tango,Instrumental,Víctor,78rpm,BAVE-86875,Victor 37785-B,Feliciano Latasa,Carlos Pesce,,35 Fasoli,Hotel Victoria,1,,Lidio Fasoli,Rodolfo Duclós,"Domingo Moro, Juan José Visciglio, Faustino Toboada","Alfredo Mazzeo, Domingo Mancuso, Francisco Mancini","Piano, Bass, 3 Bandoneons, 3 Violins",Single,35 Fasoli,B,1935-07-02_Hotel-Victoria_D-Arienzo
Juan D'Arienzo,Orquesta Típica Juan D'Arienzo,8/12/1935,Penas de Amor,,Vals,Instrumental,Víctor,78rpm,BAVE-86930,Victor 37812-A,Augusto Berto,Jesús Blanco,,35 Fasoli,Penas de Amor,1,,Lidio Fasoli,Rodolfo Duclós,"Domingo Moro, Juan José Visciglio, Faustino Toboada","Alfredo Mazzeo, Domingo Mancuso, Francisco Mancini","Piano, Bass, 3 Bandoneons, 3 Violins",Single,35 Fasoli,A,1935-08-12_Penas-De-Amor_D-Arienzo
Juan D'Arienzo,Orquesta Típica Juan D'Arienzo,8/12/1935,Tinta Verde,,Tango,Instrumental,Víctor,78rpm,BAVE-86931,Victor 37812-B,Agustín Bardi,,,35 Fasoli,Tinta Verde,2,,Lidio Fasoli,Rodolfo Duclós,"Domingo Moro, Juan José Visciglio, Faustino Toboada","Alfredo Mazzeo, Domingo Mancuso, Francisco Mancini","Piano, Bass, 3 Bandoneons, 3 Violins",Single,35 Fasoli,B,1935-08-12_Tinta-Verde_D-Arienzo
Juan D'Arienzo,Orquesta Típica Juan D'Arienzo,10/3/1935,Francia,,Vals,Instrumental,Víctor,78rpm,BAVE-86949,Victor 37825-B,Octavio Barbero,Carlos Pesce,,35 Fasoli,Francia,2,,Lidio Fasoli,Rodolfo Duclós,"Domingo Moro, Juan José Visciglio, Faustino Toboada","Alfredo Mazzeo, Domingo Mancuso, Francisco Mancini","Piano, Bass, 3 Bandoneons, 3 Violins",Single,35 Fasoli,B,1935-10-03_Francia_D-Arienzo
Juan D'Arienzo,Orquesta Típica Juan D'Arienzo,10/3/1935,Re Fa Si,,Tango,Instrumental,Víctor,78rpm,BAVE-86948,Victor 37825-A,Enrique Delfino,,,35 Fasoli,Re Fa Si,2,,Lidio Fasoli,Rodolfo Duclós,"Domingo Moro, Juan José Visciglio, Faustino Toboada","Alfredo Mazzeo, Domingo Mancuso, Francisco Mancini","Piano, Bass, 3 Bandoneons, 3 Violins",Single,35 Fasoli,A,1935-10-03_Re-Fa-Si_D-Arienzo
Juan D'Arienzo,Orquesta Típica Juan D'Arienzo,11/18/1935,De Pura Cepa,,Milonga,Instrumental,Víctor,78rpm,BAVE-93022,Victor 37844-B,"José Ceglie, Antonio Molina",Osvaldo Cordero,,35 Fasoli,De Pura Cepa,3,,Lidio Fasoli,Rodolfo Duclós,"Domingo Moro, Juan José Visciglio, Faustino Toboada, Ciriaco Ortiz, Aníbal Troilo","Alfredo Mazzeo, Domingo Mancuso, Francisco Mancini, Hugo Baralis","Piano, Bass, 5 Bandoneons, 4 Violins",,,,
Juan D'Arienzo,Orquesta Típica Juan D'Arienzo,11/18/1935,Sábado Inglés,,Tango,Instrumental,Víctor,78rpm,BAVE-93023,Victor 37844-A,Juan Maglio,Eugenio Cárdenas,,35 Fasoli,Sábado Inglés,2,,Lidio Fasoli,Rodolfo Duclós,"Domingo Moro, Juan José Visciglio, Faustino Toboada, Ciriaco Ortiz, Aníbal Troilo","Alfredo Mazzeo, Domingo Mancuso, Francisco Mancini, Hugo Baralis","Piano, Bass, 5 Bandoneons, 4 Violins",,,,
Juan D'Arienzo,Orquesta Típica Juan D'Arienzo,12/12/1935,Joaquina,,Tango,Instrumental,Víctor,78rpm,BAVE-93040,Victor 37849-A,Juan Bergamino,,,35 Fasoli,Joaquina,2,,Lidio Fasoli,Rodolfo Duclós,"Domingo Moro, Juan José Visciglio, Faustino Toboada","Alfredo Mazzeo, Domingo Mancuso, Francisco Mancini","Piano, Bass, 3 Bandoneons, 3 Violins",Single,35 Fasoli,A,1935-12-12_Joaquina_D-Arienzo
Juan D'Arienzo,Orquesta Típica Juan D'Arienzo,12/12/1935,Pabellón de las Rosas,,Vals,Instrumental,Víctor,78rpm,BAVE-93041,Victor 37849-B,José Felipetti,"Antonio Catania, Ángela Felipetti",,35 Fasoli,Pabellón de las Rosas,3,,Lidio Fasoli,Rodolfo Duclós,"Domingo Moro, Juan José Visciglio, Faustino Toboada","Alfredo Mazzeo, Domingo Mancuso, Francisco Mancini","Piano, Bass, 3 Bandoneons, 3 Violins",Single,35 Fasoli,B,1935-12-12_Pabellon-De-Las-Rosas_D-Arienzo
Juan D'Arienzo,Orquesta Típica Juan D'Arienzo,12/31/1935,Nueve de Julio,9 de Julio,Tango,Instrumental,Víctor,78rpm,BAVE-93057,Victor 37860-A,José Padula,Lito Bayardo,,35-38 Biagi,Nueve de Julio,3,,Rodolfo Biagi,Rodolfo Duclós,"Domingo Moro, Juan José Visciglio, Faustino Toboada","Alfredo Mazzeo, Domingo Mancuso, Francisco Mancini","Piano, Bass, 3 Bandoneons, 3 Violins",Single,35-38 Biagi,A,1935-12-31_Nueve-De-Julio_D-Arienzo
Juan D'Arienzo,Orquesta Típica Juan D'Arienzo,12/31/1935,Orillas del Plata,,Vals,Instrumental,Víctor,78rpm,BAVE-93056,Victor 37860-B,Juan Maglio,,,35-38 Biagi,Orillas del Plata,2,,Rodolfo Biagi,Rodolfo Duclós,"Domingo Moro, Juan José Visciglio, Faustino Toboada","Alfredo Mazzeo, Domingo Mancuso, Francisco Mancini","Piano, Bass, 3 Bandoneons, 3 Violins",Single,35-38 Biagi,B,1935-12-31_Orillas-Del-Plata_D-Arienzo
Juan D'Arienzo,Orquesta Típica Juan D'Arienzo,1/14/1936,La Guitarrita,,Tango,Instrumental,Víctor,78rpm,BAVE-93074,Victor 37870-A,Eduardo Arolas,Gabriel Clausi,,35-38 Biagi,La Guitarrita,2,,Rodolfo Biagi,Rodolfo Duclós,"Domingo Moro, Juan José Visciglio, Faustino Toboada","Alfredo Mazzeo, Domingo Mancuso, Francisco Mancini","Piano, Bass, 3 Bandoneons, 3 Violins",Single,35-38 Biagi,A,1936-01-14_La-Guitarrita_D-Arienzo
Juan D'Arienzo,Orquesta Típica Juan D'Arienzo,1/14/1936,Silueta Porteña,,Milonga,Walter Cabral,Víctor,78rpm,BAVE-93075,Victor 37870-B,"Nicolás Cúccaro, Juan Cuccaro","Orlando D'Aniello, Ernesto Noli",,35-38 Biagi,Silueta Porteña,4,,Rodolfo Biagi,Rodolfo Duclós,"Domingo Moro, Juan José Visciglio, Faustino Toboada","Alfredo Mazzeo, Domingo Mancuso, Francisco Mancini","Piano, Bass, 3 Bandoneons, 3 Violins",Single,35-38 Biagi,B,1936-01-14_Silueta-Portena_D-Arienzo
Juan D'Arienzo,Orquesta Típica Juan D'Arienzo,1/31/1936,Retintín,,Tango,Instrumental,Víctor,78rpm,BAVE-93092,Victor 37883-A,Eduardo Arolas,Gabriel Clausi,,35-38 Biagi,Retintín,2,,Rodolfo Biagi,Rodolfo Duclós,"Domingo Moro, Juan José Visciglio, Faustino Toboada","Alfredo Mazzeo, Domingo Mancuso, Francisco Mancini","Piano, Bass, 3 Bandoneons, 3 Violins",Single,35-38 Biagi,A,1936-01-31_Retintin_D-Arienzo
Juan D'Arienzo,Orquesta Típica Juan D'Arienzo,1/31/1936,Sueño Florido,,Vals,Instrumental,Víctor,78rpm,BAVE-93093,Victor 37883-B,Roberto Firpo,,,35-38 Biagi,Sueño Florido,2,,Rodolfo Biagi,Rodolfo Duclós,"Domingo Moro, Juan José Visciglio, Faustino Toboada","Alfredo Mazzeo, Domingo Mancuso, Francisco Mancini","Piano, Bass, 3 Bandoneons, 3 Violins",Single,35-38 Biagi,B,1936-01-31_Sueno-Florido_D-Arienzo
Juan D'Arienzo,Orquesta Típica Juan D'Arienzo,4/3/1936,El Flete,,Tango,Instrumental,Víctor,78rpm,BAVE-93139,Victor 37901-A,Vicente Greco,Gerónimo Gradito,,35-38 Biagi,El Flete,4,,Rodolfo Biagi,Rodolfo Duclós,"Domingo Moro, Juan José Visciglio, Faustino Toboada","Alfredo Mazzeo, Domingo Mancuso, Francisco Mancini","Piano, Bass, 3 Bandoneons, 3 Violins",Single,35-38 Biagi,A,1936-04-03_El-Flete_D-Arienzo
Juan D'Arienzo,Orquesta Típica Juan D'Arienzo,4/3/1936,Un Placer,,Vals,Walter Cabral,Víctor,78rpm,BAVE-93138,Victor 37901-B,Vicente Romeo,Juan Caruso,,35-38 Biagi,Un Placer,3,,Rodolfo Biagi,Rodolfo Duclós,"Domingo Moro, Juan José Visciglio, Faustino Toboada","Alfredo Mazzeo, Domingo Mancuso, Francisco Mancini","Piano, Bass, 3 Bandoneons, 3 Violins",Single,35-38 Biagi,B,1936-04-03_Un-Placer_D-Arienzo
Juan D'Arienzo,Orquesta Típica Juan D'Arienzo,5/8/1936,Lorenzo,,Tango,Instrumental,Víctor,78rpm,93175-1,37916B,Agustín Bardi,Mario Pardo,,35-38 Biagi,Lorenzo,3,,Rodolfo Biagi,Rodolfo Duclós,"Domingo Moro, Juan José Visciglio, Faustino Toboada","Alfredo Mazzeo, Domingo Mancuso, Francisco Mancini","Piano, Bass, 3 Bandoneons, 3 Violins",Single,35-38 Biagi,B,1936-05-08_Lorenzo_D-Arienzo
Juan D'Arienzo,Orquesta Típica Juan D'Arienzo,5/8/1936,Tu Olvido,,Vals,Walter Cabral,Víctor,78rpm,BAVE-93174,Victor 37916-A,Vicente Spina,Vicente Spina,,35-38 Biagi,Tu Olvido,3,,Rodolfo Biagi,Rodolfo Duclós,"Domingo Moro, Juan José Visciglio, Faustino Toboada","Alfredo Mazzeo, Domingo Mancuso, Francisco Mancini","Piano, Bass, 3 Bandoneons, 3 Violins",Single,35-38 Biagi,A,1936-05-08_Tu-Olvido_D-Arienzo
Juan D'Arienzo,Orquesta Típica Juan D'Arienzo,6/9/1936,Irene,,Vals,Walter Cabral,Víctor,78rpm,BAVE-93194,Victor 37937-A,"Luis Servidio, José Servidio",Francisco Jiménez,,35-38 Biagi,Irene,2,,Rodolfo Biagi,Rodolfo Duclós,"Domingo Moro, Juan José Visciglio, Faustino Toboada","Alfredo Mazzeo, Domingo Mancuso, Francisco Mancini","Piano, Bass, 3 Bandoneons, 3 Violins",Single,35-38 Biagi,A,1936-06-09_Irene_D-Arienzo
Juan D'Arienzo,Orquesta Típica Juan D'Arienzo,6/9/1936,La Payanca,,Tango,Instrumental,Víctor,78rpm,BAVE-93195,Victor 37937-B,Augusto Berto,"Jesús Blanco, Francisco Bianco",,35-38 Biagi,La Payanca,3,,Rodolfo Biagi,Rodolfo Duclós,"Domingo Moro, Juan José Visciglio, Faustino Toboada","Alfredo Mazzeo, Domingo Mancuso, Francisco Mancini","Piano, Bass, 3 Bandoneons, 3 Violins",Single,35-38 Biagi,B,1936-06-09_La-Payanca_D-Arienzo
Juan D'Arienzo,Orquesta Típica Juan D'Arienzo,7/3/1936,Don Esteban,,Tango,Instrumental,Víctor,78rpm,BAVE-93238,Victor 37955,Augusto Berto,Carlos Sarmiento,,35-38 Biagi,Don Esteban,2,,Rodolfo Biagi,Rodolfo Duclós,"Domingo Moro, Juan José Visciglio, Faustino Toboada","Alfredo Mazzeo, Domingo Mancuso, Francisco Mancini","Piano, Bass, 3 Bandoneons, 3 Violins",Single,35-38 Biagi,A,1936-07-03_Don-Esteban_D-Arienzo
Juan D'Arienzo,Orquesta Típica Juan D'Arienzo,7/3/1936,No Llores Madre,,Vals,Instrumental,Víctor,78rpm,BAVE-93239,Victor 37955-B,Francisco Lauro,Alfredo Roldán,,35-38 Biagi,No Llores Madre,2,,Rodolfo Biagi,Rodolfo Duclós,"Domingo Moro, Juan José Visciglio, Faustino Toboada","Alfredo Mazzeo, Domingo Mancuso, Francisco Mancini","Piano, Bass, 3 Bandoneons, 3 Violins",Single,35-38 Biagi,B,1936-07-03_No-Llores-Madre_D-Arienzo
Juan D'Arienzo,Orquesta Típica Juan D'Arienzo,8/5/1936,El Irresistible,,Tango,Instrumental,Víctor,78rpm,BAVE-93256,Victor 37969-A,Lorenzo Logatti,Carlos Pesce,,35-38 Biagi,El Irresistible,2,,Rodolfo Biagi,Rodolfo Duclós,"Domingo Moro, Juan José Visciglio, Faustino Toboada","Alfredo Mazzeo, Domingo Mancuso, Francisco Mancini","Piano, Bass, 3 Bandoneons, 3 Violins",Single,35-38 Biagi,A,1936-08-05_El-Irresistible_D-Arienzo
Juan D'Arienzo,Orquesta Típica Juan D'Arienzo,8/5/1936,Inolvidable,,Vals,Instrumental,Víctor,78rpm,BAVE-93257,Victor 37969-B,"Vicente Salerno, Héctor Demattei",,,35-38 Biagi,Inolvidable,2,,Rodolfo Biagi,Rodolfo Duclós,"Domingo Moro, Juan José Visciglio, Faustino Toboada","Alfredo Mazzeo, Domingo Mancuso, Francisco Mancini","Piano, Bass, 3 Bandoneons, 3 Violins",Single,35-38 Biagi,B,1936-08-05_Inolvidable_D-Arienzo
Juan D'Arienzo,Orquesta Típica Juan D'Arienzo,9/3/1936,Amor y Celo,,Vals,Instrumental,Víctor,78rpm,BAVE-93313,Victor 37991-B,Miguel Padula,Alfredo Roldán,,35-38 Biagi,Amor y Celo,3,,Rodolfo Biagi,Rodolfo Duclós,"Domingo Moro, Juan José Visciglio, Faustino Toboada","Alfredo Mazzeo, Domingo Mancuso, Francisco Mancini","Piano, Bass, 3 Bandoneons, 3 Violins",Single,35-38 Biagi,B,1936-09-03_Amor-Y-Celo_D-Arienzo
Juan D'Arienzo,Orquesta Típica Juan D'Arienzo,9/3/1936,Rawson,,Tango,Instrumental,Víctor,78rpm,BAVE-93312,Victor 37991-A,Eduardo Arolas,Gabriel Clausi,,35-38 Biagi,Rawson,3,,Rodolfo Biagi,Rodolfo Duclós,"Domingo Moro, Juan José Visciglio, Faustino Toboada","Alfredo Mazzeo, Domingo Mancuso, Francisco Mancini","Piano, Bass, 3 Bandoneons, 3 Violins",,,,
Juan D'Arienzo,Orquesta Típica Juan D'Arienzo,9/29/1936,Don Juan,Mozos Guapos,Tango,Instrumental,Víctor,78rpm,BAVE-93348,Victor 38009-A,Ernesto Ponzio,Ricardo Podestá,,35-38 Biagi,Don Juan,2,,Rodolfo Biagi,Rodolfo Duclós,"Domingo Moro, Juan José Visciglio, Faustino Toboada","Alfredo Mazzeo, Domingo Mancuso, Francisco Mancini","Piano, Bass, 3 Bandoneons, 3 Violins",Single,35-38 Biagi,A,1936-09-29_Don-Juan_D-Arienzo
Juan D'Arienzo,Orquesta Típica Juan D'Arienzo,9/29/1936,Lágrimas y Sonrisas,,Vals,Instrumental,Víctor,78rpm,BAVE-93349,Victor 38009-B,Pascual De Gullo,Francisco Gullo,,35-38 Biagi,Lágrimas y Sonrisas,2,,Rodolfo Biagi,Rodolfo Duclós,"Domingo Moro, Juan José Visciglio, Faustino Toboada","Alfredo Mazzeo, Domingo Mancuso, Francisco Mancini","Piano, Bass, 3 Bandoneons, 3 Violins",Single,35-38 Biagi,B,1936-09-29_Lagrimas-Y-Sonrisas_D-Arienzo
Juan D'Arienzo,Orquesta Típica Juan D'Arienzo,10/27/1936,Comme Il Faut,Como Debe Ser,Tango,Instrumental,Víctor,78rpm,BAVE-93382,Victor 38032-A,Eduardo Arolas,Gabriel Clausi,,35-38 Biagi,Comme Il Faut,3,,Rodolfo Biagi,Rodolfo Duclós,"Domingo Moro, Juan José Visciglio, Faustino Toboada","Alfredo Mazzeo, Domingo Mancuso, Francisco Mancini","Piano, Bass, 3 Bandoneons, 3 Violins",,,,
Juan D'Arienzo,Orquesta Típica Juan D'Arienzo,10/27/1936,Una Lágrima,,Vals,Instrumental,Víctor,78rpm,BAVE-93383,Victor 38032-B,José Rebolini,Juan Durante,,35-38 Biagi,Una Lágrima,2,,Rodolfo Biagi,Rodolfo Duclós,"Domingo Moro, Juan José Visciglio, Faustino Toboada","Alfredo Mazzeo, Domingo Mancuso, Francisco Mancini","Piano, Bass, 3 Bandoneons, 3 Violins",,,,
Juan D'Arienzo,Orquesta Típica Juan D'Arienzo,11/27/1936,Ataniche,,Tango,Instrumental,Víctor,78rpm,BAVE-93412,Victor 38050-A,Ernesto Ponzio,,,35-38 Biagi,Ataniche,4,,Rodolfo Biagi,Rodolfo Duclós,"Domingo Moro, Juan José Visciglio, Faustino Toboada","Alfredo Mazzeo, Domingo Mancuso, Francisco Mancini","Piano, Bass, 3 Bandoneons, 3 Violins",Single,35-38 Biagi,A,1936-11-27_Ataniche_D-Arienzo
Juan D'Arienzo,Orquesta Típica Juan D'Arienzo,11/27/1936,Corazón de Artista,,Vals,Instrumental,Víctor,78rpm,BAVE-93413,Victor 38050-B,Francisco Gullo,Francisco Gullo,,35-38 Biagi,Corazón de Artista,3,,Rodolfo Biagi,Rodolfo Duclós,"Domingo Moro, Juan José Visciglio, Faustino Toboada","Alfredo Mazzeo, Domingo Mancuso, Francisco Mancini","Piano, Bass, 3 Bandoneons, 3 Violins",,,,
Juan D'Arienzo,Orquesta Típica Juan D'Arienzo,12/30/1936,La Viruta,,Tango,Instrumental,Víctor,78rpm,BAVE-93448,Victor 38072-A,Vicente Greco,,,35-38 Biagi,La Viruta,2,,Rodolfo Biagi,Rodolfo Duclós,"Domingo Moro, Juan José Visciglio, Faustino Toboada, Haroldo Ferrero, José Della Rocca","Alfredo Mazzeo, Domingo Mancuso, Francisco Mancini, León Zibaico","Piano, Bass, 5 Bandoneons, 4 Violins",Single,35-38 Biagi,A,1936-12-30_La-Viruta_D-Arienzo
Juan D'Arienzo,Orquesta Típica Juan D'Arienzo,12/30/1936,Visión Celeste,,Vals,Instrumental,Víctor,78rpm,BAVE-93449,Victor 38072-B,Miguel Padula,Carlos Pesce,,35-38 Biagi,Visión Celeste,2,,Rodolfo Biagi,Rodolfo Duclós,"Domingo Moro, Juan José Visciglio, Faustino Toboada, Haroldo Ferrero, José Della Rocca","Alfredo Mazzeo, Domingo Mancuso, Francisco Mancini, León Zibaico","Piano, Bass, 5 Bandoneons, 4 Violins",Single,35-38 Biagi,B,1936-12-30_Vision-Celeste_D-Arienzo
Juan D'Arienzo,Orquesta Típica Juan D'Arienzo,1/21/1937,El Baqueano,,Tango,Instrumental,Víctor,78rpm,BAVE-93485,Victor 38093-B,Agustín Bardi,,,35-38 Biagi,El Baqueano,3,,Rodolfo Biagi,Rodolfo Duclós,"Domingo Moro, Juan José Visciglio, Faustino Toboada, Haroldo Ferrero, José Della Rocca","Alfredo Mazzeo, Domingo Mancuso, Francisco Mancini, León Zibaico","Piano, Bass, 5 Bandoneons, 4 Violins",,,,
Juan D'Arienzo,Orquesta Típica Juan D'Arienzo,3/5/1937,Alma Dolorida,,Vals,Instrumental,Víctor,78rpm,BAVE-93537,Victor 38114-B,Pedro Datta,,,35-38 Biagi,Alma Dolorida,4,,Rodolfo Biagi,Rodolfo Duclós,"Domingo Moro, Juan José Visciglio, Faustino Toboada, Haroldo Ferrero, José Della Rocca","Alfredo Mazzeo, Domingo Mancuso, Francisco Mancini, León Zibaico","Piano, Bass, 5 Bandoneons, 4 Violins",,,,
Juan D'Arienzo,Orquesta Típica Juan D'Arienzo,3/5/1937,Qué Noche,,Tango,Instrumental,Víctor,78rpm,BAVE-93536,Victor 38114-A,Agustín Bardi,,,35-38 Biagi,Qué Noche,2,,Rodolfo Biagi,Rodolfo Duclós,"Domingo Moro, Juan José Visciglio, Faustino Toboada, Haroldo Ferrero, José Della Rocca","Alfredo Mazzeo, Domingo Mancuso, Francisco Mancini, León Zibaico","Piano, Bass, 5 Bandoneons, 4 Violins",Single,35-38 Biagi,A,1937-03-05_Que-Noche_D-Arienzo
Juan D'Arienzo,Orquesta Típica Juan D'Arienzo,4/1/1937,El Apronte,,Tango,Instrumental,Víctor,78rpm,BAVE-93548,Victor 38138-A,Roberto Firpo,,,35-38 Biagi,El Apronte,2,,Rodolfo Biagi,Rodolfo Duclós,"Domingo Moro, Juan José Visciglio, Faustino Toboada, Haroldo Ferrero, José Della Rocca","Alfredo Mazzeo, Domingo Mancuso, Francisco Mancini, León Zibaico","Piano, Bass, 5 Bandoneons, 4 Violins",Single,35-38 Biagi,A,1937-04-01_El-Apronte_D-Arienzo
Juan D'Arienzo,Orquesta Típica Juan D'Arienzo,4/1/1937,Mentías,,Vals,Instrumental,Víctor,78rpm,BAVE-93549,Victor 38138-B,Juan Casaretto,Alfredo Navarrine,,35-38 Biagi,Mentías,3,,Rodolfo Biagi,Rodolfo Duclós,"Domingo Moro, Juan José Visciglio, Faustino Toboada, Haroldo Ferrero, José Della Rocca","Alfredo Mazzeo, Domingo Mancuso, Francisco Mancini, León Zibaico","Piano, Bass, 5 Bandoneons, 4 Violins",Single,35-38 Biagi,B,1937-04-01_Mentias_D-Arienzo
Juan D'Arienzo,Orquesta Típica Juan D'Arienzo,4/27/1937,Homero,,Tango,Instrumental,Víctor,78rpm,BAVE-93586,Victor 38159-A,Roberto Firpo,,,35-38 Biagi,Homero,2,,Rodolfo Biagi,Rodolfo Duclós,"Domingo Moro, Juan José Visciglio, Faustino Toboada, Haroldo Ferrero, José Della Rocca","Alfredo Mazzeo, Domingo Mancuso, Francisco Mancini, León Zibaico","Piano, Bass, 5 Bandoneons, 4 Violins",Single,35-38 Biagi,A,1937-04-27_Homero_D-Arienzo
Juan D'Arienzo,Orquesta Típica Juan D'Arienzo,4/27/1937,La Puñalda,,Milonga,Instrumental,Víctor,78rpm,BAVE-93587,Victor 38159-B,Pintín Castellanos,Celedonio Flores,,35-38 Biagi,La Puñalda,2,,Rodolfo Biagi,Rodolfo Duclós,"Domingo Moro, Juan José Visciglio, Faustino Toboada, Haroldo Ferrero, José Della Rocca","Alfredo Mazzeo, Domingo Mancuso, Francisco Mancini, León Zibaico","Piano, Bass, 5 Bandoneons, 4 Violins",,,,
Juan D'Arienzo,Orquesta Típica Juan D'Arienzo,6/2/1937,El Cachafaz,,Tango,Instrumental,Víctor,78rpm,BAVE-93759,Victor 38187-A,Manuel Aróstegui,,,35-38 Biagi,El Cachafaz,3,,Rodolfo Biagi,Rodolfo Duclós,"Domingo Moro, Juan José Visciglio, Faustino Toboada, Haroldo Ferrero, José Della Rocca","Alfredo Mazzeo, Domingo Mancuso, Francisco Mancini, León Zibaico","Piano, Bass, 5 Bandoneons, 4 Violins",Single,35-38 Biagi,A,1937-06-02_El-Cachafaz_D-Arienzo
Juan D'Arienzo,Orquesta Típica Juan D'Arienzo,7/2/1937,La Rosarina,,Tango,Instrumental,Víctor,78rpm,BAVE-93793,Victor 38221-A,Ricardo Alfiletegaray,Antonio Polito,,35-38 Biagi,La Rosarina,2,,Rodolfo Biagi,Rodolfo Duclós,"Domingo Moro, Juan José Visciglio, Faustino Toboada, Haroldo Ferrero, José Della Rocca","Alfredo Mazzeo, Domingo Mancuso, Francisco Mancini, León Zibaico","Piano, Bass, 5 Bandoneons, 4 Violins",Single,35-38 Biagi,A,1937-07-02_La-Rosarina_D-Arienzo
Juan D'Arienzo,Orquesta Típica Juan D'Arienzo,7/2/1937,Pasión,,Vals,Instrumental,Víctor,78rpm,BAVE-93794,Victor 38221-B,Alberto Cosentino,,,35-38 Biagi,Pasión,3,,Rodolfo Biagi,Rodolfo Duclós,"Domingo Moro, Juan José Visciglio, Faustino Toboada, Haroldo Ferrero, José Della Rocca","Alfredo Mazzeo, Domingo Mancuso, Francisco Mancini, León Zibaico","Piano, Bass, 5 Bandoneons, 4 Violins",Single,35-38 Biagi,B,1937-07-02_Pasion_D-Arienzo
Juan D'Arienzo,Orquesta Típica Juan D'Arienzo,7/26/1937,El Choclo,,Tango,Instrumental,Víctor,78rpm,BAVE-93831,Victor 38242-A,Ángel Villoldo,"Juan Catán, Enrique Discépolo",,35-38 Biagi,El Choclo,2,,Rodolfo Biagi,Rodolfo Duclós,"Domingo Moro, Juan José Visciglio, Faustino Toboada, Haroldo Ferrero, José Della Rocca","Alfredo Mazzeo, Domingo Mancuso, Francisco Mancini, León Zibaico","Piano, Bass, 5 Bandoneons, 4 Violins",Single,35-38 Biagi,A,1937-07-26_El-Choclo_D-Arienzo
Juan D'Arienzo,Orquesta Típica Juan D'Arienzo,7/26/1937,Valsecito Criollo,,Vals,Instrumental,Víctor,78rpm,BAVE-93832,Victor 38242-B,Lidio Fasoli,Francisco Jiménez,,35-38 Biagi,Valsecito Criollo,4,,Rodolfo Biagi,Rodolfo Duclós,"Domingo Moro, Juan José Visciglio, Faustino Toboada, Haroldo Ferrero, José Della Rocca","Alfredo Mazzeo, Domingo Mancuso, Francisco Mancini, León Zibaico","Piano, Bass, 5 Bandoneons, 4 Violins",Single,35-38 Biagi,B,1937-07-26_Valsecito-Criollo_D-Arienzo
Juan D'Arienzo,Orquesta Típica Juan D'Arienzo,8/31/1937,El Porteñito,,Tango,Instrumental,Víctor,78rpm,BAVE-93872,Victor 38261-B,Ángel Villoldo,Ángel Villoldo,,35-38 Biagi,El Porteñito,2,,Rodolfo Biagi,Rodolfo Duclós,"Domingo Moro, Juan José Visciglio, Faustino Toboada, Haroldo Ferrero, José Della Rocca","Alfredo Mazzeo, Domingo Mancuso, Francisco Mancini, León Zibaico","Piano, Bass, 5 Bandoneons, 4 Violins",Single,35-38 Biagi,B,1937-08-31_El-Portenito_D-Arienzo
Juan D'Arienzo,Orquesta Típica Juan D'Arienzo,8/31/1937,Valsecito de Antes,,Vals,Instrumental,Víctor,78rpm,BAVE-93871,Victor 38261-A,Antonio Sureda,Homero Manzi,,35-38 Biagi,Valsecito de Antes,3,,Rodolfo Biagi,Rodolfo Duclós,"Domingo Moro, Juan José Visciglio, Faustino Toboada, Haroldo Ferrero, José Della Rocca","Alfredo Mazzeo, Domingo Mancuso, Francisco Mancini, León Zibaico","Piano, Bass, 5 Bandoneons, 4 Violins",,,,
Juan D'Arienzo,Orquesta Típica Juan D'Arienzo,9/22/1937,El Caburé,,Tango,Instrumental,Víctor,78rpm,BAVE-93907,Victor 38283-A,Arturo De Bassi,,,35-38 Biagi,El Caburé,3,,Rodolfo Biagi,Rodolfo Duclós,"Domingo Moro, Juan José Visciglio, Faustino Toboada, Haroldo Ferrero, José Della Rocca","Alfredo Mazzeo, Domingo Mancuso, Francisco Mancini, León Zibaico","Piano, Bass, 5 Bandoneons, 4 Violins",Single,35-38 Biagi,A,1937-09-22_El-Cabure_D-Arienzo
Juan D'Arienzo,Orquesta Típica Juan D'Arienzo,9/22/1937,Milonga Vieja Milonga,,Milonga,Instrumental,Víctor,78rpm,BAVE-93908,Victor 38283-B,Francisco Aranaz,,,35-38 Biagi,Milonga Vieja Milonga,4,,Rodolfo Biagi,Rodolfo Duclós,"Domingo Moro, Juan José Visciglio, Faustino Toboada, Haroldo Ferrero, José Della Rocca","Alfredo Mazzeo, Domingo Mancuso, Francisco Mancini, León Zibaico","Piano, Bass, 5 Bandoneons, 4 Violins",Single,35-38 Biagi,B,1937-09-22_Milonga-Vieja-Milonga_D-Arienzo
Juan D'Arienzo,Orquesta Típica Juan D'Arienzo,10/29/1937,Jueves,,Tango,Instrumental,Víctor,78rpm,BAVE-93947,Victor 38305-B,"Rafael Rossi, Udelino Toranzo",,,35-38 Biagi,Jueves,3,,Rodolfo Biagi,Rodolfo Duclós,"Domingo Moro, Juan José Visciglio, Faustino Toboada, Haroldo Ferrero, José Della Rocca","Alfredo Mazzeo, Domingo Mancuso, Francisco Mancini, León Zibaico","Piano, Bass, 5 Bandoneons, 4 Violins",EP,Don Juan,B,
Juan D'Arienzo,Orquesta Típica Juan D'Arienzo,10/29/1937,Paciencia,,Tango,Enrique Carbel,Víctor,78rpm,BAVE-93946,Victor 38305-A,Juan D'Arienzo,Francisco Gorrindo,,35-38 Biagi,Paciencia,4,,Rodolfo Biagi,Rodolfo Duclós,"Domingo Moro, Juan José Visciglio, Faustino Toboada, Haroldo Ferrero, José Della Rocca","Alfredo Mazzeo, Domingo Mancuso, Francisco Mancini, León Zibaico","Piano, Bass, 5 Bandoneons, 4 Violins",Single,35-38 Biagi,A,1937-10-29_Paciencia_D-Arienzo
Juan D'Arienzo,Orquesta Típica Juan D'Arienzo,12/9/1937,El Cencerro,,Tango,Instrumental,Víctor,78rpm,BAVE-93998,Victor 38327-B,José Martínez,Francisco Lío,,35-38 Biagi,El Cencerro,4,,Rodolfo Biagi,Rodolfo Duclós,"Domingo Moro, Juan José Visciglio, Faustino Toboada, Haroldo Ferrero, José Della Rocca","Alfredo Mazzeo, Domingo Mancuso, Francisco Mancini, León Zibaico","Piano, Bass, 5 Bandoneons, 4 Violins",Single,35-38 Biagi,B,1937-12-09_El-Cencerro_D-Arienzo
Juan D'Arienzo,Orquesta Típica Juan D'Arienzo,12/9/1937,Gallo Ciego,,Tango,Instrumental,Víctor,78rpm,BAVE-93999,Victor 38327-A,Agustín Bardi,,,35-38 Biagi,Gallo Ciego,2,,Rodolfo Biagi,Rodolfo Duclós,"Domingo Moro, Juan José Visciglio, Faustino Toboada, Haroldo Ferrero, José Della Rocca","Alfredo Mazzeo, Domingo Mancuso, Francisco Mancini, León Zibaico","Piano, Bass, 5 Bandoneons, 4 Violins",Single,35-38 Biagi,A,1937-12-09_Gallo-Ciego_D-Arienzo
Juan D'Arienzo,Orquesta Típica Juan D'Arienzo,12/14/1937,El Africano,,Tango,Instrumental,Víctor,78rpm,BAVE-012014,Victor 38326-B,Eduardo Pereyra,Francisco Lío,,35-38 Biagi,El Africano,3,,Rodolfo Biagi,Rodolfo Duclós,"Domingo Moro, Juan José Visciglio, Faustino Toboada, Haroldo Ferrero, José Della Rocca","Alfredo Mazzeo, Domingo Mancuso, Francisco Mancini, León Zibaico","Piano, Bass, 5 Bandoneons, 4 Violins",Single,35-38 Biagi,B,1937-12-14_El-Africano_D-Arienzo
Juan D'Arienzo,Orquesta Típica Juan D'Arienzo,12/14/1937,La Cumparsita,Si Supieras,Tango,Instrumental,Víctor,78rpm,BAVE-012015,Victor 38326-A,Gerardo Rodríguez,"Pascual Contursi, Enrique Maroni, Gerardo Rodríguez",,35-38 Biagi,La Cumparsita,3,,Rodolfo Biagi,Rodolfo Duclós,"Domingo Moro, Juan José Visciglio, Faustino Toboada, Haroldo Ferrero, José Della Rocca","Alfredo Mazzeo, Domingo Mancuso, Francisco Mancini, León Zibaico","Piano, Bass, 5 Bandoneons, 4 Violins",Single,35-38 Biagi,A,1937-12-14_La-Cumparsita_D-Arienzo
Juan D'Arienzo,Orquesta Típica Juan D'Arienzo,12/21/1937,La Morocha,,Tango,Instrumental,Víctor,78rpm,BAVE-012042,Victor 38352-A,Enrique Saborido,Ángel Villoldo,,35-38 Biagi,La Morocha,3,,Rodolfo Biagi,Rodolfo Duclós,"Domingo Moro, Juan José Visciglio, Faustino Toboada, Haroldo Ferrero, José Della Rocca","Alfredo Mazzeo, Domingo Mancuso, Francisco Mancini, León Zibaico","Piano, Bass, 5 Bandoneons, 4 Violins",Single,35-38 Biagi,A,1937-12-21_La-Morocha_D-Arienzo
Juan D'Arienzo,Orquesta Típica Juan D'Arienzo,12/21/1937,Melodía Porteña,,Tango,Instrumental,Víctor,78rpm,BAVE-012043,Victor 38352-B,Enrique Discépolo,Enrique Discépolo,,35-38 Biagi,Melodía Porteña,4,,Rodolfo Biagi,Rodolfo Duclós,"Domingo Moro, Juan José Visciglio, Faustino Toboada, Haroldo Ferrero, José Della Rocca","Alfredo Mazzeo, Domingo Mancuso, Francisco Mancini, León Zibaico","Piano, Bass, 5 Bandoneons, 4 Violins",Single,35-38 Biagi,B,1937-12-21_Melodia-Portena_D-Arienzo
Juan D'Arienzo,Orquesta Típica Juan D'Arienzo,1/4/1938,El Esquinazo,,Milonga,Instrumental,Víctor,78rpm,BAVE-012068,Victor 38372-B,Ángel Villoldo,"Carlos Pesce, Antonio Timarni",,35-38 Biagi,El Esquinazo,4,,Rodolfo Biagi,Rodolfo Duclós,"Domingo Moro, Juan José Visciglio, Faustino Toboada, Haroldo Ferrero, José Della Rocca","Alfredo Mazzeo, Domingo Mancuso, Francisco Mancini, León Zibaico","Piano, Bass, 5 Bandoneons, 4 Violins",Single,35-38 Biagi,B,1938-01-04_El-Esquinazo_D-Arienzo
Juan D'Arienzo,Orquesta Típica Juan D'Arienzo,1/4/1938,Indiferencia,,Tango,Alberto Echagüe,Víctor,78rpm,BAVE-012069,Victor 38372-A,Rodolfo Biagi,Juan Thorry,,35-38 Biagi,Indiferencia,3,,Rodolfo Biagi,Rodolfo Duclós,"Domingo Moro, Juan José Visciglio, Faustino Toboada, Haroldo Ferrero, José Della Rocca","Alfredo Mazzeo, Domingo Mancuso, Francisco Mancini, León Zibaico","Piano, Bass, 5 Bandoneons, 4 Violins",Single,35-38 Biagi,A,1938-01-04_Indiferencia_D-Arienzo
Juan D'Arienzo,Orquesta Típica Juan D'Arienzo,1/7/1938,Rodríguez Peña,,Tango,Instrumental,Víctor,78rpm,12072,38368A,Vicente Greco,"Ernesto Temes, Juan Velich, Rafael Velich",,35-38 Biagi,Rodríguez Peña,2,,Rodolfo Biagi,Rodolfo Duclós,"Domingo Moro, Juan José Visciglio, Faustino Toboada, Haroldo Ferrero, José Della Rocca","Alfredo Mazzeo, Domingo Mancuso, Francisco Mancini, León Zibaico","Piano, Bass, 5 Bandoneons, 4 Violins",Single,35-38 Biagi,A,1938-01-07_Rodriguez-Pena_D-Arienzo
Juan D'Arienzo,Orquesta Típica Juan D'Arienzo,1/7/1938,Unión Cívica,,Tango,Instrumental,Víctor,78rpm,12073,38368B,Domingo Cruz,,,35-38 Biagi,Unión Cívica,2,,Rodolfo Biagi,Rodolfo Duclós,"Domingo Moro, Juan José Visciglio, Faustino Toboada, Haroldo Ferrero, José Della Rocca","Alfredo Mazzeo, Domingo Mancuso, Francisco Mancini, León Zibaico","Piano, Bass, 5 Bandoneons, 4 Violins",Single,35-38 Biagi,B,1938-01-07_Union-Civica_D-Arienzo
Juan D'Arienzo,Orquesta Típica Juan D'Arienzo,3/23/1938,El Triunfo,,Tango,Instrumental,Víctor,78rpm,BAVE-012145,Victor 38412-B,Francisco Canaro,,,35-38 Biagi,El Triunfo,3,,Rodolfo Biagi,Rodolfo Duclós,"Domingo Moro, Juan José Visciglio, Faustino Toboada, Haroldo Ferrero, José Della Rocca","Alfredo Mazzeo, Domingo Mancuso, Francisco Mancini, León Zibaico","Piano, Bass, 5 Bandoneons, 4 Violins",Single,35-38 Biagi,B,1938-03-23_El-Triunfo_D-Arienzo
Juan D'Arienzo,Orquesta Típica Juan D'Arienzo,3/23/1938,La Mariposa,,Tango,Instrumental,Víctor,78rpm,BAVE-012144,Victor 38412-A,Pedro Maffía,Celedonio Flores,,35-38 Biagi,La Mariposa,2,,Rodolfo Biagi,Rodolfo Duclós,"Domingo Moro, Juan José Visciglio, Faustino Toboada, Haroldo Ferrero, José Della Rocca","Alfredo Mazzeo, Domingo Mancuso, Francisco Mancini, León Zibaico","Piano, Bass, 5 Bandoneons, 4 Violins",Single,35-38 Biagi,A,1938-03-23_La-Mariposa_D-Arienzo
Juan D'Arienzo,Orquesta Típica Juan D'Arienzo,4/12/1938,El Aeroplano,,Vals,Instrumental,Víctor,78rpm,BAVE-012193,Victor 38440-B,Pedro Datta,,,35-38 Biagi,El Aeroplano,2,,Rodolfo Biagi,Rodolfo Duclós,"Domingo Moro, Juan José Visciglio, Faustino Toboada, Haroldo Ferrero, José Della Rocca","Alfredo Mazzeo, Domingo Mancuso, Francisco Mancini, León Zibaico","Piano, Bass, 5 Bandoneons, 4 Violins",Single,35-38 Biagi,B,1938-04-12_El-Aeroplano_D-Arienzo
Juan D'Arienzo,Orquesta Típica Juan D'Arienzo,4/12/1938,El Horizonte,,Tango,Instrumental,Víctor,78rpm,BAVE-012192,Victor 38440-A,Roberto Firpo,,,35-38 Biagi,El Horizonte,2,,Rodolfo Biagi,Rodolfo Duclós,"Domingo Moro, Juan José Visciglio, Faustino Toboada, Haroldo Ferrero, José Della Rocca","Alfredo Mazzeo, Domingo Mancuso, Francisco Mancini, León Zibaico","Piano, Bass, 5 Bandoneons, 4 Violins",Single,35-38 Biagi,A,1938-04-12_El-Horizonte_D-Arienzo
Juan D'Arienzo,Orquesta Típica Juan D'Arienzo,5/6/1938,El Cisne,,Tango,Instrumental,Víctor,78rpm,BAVE-012255,Victor 38468-A,José Rizzutti,,,35-38 Biagi,El Cisne,2,,Rodolfo Biagi,Rodolfo Duclós,"Domingo Moro, Juan José Visciglio, Faustino Toboada, Haroldo Ferrero, José Della Rocca","Alfredo Mazzeo, Domingo Mancuso, Francisco Mancini, León Zibaico","Piano, Bass, 5 Bandoneons, 4 Violins",Single,35-38 Biagi,A,1938-05-06_El-Cisne_D-Arienzo
Juan D'Arienzo,Orquesta Típica Juan D'Arienzo,5/6/1938,Milonga del Corazón,,Milonga,Alberto Echagüe,Víctor,78rpm,BAVE-012254,Victor 38468-B,Miguel Bucino,Miguel Bucino,,35-38 Biagi,Milonga del Corazón,3,,Rodolfo Biagi,Rodolfo Duclós,"Domingo Moro, Juan José Visciglio, Faustino Toboada, Haroldo Ferrero, José Della Rocca","Alfredo Mazzeo, Domingo Mancuso, Francisco Mancini, León Zibaico","Piano, Bass, 5 Bandoneons, 4 Violins",Single,35-38 Biagi,B,1938-05-06_Milonga-Del-Corazon_D-Arienzo
Juan D'Arienzo,Orquesta Típica Juan D'Arienzo,6/8/1938,El Temblor,,Milonga,Alberto Echagüe,Víctor,78rpm,BAVE-012336,Victor 38474-B,Horacio Castellanos,Horacio Castellanos,,35-38 Biagi,El Temblor,2,,Rodolfo Biagi,Rodolfo Duclós,"Domingo Moro, Juan José Visciglio, Faustino Toboada, Haroldo Ferrero, José Della Rocca","Alfredo Mazzeo, Domingo Mancuso, Francisco Mancini, León Zibaico","Piano, Bass, 5 Bandoneons, 4 Violins",Single,35-38 Biagi,B,1938-06-08_El-Temblor_D-Arienzo
Juan D'Arienzo,Orquesta Típica Juan D'Arienzo,6/8/1938,La Catrera,,Tango,Instrumental,Víctor,78rpm,BAVE-012299,Victor 38474-A,Arturo De Bassi,,,35-38 Biagi,La Catrera,2,,Rodolfo Biagi,Rodolfo Duclós,"Domingo Moro, Juan José Visciglio, Faustino Toboada, Haroldo Ferrero, José Della Rocca","Alfredo Mazzeo, Domingo Mancuso, Francisco Mancini, León Zibaico","Piano, Bass, 5 Bandoneons, 4 Violins",Single,35-38 Biagi,A,1938-06-08_La-Catrera_D-Arienzo
Juan D'Arienzo,Orquesta Típica Juan D'Arienzo,6/22/1938,Champagne Tango,,Tango,Instrumental,Víctor,78rpm,BAVE-012363,Victor 38495-A,Manuel Aróztegui,,,35-38 Biagi,Champagne Tango,3,,Rodolfo Biagi,Rodolfo Duclós,"Domingo Moro, Juan José Visciglio, Faustino Toboada, Haroldo Ferrero, José Della Rocca","Alfredo Mazzeo, Domingo Mancuso, Francisco Mancini, León Zibaico","Piano, Bass, 5 Bandoneons, 4 Violins",Single,35-38 Biagi,A,1938-06-22_Champagne-Tango_D-Arienzo
Juan D'Arienzo,Orquesta Típica Juan D'Arienzo,6/22/1938,Pensalo Bien,,Tango,Alberto Echagüe,Víctor,78rpm,BAVE-012364,Victor 38495-B,Juan Visciglio,"Nolo López, Julio Cantuarias",,35-38 Biagi,Pensalo Bien,4,,Rodolfo Biagi,Rodolfo Duclós,"Domingo Moro, Juan José Visciglio, Faustino Toboada, Haroldo Ferrero, José Della Rocca","Alfredo Mazzeo, Domingo Mancuso, Francisco Mancini, León Zibaico","Piano, Bass, 5 Bandoneons, 4 Violins",Single,35-38 Biagi,B,1938-06-22_Pensalo-Bien_D-Arienzo
Juan D'Arienzo,Orquesta Típica Juan D'Arienzo,7/8/1938,El Internado,,Tango,Instrumental,Víctor,78rpm,12389-1,38506B,Francisco Canaro,,,38-40 Polito,El Internado,2,,Juan Polito,"Pedro Caracciolo, Rodolfo Duclós","Domingo Moro, Juan José Visciglio, Faustino Toboada, Haroldo Ferrero, José Della Rocca","Alfredo Mazzeo, Domingo Mancuso, Francisco Mancini, León Zibaico","Piano, 2 Bass, 5 Bandoneons, 4 Violins",Single,38-40 Polito,B,1938-07-08_El-Internado_D-Arienzo
Juan D'Arienzo,Orquesta Típica Juan D'Arienzo,7/8/1938,Nada Más,Callejas Solo,Tango,Alberto Echagüe,Víctor,78rpm,12390-1,38506A,"Juan D'Arienzo, Luis Rubistein","Juan D'Arienzo, Luis Rubistein",,38-40 Polito,Nada Más,4,,Juan Polito,"Pedro Caracciolo, Rodolfo Duclós","Domingo Moro, Juan José Visciglio, Faustino Toboada, Haroldo Ferrero, José Della Rocca","Alfredo Mazzeo, Domingo Mancuso, Francisco Mancini, León Zibaico","Piano, 2 Bass, 5 Bandoneons, 4 Violins",Single,38-40 Polito,A,1938-07-08_Nada-Mas_D-Arienzo
Juan D'Arienzo,Orquesta Típica Juan D'Arienzo,8/5/1938,Estampa de Varón,,Milonga,Alberto Echagüe,Víctor,78rpm,BAVE-012426,Victor 38536-B,Mariano Mores,Américo Surde,,38-40 Polito,Estampa de Varón,3,,Juan Polito,"Pedro Caracciolo, Rodolfo Duclós","Domingo Moro, Juan José Visciglio, Faustino Toboada, Haroldo Ferrero, José Della Rocca","Alfredo Mazzeo, Domingo Mancuso, Francisco Mancini, León Zibaico","Piano, 2 Bass, 5 Bandoneons, 4 Violins",Single,38-40 Polito,B,1938-08-05_Estampa-De-Varon_D-Arienzo
Juan D'Arienzo,Orquesta Típica Juan D'Arienzo,8/5/1938,Florida,,Tango,Instrumental,Víctor,78rpm,BAVE-012425,Victor 38536-A,Raimundo Petillo,Antonio Polito,,38-40 Polito,Florida,3,,Juan Polito,"Pedro Caracciolo, Rodolfo Duclós","Domingo Moro, Juan José Visciglio, Faustino Toboada, Haroldo Ferrero, José Della Rocca","Alfredo Mazzeo, Domingo Mancuso, Francisco Mancini, León Zibaico","Piano, 2 Bass, 5 Bandoneons, 4 Violins",Single,38-40 Polito,A,1938-08-05_Florida_D-Arienzo
Juan D'Arienzo,Orquesta Típica Juan D'Arienzo,8/26/1938,La Bruja,,Tango,Alberto Echagüe,Víctor,78rpm,12448,38544B,Juan Polito,Francisco Gorrindo,,38-40 Polito,La Bruja,4,,Juan Polito,"Pedro Caracciolo, Rodolfo Duclós","Domingo Moro, Juan José Visciglio, Faustino Toboada, Haroldo Ferrero, José Della Rocca","Alfredo Mazzeo, Domingo Mancuso, Francisco Mancini, León Zibaico","Piano, 2 Bass, 5 Bandoneons, 4 Violins",Single,38-40 Polito,B,1938-08-26_La-Bruja_D-Arienzo
Juan D'Arienzo,Orquesta Típica Juan D'Arienzo,8/26/1938,Lelia,,Tango,Instrumental,Víctor,78rpm,12447,38544A,Eduardo Arolas,Héctor Polito,,38-40 Polito,Lelia,3,,Juan Polito,"Pedro Caracciolo, Rodolfo Duclós","Domingo Moro, Juan José Visciglio, Faustino Toboada, Haroldo Ferrero, José Della Rocca","Alfredo Mazzeo, Domingo Mancuso, Francisco Mancini, León Zibaico","Piano, 2 Bass, 5 Bandoneons, 4 Violins",Single,38-40 Polito,A,1938-08-26_Lelia_D-Arienzo
Juan D'Arienzo,Orquesta Típica Juan D'Arienzo,9/30/1938,En Tu Corazón,,Vals,Alberto Echagüe,Víctor,78rpm,12509-1,38569A,Horacio Salgán,Carmelo Volpe,,38-40 Polito,En Tu Corazón,2,,Juan Polito,"Pedro Caracciolo, Rodolfo Duclós","Domingo Moro, Juan José Visciglio, Faustino Toboada, Haroldo Ferrero, José Della Rocca","Alfredo Mazzeo, Domingo Mancuso, Francisco Mancini, León Zibaico","Piano, 2 Bass, 5 Bandoneons, 4 Violins",Single,38-40 Polito,A,1938-09-30_En-Tu-Corazon_D-Arienzo
Juan D'Arienzo,Orquesta Típica Juan D'Arienzo,9/30/1938,Lunes,,Tango,Instrumental,Víctor,78rpm,0A12510,38569B,José Padula,Francisco Jiménez,,38-40 Polito,Lunes,2,,Juan Polito,"Pedro Caracciolo, Rodolfo Duclós","Domingo Moro, Juan José Visciglio, Faustino Toboada, Haroldo Ferrero, José Della Rocca","Alfredo Mazzeo, Domingo Mancuso, Francisco Mancini, León Zibaico","Piano, 2 Bass, 5 Bandoneons, 4 Violins",Single,38-40 Polito,B,1938-09-30_Lunes_D-Arienzo
Juan D'Arienzo,Orquesta Típica Juan D'Arienzo,11/3/1938,Cabeza de Novia,,Vals,Alberto Echagüe,Víctor,78rpm,12556-1,38601B,Anselmo Aieta,Nolo López,,38-40 Polito,Cabeza de Novia,3,,Juan Polito,"Pedro Caracciolo, Rodolfo Duclós","Domingo Moro, Juan José Visciglio, Faustino Toboada, Haroldo Ferrero, José Della Rocca","Alfredo Mazzeo, Domingo Mancuso, Francisco Mancini, León Zibaico","Piano, 2 Bass, 5 Bandoneons, 4 Violins",Single,38-40 Polito,B,1938-11-03_Cabeza-De-Novia_D-Arienzo
Juan D'Arienzo,Orquesta Típica Juan D'Arienzo,11/3/1938,De Mi Flor,,Tango,Instrumental,Víctor,78rpm,12555-1,38601A,Roberto Firpo,,,38-40 Polito,De Mi Flor,2,,Juan Polito,"Pedro Caracciolo, Rodolfo Duclós","Domingo Moro, Juan José Visciglio, Faustino Toboada, Haroldo Ferrero, José Della Rocca","Alfredo Mazzeo, Domingo Mancuso, Francisco Mancini, León Zibaico","Piano, 2 Bass, 5 Bandoneons, 4 Violins",Single,38-40 Polito,A,1938-11-03_De-Mi-Flor_D-Arienzo
Juan D'Arienzo,Orquesta Típica Juan D'Arienzo,11/9/1938,Ansiedad,,Tango,Alberto Echagüe,Víctor,78rpm,12562-1,38608A,Domingo Moro,Francisco Gorrindo,,38-40 Polito,Ansiedad,4,,Juan Polito,"Pedro Caracciolo, Rodolfo Duclós","Domingo Moro, Juan José Visciglio, Faustino Toboada, Haroldo Ferrero, José Della Rocca","Alfredo Mazzeo, Domingo Mancuso, Francisco Mancini, León Zibaico","Piano, 2 Bass, 5 Bandoneons, 4 Violins",Single,38-40 Polito,A,1938-11-09_Ansiedad_D-Arienzo
Juan D'Arienzo,Orquesta Típica Juan D'Arienzo,11/9/1938,Milonga Querida,,Milonga,Alberto Echagüe,Víctor,78rpm,12561-1,38608B,Juan Larenza,Lito Bayardo,,38-40 Polito,Milonga Querida,4,,Juan Polito,"Pedro Caracciolo, Rodolfo Duclós","Domingo Moro, Juan José Visciglio, Faustino Toboada, Haroldo Ferrero, José Della Rocca","Alfredo Mazzeo, Domingo Mancuso, Francisco Mancini, León Zibaico","Piano, 2 Bass, 5 Bandoneons, 4 Violins",Single,38-40 Polito,B,1938-11-09_Milonga-Querida_D-Arienzo
Juan D'Arienzo,Orquesta Típica Juan D'Arienzo,12/28/1938,El Pollito,,Tango,Instrumental,Víctor,78rpm,BAVE-012628,Victor (Argentina) 38640-B,Francisco Canaro,,,38-40 Polito,El Pollito,3,,Juan Polito,"Pedro Caracciolo, Rodolfo Duclós","Domingo Moro, Juan José Visciglio, Faustino Toboada, Haroldo Ferrero, José Della Rocca","Alfredo Mazzeo, Domingo Mancuso, Francisco Mancini, León Zibaico","Piano, 2 Bass, 5 Bandoneons, 4 Violins",Single,38-40 Polito,B,1938-12-28_El-Pollito_D-Arienzo
Juan D'Arienzo,Orquesta Típica Juan D'Arienzo,12/28/1938,No Mientas,,Tango,Alberto Echagüe,Víctor,78rpm,BAVE-012627,Victor (Argentina) 38640-A,"Alfredo Lattero, Héctor Varela",Héctor Marcó,,38-40 Polito,No Mientas,4,,Juan Polito,"Pedro Caracciolo, Rodolfo Duclós","Domingo Moro, Juan José Visciglio, Faustino Toboada, Haroldo Ferrero, José Della Rocca","Alfredo Mazzeo, Domingo Mancuso, Francisco Mancini, León Zibaico","Piano, 2 Bass, 5 Bandoneons, 4 Violins",Single,38-40 Polito,A,1938-12-28_No-Mientas_D-Arienzo
Juan D'Arienzo,Orquesta Típica Juan D'Arienzo,1/4/1939,Pico Blanco,,Tango,Instrumental,Víctor,78rpm,12635,38659A / 1A-0775 A,Agustín Bardi,,,38-40 Polito,Pico Blanco,2,,Juan Polito,"Pedro Caracciolo, Rodolfo Duclós","Domingo Moro, Juan José Visciglio, Faustino Toboada, Haroldo Ferrero, José Della Rocca","Alfredo Mazzeo, Domingo Mancuso, Francisco Mancini, León Zibaico","Piano, 2 Bass, 5 Bandoneons, 4 Violins",Single,38-40 Polito,A,1939-01-04_Pico-Blanco_D-Arienzo
Juan D'Arienzo,Orquesta Típica Juan D'Arienzo,1/4/1939,Yunta Brava,,Tango,Instrumental,Víctor,78rpm,12636,38659B / 1A-0775B,Ángel Villoldo,"Carlos Pesce, Antonio Polito",,38-40 Polito,Yunta Brava,3,,Juan Polito,"Pedro Caracciolo, Rodolfo Duclós","Domingo Moro, Juan José Visciglio, Faustino Toboada, Haroldo Ferrero, José Della Rocca","Alfredo Mazzeo, Domingo Mancuso, Francisco Mancini, León Zibaico","Piano, 2 Bass, 5 Bandoneons, 4 Violins",Single,38-40 Polito,B,1939-01-04_Yunta-Brava_D-Arienzo
Juan D'Arienzo,Orquesta Típica Juan D'Arienzo,3/3/1939,Dos Guitas,,Tango,Alberto Echagüe,Víctor,78rpm,12692-1,38676A,Juan D'Arienzo,Francisco Gorrindo,,38-40 Polito,Dos Guitas,2,,Juan Polito,"Pedro Caracciolo, Rodolfo Duclós","Domingo Moro, Juan José Visciglio, Faustino Toboada, Haroldo Ferrero, José Della Rocca","Alfredo Mazzeo, Domingo Mancuso, Francisco Mancini, León Zibaico","Piano, 2 Bass, 5 Bandoneons, 4 Violins",Single,38-40 Polito,A,1939-03-03_Dos-Guitas_D-Arienzo
Juan D'Arienzo,Orquesta Típica Juan D'Arienzo,3/3/1939,Meta Fierro,,Milonga,Alberto Echagüe,Víctor,78rpm,12691-1,38676B,Horacio Alves,Horacio Alves,,38-40 Polito,Meta Fierro,3,,Juan Polito,"Pedro Caracciolo, Rodolfo Duclós","Domingo Moro, Juan José Visciglio, Faustino Toboada, Haroldo Ferrero, José Della Rocca","Alfredo Mazzeo, Domingo Mancuso, Francisco Mancini, León Zibaico","Piano, 2 Bass, 5 Bandoneons, 4 Violins",Single,38-40 Polito,B,1939-03-03_Meta-Fierro_D-Arienzo
Juan D'Arienzo,Orquesta Típica Juan D'Arienzo,4/18/1939,Maipo,,Tango,Instrumental,Víctor,78rpm,12751-1,38702A,Eduardo Arolas,Gabriel Clausi,,38-40 Polito,Maipo,3,,Juan Polito,"Pedro Caracciolo, Rodolfo Duclós","Domingo Moro, Juan José Visciglio, Faustino Toboada, Haroldo Ferrero, José Della Rocca","Alfredo Mazzeo, Domingo Mancuso, Francisco Mancini, León Zibaico","Piano, 2 Bass, 5 Bandoneons, 4 Violins",Single,38-40 Polito,A,1939-04-18_Maipo_D-Arienzo
Juan D'Arienzo,Orquesta Típica Juan D'Arienzo,4/18/1939,No Me Lo Digas,,Tango,Instrumental,Víctor,78rpm,12752-1,38702B,Luis Visca,Luis Rubistein,,38-40 Polito,No Me Lo Digas,2,,Juan Polito,"Pedro Caracciolo, Rodolfo Duclós","Domingo Moro, Juan José Visciglio, Faustino Toboada, Haroldo Ferrero, José Della Rocca","Alfredo Mazzeo, Domingo Mancuso, Francisco Mancini, León Zibaico","Piano, 2 Bass, 5 Bandoneons, 4 Violins",Single,38-40 Polito,B,1939-04-18_No-Me-Lo-Digas_D-Arienzo
Juan D'Arienzo,Orquesta Típica Juan D'Arienzo,5/30/1939,Charamusca,,Tango,Instrumental,Víctor,78rpm,BAVE-012803,Victor 38742-A,Francisco Canaro,,,38-40 Polito,Charamusca,3,,Juan Polito,"Pedro Caracciolo, Rodolfo Duclós","Domingo Moro, Juan José Visciglio, Faustino Toboada, Haroldo Ferrero, José Della Rocca","Alfredo Mazzeo, Domingo Mancuso, Francisco Mancini, León Zibaico","Piano, 2 Bass, 5 Bandoneons, 4 Violins",Single,38-40 Polito,A,1939-05-30_Charamusca_D-Arienzo
Juan D'Arienzo,Orquesta Típica Juan D'Arienzo,5/30/1939,Olvídame,,Tango,Alberto Echagüe,Víctor,78rpm,BAVE-012804,Victor 38742-B,Miguel Bucino,Miguel Bucino,,38-40 Polito,Olvídame,3,,Juan Polito,"Pedro Caracciolo, Rodolfo Duclós","Domingo Moro, Juan José Visciglio, Faustino Toboada, Haroldo Ferrero, José Della Rocca","Alfredo Mazzeo, Domingo Mancuso, Francisco Mancini, León Zibaico","Piano, 2 Bass, 5 Bandoneons, 4 Violins",,,,
Juan D'Arienzo,Orquesta Típica Juan D'Arienzo,5/4/1939,El Marne,,Tango,Instrumental,Víctor,78rpm,12769-1,38715B,Eduardo Arolas,Gabriel Clausi,,38-40 Polito,El Marne,2,,Juan Polito,"Pedro Caracciolo, Rodolfo Duclós","Domingo Moro, Juan José Visciglio, Faustino Toboada, Haroldo Ferrero, José Della Rocca","Alfredo Mazzeo, Domingo Mancuso, Francisco Mancini, León Zibaico","Piano, 2 Bass, 5 Bandoneons, 4 Violins",Single,38-40 Polito,B,1939-05-04_El-Marne_D-Arienzo
Juan D'Arienzo,Orquesta Típica Juan D'Arienzo,5/4/1939,Recuerdos de la Pampa,,Vals,Alberto Echagüe,Víctor,78rpm,12770-1,38715A,Rodolfo Duclós,Rodolfo Duclós,,38-40 Polito,Recuerdos de la Pampa,2,,Juan Polito,"Pedro Caracciolo, Rodolfo Duclós","Domingo Moro, Juan José Visciglio, Faustino Toboada, Haroldo Ferrero, José Della Rocca","Alfredo Mazzeo, Domingo Mancuso, Francisco Mancini, León Zibaico","Piano, 2 Bass, 5 Bandoneons, 4 Violins",Single,38-40 Polito,A,1939-05-04_Recuerdos-De-La-Pampa_D-Arienzo
Juan D'Arienzo,Orquesta Típica Juan D'Arienzo,7/17/1939,Derecho Viejo,,Tango,Instrumental,Víctor,78rpm,BAVE-012859,Victor 38767-A,Eduardo Arolas,Gabriel Clausi,,38-40 Polito,Derecho Viejo,3,,Juan Polito,"Pedro Caracciolo, Rodolfo Duclós","Domingo Moro, Juan José Visciglio, Faustino Toboada, Haroldo Ferrero, José Della Rocca","Alfredo Mazzeo, Domingo Mancuso, Francisco Mancini, León Zibaico","Piano, 2 Bass, 5 Bandoneons, 4 Violins",EP,El Huracan Derecho Viejo Fuegos Artificiales Contra Luz,A,
Juan D'Arienzo,Orquesta Típica Juan D'Arienzo,7/17/1939,Milonga del Recuerdo,,Milonga,Alberto Echagüe,Víctor,78rpm,BAVE-012860,Victor 38767-B,Alfonso Lacueva,José Pécora,,38-40 Polito,Milonga del Recuerdo,3,,Juan Polito,"Pedro Caracciolo, Rodolfo Duclós","Domingo Moro, Juan José Visciglio, Faustino Toboada, Haroldo Ferrero, José Della Rocca","Alfredo Mazzeo, Domingo Mancuso, Francisco Mancini, León Zibaico","Piano, 2 Bass, 5 Bandoneons, 4 Violins",Single,38-40 Polito,B,1939-07-17_Milonga-Del-Recuerdo_D-Arienzo
Juan D'Arienzo,Orquesta Típica Juan D'Arienzo,8/9/1939,Castigo,,Vals,Alberto Echagüe,Víctor,78rpm,12900-2,38785B,Juan Polito,Luis Rubistein,,38-40 Polito,Castigo,3,,Juan Polito,"Pedro Caracciolo, Rodolfo Duclós","Domingo Moro, Juan José Visciglio, Faustino Toboada, Haroldo Ferrero, José Della Rocca","Alfredo Mazzeo, Domingo Mancuso, Francisco Mancini, León Zibaico","Piano, 2 Bass, 5 Bandoneons, 4 Violins",Single,38-40 Polito,B,1939-08-09_Castigo_D-Arienzo
Juan D'Arienzo,Orquesta Típica Juan D'Arienzo,8/9/1939,Mandría,,Tango,Alberto Echagüe,Víctor,78rpm,BAVE-012899,Victor 38785-A,Juan Rodríguez,"Juan Velich, Francisco Brancatti",,38-40 Polito,Mandría,4,,Juan Polito,"Pedro Caracciolo, Rodolfo Duclós","Domingo Moro, Juan José Visciglio, Faustino Toboada, Haroldo Ferrero, José Della Rocca","Alfredo Mazzeo, Domingo Mancuso, Francisco Mancini, León Zibaico","Piano, 2 Bass, 5 Bandoneons, 4 Violins",Single,38-40 Polito,A,1939-08-09_Mandria_D-Arienzo
Juan D'Arienzo,Orquesta Típica Juan D'Arienzo,9/1/1939,El Vino Triste,,Tango,Alberto Echagüe,Víctor,78rpm,BAVE-012932,Victor 38803-B,Juan D'Arienzo,Manuel Romero,,38-40 Polito,El Vino Triste,3,,Juan Polito,"Pedro Caracciolo, Rodolfo Duclós","Domingo Moro, Juan José Visciglio, Faustino Toboada, Haroldo Ferrero, José Della Rocca","Alfredo Mazzeo, Domingo Mancuso, Francisco Mancini, León Zibaico","Piano, 2 Bass, 5 Bandoneons, 4 Violins",Single,38-40 Polito,B,1939-09-01_El-Vino-Triste_D-Arienzo
Juan D'Arienzo,Orquesta Típica Juan D'Arienzo,9/1/1939,Felicia,,Tango,Instrumental,Víctor,78rpm,BAVE-012931,Victor 38803-A,Enrique Saborido,Carlos Pacheco,,38-40 Polito,Felicia,3,,Juan Polito,"Pedro Caracciolo, Rodolfo Duclós","Domingo Moro, Juan José Visciglio, Faustino Toboada, Haroldo Ferrero, José Della Rocca","Alfredo Mazzeo, Domingo Mancuso, Francisco Mancini, León Zibaico","Piano, 2 Bass, 5 Bandoneons, 4 Violins",Single,38-40 Polito,A,1939-09-01_Felicia_D-Arienzo
Juan D'Arienzo,Orquesta Típica Juan D'Arienzo,9/27/1939,De Antaño,,Milonga,Alberto Echagüe,Víctor,78rpm,BAVE-012953,Victor 38817-B,Luis Rubistein,Luis Rubistein,,38-40 Polito,De Antaño,3,,Juan Polito,"Pedro Caracciolo, Rodolfo Duclós","Domingo Moro, Juan José Visciglio, Faustino Toboada, Haroldo Ferrero, José Della Rocca","Alfredo Mazzeo, Domingo Mancuso, Francisco Mancini, León Zibaico","Piano, 2 Bass, 5 Bandoneons, 4 Violins",Single,38-40 Polito,B,1939-09-27_De-Antano_D-Arienzo
Juan D'Arienzo,Orquesta Típica Juan D'Arienzo,9/27/1939,Don Pacífico,,Tango,Instrumental,Víctor,78rpm,BAVE-012955,Victor 38841-B,Arturo De Bassi,,,38-40 Polito,Don Pacífico,2,,Juan Polito,"Pedro Caracciolo, Rodolfo Duclós","Domingo Moro, Juan José Visciglio, Faustino Toboada, Haroldo Ferrero, José Della Rocca","Alfredo Mazzeo, Domingo Mancuso, Francisco Mancini, León Zibaico","Piano, 2 Bass, 5 Bandoneons, 4 Violins",Single,38-40 Polito,B,1939-09-27_Don-Pacifico_D-Arienzo
Juan D'Arienzo,Orquesta Típica Juan D'Arienzo,9/27/1939,Qué Importa,,Tango,Alberto Echagüe,Víctor,78rpm,BAVE-012956,Victor 38841-A,Ricardo Tanturi,"Juan Thorry, José Torrontegui",,38-40 Polito,Qué Importa,4,,Juan Polito,"Pedro Caracciolo, Rodolfo Duclós","Domingo Moro, Juan José Visciglio, Faustino Toboada, Haroldo Ferrero, José Della Rocca","Alfredo Mazzeo, Domingo Mancuso, Francisco Mancini, León Zibaico","Piano, 2 Bass, 5 Bandoneons, 4 Violins",Single,38-40 Polito,A,1939-09-27_Que-Importa_D-Arienzo
Juan D'Arienzo,Orquesta Típica Juan D'Arienzo,9/27/1939,Santa Milonguita,,Tango,Alberto Echagüe,Víctor,78rpm,BAVE-012954,Victor 38817-A,Enrique Delfino,Enrique Cadícamo,,38-40 Polito,Santa Milonguita,3,,Juan Polito,"Pedro Caracciolo, Rodolfo Duclós","Domingo Moro, Juan José Visciglio, Faustino Toboada, Haroldo Ferrero, José Della Rocca","Alfredo Mazzeo, Domingo Mancuso, Francisco Mancini, León Zibaico","Piano, 2 Bass, 5 Bandoneons, 4 Violins",Single,38-40 Polito,A,1939-09-27_Santa-Milonguita_D-Arienzo
Juan D'Arienzo,Orquesta Típica Juan D'Arienzo,10/31/1939,La Cicatriz,,Milonga,Alberto Echagüe,Víctor,78rpm,BAVE-012997,Victor 38865-A,Raúl Aguirrezabalaga,Raúl Aguirrezabalaga,,38-40 Polito,La Cicatriz,3,,Juan Polito,"Pedro Caracciolo, Rodolfo Duclós","Domingo Moro, Juan José Visciglio, Faustino Toboada, Haroldo Ferrero, José Della Rocca","Alfredo Mazzeo, Domingo Mancuso, Francisco Mancini, León Zibaico","Piano, 2 Bass, 5 Bandoneons, 4 Violins",Single,38-40 Polito,A,1939-10-31_La-Cicatriz_D-Arienzo
Juan D'Arienzo,Orquesta Típica Juan D'Arienzo,10/31/1939,Pampa,,Tango,Instrumental,Víctor,78rpm,BAVE-012998,Victor 38865-B,Francisco Pracánico,,,38-40 Polito,Pampa,3,,Juan Polito,"Pedro Caracciolo, Rodolfo Duclós","Domingo Moro, Juan José Visciglio, Faustino Toboada, Haroldo Ferrero, José Della Rocca","Alfredo Mazzeo, Domingo Mancuso, Francisco Mancini, León Zibaico","Piano, 2 Bass, 5 Bandoneons, 4 Violins",Single,38-40 Polito,B,1939-10-31_Pampa_D-Arienzo
Juan D'Arienzo,Orquesta Típica Juan D'Arienzo,11/14/1939,Ay Aurora,,Vals,Alberto Echagüe,Víctor,78rpm,BAVE-039072,Victor 38887-A,Carlos Vázquez,Federico Bustíos,,38-40 Polito,Ay Aurora,2,,Juan Polito,"Pedro Caracciolo, Rodolfo Duclós","Domingo Moro, Juan José Visciglio, Faustino Toboada, Haroldo Ferrero, José Della Rocca","Alfredo Mazzeo, Domingo Mancuso, Francisco Mancini, León Zibaico","Piano, 2 Bass, 5 Bandoneons, 4 Violins",Single,38-40 Polito,A,1939-11-14_Ay-Aurora_D-Arienzo
Juan D'Arienzo,Orquesta Típica Juan D'Arienzo,11/14/1939,Que Dios Te Ayude,,Tango,Alberto Echagüe,Víctor,78rpm,BAVE-039071,Victor 38887-B,Juan Visciglio,"Antonio Mastronardi, Nolo López",,38-40 Polito,Que Dios Te Ayude,3,,Juan Polito,"Pedro Caracciolo, Rodolfo Duclós","Domingo Moro, Juan José Visciglio, Faustino Toboada, Haroldo Ferrero, José Della Rocca","Alfredo Mazzeo, Domingo Mancuso, Francisco Mancini, León Zibaico","Piano, 2 Bass, 5 Bandoneons, 4 Violins",,,,
Juan D'Arienzo,Orquesta Típica Juan D'Arienzo,12/22/1939,Por Qué Razón,,Tango,Instrumental,Víctor,78rpm,BAVE-039159,Victor 38909-B,Salvador Grupillo,,,38-40 Polito,Por Qué Razón,2,,Juan Polito,"Pedro Caracciolo, Rodolfo Duclós","Domingo Moro, Juan José Visciglio, Faustino Toboada, Haroldo Ferrero, José Della Rocca","Alfredo Mazzeo, Domingo Mancuso, Francisco Mancini, León Zibaico","Piano, 2 Bass, 5 Bandoneons, 4 Violins",Single,38-40 Polito,B,1939-12-22_Por-Que-Razon_D-Arienzo
Juan D'Arienzo,Orquesta Típica Juan D'Arienzo,12/22/1939,Trago Amargo,,Tango,Alberto Echagüe,Víctor,Víctor,BAVE-039160,Victor 38909-A,Rafael Iriarte,Julio Navarrine,,38-40 Polito,Trago Amargo,3,,Juan Polito,"Pedro Caracciolo, Rodolfo Duclós","Domingo Moro, Juan José Visciglio, Faustino Toboada, Haroldo Ferrero, José Della Rocca","Alfredo Mazzeo, Domingo Mancuso, Francisco Mancini, León Zibaico","Piano, 2 Bass, 5 Bandoneons, 4 Violins",Single,38-40 Polito,A,1939-12-22_Trago-Amargo_D-Arienzo
Juan D'Arienzo,Orquesta Típica Juan D'Arienzo,4/12/1940,Entre Dos Fuegos,,Tango,Instrumental,Víctor,78rpm,BAVE-039243,Victor 38956-A,Alberto Buchardo,,,40-45 Salamanca,Entre Dos Fuegos,2,,Fulvio Salamanca,Olindo Sinibaldi,"Héctor Varela, Eladio Blanco, Alberto San Miguel, José Di Pilato, Jorge Ceriotti","Cayetano Puglisi, Blas Pensato, Jaime Ferrer, Clemente Arnáiz","Piano, Bass, 5 Bandoneons, 4 Violins",Single,40-45 Salamanca,A,1940-04-12_Entre-Dos-Fuegos_D-Arienzo
Juan D'Arienzo,Orquesta Típica Juan D'Arienzo,4/12/1940,Salí de Perdedor,,Milonga,Alberto Reynal,Víctor,78rpm,BAVE-039244,Victor 38956-B,Héctor Varela,Alberto Nery,,40-45 Salamanca,Salí de Perdedor,2,,Fulvio Salamanca,Olindo Sinibaldi,"Héctor Varela, Eladio Blanco, Alberto San Miguel, José Di Pilato, Jorge Ceriotti","Cayetano Puglisi, Blas Pensato, Jaime Ferrer, Clemente Arnáiz","Piano, Bass, 5 Bandoneons, 4 Violins",,,,
Juan D'Arienzo,Orquesta Típica Juan D'Arienzo,5/17/1940,A una Mujer,,Vals,Alberto Reynal,Víctor,78rpm,39298-1,38984B,Horacio Salgán,Carmelo Volpe,,40-45 Salamanca,A una Mujer,3,,Fulvio Salamanca,Olindo Sinibaldi,"Héctor Varela, Eladio Blanco, Alberto San Miguel, José Di Pilato, Jorge Ceriotti","Cayetano Puglisi, Blas Pensato, Jaime Ferrer, Clemente Arnáiz","Piano, Bass, 5 Bandoneons, 4 Violins",Single,40-45 Salamanca,B,1940-05-17_A-Una-Mujer_D-Arienzo
Juan D'Arienzo,Orquesta Típica Juan D'Arienzo,5/17/1940,Chirusa,,Tango,Alberto Reynal,Víctor,78rpm,BAVE-039297,Victor 38984-A,Juan D'Arienzo,Nolo López,,40-45 Salamanca,Chirusa,2,,Fulvio Salamanca,Olindo Sinibaldi,"Héctor Varela, Eladio Blanco, Alberto San Miguel, José Di Pilato, Jorge Ceriotti","Cayetano Puglisi, Blas Pensato, Jaime Ferrer, Clemente Arnáiz","Piano, Bass, 5 Bandoneons, 4 Violins",Single,40-45 Salamanca,A,1940-05-17_Chirusa_D-Arienzo
Juan D'Arienzo,Orquesta Típica Juan D'Arienzo,6/7/1940,Cajita de Música,,Milonga,Alberto Reynal,Víctor,78rpm,BAVE-039318,Victor (Argentina) 38999-B,Pintín Castellanos,,,40-45 Salamanca,Cajita de Música,2,,Fulvio Salamanca,Olindo Sinibaldi,"Héctor Varela, Eladio Blanco, Alberto San Miguel, José Di Pilato, Jorge Ceriotti","Cayetano Puglisi, Blas Pensato, Jaime Ferrer, Clemente Arnáiz","Piano, Bass, 5 Bandoneons, 4 Violins",Single,40-45 Salamanca,B,1940-06-07_Cajita-De-Musica_D-Arienzo
Juan D'Arienzo,Orquesta Típica Juan D'Arienzo,6/7/1940,El Pillín,,Tango,Instrumental,Víctor,78rpm,BAVE-039317,Victor (Argentina) 38999-A,Francisco Canaro,,,40-45 Salamanca,El Pillín,2,,Fulvio Salamanca,Olindo Sinibaldi,"Héctor Varela, Eladio Blanco, Alberto San Miguel, José Di Pilato, Jorge Ceriotti","Cayetano Puglisi, Blas Pensato, Jaime Ferrer, Clemente Arnáiz","Piano, Bass, 5 Bandoneons, 4 Violins",Single,40-45 Salamanca,A,1940-06-07_El-Pillin_D-Arienzo
Juan D'Arienzo,Orquesta Típica Juan D'Arienzo,6/27/1940,Fibras,,Vals,Instrumental,Víctor,78rpm,BAVE-039337,Victor (Argentina) 39011-B,Eduardo Bonessi,F. Sierra,,40-45 Salamanca,Fibras,2,,Fulvio Salamanca,Olindo Sinibaldi,"Héctor Varela, Eladio Blanco, Alberto San Miguel, José Di Pilato, Jorge Ceriotti","Cayetano Puglisi, Blas Pensato, Jaime Ferrer, Clemente Arnáiz","Piano, Bass, 5 Bandoneons, 4 Violins",Single,40-45 Salamanca,B,1940-06-27_Fibras_D-Arienzo
Juan D'Arienzo,Orquesta Típica Juan D'Arienzo,6/27/1940,Tucumán,,Tango,Instrumental,Víctor,78rpm,BAVE-039338,Victor (Argentina) 39011-A,José Padula,,,40-45 Salamanca,Tucumán,3,,Fulvio Salamanca,Olindo Sinibaldi,"Héctor Varela, Eladio Blanco, Alberto San Miguel, José Di Pilato, Jorge Ceriotti","Cayetano Puglisi, Blas Pensato, Jaime Ferrer, Clemente Arnáiz","Piano, Bass, 5 Bandoneons, 4 Violins",Single,40-45 Salamanca,A,1940-06-27_Tucuman_D-Arienzo
Juan D'Arienzo,Orquesta Típica Juan D'Arienzo,8/8/1940,Barracas Al Sud,,Milonga,Carlos Casares,Víctor,78rpm,BAVE-039424,Victor (Argentina) 39052-B,Fulvio Salamanca,Julio Alberto,,40-45 Salamanca,Barracas Al Sud,2,,Fulvio Salamanca,Olindo Sinibaldi,"Héctor Varela, Eladio Blanco, Alberto San Miguel, José Di Pilato, Jorge Ceriotti","Cayetano Puglisi, Blas Pensato, Jaime Ferrer, Clemente Arnáiz","Piano, Bass, 5 Bandoneons, 4 Violins",Single,40-45 Salamanca,B,1940-08-08_Barracas-Al-Sud_D-Arienzo
Juan D'Arienzo,Orquesta Típica Juan D'Arienzo,8/8/1940,La Bicoca,,Tango,Instrumental,Víctor,78rpm,BAVE-039423,Victor (Argentina) 39052-A,Severino Severino,,,40-45 Salamanca,La Bicoca,2,,Fulvio Salamanca,Olindo Sinibaldi,"Héctor Varela, Eladio Blanco, Alberto San Miguel, José Di Pilato, Jorge Ceriotti","Cayetano Puglisi, Blas Pensato, Jaime Ferrer, Clemente Arnáiz","Piano, Bass, 5 Bandoneons, 4 Violins",Single,40-45 Salamanca,A,1940-08-08_La-Bicoca_D-Arienzo
Juan D'Arienzo,Orquesta Típica Juan D'Arienzo,8/22/1940,El Tigre Millán,,Tango,Alberto Reynal,Víctor,78rpm,BAVE-039437,Victor (Argentina) 39063-B,Francisco Canaro,,,40-45 Salamanca,El Tigre Millán,2,,Fulvio Salamanca,Olindo Sinibaldi,"Héctor Varela, Eladio Blanco, Alberto San Miguel, José Di Pilato, Jorge Ceriotti","Cayetano Puglisi, Blas Pensato, Jaime Ferrer, Clemente Arnáiz","Piano, Bass, 5 Bandoneons, 4 Violins",Single,40-45 Salamanca,B,1940-08-22_El-Tigre-Millan_D-Arienzo
Juan D'Arienzo,Orquesta Típica Juan D'Arienzo,8/22/1940,Ríe Payaso,,Tango,Carlos Casares,Víctor,78rpm,BAVE-039438,39063A,Virgilio Carmona,Emilio Falero,,40-45 Salamanca,Ríe Payaso,3,,Fulvio Salamanca,Olindo Sinibaldi,"Héctor Varela, Eladio Blanco, Alberto San Miguel, José Di Pilato, Jorge Ceriotti","Cayetano Puglisi, Blas Pensato, Jaime Ferrer, Clemente Arnáiz","Piano, Bass, 5 Bandoneons, 4 Violins",Single,40-45 Salamanca,A,1940-08-22_Rie-Payaso_D-Arienzo
Juan D'Arienzo,Orquesta Típica Juan D'Arienzo,10/9/1940,La Clavada,,Tango,Instrumental,Víctor,78rpm,39534-1,39111A,Ernesto Zambonini,,,40-45 Salamanca,La Clavada,3,,Fulvio Salamanca,Olindo Sinibaldi,"Héctor Varela, Eladio Blanco, Alberto San Miguel, José Di Pilato, Jorge Ceriotti","Cayetano Puglisi, Blas Pensato, Jaime Ferrer, Clemente Arnáiz","Piano, Bass, 5 Bandoneons, 4 Violins",Single,40-45 Salamanca,A,1940-10-09_La-Clavada_D-Arienzo
Juan D'Arienzo,Orquesta Típica Juan D'Arienzo,10/9/1940,Yo También,,Tango,Carlos Casares,Víctor,78rpm,39535-1,39111B,Luis Visca,Luis Rubistein,,40-45 Salamanca,Yo También,2,,Fulvio Salamanca,Olindo Sinibaldi,"Héctor Varela, Eladio Blanco, Alberto San Miguel, José Di Pilato, Jorge Ceriotti","Cayetano Puglisi, Blas Pensato, Jaime Ferrer, Clemente Arnáiz","Piano, Bass, 5 Bandoneons, 4 Violins",Single,40-45 Salamanca,B,1940-10-09_Yo-Tambien_D-Arienzo
Juan D'Arienzo,Orquesta Típica Juan D'Arienzo,11/21/1940,Canaro en París,,Tango,Instrumental,Víctor,78rpm,BAVE-039647,Victor (Argentina) 39149-A,Alejandro Scarpino,Juan Caldarella,,40-45 Salamanca,Canaro en París,3,,Fulvio Salamanca,Olindo Sinibaldi,"Héctor Varela, Eladio Blanco, Alberto San Miguel, José Di Pilato, Jorge Ceriotti","Cayetano Puglisi, Blas Pensato, Jaime Ferrer, Clemente Arnáiz","Piano, Bass, 5 Bandoneons, 4 Violins",Single,40-45 Salamanca,A,1940-11-21_Canaro-En-Paris_D-Arienzo
Juan D'Arienzo,Orquesta Típica Juan D'Arienzo,11/21/1940,El Corazón Me Engaño,,Tango,Alberto Reynal,Víctor,78rpm,BAVE-039648,Victor (Argentina) 39149-B,Miguel Bucino,,,40-45 Salamanca,El Corazón Me Engaño,2,,Fulvio Salamanca,Olindo Sinibaldi,"Héctor Varela, Eladio Blanco, Alberto San Miguel, José Di Pilato, Jorge Ceriotti","Cayetano Puglisi, Blas Pensato, Jaime Ferrer, Clemente Arnáiz","Piano, Bass, 5 Bandoneons, 4 Violins",Single,40-45 Salamanca,B,1940-11-21_El-Corazon-Me-Engano_D-Arienzo
Juan D'Arienzo,Orquesta Típica Juan D'Arienzo,12/12/1940,Esclavas Blancas,,Tango,Alberto Reynal,Víctor,78rpm,BAVE-039714,Victor (Argentina) 39197-A,Miguel Bucino,,,40-45 Salamanca,Esclavas Blancas,2,,Fulvio Salamanca,Olindo Sinibaldi,"Héctor Varela, Eladio Blanco, Alberto San Miguel, José Di Pilato, Jorge Ceriotti","Cayetano Puglisi, Blas Pensato, Jaime Ferrer, Clemente Arnáiz","Piano, Bass, 5 Bandoneons, 4 Violins",Single,40-45 Salamanca,A,1940-12-12_Esclavas-Blancas_D-Arienzo
Juan D'Arienzo,Orquesta Típica Juan D'Arienzo,12/12/1940,Flor del Mal,,Vals,Héctor Mauré,Víctor,78rpm,BAVE-039715,Victor (Argentina) 39197-B,Juan Graviz,,,40-45 Salamanca,Flor del Mal,3,,Fulvio Salamanca,Olindo Sinibaldi,"Héctor Varela, Eladio Blanco, Alberto San Miguel, José Di Pilato, Jorge Ceriotti","Cayetano Puglisi, Blas Pensato, Jaime Ferrer, Clemente Arnáiz","Piano, Bass, 5 Bandoneons, 4 Violins",Single,40-45 Salamanca,B,1940-12-12_Flor-Del-Mal_D-Arienzo
Juan D'Arienzo,Orquesta Típica Juan D'Arienzo,12/12/1940,Milonga del Ochenta y Tres,Milonga del 83,Milonga,Alberto Reynal,Víctor,78rpm,BAVE-039713,Victor (Argentina) 39187-B,Jesus Pécora,Pedro Romano,,40-45 Salamanca,Milonga del Ochenta y Tres,3,,Fulvio Salamanca,Olindo Sinibaldi,"Héctor Varela, Eladio Blanco, Alberto San Miguel, José Di Pilato, Jorge Ceriotti","Cayetano Puglisi, Blas Pensato, Jaime Ferrer, Clemente Arnáiz","Piano, Bass, 5 Bandoneons, 4 Violins",Single,40-45 Salamanca,B,1940-12-12_Milonga-Del-Ochenta-Y-Tres_D-Arienzo
Juan D'Arienzo,Orquesta Típica Juan D'Arienzo,12/12/1940,No Te Engañes Corazón,,Tango,Alberto Reynal,Víctor,78rpm,BAVE-039712,Victor (Argentina) 39187-A,Rodolfo Sciammarella,,,40-45 Salamanca,No Te Engañes Corazón,2,,Fulvio Salamanca,Olindo Sinibaldi,"Héctor Varela, Eladio Blanco, Alberto San Miguel, José Di Pilato, Jorge Ceriotti","Cayetano Puglisi, Blas Pensato, Jaime Ferrer, Clemente Arnáiz","Piano, Bass, 5 Bandoneons, 4 Violins",Single,40-45 Salamanca,A,1940-12-12_No-Te-Enganes-Corazon_D-Arienzo
Juan D'Arienzo,Orquesta Típica Juan D'Arienzo,12/31/1940,Miedo,,Vals,Héctor Mauré,Víctor,78rpm,BAVE-039729,Victor (Argentina) 39215-B,Eladio Blanco,Iván Casadó,,40-45 Salamanca,Miedo,4,,Fulvio Salamanca,Olindo Sinibaldi,"Héctor Varela, Eladio Blanco, Alberto San Miguel, José Di Pilato, Jorge Ceriotti","Cayetano Puglisi, Blas Pensato, Jaime Ferrer, Clemente Arnáiz","Piano, Bass, 5 Bandoneons, 4 Violins",,,,
Juan D'Arienzo,Orquesta Típica Juan D'Arienzo,12/31/1940,Quasi Nada,El Combate,Tango,Instrumental,Víctor,78rpm,BAVE-039728,Victor (Argentina) 39215-A,Juan Maglio,Francisco Brancatti,,40-45 Salamanca,Quasi Nada,2,,Fulvio Salamanca,Olindo Sinibaldi,"Héctor Varela, Eladio Blanco, Alberto San Miguel, José Di Pilato, Jorge Ceriotti","Cayetano Puglisi, Blas Pensato, Jaime Ferrer, Clemente Arnáiz","Piano, Bass, 5 Bandoneons, 4 Violins",Single,40-45 Salamanca,A,1940-12-31_Quasi-Nada_D-Arienzo
Juan D'Arienzo,Orquesta Típica Juan D'Arienzo,2/26/1941,Almanaque de Ilusión,,Tango,Alberto Reynal,Víctor,78rpm,BAVE-039817,Victor (Argentina) 39237,Nicolás Tavarozzi,Héctor Marcó,,40-45 Salamanca,Almanaque de Ilusión,2,,Fulvio Salamanca,Olindo Sinibaldi,"Héctor Varela, Eladio Blanco, Alberto San Miguel, José Di Pilato, Jorge Ceriotti","Cayetano Puglisi, Blas Pensato, Jaime Ferrer, Clemente Arnáiz","Piano, Bass, 5 Bandoneons, 4 Violins",Single,40-45 Salamanca,A,1941-02-26_Almanaque-De-Ilusion_D-Arienzo
Juan D'Arienzo,Orquesta Típica Juan D'Arienzo,2/26/1941,Fuegos Artificiales,,Tango,Instrumental,Víctor,78rpm,BAVE-039816,Victor (Argentina) 39237-A,"Roberto Firpo, Eduardo Arolas",,,40-45 Salamanca,Fuegos Artificiales,2,,Fulvio Salamanca,Olindo Sinibaldi,"Héctor Varela, Eladio Blanco, Alberto San Miguel, José Di Pilato, Jorge Ceriotti","Cayetano Puglisi, Blas Pensato, Jaime Ferrer, Clemente Arnáiz","Piano, Bass, 5 Bandoneons, 4 Violins",Single,40-45 Salamanca,A,1941-02-26_Fuegos-Artificiales_D-Arienzo
Juan D'Arienzo,Orquesta Típica Juan D'Arienzo,4/28/1941,Candombe Oriental,,Milonga,Alberto Reynal,Víctor,78rpm,BAVE-039863,Victor (Argentina) 39273-B,Pintín Castellanos,Horacio Alves,,40-45 Salamanca,Candombe Oriental,2,,Fulvio Salamanca,Olindo Sinibaldi,"Héctor Varela, Eladio Blanco, Alberto San Miguel, José Di Pilato, Jorge Ceriotti","Cayetano Puglisi, Blas Pensato, Jaime Ferrer, Clemente Arnáiz","Piano, Bass, 5 Bandoneons, 4 Violins",Single,40-45 Salamanca,B,1941-04-28_Candombe-Oriental_D-Arienzo
Juan D'Arienzo,Orquesta Típica Juan D'Arienzo,4/28/1941,Ya Lo Ves,,Tango,Héctor Mauré,Víctor,78rpm,BAVE-039862,Victor (Argentina) 39273-A,Juan D'Arienzo,Luis Rubistein,,40-45 Salamanca,Ya Lo Ves,4,,Fulvio Salamanca,Olindo Sinibaldi,"Héctor Varela, Eladio Blanco, Alberto San Miguel, José Di Pilato, Jorge Ceriotti","Cayetano Puglisi, Blas Pensato, Jaime Ferrer, Clemente Arnáiz","Piano, Bass, 5 Bandoneons, 4 Violins",Single,40-45 Salamanca,A,1941-04-28_Ya-Lo-Ves_D-Arienzo
Juan D'Arienzo,Orquesta Típica Juan D'Arienzo,5/25/1941,Dime Mi Amor,,Tango,Héctor Mauré,Víctor,78rpm,BAVE-039898,Victor (Argentina) 39297-A,Rodolfo Sciammarella,Manuel Romero,,40-45 Salamanca,Dime Mi Amor,4,,Fulvio Salamanca,Olindo Sinibaldi,"Héctor Varela, Eladio Blanco, Alberto San Miguel, José Di Pilato, Jorge Ceriotti","Cayetano Puglisi, Blas Pensato, Jaime Ferrer, Clemente Arnáiz","Piano, Bass, 5 Bandoneons, 4 Violins",,,,
Juan D'Arienzo,Orquesta Típica Juan D'Arienzo,5/25/1941,Quién Te Iguala,,Tango,Instrumental,Víctor,78rpm,BAVE-039899,Victor (Argentina) 39297-B,Alejandro Michetti,Francisco Bohígas,,40-45 Salamanca,Quién Te Iguala,2,,Fulvio Salamanca,Olindo Sinibaldi,"Héctor Varela, Eladio Blanco, Alberto San Miguel, José Di Pilato, Jorge Ceriotti","Cayetano Puglisi, Blas Pensato, Jaime Ferrer, Clemente Arnáiz","Piano, Bass, 5 Bandoneons, 4 Violins",Single,40-45 Salamanca,B,1941-05-25_Quien-Te-Iguala_D-Arienzo
Juan D'Arienzo,Orquesta Típica Juan D'Arienzo,6/9/1941,Tierrita,,Tango,Héctor Mauré,Víctor,78rpm,BS-059513,Victor (Argentina) 39313-A,Agustín Bardi,Jesús Blanco,,40-45 Salamanca,Tierrita,3,,Fulvio Salamanca,Olindo Sinibaldi,"Héctor Varela, Eladio Blanco, Alberto San Miguel, José Di Pilato, Jorge Ceriotti","Cayetano Puglisi, Blas Pensato, Jaime Ferrer, Clemente Arnáiz","Piano, Bass, 5 Bandoneons, 4 Violins",,,,
Juan D'Arienzo,Orquesta Típica Juan D'Arienzo,6/9/1941,Adiós Querida,,Vals,Héctor Mauré,Víctor,78rpm,BS-059514,Victor (Argentina) 39313-B,Horacio Salgán,Carmelo Volpe,,40-45 Salamanca,Adiós Querida,3,,Fulvio Salamanca,Olindo Sinibaldi,"Héctor Varela, Eladio Blanco, Alberto San Miguel, José Di Pilato, Jorge Ceriotti","Cayetano Puglisi, Blas Pensato, Jaime Ferrer, Clemente Arnáiz","Piano, Bass, 5 Bandoneons, 4 Violins",,,,
Juan D'Arienzo,Orquesta Típica Juan D'Arienzo,7/14/1941,Canaro,,Tango,Instrumental,Víctor,78rpm,BAVE-059574,Victor (Argentina) 39343-B,José Martínez,,,40-45 Salamanca,Canaro,2,,Fulvio Salamanca,Olindo Sinibaldi,"Héctor Varela, Eladio Blanco, Alberto San Miguel, José Di Pilato, Jorge Ceriotti","Cayetano Puglisi, Blas Pensato, Jaime Ferrer, Clemente Arnáiz","Piano, Bass, 5 Bandoneons, 4 Violins",Single,40-45 Salamanca,B,1941-07-14_Canaro_D-Arienzo
Juan D'Arienzo,Orquesta Típica Juan D'Arienzo,7/14/1941,El Olivo,,Tango,Héctor Mauré,Víctor,78rpm,BAVE-059575,Victor (Argentina) 39362-A,"Antonio Scatasso, Domingo Vivas",Carlos Cabral,,40-45 Salamanca,El Olivo,3,,Fulvio Salamanca,Olindo Sinibaldi,"Héctor Varela, Eladio Blanco, Alberto San Miguel, José Di Pilato, Jorge Ceriotti","Cayetano Puglisi, Blas Pensato, Jaime Ferrer, Clemente Arnáiz","Piano, Bass, 5 Bandoneons, 4 Violins",Single,40-45 Salamanca,A,1941-07-14_El-Olivo_D-Arienzo
Juan D'Arienzo,Orquesta Típica Juan D'Arienzo,7/14/1941,Humillación,,Tango,Héctor Mauré,Víctor,78rpm,BAVE-059576,Victor (Argentina) 39362-B,Rodolfo Biagi,Carlos Bahr,,40-45 Salamanca,Humillación,3,,Fulvio Salamanca,Olindo Sinibaldi,"Héctor Varela, Eladio Blanco, Alberto San Miguel, José Di Pilato, Jorge Ceriotti","Cayetano Puglisi, Blas Pensato, Jaime Ferrer, Clemente Arnáiz","Piano, Bass, 5 Bandoneons, 4 Violins",Single,40-45 Salamanca,B,1941-07-14_Humillacion_D-Arienzo
Juan D'Arienzo,Orquesta Típica Juan D'Arienzo,7/14/1941,Nunca Más,,Tango,Héctor Mauré,Víctor,78rpm,BAVE-059573,Victor (Argentina) 39343-A,Francisco Lomuto,Oscar Lomuto,,40-45 Salamanca,Nunca Más,3,,Fulvio Salamanca,Olindo Sinibaldi,"Héctor Varela, Eladio Blanco, Alberto San Miguel, José Di Pilato, Jorge Ceriotti","Cayetano Puglisi, Blas Pensato, Jaime Ferrer, Clemente Arnáiz","Piano, Bass, 5 Bandoneons, 4 Violins",,,,
Juan D'Arienzo,Orquesta Típica Juan D'Arienzo,7/29/1941,Bolada de Aficionado,,Milonga,Instrumental,Víctor,78rpm,BAVE-059676,Victor (Argentina) 39380-B,Ángel Villoldo,,,40-45 Salamanca,Bolada de Aficionado,2,,Fulvio Salamanca,Olindo Sinibaldi,"Héctor Varela, Eladio Blanco, Alberto San Miguel, José Di Pilato, Jorge Ceriotti","Cayetano Puglisi, Blas Pensato, Jaime Ferrer, Clemente Arnáiz","Piano, Bass, 5 Bandoneons, 4 Violins",Single,40-45 Salamanca,B,1941-07-29_Bolada-De-Aficionado_D-Arienzo
Juan D'Arienzo,Orquesta Típica Juan D'Arienzo,7/29/1941,Olvidao,,Tango,Alberto Reynal,Víctor,78rpm,BAVE-059677,Victor (Argentina) 39380-A,Guillermo Barbieri,Enrique Cadícamo,,40-45 Salamanca,Olvidao,2,,Fulvio Salamanca,Olindo Sinibaldi,"Héctor Varela, Eladio Blanco, Alberto San Miguel, José Di Pilato, Jorge Ceriotti","Cayetano Puglisi, Blas Pensato, Jaime Ferrer, Clemente Arnáiz","Piano, Bass, 5 Bandoneons, 4 Violins",Single,40-45 Salamanca,A,1941-07-29_Olvidao_D-Arienzo
Juan D'Arienzo,Orquesta Típica Juan D'Arienzo,9/12/1941,El Rey del Compás,,Tango,Instrumental,Víctor,78rpm,BAVE-059779,Victor (Argentina) 39421-A,Príncipe Cubano,,,40-45 Salamanca,El Rey del Compás,2,,Fulvio Salamanca,Olindo Sinibaldi,"Héctor Varela, Eladio Blanco, Alberto San Miguel, José Di Pilato, Jorge Ceriotti","Cayetano Puglisi, Blas Pensato, Jaime Ferrer, Clemente Arnáiz","Piano, Bass, 5 Bandoneons, 4 Violins",Single,40-45 Salamanca,A,1941-09-12_El-Rey-Del-Compas_D-Arienzo
Juan D'Arienzo,Orquesta Típica Juan D'Arienzo,9/12/1941,Hernani,,Tango,Instrumental,Víctor,78rpm,BAVE-059778,Victor (Argentina) 39421-B,Domingo Cruz,,,40-45 Salamanca,Hernani,2,,Fulvio Salamanca,Olindo Sinibaldi,"Héctor Varela, Eladio Blanco, Alberto San Miguel, José Di Pilato, Jorge Ceriotti","Cayetano Puglisi, Blas Pensato, Jaime Ferrer, Clemente Arnáiz","Piano, Bass, 5 Bandoneons, 4 Violins",Single,40-45 Salamanca,B,1941-09-12_Hernani_D-Arienzo
Juan D'Arienzo,Orquesta Típica Juan D'Arienzo,9/12/1941,La Serenta de Ayer,,Vals,Héctor Mauré,Víctor,78rpm,59780-1,39472B,Manuel Buzón,Ismael Aguilar,,40-45 Salamanca,La Serenta de Ayer,3,,Fulvio Salamanca,Olindo Sinibaldi,"Héctor Varela, Eladio Blanco, Alberto San Miguel, José Di Pilato, Jorge Ceriotti","Cayetano Puglisi, Blas Pensato, Jaime Ferrer, Clemente Arnáiz","Piano, Bass, 5 Bandoneons, 4 Violins",,,,
Juan D'Arienzo,Orquesta Típica Juan D'Arienzo,9/12/1941,Sobre el Pucho,Un Callejón en Pompeya,Tango,Héctor Mauré,Víctor,78rpm,59781-1,39472A,Sebastián Piana,José Castillo,,40-45 Salamanca,Sobre el Pucho,2,,Fulvio Salamanca,Olindo Sinibaldi,"Héctor Varela, Eladio Blanco, Alberto San Miguel, José Di Pilato, Jorge Ceriotti","Cayetano Puglisi, Blas Pensato, Jaime Ferrer, Clemente Arnáiz","Piano, Bass, 5 Bandoneons, 4 Violins",Single,40-45 Salamanca,A,1941-09-12_Sobre-El-Pucho_D-Arienzo
Juan D'Arienzo,Orquesta Típica Juan D'Arienzo,10/24/1941,Orquesta Típica,,Tango,Alberto Reynal,Víctor,78rpm,59823-1,39438A,Enrique Cadícamo,Enrique Cadícamo,,40-45 Salamanca,Orquesta Típica,2,,Fulvio Salamanca,Olindo Sinibaldi,"Héctor Varela, Eladio Blanco, Alberto San Miguel, José Di Pilato, Jorge Ceriotti","Cayetano Puglisi, Blas Pensato, Jaime Ferrer, Clemente Arnáiz","Piano, Bass, 5 Bandoneons, 4 Violins",Single,40-45 Salamanca,A,1941-10-24_Orquesta-Tipica_D-Arienzo
Juan D'Arienzo,Orquesta Típica Juan D'Arienzo,10/29/1941,Carnavalera,,Milonga,Héctor Mauré,Víctor,78rpm,59824-1,39438B,Sebastián Piana,Homero Manzi,,40-45 Salamanca,Carnavalera,2,,Fulvio Salamanca,Olindo Sinibaldi,"Héctor Varela, Eladio Blanco, Alberto San Miguel, José Di Pilato, Jorge Ceriotti","Cayetano Puglisi, Blas Pensato, Jaime Ferrer, Clemente Arnáiz","Piano, Bass, 5 Bandoneons, 4 Violins",,,,
Juan D'Arienzo,Orquesta Típica Juan D'Arienzo,11/12/1941,Cuatro Palabras,,Vals,Héctor Mauré,Víctor,78rpm,59868-1,39516B,Miguel Bucino,Miguel Bucino,,40-45 Salamanca,Cuatro Palabras,4,,Fulvio Salamanca,Olindo Sinibaldi,"Héctor Varela, Eladio Blanco, Alberto San Miguel, José Di Pilato, Jorge Ceriotti","Cayetano Puglisi, Blas Pensato, Jaime Ferrer, Clemente Arnáiz","Piano, Bass, 5 Bandoneons, 4 Violins",Single,40-45 Salamanca,B,1941-11-12_Cuatro-Palabras_D-Arienzo
Juan D'Arienzo,Orquesta Típica Juan D'Arienzo,11/12/1941,El Resero,,Tango,Instrumental,Víctor,78rpm,59869-1,39540A,Raimundo Petillo,,,40-45 Salamanca,El Resero,3,,Fulvio Salamanca,Olindo Sinibaldi,"Héctor Varela, Eladio Blanco, Alberto San Miguel, José Di Pilato, Jorge Ceriotti","Cayetano Puglisi, Blas Pensato, Jaime Ferrer, Clemente Arnáiz","Piano, Bass, 5 Bandoneons, 4 Violins",Single,40-45 Salamanca,A,1941-11-12_El-Resero_D-Arienzo
Juan D'Arienzo,Orquesta Típica Juan D'Arienzo,12/15/1941,El Calabozo,,Tango,Instrumental,Víctor,78rpm,,,Augusto Gentile,,,40-45 Salamanca,El Calabozo,2,,Fulvio Salamanca,Olindo Sinibaldi,"Héctor Varela, Eladio Blanco, Alberto San Miguel, José Di Pilato, Jorge Ceriotti","Cayetano Puglisi, Blas Pensato, Jaime Ferrer, Clemente Arnáiz","Piano, Bass, 5 Bandoneons, 4 Violins",Single,40-45 Salamanca,A,1941-12-15_El-Calabozo_D-Arienzo
Juan D'Arienzo,Orquesta Típica Juan D'Arienzo,12/15/1941,El Porteño,,Milonga,Héctor Mauré,Víctor,78rpm,,,"Juan Caló, Roberto Caló",Héctor Tallón,,40-45 Salamanca,El Porteño,2,,Fulvio Salamanca,Olindo Sinibaldi,"Héctor Varela, Eladio Blanco, Alberto San Miguel, José Di Pilato, Jorge Ceriotti","Cayetano Puglisi, Blas Pensato, Jaime Ferrer, Clemente Arnáiz","Piano, Bass, 5 Bandoneons, 4 Violins",Single,40-45 Salamanca,A,1941-12-15_El-Porteno_D-Arienzo
Juan D'Arienzo,Orquesta Típica Juan D'Arienzo,12/15/1941,El Vals de los Abuelos,,Vals,Héctor Mauré,Víctor,78rpm,,,Luis Rubistein,Luis Rubistein,,40-45 Salamanca,El Vals de los Abuelos,3,,Fulvio Salamanca,Olindo Sinibaldi,"Héctor Varela, Eladio Blanco, Alberto San Miguel, José Di Pilato, Jorge Ceriotti","Cayetano Puglisi, Blas Pensato, Jaime Ferrer, Clemente Arnáiz","Piano, Bass, 5 Bandoneons, 4 Violins",Single,40-45 Salamanca,A,1941-12-15_El-Vals-De-Los-Abuelos_D-Arienzo
Juan D'Arienzo,Orquesta Típica Juan D'Arienzo,12/15/1941,Infamia,,Tango,Héctor Mauré,Víctor,78rpm,,,Enrique Discépolo,Enrique Discépolo,,40-45 Salamanca,Infamia,3,,Fulvio Salamanca,Olindo Sinibaldi,"Héctor Varela, Eladio Blanco, Alberto San Miguel, José Di Pilato, Jorge Ceriotti","Cayetano Puglisi, Blas Pensato, Jaime Ferrer, Clemente Arnáiz","Piano, Bass, 5 Bandoneons, 4 Violins",Single,40-45 Salamanca,A,1941-12-15_Infamia_D-Arienzo
Juan D'Arienzo,Orquesta Típica Juan D'Arienzo,3/25/1942,Culpas Ajenas,,Tango,Alberto Reynal,Víctor,78rpm,69632-1,39651A,Ernesto Ponzio,Jorge Curí,,40-45 Salamanca,Culpas Ajenas,2,,Fulvio Salamanca,Olindo Sinibaldi,"Héctor Varela, Eladio Blanco, Alberto San Miguel, José Di Pilato, Jorge Ceriotti","Cayetano Puglisi, Blas Pensato, Jaime Ferrer, Clemente Arnáiz","Piano, Bass, 5 Bandoneons, 4 Violins",Single,40-45 Salamanca,A,1942-03-25_Culpas-Ajenas_D-Arienzo
Juan D'Arienzo,Orquesta Típica Juan D'Arienzo,3/25/1942,El Naranjerito,Pregón,Milonga,Héctor Mauré,Víctor,78rpm,69631-1,39564B,"Alberto Nery, Héctor Varela",Homero Expósito,,40-45 Salamanca,El Naranjerito,2,,Fulvio Salamanca,Olindo Sinibaldi,"Héctor Varela, Eladio Blanco, Alberto San Miguel, José Di Pilato, Jorge Ceriotti","Cayetano Puglisi, Blas Pensato, Jaime Ferrer, Clemente Arnáiz","Piano, Bass, 5 Bandoneons, 4 Violins",Single,40-45 Salamanca,B,1942-03-25_El-Naranjerito_D-Arienzo
Juan D'Arienzo,Orquesta Típica Juan D'Arienzo,3/25/1942,Garronero,,Tango,Héctor Mauré,Víctor,78rpm,69630-1,39564A,Juan D'Arienzo,J. Caride,,40-45 Salamanca,Garronero,2,,Fulvio Salamanca,Olindo Sinibaldi,"Héctor Varela, Eladio Blanco, Alberto San Miguel, José Di Pilato, Jorge Ceriotti","Cayetano Puglisi, Blas Pensato, Jaime Ferrer, Clemente Arnáiz","Piano, Bass, 5 Bandoneons, 4 Violins",Single,40-45 Salamanca,A,1942-03-25_Garronero_D-Arienzo
Juan D'Arienzo,Orquesta Típica Juan D'Arienzo,4/22/1942,Barranca Abajo,,Tango,Héctor Mauré,Víctor,78rpm,69680-1,39651B,Manuel Servetto,José Vigo,,40-45 Salamanca,Barranca Abajo,2,,Fulvio Salamanca,Olindo Sinibaldi,"Héctor Varela, Eladio Blanco, Alberto San Miguel, José Di Pilato, Jorge Ceriotti","Cayetano Puglisi, Blas Pensato, Jaime Ferrer, Clemente Arnáiz","Piano, Bass, 5 Bandoneons, 4 Violins",,,,
Juan D'Arienzo,Orquesta Típica Juan D'Arienzo,4/22/1942,Consejos,,Tango,Alberto Reynal,Víctor,78rpm,69679-1,39588B,Juan D'Arienzo,Nolo López,,40-45 Salamanca,Consejos,2,,Fulvio Salamanca,Olindo Sinibaldi,"Héctor Varela, Eladio Blanco, Alberto San Miguel, José Di Pilato, Jorge Ceriotti","Cayetano Puglisi, Blas Pensato, Jaime Ferrer, Clemente Arnáiz","Piano, Bass, 5 Bandoneons, 4 Violins",Single,40-45 Salamanca,B,1942-04-22_Consejos_D-Arienzo
Juan D'Arienzo,Orquesta Típica Juan D'Arienzo,4/22/1942,Loca,,Tango,Instrumental,Víctor,78rpm,69681-1,39588A,Manuel Jovés,Antonio Viérgol,,40-45 Salamanca,Loca,2,,Fulvio Salamanca,Olindo Sinibaldi,"Héctor Varela, Eladio Blanco, Alberto San Miguel, José Di Pilato, Jorge Ceriotti","Cayetano Puglisi, Blas Pensato, Jaime Ferrer, Clemente Arnáiz","Piano, Bass, 5 Bandoneons, 4 Violins",Single,40-45 Salamanca,A,1942-04-22_Loca_D-Arienzo
Juan D'Arienzo,Orquesta Típica Juan D'Arienzo,4/22/1942,Muchachita Porteña,,Vals,Héctor Mauré,Víctor,78rpm,69690-2,39611B,Mariano Mores,Alberto Vacarezza,,40-45 Salamanca,Muchachita Porteña,2,,Fulvio Salamanca,Olindo Sinibaldi,"Héctor Varela, Eladio Blanco, Alberto San Miguel, José Di Pilato, Jorge Ceriotti","Cayetano Puglisi, Blas Pensato, Jaime Ferrer, Clemente Arnáiz","Piano, Bass, 5 Bandoneons, 4 Violins",,,,
Juan D'Arienzo,Orquesta Típica Juan D'Arienzo,4/29/1942,Vidas Marcadas,Juego,Tango,Alberto Reynal,Víctor,78rpm,69689-2,39611A,Rodolfo Sciammarella,Rodolfo Sciammarella,,40-45 Salamanca,Vidas Marcadas,2,,Fulvio Salamanca,Olindo Sinibaldi,"Héctor Varela, Eladio Blanco, Alberto San Miguel, José Di Pilato, Jorge Ceriotti","Cayetano Puglisi, Blas Pensato, Jaime Ferrer, Clemente Arnáiz","Piano, Bass, 5 Bandoneons, 4 Violins",,,,
Juan D'Arienzo,Orquesta Típica Juan D'Arienzo,6/18/1942,El Amasijo,,Tango,Instrumental,Víctor,78rpm,69771-1,39676A,Adolfo Avilés,,,40-45 Salamanca,El Amasijo,2,,Fulvio Salamanca,Olindo Sinibaldi,"Héctor Varela, Eladio Blanco, Alberto San Miguel, José Di Pilato, Jorge Ceriotti","Cayetano Puglisi, Blas Pensato, Jaime Ferrer, Clemente Arnáiz","Piano, Bass, 5 Bandoneons, 4 Violins",Single,40-45 Salamanca,A,1942-06-18_El-Amasijo_D-Arienzo
Juan D'Arienzo,Orquesta Típica Juan D'Arienzo,6/18/1942,Mirame en la Cara,,Tango,Héctor Mauré,Víctor,78rpm,69769-1,39638B,Héctor Varela,Luis Castiñeira,,40-45 Salamanca,Mirame en la Cara,3,,Fulvio Salamanca,Olindo Sinibaldi,"Héctor Varela, Eladio Blanco, Alberto San Miguel, José Di Pilato, Jorge Ceriotti","Cayetano Puglisi, Blas Pensato, Jaime Ferrer, Clemente Arnáiz","Piano, Bass, 5 Bandoneons, 4 Violins",,,,
Juan D'Arienzo,Orquesta Típica Juan D'Arienzo,6/18/1942,Tierra Negra,,Tango,Instrumental,Víctor,78rpm,69770-1,39638A,"Graciano De Leone, Juan Noli",Francisco Bastardi,,40-45 Salamanca,Tierra Negra,2,,Fulvio Salamanca,Olindo Sinibaldi,"Héctor Varela, Eladio Blanco, Alberto San Miguel, José Di Pilato, Jorge Ceriotti","Cayetano Puglisi, Blas Pensato, Jaime Ferrer, Clemente Arnáiz","Piano, Bass, 5 Bandoneons, 4 Violins",Single,40-45 Salamanca,A,1942-06-18_Tierra-Negra_D-Arienzo
Juan D'Arienzo,Orquesta Típica Juan D'Arienzo,7/21/1942,El Retobao,,Tango,Héctor Mauré,Víctor,78rpm,69813-1,39676B,Juan Rezzano,Francisco Lío,,40-45 Salamanca,El Retobao,2,,Fulvio Salamanca,Olindo Sinibaldi,"Héctor Varela, Eladio Blanco, Alberto San Miguel, José Di Pilato, Jorge Ceriotti","Cayetano Puglisi, Blas Pensato, Jaime Ferrer, Clemente Arnáiz","Piano, Bass, 5 Bandoneons, 4 Violins",Single,40-45 Salamanca,B,1942-07-21_El-Retobao_D-Arienzo
Juan D'Arienzo,Orquesta Típica Juan D'Arienzo,7/21/1942,Tu Pañuelo,,Vals,Héctor Mauré,Víctor,78rpm,69815-1,39736B,Antonio Polito,Iván Diez,,40-45 Salamanca,Tu Pañuelo,2,,Fulvio Salamanca,Olindo Sinibaldi,"Héctor Varela, Eladio Blanco, Alberto San Miguel, José Di Pilato, Jorge Ceriotti","Cayetano Puglisi, Blas Pensato, Jaime Ferrer, Clemente Arnáiz","Piano, Bass, 5 Bandoneons, 4 Violins",,,,
Juan D'Arienzo,Orquesta Típica Juan D'Arienzo,7/21/1942,Y Se Van los Años,,Tango,Héctor Mauré,Víctor,78rpm,69814-1,39736A,Cayetano Puglisi,Luis Castiñeira,,40-45 Salamanca,Y Se Van los Años,2,,Fulvio Salamanca,Olindo Sinibaldi,"Héctor Varela, Eladio Blanco, Alberto San Miguel, José Di Pilato, Jorge Ceriotti","Cayetano Puglisi, Blas Pensato, Jaime Ferrer, Clemente Arnáiz","Piano, Bass, 5 Bandoneons, 4 Violins",Single,40-45 Salamanca,A,1942-07-21_Y-Se-Van-Los-Anos_D-Arienzo
Juan D'Arienzo,Orquesta Típica Juan D'Arienzo,8/12/1942,Claudinette,,Tango,Héctor Mauré,Víctor,78rpm,69864-1,39689A,Enrique Delfino,Julián Centeya,,40-45 Salamanca,Claudinette,3,,Fulvio Salamanca,Olindo Sinibaldi,"Héctor Varela, Eladio Blanco, Alberto San Miguel, José Di Pilato, Jorge Ceriotti","Cayetano Puglisi, Blas Pensato, Jaime Ferrer, Clemente Arnáiz","Piano, Bass, 5 Bandoneons, 4 Violins",Single,40-45 Salamanca,A,1942-08-12_Claudinette_D-Arienzo
Juan D'Arienzo,Orquesta Típica Juan D'Arienzo,8/12/1942,Tirando a Matar,,Milonga,Héctor Mauré,Víctor,78rpm,69865-1,39689B,Pintín Castellanos,Pintín Alves,,40-45 Salamanca,Tirando a Matar,2,,Fulvio Salamanca,Olindo Sinibaldi,"Héctor Varela, Eladio Blanco, Alberto San Miguel, José Di Pilato, Jorge Ceriotti","Cayetano Puglisi, Blas Pensato, Jaime Ferrer, Clemente Arnáiz","Piano, Bass, 5 Bandoneons, 4 Violins",Single,40-45 Salamanca,B,1942-08-12_Tirando-A-Matar_D-Arienzo
Juan D'Arienzo,Orquesta Típica Juan D'Arienzo,9/24/1942,Cortada de San Ignacio,,Milonga,Héctor Mauré,Víctor,78rpm,69556-1,39741B,Horacio Salgán,Carmelo Volpe,,40-45 Salamanca,Cortada de San Ignacio,2,,Fulvio Salamanca,Olindo Sinibaldi,"Héctor Varela, Eladio Blanco, Alberto San Miguel, José Di Pilato, Jorge Ceriotti","Cayetano Puglisi, Blas Pensato, Jaime Ferrer, Clemente Arnáiz","Piano, Bass, 5 Bandoneons, 4 Violins",Single,40-45 Salamanca,B,1942-09-24_Cortada-De-San-Ignacio_D-Arienzo
Juan D'Arienzo,Orquesta Típica Juan D'Arienzo,9/24/1942,Pompas de Jabón,,Tango,Juan Carlos Lamas,Víctor,78rpm,69552-1,39787B,Roberto Goyeneche,Enrique Cadícamo,,40-45 Salamanca,Pompas de Jabón,2,,Fulvio Salamanca,Olindo Sinibaldi,"Héctor Varela, Eladio Blanco, Alberto San Miguel, José Di Pilato, Jorge Ceriotti","Cayetano Puglisi, Blas Pensato, Jaime Ferrer, Clemente Arnáiz","Piano, Bass, 5 Bandoneons, 4 Violins",Single,40-45 Salamanca,B,1942-09-24_Pompas-De-Jabon_D-Arienzo
Juan D'Arienzo,Orquesta Típica Juan D'Arienzo,9/24/1942,Sans Souci,,Tango,Instrumental,Víctor,78rpm,69554-1,39787A,Enrique Delfino,,,40-45 Salamanca,Sans Souci,2,,Fulvio Salamanca,Olindo Sinibaldi,"Héctor Varela, Eladio Blanco, Alberto San Miguel, José Di Pilato, Jorge Ceriotti","Cayetano Puglisi, Blas Pensato, Jaime Ferrer, Clemente Arnáiz","Piano, Bass, 5 Bandoneons, 4 Violins",Single,40-45 Salamanca,A,1942-09-24_Sans-Souci_D-Arienzo
Juan D'Arienzo,Orquesta Típica Juan D'Arienzo,9/24/1942,Vieja Recova,,Tango,Juan Carlos Lamas,Víctor,78rpm,69555-1,39741A,Rodolfo Sciammarella,Enrique Cadícamo,,40-45 Salamanca,Vieja Recova,2,,Fulvio Salamanca,Olindo Sinibaldi,"Héctor Varela, Eladio Blanco, Alberto San Miguel, José Di Pilato, Jorge Ceriotti","Cayetano Puglisi, Blas Pensato, Jaime Ferrer, Clemente Arnáiz","Piano, Bass, 5 Bandoneons, 4 Violins",Single,40-45 Salamanca,A,1942-09-24_Vieja-Recova_D-Arienzo
Juan D'Arienzo,Orquesta Típica Juan D'Arienzo,9/24/1942,Embrujamiento,,Tango,Juan Carlos Lamas,Víctor,78rpm,69553-1,39768A,"Ricardo Malerba, Dante Smurra",Manuel Campos,,40-45 Salamanca,Embrujamiento,3,,Fulvio Salamanca,Olindo Sinibaldi,"Héctor Varela, Eladio Blanco, Alberto San Miguel, José Di Pilato, Jorge Ceriotti","Cayetano Puglisi, Blas Pensato, Jaime Ferrer, Clemente Arnáiz","Piano, Bass, 5 Bandoneons, 4 Violins",,,,
Juan D'Arienzo,Orquesta Típica Juan D'Arienzo,10/27/1942,Carancho,,Tango,Juan Carlos Lamas,Víctor,78rpm,84027-1,39816B,Fulvio Salamanca,Héctor Marcó,,40-45 Salamanca,Carancho,2,,Fulvio Salamanca,Olindo Sinibaldi,"Héctor Varela, Eladio Blanco, Alberto San Miguel, José Di Pilato, Jorge Ceriotti","Cayetano Puglisi, Blas Pensato, Jaime Ferrer, Clemente Arnáiz","Piano, Bass, 5 Bandoneons, 4 Violins",Single,40-45 Salamanca,B,1942-10-27_Carancho_D-Arienzo
Juan D'Arienzo,Orquesta Típica Juan D'Arienzo,10/27/1942,Criollita Linda,,Vals,Héctor Mauré,Víctor,78rpm,84026-1,39768B,Jose Clemente,,,40-45 Salamanca,Criollita Linda,2,,Fulvio Salamanca,Olindo Sinibaldi,"Héctor Varela, Eladio Blanco, Alberto San Miguel, José Di Pilato, Jorge Ceriotti","Cayetano Puglisi, Blas Pensato, Jaime Ferrer, Clemente Arnáiz","Piano, Bass, 5 Bandoneons, 4 Violins",,,,
Juan D'Arienzo,Orquesta Típica Juan D'Arienzo,10/27/1942,El Lazo,,Tango,Instrumental,Víctor,78rpm,84025-1,60-0006A,Esca Caccavaio,Eugenio Cárdenas,,40-45 Salamanca,El Lazo,2,,Fulvio Salamanca,Olindo Sinibaldi,"Héctor Varela, Eladio Blanco, Alberto San Miguel, José Di Pilato, Jorge Ceriotti","Cayetano Puglisi, Blas Pensato, Jaime Ferrer, Clemente Arnáiz","Piano, Bass, 5 Bandoneons, 4 Violins",Single,40-45 Salamanca,A,1942-10-27_El-Lazo_D-Arienzo
Juan D'Arienzo,Orquesta Típica Juan D'Arienzo,10/27/1942,Seguime Corazón,,Tango,Juan Carlos Lamas,Víctor,78rpm,84028-1,60-0302B,Baldomero Suárez,Jesús Blanco,,40-45 Salamanca,Seguime Corazón,2,,Fulvio Salamanca,Olindo Sinibaldi,"Héctor Varela, Eladio Blanco, Alberto San Miguel, José Di Pilato, Jorge Ceriotti","Cayetano Puglisi, Blas Pensato, Jaime Ferrer, Clemente Arnáiz","Piano, Bass, 5 Bandoneons, 4 Violins",Single,40-45 Salamanca,B,1942-10-27_Seguime-Corazon_D-Arienzo
Juan D'Arienzo,Orquesta Típica Juan D'Arienzo,12/22/1942,Chiqué,El Elegante,Tango,Instrumental,Víctor,78rpm,84207-1,60-0054A,Ricardo Brignolo,Ricardo Brignolo,,40-45 Salamanca,Chiqué,3,,Fulvio Salamanca,Olindo Sinibaldi,"Héctor Varela, Eladio Blanco, Alberto San Miguel, José Di Pilato, Jorge Ceriotti","Cayetano Puglisi, Blas Pensato, Jaime Ferrer, Clemente Arnáiz","Piano, Bass, 5 Bandoneons, 4 Violins",,,,
Juan D'Arienzo,Orquesta Típica Juan D'Arienzo,12/22/1942,Cicatrices,,Tango,Héctor Mauré,Víctor,78rpm,84209-1,60-0054B,Adolfo Avilés,Enrique Maroni,,40-45 Salamanca,Cicatrices,3,,Fulvio Salamanca,Olindo Sinibaldi,"Héctor Varela, Eladio Blanco, Alberto San Miguel, José Di Pilato, Jorge Ceriotti","Cayetano Puglisi, Blas Pensato, Jaime Ferrer, Clemente Arnáiz","Piano, Bass, 5 Bandoneons, 4 Violins",,,,
Juan D'Arienzo,Orquesta Típica Juan D'Arienzo,12/22/1942,Compadrón,,Tango,Héctor Mauré,Víctor,78rpm,84208-1,39816A,Luis Visca,Enrique Cadícamo,,40-45 Salamanca,Compadrón,4,,Fulvio Salamanca,Olindo Sinibaldi,"Héctor Varela, Eladio Blanco, Alberto San Miguel, José Di Pilato, Jorge Ceriotti","Cayetano Puglisi, Blas Pensato, Jaime Ferrer, Clemente Arnáiz","Piano, Bass, 5 Bandoneons, 4 Violins",Single,40-45 Salamanca,A,1942-12-22_Compadron_D-Arienzo
Juan D'Arienzo,Orquesta Típica Juan D'Arienzo,12/22/1942,Independencia,,Tango,Instrumental,Víctor,78rpm,84210-1,60-0022A,Alfredo Bevilacqua,Antonio Polito,,40-45 Salamanca,Independencia,3,,Fulvio Salamanca,Olindo Sinibaldi,"Héctor Varela, Eladio Blanco, Alberto San Miguel, José Di Pilato, Jorge Ceriotti","Cayetano Puglisi, Blas Pensato, Jaime Ferrer, Clemente Arnáiz","Piano, Bass, 5 Bandoneons, 4 Violins",Single,40-45 Salamanca,A,1942-12-22_Independencia_D-Arienzo
Juan D'Arienzo,Orquesta Típica Juan D'Arienzo,12/22/1942,Tan Solo Tu,,Vals,Héctor Mauré,Víctor,78rpm,84211-1,60-0006B,Servando Domínguez,Héctor Marcó,,40-45 Salamanca,Tan Solo Tu,2,,Fulvio Salamanca,Olindo Sinibaldi,"Héctor Varela, Eladio Blanco, Alberto San Miguel, José Di Pilato, Jorge Ceriotti","Cayetano Puglisi, Blas Pensato, Jaime Ferrer, Clemente Arnáiz","Piano, Bass, 5 Bandoneons, 4 Violins",Single,40-45 Salamanca,B,1942-12-22_Tan-Solo-Tu_D-Arienzo
Juan D'Arienzo,Orquesta Típica Juan D'Arienzo,12/29/1942,Judas,,Tango,Héctor Mauré,Víctor,78rpm,84216-1,60-0022B,Carlos Marchisio,Carmelo Santiago,,40-45 Salamanca,Judas,3,,Fulvio Salamanca,Olindo Sinibaldi,"Héctor Varela, Eladio Blanco, Alberto San Miguel, José Di Pilato, Jorge Ceriotti","Cayetano Puglisi, Blas Pensato, Jaime Ferrer, Clemente Arnáiz","Piano, Bass, 5 Bandoneons, 4 Violins",Single,40-45 Salamanca,B,1942-12-29_Judas_D-Arienzo
Juan D'Arienzo,Orquesta Típica Juan D'Arienzo,12/29/1942,La Rumbita Candombé,,Milonga,Héctor Mauré,Víctor,78rpm,84214-1,39835B,"Osvaldo Novarro, Raúl Fortunato",Mario Battistella,,40-45 Salamanca,La Rumbita Candombé,2,,Fulvio Salamanca,Olindo Sinibaldi,"Héctor Varela, Eladio Blanco, Alberto San Miguel, José Di Pilato, Jorge Ceriotti","Cayetano Puglisi, Blas Pensato, Jaime Ferrer, Clemente Arnáiz","Piano, Bass, 5 Bandoneons, 4 Violins",,,,
Juan D'Arienzo,Orquesta Típica Juan D'Arienzo,12/29/1942,Pobre Mascarita,,Tango,Juan Carlos Lamas,Víctor,78rpm,84215-1,39835A,"Orlando Romanelli, Salvador Granata","Orlando Romanelli, Salvador Granata",,40-45 Salamanca,Pobre Mascarita,2,,Fulvio Salamanca,Olindo Sinibaldi,"Héctor Varela, Eladio Blanco, Alberto San Miguel, José Di Pilato, Jorge Ceriotti","Cayetano Puglisi, Blas Pensato, Jaime Ferrer, Clemente Arnáiz","Piano, Bass, 5 Bandoneons, 4 Violins",Single,40-45 Salamanca,A,1942-12-29_Pobre-Mascarita_D-Arienzo
Juan D'Arienzo,Orquesta Típica Juan D'Arienzo,6/23/1943,Arlette,,Tango,Héctor Mauré,Víctor,78rpm,77022-2,60-0136A,Antonio Bonavena,Horacio Sanguinetti,,40-45 Salamanca,Arlette,3,,Fulvio Salamanca,Olindo Sinibaldi,"Héctor Varela, Eladio Blanco, Alberto San Miguel, José Di Pilato, Jorge Ceriotti","Cayetano Puglisi, Blas Pensato, Jaime Ferrer, Clemente Arnáiz","Piano, Bass, 5 Bandoneons, 4 Violins",Single,40-45 Salamanca,A,1943-06-23_Arlette_D-Arienzo
Juan D'Arienzo,Orquesta Típica Juan D'Arienzo,6/23/1943,Enamorado,Metido,Tango,Héctor Mauré,Víctor,78rpm,77018-1,60-0302A,Príncipe Cubano,Príncipe Cubano,,40-45 Salamanca,Enamorado,3,,Fulvio Salamanca,Olindo Sinibaldi,"Héctor Varela, Eladio Blanco, Alberto San Miguel, José Di Pilato, Jorge Ceriotti","Cayetano Puglisi, Blas Pensato, Jaime Ferrer, Clemente Arnáiz","Piano, Bass, 5 Bandoneons, 4 Violins",Single,40-45 Salamanca,A,1943-06-23_Enamorado_D-Arienzo
Juan D'Arienzo,Orquesta Típica Juan D'Arienzo,6/23/1943,Música de Mi Argentina,,Milonga,Juan Carlos Lamas,Víctor,78rpm,77019-1,60-0136B,Miguel Bucino,Miguel Bucino,,40-45 Salamanca,Música de Mi Argentina,2,,Fulvio Salamanca,Olindo Sinibaldi,"Héctor Varela, Eladio Blanco, Alberto San Miguel, José Di Pilato, Jorge Ceriotti","Cayetano Puglisi, Blas Pensato, Jaime Ferrer, Clemente Arnáiz","Piano, Bass, 5 Bandoneons, 4 Violins",,,,
Juan D'Arienzo,Orquesta Típica Juan D'Arienzo,6/23/1943,Se Fue,,Vals,Héctor Mauré,Víctor,78rpm,77021,60-0119B,Horacio Salgán,Pedro Valdez,,40-45 Salamanca,Se Fue,2,,Fulvio Salamanca,Olindo Sinibaldi,"Héctor Varela, Eladio Blanco, Alberto San Miguel, José Di Pilato, Jorge Ceriotti","Cayetano Puglisi, Blas Pensato, Jaime Ferrer, Clemente Arnáiz","Piano, Bass, 5 Bandoneons, 4 Violins",,,,
Juan D'Arienzo,Orquesta Típica Juan D'Arienzo,6/23/1943,Tres Horas,,Tango,Héctor Mauré,Víctor,78rpm,77020-1,60-0119A,Héctor Varela,Alberto Neary,,40-45 Salamanca,Tres Horas,2,,Fulvio Salamanca,Olindo Sinibaldi,"Héctor Varela, Eladio Blanco, Alberto San Miguel, José Di Pilato, Jorge Ceriotti","Cayetano Puglisi, Blas Pensato, Jaime Ferrer, Clemente Arnáiz","Piano, Bass, 5 Bandoneons, 4 Violins",,,,
Juan D'Arienzo,Orquesta Típica Juan D'Arienzo,7/13/1943,Tabú,,Milonga,Héctor Mauré,Víctor,78rpm,77074-1,60-0130B,Tití Rossi,Ricardo Thompson,,40-45 Salamanca,Tabú,2,,Fulvio Salamanca,Olindo Sinibaldi,"Héctor Varela, Eladio Blanco, Alberto San Miguel, José Di Pilato, Jorge Ceriotti","Cayetano Puglisi, Blas Pensato, Jaime Ferrer, Clemente Arnáiz","Piano, Bass, 5 Bandoneons, 4 Violins",,,,
Juan D'Arienzo,Orquesta Típica Juan D'Arienzo,7/13/1943,Tango Brujo,,Tango,Héctor Mauré,Víctor,78rpm,77073-1,60-0130A,Francisco Canaro,Francisco Canaro,,40-45 Salamanca,Tango Brujo,4,,Fulvio Salamanca,Olindo Sinibaldi,"Héctor Varela, Eladio Blanco, Alberto San Miguel, José Di Pilato, Jorge Ceriotti","Cayetano Puglisi, Blas Pensato, Jaime Ferrer, Clemente Arnáiz","Piano, Bass, 5 Bandoneons, 4 Violins",,,,
Juan D'Arienzo,Orquesta Típica Juan D'Arienzo,7/13/1943,Vea Vea,,Tango,Instrumental,Víctor,78rpm,77072-1,60-0388A,Roberto Firpo,Alberto Lago,,40-45 Salamanca,Vea Vea,2,,Fulvio Salamanca,Olindo Sinibaldi,"Héctor Varela, Eladio Blanco, Alberto San Miguel, José Di Pilato, Jorge Ceriotti","Cayetano Puglisi, Blas Pensato, Jaime Ferrer, Clemente Arnáiz","Piano, Bass, 5 Bandoneons, 4 Violins",Single,40-45 Salamanca,A,1943-07-13_Vea-Vea_D-Arienzo
Juan D'Arienzo,Orquesta Típica Juan D'Arienzo,9/28/1943,Aguilucho,,Tango,Héctor Mauré,Víctor,78rpm,77260,60-0230A,Helena Leporace,Alfredo Roldán,,40-45 Salamanca,Aguilucho,2,,Fulvio Salamanca,Olindo Sinibaldi,"Héctor Varela, Eladio Blanco, Alberto San Miguel, José Di Pilato, Jorge Ceriotti","Cayetano Puglisi, Blas Pensato, Jaime Ferrer, Clemente Arnáiz","Piano, Bass, 5 Bandoneons, 4 Violins",Single,40-45 Salamanca,A,1943-09-28_Aguilucho_D-Arienzo
Juan D'Arienzo,Orquesta Típica Juan D'Arienzo,9/28/1943,Aquel Muchacho de la Orquesta,,Tango,Juan Carlos Lamas,Víctor,78rpm,77263,60-0263B,Luis Caruso,Luis Caruso,,40-45 Salamanca,Aquel Muchacho de la Orquesta,2,,Fulvio Salamanca,Olindo Sinibaldi,"Héctor Varela, Eladio Blanco, Alberto San Miguel, José Di Pilato, Jorge Ceriotti","Cayetano Puglisi, Blas Pensato, Jaime Ferrer, Clemente Arnáiz","Piano, Bass, 5 Bandoneons, 4 Violins",,,,
Juan D'Arienzo,Orquesta Típica Juan D'Arienzo,9/28/1943,Aunque Vivas en el Cielo,,Vals,Héctor Mauré,Víctor,78rpm,77259,60-0208B,Fulvio Salamanca,Héctor Marcó,,40-45 Salamanca,Aunque Vivas en el Cielo,2,,Fulvio Salamanca,Olindo Sinibaldi,"Héctor Varela, Eladio Blanco, Alberto San Miguel, José Di Pilato, Jorge Ceriotti","Cayetano Puglisi, Blas Pensato, Jaime Ferrer, Clemente Arnáiz","Piano, Bass, 5 Bandoneons, 4 Violins",,,,
Juan D'Arienzo,Orquesta Típica Juan D'Arienzo,9/28/1943,Corrales Viejos,,Milonga,Instrumental,Víctor,78rpm,77262,60-0263A,Anselmo Aieta,"Francisco Laino, Antonio Radicci",,40-45 Salamanca,Corrales Viejos,3,,Fulvio Salamanca,Olindo Sinibaldi,"Héctor Varela, Eladio Blanco, Alberto San Miguel, José Di Pilato, Jorge Ceriotti","Cayetano Puglisi, Blas Pensato, Jaime Ferrer, Clemente Arnáiz","Piano, Bass, 5 Bandoneons, 4 Violins",Single,40-45 Salamanca,A,1943-09-28_Corrales-Viejos_D-Arienzo
Juan D'Arienzo,Orquesta Típica Juan D'Arienzo,9/28/1943,Si la Llegaran a Ver,,Tango,Héctor Mauré,Víctor,78rpm,77258,60-0208A,Juan D'Arienzo,Enrique Cadícamo,,40-45 Salamanca,Si la Llegaran a Ver,3,,Fulvio Salamanca,Olindo Sinibaldi,"Héctor Varela, Eladio Blanco, Alberto San Miguel, José Di Pilato, Jorge Ceriotti","Cayetano Puglisi, Blas Pensato, Jaime Ferrer, Clemente Arnáiz","Piano, Bass, 5 Bandoneons, 4 Violins",,,,
Juan D'Arienzo,Orquesta Típica Juan D'Arienzo,9/28/1943,Yo Quiero Cantar un Tango,,Tango,Héctor Mauré,Víctor,78rpm,77261-1,60-0230B,"Miguel Nijensohn, José Nieso",José Suñé,,40-45 Salamanca,Yo Quiero Cantar un Tango,3,,Fulvio Salamanca,Olindo Sinibaldi,"Héctor Varela, Eladio Blanco, Alberto San Miguel, José Di Pilato, Jorge Ceriotti","Cayetano Puglisi, Blas Pensato, Jaime Ferrer, Clemente Arnáiz","Piano, Bass, 5 Bandoneons, 4 Violins",Single,40-45 Salamanca,B,1943-09-28_Yo-Quiero-Cantar-Un-Tango_D-Arienzo
Juan D'Arienzo,Orquesta Típica Juan D'Arienzo,11/23/1943,Joaquina,,Tango,Instrumental,Víctor,78rpm,77406,60-0260B,Juan Bergamino,,,40-45 Salamanca,Joaquina,3,,Fulvio Salamanca,Olindo Sinibaldi,"Héctor Varela, Eladio Blanco, Alberto San Miguel, José Di Pilato, Jorge Ceriotti","Cayetano Puglisi, Blas Pensato, Jaime Ferrer, Clemente Arnáiz","Piano, Bass, 5 Bandoneons, 4 Violins",Single,40-45 Salamanca,B,1943-11-23_Joaquina_D-Arienzo
Juan D'Arienzo,Orquesta Típica Juan D'Arienzo,11/23/1943,La Cumparsita,Si Supieras,Tango,Instrumental,Víctor,78rpm,77407-1,60-0301A,Gerardo Rodríguez,"Pascual Contursi, Enrique Maroni, Gerardo Rodríguez",,40-45 Salamanca,La Cumparsita,3,,Fulvio Salamanca,Olindo Sinibaldi,"Héctor Varela, Eladio Blanco, Alberto San Miguel, José Di Pilato, Jorge Ceriotti","Cayetano Puglisi, Blas Pensato, Jaime Ferrer, Clemente Arnáiz","Piano, Bass, 5 Bandoneons, 4 Violins",Single,40-45 Salamanca,A,1943-11-23_La-Cumparsita_D-Arienzo
Juan D'Arienzo,Orquesta Típica Juan D'Arienzo,11/23/1943,La Puñalada,,Milonga,Instrumental,Víctor,78rpm,77408-1,60-0301B,Pintín Alves,Celedonio Flores,,40-45 Salamanca,La Puñalada,4,,Fulvio Salamanca,Olindo Sinibaldi,"Héctor Varela, Eladio Blanco, Alberto San Miguel, José Di Pilato, Jorge Ceriotti","Cayetano Puglisi, Blas Pensato, Jaime Ferrer, Clemente Arnáiz","Piano, Bass, 5 Bandoneons, 4 Violins",Single,40-45 Salamanca,B,1943-11-23_La-Punalada_D-Arienzo
Juan D'Arienzo,Orquesta Típica Juan D'Arienzo,11/23/1943,Uno,,Tango,Héctor Mauré,Víctor,78rpm,77405,60-0260A,Mariano Mores,Enrique Discépolo,,40-45 Salamanca,Uno,4,,Fulvio Salamanca,Olindo Sinibaldi,"Héctor Varela, Eladio Blanco, Alberto San Miguel, José Di Pilato, Jorge Ceriotti","Cayetano Puglisi, Blas Pensato, Jaime Ferrer, Clemente Arnáiz","Piano, Bass, 5 Bandoneons, 4 Violins",Single,40-45 Salamanca,A,1943-11-23_Uno_D-Arienzo
Juan D'Arienzo,Orquesta Típica Juan D'Arienzo,12/27/1943,A Mercedes,,Vals,Héctor Mauré,Víctor,78rpm,77493,60-0329A,Hugo Gutiérrez,Juan Clauso,,40-45 Salamanca,A Mercedes,2,,Fulvio Salamanca,Olindo Sinibaldi,"Héctor Varela, Eladio Blanco, Alberto San Miguel, José Di Pilato, Jorge Ceriotti","Cayetano Puglisi, Blas Pensato, Jaime Ferrer, Clemente Arnáiz","Piano, Bass, 5 Bandoneons, 4 Violins",Single,40-45 Salamanca,A,1943-12-27_A-Mercedes_D-Arienzo
Juan D'Arienzo,Orquesta Típica Juan D'Arienzo,12/27/1943,Candombe Rioplatense,,Milonga,Juan Carlos Lamas,Víctor,78rpm,77492-1,60-0360B,"Carmelo Santiago, Pintín Castellanos","Carmelo Santiago, Pintín Castellanos",,40-45 Salamanca,Candombe Rioplatense,2,,Fulvio Salamanca,Olindo Sinibaldi,"Héctor Varela, Eladio Blanco, Alberto San Miguel, José Di Pilato, Jorge Ceriotti","Cayetano Puglisi, Blas Pensato, Jaime Ferrer, Clemente Arnáiz","Piano, Bass, 5 Bandoneons, 4 Violins",Single,40-45 Salamanca,B,1943-12-27_Candombe-Rioplatense_D-Arienzo
Juan D'Arienzo,Orquesta Típica Juan D'Arienzo,12/27/1943,Es Inútil Que la Llores,,Tango,Juan Carlos Lamas,Víctor,78rpm,77494-1,60-0329B,Salvador Grupillo,Luis Caruso,,40-45 Salamanca,Es Inútil Que la Llores,2,,Fulvio Salamanca,Olindo Sinibaldi,"Héctor Varela, Eladio Blanco, Alberto San Miguel, José Di Pilato, Jorge Ceriotti","Cayetano Puglisi, Blas Pensato, Jaime Ferrer, Clemente Arnáiz","Piano, Bass, 5 Bandoneons, 4 Violins",Single,40-45 Salamanca,B,1943-12-27_Es-Inutil-Que-La-Llores_D-Arienzo
Juan D'Arienzo,Orquesta Típica Juan D'Arienzo,12/27/1943,Prisionero,,Vals,Héctor Mauré,Víctor,78rpm,77495-1,60-0388B,Julio Carresons,Carlos Bahr,,40-45 Salamanca,Prisionero,2,,Fulvio Salamanca,Olindo Sinibaldi,"Héctor Varela, Eladio Blanco, Alberto San Miguel, José Di Pilato, Jorge Ceriotti","Cayetano Puglisi, Blas Pensato, Jaime Ferrer, Clemente Arnáiz","Piano, Bass, 5 Bandoneons, 4 Violins",Single,40-45 Salamanca,B,1943-12-27_Prisionero_D-Arienzo
Juan D'Arienzo,Orquesta Típica Juan D'Arienzo,12/27/1943,Viejo Tintero,,Tango,Juan Carlos Lamas,Víctor,78rpm,77496,60-0360A,Graciano De Leone,Estrella Mamán,,40-45 Salamanca,Viejo Tintero,2,,Fulvio Salamanca,Olindo Sinibaldi,"Héctor Varela, Eladio Blanco, Alberto San Miguel, José Di Pilato, Jorge Ceriotti","Cayetano Puglisi, Blas Pensato, Jaime Ferrer, Clemente Arnáiz","Piano, Bass, 5 Bandoneons, 4 Violins",,,,
Juan D'Arienzo,Orquesta Típica Juan D'Arienzo,5/17/1944,Ana María,,Milonga,Héctor Mauré,Víctor,78rpm,79692,60-0449B,Fulvio Salamanca,Nolo López,,40-45 Salamanca,Ana María,2,,Fulvio Salamanca,Olindo Sinibaldi,"Héctor Varela, Eladio Blanco, Alberto San Miguel, José Di Pilato, Jorge Ceriotti","Cayetano Puglisi, Blas Pensato, Jaime Ferrer, Clemente Arnáiz","Piano, Bass, 5 Bandoneons, 4 Violins",Single,40-45 Salamanca,B,1944-05-17_Ana-Maria_D-Arienzo
Juan D'Arienzo,Orquesta Típica Juan D'Arienzo,5/17/1944,El Apache Argentino,,Tango,Instrumental,Víctor,78rpm,79690-1,60-0427B / 68-0535B,Manuel Aróztegui,,,40-45 Salamanca,El Apache Argentino,2,,Fulvio Salamanca,Olindo Sinibaldi,"Héctor Varela, Eladio Blanco, Alberto San Miguel, José Di Pilato, Jorge Ceriotti","Cayetano Puglisi, Blas Pensato, Jaime Ferrer, Clemente Arnáiz","Piano, Bass, 5 Bandoneons, 4 Violins",Single,40-45 Salamanca,B,1944-05-17_El-Apache-Argentino_D-Arienzo
Juan D'Arienzo,Orquesta Típica Juan D'Arienzo,5/17/1944,Las Doce,,Tango,Héctor Mauré,Víctor,78rpm,79691-1,60-0449A,Juan D'Arienzo,Nolo López,,40-45 Salamanca,Las Doce,2,,Fulvio Salamanca,Olindo Sinibaldi,"Héctor Varela, Eladio Blanco, Alberto San Miguel, José Di Pilato, Jorge Ceriotti","Cayetano Puglisi, Blas Pensato, Jaime Ferrer, Clemente Arnáiz","Piano, Bass, 5 Bandoneons, 4 Violins",Single,40-45 Salamanca,A,1944-05-17_Las-Doce_D-Arienzo
Juan D'Arienzo,Orquesta Típica Juan D'Arienzo,5/17/1944,Lilián,,Tango,Héctor Mauré,Víctor,78rpm,79689-1,60-0427A / 68-0535A,Héctor Varela,Manuel López,,40-45 Salamanca,Lilián,3,,Fulvio Salamanca,Olindo Sinibaldi,"Héctor Varela, Eladio Blanco, Alberto San Miguel, José Di Pilato, Jorge Ceriotti","Cayetano Puglisi, Blas Pensato, Jaime Ferrer, Clemente Arnáiz","Piano, Bass, 5 Bandoneons, 4 Violins",Single,40-45 Salamanca,A,1944-05-17_Lilian_D-Arienzo
Juan D'Arienzo,Orquesta Típica Juan D'Arienzo,6/9/1944,La Mentirosa,,Tango,Instrumental,Víctor,78rpm,BAVE-079730,Victor (Argentina) 60-0497-B,Anselmo Aieta,Francisco Jiménez,,40-45 Salamanca,La Mentirosa,3,,Fulvio Salamanca,Olindo Sinibaldi,"Héctor Varela, Eladio Blanco, Alberto San Miguel, José Di Pilato, Jorge Ceriotti","Cayetano Puglisi, Blas Pensato, Jaime Ferrer, Clemente Arnáiz","Piano, Bass, 5 Bandoneons, 4 Violins",Single,40-45 Salamanca,B,1944-06-09_La-Mentirosa_D-Arienzo
Juan D'Arienzo,Orquesta Típica Juan D'Arienzo,7/7/1944,Después,,Tango,Alberto Echagüe,Víctor,78rpm,BAVE-079761,Victor (Argentina) 60-0476-A,Hugo Gutiérrez,Homero Manzi,,40-45 Salamanca,Después,3,,Fulvio Salamanca,Olindo Sinibaldi,"Héctor Varela, Eladio Blanco, Alberto San Miguel, José Di Pilato, Jorge Ceriotti","Cayetano Puglisi, Blas Pensato, Jaime Ferrer, Clemente Arnáiz","Piano, Bass, 5 Bandoneons, 4 Violins",Single,40-45 Salamanca,A,1944-07-07_Despues_D-Arienzo
Juan D'Arienzo,Orquesta Típica Juan D'Arienzo,7/7/1944,El Huracán,,Tango,Instrumental,Víctor,78rpm,BAVE-079762,Victor (Argentina) 60-0476-B,"Osvaldo Donato, Edgardo Donato",Manuel López,,40-45 Salamanca,El Huracán,3,,Fulvio Salamanca,Olindo Sinibaldi,"Héctor Varela, Eladio Blanco, Alberto San Miguel, José Di Pilato, Jorge Ceriotti","Cayetano Puglisi, Blas Pensato, Jaime Ferrer, Clemente Arnáiz","Piano, Bass, 5 Bandoneons, 4 Violins",Single,40-45 Salamanca,B,1944-07-07_El-Huracan_D-Arienzo
Juan D'Arienzo,Orquesta Típica Juan D'Arienzo,7/21/1944,Amarras,,Tango,Héctor Mauré,Víctor,78rpm,BAVE-079782,Victor (Argentina) 60-0497-A,Carlos Marchisio,Carmelo Santiago,,40-45 Salamanca,Amarras,4,,Fulvio Salamanca,Olindo Sinibaldi,"Héctor Varela, Eladio Blanco, Alberto San Miguel, José Di Pilato, Jorge Ceriotti","Cayetano Puglisi, Blas Pensato, Jaime Ferrer, Clemente Arnáiz","Piano, Bass, 5 Bandoneons, 4 Violins",Single,40-45 Salamanca,A,1944-07-21_Amarras_D-Arienzo
Juan D'Arienzo,Orquesta Típica Juan D'Arienzo,8/28/1944,No Nos Veremos Nunca Más,,Tango,Alberto Echagüe,Víctor,78rpm,BAVE-079832,Victor (Argentina) 60-0531-A,Juan D'Arienzo,Carlos Waiss,,40-45 Salamanca,No Nos Veremos Nunca Más,3,,Fulvio Salamanca,Olindo Sinibaldi,"Héctor Varela, Eladio Blanco, Alberto San Miguel, José Di Pilato, Jorge Ceriotti","Cayetano Puglisi, Blas Pensato, Jaime Ferrer, Clemente Arnáiz","Piano, Bass, 5 Bandoneons, 4 Violins",,,,
Juan D'Arienzo,Orquesta Típica Juan D'Arienzo,8/28/1944,Yo Me Llamo Eloy Peralta,,Milonga,Alberto Echagüe,Víctor,78rpm,BAVE-079831,Victor (Argentina) 60-0531-B,Arturo De Bassi,Jacinto Font,,40-45 Salamanca,Yo Me Llamo Eloy Peralta,2,,Fulvio Salamanca,Olindo Sinibaldi,"Héctor Varela, Eladio Blanco, Alberto San Miguel, José Di Pilato, Jorge Ceriotti","Cayetano Puglisi, Blas Pensato, Jaime Ferrer, Clemente Arnáiz","Piano, Bass, 5 Bandoneons, 4 Violins",Single,40-45 Salamanca,B,1944-08-28_Yo-Me-Llamo-Eloy-Peralta_D-Arienzo
Juan D'Arienzo,Orquesta Típica Juan D'Arienzo,9/21/1944,El Romántico,,Tango,Instrumental,Víctor,78rpm,79867-1,60-0547B,Arturo De Bassi,,,40-45 Salamanca,El Romántico,3,,Fulvio Salamanca,Olindo Sinibaldi,"Héctor Varela, Eladio Blanco, Alberto San Miguel, José Di Pilato, Jorge Ceriotti","Cayetano Puglisi, Blas Pensato, Jaime Ferrer, Clemente Arnáiz","Piano, Bass, 5 Bandoneons, 4 Violins",Single,40-45 Salamanca,B,1944-09-21_El-Romantico_D-Arienzo
Juan D'Arienzo,Orquesta Típica Juan D'Arienzo,9/21/1944,La Madrugada,,Tango,Alberto Echagüe,Víctor,78rpm,79866-1,60-0547A,Ángel Maffia,Cátulo Castillo,,40-45 Salamanca,La Madrugada,2,,Fulvio Salamanca,Olindo Sinibaldi,"Héctor Varela, Eladio Blanco, Alberto San Miguel, José Di Pilato, Jorge Ceriotti","Cayetano Puglisi, Blas Pensato, Jaime Ferrer, Clemente Arnáiz","Piano, Bass, 5 Bandoneons, 4 Violins",Single,40-45 Salamanca,A,1944-09-21_La-Madrugada_D-Arienzo
Juan D'Arienzo,Orquesta Típica Juan D'Arienzo,10/20/1944,El Rezongón,,Tango,Instrumental,Víctor,78rpm,79904-1,60-0582A,Rafael Natta,,,40-45 Salamanca,El Rezongón,3,,Fulvio Salamanca,Olindo Sinibaldi,"Héctor Varela, Eladio Blanco, Alberto San Miguel, José Di Pilato, Jorge Ceriotti","Cayetano Puglisi, Blas Pensato, Jaime Ferrer, Clemente Arnáiz","Piano, Bass, 5 Bandoneons, 4 Violins",Single,40-45 Salamanca,A,1944-10-20_El-Rezongon_D-Arienzo
Juan D'Arienzo,Orquesta Típica Juan D'Arienzo,10/24/1944,A Suerte y Verdad,,Tango,Alberto Echagüe,Víctor,78rpm,79906,60-0559A,Carlos Parodi,Carlos Waiss,,40-45 Salamanca,A Suerte y Verdad,2,,Fulvio Salamanca,Olindo Sinibaldi,"Héctor Varela, Eladio Blanco, Alberto San Miguel, José Di Pilato, Jorge Ceriotti","Cayetano Puglisi, Blas Pensato, Jaime Ferrer, Clemente Arnáiz","Piano, Bass, 5 Bandoneons, 4 Violins",Single,40-45 Salamanca,A,1944-10-24_A-Suerte-Y-Verdad_D-Arienzo
Juan D'Arienzo,Orquesta Típica Juan D'Arienzo,10/24/1944,La Mañana,,Milonga,Alberto Echagüe,Víctor,78rpm,79905-1,60-0582B,Miguel Bucino,Miguel Bucino,,40-45 Salamanca,La Mañana,3,,Fulvio Salamanca,Olindo Sinibaldi,"Héctor Varela, Eladio Blanco, Alberto San Miguel, José Di Pilato, Jorge Ceriotti","Cayetano Puglisi, Blas Pensato, Jaime Ferrer, Clemente Arnáiz","Piano, Bass, 5 Bandoneons, 4 Violins",Single,40-45 Salamanca,B,1944-10-24_La-Manana_D-Arienzo
Juan D'Arienzo,Orquesta Típica Juan D'Arienzo,10/24/1944,Venus,,Tango,Instrumental,Víctor,78rpm,BAVE-079907,Victor (Argentina) 60-0559-B,Alfredo Bevilacqua,Antonio Polito,,40-45 Salamanca,Venus,2,,Fulvio Salamanca,Olindo Sinibaldi,"Héctor Varela, Eladio Blanco, Alberto San Miguel, José Di Pilato, Jorge Ceriotti","Cayetano Puglisi, Blas Pensato, Jaime Ferrer, Clemente Arnáiz","Piano, Bass, 5 Bandoneons, 4 Violins",Single,40-45 Salamanca,B,1944-10-24_Venus_D-Arienzo
Juan D'Arienzo,Orquesta Típica Juan D'Arienzo,12/15/1944,Clavel,,Milonga,Alberto Echagüe,Víctor,78rpm,79985-1,60-0602B,José Cordero,José Cordero,,40-45 Salamanca,Clavel,2,,Fulvio Salamanca,Olindo Sinibaldi,"Héctor Varela, Eladio Blanco, Alberto San Miguel, José Di Pilato, Jorge Ceriotti","Cayetano Puglisi, Blas Pensato, Jaime Ferrer, Clemente Arnáiz","Piano, Bass, 5 Bandoneons, 4 Violins",Single,40-45 Salamanca,B,1944-12-15_Clavel_D-Arienzo
Juan D'Arienzo,Orquesta Típica Juan D'Arienzo,12/15/1944,El Paisanito,,Milonga,Alberto Echagüe,Víctor,78rpm,79986-1,60-0620B,Pascual Clausi,Melecio Pérez,,40-45 Salamanca,El Paisanito,3,,Fulvio Salamanca,Olindo Sinibaldi,"Héctor Varela, Eladio Blanco, Alberto San Miguel, José Di Pilato, Jorge Ceriotti","Cayetano Puglisi, Blas Pensato, Jaime Ferrer, Clemente Arnáiz","Piano, Bass, 5 Bandoneons, 4 Violins",Single,40-45 Salamanca,B,1944-12-15_El-Paisanito_D-Arienzo
Juan D'Arienzo,Orquesta Típica Juan D'Arienzo,12/15/1944,Oro de Ley,,Milonga,Alberto Echagüe,Víctor,78rpm,79984-1,60-0628B,Román Juri,Carlos Waiss,,40-45 Salamanca,Oro de Ley,3,,Fulvio Salamanca,Olindo Sinibaldi,"Héctor Varela, Eladio Blanco, Alberto San Miguel, José Di Pilato, Jorge Ceriotti","Cayetano Puglisi, Blas Pensato, Jaime Ferrer, Clemente Arnáiz","Piano, Bass, 5 Bandoneons, 4 Violins",Single,40-45 Salamanca,B,1944-12-15_Oro-De-Ley_D-Arienzo
Juan D'Arienzo,Orquesta Típica Juan D'Arienzo,12/15/1944,Seamos Amigos,,Tango,Alberto Echagüe,Víctor,78rpm,79983-1,60-0628A,Domingo Rullo,Príncipe Cubano,,40-45 Salamanca,Seamos Amigos,3,,Fulvio Salamanca,Olindo Sinibaldi,"Héctor Varela, Eladio Blanco, Alberto San Miguel, José Di Pilato, Jorge Ceriotti","Cayetano Puglisi, Blas Pensato, Jaime Ferrer, Clemente Arnáiz","Piano, Bass, 5 Bandoneons, 4 Violins",Single,40-45 Salamanca,A,1944-12-15_Seamos-Amigos_D-Arienzo
Juan D'Arienzo,Orquesta Típica Juan D'Arienzo,12/26/1944,Color Cielo,,Tango,Armando Laborde,Víctor,78rpm,80504-1,60-0602A,Antonio Bonavena,Antonio Bonavena,,40-45 Salamanca,Color Cielo,3,,Fulvio Salamanca,Olindo Sinibaldi,"Héctor Varela, Eladio Blanco, Alberto San Miguel, José Di Pilato, Jorge Ceriotti","Cayetano Puglisi, Blas Pensato, Jaime Ferrer, Clemente Arnáiz","Piano, Bass, 5 Bandoneons, 4 Violins",Single,40-45 Salamanca,A,1944-12-26_Color-Cielo_D-Arienzo
Juan D'Arienzo,Orquesta Típica Juan D'Arienzo,12/26/1944,Magdala,,Tango,Armando Laborde,Víctor,78rpm,80503-1,60-0620A,Rodolfo Biagi,Francisco Gorrindo,,40-45 Salamanca,Magdala,2,,Fulvio Salamanca,Olindo Sinibaldi,"Héctor Varela, Eladio Blanco, Alberto San Miguel, José Di Pilato, Jorge Ceriotti","Cayetano Puglisi, Blas Pensato, Jaime Ferrer, Clemente Arnáiz","Piano, Bass, 5 Bandoneons, 4 Violins",Single,40-45 Salamanca,A,1944-12-26_Magdala_D-Arienzo
Juan D'Arienzo,Orquesta Típica Juan D'Arienzo,12/26/1944,Me Gusta Bailar la Milonga,,Milonga,Alberto Echagüe,Víctor,78rpm,BAVE-080502,Victor (Argentina) 60-0646-B,Pintín Castellanos,Pintín Alves,,40-45 Salamanca,Me Gusta Bailar la Milonga,2,,Fulvio Salamanca,Olindo Sinibaldi,"Héctor Varela, Eladio Blanco, Alberto San Miguel, José Di Pilato, Jorge Ceriotti","Cayetano Puglisi, Blas Pensato, Jaime Ferrer, Clemente Arnáiz","Piano, Bass, 5 Bandoneons, 4 Violins",,,,
Juan D'Arienzo,Orquesta Típica Juan D'Arienzo,12/26/1944,Vieja Volanta,,Tango,Alberto Echagüe,Víctor,78rpm,BAVE-080505,Victor (Argentina) 60-0646-A,Ernesto De La Cruz,Francisco Marino,,40-45 Salamanca,Vieja Volanta,2,,Fulvio Salamanca,Olindo Sinibaldi,"Héctor Varela, Eladio Blanco, Alberto San Miguel, José Di Pilato, Jorge Ceriotti","Cayetano Puglisi, Blas Pensato, Jaime Ferrer, Clemente Arnáiz","Piano, Bass, 5 Bandoneons, 4 Violins",,,,
Juan D'Arienzo,Orquesta Típica Juan D'Arienzo,4/17/1945,Aparcero,,Tango,Echagüe Y Laborde,Víctor,78rpm,80608,60-0669A,Anselmo Aieta,Antonio Radicci,,40-45 Salamanca,Aparcero,2,,Fulvio Salamanca,Olindo Sinibaldi,"Héctor Varela, Eladio Blanco, Alberto San Miguel, José Di Pilato, Jorge Ceriotti","Cayetano Puglisi, Blas Pensato, Jaime Ferrer, Clemente Arnáiz","Piano, Bass, 5 Bandoneons, 4 Violins",,,,
Juan D'Arienzo,Orquesta Típica Juan D'Arienzo,4/17/1945,Pájaro Sin Luz,,Tango,Armando Laborde,Víctor,78rpm,80609,60-0669B,Carlos Marchisio,Carmelo Santiago,,40-45 Salamanca,Pájaro Sin Luz,2,,Fulvio Salamanca,Olindo Sinibaldi,"Héctor Varela, Eladio Blanco, Alberto San Miguel, José Di Pilato, Jorge Ceriotti","Cayetano Puglisi, Blas Pensato, Jaime Ferrer, Clemente Arnáiz","Piano, Bass, 5 Bandoneons, 4 Violins",Single,40-45 Salamanca,B,1945-04-17_Pajaro-Sin-Luz_D-Arienzo
Juan D'Arienzo,Orquesta Típica Juan D'Arienzo,4/17/1945,Sígueme Si Puedes,,Tango,Instrumental,Víctor,78rpm,80610,60-0683A,"Alejandro Scarpino, Juan Caldarella",Antonio Anselmi,,40-45 Salamanca,Sígueme Si Puedes,4,,Fulvio Salamanca,Olindo Sinibaldi,"Héctor Varela, Eladio Blanco, Alberto San Miguel, José Di Pilato, Jorge Ceriotti","Cayetano Puglisi, Blas Pensato, Jaime Ferrer, Clemente Arnáiz","Piano, Bass, 5 Bandoneons, 4 Violins",Single,40-45 Salamanca,A,1945-04-17_Sigueme-Si-Puedes_D-Arienzo
Juan D'Arienzo,Orquesta Típica Juan D'Arienzo,5/4/1945,Corrientes y Esmeralda,,Tango,Alberto Echagüe,Víctor,78rpm,80632-1,60-0699A / 68-0537A,Francisco Pracánico,Celedonio Flores,,40-45 Salamanca,Corrientes y Esmeralda,3,,Fulvio Salamanca,Olindo Sinibaldi,"Héctor Varela, Eladio Blanco, Alberto San Miguel, José Di Pilato, Jorge Ceriotti","Cayetano Puglisi, Blas Pensato, Jaime Ferrer, Clemente Arnáiz","Piano, Bass, 5 Bandoneons, 4 Violins",Single,40-45 Salamanca,A,1945-05-04_Corrientes-Y-Esmeralda_D-Arienzo
Juan D'Arienzo,Orquesta Típica Juan D'Arienzo,5/4/1945,La Pena del Payador,,Vals,Armando Laborde,Víctor,78rpm,80633,60-0683B,"José Servidio, Luis Servidio",Eduardo Méndez,,40-45 Salamanca,La Pena del Payador,2,,Fulvio Salamanca,Olindo Sinibaldi,"Héctor Varela, Eladio Blanco, Alberto San Miguel, José Di Pilato, Jorge Ceriotti","Cayetano Puglisi, Blas Pensato, Jaime Ferrer, Clemente Arnáiz","Piano, Bass, 5 Bandoneons, 4 Violins",Single,40-45 Salamanca,B,1945-05-04_La-Pena-Del-Payador_D-Arienzo
Juan D'Arienzo,Orquesta Típica Juan D'Arienzo,5/4/1945,Si Supieras Que la Extraño,,Tango,Armando Laborde,Víctor,78rpm,80634-1,60-0699B / 68-0537B,Héctor Varela,Carlos Waiss,,40-45 Salamanca,Si Supieras Que la Extraño,2,,Fulvio Salamanca,Olindo Sinibaldi,"Héctor Varela, Eladio Blanco, Alberto San Miguel, José Di Pilato, Jorge Ceriotti","Cayetano Puglisi, Blas Pensato, Jaime Ferrer, Clemente Arnáiz","Piano, Bass, 5 Bandoneons, 4 Violins",,,,
Juan D'Arienzo,Orquesta Típica Juan D'Arienzo,6/25/1945,El Tren de las Once,El Tren de las 11,Tango,Armando Laborde,Víctor,78rpm,BAVE-080698,Victor (Argentina) 60-0715-B,Horacio Susena,Horacio Susena,,45-50 Salamanca + 6 Bandoneons,El Tren de las Once,2,,Fulvio Salamanca,Olindo Sinibaldi,"Héctor Varela, Eladio Blanco, Alberto San Miguel, José Di Pilato, Jorge Ceriotti, Salvador Alonso","Cayetano Puglisi, Blas Pensato, Jaime Ferrer, Clemente Arnáiz","Piano, Bass, 6 Bandoneons, 4 Violins",,,,
Juan D'Arienzo,Orquesta Típica Juan D'Arienzo,6/25/1945,Ya Estamos Iguales,,Tango,Alberto Echagüe,Víctor,78rpm,BAVE-080697,Victor (Argentina) 60-0715-A,Anselmo Aieta,Francisco Jiménez,,45-50 Salamanca + 6 Bandoneons,Ya Estamos Iguales,2,,Fulvio Salamanca,Olindo Sinibaldi,"Héctor Varela, Eladio Blanco, Alberto San Miguel, José Di Pilato, Jorge Ceriotti, Salvador Alonso","Cayetano Puglisi, Blas Pensato, Jaime Ferrer, Clemente Arnáiz","Piano, Bass, 6 Bandoneons, 4 Violins",,,,
Juan D'Arienzo,Orquesta Típica Juan D'Arienzo,7/26/1945,Andanzas,,Tango,Alberto Echagüe,Víctor,78rpm,80748,60-0770B,Eladio Blanco,Carlos Waiss,,45-50 Salamanca + 6 Bandoneons,Andanzas,2,,Fulvio Salamanca,Olindo Sinibaldi,"Héctor Varela, Eladio Blanco, Alberto San Miguel, José Di Pilato, Jorge Ceriotti, Salvador Alonso","Cayetano Puglisi, Blas Pensato, Jaime Ferrer, Clemente Arnáiz","Piano, Bass, 6 Bandoneons, 4 Violins",,,,
Juan D'Arienzo,Orquesta Típica Juan D'Arienzo,7/26/1945,El Pensamiento,,Tango,Instrumental,Víctor,78rpm,80747,60-0743B,José Martínez,Francisco Jiménez,,45-50 Salamanca + 6 Bandoneons,El Pensamiento,3,,Fulvio Salamanca,Olindo Sinibaldi,"Héctor Varela, Eladio Blanco, Alberto San Miguel, José Di Pilato, Jorge Ceriotti, Salvador Alonso","Cayetano Puglisi, Blas Pensato, Jaime Ferrer, Clemente Arnáiz","Piano, Bass, 6 Bandoneons, 4 Violins",,,,
Juan D'Arienzo,Orquesta Típica Juan D'Arienzo,7/26/1945,Me Duele el Corazón,,Vals,Armando Laborde,Víctor,78rpm,80746,60-0743A,"C. Yeguit, Luis Mendoza","C. Yeguit, Luis Mendoza",Osmar Maderna,45-50 Salamanca + 6 Bandoneons,Me Duele el Corazón,2,,Fulvio Salamanca,Olindo Sinibaldi,"Héctor Varela, Eladio Blanco, Alberto San Miguel, José Di Pilato, Jorge Ceriotti, Salvador Alonso","Cayetano Puglisi, Blas Pensato, Jaime Ferrer, Clemente Arnáiz","Piano, Bass, 6 Bandoneons, 4 Violins",,,,
Juan D'Arienzo,Orquesta Típica Juan D'Arienzo,8/28/1945,Aquí He Venido a Cantar,,Tango,Armando Laborde,Víctor,78rpm,80785,60-0785B,Fulvio Salamanca,Carlos Bahr,,45-50 Salamanca + 6 Bandoneons,Aquí He Venido a Cantar,2,,Fulvio Salamanca,Olindo Sinibaldi,"Héctor Varela, Eladio Blanco, Alberto San Miguel, José Di Pilato, Jorge Ceriotti, Salvador Alonso","Cayetano Puglisi, Blas Pensato, Jaime Ferrer, Clemente Arnáiz","Piano, Bass, 6 Bandoneons, 4 Violins",,,,
Juan D'Arienzo,Orquesta Típica Juan D'Arienzo,8/28/1945,Azul y Oro,,Tango,Instrumental,Víctor,78rpm,80786,60-0785A,Emilio Querejeta,,,45-50 Salamanca + 6 Bandoneons,Azul y Oro,2,,Fulvio Salamanca,Olindo Sinibaldi,"Héctor Varela, Eladio Blanco, Alberto San Miguel, José Di Pilato, Jorge Ceriotti, Salvador Alonso","Cayetano Puglisi, Blas Pensato, Jaime Ferrer, Clemente Arnáiz","Piano, Bass, 6 Bandoneons, 4 Violins",,,,
Juan D'Arienzo,Orquesta Típica Juan D'Arienzo,8/28/1945,Pregonera,,Tango,Armando Laborde,Víctor,78rpm,80784,60-0770A,Alfredo Ángelis,José Rótulo,,45-50 Salamanca + 6 Bandoneons,Pregonera,3,,Fulvio Salamanca,Olindo Sinibaldi,"Héctor Varela, Eladio Blanco, Alberto San Miguel, José Di Pilato, Jorge Ceriotti, Salvador Alonso","Cayetano Puglisi, Blas Pensato, Jaime Ferrer, Clemente Arnáiz","Piano, Bass, 6 Bandoneons, 4 Violins",,,,
Juan D'Arienzo,Orquesta Típica Juan D'Arienzo,10/3/1945,Canchero,,Tango,Alberto Echagüe,Víctor,78rpm,BAVE-080835,Victor (Argentina) 68-1115-B,Arturo De Bassi,Celedonio Flores,,45-50 Salamanca + 6 Bandoneons,Canchero,2,,Fulvio Salamanca,Olindo Sinibaldi,"Héctor Varela, Eladio Blanco, Alberto San Miguel, José Di Pilato, Jorge Ceriotti, Salvador Alonso","Cayetano Puglisi, Blas Pensato, Jaime Ferrer, Clemente Arnáiz","Piano, Bass, 6 Bandoneons, 4 Violins",,,,
Juan D'Arienzo,Orquesta Típica Juan D'Arienzo,10/3/1945,Vamos Zaino,,Tango,Armando Laborde,Víctor,78rpm,BAVE-080836,Victor (Argentina) 68-1115-A,Rosendo Luna,Enrique Cadícamo,,45-50 Salamanca + 6 Bandoneons,Vamos Zaino,2,,Fulvio Salamanca,Olindo Sinibaldi,"Héctor Varela, Eladio Blanco, Alberto San Miguel, José Di Pilato, Jorge Ceriotti, Salvador Alonso","Cayetano Puglisi, Blas Pensato, Jaime Ferrer, Clemente Arnáiz","Piano, Bass, 6 Bandoneons, 4 Violins",,,,
Juan D'Arienzo,Orquesta Típica Juan D'Arienzo,10/26/1945,Don Alfonso,,Tango,Instrumental,Víctor,78rpm,80861,60-0822B,"Héctor Varela, Eladio Blanco",,,45-50 Salamanca + 6 Bandoneons,Don Alfonso,2,,Fulvio Salamanca,Olindo Sinibaldi,"Héctor Varela, Eladio Blanco, Alberto San Miguel, José Di Pilato, Jorge Ceriotti, Salvador Alonso","Cayetano Puglisi, Blas Pensato, Jaime Ferrer, Clemente Arnáiz","Piano, Bass, 6 Bandoneons, 4 Violins",,,,
Juan D'Arienzo,Orquesta Típica Juan D'Arienzo,10/26/1945,Leguisamo Solo,,Tango,Alberto Echagüe,Víctor,78rpm,80862-1,60-0822A,Modesto Papávero,Modesto Papávero,,45-50 Salamanca + 6 Bandoneons,Leguisamo Solo,2,,Fulvio Salamanca,Olindo Sinibaldi,"Héctor Varela, Eladio Blanco, Alberto San Miguel, José Di Pilato, Jorge Ceriotti, Salvador Alonso","Cayetano Puglisi, Blas Pensato, Jaime Ferrer, Clemente Arnáiz","Piano, Bass, 6 Bandoneons, 4 Violins",,,,
Juan D'Arienzo,Orquesta Típica Juan D'Arienzo,12/24/1945,Del Pasado,,Milonga,Echagüe Y Laborde,Víctor,78rpm,80942,60-0850B,Francisco Marino,Francisco Marino,,45-50 Salamanca + 6 Bandoneons,Del Pasado,2,,Fulvio Salamanca,Olindo Sinibaldi,"Héctor Varela, Eladio Blanco, Alberto San Miguel, José Di Pilato, Jorge Ceriotti, Salvador Alonso","Cayetano Puglisi, Blas Pensato, Jaime Ferrer, Clemente Arnáiz","Piano, Bass, 6 Bandoneons, 4 Violins",,,,
Juan D'Arienzo,Orquesta Típica Juan D'Arienzo,12/24/1945,La Galarcita,,Tango,Instrumental,Víctor,78rpm,80944,60-0865B,Mauricio Guariglia,Antonio Polito,,45-50 Salamanca + 6 Bandoneons,La Galarcita,2,,Fulvio Salamanca,Olindo Sinibaldi,"Héctor Varela, Eladio Blanco, Alberto San Miguel, José Di Pilato, Jorge Ceriotti, Salvador Alonso","Cayetano Puglisi, Blas Pensato, Jaime Ferrer, Clemente Arnáiz","Piano, Bass, 6 Bandoneons, 4 Violins",,,,
Juan D'Arienzo,Orquesta Típica Juan D'Arienzo,12/24/1945,Siempre Amigos,Pa' Mi Es Igual,Tango,Alberto Echagüe,Víctor,78rpm,80943,60-0865A,"Lucio Demare, Santiago Fugazot",Domingo Cadícamo,,45-50 Salamanca + 6 Bandoneons,Siempre Amigos,2,,Fulvio Salamanca,Olindo Sinibaldi,"Héctor Varela, Eladio Blanco, Alberto San Miguel, José Di Pilato, Jorge Ceriotti, Salvador Alonso","Cayetano Puglisi, Blas Pensato, Jaime Ferrer, Clemente Arnáiz","Piano, Bass, 6 Bandoneons, 4 Violins",,,,
Juan D'Arienzo,Orquesta Típica Juan D'Arienzo,12/24/1945,Yo No Espero Nada,,Tango,Alberto Echagüe,Víctor,78rpm,80941,60-0850A,Salvador Alonso,Julio Alberto,,45-50 Salamanca + 6 Bandoneons,Yo No Espero Nada,3,,Fulvio Salamanca,Olindo Sinibaldi,"Héctor Varela, Eladio Blanco, Alberto San Miguel, José Di Pilato, Jorge Ceriotti, Salvador Alonso","Cayetano Puglisi, Blas Pensato, Jaime Ferrer, Clemente Arnáiz","Piano, Bass, 6 Bandoneons, 4 Violins",,,,
Juan D'Arienzo,Orquesta Típica Juan D'Arienzo,1/1/1946,Fuegos Artificiales,,Tango,Instrumental,Víctor,78rpm,,,"Roberto Firpo, Eduardo Arolas",,,45-50 Salamanca + 6 Bandoneons,Fuegos Artificiales,,,Fulvio Salamanca,Olindo Sinibaldi,"Héctor Varela, Eladio Blanco, Alberto San Miguel, José Di Pilato, Jorge Ceriotti, Salvador Alonso","Cayetano Puglisi, Blas Pensato, Jaime Ferrer, Clemente Arnáiz","Piano, Bass, 6 Bandoneons, 4 Violins",,,,
Juan D'Arienzo,Orquesta Típica Juan D'Arienzo,3/6/1946,Con Alma de Tango,,Tango,Armando Laborde,Víctor,78rpm,82020,60-0896A,Juan D'Arienzo,Carlos Waiss,,45-50 Salamanca + 6 Bandoneons,Con Alma de Tango,2,,Fulvio Salamanca,Olindo Sinibaldi,"Héctor Varela, Eladio Blanco, Alberto San Miguel, José Di Pilato, Jorge Ceriotti, Salvador Alonso","Cayetano Puglisi, Blas Pensato, Jaime Ferrer, Clemente Arnáiz","Piano, Bass, 6 Bandoneons, 4 Violins",,,,
Juan D'Arienzo,Orquesta Típica Juan D'Arienzo,3/6/1946,Don Goyo,,Tango,Instrumental,Víctor,78rpm,82024,60-0935B,Luis Bernstein,,,45-50 Salamanca + 6 Bandoneons,Don Goyo,2,,Fulvio Salamanca,Olindo Sinibaldi,"Héctor Varela, Eladio Blanco, Alberto San Miguel, José Di Pilato, Jorge Ceriotti, Salvador Alonso","Cayetano Puglisi, Blas Pensato, Jaime Ferrer, Clemente Arnáiz","Piano, Bass, 6 Bandoneons, 4 Violins",,,,
Juan D'Arienzo,Orquesta Típica Juan D'Arienzo,3/6/1946,La Espuela,,Milonga,Instrumental,Víctor,78rpm,82022,60-0897B,Elsa Guidini,,,45-50 Salamanca + 6 Bandoneons,La Espuela,3,,Fulvio Salamanca,Olindo Sinibaldi,"Héctor Varela, Eladio Blanco, Alberto San Miguel, José Di Pilato, Jorge Ceriotti, Salvador Alonso","Cayetano Puglisi, Blas Pensato, Jaime Ferrer, Clemente Arnáiz","Piano, Bass, 6 Bandoneons, 4 Violins",,,,
Juan D'Arienzo,Orquesta Típica Juan D'Arienzo,3/6/1946,Te Espero en Rodríguez Peña,,Tango,Alberto Echagüe,Víctor,78rpm,82023,60-0897A,Héctor Varela,Carlos Waiss,,45-50 Salamanca + 6 Bandoneons,Te Espero en Rodríguez Peña,2,,Fulvio Salamanca,Olindo Sinibaldi,"Héctor Varela, Eladio Blanco, Alberto San Miguel, José Di Pilato, Jorge Ceriotti, Salvador Alonso","Cayetano Puglisi, Blas Pensato, Jaime Ferrer, Clemente Arnáiz","Piano, Bass, 6 Bandoneons, 4 Violins",,,,
Juan D'Arienzo,Orquesta Típica Juan D'Arienzo,3/6/1946,Tendrás Que Llorar,,Vals,Echagüe Y Laborde,Víctor,78rpm,82021,60-0896B,Cristino Tapia,Cristino Tapia,,45-50 Salamanca + 6 Bandoneons,Tendrás Que Llorar,2,,Fulvio Salamanca,Olindo Sinibaldi,"Héctor Varela, Eladio Blanco, Alberto San Miguel, José Di Pilato, Jorge Ceriotti, Salvador Alonso","Cayetano Puglisi, Blas Pensato, Jaime Ferrer, Clemente Arnáiz","Piano, Bass, 6 Bandoneons, 4 Violins",,,,
Juan D'Arienzo,Orquesta Típica Juan D'Arienzo,5/3/1946,Lo Mismo Que Ayer,,Vals,Echagüe Y Laborde,Víctor,78rpm,82105,60-0935A,"Juan D'Arienzo, Héctor Varela","Juan D'Arienzo, Héctor Varela",,45-50 Salamanca + 6 Bandoneons,Lo Mismo Que Ayer,2,,Fulvio Salamanca,Olindo Sinibaldi,"Héctor Varela, Eladio Blanco, Alberto San Miguel, José Di Pilato, Jorge Ceriotti, Salvador Alonso","Cayetano Puglisi, Blas Pensato, Jaime Ferrer, Clemente Arnáiz","Piano, Bass, 6 Bandoneons, 4 Violins",,,,
Juan D'Arienzo,Orquesta Típica Juan D'Arienzo,5/3/1946,Pan Comido,,Tango,Alberto Echagüe,Víctor,78rpm,82106,60-0936A,Ismael Gómez,Enrique Dizeo,,45-50 Salamanca + 6 Bandoneons,Pan Comido,2,,Fulvio Salamanca,Olindo Sinibaldi,"Héctor Varela, Eladio Blanco, Alberto San Miguel, José Di Pilato, Jorge Ceriotti, Salvador Alonso","Cayetano Puglisi, Blas Pensato, Jaime Ferrer, Clemente Arnáiz","Piano, Bass, 6 Bandoneons, 4 Violins",,,,
Juan D'Arienzo,Orquesta Típica Juan D'Arienzo,5/3/1946,Siete Leguas,,Tango,Armando Laborde,Víctor,78rpm,82107,60-0936B,Teófilo Lespés,Carlos Waiss,,45-50 Salamanca + 6 Bandoneons,Siete Leguas,2,,Fulvio Salamanca,Olindo Sinibaldi,"Héctor Varela, Eladio Blanco, Alberto San Miguel, José Di Pilato, Jorge Ceriotti, Salvador Alonso","Cayetano Puglisi, Blas Pensato, Jaime Ferrer, Clemente Arnáiz","Piano, Bass, 6 Bandoneons, 4 Violins",,,,
Juan D'Arienzo,Orquesta Típica Juan D'Arienzo,8/26/1946,Chaparrón,,Milonga,Alberto Echagüe,Víctor,78rpm,82302,60-1029A,Pintín Castellanos,Francisco Jiménez,,45-50 Salamanca + 6 Bandoneons,Chaparrón,2,,Fulvio Salamanca,Olindo Sinibaldi,"Héctor Varela, Eladio Blanco, Alberto San Miguel, José Di Pilato, Jorge Ceriotti, Salvador Alonso","Cayetano Puglisi, Blas Pensato, Jaime Ferrer, Clemente Arnáiz","Piano, Bass, 6 Bandoneons, 4 Violins",,,,
Juan D'Arienzo,Orquesta Típica Juan D'Arienzo,8/26/1946,Condesita,,Tango,Armando Laborde,Víctor,78rpm,82301,60-1028A,Onofrio Venditti,Mario Battistella,,45-50 Salamanca + 6 Bandoneons,Condesita,2,,Fulvio Salamanca,Olindo Sinibaldi,"Héctor Varela, Eladio Blanco, Alberto San Miguel, José Di Pilato, Jorge Ceriotti, Salvador Alonso","Cayetano Puglisi, Blas Pensato, Jaime Ferrer, Clemente Arnáiz","Piano, Bass, 6 Bandoneons, 4 Violins",,,,
Juan D'Arienzo,Orquesta Típica Juan D'Arienzo,8/26/1946,Desde Aquella Noche,,Tango,Armando Laborde,Víctor,78rpm,82303-1,60-1029B,Fulvio Salamanca,Carlos Bahr,,45-50 Salamanca + 6 Bandoneons,Desde Aquella Noche,3,,Fulvio Salamanca,Olindo Sinibaldi,"Héctor Varela, Eladio Blanco, Alberto San Miguel, José Di Pilato, Jorge Ceriotti, Salvador Alonso","Cayetano Puglisi, Blas Pensato, Jaime Ferrer, Clemente Arnáiz","Piano, Bass, 6 Bandoneons, 4 Violins",,,,
Juan D'Arienzo,Orquesta Típica Juan D'Arienzo,8/26/1946,El Entrerriano,,Tango,Instrumental,Víctor,78rpm,82300,60-1028B,Anselmo Mendizábal,Ernesto Temes,,45-50 Salamanca + 6 Bandoneons,El Entrerriano,2,,Fulvio Salamanca,Olindo Sinibaldi,"Héctor Varela, Eladio Blanco, Alberto San Miguel, José Di Pilato, Jorge Ceriotti, Salvador Alonso","Cayetano Puglisi, Blas Pensato, Jaime Ferrer, Clemente Arnáiz","Piano, Bass, 6 Bandoneons, 4 Violins",,,,
Juan D'Arienzo,Orquesta Típica Juan D'Arienzo,8/26/1946,Me Grita el Corazón,,Tango,Armando Laborde,Víctor,78rpm,82305,60-1030A,"Miguel Bonano, Mario Landi",Roberto Miró,,45-50 Salamanca + 6 Bandoneons,Me Grita el Corazón,2,,Fulvio Salamanca,Olindo Sinibaldi,"Héctor Varela, Eladio Blanco, Alberto San Miguel, José Di Pilato, Jorge Ceriotti, Salvador Alonso","Cayetano Puglisi, Blas Pensato, Jaime Ferrer, Clemente Arnáiz","Piano, Bass, 6 Bandoneons, 4 Violins",,,,
Juan D'Arienzo,Orquesta Típica Juan D'Arienzo,8/26/1946,No Tienes Corazón,,Vals,Armando Laborde,Víctor,78rpm,82304,60-1030B,"Alberto Tavarozzi, Nicolás Vaccaro",Santiago Adamini,,45-50 Salamanca + 6 Bandoneons,No Tienes Corazón,2,,Fulvio Salamanca,Olindo Sinibaldi,"Héctor Varela, Eladio Blanco, Alberto San Miguel, José Di Pilato, Jorge Ceriotti, Salvador Alonso","Cayetano Puglisi, Blas Pensato, Jaime Ferrer, Clemente Arnáiz","Piano, Bass, 6 Bandoneons, 4 Violins",,,,
Juan D'Arienzo,Orquesta Típica Juan D'Arienzo,10/18/1946,Con Todo Mi Corazón,,Tango,Alberto Echagüe,Víctor,78rpm,BAVE-082405,Victor (Argentina) 60-1078-A,Ángel Condercuri,Reinaldo Yiso,,45-50 Salamanca + 6 Bandoneons,Con Todo Mi Corazón,3,,Fulvio Salamanca,Olindo Sinibaldi,"Héctor Varela, Eladio Blanco, Alberto San Miguel, José Di Pilato, Jorge Ceriotti, Salvador Alonso","Cayetano Puglisi, Blas Pensato, Jaime Ferrer, Clemente Arnáiz","Piano, Bass, 6 Bandoneons, 4 Violins",,,,
Juan D'Arienzo,Orquesta Típica Juan D'Arienzo,10/18/1946,Loca,,Tango,Instrumental,Víctor,78rpm,82406,60-1078B,Manuel Jovés,Antonio Viérgol,,45-50 Salamanca + 6 Bandoneons,Loca,3,,Fulvio Salamanca,Olindo Sinibaldi,"Héctor Varela, Eladio Blanco, Alberto San Miguel, José Di Pilato, Jorge Ceriotti, Salvador Alonso","Cayetano Puglisi, Blas Pensato, Jaime Ferrer, Clemente Arnáiz","Piano, Bass, 6 Bandoneons, 4 Violins",,,,
Juan D'Arienzo,Orquesta Típica Juan D'Arienzo,10/18/1946,Sábado Inglés,,Tango,Instrumental,Víctor,78rpm,82403,60-1079B,Lalo Echegoncelay,Héctor Sapelli,,45-50 Salamanca + 6 Bandoneons,Sábado Inglés,3,,Fulvio Salamanca,Olindo Sinibaldi,"Héctor Varela, Eladio Blanco, Alberto San Miguel, José Di Pilato, Jorge Ceriotti, Salvador Alonso","Cayetano Puglisi, Blas Pensato, Jaime Ferrer, Clemente Arnáiz","Piano, Bass, 6 Bandoneons, 4 Violins",,,,
Juan D'Arienzo,Orquesta Típica Juan D'Arienzo,10/18/1946,Sin Amor,,Tango,Armando Laborde,Víctor,78rpm,BAVE-082404,Victor (Argentina) 60-1079-A,Juan Maglio,Eugenio Cárdenas,,45-50 Salamanca + 6 Bandoneons,Sin Amor,2,,Fulvio Salamanca,Olindo Sinibaldi,"Héctor Varela, Eladio Blanco, Alberto San Miguel, José Di Pilato, Jorge Ceriotti, Salvador Alonso","Cayetano Puglisi, Blas Pensato, Jaime Ferrer, Clemente Arnáiz","Piano, Bass, 6 Bandoneons, 4 Violins",,,,
Juan D'Arienzo,Orquesta Típica Juan D'Arienzo,10/30/1946,La Canción de Mis Tristeza,,Tango,Armando Laborde,Víctor,78rpm,82440,60-1104A,Juan Gorio,Horacio Sanguinetti,,45-50 Salamanca + 6 Bandoneons,La Canción de Mis Tristeza,2,,Fulvio Salamanca,Olindo Sinibaldi,"Héctor Varela, Eladio Blanco, Alberto San Miguel, José Di Pilato, Jorge Ceriotti, Salvador Alonso","Cayetano Puglisi, Blas Pensato, Jaime Ferrer, Clemente Arnáiz","Piano, Bass, 6 Bandoneons, 4 Violins",,,,
Juan D'Arienzo,Orquesta Típica Juan D'Arienzo,10/30/1946,Tiene Razón Amigazo,,Tango,Alberto Echagüe,Víctor,78rpm,82439,60-1104B,Alfredo Calabró,Enrique Dizeo,,45-50 Salamanca + 6 Bandoneons,Tiene Razón Amigazo,2,,Fulvio Salamanca,Olindo Sinibaldi,"Héctor Varela, Eladio Blanco, Alberto San Miguel, José Di Pilato, Jorge Ceriotti, Salvador Alonso","Cayetano Puglisi, Blas Pensato, Jaime Ferrer, Clemente Arnáiz","Piano, Bass, 6 Bandoneons, 4 Violins",,,,
Juan D'Arienzo,Orquesta Típica Juan D'Arienzo,12/6/1946,Calandria Pampa,,Milonga,Alberto Echagüe,Víctor,78rpm,82523-1,60-1151B / 68-0973B,Miguel Famá,Guillermo Medina,,45-50 Salamanca + 6 Bandoneons,Calandria Pampa,2,,Fulvio Salamanca,Olindo Sinibaldi,"Héctor Varela, Eladio Blanco, Alberto San Miguel, José Di Pilato, Jorge Ceriotti, Salvador Alonso","Cayetano Puglisi, Blas Pensato, Jaime Ferrer, Clemente Arnáiz","Piano, Bass, 6 Bandoneons, 4 Violins",,,,
Juan D'Arienzo,Orquesta Típica Juan D'Arienzo,12/6/1946,Esta Noche Me Emborracho,,Tango,Alberto Echagüe,Víctor,78rpm,82524-1,68-0538A,Enrique Discépolo,Enrique Discépolo,,45-50 Salamanca + 6 Bandoneons,Esta Noche Me Emborracho,4,,Fulvio Salamanca,Olindo Sinibaldi,"Héctor Varela, Eladio Blanco, Alberto San Miguel, José Di Pilato, Jorge Ceriotti, Salvador Alonso","Cayetano Puglisi, Blas Pensato, Jaime Ferrer, Clemente Arnáiz","Piano, Bass, 6 Bandoneons, 4 Violins",,,,
Juan D'Arienzo,Orquesta Típica Juan D'Arienzo,12/6/1946,Yo No Sé Llorar,,Tango,Echagüe Y Laborde,Víctor,78rpm,82522-1,60-1151A,Joaquín Reyes,Celedonio Flores,,45-50 Salamanca + 6 Bandoneons,Yo No Sé Llorar,2,,Fulvio Salamanca,Olindo Sinibaldi,"Héctor Varela, Eladio Blanco, Alberto San Miguel, José Di Pilato, Jorge Ceriotti, Salvador Alonso","Cayetano Puglisi, Blas Pensato, Jaime Ferrer, Clemente Arnáiz","Piano, Bass, 6 Bandoneons, 4 Violins",,,,
Juan D'Arienzo,Orquesta Típica Juan D'Arienzo,12/23/1946,El Tarta,,Tango,Alberto Echagüe,Víctor,78rpm,82557,60-1163A / RCA Victor Uruguay 68-0229A,José Rizzuti,Emilio Fresedo,,45-50 Salamanca + 6 Bandoneons,El Tarta,2,,Fulvio Salamanca,Olindo Sinibaldi,"Héctor Varela, Eladio Blanco, Alberto San Miguel, José Di Pilato, Jorge Ceriotti, Salvador Alonso","Cayetano Puglisi, Blas Pensato, Jaime Ferrer, Clemente Arnáiz","Piano, Bass, 6 Bandoneons, 4 Violins",EP,El Rey Juan D'Arienzo y Alberto Echague,B,
Juan D'Arienzo,Orquesta Típica Juan D'Arienzo,12/23/1946,Se Apagó una Estrella,,Vals,Armando Laborde,Víctor,78rpm,82558,60-1163B / RCA Victor Uruguay 68-0229B,"Guillermo Yorio, Emilio Pellejero, José Santanero","Guillermo Yorio, Emilio Pellejero, José Santanero",,45-50 Salamanca + 6 Bandoneons,Se Apagó una Estrella,2,,Fulvio Salamanca,Olindo Sinibaldi,"Héctor Varela, Eladio Blanco, Alberto San Miguel, José Di Pilato, Jorge Ceriotti, Salvador Alonso","Cayetano Puglisi, Blas Pensato, Jaime Ferrer, Clemente Arnáiz","Piano, Bass, 6 Bandoneons, 4 Violins",,,,
Juan D'Arienzo,Orquesta Típica Juan D'Arienzo,2/27/1947,Triste Soledad,,Tango,Armando Laborde,Víctor,78rpm,83298,60-1244A,Fernando Fernández,Roberto Caldas,,45-50 Salamanca + 6 Bandoneons,Triste Soledad,2,,Fulvio Salamanca,Olindo Sinibaldi,"Héctor Varela, Eladio Blanco, Alberto San Miguel, José Di Pilato, Jorge Ceriotti, Salvador Alonso","Cayetano Puglisi, Blas Pensato, Jaime Ferrer, Clemente Arnáiz","Piano, Bass, 6 Bandoneons, 4 Violins",,,,
Juan D'Arienzo,Orquesta Típica Juan D'Arienzo,4/30/1947,Lágrimas,,Tango,Instrumental,Víctor,78rpm,83390,60-1293B,Eduardo Arolas,Héctor Polito,,45-50 Salamanca + 6 Bandoneons,Lágrimas,3,,Fulvio Salamanca,Olindo Sinibaldi,"Héctor Varela, Eladio Blanco, Alberto San Miguel, José Di Pilato, Jorge Ceriotti, Salvador Alonso","Cayetano Puglisi, Blas Pensato, Jaime Ferrer, Clemente Arnáiz","Piano, Bass, 6 Bandoneons, 4 Violins",,,,
Juan D'Arienzo,Orquesta Típica Juan D'Arienzo,4/30/1947,Y Entonces Lloraras,,Tango,Armando Laborde,Víctor,78rpm,83391,60-1293A,Héctor Varela,Carlos Waiss,,45-50 Salamanca + 6 Bandoneons,Y Entonces Lloraras,2,,Fulvio Salamanca,Olindo Sinibaldi,"Héctor Varela, Eladio Blanco, Alberto San Miguel, José Di Pilato, Jorge Ceriotti, Salvador Alonso","Cayetano Puglisi, Blas Pensato, Jaime Ferrer, Clemente Arnáiz","Piano, Bass, 6 Bandoneons, 4 Violins",,,,
Juan D'Arienzo,Orquesta Típica Juan D'Arienzo,5/13/1947,Dos Amores,,Tango,Armando Laborde,Víctor,78rpm,83420,60-1331A,Antonio Sureda,Gerónimo Sureda,,45-50 Salamanca + 6 Bandoneons,Dos Amores,2,,Fulvio Salamanca,Olindo Sinibaldi,"Héctor Varela, Eladio Blanco, Alberto San Miguel, José Di Pilato, Jorge Ceriotti, Salvador Alonso","Cayetano Puglisi, Blas Pensato, Jaime Ferrer, Clemente Arnáiz","Piano, Bass, 6 Bandoneons, 4 Violins",,,,
Juan D'Arienzo,Orquesta Típica Juan D'Arienzo,5/13/1947,La Guitarrita,,Tango,Instrumental,Víctor,78rpm,83421,60-1330B,Eduardo Arolas,Gabriel Clausi,,45-50 Salamanca + 6 Bandoneons,La Guitarrita,2,,Fulvio Salamanca,Olindo Sinibaldi,"Héctor Varela, Eladio Blanco, Alberto San Miguel, José Di Pilato, Jorge Ceriotti, Salvador Alonso","Cayetano Puglisi, Blas Pensato, Jaime Ferrer, Clemente Arnáiz","Piano, Bass, 6 Bandoneons, 4 Violins",,,,
Juan D'Arienzo,Orquesta Típica Juan D'Arienzo,5/20/1947,El Penado Catorce,El Penado 14,Tango,Alberto Echagüe,Víctor,78rpm,83438,60-1330A / 68-0541A,"Agustín Magaldi, Pedro Noda",Carlos Pesce,,45-50 Salamanca + 6 Bandoneons,El Penado Catorce,3,,Fulvio Salamanca,Olindo Sinibaldi,"Héctor Varela, Eladio Blanco, Alberto San Miguel, José Di Pilato, Jorge Ceriotti, Salvador Alonso","Cayetano Puglisi, Blas Pensato, Jaime Ferrer, Clemente Arnáiz","Piano, Bass, 6 Bandoneons, 4 Violins",,,,
Juan D'Arienzo,Orquesta Típica Juan D'Arienzo,5/20/1947,El Pollo Ricardo,,Tango,Instrumental,Víctor,78rpm,83439,60-1331B,Luis Fernández,Luis Fernández,,45-50 Salamanca + 6 Bandoneons,El Pollo Ricardo,2,,Fulvio Salamanca,Olindo Sinibaldi,"Héctor Varela, Eladio Blanco, Alberto San Miguel, José Di Pilato, Jorge Ceriotti, Salvador Alonso","Cayetano Puglisi, Blas Pensato, Jaime Ferrer, Clemente Arnáiz","Piano, Bass, 6 Bandoneons, 4 Violins",EP,De La Guardia Vieja,B,
Juan D'Arienzo,Orquesta Típica Juan D'Arienzo,6/19/1947,Cambalache,,Tango,Alberto Echagüe,Víctor,78rpm,83503,60-1359A,Enrique Discépolo,Enrique Discépolo,,45-50 Salamanca + 6 Bandoneons,Cambalache,3,,Fulvio Salamanca,Olindo Sinibaldi,"Héctor Varela, Eladio Blanco, Alberto San Miguel, José Di Pilato, Jorge Ceriotti, Salvador Alonso","Cayetano Puglisi, Blas Pensato, Jaime Ferrer, Clemente Arnáiz","Piano, Bass, 6 Bandoneons, 4 Violins",,,,
Juan D'Arienzo,Orquesta Típica Juan D'Arienzo,6/19/1947,Por Dos Caminos,,Milonga,Echagüe Y Laborde,Víctor,78rpm,83502,60-1359B,"Antonio Lista, Carlos Waiss","Antonio Lista, Carlos Waiss",,45-50 Salamanca + 6 Bandoneons,Por Dos Caminos,2,,Fulvio Salamanca,Olindo Sinibaldi,"Héctor Varela, Eladio Blanco, Alberto San Miguel, José Di Pilato, Jorge Ceriotti, Salvador Alonso","Cayetano Puglisi, Blas Pensato, Jaime Ferrer, Clemente Arnáiz","Piano, Bass, 6 Bandoneons, 4 Violins",,,,
Juan D'Arienzo,Orquesta Típica Juan D'Arienzo,8/8/1947,Cartón Junao,,Tango,Alberto Echagüe,Víctor,78rpm,83578,60-1405A,"Juan D'Arienzo, Héctor Varela",Carlos Waiss,,45-50 Salamanca + 6 Bandoneons,Cartón Junao,3,,Fulvio Salamanca,Olindo Sinibaldi,"Héctor Varela, Eladio Blanco, Alberto San Miguel, José Di Pilato, Jorge Ceriotti, Salvador Alonso","Cayetano Puglisi, Blas Pensato, Jaime Ferrer, Clemente Arnáiz","Piano, Bass, 6 Bandoneons, 4 Violins",,,,
Juan D'Arienzo,Orquesta Típica Juan D'Arienzo,8/8/1947,Rawson,,Tango,Instrumental,Víctor,78rpm,083579,Victor (Argentina) 60-1405-B,Eduardo Arolas,Gabriel Clausi,,45-50 Salamanca + 6 Bandoneons,Rawson,2,,Fulvio Salamanca,Olindo Sinibaldi,"Héctor Varela, Eladio Blanco, Alberto San Miguel, José Di Pilato, Jorge Ceriotti, Salvador Alonso","Cayetano Puglisi, Blas Pensato, Jaime Ferrer, Clemente Arnáiz","Piano, Bass, 6 Bandoneons, 4 Violins",,,,
Juan D'Arienzo,Orquesta Típica Juan D'Arienzo,9/17/1947,Dios Te Salve M' Hijo,,Tango,Armando Laborde,Víctor,78rpm,BAVE-083641,Victor (Argentina) 60-1433-A,"Agustín Magaldi, Pedro Noda",Luis García,,45-50 Salamanca + 6 Bandoneons,Dios Te Salve M' Hijo,2,,Fulvio Salamanca,Olindo Sinibaldi,"Héctor Varela, Eladio Blanco, Alberto San Miguel, José Di Pilato, Jorge Ceriotti, Salvador Alonso","Cayetano Puglisi, Blas Pensato, Jaime Ferrer, Clemente Arnáiz","Piano, Bass, 6 Bandoneons, 4 Violins",,,,
Juan D'Arienzo,Orquesta Típica Juan D'Arienzo,9/17/1947,Muchachita del Recuerdo,,Tango,Armando Laborde,Víctor,78rpm,BAVE-083640,Victor (Argentina) 60-1433-B,"Cayetano Puglisi, Ernesto De La Cruz",Carlos Marín,,45-50 Salamanca + 6 Bandoneons,Muchachita del Recuerdo,2,,Fulvio Salamanca,Olindo Sinibaldi,"Héctor Varela, Eladio Blanco, Alberto San Miguel, José Di Pilato, Jorge Ceriotti, Salvador Alonso","Cayetano Puglisi, Blas Pensato, Jaime Ferrer, Clemente Arnáiz","Piano, Bass, 6 Bandoneons, 4 Violins",,,,
Juan D'Arienzo,Orquesta Típica Juan D'Arienzo,12/17/1947,Campeona,No Me Engañes,Milonga,Instrumental,Víctor,78rpm,83791,60-1516B,Josefina Caprario,,,45-50 Salamanca + 6 Bandoneons,Campeona,2,,Fulvio Salamanca,Olindo Sinibaldi,"Héctor Varela, Eladio Blanco, Alberto San Miguel, José Di Pilato, Jorge Ceriotti, Salvador Alonso","Cayetano Puglisi, Blas Pensato, Jaime Ferrer, Clemente Arnáiz","Piano, Bass, 6 Bandoneons, 4 Violins",,,,
Juan D'Arienzo,Orquesta Típica Juan D'Arienzo,12/17/1947,Contra Luz,,Tango,Instrumental,Víctor,78rpm,83790,60-1518A / 23-0964A,Horacio Susena,,,45-50 Salamanca + 6 Bandoneons,Contra Luz,2,,Fulvio Salamanca,Olindo Sinibaldi,"Héctor Varela, Eladio Blanco, Alberto San Miguel, José Di Pilato, Jorge Ceriotti, Salvador Alonso","Cayetano Puglisi, Blas Pensato, Jaime Ferrer, Clemente Arnáiz","Piano, Bass, 6 Bandoneons, 4 Violins",EP,El Huracan Derecho Viejo Fuegos Artificiales Contra Luz,B,
Juan D'Arienzo,Orquesta Típica Juan D'Arienzo,12/17/1947,Dale Dale Caballito,,Milonga,Armando Laborde,Víctor,78rpm,83788,60-1518B / 23-0964B,Fulvio Salamanca,Carlos Bahr,,45-50 Salamanca + 6 Bandoneons,Dale Dale Caballito,2,,Fulvio Salamanca,Olindo Sinibaldi,"Héctor Varela, Eladio Blanco, Alberto San Miguel, José Di Pilato, Jorge Ceriotti, Salvador Alonso","Cayetano Puglisi, Blas Pensato, Jaime Ferrer, Clemente Arnáiz","Piano, Bass, 6 Bandoneons, 4 Violins",,,,
Juan D'Arienzo,Orquesta Típica Juan D'Arienzo,12/17/1947,Don Horacio,,Tango,Instrumental,Víctor,78rpm,83786,60-1517A,Pintín Castellanos,,,45-50 Salamanca + 6 Bandoneons,Don Horacio,2,,Fulvio Salamanca,Olindo Sinibaldi,"Héctor Varela, Eladio Blanco, Alberto San Miguel, José Di Pilato, Jorge Ceriotti, Salvador Alonso","Cayetano Puglisi, Blas Pensato, Jaime Ferrer, Clemente Arnáiz","Piano, Bass, 6 Bandoneons, 4 Violins",,,,
Juan D'Arienzo,Orquesta Típica Juan D'Arienzo,12/17/1947,El Viento Me Cuenta Cosas,,Milonga,Echagüe Y Laborde,Víctor,78rpm,83789,60-1517B,Miguel Bucino,Miguel Bucino,,45-50 Salamanca + 6 Bandoneons,El Viento Me Cuenta Cosas,2,,Fulvio Salamanca,Olindo Sinibaldi,"Héctor Varela, Eladio Blanco, Alberto San Miguel, José Di Pilato, Jorge Ceriotti, Salvador Alonso","Cayetano Puglisi, Blas Pensato, Jaime Ferrer, Clemente Arnáiz","Piano, Bass, 6 Bandoneons, 4 Violins",,,,
Juan D'Arienzo,Orquesta Típica Juan D'Arienzo,12/17/1947,Lenguas de Fuego,,Tango,Armando Laborde,Víctor,78rpm,83787,60-1516A,"Juan D'Arienzo, Héctor Varela",Carlos Waiss,,45-50 Salamanca + 6 Bandoneons,Lenguas de Fuego,2,,Fulvio Salamanca,Olindo Sinibaldi,"Héctor Varela, Eladio Blanco, Alberto San Miguel, José Di Pilato, Jorge Ceriotti, Salvador Alonso","Cayetano Puglisi, Blas Pensato, Jaime Ferrer, Clemente Arnáiz","Piano, Bass, 6 Bandoneons, 4 Violins",,,,
Juan D'Arienzo,Orquesta Típica Juan D'Arienzo,12/23/1947,Felicia,,Tango,Instrumental,Víctor,78rpm,83801,60-1519B,Enrique Saborido,Carlos Pacheco,,45-50 Salamanca + 6 Bandoneons,Felicia,3,,Fulvio Salamanca,Olindo Sinibaldi,"Héctor Varela, Eladio Blanco, Alberto San Miguel, José Di Pilato, Jorge Ceriotti, Salvador Alonso","Cayetano Puglisi, Blas Pensato, Jaime Ferrer, Clemente Arnáiz","Piano, Bass, 6 Bandoneons, 4 Violins",,,,
Juan D'Arienzo,Orquesta Típica Juan D'Arienzo,12/23/1947,Ladron de Sueños,,Tango,Armando Laborde,Víctor,78rpm,83800,60-1519A,Juancito Díaz,Héctor Marcó,,45-50 Salamanca + 6 Bandoneons,Ladron de Sueños,2,,Fulvio Salamanca,Olindo Sinibaldi,"Héctor Varela, Eladio Blanco, Alberto San Miguel, José Di Pilato, Jorge Ceriotti, Salvador Alonso","Cayetano Puglisi, Blas Pensato, Jaime Ferrer, Clemente Arnáiz","Piano, Bass, 6 Bandoneons, 4 Violins",,,,
Juan D'Arienzo,Orquesta Típica Juan D'Arienzo,2/18/1948,Hotel Victoria,Gran Hotel Victoria,Tango,Instrumental,Víctor,78rpm,83843-1,60-1554A,Feliciano Latasa,Carlos Pesce,,45-50 Salamanca + 6 Bandoneons,Hotel Victoria,3,,Fulvio Salamanca,Olindo Sinibaldi,"Héctor Varela, Eladio Blanco, Alberto San Miguel, José Di Pilato, Jorge Ceriotti, Salvador Alonso","Cayetano Puglisi, Blas Pensato, Jaime Ferrer, Clemente Arnáiz","Piano, Bass, 6 Bandoneons, 4 Violins",EP,Juan D’Arienzo En Estereo,B,
Juan D'Arienzo,Orquesta Típica Juan D'Arienzo,2/18/1948,Olga,,Vals,Instrumental,Víctor,78rpm,83842-1,60-1554B,Francisco Peña,,,45-50 Salamanca + 6 Bandoneons,Olga,2,,Fulvio Salamanca,Olindo Sinibaldi,"Héctor Varela, Eladio Blanco, Alberto San Miguel, José Di Pilato, Jorge Ceriotti, Salvador Alonso","Cayetano Puglisi, Blas Pensato, Jaime Ferrer, Clemente Arnáiz","Piano, Bass, 6 Bandoneons, 4 Violins",,,,
Juan D'Arienzo,Orquesta Típica Juan D'Arienzo,5/7/1948,El Choclo,,Tango,Instrumental,Víctor,78rpm,83911,60-1591A,Ángel Villoldo,"Juan Catán, Enrique Discépolo",,45-50 Salamanca + 6 Bandoneons,El Choclo,2,,Fulvio Salamanca,Olindo Sinibaldi,"Héctor Varela, Eladio Blanco, Alberto San Miguel, José Di Pilato, Jorge Ceriotti, Salvador Alonso","Cayetano Puglisi, Blas Pensato, Jaime Ferrer, Clemente Arnáiz","Piano, Bass, 6 Bandoneons, 4 Violins",,,,
Juan D'Arienzo,Orquesta Típica Juan D'Arienzo,5/7/1948,El Raje,,Milonga,Alberto Echagüe,Víctor,78rpm,83912,60-1591B,"Juan D'Arienzo, Héctor Varela",Carlos Waiss,,45-50 Salamanca + 6 Bandoneons,El Raje,2,,Fulvio Salamanca,Olindo Sinibaldi,"Héctor Varela, Eladio Blanco, Alberto San Miguel, José Di Pilato, Jorge Ceriotti, Salvador Alonso","Cayetano Puglisi, Blas Pensato, Jaime Ferrer, Clemente Arnáiz","Piano, Bass, 6 Bandoneons, 4 Violins",,,,
Juan D'Arienzo,Orquesta Típica Juan D'Arienzo,5/7/1948,Una y Mil Noches,,Tango,Armando Laborde,Víctor,78rpm,83910,60-1629A / 68-1714B,"Alberto Miguel, Orestes Cúfaro",Carlos Bahr,,45-50 Salamanca + 6 Bandoneons,Una y Mil Noches,2,,Fulvio Salamanca,Olindo Sinibaldi,"Héctor Varela, Eladio Blanco, Alberto San Miguel, José Di Pilato, Jorge Ceriotti, Salvador Alonso","Cayetano Puglisi, Blas Pensato, Jaime Ferrer, Clemente Arnáiz","Piano, Bass, 6 Bandoneons, 4 Violins",,,,
Juan D'Arienzo,Orquesta Típica Juan D'Arienzo,6/15/1948,Barajando,,Tango,Alberto Echagüe,Víctor,78rpm,83965,60-1629B,Nicolás Vaccaro,Eduardo Méndez,,45-50 Salamanca + 6 Bandoneons,Barajando,3,,Fulvio Salamanca,Olindo Sinibaldi,"Héctor Varela, Eladio Blanco, Alberto San Miguel, José Di Pilato, Jorge Ceriotti, Salvador Alonso","Cayetano Puglisi, Blas Pensato, Jaime Ferrer, Clemente Arnáiz","Piano, Bass, 6 Bandoneons, 4 Violins",,,,
Juan D'Arienzo,Orquesta Típica Juan D'Arienzo,6/15/1948,Don Juan,Mozos Guapos,Tango,Instrumental,Víctor,78rpm,83967,60-1628B,Ernesto Ponzio,Ricardo Podestá,,45-50 Salamanca + 6 Bandoneons,Don Juan,2,,Fulvio Salamanca,Olindo Sinibaldi,"Héctor Varela, Eladio Blanco, Alberto San Miguel, José Di Pilato, Jorge Ceriotti, Salvador Alonso","Cayetano Puglisi, Blas Pensato, Jaime Ferrer, Clemente Arnáiz","Piano, Bass, 6 Bandoneons, 4 Violins",,,,
Juan D'Arienzo,Orquesta Típica Juan D'Arienzo,6/15/1948,Qué Apuro Tengo,,Tango,Alberto Echagüe,Víctor,78rpm,83966,60-1628A / 68-1714,Eladio Blanco,Carlos Bahr,,45-50 Salamanca + 6 Bandoneons,Qué Apuro Tengo,2,,Fulvio Salamanca,Olindo Sinibaldi,"Héctor Varela, Eladio Blanco, Alberto San Miguel, José Di Pilato, Jorge Ceriotti, Salvador Alonso","Cayetano Puglisi, Blas Pensato, Jaime Ferrer, Clemente Arnáiz","Piano, Bass, 6 Bandoneons, 4 Violins",,,,
Juan D'Arienzo,Orquesta Típica Juan D'Arienzo,9/23/1948,Derecho Viejo,,Tango,Instrumental,Víctor,78rpm,91059,60-1683B,Eduardo Arolas,Gabriel Clausi,,45-50 Salamanca + 6 Bandoneons,Derecho Viejo,3,,Fulvio Salamanca,Olindo Sinibaldi,"Héctor Varela, Eladio Blanco, Alberto San Miguel, José Di Pilato, Jorge Ceriotti, Salvador Alonso","Cayetano Puglisi, Blas Pensato, Jaime Ferrer, Clemente Arnáiz","Piano, Bass, 6 Bandoneons, 4 Violins",,,,
Juan D'Arienzo,Orquesta Típica Juan D'Arienzo,9/23/1948,Eterna,,Vals,Alberto Echagüe,Víctor,78rpm,91057,60-1683A,Fulvio Salamanca,Carlos Bahr,,45-50 Salamanca + 6 Bandoneons,Eterna,4,,Fulvio Salamanca,Olindo Sinibaldi,"Héctor Varela, Eladio Blanco, Alberto San Miguel, José Di Pilato, Jorge Ceriotti, Salvador Alonso","Cayetano Puglisi, Blas Pensato, Jaime Ferrer, Clemente Arnáiz","Piano, Bass, 6 Bandoneons, 4 Violins",,,,
Juan D'Arienzo,Orquesta Típica Juan D'Arienzo,9/23/1948,Pampa y Huella,,Tango,Echagüe Y Laborde,Víctor,78rpm,91056,60-1684B,Juan Díaz,Héctor Marcó,,45-50 Salamanca + 6 Bandoneons,Pampa y Huella,3,,Fulvio Salamanca,Olindo Sinibaldi,"Héctor Varela, Eladio Blanco, Alberto San Miguel, José Di Pilato, Jorge Ceriotti, Salvador Alonso","Cayetano Puglisi, Blas Pensato, Jaime Ferrer, Clemente Arnáiz","Piano, Bass, 6 Bandoneons, 4 Violins",,,,
Juan D'Arienzo,Orquesta Típica Juan D'Arienzo,9/23/1948,Pof Pof,,Tango,Instrumental,Víctor,78rpm,91058,60-1684A,Vicente Greco,,,45-50 Salamanca + 6 Bandoneons,Pof Pof,3,,Fulvio Salamanca,Olindo Sinibaldi,"Héctor Varela, Eladio Blanco, Alberto San Miguel, José Di Pilato, Jorge Ceriotti, Salvador Alonso","Cayetano Puglisi, Blas Pensato, Jaime Ferrer, Clemente Arnáiz","Piano, Bass, 6 Bandoneons, 4 Violins",,,,
Juan D'Arienzo,Orquesta Típica Juan D'Arienzo,4/6/1949,Caña,,Tango,Armando Laborde,Víctor,78rpm,BAVE-091281,Victor (Argentina) 60-1787-A,Enrique Mónaco,"Julián Araujo, Enrique Esviza",,45-50 Salamanca + 6 Bandoneons,Caña,2,,Fulvio Salamanca,Olindo Sinibaldi,"Héctor Varela, Eladio Blanco, Alberto San Miguel, José Di Pilato, Jorge Ceriotti, Salvador Alonso","Cayetano Puglisi, Blas Pensato, Jaime Ferrer, Clemente Arnáiz","Piano, Bass, 6 Bandoneons, 4 Violins",,,,
Juan D'Arienzo,Orquesta Típica Juan D'Arienzo,4/6/1949,Chichipía,,Tango,Alberto Echagüe,Víctor,78rpm,91278,60-1788A,"Juan D'Arienzo, Héctor Varela",Carlos Waiss,,45-50 Salamanca + 6 Bandoneons,Chichipía,2,,Fulvio Salamanca,Olindo Sinibaldi,"Héctor Varela, Eladio Blanco, Alberto San Miguel, José Di Pilato, Jorge Ceriotti, Salvador Alonso","Cayetano Puglisi, Blas Pensato, Jaime Ferrer, Clemente Arnáiz","Piano, Bass, 6 Bandoneons, 4 Violins",,,,
Juan D'Arienzo,Orquesta Típica Juan D'Arienzo,4/6/1949,Delfino,,Tango,Instrumental,Víctor,78rpm,BAVE-091282,Victor (Argentina) 60-1787-B,Raúl Peralta,,,45-50 Salamanca + 6 Bandoneons,Delfino,2,,Fulvio Salamanca,Olindo Sinibaldi,"Héctor Varela, Eladio Blanco, Alberto San Miguel, José Di Pilato, Jorge Ceriotti, Salvador Alonso","Cayetano Puglisi, Blas Pensato, Jaime Ferrer, Clemente Arnáiz","Piano, Bass, 6 Bandoneons, 4 Violins",,,,
Juan D'Arienzo,Orquesta Típica Juan D'Arienzo,4/6/1949,La Morocha,,Tango,Instrumental,Víctor,78rpm,91279,60-1788B,Enrique Saborido,Ángel Villoldo,,45-50 Salamanca + 6 Bandoneons,La Morocha,2,,Fulvio Salamanca,Olindo Sinibaldi,"Héctor Varela, Eladio Blanco, Alberto San Miguel, José Di Pilato, Jorge Ceriotti, Salvador Alonso","Cayetano Puglisi, Blas Pensato, Jaime Ferrer, Clemente Arnáiz","Piano, Bass, 6 Bandoneons, 4 Violins",,,,
Juan D'Arienzo,Orquesta Típica Juan D'Arienzo,4/6/1949,La Payanca,,Tango,Instrumental,Víctor,78rpm,91283,60-1789B,Augusto Berto,Jesús Bianco,,45-50 Salamanca + 6 Bandoneons,La Payanca,3,,Fulvio Salamanca,Olindo Sinibaldi,"Héctor Varela, Eladio Blanco, Alberto San Miguel, José Di Pilato, Jorge Ceriotti, Salvador Alonso","Cayetano Puglisi, Blas Pensato, Jaime Ferrer, Clemente Arnáiz","Piano, Bass, 6 Bandoneons, 4 Violins",,,,
Juan D'Arienzo,Orquesta Típica Juan D'Arienzo,4/6/1949,Pampa,,Tango,Instrumental,Víctor,78rpm,BAVE-091285,Victor (Argentina) 60-1790-B,Francisco Pracánico,,,45-50 Salamanca + 6 Bandoneons,Pampa,3,,Fulvio Salamanca,Olindo Sinibaldi,"Héctor Varela, Eladio Blanco, Alberto San Miguel, José Di Pilato, Jorge Ceriotti, Salvador Alonso","Cayetano Puglisi, Blas Pensato, Jaime Ferrer, Clemente Arnáiz","Piano, Bass, 6 Bandoneons, 4 Violins",,,,
Juan D'Arienzo,Orquesta Típica Juan D'Arienzo,4/6/1949,Santa Madrecita,,Tango,Armando Laborde,Víctor,78rpm,91280,60-1789A,"Juan D'Arienzo, Héctor Varela",Carlos Waiss,,45-50 Salamanca + 6 Bandoneons,Santa Madrecita,2,,Fulvio Salamanca,Olindo Sinibaldi,"Héctor Varela, Eladio Blanco, Alberto San Miguel, José Di Pilato, Jorge Ceriotti, Salvador Alonso","Cayetano Puglisi, Blas Pensato, Jaime Ferrer, Clemente Arnáiz","Piano, Bass, 6 Bandoneons, 4 Violins",,,,
Juan D'Arienzo,Orquesta Típica Juan D'Arienzo,4/6/1949,Vencido,,Tango,Alberto Echagüe,Víctor,Micro,91284,60-1790A,Orestes Cúfaro,Héctor Gagliardi,,45-50 Salamanca + 6 Bandoneons,Vencido,2,,Fulvio Salamanca,Olindo Sinibaldi,"Héctor Varela, Eladio Blanco, Alberto San Miguel, José Di Pilato, Jorge Ceriotti, Salvador Alonso","Cayetano Puglisi, Blas Pensato, Jaime Ferrer, Clemente Arnáiz","Piano, Bass, 6 Bandoneons, 4 Violins",,,,
Juan D'Arienzo,Orquesta Típica Juan D'Arienzo,7/26/1949,Farabute,,Tango,Alberto Echagüe,Víctor,Micro,91355,60-1821B,Joaquín Barreiro,Antonio Casciani,,45-50 Salamanca + 6 Bandoneons,Farabute,3,,Fulvio Salamanca,Olindo Sinibaldi,"Héctor Varela, Eladio Blanco, Alberto San Miguel, José Di Pilato, Jorge Ceriotti, Salvador Alonso","Cayetano Puglisi, Blas Pensato, Jaime Ferrer, Clemente Arnáiz","Piano, Bass, 6 Bandoneons, 4 Violins",,,,
Juan D'Arienzo,Orquesta Típica Juan D'Arienzo,7/26/1949,La Maleva,,Tango,Instrumental,Víctor,Micro,91354,60-1821A / AVL-3179A,Antonio Buglione,Mario Pardo,,45-50 Salamanca + 6 Bandoneons,La Maleva,3,,Fulvio Salamanca,Olindo Sinibaldi,"Héctor Varela, Eladio Blanco, Alberto San Miguel, José Di Pilato, Jorge Ceriotti, Salvador Alonso","Cayetano Puglisi, Blas Pensato, Jaime Ferrer, Clemente Arnáiz","Piano, Bass, 6 Bandoneons, 4 Violins",EP,Don Juan,B,
Juan D'Arienzo,Orquesta Típica Juan D'Arienzo,11/24/1949,Amarga Sospecha,,Tango,Armando Laborde,Víctor,Micro,BAVE-091473,Victor (Argentina) 60-1876-A,Fulvio Salamanca,Carlos Bahr,,45-50 Salamanca + 6 Bandoneons,Amarga Sospecha,2,,Fulvio Salamanca,Olindo Sinibaldi,"Héctor Varela, Eladio Blanco, Alberto San Miguel, José Di Pilato, Jorge Ceriotti, Salvador Alonso","Cayetano Puglisi, Blas Pensato, Jaime Ferrer, Clemente Arnáiz","Piano, Bass, 6 Bandoneons, 4 Violins",,,,
Juan D'Arienzo,Orquesta Típica Juan D'Arienzo,11/24/1949,As de Bastos,Rey de Triunfo,Tango,Instrumental,Víctor,Micro,BAVE-091470,Victor (Argentina) 60-1875-B,Luis Caruso,,,45-50 Salamanca + 6 Bandoneons,As de Bastos,2,,Fulvio Salamanca,Olindo Sinibaldi,"Héctor Varela, Eladio Blanco, Alberto San Miguel, José Di Pilato, Jorge Ceriotti, Salvador Alonso","Cayetano Puglisi, Blas Pensato, Jaime Ferrer, Clemente Arnáiz","Piano, Bass, 6 Bandoneons, 4 Violins",EP,El Choclo,A,
Juan D'Arienzo,Orquesta Típica Juan D'Arienzo,11/24/1949,Don Pacífico,,Tango,Instrumental,Víctor,Micro,BAVE-091472,Victor (Argentina) 60-1876-B,Arturo De Bassi,,,45-50 Salamanca + 6 Bandoneons,Don Pacífico,3,,Fulvio Salamanca,Olindo Sinibaldi,"Héctor Varela, Eladio Blanco, Alberto San Miguel, José Di Pilato, Jorge Ceriotti, Salvador Alonso","Cayetano Puglisi, Blas Pensato, Jaime Ferrer, Clemente Arnáiz","Piano, Bass, 6 Bandoneons, 4 Violins",,,,
Juan D'Arienzo,Orquesta Típica Juan D'Arienzo,11/24/1949,La Catrera,,Tango,Instrumental,Víctor,Micro,91474,60-1877B,Arturo De Bassi,,,45-50 Salamanca + 6 Bandoneons,La Catrera,2,,Fulvio Salamanca,Olindo Sinibaldi,"Héctor Varela, Eladio Blanco, Alberto San Miguel, José Di Pilato, Jorge Ceriotti, Salvador Alonso","Cayetano Puglisi, Blas Pensato, Jaime Ferrer, Clemente Arnáiz","Piano, Bass, 6 Bandoneons, 4 Violins",,,,
Juan D'Arienzo,Orquesta Típica Juan D'Arienzo,11/24/1949,Si Yo la Quiero,,Tango,Armando Laborde,Víctor,Micro,91475,60-1877A,José Di Pilato,Carlos Bahr,,45-50 Salamanca + 6 Bandoneons,Si Yo la Quiero,2,,Fulvio Salamanca,Olindo Sinibaldi,"Héctor Varela, Eladio Blanco, Alberto San Miguel, José Di Pilato, Jorge Ceriotti, Salvador Alonso","Cayetano Puglisi, Blas Pensato, Jaime Ferrer, Clemente Arnáiz","Piano, Bass, 6 Bandoneons, 4 Violins",,,,
Juan D'Arienzo,Orquesta Típica Juan D'Arienzo,11/24/1949,Yuyo Brujo,,Tango,Armando Laborde,Víctor,Micro,91471,60-1875A,Benjamín García,Sos Waiss,,45-50 Salamanca + 6 Bandoneons,Yuyo Brujo,3,,Fulvio Salamanca,Olindo Sinibaldi,"Héctor Varela, Eladio Blanco, Alberto San Miguel, José Di Pilato, Jorge Ceriotti, Salvador Alonso","Cayetano Puglisi, Blas Pensato, Jaime Ferrer, Clemente Arnáiz","Piano, Bass, 6 Bandoneons, 4 Violins",,,,
Juan D'Arienzo,Orquesta Típica Juan D'Arienzo,12/19/1949,El Potro,La Rompedora,Milonga,Instrumental,Víctor,Micro,91514,60-1900A,Pintín Castellanos,,,45-50 Salamanca + 6 Bandoneons,El Potro,3,,Fulvio Salamanca,Olindo Sinibaldi,"Héctor Varela, Eladio Blanco, Alberto San Miguel, José Di Pilato, Jorge Ceriotti, Salvador Alonso","Cayetano Puglisi, Blas Pensato, Jaime Ferrer, Clemente Arnáiz","Piano, Bass, 6 Bandoneons, 4 Violins",,,,
Juan D'Arienzo,Orquesta Típica Juan D'Arienzo,12/19/1949,El Rey del Compás,,Tango,Instrumental,Víctor,Micro,91518,60-1899A,Príncipe Cubano,,,45-50 Salamanca + 6 Bandoneons,El Rey del Compás,2,,Fulvio Salamanca,Olindo Sinibaldi,"Héctor Varela, Eladio Blanco, Alberto San Miguel, José Di Pilato, Jorge Ceriotti, Salvador Alonso","Cayetano Puglisi, Blas Pensato, Jaime Ferrer, Clemente Arnáiz","Piano, Bass, 6 Bandoneons, 4 Violins",,,,
Juan D'Arienzo,Orquesta Típica Juan D'Arienzo,12/19/1949,Mi Cariñito,,Vals,Echagüe Y Laborde,Víctor,Micro,91515,60-1899B,Alfredo Ángelis,José Rótulo,,45-50 Salamanca + 6 Bandoneons,Mi Cariñito,2,,Fulvio Salamanca,Olindo Sinibaldi,"Héctor Varela, Eladio Blanco, Alberto San Miguel, José Di Pilato, Jorge Ceriotti, Salvador Alonso","Cayetano Puglisi, Blas Pensato, Jaime Ferrer, Clemente Arnáiz","Piano, Bass, 6 Bandoneons, 4 Violins",,,,
Juan D'Arienzo,Orquesta Típica Juan D'Arienzo,12/19/1949,Nací en Pompeya,,Tango,Alberto Echagüe,Víctor,Micro,91516,60-1900B,Natty Paredes,José Rótulo,,45-50 Salamanca + 6 Bandoneons,Nací en Pompeya,2,,Fulvio Salamanca,Olindo Sinibaldi,"Héctor Varela, Eladio Blanco, Alberto San Miguel, José Di Pilato, Jorge Ceriotti, Salvador Alonso","Cayetano Puglisi, Blas Pensato, Jaime Ferrer, Clemente Arnáiz","Piano, Bass, 6 Bandoneons, 4 Violins",,,,
Juan D'Arienzo,Orquesta Típica Juan D'Arienzo,12/19/1949,Un Cambio Te Viene Bien,,Milonga,Alberto Echagüe,Víctor,Micro,91517,60-1898B,Eladio Blanco,Francisco Marino,,45-50 Salamanca + 6 Bandoneons,Un Cambio Te Viene Bien,2,,Fulvio Salamanca,Olindo Sinibaldi,"Héctor Varela, Eladio Blanco, Alberto San Miguel, José Di Pilato, Jorge Ceriotti, Salvador Alonso","Cayetano Puglisi, Blas Pensato, Jaime Ferrer, Clemente Arnáiz","Piano, Bass, 6 Bandoneons, 4 Violins",,,,
Juan D'Arienzo,Orquesta Típica Juan D'Arienzo,12/19/1949,Unión Cívica,,Tango,Instrumental,Víctor,Micro,91519,60-1898A,Domingo Cruz,,,45-50 Salamanca + 6 Bandoneons,Unión Cívica,2,,Fulvio Salamanca,Olindo Sinibaldi,"Héctor Varela, Eladio Blanco, Alberto San Miguel, José Di Pilato, Jorge Ceriotti, Salvador Alonso","Cayetano Puglisi, Blas Pensato, Jaime Ferrer, Clemente Arnáiz","Piano, Bass, 6 Bandoneons, 4 Violins",,,,
Juan D'Arienzo,Orquesta Típica Juan D'Arienzo,5/5/1950,Bandera Baja,,Milonga,Alberto Echagüe,Víctor,Micro,93679,60-1967A,"Juan D'Arienzo, Héctor Varela",Carlos Waiss,,45-50 Salamanca + 6 Bandoneons,Bandera Baja,2,,Fulvio Salamanca,Olindo Sinibaldi,"Héctor Varela, Eladio Blanco, Alberto San Miguel, José Di Pilato, Jorge Ceriotti, Salvador Alonso","Cayetano Puglisi, Blas Pensato, Jaime Ferrer, Clemente Arnáiz","Piano, Bass, 6 Bandoneons, 4 Violins",,,,
Juan D'Arienzo,Orquesta Típica Juan D'Arienzo,5/5/1950,Bien Pulenta,,Tango,Alberto Echagüe,Víctor,Micro,93678,63-0009A,"Juan D'Arienzo, Héctor Varela",Carlos Waiss,,45-50 Salamanca + 6 Bandoneons,Bien Pulenta,3,,Fulvio Salamanca,Olindo Sinibaldi,"Héctor Varela, Eladio Blanco, Alberto San Miguel, José Di Pilato, Jorge Ceriotti, Salvador Alonso","Cayetano Puglisi, Blas Pensato, Jaime Ferrer, Clemente Arnáiz","Piano, Bass, 6 Bandoneons, 4 Violins",,,,
Juan D'Arienzo,Orquesta Típica Juan D'Arienzo,5/5/1950,Canaro en París,,Tango,Instrumental,Víctor,Micro,93581,Victor (Argentina) 63-0008-B,"Alejandro Scarpino, Juan Caldarella",José Scarpino,,45-50 Salamanca + 6 Bandoneons,Canaro en París,3,,Fulvio Salamanca,Olindo Sinibaldi,"Héctor Varela, Eladio Blanco, Alberto San Miguel, José Di Pilato, Jorge Ceriotti, Salvador Alonso","Cayetano Puglisi, Blas Pensato, Jaime Ferrer, Clemente Arnáiz","Piano, Bass, 6 Bandoneons, 4 Violins",,,,
Juan D'Arienzo,Orquesta Típica Juan D'Arienzo,5/5/1950,Cruz Maidana,,Tango,Armando Laborde,Víctor,Micro,93677-1,63-0008A,"Juan D'Arienzo, Héctor Varela",Carlos Waiss,,45-50 Salamanca + 6 Bandoneons,Cruz Maidana,2,,Fulvio Salamanca,Olindo Sinibaldi,"Héctor Varela, Eladio Blanco, Alberto San Miguel, José Di Pilato, Jorge Ceriotti, Salvador Alonso","Cayetano Puglisi, Blas Pensato, Jaime Ferrer, Clemente Arnáiz","Piano, Bass, 6 Bandoneons, 4 Violins",,,,
Juan D'Arienzo,Orquesta Típica Juan D'Arienzo,5/5/1950,El Internado,,Tango,Instrumental,Víctor,Micro,BAVE-093680,Victor (Argentina) 60-1967-B,Francisco Canaro,,,45-50 Salamanca + 6 Bandoneons,El Internado,3,,Fulvio Salamanca,Olindo Sinibaldi,"Héctor Varela, Eladio Blanco, Alberto San Miguel, José Di Pilato, Jorge Ceriotti, Salvador Alonso","Cayetano Puglisi, Blas Pensato, Jaime Ferrer, Clemente Arnáiz","Piano, Bass, 6 Bandoneons, 4 Violins",,,,
Juan D'Arienzo,Orquesta Típica Juan D'Arienzo,5/5/1950,Sígueme Si Puedes,,Tango,Instrumental,Víctor,Micro,93682-1,63-0009B,"Alejandro Scarpino, Juan Caldarella",Antonio Anselmi,,45-50 Salamanca + 6 Bandoneons,Sígueme Si Puedes,2,,Fulvio Salamanca,Olindo Sinibaldi,"Héctor Varela, Eladio Blanco, Alberto San Miguel, José Di Pilato, Jorge Ceriotti, Salvador Alonso","Cayetano Puglisi, Blas Pensato, Jaime Ferrer, Clemente Arnáiz","Piano, Bass, 6 Bandoneons, 4 Violins",,,,
Juan D'Arienzo,Orquesta Típica Juan D'Arienzo,5/15/1950,El Cisne,,Vals,Instrumental,Víctor,Micro,93701-1,63-0005B,Antonio Anselmi,Antonio Anselmi,,45-50 Salamanca + 6 Bandoneons,El Cisne,3,,Fulvio Salamanca,Olindo Sinibaldi,"Héctor Varela, Eladio Blanco, Alberto San Miguel, José Di Pilato, Jorge Ceriotti, Salvador Alonso","Cayetano Puglisi, Blas Pensato, Jaime Ferrer, Clemente Arnáiz","Piano, Bass, 6 Bandoneons, 4 Violins",,,,
Juan D'Arienzo,Orquesta Típica Juan D'Arienzo,5/15/1950,Homero,,Tango,Instrumental,Víctor,Micro,93705-1,63-0006B,Roberto Firpo,,,45-50 Salamanca + 6 Bandoneons,Homero,2,,Fulvio Salamanca,Olindo Sinibaldi,"Héctor Varela, Eladio Blanco, Alberto San Miguel, José Di Pilato, Jorge Ceriotti, Salvador Alonso","Cayetano Puglisi, Blas Pensato, Jaime Ferrer, Clemente Arnáiz","Piano, Bass, 6 Bandoneons, 4 Violins",,,,
Juan D'Arienzo,Orquesta Típica Juan D'Arienzo,5/15/1950,La Parrillada,,Milonga,Instrumental,Víctor,Micro,BAVE-093703,Victor (Argentina) 63-0007-B,"María Guidini, Nobile Talvo","Elsa Guidini, Juan Talvo",,45-50 Salamanca + 6 Bandoneons,La Parrillada,2,,Fulvio Salamanca,Olindo Sinibaldi,"Héctor Varela, Eladio Blanco, Alberto San Miguel, José Di Pilato, Jorge Ceriotti, Salvador Alonso","Cayetano Puglisi, Blas Pensato, Jaime Ferrer, Clemente Arnáiz","Piano, Bass, 6 Bandoneons, 4 Violins",,,,
Juan D'Arienzo,Orquesta Típica Juan D'Arienzo,5/15/1950,Me Llamo Como Me Llamo,,Milonga,Armando Laborde,Víctor,Micro,93702-1,63-0006A,Miguel Bucino,Miguel Bucino,,45-50 Salamanca + 6 Bandoneons,Me Llamo Como Me Llamo,2,,Fulvio Salamanca,Olindo Sinibaldi,"Héctor Varela, Eladio Blanco, Alberto San Miguel, José Di Pilato, Jorge Ceriotti, Salvador Alonso","Cayetano Puglisi, Blas Pensato, Jaime Ferrer, Clemente Arnáiz","Piano, Bass, 6 Bandoneons, 4 Violins",,,,
Juan D'Arienzo,Orquesta Típica Juan D'Arienzo,5/15/1950,Nueve de Julio,9 de Julio,Tango,Instrumental,Víctor,Micro,BAVE-093706,Victor (Argentina) 63-0007-A,José Padula,Lito Ferrari,,45-50 Salamanca + 6 Bandoneons,Nueve de Julio,3,,Fulvio Salamanca,Olindo Sinibaldi,"Héctor Varela, Eladio Blanco, Alberto San Miguel, José Di Pilato, Jorge Ceriotti, Salvador Alonso","Cayetano Puglisi, Blas Pensato, Jaime Ferrer, Clemente Arnáiz","Piano, Bass, 6 Bandoneons, 4 Violins",,,,
Juan D'Arienzo,Orquesta Típica Juan D'Arienzo,5/15/1950,Pituca,,Tango,Alberto Echagüe,Víctor,Micro,BAVE-093704,Victor (Argentina) 63-0005-A,Enrique Cadícamo,Rogelio Ferreyra,,45-50 Salamanca + 6 Bandoneons,Pituca,2,,Fulvio Salamanca,Olindo Sinibaldi,"Héctor Varela, Eladio Blanco, Alberto San Miguel, José Di Pilato, Jorge Ceriotti, Salvador Alonso","Cayetano Puglisi, Blas Pensato, Jaime Ferrer, Clemente Arnáiz","Piano, Bass, 6 Bandoneons, 4 Violins",,,,
Juan D'Arienzo,Orquesta Típica Juan D'Arienzo,9/28/1950,Don Juan Mondiola,,Tango,Alberto Echagüe,Víctor,Micro,93889-1,63-0013A,Antonio Arona,Antonio Arona,,50-53 Salamanca + New Bandoneons,Don Juan Mondiola,2,,Fulvio Salamanca,Victorio Virgilito,"Enrique Alessio, Eladio Blanco, Carlos Lázzari, Felipe Riccardo, Aldo Junnissi","Cayetano Puglisi, Blas Pensato, Jaime Ferrer, Pablo Hechím","Piano, Bass, 5 Bandoneons, 4 Violins",,,,
Juan D'Arienzo,Orquesta Típica Juan D'Arienzo,9/28/1950,Precio,,Tango,Roberto Lemos,Víctor,Micro,93888-1,63-0013B,Manuel Sucher,Carlos Bahr,,50-53 Salamanca + New Bandoneons,Precio,2,,Fulvio Salamanca,Victorio Virgilito,"Enrique Alessio, Eladio Blanco, Carlos Lázzari, Felipe Riccardo, Aldo Junnissi","Cayetano Puglisi, Blas Pensato, Jaime Ferrer, Pablo Hechím","Piano, Bass, 5 Bandoneons, 4 Violins",,,,
Juan D'Arienzo,Orquesta Típica Juan D'Arienzo,9/28/1950,Sin Balurdo,,Tango,Alberto Echagüe,Víctor,Micro,93892-1,63-0036B,"Juan D'Arienzo, Fulvio Salamanca, Carlos Bahr","Juan D'Arienzo, Fulvio Salamanca, Carlos Bahr",,50-53 Salamanca + New Bandoneons,Sin Balurdo,2,,Fulvio Salamanca,Victorio Virgilito,"Enrique Alessio, Eladio Blanco, Carlos Lázzari, Felipe Riccardo, Aldo Junnissi","Cayetano Puglisi, Blas Pensato, Jaime Ferrer, Pablo Hechím","Piano, Bass, 5 Bandoneons, 4 Violins",EP,Un Tango Para Mi Vieja D'arienzo - Echagüe,B,
Juan D'Arienzo,Orquesta Típica Juan D'Arienzo,9/28/1950,Tucumán,,Tango,Instrumental,Víctor,Micro,BAVE-093890,Victor (Argentina) 63-0014-A,José Padula,,,50-53 Salamanca + New Bandoneons,Tucumán,3,,Fulvio Salamanca,Victorio Virgilito,"Enrique Alessio, Eladio Blanco, Carlos Lázzari, Felipe Riccardo, Aldo Junnissi","Cayetano Puglisi, Blas Pensato, Jaime Ferrer, Pablo Hechím","Piano, Bass, 5 Bandoneons, 4 Violins",LP,Che Timbero,B,Che Timbero
Juan D'Arienzo,Orquesta Típica Juan D'Arienzo,9/28/1950,Un Tango Para Mi Vieja,,Tango,Alberto Echagüe,Víctor,Micro,93891-1,63-0014B,Enrique Alessio,Reinaldo Ghiso,,50-53 Salamanca + New Bandoneons,Un Tango Para Mi Vieja,2,,Fulvio Salamanca,Victorio Virgilito,"Enrique Alessio, Eladio Blanco, Carlos Lázzari, Felipe Riccardo, Aldo Junnissi","Cayetano Puglisi, Blas Pensato, Jaime Ferrer, Pablo Hechím","Piano, Bass, 5 Bandoneons, 4 Violins",EP,Un Tango Para Mi Vieja D'arienzo - Echagüe,A,
Juan D'Arienzo,Orquesta Típica Juan D'Arienzo,12/27/1950,A Puño Limpio,,Milonga,Alberto Echagüe,Víctor,Micro,94023,63-0039A,Pintín Castellanos,Pintín Castellanos,,50-53 Salamanca + New Bandoneons,A Puño Limpio,2,,Fulvio Salamanca,Victorio Virgilito,"Enrique Alessio, Eladio Blanco, Carlos Lázzari, Felipe Riccardo, Aldo Junnissi","Cayetano Puglisi, Blas Pensato, Jaime Ferrer, Pablo Hechím","Piano, Bass, 5 Bandoneons, 4 Violins",,,,
Juan D'Arienzo,Orquesta Típica Juan D'Arienzo,12/27/1950,Desencanto,,Vals,Roberto Lemos,Víctor,Micro,94024-1,63-0038B,Mario Marinelli,Mario Marinelli,,50-53 Salamanca + New Bandoneons,Desencanto,2,,Fulvio Salamanca,Victorio Virgilito,"Enrique Alessio, Eladio Blanco, Carlos Lázzari, Felipe Riccardo, Aldo Junnissi","Cayetano Puglisi, Blas Pensato, Jaime Ferrer, Pablo Hechím","Piano, Bass, 5 Bandoneons, 4 Violins",,,,
Juan D'Arienzo,Orquesta Típica Juan D'Arienzo,12/27/1950,Quisieran Verme Llorar,,Tango,Roberto Lemos,Víctor,Micro,94025-1,63-0040B,Francisco Mosca,"José Zas, Francisco García",,50-53 Salamanca + New Bandoneons,Quisieran Verme Llorar,2,,Fulvio Salamanca,Victorio Virgilito,"Enrique Alessio, Eladio Blanco, Carlos Lázzari, Felipe Riccardo, Aldo Junnissi","Cayetano Puglisi, Blas Pensato, Jaime Ferrer, Pablo Hechím","Piano, Bass, 5 Bandoneons, 4 Violins",,,,
Juan D'Arienzo,Orquesta Típica Juan D'Arienzo,12/28/1950,Don Juan,Mozos Guapos,Tango,Instrumental,Víctor,Micro,94030-1,63-0036A,Ernesto Ponzio,Ricardo Podestá,,50-53 Salamanca + New Bandoneons,Don Juan,3,,Fulvio Salamanca,Victorio Virgilito,"Enrique Alessio, Eladio Blanco, Carlos Lázzari, Felipe Riccardo, Aldo Junnissi","Cayetano Puglisi, Blas Pensato, Jaime Ferrer, Pablo Hechím","Piano, Bass, 5 Bandoneons, 4 Violins",,,,
Juan D'Arienzo,Orquesta Típica Juan D'Arienzo,12/28/1950,El Marne,,Tango,Instrumental,Víctor,Micro,94031-1,63-0038A / AVL-3179B,Eduardo Arolas,Gabriel Clausi,,50-53 Salamanca + New Bandoneons,El Marne,3,,Fulvio Salamanca,Victorio Virgilito,"Enrique Alessio, Eladio Blanco, Carlos Lázzari, Felipe Riccardo, Aldo Junnissi","Cayetano Puglisi, Blas Pensato, Jaime Ferrer, Pablo Hechím","Piano, Bass, 5 Bandoneons, 4 Violins",,,,
Juan D'Arienzo,Orquesta Típica Juan D'Arienzo,12/28/1950,La Bicoca,,Tango,Instrumental,Víctor,Micro,94029-1,63-0039B,José Severino,,,50-53 Salamanca + New Bandoneons,La Bicoca,2,,Fulvio Salamanca,Victorio Virgilito,"Enrique Alessio, Eladio Blanco, Carlos Lázzari, Felipe Riccardo, Aldo Junnissi","Cayetano Puglisi, Blas Pensato, Jaime Ferrer, Pablo Hechím","Piano, Bass, 5 Bandoneons, 4 Violins",,,,
Juan D'Arienzo,Orquesta Típica Juan D'Arienzo,12/28/1950,No Vas Más,,Tango,Alberto Echagüe,Víctor,Micro,94028-1,63-0040A,Jorge Cardozo,Gerardo Adroher,,50-53 Salamanca + New Bandoneons,No Vas Más,2,,Fulvio Salamanca,Victorio Virgilito,"Enrique Alessio, Eladio Blanco, Carlos Lázzari, Felipe Riccardo, Aldo Junnissi","Cayetano Puglisi, Blas Pensato, Jaime Ferrer, Pablo Hechím","Piano, Bass, 5 Bandoneons, 4 Violins",,,,
Juan D'Arienzo,Orquesta Típica Juan D'Arienzo,9/12/1951,Amarroto,,Tango,Alberto Echagüe,Víctor,Micro,94367,68-0188A,Juan Cao,Miguel Bucino,,50-53 Salamanca + New Bandoneons,Amarroto,3,,Fulvio Salamanca,Victorio Virgilito,"Enrique Alessio, Eladio Blanco, Carlos Lázzari, Felipe Riccardo, Aldo Junnissi","Cayetano Puglisi, Blas Pensato, Jaime Ferrer, Pablo Hechím","Piano, Bass, 5 Bandoneons, 4 Violins",,,,
Juan D'Arienzo,Orquesta Típica Juan D'Arienzo,9/12/1951,El Nene del Abasto,,Tango,Alberto Echagüe,Víctor,Micro,94368-1,68-0189A,Eladio Blanco,Raúl Hormaza,,50-53 Salamanca + New Bandoneons,El Nene del Abasto,3,,Fulvio Salamanca,Victorio Virgilito,"Enrique Alessio, Eladio Blanco, Carlos Lázzari, Felipe Riccardo, Aldo Junnissi","Cayetano Puglisi, Blas Pensato, Jaime Ferrer, Pablo Hechím","Piano, Bass, 5 Bandoneons, 4 Violins",,,,
Juan D'Arienzo,Orquesta Típica Juan D'Arienzo,9/12/1951,Ganzúa,,Milonga,Alberto Echagüe,Víctor,Micro,94370-1,68-0188B,"Juan D'Arienzo, Fulvio Salamanca, Carlos Bahr","Juan D'Arienzo, Fulvio Salamanca, Carlos Bahr",,50-53 Salamanca + New Bandoneons,Ganzúa,2,,Fulvio Salamanca,Victorio Virgilito,"Enrique Alessio, Eladio Blanco, Carlos Lázzari, Felipe Riccardo, Aldo Junnissi","Cayetano Puglisi, Blas Pensato, Jaime Ferrer, Pablo Hechím","Piano, Bass, 5 Bandoneons, 4 Violins",,,,
Juan D'Arienzo,Orquesta Típica Juan D'Arienzo,9/12/1951,La Cumparsita,Si Supieras,Tango,Instrumental,Víctor,Micro,94366-1,68-0185A / AVL-3179B,Gerardo Rodríguez,"Pascual Contursi, Enrique Maroni, Gerardo Rodríguez",,50-53 Salamanca + New Bandoneons,La Cumparsita,3,,Fulvio Salamanca,Victorio Virgilito,"Enrique Alessio, Eladio Blanco, Carlos Lázzari, Felipe Riccardo, Aldo Junnissi","Cayetano Puglisi, Blas Pensato, Jaime Ferrer, Pablo Hechím","Piano, Bass, 5 Bandoneons, 4 Violins",,,,
Juan D'Arienzo,Orquesta Típica Juan D'Arienzo,9/12/1951,La Puñalada,,Milonga,Instrumental,Víctor,Micro,BAVE-094371,Victor (Argentina) 68-0185-B,Pintín Alves,Celedonio Flores,,50-53 Salamanca + New Bandoneons,La Puñalada,2,,Fulvio Salamanca,Victorio Virgilito,"Enrique Alessio, Eladio Blanco, Carlos Lázzari, Felipe Riccardo, Aldo Junnissi","Cayetano Puglisi, Blas Pensato, Jaime Ferrer, Pablo Hechím","Piano, Bass, 5 Bandoneons, 4 Violins",,,,
Juan D'Arienzo,Orquesta Típica Juan D'Arienzo,9/12/1951,Se Pe Ño Po Ri Pi Ta Pa,,Tango,Alberto Echagüe,Víctor,Micro,94369-1,68-0190A,"Juan D'Arienzo, Fulvio Salamanca",Carlos Bahr,,50-53 Salamanca + New Bandoneons,Se Pe Ño Po Ri Pi Ta Pa,2,,Fulvio Salamanca,Victorio Virgilito,"Enrique Alessio, Eladio Blanco, Carlos Lázzari, Felipe Riccardo, Aldo Junnissi","Cayetano Puglisi, Blas Pensato, Jaime Ferrer, Pablo Hechím","Piano, Bass, 5 Bandoneons, 4 Violins",EP,El Rey Juan D'Arienzo y Alberto Echague,A,
Juan D'Arienzo,Orquesta Típica Juan D'Arienzo,9/14/1951,El Irresistible,,Tango,Instrumental,Víctor,Micro,BAVE-094377,Victor (Argentina) 68-0189-B,Lorenzo Logatti,Carlos Pesce,,50-53 Salamanca + New Bandoneons,El Irresistible,2,,Fulvio Salamanca,Victorio Virgilito,"Enrique Alessio, Eladio Blanco, Carlos Lázzari, Felipe Riccardo, Aldo Junnissi","Cayetano Puglisi, Blas Pensato, Jaime Ferrer, Pablo Hechím","Piano, Bass, 5 Bandoneons, 4 Violins",,,,
Juan D'Arienzo,Orquesta Típica Juan D'Arienzo,9/14/1951,Este Carnaval,,Tango,Alberto Echagüe,Víctor,Micro,94380-1,68-0191B,Miguel Caruso,Luis Caruso,,50-53 Salamanca + New Bandoneons,Este Carnaval,2,,Fulvio Salamanca,Victorio Virgilito,"Enrique Alessio, Eladio Blanco, Carlos Lázzari, Felipe Riccardo, Aldo Junnissi","Cayetano Puglisi, Blas Pensato, Jaime Ferrer, Pablo Hechím","Piano, Bass, 5 Bandoneons, 4 Violins",,,,
Juan D'Arienzo,Orquesta Típica Juan D'Arienzo,9/14/1951,Paciencia,,Tango,Alberto Echagüe,Víctor,Micro,94379-1,68-0209A,Juan D'Arienzo,Francisco Gorrindo,,50-53 Salamanca + New Bandoneons,Paciencia,3,,Fulvio Salamanca,Victorio Virgilito,"Enrique Alessio, Eladio Blanco, Carlos Lázzari, Felipe Riccardo, Aldo Junnissi","Cayetano Puglisi, Blas Pensato, Jaime Ferrer, Pablo Hechím","Piano, Bass, 5 Bandoneons, 4 Violins",,,,
Juan D'Arienzo,Orquesta Típica Juan D'Arienzo,9/14/1951,Pampa,,Tango,Instrumental,Víctor,Micro,BAVE-094378,Victor (Argentina) 68-0190-B,Francisco Pracánico,,,50-53 Salamanca + New Bandoneons,Pampa,3,,Fulvio Salamanca,Victorio Virgilito,"Enrique Alessio, Eladio Blanco, Carlos Lázzari, Felipe Riccardo, Aldo Junnissi","Cayetano Puglisi, Blas Pensato, Jaime Ferrer, Pablo Hechím","Piano, Bass, 5 Bandoneons, 4 Violins",,,,
Juan D'Arienzo,Orquesta Típica Juan D'Arienzo,9/14/1951,Tu Boca Mintió,No Me Mires,Tango,Roberto Lemos,Víctor,Micro,94376-1,68-0191A,"Armando Ángeletti, Alberto Longo","Armando Ángeletti, Alberto Longo",,50-53 Salamanca + New Bandoneons,Tu Boca Mintió,2,,Fulvio Salamanca,Victorio Virgilito,"Enrique Alessio, Eladio Blanco, Carlos Lázzari, Felipe Riccardo, Aldo Junnissi","Cayetano Puglisi, Blas Pensato, Jaime Ferrer, Pablo Hechím","Piano, Bass, 5 Bandoneons, 4 Violins",,,,
Juan D'Arienzo,Orquesta Típica Juan D'Arienzo,12/19/1951,El Hipo,,Tango,Alberto Echagüe,Víctor,Micro,94449-1,68-0208B,Enrique Alessio,Reinaldo Yiso,,50-53 Salamanca + New Bandoneons,El Hipo,2,,Fulvio Salamanca,Victorio Virgilito,"Enrique Alessio, Eladio Blanco, Carlos Lázzari, Felipe Riccardo, Aldo Junnissi","Cayetano Puglisi, Blas Pensato, Jaime Ferrer, Pablo Hechím","Piano, Bass, 5 Bandoneons, 4 Violins",,,,
Juan D'Arienzo,Orquesta Típica Juan D'Arienzo,12/19/1951,El Simpático,Tango de la Guardia Vieja,Tango,Instrumental,Víctor,Micro,94450-1,68-0208A,Juan Santini,,,50-53 Salamanca + New Bandoneons,El Simpático,3,,Fulvio Salamanca,Victorio Virgilito,"Enrique Alessio, Eladio Blanco, Carlos Lázzari, Felipe Riccardo, Aldo Junnissi","Cayetano Puglisi, Blas Pensato, Jaime Ferrer, Pablo Hechím","Piano, Bass, 5 Bandoneons, 4 Violins",EP,Tangos Argentins,A,
Juan D'Arienzo,Orquesta Típica Juan D'Arienzo,12/19/1951,N.P.,No Placé,Tango,Alberto Echagüe,Víctor,Micro,94448-1,68-0210B,Juan Riverol,Francisco Loiácono,,50-53 Salamanca + New Bandoneons,N.P.,2,,Fulvio Salamanca,Victorio Virgilito,"Enrique Alessio, Eladio Blanco, Carlos Lázzari, Felipe Riccardo, Aldo Junnissi","Cayetano Puglisi, Blas Pensato, Jaime Ferrer, Pablo Hechím","Piano, Bass, 5 Bandoneons, 4 Violins",,,,
Juan D'Arienzo,Orquesta Típica Juan D'Arienzo,12/19/1951,No Llores Madre,,Vals,Roberto Lemos,Víctor,Micro,94445-1,68-0373B,Francisco Lauro,Alfredo Roldán,,50-53 Salamanca + New Bandoneons,No Llores Madre,3,,Fulvio Salamanca,Victorio Virgilito,"Enrique Alessio, Eladio Blanco, Carlos Lázzari, Felipe Riccardo, Aldo Junnissi","Cayetano Puglisi, Blas Pensato, Jaime Ferrer, Pablo Hechím","Piano, Bass, 5 Bandoneons, 4 Violins",,,,
Juan D'Arienzo,Orquesta Típica Juan D'Arienzo,12/19/1951,Penumbras,,Vals,Roberto Lemos,Víctor,Micro,94446-1,68-0465B,Pedro Toscano,Alfredo Roldán,,50-53 Salamanca + New Bandoneons,Penumbras,2,,Fulvio Salamanca,Victorio Virgilito,"Enrique Alessio, Eladio Blanco, Carlos Lázzari, Felipe Riccardo, Aldo Junnissi","Cayetano Puglisi, Blas Pensato, Jaime Ferrer, Pablo Hechím","Piano, Bass, 5 Bandoneons, 4 Violins",,,,
Juan D'Arienzo,Orquesta Típica Juan D'Arienzo,12/19/1951,Viva Mi Tierra Argentina,,Milonga,Alberto Echagüe,Víctor,Micro,94447-1,68-0464B,Encarnación Gordillo,Agustín Boedo,,50-53 Salamanca + New Bandoneons,Viva Mi Tierra Argentina,2,,Fulvio Salamanca,Victorio Virgilito,"Enrique Alessio, Eladio Blanco, Carlos Lázzari, Felipe Riccardo, Aldo Junnissi","Cayetano Puglisi, Blas Pensato, Jaime Ferrer, Pablo Hechím","Piano, Bass, 5 Bandoneons, 4 Violins",,,,
Juan D'Arienzo,Orquesta Típica Juan D'Arienzo,12/27/1951,De Vuelta,,Vals,Alberto Echagüe,Víctor,Micro,S-094462,Victor (Argentina) 68-0384-A,Carlos Lázzari,Carlos Bahr,,50-53 Salamanca + New Bandoneons,De Vuelta,2,,Fulvio Salamanca,Victorio Virgilito,"Enrique Alessio, Eladio Blanco, Carlos Lázzari, Felipe Riccardo, Aldo Junnissi","Cayetano Puglisi, Blas Pensato, Jaime Ferrer, Pablo Hechím","Piano, Bass, 5 Bandoneons, 4 Violins",,,,
Juan D'Arienzo,Orquesta Típica Juan D'Arienzo,12/27/1951,Todo Varón,,Tango,Roberto Lemos,Víctor,Micro,94460-1,68-0209B,Elmo Debassi,Elmo Debassi,,50-53 Salamanca + New Bandoneons,Todo Varón,2,,Fulvio Salamanca,Victorio Virgilito,"Enrique Alessio, Eladio Blanco, Carlos Lázzari, Felipe Riccardo, Aldo Junnissi","Cayetano Puglisi, Blas Pensato, Jaime Ferrer, Pablo Hechím","Piano, Bass, 5 Bandoneons, 4 Violins",,,,
Juan D'Arienzo,Orquesta Típica Juan D'Arienzo,12/27/1951,Yapeyú,,Tango,Instrumental,Víctor,Micro,94461-1,68-0210A / AVL-3179A,José Fuster,,,50-53 Salamanca + New Bandoneons,Yapeyú,3,,Fulvio Salamanca,Victorio Virgilito,"Enrique Alessio, Eladio Blanco, Carlos Lázzari, Felipe Riccardo, Aldo Junnissi","Cayetano Puglisi, Blas Pensato, Jaime Ferrer, Pablo Hechím","Piano, Bass, 5 Bandoneons, 4 Violins",,,,
Juan D'Arienzo,Orquesta Típica Juan D'Arienzo,8/13/1952,De Corazón a Corazón,,Tango,Armando Laborde,Víctor,Micro,S-0041-1,68-0372A,Enrique Carmelo,Alessio Yiso,,50-53 Salamanca + New Bandoneons,De Corazón a Corazón,2,,Fulvio Salamanca,Victorio Virgilito,"Enrique Alessio, Eladio Blanco, Carlos Lázzari, Felipe Riccardo, Aldo Junnissi","Cayetano Puglisi, Blas Pensato, Jaime Ferrer, Pablo Hechím","Piano, Bass, 5 Bandoneons, 4 Violins",,,,
Juan D'Arienzo,Orquesta Típica Juan D'Arienzo,8/13/1952,El Agente de la Esquina,,Tango,Armando Laborde,Víctor,Micro,S-0050,68-0469A,Raúl Peralta,Julio Buron,,50-53 Salamanca + New Bandoneons,El Agente de la Esquina,2,,Fulvio Salamanca,Victorio Virgilito,"Enrique Alessio, Eladio Blanco, Carlos Lázzari, Felipe Riccardo, Aldo Junnissi","Cayetano Puglisi, Blas Pensato, Jaime Ferrer, Pablo Hechím","Piano, Bass, 5 Bandoneons, 4 Violins",,,,
Juan D'Arienzo,Orquesta Típica Juan D'Arienzo,8/13/1952,El Puntazo,,Tango,Instrumental,Víctor,Micro,S-0042-1,68-0375A,Alejandro Junnissi,,,50-53 Salamanca + New Bandoneons,El Puntazo,4,,Fulvio Salamanca,Victorio Virgilito,"Enrique Alessio, Eladio Blanco, Carlos Lázzari, Felipe Riccardo, Aldo Junnissi","Cayetano Puglisi, Blas Pensato, Jaime Ferrer, Pablo Hechím","Piano, Bass, 5 Bandoneons, 4 Violins",,,,
Juan D'Arienzo,Orquesta Típica Juan D'Arienzo,8/13/1952,Estás Conmigo,,Tango,Armando Laborde,Víctor,Micro,S-00043,68-0468A,Carlos Lázzari,Carlos Bahr,,50-53 Salamanca + New Bandoneons,Estás Conmigo,2,,Fulvio Salamanca,Victorio Virgilito,"Enrique Alessio, Eladio Blanco, Carlos Lázzari, Felipe Riccardo, Aldo Junnissi","Cayetano Puglisi, Blas Pensato, Jaime Ferrer, Pablo Hechím","Piano, Bass, 5 Bandoneons, 4 Violins",,,,
Juan D'Arienzo,Orquesta Típica Juan D'Arienzo,8/13/1952,Luis Alberto,,Tango,Instrumental,Víctor,Micro,S-0040-1,68-0464A,Anselmo Aieta,,,50-53 Salamanca + New Bandoneons,Luis Alberto,2,,Fulvio Salamanca,Victorio Virgilito,"Enrique Alessio, Eladio Blanco, Carlos Lázzari, Felipe Riccardo, Aldo Junnissi","Cayetano Puglisi, Blas Pensato, Jaime Ferrer, Pablo Hechím","Piano, Bass, 5 Bandoneons, 4 Violins",,,,
Juan D'Arienzo,Orquesta Típica Juan D'Arienzo,8/13/1952,Milonga Que Peina Canas,,Milonga,Armando Laborde,Víctor,Micro,S-0046,Victor (Argentina) 68-0384-B,Alberto Adducci,Alberto Adducci,,50-53 Salamanca + New Bandoneons,Milonga Que Peina Canas,2,,Fulvio Salamanca,Victorio Virgilito,"Enrique Alessio, Eladio Blanco, Carlos Lázzari, Felipe Riccardo, Aldo Junnissi","Cayetano Puglisi, Blas Pensato, Jaime Ferrer, Pablo Hechím","Piano, Bass, 5 Bandoneons, 4 Violins",,,,
Juan D'Arienzo,Orquesta Típica Juan D'Arienzo,8/13/1952,Sarampión,,Tango,Alberto Echagüe,Víctor,Micro,S-0048-1,68-0373A,Eladio Blanco,Raúl Hormaza,,50-53 Salamanca + New Bandoneons,Sarampión,2,,Fulvio Salamanca,Victorio Virgilito,"Enrique Alessio, Eladio Blanco, Carlos Lázzari, Felipe Riccardo, Aldo Junnissi","Cayetano Puglisi, Blas Pensato, Jaime Ferrer, Pablo Hechím","Piano, Bass, 5 Bandoneons, 4 Violins",,,,
Juan D'Arienzo,Orquesta Típica Juan D'Arienzo,8/13/1952,Se Acabaron los Guapos,,Milonga,Armando Laborde,Víctor,Micro,S-0045-1,68-0375B,Rafael Tuegols,Alfredo Tropiani,,50-53 Salamanca + New Bandoneons,Se Acabaron los Guapos,2,,Fulvio Salamanca,Victorio Virgilito,"Enrique Alessio, Eladio Blanco, Carlos Lázzari, Felipe Riccardo, Aldo Junnissi","Cayetano Puglisi, Blas Pensato, Jaime Ferrer, Pablo Hechím","Piano, Bass, 5 Bandoneons, 4 Violins",,,,
Juan D'Arienzo,Orquesta Típica Juan D'Arienzo,8/13/1952,Trampa,,Milonga,Armando Laborde,Víctor,Micro,S-0044,68-0374B,"Juan D'Arienzo, Fulvio Salamanca, Carlos Bahr","Juan D'Arienzo, Fulvio Salamanca, Carlos Bahr",,50-53 Salamanca + New Bandoneons,Trampa,2,,Fulvio Salamanca,Victorio Virgilito,"Enrique Alessio, Eladio Blanco, Carlos Lázzari, Felipe Riccardo, Aldo Junnissi","Cayetano Puglisi, Blas Pensato, Jaime Ferrer, Pablo Hechím","Piano, Bass, 5 Bandoneons, 4 Violins",,,,
Juan D'Arienzo,Orquesta Típica Juan D'Arienzo,8/13/1952,Y Siempre la Misma Historia,,Tango,Alberto Echagüe,Víctor,Micro,S-0049,68-0374A,Miguel Bucino,Miguel Bucino,,50-53 Salamanca + New Bandoneons,Y Siempre la Misma Historia,2,,Fulvio Salamanca,Victorio Virgilito,"Enrique Alessio, Eladio Blanco, Carlos Lázzari, Felipe Riccardo, Aldo Junnissi","Cayetano Puglisi, Blas Pensato, Jaime Ferrer, Pablo Hechím","Piano, Bass, 5 Bandoneons, 4 Violins",,,,
Juan D'Arienzo,Orquesta Típica Juan D'Arienzo,8/13/1952,Y Suma y Sigue,,Tango,Alberto Echagüe,Víctor,Micro,0047,68-0372B,"Juan D'Arienzo, Fulvio Salamanca, Carlos Bahr","Juan D'Arienzo, Fulvio Salamanca, Carlos Bahr",,50-53 Salamanca + New Bandoneons,Y Suma y Sigue,3,,Fulvio Salamanca,Victorio Virgilito,"Enrique Alessio, Eladio Blanco, Carlos Lázzari, Felipe Riccardo, Aldo Junnissi","Cayetano Puglisi, Blas Pensato, Jaime Ferrer, Pablo Hechím","Piano, Bass, 5 Bandoneons, 4 Violins",,,,
Juan D'Arienzo,Orquesta Típica Juan D'Arienzo,11/12/1952,El Commandante,,Milonga,Armando Laborde,Víctor,Micro,S-00240,68-0466B,"Roberto Mercardo, Domingo Pisera",Domingo Basso,,50-53 Salamanca + New Bandoneons,El Commandante,2,,Fulvio Salamanca,Victorio Virgilito,"Enrique Alessio, Eladio Blanco, Carlos Lázzari, Felipe Riccardo, Aldo Junnissi","Cayetano Puglisi, Blas Pensato, Jaime Ferrer, Pablo Hechím","Piano, Bass, 5 Bandoneons, 4 Violins",,,,
Juan D'Arienzo,Orquesta Típica Juan D'Arienzo,11/12/1952,El Pollo Ricardo,,Tango,Instrumental,Víctor,Micro,S-00247,68-0467B,Luis Fernández,Luis Fernández,,50-53 Salamanca + New Bandoneons,El Pollo Ricardo,2,,Fulvio Salamanca,Victorio Virgilito,"Enrique Alessio, Eladio Blanco, Carlos Lázzari, Felipe Riccardo, Aldo Junnissi","Cayetano Puglisi, Blas Pensato, Jaime Ferrer, Pablo Hechím","Piano, Bass, 5 Bandoneons, 4 Violins",,,,
Juan D'Arienzo,Orquesta Típica Juan D'Arienzo,11/12/1952,El Romántico,,Tango,Instrumental,Víctor,Micro,S-00246,68-0468B,Arturo De Bassi,,,50-53 Salamanca + New Bandoneons,El Romántico,2,,Fulvio Salamanca,Victorio Virgilito,"Enrique Alessio, Eladio Blanco, Carlos Lázzari, Felipe Riccardo, Aldo Junnissi","Cayetano Puglisi, Blas Pensato, Jaime Ferrer, Pablo Hechím","Piano, Bass, 5 Bandoneons, 4 Violins",,,,
Juan D'Arienzo,Orquesta Típica Juan D'Arienzo,11/12/1952,El Tigre Millán,,Tango,Alberto Echagüe,Víctor,Micro,S-00244-1,68-0465A,Francisco Canaro,Francisco Canaro,,50-53 Salamanca + New Bandoneons,El Tigre Millán,3,,Fulvio Salamanca,Victorio Virgilito,"Enrique Alessio, Eladio Blanco, Carlos Lázzari, Felipe Riccardo, Aldo Junnissi","Cayetano Puglisi, Blas Pensato, Jaime Ferrer, Pablo Hechím","Piano, Bass, 5 Bandoneons, 4 Violins",,,,
Juan D'Arienzo,Orquesta Típica Juan D'Arienzo,11/12/1952,Florida,,Tango,Instrumental,Víctor,Micro,S-00245,68-0469B,Raimundo Petillo,Antonio Polito,,50-53 Salamanca + New Bandoneons,Florida,2,,Fulvio Salamanca,Victorio Virgilito,"Enrique Alessio, Eladio Blanco, Carlos Lázzari, Felipe Riccardo, Aldo Junnissi","Cayetano Puglisi, Blas Pensato, Jaime Ferrer, Pablo Hechím","Piano, Bass, 5 Bandoneons, 4 Violins",,,,
Juan D'Arienzo,Orquesta Típica Juan D'Arienzo,11/12/1952,Siempre Tú en Mi Corazón,,Vals,Armando Laborde,Víctor,Micro,S-00243-1,68-0990B,María Giovini,Carlos Bahr,,50-53 Salamanca + New Bandoneons,Siempre Tú en Mi Corazón,2,,Fulvio Salamanca,Victorio Virgilito,"Enrique Alessio, Eladio Blanco, Carlos Lázzari, Felipe Riccardo, Aldo Junnissi","Cayetano Puglisi, Blas Pensato, Jaime Ferrer, Pablo Hechím","Piano, Bass, 5 Bandoneons, 4 Violins",,,,
Juan D'Arienzo,Orquesta Típica Juan D'Arienzo,11/12/1952,Un Alma Buena,,Tango,Armando Laborde,Víctor,Micro,S-00242,68-0467A,Aquiles Aguilar,José Contursi,,50-53 Salamanca + New Bandoneons,Un Alma Buena,2,,Fulvio Salamanca,Victorio Virgilito,"Enrique Alessio, Eladio Blanco, Carlos Lázzari, Felipe Riccardo, Aldo Junnissi","Cayetano Puglisi, Blas Pensato, Jaime Ferrer, Pablo Hechím","Piano, Bass, 5 Bandoneons, 4 Violins",,,,
Juan D'Arienzo,Orquesta Típica Juan D'Arienzo,11/12/1952,Viejo Smoking,,Tango,Armando Laborde,Víctor,Micro,S-00241,Victor (Argentina) 68-0466-A,Guillermo Barbieri,Celedonio Flores,,50-53 Salamanca + New Bandoneons,Viejo Smoking,2,,Fulvio Salamanca,Victorio Virgilito,"Enrique Alessio, Eladio Blanco, Carlos Lázzari, Felipe Riccardo, Aldo Junnissi","Cayetano Puglisi, Blas Pensato, Jaime Ferrer, Pablo Hechím","Piano, Bass, 5 Bandoneons, 4 Violins",,,,
Juan D'Arienzo,Orquesta Típica Juan D'Arienzo,8/13/1953,Giusesepe el Crooner,,Tango,Alberto Echagüe,Víctor,Micro,,,Enrique Rodríguez,Domingo Sciaraffía,,50-53 Salamanca + New Bandoneons,Giusesepe el Crooner,2,,Fulvio Salamanca,Victorio Virgilito,"Enrique Alessio, Eladio Blanco, Carlos Lázzari, Felipe Riccardo, Aldo Junnissi","Cayetano Puglisi, Blas Pensato, Jaime Ferrer, Pablo Hechím","Piano, Bass, 5 Bandoneons, 4 Violins",EP,El Rey Juan D'Arienzo y Alberto Echague,A,
Juan D'Arienzo,Orquesta Típica Juan D'Arienzo,8/13/1953,Gladiolo,,Tango,Alberto Echagüe,Víctor,Micro,S-001088-1,68-0989B,Alberto Bonfanti,Alberto Bonfanti,,50-53 Salamanca + New Bandoneons,Gladiolo,2,,Fulvio Salamanca,Victorio Virgilito,"Enrique Alessio, Eladio Blanco, Carlos Lázzari, Felipe Riccardo, Aldo Junnissi","Cayetano Puglisi, Blas Pensato, Jaime Ferrer, Pablo Hechím","Piano, Bass, 5 Bandoneons, 4 Violins",,,,
Juan D'Arienzo,Orquesta Típica Juan D'Arienzo,8/13/1953,Mucho Mucho,,Milonga,Armando Laborde,Víctor,Micro,S-001087,Victor (Argentina) 68-0988-B,Juan Cao,Miguel Bucino,,50-53 Salamanca + New Bandoneons,Mucho Mucho,2,,Fulvio Salamanca,Victorio Virgilito,"Enrique Alessio, Eladio Blanco, Carlos Lázzari, Felipe Riccardo, Aldo Junnissi","Cayetano Puglisi, Blas Pensato, Jaime Ferrer, Pablo Hechím","Piano, Bass, 5 Bandoneons, 4 Violins",,,,
Juan D'Arienzo,Orquesta Típica Juan D'Arienzo,8/13/1953,Necesito Tu Cariño,,Tango,Armando Laborde,Víctor,Micro,S-001089-1,68-0989A,"Juan D'Arienzo, Fulvio Salamanca",Carlos Bahr,,50-53 Salamanca + New Bandoneons,Necesito Tu Cariño,2,,Fulvio Salamanca,Victorio Virgilito,"Enrique Alessio, Eladio Blanco, Carlos Lázzari, Felipe Riccardo, Aldo Junnissi","Cayetano Puglisi, Blas Pensato, Jaime Ferrer, Pablo Hechím","Piano, Bass, 5 Bandoneons, 4 Violins",,,,
Juan D'Arienzo,Orquesta Típica Juan D'Arienzo,8/13/1953,Tomá Estas Monedas,,Tango,Alberto Echagüe,Víctor,Micro,S-001086,Victor (Argentina) 68-0988-A,"Juan D'Arienzo, Fulvio Salamanca, Carlos Bahr","Juan D'Arienzo, Fulvio Salamanca, Carlos Bahr",,50-53 Salamanca + New Bandoneons,Tomá Estas Monedas,2,,Fulvio Salamanca,Victorio Virgilito,"Enrique Alessio, Eladio Blanco, Carlos Lázzari, Felipe Riccardo, Aldo Junnissi","Cayetano Puglisi, Blas Pensato, Jaime Ferrer, Pablo Hechím","Piano, Bass, 5 Bandoneons, 4 Violins",EP,Éxitos De J.D'. Volumen 1,B,
Juan D'Arienzo,Orquesta Típica Juan D'Arienzo,9/18/1953,Ché Negrito,,Tango,Alberto Echagüe,Víctor,Micro,S-001651-1,68-1144A,"Roberto Pedretti, Delia Leguisamo",Delia Leguisamo,,50-53 Salamanca + New Bandoneons,Ché Negrito,2,,Fulvio Salamanca,Victorio Virgilito,"Enrique Alessio, Eladio Blanco, Carlos Lázzari, Felipe Riccardo, Aldo Junnissi","Cayetano Puglisi, Blas Pensato, Jaime Ferrer, Pablo Hechím","Piano, Bass, 5 Bandoneons, 4 Violins",,,,
Juan D'Arienzo,Orquesta Típica Juan D'Arienzo,9/18/1953,El Curda,,Tango,Armando Laborde,Víctor,Micro,S-001649,68-1142A,"Francisco García, Francisco Mosca, José Zas","Francisco García, Pantaleón Mosca, José Zas",,50-53 Salamanca + New Bandoneons,El Curda,2,,Fulvio Salamanca,Victorio Virgilito,"Enrique Alessio, Eladio Blanco, Carlos Lázzari, Felipe Riccardo, Aldo Junnissi","Cayetano Puglisi, Blas Pensato, Jaime Ferrer, Pablo Hechím","Piano, Bass, 5 Bandoneons, 4 Violins",,,,
Juan D'Arienzo,Orquesta Típica Juan D'Arienzo,9/18/1953,El Purrete,,Tango,Armando Laborde,Víctor,Micro,S-001647-1,68-1143A,Eladio Blanco,Raúl Hormaza,,50-53 Salamanca + New Bandoneons,El Purrete,2,,Fulvio Salamanca,Victorio Virgilito,"Enrique Alessio, Eladio Blanco, Carlos Lázzari, Felipe Riccardo, Aldo Junnissi","Cayetano Puglisi, Blas Pensato, Jaime Ferrer, Pablo Hechím","Piano, Bass, 5 Bandoneons, 4 Violins",,,,
Juan D'Arienzo,Orquesta Típica Juan D'Arienzo,9/18/1953,Mi Parejero,,Tango,Instrumental,Víctor,Micro,S-001652-1,68-1144B,Ataliva Montenegro,,,50-53 Salamanca + New Bandoneons,Mi Parejero,2,,Fulvio Salamanca,Victorio Virgilito,"Enrique Alessio, Eladio Blanco, Carlos Lázzari, Felipe Riccardo, Aldo Junnissi","Cayetano Puglisi, Blas Pensato, Jaime Ferrer, Pablo Hechím","Piano, Bass, 5 Bandoneons, 4 Violins",,,,
Juan D'Arienzo,Orquesta Típica Juan D'Arienzo,9/18/1953,Piringundín,,Milonga,Alberto Echagüe,Víctor,Tape,S-001648-1,68-1143B,Pintín Castellanos,Pintín Castellanos,,53-57 Tape,Piringundín,2,,Fulvio Salamanca,Victorio Virgilito,"Enrique Alessio, Eladio Blanco, Carlos Lázzari, Felipe Riccardo, Aldo Junnissi","Cayetano Puglisi, Blas Pensato, Jaime Ferrer, Pablo Hechím","Piano, Bass, 5 Bandoneons, 4 Violins",,,,
Juan D'Arienzo,Orquesta Típica Juan D'Arienzo,9/18/1953,Vas Muerto en la Parada,,Tango,Alberto Echagüe,Víctor,Tape,S-001650,68-1142B,Mortimer Rodríguez,Antonio Casciani,,53-57 Tape,Vas Muerto en la Parada,2,,Fulvio Salamanca,Victorio Virgilito,"Enrique Alessio, Eladio Blanco, Carlos Lázzari, Felipe Riccardo, Aldo Junnissi","Cayetano Puglisi, Blas Pensato, Jaime Ferrer, Pablo Hechím","Piano, Bass, 5 Bandoneons, 4 Violins",,,,
Juan D'Arienzo,Orquesta Típica Juan D'Arienzo,12/28/1953,Independencia,,Tango,Instrumental,Víctor,Tape,S-001891-1,68-1408B / AVL-3179B,Alfredo Bevilacqua,Antonio Polito,,53-57 Tape,Independencia,2,,Fulvio Salamanca,Victorio Virgilito,"Enrique Alessio, Eladio Blanco, Carlos Lázzari, Felipe Riccardo, Aldo Junnissi","Cayetano Puglisi, Blas Pensato, Jaime Ferrer, Pablo Hechím","Piano, Bass, 5 Bandoneons, 4 Violins",Single,53-57 Tape,B,1953-12-28_Independencia_D-Arienzo
Juan D'Arienzo,Orquesta Típica Juan D'Arienzo,12/28/1953,Joaquina,,Tango,Instrumental,Víctor,Tape,S-001890-1,68-1407B,Juan Bergamino,,,53-57 Tape,Joaquina,2,,Fulvio Salamanca,Victorio Virgilito,"Enrique Alessio, Eladio Blanco, Carlos Lázzari, Felipe Riccardo, Aldo Junnissi","Cayetano Puglisi, Blas Pensato, Jaime Ferrer, Pablo Hechím","Piano, Bass, 5 Bandoneons, 4 Violins",Single,53-57 Tape,B,1953-12-28_Joaquina_D-Arienzo
Juan D'Arienzo,Orquesta Típica Juan D'Arienzo,12/28/1953,Mirando Al Cielo,,Tango,Armando Laborde,Víctor,Tape,S-001888-1,68-1407A,Cayetano Puglisi,Poncel Cantore,,53-57 Tape,Mirando Al Cielo,2,,Fulvio Salamanca,Victorio Virgilito,"Enrique Alessio, Eladio Blanco, Carlos Lázzari, Felipe Riccardo, Aldo Junnissi","Cayetano Puglisi, Blas Pensato, Jaime Ferrer, Pablo Hechím","Piano, Bass, 5 Bandoneons, 4 Violins",,,,
Juan D'Arienzo,Orquesta Típica Juan D'Arienzo,12/28/1953,Tango de la Media Noche,,Tango,Armando Laborde,Víctor,Tape,S-001889-1,68-1408A,Armando Venanzi,Héctor Marcó,,53-57 Tape,Tango de la Media Noche,2,,Fulvio Salamanca,Victorio Virgilito,"Enrique Alessio, Eladio Blanco, Carlos Lázzari, Felipe Riccardo, Aldo Junnissi","Cayetano Puglisi, Blas Pensato, Jaime Ferrer, Pablo Hechím","Piano, Bass, 5 Bandoneons, 4 Violins",Single,53-57 Tape,A,1953-12-28_Tango-De-La-Media-Noche_D-Arienzos
Juan D'Arienzo,Orquesta Típica Juan D'Arienzo,4/29/1954,Ahí Está,,Tango,Armando Laborde,Víctor,Tape,S-002082-1,68-1641A,Miguel Brunetti,Gastón Borderia,,53-57 Tape,Ahí Está,2,,Fulvio Salamanca,Victorio Virgilito,"Enrique Alessio, Eladio Blanco, Carlos Lázzari, Felipe Riccardo, Aldo Junnissi","Cayetano Puglisi, Blas Pensato, Jaime Ferrer, Pablo Hechím","Piano, Bass, 5 Bandoneons, 4 Violins",Single,53-57 Tape,A,1954-04-29_Ahi-Esta_D-Arienzo
Juan D'Arienzo,Orquesta Típica Juan D'Arienzo,4/29/1954,El Entrerriano,,Tango,Instrumental,Víctor,Tape,S-002086,68-1642A,Anselmo Mendizábal,Ernesto Amor,,53-57 Tape,El Entrerriano,2,,Fulvio Salamanca,Victorio Virgilito,"Enrique Alessio, Eladio Blanco, Carlos Lázzari, Felipe Riccardo, Aldo Junnissi","Cayetano Puglisi, Blas Pensato, Jaime Ferrer, Pablo Hechím","Piano, Bass, 5 Bandoneons, 4 Violins",,,,
Juan D'Arienzo,Orquesta Típica Juan D'Arienzo,4/29/1954,El Torito,,Milonga,Instrumental,Víctor,Tape,2085-2,68-1640B,Ángel Villoldo,"Carlos Pesce, Antonio Polito",,53-57 Tape,El Torito,2,,Fulvio Salamanca,Victorio Virgilito,"Enrique Alessio, Eladio Blanco, Carlos Lázzari, Felipe Riccardo, Aldo Junnissi","Cayetano Puglisi, Blas Pensato, Jaime Ferrer, Pablo Hechím","Piano, Bass, 5 Bandoneons, 4 Violins",Single,53-57 Tape,B,1954-04-29_El-Torito_D-Arienzo
Juan D'Arienzo,Orquesta Típica Juan D'Arienzo,4/29/1954,Felicia,,Tango,Instrumental,Víctor,Tape,S-002084-1,68-1641B,Enrique Saborido,Carlos Pacheco,,53-57 Tape,Felicia,3,,Fulvio Salamanca,Victorio Virgilito,"Enrique Alessio, Eladio Blanco, Carlos Lázzari, Felipe Riccardo, Aldo Junnissi","Cayetano Puglisi, Blas Pensato, Jaime Ferrer, Pablo Hechím","Piano, Bass, 5 Bandoneons, 4 Violins",Single,53-57 Tape,B,1954-04-29_Felicia_D-Arienzo
Juan D'Arienzo,Orquesta Típica Juan D'Arienzo,4/29/1954,Te Odio y Te Quiero,,Tango,Alberto Echagüe,Víctor,Tape,S-002083-1,68-1640A,Enrique Alessio,Reinaldo Yiso,,53-57 Tape,Te Odio y Te Quiero,3,,Fulvio Salamanca,Victorio Virgilito,"Enrique Alessio, Eladio Blanco, Carlos Lázzari, Felipe Riccardo, Aldo Junnissi","Cayetano Puglisi, Blas Pensato, Jaime Ferrer, Pablo Hechím","Piano, Bass, 5 Bandoneons, 4 Violins",EP,Éxitos De J.D'. Volumen 1,A,
Juan D'Arienzo,Orquesta Típica Juan D'Arienzo,4/29/1954,Tu Boca Mintió,,Tango,Armando Laborde,Víctor,Tape,S-002087,68-1642B,"Armando Ángeletti, Alberto Longo","Armando Ángeletti, Alberto Longo",,53-57 Tape,Tu Boca Mintió,2,,Fulvio Salamanca,Victorio Virgilito,"Enrique Alessio, Eladio Blanco, Carlos Lázzari, Felipe Riccardo, Aldo Junnissi","Cayetano Puglisi, Blas Pensato, Jaime Ferrer, Pablo Hechím","Piano, Bass, 5 Bandoneons, 4 Violins",,,,
Juan D'Arienzo,Orquesta Típica Juan D'Arienzo,8/13/1954,Canzoneta,,Tango,Armando Laborde,Víctor,Tape,S-002749,Victor (Argentina) 68-1788-B,Erma Casa,Enrique Storch,,53-57 Tape,Canzoneta,3,,Fulvio Salamanca,Victorio Virgilito,"Enrique Alessio, Eladio Blanco, Carlos Lázzari, Felipe Riccardo, Aldo Junnissi","Cayetano Puglisi, Blas Pensato, Jaime Ferrer, Pablo Hechím","Piano, Bass, 5 Bandoneons, 4 Violins",,,,
Juan D'Arienzo,Orquesta Típica Juan D'Arienzo,8/13/1954,El Choclo,,Tango,Instrumental,Víctor,Tape,S-002478,Victor (Argentina) 68-1788-A,Ángel Arroyo,"Juan Catán, Enrique Discépolo",,53-57 Tape,El Choclo,3,,Fulvio Salamanca,Victorio Virgilito,"Enrique Alessio, Eladio Blanco, Carlos Lázzari, Felipe Riccardo, Aldo Junnissi","Cayetano Puglisi, Blas Pensato, Jaime Ferrer, Pablo Hechím","Piano, Bass, 5 Bandoneons, 4 Violins",Single,53-57 Tape,A,1954-08-13_El-Choclo_D-Arienzo
Juan D'Arienzo,Orquesta Típica Juan D'Arienzo,9/1/1954,Ché Existencialista,,Tango,Alberto Echagüe,Víctor,Tape,S-003303-1,1A-0106A,Mario Villa,Rodolfo Martínez,,53-57 Tape,Ché Existencialista,2,,Fulvio Salamanca,Victorio Virgilito,"Enrique Alessio, Eladio Blanco, Carlos Lázzari, Felipe Riccardo, Aldo Junnissi","Cayetano Puglisi, Blas Pensato, Jaime Ferrer, Pablo Hechím","Piano, Bass, 5 Bandoneons, 4 Violins",Single,53-57 Tape,A,1954-09-01_Che-Existencialista_D-Arienzo
Juan D'Arienzo,Orquesta Típica Juan D'Arienzo,9/1/1954,El Vino Triste,,Tango,Armando Laborde,Víctor,Tape,S-003304-1,1A-0106B,Juan D'Arienzo,Manuel Romero,,53-57 Tape,El Vino Triste,3,,Fulvio Salamanca,Victorio Virgilito,"Enrique Alessio, Eladio Blanco, Carlos Lázzari, Felipe Riccardo, Aldo Junnissi","Cayetano Puglisi, Blas Pensato, Jaime Ferrer, Pablo Hechím","Piano, Bass, 5 Bandoneons, 4 Violins",,,,
Juan D'Arienzo,Orquesta Típica Juan D'Arienzo,9/1/1954,La Sonrisa de Mamá,,Vals,Armando Laborde,Víctor,Tape,S-003302,1A-0066B,"Carlos Bahr, Juan D'Arienzo, Fulvio Salamanca","Carlos Bahr, Juan D'Arienzo, Fulvio Salamanca",,53-57 Tape,La Sonrisa de Mamá,2,,Fulvio Salamanca,Victorio Virgilito,"Enrique Alessio, Eladio Blanco, Carlos Lázzari, Felipe Riccardo, Aldo Junnissi","Cayetano Puglisi, Blas Pensato, Jaime Ferrer, Pablo Hechím","Piano, Bass, 5 Bandoneons, 4 Violins",Single,53-57 Tape,B,1954-09-01_La-Sonrisa-De-Mama_D-Arienzo
Juan D'Arienzo,Orquesta Típica Juan D'Arienzo,9/1/1954,Sentimiento de Calavera,,Tango,Alberto Echagüe,Víctor,Tape,S-003301,1A-0066A,Miguel Bucino,Miguel Bucino,,53-57 Tape,Sentimiento de Calavera,2,,Fulvio Salamanca,Victorio Virgilito,"Enrique Alessio, Eladio Blanco, Carlos Lázzari, Felipe Riccardo, Aldo Junnissi","Cayetano Puglisi, Blas Pensato, Jaime Ferrer, Pablo Hechím","Piano, Bass, 5 Bandoneons, 4 Violins",EP,Exitos de J.D'. - Volumen 5,A,
Juan D'Arienzo,Orquesta Típica Juan D'Arienzo,11/2/1954,Don Orlando,,Tango,Instrumental,Víctor,Tape,S-003497,1A-0190B,Héctor Varela,Alberto Nery,,53-57 Tape,Don Orlando,2,,Fulvio Salamanca,Victorio Virgilito,"Enrique Alessio, Eladio Blanco, Carlos Lázzari, Felipe Riccardo, Aldo Junnissi","Cayetano Puglisi, Blas Pensato, Jaime Ferrer, Pablo Hechím","Piano, Bass, 5 Bandoneons, 4 Violins",,,,
Juan D'Arienzo,Orquesta Típica Juan D'Arienzo,11/2/1954,Dos Guitas,,Tango,Alberto Echagüe,Víctor,Tape,S-003500,1A-0346B,Juan D'Arienzo,Francisco Gorrindo,,53-57 Tape,Dos Guitas,2,,Fulvio Salamanca,Victorio Virgilito,"Enrique Alessio, Eladio Blanco, Carlos Lázzari, Felipe Riccardo, Aldo Junnissi","Cayetano Puglisi, Blas Pensato, Jaime Ferrer, Pablo Hechím","Piano, Bass, 5 Bandoneons, 4 Violins",,,,
Juan D'Arienzo,Orquesta Típica Juan D'Arienzo,11/2/1954,Fatal y Tanguera,,Tango,Armando Laborde,Víctor,Tape,S-003498,1A-0190A,Ángel Domínguez,Aldo Queirolo,,53-57 Tape,Fatal y Tanguera,2,,Fulvio Salamanca,Victorio Virgilito,"Enrique Alessio, Eladio Blanco, Carlos Lázzari, Felipe Riccardo, Aldo Junnissi","Cayetano Puglisi, Blas Pensato, Jaime Ferrer, Pablo Hechím","Piano, Bass, 5 Bandoneons, 4 Violins",EP,Exitos de J.D'. - Volumen 5,B,
Juan D'Arienzo,Orquesta Típica Juan D'Arienzo,11/2/1954,Guapo y Querendón,,Tango,Armando Laborde,Víctor,Tape,S-003501,EU-16009,Ernesto De La Cruz,José Bazán,,53-57 Tape,Guapo y Querendón,2,,Fulvio Salamanca,Victorio Virgilito,"Enrique Alessio, Eladio Blanco, Carlos Lázzari, Felipe Riccardo, Aldo Junnissi","Cayetano Puglisi, Blas Pensato, Jaime Ferrer, Pablo Hechím","Piano, Bass, 5 Bandoneons, 4 Violins",,,,
Juan D'Arienzo,Orquesta Típica Juan D'Arienzo,11/2/1954,Muchachos Arranquemos Para el Centro,,Tango,Alberto Echagüe,Víctor,Tape,S-003502,1A-0255A,"Francisco Martínez, Roberto Rufino","Francisco Martínez, Roberto Rufino",,53-57 Tape,Muchachos Arranquemos Para el Centro,2,,Fulvio Salamanca,Victorio Virgilito,"Enrique Alessio, Eladio Blanco, Carlos Lázzari, Felipe Riccardo, Aldo Junnissi","Cayetano Puglisi, Blas Pensato, Jaime Ferrer, Pablo Hechím","Piano, Bass, 5 Bandoneons, 4 Violins",Single,53-57 Tape,A,1954-11-02_Muchachos-Arranquemos-Para-El-Centro_D-Arienzo
Juan D'Arienzo,Orquesta Típica Juan D'Arienzo,11/2/1954,Tristeza Criolla,,Vals,Armando Laborde,Víctor,Tape,S-003499,1A-0300B,Ignacio Corsini,Julián Charras,,53-57 Tape,Tristeza Criolla,2,,Fulvio Salamanca,Victorio Virgilito,"Enrique Alessio, Eladio Blanco, Carlos Lázzari, Felipe Riccardo, Aldo Junnissi","Cayetano Puglisi, Blas Pensato, Jaime Ferrer, Pablo Hechím","Piano, Bass, 5 Bandoneons, 4 Violins",,,,
Juan D'Arienzo,Orquesta Típica Juan D'Arienzo,11/10/1954,El Tarta,,Tango,Alberto Echagüe,Víctor,Tape,S-003536,1A-0338B,José Rizzuti,Emilio Fresedo,,53-57 Tape,El Tarta,2,,Fulvio Salamanca,Victorio Virgilito,"Enrique Alessio, Eladio Blanco, Carlos Lázzari, Felipe Riccardo, Aldo Junnissi","Cayetano Puglisi, Blas Pensato, Jaime Ferrer, Pablo Hechím","Piano, Bass, 5 Bandoneons, 4 Violins",Single,53-57 Tape,B,1954-11-10_El-Tarta_D-Arienzo
Juan D'Arienzo,Orquesta Típica Juan D'Arienzo,11/10/1954,Esta Noche Me Emborracho,,Tango,Alberto Echagüe,Víctor,Tape,S-003534,1A-0322A,Enrique Discépolo,Enrique Discépolo,,53-57 Tape,Esta Noche Me Emborracho,4,,Fulvio Salamanca,Victorio Virgilito,"Enrique Alessio, Eladio Blanco, Carlos Lázzari, Felipe Riccardo, Aldo Junnissi","Cayetano Puglisi, Blas Pensato, Jaime Ferrer, Pablo Hechím","Piano, Bass, 5 Bandoneons, 4 Violins",Single,53-57 Tape,A,1954-11-10_Esta-Noche-Me-Emborracho_D-Arienzo
Juan D'Arienzo,Orquesta Típica Juan D'Arienzo,11/10/1954,La Payanca,,Tango,Instrumental,Víctor,Tape,S-003533,1A-0255B,Augusto Berto,Jesús Blanco,,53-57 Tape,La Payanca,3,,Fulvio Salamanca,Victorio Virgilito,"Enrique Alessio, Eladio Blanco, Carlos Lázzari, Felipe Riccardo, Aldo Junnissi","Cayetano Puglisi, Blas Pensato, Jaime Ferrer, Pablo Hechím","Piano, Bass, 5 Bandoneons, 4 Violins",,,,
Juan D'Arienzo,Orquesta Típica Juan D'Arienzo,11/10/1954,Pero Pobre de Ellos,,Tango,Alberto Echagüe,Víctor,Tape,S-003535,1A-0329A,Carlos Leguisamo,Carlosdel Pueblo,,53-57 Tape,Pero Pobre de Ellos,2,,Fulvio Salamanca,Victorio Virgilito,"Enrique Alessio, Eladio Blanco, Carlos Lázzari, Felipe Riccardo, Aldo Junnissi","Cayetano Puglisi, Blas Pensato, Jaime Ferrer, Pablo Hechím","Piano, Bass, 5 Bandoneons, 4 Violins",,,,
Juan D'Arienzo,Orquesta Típica Juan D'Arienzo,12/10/1954,Don Pacífico,,Tango,Instrumental,Víctor,Tape,S-003617,1A-0339A,Arturo De Bassi,,,53-57 Tape,Don Pacífico,3,,Fulvio Salamanca,Victorio Virgilito,"Enrique Alessio, Eladio Blanco, Carlos Lázzari, Felipe Riccardo, Aldo Junnissi","Cayetano Puglisi, Blas Pensato, Jaime Ferrer, Pablo Hechím","Piano, Bass, 5 Bandoneons, 4 Violins",,,,
Juan D'Arienzo,Orquesta Típica Juan D'Arienzo,12/10/1954,El Internado,,Tango,Instrumental,Víctor,Tape,S-003616,1A-0329B,Francisco Canaro,,,53-57 Tape,El Internado,3,,Fulvio Salamanca,Victorio Virgilito,"Enrique Alessio, Eladio Blanco, Carlos Lázzari, Felipe Riccardo, Aldo Junnissi","Cayetano Puglisi, Blas Pensato, Jaime Ferrer, Pablo Hechím","Piano, Bass, 5 Bandoneons, 4 Violins",Single,53-57 Tape,B,1954-12-10_El-Internado_D-Arienzo
Juan D'Arienzo,Orquesta Típica Juan D'Arienzo,12/10/1954,El Irresistible,,Tango,Instrumental,Víctor,Tape,S-003621,1A-0346A / AVL-3179A,Lorenzo Logatti,Carlos Pesce,,53-57 Tape,El Irresistible,3,,Fulvio Salamanca,Victorio Virgilito,"Enrique Alessio, Eladio Blanco, Carlos Lázzari, Felipe Riccardo, Aldo Junnissi","Cayetano Puglisi, Blas Pensato, Jaime Ferrer, Pablo Hechím","Piano, Bass, 5 Bandoneons, 4 Violins",Single,53-57 Tape,A,1954-12-10_El-Irresistible_D-Arienzo
Juan D'Arienzo,Orquesta Típica Juan D'Arienzo,12/10/1954,El Marne,,Tango,Instrumental,Víctor,Tape,S-003620,1A-0300A,Eduardo Arolas,Gabriel Clausi,,53-57 Tape,El Marne,2,,Fulvio Salamanca,Victorio Virgilito,"Enrique Alessio, Eladio Blanco, Carlos Lázzari, Felipe Riccardo, Aldo Junnissi","Cayetano Puglisi, Blas Pensato, Jaime Ferrer, Pablo Hechím","Piano, Bass, 5 Bandoneons, 4 Violins",Single,53-57 Tape,A,1954-12-10_El-Marne_D-Arienzo
Juan D'Arienzo,Orquesta Típica Juan D'Arienzo,12/10/1954,Homero,,Tango,Instrumental,Víctor,Tape,3619,1A-0322B,Roberto Firpo,,,53-57 Tape,Homero,3,,Fulvio Salamanca,Victorio Virgilito,"Enrique Alessio, Eladio Blanco, Carlos Lázzari, Felipe Riccardo, Aldo Junnissi","Cayetano Puglisi, Blas Pensato, Jaime Ferrer, Pablo Hechím","Piano, Bass, 5 Bandoneons, 4 Violins",Single,53-57 Tape,B,1954-12-10_Homero_D-Arienzo
Juan D'Arienzo,Orquesta Típica Juan D'Arienzo,12/10/1954,No Te Vayas Mi Bien,,Tango,Armando Laborde,Víctor,Tape,S-003622,1A-0339B,"Miguel Bucino, Vito Citta","Miguel Bucino, Vito Cejas",,53-57 Tape,No Te Vayas Mi Bien,2,,Fulvio Salamanca,Victorio Virgilito,"Enrique Alessio, Eladio Blanco, Carlos Lázzari, Felipe Riccardo, Aldo Junnissi","Cayetano Puglisi, Blas Pensato, Jaime Ferrer, Pablo Hechím","Piano, Bass, 5 Bandoneons, 4 Violins",,,,
Juan D'Arienzo,Orquesta Típica Juan D'Arienzo,12/10/1954,Pampa,,Tango,Instrumental,Víctor,Tape,3618,1A-0338A,Francisco Pracánico,,,53-57 Tape,Pampa,3,,Fulvio Salamanca,Victorio Virgilito,"Enrique Alessio, Eladio Blanco, Carlos Lázzari, Felipe Riccardo, Aldo Junnissi","Cayetano Puglisi, Blas Pensato, Jaime Ferrer, Pablo Hechím","Piano, Bass, 5 Bandoneons, 4 Violins",Single,53-57 Tape,A,1954-12-10_Pampa_D-Arienzo
Juan D'Arienzo,Orquesta Típica Juan D'Arienzo,12/28/1954,Viento Sur,,Tango,Instrumental,Víctor,Tape,,,Fulvio Salamanca,,,53-57 Tape,Viento Sur,2,,Fulvio Salamanca,Victorio Virgilito,"Enrique Alessio, Eladio Blanco, Carlos Lázzari, Felipe Riccardo, Aldo Junnissi","Cayetano Puglisi, Blas Pensato, Jaime Ferrer, Pablo Hechím","Piano, Bass, 5 Bandoneons, 4 Violins",Single,53-57 Tape,A,1954-12-28_Viento-Sur_D-Arienzo
Juan D'Arienzo,Orquesta Típica Juan D'Arienzo,6/10/1955,Como una de Tantas,,Tango,Alberto Echagüe,Víctor,Tape,3985,1A-0666B,Carlos Lázzari,Carlos Bahr,,53-57 Tape,Como una de Tantas,2,,Fulvio Salamanca,Victorio Virgilito,"Enrique Alessio, Eladio Blanco, Carlos Lázzari, Felipe Riccardo, Aldo Junnissi","Cayetano Puglisi, Blas Pensato, Jaime Ferrer, Pablo Hechím","Piano, Bass, 5 Bandoneons, 4 Violins",Single,53-57 Tape,B,1955-06-10_Como-Una-De-Tantas_D-Arienzo
Juan D'Arienzo,Orquesta Típica Juan D'Arienzo,6/10/1955,De Abolengo,,Tango,Alberto Echagüe,Víctor,Tape,3980,1A-0495A,Eladio Blanco,Raúl Hormaza,,53-57 Tape,De Abolengo,2,,Fulvio Salamanca,Victorio Virgilito,"Enrique Alessio, Eladio Blanco, Carlos Lázzari, Felipe Riccardo, Aldo Junnissi","Cayetano Puglisi, Blas Pensato, Jaime Ferrer, Pablo Hechím","Piano, Bass, 5 Bandoneons, 4 Violins",,,,
Juan D'Arienzo,Orquesta Típica Juan D'Arienzo,6/10/1955,Hoy Me Vas a Escuchar,,Tango,Armando Laborde,Víctor,Tape,3979,1A-0492B,"Juan D'Arienzo, Fulvio Salamanca",Carlos Bahr,,53-57 Tape,Hoy Me Vas a Escuchar,2,,Fulvio Salamanca,Victorio Virgilito,"Enrique Alessio, Eladio Blanco, Carlos Lázzari, Felipe Riccardo, Aldo Junnissi","Cayetano Puglisi, Blas Pensato, Jaime Ferrer, Pablo Hechím","Piano, Bass, 5 Bandoneons, 4 Violins",,,,
Juan D'Arienzo,Orquesta Típica Juan D'Arienzo,6/10/1955,Jueves,,Tango,Instrumental,Víctor,Tape,3977,1A-0492A / AVL-3179A,"Rafael Rossi, Udelino Toranzo",,,53-57 Tape,Jueves,3,,Fulvio Salamanca,Victorio Virgilito,"Enrique Alessio, Eladio Blanco, Carlos Lázzari, Felipe Riccardo, Aldo Junnissi","Cayetano Puglisi, Blas Pensato, Jaime Ferrer, Pablo Hechím","Piano, Bass, 5 Bandoneons, 4 Violins",Single,53-57 Tape,A,1955-06-10_Jueves_D-Arienzo
Juan D'Arienzo,Orquesta Típica Juan D'Arienzo,6/10/1955,La Endiablada,,Milonga,Instrumental,Víctor,Tape,3986-2,1A-0494B,Pintín Castellanos,,,53-57 Tape,La Endiablada,2,,Fulvio Salamanca,Victorio Virgilito,"Enrique Alessio, Eladio Blanco, Carlos Lázzari, Felipe Riccardo, Aldo Junnissi","Cayetano Puglisi, Blas Pensato, Jaime Ferrer, Pablo Hechím","Piano, Bass, 5 Bandoneons, 4 Violins",,,,
Juan D'Arienzo,Orquesta Típica Juan D'Arienzo,6/10/1955,Malas Mañas,,Tango,Alberto Echagüe,Víctor,Tape,3983,1A-0557A,Alfonso Marchiolo,Alberto Akerman,,53-57 Tape,Malas Mañas,2,,Fulvio Salamanca,Victorio Virgilito,"Enrique Alessio, Eladio Blanco, Carlos Lázzari, Felipe Riccardo, Aldo Junnissi","Cayetano Puglisi, Blas Pensato, Jaime Ferrer, Pablo Hechím","Piano, Bass, 5 Bandoneons, 4 Violins",,,,
Juan D'Arienzo,Orquesta Típica Juan D'Arienzo,6/10/1955,Matrimonio,,Tango,Alberto Echagüe,Víctor,Tape,3978-2,1A-0494A,Roberto Losi,Héctor Gagliardi,,53-57 Tape,Matrimonio,2,,Fulvio Salamanca,Victorio Virgilito,"Enrique Alessio, Eladio Blanco, Carlos Lázzari, Felipe Riccardo, Aldo Junnissi","Cayetano Puglisi, Blas Pensato, Jaime Ferrer, Pablo Hechím","Piano, Bass, 5 Bandoneons, 4 Violins",,,,
Juan D'Arienzo,Orquesta Típica Juan D'Arienzo,6/10/1955,Pero Te Sigo Queriendo,,Tango,Armando Laborde,Víctor,Tape,3981,1A-0495B,Enrique Alessio,Reinaldo Ghiso,,53-57 Tape,Pero Te Sigo Queriendo,2,,Fulvio Salamanca,Victorio Virgilito,"Enrique Alessio, Eladio Blanco, Carlos Lázzari, Felipe Riccardo, Aldo Junnissi","Cayetano Puglisi, Blas Pensato, Jaime Ferrer, Pablo Hechím","Piano, Bass, 5 Bandoneons, 4 Violins",,,,
Juan D'Arienzo,Orquesta Típica Juan D'Arienzo,6/10/1955,Viento Sur,,Tango,Instrumental,Víctor,Tape,S-003984,1A-0493A,Fulvio Salamanca,,,53-57 Tape,Viento Sur,3,,Fulvio Salamanca,Victorio Virgilito,"Enrique Alessio, Eladio Blanco, Carlos Lázzari, Felipe Riccardo, Aldo Junnissi","Cayetano Puglisi, Blas Pensato, Jaime Ferrer, Pablo Hechím","Piano, Bass, 5 Bandoneons, 4 Violins",Single,53-57 Tape,A,1955-06-10_Viento-Sur_D-Arienzo
Juan D'Arienzo,Orquesta Típica Juan D'Arienzo,6/10/1955,Ya Lo Ves,,Tango,Armando Laborde,Víctor,Tape,3982-2,1A-0493B,Juan D'Arienzo,Luis Rubistein,,53-57 Tape,Ya Lo Ves,2,,Fulvio Salamanca,Victorio Virgilito,"Enrique Alessio, Eladio Blanco, Carlos Lázzari, Felipe Riccardo, Aldo Junnissi","Cayetano Puglisi, Blas Pensato, Jaime Ferrer, Pablo Hechím","Piano, Bass, 5 Bandoneons, 4 Violins",Single,53-57 Tape,B,1955-06-10_Ya-Lo-Ves_D-Arienzo
Juan D'Arienzo,Orquesta Típica Juan D'Arienzo,6/24/1955,Mala Pasión,,Tango,Armando Laborde,Víctor,Tape,4023,1A-0501A,Clemente Arnaiz,Carlos Bahr,,53-57 Tape,Mala Pasión,2,,Fulvio Salamanca,Victorio Virgilito,"Enrique Alessio, Eladio Blanco, Carlos Lázzari, Felipe Riccardo, Aldo Junnissi","Cayetano Puglisi, Blas Pensato, Jaime Ferrer, Pablo Hechím","Piano, Bass, 5 Bandoneons, 4 Violins",Single,53-57 Tape,A,1955-06-24_Mala-Pasion_D-Arienzo
Juan D'Arienzo,Orquesta Típica Juan D'Arienzo,6/24/1955,Trago Amargo,,Tango,Alberto Echagüe,Víctor,Tape,4030,1A-0501B,Rafael Iriarte,Julio Navarrine,,53-57 Tape,Trago Amargo,3,,Fulvio Salamanca,Victorio Virgilito,"Enrique Alessio, Eladio Blanco, Carlos Lázzari, Felipe Riccardo, Aldo Junnissi","Cayetano Puglisi, Blas Pensato, Jaime Ferrer, Pablo Hechím","Piano, Bass, 5 Bandoneons, 4 Violins",Single,53-57 Tape,B,1955-06-24_Trago-Amargo_D-Arienzo
Juan D'Arienzo,Orquesta Típica Juan D'Arienzo,7/1/1955,El Rezongón,,Tango,Instrumental,Víctor,Tape,4066,1A-0557B,Rafael Natta,,,53-57 Tape,El Rezongón,3,,Fulvio Salamanca,Victorio Virgilito,"Enrique Alessio, Eladio Blanco, Carlos Lázzari, Felipe Riccardo, Aldo Junnissi","Cayetano Puglisi, Blas Pensato, Jaime Ferrer, Pablo Hechím","Piano, Bass, 5 Bandoneons, 4 Violins",,,,
Juan D'Arienzo,Orquesta Típica Juan D'Arienzo,7/1/1955,Guapo y Querendón,,Tango,Armando Laborde,Víctor,Tape,S-004067,1A-0666A,Ernesto De La Cruz,José Bazán,,53-57 Tape,Guapo y Querendón,2,,Fulvio Salamanca,Victorio Virgilito,"Enrique Alessio, Eladio Blanco, Carlos Lázzari, Felipe Riccardo, Aldo Junnissi","Cayetano Puglisi, Blas Pensato, Jaime Ferrer, Pablo Hechím","Piano, Bass, 5 Bandoneons, 4 Violins",Single,53-57 Tape,A,1955-07-01_Guapo-Y-Querendon_D-Arienzo
Juan D'Arienzo,Orquesta Típica Juan D'Arienzo,8/9/1955,El Chupete,,Tango,Instrumental,Víctor,Tape,4110,1A-0556A,Carlos Gaudencio,Ángel Polito,,53-57 Tape,El Chupete,3,,Fulvio Salamanca,Victorio Virgilito,"Enrique Alessio, Eladio Blanco, Carlos Lázzari, Felipe Riccardo, Aldo Junnissi","Cayetano Puglisi, Blas Pensato, Jaime Ferrer, Pablo Hechím","Piano, Bass, 5 Bandoneons, 4 Violins",,,,
Juan D'Arienzo,Orquesta Típica Juan D'Arienzo,8/9/1955,La Catrera,,Tango,Instrumental,Víctor,Tape,4113,1A-0667B,Arturo De Bassi,,,53-57 Tape,La Catrera,2,,Fulvio Salamanca,Victorio Virgilito,"Enrique Alessio, Eladio Blanco, Carlos Lázzari, Felipe Riccardo, Aldo Junnissi","Cayetano Puglisi, Blas Pensato, Jaime Ferrer, Pablo Hechím","Piano, Bass, 5 Bandoneons, 4 Violins",,,,
Juan D'Arienzo,Orquesta Típica Juan D'Arienzo,8/9/1955,Porque Tú Me Lo Pides,,Vals,Alberto Echagüe,Víctor,Tape,4111,1A-0556B,"Alberto Echagüe, Enrique Alessio, Fulvio Salamanca","Alberto Echagüe, Enrique Alessio, Fulvio Salamanca",,53-57 Tape,Porque Tú Me Lo Pides,2,,Fulvio Salamanca,Victorio Virgilito,"Enrique Alessio, Eladio Blanco, Carlos Lázzari, Felipe Riccardo, Aldo Junnissi","Cayetano Puglisi, Blas Pensato, Jaime Ferrer, Pablo Hechím","Piano, Bass, 5 Bandoneons, 4 Violins",,,,
Juan D'Arienzo,Orquesta Típica Juan D'Arienzo,8/9/1955,Suavemente,,Tango,Alberto Echagüe,Víctor,Tape,4112,1A-0667A,Miguel Bucino,Miguel Bucino,,53-57 Tape,Suavemente,2,,Fulvio Salamanca,Victorio Virgilito,"Enrique Alessio, Eladio Blanco, Carlos Lázzari, Felipe Riccardo, Aldo Junnissi","Cayetano Puglisi, Blas Pensato, Jaime Ferrer, Pablo Hechím","Piano, Bass, 5 Bandoneons, 4 Violins",,,,
Juan D'Arienzo,Orquesta Típica Juan D'Arienzo,12/22/1955,Avivate Pipistrelo,,Tango,Alberto Echagüe,Víctor,Tape,4814,1A-0696B,Josefina Fuente,"Antonio Marra, Diego Marra",,53-57 Tape,Avivate Pipistrelo,2,,Fulvio Salamanca,Victorio Virgilito,"Enrique Alessio, Eladio Blanco, Carlos Lázzari, Felipe Riccardo, Aldo Junnissi","Cayetano Puglisi, Blas Pensato, Jaime Ferrer, Pablo Hechím","Piano, Bass, 5 Bandoneons, 4 Violins",Single,53-57 Tape,B,1955-12-22_Avivate-Pipistrelo_D-Arienzo
Juan D'Arienzo,Orquesta Típica Juan D'Arienzo,12/22/1955,Bien Jaileife,,Tango,Alberto Echagüe,Víctor,Tape,4812,1A-0695B,Vicente Demarco,"Silvio Marinucci, Oscar Lucchesi",,53-57 Tape,Bien Jaileife,2,,Fulvio Salamanca,Victorio Virgilito,"Enrique Alessio, Eladio Blanco, Carlos Lázzari, Felipe Riccardo, Aldo Junnissi","Cayetano Puglisi, Blas Pensato, Jaime Ferrer, Pablo Hechím","Piano, Bass, 5 Bandoneons, 4 Violins",,,,
Juan D'Arienzo,Orquesta Típica Juan D'Arienzo,12/22/1955,Eras Como la Flor,,Tango,Armando Laborde,Víctor,Tape,4813,1A-0696A,Roberto Rufino,Mario Arrieta,,53-57 Tape,Eras Como la Flor,2,,Fulvio Salamanca,Victorio Virgilito,"Enrique Alessio, Eladio Blanco, Carlos Lázzari, Felipe Riccardo, Aldo Junnissi","Cayetano Puglisi, Blas Pensato, Jaime Ferrer, Pablo Hechím","Piano, Bass, 5 Bandoneons, 4 Violins",Single,53-57 Tape,A,1955-12-22_Eras-Como-La-Flor_D-Arienzo
Juan D'Arienzo,Orquesta Típica Juan D'Arienzo,12/22/1955,Loca,,Tango,Instrumental,Víctor,Tape,4815,1A-0695A / AVL-3179A,Manuel Jovés,Antonio Viérgol,,53-57 Tape,Loca,4,,Fulvio Salamanca,Victorio Virgilito,"Enrique Alessio, Eladio Blanco, Carlos Lázzari, Felipe Riccardo, Aldo Junnissi","Cayetano Puglisi, Blas Pensato, Jaime Ferrer, Pablo Hechím","Piano, Bass, 5 Bandoneons, 4 Violins",,,,
Juan D'Arienzo,Orquesta Típica Juan D'Arienzo,5/17/1956,Chamusquina,Nada,Tango,Alberto Echagüe,Víctor,Tape,4957,1A-0870A,"Juan D'Arienzo, Fulvio Salamanca",Carlos Waiss,,53-57 Tape,Chamusquina,2,,Fulvio Salamanca,Victorio Virgilito,"Enrique Alessio, Eladio Blanco, Carlos Lázzari, Felipe Riccardo, Aldo Junnissi","Cayetano Puglisi, Blas Pensato, Jaime Ferrer, Pablo Hechím","Piano, Bass, 5 Bandoneons, 4 Violins",,,,
Juan D'Arienzo,Orquesta Típica Juan D'Arienzo,5/17/1956,La Tango,,Tango,Alberto Echagüe,Víctor,Tape,4960,1A-0871B,Irazal Lázzari,Alberto Bonfanti,,53-57 Tape,La Tango,2,,Fulvio Salamanca,Victorio Virgilito,"Enrique Alessio, Eladio Blanco, Carlos Lázzari, Felipe Riccardo, Aldo Junnissi","Cayetano Puglisi, Blas Pensato, Jaime Ferrer, Pablo Hechím","Piano, Bass, 5 Bandoneons, 4 Violins",,,,
Juan D'Arienzo,Orquesta Típica Juan D'Arienzo,5/17/1956,Me Quieres y Te Quiero,,Vals,Armando Laborde,Víctor,Tape,4959,1A-0871A,Virgilio Virgilito,Antonio Cantó,,53-57 Tape,Me Quieres y Te Quiero,2,,Fulvio Salamanca,Victorio Virgilito,"Enrique Alessio, Eladio Blanco, Carlos Lázzari, Felipe Riccardo, Aldo Junnissi","Cayetano Puglisi, Blas Pensato, Jaime Ferrer, Pablo Hechím","Piano, Bass, 5 Bandoneons, 4 Violins",,,,
Juan D'Arienzo,Orquesta Típica Juan D'Arienzo,5/17/1956,Palabras Amargas,,Tango,Armando Laborde,Víctor,Tape,4958,1A-0870B,Enrique Alessio,Reinaldo Ghiso,,53-57 Tape,Palabras Amargas,2,,Fulvio Salamanca,Victorio Virgilito,"Enrique Alessio, Eladio Blanco, Carlos Lázzari, Felipe Riccardo, Aldo Junnissi","Cayetano Puglisi, Blas Pensato, Jaime Ferrer, Pablo Hechím","Piano, Bass, 5 Bandoneons, 4 Violins",,,,
Juan D'Arienzo,Orquesta Típica Juan D'Arienzo,5/23/1956,Carpeta,,Tango,Alberto Echagüe,Víctor,Tape,4965,1A-0878A,Roberto Rufino,Enrique Cadícamo,,53-57 Tape,Carpeta,,,Fulvio Salamanca,Victorio Virgilito,"Enrique Alessio, Eladio Blanco, Carlos Lázzari, Felipe Riccardo, Aldo Junnissi","Cayetano Puglisi, Blas Pensato, Jaime Ferrer, Pablo Hechím","Piano, Bass, 5 Bandoneons, 4 Violins",Single,53-57 Tape,A,1956-05-23_Carpeta_D-Arienzo
Juan D'Arienzo,Orquesta Típica Juan D'Arienzo,5/23/1956,Sin Barco y Sin Amor,,Tango,Armando Laborde,Víctor,Tape,,,Erma Casa,Enrique Lary,,53-57 Tape,Sin Barco y Sin Amor,,,Fulvio Salamanca,Victorio Virgilito,"Enrique Alessio, Eladio Blanco, Carlos Lázzari, Felipe Riccardo, Aldo Junnissi","Cayetano Puglisi, Blas Pensato, Jaime Ferrer, Pablo Hechím","Piano, Bass, 5 Bandoneons, 4 Violins",,,,
Juan D'Arienzo,Orquesta Típica Juan D'Arienzo,7/19/1956,Ay Mimosa,,Tango,Armando Laborde,Víctor,Tape,S5036-2,1A-0981B,"Juan D'Arienzo, Fulvio Salamanca",Carlos Waiss,,53-57 Tape,Ay Mimosa,,,Fulvio Salamanca,Victorio Virgilito,"Enrique Alessio, Eladio Blanco, Carlos Lázzari, Felipe Riccardo, Aldo Junnissi","Cayetano Puglisi, Blas Pensato, Jaime Ferrer, Pablo Hechím","Piano, Bass, 5 Bandoneons, 4 Violins",,,,
Juan D'Arienzo,Orquesta Típica Juan D'Arienzo,7/19/1956,Petitero,,Tango,Alberto Echagüe,Víctor,Tape,5035,1A-0981A,Santos Lipesker,"Aldo Cammarota, Armando Libreto",,53-57 Tape,Petitero,,,Fulvio Salamanca,Victorio Virgilito,"Enrique Alessio, Eladio Blanco, Carlos Lázzari, Felipe Riccardo, Aldo Junnissi","Cayetano Puglisi, Blas Pensato, Jaime Ferrer, Pablo Hechím","Piano, Bass, 5 Bandoneons, 4 Violins",,,,
Juan D'Arienzo,Orquesta Típica Juan D'Arienzo,8/23/1956,Aclaremos,,Tango,Alberto Echagüe,Víctor,Tape,S5086-2,1A-1065A,José Iglesias,José Iglesias,,53-57 Tape,Aclaremos,,,Fulvio Salamanca,Victorio Virgilito,"Enrique Alessio, Eladio Blanco, Carlos Lázzari, Felipe Riccardo, Aldo Junnissi","Cayetano Puglisi, Blas Pensato, Jaime Ferrer, Pablo Hechím","Piano, Bass, 5 Bandoneons, 4 Violins",,,,
Juan D'Arienzo,Orquesta Típica Juan D'Arienzo,8/23/1956,Calla Bandoneón,,Tango,Armando Laborde,Víctor,Tape,S5087-1,1A-1066B,Carlos Lázzari,Oscar Rubens,,53-57 Tape,Calla Bandoneón,,,Fulvio Salamanca,Victorio Virgilito,"Enrique Alessio, Eladio Blanco, Carlos Lázzari, Felipe Riccardo, Aldo Junnissi","Cayetano Puglisi, Blas Pensato, Jaime Ferrer, Pablo Hechím","Piano, Bass, 5 Bandoneons, 4 Violins",,,,
Juan D'Arienzo,Orquesta Típica Juan D'Arienzo,8/23/1956,Cantemos Corazón,,Tango,Armando Laborde,Víctor,Tape,S5084-1,1A-0878B,Enrique Alessio,Reinaldo Yiso,,53-57 Tape,Cantemos Corazón,,,Fulvio Salamanca,Victorio Virgilito,"Enrique Alessio, Eladio Blanco, Carlos Lázzari, Felipe Riccardo, Aldo Junnissi","Cayetano Puglisi, Blas Pensato, Jaime Ferrer, Pablo Hechím","Piano, Bass, 5 Bandoneons, 4 Violins",,,,
Juan D'Arienzo,Orquesta Típica Juan D'Arienzo,8/23/1956,Lloremos,,Tango,Armando Laborde,Víctor,Tape,S5085-1,1A-1067A,Alberto Núñez,Lorenzo Spanu,,53-57 Tape,Lloremos,,,Fulvio Salamanca,Victorio Virgilito,"Enrique Alessio, Eladio Blanco, Carlos Lázzari, Felipe Riccardo, Aldo Junnissi","Cayetano Puglisi, Blas Pensato, Jaime Ferrer, Pablo Hechím","Piano, Bass, 5 Bandoneons, 4 Violins",,,,
Juan D'Arienzo,Orquesta Típica Juan D'Arienzo,9/20/1956,Criticona,,Milonga,Alberto Echagüe,Víctor,Tape,S5126-1,1A-1065B,Eladio Blanco,Raúl Hormaza,,53-57 Tape,Criticona,,,Fulvio Salamanca,Victorio Virgilito,"Enrique Alessio, Eladio Blanco, Carlos Lázzari, Felipe Riccardo, Aldo Junnissi","Cayetano Puglisi, Blas Pensato, Jaime Ferrer, Pablo Hechím","Piano, Bass, 5 Bandoneons, 4 Violins",,,,
Juan D'Arienzo,Orquesta Típica Juan D'Arienzo,9/20/1956,Esta Vida Es Puro Grupo,,Tango,Alberto Echagüe,Víctor,Tape,S5125,1A-1173A,Nicolás Tavarozzi,Enrique Sotelo,,53-57 Tape,Esta Vida Es Puro Grupo,,,Fulvio Salamanca,Victorio Virgilito,"Enrique Alessio, Eladio Blanco, Carlos Lázzari, Felipe Riccardo, Aldo Junnissi","Cayetano Puglisi, Blas Pensato, Jaime Ferrer, Pablo Hechím","Piano, Bass, 5 Bandoneons, 4 Violins",,,,
Juan D'Arienzo,Orquesta Típica Juan D'Arienzo,9/20/1956,Llore Por los Dos,,Vals,Armando Laborde,Víctor,Tape,S5128,AVL-5015,Juancito Díaz,Osvaldo Campagnale,,53-57 Tape,Llore Por los Dos,,,Fulvio Salamanca,Victorio Virgilito,"Enrique Alessio, Eladio Blanco, Carlos Lázzari, Felipe Riccardo, Aldo Junnissi","Cayetano Puglisi, Blas Pensato, Jaime Ferrer, Pablo Hechím","Piano, Bass, 5 Bandoneons, 4 Violins",,,,
Juan D'Arienzo,Orquesta Típica Juan D'Arienzo,9/20/1956,Olga,,Vals,Instrumental,Víctor,Tape,S5127-1,1A-1067B,Francisco Peña,,,53-57 Tape,Olga,,,Fulvio Salamanca,Victorio Virgilito,"Enrique Alessio, Eladio Blanco, Carlos Lázzari, Felipe Riccardo, Aldo Junnissi","Cayetano Puglisi, Blas Pensato, Jaime Ferrer, Pablo Hechím","Piano, Bass, 5 Bandoneons, 4 Violins",Single,53-57 Tape,B,1956-09-20_Olga_D-Arienzo
Juan D'Arienzo,Orquesta Típica Juan D'Arienzo,9/20/1956,Pampeana,,Milonga,Instrumental,Víctor,Tape,S5129-1,1A-1066A,Pedro Laurenz,,,53-57 Tape,Pampeana,,,Fulvio Salamanca,Victorio Virgilito,"Enrique Alessio, Eladio Blanco, Carlos Lázzari, Felipe Riccardo, Aldo Junnissi","Cayetano Puglisi, Blas Pensato, Jaime Ferrer, Pablo Hechím","Piano, Bass, 5 Bandoneons, 4 Violins",,,,
Juan D'Arienzo,Orquesta Típica Juan D'Arienzo,9/20/1956,Que Me Quiten Lo Bailao,,Tango,Armando Laborde,Víctor,Tape,S5124,1A-1173B,Miguel Bucino,Miguel Bucino,,53-57 Tape,Que Me Quiten Lo Bailao,,,Fulvio Salamanca,Victorio Virgilito,"Enrique Alessio, Eladio Blanco, Carlos Lázzari, Felipe Riccardo, Aldo Junnissi","Cayetano Puglisi, Blas Pensato, Jaime Ferrer, Pablo Hechím","Piano, Bass, 5 Bandoneons, 4 Violins",,,,
Juan D'Arienzo,Orquesta Típica Juan D'Arienzo,12/12/1956,Cantemos Corazón,,Tango,Libertad Lamarque,Víctor,Tape,TB0020-2,1A-1174B,Enrique Alessio,Reinaldo Yiso,,53-57 Tape,Cantemos Corazón,,,Fulvio Salamanca,Victorio Virgilito,"Enrique Alessio, Eladio Blanco, Carlos Lázzari, Felipe Riccardo, Aldo Junnissi","Cayetano Puglisi, Blas Pensato, Jaime Ferrer, Pablo Hechím","Piano, Bass, 5 Bandoneons, 4 Violins",Single,53-57 Tape,B,1956-12-12_Cantemos-Corazon_D-Arienzo
Juan D'Arienzo,Orquesta Típica Juan D'Arienzo,12/12/1956,Y Todavía Te Quiero,,Tango,Libertad Lamarque,Víctor,Tape,TB0019-2,1A-1174A,Luciano Leocata,Abel Aznar,,53-57 Tape,Y Todavía Te Quiero,,,Fulvio Salamanca,Victorio Virgilito,"Enrique Alessio, Eladio Blanco, Carlos Lázzari, Felipe Riccardo, Aldo Junnissi","Cayetano Puglisi, Blas Pensato, Jaime Ferrer, Pablo Hechím","Piano, Bass, 5 Bandoneons, 4 Violins",,,,
Juan D'Arienzo,Orquesta Típica Juan D'Arienzo,3/13/1957,El Puaso,,Tango,Instrumental,Víctor,Tape,TB0090,AVL-5015,"Alberto Casablanca, Dante Vignoli","Alberto Casablanca, Dante Vignoli",,53-57 Tape,El Puaso,,,Fulvio Salamanca,Victorio Virgilito,"Enrique Alessio, Eladio Blanco, Carlos Lázzari, Felipe Riccardo, Aldo Junnissi","Cayetano Puglisi, Blas Pensato, Jaime Ferrer, Pablo Hechím","Piano, Bass, 5 Bandoneons, 4 Violins",Single,53-57 Tape,A,1957-03-13_El-Puaso_D-Arienzo
Juan D'Arienzo,Orquesta Típica Juan D'Arienzo,3/13/1957,Yo Me Quedo con el Tango,,Tango,Alberto Echagüe,Víctor,Tape,TB0092,1A-1229A,Enrique Alessio,Reinaldo Yiso,,53-57 Tape,Yo Me Quedo con el Tango,,,Fulvio Salamanca,Victorio Virgilito,"Enrique Alessio, Eladio Blanco, Carlos Lázzari, Felipe Riccardo, Aldo Junnissi","Cayetano Puglisi, Blas Pensato, Jaime Ferrer, Pablo Hechím","Piano, Bass, 5 Bandoneons, 4 Violins",,,,
Juan D'Arienzo,Orquesta Típica Juan D'Arienzo,3/13/1957,Yo Soy Repique de Tango,,Tango,Armando Laborde,Víctor,Tape,TB0091,1A-1229B,"Ramón Rodríguez, Ascencio Rodríguez",Celedonio Flores,,53-57 Tape,Yo Soy Repique de Tango,,,Fulvio Salamanca,Victorio Virgilito,"Enrique Alessio, Eladio Blanco, Carlos Lázzari, Felipe Riccardo, Aldo Junnissi","Cayetano Puglisi, Blas Pensato, Jaime Ferrer, Pablo Hechím","Piano, Bass, 5 Bandoneons, 4 Violins",Single,53-57 Tape,B,1957-03-13_Yo-Soy-Repique-De-Tango_D-Arienzo
Juan D'Arienzo,Orquesta Típica Juan D'Arienzo,5/8/1957,Andate Por Dios,,Tango,Jorge Valdez,Víctor,Tape,TB0140-3,AVS-3088A / 1A-2025B,Eladio Blanco,Raúl Hormaza,,57-64 Polito,Andate Por Dios,,,Juan Polito,Victorio Virgilito,"Enrique Alessio, Eladio Blanco, Carlos Lázzari, Felipe Riccardo, Aldo Junnissi","Cayetano Puglisi, Blas Pensato, Jaime Ferrer, Pablo Hechím","Piano, Bass, 5 Bandoneons, 4 Violins",LP,Bien Porteno,A,Bien Porteno
Juan D'Arienzo,Orquesta Típica Juan D'Arienzo,5/8/1957,Llegando a Puerto,,Tango,Mario Bustos,Víctor,Tape,TB0139-2,1A-2025A / AVS-3088A,Mario Lapunzina,Enrique Lary,,57-64 Polito,Llegando a Puerto,,,Juan Polito,Victorio Virgilito,"Enrique Alessio, Eladio Blanco, Carlos Lázzari, Felipe Riccardo, Aldo Junnissi","Cayetano Puglisi, Blas Pensato, Jaime Ferrer, Pablo Hechím","Piano, Bass, 5 Bandoneons, 4 Violins",Single,57-64 Polito,A,1957-05-08_Llegando-A-Puerto_D-Arienzo
Juan D'Arienzo,Orquesta Típica Juan D'Arienzo,6/13/1957,Bien Porteña,,Milonga,Instrumental,Víctor,Tape,TB0188,1A-1306B / AVS-3088,Enrique Alessio,,,57-64 Polito,Bien Porteña,,,Juan Polito,Victorio Virgilito,"Enrique Alessio, Eladio Blanco, Carlos Lázzari, Felipe Riccardo, Aldo Junnissi","Cayetano Puglisi, Blas Pensato, Jaime Ferrer, Pablo Hechím","Piano, Bass, 5 Bandoneons, 4 Violins",LP,Bien Porteno,A,Bien Porteno
Juan D'Arienzo,Orquesta Típica Juan D'Arienzo,6/13/1957,No Te Quiero Más,,Tango,Mario Bustos,Víctor,Tape,TB0187,1A-1306A / AVS-3088A,Juan Baüer,Juan Estapé,,57-64 Polito,No Te Quiero Más,,,Juan Polito,Victorio Virgilito,"Enrique Alessio, Eladio Blanco, Carlos Lázzari, Felipe Riccardo, Aldo Junnissi","Cayetano Puglisi, Blas Pensato, Jaime Ferrer, Pablo Hechím","Piano, Bass, 5 Bandoneons, 4 Violins",LP,Bien Porteno,A,Bien Porteno
Juan D'Arienzo,Orquesta Típica Juan D'Arienzo,6/29/1957,Destino de Flor,,Tango,Jorge Valdez,Víctor,Tape,TB0213,1A-1318 / AVS-3088B,Roberto Rufino,Alejandro Romay,,57-64 Polito,Destino de Flor,,,Juan Polito,Victorio Virgilito,"Enrique Alessio, Eladio Blanco, Carlos Lázzari, Felipe Riccardo, Aldo Junnissi","Cayetano Puglisi, Blas Pensato, Jaime Ferrer, Pablo Hechím","Piano, Bass, 5 Bandoneons, 4 Violins",LP,Bien Porteno,A,Bien Porteno
Juan D'Arienzo,Orquesta Típica Juan D'Arienzo,7/19/1957,Don Goyo,,Tango,Instrumental,Víctor,Tape,TB0236,1A-1336 / AVS-3088B,Luis Bernstein,,,57-64 Polito,Don Goyo,,,Juan Polito,Victorio Virgilito,"Enrique Alessio, Eladio Blanco, Carlos Lázzari, Felipe Riccardo, Aldo Junnissi","Cayetano Puglisi, Blas Pensato, Jaime Ferrer, Pablo Hechím","Piano, Bass, 5 Bandoneons, 4 Violins",LP,Bien Porteno,A,Bien Porteno
Juan D'Arienzo,Orquesta Típica Juan D'Arienzo,6/29/1957,Julie,,Tango,Instrumental,Víctor,Tape,TB0211,1A-1317 / AVS-3088A,"Enrique Alessio, Carlos Lázzari",,,57-64 Polito,Julie,,,Juan Polito,Victorio Virgilito,"Enrique Alessio, Eladio Blanco, Carlos Lázzari, Felipe Riccardo, Aldo Junnissi","Cayetano Puglisi, Blas Pensato, Jaime Ferrer, Pablo Hechím","Piano, Bass, 5 Bandoneons, 4 Violins",LP,Bien Porteno,A,Bien Porteno
Juan D'Arienzo,Orquesta Típica Juan D'Arienzo,6/29/1957,La Calesita,,Tango,Jorge Valdez,Víctor,Tape,TB0212,1A-1317 / AVS-3088A,Mariano Mores,Cátulo Castillo,,57-64 Polito,La Calesita,,,Juan Polito,Victorio Virgilito,"Enrique Alessio, Eladio Blanco, Carlos Lázzari, Felipe Riccardo, Aldo Junnissi","Cayetano Puglisi, Blas Pensato, Jaime Ferrer, Pablo Hechím","Piano, Bass, 5 Bandoneons, 4 Violins",LP,Bien Porteno,A,Bien Porteno
Juan D'Arienzo,Orquesta Típica Juan D'Arienzo,6/29/1957,Mandría,,Tango,Mario Bustos,Víctor,Tape,TB0214,1A-1318 / AVS-3088B,Juan Rodríguez,"Juan Velich, Francisco Brancatti",,57-64 Polito,Mandría,,,Juan Polito,Victorio Virgilito,"Enrique Alessio, Eladio Blanco, Carlos Lázzari, Felipe Riccardo, Aldo Junnissi","Cayetano Puglisi, Blas Pensato, Jaime Ferrer, Pablo Hechím","Piano, Bass, 5 Bandoneons, 4 Violins",LP,Bien Porteno,A,Bien Porteno
Juan D'Arienzo,Orquesta Típica Juan D'Arienzo,7/19/1957,Susanita,Yo Me Quedo con el Tango,Tango,Mario Bustos,Víctor,Tape,TB0237,1A-1336 / AVS-3088B,Enrique Alessio,Reinaldo Yiso,,57-64 Polito,Susanita,,,Juan Polito,Victorio Virgilito,"Enrique Alessio, Eladio Blanco, Carlos Lázzari, Felipe Riccardo, Aldo Junnissi","Cayetano Puglisi, Blas Pensato, Jaime Ferrer, Pablo Hechím","Piano, Bass, 5 Bandoneons, 4 Violins",LP,Bien Porteno,A,Bien Porteno
Juan D'Arienzo,Orquesta Típica Juan D'Arienzo,8/2/1957,El Reloj,,Tango,Jorge Valdez,Víctor,Tape,TB0252,1A-1348 / AVS-3088B,García Cantoral,García Cantoral,,57-64 Polito,El Reloj,,,Juan Polito,Victorio Virgilito,"Enrique Alessio, Eladio Blanco, Carlos Lázzari, Felipe Riccardo, Aldo Junnissi","Cayetano Puglisi, Blas Pensato, Jaime Ferrer, Pablo Hechím","Piano, Bass, 5 Bandoneons, 4 Violins",LP,Bien Porteno,A,Bien Porteno
Juan D'Arienzo,Orquesta Típica Juan D'Arienzo,8/2/1957,Señora Princesa,,Vals,Mario Bustos,Víctor,Tape,TB0253,1A-1348 / AVS-3088B,Atilio Bruni,Roberto Lambertucci,,57-64 Polito,Señora Princesa,,,Juan Polito,Victorio Virgilito,"Enrique Alessio, Eladio Blanco, Carlos Lázzari, Felipe Riccardo, Aldo Junnissi","Cayetano Puglisi, Blas Pensato, Jaime Ferrer, Pablo Hechím","Piano, Bass, 5 Bandoneons, 4 Violins",LP,Bien Porteno,A,Bien Porteno
Juan D'Arienzo,Orquesta Típica Juan D'Arienzo,8/8/1957,Apasionadamente,,Tango,Jorge Valdez,Víctor,Tape,TB0264,1A-1470,Eduardo Del Piano,Manuel Mañueco,,57-64 Polito,Apasionadamente,,,Juan Polito,Victorio Virgilito,"Enrique Alessio, Eladio Blanco, Carlos Lázzari, Felipe Riccardo, Aldo Junnissi","Cayetano Puglisi, Blas Pensato, Jaime Ferrer, Pablo Hechím","Piano, Bass, 5 Bandoneons, 4 Violins",Single,57-64 Polito,A,1957-08-08_Apasionadamente_D-Arienzo
Juan D'Arienzo,Orquesta Típica Juan D'Arienzo,8/8/1957,En el Rosal,,Vals,Jorge Valdez,Víctor,Tape,TB0265,1A-2088 / AVL-3127A,Cayetano Puglisi,Carlos Russo,,57-64 Polito,En el Rosal,,,Juan Polito,Victorio Virgilito,"Enrique Alessio, Eladio Blanco, Carlos Lázzari, Felipe Riccardo, Aldo Junnissi","Cayetano Puglisi, Blas Pensato, Jaime Ferrer, Pablo Hechím","Piano, Bass, 5 Bandoneons, 4 Violins",LP,Mas Grande Que Nunca,A,Mas Grande Que Nunca
Juan D'Arienzo,Orquesta Típica Juan D'Arienzo,8/8/1957,La Misma Canción,,Tango,Jorge Valdez,Víctor,Tape,TB0263,1A-2063,Carlos Lázzari,Abel Aznar,,57-64 Polito,La Misma Canción,,,Juan Polito,Victorio Virgilito,"Enrique Alessio, Eladio Blanco, Carlos Lázzari, Felipe Riccardo, Aldo Junnissi","Cayetano Puglisi, Blas Pensato, Jaime Ferrer, Pablo Hechím","Piano, Bass, 5 Bandoneons, 4 Violins",,,,
Juan D'Arienzo,Orquesta Típica Juan D'Arienzo,8/8/1957,Quedémonos Aquí,,Tango,Jorge Valdez,Víctor,Tape,TB0262,1A-1371,Héctor Stamponi,Homero Expósito,,57-64 Polito,Quedémonos Aquí,,,Juan Polito,Victorio Virgilito,"Enrique Alessio, Eladio Blanco, Carlos Lázzari, Felipe Riccardo, Aldo Junnissi","Cayetano Puglisi, Blas Pensato, Jaime Ferrer, Pablo Hechím","Piano, Bass, 5 Bandoneons, 4 Violins",,,,
Juan D'Arienzo,Orquesta Típica Juan D'Arienzo,8/15/1957,Estas Cosas de la Vida,,Tango,Mario Bustos,Víctor,Tape,TB0291,1A-1371,Arturo Gallucci,Reinaldo Yiso,,57-64 Polito,Estas Cosas de la Vida,,,Juan Polito,Victorio Virgilito,"Enrique Alessio, Eladio Blanco, Carlos Lázzari, Felipe Riccardo, Aldo Junnissi","Cayetano Puglisi, Blas Pensato, Jaime Ferrer, Pablo Hechím","Piano, Bass, 5 Bandoneons, 4 Violins",,,,
Juan D'Arienzo,Orquesta Típica Juan D'Arienzo,8/22/1957,En el Cielo,,Tango,Jorge Valdez,Víctor,Tape,TB0304,1A-1403,Enrique Alessio,Enrique Lary,,57-64 Polito,En el Cielo,,,Juan Polito,Victorio Virgilito,"Enrique Alessio, Eladio Blanco, Carlos Lázzari, Felipe Riccardo, Aldo Junnissi","Cayetano Puglisi, Blas Pensato, Jaime Ferrer, Pablo Hechím","Piano, Bass, 5 Bandoneons, 4 Violins",EP,Bien Porteno,A,
Juan D'Arienzo,Orquesta Típica Juan D'Arienzo,8/22/1957,Si Soy Así,,Tango,Mario Bustos,Víctor,Tape,TB0305,1A-1403,Francisco Lomuto,Antonio Botta,,57-64 Polito,Si Soy Así,,,Juan Polito,Victorio Virgilito,"Enrique Alessio, Eladio Blanco, Carlos Lázzari, Felipe Riccardo, Aldo Junnissi","Cayetano Puglisi, Blas Pensato, Jaime Ferrer, Pablo Hechím","Piano, Bass, 5 Bandoneons, 4 Violins",Single,57-64 Polito,B,1957-08-22_Si-Soy-Asi_D-Arienzo
Juan D'Arienzo,Orquesta Típica Juan D'Arienzo,8/29/1957,Imperdonable,,Tango,Mario Bustos,Víctor,Tape,TB0323,1A-2063,Roberto Losi,Agustín Minotti,,57-64 Polito,Imperdonable,,,Juan Polito,Victorio Virgilito,"Enrique Alessio, Eladio Blanco, Carlos Lázzari, Felipe Riccardo, Aldo Junnissi","Cayetano Puglisi, Blas Pensato, Jaime Ferrer, Pablo Hechím","Piano, Bass, 5 Bandoneons, 4 Violins",Single,57-64 Polito,B,1957-08-29_Imperdonable_D-Arienzo
Juan D'Arienzo,Orquesta Típica Juan D'Arienzo,8/29/1957,Mi Amor y Tu Amor,,Tango,Jorge Valdez,Víctor,Tape,TB0322,1A-1570 / AVL-3127B,Reinaldo Ghiso,Enrique Alessio,,57-64 Polito,Mi Amor y Tu Amor,,,Juan Polito,Victorio Virgilito,"Enrique Alessio, Eladio Blanco, Carlos Lázzari, Felipe Riccardo, Aldo Junnissi","Cayetano Puglisi, Blas Pensato, Jaime Ferrer, Pablo Hechím","Piano, Bass, 5 Bandoneons, 4 Violins",LP,Mas Grande Que Nunca,A,Mas Grande Que Nunca
Juan D'Arienzo,Orquesta Típica Juan D'Arienzo,8/29/1957,Santa Milonguita,,Tango,Jorge Valdez,Víctor,Tape,TB0320,1A-1475,Enrique Delfino,Enrique Cadícamo,,57-64 Polito,Santa Milonguita,,,Juan Polito,Victorio Virgilito,"Enrique Alessio, Eladio Blanco, Carlos Lázzari, Felipe Riccardo, Aldo Junnissi","Cayetano Puglisi, Blas Pensato, Jaime Ferrer, Pablo Hechím","Piano, Bass, 5 Bandoneons, 4 Violins",,,,
Juan D'Arienzo,Orquesta Típica Juan D'Arienzo,5/22/1958,Castigo y Pasión,,Tango,Jorge Valdez,Víctor,Tape,0576,1A-1564 / AVL-3127,"Carlos Lázzari, Juan Polito",Ernesto Rodríguez,,57-64 Polito,Castigo y Pasión,,,Juan Polito,Victorio Virgilito,"Enrique Alessio, Eladio Blanco, Carlos Lázzari, Felipe Riccardo, Aldo Junnissi","Cayetano Puglisi, Blas Pensato, Jaime Ferrer, Pablo Hechím","Piano, Bass, 5 Bandoneons, 4 Violins",LP,Mas Grande Que Nunca,A,Mas Grande Que Nunca
Juan D'Arienzo,Orquesta Típica Juan D'Arienzo,5/22/1958,Papá,,Tango,Mario Bustos,Víctor,Tape,TB0575,1A-2088 / AVL-3127A,Enrique Alessio,Reinaldo Ghiso,,57-64 Polito,Papá,,,Juan Polito,Victorio Virgilito,"Enrique Alessio, Eladio Blanco, Carlos Lázzari, Felipe Riccardo, Aldo Junnissi","Cayetano Puglisi, Blas Pensato, Jaime Ferrer, Pablo Hechím","Piano, Bass, 5 Bandoneons, 4 Violins",LP,Mas Grande Que Nunca,A,Mas Grande Que Nunca
Juan D'Arienzo,Orquesta Típica Juan D'Arienzo,5/22/1958,Pienso,,Tango,Mario Bustos,Víctor,Tape,0577,1A-1564 / AVL-3127A,"Aldo Junnissi, Carlos Lázzari",Mario Bustos,,57-64 Polito,Pienso,,,Juan Polito,Victorio Virgilito,"Enrique Alessio, Eladio Blanco, Carlos Lázzari, Felipe Riccardo, Aldo Junnissi","Cayetano Puglisi, Blas Pensato, Jaime Ferrer, Pablo Hechím","Piano, Bass, 5 Bandoneons, 4 Violins",LP,Mas Grande Que Nunca,A,Mas Grande Que Nunca
Juan D'Arienzo,Orquesta Típica Juan D'Arienzo,5/28/1958,Andate con Tu Mamá,,Tango,Mario Bustos,Víctor,Tape,0594,1A-1570 / AVL-3127B,"Enrique Alessio, Carlos Lázzari",Mario Bustos,,57-64 Polito,Andate con Tu Mamá,,,Juan Polito,Victorio Virgilito,"Enrique Alessio, Eladio Blanco, Carlos Lázzari, Felipe Riccardo, Aldo Junnissi","Cayetano Puglisi, Blas Pensato, Jaime Ferrer, Pablo Hechím","Piano, Bass, 5 Bandoneons, 4 Violins",LP,Mas Grande Que Nunca,A,Mas Grande Que Nunca
Juan D'Arienzo,Orquesta Típica Juan D'Arienzo,5/28/1958,Muchachita de París,,Tango,Jorge Valdez,Víctor,Tape,0593,1A-1621 / AVL-3127A,Eladio Blanco,Raúl Hormaza,,57-64 Polito,Muchachita de París,,,Juan Polito,Victorio Virgilito,"Enrique Alessio, Eladio Blanco, Carlos Lázzari, Felipe Riccardo, Aldo Junnissi","Cayetano Puglisi, Blas Pensato, Jaime Ferrer, Pablo Hechím","Piano, Bass, 5 Bandoneons, 4 Violins",LP,Mas Grande Que Nunca,A,Mas Grande Que Nunca
Juan D'Arienzo,Orquesta Típica Juan D'Arienzo,5/28/1958,Que Seas Muy Feliz,Lita,Vals,Mario Bustos,Víctor,Tape,0591,1A-1571 / AVL-3127B,Roberto Rufino,Alejandro Romay,,57-64 Polito,Que Seas Muy Feliz,,,Juan Polito,Victorio Virgilito,"Enrique Alessio, Eladio Blanco, Carlos Lázzari, Felipe Riccardo, Aldo Junnissi","Cayetano Puglisi, Blas Pensato, Jaime Ferrer, Pablo Hechím","Piano, Bass, 5 Bandoneons, 4 Violins",LP,Mas Grande Que Nunca,A,Mas Grande Que Nunca
Juan D'Arienzo,Orquesta Típica Juan D'Arienzo,5/28/1958,Yo Sé Que Te Adoro,,Tango,Jorge Valdez,Víctor,Tape,0592,1A-1571 / AVL-3127B,"Juan Polito, Carlos Lázzari",Pedro Galelli,,57-64 Polito,Yo Sé Que Te Adoro,,,Juan Polito,Victorio Virgilito,"Enrique Alessio, Eladio Blanco, Carlos Lázzari, Felipe Riccardo, Aldo Junnissi","Cayetano Puglisi, Blas Pensato, Jaime Ferrer, Pablo Hechím","Piano, Bass, 5 Bandoneons, 4 Violins",LP,Mas Grande Que Nunca,A,Mas Grande Que Nunca
Juan D'Arienzo,Orquesta Típica Juan D'Arienzo,6/12/1958,Adiós Corazón,,Tango,Jorge Valdez,Víctor,Tape,0606,1A-1608 / AVL-3127B,Lalo Etchegoncelay,Héctor Sapelli,,57-64 Polito,Adiós Corazón,,,Juan Polito,Victorio Virgilito,"Enrique Alessio, Eladio Blanco, Carlos Lázzari, Felipe Riccardo, Aldo Junnissi","Cayetano Puglisi, Blas Pensato, Jaime Ferrer, Pablo Hechím","Piano, Bass, 5 Bandoneons, 4 Violins",LP,Mas Grande Que Nunca,A,Mas Grande Que Nunca
Juan D'Arienzo,Orquesta Típica Juan D'Arienzo,6/12/1958,Barrio de Guapos,Nyanzas y Malevos,Tango,Jorge Valdez,Víctor,Tape,0608,AVL-3150,Pintín Castellanos,Pintín Alves,,57-64 Polito,Barrio de Guapos,,,Juan Polito,Victorio Virgilito,"Enrique Alessio, Eladio Blanco, Carlos Lázzari, Felipe Riccardo, Aldo Junnissi","Cayetano Puglisi, Blas Pensato, Jaime Ferrer, Pablo Hechím","Piano, Bass, 5 Bandoneons, 4 Violins",EP,Volumen 1 - El Tango No Tiene Contra,A,
Juan D'Arienzo,Orquesta Típica Juan D'Arienzo,6/12/1958,Bueno Derecho y Varón,,Tango,Mario Bustos,Víctor,Tape,0604,1A-1608 / AVL-3127,Juan Polito,Ángel Gatti,,57-64 Polito,Bueno Derecho y Varón,,,Juan Polito,Victorio Virgilito,"Enrique Alessio, Eladio Blanco, Carlos Lázzari, Felipe Riccardo, Aldo Junnissi","Cayetano Puglisi, Blas Pensato, Jaime Ferrer, Pablo Hechím","Piano, Bass, 5 Bandoneons, 4 Violins",LP,Mas Grande Que Nunca,A,Mas Grande Que Nunca
Juan D'Arienzo,Orquesta Típica Juan D'Arienzo,6/12/1958,Igual Que Judas,,Tango,Jorge Valdez,Víctor,Tape,0607,1A-1654 / AVL-3127B,Carlos Auzón,José Rótulo,,57-64 Polito,Igual Que Judas,,,Juan Polito,Victorio Virgilito,"Enrique Alessio, Eladio Blanco, Carlos Lázzari, Felipe Riccardo, Aldo Junnissi","Cayetano Puglisi, Blas Pensato, Jaime Ferrer, Pablo Hechím","Piano, Bass, 5 Bandoneons, 4 Violins",LP,Mas Grande Que Nunca,A,Mas Grande Que Nunca
Juan D'Arienzo,Orquesta Típica Juan D'Arienzo,6/12/1958,No Tenemos Perdón,,Tango,Mario Bustos,Víctor,Tape,0605,1A-1621 / AVL-3127A,Edmundo Baya,Julio César,,57-64 Polito,No Tenemos Perdón,,,Juan Polito,Victorio Virgilito,"Enrique Alessio, Eladio Blanco, Carlos Lázzari, Felipe Riccardo, Aldo Junnissi","Cayetano Puglisi, Blas Pensato, Jaime Ferrer, Pablo Hechím","Piano, Bass, 5 Bandoneons, 4 Violins",LP,Mas Grande Que Nunca,A,Mas Grande Que Nunca
Juan D'Arienzo,Orquesta Típica Juan D'Arienzo,6/12/1958,Por Dónde Andarás,,Tango,Mario Bustos,Víctor,Tape,0603,1A-4005 / AVL-3127B,Salvador Merico,Atilio Supparo,,57-64 Polito,Por Dónde Andarás,,,Juan Polito,Victorio Virgilito,"Enrique Alessio, Eladio Blanco, Carlos Lázzari, Felipe Riccardo, Aldo Junnissi","Cayetano Puglisi, Blas Pensato, Jaime Ferrer, Pablo Hechím","Piano, Bass, 5 Bandoneons, 4 Violins",LP,Mas Grande Que Nunca,A,Mas Grande Que Nunca
Juan D'Arienzo,Orquesta Típica Juan D'Arienzo,6/19/1958,Lástima,,Tango,Jorge Valdez,Víctor,Tape,0609,AVL-3150,Juan Martínez,Luis Caruso,,57-64 Polito,Lástima,,,Juan Polito,Victorio Virgilito,"Enrique Alessio, Eladio Blanco, Carlos Lázzari, Felipe Riccardo, Aldo Junnissi","Cayetano Puglisi, Blas Pensato, Jaime Ferrer, Pablo Hechím","Piano, Bass, 5 Bandoneons, 4 Violins",,,,
Juan D'Arienzo,Orquesta Típica Juan D'Arienzo,6/19/1958,Nosotros,,Tango,Mario Bustos,Víctor,Tape,0610,AVL-3150,Enrique Alessio,Reinaldo Ghiso,,57-64 Polito,Nosotros,,,Juan Polito,Victorio Virgilito,"Enrique Alessio, Eladio Blanco, Carlos Lázzari, Felipe Riccardo, Aldo Junnissi","Cayetano Puglisi, Blas Pensato, Jaime Ferrer, Pablo Hechím","Piano, Bass, 5 Bandoneons, 4 Violins",,,,
Juan D'Arienzo,Orquesta Típica Juan D'Arienzo,6/19/1958,Que Dios Te Bendiga,,Tango,Jorge Valdez,Víctor,Tape,0616,1A-1653,"Victorio Virgillito, Aldo Junnissi",Antonio Cantó,,57-64 Polito,Que Dios Te Bendiga,,,Juan Polito,Victorio Virgilito,"Enrique Alessio, Eladio Blanco, Carlos Lázzari, Felipe Riccardo, Aldo Junnissi","Cayetano Puglisi, Blas Pensato, Jaime Ferrer, Pablo Hechím","Piano, Bass, 5 Bandoneons, 4 Violins",,,,
Juan D'Arienzo,Orquesta Típica Juan D'Arienzo,6/19/1958,Soy un Pálido Fantasma,,Tango,Mario Bustos,Víctor,Tape,0615,1A-1653,Osvaldo Tarantino,Ángel Gatti,,57-64 Polito,Soy un Pálido Fantasma,,,Juan Polito,Victorio Virgilito,"Enrique Alessio, Eladio Blanco, Carlos Lázzari, Felipe Riccardo, Aldo Junnissi","Cayetano Puglisi, Blas Pensato, Jaime Ferrer, Pablo Hechím","Piano, Bass, 5 Bandoneons, 4 Violins",,,,
Juan D'Arienzo,Orquesta Típica Juan D'Arienzo,7/3/1958,Baldosa Floja,,Milonga,Valdez Y Bustos,Víctor,Tape,0619,1A-1609,"Florindo Sassone, Julio Boccazzi",Dante Gilardoni,,57-64 Polito,Baldosa Floja,,,Juan Polito,Victorio Virgilito,"Enrique Alessio, Eladio Blanco, Carlos Lázzari, Felipe Riccardo, Aldo Junnissi","Cayetano Puglisi, Blas Pensato, Jaime Ferrer, Pablo Hechím","Piano, Bass, 5 Bandoneons, 4 Violins",EP,Volumen 2 - Mas Grande Que Nunca,B,
Juan D'Arienzo,Orquesta Típica Juan D'Arienzo,7/3/1958,El Tango No Tiene Contra,,Tango,Mario Bustos,Víctor,Tape,0620,1A-1743,"Juan Maffia, Carlos Demaría",Andrés Chinarro,,57-64 Polito,El Tango No Tiene Contra,,,Juan Polito,Victorio Virgilito,"Enrique Alessio, Eladio Blanco, Carlos Lázzari, Felipe Riccardo, Aldo Junnissi","Cayetano Puglisi, Blas Pensato, Jaime Ferrer, Pablo Hechím","Piano, Bass, 5 Bandoneons, 4 Violins",EP,Volumen 1 - El Tango No Tiene Contra,B,
Juan D'Arienzo,Orquesta Típica Juan D'Arienzo,7/10/1958,El Embrollo,,Tango,Instrumental,Víctor,Tape,0628,AVL-3150,Esteban Gilardi,,,57-64 Polito,El Embrollo,,,Juan Polito,Victorio Virgilito,"Enrique Alessio, Eladio Blanco, Carlos Lázzari, Felipe Riccardo, Aldo Junnissi","Cayetano Puglisi, Blas Pensato, Jaime Ferrer, Pablo Hechím","Piano, Bass, 5 Bandoneons, 4 Violins",EP,Volumen 1 - El Tango No Tiene Contra,A,
Juan D'Arienzo,Orquesta Típica Juan D'Arienzo,7/10/1958,Nada Más,Callejas Solo,Tango,Jorge Valdez,Víctor,Tape,0627,1A-1609,"Juan D'Arienzo, Luis Rubistein","Juan D'Arienzo, Luis Rubistein",,57-64 Polito,Nada Más,,,Juan Polito,Victorio Virgilito,"Enrique Alessio, Eladio Blanco, Carlos Lázzari, Felipe Riccardo, Aldo Junnissi","Cayetano Puglisi, Blas Pensato, Jaime Ferrer, Pablo Hechím","Piano, Bass, 5 Bandoneons, 4 Violins",EP,Volumen 2 - Mas Grande Que Nunca,B,
Juan D'Arienzo,Orquesta Típica Juan D'Arienzo,7/24/1958,Criollo de Ley,,Tango,Instrumental,Víctor,Tape,0637,1A-1805,"José Aiello, Carmelo Aiello","José Aiello, Carmelo Aiello",,57-64 Polito,Criollo de Ley,,,Juan Polito,Victorio Virgilito,"Enrique Alessio, Eladio Blanco, Carlos Lázzari, Felipe Riccardo, Aldo Junnissi","Cayetano Puglisi, Blas Pensato, Jaime Ferrer, Pablo Hechím","Piano, Bass, 5 Bandoneons, 4 Violins",Single,57-64 Polito,A,1958-07-24_Criollo-De-Ley_D-Arienzo
Juan D'Arienzo,Orquesta Típica Juan D'Arienzo,7/24/1958,Qué Me Importa Tu Pasado,,Tango,Mario Bustos,Víctor,Tape,0636,1A-1654,Manuel Sucher,Roberto Giménez,,57-64 Polito,Qué Me Importa Tu Pasado,,,Juan Polito,Victorio Virgilito,"Enrique Alessio, Eladio Blanco, Carlos Lázzari, Felipe Riccardo, Aldo Junnissi","Cayetano Puglisi, Blas Pensato, Jaime Ferrer, Pablo Hechím","Piano, Bass, 5 Bandoneons, 4 Violins",EP,Chirusa,B,
Juan D'Arienzo,Orquesta Típica Juan D'Arienzo,9/11/1958,No Llores Por Favor,,Tango,Jorge Valdez,Víctor,Tape,0643,AVL-3204,Alberto Longo,Juan Ricardi,,57-64 Polito,No Llores Por Favor,,,Juan Polito,Victorio Virgilito,"Enrique Alessio, Eladio Blanco, Carlos Lázzari, Felipe Riccardo, Aldo Junnissi","Cayetano Puglisi, Blas Pensato, Jaime Ferrer, Pablo Hechím","Piano, Bass, 5 Bandoneons, 4 Violins",EP,"No, No Me La Nombres",A,
Juan D'Arienzo,Orquesta Típica Juan D'Arienzo,9/11/1958,No Me Extraña,,Tango,Jorge Valdez,Víctor,Tape,0642,AVL-3150,"Alberto Celenza, Antonio Romano",Carlos Bahr,,57-64 Polito,No Me Extraña,,,Juan Polito,Victorio Virgilito,"Enrique Alessio, Eladio Blanco, Carlos Lázzari, Felipe Riccardo, Aldo Junnissi","Cayetano Puglisi, Blas Pensato, Jaime Ferrer, Pablo Hechím","Piano, Bass, 5 Bandoneons, 4 Violins",EP,"No, No Me La Nombres",B,
Juan D'Arienzo,Orquesta Típica Juan D'Arienzo,9/13/1958,Don Alejandro,,Tango,Instrumental,Víctor,Tape,0699,1A-1637,"Alejandro Junnissi, Carlos Lázzari",,,57-64 Polito,Don Alejandro,,,Juan Polito,Victorio Virgilito,"Enrique Alessio, Eladio Blanco, Carlos Lázzari, Felipe Riccardo, Aldo Junnissi","Cayetano Puglisi, Blas Pensato, Jaime Ferrer, Pablo Hechím","Piano, Bass, 5 Bandoneons, 4 Violins",,,,
Juan D'Arienzo,Orquesta Típica Juan D'Arienzo,9/13/1958,Un Vals Para Mamá,,Vals,Mario Bustos,Víctor,Tape,0698,1A-1637,Enrique Alessio,Reinaldo Ghiso,,57-64 Polito,Un Vals Para Mamá,,,Juan Polito,Victorio Virgilito,"Enrique Alessio, Eladio Blanco, Carlos Lázzari, Felipe Riccardo, Aldo Junnissi","Cayetano Puglisi, Blas Pensato, Jaime Ferrer, Pablo Hechím","Piano, Bass, 5 Bandoneons, 4 Violins",EP,Padre Mio Un Vals Para Mama Papa El Vals De Los 15 Años,A,
Juan D'Arienzo,Orquesta Típica Juan D'Arienzo,10/29/1958,Chirusa,,Tango,Jorge Valdez,Víctor,Tape,738,1A-1743,Juan D'Arienzo,Nolo López,,57-64 Polito,Chirusa,,,Juan Polito,Victorio Virgilito,"Enrique Alessio, Eladio Blanco, Carlos Lázzari, Felipe Riccardo, Aldo Junnissi","Cayetano Puglisi, Blas Pensato, Jaime Ferrer, Pablo Hechím","Piano, Bass, 5 Bandoneons, 4 Violins",,,,
Juan D'Arienzo,Orquesta Típica Juan D'Arienzo,10/29/1958,Gerardo Matos Rodríguez,,Tango,Mario Bustos,Víctor,Tape,0743,1A-1671,Pablo Hechím,Raúl Rosales,,57-64 Polito,Gerardo Matos Rodríguez,,,Juan Polito,Victorio Virgilito,"Enrique Alessio, Eladio Blanco, Carlos Lázzari, Felipe Riccardo, Aldo Junnissi","Cayetano Puglisi, Blas Pensato, Jaime Ferrer, Pablo Hechím","Piano, Bass, 5 Bandoneons, 4 Violins",LP,Adios Chantecler,B,"Adiós, Chantecler"
Juan D'Arienzo,Orquesta Típica Juan D'Arienzo,10/29/1958,María Celosa,,Vals,Jorge Valdez,Víctor,Tape,,BATC-86251,Atilio Bruni,Roberto Lambertucci,,57-64 Polito,María Celosa,,,Juan Polito,Victorio Virgilito,"Enrique Alessio, Eladio Blanco, Carlos Lázzari, Felipe Riccardo, Aldo Junnissi","Cayetano Puglisi, Blas Pensato, Jaime Ferrer, Pablo Hechím","Piano, Bass, 5 Bandoneons, 4 Violins",,,,
Juan D'Arienzo,Orquesta Típica Juan D'Arienzo,10/29/1958,Marinera,,Tango,Jorge Valdez,Víctor,Tape,0741,1A-1671,Pedro Laurenz,Carlos Marín,,57-64 Polito,Marinera,,,Juan Polito,Victorio Virgilito,"Enrique Alessio, Eladio Blanco, Carlos Lázzari, Felipe Riccardo, Aldo Junnissi","Cayetano Puglisi, Blas Pensato, Jaime Ferrer, Pablo Hechím","Piano, Bass, 5 Bandoneons, 4 Violins",LP,Adios Chantecler,A,"Adiós, Chantecler"
Juan D'Arienzo,Orquesta Típica Juan D'Arienzo,11/12/1958,Che Fulano,,Tango,Mario Bustos,Víctor,Tape,0751,1A-1693,Félix Villa,"Mario Bustos, Reinaldo Yiso",,57-64 Polito,Che Fulano,,,Juan Polito,Victorio Virgilito,"Enrique Alessio, Eladio Blanco, Carlos Lázzari, Felipe Riccardo, Aldo Junnissi","Cayetano Puglisi, Blas Pensato, Jaime Ferrer, Pablo Hechím","Piano, Bass, 5 Bandoneons, 4 Violins",LP,Adios Chantecler,B,"Adiós, Chantecler"
Juan D'Arienzo,Orquesta Típica Juan D'Arienzo,11/12/1958,Justo un Año,,Tango,Mario Bustos,Víctor,Tape,0750,1A-1678,Miguel Bucino,Miguel Bucino,,57-64 Polito,Justo un Año,,,Juan Polito,Victorio Virgilito,"Enrique Alessio, Eladio Blanco, Carlos Lázzari, Felipe Riccardo, Aldo Junnissi","Cayetano Puglisi, Blas Pensato, Jaime Ferrer, Pablo Hechím","Piano, Bass, 5 Bandoneons, 4 Violins",LP,Adios Chantecler,B,"Adiós, Chantecler"
Juan D'Arienzo,Orquesta Típica Juan D'Arienzo,11/12/1958,Sabras Quién Soy,,Tango,Jorge Valdez,Víctor,Tape,0752,1A-1697,Alberto Tavarozzi,Santiago Adamini,,57-64 Polito,Sabras Quién Soy,,,Juan Polito,Victorio Virgilito,"Enrique Alessio, Eladio Blanco, Carlos Lázzari, Felipe Riccardo, Aldo Junnissi","Cayetano Puglisi, Blas Pensato, Jaime Ferrer, Pablo Hechím","Piano, Bass, 5 Bandoneons, 4 Violins",LP,Adios Chantecler,B,"Adiós, Chantecler"
Juan D'Arienzo,Orquesta Típica Juan D'Arienzo,11/19/1958,Adiós Chantecler,,Tango,Jorge Valdez,Víctor,Tape,0766,1A-1805,Enrique Cadícamo,Enrique Cadícamo,,57-64 Polito,Adiós Chantecler,,,Juan Polito,Victorio Virgilito,"Enrique Alessio, Eladio Blanco, Carlos Lázzari, Felipe Riccardo, Aldo Junnissi","Cayetano Puglisi, Blas Pensato, Jaime Ferrer, Pablo Hechím","Piano, Bass, 5 Bandoneons, 4 Violins",LP,Adios Chantecler,A,"Adiós, Chantecler"
Juan D'Arienzo,Orquesta Típica Juan D'Arienzo,11/19/1958,Moneda Sin Valor,,Tango,Jorge Valdez,Víctor,Tape,0765,AVE299,Gerónimo Yorio,Ana Yanelli,,57-64 Polito,Moneda Sin Valor,,,Juan Polito,Victorio Virgilito,"Enrique Alessio, Eladio Blanco, Carlos Lázzari, Felipe Riccardo, Aldo Junnissi","Cayetano Puglisi, Blas Pensato, Jaime Ferrer, Pablo Hechím","Piano, Bass, 5 Bandoneons, 4 Violins",EP,Moneda Sin Valor,A,
Juan D'Arienzo,Orquesta Típica Juan D'Arienzo,11/19/1958,Sin Alma y Sin Dios,,Tango,Jorge Valdez,Víctor,Tape,0767,1A-1693,Miguel Ratto,Agustín Minotti,,57-64 Polito,Sin Alma y Sin Dios,,,Juan Polito,Victorio Virgilito,"Enrique Alessio, Eladio Blanco, Carlos Lázzari, Felipe Riccardo, Aldo Junnissi","Cayetano Puglisi, Blas Pensato, Jaime Ferrer, Pablo Hechím","Piano, Bass, 5 Bandoneons, 4 Violins",LP,Adios Chantecler,B,"Adiós, Chantecler"
Juan D'Arienzo,Orquesta Típica Juan D'Arienzo,12/3/1958,Feliz Navidad,,Vals,Jorge Valdez,Víctor,Tape,0790,1A-1678,"Ernesto Rodríguez, Juan D'Arienzo, Juan Polito","Ernesto Rodríguez, Juan D'Arienzo, Juan Polito",,57-64 Polito,Feliz Navidad,,,Juan Polito,Victorio Virgilito,"Enrique Alessio, Eladio Blanco, Carlos Lázzari, Felipe Riccardo, Aldo Junnissi","Cayetano Puglisi, Blas Pensato, Jaime Ferrer, Pablo Hechím","Piano, Bass, 5 Bandoneons, 4 Violins",,,,
Juan D'Arienzo,Orquesta Típica Juan D'Arienzo,12/3/1958,La Sentada,,Tango,Instrumental,Víctor,Tape,0791,1A-4041,Horacio Susena,,,57-64 Polito,La Sentada,,,Juan Polito,Victorio Virgilito,"Enrique Alessio, Eladio Blanco, Carlos Lázzari, Felipe Riccardo, Aldo Junnissi","Cayetano Puglisi, Blas Pensato, Jaime Ferrer, Pablo Hechím","Piano, Bass, 5 Bandoneons, 4 Violins",,,,
Juan D'Arienzo,Orquesta Típica Juan D'Arienzo,12/10/1958,Barrio Belgrano,,Tango,Instrumental,Víctor,Tape,0798,1A-1772,Eladio Blanco,,,57-64 Polito,Barrio Belgrano,,,Juan Polito,Victorio Virgilito,"Enrique Alessio, Eladio Blanco, Carlos Lázzari, Felipe Riccardo, Aldo Junnissi","Cayetano Puglisi, Blas Pensato, Jaime Ferrer, Pablo Hechím","Piano, Bass, 5 Bandoneons, 4 Violins",,,,
Juan D'Arienzo,Orquesta Típica Juan D'Arienzo,12/10/1958,El Tigre Millán,,Tango,Mario Bustos,Víctor,Tape,0800,1A-1697,Francisco Canaro,Francisco Canaro,,57-64 Polito,El Tigre Millán,,,Juan Polito,Victorio Virgilito,"Enrique Alessio, Eladio Blanco, Carlos Lázzari, Felipe Riccardo, Aldo Junnissi","Cayetano Puglisi, Blas Pensato, Jaime Ferrer, Pablo Hechím","Piano, Bass, 5 Bandoneons, 4 Violins",LP,Adios Chantecler,B,"Adiós, Chantecler"
Juan D'Arienzo,Orquesta Típica Juan D'Arienzo,12/10/1958,No No Me la Nombres,,Tango,Mario Bustos,Víctor,Tape,0799,AVE300,"Carlos Lázzari, Tito Martínez",Reinaldo Ghiso,,57-64 Polito,No No Me la Nombres,,,Juan Polito,Victorio Virgilito,"Enrique Alessio, Eladio Blanco, Carlos Lázzari, Felipe Riccardo, Aldo Junnissi","Cayetano Puglisi, Blas Pensato, Jaime Ferrer, Pablo Hechím","Piano, Bass, 5 Bandoneons, 4 Violins",EP,"No, No Me La Nombres",A,
Juan D'Arienzo,Orquesta Típica Juan D'Arienzo,12/10/1958,Tu Noche Es Mi Noche,,Tango,Jorge Valdez,Víctor,Tape,0797,1A-1806,Armando Baliotti,Juan Locatelli,,57-64 Polito,Tu Noche Es Mi Noche,,,Juan Polito,Victorio Virgilito,"Enrique Alessio, Eladio Blanco, Carlos Lázzari, Felipe Riccardo, Aldo Junnissi","Cayetano Puglisi, Blas Pensato, Jaime Ferrer, Pablo Hechím","Piano, Bass, 5 Bandoneons, 4 Violins",LP,Pasajera,A,Pasajera
Juan D'Arienzo,Orquesta Típica Juan D'Arienzo,12/17/1958,Buenas Noches Mi Amor,,Tango,Jorge Valdez,Víctor,Tape,0817,1A-1772,Juan Polito,Ángel Gatti,,57-64 Polito,Buenas Noches Mi Amor,,,Juan Polito,Victorio Virgilito,"Enrique Alessio, Eladio Blanco, Carlos Lázzari, Felipe Riccardo, Aldo Junnissi","Cayetano Puglisi, Blas Pensato, Jaime Ferrer, Pablo Hechím","Piano, Bass, 5 Bandoneons, 4 Violins",LP,Adios Chantecler,A,"Adiós, Chantecler"
Juan D'Arienzo,Orquesta Típica Juan D'Arienzo,12/17/1958,Diez Años,10 Años,Tango,Jorge Valdez,Víctor,Tape,,,"Cayetano Puglisi, Pascual Gregorio",Manuel Campos,,57-64 Polito,Diez Años,,,Juan Polito,Victorio Virgilito,"Enrique Alessio, Eladio Blanco, Carlos Lázzari, Felipe Riccardo, Aldo Junnissi","Cayetano Puglisi, Blas Pensato, Jaime Ferrer, Pablo Hechím","Piano, Bass, 5 Bandoneons, 4 Violins",,,,
Juan D'Arienzo,Orquesta Típica Juan D'Arienzo,12/17/1958,Justo el Treinta y Uno,Justo el 31,Tango,Mario Bustos,Víctor,Tape,0818,1A-1806,Enrique Discépolo,"Enrique Discépolo, Raimundo Bernasconi",,57-64 Polito,Justo el Treinta y Uno,,,Juan Polito,Victorio Virgilito,"Enrique Alessio, Eladio Blanco, Carlos Lázzari, Felipe Riccardo, Aldo Junnissi","Cayetano Puglisi, Blas Pensato, Jaime Ferrer, Pablo Hechím","Piano, Bass, 5 Bandoneons, 4 Violins",LP,Adios Chantecler,A,"Adiós, Chantecler"
Juan D'Arienzo,Orquesta Típica Juan D'Arienzo,12/17/1958,Muñeca Brava,,Tango,Mario Bustos,Víctor,Tape,0820,1A-2164,Luis Visca,Enrique Cadícamo,,57-64 Polito,Muñeca Brava,,,Juan Polito,Victorio Virgilito,"Enrique Alessio, Eladio Blanco, Carlos Lázzari, Felipe Riccardo, Aldo Junnissi","Cayetano Puglisi, Blas Pensato, Jaime Ferrer, Pablo Hechím","Piano, Bass, 5 Bandoneons, 4 Violins",LP,Adios Chantecler,A,"Adiós, Chantecler"
Juan D'Arienzo,Orquesta Típica Juan D'Arienzo,12/23/1958,Bonanza,,Vals,Mario Bustos,Víctor,Tape,0829,AVL-3204,Armando Giannelli,José Ortega,,57-64 Polito,Bonanza,,,Juan Polito,Victorio Virgilito,"Enrique Alessio, Eladio Blanco, Carlos Lázzari, Felipe Riccardo, Aldo Junnissi","Cayetano Puglisi, Blas Pensato, Jaime Ferrer, Pablo Hechím","Piano, Bass, 5 Bandoneons, 4 Violins",LP,Adios Chantecler,A,"Adiós, Chantecler"
Juan D'Arienzo,Orquesta Típica Juan D'Arienzo,12/23/1958,Hasta Siempre Amor,,Tango,Jorge Valdez,Víctor,Tape,0827,1A-1750,Donato Racciatti,Federico Silva,,57-64 Polito,Hasta Siempre Amor,,,Juan Polito,Victorio Virgilito,"Enrique Alessio, Eladio Blanco, Carlos Lázzari, Felipe Riccardo, Aldo Junnissi","Cayetano Puglisi, Blas Pensato, Jaime Ferrer, Pablo Hechím","Piano, Bass, 5 Bandoneons, 4 Violins",EP,Chirusa,A,
Juan D'Arienzo,Orquesta Típica Juan D'Arienzo,12/23/1958,Más Grande Que Nunca,,Tango,Instrumental,Víctor,Tape,0830,1A-1750 / AVL-3179B,Carlos Alessio,,,57-64 Polito,Más Grande Que Nunca,,,Juan Polito,Victorio Virgilito,"Enrique Alessio, Eladio Blanco, Carlos Lázzari, Felipe Riccardo, Aldo Junnissi","Cayetano Puglisi, Blas Pensato, Jaime Ferrer, Pablo Hechím","Piano, Bass, 5 Bandoneons, 4 Violins",EP,Chirusa,B,
Juan D'Arienzo,Orquesta Típica Juan D'Arienzo,12/23/1958,Por Tu Culpa Te Perdi,,Tango,Jorge Valdez,Víctor,Tape,0828,1A-4004,Carlos Lázzari,Odín Fleitas,,57-64 Polito,Por Tu Culpa Te Perdi,,,Juan Polito,Victorio Virgilito,"Enrique Alessio, Eladio Blanco, Carlos Lázzari, Felipe Riccardo, Aldo Junnissi","Cayetano Puglisi, Blas Pensato, Jaime Ferrer, Pablo Hechím","Piano, Bass, 5 Bandoneons, 4 Violins",EP,El Vals De Los 15 Años,B,
Juan D'Arienzo,Orquesta Típica Juan D'Arienzo,10/15/1959,Casita de Nácar,,Tango,Jorge Valdez,Víctor,Tape,1302,1A-1815,Jorge Dragone,Ángel Gatti,,57-64 Polito,Casita de Nácar,,,Juan Polito,Victorio Virgilito,"Enrique Alessio, Eladio Blanco, Carlos Lázzari, Felipe Riccardo, Aldo Junnissi","Cayetano Puglisi, Blas Pensato, Jaime Ferrer, Pablo Hechím","Piano, Bass, 5 Bandoneons, 4 Violins",EP,La Negra Sofia,A,
Juan D'Arienzo,Orquesta Típica Juan D'Arienzo,10/15/1959,Dáme Mi Libertad,,Tango,Jorge Valdez,Víctor,Tape,1301,1A-1816,Manuel Sucher,Carlos Bahr,,57-64 Polito,Dáme Mi Libertad,,,Juan Polito,Victorio Virgilito,"Enrique Alessio, Eladio Blanco, Carlos Lázzari, Felipe Riccardo, Aldo Junnissi","Cayetano Puglisi, Blas Pensato, Jaime Ferrer, Pablo Hechím","Piano, Bass, 5 Bandoneons, 4 Violins",EP,La Negra Sofia,B,
Juan D'Arienzo,Orquesta Típica Juan D'Arienzo,10/15/1959,La Bruja,,Tango,Mario Bustos,Víctor,Tape,1303,1A-1816,Juan Polito,Francisco Gorrindo,,57-64 Polito,La Bruja,,,Juan Polito,Victorio Virgilito,"Enrique Alessio, Eladio Blanco, Carlos Lázzari, Felipe Riccardo, Aldo Junnissi","Cayetano Puglisi, Blas Pensato, Jaime Ferrer, Pablo Hechím","Piano, Bass, 5 Bandoneons, 4 Violins",EP,La Negra Sofia,B,
Juan D'Arienzo,Orquesta Típica Juan D'Arienzo,10/15/1959,La Negra Bozán,,Tango,Mario Bustos,Víctor,Tape,1300,1A-1815,Pablo Hechím,Pablo Hechím,,57-64 Polito,La Negra Bozán,,,Juan Polito,Victorio Virgilito,"Enrique Alessio, Eladio Blanco, Carlos Lázzari, Felipe Riccardo, Aldo Junnissi","Cayetano Puglisi, Blas Pensato, Jaime Ferrer, Pablo Hechím","Piano, Bass, 5 Bandoneons, 4 Violins",EP,La Negra Sofia,A,
Juan D'Arienzo,Orquesta Típica Juan D'Arienzo,10/29/1959,Calandria Triste,,Vals,Jorge Valdez,Víctor,Tape,,BATC-86251,Cayetano Puglisi,Reinaldo Yiso,,57-64 Polito,Calandria Triste,,,Juan Polito,Victorio Virgilito,"Enrique Alessio, Eladio Blanco, Carlos Lázzari, Felipe Riccardo, Aldo Junnissi","Cayetano Puglisi, Blas Pensato, Jaime Ferrer, Pablo Hechím","Piano, Bass, 5 Bandoneons, 4 Violins",,,,
Juan D'Arienzo,Orquesta Típica Juan D'Arienzo,10/29/1959,Con Alma de Tango,,Tango,Instrumental,Víctor,Tape,,,Juan D'Arienzo,Carlos Waiss,,57-64 Polito,Con Alma de Tango,,,Juan Polito,Victorio Virgilito,"Enrique Alessio, Eladio Blanco, Carlos Lázzari, Felipe Riccardo, Aldo Junnissi","Cayetano Puglisi, Blas Pensato, Jaime Ferrer, Pablo Hechím","Piano, Bass, 5 Bandoneons, 4 Violins",,,,
Juan D'Arienzo,Orquesta Típica Juan D'Arienzo,10/29/1959,No Me Vengas con Cuentos,,Tango,Mario Bustos,Víctor,Tape,,BATC-86251,Carlos Lázzari,Mario Álvarez,,57-64 Polito,No Me Vengas con Cuentos,,,Juan Polito,Victorio Virgilito,"Enrique Alessio, Eladio Blanco, Carlos Lázzari, Felipe Riccardo, Aldo Junnissi","Cayetano Puglisi, Blas Pensato, Jaime Ferrer, Pablo Hechím","Piano, Bass, 5 Bandoneons, 4 Violins",,,,
Juan D'Arienzo,Orquesta Típica Juan D'Arienzo,10/29/1959,Pasajera,,Tango,Jorge Valdez,Víctor,Tape,1334,1A-2164,Domingo Sciaraffía,Carmelo Volpe,,57-64 Polito,Pasajera,,,Juan Polito,Victorio Virgilito,"Enrique Alessio, Eladio Blanco, Carlos Lázzari, Felipe Riccardo, Aldo Junnissi","Cayetano Puglisi, Blas Pensato, Jaime Ferrer, Pablo Hechím","Piano, Bass, 5 Bandoneons, 4 Violins",LP,Pasajera,A,Pasajera
Juan D'Arienzo,Orquesta Típica Juan D'Arienzo,10/29/1959,Pero Solo Estoy Mejor,,Tango,Mario Bustos,Víctor,Tape,1336,AVE299,Carlos Lázzari,Julio Curi,,57-64 Polito,Pero Solo Estoy Mejor,,,Juan Polito,Victorio Virgilito,"Enrique Alessio, Eladio Blanco, Carlos Lázzari, Felipe Riccardo, Aldo Junnissi","Cayetano Puglisi, Blas Pensato, Jaime Ferrer, Pablo Hechím","Piano, Bass, 5 Bandoneons, 4 Violins",EP,Moneda Sin Valor,B,
Juan D'Arienzo,Orquesta Típica Juan D'Arienzo,10/29/1959,Quién Como Yo,,Tango,Jorge Valdez,Víctor,Tape,1335,AVE299,Juan Castro,Carlos Bahr,,57-64 Polito,Quién Como Yo,,,Juan Polito,Victorio Virgilito,"Enrique Alessio, Eladio Blanco, Carlos Lázzari, Felipe Riccardo, Aldo Junnissi","Cayetano Puglisi, Blas Pensato, Jaime Ferrer, Pablo Hechím","Piano, Bass, 5 Bandoneons, 4 Violins",EP,Moneda Sin Valor,B,
Juan D'Arienzo,Orquesta Típica Juan D'Arienzo,10/29/1959,Y No Puedo Comprender,,Tango,Mario Bustos,Víctor,Tape,,BATC-86251,Enrique Alessio,Reinaldo Ghiso,,57-64 Polito,Y No Puedo Comprender,,,Juan Polito,Victorio Virgilito,"Enrique Alessio, Eladio Blanco, Carlos Lázzari, Felipe Riccardo, Aldo Junnissi","Cayetano Puglisi, Blas Pensato, Jaime Ferrer, Pablo Hechím","Piano, Bass, 5 Bandoneons, 4 Violins",,,,
Juan D'Arienzo,Orquesta Típica Juan D'Arienzo,11/12/1959,Judas,,Tango,Mario Bustos,Víctor,Tape,,,Carlos Marchisio,Carmelo Santiago,,57-64 Polito,Judas,,,Juan Polito,Victorio Virgilito,"Enrique Alessio, Eladio Blanco, Carlos Lázzari, Felipe Riccardo, Aldo Junnissi","Cayetano Puglisi, Blas Pensato, Jaime Ferrer, Pablo Hechím","Piano, Bass, 5 Bandoneons, 4 Violins",,,,
Juan D'Arienzo,Orquesta Típica Juan D'Arienzo,11/12/1959,Por la Vuelta,,Tango,Jorge Valdez,Víctor,Tape,1376,1A-2183,José Tinelli,Enrique Cadícamo,,57-64 Polito,Por la Vuelta,,,Juan Polito,Victorio Virgilito,"Enrique Alessio, Eladio Blanco, Carlos Lázzari, Felipe Riccardo, Aldo Junnissi","Cayetano Puglisi, Blas Pensato, Jaime Ferrer, Pablo Hechím","Piano, Bass, 5 Bandoneons, 4 Violins",Single,57-64 Polito,A,1959-11-12_Por-La-Vuelta_D-Arienzo
Juan D'Arienzo,Orquesta Típica Juan D'Arienzo,11/12/1959,Por Qué Te Sigo Queriendo,,Tango,Jorge Valdez,Víctor,Tape,1374,1A-4005,"Josefina Fuente, Leopoldo Vélez, Roberto Rufino","Leopoldo Vélez, Roberto Rufino",,57-64 Polito,Por Qué Te Sigo Queriendo,,,Juan Polito,Victorio Virgilito,"Enrique Alessio, Eladio Blanco, Carlos Lázzari, Felipe Riccardo, Aldo Junnissi","Cayetano Puglisi, Blas Pensato, Jaime Ferrer, Pablo Hechím","Piano, Bass, 5 Bandoneons, 4 Violins",EP,El Vals De Los 15 Años,B,
Juan D'Arienzo,Orquesta Típica Juan D'Arienzo,11/12/1959,Ríe Payaso,,Tango,Mario Bustos,Víctor,Tape,1377,AVL-3248,Virgilio Carmona,Emilio Falero,,57-64 Polito,Ríe Payaso,,,Juan Polito,Victorio Virgilito,"Enrique Alessio, Eladio Blanco, Carlos Lázzari, Felipe Riccardo, Aldo Junnissi","Cayetano Puglisi, Blas Pensato, Jaime Ferrer, Pablo Hechím","Piano, Bass, 5 Bandoneons, 4 Violins",LP,Pasajera,A,Pasajera
Juan D'Arienzo,Orquesta Típica Juan D'Arienzo,11/19/1959,Amar Para Qué,,Tango,Jorge Valdez,Víctor,Tape,1393,1A-1832,Enrique Alessio,Enrique Lary,,57-64 Polito,Amar Para Qué,,,Juan Polito,Victorio Virgilito,"Enrique Alessio, Eladio Blanco, Carlos Lázzari, Felipe Riccardo, Aldo Junnissi","Cayetano Puglisi, Blas Pensato, Jaime Ferrer, Pablo Hechím","Piano, Bass, 5 Bandoneons, 4 Violins",,,,
Juan D'Arienzo,Orquesta Típica Juan D'Arienzo,11/19/1959,De los Dos,,Vals,Jorge Valdez,Víctor,Tape,1392,1A-1833,Héctor Stamponi,Federico Silva,,57-64 Polito,De los Dos,,,Juan Polito,Victorio Virgilito,"Enrique Alessio, Eladio Blanco, Carlos Lázzari, Felipe Riccardo, Aldo Junnissi","Cayetano Puglisi, Blas Pensato, Jaime Ferrer, Pablo Hechím","Piano, Bass, 5 Bandoneons, 4 Violins",,,,
Juan D'Arienzo,Orquesta Típica Juan D'Arienzo,11/20/1959,Con Alma de Tango,,Tango,Instrumental,Víctor,Tape,,BATC-86251,Juan D'Arienzo,Carlos Waiss,,57-64 Polito,Con Alma de Tango,,,Juan Polito,Victorio Virgilito,"Enrique Alessio, Eladio Blanco, Carlos Lázzari, Felipe Riccardo, Aldo Junnissi","Cayetano Puglisi, Blas Pensato, Jaime Ferrer, Pablo Hechím","Piano, Bass, 5 Bandoneons, 4 Violins",,,,
Juan D'Arienzo,Orquesta Típica Juan D'Arienzo,11/20/1959,Engañadora,,Milonga,Instrumental,Víctor,Tape,1396,AVL-3248,Enrique Alessio,Carlos Lázzari,,57-64 Polito,Engañadora,,,Juan Polito,Victorio Virgilito,"Enrique Alessio, Eladio Blanco, Carlos Lázzari, Felipe Riccardo, Aldo Junnissi","Cayetano Puglisi, Blas Pensato, Jaime Ferrer, Pablo Hechím","Piano, Bass, 5 Bandoneons, 4 Violins",LP,Pasajera,A,Pasajera
Juan D'Arienzo,Orquesta Típica Juan D'Arienzo,11/20/1959,Munyinga,,Milonga,Instrumental,Víctor,Tape,1395,1A-2183,Orlando Romanelli,Antonio Casciani,,57-64 Polito,Munyinga,,,Juan Polito,Victorio Virgilito,"Enrique Alessio, Eladio Blanco, Carlos Lázzari, Felipe Riccardo, Aldo Junnissi","Cayetano Puglisi, Blas Pensato, Jaime Ferrer, Pablo Hechím","Piano, Bass, 5 Bandoneons, 4 Violins",,,,
Juan D'Arienzo,Orquesta Típica Juan D'Arienzo,11/20/1959,Tapado Gris,Petit Gris,Tango,Instrumental,Víctor,Tape,1398,1A-1832,Benjamín García,Lito Ferrari,,57-64 Polito,Tapado Gris,,,Juan Polito,Victorio Virgilito,"Enrique Alessio, Eladio Blanco, Carlos Lázzari, Felipe Riccardo, Aldo Junnissi","Cayetano Puglisi, Blas Pensato, Jaime Ferrer, Pablo Hechím","Piano, Bass, 5 Bandoneons, 4 Violins",LP,Pasajera,A,Pasajera
Juan D'Arienzo,Orquesta Típica Juan D'Arienzo,11/26/1959,La Perfumada Flor,,Vals,Jorge Valdez,Víctor,Tape,1413,AVE391,Juan Polito,Enrique Dizeo,,57-64 Polito,La Perfumada Flor,,,Juan Polito,Victorio Virgilito,"Enrique Alessio, Eladio Blanco, Carlos Lázzari, Felipe Riccardo, Aldo Junnissi","Cayetano Puglisi, Blas Pensato, Jaime Ferrer, Pablo Hechím","Piano, Bass, 5 Bandoneons, 4 Violins",EP,La Perfumada Flor,B,
Juan D'Arienzo,Orquesta Típica Juan D'Arienzo,11/26/1959,Llamarada Pasional,,Tango,Mario Bustos,Víctor,Tape,1411,1A-1833,Héctor Stamponi,Tita Merello,,57-64 Polito,Llamarada Pasional,,,Juan Polito,Victorio Virgilito,"Enrique Alessio, Eladio Blanco, Carlos Lázzari, Felipe Riccardo, Aldo Junnissi","Cayetano Puglisi, Blas Pensato, Jaime Ferrer, Pablo Hechím","Piano, Bass, 5 Bandoneons, 4 Violins",Single,57-64 Polito,B,1959-11-26_Llamarada-Pasional_D-Arienzo
Juan D'Arienzo,Orquesta Típica Juan D'Arienzo,11/26/1959,Que Dios Me Comprenda,,Tango,Jorge Valdez,Víctor,Tape,1412,1A-4060,Donato Racciatti,Enrique Nóbile,,57-64 Polito,Que Dios Me Comprenda,,,Juan Polito,Victorio Virgilito,"Enrique Alessio, Eladio Blanco, Carlos Lázzari, Felipe Riccardo, Aldo Junnissi","Cayetano Puglisi, Blas Pensato, Jaime Ferrer, Pablo Hechím","Piano, Bass, 5 Bandoneons, 4 Violins",EP,El Caramelito,B,
Juan D'Arienzo,Orquesta Típica Juan D'Arienzo,6/27/1960,El Vino Triste,,Tango,Horacio Palma,Víctor,Tape,1798,1A-2117,Juan D'Arienzo,Manuel Romero,,57-64 Polito,El Vino Triste,,,Juan Polito,Victorio Virgilito,"Enrique Alessio, Eladio Blanco, Carlos Lázzari, Felipe Riccardo, Aldo Junnissi","Cayetano Puglisi, Blas Pensato, Jaime Ferrer, Pablo Hechím","Piano, Bass, 5 Bandoneons, 4 Violins",EP,La Manzanita,A,
Juan D'Arienzo,Orquesta Típica Juan D'Arienzo,6/27/1960,La Manzanita,,Milonga,Valdez Y Palma,Víctor,Tape,1799,1A-2117,"Carlos Lázzari, Juan Polito, Ángel Gatti","Carlos Lázzari, Juan Polito, Ángel Gatti",,57-64 Polito,La Manzanita,,,Juan Polito,Victorio Virgilito,"Enrique Alessio, Eladio Blanco, Carlos Lázzari, Felipe Riccardo, Aldo Junnissi","Cayetano Puglisi, Blas Pensato, Jaime Ferrer, Pablo Hechím","Piano, Bass, 5 Bandoneons, 4 Violins",EP,La Manzanita,A,
Juan D'Arienzo,Orquesta Típica Juan D'Arienzo,7/19/1960,Cuatro Pasos en las Nubes,,Tango,Horacio Palma,Víctor,Tape,1839,1A-2128,Joaquín Reyes,Reinaldo Yiso,,57-64 Polito,Cuatro Pasos en las Nubes,,,Juan Polito,Victorio Virgilito,"Enrique Alessio, Eladio Blanco, Carlos Lázzari, Felipe Riccardo, Aldo Junnissi","Cayetano Puglisi, Blas Pensato, Jaime Ferrer, Pablo Hechím","Piano, Bass, 5 Bandoneons, 4 Violins",EP,La Manzanita,B,
Juan D'Arienzo,Orquesta Típica Juan D'Arienzo,7/19/1960,Hablame de Frente,,Tango,Horacio Palma,Víctor,Tape,1837,1A-1899,Enrique Alessio,Reinaldo Yiso,,57-64 Polito,Hablame de Frente,,,Juan Polito,Victorio Virgilito,"Enrique Alessio, Eladio Blanco, Carlos Lázzari, Felipe Riccardo, Aldo Junnissi","Cayetano Puglisi, Blas Pensato, Jaime Ferrer, Pablo Hechím","Piano, Bass, 5 Bandoneons, 4 Violins",,,,
Juan D'Arienzo,Orquesta Típica Juan D'Arienzo,7/19/1960,La Canción,Flor de Mburucuyá,Tango,Jorge Valdez,Víctor,Tape,1840,1A-1899,Juan Filiberto,Lito Bayardo,,57-64 Polito,La Canción,,,Juan Polito,Victorio Virgilito,"Enrique Alessio, Eladio Blanco, Carlos Lázzari, Felipe Riccardo, Aldo Junnissi","Cayetano Puglisi, Blas Pensato, Jaime Ferrer, Pablo Hechím","Piano, Bass, 5 Bandoneons, 4 Violins",,,,
Juan D'Arienzo,Orquesta Típica Juan D'Arienzo,7/19/1960,Un Sólo Minuto de Amor,,Tango,Jorge Valdez,Víctor,Tape,1838,1A-2128,Miguel Ratto,Agustín Minotti,,57-64 Polito,Un Sólo Minuto de Amor,,,Juan Polito,Victorio Virgilito,"Enrique Alessio, Eladio Blanco, Carlos Lázzari, Felipe Riccardo, Aldo Junnissi","Cayetano Puglisi, Blas Pensato, Jaime Ferrer, Pablo Hechím","Piano, Bass, 5 Bandoneons, 4 Violins",EP,La Manzanita,B,
Juan D'Arienzo,Orquesta Típica Juan D'Arienzo,7/27/1960,Detrás de Tus Mentiras,,Tango,Jorge Valdez,Víctor,Tape,1862,AVL-3424,"Héctor Gentile, Dante Gilardoni, Ernesto Franco","Héctor Gentile, Dante Gilardoni, Ernesto Franco",,57-64 Polito,Detrás de Tus Mentiras,,,Juan Polito,Victorio Virgilito,"Enrique Alessio, Eladio Blanco, Carlos Lázzari, Felipe Riccardo, Aldo Junnissi","Cayetano Puglisi, Blas Pensato, Jaime Ferrer, Pablo Hechím","Piano, Bass, 5 Bandoneons, 4 Violins",LP,Morocho y Cantor,A,Morocho y Cantor
Juan D'Arienzo,Orquesta Típica Juan D'Arienzo,7/27/1960,Rompe y Raja,,Tango,Horacio Palma,Víctor,Tape,1861,AVE366,Vicente Demarco,Vicente Demarco,,57-64 Polito,Rompe y Raja,,,Juan Polito,Victorio Virgilito,"Enrique Alessio, Eladio Blanco, Carlos Lázzari, Felipe Riccardo, Aldo Junnissi","Cayetano Puglisi, Blas Pensato, Jaime Ferrer, Pablo Hechím","Piano, Bass, 5 Bandoneons, 4 Violins",,,,
Juan D'Arienzo,Orquesta Típica Juan D'Arienzo,7/27/1960,Rosita de Arrabal,,Tango,Jorge Valdez,Víctor,Tape,1860,1A-2138,Juan Polito,Ángel Gatti,,57-64 Polito,Rosita de Arrabal,,,Juan Polito,Victorio Virgilito,"Enrique Alessio, Eladio Blanco, Carlos Lázzari, Felipe Riccardo, Aldo Junnissi","Cayetano Puglisi, Blas Pensato, Jaime Ferrer, Pablo Hechím","Piano, Bass, 5 Bandoneons, 4 Violins",,,,
Juan D'Arienzo,Orquesta Típica Juan D'Arienzo,7/27/1960,Yo Soy un Picaflor,,Tango,Horacio Palma,Víctor,Tape,1859,1A-2138,"Ángel Gatti, Carlos Lázzari, Juan Polito","Carlos Lázzari, Juan Polito, Ángel Gatti",,57-64 Polito,Yo Soy un Picaflor,,,Juan Polito,Victorio Virgilito,"Enrique Alessio, Eladio Blanco, Carlos Lázzari, Felipe Riccardo, Aldo Junnissi","Cayetano Puglisi, Blas Pensato, Jaime Ferrer, Pablo Hechím","Piano, Bass, 5 Bandoneons, 4 Violins",,,,
Juan D'Arienzo,Orquesta Típica Juan D'Arienzo,9/7/1960,Felicidad,,Tango,Jorge Valdez,Víctor,Tape,1935,1A-2165,Alfredo Ángelis,José Rótulo,,57-64 Polito,Felicidad,,,Juan Polito,Victorio Virgilito,"Enrique Alessio, Eladio Blanco, Carlos Lázzari, Felipe Riccardo, Aldo Junnissi","Cayetano Puglisi, Blas Pensato, Jaime Ferrer, Pablo Hechím","Piano, Bass, 5 Bandoneons, 4 Violins",,,,
Juan D'Arienzo,Orquesta Típica Juan D'Arienzo,9/7/1960,Lloré Como un Pibe,,Tango,Jorge Valdez,Víctor,Tape,1937,AVE391,Adolfo Iglesias,José Davico,,57-64 Polito,Lloré Como un Pibe,,,Juan Polito,Victorio Virgilito,"Enrique Alessio, Eladio Blanco, Carlos Lázzari, Felipe Riccardo, Aldo Junnissi","Cayetano Puglisi, Blas Pensato, Jaime Ferrer, Pablo Hechím","Piano, Bass, 5 Bandoneons, 4 Violins",EP,La Perfumada Flor,B,
Juan D'Arienzo,Orquesta Típica Juan D'Arienzo,9/7/1960,Quemá Esas Cartas,,Vals,Jorge Valdez,Víctor,Tape,1934,1A-4004,Alberto Cosentino,Juan López,,57-64 Polito,Quemá Esas Cartas,,,Juan Polito,Victorio Virgilito,"Enrique Alessio, Eladio Blanco, Carlos Lázzari, Felipe Riccardo, Aldo Junnissi","Cayetano Puglisi, Blas Pensato, Jaime Ferrer, Pablo Hechím","Piano, Bass, 5 Bandoneons, 4 Violins",,,,
Juan D'Arienzo,Orquesta Típica Juan D'Arienzo,9/7/1960,Tu Amor Fue Mentira,,Tango,Horacio Palma,Víctor,Tape,1933,1A-2165,"Juan Polito, Carlos Lázzari, Juan Lahet","Juan Polito, Carlos Lázzari, Juan Lahet",,57-64 Polito,Tu Amor Fue Mentira,,,Juan Polito,Victorio Virgilito,"Enrique Alessio, Eladio Blanco, Carlos Lázzari, Felipe Riccardo, Aldo Junnissi","Cayetano Puglisi, Blas Pensato, Jaime Ferrer, Pablo Hechím","Piano, Bass, 5 Bandoneons, 4 Violins",,,,
Juan D'Arienzo,Orquesta Típica Juan D'Arienzo,9/7/1960,Tu Olvido y Yo,,Tango,Jorge Valdez,Víctor,Tape,1932,1A-2182,Manuel Sucher,Roberto Lambertucci,,57-64 Polito,Tu Olvido y Yo,,,Juan Polito,Victorio Virgilito,"Enrique Alessio, Eladio Blanco, Carlos Lázzari, Felipe Riccardo, Aldo Junnissi","Cayetano Puglisi, Blas Pensato, Jaime Ferrer, Pablo Hechím","Piano, Bass, 5 Bandoneons, 4 Violins",,,,
Juan D'Arienzo,Orquesta Típica Juan D'Arienzo,9/7/1960,Una Carta,,Tango,Horacio Palma,Víctor,Tape,1936,1A-2182,Miguel Bucino,Miguel Bucino,,57-64 Polito,Una Carta,,,Juan Polito,Victorio Virgilito,"Enrique Alessio, Eladio Blanco, Carlos Lázzari, Felipe Riccardo, Aldo Junnissi","Cayetano Puglisi, Blas Pensato, Jaime Ferrer, Pablo Hechím","Piano, Bass, 5 Bandoneons, 4 Violins",,,,
Juan D'Arienzo,Orquesta Típica Juan D'Arienzo,6/6/1961,El Vals de los Quince Años,El Vals de los 15 Años,Vals,Jorge Valdez,Víctor,Tape,2392,1A-4000,Agustín Minotti,Agustín Minotti,,57-64 Polito,El Vals de los Quince Años,,,Juan Polito,Victorio Virgilito,"Ernesto Franco, Carlos Lázzari, Celso Amato, Felipe Riccardo, Aldo Junnissi","Cayetano Puglisi, Blas Pensato, Jaime Ferrer, Pablo Hechím","Piano, Bass, 5 Bandoneons, 4 Violins",LP,El Vals de 15 Anos,A,El Vals de 15 Anos
Juan D'Arienzo,Orquesta Típica Juan D'Arienzo,6/9/1961,Garronero,,Tango,Horacio Palma,Víctor,Tape,2393,1A-4000,Juan D'Arienzo,J. Caride,,57-64 Polito,Garronero,,,Juan Polito,Victorio Virgilito,"Ernesto Franco, Carlos Lázzari, Celso Amato, Felipe Riccardo, Aldo Junnissi","Cayetano Puglisi, Blas Pensato, Jaime Ferrer, Pablo Hechím","Piano, Bass, 5 Bandoneons, 4 Violins",LP,El Vals de 15 Anos,A,El Vals de 15 Anos
Juan D'Arienzo,Orquesta Típica Juan D'Arienzo,6/13/1961,Adiós Pampa Mía,,Tango,Valdez Y Palma,Víctor,Tape,2407,1A-4057,"Francisco Canaro, Mariano Mores",Ivo Pelay,,57-64 Polito,Adiós Pampa Mía,,,Juan Polito,Victorio Virgilito,"Ernesto Franco, Carlos Lázzari, Celso Amato, Felipe Riccardo, Aldo Junnissi","Cayetano Puglisi, Blas Pensato, Jaime Ferrer, Pablo Hechím","Piano, Bass, 5 Bandoneons, 4 Violins",LP,El Vals de 15 Anos,A,El Vals de 15 Anos
Juan D'Arienzo,Orquesta Típica Juan D'Arienzo,6/13/1961,Mi Viejo Montevideo,,Tango,Instrumental,Víctor,Tape,2408,AVE3372,"Cayetano Puglisi, Alejandro Junnissi",,,57-64 Polito,Mi Viejo Montevideo,,,Juan Polito,Victorio Virgilito,"Ernesto Franco, Carlos Lázzari, Celso Amato, Felipe Riccardo, Aldo Junnissi","Cayetano Puglisi, Blas Pensato, Jaime Ferrer, Pablo Hechím","Piano, Bass, 5 Bandoneons, 4 Violins",LP,El Vals de 15 Anos,A,El Vals de 15 Anos
Juan D'Arienzo,Orquesta Típica Juan D'Arienzo,6/29/1961,Amigo Bandoneón,,Tango,Jorge Valdez,Víctor,Tape,2460,1A-4039,José Greco,José Greco,,57-64 Polito,Amigo Bandoneón,,,Juan Polito,Victorio Virgilito,"Ernesto Franco, Carlos Lázzari, Celso Amato, Felipe Riccardo, Aldo Junnissi","Cayetano Puglisi, Blas Pensato, Jaime Ferrer, Pablo Hechím","Piano, Bass, 5 Bandoneons, 4 Violins",LP,El Vals de 15 Anos,B,El Vals de 15 Anos
Juan D'Arienzo,Orquesta Típica Juan D'Arienzo,6/29/1961,Cielo de Sombras,,Tango,Valdez Y Palma,Víctor,Tape,2461,1A-4066,Antonio Sciacca,Carlos Canapale,,57-64 Polito,Cielo de Sombras,,,Juan Polito,Victorio Virgilito,"Ernesto Franco, Carlos Lázzari, Celso Amato, Felipe Riccardo, Aldo Junnissi","Cayetano Puglisi, Blas Pensato, Jaime Ferrer, Pablo Hechím","Piano, Bass, 5 Bandoneons, 4 Violins",LP,Morocho y Cantor,A,Morocho y Cantor
Juan D'Arienzo,Orquesta Típica Juan D'Arienzo,6/29/1961,Estrella,,Tango,Jorge Valdez,Víctor,Tape,2458,1A-4057,"Roberto Cassinelli, Marcelino Hernández","Roberto Cassinelli, Marcelino Hernández",,57-64 Polito,Estrella,,,Juan Polito,Victorio Virgilito,"Ernesto Franco, Carlos Lázzari, Celso Amato, Felipe Riccardo, Aldo Junnissi","Cayetano Puglisi, Blas Pensato, Jaime Ferrer, Pablo Hechím","Piano, Bass, 5 Bandoneons, 4 Violins",,,,
Juan D'Arienzo,Orquesta Típica Juan D'Arienzo,6/29/1961,Sé Que Te Voy a Llorar,,Tango,Jorge Valdez,Víctor,Tape,2459,1A-4039,Vicente Ronca,Ángel Lamónaca,,57-64 Polito,Sé Que Te Voy a Llorar,,,Juan Polito,Victorio Virgilito,"Ernesto Franco, Carlos Lázzari, Celso Amato, Felipe Riccardo, Aldo Junnissi","Cayetano Puglisi, Blas Pensato, Jaime Ferrer, Pablo Hechím","Piano, Bass, 5 Bandoneons, 4 Violins",LP,El Vals de 15 Anos,A,El Vals de 15 Anos
Juan D'Arienzo,Orquesta Típica Juan D'Arienzo,7/5/1961,Catorce de Diciembre,14 de Diciembre,Tango,Horacio Palma,Víctor,Tape,2471,1A-4031,Pablo Hechím,Alberto Huser,,57-64 Polito,Catorce de Diciembre,,,Juan Polito,Victorio Virgilito,"Ernesto Franco, Carlos Lázzari, Celso Amato, Felipe Riccardo, Aldo Junnissi","Cayetano Puglisi, Blas Pensato, Jaime Ferrer, Pablo Hechím","Piano, Bass, 5 Bandoneons, 4 Violins",,,,
Juan D'Arienzo,Orquesta Típica Juan D'Arienzo,7/5/1961,Medianoche,Media Noche,Tango,Horacio Palma,Víctor,Tape,2472,1A-4042,Nicolás Tavarozzi,Eduardo Méndez,,57-64 Polito,Medianoche,,,Juan Polito,Victorio Virgilito,"Ernesto Franco, Carlos Lázzari, Celso Amato, Felipe Riccardo, Aldo Junnissi","Cayetano Puglisi, Blas Pensato, Jaime Ferrer, Pablo Hechím","Piano, Bass, 5 Bandoneons, 4 Violins",LP,El Vals de 15 Anos,A,El Vals de 15 Anos
Juan D'Arienzo,Orquesta Típica Juan D'Arienzo,7/11/1961,Abc del Amor,,Milonga,Valdez Y Palma,Víctor,Tape,2504,AVL-3372,Guillermo Barbieri,Guillermo Barbieri,,57-64 Polito,Abc del Amor,,,Juan Polito,Victorio Virgilito,"Ernesto Franco, Carlos Lázzari, Celso Amato, Felipe Riccardo, Aldo Junnissi","Cayetano Puglisi, Blas Pensato, Jaime Ferrer, Pablo Hechím","Piano, Bass, 5 Bandoneons, 4 Violins",LP,El Vals de 15 Anos,A,El Vals de 15 Anos
Juan D'Arienzo,Orquesta Típica Juan D'Arienzo,7/11/1961,Color Esperanza,,Tango,Jorge Valdez,Víctor,Tape,2507,AVL-3537,"Carlos Lázzari, Juan Polito",Ángel Gatti,,57-64 Polito,Color Esperanza,,,Juan Polito,Victorio Virgilito,"Ernesto Franco, Carlos Lázzari, Celso Amato, Felipe Riccardo, Aldo Junnissi","Cayetano Puglisi, Blas Pensato, Jaime Ferrer, Pablo Hechím","Piano, Bass, 5 Bandoneons, 4 Violins",LP,Cumpleanos de Mi Esposa,B,Cumpleaños de mi Esposa
Juan D'Arienzo,Orquesta Típica Juan D'Arienzo,7/11/1961,Dicha Pasada,,Tango,Horacio Palma,Víctor,Tape,2506,1A-4043,Guillermo Barbieri,Guillermo Barbieri,,57-64 Polito,Dicha Pasada,,,Juan Polito,Victorio Virgilito,"Ernesto Franco, Carlos Lázzari, Celso Amato, Felipe Riccardo, Aldo Junnissi","Cayetano Puglisi, Blas Pensato, Jaime Ferrer, Pablo Hechím","Piano, Bass, 5 Bandoneons, 4 Violins",LP,El Vals de 15 Anos,B,El Vals de 15 Anos
Juan D'Arienzo,Orquesta Típica Juan D'Arienzo,7/11/1961,Mis Tres Marias,,Tango,Horacio Palma,Víctor,Tape,2505,1A-4058,Ernesto Franco,Ángel Gatti,,57-64 Polito,Mis Tres Marias,,,Juan Polito,Victorio Virgilito,"Ernesto Franco, Carlos Lázzari, Celso Amato, Felipe Riccardo, Aldo Junnissi","Cayetano Puglisi, Blas Pensato, Jaime Ferrer, Pablo Hechím","Piano, Bass, 5 Bandoneons, 4 Violins",EP,El Ultimo Brindis,B,
Juan D'Arienzo,Orquesta Típica Juan D'Arienzo,7/19/1961,En la Madrugada,,Tango,Horacio Palma,Víctor,Tape,2537,AVL-3372,Tito Cabano,Federico Silva,,57-64 Polito,En la Madrugada,,,Juan Polito,Victorio Virgilito,"Ernesto Franco, Carlos Lázzari, Celso Amato, Felipe Riccardo, Aldo Junnissi","Cayetano Puglisi, Blas Pensato, Jaime Ferrer, Pablo Hechím","Piano, Bass, 5 Bandoneons, 4 Violins",LP,El Vals de 15 Anos,B,El Vals de 15 Anos
Juan D'Arienzo,Orquesta Típica Juan D'Arienzo,7/19/1961,Qué Seré Yo,,Tango,Jorge Valdez,Víctor,Tape,2536,AVL-3372,Roberto Losi,Agustín Minotti,,57-64 Polito,Qué Seré Yo,,,Juan Polito,Victorio Virgilito,"Ernesto Franco, Carlos Lázzari, Celso Amato, Felipe Riccardo, Aldo Junnissi","Cayetano Puglisi, Blas Pensato, Jaime Ferrer, Pablo Hechím","Piano, Bass, 5 Bandoneons, 4 Violins",LP,El Vals de 15 Anos,A,El Vals de 15 Anos
Juan D'Arienzo,Orquesta Típica Juan D'Arienzo,7/25/1961,Despues de la Boda,,Tango,Antonio Prieto,Víctor,Tape,2565,1A-4030,Jorge Dragone,Abel Aznar,,57-64 Polito,Despues de la Boda,,,Juan Polito,Victorio Virgilito,"Ernesto Franco, Carlos Lázzari, Celso Amato, Felipe Riccardo, Aldo Junnissi","Cayetano Puglisi, Blas Pensato, Jaime Ferrer, Pablo Hechím","Piano, Bass, 5 Bandoneons, 4 Violins",,,,
Juan D'Arienzo,Orquesta Típica Juan D'Arienzo,7/25/1961,La Calle del Pecado,,Tango,Antonio Prieto,Víctor,Tape,2564,1A-4030,Roberto Rufino,Roberto Lambertucci,,57-64 Polito,La Calle del Pecado,,,Juan Polito,Victorio Virgilito,"Ernesto Franco, Carlos Lázzari, Celso Amato, Felipe Riccardo, Aldo Junnissi","Cayetano Puglisi, Blas Pensato, Jaime Ferrer, Pablo Hechím","Piano, Bass, 5 Bandoneons, 4 Violins",,,,
Juan D'Arienzo,Orquesta Típica Juan D'Arienzo,8/1/1961,El Caramelito,,Milonga,Valdez Y Palma,Víctor,Tape,2593,1A-4066,Carlos Gatti,Carlos Gatti,,57-64 Polito,El Caramelito,,,Juan Polito,Victorio Virgilito,"Ernesto Franco, Carlos Lázzari, Celso Amato, Felipe Riccardo, Aldo Junnissi","Cayetano Puglisi, Blas Pensato, Jaime Ferrer, Pablo Hechím","Piano, Bass, 5 Bandoneons, 4 Violins",EP,El Caramelito,B,
Juan D'Arienzo,Orquesta Típica Juan D'Arienzo,8/1/1961,Plata y Luna,,Tango,Jorge Valdez,Víctor,Tape,2591,1A-4042,"Cayetano Puglisi, José Bonanno",Juan Locatelli,,57-64 Polito,Plata y Luna,,,Juan Polito,Victorio Virgilito,"Ernesto Franco, Carlos Lázzari, Celso Amato, Felipe Riccardo, Aldo Junnissi","Cayetano Puglisi, Blas Pensato, Jaime Ferrer, Pablo Hechím","Piano, Bass, 5 Bandoneons, 4 Violins",,,,
Juan D'Arienzo,Orquesta Típica Juan D'Arienzo,8/1/1961,Puro Tango,,Tango,Instrumental,Víctor,Tape,2592,1A-4056,José Pécora,,,57-64 Polito,Puro Tango,,,Juan Polito,Victorio Virgilito,"Ernesto Franco, Carlos Lázzari, Celso Amato, Felipe Riccardo, Aldo Junnissi","Cayetano Puglisi, Blas Pensato, Jaime Ferrer, Pablo Hechím","Piano, Bass, 5 Bandoneons, 4 Violins",EP,El Ultimo Brindis,B,
Juan D'Arienzo,Orquesta Típica Juan D'Arienzo,8/4/1961,Adiós Arolas,Se Llamaba Eduardo Arolas,Tango,Jorge Valdez,Víctor,Tape,2610,1A-4056,Ángel D'Agostino,Enrique Cadícamo,,57-64 Polito,Adiós Arolas,,,Juan Polito,Victorio Virgilito,"Ernesto Franco, Carlos Lázzari, Celso Amato, Felipe Riccardo, Aldo Junnissi","Cayetano Puglisi, Blas Pensato, Jaime Ferrer, Pablo Hechím","Piano, Bass, 5 Bandoneons, 4 Violins",EP,Morocho Y Cantor,B,
Juan D'Arienzo,Orquesta Típica Juan D'Arienzo,8/4/1961,El Ùltimo Brindis,,Tango,Horacio Palma,Víctor,Tape,2609,AVL-3360,Isidro Yomha,Isidro Yomha,,57-64 Polito,El Ùltimo Brindis,,,Juan Polito,Victorio Virgilito,"Ernesto Franco, Carlos Lázzari, Celso Amato, Felipe Riccardo, Aldo Junnissi","Cayetano Puglisi, Blas Pensato, Jaime Ferrer, Pablo Hechím","Piano, Bass, 5 Bandoneons, 4 Violins",EP,El Ultimo Brindis,A,
Juan D'Arienzo,Orquesta Típica Juan D'Arienzo,8/4/1961,Gigí,,Tango,Jorge Valdez,Víctor,Tape,2613,1A-4043,Enzo Valentino,Eduardo Moreno,,57-64 Polito,Gigí,,,Juan Polito,Victorio Virgilito,"Ernesto Franco, Carlos Lázzari, Celso Amato, Felipe Riccardo, Aldo Junnissi","Cayetano Puglisi, Blas Pensato, Jaime Ferrer, Pablo Hechím","Piano, Bass, 5 Bandoneons, 4 Violins",,,,
Juan D'Arienzo,Orquesta Típica Juan D'Arienzo,8/4/1961,Mi Caperucita,,Tango,Jorge Valdez,Víctor,Tape,2611,AVL-3372,Pablo Hechím,Fernando Fontanilla,,57-64 Polito,Mi Caperucita,,,Juan Polito,Victorio Virgilito,"Ernesto Franco, Carlos Lázzari, Celso Amato, Felipe Riccardo, Aldo Junnissi","Cayetano Puglisi, Blas Pensato, Jaime Ferrer, Pablo Hechím","Piano, Bass, 5 Bandoneons, 4 Violins",LP,El Vals de 15 Anos,B,El Vals de 15 Anos
Juan D'Arienzo,Orquesta Típica Juan D'Arienzo,8/4/1961,Se Casó el Abuelo,,Tango,Horacio Palma,Víctor,Tape,2612,AVL-3360,"Carlos Lázzari, Ángel Gatti, Juan Polito","Carlos Lázzari, Juan Polito, Ángel Gatti",,57-64 Polito,Se Casó el Abuelo,,,Juan Polito,Victorio Virgilito,"Ernesto Franco, Carlos Lázzari, Celso Amato, Felipe Riccardo, Aldo Junnissi","Cayetano Puglisi, Blas Pensato, Jaime Ferrer, Pablo Hechím","Piano, Bass, 5 Bandoneons, 4 Violins",,,,
Juan D'Arienzo,Orquesta Típica Juan D'Arienzo,8/10/1961,Adiós Mi Vida Adiós,,Tango,Jorge Valdez,Víctor,Tape,,,,,,57-64 Polito,Adiós Mi Vida Adiós,,,Juan Polito,Victorio Virgilito,"Ernesto Franco, Carlos Lázzari, Celso Amato, Felipe Riccardo, Aldo Junnissi","Cayetano Puglisi, Blas Pensato, Jaime Ferrer, Pablo Hechím","Piano, Bass, 5 Bandoneons, 4 Violins",,,,
Juan D'Arienzo,Orquesta Típica Juan D'Arienzo,8/10/1961,Gran Señor,,Tango,Instrumental,Víctor,Tape,2634,AVL-3424,Mario Flota,,,57-64 Polito,Gran Señor,,,Juan Polito,Victorio Virgilito,"Ernesto Franco, Carlos Lázzari, Celso Amato, Felipe Riccardo, Aldo Junnissi","Cayetano Puglisi, Blas Pensato, Jaime Ferrer, Pablo Hechím","Piano, Bass, 5 Bandoneons, 4 Violins",LP,Morocho y Cantor,A,Morocho y Cantor
Juan D'Arienzo,Orquesta Típica Juan D'Arienzo,8/10/1961,Paciencia,,Tango,Horacio Palma,Víctor,Tape,2637,1A-4039,Juan D'Arienzo,Francisco Gorrindo,,57-64 Polito,Paciencia,,,Juan Polito,Victorio Virgilito,"Ernesto Franco, Carlos Lázzari, Celso Amato, Felipe Riccardo, Aldo Junnissi","Cayetano Puglisi, Blas Pensato, Jaime Ferrer, Pablo Hechím","Piano, Bass, 5 Bandoneons, 4 Violins",,,,
Juan D'Arienzo,Orquesta Típica Juan D'Arienzo,8/10/1961,Yo Te Saludo Palermo,,Tango,Jorge Valdez,Víctor,Tape,2636,1A-4041,José Celano,Héctor Paola,,57-64 Polito,Yo Te Saludo Palermo,,,Juan Polito,Victorio Virgilito,"Ernesto Franco, Carlos Lázzari, Celso Amato, Felipe Riccardo, Aldo Junnissi","Cayetano Puglisi, Blas Pensato, Jaime Ferrer, Pablo Hechím","Piano, Bass, 5 Bandoneons, 4 Violins",LP,Morocho y Cantor,A,Morocho y Cantor
Juan D'Arienzo,Orquesta Típica Juan D'Arienzo,9/27/1961,Cansada de Sufrir,,Tango,Jorge Valdez,Víctor,Tape,2822,AVL-3424,José Bazán,Roberto Carles,,57-64 Polito,Cansada de Sufrir,,,Juan Polito,Victorio Virgilito,"Ernesto Franco, Carlos Lázzari, Celso Amato, Felipe Riccardo, Aldo Junnissi","Cayetano Puglisi, Blas Pensato, Jaime Ferrer, Pablo Hechím","Piano, Bass, 5 Bandoneons, 4 Violins",LP,Morocho y Cantor,A,Morocho y Cantor
Juan D'Arienzo,Orquesta Típica Juan D'Arienzo,9/27/1961,Una Hora Más,,Tango,Jorge Valdez,Víctor,Tape,2823,1A-4061,"Juan Polito, Carlos Lázzari",Juan Mañueco,,57-64 Polito,Una Hora Más,,,Juan Polito,Victorio Virgilito,"Ernesto Franco, Carlos Lázzari, Celso Amato, Felipe Riccardo, Aldo Junnissi","Cayetano Puglisi, Blas Pensato, Jaime Ferrer, Pablo Hechím","Piano, Bass, 5 Bandoneons, 4 Violins",LP,Morocho y Cantor,A,Morocho y Cantor
Juan D'Arienzo,Orquesta Típica Juan D'Arienzo,9/27/1961,Volvés a Mi,,Tango,Jorge Valdez,Víctor,Tape,2824,AVE416,"Celso Amato, Arturo Gallucci","Celso Amato, Arturo Gallucci",,57-64 Polito,Volvés a Mi,,,Juan Polito,Victorio Virgilito,"Ernesto Franco, Carlos Lázzari, Celso Amato, Felipe Riccardo, Aldo Junnissi","Cayetano Puglisi, Blas Pensato, Jaime Ferrer, Pablo Hechím","Piano, Bass, 5 Bandoneons, 4 Violins",,,,
Juan D'Arienzo,Orquesta Típica Juan D'Arienzo,9/27/1961,Yo Solo,,Tango,Jorge Valdez,Víctor,Tape,2821,1A-4120,Rosita Quiroga,Antonio Lozano,,57-64 Polito,Yo Solo,,,Juan Polito,Victorio Virgilito,"Ernesto Franco, Carlos Lázzari, Celso Amato, Felipe Riccardo, Aldo Junnissi","Cayetano Puglisi, Blas Pensato, Jaime Ferrer, Pablo Hechím","Piano, Bass, 5 Bandoneons, 4 Violins",EP,Yo Te Saludo Palermo,A,
Juan D'Arienzo,Orquesta Típica Juan D'Arienzo,10/9/1961,Me Llaman Milonga,,Milonga,Horacio Palma,Víctor,Tape,2871,1A-4061,Carlos Figari,Miguel Bucino,,57-64 Polito,Me Llaman Milonga,,,Juan Polito,Victorio Virgilito,"Ernesto Franco, Carlos Lázzari, Celso Amato, Felipe Riccardo, Aldo Junnissi","Cayetano Puglisi, Blas Pensato, Jaime Ferrer, Pablo Hechím","Piano, Bass, 5 Bandoneons, 4 Violins",,,,
Juan D'Arienzo,Orquesta Típica Juan D'Arienzo,10/9/1961,Mi Vida Que Te Pasa,,Tango,Jorge Valdez,Víctor,Tape,2870,AVL-3424,Pablo Hechím,Rafael Zamora,,57-64 Polito,Mi Vida Que Te Pasa,,,Juan Polito,Victorio Virgilito,"Ernesto Franco, Carlos Lázzari, Celso Amato, Felipe Riccardo, Aldo Junnissi","Cayetano Puglisi, Blas Pensato, Jaime Ferrer, Pablo Hechím","Piano, Bass, 5 Bandoneons, 4 Violins",LP,Morocho y Cantor,A,Morocho y Cantor
Juan D'Arienzo,Orquesta Típica Juan D'Arienzo,10/9/1961,Poco y Bueno,,Tango,Instrumental,Víctor,Tape,2869,1A-4058,Eugenio Bassi,,,57-64 Polito,Poco y Bueno,,,Juan Polito,Victorio Virgilito,"Ernesto Franco, Carlos Lázzari, Celso Amato, Felipe Riccardo, Aldo Junnissi","Cayetano Puglisi, Blas Pensato, Jaime Ferrer, Pablo Hechím","Piano, Bass, 5 Bandoneons, 4 Violins",LP,Morocho y Cantor,A,Morocho y Cantor
Juan D'Arienzo,Orquesta Típica Juan D'Arienzo,10/9/1961,Valoro a Ese Hombre,,Tango,Horacio Palma,Víctor,Tape,2872,AVE409,Esteban Gilardi,Armando Cereminati,,57-64 Polito,Valoro a Ese Hombre,,,Juan Polito,Victorio Virgilito,"Ernesto Franco, Carlos Lázzari, Celso Amato, Felipe Riccardo, Aldo Junnissi","Cayetano Puglisi, Blas Pensato, Jaime Ferrer, Pablo Hechím","Piano, Bass, 5 Bandoneons, 4 Violins",EP,Morocho Y Cantor,A,
Juan D'Arienzo,Orquesta Típica Juan D'Arienzo,11/6/1961,Mi Novia de Ayer,,Vals,Jorge Valdez,Víctor,Tape,2953,AVL-3424,Arturo Gallucci,Barreiros Soliño,,57-64 Polito,Mi Novia de Ayer,,,Juan Polito,Victorio Virgilito,"Ernesto Franco, Carlos Lázzari, Celso Amato, Felipe Riccardo, Aldo Junnissi","Cayetano Puglisi, Blas Pensato, Jaime Ferrer, Pablo Hechím","Piano, Bass, 5 Bandoneons, 4 Violins",LP,Morocho y Cantor,A,Morocho y Cantor
Juan D'Arienzo,Orquesta Típica Juan D'Arienzo,11/6/1961,Mientras Sueña Buenos Aires,,Tango,Jorge Valdez,Víctor,Tape,2952,AVL-3424,Dante Benedetto,José Ortega,,57-64 Polito,Mientras Sueña Buenos Aires,,,Juan Polito,Victorio Virgilito,"Ernesto Franco, Carlos Lázzari, Celso Amato, Felipe Riccardo, Aldo Junnissi","Cayetano Puglisi, Blas Pensato, Jaime Ferrer, Pablo Hechím","Piano, Bass, 5 Bandoneons, 4 Violins",LP,Morocho y Cantor,A,Morocho y Cantor
Juan D'Arienzo,Orquesta Típica Juan D'Arienzo,11/6/1961,Morocho y Cantor,,Tango,Horacio Palma,Víctor,Tape,2955,AVL-3424,"Donato Racciatti, Rosa Iraluz","Donato Racciatti, Rosa Iraluz",,57-64 Polito,Morocho y Cantor,,,Juan Polito,Victorio Virgilito,"Ernesto Franco, Carlos Lázzari, Celso Amato, Felipe Riccardo, Aldo Junnissi","Cayetano Puglisi, Blas Pensato, Jaime Ferrer, Pablo Hechím","Piano, Bass, 5 Bandoneons, 4 Violins",LP,Morocho y Cantor,A,Morocho y Cantor
Juan D'Arienzo,Orquesta Típica Juan D'Arienzo,11/6/1961,Recuérdame Amor Mio,,Tango,Jorge Valdez,Víctor,Tape,2954,1A-4046,Carlos Bahr,Carlos Bahr,,57-64 Polito,Recuérdame Amor Mio,,,Juan Polito,Victorio Virgilito,"Ernesto Franco, Carlos Lázzari, Celso Amato, Felipe Riccardo, Aldo Junnissi","Cayetano Puglisi, Blas Pensato, Jaime Ferrer, Pablo Hechím","Piano, Bass, 5 Bandoneons, 4 Violins",LP,Morocho y Cantor,A,Morocho y Cantor
Juan D'Arienzo,Orquesta Típica Juan D'Arienzo,11/20/1961,A Mis Pagos Voy,,Tango,Valdez Y Palma,Víctor,Tape,2984,1A-4064,Luis Savastano,Eduardo Pedrotta,,57-64 Polito,A Mis Pagos Voy,,,Juan Polito,Victorio Virgilito,"Ernesto Franco, Carlos Lázzari, Celso Amato, Felipe Riccardo, Aldo Junnissi","Cayetano Puglisi, Blas Pensato, Jaime Ferrer, Pablo Hechím","Piano, Bass, 5 Bandoneons, 4 Violins",,,,
Juan D'Arienzo,Orquesta Típica Juan D'Arienzo,11/20/1961,Chiquita y Bonita,,Milonga,Valdez Y Palma,Víctor,Tape,2985,1A-4122,Ángel Rosa,Ángel Rosa,,57-64 Polito,Chiquita y Bonita,,,Juan Polito,Victorio Virgilito,"Ernesto Franco, Carlos Lázzari, Celso Amato, Felipe Riccardo, Aldo Junnissi","Cayetano Puglisi, Blas Pensato, Jaime Ferrer, Pablo Hechím","Piano, Bass, 5 Bandoneons, 4 Violins",,,,
Juan D'Arienzo,Orquesta Típica Juan D'Arienzo,11/20/1961,El Gran Favorito,,Tango,Instrumental,Víctor,Tape,2983,1A-4064,"Juan Polito, Ernesto Franco",Carlos Lázzari,,57-64 Polito,El Gran Favorito,,,Juan Polito,Victorio Virgilito,"Ernesto Franco, Carlos Lázzari, Celso Amato, Felipe Riccardo, Aldo Junnissi","Cayetano Puglisi, Blas Pensato, Jaime Ferrer, Pablo Hechím","Piano, Bass, 5 Bandoneons, 4 Violins",,,,
Juan D'Arienzo,Orquesta Típica Juan D'Arienzo,11/20/1961,Por Eso Vengo a Cantar,,Tango,Horacio Palma,Víctor,Tape,2986,1A-4046,Jaime Vila,Antonio Cantó,,57-64 Polito,Por Eso Vengo a Cantar,,,Juan Polito,Victorio Virgilito,"Ernesto Franco, Carlos Lázzari, Celso Amato, Felipe Riccardo, Aldo Junnissi","Cayetano Puglisi, Blas Pensato, Jaime Ferrer, Pablo Hechím","Piano, Bass, 5 Bandoneons, 4 Violins",,,,
Juan D'Arienzo,Orquesta Típica Juan D'Arienzo,11/28/1961,Manos Heridas,,Tango,Jorge Valdez,Víctor,Tape,3010,AVE424,Luciano Leocata,Eduardo Rey,,57-64 Polito,Manos Heridas,,,Juan Polito,Victorio Virgilito,"Ernesto Franco, Carlos Lázzari, Celso Amato, Felipe Riccardo, Aldo Junnissi","Cayetano Puglisi, Blas Pensato, Jaime Ferrer, Pablo Hechím","Piano, Bass, 5 Bandoneons, 4 Violins",EP,El Caramelito,A,
Juan D'Arienzo,Orquesta Típica Juan D'Arienzo,11/28/1961,Yo Me Presento Aquí,,Tango,Horacio Palma,Víctor,Tape,3011,1A-4060,Armando Baliotti,Santiago Adamini,,57-64 Polito,Yo Me Presento Aquí,,,Juan Polito,Victorio Virgilito,"Ernesto Franco, Carlos Lázzari, Celso Amato, Felipe Riccardo, Aldo Junnissi","Cayetano Puglisi, Blas Pensato, Jaime Ferrer, Pablo Hechím","Piano, Bass, 5 Bandoneons, 4 Violins",EP,Yo Te Saludo Palermo,B,
Juan D'Arienzo,Orquesta Típica Juan D'Arienzo,12/20/1961,Ilusión Burrera,,Tango,Horacio Palma,Víctor,Tape,3074,1A-4122,Donato Racciatti,Juan Varela,,57-64 Polito,Ilusión Burrera,,,Juan Polito,Victorio Virgilito,"Ernesto Franco, Carlos Lázzari, Celso Amato, Felipe Riccardo, Aldo Junnissi","Cayetano Puglisi, Blas Pensato, Jaime Ferrer, Pablo Hechím","Piano, Bass, 5 Bandoneons, 4 Violins",,,,
Juan D'Arienzo,Orquesta Típica Juan D'Arienzo,12/20/1961,Prefiero Perderte,,Tango,Jorge Valdez,Víctor,Tape,3075,1A-4141,"Sebastián Pagano, Edelmiro D'Amario, Andrés Chinarro","Sebastián Pagano, Edelmiro D'Amario, Andrés Chinarro",,57-64 Polito,Prefiero Perderte,,,Juan Polito,Victorio Virgilito,"Ernesto Franco, Carlos Lázzari, Celso Amato, Felipe Riccardo, Aldo Junnissi","Cayetano Puglisi, Blas Pensato, Jaime Ferrer, Pablo Hechím","Piano, Bass, 5 Bandoneons, 4 Violins",,,,
Juan D'Arienzo,Orquesta Típica Juan D'Arienzo,12/27/1961,El Chapucero,,Milonga,Instrumental,Víctor,Tape,3079,1A-4120,Carmen Castelletto,,,57-64 Polito,El Chapucero,,,Juan Polito,Victorio Virgilito,"Ernesto Franco, Carlos Lázzari, Celso Amato, Felipe Riccardo, Aldo Junnissi","Cayetano Puglisi, Blas Pensato, Jaime Ferrer, Pablo Hechím","Piano, Bass, 5 Bandoneons, 4 Violins",,,,
Juan D'Arienzo,Orquesta Típica Juan D'Arienzo,12/27/1961,Por Favor No Vuelvas,,Tango,Jorge Valdez,Víctor,Tape,3080,1A-4123,Jorge Vitale,Raúl Hormaza,,57-64 Polito,Por Favor No Vuelvas,,,Juan Polito,Victorio Virgilito,"Ernesto Franco, Carlos Lázzari, Celso Amato, Felipe Riccardo, Aldo Junnissi","Cayetano Puglisi, Blas Pensato, Jaime Ferrer, Pablo Hechím","Piano, Bass, 5 Bandoneons, 4 Violins",,,,
Juan D'Arienzo,Orquesta Típica Juan D'Arienzo,12/27/1961,Tambaleando,,Tango,Horacio Palma,Víctor,Tape,3081,1A-4141,"Juan Polito, Carlos Lázzari, Juan Lahet","Juan Polito, Carlos Lázzari, Juan Lahet",,57-64 Polito,Tambaleando,,,Juan Polito,Victorio Virgilito,"Ernesto Franco, Carlos Lázzari, Celso Amato, Felipe Riccardo, Aldo Junnissi","Cayetano Puglisi, Blas Pensato, Jaime Ferrer, Pablo Hechím","Piano, Bass, 5 Bandoneons, 4 Violins",,,,
Juan D'Arienzo,Orquesta Típica Juan D'Arienzo,9/3/1962,Buenos Aires de Mi Amor,,Vals,Jorge Valdez,Víctor,Tape,3428,1A-4130,"Carlos Lázzari, Juan Polito, Ángel Gatti","Carlos Lázzari, Juan Polito, Ángel Gatti",,57-64 Polito,Buenos Aires de Mi Amor,,,Juan Polito,Victorio Virgilito,"Ernesto Franco, Carlos Lázzari, Celso Amato, Felipe Riccardo, Aldo Junnissi","Cayetano Puglisi, Blas Pensato, Jaime Ferrer, Pablo Hechím","Piano, Bass, 5 Bandoneons, 4 Violins",EP,Malumba,A,
Juan D'Arienzo,Orquesta Típica Juan D'Arienzo,9/3/1962,Malumbá,,Milonga,Valdez Y Palma,Víctor,Tape,3430,1A-4123,"Ángel Gatti, Carlos Lázzari, Juan Polito","Carlos Lázzari, Juan Polito, Ángel Gatti",,57-64 Polito,Malumbá,,,Juan Polito,Victorio Virgilito,"Ernesto Franco, Carlos Lázzari, Celso Amato, Felipe Riccardo, Aldo Junnissi","Cayetano Puglisi, Blas Pensato, Jaime Ferrer, Pablo Hechím","Piano, Bass, 5 Bandoneons, 4 Violins",EP,Malumba,B,
Juan D'Arienzo,Orquesta Típica Juan D'Arienzo,9/3/1962,Rocio,,Tango,Jorge Valdez,Víctor,Tape,3429,1A-4156,Ángel Baya,Roberto Pereyra,,57-64 Polito,Rocio,,,Juan Polito,Victorio Virgilito,"Ernesto Franco, Carlos Lázzari, Celso Amato, Felipe Riccardo, Aldo Junnissi","Cayetano Puglisi, Blas Pensato, Jaime Ferrer, Pablo Hechím","Piano, Bass, 5 Bandoneons, 4 Violins",,,,
Juan D'Arienzo,Orquesta Típica Juan D'Arienzo,9/3/1962,Viejo Madrid,,Tango,Jorge Valdez,Víctor,Tape,3431,1A-4146,Mariano Mores,"Roberto Lambertucci, Rodolfo Taboada",,57-64 Polito,Viejo Madrid,,,Juan Polito,Victorio Virgilito,"Ernesto Franco, Carlos Lázzari, Celso Amato, Felipe Riccardo, Aldo Junnissi","Cayetano Puglisi, Blas Pensato, Jaime Ferrer, Pablo Hechím","Piano, Bass, 5 Bandoneons, 4 Violins",,,,
Juan D'Arienzo,Orquesta Típica Juan D'Arienzo,9/3/1962,Vos y Yo Corazón,,Tango,Jorge Valdez,Víctor,Tape,3427,1A-4131,Luis Stazo,Federico Silva,,57-64 Polito,Vos y Yo Corazón,,,Juan Polito,Victorio Virgilito,"Ernesto Franco, Carlos Lázzari, Celso Amato, Felipe Riccardo, Aldo Junnissi","Cayetano Puglisi, Blas Pensato, Jaime Ferrer, Pablo Hechím","Piano, Bass, 5 Bandoneons, 4 Violins",,,,
Juan D'Arienzo,Orquesta Típica Juan D'Arienzo,9/6/1962,Del Compas Te Llaman el Rey,,Tango,Horacio Palma,Víctor,Tape,3443,1A-4130,Carlos Lázzari,Héctor Schmitt,,57-64 Polito,Del Compas Te Llaman el Rey,,,Juan Polito,Victorio Virgilito,"Ernesto Franco, Carlos Lázzari, Celso Amato, Felipe Riccardo, Aldo Junnissi","Cayetano Puglisi, Blas Pensato, Jaime Ferrer, Pablo Hechím","Piano, Bass, 5 Bandoneons, 4 Violins",EP,Malumba,B,
Juan D'Arienzo,Orquesta Típica Juan D'Arienzo,9/6/1962,Escucha Tango,,Tango,Jorge Valdez,Víctor,Tape,3444,1A-4168,Gutiérrez Saldivar,Gutiérrez Saldivar,,57-64 Polito,Escucha Tango,,,Juan Polito,Victorio Virgilito,"Ernesto Franco, Carlos Lázzari, Celso Amato, Felipe Riccardo, Aldo Junnissi","Cayetano Puglisi, Blas Pensato, Jaime Ferrer, Pablo Hechím","Piano, Bass, 5 Bandoneons, 4 Violins",,,,
Juan D'Arienzo,Orquesta Típica Juan D'Arienzo,9/6/1962,La Paparruchita,,Milonga,Instrumental,Víctor,Tape,3446,AVL-3537,Ernesto Franco,,,57-64 Polito,La Paparruchita,,,Juan Polito,Victorio Virgilito,"Ernesto Franco, Carlos Lázzari, Celso Amato, Felipe Riccardo, Aldo Junnissi","Cayetano Puglisi, Blas Pensato, Jaime Ferrer, Pablo Hechím","Piano, Bass, 5 Bandoneons, 4 Violins",LP,Cumpleanos de Mi Esposa,A,Cumpleaños de mi Esposa
Juan D'Arienzo,Orquesta Típica Juan D'Arienzo,9/6/1962,Tu Verdugo,,Tango,Horacio Palma,Víctor,Tape,3445,1A-4131,"Juan Polito, Carlos Lázzari, Agustín Minotti","Juan Polito, Carlos Lázzari, Agustín Minotti",,57-64 Polito,Tu Verdugo,,,Juan Polito,Victorio Virgilito,"Ernesto Franco, Carlos Lázzari, Celso Amato, Felipe Riccardo, Aldo Junnissi","Cayetano Puglisi, Blas Pensato, Jaime Ferrer, Pablo Hechím","Piano, Bass, 5 Bandoneons, 4 Violins",,,,
Juan D'Arienzo,Orquesta Típica Juan D'Arienzo,9/10/1962,Déjame con Mis Centavos,,Tango,Jorge Valdez,Víctor,Tape,3453,AVL-3537,"Armando Cereminati, Aldo Junissi","Armando Cereminati, Aldo Junissi",,57-64 Polito,Déjame con Mis Centavos,,,Juan Polito,Victorio Virgilito,"Ernesto Franco, Carlos Lázzari, Celso Amato, Felipe Riccardo, Aldo Junnissi","Cayetano Puglisi, Blas Pensato, Jaime Ferrer, Pablo Hechím","Piano, Bass, 5 Bandoneons, 4 Violins",LP,Cumpleanos de Mi Esposa,A,Cumpleaños de mi Esposa
Juan D'Arienzo,Orquesta Típica Juan D'Arienzo,9/10/1962,Formidable,,Tango,Instrumental,Víctor,Tape,3454,1A-4156,Eladio Blanco,,,57-64 Polito,Formidable,,,Juan Polito,Victorio Virgilito,"Ernesto Franco, Carlos Lázzari, Celso Amato, Felipe Riccardo, Aldo Junnissi","Cayetano Puglisi, Blas Pensato, Jaime Ferrer, Pablo Hechím","Piano, Bass, 5 Bandoneons, 4 Violins",LP,Che Timbero,A,Che Timbero
Juan D'Arienzo,Orquesta Típica Juan D'Arienzo,9/10/1962,Prometedora,,Milonga,Horacio Palma,Víctor,Tape,3451,AVL-3537,Raúl Jaurena,"Raúl Jaurena, Oscar Núñez",,57-64 Polito,Prometedora,,,Juan Polito,Victorio Virgilito,"Ernesto Franco, Carlos Lázzari, Celso Amato, Felipe Riccardo, Aldo Junnissi","Cayetano Puglisi, Blas Pensato, Jaime Ferrer, Pablo Hechím","Piano, Bass, 5 Bandoneons, 4 Violins",LP,Cumpleanos de Mi Esposa,B,Cumpleaños de mi Esposa
Juan D'Arienzo,Orquesta Típica Juan D'Arienzo,9/10/1962,Soy Ladrón de Tu Corazón,,Tango,Horacio Palma,Víctor,Tape,3452,1A-4146,"Josefina Fuente, Ángel Gatti, Juan Polito","Josefina Fuente, Afner Gatti, Juan Polito",,57-64 Polito,Soy Ladrón de Tu Corazón,,,Juan Polito,Victorio Virgilito,"Ernesto Franco, Carlos Lázzari, Celso Amato, Felipe Riccardo, Aldo Junnissi","Cayetano Puglisi, Blas Pensato, Jaime Ferrer, Pablo Hechím","Piano, Bass, 5 Bandoneons, 4 Violins",,,,
Juan D'Arienzo,Orquesta Típica Juan D'Arienzo,9/12/1962,Del Tiempo de la Morocha,,Tango,Horacio Palma,Víctor,Tape,3465,AVL-3537,"Alberto Adducci, José Canet","Alberto Adducci, José Canet",,57-64 Polito,Del Tiempo de la Morocha,,,Juan Polito,Victorio Virgilito,"Ernesto Franco, Carlos Lázzari, Celso Amato, Felipe Riccardo, Aldo Junnissi","Cayetano Puglisi, Blas Pensato, Jaime Ferrer, Pablo Hechím","Piano, Bass, 5 Bandoneons, 4 Violins",LP,Cumpleanos de Mi Esposa,A,Cumpleaños de mi Esposa
Juan D'Arienzo,Orquesta Típica Juan D'Arienzo,9/12/1962,Ya Te Arrepentirás,,Tango,Jorge Valdez,Víctor,Tape,3466,1A-4162,Ángel Maggio,Roberto Giménez,,57-64 Polito,Ya Te Arrepentirás,,,Juan Polito,Victorio Virgilito,"Ernesto Franco, Carlos Lázzari, Celso Amato, Felipe Riccardo, Aldo Junnissi","Cayetano Puglisi, Blas Pensato, Jaime Ferrer, Pablo Hechím","Piano, Bass, 5 Bandoneons, 4 Violins",,,,
Juan D'Arienzo,Orquesta Típica Juan D'Arienzo,9/27/1962,Callejera,,Tango,Héctor Millán,Víctor,Tape,3507,AVL-3486,Fausto Frontera,Enrique Cadícamo,,57-64 Polito,Callejera,,,Juan Polito,Victorio Virgilito,"Ernesto Franco, Carlos Lázzari, Celso Amato, Felipe Riccardo, Aldo Junnissi","Cayetano Puglisi, Blas Pensato, Jaime Ferrer, Pablo Hechím","Piano, Bass, 5 Bandoneons, 4 Violins",,,,
Juan D'Arienzo,Orquesta Típica Juan D'Arienzo,9/27/1962,Carita de Luna,,Tango,Jorge Valdez,Víctor,Tape,3505,1A-0292,"Carmelo Aiello, José Aiello, Rodolfo Lesica","Carmelo Aiello, José Aiello, Rodolfo Lesica",,57-64 Polito,Carita de Luna,,,Juan Polito,Victorio Virgilito,"Ernesto Franco, Carlos Lázzari, Celso Amato, Felipe Riccardo, Aldo Junnissi","Cayetano Puglisi, Blas Pensato, Jaime Ferrer, Pablo Hechím","Piano, Bass, 5 Bandoneons, 4 Violins",,,,
Juan D'Arienzo,Orquesta Típica Juan D'Arienzo,9/27/1962,El Victorioso,,Tango,Instrumental,Víctor,Tape,3504,AVL-3446,Ernesto Franco,,,57-64 Polito,El Victorioso,,,Juan Polito,Victorio Virgilito,"Ernesto Franco, Carlos Lázzari, Celso Amato, Felipe Riccardo, Aldo Junnissi","Cayetano Puglisi, Blas Pensato, Jaime Ferrer, Pablo Hechím","Piano, Bass, 5 Bandoneons, 4 Violins",,,,
Juan D'Arienzo,Orquesta Típica Juan D'Arienzo,9/27/1962,Tony de Circo,,Tango,Jorge Valdez,Víctor,Tape,,BATC-86251,Francisco Rose,Ricardo Otero,,57-64 Polito,Tony de Circo,,,Juan Polito,Victorio Virgilito,"Ernesto Franco, Carlos Lázzari, Celso Amato, Felipe Riccardo, Aldo Junnissi","Cayetano Puglisi, Blas Pensato, Jaime Ferrer, Pablo Hechím","Piano, Bass, 5 Bandoneons, 4 Violins",,,,
Juan D'Arienzo,Orquesta Típica Juan D'Arienzo,10/3/1962,Ave de Paso,,Tango,Jorge Valdez,Víctor,Tape,3527,AVL-3486,Charlo Riestra,Enrique Cadícamo,,57-64 Polito,Ave de Paso,,,Juan Polito,Victorio Virgilito,"Ernesto Franco, Carlos Lázzari, Celso Amato, Felipe Riccardo, Aldo Junnissi","Cayetano Puglisi, Blas Pensato, Jaime Ferrer, Pablo Hechím","Piano, Bass, 5 Bandoneons, 4 Violins",,,,
Juan D'Arienzo,Orquesta Típica Juan D'Arienzo,10/10/1962,El Tigre de Almagro,,Tango,Horacio Palma,Víctor,Tape-S,3534,AVL-3537,"Carlos Lázzari, Enrique Cantore",Juan Polito,,57-64 Polito,El Tigre de Almagro,,,Juan Polito,Victorio Virgilito,"Ernesto Franco, Carlos Lázzari, Celso Amato, Felipe Riccardo, Aldo Junnissi","Cayetano Puglisi, Blas Pensato, Jaime Ferrer, Pablo Hechím","Piano, Bass, 5 Bandoneons, 4 Violins",LP,Cumpleanos de Mi Esposa,A,Cumpleaños de mi Esposa
Juan D'Arienzo,Orquesta Típica Juan D'Arienzo,11/13/1962,Hola Ricurita,,Tango,Jorge Valdez,Víctor,Tape-S,3583,AVL-3537,"Pedro Galelli, Tito Ficicchia, Juan Polito","Pedro Galelli, Tito Ficicchia, Juan Polito",,57-64 Polito,Hola Ricurita,,,Juan Polito,Victorio Virgilito,"Ernesto Franco, Carlos Lázzari, Celso Amato, Felipe Riccardo, Aldo Junnissi","Cayetano Puglisi, Blas Pensato, Jaime Ferrer, Pablo Hechím","Piano, Bass, 5 Bandoneons, 4 Violins",LP,Cumpleanos de Mi Esposa,B,Cumpleaños de mi Esposa
Juan D'Arienzo,Orquesta Típica Juan D'Arienzo,11/15/1962,Los Hombres No Lloran,,Tango,Héctor Millán,Víctor,Tape-S,,BATC-86251,"Juan Polito, Miguel Bucino, Carlos Lázzari","Juan Polito, Miguel Bucino, Carlos Lázzari",,57-64 Polito,Los Hombres No Lloran,,,Juan Polito,Victorio Virgilito,"Ernesto Franco, Carlos Lázzari, Celso Amato, Felipe Riccardo, Aldo Junnissi","Cayetano Puglisi, Blas Pensato, Jaime Ferrer, Pablo Hechím","Piano, Bass, 5 Bandoneons, 4 Violins",,,,
Juan D'Arienzo,Orquesta Típica Juan D'Arienzo,11/26/1962,El Tango Es Siempre el Tango,,Tango,Héctor Millán,Víctor,Tape-S,3602,1A-4168,Ángel Condercuri,Carlos Lucero,,57-64 Polito,El Tango Es Siempre el Tango,,,Juan Polito,Victorio Virgilito,"Ernesto Franco, Carlos Lázzari, Celso Amato, Felipe Riccardo, Aldo Junnissi","Cayetano Puglisi, Blas Pensato, Jaime Ferrer, Pablo Hechím","Piano, Bass, 5 Bandoneons, 4 Violins",,,,
Juan D'Arienzo,Orquesta Típica Juan D'Arienzo,11/26/1962,Fangal de Dolor,,Tango,Héctor Millán,Víctor,Tape-S,3601,1A-4162,"Carlos Lázzari, Juan Polito, Ángel Gatti","Carlos Lázzari, Juan Polito, Velmar Gatti",,57-64 Polito,Fangal de Dolor,,,Juan Polito,Victorio Virgilito,"Ernesto Franco, Carlos Lázzari, Celso Amato, Felipe Riccardo, Aldo Junnissi","Cayetano Puglisi, Blas Pensato, Jaime Ferrer, Pablo Hechím","Piano, Bass, 5 Bandoneons, 4 Violins",EP,Malumba,A,
Juan D'Arienzo,Orquesta Típica Juan D'Arienzo,5/30/1963,Entre Tango y Zamba,,Tango,Valdez Y Millán,Víctor,Tape-S,3859,AVL-3486,"Juan Lahet, Carlos Lázzari, Juan Polito","Juan Lahet, Carlos Lázzari, Juan Polito",,57-64 Polito,Entre Tango y Zamba,,,Juan Polito,Victorio Virgilito,"Ernesto Franco, Carlos Lázzari, Celso Amato, Felipe Riccardo, Aldo Junnissi","Cayetano Puglisi, Blas Pensato, Jaime Ferrer, Raúl Domínguez","Piano, Bass, 5 Bandoneons, 4 Violins",,,,
Juan D'Arienzo,Orquesta Típica Juan D'Arienzo,5/30/1963,Malevaje,,Tango,Horacio Palma,Víctor,Tape-S,3858,AVL-3486A,Juan Filiberto,Enrique Discépolo,,57-64 Polito,Malevaje,,,Juan Polito,Victorio Virgilito,"Ernesto Franco, Carlos Lázzari, Celso Amato, Felipe Riccardo, Aldo Junnissi","Cayetano Puglisi, Blas Pensato, Jaime Ferrer, Raúl Domínguez","Piano, Bass, 5 Bandoneons, 4 Violins",LP,Juan de Dios Filiberto,A,Juan D'Arienzo Interpreta a Juan de Dios Filiberto
Juan D'Arienzo,Orquesta Típica Juan D'Arienzo,6/10/1963,Caminito,,Tango,Jorge Valdez,Víctor,Tape-S,3879,AVL-3494B,Juan Filiberto,Gabino Peñaloza,,57-64 Polito,Caminito,,,Juan Polito,Victorio Virgilito,"Ernesto Franco, Carlos Lázzari, Celso Amato, Felipe Riccardo, Aldo Junnissi","Cayetano Puglisi, Blas Pensato, Jaime Ferrer, Raúl Domínguez","Piano, Bass, 5 Bandoneons, 4 Violins",LP,Juan de Dios Filiberto,B,Juan D'Arienzo Interpreta a Juan de Dios Filiberto
Juan D'Arienzo,Orquesta Típica Juan D'Arienzo,6/10/1963,Clavel del Aire,,Tango,Jorge Valdez,Víctor,Tape-S,3878,AVL-3494A,Juan Filiberto,Fernando Valdés,,57-64 Polito,Clavel del Aire,,,Juan Polito,Victorio Virgilito,"Ernesto Franco, Carlos Lázzari, Celso Amato, Felipe Riccardo, Aldo Junnissi","Cayetano Puglisi, Blas Pensato, Jaime Ferrer, Raúl Domínguez","Piano, Bass, 5 Bandoneons, 4 Violins",LP,Juan de Dios Filiberto,A,Juan D'Arienzo Interpreta a Juan de Dios Filiberto
Juan D'Arienzo,Orquesta Típica Juan D'Arienzo,8/1/1963,Amigazo,,Tango,Horacio Palma,Víctor,Tape-S,3940,AVL-3494A,Juan Filiberto,"Francisco Brancatti, Juan Velich",,57-64 Polito,Amigazo,,,Juan Polito,Victorio Virgilito,"Ernesto Franco, Carlos Lázzari, Celso Amato, Felipe Riccardo, Aldo Junnissi","Cayetano Puglisi, Blas Pensato, Jaime Ferrer, Raúl Domínguez","Piano, Bass, 5 Bandoneons, 4 Violins",LP,Juan de Dios Filiberto,A,Juan D'Arienzo Interpreta a Juan de Dios Filiberto
Juan D'Arienzo,Orquesta Típica Juan D'Arienzo,8/1/1963,Cuando Llora la Milonga,,Tango,Héctor Millán,Víctor,Tape-S,3941,AVL-3494B,Juan Filiberto,Luis Carnelli,,57-64 Polito,Cuando Llora la Milonga,,,Juan Polito,Victorio Virgilito,"Ernesto Franco, Carlos Lázzari, Celso Amato, Felipe Riccardo, Aldo Junnissi","Cayetano Puglisi, Blas Pensato, Jaime Ferrer, Raúl Domínguez","Piano, Bass, 5 Bandoneons, 4 Violins",LP,Juan de Dios Filiberto,B,Juan D'Arienzo Interpreta a Juan de Dios Filiberto
Juan D'Arienzo,Orquesta Típica Juan D'Arienzo,8/1/1963,Cumpleaños de Mi Esposa,,Vals,Jorge Valdez,Víctor,Tape-S,3943,AVL-3537,Agustín Minotti,Agustín Minotti,,57-64 Polito,Cumpleaños de Mi Esposa,,,Juan Polito,Victorio Virgilito,"Ernesto Franco, Carlos Lázzari, Celso Amato, Felipe Riccardo, Aldo Junnissi","Cayetano Puglisi, Blas Pensato, Jaime Ferrer, Raúl Domínguez","Piano, Bass, 5 Bandoneons, 4 Violins",LP,Cumpleanos de Mi Esposa,A,Cumpleaños de mi Esposa
Juan D'Arienzo,Orquesta Típica Juan D'Arienzo,8/1/1963,Yo Te Bendigo,,Tango,Héctor Millán,Víctor,Tape-S,3942,AVL-3494B,Juan Filiberto,Juan Burone,,57-64 Polito,Yo Te Bendigo,,,Juan Polito,Victorio Virgilito,"Ernesto Franco, Carlos Lázzari, Celso Amato, Felipe Riccardo, Aldo Junnissi","Cayetano Puglisi, Blas Pensato, Jaime Ferrer, Raúl Domínguez","Piano, Bass, 5 Bandoneons, 4 Violins",LP,Juan de Dios Filiberto,B,Juan D'Arienzo Interpreta a Juan de Dios Filiberto
Juan D'Arienzo,Orquesta Típica Juan D'Arienzo,8/8/1963,Frente Al Mar,,Tango,Jorge Valdez,Víctor,Tape-S,3949,1A-0291,Mariano Mores,Rodolfo Taboada,,57-64 Polito,Frente Al Mar,,,Juan Polito,Victorio Virgilito,"Ernesto Franco, Carlos Lázzari, Celso Amato, Felipe Riccardo, Aldo Junnissi","Cayetano Puglisi, Blas Pensato, Jaime Ferrer, Raúl Domínguez","Piano, Bass, 5 Bandoneons, 4 Violins",,,,
Juan D'Arienzo,Orquesta Típica Juan D'Arienzo,8/8/1963,La Canción,Flor de Mburucuyá,Tango,Jorge Valdez,Víctor,Tape-S,3948,AVL-3494B,Juan Filiberto,Lito Bayardo,,57-64 Polito,La Canción,,,Juan Polito,Victorio Virgilito,"Ernesto Franco, Carlos Lázzari, Celso Amato, Felipe Riccardo, Aldo Junnissi","Cayetano Puglisi, Blas Pensato, Jaime Ferrer, Raúl Domínguez","Piano, Bass, 5 Bandoneons, 4 Violins",LP,Juan de Dios Filiberto,B,Juan D'Arienzo Interpreta a Juan de Dios Filiberto
Juan D'Arienzo,Orquesta Típica Juan D'Arienzo,8/15/1963,Langosta,,Tango,Horacio Palma,Víctor,Tape-S,3954,AVL-3494B,Juan Filiberto,Juan Burón,,57-64 Polito,Langosta,,,Juan Polito,Victorio Virgilito,"Ernesto Franco, Carlos Lázzari, Celso Amato, Felipe Riccardo, Aldo Junnissi","Cayetano Puglisi, Blas Pensato, Jaime Ferrer, Raúl Domínguez","Piano, Bass, 5 Bandoneons, 4 Violins",LP,Juan de Dios Filiberto,B,Juan D'Arienzo Interpreta a Juan de Dios Filiberto
Juan D'Arienzo,Orquesta Típica Juan D'Arienzo,8/26/1963,El Pañuelito,,Tango,Valdez Y Millán,Víctor,Tape-S,3964,AVL-3494,Juan Filiberto,Gabino Peñaloza,,57-64 Polito,El Pañuelito,,,Juan Polito,Victorio Virgilito,"Ernesto Franco, Carlos Lázzari, Celso Amato, Felipe Riccardo, Aldo Junnissi","Cayetano Puglisi, Blas Pensato, Jaime Ferrer, Raúl Domínguez","Piano, Bass, 5 Bandoneons, 4 Violins",LP,Juan de Dios Filiberto,A,Juan D'Arienzo Interpreta a Juan de Dios Filiberto
Juan D'Arienzo,Orquesta Típica Juan D'Arienzo,9/2/1963,No Nos Veremos Más,,Tango,Jorge Valdez,Víctor,Tape-S,3971,1A-0335,Luis Stazo,Federico Silva,,57-64 Polito,No Nos Veremos Más,,,Juan Polito,Victorio Virgilito,"Ernesto Franco, Carlos Lázzari, Celso Amato, Felipe Riccardo, Aldo Junnissi","Cayetano Puglisi, Blas Pensato, Jaime Ferrer, Raúl Domínguez","Piano, Bass, 5 Bandoneons, 4 Violins",LP,Mi Noche Triste,B,Mi Noche Triste
Juan D'Arienzo,Orquesta Típica Juan D'Arienzo,9/2/1963,Quejas de Bandoneón,,Tango,Instrumental,Víctor,Tape-S,3970,1A-0335 / AVS-3494B,Juan Filiberto,,,57-64 Polito,Quejas de Bandoneón,,,Juan Polito,Victorio Virgilito,"Ernesto Franco, Carlos Lázzari, Celso Amato, Felipe Riccardo, Aldo Junnissi","Cayetano Puglisi, Blas Pensato, Jaime Ferrer, Raúl Domínguez","Piano, Bass, 5 Bandoneons, 4 Violins",LP,Juan de Dios Filiberto,B,Juan D'Arienzo Interpreta a Juan de Dios Filiberto
Juan D'Arienzo,Orquesta Típica Juan D'Arienzo,9/9/1963,Compañero,,Tango,Héctor Millán,Víctor,Tape-S,3973,AVL-3494A,Juan Filiberto,Enrique Maroni,,57-64 Polito,Compañero,,,Juan Polito,Victorio Virgilito,"Ernesto Franco, Carlos Lázzari, Celso Amato, Felipe Riccardo, Aldo Junnissi","Cayetano Puglisi, Blas Pensato, Jaime Ferrer, Raúl Domínguez","Piano, Bass, 5 Bandoneons, 4 Violins",LP,Juan de Dios Filiberto,A,Juan D'Arienzo Interpreta a Juan de Dios Filiberto
Juan D'Arienzo,Orquesta Típica Juan D'Arienzo,9/16/1963,Ladrillo,,Tango,Héctor Millán,Víctor,Tape-S,3981,AVL-3494A,Juan Filiberto,Juan Caruso,,57-64 Polito,Ladrillo,,,Juan Polito,Victorio Virgilito,"Ernesto Franco, Carlos Lázzari, Celso Amato, Felipe Riccardo, Aldo Junnissi","Cayetano Puglisi, Blas Pensato, Jaime Ferrer, Raúl Domínguez","Piano, Bass, 5 Bandoneons, 4 Violins",LP,Juan de Dios Filiberto,A,Juan D'Arienzo Interpreta a Juan de Dios Filiberto
Juan D'Arienzo,Orquesta Típica Juan D'Arienzo,9/16/1963,Olvidemos Todo,,Tango,Jorge Valdez,Víctor,Tape-S,,BATC-86251,"Celso Amato, Jorge Valdez",Raúl Hormaza,,57-64 Polito,Olvidemos Todo,,,Juan Polito,Victorio Virgilito,"Ernesto Franco, Carlos Lázzari, Celso Amato, Felipe Riccardo, Aldo Junnissi","Cayetano Puglisi, Blas Pensato, Jaime Ferrer, Raúl Domínguez","Piano, Bass, 5 Bandoneons, 4 Violins",,,,
Juan D'Arienzo,Orquesta Típica Juan D'Arienzo,11/6/1963,Felicia,,Tango,Instrumental,Víctor,Tape-S,4059,AVL-3512A,Enrique Saborido,Carlos Pacheco,,57-64 Polito,Felicia,,,Juan Polito,Victorio Virgilito,"Ernesto Franco, Carlos Lázzari, Celso Amato, Felipe Riccardo, Aldo Junnissi","Cayetano Puglisi, Blas Pensato, Jaime Ferrer, Raúl Domínguez","Piano, Bass, 5 Bandoneons, 4 Violins",LP,DArienzo for Export Vol 1,A,DArienzo for Export Vol 1
Juan D'Arienzo,Orquesta Típica Juan D'Arienzo,11/13/1963,Derecho Viejo,,Tango,Instrumental,Víctor,Tape-S,4071,AVL-3512A,Eduardo Arolas,Gabriel Clausi,,57-64 Polito,Derecho Viejo,,,Juan Polito,Victorio Virgilito,"Ernesto Franco, Carlos Lázzari, Celso Amato, Felipe Riccardo, Aldo Junnissi","Cayetano Puglisi, Blas Pensato, Jaime Ferrer, Raúl Domínguez","Piano, Bass, 5 Bandoneons, 4 Violins",LP,DArienzo for Export Vol 1,A,DArienzo for Export Vol 1
Juan D'Arienzo,Orquesta Típica Juan D'Arienzo,11/13/1963,El Irresistible,,Tango,Instrumental,Víctor,Tape-S,4069,AVL-3512B,Lorenzo Logatti,Carlos Pesce,,57-64 Polito,El Irresistible,,,Juan Polito,Victorio Virgilito,"Ernesto Franco, Carlos Lázzari, Celso Amato, Felipe Riccardo, Aldo Junnissi","Cayetano Puglisi, Blas Pensato, Jaime Ferrer, Raúl Domínguez","Piano, Bass, 5 Bandoneons, 4 Violins",LP,DArienzo for Export Vol 1,B,DArienzo for Export Vol 1
Juan D'Arienzo,Orquesta Típica Juan D'Arienzo,11/13/1963,La Morocha,,Tango,Instrumental,Víctor,Tape-S,4070,AVL-3512B,Enrique Saborido,Ángel Villoldo,,57-64 Polito,La Morocha,,,Juan Polito,Victorio Virgilito,"Ernesto Franco, Carlos Lázzari, Celso Amato, Felipe Riccardo, Aldo Junnissi","Cayetano Puglisi, Blas Pensato, Jaime Ferrer, Raúl Domínguez","Piano, Bass, 5 Bandoneons, 4 Violins",LP,DArienzo for Export Vol 1,B,DArienzo for Export Vol 1
Juan D'Arienzo,Orquesta Típica Juan D'Arienzo,12/4/1963,El Choclo,,Tango,Instrumental,Víctor,Tape-S,4107,AVL-3512A,Ángel Villoldo,"Juan Catán, Enrique Discépolo",,57-64 Polito,El Choclo,,,Juan Polito,Victorio Virgilito,"Ernesto Franco, Carlos Lázzari, Celso Amato, Felipe Riccardo, Aldo Junnissi","Cayetano Puglisi, Blas Pensato, Jaime Ferrer, Raúl Domínguez","Piano, Bass, 5 Bandoneons, 4 Violins",LP,DArienzo for Export Vol 1,A,DArienzo for Export Vol 1
Juan D'Arienzo,Orquesta Típica Juan D'Arienzo,12/4/1963,El Entrerriano,,Tango,Instrumental,Víctor,Tape-S,4108,AVL-3512B,Anselmo Mendizábal,Ernesto Temes,,57-64 Polito,El Entrerriano,,,Juan Polito,Victorio Virgilito,"Ernesto Franco, Carlos Lázzari, Celso Amato, Felipe Riccardo, Aldo Junnissi","Cayetano Puglisi, Blas Pensato, Jaime Ferrer, Raúl Domínguez","Piano, Bass, 5 Bandoneons, 4 Violins",LP,DArienzo for Export Vol 1,B,DArienzo for Export Vol 1
Juan D'Arienzo,Orquesta Típica Juan D'Arienzo,12/10/1963,La Catrera,,Tango,Instrumental,Víctor,Tape-S,4119,AVL-3512A,Arturo De Bassi,,,57-64 Polito,La Catrera,,,Juan Polito,Victorio Virgilito,"Ernesto Franco, Carlos Lázzari, Celso Amato, Felipe Riccardo, Aldo Junnissi","Cayetano Puglisi, Blas Pensato, Jaime Ferrer, Raúl Domínguez","Piano, Bass, 5 Bandoneons, 4 Violins",LP,DArienzo for Export Vol 1,A,DArienzo for Export Vol 1
Juan D'Arienzo,Orquesta Típica Juan D'Arienzo,12/10/1963,La Cumparsita,Si Supieras,Tango,Instrumental,Víctor,Tape,4120,AVL-3512A,Gerardo Rodríguez,"Pascual Contursi, Enrique Maroni, Gerardo Rodríguez",,57-64 Polito,La Cumparsita,,,Juan Polito,Victorio Virgilito,"Ernesto Franco, Carlos Lázzari, Celso Amato, Felipe Riccardo, Aldo Junnissi","Cayetano Puglisi, Blas Pensato, Jaime Ferrer, Raúl Domínguez","Piano, Bass, 5 Bandoneons, 4 Violins",LP,DArienzo for Export Vol 1,A,DArienzo for Export Vol 1
Juan D'Arienzo,Orquesta Típica Juan D'Arienzo,12/10/1963,La Puñalada,,Milonga,Instrumental,Víctor,Tape,4118,AVL-3512B,Pintín Alves,Celedonio Flores,,57-64 Polito,La Puñalada,,,Juan Polito,Victorio Virgilito,"Ernesto Franco, Carlos Lázzari, Celso Amato, Felipe Riccardo, Aldo Junnissi","Cayetano Puglisi, Blas Pensato, Jaime Ferrer, Raúl Domínguez","Piano, Bass, 5 Bandoneons, 4 Violins",LP,DArienzo for Export Vol 1,B,DArienzo for Export Vol 1
Juan D'Arienzo,Orquesta Típica Juan D'Arienzo,12/17/1963,A la Gran Muñeca,,Tango,Instrumental,Víctor,Tape,4130,AVL-3512B,Jesús Ventura,Miguel Osés,,57-64 Polito,A la Gran Muñeca,,,Juan Polito,Victorio Virgilito,"Ernesto Franco, Carlos Lázzari, Celso Amato, Felipe Riccardo, Aldo Junnissi","Cayetano Puglisi, Blas Pensato, Jaime Ferrer, Raúl Domínguez","Piano, Bass, 5 Bandoneons, 4 Violins",LP,DArienzo for Export Vol 1,B,DArienzo for Export Vol 1
Juan D'Arienzo,Orquesta Típica Juan D'Arienzo,12/17/1963,A Media Luz,,Tango,Instrumental,Víctor,Tape,4131,AVL-3512A,Edgardo Donato,Carlos Lenzi,,57-64 Polito,A Media Luz,,,Juan Polito,Victorio Virgilito,"Ernesto Franco, Carlos Lázzari, Celso Amato, Felipe Riccardo, Aldo Junnissi","Cayetano Puglisi, Blas Pensato, Jaime Ferrer, Raúl Domínguez","Piano, Bass, 5 Bandoneons, 4 Violins",LP,DArienzo for Export Vol 1,A,DArienzo for Export Vol 1
Juan D'Arienzo,Orquesta Típica Juan D'Arienzo,12/17/1963,Pimienta,,Tango,Instrumental,Víctor,Tape,4129,AVL-3512B,Osvaldo Fresedo,,,57-64 Polito,Pimienta,,,Juan Polito,Victorio Virgilito,"Ernesto Franco, Carlos Lázzari, Celso Amato, Felipe Riccardo, Aldo Junnissi","Cayetano Puglisi, Blas Pensato, Jaime Ferrer, Raúl Domínguez","Piano, Bass, 5 Bandoneons, 4 Violins",LP,DArienzo for Export Vol 1,B,DArienzo for Export Vol 1
Juan D'Arienzo,Orquesta Típica Juan D'Arienzo,6/30/1964,Caña,,Tango,Armando Laborde,Víctor,Tape,4396,AVL-3537,Enrique Mónaco,"Julián Araujo, Enrique Esviza",,57-64 Polito,Caña,,,Juan Polito,Victorio Virgilito,"Ernesto Franco, Carlos Lázzari, Celso Amato, Felipe Riccardo, Aldo Junnissi","Cayetano Puglisi, Blas Pensato, Jaime Ferrer, Raúl Domínguez","Piano, Bass, 5 Bandoneons, 4 Violins",LP,Cumpleanos de Mi Esposa,A,Cumpleaños de mi Esposa
Juan D'Arienzo,Orquesta Típica Juan D'Arienzo,6/30/1964,Nada,,Tango,Jorge Valdez,Víctor,Tape,4394,AVL-3537,José Dames,Horacio Basterra,,57-64 Polito,Nada,,,Juan Polito,Victorio Virgilito,"Ernesto Franco, Carlos Lázzari, Celso Amato, Felipe Riccardo, Aldo Junnissi","Cayetano Puglisi, Blas Pensato, Jaime Ferrer, Raúl Domínguez","Piano, Bass, 5 Bandoneons, 4 Violins",LP,Cumpleanos de Mi Esposa,B,Cumpleaños de mi Esposa
Juan D'Arienzo,Orquesta Típica Juan D'Arienzo,6/30/1964,Qué Falta Que Me Hacés,,Tango,Jorge Valdez,Víctor,Tape,4395,AVL-3537,"Armando Pontier, Miguel Caló, Federico Silva","Armando Pontier, Miguel Caló, Federico Silva",,57-64 Polito,Qué Falta Que Me Hacés,,,Juan Polito,Victorio Virgilito,"Ernesto Franco, Carlos Lázzari, Celso Amato, Felipe Riccardo, Aldo Junnissi","Cayetano Puglisi, Blas Pensato, Jaime Ferrer, Raúl Domínguez","Piano, Bass, 5 Bandoneons, 4 Violins",LP,Cumpleanos de Mi Esposa,B,Cumpleaños de mi Esposa
Juan D'Arienzo,Orquesta Típica Juan D'Arienzo,6/30/1964,Yuyo Brujo,,Tango,Armando Laborde,Víctor,Tape,4397,AVL-3537,Benjamín García,Sos Waiss,,57-64 Polito,Yuyo Brujo,,,Juan Polito,Victorio Virgilito,"Ernesto Franco, Carlos Lázzari, Celso Amato, Felipe Riccardo, Aldo Junnissi","Cayetano Puglisi, Blas Pensato, Jaime Ferrer, Raúl Domínguez","Piano, Bass, 5 Bandoneons, 4 Violins",LP,Cumpleanos de Mi Esposa,B,Cumpleaños de mi Esposa
Juan D'Arienzo,Orquesta Típica Juan D'Arienzo,9/25/1964,El Último Café,,Tango,Jorge Valdez,Víctor,Tape,4535,AVL-3556,Héctor Stamponi,Cátulo Castillo,,57-64 Polito,El Último Café,,,Juan Polito,Victorio Virgilito,"Ernesto Franco, Carlos Lázzari, Celso Amato, Felipe Riccardo, Aldo Junnissi","Cayetano Puglisi, Blas Pensato, Jaime Ferrer, Raúl Domínguez","Piano, Bass, 5 Bandoneons, 4 Violins",LP,Estampas de Antano,A,Estampas de Antano
Juan D'Arienzo,Orquesta Típica Juan D'Arienzo,9/25/1964,Estampas de Antaño,,Tango,Armando Laborde,Víctor,Tape,4534,AVL-3556,"Armando Baliotti, Alberto Tavarozzi","Juan Locatelli, Alfredo Maggioni",,57-64 Polito,Estampas de Antaño,,,Juan Polito,Victorio Virgilito,"Ernesto Franco, Carlos Lázzari, Celso Amato, Felipe Riccardo, Aldo Junnissi","Cayetano Puglisi, Blas Pensato, Jaime Ferrer, Raúl Domínguez","Piano, Bass, 5 Bandoneons, 4 Violins",LP,Estampas de Antano,A,Estampas de Antano
Juan D'Arienzo,Orquesta Típica Juan D'Arienzo,9/25/1964,Puro Cuento,,Tango,Armando Laborde,Víctor,Tape,4538,AVL-3556,Alberto Alonso,Francisco Puchs,,57-64 Polito,Puro Cuento,,,Juan Polito,Victorio Virgilito,"Ernesto Franco, Carlos Lázzari, Celso Amato, Felipe Riccardo, Aldo Junnissi","Cayetano Puglisi, Blas Pensato, Jaime Ferrer, Raúl Domínguez","Piano, Bass, 5 Bandoneons, 4 Violins",LP,Estampas de Antano,A,Estampas de Antano
Juan D'Arienzo,Orquesta Típica Juan D'Arienzo,9/25/1964,Quiero Verte una Vez Más,Viejo Gaucho,Tango,Jorge Valdez,Víctor,Tape,4539,AVL-3556,Mario Canaro,José Contursi,,57-64 Polito,Quiero Verte una Vez Más,,,Juan Polito,Victorio Virgilito,"Ernesto Franco, Carlos Lázzari, Celso Amato, Felipe Riccardo, Aldo Junnissi","Cayetano Puglisi, Blas Pensato, Jaime Ferrer, Raúl Domínguez","Piano, Bass, 5 Bandoneons, 4 Violins",LP,Estampas de Antano,B,Estampas de Antano
Juan D'Arienzo,Orquesta Típica Juan D'Arienzo,9/25/1964,Remembranzas,,Tango,Jorge Valdez,Víctor,Tape,4537,AVL-3556,Mario Melfi,Mario Battistella,,57-64 Polito,Remembranzas,,,Juan Polito,Victorio Virgilito,"Ernesto Franco, Carlos Lázzari, Celso Amato, Felipe Riccardo, Aldo Junnissi","Cayetano Puglisi, Blas Pensato, Jaime Ferrer, Raúl Domínguez","Piano, Bass, 5 Bandoneons, 4 Violins",LP,Estampas de Antano,B,Estampas de Antano
Juan D'Arienzo,Orquesta Típica Juan D'Arienzo,9/25/1964,Y Cualquier Cantidad,,Tango,Armando Laborde,Víctor,Tape,4536,AVL-3556,"Enrique Guerra, Eduardo Pauloni, Armando Dáttoli","Enrique Guerra, Eduardo Pauloni, Armando Dáttoli",,57-64 Polito,Y Cualquier Cantidad,,,Juan Polito,Victorio Virgilito,"Ernesto Franco, Carlos Lázzari, Celso Amato, Felipe Riccardo, Aldo Junnissi","Cayetano Puglisi, Blas Pensato, Jaime Ferrer, Raúl Domínguez","Piano, Bass, 5 Bandoneons, 4 Violins",LP,Estampas de Antano,A,Estampas de Antano
Juan D'Arienzo,Orquesta Típica Juan D'Arienzo,10/2/1964,Necesito Amor,,Tango,Jorge Valdez,Víctor,Tape-S,4550,AVL-3556,Miguel Ratto,Agustín Minotti,,64-75 For Export,Necesito Amor,,,Juan Polito,Victorio Virgilito,"Ernesto Franco, Carlos Lázzari, Celso Amato, Felipe Riccardo, Aldo Junnissi","Cayetano Puglisi, Blas Pensato, Jaime Ferrer, Raúl Domínguez","Piano, Bass, 5 Bandoneons, 4 Violins",LP,Estampas de Antano,A,Estampas de Antano
Juan D'Arienzo,Orquesta Típica Juan D'Arienzo,10/2/1964,Pura Trampa,,Tango,Instrumental,Víctor,Tape-S,4549,AVL-3556,"Jorge Dragone, Carlos Lázzari, Juan Polito",,,64-75 For Export,Pura Trampa,,,Juan Polito,Victorio Virgilito,"Ernesto Franco, Carlos Lázzari, Celso Amato, Felipe Riccardo, Aldo Junnissi","Cayetano Puglisi, Blas Pensato, Jaime Ferrer, Raúl Domínguez","Piano, Bass, 5 Bandoneons, 4 Violins",LP,Estampas de Antano,A,Estampas de Antano
Juan D'Arienzo,Orquesta Típica Juan D'Arienzo,10/2/1964,Se Prendió la Colorada,,Milonga,Valdez Y Laborde,Víctor,Tape-S,4551,AVL-3556,"Lafe Ceminati, Carlos Lázzari, Juan Polito","Armando Ceminati, Carlos Lázzari, Juan Polito",,64-75 For Export,Se Prendió la Colorada,,,Juan Polito,Victorio Virgilito,"Ernesto Franco, Carlos Lázzari, Celso Amato, Felipe Riccardo, Aldo Junnissi","Cayetano Puglisi, Blas Pensato, Jaime Ferrer, Raúl Domínguez","Piano, Bass, 5 Bandoneons, 4 Violins",LP,Estampas de Antano,A,Estampas de Antano
Juan D'Arienzo,Orquesta Típica Juan D'Arienzo,10/2/1964,Tambor Moreno,,Milonga,Valdez Y Laborde,Víctor,Tape-S,4548,AVL-3556,"Ángel Gatti, Carlos Lázzari, Juan Polito","Ángel Gatti, Carlos Lázzari, Juan Polito",,64-75 For Export,Tambor Moreno,,,Juan Polito,Victorio Virgilito,"Ernesto Franco, Carlos Lázzari, Celso Amato, Felipe Riccardo, Aldo Junnissi","Cayetano Puglisi, Blas Pensato, Jaime Ferrer, Raúl Domínguez","Piano, Bass, 5 Bandoneons, 4 Violins",LP,Estampas de Antano,B,Estampas de Antano
Juan D'Arienzo,Orquesta Típica Juan D'Arienzo,10/9/1964,Cada Vez Te Extraño Más,,Tango,Armando Laborde,Víctor,Tape-S,4560,AVL-3556,Héctor Smith,Héctor Smith,,64-75 For Export,Cada Vez Te Extraño Más,,,Juan Polito,Victorio Virgilito,"Ernesto Franco, Carlos Lázzari, Celso Amato, Felipe Riccardo, Aldo Junnissi","Cayetano Puglisi, Blas Pensato, Jaime Ferrer, Raúl Domínguez","Piano, Bass, 5 Bandoneons, 4 Violins",LP,Estampas de Antano,A,Estampas de Antano
Juan D'Arienzo,Orquesta Típica Juan D'Arienzo,10/9/1964,Suerte Loca,,Tango,Armando Laborde,Víctor,Tape-S,4561,AVL-3688,Anselmo Aieta,Francisco Jiménez,,64-75 For Export,Suerte Loca,,,Juan Polito,Victorio Virgilito,"Ernesto Franco, Carlos Lázzari, Celso Amato, Felipe Riccardo, Aldo Junnissi","Cayetano Puglisi, Blas Pensato, Jaime Ferrer, Raúl Domínguez","Piano, Bass, 5 Bandoneons, 4 Violins",LP,Che Timbero,B,Che Timbero
Juan D'Arienzo,Orquesta Típica Juan D'Arienzo,11/18/1964,Amor de Verano,,Tango,Jorge Valdez,Víctor,Tape-S,4664,1A-0583,Luis Stazo,Federico Iraluz,,64-75 For Export,Amor de Verano,,,Juan Polito,Victorio Virgilito,"Ernesto Franco, Carlos Lázzari, Celso Amato, Felipe Riccardo, Aldo Junnissi","Cayetano Puglisi, Blas Pensato, Jaime Ferrer, Raúl Domínguez","Piano, Bass, 5 Bandoneons, 4 Violins",LP,Mi Noche Triste,A,Mi Noche Triste
Juan D'Arienzo,Orquesta Típica Juan D'Arienzo,11/18/1964,Ya Lo Ves,,Tango,Armando Laborde,Víctor,Tape-S,4663,AVL-3688,Juan D'Arienzo,Luis Rubistein,,64-75 For Export,Ya Lo Ves,,,Juan Polito,Victorio Virgilito,"Ernesto Franco, Carlos Lázzari, Celso Amato, Felipe Riccardo, Aldo Junnissi","Cayetano Puglisi, Blas Pensato, Jaime Ferrer, Raúl Domínguez","Piano, Bass, 5 Bandoneons, 4 Violins",LP,Che Timbero,B,Che Timbero
Juan D'Arienzo,Orquesta Típica Juan D'Arienzo,8/11/1965,Charamusca,,Tango,Instrumental,Víctor,Tape-S,5273,AVS-4360A,Francisco Canaro,,,64-75 For Export,Charamusca,,,Juan Polito,Enrique Guerra,"Ernesto Franco, Carlos Lázzari, Celso Amato, Felipe Riccardo, Aldo Junnissi","Cayetano Puglisi, Blas Pensato, Jaime Ferrer, Raúl Domínguez","Piano, Bass, 5 Bandoneons, 4 Violins",LP,DArienzo Interpreta a Canaro,B,Juan D'Arienzo Interpreta a Canaro
Juan D'Arienzo,Orquesta Típica Juan D'Arienzo,8/11/1965,El Chamuyo,,Tango,Instrumental,Víctor,Tape-S,5272,AVL-3603 / AVS-4360,Francisco Canaro,,,64-75 For Export,El Chamuyo,,,Juan Polito,Enrique Guerra,"Ernesto Franco, Carlos Lázzari, Celso Amato, Felipe Riccardo, Aldo Junnissi","Cayetano Puglisi, Blas Pensato, Jaime Ferrer, Raúl Domínguez","Piano, Bass, 5 Bandoneons, 4 Violins",LP,DArienzo Interpreta a Canaro,B,Juan D'Arienzo Interpreta a Canaro
Juan D'Arienzo,Orquesta Típica Juan D'Arienzo,8/11/1965,El Pollito,,Tango,Instrumental,Víctor,Tape-S,5271,AVL-3603 / AVS-4360,Francisco Canaro,,,64-75 For Export,El Pollito,,,Juan Polito,Enrique Guerra,"Ernesto Franco, Carlos Lázzari, Celso Amato, Felipe Riccardo, Aldo Junnissi","Cayetano Puglisi, Blas Pensato, Jaime Ferrer, Raúl Domínguez","Piano, Bass, 5 Bandoneons, 4 Violins",LP,DArienzo Interpreta a Canaro,B,Juan D'Arienzo Interpreta a Canaro
Juan D'Arienzo,Orquesta Típica Juan D'Arienzo,8/11/1965,La Tablada,,Tango,Instrumental,Víctor,Tape-S,5269,AVL-3603 / AVS-4360,Francisco Canaro,,,64-75 For Export,La Tablada,,,Juan Polito,Enrique Guerra,"Ernesto Franco, Carlos Lázzari, Celso Amato, Felipe Riccardo, Aldo Junnissi","Cayetano Puglisi, Blas Pensato, Jaime Ferrer, Raúl Domínguez","Piano, Bass, 5 Bandoneons, 4 Violins",LP,DArienzo Interpreta a Canaro,A,Juan D'Arienzo Interpreta a Canaro
Juan D'Arienzo,Orquesta Típica Juan D'Arienzo,8/11/1965,Nueve Puntos,,Tango,Instrumental,Víctor,Tape-S,5268,AVS-4360B,Francisco Canaro,,,64-75 For Export,Nueve Puntos,,,Juan Polito,Enrique Guerra,"Ernesto Franco, Carlos Lázzari, Celso Amato, Felipe Riccardo, Aldo Junnissi","Cayetano Puglisi, Blas Pensato, Jaime Ferrer, Raúl Domínguez","Piano, Bass, 5 Bandoneons, 4 Violins",LP,DArienzo Interpreta a Canaro,A,Juan D'Arienzo Interpreta a Canaro
Juan D'Arienzo,Orquesta Típica Juan D'Arienzo,8/11/1965,Sentimiento Gaucho,,Tango,Osvaldo Ramos,Víctor,Tape-S,5270,AVL-3603 / AVS-4360B,"Francisco Canaro, Rafael Canaro",Juan Caruso,,64-75 For Export,Sentimiento Gaucho,,,Juan Polito,Enrique Guerra,"Ernesto Franco, Carlos Lázzari, Celso Amato, Felipe Riccardo, Aldo Junnissi","Cayetano Puglisi, Blas Pensato, Jaime Ferrer, Raúl Domínguez","Piano, Bass, 5 Bandoneons, 4 Violins",LP,DArienzo Interpreta a Canaro,B,Juan D'Arienzo Interpreta a Canaro
Juan D'Arienzo,Orquesta Típica Juan D'Arienzo,8/12/1965,El Triunfo,,Tango,Instrumental,Víctor,Tape-S,5276,AVL-3603 / AVS-4360,Francisco Canaro,,,64-75 For Export,El Triunfo,,,Juan Polito,Enrique Guerra,"Ernesto Franco, Carlos Lázzari, Celso Amato, Felipe Riccardo, Aldo Junnissi","Cayetano Puglisi, Blas Pensato, Jaime Ferrer, Raúl Domínguez","Piano, Bass, 5 Bandoneons, 4 Violins",LP,DArienzo Interpreta a Canaro,B,Juan D'Arienzo Interpreta a Canaro
Juan D'Arienzo,Orquesta Típica Juan D'Arienzo,8/12/1965,Tiempos Viejos,Te Acordás Hermano,Tango,Armando Laborde,Víctor,Tape-S,5275,AVS-4360A,Francisco Canaro,Manuel Romero,,64-75 For Export,Tiempos Viejos,,,Juan Polito,Enrique Guerra,"Ernesto Franco, Carlos Lázzari, Celso Amato, Felipe Riccardo, Aldo Junnissi","Cayetano Puglisi, Blas Pensato, Jaime Ferrer, Raúl Domínguez","Piano, Bass, 5 Bandoneons, 4 Violins",LP,DArienzo Interpreta a Canaro,A,Juan D'Arienzo Interpreta a Canaro
Juan D'Arienzo,Orquesta Típica Juan D'Arienzo,8/12/1965,Yo No Sé Qué Me Han Echo Tus Ojos,,Vals,Osvaldo Ramos,Víctor,Tape-S,5274,AVL-3603 / AVS-4360A,Francisco Canaro,Francisco Canaro,,64-75 For Export,Yo No Sé Qué Me Han Echo Tus Ojos,,,Juan Polito,Enrique Guerra,"Ernesto Franco, Carlos Lázzari, Celso Amato, Felipe Riccardo, Aldo Junnissi","Cayetano Puglisi, Blas Pensato, Jaime Ferrer, Raúl Domínguez","Piano, Bass, 5 Bandoneons, 4 Violins",LP,DArienzo Interpreta a Canaro,A,Juan D'Arienzo Interpreta a Canaro
Juan D'Arienzo,Orquesta Típica Juan D'Arienzo,8/27/1965,El Alacrán,,Tango,Instrumental,Víctor,Tape-S,5322,AVL-3603 / AVS-4360,Francisco Canaro,,,64-75 For Export,El Alacrán,,,Juan Polito,Enrique Guerra,"Ernesto Franco, Carlos Lázzari, Celso Amato, Felipe Riccardo, Aldo Junnissi","Cayetano Puglisi, Blas Pensato, Jaime Ferrer, Raúl Domínguez","Piano, Bass, 5 Bandoneons, 4 Violins",LP,DArienzo Interpreta a Canaro,A,Juan D'Arienzo Interpreta a Canaro
Juan D'Arienzo,Orquesta Típica Juan D'Arienzo,8/27/1965,El Internado,,Tango,Instrumental,Víctor,Tape-S,5323,AVS-4360B,Francisco Canaro,,,64-75 For Export,El Internado,,,Juan Polito,Enrique Guerra,"Ernesto Franco, Carlos Lázzari, Celso Amato, Felipe Riccardo, Aldo Junnissi","Cayetano Puglisi, Blas Pensato, Jaime Ferrer, Raúl Domínguez","Piano, Bass, 5 Bandoneons, 4 Violins",LP,DArienzo Interpreta a Canaro,A,Juan D'Arienzo Interpreta a Canaro
Juan D'Arienzo,Orquesta Típica Juan D'Arienzo,8/27/1965,Se Acabaron los Otarios,,Tango,Armando Laborde,Víctor,Tape-S,5324,AVS-4360B,Francisco Canaro,Juan Caruso,,64-75 For Export,Se Acabaron los Otarios,,,Juan Polito,Enrique Guerra,"Ernesto Franco, Carlos Lázzari, Celso Amato, Felipe Riccardo, Aldo Junnissi","Cayetano Puglisi, Blas Pensato, Jaime Ferrer, Raúl Domínguez","Piano, Bass, 5 Bandoneons, 4 Violins",LP,DArienzo Interpreta a Canaro,B,Juan D'Arienzo Interpreta a Canaro
Juan D'Arienzo,Orquesta Típica Juan D'Arienzo,9/2/1965,Desconocidos,,Tango,Osvaldo Ramos,Víctor,Tape-S,5325,AVL-3688,Luis Stazo,Federico Silva,,64-75 For Export,Desconocidos,,,Juan Polito,Enrique Guerra,"Ernesto Franco, Carlos Lázzari, Celso Amato, Felipe Riccardo, Aldo Junnissi","Cayetano Puglisi, Blas Pensato, Jaime Ferrer, Raúl Domínguez","Piano, Bass, 5 Bandoneons, 4 Violins",LP,Che Timbero,A,Che Timbero
Juan D'Arienzo,Orquesta Típica Juan D'Arienzo,9/2/1965,Julieta y Romeo,,Tango,Armando Laborde,Víctor,Tape-S,,,"Ángel Gatti, Carlos Lázzari, Juan Polito","Ángel Gatti, Carlos Lázzari, Juan Polito",,64-75 For Export,Julieta y Romeo,,,Juan Polito,Enrique Guerra,"Ernesto Franco, Carlos Lázzari, Celso Amato, Felipe Riccardo, Aldo Junnissi","Cayetano Puglisi, Blas Pensato, Jaime Ferrer, Raúl Domínguez","Piano, Bass, 5 Bandoneons, 4 Violins",LP,Che Timbero,B,Che Timbero
Juan D'Arienzo,Orquesta Típica Juan D'Arienzo,9/27/1965,Che Timbero,,Tango,Armando Laborde,Víctor,Tape-S,5376,1A-0836,César Zagnoli,Héctor Schmitt,,64-75 For Export,Che Timbero,,,Juan Polito,Enrique Guerra,"Ernesto Franco, Carlos Lázzari, Celso Amato, Felipe Riccardo, Aldo Junnissi","Cayetano Puglisi, Blas Pensato, Jaime Ferrer, Raúl Domínguez","Piano, Bass, 5 Bandoneons, 4 Violins",LP,Che Timbero,A,Che Timbero
Juan D'Arienzo,Orquesta Típica Juan D'Arienzo,9/27/1965,Junto a Mi China,,Tango,Ramos Y Laborde,Víctor,Tape-S,5378,AVL-3688,Cayetano Puglisi,Armando Cereminati,,64-75 For Export,Junto a Mi China,,,Juan Polito,Enrique Guerra,"Ernesto Franco, Carlos Lázzari, Celso Amato, Felipe Riccardo, Aldo Junnissi","Cayetano Puglisi, Blas Pensato, Jaime Ferrer, Raúl Domínguez","Piano, Bass, 5 Bandoneons, 4 Violins",LP,Che Timbero,B,Che Timbero
Juan D'Arienzo,Orquesta Típica Juan D'Arienzo,9/27/1965,La Mimada,,Milonga,Ramos Y Laborde,Víctor,Tape-S,5377,1A-0835,Miguel Famá,Miguel Famá,,64-75 For Export,La Mimada,,,Juan Polito,Enrique Guerra,"Ernesto Franco, Carlos Lázzari, Celso Amato, Felipe Riccardo, Aldo Junnissi","Cayetano Puglisi, Blas Pensato, Jaime Ferrer, Raúl Domínguez","Piano, Bass, 5 Bandoneons, 4 Violins",LP,Che Timbero,A,Che Timbero
Juan D'Arienzo,Orquesta Típica Juan D'Arienzo,9/27/1965,Sólo un Renglón,,Tango,Osvaldo Ramos,Víctor,Tape-S,5375,1A-0835,"Josefina Fuente, Ángel Gatti","Josefina Fuente, Velmar Gatti",,64-75 For Export,Sólo un Renglón,,,Juan Polito,Enrique Guerra,"Ernesto Franco, Carlos Lázzari, Celso Amato, Felipe Riccardo, Aldo Junnissi","Cayetano Puglisi, Blas Pensato, Jaime Ferrer, Raúl Domínguez","Piano, Bass, 5 Bandoneons, 4 Violins",LP,Che Timbero,B,Che Timbero
Juan D'Arienzo,Orquesta Típica Juan D'Arienzo,10/14/1965,Calla,,Tango,Armando Laborde,Víctor,Tape-S,5395,1A-0804,Roberto Rufino,Manuel Barros,,64-75 For Export,Calla,,,Juan Polito,Enrique Guerra,"Ernesto Franco, Carlos Lázzari, Celso Amato, Felipe Riccardo, Aldo Junnissi","Cayetano Puglisi, Blas Pensato, Jaime Ferrer, Raúl Domínguez","Piano, Bass, 5 Bandoneons, 4 Violins",LP,Che Timbero,A,Che Timbero
Juan D'Arienzo,Orquesta Típica Juan D'Arienzo,10/14/1965,Camino Sin Final,,Tango,Osvaldo Ramos,Víctor,Tape-S,5393,AVL-3634,José Tinelli,Carlos Marín,,64-75 For Export,Camino Sin Final,,,Juan Polito,Enrique Guerra,"Ernesto Franco, Carlos Lázzari, Celso Amato, Felipe Riccardo, Aldo Junnissi","Cayetano Puglisi, Blas Pensato, Jaime Ferrer, Raúl Domínguez","Piano, Bass, 5 Bandoneons, 4 Violins",LP,Mi Noche Triste,B,Mi Noche Triste
Juan D'Arienzo,Orquesta Típica Juan D'Arienzo,10/14/1965,Dandy,,Tango,Osvaldo Ramos,Víctor,Tape-S,5391,AVL-3634,Lucio Demare,"Agustín Irusta, Roberto Fugazot",,64-75 For Export,Dandy,,,Juan Polito,Enrique Guerra,"Ernesto Franco, Carlos Lázzari, Celso Amato, Felipe Riccardo, Aldo Junnissi","Cayetano Puglisi, Blas Pensato, Jaime Ferrer, Raúl Domínguez","Piano, Bass, 5 Bandoneons, 4 Violins",LP,Mi Noche Triste,A,Mi Noche Triste
Juan D'Arienzo,Orquesta Típica Juan D'Arienzo,10/14/1965,De Puro Curda,,Tango,Armando Laborde,Víctor,Tape-S,5392,AVL-3634,Carlos Velásquez,"Abel Aznar, Campos Carlo",,64-75 For Export,De Puro Curda,,,Juan Polito,Enrique Guerra,"Ernesto Franco, Carlos Lázzari, Celso Amato, Felipe Riccardo, Aldo Junnissi","Cayetano Puglisi, Blas Pensato, Jaime Ferrer, Raúl Domínguez","Piano, Bass, 5 Bandoneons, 4 Violins",LP,Mi Noche Triste,A,Mi Noche Triste
Juan D'Arienzo,Orquesta Típica Juan D'Arienzo,10/14/1965,El Tren de las Ocho,,Tango,Osvaldo Ramos,Víctor,Tape-S,5396,AVL-3634,"Juan Polito, Carlos Lázzari",Ángel Lamónaca,,64-75 For Export,El Tren de las Ocho,,,Juan Polito,Enrique Guerra,"Ernesto Franco, Carlos Lázzari, Celso Amato, Felipe Riccardo, Aldo Junnissi","Cayetano Puglisi, Blas Pensato, Jaime Ferrer, Raúl Domínguez","Piano, Bass, 5 Bandoneons, 4 Violins",LP,Mi Noche Triste,A,Mi Noche Triste
Juan D'Arienzo,Orquesta Típica Juan D'Arienzo,10/14/1965,Solamente Por Amor,,Tango,Osvaldo Ramos,Víctor,Tape-S,5394,AVL-3634,Ely Leventoux,Ely Leventoux,,64-75 For Export,Solamente Por Amor,,,Juan Polito,Enrique Guerra,"Ernesto Franco, Carlos Lázzari, Celso Amato, Felipe Riccardo, Aldo Junnissi","Cayetano Puglisi, Blas Pensato, Jaime Ferrer, Raúl Domínguez","Piano, Bass, 5 Bandoneons, 4 Violins",LP,Mi Noche Triste,A,Mi Noche Triste
Juan D'Arienzo,Orquesta Típica Juan D'Arienzo,11/18/1965,Cuanto Te Extraño Vida Mía,,Tango,Osvaldo Ramos,Víctor,Tape-S,5476,AVL-3634,Enrique Alessio,Miguel Bucino,,64-75 For Export,Cuanto Te Extraño Vida Mía,,,Juan Polito,Enrique Guerra,"Ernesto Franco, Carlos Lázzari, Celso Amato, Felipe Riccardo, Aldo Junnissi","Cayetano Puglisi, Blas Pensato, Jaime Ferrer, Raúl Domínguez","Piano, Bass, 5 Bandoneons, 4 Violins",LP,Mi Noche Triste,A,Mi Noche Triste
Juan D'Arienzo,Orquesta Típica Juan D'Arienzo,11/18/1965,Día de Tango,,Tango,Armando Laborde,Víctor,Tape-S,5475,AVL-3634,"Vicente Lorenzo, Mario Bloise, Angela Lucía",Vicente Lorenzo,,64-75 For Export,Día de Tango,,,Juan Polito,Enrique Guerra,"Ernesto Franco, Carlos Lázzari, Celso Amato, Felipe Riccardo, Aldo Junnissi","Cayetano Puglisi, Blas Pensato, Jaime Ferrer, Raúl Domínguez","Piano, Bass, 5 Bandoneons, 4 Violins",LP,Mi Noche Triste,B,Mi Noche Triste
Juan D'Arienzo,Orquesta Típica Juan D'Arienzo,11/18/1965,El Que Atrasó el Reloj,,Tango,Armando Laborde,Víctor,Tape-S,5477,AVL-3634,Guillermo Barbieri,Enrique Cadícamo,,64-75 For Export,El Que Atrasó el Reloj,,,Juan Polito,Enrique Guerra,"Ernesto Franco, Carlos Lázzari, Celso Amato, Felipe Riccardo, Aldo Junnissi","Cayetano Puglisi, Blas Pensato, Jaime Ferrer, Raúl Domínguez","Piano, Bass, 5 Bandoneons, 4 Violins",LP,Mi Noche Triste,B,Mi Noche Triste
Juan D'Arienzo,Orquesta Típica Juan D'Arienzo,11/18/1965,Mi Noche Triste,,Tango,Armando Laborde,Víctor,Tape-S,5479,AVL-3634,Samuel Castriota,Pascual Contursi,,64-75 For Export,Mi Noche Triste,,,Juan Polito,Enrique Guerra,"Ernesto Franco, Carlos Lázzari, Celso Amato, Felipe Riccardo, Aldo Junnissi","Cayetano Puglisi, Blas Pensato, Jaime Ferrer, Raúl Domínguez","Piano, Bass, 5 Bandoneons, 4 Violins",LP,Mi Noche Triste,B,Mi Noche Triste
Juan D'Arienzo,Orquesta Típica Juan D'Arienzo,11/18/1965,Nada Nada Más Que Amor,,Tango,Osvaldo Ramos,Víctor,Tape-S,5478,AVL-3688,José Dames,Oscar Rubistein,,64-75 For Export,Nada Nada Más Que Amor,,,Juan Polito,Enrique Guerra,"Ernesto Franco, Carlos Lázzari, Celso Amato, Felipe Riccardo, Aldo Junnissi","Cayetano Puglisi, Blas Pensato, Jaime Ferrer, Raúl Domínguez","Piano, Bass, 5 Bandoneons, 4 Violins",LP,Che Timbero,A,Che Timbero
Juan D'Arienzo,Orquesta Típica Juan D'Arienzo,11/19/1965,Sólo Tu Voz,,Tango,Osvaldo Ramos,Víctor,Tape-S,5474,AVL-3634,Ángel Baya,Roberto Pereyra,,64-75 For Export,Sólo Tu Voz,,,Juan Polito,Enrique Guerra,"Ernesto Franco, Carlos Lázzari, Celso Amato, Felipe Riccardo, Aldo Junnissi","Cayetano Puglisi, Blas Pensato, Jaime Ferrer, Raúl Domínguez","Piano, Bass, 5 Bandoneons, 4 Violins",LP,Mi Noche Triste,A,Mi Noche Triste
Juan D'Arienzo,Orquesta Típica Juan D'Arienzo,7/25/1966,El Amanecer,,Tango,Instrumental,Víctor,Tape-S,6143,AVL-3705B,Roberto Firpo,,,64-75 For Export,El Amanecer,,,Juan Polito,Enrique Guerra,"Ernesto Franco, Carlos Lázzari, Celso Amato, Felipe Riccardo, Aldo Junnissi","Cayetano Puglisi, Blas Pensato, Jaime Ferrer, Raúl Domínguez","Piano, Bass, 5 Bandoneons, 4 Violins",LP,DArienzo for Export Vol 2,A,DArienzo for Export Vol 2
Juan D'Arienzo,Orquesta Típica Juan D'Arienzo,7/25/1966,Entre Dos Fuegos,,Tango,Instrumental,Víctor,Tape-S,6148,AVL-3705A,Alberto Buchardo,,,64-75 For Export,Entre Dos Fuegos,,,Juan Polito,Enrique Guerra,"Ernesto Franco, Carlos Lázzari, Celso Amato, Felipe Riccardo, Aldo Junnissi","Cayetano Puglisi, Blas Pensato, Jaime Ferrer, Raúl Domínguez","Piano, Bass, 5 Bandoneons, 4 Violins",LP,DArienzo for Export Vol 2,A,DArienzo for Export Vol 2
Juan D'Arienzo,Orquesta Típica Juan D'Arienzo,7/25/1966,La Payanca,,Tango,Instrumental,Víctor,Tape-S,6144,AVL-3705A,Augusto Berto,Jesús Bianco,,64-75 For Export,La Payanca,,,Juan Polito,Enrique Guerra,"Ernesto Franco, Carlos Lázzari, Celso Amato, Felipe Riccardo, Aldo Junnissi","Cayetano Puglisi, Blas Pensato, Jaime Ferrer, Raúl Domínguez","Piano, Bass, 5 Bandoneons, 4 Violins",LP,DArienzo for Export Vol 2,A,DArienzo for Export Vol 2
Juan D'Arienzo,Orquesta Típica Juan D'Arienzo,7/25/1966,La Viruta,,Tango,Instrumental,Víctor,Tape-S,6145,AVL-3705B,Vicente Greco,,,64-75 For Export,La Viruta,,,Juan Polito,Enrique Guerra,"Ernesto Franco, Carlos Lázzari, Celso Amato, Felipe Riccardo, Aldo Junnissi","Cayetano Puglisi, Blas Pensato, Jaime Ferrer, Raúl Domínguez","Piano, Bass, 5 Bandoneons, 4 Violins",LP,DArienzo for Export Vol 2,B,DArienzo for Export Vol 2
Juan D'Arienzo,Orquesta Típica Juan D'Arienzo,7/25/1966,Rodríguez Peña,,Tango,Instrumental,Víctor,Tape-S,6146,AVL-3705B,Vicente Greco,"Ernesto Porteño, Juan Velich, Rafael Velich",,64-75 For Export,Rodríguez Peña,,,Juan Polito,Enrique Guerra,"Ernesto Franco, Carlos Lázzari, Celso Amato, Felipe Riccardo, Aldo Junnissi","Cayetano Puglisi, Blas Pensato, Jaime Ferrer, Raúl Domínguez","Piano, Bass, 5 Bandoneons, 4 Violins",LP,DArienzo for Export Vol 2,B,DArienzo for Export Vol 2
Juan D'Arienzo,Orquesta Típica Juan D'Arienzo,7/25/1966,Vea Vea,,Tango,Instrumental,Víctor,Tape-S,6147,AVL-3705A,Roberto Firpo,Alberto Lago,,64-75 For Export,Vea Vea,,,Juan Polito,Enrique Guerra,"Ernesto Franco, Carlos Lázzari, Celso Amato, Felipe Riccardo, Aldo Junnissi","Cayetano Puglisi, Blas Pensato, Jaime Ferrer, Raúl Domínguez","Piano, Bass, 5 Bandoneons, 4 Violins",LP,DArienzo for Export Vol 2,A,DArienzo for Export Vol 2
Juan D'Arienzo,Orquesta Típica Juan D'Arienzo,8/3/1966,Benguria,,Tango,Instrumental,Víctor,Tape-S,6163,AVL-3705B,Roberto Firpo,,,64-75 For Export,Benguria,,,Juan Polito,Enrique Guerra,"Ernesto Franco, Carlos Lázzari, Celso Amato, Felipe Riccardo, Aldo Junnissi","Cayetano Puglisi, Blas Pensato, Jaime Ferrer, Raúl Domínguez","Piano, Bass, 5 Bandoneons, 4 Violins",LP,DArienzo for Export Vol 2,B,DArienzo for Export Vol 2
Juan D'Arienzo,Orquesta Típica Juan D'Arienzo,8/3/1966,De Mi Flor,,Tango,Instrumental,Víctor,Tape-S,6164,AVL-3705A,Roberto Firpo,,,64-75 For Export,De Mi Flor,,,Juan Polito,Enrique Guerra,"Ernesto Franco, Carlos Lázzari, Celso Amato, Felipe Riccardo, Aldo Junnissi","Cayetano Puglisi, Blas Pensato, Jaime Ferrer, Raúl Domínguez","Piano, Bass, 5 Bandoneons, 4 Violins",LP,DArienzo for Export Vol 2,A,DArienzo for Export Vol 2
Juan D'Arienzo,Orquesta Típica Juan D'Arienzo,8/3/1966,El Once,,Tango,Instrumental,Víctor,Tape-S,6167,AVL-3705,Osvaldo Fresedo,Emilio Fresedo,,64-75 For Export,El Once,,,Juan Polito,Enrique Guerra,"Ernesto Franco, Carlos Lázzari, Celso Amato, Felipe Riccardo, Aldo Junnissi","Cayetano Puglisi, Blas Pensato, Jaime Ferrer, Raúl Domínguez","Piano, Bass, 5 Bandoneons, 4 Violins",LP,DArienzo for Export Vol 2,A,DArienzo for Export Vol 2
Juan D'Arienzo,Orquesta Típica Juan D'Arienzo,8/3/1966,Hotel Victoria,,Tango,Instrumental,Víctor,Tape-S,6168,AVL-3705B,Feliciano Latasa,Carlos Pesce,,64-75 For Export,Hotel Victoria,,,Juan Polito,Enrique Guerra,"Ernesto Franco, Carlos Lázzari, Celso Amato, Felipe Riccardo, Aldo Junnissi","Cayetano Puglisi, Blas Pensato, Jaime Ferrer, Raúl Domínguez","Piano, Bass, 5 Bandoneons, 4 Violins",LP,DArienzo for Export Vol 2,B,DArienzo for Export Vol 2
Juan D'Arienzo,Orquesta Típica Juan D'Arienzo,8/3/1966,Nueve de Julio,9 de Julio,Tango,Instrumental,Víctor,Tape-S,6165,AVL-3705A,José Padula,Lito Ferrari,,64-75 For Export,Nueve de Julio,,,Juan Polito,Enrique Guerra,"Ernesto Franco, Carlos Lázzari, Celso Amato, Felipe Riccardo, Aldo Junnissi","Cayetano Puglisi, Blas Pensato, Jaime Ferrer, Raúl Domínguez","Piano, Bass, 5 Bandoneons, 4 Violins",LP,DArienzo for Export Vol 2,A,DArienzo for Export Vol 2
Juan D'Arienzo,Orquesta Típica Juan D'Arienzo,8/3/1966,Pura Trampa,,Tango,Instrumental,Víctor,Tape-S,6166,AVL-3705A,"Jorge Dragone, Carlos Lázzari, Juan Polito",,,64-75 For Export,Pura Trampa,,,Juan Polito,Enrique Guerra,"Ernesto Franco, Carlos Lázzari, Celso Amato, Felipe Riccardo, Aldo Junnissi","Cayetano Puglisi, Blas Pensato, Jaime Ferrer, Raúl Domínguez","Piano, Bass, 5 Bandoneons, 4 Violins",LP,DArienzo for Export Vol 2,A,DArienzo for Export Vol 2
Juan D'Arienzo,Orquesta Típica Juan D'Arienzo,11/10/1966,Argañaraz,Aquellas Farras,Tango,Armando Laborde,Víctor,Tape-S,6499,AVL-3730,Roberto Firpo,Enrique Cadícamo,,64-75 For Export,Argañaraz,,,Juan Polito,Enrique Guerra,"Ernesto Franco, Carlos Lázzari, Celso Amato, Felipe Riccardo, Aldo Junnissi","Cayetano Puglisi, Blas Pensato, Jaime Ferrer, Raúl Domínguez","Piano, Bass, 5 Bandoneons, 4 Violins",LP,Bailate un Tango Ricardo,A,Bailate un Tango Ricardo
Juan D'Arienzo,Orquesta Típica Juan D'Arienzo,11/10/1966,Bailate un Tango Ricardo,,Tango,Osvaldo Ramos,Víctor,Tape-S,6500,1A-1147,Juan D'Arienzo,Ulises Murat,,64-75 For Export,Bailate un Tango Ricardo,,,Juan Polito,Enrique Guerra,"Ernesto Franco, Carlos Lázzari, Celso Amato, Felipe Riccardo, Aldo Junnissi","Cayetano Puglisi, Blas Pensato, Jaime Ferrer, Raúl Domínguez","Piano, Bass, 5 Bandoneons, 4 Violins",LP,Bailate un Tango Ricardo,A,Bailate un Tango Ricardo
Juan D'Arienzo,Orquesta Típica Juan D'Arienzo,11/10/1966,Para Siempre,,Tango,Osvaldo Ramos,Víctor,Tape-S,6492,AVL-3730,Armando Pontier,Federico Silva,,64-75 For Export,Para Siempre,,,Juan Polito,Enrique Guerra,"Ernesto Franco, Carlos Lázzari, Celso Amato, Felipe Riccardo, Aldo Junnissi","Cayetano Puglisi, Blas Pensato, Jaime Ferrer, Raúl Domínguez","Piano, Bass, 5 Bandoneons, 4 Violins",LP,Bailate un Tango Ricardo,A,Bailate un Tango Ricardo
Juan D'Arienzo,Orquesta Típica Juan D'Arienzo,11/10/1966,Presente Barra Querida,,Tango,Osvaldo Ramos,Víctor,Tape-S,6498,AVL-3730,Carlos Sánchez,César Vedani,,64-75 For Export,Presente Barra Querida,,,Juan Polito,Enrique Guerra,"Ernesto Franco, Carlos Lázzari, Celso Amato, Felipe Riccardo, Aldo Junnissi","Cayetano Puglisi, Blas Pensato, Jaime Ferrer, Raúl Domínguez","Piano, Bass, 5 Bandoneons, 4 Violins",LP,Bailate un Tango Ricardo,A,Bailate un Tango Ricardo
Juan D'Arienzo,Orquesta Típica Juan D'Arienzo,11/10/1966,Un Trabajo Flor y Flor,,Tango,Armando Laborde,Víctor,Tape-S,6497,AVL-3730,"Enrique Guerra, Eduardo Pauloni, Armando Dáttoli","Enrique Guerra, Eduardo Pauloni, Armando Laborde",,64-75 For Export,Un Trabajo Flor y Flor,,,Juan Polito,Enrique Guerra,"Ernesto Franco, Carlos Lázzari, Celso Amato, Felipe Riccardo, Aldo Junnissi","Cayetano Puglisi, Blas Pensato, Jaime Ferrer, Raúl Domínguez","Piano, Bass, 5 Bandoneons, 4 Violins",LP,Bailate un Tango Ricardo,A,Bailate un Tango Ricardo
Juan D'Arienzo,Orquesta Típica Juan D'Arienzo,11/17/1966,Al Gran Maestro D'Arienzo,,Tango,Instrumental,Víctor,Tape-S,6521,AVL-3730,Agustín Minotti,,,64-75 For Export,Al Gran Maestro D'Arienzo,,,Juan Polito,Enrique Guerra,"Ernesto Franco, Carlos Lázzari, Celso Amato, Felipe Riccardo, Aldo Junnissi","Cayetano Puglisi, Blas Pensato, Jaime Ferrer, Raúl Domínguez","Piano, Bass, 5 Bandoneons, 4 Violins",LP,Bailate un Tango Ricardo,A,Bailate un Tango Ricardo
Juan D'Arienzo,Orquesta Típica Juan D'Arienzo,11/17/1966,Amor de Fortinera,,Milonga,Ramos Y Laborde,Víctor,Tape-S,6516,AVL-3730,Carlos Lázzari,Juan Polito,,64-75 For Export,Amor de Fortinera,,,Juan Polito,Enrique Guerra,"Ernesto Franco, Carlos Lázzari, Celso Amato, Felipe Riccardo, Aldo Junnissi","Cayetano Puglisi, Blas Pensato, Jaime Ferrer, Raúl Domínguez","Piano, Bass, 5 Bandoneons, 4 Violins",LP,Bailate un Tango Ricardo,B,Bailate un Tango Ricardo
Juan D'Arienzo,Orquesta Típica Juan D'Arienzo,11/17/1966,Arroró Nene,,Tango,Armando Laborde,Víctor,Tape-S,6517,AVL-3730,"Juan Polito, Carlos Lázzari, Ángel Gatti","Juan Polito, Carlos Lázzari, Ángel Gatti",,64-75 For Export,Arroró Nene,,,Juan Polito,Enrique Guerra,"Ernesto Franco, Carlos Lázzari, Celso Amato, Felipe Riccardo, Aldo Junnissi","Cayetano Puglisi, Blas Pensato, Jaime Ferrer, Raúl Domínguez","Piano, Bass, 5 Bandoneons, 4 Violins",LP,Bailate un Tango Ricardo,B,Bailate un Tango Ricardo
Juan D'Arienzo,Orquesta Típica Juan D'Arienzo,11/17/1966,Azul Siempre Azul,,Tango,Osvaldo Ramos,Víctor,Tape-S,6518,AVL-3730,"Carlos Lázzari, Ángel Gatti",Juan Polito,,64-75 For Export,Azul Siempre Azul,,,Juan Polito,Enrique Guerra,"Ernesto Franco, Carlos Lázzari, Celso Amato, Felipe Riccardo, Aldo Junnissi","Cayetano Puglisi, Blas Pensato, Jaime Ferrer, Raúl Domínguez","Piano, Bass, 5 Bandoneons, 4 Violins",LP,Bailate un Tango Ricardo,B,Bailate un Tango Ricardo
Juan D'Arienzo,Orquesta Típica Juan D'Arienzo,11/17/1966,Orlando Goñi,,Tango,Instrumental,Víctor,Tape-S,6520,AVL-3730,Alfredo Gobbi,,,64-75 For Export,Orlando Goñi,,,Juan Polito,Enrique Guerra,"Ernesto Franco, Carlos Lázzari, Celso Amato, Felipe Riccardo, Aldo Junnissi","Cayetano Puglisi, Blas Pensato, Jaime Ferrer, Raúl Domínguez","Piano, Bass, 5 Bandoneons, 4 Violins",LP,Bailate un Tango Ricardo,B,Bailate un Tango Ricardo
Juan D'Arienzo,Orquesta Típica Juan D'Arienzo,11/17/1966,Virgen de la Serranía,,Tango,Ramos Y Laborde,Víctor,Tape-S,6519,AVL-3730,Osvaldo Donato,Alberto Cosentino,,64-75 For Export,Virgen de la Serranía,,,Juan Polito,Enrique Guerra,"Ernesto Franco, Carlos Lázzari, Celso Amato, Felipe Riccardo, Aldo Junnissi","Cayetano Puglisi, Blas Pensato, Jaime Ferrer, Raúl Domínguez","Piano, Bass, 5 Bandoneons, 4 Violins",LP,Bailate un Tango Ricardo,A,Bailate un Tango Ricardo
Juan D'Arienzo,Orquesta Típica Juan D'Arienzo,11/22/1966,Me Diste un Beso,,Tango,Osvaldo Ramos,Víctor,Tape-S,6665,AVL-3730,"Carlos Lázzari, Juan Polito",Agustín Minotti,,64-75 For Export,Me Diste un Beso,,,Juan Polito,Enrique Guerra,"Ernesto Franco, Carlos Lázzari, Celso Amato, Felipe Riccardo, Aldo Junnissi","Cayetano Puglisi, Blas Pensato, Jaime Ferrer, Raúl Domínguez","Piano, Bass, 5 Bandoneons, 4 Violins",LP,Bailate un Tango Ricardo,A,Bailate un Tango Ricardo
Juan D'Arienzo,Orquesta Típica Juan D'Arienzo,7/27/1967,Ahí Va el Dulce,,Tango,Instrumental,Víctor,Tape-S,6997,AVL-3759B,Juan Canaro,Osvaldo Cordero,,64-75 For Export,Ahí Va el Dulce,,,Juan Polito,Enrique Guerra,"Ernesto Franco, Carlos Lázzari, Celso Amato, Felipe Riccardo, Aldo Junnissi","Cayetano Puglisi, Blas Pensato, Jaime Ferrer, Raúl Domínguez","Piano, Bass, 5 Bandoneons, 4 Violins",LP,DArienzo for Export Vol 3,B,D'Arienzo For Export - Vol.3
Juan D'Arienzo,Orquesta Típica Juan D'Arienzo,7/27/1967,El Chupete,,Tango,Instrumental,Víctor,Tape-S,6998,AVL-3759A,Carlos Gaudencio,Ángel Polito,,64-75 For Export,El Chupete,,,Juan Polito,Enrique Guerra,"Ernesto Franco, Carlos Lázzari, Celso Amato, Felipe Riccardo, Aldo Junnissi","Cayetano Puglisi, Blas Pensato, Jaime Ferrer, Raúl Domínguez","Piano, Bass, 5 Bandoneons, 4 Violins",LP,DArienzo for Export Vol 3,A,D'Arienzo For Export - Vol.3
Juan D'Arienzo,Orquesta Típica Juan D'Arienzo,7/27/1967,Inspiración,,Tango,Instrumental,Víctor,Tape-S,6996,AVL-3759A,Peregrino Paulos,Luis Rubistein,,64-75 For Export,Inspiración,,,Juan Polito,Enrique Guerra,"Ernesto Franco, Carlos Lázzari, Celso Amato, Felipe Riccardo, Aldo Junnissi","Cayetano Puglisi, Blas Pensato, Jaime Ferrer, Raúl Domínguez","Piano, Bass, 5 Bandoneons, 4 Violins",LP,DArienzo for Export Vol 3,A,D'Arienzo For Export - Vol.3
Juan D'Arienzo,Orquesta Típica Juan D'Arienzo,7/27/1967,Organito de la Tarde,,Tango,Instrumental,Víctor,Tape-S,6994,AVL-3759A,Castillo Cátulo,José León,,64-75 For Export,Organito de la Tarde,,,Juan Polito,Enrique Guerra,"Ernesto Franco, Carlos Lázzari, Celso Amato, Felipe Riccardo, Aldo Junnissi","Cayetano Puglisi, Blas Pensato, Jaime Ferrer, Raúl Domínguez","Piano, Bass, 5 Bandoneons, 4 Violins",LP,DArienzo for Export Vol 3,A,D'Arienzo For Export - Vol.3
Juan D'Arienzo,Orquesta Típica Juan D'Arienzo,7/27/1967,Papas Calientes,,Milonga,Instrumental,Víctor,Tape-S,6999,AVL-3759A,Eduardo Arolas,Héctor Polito,,64-75 For Export,Papas Calientes,,,Juan Polito,Enrique Guerra,"Ernesto Franco, Carlos Lázzari, Celso Amato, Felipe Riccardo, Aldo Junnissi","Cayetano Puglisi, Blas Pensato, Jaime Ferrer, Raúl Domínguez","Piano, Bass, 5 Bandoneons, 4 Violins",LP,DArienzo for Export Vol 3,A,D'Arienzo For Export - Vol.3
Juan D'Arienzo,Orquesta Típica Juan D'Arienzo,7/27/1967,Qué Noche,,Tango,Instrumental,Víctor,Tape-S,6995,AVL-3759A,Agustín Bardi,,,64-75 For Export,Qué Noche,,,Juan Polito,Enrique Guerra,"Ernesto Franco, Carlos Lázzari, Celso Amato, Felipe Riccardo, Aldo Junnissi","Cayetano Puglisi, Blas Pensato, Jaime Ferrer, Raúl Domínguez","Piano, Bass, 5 Bandoneons, 4 Violins",LP,DArienzo for Export Vol 3,A,D'Arienzo For Export - Vol.3
Juan D'Arienzo,Orquesta Típica Juan D'Arienzo,8/2/1967,Eso Sí Que No y Que No,,Tango,Armando Laborde,Víctor,Tape-S,7011,AVL-3790,Juan D'Arienzo,Héctor Schmitt,,64-75 For Export,Eso Sí Que No y Que No,,,Juan Polito,Enrique Guerra,"Ernesto Franco, Carlos Lázzari, Celso Amato, Felipe Riccardo, Aldo Junnissi","Cayetano Puglisi, Blas Pensato, Jaime Ferrer, Raúl Domínguez","Piano, Bass, 5 Bandoneons, 4 Violins",LP,De Ayer y Hoy,B,De Ayer y Hoy
Juan D'Arienzo,Orquesta Típica Juan D'Arienzo,8/2/1967,La Racha,,Tango,Instrumental,Víctor,Tape-S,7012,AVL-3759B,Agustín Bardi,,,64-75 For Export,La Racha,,,Juan Polito,Enrique Guerra,"Ernesto Franco, Carlos Lázzari, Celso Amato, Felipe Riccardo, Aldo Junnissi","Cayetano Puglisi, Blas Pensato, Jaime Ferrer, Raúl Domínguez","Piano, Bass, 5 Bandoneons, 4 Violins",LP,DArienzo for Export Vol 3,B,D'Arienzo For Export - Vol.3
Juan D'Arienzo,Orquesta Típica Juan D'Arienzo,8/16/1967,El Tamango,,Tango,Instrumental,Víctor,Tape-S,7026,AVL-3759,Carlos Posadas,,,64-75 For Export,El Tamango,,,Juan Polito,Enrique Guerra,"Ernesto Franco, Carlos Lázzari, Celso Amato, Felipe Riccardo, Aldo Junnissi","Cayetano Puglisi, Blas Pensato, Jaime Ferrer, Raúl Domínguez","Piano, Bass, 5 Bandoneons, 4 Violins",LP,DArienzo for Export Vol 3,B,D'Arienzo For Export - Vol.3
Juan D'Arienzo,Orquesta Típica Juan D'Arienzo,8/16/1967,La Clavada,,Tango,Instrumental,Víctor,Tape-S,7027,AVL-3759A,Ernesto Zambonini,,,64-75 For Export,La Clavada,,,Juan Polito,Enrique Guerra,"Ernesto Franco, Carlos Lázzari, Celso Amato, Felipe Riccardo, Aldo Junnissi","Cayetano Puglisi, Blas Pensato, Jaime Ferrer, Raúl Domínguez","Piano, Bass, 5 Bandoneons, 4 Violins",LP,DArienzo for Export Vol 3,A,D'Arienzo For Export - Vol.3
Juan D'Arienzo,Orquesta Típica Juan D'Arienzo,8/16/1967,La Guitarrita,,Tango,Instrumental,Víctor,Tape-S,7028,AVL-3759B,Eduardo Arolas,Gabriel Clausi,,64-75 For Export,La Guitarrita,,,Juan Polito,Enrique Guerra,"Ernesto Franco, Carlos Lázzari, Celso Amato, Felipe Riccardo, Aldo Junnissi","Cayetano Puglisi, Blas Pensato, Jaime Ferrer, Raúl Domínguez","Piano, Bass, 5 Bandoneons, 4 Violins",LP,DArienzo for Export Vol 3,B,D'Arienzo For Export - Vol.3
Juan D'Arienzo,Orquesta Típica Juan D'Arienzo,8/21/1967,De Ayer y Hoy,,Tango,Instrumental,Víctor,Tape-S,7192,AVL-3790,"Nicolás Tavarozzi, Ángel Cicchetti","Nicolás Tavarozzi, Ángel Cicchetti",,64-75 For Export,De Ayer y Hoy,,,Juan Polito,Enrique Guerra,"Ernesto Franco, Carlos Lázzari, Celso Amato, Felipe Riccardo, Aldo Junnissi","Cayetano Puglisi, Blas Pensato, Jaime Ferrer, Raúl Domínguez","Piano, Bass, 5 Bandoneons, 4 Violins",LP,De Ayer y Hoy,A,De Ayer y Hoy
Juan D'Arienzo,Orquesta Típica Juan D'Arienzo,8/21/1967,El Horizonte,,Tango,Instrumental,Víctor,Tape-S,7195,AVL-3759B,Roberto Firpo,,,64-75 For Export,El Horizonte,,,Juan Polito,Enrique Guerra,"Ernesto Franco, Carlos Lázzari, Celso Amato, Felipe Riccardo, Aldo Junnissi","Cayetano Puglisi, Blas Pensato, Jaime Ferrer, Raúl Domínguez","Piano, Bass, 5 Bandoneons, 4 Violins",LP,DArienzo for Export Vol 3,B,D'Arienzo For Export - Vol.3
Juan D'Arienzo,Orquesta Típica Juan D'Arienzo,8/21/1967,Sollozos,,Tango,Instrumental,Víctor,Tape-S,7190,AVL-3759B,Osvaldo Fresedo,Emilio Fresedo,,64-75 For Export,Sollozos,,,Juan Polito,Enrique Guerra,"Ernesto Franco, Carlos Lázzari, Celso Amato, Felipe Riccardo, Aldo Junnissi","Cayetano Puglisi, Blas Pensato, Jaime Ferrer, Raúl Domínguez","Piano, Bass, 5 Bandoneons, 4 Violins",LP,DArienzo for Export Vol 3,B,D'Arienzo For Export - Vol.3
Juan D'Arienzo,Orquesta Típica Juan D'Arienzo,10/23/1967,Cordón de Oro,,Tango,Instrumental,Víctor,Tape-S,7264,AVL-3790,Carlos Posadas,José Fernández,,64-75 For Export,Cordón de Oro,,,Juan Polito,Enrique Guerra,"Ernesto Franco, Carlos Lázzari, Celso Amato, Felipe Riccardo, Aldo Junnissi","Cayetano Puglisi, Blas Pensato, Jaime Ferrer, Raúl Domínguez","Piano, Bass, 5 Bandoneons, 4 Violins",LP,De Ayer y Hoy,B,De Ayer y Hoy
Juan D'Arienzo,Orquesta Típica Juan D'Arienzo,10/23/1967,El Buey Solo,,Tango,Instrumental,Víctor,Tape-S,7265,AVL-3790,Agustín Bardi,,,64-75 For Export,El Buey Solo,,,Juan Polito,Enrique Guerra,"Ernesto Franco, Carlos Lázzari, Celso Amato, Felipe Riccardo, Aldo Junnissi","Cayetano Puglisi, Blas Pensato, Jaime Ferrer, Raúl Domínguez","Piano, Bass, 5 Bandoneons, 4 Violins",LP,De Ayer y Hoy,A,De Ayer y Hoy
Juan D'Arienzo,Orquesta Típica Juan D'Arienzo,10/23/1967,El Jagüel,,Tango,Instrumental,Víctor,Tape-S,7262,AVL-3790,Carlos Posadas,José Fernández,,64-75 For Export,El Jagüel,,,Juan Polito,Enrique Guerra,"Ernesto Franco, Carlos Lázzari, Celso Amato, Felipe Riccardo, Aldo Junnissi","Cayetano Puglisi, Blas Pensato, Jaime Ferrer, Raúl Domínguez","Piano, Bass, 5 Bandoneons, 4 Violins",LP,De Ayer y Hoy,B,De Ayer y Hoy
Juan D'Arienzo,Orquesta Típica Juan D'Arienzo,10/23/1967,El Recodo,,Tango,Instrumental,Víctor,Tape-S,7263,AVL-3790,Alejandro Junnissi,Armando Tagini,,64-75 For Export,El Recodo,,,Juan Polito,Enrique Guerra,"Ernesto Franco, Carlos Lázzari, Celso Amato, Felipe Riccardo, Aldo Junnissi","Cayetano Puglisi, Blas Pensato, Jaime Ferrer, Raúl Domínguez","Piano, Bass, 5 Bandoneons, 4 Violins",LP,De Ayer y Hoy,B,De Ayer y Hoy
Juan D'Arienzo,Orquesta Típica Juan D'Arienzo,10/23/1967,Ventarrón,,Tango,Armando Laborde,Víctor,Tape-S,7266,AVL-3790,Pedro Maffía,José Staffolani,,64-75 For Export,Ventarrón,,,Juan Polito,Enrique Guerra,"Ernesto Franco, Carlos Lázzari, Celso Amato, Felipe Riccardo, Aldo Junnissi","Cayetano Puglisi, Blas Pensato, Jaime Ferrer, Raúl Domínguez","Piano, Bass, 5 Bandoneons, 4 Violins",LP,De Ayer y Hoy,A,De Ayer y Hoy
Juan D'Arienzo,Orquesta Típica Juan D'Arienzo,10/23/1967,Yo Te Quiero Así,,Tango,Osvaldo Ramos,Víctor,Tape-S,7267,AVL-3790,Armando Punturero,Federico Iraluz,,64-75 For Export,Yo Te Quiero Así,,,Juan Polito,Enrique Guerra,"Ernesto Franco, Carlos Lázzari, Celso Amato, Felipe Riccardo, Aldo Junnissi","Cayetano Puglisi, Blas Pensato, Jaime Ferrer, Raúl Domínguez","Piano, Bass, 5 Bandoneons, 4 Violins",LP,De Ayer y Hoy,A,De Ayer y Hoy
Juan D'Arienzo,Orquesta Típica Juan D'Arienzo,10/30/1967,Búscate un Amorcito,,Tango,Osvaldo Ramos,Víctor,Tape-S,7278,AVL-3790,Josefina Fuente,Ángel Gatti,,64-75 For Export,Búscate un Amorcito,,,Juan Polito,Enrique Guerra,"Ernesto Franco, Carlos Lázzari, Celso Amato, Felipe Riccardo, Aldo Junnissi","Cayetano Puglisi, Blas Pensato, Jaime Ferrer, Raúl Domínguez","Piano, Bass, 5 Bandoneons, 4 Violins",LP,De Ayer y Hoy,B,De Ayer y Hoy
Juan D'Arienzo,Orquesta Típica Juan D'Arienzo,10/30/1967,D'Arienzo Vos Sos el Rey,,Tango,Armando Laborde,Víctor,Tape-S,7277,AVL-3790,Héctor Palacios,Amleto Viola,,64-75 For Export,D'Arienzo Vos Sos el Rey,,,Juan Polito,Enrique Guerra,"Ernesto Franco, Carlos Lázzari, Celso Amato, Felipe Riccardo, Aldo Junnissi","Cayetano Puglisi, Blas Pensato, Jaime Ferrer, Raúl Domínguez","Piano, Bass, 5 Bandoneons, 4 Violins",LP,De Ayer y Hoy,A,De Ayer y Hoy
Juan D'Arienzo,Orquesta Típica Juan D'Arienzo,10/30/1967,Guitarra,No Va Más,Tango,Ramos Y Laborde,Víctor,Tape-S,7276,AVL-3790,Miguel Buchino,Miguel Buchino,,64-75 For Export,Guitarra,,,Juan Polito,Enrique Guerra,"Ernesto Franco, Carlos Lázzari, Celso Amato, Felipe Riccardo, Aldo Junnissi","Cayetano Puglisi, Blas Pensato, Jaime Ferrer, Raúl Domínguez","Piano, Bass, 5 Bandoneons, 4 Violins",LP,De Ayer y Hoy,A,De Ayer y Hoy
Juan D'Arienzo,Orquesta Típica Juan D'Arienzo,10/30/1967,Sin Explicación,,Tango,Osvaldo Ramos,Víctor,Tape-S,7275,AVL-3790,Oldimar Quartini,Luis Amengual,,64-75 For Export,Sin Explicación,,,Juan Polito,Enrique Guerra,"Ernesto Franco, Carlos Lázzari, Celso Amato, Felipe Riccardo, Aldo Junnissi","Cayetano Puglisi, Blas Pensato, Jaime Ferrer, Raúl Domínguez","Piano, Bass, 5 Bandoneons, 4 Violins",LP,De Ayer y Hoy,A,De Ayer y Hoy
Juan D'Arienzo,Orquesta Típica Juan D'Arienzo,11/14/1967,Adiós Bardi,,Tango,Instrumental,Víctor,Tape-S,7530,AVL-3854,Osvaldo Pugliese,,,64-75 For Export,Adiós Bardi,,,Juan Polito,Enrique Guerra,"Ernesto Franco, Carlos Lázzari, Celso Amato, Felipe Riccardo, Aldo Junnissi","Cayetano Puglisi, Blas Pensato, Jaime Ferrer, Raúl Domínguez","Piano, Bass, 5 Bandoneons, 4 Violins",LP,Barrio Reo,B,Barrio Reo
Juan D'Arienzo,Orquesta Típica Juan D'Arienzo,11/14/1967,Barrio Reo,,Tango,Armando Laborde,Víctor,Tape-S,7526,AVL-3854,Roberto Fugazot,Alfredo Navarrine,,64-75 For Export,Barrio Reo,,,Juan Polito,Enrique Guerra,"Ernesto Franco, Carlos Lázzari, Celso Amato, Felipe Riccardo, Aldo Junnissi","Cayetano Puglisi, Blas Pensato, Jaime Ferrer, Raúl Domínguez","Piano, Bass, 5 Bandoneons, 4 Violins",LP,Barrio Reo,B,Barrio Reo
Juan D'Arienzo,Orquesta Típica Juan D'Arienzo,11/28/1967,Ctv,,Tango,Instrumental,Víctor,Tape-S,,,Agustín Bardi,,,64-75 For Export,Ctv,,,Juan Polito,Enrique Guerra,"Ernesto Franco, Carlos Lázzari, Celso Amato, Felipe Riccardo, Aldo Junnissi","Cayetano Puglisi, Blas Pensato, Jaime Ferrer, Raúl Domínguez","Piano, Bass, 5 Bandoneons, 4 Violins",LP,Barrio Reo,A,Barrio Reo
Juan D'Arienzo,Orquesta Típica Juan D'Arienzo,11/28/1967,Canaro en París,,Tango,Instrumental,Víctor,Tape-S,7542,AVL-3854,"Alejandro Scarpino, Juan Caldarella",José Scarpino,,64-75 For Export,Canaro en París,,,Juan Polito,Enrique Guerra,"Ernesto Franco, Carlos Lázzari, Celso Amato, Felipe Riccardo, Aldo Junnissi","Cayetano Puglisi, Blas Pensato, Jaime Ferrer, Raúl Domínguez","Piano, Bass, 5 Bandoneons, 4 Violins",LP,Barrio Reo,B,Barrio Reo
Juan D'Arienzo,Orquesta Típica Juan D'Arienzo,11/14/1967,Cuéntame Tu Pena,,Tango,Osvaldo Ramos,Víctor,Tape-S,7527,AVL-3854,Fernando Paz,Federico Silva,,64-75 For Export,Cuéntame Tu Pena,,,Juan Polito,Enrique Guerra,"Ernesto Franco, Carlos Lázzari, Celso Amato, Felipe Riccardo, Aldo Junnissi","Cayetano Puglisi, Blas Pensato, Jaime Ferrer, Raúl Domínguez","Piano, Bass, 5 Bandoneons, 4 Violins",LP,Barrio Reo,A,Barrio Reo
Juan D'Arienzo,Orquesta Típica Juan D'Arienzo,11/14/1967,El Opio,,Tango,Instrumental,Víctor,Tape-S,7525,AVL-3854,Francisco Canaro,,,64-75 For Export,El Opio,,,Juan Polito,Enrique Guerra,"Ernesto Franco, Carlos Lázzari, Celso Amato, Felipe Riccardo, Aldo Junnissi","Cayetano Puglisi, Blas Pensato, Jaime Ferrer, Raúl Domínguez","Piano, Bass, 5 Bandoneons, 4 Violins",LP,Barrio Reo,A,Barrio Reo
Juan D'Arienzo,Orquesta Típica Juan D'Arienzo,11/14/1967,La Mariposa,,Tango,Osvaldo Ramos,Víctor,Tape-S,,,Pedro Maffía,Celedonio Flores,,64-75 For Export,La Mariposa,,,Juan Polito,Enrique Guerra,"Ernesto Franco, Carlos Lázzari, Celso Amato, Felipe Riccardo, Aldo Junnissi","Cayetano Puglisi, Blas Pensato, Jaime Ferrer, Raúl Domínguez","Piano, Bass, 5 Bandoneons, 4 Violins",LP,Barrio Reo,B,Barrio Reo
Juan D'Arienzo,Orquesta Típica Juan D'Arienzo,11/14/1967,La Trilla,,Tango,Instrumental,Víctor,Tape-S,7531,AVL-3854,Eduardo Arolas,Héctor Polito,,64-75 For Export,La Trilla,,,Juan Polito,Enrique Guerra,"Ernesto Franco, Carlos Lázzari, Celso Amato, Felipe Riccardo, Aldo Junnissi","Cayetano Puglisi, Blas Pensato, Jaime Ferrer, Raúl Domínguez","Piano, Bass, 5 Bandoneons, 4 Violins",LP,Barrio Reo,A,Barrio Reo
Juan D'Arienzo,Orquesta Típica Juan D'Arienzo,11/14/1967,Me Vio Tu Barrio,,Tango,Osvaldo Ramos,Víctor,Tape-S,7529,AVL-3854,"Juan Polito, Carlos Lázzari, Armando Cereminati","Juan Polito, Carlos Lázzari, Armando Cereminati",,64-75 For Export,Me Vio Tu Barrio,,,Juan Polito,Enrique Guerra,"Ernesto Franco, Carlos Lázzari, Celso Amato, Felipe Riccardo, Aldo Junnissi","Cayetano Puglisi, Blas Pensato, Jaime Ferrer, Raúl Domínguez","Piano, Bass, 5 Bandoneons, 4 Violins",LP,Barrio Reo,B,Barrio Reo
Juan D'Arienzo,Orquesta Típica Juan D'Arienzo,11/14/1967,Milagro de Tango,,Tango,Armando Laborde,Víctor,Tape-S,7528,AVL-3854,Domingo Vignoli,Oscar Lanata,,64-75 For Export,Milagro de Tango,,,Juan Polito,Enrique Guerra,"Ernesto Franco, Carlos Lázzari, Celso Amato, Felipe Riccardo, Aldo Junnissi","Cayetano Puglisi, Blas Pensato, Jaime Ferrer, Raúl Domínguez","Piano, Bass, 5 Bandoneons, 4 Violins",LP,Barrio Reo,A,Barrio Reo
Juan D'Arienzo,Orquesta Típica Juan D'Arienzo,11/28/1967,Portero Suba y Diga,,Tango,Armando Laborde,Víctor,Tape-S,7544,AVL-3854,Eduardo De Labar,Luis Amadori,,64-75 For Export,Portero Suba y Diga,,,Juan Polito,Enrique Guerra,"Ernesto Franco, Carlos Lázzari, Celso Amato, Felipe Riccardo, Aldo Junnissi","Cayetano Puglisi, Blas Pensato, Jaime Ferrer, Raúl Domínguez","Piano, Bass, 5 Bandoneons, 4 Violins",LP,Barrio Reo,A,Barrio Reo
Juan D'Arienzo,Orquesta Típica Juan D'Arienzo,11/14/1967,Tinta Verde,,Tango,Instrumental,Víctor,Tape-S,7532,AVL-3854,Agustín Bardi,,,64-75 For Export,Tinta Verde,,,Juan Polito,Enrique Guerra,"Ernesto Franco, Carlos Lázzari, Celso Amato, Felipe Riccardo, Aldo Junnissi","Cayetano Puglisi, Blas Pensato, Jaime Ferrer, Raúl Domínguez","Piano, Bass, 5 Bandoneons, 4 Violins",LP,Barrio Reo,B,Barrio Reo
Juan D'Arienzo,Orquesta Típica Juan D'Arienzo,8/27/1968,A Mi Vieja,,Tango,Armando Laborde,Víctor,Tape-S,8271,AVL-3819B,Juan Muncho,Juan Muncho,,64-75 For Export,A Mi Vieja,,,Juan Polito,Enrique Guerra,"Ernesto Franco, Carlos Lázzari, Celso Amato, Felipe Riccardo, Aldo Junnissi","Bernardo Weber, Blas Pensato, Mauricio Misseriski, Mauricio Svidovsky, Milo Dojman","Piano, Bass, 5 Bandoneons, 5 Violins",LP,Mi Japon,B,Mi Japon
Juan D'Arienzo,Orquesta Típica Juan D'Arienzo,8/27/1968,El Oriental,,Tango,Instrumental,Víctor,Tape-S,8272,AVL-3819A,Donato Racciatti,,,64-75 For Export,El Oriental,,,Juan Polito,Enrique Guerra,"Ernesto Franco, Carlos Lázzari, Celso Amato, Felipe Riccardo, Aldo Junnissi","Bernardo Weber, Blas Pensato, Mauricio Misseriski, Mauricio Svidovsky, Milo Dojman","Piano, Bass, 5 Bandoneons, 5 Violins",LP,Mi Japon,A,Mi Japon
Juan D'Arienzo,Orquesta Típica Juan D'Arienzo,8/27/1968,Gardenias,,Tango,Osvaldo Ramos,Víctor,Tape-S,8235,AVL-3819B,Maruja Huergo,Manuel Campos,,64-75 For Export,Gardenias,,,Juan Polito,Enrique Guerra,"Ernesto Franco, Carlos Lázzari, Celso Amato, Felipe Riccardo, Aldo Junnissi","Bernardo Weber, Blas Pensato, Mauricio Misseriski, Mauricio Svidovsky, Milo Dojman","Piano, Bass, 5 Bandoneons, 5 Violins",LP,Mi Japon,B,Mi Japon
Juan D'Arienzo,Orquesta Típica Juan D'Arienzo,8/27/1968,La Pista Esta Que Arde,,Tango,Armando Laborde,Víctor,Tape-S,8234,AVL-3819B,"Carlos Lázzari, Juan Polito",Avlis Cabrera,,64-75 For Export,La Pista Esta Que Arde,,,Juan Polito,Enrique Guerra,"Ernesto Franco, Carlos Lázzari, Celso Amato, Felipe Riccardo, Aldo Junnissi","Bernardo Weber, Blas Pensato, Mauricio Misseriski, Mauricio Svidovsky, Milo Dojman","Piano, Bass, 5 Bandoneons, 5 Violins",LP,Mi Japon,B,Mi Japon
Juan D'Arienzo,Orquesta Típica Juan D'Arienzo,8/27/1968,Mi Japón,,Tango,Alberto Echagüe,Víctor,Tape-S,8232,AVL-3819B,"Juan Polito, Carlos Lázzari, Armando Cereminati","Juan Polito, Carlos Lázzari, Armando Cereminati",,64-75 For Export,Mi Japón,,,Juan Polito,Enrique Guerra,"Ernesto Franco, Carlos Lázzari, Celso Amato, Felipe Riccardo, Aldo Junnissi","Bernardo Weber, Blas Pensato, Mauricio Misseriski, Mauricio Svidovsky, Milo Dojman","Piano, Bass, 5 Bandoneons, 5 Violins",LP,Mi Japon,B,Mi Japon
Juan D'Arienzo,Orquesta Típica Juan D'Arienzo,8/27/1968,No Te Hagás la Lechuguita,,Tango,Armando Laborde,Víctor,Tape-S,8233,AVL-3819A,"Armando Dáttoli, Enrique Guerra, Juan Polito","Armando Dáttoli, Enrique Guerra, Juan Polito",,64-75 For Export,No Te Hagás la Lechuguita,,,Juan Polito,Enrique Guerra,"Ernesto Franco, Carlos Lázzari, Celso Amato, Felipe Riccardo, Aldo Junnissi","Bernardo Weber, Blas Pensato, Mauricio Misseriski, Mauricio Svidovsky, Milo Dojman","Piano, Bass, 5 Bandoneons, 5 Violins",LP,Mi Japon,A,Mi Japon
Juan D'Arienzo,Orquesta Típica Juan D'Arienzo,8/27/1968,Por Qué Por Qué Mi Dios,,Tango,Osvaldo Ramos,Víctor,Tape-S,8231,AVL-3819A,Juan D'Arienzo,Héctor Schmitt,,64-75 For Export,Por Qué Por Qué Mi Dios,,,Juan Polito,Enrique Guerra,"Ernesto Franco, Carlos Lázzari, Celso Amato, Felipe Riccardo, Aldo Junnissi","Bernardo Weber, Blas Pensato, Mauricio Misseriski, Mauricio Svidovsky, Milo Dojman","Piano, Bass, 5 Bandoneons, 5 Violins",LP,Mi Japon,A,Mi Japon
Juan D'Arienzo,Orquesta Típica Juan D'Arienzo,8/27/1968,Si Pido Más Me Paso,,Tango,Alberto Echagüe,Víctor,Tape-S,8236,AVL-3819A,José Basso,Miguel Bucino,,64-75 For Export,Si Pido Más Me Paso,,,Juan Polito,Enrique Guerra,"Ernesto Franco, Carlos Lázzari, Celso Amato, Felipe Riccardo, Aldo Junnissi","Bernardo Weber, Blas Pensato, Mauricio Misseriski, Mauricio Svidovsky, Milo Dojman","Piano, Bass, 5 Bandoneons, 5 Violins",LP,Mi Japon,A,Mi Japon
Juan D'Arienzo,Orquesta Típica Juan D'Arienzo,9/6/1968,Padre Mio,,Tango,Osvaldo Ramos,Víctor,Tape-S,8289,AVL-3819B,"Roberto Cardenutto, Graciano Gómez","Roberto Cardenutto, Graciano Gómez",,64-75 For Export,Padre Mio,,,Juan Polito,Enrique Guerra,"Ernesto Franco, Carlos Lázzari, Celso Amato, Felipe Riccardo, Aldo Junnissi","Bernardo Weber, Blas Pensato, Mauricio Misseriski, Mauricio Svidovsky, Milo Dojman","Piano, Bass, 5 Bandoneons, 5 Violins",LP,Mi Japon,A,Mi Japon
Juan D'Arienzo,Orquesta Típica Juan D'Arienzo,9/6/1968,Viejo Lobo,,Tango,Osvaldo Ramos,Víctor,Tape-S,8288,AVL-3819A,Oscar De La Fuente,Antonio Anaya,,64-75 For Export,Viejo Lobo,,,Juan Polito,Enrique Guerra,"Ernesto Franco, Carlos Lázzari, Celso Amato, Felipe Riccardo, Aldo Junnissi","Bernardo Weber, Blas Pensato, Mauricio Misseriski, Mauricio Svidovsky, Milo Dojman","Piano, Bass, 5 Bandoneons, 5 Violins",LP,Mi Japon,A,Mi Japon
Juan D'Arienzo,Orquesta Típica Juan D'Arienzo,9/13/1968,A la D'Arienzo,,Tango,Instrumental,Víctor,Tape-S,8298,AVL-3819A,José Reschini,,,64-75 For Export,A la D'Arienzo,,,Juan Polito,Enrique Guerra,"Ernesto Franco, Carlos Lázzari, Celso Amato, Felipe Riccardo, Aldo Junnissi","Bernardo Weber, Blas Pensato, Mauricio Misseriski, Mauricio Svidovsky, Milo Dojman","Piano, Bass, 5 Bandoneons, 5 Violins",LP,Mi Japon,A,Mi Japon
Juan D'Arienzo,Orquesta Típica Juan D'Arienzo,9/13/1968,Siguiendo el Compas,,Tango,Instrumental,Víctor,Tape-S,8297,AVL-3819B,Luis Maggiolo,,,64-75 For Export,Siguiendo el Compas,,,Juan Polito,Enrique Guerra,"Ernesto Franco, Carlos Lázzari, Celso Amato, Felipe Riccardo, Aldo Junnissi","Bernardo Weber, Blas Pensato, Mauricio Misseriski, Mauricio Svidovsky, Milo Dojman","Piano, Bass, 5 Bandoneons, 5 Violins",LP,Mi Japon,B,Mi Japon
Juan D'Arienzo,Orquesta Típica Juan D'Arienzo,8/1/1969,Aquel Abril,,Tango,Osvaldo Ramos,Víctor,Tape-S,9178,AVL-3883,Antonio Pernas,Antonio Cetinic,,64-75 For Export,Aquel Abril,,,Juan Polito,Enrique Guerra,"Ernesto Franco, Carlos Lázzari, Celso Amato, Felipe Riccardo, Aldo Junnissi","Bernardo Weber, Blas Pensato, Mauricio Misseriski, Mauricio Svidovsky, Milo Dojman","Piano, Bass, 5 Bandoneons, 5 Violins",LP,Con tu Compas,B,Con tu Compas
Juan D'Arienzo,Orquesta Típica Juan D'Arienzo,8/1/1969,Con Tu Compás,,Tango,Armando Laborde,Víctor,Tape-S,9173,AVL-3883,Luis Guerello,Jorge Igartúa,,64-75 For Export,Con Tu Compás,,,Juan Polito,Enrique Guerra,"Ernesto Franco, Carlos Lázzari, Celso Amato, Felipe Riccardo, Aldo Junnissi","Bernardo Weber, Blas Pensato, Mauricio Misseriski, Mauricio Svidovsky, Milo Dojman","Piano, Bass, 5 Bandoneons, 5 Violins",LP,Con tu Compas,A,Con tu Compas
Juan D'Arienzo,Orquesta Típica Juan D'Arienzo,8/1/1969,Dulce Novia,,Tango,Osvaldo Ramos,Víctor,Tape-S,9175,AVL-3989A,Miguel Mazzini,Miguel Mazzini,,64-75 For Export,Dulce Novia,,,Juan Polito,Enrique Guerra,"Ernesto Franco, Carlos Lázzari, Celso Amato, Felipe Riccardo, Aldo Junnissi","Bernardo Weber, Blas Pensato, Mauricio Misseriski, Mauricio Svidovsky, Milo Dojman","Piano, Bass, 5 Bandoneons, 5 Violins",LP,Armenonville,A,Armenonville
Juan D'Arienzo,Orquesta Típica Juan D'Arienzo,8/1/1969,El Africano,,Tango,Instrumental,Víctor,Tape-S,9179,AVL-3989B,Eduardo Pereyra,Francisco Lío,,64-75 For Export,El Africano,,,Juan Polito,Enrique Guerra,"Ernesto Franco, Carlos Lázzari, Celso Amato, Felipe Riccardo, Aldo Junnissi","Bernardo Weber, Blas Pensato, Mauricio Misseriski, Mauricio Svidovsky, Milo Dojman","Piano, Bass, 5 Bandoneons, 5 Violins",LP,Armenonville,B,Armenonville
Juan D'Arienzo,Orquesta Típica Juan D'Arienzo,8/1/1969,El Tren de Buenos Aires,,Tango,Osvaldo Ramos,Víctor,Tape-S,9174,AVL-3925,Héctor Silva,Luis Andueza,,64-75 For Export,El Tren de Buenos Aires,,,Juan Polito,Enrique Guerra,"Ernesto Franco, Carlos Lázzari, Celso Amato, Felipe Riccardo, Aldo Junnissi","Bernardo Weber, Blas Pensato, Mauricio Misseriski, Mauricio Svidovsky, Milo Dojman","Piano, Bass, 5 Bandoneons, 5 Violins",LP,Tigre Viejo,B,Tigre Viejo
Juan D'Arienzo,Orquesta Típica Juan D'Arienzo,8/1/1969,Las Cuarenta,,Tango,Alberto Echagüe,Víctor,Tape-S,9176,AVL-3883,Roberto Grela,Francisco Gorrindo,,64-75 For Export,Las Cuarenta,,,Juan Polito,Enrique Guerra,"Ernesto Franco, Carlos Lázzari, Celso Amato, Felipe Riccardo, Aldo Junnissi","Bernardo Weber, Blas Pensato, Mauricio Misseriski, Mauricio Svidovsky, Milo Dojman","Piano, Bass, 5 Bandoneons, 5 Violins",LP,Con tu Compas,B,Con tu Compas
Juan D'Arienzo,Orquesta Típica Juan D'Arienzo,8/1/1969,Milonga Para un Viejo Amor,,Milonga,Armando Laborde,Víctor,Tape-S,9177,AVL-3925,Antonio Pernas,Antonio Cetinic,,64-75 For Export,Milonga Para un Viejo Amor,,,Juan Polito,Enrique Guerra,"Ernesto Franco, Carlos Lázzari, Celso Amato, Felipe Riccardo, Aldo Junnissi","Bernardo Weber, Blas Pensato, Mauricio Misseriski, Mauricio Svidovsky, Milo Dojman","Piano, Bass, 5 Bandoneons, 5 Violins",LP,Tigre Viejo,A,Tigre Viejo
Juan D'Arienzo,Orquesta Típica Juan D'Arienzo,8/1/1969,Sin Ti,,Tango,Osvaldo Ramos,Víctor,Tape-S,9172,AVL-3883,José Galeno,Héctor Bello,,64-75 For Export,Sin Ti,,,Juan Polito,Enrique Guerra,"Ernesto Franco, Carlos Lázzari, Celso Amato, Felipe Riccardo, Aldo Junnissi","Bernardo Weber, Blas Pensato, Mauricio Misseriski, Mauricio Svidovsky, Milo Dojman","Piano, Bass, 5 Bandoneons, 5 Violins",LP,Con tu Compas,B,Con tu Compas
Juan D'Arienzo,Orquesta Típica Juan D'Arienzo,8/12/1969,D'Arienzo y Palito,,Tango,Armando Laborde,Víctor,Tape-S,9444,3AE3683,"Carlos Lázzari, Armando Cereminati",Juan Polito,,64-75 For Export,D'Arienzo y Palito,,,Juan Polito,Enrique Guerra,"Ernesto Franco, Carlos Lázzari, Celso Amato, Felipe Riccardo, Aldo Junnissi","Bernardo Weber, Blas Pensato, Mauricio Misseriski, Mauricio Svidovsky, Milo Dojman","Piano, Bass, 5 Bandoneons, 5 Violins",EP,Cumpleaños De Mama Compas De Tango D'arienzo Y Palito Solo Tuya,B,
Juan D'Arienzo,Orquesta Típica Juan D'Arienzo,8/12/1969,Gotas de Veneno,,Tango,Armando Laborde,Víctor,Tape-S,9442,AVL-3883,Nicolás Tavarozzi,Juan Welker,,64-75 For Export,Gotas de Veneno,,,Juan Polito,Enrique Guerra,"Ernesto Franco, Carlos Lázzari, Celso Amato, Felipe Riccardo, Aldo Junnissi","Bernardo Weber, Blas Pensato, Mauricio Misseriski, Mauricio Svidovsky, Milo Dojman","Piano, Bass, 5 Bandoneons, 5 Violins",LP,Con tu Compas,A,Con tu Compas
Juan D'Arienzo,Orquesta Típica Juan D'Arienzo,8/12/1969,Sólo Tuya,,Tango,Osvaldo Ramos,Víctor,Tape-S,9443,AVL-3883,"Nilo Hermida, Ernesto Franco, César González","Nilo Hermida, Ernesto Franco, César González",,64-75 For Export,Sólo Tuya,,,Juan Polito,Enrique Guerra,"Ernesto Franco, Carlos Lázzari, Celso Amato, Felipe Riccardo, Aldo Junnissi","Bernardo Weber, Blas Pensato, Mauricio Misseriski, Mauricio Svidovsky, Milo Dojman","Piano, Bass, 5 Bandoneons, 5 Violins",LP,Con tu Compas,A,Con tu Compas
Juan D'Arienzo,Orquesta Típica Juan D'Arienzo,8/12/1969,Sombras de Olvido,,Tango,Osvaldo Ramos,Víctor,Tape-S,9441,AVL-3925,Ángel Guevara,Ángel Guevara,,64-75 For Export,Sombras de Olvido,,,Juan Polito,Enrique Guerra,"Ernesto Franco, Carlos Lázzari, Celso Amato, Felipe Riccardo, Aldo Junnissi","Bernardo Weber, Blas Pensato, Mauricio Misseriski, Mauricio Svidovsky, Milo Dojman","Piano, Bass, 5 Bandoneons, 5 Violins",LP,Tigre Viejo,A,Tigre Viejo
Juan D'Arienzo,Orquesta Típica Juan D'Arienzo,9/18/1969,Cumpleaños de Mamá,,Vals,Osvaldo Ramos,Víctor,Tape-S,9495,AVL-3925,Agustín Minotti,Agustín Minotti,,64-75 For Export,Cumpleaños de Mamá,,,Juan Polito,Enrique Guerra,"Ernesto Franco, Carlos Lázzari, Celso Amato, Felipe Riccardo, Aldo Junnissi","Bernardo Weber, Blas Pensato, Mauricio Misseriski, Mauricio Svidovsky, Milo Dojman","Piano, Bass, 5 Bandoneons, 5 Violins",EP,Cumpleaños De Mama Compas De Tango D'arienzo Y Palito Solo Tuya,A,
Juan D'Arienzo,Orquesta Típica Juan D'Arienzo,9/18/1969,De Puro Guapo,,Tango,Instrumental,Víctor,Tape-S,9487,AVL-3925,Pedro Blanco,Manuel Meaños,,64-75 For Export,De Puro Guapo,,,Juan Polito,Enrique Guerra,"Ernesto Franco, Carlos Lázzari, Celso Amato, Felipe Riccardo, Aldo Junnissi","Bernardo Weber, Blas Pensato, Mauricio Misseriski, Mauricio Svidovsky, Milo Dojman","Piano, Bass, 5 Bandoneons, 5 Violins",LP,Tigre Viejo,A,Tigre Viejo
Juan D'Arienzo,Orquesta Típica Juan D'Arienzo,9/18/1969,El Arranque,,Tango,Instrumental,Víctor,Tape-S,9488,AVL-3883,Julio De Caro,Mario Gomila,,64-75 For Export,El Arranque,,,Juan Polito,Enrique Guerra,"Ernesto Franco, Carlos Lázzari, Celso Amato, Felipe Riccardo, Aldo Junnissi","Bernardo Weber, Blas Pensato, Mauricio Misseriski, Mauricio Svidovsky, Milo Dojman","Piano, Bass, 5 Bandoneons, 5 Violins",LP,Con tu Compas,B,Con tu Compas
Juan D'Arienzo,Orquesta Típica Juan D'Arienzo,9/18/1969,El Incendio,,Tango,Instrumental,Víctor,Tape-S,9490,AVL-3883,Arturo De Bassi,,,64-75 For Export,El Incendio,,,Juan Polito,Enrique Guerra,"Ernesto Franco, Carlos Lázzari, Celso Amato, Felipe Riccardo, Aldo Junnissi","Bernardo Weber, Blas Pensato, Mauricio Misseriski, Mauricio Svidovsky, Milo Dojman","Piano, Bass, 5 Bandoneons, 5 Violins",LP,Con tu Compas,A,Con tu Compas
Juan D'Arienzo,Orquesta Típica Juan D'Arienzo,9/18/1969,El Jaguar,,Tango,Instrumental,Víctor,Tape-S,9489,AVL-3883,Atilio Lombardo,,,64-75 For Export,El Jaguar,,,Juan Polito,Enrique Guerra,"Ernesto Franco, Carlos Lázzari, Celso Amato, Felipe Riccardo, Aldo Junnissi","Bernardo Weber, Blas Pensato, Mauricio Misseriski, Mauricio Svidovsky, Milo Dojman","Piano, Bass, 5 Bandoneons, 5 Violins",LP,Con tu Compas,A,Con tu Compas
Juan D'Arienzo,Orquesta Típica Juan D'Arienzo,9/18/1969,Gallo Ciego,,Tango,Instrumental,Víctor,Tape-S,9494,AVS-4210,Agustín Bardi,,,64-75 For Export,Gallo Ciego,,,Juan Polito,Enrique Guerra,"Ernesto Franco, Carlos Lázzari, Celso Amato, Felipe Riccardo, Aldo Junnissi","Bernardo Weber, Blas Pensato, Mauricio Misseriski, Mauricio Svidovsky, Milo Dojman","Piano, Bass, 5 Bandoneons, 5 Violins",LP,DArienzo for Export Vol 4,A,DArienzo for Export Vol 4
Juan D'Arienzo,Orquesta Típica Juan D'Arienzo,9/18/1969,La Chiflada,El Silbido,Tango,Instrumental,Víctor,Tape-S,9492,AVL-3883,Anselmo Aieta,Francisco Jiménez,,64-75 For Export,La Chiflada,,,Juan Polito,Enrique Guerra,"Ernesto Franco, Carlos Lázzari, Celso Amato, Felipe Riccardo, Aldo Junnissi","Bernardo Weber, Blas Pensato, Mauricio Misseriski, Mauricio Svidovsky, Milo Dojman","Piano, Bass, 5 Bandoneons, 5 Violins",LP,Con tu Compas,B,Con tu Compas
Juan D'Arienzo,Orquesta Típica Juan D'Arienzo,9/18/1969,La Sonámbula,,Tango,Instrumental,Víctor,Tape-S,9493,AVL-3925,Pascual Cardarópoli,,,64-75 For Export,La Sonámbula,,,Juan Polito,Enrique Guerra,"Ernesto Franco, Carlos Lázzari, Celso Amato, Felipe Riccardo, Aldo Junnissi","Bernardo Weber, Blas Pensato, Mauricio Misseriski, Mauricio Svidovsky, Milo Dojman","Piano, Bass, 5 Bandoneons, 5 Violins",LP,Tigre Viejo,B,Tigre Viejo
Juan D'Arienzo,Orquesta Típica Juan D'Arienzo,9/18/1969,Mariposita,,Tango,Instrumental,Víctor,Tape-S,9486,AVL-3883,Anselmo Aieta,Francisco Jiménez,,64-75 For Export,Mariposita,,,Juan Polito,Enrique Guerra,"Ernesto Franco, Carlos Lázzari, Celso Amato, Felipe Riccardo, Aldo Junnissi","Bernardo Weber, Blas Pensato, Mauricio Misseriski, Mauricio Svidovsky, Milo Dojman","Piano, Bass, 5 Bandoneons, 5 Violins",LP,Con tu Compas,A,Con tu Compas
Juan D'Arienzo,Orquesta Típica Juan D'Arienzo,9/18/1969,Ojos Negros,,Tango,Instrumental,Víctor,Tape-S,9485,AVL-3925,Vicente Greco,,,64-75 For Export,Ojos Negros,,,Juan Polito,Enrique Guerra,"Ernesto Franco, Carlos Lázzari, Celso Amato, Felipe Riccardo, Aldo Junnissi","Bernardo Weber, Blas Pensato, Mauricio Misseriski, Mauricio Svidovsky, Milo Dojman","Piano, Bass, 5 Bandoneons, 5 Violins",LP,Tigre Viejo,B,Tigre Viejo
Juan D'Arienzo,Orquesta Típica Juan D'Arienzo,9/18/1969,Pregonera,,Tango,Ramos Y Laborde,Víctor,Tape-S,9496,AVL-3883,Alfredo Ángelis,José Rótulo,,64-75 For Export,Pregonera,,,Juan Polito,Enrique Guerra,"Ernesto Franco, Carlos Lázzari, Celso Amato, Felipe Riccardo, Aldo Junnissi","Bernardo Weber, Blas Pensato, Mauricio Misseriski, Mauricio Svidovsky, Milo Dojman","Piano, Bass, 5 Bandoneons, 5 Violins",LP,Con tu Compas,B,Con tu Compas
Juan D'Arienzo,Orquesta Típica Juan D'Arienzo,9/18/1969,Tigre Viejo,,Tango,Instrumental,Víctor,Tape-S,9491,AVL-3925,Salvador Grupillo,,,64-75 For Export,Tigre Viejo,,,Juan Polito,Enrique Guerra,"Ernesto Franco, Carlos Lázzari, Celso Amato, Felipe Riccardo, Aldo Junnissi","Bernardo Weber, Blas Pensato, Mauricio Misseriski, Mauricio Svidovsky, Milo Dojman","Piano, Bass, 5 Bandoneons, 5 Violins",LP,Tigre Viejo,A,Tigre Viejo
Juan D'Arienzo,Orquesta Típica Juan D'Arienzo,10/20/1969,A Tu Lado,,Tango,Osvaldo Ramos,Víctor,Tape-S,9573,AVL-3925,Roberto Cuenca,Roberto Cuenca,,64-75 For Export,A Tu Lado,,,Juan Polito,Enrique Guerra,"Ernesto Franco, Carlos Lázzari, Celso Amato, Felipe Riccardo, Aldo Junnissi","Bernardo Weber, Blas Pensato, Mauricio Misseriski, Mauricio Svidovsky, Milo Dojman","Piano, Bass, 5 Bandoneons, 5 Violins",LP,Tigre Viejo,B,Tigre Viejo
Juan D'Arienzo,Orquesta Típica Juan D'Arienzo,10/20/1969,Catamarca,Estocada a Fondo,Tango,Instrumental,Víctor,Tape-S,9565,AVL-3989A,Eduardo Arolas,Jesús Blanco,,64-75 For Export,Catamarca,,,Juan Polito,Enrique Guerra,"Ernesto Franco, Carlos Lázzari, Celso Amato, Felipe Riccardo, Aldo Junnissi","Bernardo Weber, Blas Pensato, Mauricio Misseriski, Mauricio Svidovsky, Milo Dojman","Piano, Bass, 5 Bandoneons, 5 Violins",LP,Armenonville,A,Armenonville
Juan D'Arienzo,Orquesta Típica Juan D'Arienzo,10/20/1969,Cebollitas de Potrero,,Tango,Alberto Echagüe,Víctor,Tape-S,9572,3AE3697,"Ángel Gatti, Carlos Lázzari, Juan Polito","Ángel Gatti, Carlos Lázzari, Juan Polito",,64-75 For Export,Cebollitas de Potrero,,,Juan Polito,Enrique Guerra,"Ernesto Franco, Carlos Lázzari, Celso Amato, Felipe Riccardo, Aldo Junnissi","Bernardo Weber, Blas Pensato, Mauricio Misseriski, Mauricio Svidovsky, Milo Dojman","Piano, Bass, 5 Bandoneons, 5 Violins",,,,
Juan D'Arienzo,Orquesta Típica Juan D'Arienzo,10/20/1969,El Aguacero,Canción de la Pampa,Tango,Ramos Y Laborde,Víctor,Tape-S,9575,AVL-3925,Cátulo Castillo,José León,,64-75 For Export,El Aguacero,,,Juan Polito,Enrique Guerra,"Ernesto Franco, Carlos Lázzari, Celso Amato, Felipe Riccardo, Aldo Junnissi","Bernardo Weber, Blas Pensato, Mauricio Misseriski, Mauricio Svidovsky, Milo Dojman","Piano, Bass, 5 Bandoneons, 5 Violins",LP,Tigre Viejo,B,Tigre Viejo
Juan D'Arienzo,Orquesta Típica Juan D'Arienzo,10/20/1969,El Pimpollo,,Milonga,Armando Laborde,Víctor,Tape-S,9576,AVL-3989B,"Jorge Dragone, Roberto Cardenutto","Jorge Dragone, Roberto Cardenutto",,64-75 For Export,El Pimpollo,,,Juan Polito,Enrique Guerra,"Ernesto Franco, Carlos Lázzari, Celso Amato, Felipe Riccardo, Aldo Junnissi","Bernardo Weber, Blas Pensato, Mauricio Misseriski, Mauricio Svidovsky, Milo Dojman","Piano, Bass, 5 Bandoneons, 5 Violins",LP,Armenonville,B,Armenonville
Juan D'Arienzo,Orquesta Típica Juan D'Arienzo,10/20/1969,El Trece,El 13,Tango,Instrumental,Víctor,Tape-S,9569,AVS-4579,Alberico Spátola,Ángel Villoldo,,64-75 For Export,El Trece,,,Juan Polito,Enrique Guerra,"Ernesto Franco, Carlos Lázzari, Celso Amato, Felipe Riccardo, Aldo Junnissi","Bernardo Weber, Blas Pensato, Mauricio Misseriski, Mauricio Svidovsky, Milo Dojman","Piano, Bass, 5 Bandoneons, 5 Violins",LP,Bailarin Compadrito,A,Bailarin Compadrito
Juan D'Arienzo,Orquesta Típica Juan D'Arienzo,10/20/1969,Falso,,Tango,Osvaldo Ramos,Víctor,Tape-S,9571,AVL-3989A,Juan D'Arienzo,Héctor Schmitt,,64-75 For Export,Falso,,,Juan Polito,Enrique Guerra,"Ernesto Franco, Carlos Lázzari, Celso Amato, Felipe Riccardo, Aldo Junnissi","Bernardo Weber, Blas Pensato, Mauricio Misseriski, Mauricio Svidovsky, Milo Dojman","Piano, Bass, 5 Bandoneons, 5 Violins",LP,Armenonville,B,Armenonville
Juan D'Arienzo,Orquesta Típica Juan D'Arienzo,10/20/1969,Germaine,,Tango,Instrumental,Víctor,Tape-S,9570,AVS-4210,Alberto Buchardo,,,64-75 For Export,Germaine,,,Juan Polito,Enrique Guerra,"Ernesto Franco, Carlos Lázzari, Celso Amato, Felipe Riccardo, Aldo Junnissi","Bernardo Weber, Blas Pensato, Mauricio Misseriski, Mauricio Svidovsky, Milo Dojman","Piano, Bass, 5 Bandoneons, 5 Violins",LP,DArienzo for Export Vol 4,B,DArienzo for Export Vol 4
Juan D'Arienzo,Orquesta Típica Juan D'Arienzo,10/20/1969,Pelele,,Tango,Instrumental,Víctor,Tape-S,9568,AVL-3925,Pedro Maffía,,,64-75 For Export,Pelele,,,Juan Polito,Enrique Guerra,"Ernesto Franco, Carlos Lázzari, Celso Amato, Felipe Riccardo, Aldo Junnissi","Bernardo Weber, Blas Pensato, Mauricio Misseriski, Mauricio Svidovsky, Milo Dojman","Piano, Bass, 5 Bandoneons, 5 Violins",LP,Tigre Viejo,A,Tigre Viejo
Juan D'Arienzo,Orquesta Típica Juan D'Arienzo,10/20/1969,Qué Mufa Ché,,Tango,Alberto Echagüe,Víctor,Tape-S,9574,AVL-3925,Luis Zambaldi,Tito Sturla,,64-75 For Export,Qué Mufa Ché,,,Juan Polito,Enrique Guerra,"Ernesto Franco, Carlos Lázzari, Celso Amato, Felipe Riccardo, Aldo Junnissi","Bernardo Weber, Blas Pensato, Mauricio Misseriski, Mauricio Svidovsky, Milo Dojman","Piano, Bass, 5 Bandoneons, 5 Violins",LP,Tigre Viejo,A,Tigre Viejo
Juan D'Arienzo,Orquesta Típica Juan D'Arienzo,10/20/1969,Retintín,,Tango,Instrumental,Víctor,Tape-S,9566,AVL-3989A,Eduardo Arolas,Gabriel Clausi,,64-75 For Export,Retintín,,,Juan Polito,Enrique Guerra,"Ernesto Franco, Carlos Lázzari, Celso Amato, Felipe Riccardo, Aldo Junnissi","Bernardo Weber, Blas Pensato, Mauricio Misseriski, Mauricio Svidovsky, Milo Dojman","Piano, Bass, 5 Bandoneons, 5 Violins",LP,Armenonville,A,Armenonville
Juan D'Arienzo,Orquesta Típica Juan D'Arienzo,10/20/1969,Un Lamento,,Tango,Instrumental,Víctor,Tape-S,9567,AVS-4099,Graciano De Leone,,,64-75 For Export,Un Lamento,,,Juan Polito,Enrique Guerra,"Ernesto Franco, Carlos Lázzari, Celso Amato, Felipe Riccardo, Aldo Junnissi","Bernardo Weber, Blas Pensato, Mauricio Misseriski, Mauricio Svidovsky, Milo Dojman","Piano, Bass, 5 Bandoneons, 5 Violins",LP,Con Alma y Nervio,B,Con Alma y Nervio
Juan D'Arienzo,Orquesta Típica Juan D'Arienzo,8/13/1970,Glorioso Chantecler,,Tango,Osvaldo Ramos,Víctor,Tape-S,10501,3AE3719,"Juan Polito, Carlos Lázzari",Ángel Gatti,,64-75 For Export,Glorioso Chantecler,,,Juan Polito,Enrique Guerra,"Ernesto Franco, Carlos Lázzari, Celso Amato, Felipe Riccardo, Aldo Junnissi","Bernardo Weber, Blas Pensato, Mauricio Misseriski, Mauricio Svidovsky, Milo Dojman","Piano, Bass, 5 Bandoneons, 5 Violins",,,,
Juan D'Arienzo,Orquesta Típica Juan D'Arienzo,8/13/1970,Oro y Diamantes,,Tango,Osvaldo Ramos,Víctor,Tape-S,10505,3AE3795,Héctor Falivene,Dandy Costa,,64-75 For Export,Oro y Diamantes,,,Juan Polito,Enrique Guerra,"Ernesto Franco, Carlos Lázzari, Celso Amato, Felipe Riccardo, Aldo Junnissi","Bernardo Weber, Blas Pensato, Mauricio Misseriski, Mauricio Svidovsky, Milo Dojman","Piano, Bass, 5 Bandoneons, 5 Violins",EP,Mi Viejo Vals,B,
Juan D'Arienzo,Orquesta Típica Juan D'Arienzo,8/13/1970,Porteñismo,,Tango,Instrumental,Víctor,Tape-S,10500,AVL-3989B,"Miguel Caló, Aquiles Roggero",,,64-75 For Export,Porteñismo,,,Juan Polito,Enrique Guerra,"Ernesto Franco, Carlos Lázzari, Celso Amato, Felipe Riccardo, Aldo Junnissi","Bernardo Weber, Blas Pensato, Mauricio Misseriski, Mauricio Svidovsky, Milo Dojman","Piano, Bass, 5 Bandoneons, 5 Violins",LP,Armenonville,B,Armenonville
Juan D'Arienzo,Orquesta Típica Juan D'Arienzo,8/13/1970,Recuerdo de la Casa,,Tango,Osvaldo Ramos,Víctor,Tape-S,10503,AVL-3989B,Luis Guerello,"Luis Guerello, Jorge Igartúa",,64-75 For Export,Recuerdo de la Casa,,,Juan Polito,Enrique Guerra,"Ernesto Franco, Carlos Lázzari, Celso Amato, Felipe Riccardo, Aldo Junnissi","Bernardo Weber, Blas Pensato, Mauricio Misseriski, Mauricio Svidovsky, Milo Dojman","Piano, Bass, 5 Bandoneons, 5 Violins",LP,Armenonville,B,Armenonville
Juan D'Arienzo,Orquesta Típica Juan D'Arienzo,8/13/1970,Réquiem Para una Luca,,Tango,Armando Laborde,Víctor,Tape-S,10502,AVL-3989A,Sebastián Piana,José Gobello,,64-75 For Export,Réquiem Para una Luca,,,Juan Polito,Enrique Guerra,"Ernesto Franco, Carlos Lázzari, Celso Amato, Felipe Riccardo, Aldo Junnissi","Bernardo Weber, Blas Pensato, Mauricio Misseriski, Mauricio Svidovsky, Milo Dojman","Piano, Bass, 5 Bandoneons, 5 Violins",LP,Armenonville,A,Armenonville
Juan D'Arienzo,Orquesta Típica Juan D'Arienzo,8/21/1970,Armenonville,,Tango,Instrumental,Víctor,Tape-S,10516,AVL-3989A,Juan Maglio,José Fernández,,64-75 For Export,Armenonville,,,Juan Polito,Enrique Guerra,"Ernesto Franco, Carlos Lázzari, Celso Amato, Felipe Riccardo, Aldo Junnissi","Bernardo Weber, Blas Pensato, Mauricio Misseriski, Mauricio Svidovsky, Milo Dojman","Piano, Bass, 5 Bandoneons, 5 Violins",LP,Armenonville,A,Armenonville
Juan D'Arienzo,Orquesta Típica Juan D'Arienzo,8/21/1970,El Estagiario,,Tango,Instrumental,Víctor,Tape-S,10514,AVS-4210,Martín Álvarez,Martín Álvarez,,64-75 For Export,El Estagiario,,,Juan Polito,Enrique Guerra,"Ernesto Franco, Carlos Lázzari, Celso Amato, Felipe Riccardo, Aldo Junnissi","Bernardo Weber, Blas Pensato, Mauricio Misseriski, Mauricio Svidovsky, Milo Dojman","Piano, Bass, 5 Bandoneons, 5 Violins",LP,DArienzo for Export Vol 4,B,DArienzo for Export Vol 4
Juan D'Arienzo,Orquesta Típica Juan D'Arienzo,8/21/1970,El Taura,,Tango,Instrumental,Víctor,Tape-S,10515,3AE3719 / AVS-4099,Agustín Bardi,,,64-75 For Export,El Taura,,,Juan Polito,Enrique Guerra,"Ernesto Franco, Carlos Lázzari, Celso Amato, Felipe Riccardo, Aldo Junnissi","Bernardo Weber, Blas Pensato, Mauricio Misseriski, Mauricio Svidovsky, Milo Dojman","Piano, Bass, 5 Bandoneons, 5 Violins",LP,Con Alma y Nervio,B,Con Alma y Nervio
Juan D'Arienzo,Orquesta Típica Juan D'Arienzo,8/21/1970,Fichera,,Tango,Armando Laborde,Víctor,Tape-S,10519,3AE3719,"Roberto O'durnin, Carlos Lázzari, Juan Polito","Robby O'durnin, Carlos Lázzari, Juan Polito",,64-75 For Export,Fichera,,,Juan Polito,Enrique Guerra,"Ernesto Franco, Carlos Lázzari, Celso Amato, Felipe Riccardo, Aldo Junnissi","Bernardo Weber, Blas Pensato, Mauricio Misseriski, Mauricio Svidovsky, Milo Dojman","Piano, Bass, 5 Bandoneons, 5 Violins",,,,
Juan D'Arienzo,Orquesta Típica Juan D'Arienzo,8/21/1970,La Cautiva,,Tango,Instrumental,Víctor,Tape-S,10517,3AE3755 / AVS-4099,Alejandro Flores,Claudio Frollo,,64-75 For Export,La Cautiva,,,Juan Polito,Enrique Guerra,"Ernesto Franco, Carlos Lázzari, Celso Amato, Felipe Riccardo, Aldo Junnissi","Bernardo Weber, Blas Pensato, Mauricio Misseriski, Mauricio Svidovsky, Milo Dojman","Piano, Bass, 5 Bandoneons, 5 Violins",LP,Con Alma y Nervio,B,Con Alma y Nervio
Juan D'Arienzo,Orquesta Típica Juan D'Arienzo,8/21/1970,Senda Florida,,Tango,Osvaldo Ramos,Víctor,Tape-S,10518,AVL-3989B,Rafael Rossi,Eugenio Cárdenas,,64-75 For Export,Senda Florida,,,Juan Polito,Enrique Guerra,"Ernesto Franco, Carlos Lázzari, Celso Amato, Felipe Riccardo, Aldo Junnissi","Bernardo Weber, Blas Pensato, Mauricio Misseriski, Mauricio Svidovsky, Milo Dojman","Piano, Bass, 5 Bandoneons, 5 Violins",LP,Armenonville,B,Armenonville
Juan D'Arienzo,Orquesta Típica Juan D'Arienzo,9/15/1970,Dos Dedos,,Tango,Alberto Echagüe,Víctor,Tape-S,10555,AVL-3989B,Carlos Acosta,Carlos Corbalán,,64-75 For Export,Dos Dedos,,,Juan Polito,Enrique Guerra,"Ernesto Franco, Carlos Lázzari, Celso Amato, Felipe Riccardo, Aldo Junnissi","Bernardo Weber, Blas Pensato, Mauricio Misseriski, Mauricio Svidovsky, Milo Dojman","Piano, Bass, 5 Bandoneons, 5 Violins",LP,Armenonville,B,Armenonville
Juan D'Arienzo,Orquesta Típica Juan D'Arienzo,9/15/1970,El Cielo Lloró Por Mí,,Tango,Osvaldo Ramos,Víctor,Tape-S,10551,3AE3736,Miguel Ratto,Agustín Minotti,,64-75 For Export,El Cielo Lloró Por Mí,,,Juan Polito,Enrique Guerra,"Ernesto Franco, Carlos Lázzari, Celso Amato, Felipe Riccardo, Aldo Junnissi","Bernardo Weber, Blas Pensato, Mauricio Misseriski, Mauricio Svidovsky, Milo Dojman","Piano, Bass, 5 Bandoneons, 5 Violins",EP,El Latigo,A,
Juan D'Arienzo,Orquesta Típica Juan D'Arienzo,9/15/1970,El Látigo,,Milonga,Instrumental,Víctor,Tape-S,,,"Rubén Chilindrón, Rubén Panella",,,64-75 For Export,El Látigo,,,Juan Polito,Enrique Guerra,"Ernesto Franco, Carlos Lázzari, Celso Amato, Felipe Riccardo, Aldo Junnissi","Bernardo Weber, Blas Pensato, Mauricio Misseriski, Mauricio Svidovsky, Milo Dojman","Piano, Bass, 5 Bandoneons, 5 Violins",LP,Bailarin Compadrito,A,Bailarin Compadrito
Juan D'Arienzo,Orquesta Típica Juan D'Arienzo,9/15/1970,Tengo Miedo,,Tango,Alberto Echagüe,Víctor,Tape-S,10550,AVS-4579,José Aguilar,Celedonio Flores,,64-75 For Export,Tengo Miedo,,,Juan Polito,Enrique Guerra,"Ernesto Franco, Carlos Lázzari, Celso Amato, Felipe Riccardo, Aldo Junnissi","Bernardo Weber, Blas Pensato, Mauricio Misseriski, Mauricio Svidovsky, Milo Dojman","Piano, Bass, 5 Bandoneons, 5 Violins",LP,Bailarin Compadrito,B,Bailarin Compadrito
Juan D'Arienzo,Orquesta Típica Juan D'Arienzo,9/15/1970,Un Reo Menos,,Tango,Instrumental,Víctor,Tape-S,10553,3AE3719,"Ernesto Franco, Nilo Hermida",César González,,64-75 For Export,Un Reo Menos,,,Juan Polito,Enrique Guerra,"Ernesto Franco, Carlos Lázzari, Celso Amato, Felipe Riccardo, Aldo Junnissi","Bernardo Weber, Blas Pensato, Mauricio Misseriski, Mauricio Svidovsky, Milo Dojman","Piano, Bass, 5 Bandoneons, 5 Violins",,,,
Juan D'Arienzo,Orquesta Típica Juan D'Arienzo,10/29/1970,Criolla Linda,,Tango,Instrumental,Víctor,Tape-S,10856,3AE3755,"Vicente Gorrese, Bernardo Germino",Luis Rubistein,,64-75 For Export,Criolla Linda,,,Juan Polito,Enrique Guerra,"Ernesto Franco, Carlos Lázzari, Celso Amato, Felipe Riccardo, Aldo Junnissi","Bernardo Weber, Blas Pensato, Mauricio Misseriski, Mauricio Svidovsky, Milo Dojman","Piano, Bass, 5 Bandoneons, 5 Violins",LP,DArienzo for Export Vol 4,A,DArienzo for Export Vol 4
Juan D'Arienzo,Orquesta Típica Juan D'Arienzo,10/29/1970,Zapatitos de Raso,,Milonga,Ramos Y Laborde,Víctor,Tape-S,10855,AVS-4099,Jorge Dragone,Fernando Caprio,,64-75 For Export,Zapatitos de Raso,,,Juan Polito,Enrique Guerra,"Ernesto Franco, Carlos Lázzari, Celso Amato, Felipe Riccardo, Aldo Junnissi","Bernardo Weber, Blas Pensato, Mauricio Misseriski, Mauricio Svidovsky, Milo Dojman","Piano, Bass, 5 Bandoneons, 5 Violins",LP,Con Alma y Nervio,A,Con Alma y Nervio
Juan D'Arienzo,Orquesta Típica Juan D'Arienzo,12/16/1970,Con Alma y Nervio,,Tango,Armando Laborde,Víctor,Tape-S,11132,3AE3738 / AVS-4099,"Carlos Lázzari, Juan Polito, Ángel Guevara","Carlos Lázzari, Juan Polito, Ángel Guevara",,64-75 For Export,Con Alma y Nervio,,,Juan Polito,Enrique Guerra,"Ernesto Franco, Carlos Lázzari, Celso Amato, Felipe Riccardo, Aldo Junnissi","Bernardo Weber, Blas Pensato, Mauricio Misseriski, Mauricio Svidovsky, Milo Dojman","Piano, Bass, 5 Bandoneons, 5 Violins",LP,Con Alma y Nervio,A,Con Alma y Nervio
Juan D'Arienzo,Orquesta Típica Juan D'Arienzo,12/16/1970,El Arroyito,,Tango,Instrumental,Víctor,Tape-S,11128,AVS-4099,Samuel Castriota,Celedonio Flores,,64-75 For Export,El Arroyito,,,Juan Polito,Enrique Guerra,"Ernesto Franco, Carlos Lázzari, Celso Amato, Felipe Riccardo, Aldo Junnissi","Bernardo Weber, Blas Pensato, Mauricio Misseriski, Mauricio Svidovsky, Milo Dojman","Piano, Bass, 5 Bandoneons, 5 Violins",LP,Con Alma y Nervio,A,Con Alma y Nervio
Juan D'Arienzo,Orquesta Típica Juan D'Arienzo,12/16/1970,El Carrerito,,Tango,Osvaldo Ramos,Víctor,Tape-S,11136,AVS-4099,Raúl De Los Hoyos,Alberto Vacarezza,,64-75 For Export,El Carrerito,,,Juan Polito,Enrique Guerra,"Ernesto Franco, Carlos Lázzari, Celso Amato, Felipe Riccardo, Aldo Junnissi","Bernardo Weber, Blas Pensato, Mauricio Misseriski, Mauricio Svidovsky, Milo Dojman","Piano, Bass, 5 Bandoneons, 5 Violins",LP,Con Alma y Nervio,A,Con Alma y Nervio
Juan D'Arienzo,Orquesta Típica Juan D'Arienzo,12/16/1970,Elegante Papirusa,,Tango,Instrumental,Víctor,Tape-S,11135,AVS-4099,David Roccatagliata,Sandalio Gómez,,64-75 For Export,Elegante Papirusa,,,Juan Polito,Enrique Guerra,"Ernesto Franco, Carlos Lázzari, Celso Amato, Felipe Riccardo, Aldo Junnissi","Bernardo Weber, Blas Pensato, Mauricio Misseriski, Mauricio Svidovsky, Milo Dojman","Piano, Bass, 5 Bandoneons, 5 Violins",LP,Con Alma y Nervio,A,Con Alma y Nervio
Juan D'Arienzo,Orquesta Típica Juan D'Arienzo,12/16/1970,Habla un Milonga,,Tango,Armando Laborde,Víctor,Tape-S,11137,3AE3738,Rodolfo Toscano,Luis Mannarino,,64-75 For Export,Habla un Milonga,,,Juan Polito,Enrique Guerra,"Ernesto Franco, Carlos Lázzari, Celso Amato, Felipe Riccardo, Aldo Junnissi","Bernardo Weber, Blas Pensato, Mauricio Misseriski, Mauricio Svidovsky, Milo Dojman","Piano, Bass, 5 Bandoneons, 5 Violins",EP,El Latigo,B,
Juan D'Arienzo,Orquesta Típica Juan D'Arienzo,12/16/1970,Milonga de Mis Amores,,Milonga,Instrumental,Víctor,Tape-S,11126,1A-2042,Pedro Laurenz,José Contursi,,64-75 For Export,Milonga de Mis Amores,,,Juan Polito,Enrique Guerra,"Ernesto Franco, Carlos Lázzari, Celso Amato, Felipe Riccardo, Aldo Junnissi","Bernardo Weber, Blas Pensato, Mauricio Misseriski, Mauricio Svidovsky, Milo Dojman","Piano, Bass, 5 Bandoneons, 5 Violins",LP,DArienzo for Export Vol 4,A,DArienzo for Export Vol 4
Juan D'Arienzo,Orquesta Típica Juan D'Arienzo,12/16/1970,Paciencia,,Tango,Alberto Echagüe,Víctor,Tape-S,11133,AVS-4099,Juan D'Arienzo,Francisco Gorrindo,,64-75 For Export,Paciencia,,,Juan Polito,Enrique Guerra,"Ernesto Franco, Carlos Lázzari, Celso Amato, Felipe Riccardo, Aldo Junnissi","Bernardo Weber, Blas Pensato, Mauricio Misseriski, Mauricio Svidovsky, Milo Dojman","Piano, Bass, 5 Bandoneons, 5 Violins",LP,Con Alma y Nervio,B,Con Alma y Nervio
Juan D'Arienzo,Orquesta Típica Juan D'Arienzo,12/16/1970,Siempre Primero,,Tango,Instrumental,Víctor,Tape-S,11134,AVS-4579,"Ernesto Franco, Carlos Lázzari, Juan Polito",,,64-75 For Export,Siempre Primero,,,Juan Polito,Enrique Guerra,"Ernesto Franco, Carlos Lázzari, Celso Amato, Felipe Riccardo, Aldo Junnissi","Bernardo Weber, Blas Pensato, Mauricio Misseriski, Mauricio Svidovsky, Milo Dojman","Piano, Bass, 5 Bandoneons, 5 Violins",LP,Bailarin Compadrito,B,Bailarin Compadrito
Juan D'Arienzo,Orquesta Típica Juan D'Arienzo,12/16/1970,Tremolina,,Milonga,Instrumental,Víctor,Tape-S,11127,AVS-4579,Osvaldo Ruggiero,,,64-75 For Export,Tremolina,,,Juan Polito,Enrique Guerra,"Ernesto Franco, Carlos Lázzari, Celso Amato, Felipe Riccardo, Aldo Junnissi","Bernardo Weber, Blas Pensato, Mauricio Misseriski, Mauricio Svidovsky, Milo Dojman","Piano, Bass, 5 Bandoneons, 5 Violins",LP,Bailarin Compadrito,A,Bailarin Compadrito
Juan D'Arienzo,Orquesta Típica Juan D'Arienzo,12/16/1970,Tuve Que Llorar,,Tango,Osvaldo Ramos,Víctor,Tape-S,11130,AVS-4579,Roberto Wilde,Marcelino Hernández,,64-75 For Export,Tuve Que Llorar,,,Juan Polito,Enrique Guerra,"Ernesto Franco, Carlos Lázzari, Celso Amato, Felipe Riccardo, Aldo Junnissi","Bernardo Weber, Blas Pensato, Mauricio Misseriski, Mauricio Svidovsky, Milo Dojman","Piano, Bass, 5 Bandoneons, 5 Violins",LP,Bailarin Compadrito,A,Bailarin Compadrito
Juan D'Arienzo,Orquesta Típica Juan D'Arienzo,9/16/1971,Cenizas,,Tango,Instrumental,Víctor,Tape-S,11857,AVL-4047,José Rizzuti,Emilio Fresedo,,64-75 For Export,Cenizas,,,Jorge Dragone,Enrique Guerra,"Ernesto Franco, Carlos Lázzari, Celso Amato, Felipe Riccardo, Aldo Junnissi","Bernardo Weber, Blas Pensato, Mauricio Misseriski, Mauricio Svidovsky, Milo Dojman","Piano, Bass, 5 Bandoneons, 5 Violins",LP,Sacale Chispas,B,Sacale Chispas
Juan D'Arienzo,Orquesta Típica Juan D'Arienzo,9/16/1971,Entrada Prohibida,,Tango,Instrumental,Víctor,Tape-S,11858,AVL-4047,Luis Teisseire,,,64-75 For Export,Entrada Prohibida,,,Jorge Dragone,Enrique Guerra,"Ernesto Franco, Carlos Lázzari, Celso Amato, Felipe Riccardo, Aldo Junnissi","Bernardo Weber, Blas Pensato, Mauricio Misseriski, Mauricio Svidovsky, Milo Dojman","Piano, Bass, 5 Bandoneons, 5 Violins",LP,Sacale Chispas,B,Sacale Chispas
Juan D'Arienzo,Orquesta Típica Juan D'Arienzo,9/16/1971,Estoy Pagando la Culpa,,Tango,Osvaldo Ramos,Víctor,Tape-S,11862,AVL-4047,"Roberto Rufino, Roberto Caló",Roberto Giménez,,64-75 For Export,Estoy Pagando la Culpa,,,Jorge Dragone,Enrique Guerra,"Ernesto Franco, Carlos Lázzari, Celso Amato, Felipe Riccardo, Aldo Junnissi","Bernardo Weber, Blas Pensato, Mauricio Misseriski, Mauricio Svidovsky, Milo Dojman","Piano, Bass, 5 Bandoneons, 5 Violins",LP,Sacale Chispas,A,Sacale Chispas
Juan D'Arienzo,Orquesta Típica Juan D'Arienzo,9/16/1971,La Torcacita,,Tango,Instrumental,Víctor,Tape-S,11860,AVL-4047,José Martínez,Francisco Lío,,64-75 For Export,La Torcacita,,,Jorge Dragone,Enrique Guerra,"Ernesto Franco, Carlos Lázzari, Celso Amato, Felipe Riccardo, Aldo Junnissi","Bernardo Weber, Blas Pensato, Mauricio Misseriski, Mauricio Svidovsky, Milo Dojman","Piano, Bass, 5 Bandoneons, 5 Violins",LP,Sacale Chispas,A,Sacale Chispas
Juan D'Arienzo,Orquesta Típica Juan D'Arienzo,9/16/1971,Luces de Colores,,Tango,Instrumental,Víctor,Tape-S,11861,AVL-4047,Donato Racciatti,,,64-75 For Export,Luces de Colores,,,Jorge Dragone,Enrique Guerra,"Ernesto Franco, Carlos Lázzari, Celso Amato, Felipe Riccardo, Aldo Junnissi","Bernardo Weber, Blas Pensato, Mauricio Misseriski, Mauricio Svidovsky, Milo Dojman","Piano, Bass, 5 Bandoneons, 5 Violins",LP,Sacale Chispas,B,Sacale Chispas
Juan D'Arienzo,Orquesta Típica Juan D'Arienzo,9/16/1971,Sacale Chispas,,Tango,Instrumental,Víctor,Tape-S,11859,AVL-4047,"Ernesto Franco, Osvaldo Tarantino",,,64-75 For Export,Sacale Chispas,,,Jorge Dragone,Enrique Guerra,"Ernesto Franco, Carlos Lázzari, Celso Amato, Felipe Riccardo, Aldo Junnissi","Bernardo Weber, Blas Pensato, Mauricio Misseriski, Mauricio Svidovsky, Milo Dojman","Piano, Bass, 5 Bandoneons, 5 Violins",LP,Sacale Chispas,A,Sacale Chispas
Juan D'Arienzo,Orquesta Típica Juan D'Arienzo,9/30/1971,Che Quijote,,Tango,Armando Laborde,Víctor,Tape-S,11879,AVL-4047,Hugo Carlo,Luis Zeballos,,64-75 For Export,Che Quijote,,,Jorge Dragone,Enrique Guerra,"Ernesto Franco, Carlos Lázzari, Celso Amato, Felipe Riccardo, Aldo Junnissi","Bernardo Weber, Blas Pensato, Mauricio Misseriski, Mauricio Svidovsky, Milo Dojman","Piano, Bass, 5 Bandoneons, 5 Violins",LP,Sacale Chispas,B,Sacale Chispas
Juan D'Arienzo,Orquesta Típica Juan D'Arienzo,9/30/1971,La Cara de la Luna,,Tango,Instrumental,Víctor,Tape-S,11876,AVL-4047,Manuel Campoamor,,,64-75 For Export,La Cara de la Luna,,,Juan Polito,Enrique Guerra,"Ernesto Franco, Carlos Lázzari, Celso Amato, Felipe Riccardo, Aldo Junnissi","Bernardo Weber, Blas Pensato, Mauricio Misseriski, Mauricio Svidovsky, Milo Dojman","Piano, Bass, 5 Bandoneons, 5 Violins",LP,Sacale Chispas,A,Sacale Chispas
Juan D'Arienzo,Orquesta Típica Juan D'Arienzo,9/30/1971,Quereme un Poco Más,,Tango,Osvaldo Ramos,Víctor,Tape-S,11878,AVL-4047,Zayra Canicoba,Zayra Canicoba,,64-75 For Export,Quereme un Poco Más,,,Juan Polito,Enrique Guerra,"Ernesto Franco, Carlos Lázzari, Celso Amato, Felipe Riccardo, Aldo Junnissi","Bernardo Weber, Blas Pensato, Mauricio Misseriski, Mauricio Svidovsky, Milo Dojman","Piano, Bass, 5 Bandoneons, 5 Violins",LP,Sacale Chispas,B,Sacale Chispas
Juan D'Arienzo,Orquesta Típica Juan D'Arienzo,9/30/1971,Rezongón,,Tango,Armando Laborde,Víctor,Tape-S,11877,AVL-4047,Alfonso Fogaza,Julio Camilloni,,64-75 For Export,Rezongón,,,Juan Polito,Enrique Guerra,"Ernesto Franco, Carlos Lázzari, Celso Amato, Felipe Riccardo, Aldo Junnissi","Bernardo Weber, Blas Pensato, Mauricio Misseriski, Mauricio Svidovsky, Milo Dojman","Piano, Bass, 5 Bandoneons, 5 Violins",LP,Sacale Chispas,A,Sacale Chispas
Juan D'Arienzo,Orquesta Típica Juan D'Arienzo,9/30/1971,Sentimiento de Bohemio,,Tango,Instrumental,Víctor,Tape-S,11875,AVL-4047,"Nicolás Tavarozzi, Raúl Bruno",,,64-75 For Export,Sentimiento de Bohemio,,,Juan Polito,Enrique Guerra,"Ernesto Franco, Carlos Lázzari, Celso Amato, Felipe Riccardo, Aldo Junnissi","Bernardo Weber, Blas Pensato, Mauricio Misseriski, Mauricio Svidovsky, Milo Dojman","Piano, Bass, 5 Bandoneons, 5 Violins",LP,Sacale Chispas,B,Sacale Chispas
Juan D'Arienzo,Orquesta Típica Juan D'Arienzo,9/30/1971,Sisebuta,Mi Querida Sisebuta,Tango,Alberto Echagüe,Víctor,Tape-S,11880,AVL-4047,"Carlos Lázzari, Juan Polito",Ángel Gatti,,64-75 For Export,Sisebuta,,,Juan Polito,Enrique Guerra,"Ernesto Franco, Carlos Lázzari, Celso Amato, Felipe Riccardo, Aldo Junnissi","Bernardo Weber, Blas Pensato, Mauricio Misseriski, Mauricio Svidovsky, Milo Dojman","Piano, Bass, 5 Bandoneons, 5 Violins",LP,Sacale Chispas,A,Sacale Chispas
Juan D'Arienzo,Orquesta Típica Juan D'Arienzo,11/26/1971,De Corte Arrabalero,,Tango,Instrumental,Víctor,Tape-S,12200,AVS-4099,Carlos Polito,"Rodolfo Toscano, Líber Locascio",,64-75 For Export,De Corte Arrabalero,,,Juan Polito,Enrique Guerra,"Ernesto Franco, Carlos Lázzari, Celso Amato, Felipe Riccardo, Aldo Junnissi","Bernardo Weber, Blas Pensato, Mauricio Misseriski, Mauricio Svidovsky, Milo Dojman","Piano, Bass, 5 Bandoneons, 5 Violins",LP,Con Alma y Nervio,B,Con Alma y Nervio
Juan D'Arienzo,Orquesta Típica Juan D'Arienzo,11/26/1971,Este Es el Rey,,Tango,Instrumental,Víctor,Tape-S,12199,AVS-4210,"Carlos Lázzari, Manuel Caballero, Juan Polito",,,64-75 For Export,Este Es el Rey,,,Juan Polito,Enrique Guerra,"Ernesto Franco, Carlos Lázzari, Celso Amato, Felipe Riccardo, Aldo Junnissi","Bernardo Weber, Blas Pensato, Mauricio Misseriski, Mauricio Svidovsky, Milo Dojman","Piano, Bass, 5 Bandoneons, 5 Violins",LP,DArienzo for Export Vol 4,B,DArienzo for Export Vol 4
Juan D'Arienzo,Orquesta Típica Juan D'Arienzo,11/26/1971,Hoy las Vas de Perseguido,,Tango,Armando Laborde,Víctor,Tape-S,12240,3AE3835,Luis Guerello,Juan Devoto,,64-75 For Export,Hoy las Vas de Perseguido,,,Juan Polito,Enrique Guerra,"Ernesto Franco, Carlos Lázzari, Celso Amato, Felipe Riccardo, Aldo Junnissi","Bernardo Weber, Blas Pensato, Mauricio Misseriski, Mauricio Svidovsky, Milo Dojman","Piano, Bass, 5 Bandoneons, 5 Violins",,,,
Juan D'Arienzo,Orquesta Típica Juan D'Arienzo,11/26/1971,Juan Compás,,Milonga,Instrumental,Víctor,Tape-S,12201,3AE3808,María Maldonado,,,64-75 For Export,Juan Compás,,,Juan Polito,Enrique Guerra,"Ernesto Franco, Carlos Lázzari, Celso Amato, Felipe Riccardo, Aldo Junnissi","Bernardo Weber, Blas Pensato, Mauricio Misseriski, Mauricio Svidovsky, Milo Dojman","Piano, Bass, 5 Bandoneons, 5 Violins",EP,Primerisimo,A,
Juan D'Arienzo,Orquesta Típica Juan D'Arienzo,11/26/1971,La Biyarda,,Tango,Instrumental,Víctor,Tape-S,12198,AVS-4099,"Carlos Lázzari, Ernesto Franco, Nilo Hermida",,,64-75 For Export,La Biyarda,,,Juan Polito,Enrique Guerra,"Ernesto Franco, Carlos Lázzari, Celso Amato, Felipe Riccardo, Aldo Junnissi","Bernardo Weber, Blas Pensato, Mauricio Misseriski, Mauricio Svidovsky, Milo Dojman","Piano, Bass, 5 Bandoneons, 5 Violins",LP,Con Alma y Nervio,A,Con Alma y Nervio
Juan D'Arienzo,Orquesta Típica Juan D'Arienzo,11/26/1971,Madame Julié,,Tango,Armando Laborde,Víctor,Tape-S,12243,3AE3795,Enrique Maciel,Francisco Baldana,,64-75 For Export,Madame Julié,,,Juan Polito,Enrique Guerra,"Ernesto Franco, Carlos Lázzari, Celso Amato, Felipe Riccardo, Aldo Junnissi","Bernardo Weber, Blas Pensato, Mauricio Misseriski, Mauricio Svidovsky, Milo Dojman","Piano, Bass, 5 Bandoneons, 5 Violins",LP,Bailarin Compadrito,A,Bailarin Compadrito
Juan D'Arienzo,Orquesta Típica Juan D'Arienzo,11/26/1971,Mi Viejo Vals,,Vals,Osvaldo Ramos,Víctor,Tape-S,12202,3AE3795,Carmelo D'Amico,Máximo Orsi,,64-75 For Export,Mi Viejo Vals,,,Juan Polito,Enrique Guerra,"Ernesto Franco, Carlos Lázzari, Celso Amato, Felipe Riccardo, Aldo Junnissi","Bernardo Weber, Blas Pensato, Mauricio Misseriski, Mauricio Svidovsky, Milo Dojman","Piano, Bass, 5 Bandoneons, 5 Violins",EP,Mi Viejo Vals,A,
Juan D'Arienzo,Orquesta Típica Juan D'Arienzo,11/26/1971,Perdóname Si Quieres,,Tango,Osvaldo Ramos,Víctor,Tape-S,12241,3AE3795,"Roberto Carde, Jorge Dragone","Roberto Cardenutto, Jorge Dragone",,64-75 For Export,Perdóname Si Quieres,,,Juan Polito,Enrique Guerra,"Ernesto Franco, Carlos Lázzari, Celso Amato, Felipe Riccardo, Aldo Junnissi","Bernardo Weber, Blas Pensato, Mauricio Misseriski, Mauricio Svidovsky, Milo Dojman","Piano, Bass, 5 Bandoneons, 5 Violins",EP,Mi Viejo Vals,A,
Juan D'Arienzo,Orquesta Típica Juan D'Arienzo,11/26/1971,Sin Dobleces,,Tango,Armando Laborde,Víctor,Tape-S,12239,AVS-4099,"Carlos Lázzari, Juan Polito, Pedro Gallelli","Carlos Lázzari, Juan Polito, Pedro Gallelli",,64-75 For Export,Sin Dobleces,,,Juan Polito,Enrique Guerra,"Ernesto Franco, Carlos Lázzari, Celso Amato, Felipe Riccardo, Aldo Junnissi","Bernardo Weber, Blas Pensato, Mauricio Misseriski, Mauricio Svidovsky, Milo Dojman","Piano, Bass, 5 Bandoneons, 5 Violins",LP,Con Alma y Nervio,A,Con Alma y Nervio
Juan D'Arienzo,Orquesta Típica Juan D'Arienzo,12/7/1971,La Cumparsita,Si Supieras,Tango,Instrumental,Víctor,Tape-S,12248,1A2042,Gerardo Rodríguez,"Pascual Contursi, Enrique Maroni, Gerardo Rodríguez",,64-75 For Export,La Cumparsita,,,Juan Polito,Enrique Guerra,"Ernesto Franco, Carlos Lázzari, Celso Amato, Felipe Riccardo, Aldo Junnissi","Bernardo Weber, Blas Pensato, Mauricio Misseriski, Mauricio Svidovsky, Milo Dojman","Piano, Bass, 5 Bandoneons, 5 Violins",,,,
Juan D'Arienzo,Orquesta Típica Juan D'Arienzo,12/20/1971,Con Alma de Tango,,Tango,Mercedes Serrano,Víctor,Tape-S,12264,3AE3755,Juan D'Arienzo,Carlos Waiss,,64-75 For Export,Con Alma de Tango,,,Juan Polito,Enrique Guerra,"Ernesto Franco, Carlos Lázzari, Celso Amato, Felipe Riccardo, Aldo Junnissi","Bernardo Weber, Blas Pensato, Mauricio Misseriski, Mauricio Svidovsky, Milo Dojman","Piano, Bass, 5 Bandoneons, 5 Violins",,,,
Juan D'Arienzo,Orquesta Típica Juan D'Arienzo,12/20/1971,Nada Más,Callejas Solo,Tango,Mercedes Serrano,Víctor,Tape-S,12263,3AE3755,"Juan D'Arienzo, Luis Rubistein","Juan D'Arienzo, Luis Rubistein",,64-75 For Export,Nada Más,,,Juan Polito,Enrique Guerra,"Ernesto Franco, Carlos Lázzari, Celso Amato, Felipe Riccardo, Aldo Junnissi","Bernardo Weber, Blas Pensato, Mauricio Misseriski, Mauricio Svidovsky, Milo Dojman","Piano, Bass, 5 Bandoneons, 5 Violins",,,,
Juan D'Arienzo,Orquesta Típica Juan D'Arienzo,12/14/1972,Adiós Coco,,Tango,Instrumental,Víctor,Tape-S,13687,3AE3763B,Carlos Lázzari,,,64-75 For Export,Adiós Coco,,,Juan Polito,Enrique Guerra,"Carlos Lázzari, Luis Maggiolo, Felipe Riccardo, Atilio Corral, Juan Carlos Niesi","Bernardo Weber, Blas Pensato, Mauricio Misseriski, Mauricio Svidovsky, Milo Dojman","Piano, Bass, 5 Bandoneons, 5 Violins",EP,Siempre D'Arienzo,B,
Juan D'Arienzo,Orquesta Típica Juan D'Arienzo,12/14/1972,El Bar de Rosendo,,Tango,Osvaldo Ramos,Víctor,Tape-S,13691,AVS-4154B,Ángel D'Agostino,Enrique Cadícamo,,64-75 For Export,El Bar de Rosendo,,,Juan Polito,Enrique Guerra,"Carlos Lázzari, Luis Maggiolo, Felipe Riccardo, Atilio Corral, Juan Carlos Niesi","Bernardo Weber, Blas Pensato, Mauricio Misseriski, Mauricio Svidovsky, Milo Dojman","Piano, Bass, 5 Bandoneons, 5 Violins",EP,Siempre D'Arienzo,A,
Juan D'Arienzo,Orquesta Típica Juan D'Arienzo,12/14/1972,Entre Sueños,,Tango,Instrumental,Víctor,Tape-S,13692,AVS-4154A,"Anselmo Aieta, Juan Polito",Francisco Jiménez,,64-75 For Export,Entre Sueños,,,Juan Polito,Enrique Guerra,"Carlos Lázzari, Luis Maggiolo, Felipe Riccardo, Atilio Corral, Juan Carlos Niesi","Bernardo Weber, Blas Pensato, Mauricio Misseriski, Mauricio Svidovsky, Milo Dojman","Piano, Bass, 5 Bandoneons, 5 Violins",LP,El Bar de Rosendo,A,El Bar de Rosendo
Juan D'Arienzo,Orquesta Típica Juan D'Arienzo,12/14/1972,Llámame Amor Mío,,Tango,Osvaldo Ramos,Víctor,Tape-S,13696,AVS-4154A,Miguel Ratto,Agustín Minotti,,64-75 For Export,Llámame Amor Mío,,,Juan Polito,Enrique Guerra,"Carlos Lázzari, Luis Maggiolo, Felipe Riccardo, Atilio Corral, Juan Carlos Niesi","Bernardo Weber, Blas Pensato, Mauricio Misseriski, Mauricio Svidovsky, Milo Dojman","Piano, Bass, 5 Bandoneons, 5 Violins",LP,El Bar de Rosendo,A,El Bar de Rosendo
Juan D'Arienzo,Orquesta Típica Juan D'Arienzo,12/14/1972,Merecés un Monumento,,Milonga,Echagüe Y Laborde,Víctor,Tape-S,13689,3AE3763,Alberto Adducci,Alberto Adducci,,64-75 For Export,Merecés un Monumento,,,Juan Polito,Enrique Guerra,"Carlos Lázzari, Luis Maggiolo, Felipe Riccardo, Atilio Corral, Juan Carlos Niesi","Bernardo Weber, Blas Pensato, Mauricio Misseriski, Mauricio Svidovsky, Milo Dojman","Piano, Bass, 5 Bandoneons, 5 Violins",EP,Siempre D'Arienzo,B,
Juan D'Arienzo,Orquesta Típica Juan D'Arienzo,12/14/1972,Mi Dolor,,Tango,Osvaldo Ramos,Víctor,Tape-S,13690,AVS-4154A,Carlos Marcucci,Manuel Meaños,,64-75 For Export,Mi Dolor,,,Juan Polito,Enrique Guerra,"Carlos Lázzari, Luis Maggiolo, Felipe Riccardo, Atilio Corral, Juan Carlos Niesi","Bernardo Weber, Blas Pensato, Mauricio Misseriski, Mauricio Svidovsky, Milo Dojman","Piano, Bass, 5 Bandoneons, 5 Violins",LP,El Bar de Rosendo,A,El Bar de Rosendo
Juan D'Arienzo,Orquesta Típica Juan D'Arienzo,12/14/1972,Mi Vida Yo la Reviento,,Tango,Osvaldo Ramos,Víctor,Tape-S,13695,AVS-4154B,Ernesto Franco,Osvaldo Santieusanio,,64-75 For Export,Mi Vida Yo la Reviento,,,Juan Polito,Enrique Guerra,"Carlos Lázzari, Luis Maggiolo, Felipe Riccardo, Atilio Corral, Juan Carlos Niesi","Bernardo Weber, Blas Pensato, Mauricio Misseriski, Mauricio Svidovsky, Milo Dojman","Piano, Bass, 5 Bandoneons, 5 Violins",LP,El Bar de Rosendo,B,El Bar de Rosendo
Juan D'Arienzo,Orquesta Típica Juan D'Arienzo,12/14/1972,Nacistes Para el Tango,,Tango,Instrumental,Víctor,Tape-S,13693,AVS-4154B,"Carlos Lázzari, Donato Racciatti",,,64-75 For Export,Nacistes Para el Tango,,,Juan Polito,Enrique Guerra,"Carlos Lázzari, Luis Maggiolo, Felipe Riccardo, Atilio Corral, Juan Carlos Niesi","Bernardo Weber, Blas Pensato, Mauricio Misseriski, Mauricio Svidovsky, Milo Dojman","Piano, Bass, 5 Bandoneons, 5 Violins",LP,El Bar de Rosendo,B,El Bar de Rosendo
Juan D'Arienzo,Orquesta Típica Juan D'Arienzo,12/14/1972,Re Fa Si,,Tango,Instrumental,Víctor,Tape-S,13686,AVS-4154A,Enrique Delfino,,,64-75 For Export,Re Fa Si,,,Juan Polito,Enrique Guerra,"Carlos Lázzari, Luis Maggiolo, Felipe Riccardo, Atilio Corral, Juan Carlos Niesi","Bernardo Weber, Blas Pensato, Mauricio Misseriski, Mauricio Svidovsky, Milo Dojman","Piano, Bass, 5 Bandoneons, 5 Violins",LP,El Bar de Rosendo,A,El Bar de Rosendo
Juan D'Arienzo,Orquesta Típica Juan D'Arienzo,12/14/1972,Selección de Tangos,,Tango,Instrumental,Víctor,Tape-S,13688,AVS-4154A,,,,64-75 For Export,Selección de Tangos,,,Juan Polito,Enrique Guerra,"Carlos Lázzari, Luis Maggiolo, Felipe Riccardo, Atilio Corral, Juan Carlos Niesi","Bernardo Weber, Blas Pensato, Mauricio Misseriski, Mauricio Svidovsky, Milo Dojman","Piano, Bass, 5 Bandoneons, 5 Violins",LP,El Bar de Rosendo,A,El Bar de Rosendo
Juan D'Arienzo,Orquesta Típica Juan D'Arienzo,12/14/1972,Señor del Compas,,Tango,Osvaldo Ramos,Víctor,Tape-S,13694,AVS-4154B,Luis Guerello,Juan Devoto,,64-75 For Export,Señor del Compas,,,Juan Polito,Enrique Guerra,"Carlos Lázzari, Luis Maggiolo, Felipe Riccardo, Atilio Corral, Juan Carlos Niesi","Bernardo Weber, Blas Pensato, Mauricio Misseriski, Mauricio Svidovsky, Milo Dojman","Piano, Bass, 5 Bandoneons, 5 Violins",LP,El Bar de Rosendo,B,El Bar de Rosendo
Juan D'Arienzo,Orquesta Típica Juan D'Arienzo,12/14/1972,Y Porque No,,Tango,Instrumental,Víctor,Tape-S,13697,AVS-4154B,Armando Pontier,,,64-75 For Export,Y Porque No,,,Juan Polito,Enrique Guerra,"Carlos Lázzari, Luis Maggiolo, Felipe Riccardo, Atilio Corral, Juan Carlos Niesi","Bernardo Weber, Blas Pensato, Mauricio Misseriski, Mauricio Svidovsky, Milo Dojman","Piano, Bass, 5 Bandoneons, 5 Violins",LP,El Bar de Rosendo,B,El Bar de Rosendo
Juan D'Arienzo,Orquesta Típica Juan D'Arienzo,12/14/1973,Ay Aurora,,Vals,Alberto Echagüe,Víctor,Tape-S,15318,3AE3808,Carlos Vázquez,Federico Bustíos,,64-75 For Export,Ay Aurora,,,Juan Polito,Enrique Guerra,"Carlos Lázzari, Luis Maggiolo, Felipe Riccardo, Atilio Corral, Juan Carlos Niesi","Bernardo Weber, Blas Pensato, Mauricio Misseriski, Mauricio Svidovsky, Milo Dojman","Piano, Bass, 5 Bandoneons, 5 Violins",LP,Bailarin Compadrito,B,Bailarin Compadrito
Juan D'Arienzo,Orquesta Típica Juan D'Arienzo,12/14/1973,Bailarín Compadrito,,Tango,Armando Laborde,Víctor,Tape-S,15316,AVS-4579,Miguel Bucino,Miguel Bucino,,64-75 For Export,Bailarín Compadrito,,,Juan Polito,Enrique Guerra,"Carlos Lázzari, Luis Maggiolo, Felipe Riccardo, Atilio Corral, Juan Carlos Niesi","Bernardo Weber, Blas Pensato, Mauricio Misseriski, Mauricio Svidovsky, Milo Dojman","Piano, Bass, 5 Bandoneons, 5 Violins",LP,Bailarin Compadrito,A,Bailarin Compadrito
Juan D'Arienzo,Orquesta Típica Juan D'Arienzo,12/14/1973,Bar Exposición,Cosa Linda Barata,Tango,Instrumental,Víctor,Tape-S,15314,AVS-4210,Luis Teisseire,,,64-75 For Export,Bar Exposición,,,Juan Polito,Enrique Guerra,"Carlos Lázzari, Luis Maggiolo, Felipe Riccardo, Atilio Corral, Juan Carlos Niesi","Bernardo Weber, Blas Pensato, Mauricio Misseriski, Mauricio Svidovsky, Milo Dojman","Piano, Bass, 5 Bandoneons, 5 Violins",LP,DArienzo for Export Vol 4,A,DArienzo for Export Vol 4
Juan D'Arienzo,Orquesta Típica Juan D'Arienzo,12/14/1973,El Pillete,,Tango,Instrumental,Víctor,Tape-S,15325,AVS-4210,Graciano De Leone,,,64-75 For Export,El Pillete,,,Juan Polito,Enrique Guerra,"Carlos Lázzari, Luis Maggiolo, Felipe Riccardo, Atilio Corral, Juan Carlos Niesi","Bernardo Weber, Blas Pensato, Mauricio Misseriski, Mauricio Svidovsky, Milo Dojman","Piano, Bass, 5 Bandoneons, 5 Violins",LP,DArienzo for Export Vol 4,B,DArienzo for Export Vol 4
Juan D'Arienzo,Orquesta Típica Juan D'Arienzo,12/14/1973,La Guiñada,,Tango,Instrumental,Víctor,Tape-S,15321,AVS-4210,Agustín Bardi,,,64-75 For Export,La Guiñada,,,Juan Polito,Enrique Guerra,"Carlos Lázzari, Luis Maggiolo, Felipe Riccardo, Atilio Corral, Juan Carlos Niesi","Bernardo Weber, Blas Pensato, Mauricio Misseriski, Mauricio Svidovsky, Milo Dojman","Piano, Bass, 5 Bandoneons, 5 Violins",LP,DArienzo for Export Vol 4,A,DArienzo for Export Vol 4
Juan D'Arienzo,Orquesta Típica Juan D'Arienzo,12/14/1973,Mimí Pinsón,,Tango,Osvaldo Ramos,Víctor,Tape-S,15319,3AE3808,Aquiles Roggero,José Rótulo,,64-75 For Export,Mimí Pinsón,,,Juan Polito,Enrique Guerra,"Carlos Lázzari, Luis Maggiolo, Felipe Riccardo, Atilio Corral, Juan Carlos Niesi","Bernardo Weber, Blas Pensato, Mauricio Misseriski, Mauricio Svidovsky, Milo Dojman","Piano, Bass, 5 Bandoneons, 5 Violins",EP,Primerisimo,A,
Juan D'Arienzo,Orquesta Típica Juan D'Arienzo,12/14/1973,Primerísimo,,Tango,Instrumental,Víctor,Tape-S,15315,AVS-4210,Juan Polito,,,64-75 For Export,Primerísimo,,,Juan Polito,Enrique Guerra,"Carlos Lázzari, Luis Maggiolo, Felipe Riccardo, Atilio Corral, Juan Carlos Niesi","Bernardo Weber, Blas Pensato, Mauricio Misseriski, Mauricio Svidovsky, Milo Dojman","Piano, Bass, 5 Bandoneons, 5 Violins",LP,DArienzo for Export Vol 4,A,DArienzo for Export Vol 4
Juan D'Arienzo,Orquesta Típica Juan D'Arienzo,12/14/1973,Viernes Trece,Viernes 13,Tango,Instrumental,Víctor,Tape-S,15324,AVS-4210,Rafael Rossi,,,64-75 For Export,Viernes Trece,,,Juan Polito,Enrique Guerra,"Carlos Lázzari, Luis Maggiolo, Felipe Riccardo, Atilio Corral, Juan Carlos Niesi","Bernardo Weber, Blas Pensato, Mauricio Misseriski, Mauricio Svidovsky, Milo Dojman","Piano, Bass, 5 Bandoneons, 5 Violins",LP,DArienzo for Export Vol 4,B,DArienzo for Export Vol 4
Juan D'Arienzo,Orquesta Típica Juan D'Arienzo,12/14/1973,Zorro Gris,,Tango,Instrumental,Víctor,Tape-S,15323,AVS-4210,Rafael Tuegols,Francisco Jiménez,,64-75 For Export,Zorro Gris,,,Juan Polito,Enrique Guerra,"Carlos Lázzari, Luis Maggiolo, Felipe Riccardo, Atilio Corral, Juan Carlos Niesi","Bernardo Weber, Blas Pensato, Mauricio Misseriski, Mauricio Svidovsky, Milo Dojman","Piano, Bass, 5 Bandoneons, 5 Violins",LP,DArienzo for Export Vol 4,A,DArienzo for Export Vol 4
Juan D'Arienzo,Orquesta Típica Juan D'Arienzo,12/11/1974,Cachadora,,Tango,Alberto Echagüe,Víctor,Tape-S,16794,AVS-4308B,Francisco Lomuto,Pancho Lomuto,,64-75 For Export,Cachadora,,,Juan Polito,Enrique Guerra,"Ernesto Franco, Carlos Lázzari, Luis Maggiolo, Felipe Riccardo, Juan Carlos Niesi","Bernardo Weber, Blas Pensato, Mauricio Misseriski, Mauricio Svidovsky, Milo Dojman","Piano, Bass, 5 Bandoneons, 5 Violins",LP,DArienzo Interpreta a Lomuto,B,D'Arienzo Interpreta a Francisco Lomuto
Juan D'Arienzo,Orquesta Típica Juan D'Arienzo,12/11/1974,Churrasca,,Tango,Armando Laborde,Víctor,Tape-S,16792,AVS-4308A,Francisco Lomuto,Pancho Lomuto,,64-75 For Export,Churrasca,,,Juan Polito,Enrique Guerra,"Ernesto Franco, Carlos Lázzari, Luis Maggiolo, Felipe Riccardo, Juan Carlos Niesi","Bernardo Weber, Blas Pensato, Mauricio Misseriski, Mauricio Svidovsky, Milo Dojman","Piano, Bass, 5 Bandoneons, 5 Violins",LP,DArienzo Interpreta a Lomuto,A,D'Arienzo Interpreta a Francisco Lomuto
Juan D'Arienzo,Orquesta Típica Juan D'Arienzo,12/11/1974,Dímelo Al Oído,,Tango,Osvaldo Ramos,Víctor,Tape-S,16795,AVS-4305B,Francisco Lomuto,Pancho Lomuto,,64-75 For Export,Dímelo Al Oído,,,Juan Polito,Enrique Guerra,"Ernesto Franco, Carlos Lázzari, Luis Maggiolo, Felipe Riccardo, Juan Carlos Niesi","Bernardo Weber, Blas Pensato, Mauricio Misseriski, Mauricio Svidovsky, Milo Dojman","Piano, Bass, 5 Bandoneons, 5 Violins",LP,DArienzo Interpreta a Lomuto,B,D'Arienzo Interpreta a Francisco Lomuto
Juan D'Arienzo,Orquesta Típica Juan D'Arienzo,12/11/1974,La Rezongona,,Tango,Instrumental,Víctor,Tape-S,16789,AVS-4308B,Francisco Lomuto,,,64-75 For Export,La Rezongona,,,Juan Polito,Enrique Guerra,"Ernesto Franco, Carlos Lázzari, Luis Maggiolo, Felipe Riccardo, Juan Carlos Niesi","Bernardo Weber, Blas Pensato, Mauricio Misseriski, Mauricio Svidovsky, Milo Dojman","Piano, Bass, 5 Bandoneons, 5 Violins",LP,DArienzo Interpreta a Lomuto,B,D'Arienzo Interpreta a Francisco Lomuto
Juan D'Arienzo,Orquesta Típica Juan D'Arienzo,12/11/1974,Mala Suerte,,Tango,Alberto Echagüe,Víctor,Tape-S,16791,AVS-4308A,Francisco Lomuto,Francisco Gorrindo,,64-75 For Export,Mala Suerte,,,Juan Polito,Enrique Guerra,"Ernesto Franco, Carlos Lázzari, Luis Maggiolo, Felipe Riccardo, Juan Carlos Niesi","Bernardo Weber, Blas Pensato, Mauricio Misseriski, Mauricio Svidovsky, Milo Dojman","Piano, Bass, 5 Bandoneons, 5 Violins",LP,DArienzo Interpreta a Lomuto,A,D'Arienzo Interpreta a Francisco Lomuto
Juan D'Arienzo,Orquesta Típica Juan D'Arienzo,12/11/1974,Mis Amigos de Ayer,,Tango,Armando Laborde,Víctor,Tape-S,16799,AVS-4308A,Francisco Lomuto,José Contursi,,64-75 For Export,Mis Amigos de Ayer,,,Juan Polito,Enrique Guerra,"Ernesto Franco, Carlos Lázzari, Luis Maggiolo, Felipe Riccardo, Juan Carlos Niesi","Bernardo Weber, Blas Pensato, Mauricio Misseriski, Mauricio Svidovsky, Milo Dojman","Piano, Bass, 5 Bandoneons, 5 Violins",LP,DArienzo Interpreta a Lomuto,A,D'Arienzo Interpreta a Francisco Lomuto
Juan D'Arienzo,Orquesta Típica Juan D'Arienzo,12/11/1974,Muchachita del Campo,,Tango,Osvaldo Ramos,Víctor,Tape-S,16798,AVS-4308A,Francisco Lomuto,Manuel Romero,,64-75 For Export,Muchachita del Campo,,,Juan Polito,Enrique Guerra,"Ernesto Franco, Carlos Lázzari, Luis Maggiolo, Felipe Riccardo, Juan Carlos Niesi","Bernardo Weber, Blas Pensato, Mauricio Misseriski, Mauricio Svidovsky, Milo Dojman","Piano, Bass, 5 Bandoneons, 5 Violins",LP,DArienzo Interpreta a Lomuto,A,D'Arienzo Interpreta a Francisco Lomuto
Juan D'Arienzo,Orquesta Típica Juan D'Arienzo,12/11/1974,Muñequita,,Tango,Instrumental,Víctor,Tape-S,16788,AVS-4308A,Francisco Lomuto,Adolfo Herschel,,64-75 For Export,Muñequita,,,Juan Polito,Enrique Guerra,"Ernesto Franco, Carlos Lázzari, Luis Maggiolo, Felipe Riccardo, Juan Carlos Niesi","Bernardo Weber, Blas Pensato, Mauricio Misseriski, Mauricio Svidovsky, Milo Dojman","Piano, Bass, 5 Bandoneons, 5 Violins",LP,DArienzo Interpreta a Lomuto,A,D'Arienzo Interpreta a Francisco Lomuto
Juan D'Arienzo,Orquesta Típica Juan D'Arienzo,12/11/1974,Nunca Más,,Tango,Alberto Echagüe,Víctor,Tape-S,16796,AVS-4308B,Francisco Lomuto,Oscar Lomuto,,64-75 For Export,Nunca Más,,,Juan Polito,Enrique Guerra,"Ernesto Franco, Carlos Lázzari, Luis Maggiolo, Felipe Riccardo, Juan Carlos Niesi","Bernardo Weber, Blas Pensato, Mauricio Misseriski, Mauricio Svidovsky, Milo Dojman","Piano, Bass, 5 Bandoneons, 5 Violins",LP,DArienzo Interpreta a Lomuto,B,D'Arienzo Interpreta a Francisco Lomuto
Juan D'Arienzo,Orquesta Típica Juan D'Arienzo,12/11/1974,Si Dejaras de Quererme,,Tango,Ramos Y Laborde,Víctor,Tape-S,16793,AVS-4308B,Francisco Lomuto,Pancho Lomuto,,64-75 For Export,Si Dejaras de Quererme,,,Juan Polito,Enrique Guerra,"Ernesto Franco, Carlos Lázzari, Luis Maggiolo, Felipe Riccardo, Juan Carlos Niesi","Bernardo Weber, Blas Pensato, Mauricio Misseriski, Mauricio Svidovsky, Milo Dojman","Piano, Bass, 5 Bandoneons, 5 Violins",LP,DArienzo Interpreta a Lomuto,B,D'Arienzo Interpreta a Francisco Lomuto
Juan D'Arienzo,Orquesta Típica Juan D'Arienzo,12/11/1974,Sombras Nada Más,,Tango,Osvaldo Ramos,Víctor,Tape-S,16790,AVS-4308A,Francisco Lomuto,José Contursi,,64-75 For Export,Sombras Nada Más,,,Juan Polito,Enrique Guerra,"Ernesto Franco, Carlos Lázzari, Luis Maggiolo, Felipe Riccardo, Juan Carlos Niesi","Bernardo Weber, Blas Pensato, Mauricio Misseriski, Mauricio Svidovsky, Milo Dojman","Piano, Bass, 5 Bandoneons, 5 Violins",LP,DArienzo Interpreta a Lomuto,A,D'Arienzo Interpreta a Francisco Lomuto
Juan D'Arienzo,Orquesta Típica Juan D'Arienzo,12/11/1974,Tango Amigo,,Tango,Armando Laborde,Víctor,Tape-S,16797,AVS-4308B,Francisco Lomuto,Manuel Romero,,64-75 For Export,Tango Amigo,,,Juan Polito,Enrique Guerra,"Ernesto Franco, Carlos Lázzari, Luis Maggiolo, Felipe Riccardo, Juan Carlos Niesi","Bernardo Weber, Blas Pensato, Mauricio Misseriski, Mauricio Svidovsky, Milo Dojman","Piano, Bass, 5 Bandoneons, 5 Violins",LP,DArienzo Interpreta a Lomuto,B,D'Arienzo Interpreta a Francisco Lomuto
Juan D'Arienzo,Orquesta Típica Juan D'Arienzo,1/30/1975,Chavero Soy,,Tango,Osvaldo Ramos,Víctor,Tape-S,16809,3AE3827,Armando Salgueiro,Armando Salgueiro,,64-75 For Export,Chavero Soy,,,Juan Polito,Enrique Guerra,"Ernesto Franco, Carlos Lázzari, Luis Maggiolo, Felipe Riccardo, Juan Carlos Niesi","Bernardo Weber, Blas Pensato, Mauricio Misseriski, Mauricio Svidovsky, Milo Dojman","Piano, Bass, 5 Bandoneons, 5 Violins",LP,Ultima Grabacion,A,Ultima Grabacion
Juan D'Arienzo,Orquesta Típica Juan D'Arienzo,1/30/1975,Dialogando con el Río,,Tango,Osvaldo Ramos,Víctor,Tape-S,16810,3AE3827,Juan Polito,Abel Orlando,,64-75 For Export,Dialogando con el Río,,,Juan Polito,Enrique Guerra,"Ernesto Franco, Carlos Lázzari, Luis Maggiolo, Felipe Riccardo, Juan Carlos Niesi","Bernardo Weber, Blas Pensato, Mauricio Misseriski, Mauricio Svidovsky, Milo Dojman","Piano, Bass, 5 Bandoneons, 5 Violins",LP,Ultima Grabacion,A,Ultima Grabacion
Juan D'Arienzo,Orquesta Típica Juan D'Arienzo,1/30/1975,Otra Noche Porteña,,Tango,Armando Laborde,Víctor,Tape-S,,,,,,64-75 For Export,Otra Noche Porteña,,,Juan Polito,Enrique Guerra,"Ernesto Franco, Carlos Lázzari, Luis Maggiolo, Felipe Riccardo, Juan Carlos Niesi","Bernardo Weber, Blas Pensato, Mauricio Misseriski, Mauricio Svidovsky, Milo Dojman","Piano, Bass, 5 Bandoneons, 5 Violins",LP,Ultima Grabacion,A,Ultima Grabacion
Juan D'Arienzo,Orquesta Típica Juan D'Arienzo,1/30/1975,Para Vos Mi Querida Pebeta,,Tango,Osvaldo Ramos,Víctor,Tape-S,16808,AVS-4579,"Edgardo Truffa, Carlos Lázzari, Ernesto Franco","Edgardo Truffa, Carlos Lázzari, Ernesto Franco",,64-75 For Export,Para Vos Mi Querida Pebeta,,,Juan Polito,Enrique Guerra,"Ernesto Franco, Carlos Lázzari, Luis Maggiolo, Felipe Riccardo, Juan Carlos Niesi","Bernardo Weber, Blas Pensato, Mauricio Misseriski, Mauricio Svidovsky, Milo Dojman","Piano, Bass, 5 Bandoneons, 5 Violins",LP,Ultima Grabacion,A,Ultima Grabacion
Juan D'Arienzo,Orquesta Típica Juan D'Arienzo,1/30/1975,Rio Bamba,,Tango,Instrumental,Víctor,Tape-S,16815,AVS-4579,Francisco Lomuto,,,64-75 For Export,Rio Bamba,,,Juan Polito,Enrique Guerra,"Ernesto Franco, Carlos Lázzari, Luis Maggiolo, Felipe Riccardo, Juan Carlos Niesi","Bernardo Weber, Blas Pensato, Mauricio Misseriski, Mauricio Svidovsky, Milo Dojman","Piano, Bass, 5 Bandoneons, 5 Violins",LP,Ultima Grabacion,A,Ultima Grabacion
Juan D'Arienzo,Orquesta Típica Juan D'Arienzo,1/30/1975,Romance de Otoño,,Tango,Osvaldo Ramos,Víctor,Tape-S,,,Luis Stazo,Federico Silva,,64-75 For Export,Romance de Otoño,,,Juan Polito,Enrique Guerra,"Ernesto Franco, Carlos Lázzari, Luis Maggiolo, Felipe Riccardo, Juan Carlos Niesi","Bernardo Weber, Blas Pensato, Mauricio Misseriski, Mauricio Svidovsky, Milo Dojman","Piano, Bass, 5 Bandoneons, 5 Violins",LP,Ultima Grabacion,B,Ultima Grabacion
Juan D'Arienzo,Orquesta Típica Juan D'Arienzo,1/30/1975,Soy un Gorrion Esquinero,,Tango,Osvaldo Ramos,Víctor,Tape-S,,,Ángel Guevara,Ángel Guevara,,64-75 For Export,Soy un Gorrion Esquinero,,,Juan Polito,Enrique Guerra,"Ernesto Franco, Carlos Lázzari, Luis Maggiolo, Felipe Riccardo, Juan Carlos Niesi","Bernardo Weber, Blas Pensato, Mauricio Misseriski, Mauricio Svidovsky, Milo Dojman","Piano, Bass, 5 Bandoneons, 5 Violins",LP,Ultima Grabacion,A,Ultima Grabacion
Juan D'Arienzo,Orquesta Típica Juan D'Arienzo,1/30/1975,Su Pena,,Tango,Osvaldo Ramos,Víctor,Tape-S,,,Carmelo D'Amico,,,64-75 For Export,Su Pena,,,Juan Polito,Enrique Guerra,"Ernesto Franco, Carlos Lázzari, Luis Maggiolo, Felipe Riccardo, Juan Carlos Niesi","Bernardo Weber, Blas Pensato, Mauricio Misseriski, Mauricio Svidovsky, Milo Dojman","Piano, Bass, 5 Bandoneons, 5 Violins",LP,Ultima Grabacion,B,Ultima Grabacion
Juan D'Arienzo,Orquesta Típica Juan D'Arienzo,1/30/1975,Vamos Topo Todavia,,Tango,Alberto Echagüe,Víctor,Tape-S,16811,3AE3835,Vicente Demarco,Vicente Demarco,,64-75 For Export,Vamos Topo Todavia,,,Juan Polito,Enrique Guerra,"Ernesto Franco, Carlos Lázzari, Luis Maggiolo, Felipe Riccardo, Juan Carlos Niesi","Bernardo Weber, Blas Pensato, Mauricio Misseriski, Mauricio Svidovsky, Milo Dojman","Piano, Bass, 5 Bandoneons, 5 Violins",LP,Ultima Grabacion,B,Ultima Grabacion
Juan D'Arienzo,Orquesta Típica Juan D'Arienzo,1/30/1975,Viejo Malevo,,Tango,Armando Laborde,Víctor,Tape-S,,RVP-6105,Germán Teisseire,Yaguarón,,64-75 For Export,Viejo Malevo,,,Juan Polito,Enrique Guerra,"Ernesto Franco, Carlos Lázzari, Luis Maggiolo, Felipe Riccardo, Juan Carlos Niesi","Bernardo Weber, Blas Pensato, Mauricio Misseriski, Mauricio Svidovsky, Milo Dojman","Piano, Bass, 5 Bandoneons, 5 Violins",LP,Ultima Grabacion,A,Ultima Grabacion
