Bandleader,Orchestra,Date,Title,AltTitle,Genre,Singer,Label,Master,Composer,Author,Arranger,Grouping,Pianist,Bassist,Bandoneons,Strings,Lineup,Matrix,Disk
Juan Maglio,Cuarteto Juan Maglio,1912,Adelita,,Tango,Instrumental,Columbia,,Juan Maglio,,,12-17 Acoustic,,,"Juan Maglio, Carlos Hernani Macchi (Flute)","José Bonano, Luciano Ríos (Guitar)","Bandoneon, Violin, Flute, Guitar",57205,Columbia TX767
Juan Maglio,Cuarteto Juan Maglio,1912,American Cirque Exelsior,,Tango,Instrumental,Columbia,,Juan Maglio,,,12-17 Acoustic,,,"Juan Maglio, Carlos Hernani Macchi (Flute)","José Bonano, Luciano Ríos (Guitar)","Bandoneon, Violin, Flute, Guitar",57206,Columbia TX760
Juan Maglio,Cuarteto Juan Maglio,1912,Armenonville,,Tango,Instrumental,Columbia,,Juan Maglio,José Fernández,,12-17 Acoustic,,,"Juan Maglio, Carlos Hernani Macchi (Flute)","José Bonano, Luciano Ríos (Guitar)","Bandoneon, Violin, Flute, Guitar",56606,Columbia T520
Juan Maglio,Cuarteto Juan Maglio,1912,El Alero,,Tango,Instrumental,Columbia,,Juan Maglio,,,12-17 Acoustic,,,"Juan Maglio, Carlos Hernani Macchi (Flute)","José Bonano, Luciano Ríos (Guitar)","Bandoneon, Violin, Flute, Guitar",57208,Columbia TX764
Juan Maglio,Cuarteto Juan Maglio,1912,El Caburé,,Tango,Instrumental,Columbia,,Arturo De Bassi,Roberto Lino Cayol,,12-17 Acoustic,,,"Juan Maglio, Carlos Hernani Macchi (Flute)","José Bonano, Luciano Ríos (Guitar)","Bandoneon, Violin, Flute, Guitar",56604,Columbia S2000
Juan Maglio,Cuarteto Juan Maglio,1912,El Cachafaz,,Tango,Instrumental,Columbia,,Manuel Aróstegui,Ángel Villoldo,,12-17 Acoustic,,,"Juan Maglio, Carlos Hernani Macchi (Flute)","José Bonano, Luciano Ríos (Guitar)","Bandoneon, Violin, Flute, Guitar",57195,Columbia TX760
Juan Maglio,Cuarteto Juan Maglio,1912,El Trece,El 13,Tango,Instrumental,Columbia,,Alberico Spátola,Ángel Villoldo,,12-17 Acoustic,,,"Juan Maglio, Carlos Hernani Macchi (Flute)","José Bonano, Luciano Ríos (Guitar)","Bandoneon, Violin, Flute, Guitar",,
Juan Maglio,Cuarteto Juan Maglio,1912,El Zurdo,,Tango,Instrumental,Columbia,,Juan Maglio,José Perrusine Fernández,,12-17 Acoustic,,,"Juan Maglio, Carlos Hernani Macchi (Flute)","José Bonano, Luciano Ríos (Guitar)","Bandoneon, Violin, Flute, Guitar",56616,Columbia T539
Juan Maglio,Cuarteto Juan Maglio,1912,Emancipación,Emancipacion,Tango,Instrumental,Columbia,,Alfredo A. Bevilacqua,Antonio Polito,,12-17 Acoustic,,,"Juan Maglio, Carlos Hernani Macchi (Flute)","José Bonano, Luciano Ríos (Guitar)","Bandoneon, Violin, Flute, Guitar",56608,Columbia T522
Juan Maglio,Cuarteto Juan Maglio,1912,Independencia,,Tango,Instrumental,Columbia,,Alfredo A. Bevilacqua,Antonio Polito,,12-17 Acoustic,,,"Juan Maglio, Carlos Hernani Macchi (Flute)","José Bonano, Luciano Ríos (Guitar)","Bandoneon, Violin, Flute, Guitar",56607,Columbia T521
Juan Maglio,Cuarteto Juan Maglio,1912,La Catrera,,Tango,Instrumental,Columbia,,Arturo De Bassi,,,12-17 Acoustic,,,"Juan Maglio, Carlos Hernani Macchi (Flute)","José Bonano, Luciano Ríos (Guitar)","Bandoneon, Violin, Flute, Guitar",56605,Columbia T521
Juan Maglio,Juan Maglio Solo,1912,La Sonámbula,,Tango,Instrumental,Columbia,,Pascual Cardarópoli,,,12-17 Acoustic,,,Juan Maglio,,Bandoneon,,
Juan Maglio,Cuarteto Juan Maglio,1912,Paraná,,Tango,Instrumental,Columbia,,Manuel Arostegui,,,12-17 Acoustic,,,"Juan Maglio, Carlos Hernani Macchi (Flute)","José Bonano, Luciano Ríos (Guitar)","Bandoneon, Violin, Flute, Guitar",59037,Columbia TX788
Juan Maglio,Cuarteto Juan Maglio,1912,Quasi Nada,El Combate / Cuasi Nada,Tango,Instrumental,Columbia,,Juan Maglio,Francisco Brancatti,,12-17 Acoustic,,,"Juan Maglio, Carlos Hernani Macchi (Flute)","José Bonano, Luciano Ríos (Guitar)","Bandoneon, Violin, Flute, Guitar",,
Juan Maglio,Cuarteto Juan Maglio,1912,Tacuari,,Tango,Instrumental,Columbia,,Juan Maglio,,,12-17 Acoustic,,,"Juan Maglio, Carlos Hernani Macchi (Flute)","José Bonano, Luciano Ríos (Guitar)","Bandoneon, Violin, Flute, Guitar",57210,Columbia TX764
Juan Maglio,Cuarteto Juan Maglio,1912,Un Copetín,,Tango,Instrumental,Columbia,,Juan Maglio,José Fernández,,12-17 Acoustic,,,"Juan Maglio, Carlos Hernani Macchi (Flute)","José Bonano, Luciano Ríos (Guitar)","Bandoneon, Violin, Flute, Guitar",56609,Columbia T522
Juan Maglio,Cuarteto Juan Maglio,1912,Viento en Popa,,Tango,Instrumental,Columbia,,Rosendo Mendizábal,"Ernesto Temes, Carlos Waiss",,12-17 Acoustic,,,"Juan Maglio, Carlos Hernani Macchi (Flute)","José Bonano, Luciano Ríos (Guitar)","Bandoneon, Violin, Flute, Guitar",56611,Columbia T538
Juan Maglio,Cuarteto Juan Maglio,1913,Adelante los que Quedán,,Tango,Instrumental,Columbia,,L. Rios,,,12-17 Acoustic,,,"Juan Maglio, Carlos Hernani Macchi (Flute)","José Bonano, Luciano Ríos (Guitar)","Bandoneon, Violin, Flute, Guitar",56807,Columbia T600
Juan Maglio,Cuarteto Juan Maglio,1913,De Vuelta al Pago,,Tango,Instrumental,Columbia,,A. Chimenti,Armando Chimenti,,12-17 Acoustic,,,"Juan Maglio, Carlos Hernani Macchi (Flute)","José Bonano, Luciano Ríos (Guitar)","Bandoneon, Violin, Flute, Guitar",56628,Columbia S2001
Juan Maglio,Cuarteto Juan Maglio,1913,El Apache Argentino,,Tango,Instrumental,Columbia,,Manuel Arostegui,Carlos Waiss,,12-17 Acoustic,,,"Juan Maglio, Carlos Hernani Macchi (Flute)","José Bonano, Luciano Ríos (Guitar)","Bandoneon, Violin, Flute, Guitar",57196,Columbia TX759
Juan Maglio,Cuarteto Juan Maglio,1913,El Conquistador,,Tango,Instrumental,Columbia,,Arturo De Bassi,,,12-17 Acoustic,,,"Juan Maglio, Carlos Hernani Macchi (Flute)","José Bonano, Leopoldo Thompson (Guitar)","Bandoneon, Violin, Flute, Guitar",56791,Columbia T655
Juan Maglio,Cuarteto Juan Maglio,1913,El Orillero,,Tango,Instrumental,Columbia,,Carlos Minotti; Alfredo A. Bevilacqua,Antonio Polito,,12-17 Acoustic,,,"Juan Maglio, Carlos Hernani Macchi (Flute)","José Bonano, Leopoldo Thompson (Guitar)","Bandoneon, Violin, Flute, Guitar",56793,Columbia T651
Juan Maglio,Cuarteto Juan Maglio,1913,El Perverso,,Tango,Instrumental,Columbia,,Vicente Greco,,,12-17 Acoustic,,,"Juan Maglio, Carlos Hernani Macchi (Flute)","José Bonano, Leopoldo Thompson (Guitar)","Bandoneon, Violin, Flute, Guitar",56782,Columbia S2007
Juan Maglio,Cuarteto Juan Maglio,1913,El Toto,,Tango,Instrumental,Columbia,,Carlos Posadas,,,12-17 Acoustic,,,"Juan Maglio, Carlos Hernani Macchi (Flute)","José Bonano, Leopoldo Thompson (Guitar)","Bandoneon, Violin, Flute, Guitar",56731,Columbia T588
Juan Maglio,Cuarteto Juan Maglio,1913,El Trasnochador,,Tango,Instrumental,Columbia,,Cipriano Nava,,,12-17 Acoustic,,,"Juan Maglio, Carlos Hernani Macchi (Flute)","José Bonano, Leopoldo Thompson (Guitar)","Bandoneon, Violin, Flute, Guitar",56786,Columbia T586
Juan Maglio,Cuarteto Juan Maglio,1913,Jeanne,,Tango,Instrumental,Columbia,,Juan Maglio,,,12-17 Acoustic,,,"Juan Maglio, Carlos Hernani Macchi (Flute)","José Bonano, Leopoldo Thompson (Guitar)","Bandoneon, Violin, Flute, Guitar",57198,Columbia TX759
Juan Maglio,Cuarteto Juan Maglio,1913,La Casita,,Tango,Instrumental,Columbia,,Luis Argerich,,,12-17 Acoustic,,,"Juan Maglio, Carlos Hernani Macchi (Flute)","José Bonano, Leopoldo Thompson (Guitar)","Bandoneon, Violin, Flute, Guitar",56610,Columbia T590
Juan Maglio,Cuarteto Juan Maglio,1913,La Chola,,Tango,Instrumental,Columbia,,Roberto Firpo,,,12-17 Acoustic,,,"Juan Maglio, Carlos Hernani Macchi (Flute)","José Bonano, Leopoldo Thompson (Guitar)","Bandoneon, Violin, Flute, Guitar",56796,Columbia T651
Juan Maglio,Cuarteto Juan Maglio,1913,La Gaucha Manuela,,Tango,Instrumental,Columbia,,Roberto Firpo,,,12-17 Acoustic,,,"Juan Maglio, Carlos Hernani Macchi (Flute)","José Bonano, Leopoldo Thompson (Guitar)","Bandoneon, Violin, Flute, Guitar",56810,Columbia S2009
Juan Maglio,Cuarteto Juan Maglio,1913,La Patota,,Tango,Instrumental,Columbia,,Carlos Minotti,Acho Estol,,12-17 Acoustic,,,"Juan Maglio, Carlos Hernani Macchi (Flute)","José Bonano, Leopoldo Thompson (Guitar)","Bandoneon, Violin, Flute, Guitar",56792,Columbia T655
Juan Maglio,Cuarteto Juan Maglio,1913,La Viruta,,Tango,Instrumental,Columbia,,Vicente Greco,Ernesto Temes,,12-17 Acoustic,,,"Juan Maglio, Carlos Hernani Macchi (Flute)","José Bonano, Leopoldo Thompson (Guitar)","Bandoneon, Violin, Flute, Guitar",56788,Columbia T598
Juan Maglio,Cuarteto Juan Maglio,1913,Mi Ñatita,,Tango,Instrumental,Columbia,,Angel Gregorio Villoldo,,,12-17 Acoustic,,,"Juan Maglio, Carlos Hernani Macchi (Flute)","José Bonano, Leopoldo Thompson (Guitar)","Bandoneon, Violin, Flute, Guitar",56797,Columbia T652
Juan Maglio,Cuarteto Juan Maglio,1913,Ofelia,,Tango,Instrumental,Columbia,,M. A. Torres,,,12-17 Acoustic,,,"Juan Maglio, Carlos Hernani Macchi (Flute)","José Bonano, Leopoldo Thompson (Guitar)","Bandoneon, Violin, Flute, Guitar",56736,Columbia T591
Juan Maglio,Cuarteto Juan Maglio,1913,Qué Nene,,Tango,Instrumental,Columbia,,Vicente Greco,Ernesto Temes,,12-17 Acoustic,,,"Juan Maglio, Carlos Hernani Macchi (Flute)","José Bonano, Leopoldo Thompson (Guitar)","Bandoneon, Violin, Flute, Guitar",56787,Columbia T653
Juan Maglio,Cuarteto Juan Maglio,1913,Recuerdos De La Pampa,,Tango,Instrumental,Columbia,,Alfredo A. Bevilacqua,Antonio Polito,,12-17 Acoustic,,,"Juan Maglio, Carlos Hernani Macchi (Flute)","José Bonano, Leopoldo Thompson (Guitar)","Bandoneon, Violin, Flute, Guitar",56738,Columbia T588
Juan Maglio,Cuarteto Juan Maglio,1913,Rodríguez Peña,Rodríguez Peña,Tango,Instrumental,Columbia,,Vicente Greco,"Ernesto Temes, Juan Velich, Rafael Velich",,12-17 Acoustic,,,"Juan Maglio, Carlos Hernani Macchi (Flute)","José Bonano, Leopoldo Thompson (Guitar)","Bandoneon, Violin, Flute, Guitar",,
Juan Maglio,Cuarteto Juan Maglio,1913,Una Fija,Glorias de Ayer,Tango,Instrumental,Columbia,,Angel Gregorio Villoldo,"Antonio Polito, Carlos Pesce",,12-17 Acoustic,,,"Juan Maglio, Carlos Hernani Macchi (Flute)","José Bonano, Leopoldo Thompson (Guitar)","Bandoneon, Violin, Flute, Guitar",56728,Columbia T586
Juan Maglio,Cuarteto Juan Maglio,1913,Venus,,Tango,Instrumental,Columbia,,Alfredo A. Bevilacqua,Antonio Polito,,12-17 Acoustic,,,"Juan Maglio, Carlos Hernani Macchi (Flute)","José Bonano, Leopoldo Thompson (Guitar)","Bandoneon, Violin, Flute, Guitar",56790,Columbia T650
Juan Maglio,Orquesta Juan Maglio,1917,La Guardia Vieja,,Tango,Instrumental,,,Juan Maglio,Carlos Pesce,,12-17 Acoustic,,,,,,G-1886,Victor 69713
Juan Maglio,Orquesta Juan Maglio,4/24/1917,El Tío Soltero,,Tango,Instrumental,,,Juan Maglio,José Fernández,,12-17 Acoustic,,,,,,G-1850,Victor 69588
Juan Maglio,Orquesta Juan Maglio,4/25/1917,Siempre Tuyo,,Vals,Instrumental,,,M. Hernani,,,12-17 Acoustic,,,,,,G-1868,Victor 72610
Juan Maglio,Orquesta Juan Maglio,4/27/1917,La Paisana,,Tango,Instrumental,,,Carlos H. Macchi,,,12-17 Acoustic,,,,,,G-1882,Victor 72610
Juan Maglio,Orquesta Juan Maglio,4/27/1917,Risas Amargas,,Vals,Instrumental,,,José Bonanno,,,12-17 Acoustic,,,,,,G-1889,Victor 72609
Juan Maglio,Orquesta Juan Maglio,1926,Alma,,Tango,Instrumental,Odeón,,Domingo Vivas,Gerónimo Gradito,,26-28 Pre Viván,José Tinelli,Alfredo Corletto,"Juan Maglio, Federico Scorticati, Gabriel Clausi, Ernesto Di Cicco","Benjamin Holgado Barrios, Marcos Larrosa, Mario Brugni","Piano, Bass, 4 Bandoneons, 3 Violins",,
Juan Maglio,Orquesta Juan Maglio,11/12/1926,Redención,,Tango,Instrumental,Odeón,,Juan Rodríguez,,,26-28 Pre Viván,José Tinelli,Alfredo Corletto,"Juan Maglio, Federico Scorticati, Gabriel Clausi, Ernesto Di Cicco","Benjamin Holgado Barrios, Marcos Larrosa, Mario Brugni","Piano, Bass, 4 Bandoneons, 3 Violins",,
Juan Maglio,Orquesta Juan Maglio,11/21/1926,Del Barrio De Las Latas,,Tango,Instrumental,Odeón,,Raúl Hoyos,Emilio Fresedo,,26-28 Pre Viván,José Tinelli,Alfredo Corletto,"Juan Maglio, Federico Scorticati, Gabriel Clausi, Ernesto Di Cicco","Benjamin Holgado Barrios, Marcos Larrosa, Mario Brugni","Piano, Bass, 4 Bandoneons, 3 Violins",,
Juan Maglio,Orquesta Juan Maglio,11/21/1926,Gurrumina,,Tango,Instrumental,Odeón,,Juan Polito,Enrique Dizeo,,26-28 Pre Viván,José Tinelli,Alfredo Corletto,"Juan Maglio, Federico Scorticati, Gabriel Clausi, Ernesto Di Cicco","Benjamin Holgado Barrios, Marcos Larrosa, Mario Brugni","Piano, Bass, 4 Bandoneons, 3 Violins",,
Juan Maglio,Orquesta Juan Maglio,12/20/1926,Nunca Volverá,,Tango,Instrumental,Odeón,,Atilio Scrocchi,José De Grandis,,26-28 Pre Viván,José Tinelli,Alfredo Corletto,"Juan Maglio, Federico Scorticati, Gabriel Clausi, Ernesto Di Cicco","Benjamin Holgado Barrios, Marcos Larrosa, Mario Brugni","Piano, Bass, 4 Bandoneons, 3 Violins",,
Juan Maglio,Orquesta Juan Maglio,12/20/1926,Viejo Ciego,,Tango,Instrumental,Odeón,,"Cátulo Castillo, Sebastián Piana",Homero Manzi,,26-28 Pre Viván,José Tinelli,Alfredo Corletto,"Juan Maglio, Federico Scorticati, Gabriel Clausi, Ernesto Di Cicco","Benjamin Holgado Barrios, Marcos Larrosa, Mario Brugni","Piano, Bass, 4 Bandoneons, 3 Violins",,
Juan Maglio,Orquesta Juan Maglio,12/21/1926,Golosa,,Tango,Instrumental,Odeón,,F. Rio,,,26-28 Pre Viván,José Tinelli,Alfredo Corletto,"Juan Maglio, Federico Scorticati, Gabriel Clausi, Ernesto Di Cicco","Benjamin Holgado Barrios, Marcos Larrosa, Mario Brugni","Piano, Bass, 4 Bandoneons, 3 Violins",,
Juan Maglio,Orquesta Juan Maglio,12/21/1926,Pan Comido,,Tango,Instrumental,Odeón,,Ismael Gómez,Enrique Dizeo,,26-28 Pre Viván,José Tinelli,Alfredo Corletto,"Juan Maglio, Federico Scorticati, Gabriel Clausi, Ernesto Di Cicco","Benjamin Holgado Barrios, Marcos Larrosa, Mario Brugni","Piano, Bass, 4 Bandoneons, 3 Violins",,
Juan Maglio,Orquesta Juan Maglio,1/14/1927,Milonguerita,,Tango,Instrumental,Odeón,,Luis Martíni,Luis Roldán,,26-28 Pre Viván,José Tinelli,Alfredo Corletto,"Juan Maglio, Federico Scorticati, Gabriel Clausi, Ernesto Di Cicco","Benjamin Holgado Barrios, Marcos Larrosa, Mario Brugni","Piano, Bass, 4 Bandoneons, 3 Violins",,
Juan Maglio,Orquesta Juan Maglio,1/14/1927,Pobre Ilusa,,Tango,Instrumental,Odeón,,"Carlos Dix, A. Rosso",,,26-28 Pre Viván,José Tinelli,Alfredo Corletto,"Juan Maglio, Federico Scorticati, Gabriel Clausi, Ernesto Di Cicco","Benjamin Holgado Barrios, Marcos Larrosa, Mario Brugni","Piano, Bass, 4 Bandoneons, 3 Violins",,
Juan Maglio,Orquesta Juan Maglio,1/14/1927,Vampireza,Vampiresa,Tango,Instrumental,Odeón,,Bartolomé Chapela,,,26-28 Pre Viván,José Tinelli,Alfredo Corletto,"Juan Maglio, Federico Scorticati, Gabriel Clausi, Ernesto Di Cicco","Benjamin Holgado Barrios, Marcos Larrosa, Mario Brugni","Piano, Bass, 4 Bandoneons, 3 Violins",,
Juan Maglio,Orquesta Juan Maglio,1/14/1927,Vida Cruel,,Tango,Instrumental,Odeón,,José Marco,,,26-28 Pre Viván,José Tinelli,Alfredo Corletto,"Juan Maglio, Federico Scorticati, Gabriel Clausi, Ernesto Di Cicco","Benjamin Holgado Barrios, Marcos Larrosa, Mario Brugni","Piano, Bass, 4 Bandoneons, 3 Violins",,
Juan Maglio,Orquesta Juan Maglio,2/17/1927,Nieve en el Alma,,Tango,Instrumental,Odeón,,L. Leoncini,,,26-28 Pre Viván,José Tinelli,Alfredo Corletto,"Juan Maglio, Federico Scorticati, Gabriel Clausi, Ernesto Di Cicco","Benjamin Holgado Barrios, Marcos Larrosa, Mario Brugni","Piano, Bass, 4 Bandoneons, 3 Violins",,
Juan Maglio,Orquesta Juan Maglio,2/27/1927,A Mi Madre,Pobre Madre,Vals,Instrumental,Odeón,,Francisco Peña,,,26-28 Pre Viván,José Tinelli,Alfredo Corletto,"Juan Maglio, Federico Scorticati, Gabriel Clausi, Ernesto Di Cicco","Benjamin Holgado Barrios, Marcos Larrosa, Mario Brugni","Piano, Bass, 4 Bandoneons, 3 Violins",,
Juan Maglio,Orquesta Juan Maglio,2/27/1927,Alma Tanguera,,Tango,Instrumental,Odeón,,Mario Licarse,Julio Budano,,26-28 Pre Viván,José Tinelli,Alfredo Corletto,"Juan Maglio, Federico Scorticati, Gabriel Clausi, Ernesto Di Cicco","Benjamin Holgado Barrios, Marcos Larrosa, Mario Brugni","Piano, Bass, 4 Bandoneons, 3 Violins",,
Juan Maglio,Orquesta Juan Maglio,2/27/1927,Pedacitos de Papel,,Tango,Instrumental,Odeón,,Francisco Canosa,,,26-28 Pre Viván,José Tinelli,Alfredo Corletto,"Juan Maglio, Federico Scorticati, Gabriel Clausi, Ernesto Di Cicco","Benjamin Holgado Barrios, Marcos Larrosa, Mario Brugni","Piano, Bass, 4 Bandoneons, 3 Violins",,
Juan Maglio,Orquesta Juan Maglio,2/27/1927,Quejas De Bandoneón,Quejas de Bandoneón,Tango,Instrumental,Odeón,,Juan Filiberto,,,26-28 Pre Viván,José Tinelli,Alfredo Corletto,"Juan Maglio, Federico Scorticati, Gabriel Clausi, Ernesto Di Cicco","Benjamin Holgado Barrios, Marcos Larrosa, Mario Brugni","Piano, Bass, 4 Bandoneons, 3 Violins",,
Juan Maglio,Orquesta Juan Maglio,3/11/1927,Barrio Reo,,Tango,Instrumental,Odeón,,Roberto Fugazot,Alfredo Navarrine,,26-28 Pre Viván,José Tinelli,Alfredo Corletto,"Juan Maglio, Federico Scorticati, Gabriel Clausi, Ernesto Di Cicco","Benjamin Holgado Barrios, Marcos Larrosa, Mario Brugni","Piano, Bass, 4 Bandoneons, 3 Violins",,
Juan Maglio,Orquesta Juan Maglio,3/11/1927,De Mí Te Has de Acordar,,Tango,Instrumental,Odeón,,Juan Maglio,,,26-28 Pre Viván,José Tinelli,Alfredo Corletto,"Juan Maglio, Federico Scorticati, Gabriel Clausi, Ernesto Di Cicco","Benjamin Holgado Barrios, Marcos Larrosa, Mario Brugni","Piano, Bass, 4 Bandoneons, 3 Violins",,
Juan Maglio,Orquesta Juan Maglio,3/17/1927,Araca Corazón,Araca Corazón,Tango,Instrumental,Odeón,,Enrique Delfino,Alberto Vaccarezza,,26-28 Pre Viván,José Tinelli,Alfredo Corletto,"Juan Maglio, Federico Scorticati, Gabriel Clausi, Ernesto Di Cicco","Benjamin Holgado Barrios, Marcos Larrosa, Mario Brugni","Piano, Bass, 4 Bandoneons, 3 Violins",,
Juan Maglio,Orquesta Juan Maglio,3/17/1927,La Marquesita,,Tango,Instrumental,Odeón,,R. Barbagallo,,,26-28 Pre Viván,José Tinelli,Alfredo Corletto,"Juan Maglio, Federico Scorticati, Gabriel Clausi, Ernesto Di Cicco","Benjamin Holgado Barrios, Marcos Larrosa, Mario Brugni","Piano, Bass, 4 Bandoneons, 3 Violins",,
Juan Maglio,Orquesta Juan Maglio,3/17/1927,Responso Malevo,,Tango,Instrumental,Odeón,,Cátulo Castillo,,,26-28 Pre Viván,José Tinelli,Alfredo Corletto,"Juan Maglio, Federico Scorticati, Gabriel Clausi, Ernesto Di Cicco","Benjamin Holgado Barrios, Marcos Larrosa, Mario Brugni","Piano, Bass, 4 Bandoneons, 3 Violins",,
Juan Maglio,Orquesta Juan Maglio,4/16/1927,Tanita De La Proa,,Tango,Instrumental,Odeón,,Salvador Merico,Vicente Cuitiño,,26-28 Pre Viván,José Tinelli,Alfredo Corletto,"Juan Maglio, Federico Scorticati, Gabriel Clausi, Ernesto Di Cicco","Benjamin Holgado Barrios, Marcos Larrosa, Mario Brugni","Piano, Bass, 4 Bandoneons, 3 Violins",,
Juan Maglio,Orquesta Juan Maglio,4/19/1927,Poker de Ases,,Tango,Instrumental,Odeón,,Emilio Brameri,,,26-28 Pre Viván,José Tinelli,Alfredo Corletto,"Juan Maglio, Federico Scorticati, Gabriel Clausi, Ernesto Di Cicco","Benjamin Holgado Barrios, Marcos Larrosa, Mario Brugni","Piano, Bass, 4 Bandoneons, 3 Violins",,
Juan Maglio,Orquesta Juan Maglio,4/19/1927,Una Noche De Garufa,,Tango,Instrumental,Odeón,,Eduardo Arolas,Gabriel Clausi,,26-28 Pre Viván,José Tinelli,Alfredo Corletto,"Juan Maglio, Federico Scorticati, Gabriel Clausi, Ernesto Di Cicco","Benjamin Holgado Barrios, Marcos Larrosa, Mario Brugni","Piano, Bass, 4 Bandoneons, 3 Violins",,
Juan Maglio,Orquesta Juan Maglio,4/25/1927,Cabeza Loca,,Tango,Instrumental,Odeón,,Francisco Demarco,Santiago Sañudo,,26-28 Pre Viván,José Tinelli,Alfredo Corletto,"Juan Maglio, Federico Scorticati, Gabriel Clausi, Ernesto Di Cicco","Benjamin Holgado Barrios, Marcos Larrosa, Mario Brugni","Piano, Bass, 4 Bandoneons, 3 Violins",,
Juan Maglio,Orquesta Juan Maglio,4/25/1927,Gabino,,Tango,Instrumental,Odeón,,Antonio De Bassi,Manuel Romero,,26-28 Pre Viván,José Tinelli,Alfredo Corletto,"Juan Maglio, Federico Scorticati, Gabriel Clausi, Ernesto Di Cicco","Benjamin Holgado Barrios, Marcos Larrosa, Mario Brugni","Piano, Bass, 4 Bandoneons, 3 Violins",,
Juan Maglio,Orquesta Juan Maglio,4/25/1927,Julieta,,Tango,estribillo y coro,Odeón,,José Di Clemente,José Di Clemente,,26-28 Pre Viván,José Tinelli,Alfredo Corletto,"Juan Maglio, Federico Scorticati, Gabriel Clausi, Ernesto Di Cicco","Benjamin Holgado Barrios, Marcos Larrosa, Mario Brugni","Piano, Bass, 4 Bandoneons, 3 Violins",,
Juan Maglio,Orquesta Juan Maglio,5/3/1927,El Indio Blanco,,Tango,Instrumental,Odeón,,J. Pursall,,,26-28 Pre Viván,José Tinelli,Alfredo Corletto,"Juan Maglio, Federico Scorticati, Gabriel Clausi, Ernesto Di Cicco","Benjamin Holgado Barrios, Marcos Larrosa, Mario Brugni","Piano, Bass, 4 Bandoneons, 3 Violins",,
Juan Maglio,Orquesta Juan Maglio,5/14/1927,Federación,,Tango,Instrumental,Odeón,,"Francisco Canaro, Luis Riccardi",Juan Caruso,,26-28 Pre Viván,José Tinelli,Alfredo Corletto,"Juan Maglio, Federico Scorticati, Gabriel Clausi, Ernesto Di Cicco","Benjamin Holgado Barrios, Marcos Larrosa, Mario Brugni","Piano, Bass, 4 Bandoneons, 3 Violins",,
Juan Maglio,Orquesta Juan Maglio,5/14/1927,Se Acabaron Los Otarios,,Tango,Instrumental,Odeón,,Francisco Canaro,Juan Caruso,,26-28 Pre Viván,José Tinelli,Alfredo Corletto,"Juan Maglio, Federico Scorticati, Gabriel Clausi, Ernesto Di Cicco","Benjamin Holgado Barrios, Marcos Larrosa, Mario Brugni","Piano, Bass, 4 Bandoneons, 3 Violins",,
Juan Maglio,Orquesta Juan Maglio,5/14/1927,Un Tropezón,,Tango,Instrumental,Odeón,,Raúl Hoyos,Luis Herrera,,26-28 Pre Viván,José Tinelli,Alfredo Corletto,"Juan Maglio, Federico Scorticati, Gabriel Clausi, Ernesto Di Cicco","Benjamin Holgado Barrios, Marcos Larrosa, Mario Brugni","Piano, Bass, 4 Bandoneons, 3 Violins",,
Juan Maglio,Orquesta Juan Maglio,5/20/1927,Arrepentido,,Tango,Instrumental,Odeón,,Francisco Ottaviano,,,26-28 Pre Viván,José Tinelli,Alfredo Corletto,"Juan Maglio, Federico Scorticati, Gabriel Clausi, Ernesto Di Cicco","Benjamin Holgado Barrios, Marcos Larrosa, Mario Brugni","Piano, Bass, 4 Bandoneons, 3 Violins",,
Juan Maglio,Orquesta Juan Maglio,5/20/1927,Farolito Viejo,,Tango,Instrumental,Odeón,,Luis Teisseire,José Riú,,26-28 Pre Viván,José Tinelli,Alfredo Corletto,"Juan Maglio, Federico Scorticati, Gabriel Clausi, Ernesto Di Cicco","Benjamin Holgado Barrios, Marcos Larrosa, Mario Brugni","Piano, Bass, 4 Bandoneons, 3 Violins",,
Juan Maglio,Orquesta Juan Maglio,6/20/1927,Arrabalero,,Tango,Instrumental,Odeón,,Osvaldo Fresedo,Eduardo Calvo,,26-28 Pre Viván,José Tinelli,Alfredo Corletto,"Juan Maglio, Federico Scorticati, Gabriel Clausi, Ernesto Di Cicco","Benjamin Holgado Barrios, Marcos Larrosa, Mario Brugni","Piano, Bass, 4 Bandoneons, 3 Violins",,
Juan Maglio,Orquesta Juan Maglio,6/20/1927,Un Copetín,,Tango,Instrumental,Odeón,,Juan Maglio,José Fernández,,26-28 Pre Viván,José Tinelli,Alfredo Corletto,"Juan Maglio, Federico Scorticati, Gabriel Clausi, Ernesto Di Cicco","Benjamin Holgado Barrios, Marcos Larrosa, Mario Brugni","Piano, Bass, 4 Bandoneons, 3 Violins",56609,Columbia T522
Juan Maglio,Orquesta Juan Maglio,6/22/1927,El Pueblo Te Reclama,,Tango,Instrumental,Odeón,,Pascual Clausi,,,26-28 Pre Viván,José Tinelli,Alfredo Corletto,"Juan Maglio, Federico Scorticati, Gabriel Clausi, Ernesto Di Cicco","Benjamin Holgado Barrios, Marcos Larrosa, Mario Brugni","Piano, Bass, 4 Bandoneons, 3 Violins",,
Juan Maglio,Orquesta Juan Maglio,7/5/1927,El Ciruja,,Tango,Instrumental,Odeón,,Ernesto De La Cruz,Francisco Marino,,26-28 Pre Viván,José Tinelli,Alfredo Corletto,"Juan Maglio, Federico Scorticati, Gabriel Clausi, Ernesto Di Cicco","Benjamin Holgado Barrios, Marcos Larrosa, Mario Brugni","Piano, Bass, 4 Bandoneons, 3 Violins",,
Juan Maglio,Orquesta Juan Maglio,7/5/1927,Hasta Luego,,Tango,Instrumental,Odeón,,Edgardo Donato,Carlos Álvarez Pintos,,26-28 Pre Viván,José Tinelli,Alfredo Corletto,"Juan Maglio, Federico Scorticati, Gabriel Clausi, Ernesto Di Cicco","Benjamin Holgado Barrios, Marcos Larrosa, Mario Brugni","Piano, Bass, 4 Bandoneons, 3 Violins",,
Juan Maglio,Orquesta Juan Maglio,7/5/1927,La Copa Del Olvido,,Tango,Instrumental,Odeón,,Enrique Delfino,Alberto Vacarezza,,26-28 Pre Viván,José Tinelli,Alfredo Corletto,"Juan Maglio, Federico Scorticati, Gabriel Clausi, Ernesto Di Cicco","Benjamin Holgado Barrios, Marcos Larrosa, Mario Brugni","Piano, Bass, 4 Bandoneons, 3 Violins",,
Juan Maglio,Orquesta Juan Maglio,7/5/1927,La Mascarita,,Tango,Instrumental,Odeón,,J. Rosso,,,26-28 Pre Viván,José Tinelli,Alfredo Corletto,"Juan Maglio, Federico Scorticati, Gabriel Clausi, Ernesto Di Cicco","Benjamin Holgado Barrios, Marcos Larrosa, Mario Brugni","Piano, Bass, 4 Bandoneons, 3 Violins",,
Juan Maglio,Orquesta Juan Maglio,7/5/1927,Una de Tantas,,Tango,Instrumental,Odeón,,Adolfo pocholo,Enrique Cadícamo,,26-28 Pre Viván,José Tinelli,Alfredo Corletto,"Juan Maglio, Federico Scorticati, Gabriel Clausi, Ernesto Di Cicco","Benjamin Holgado Barrios, Marcos Larrosa, Mario Brugni","Piano, Bass, 4 Bandoneons, 3 Violins",,
Juan Maglio,Orquesta Juan Maglio,7/5/1927,Ventanita De Arrabal,,Tango,Instrumental,Odeón,,Antonio Scatasso,Pascual Contursi,,26-28 Pre Viván,José Tinelli,Alfredo Corletto,"Juan Maglio, Federico Scorticati, Gabriel Clausi, Ernesto Di Cicco","Benjamin Holgado Barrios, Marcos Larrosa, Mario Brugni","Piano, Bass, 4 Bandoneons, 3 Violins",,
Juan Maglio,Orquesta Juan Maglio,8/5/1927,A La Luz Del Candil,A la Luz de un Candíl,Tango,Instrumental,Odeón,,Carlos Flores,Julio Navarrine,,26-28 Pre Viván,José Tinelli,Alfredo Corletto,"Juan Maglio, Federico Scorticati, Gabriel Clausi, Ernesto Di Cicco","Benjamin Holgado Barrios, Marcos Larrosa, Mario Brugni","Piano, Bass, 4 Bandoneons, 3 Violins",,
Juan Maglio,Orquesta Juan Maglio,8/5/1927,La Chiflada,El Silbido,Tango,Instrumental,Odeón,,Anselmo Aieta,Francisco Jiménez,,26-28 Pre Viván,José Tinelli,Alfredo Corletto,"Juan Maglio, Federico Scorticati, Gabriel Clausi, Ernesto Di Cicco","Benjamin Holgado Barrios, Marcos Larrosa, Mario Brugni","Piano, Bass, 4 Bandoneons, 3 Violins",,
Juan Maglio,Orquesta Juan Maglio,8/5/1927,Puentecito de Plata,,Tango,Instrumental,Odeón,,Francisco Canaro,Pascual Contursi,,26-28 Pre Viván,José Tinelli,Alfredo Corletto,"Juan Maglio, Federico Scorticati, Gabriel Clausi, Ernesto Di Cicco","Benjamin Holgado Barrios, Marcos Larrosa, Mario Brugni","Piano, Bass, 4 Bandoneons, 3 Violins",,
Juan Maglio,Orquesta Juan Maglio,8/5/1927,Rezongos,,Tango,Instrumental,Odeón,,José Rizzuti,Eduardo Calvo,,26-28 Pre Viván,José Tinelli,Alfredo Corletto,"Juan Maglio, Federico Scorticati, Gabriel Clausi, Ernesto Di Cicco","Benjamin Holgado Barrios, Marcos Larrosa, Mario Brugni","Piano, Bass, 4 Bandoneons, 3 Violins",,
Juan Maglio,Orquesta Juan Maglio,8/5/1927,Volvé Mi Negra,,Tango,Instrumental,Odeón,,José Rizzuti,José Gómez,,26-28 Pre Viván,José Tinelli,Alfredo Corletto,"Juan Maglio, Federico Scorticati, Gabriel Clausi, Ernesto Di Cicco","Benjamin Holgado Barrios, Marcos Larrosa, Mario Brugni","Piano, Bass, 4 Bandoneons, 3 Violins",,
Juan Maglio,Orquesta Juan Maglio,8/25/1927,Allá por Pompeya,,Tango,Instrumental,Odeón,,R. Zislis,,,26-28 Pre Viván,José Tinelli,Alfredo Corletto,"Juan Maglio, Federico Scorticati, Gabriel Clausi, Ernesto Di Cicco","Benjamin Holgado Barrios, Marcos Larrosa, Mario Brugni","Piano, Bass, 4 Bandoneons, 3 Violins",,
Juan Maglio,Orquesta Juan Maglio,8/25/1927,El Poncho Del Amor,Juancito de la Ribera,Tango,Instrumental,Odeón,,Antonio Scatasso,Alberto Vaccarezza,,26-28 Pre Viván,José Tinelli,Alfredo Corletto,"Juan Maglio, Federico Scorticati, Gabriel Clausi, Ernesto Di Cicco","Benjamin Holgado Barrios, Marcos Larrosa, Mario Brugni","Piano, Bass, 4 Bandoneons, 3 Violins",,
Juan Maglio,Orquesta Juan Maglio,8/25/1927,Mi Virgencita,,Tango,Instrumental,Odeón,,Francisco Demarco,Anselmo Aieta,,26-28 Pre Viván,José Tinelli,Alfredo Corletto,"Juan Maglio, Federico Scorticati, Gabriel Clausi, Ernesto Di Cicco","Benjamin Holgado Barrios, Marcos Larrosa, Mario Brugni","Piano, Bass, 4 Bandoneons, 3 Violins",,
Juan Maglio,Orquesta Juan Maglio,9/5/1927,Caminito,,Tango,Instrumental,Odeón,,Juan Filiberto,Gabino Peñaloza,,26-28 Pre Viván,José Tinelli,Alfredo Corletto,"Juan Maglio, Federico Scorticati, Gabriel Clausi, Ernesto Di Cicco","Benjamin Holgado Barrios, Marcos Larrosa, Mario Brugni","Piano, Bass, 4 Bandoneons, 3 Violins",,
Juan Maglio,Orquesta Juan Maglio,9/5/1927,Consejos de Madre,,Tango,Instrumental,Odeón,,V. Di Carlo,,,26-28 Pre Viván,José Tinelli,Alfredo Corletto,"Juan Maglio, Federico Scorticati, Gabriel Clausi, Ernesto Di Cicco","Benjamin Holgado Barrios, Marcos Larrosa, Mario Brugni","Piano, Bass, 4 Bandoneons, 3 Violins",,
Juan Maglio,Orquesta Juan Maglio,9/5/1927,Frente A Frente,,Tango,Instrumental,Odeón,,M. Esteve,,,26-28 Pre Viván,José Tinelli,Alfredo Corletto,"Juan Maglio, Federico Scorticati, Gabriel Clausi, Ernesto Di Cicco","Benjamin Holgado Barrios, Marcos Larrosa, Mario Brugni","Piano, Bass, 4 Bandoneons, 3 Violins",,
Juan Maglio,Orquesta Juan Maglio,9/5/1927,Sonia,Sonja,Tango,Instrumental,Odeón,,Fernando Montoni,Máximo Orsi,,26-28 Pre Viván,José Tinelli,Alfredo Corletto,"Juan Maglio, Federico Scorticati, Gabriel Clausi, Ernesto Di Cicco","Benjamin Holgado Barrios, Marcos Larrosa, Mario Brugni","Piano, Bass, 4 Bandoneons, 3 Violins",,
Juan Maglio,Orquesta Juan Maglio,10/10/1927,Cotorrita De La Suerte,,Tango,Instrumental,Odeón,,Alfredo De Franco,José De Grandis,,26-28 Pre Viván,José Tinelli,Alfredo Corletto,"Juan Maglio, Federico Scorticati, Gabriel Clausi, Ernesto Di Cicco","Benjamin Holgado Barrios, Marcos Larrosa, Mario Brugni","Piano, Bass, 4 Bandoneons, 3 Violins",,
Juan Maglio,Orquesta Juan Maglio,10/10/1927,Cuando Llora La Milonga,,Tango,Instrumental,Odeón,,Juan Filiberto,Luis Mario,,26-28 Pre Viván,José Tinelli,Alfredo Corletto,"Juan Maglio, Federico Scorticati, Gabriel Clausi, Ernesto Di Cicco","Benjamin Holgado Barrios, Marcos Larrosa, Mario Brugni","Piano, Bass, 4 Bandoneons, 3 Violins",,
Juan Maglio,Orquesta Juan Maglio,10/10/1927,Leguisamo Solo,,Tango,José Galarza y coro,Odeón,,Modesto Papávero,Modesto Papávero,,26-28 Pre Viván,José Tinelli,Alfredo Corletto,"Juan Maglio, Federico Scorticati, Gabriel Clausi, Ernesto Di Cicco","Benjamin Holgado Barrios, Marcos Larrosa, Mario Brugni","Piano, Bass, 4 Bandoneons, 3 Violins",,
Juan Maglio,Orquesta Juan Maglio,10/15/1927,Barrio Alegre,,Tango,Instrumental,Odeón,,Cayetano Ziccaro,,,26-28 Pre Viván,José Tinelli,Alfredo Corletto,"Juan Maglio, Federico Scorticati, Gabriel Clausi, Ernesto Di Cicco","Benjamin Holgado Barrios, Marcos Larrosa, Mario Brugni","Piano, Bass, 4 Bandoneons, 3 Violins",,
Juan Maglio,Orquesta Juan Maglio,10/15/1927,Campanita,,Tango,Instrumental,Odeón,,Juan Polito,Salvador Polito,,26-28 Pre Viván,José Tinelli,Alfredo Corletto,"Juan Maglio, Federico Scorticati, Gabriel Clausi, Ernesto Di Cicco","Benjamin Holgado Barrios, Marcos Larrosa, Mario Brugni","Piano, Bass, 4 Bandoneons, 3 Violins",,
Juan Maglio,Orquesta Juan Maglio,10/15/1927,Caído Del Cielo,,Tango,Instrumental,Odeón,,"Antonio Polito, Pedro Polito",Antonio Polito,,26-28 Pre Viván,José Tinelli,Alfredo Corletto,"Juan Maglio, Federico Scorticati, Gabriel Clausi, Ernesto Di Cicco","Benjamin Holgado Barrios, Marcos Larrosa, Mario Brugni","Piano, Bass, 4 Bandoneons, 3 Violins",,
Juan Maglio,Orquesta Juan Maglio,10/15/1927,Perfume De Mujer,,Tango,Instrumental,Odeón,,Juan Guichandut,Armando Tagini,,26-28 Pre Viván,José Tinelli,Alfredo Corletto,"Juan Maglio, Federico Scorticati, Gabriel Clausi, Ernesto Di Cicco","Benjamin Holgado Barrios, Marcos Larrosa, Mario Brugni","Piano, Bass, 4 Bandoneons, 3 Violins",,
Juan Maglio,Orquesta Juan Maglio,10/15/1927,Reca,,Tango,Instrumental,Odeón,,Juan Polito,,,26-28 Pre Viván,José Tinelli,Alfredo Corletto,"Juan Maglio, Federico Scorticati, Gabriel Clausi, Ernesto Di Cicco","Benjamin Holgado Barrios, Marcos Larrosa, Mario Brugni","Piano, Bass, 4 Bandoneons, 3 Violins",,
Juan Maglio,Orquesta Juan Maglio,10/20/1927,El Mal Que Me Hiciste,,Tango,Instrumental,Odeón,,Carlos Percuoco,Luis De Biase,,26-28 Pre Viván,José Tinelli,Alfredo Corletto,"Juan Maglio, Federico Scorticati, Gabriel Clausi, Ernesto Di Cicco","Benjamin Holgado Barrios, Marcos Larrosa, Mario Brugni","Piano, Bass, 4 Bandoneons, 3 Violins",,
Juan Maglio,Orquesta Juan Maglio,10/20/1927,Lagrimeando Lagrimeando,Lagrimeando Lagrimeando,Tango,Instrumental,Odeón,,Antonio Scatasso,Alberto Novión,,26-28 Pre Viván,José Tinelli,Alfredo Corletto,"Juan Maglio, Federico Scorticati, Gabriel Clausi, Ernesto Di Cicco","Benjamin Holgado Barrios, Marcos Larrosa, Mario Brugni","Piano, Bass, 4 Bandoneons, 3 Violins",,
Juan Maglio,Orquesta Juan Maglio,10/21/1927,La Quema,,Tango,Instrumental,Odeón,,"Leo Rao, Pedro Santillán","Leo Rao, Pedro Santillán",,26-28 Pre Viván,José Tinelli,Alfredo Corletto,"Juan Maglio, Federico Scorticati, Gabriel Clausi, Ernesto Di Cicco","Benjamin Holgado Barrios, Marcos Larrosa, Mario Brugni","Piano, Bass, 4 Bandoneons, 3 Violins",,
Juan Maglio,Orquesta Juan Maglio,10/21/1927,Noche De Reyes,,Tango,José Galarza,Odeón,,Pedro Maffía,Jorge Curí,,26-28 Pre Viván,José Tinelli,Alfredo Corletto,"Juan Maglio, Federico Scorticati, Gabriel Clausi, Ernesto Di Cicco","Benjamin Holgado Barrios, Marcos Larrosa, Mario Brugni","Piano, Bass, 4 Bandoneons, 3 Violins",,
Juan Maglio,Orquesta Juan Maglio,10/21/1927,Río De Oro,,Tango,Instrumental,Odeón,,Lucio Demare,,,26-28 Pre Viván,José Tinelli,Alfredo Corletto,"Juan Maglio, Federico Scorticati, Gabriel Clausi, Ernesto Di Cicco","Benjamin Holgado Barrios, Marcos Larrosa, Mario Brugni","Piano, Bass, 4 Bandoneons, 3 Violins",,
Juan Maglio,Orquesta Juan Maglio,10/21/1927,Sangre Azul,,Tango,Instrumental,Odeón,,Fioravanti Di Cicco,,,26-28 Pre Viván,José Tinelli,Alfredo Corletto,"Juan Maglio, Federico Scorticati, Gabriel Clausi, Ernesto Di Cicco","Benjamin Holgado Barrios, Marcos Larrosa, Mario Brugni","Piano, Bass, 4 Bandoneons, 3 Violins",,
Juan Maglio,Orquesta Juan Maglio,12/6/1927,Amurado,,Tango,José Galarza,Odeón,,"Pedro Maffía, Pedro Laurenz",José De Grandis,,26-28 Pre Viván,José Tinelli,Alfredo Corletto,"Juan Maglio, Federico Scorticati, Gabriel Clausi, Ernesto Di Cicco","Benjamin Holgado Barrios, Marcos Larrosa, Mario Brugni","Piano, Bass, 4 Bandoneons, 3 Violins",,
Juan Maglio,Orquesta Juan Maglio,12/6/1927,Tuito Es Mentira,,Tango,Instrumental,Odeón,,Juan Polito,Roberto Torres,,26-28 Pre Viván,José Tinelli,Alfredo Corletto,"Juan Maglio, Federico Scorticati, Gabriel Clausi, Ernesto Di Cicco","Benjamin Holgado Barrios, Marcos Larrosa, Mario Brugni","Piano, Bass, 4 Bandoneons, 3 Violins",,
Juan Maglio,Orquesta Juan Maglio,12/7/1927,Queja Indiana,,Tango,Instrumental,Odeón,,Juan Rodríguez,Juan Velich,,26-28 Pre Viván,José Tinelli,Alfredo Corletto,"Juan Maglio, Federico Scorticati, Gabriel Clausi, Ernesto Di Cicco","Benjamin Holgado Barrios, Marcos Larrosa, Mario Brugni","Piano, Bass, 4 Bandoneons, 3 Violins",,
Juan Maglio,Orquesta Juan Maglio,12/7/1927,Suerte Maldita,,Tango,José Galarza,Odeón,,"Alfredo De Franco, Alberto De Franco",Carlos Quintieri,,26-28 Pre Viván,José Tinelli,Alfredo Corletto,"Juan Maglio, Federico Scorticati, Gabriel Clausi, Ernesto Di Cicco","Benjamin Holgado Barrios, Marcos Larrosa, Mario Brugni","Piano, Bass, 4 Bandoneons, 3 Violins",,
Juan Maglio,Orquesta Juan Maglio,2/3/1928,Orillas Del Plata,,Vals,Instrumental,Odeón,,Juan Maglio,Juan Félix Maglio,,26-28 Pre Viván,Luis Suárez,,"Juan Maglio, Carlos H. Macchi (Flute)",José Bonano,,G-1869,Victor 69589
Juan Maglio,Orquesta Juan Maglio,2/3/1928,Sábado Inglés,,Tango,Instrumental,Odeón,,Juan Maglio,Eugenio Cárdenas,,26-28 Pre Viván,Luis Suárez,,"Juan Maglio, Carlos H. Macchi (Flute)",José Bonano,"Piano, Bass, 4 Bandoneons, 3 Violins",,
Juan Maglio,Orquesta Juan Maglio,2/3/1928,Tranco a Tranco,,Tango,José Galarza,Odeón,,Juan Maglio,Juan Caruso,,26-28 Pre Viván,Luis Suárez,,"Juan Maglio, Carlos H. Macchi (Flute)",José Bonano,"Piano, Bass, 4 Bandoneons, 3 Violins",,
Juan Maglio,Orquesta Juan Maglio,2/6/1928,Che Papusa Oí,,Tango,José Galarza,Odeón,,Gerardo Rodríguez,Enrique Cadícamo,,26-28 Pre Viván,Luis Suárez,,"Juan Maglio, Carlos H. Macchi (Flute)",José Bonano,"Piano, Bass, 4 Bandoneons, 3 Violins",,
Juan Maglio,Orquesta Juan Maglio,2/12/1928,Año Nuevo,,Tango,Carlos Viván,Odeón,,Juan Polito,Luis Rubistein,,28-33 Viván,Luis Suárez,,"Juan Maglio, Carlos H. Macchi (Flute)",José Bonano,"Piano, Bass, 4 Bandoneons, 3 Violins",,
Juan Maglio,Orquesta Juan Maglio,2/12/1928,Carro Viejo,,Tango,Carlos Viván,Odeón,,Fernando Montoni,Máximo Orsi,,28-33 Viván,Luis Suárez,,"Juan Maglio, Carlos H. Macchi (Flute)",José Bonano,"Piano, Bass, 4 Bandoneons, 3 Violins",,
Juan Maglio,Orquesta Juan Maglio,2/12/1928,Chacarera,,Tango,Carlos Viván y José Galarza,Odeón,,Juan Maglio,José Servidio,,28-33 Viván,Luis Suárez,,"Juan Maglio, Carlos H. Macchi (Flute)",José Bonano,"Piano, Bass, 4 Bandoneons, 3 Violins",,
Juan Maglio,Orquesta Juan Maglio,2/12/1928,La Cuyanita,,Tango,Carlos Viván,Odeón,,Juan Maglio,Jorge Lobos,,28-33 Viván,Luis Suárez,,"Juan Maglio, Carlos H. Macchi (Flute)",José Bonano,"Piano, Bass, 4 Bandoneons, 3 Violins",,
Juan Maglio,Orquesta Juan Maglio,2/12/1928,Recordando Tus Promesas,,Vals,Carlos Viván,Odeón,,Adolfo pocholo,Adolfo pocholo,,28-33 Viván,Luis Suárez,,"Juan Maglio, Carlos H. Macchi (Flute)",José Bonano,"Piano, Bass, 4 Bandoneons, 3 Violins",,
Juan Maglio,Orquesta Juan Maglio,2/13/1928,Hasta la Muerte,,Tango,Carlos Viván,Odeón,,Juan Maglio,Juan Maglio,,28-33 Viván,Luis Suárez,,"Juan Maglio, Carlos H. Macchi (Flute)",José Bonano,"Piano, Bass, 4 Bandoneons, 3 Violins",,
Juan Maglio,Orquesta Juan Maglio,2/25/1928,Ando Pato,,Tango,Carlos Viván,Odeón,,Juan Maglio,Eugenio Cárdenas,,28-33 Viván,Luis Suárez,,"Juan Maglio, Carlos H. Macchi (Flute)",José Bonano,"Piano, Bass, 4 Bandoneons, 3 Violins",G-1883,
Juan Maglio,Orquesta Juan Maglio,2/27/1928,Adónde Vas Pierrot,A Donde Vas Pierrot,Tango,Carlos Viván,Odeón,,Mauricio Mignot,Armando Tagini,,28-33 Viván,Luis Suárez,,"Juan Maglio, Carlos H. Macchi (Flute)",José Bonano,"Piano, Bass, 4 Bandoneons, 3 Violins",,
Juan Maglio,Orquesta Juan Maglio,3/16/1928,Cocot de Lujo,,Tango,Carlos Viván,Odeón,,Antonio Scatasso,Manuel Romero,,28-33 Viván,Luis Suárez,,"Juan Maglio, Carlos H. Macchi (Flute)",José Bonano,"Piano, Bass, 4 Bandoneons, 3 Violins",,
Juan Maglio,Orquesta Juan Maglio,3/16/1928,Pobre Gringo,,Tango,Carlos Viván,Odeón,,Antonio Scatasso,"Alberto Vacarezza, Y Caruso",,28-33 Viván,Luis Suárez,,"Juan Maglio, Carlos H. Macchi (Flute)",José Bonano,"Piano, Bass, 4 Bandoneons, 3 Violins",,
Juan Maglio,Orquesta Juan Maglio,3/16/1928,Se Va la Lancha,,Tango,Carlos Viván,Odeón,,"Edgardo Donato, Quico Artola",Francisco Bastardi,,28-33 Viván,Luis Suárez,,"Juan Maglio, Carlos H. Macchi (Flute)",José Bonano,"Piano, Bass, 4 Bandoneons, 3 Violins",,
Juan Maglio,Orquesta Juan Maglio,4/2/1928,Milonguero Viejo,Bailarín Porteño | Fresedo,Tango,Carlos Viván,Odeón,,Carlos Di Sarli,Enrique Sotelo,,28-33 Viván,Luis Suárez,,"Juan Maglio, Carlos H. Macchi (Flute)",José Bonano,"Piano, Bass, 4 Bandoneons, 3 Violins",,
Juan Maglio,Orquesta Juan Maglio,4/2/1928,Mueble Viejo,,Tango,Carlos Viván,Odeón,,Raúl Hoyos,Agapito Crespo,,28-33 Viván,Luis Suárez,,"Juan Maglio, Carlos H. Macchi (Flute)",José Bonano,"Piano, Bass, 4 Bandoneons, 3 Violins",,
Juan Maglio,Orquesta Juan Maglio,4/3/1928,Aves de Media Noche,,Tango,Carlos Viván,Odeón,,Luis Moresco,Luis Rubistein,,28-33 Viván,Luis Suárez,,"Juan Maglio, Carlos H. Macchi (Flute)",José Bonano,"Piano, Bass, 4 Bandoneons, 3 Violins",,
Juan Maglio,Orquesta Juan Maglio,4/3/1928,Poca Cosa,,Tango,Carlos Viván,Odeón,,Alpidio Fernández,Alpidio Fernández,,28-33 Viván,Luis Suárez,,"Juan Maglio, Carlos H. Macchi (Flute)",José Bonano,"Piano, Bass, 4 Bandoneons, 3 Violins",,
Juan Maglio,Orquesta Juan Maglio,4/16/1928,Adoración,,Vals,Carlos Viván,Odeón,,Juan Polito,Eduardo Moreno,,28-33 Viván,Luis Suárez,,"Juan Maglio, Carlos H. Macchi (Flute)",José Bonano,"Piano, Bass, 4 Bandoneons, 3 Violins",,
Juan Maglio,Orquesta Juan Maglio,4/16/1928,Colombina,Teresita,Tango,Carlos Viván,Odeón,,Juan Polito,Juan Polito,,28-33 Viván,Luis Suárez,,"Juan Maglio, Carlos H. Macchi (Flute)",José Bonano,"Piano, Bass, 4 Bandoneons, 3 Violins",,
Juan Maglio,Orquesta Juan Maglio,4/16/1928,Esta Noche Me Emborracho,,Tango,Carlos Viván,Odeón,,Enrique Discépolo,Enrique Discépolo,,28-33 Viván,Luis Suárez,,"Juan Maglio, Carlos H. Macchi (Flute)",José Bonano,"Piano, Bass, 4 Bandoneons, 3 Violins",,
Juan Maglio,Orquesta Juan Maglio,4/16/1928,Hijos De Nadie,,Tango,Carlos Viván,Odeón,,Juan Maglio,José Fernández,,28-33 Viván,Luis Suárez,,"Juan Maglio, Carlos H. Macchi (Flute)",José Bonano,"Piano, Bass, 4 Bandoneons, 3 Violins",,
Juan Maglio,Orquesta Juan Maglio,4/16/1928,La Huella Roja,,Tango,Carlos Viván,Odeón,,Juan Maglio,Juan Maglio,,28-33 Viván,Luis Suárez,,"Juan Maglio, Carlos H. Macchi (Flute)",José Bonano,"Piano, Bass, 4 Bandoneons, 3 Violins",,
Juan Maglio,Orquesta Juan Maglio,4/16/1928,Sueño Eterno,,Tango,Carlos Viván,Odeón,,Antonio Bonavena,Antonio Bonavena,,28-33 Viván,Luis Suárez,,"Juan Maglio, Carlos H. Macchi (Flute)",José Bonano,"Piano, Bass, 4 Bandoneons, 3 Violins",,
Juan Maglio,Orquesta Juan Maglio,5/11/1928,Coperita Posta,,Tango,Carlos Viván,Odeón,,Rodolfo Sciammarella,Luis Alonso,,28-33 Viván,Luis Suárez,,"Juan Maglio, Carlos H. Macchi (Flute)",José Bonano,"Piano, Bass, 4 Bandoneons, 3 Violins",,
Juan Maglio,Orquesta Juan Maglio,5/11/1928,Estaba Escrito,,Tango,Carlos Viván,Odeón,,"Domingo Moro, A. Roganti","Domingo Moro, A. Roganti",,28-33 Viván,Luis Suárez,,"Juan Maglio, Carlos H. Macchi (Flute)",José Bonano,"Piano, Bass, 4 Bandoneons, 3 Violins",,
Juan Maglio,Orquesta Juan Maglio,5/11/1928,Madrecita Buena,,Tango,Carlos Viván,Odeón,,Ramón Montes,Ramón Montes,,28-33 Viván,Luis Suárez,,"Juan Maglio, Carlos H. Macchi (Flute)",José Bonano,"Piano, Bass, 4 Bandoneons, 3 Violins",,
Juan Maglio,Orquesta Juan Maglio,6/16/1928,Decí Pebeta Porqué,Decime Pebeta Porqué,Tango,Carlos Viván,Odeón,,Pedro Maffía,Tomás Simari,,28-33 Viván,Luis Suárez,,"Juan Maglio, Carlos H. Macchi (Flute)",José Bonano,"Piano, Bass, 4 Bandoneons, 3 Violins",,
Juan Maglio,Orquesta Juan Maglio,6/16/1928,Se Mira y No se Toca,,Tango,Instrumental,Odeón,,Juan Polito,Luis Rubistein,,28-33 Viván,Luis Suárez,,"Juan Maglio, Carlos H. Macchi (Flute)",José Bonano,"Piano, Bass, 4 Bandoneons, 3 Violins",,
Juan Maglio,Orquesta Juan Maglio,6/18/1928,Frivolité,,Tango,Instrumental,Odeón,,Enrique Delfino,,,28-33 Viván,Luis Suárez,,"Juan Maglio, Carlos H. Macchi (Flute)",José Bonano,"Piano, Bass, 4 Bandoneons, 3 Violins",,
Juan Maglio,Orquesta Juan Maglio,6/18/1928,Tomale el Tiempo,,Tango,Instrumental,Odeón,,José Rebolini,,,28-33 Viván,Luis Suárez,,"Juan Maglio, Carlos H. Macchi (Flute)",José Bonano,"Piano, Bass, 4 Bandoneons, 3 Violins",,
Juan Maglio,Orquesta Juan Maglio,6/18/1928,Viejo Arrabal,,Tango,Instrumental,Odeón,,M. Quiroga,Francisco Brancatti,,28-33 Viván,Luis Suárez,,"Juan Maglio, Carlos H. Macchi (Flute)",José Bonano,"Piano, Bass, 4 Bandoneons, 3 Violins",,
Juan Maglio,Orquesta Juan Maglio,6/21/1928,Estampa Rea,,Tango,Carlos Viván,Odeón,,Eduardo De Labar,Alfredo Navarrine,,28-33 Viván,Luis Suárez,,"Juan Maglio, Carlos H. Macchi (Flute)",José Bonano,"Piano, Bass, 4 Bandoneons, 3 Violins",,
Juan Maglio,Orquesta Juan Maglio,6/26/1928,Por Ella Ten Piedad,,Tango,Carlos Viván,Odeón,,Antonio Polito,Antonio Polito,,28-33 Viván,Luis Suárez,,"Juan Maglio, Carlos H. Macchi (Flute)",José Bonano,"Piano, Bass, 4 Bandoneons, 3 Violins",,
Juan Maglio,Orquesta Juan Maglio,6/27/1928,Ingrata,,Tango,Carlos Viván,Odeón,,Eduardo Ponzio,Armando Tagini,,28-33 Viván,Luis Suárez,,"Juan Maglio, Carlos H. Macchi (Flute)",José Bonano,"Piano, Bass, 4 Bandoneons, 3 Violins",,
Juan Maglio,Orquesta Juan Maglio,6/27/1928,Linda Francesita,,Tango,Carlos Viván,Odeón,,José Rizzuti,Eduardo Calvo,,28-33 Viván,Luis Suárez,,"Juan Maglio, Carlos H. Macchi (Flute)",José Bonano,"Piano, Bass, 4 Bandoneons, 3 Violins",,
Juan Maglio,Orquesta Juan Maglio,6/27/1928,Otario,,Tango,Carlos Viván,Odeón,,Luis Moresco,Luis Moresco,,28-33 Viván,Luis Suárez,,"Juan Maglio, Carlos H. Macchi (Flute)",José Bonano,"Piano, Bass, 4 Bandoneons, 3 Violins",,
Juan Maglio,Orquesta Juan Maglio,7/26/1928,Cabezón,,Tango,Carlos Viván,Odeón,,Adolfo pocholo,José Perrusine,,28-33 Viván,Luis Suárez,,"Juan Maglio, Carlos H. Macchi (Flute)",José Bonano,"Piano, Bass, 4 Bandoneons, 3 Violins",,
Juan Maglio,Orquesta Juan Maglio,7/26/1928,Qué Has Hecho de Mi Cariño,Royal Pigall,Tango,Carlos Viván,Odeón,,Juan Maglio,José Castillo,,28-33 Viván,Luis Suárez,,"Juan Maglio, Carlos H. Macchi (Flute)",José Bonano,"Piano, Bass, 4 Bandoneons, 3 Violins",,
Juan Maglio,Orquesta Juan Maglio,7/26/1928,Qué Vachaché,Que Va Cha Che,Tango,Carlos Viván,Odeón,,Enrique Discépolo,Enrique Discépolo,,28-33 Viván,Luis Suárez,,"Juan Maglio, Carlos H. Macchi (Flute)",José Bonano,"Piano, Bass, 4 Bandoneons, 3 Violins",,
Juan Maglio,Orquesta Juan Maglio,8/9/1928,El Nocturno,,Tango,Carlos Viván,Odeón,,Juan Maglio,Carlos Pesce,,28-33 Viván,Luis Suárez,,"Juan Maglio, Carlos H. Macchi (Flute)",José Bonano,"Piano, Bass, 4 Bandoneons, 3 Violins",G-1863,Victor 69712
Juan Maglio,Orquesta Juan Maglio,8/9/1928,Los Distinguidos,,Tango,Carlos Viván,Odeón,,Ernesto Di Cicco,Juan Barthe,,28-33 Viván,Luis Suárez,,"Juan Maglio, Carlos H. Macchi (Flute)",José Bonano,"Piano, Bass, 4 Bandoneons, 3 Violins",,
Juan Maglio,Orquesta Juan Maglio,8/9/1928,Paso A Paso,,Tango,Carlos Viván Y Coro,Odeón,,Ricardo Olivera,Ricardo Olivera,,28-33 Viván,Luis Suárez,,"Juan Maglio, Carlos H. Macchi (Flute)",José Bonano,"Piano, Bass, 4 Bandoneons, 3 Violins",,
Juan Maglio,Orquesta Juan Maglio,9/24/1928,Dandy,,Tango,Nicolás Gianastasio,Odeón,,Lucio Demare,"Agustín Irusta, Roberto Fugazot",,28-33 Viván,Luis Suárez,,"Juan Maglio, Carlos H. Macchi (Flute)",José Bonano,"Piano, Bass, 4 Bandoneons, 3 Violins",,
Juan Maglio,Orquesta Juan Maglio,9/28/1928,Canción De Cuna,,Tango,Nicolás Gianastasio,Odeón,,José Rizzuti,José Gómez,,28-33 Viván,Luis Suárez,,"Juan Maglio, Carlos H. Macchi (Flute)",José Bonano,"Piano, Bass, 4 Bandoneons, 3 Violins",,
Juan Maglio,Orquesta Juan Maglio,9/28/1928,Cuando Mi Barrio se Duerme,,Tango,Nicolás Gianastasio,Odeón,,Luis Teisseire,Juan Caruso,,28-33 Viván,Luis Suárez,,"Juan Maglio, Carlos H. Macchi (Flute)",José Bonano,"Piano, Bass, 4 Bandoneons, 3 Violins",,
Juan Maglio,Orquesta Juan Maglio,9/28/1928,Pasión,,Tango,Nicolás Gianastasio,Odeón,,José Rizzuti,José Rizzuti,,28-33 Viván,Luis Suárez,,"Juan Maglio, Carlos H. Macchi (Flute)",José Bonano,"Piano, Bass, 4 Bandoneons, 3 Violins",,
Juan Maglio,Orquesta Juan Maglio,10/12/1928,Ojos Brujos,,Tango,Instrumental,Odeón,,Romeo Greatti,,,28-33 Viván,Luis Suárez,,"Juan Maglio, Carlos H. Macchi (Flute)",José Bonano,"Piano, Bass, 4 Bandoneons, 3 Violins",,
Juan Maglio,Orquesta Juan Maglio,10/13/1928,Che Bartolo,,Tango,Carlos Viván,Odeón,,Rodolfo Sciammarella,Enrique Cadícamo,,28-33 Viván,Luis Suárez,,"Juan Maglio, Carlos H. Macchi (Flute)",José Bonano,"Piano, Bass, 4 Bandoneons, 3 Violins",,
Juan Maglio,Orquesta Juan Maglio,10/13/1928,Cierre Esa Puerta Viejita,,Tango,Carlos Viván,Odeón,,Juan Maglio,José Perrusine,,28-33 Viván,Luis Suárez,,"Juan Maglio, Carlos H. Macchi (Flute)",José Bonano,"Piano, Bass, 4 Bandoneons, 3 Violins",,
Juan Maglio,Orquesta Juan Maglio,11/5/1928,Bandoneón Arrabalero,,Tango,Carlos Viván,Odeón,,Juan Deambroggio,Pascual Contursi,,28-33 Viván,Luis Suárez,,"Juan Maglio, Carlos H. Macchi (Flute)",José Bonano,"Piano, Bass, 4 Bandoneons, 3 Violins",,
Juan Maglio,Orquesta Juan Maglio,11/5/1928,Piedad,,Tango,Instrumental,Odeón,,Carlos Percuoco,Luis De Biase,,28-33 Viván,Luis Suárez,,"Juan Maglio, Carlos H. Macchi (Flute)",José Bonano,"Piano, Bass, 4 Bandoneons, 3 Violins",,
Juan Maglio,Orquesta Juan Maglio,11/5/1928,Sollozos de Arrabal,,Tango,Instrumental,Odeón,,P. Marota,,,28-33 Viván,Luis Suárez,,"Juan Maglio, Carlos H. Macchi (Flute)",José Bonano,"Piano, Bass, 4 Bandoneons, 3 Violins",,
Juan Maglio,Orquesta Juan Maglio,11/5/1928,Viejo Púa,,Tango,José Galarza,Odeón,,Juan Maglio,José Fernández,,28-33 Viván,Luis Suárez,,"Juan Maglio, Carlos H. Macchi (Flute)",José Bonano,"Piano, Bass, 4 Bandoneons, 3 Violins",,
Juan Maglio,Orquesta Juan Maglio,11/16/1928,Alma En Pena,,Tango,José Galarza,Odeón,,Anselmo Aieta,Francisco Jiménez,,28-33 Viván,Luis Suárez,,"Juan Maglio, Carlos H. Macchi (Flute)",José Bonano,"Piano, Bass, 4 Bandoneons, 3 Violins",,
Juan Maglio,Orquesta Juan Maglio,11/16/1928,El Rasgueo,,Tango,Instrumental,Odeón,,Aníbal De Iturriaga,Dora De Iturriaga,,28-33 Viván,Luis Suárez,,"Juan Maglio, Carlos H. Macchi (Flute)",José Bonano,"Piano, Bass, 4 Bandoneons, 3 Violins",,
Juan Maglio,Orquesta Juan Maglio,11/23/1928,Aquel Tapado de Armiño,,Tango,Carlos Viván,Odeón,,Enrique Delfino,Manuel Romero,,28-33 Viván,Luis Suárez,,"Juan Maglio, Carlos H. Macchi (Flute)",José Bonano,"Piano, Bass, 4 Bandoneons, 3 Violins",,
Juan Maglio,Orquesta Juan Maglio,11/23/1928,Con Tu Mirar,,Vals,Carlos Viván,Odeón,,Eusebio Giorno,Norberto Canosa,,28-33 Viván,Luis Suárez,,"Juan Maglio, Carlos H. Macchi (Flute)",José Bonano,"Piano, Bass, 4 Bandoneons, 3 Violins",,
Juan Maglio,Orquesta Juan Maglio,11/23/1928,De Mis Tiempos,,Tango,Instrumental,Odeón,,R. Giacobini,,,28-33 Viván,Luis Suárez,,"Juan Maglio, Carlos H. Macchi (Flute)",José Bonano,"Piano, Bass, 4 Bandoneons, 3 Violins",,
Juan Maglio,Orquesta Juan Maglio,11/23/1928,Se Muere De Amor,Murio de Amor,Tango,Carlos Viván,Odeón,,Mateo Coppola,Antonio Casciani,,28-33 Viván,Luis Suárez,,"Juan Maglio, Carlos H. Macchi (Flute)",José Bonano,"Piano, Bass, 4 Bandoneons, 3 Violins",,
Juan Maglio,Orquesta Juan Maglio,12/14/1928,Cachadora,,Tango,Carlos Viván,Odeón,,Francisco Lomuto,Francisco Lomuto,,28-33 Viván,Luis Suárez,,"Juan Maglio, Carlos H. Macchi (Flute)",José Bonano,"Piano, Bass, 4 Bandoneons, 3 Violins",,
Juan Maglio,Orquesta Juan Maglio,12/14/1928,Estampilla,,Tango,Carlos Viván,Odeón,,Enrique Delfino,Manuel Romero,,28-33 Viván,Luis Suárez,,"Juan Maglio, Carlos H. Macchi (Flute)",José Bonano,"Piano, Bass, 4 Bandoneons, 3 Violins",,
Juan Maglio,Orquesta Juan Maglio,12/14/1928,Hoy y Siempre,,Tango,Instrumental,Odeón,,Ernesto Ponzio,,,28-33 Viván,Luis Suárez,,"Juan Maglio, Carlos H. Macchi (Flute)",José Bonano,"Piano, Bass, 4 Bandoneons, 3 Violins",,
Juan Maglio,Orquesta Juan Maglio,12/14/1928,Malevaje,,Tango,Carlos Viván,Odeón,,Juan Filiberto,Enrique Discépolo,,28-33 Viván,Luis Suárez,,"Juan Maglio, Carlos H. Macchi (Flute)",José Bonano,"Piano, Bass, 4 Bandoneons, 3 Violins",,
Juan Maglio,Orquesta Juan Maglio,12/20/1928,Cofre de Oro,,Tango,Carlos Viván,Odeón,,"Arturo Rodríguez, F. Ferrari",F. Ferrari,,28-33 Viván,Luis Suárez,,"Juan Maglio, Carlos H. Macchi (Flute)",José Bonano,"Piano, Bass, 4 Bandoneons, 3 Violins",,
Juan Maglio,Orquesta Juan Maglio,12/20/1928,Flor de Rea,,Tango,Carlos Viván,Odeón,,Salvador Merico,"Juan Prous, Raúl Vigo",,28-33 Viván,Luis Suárez,,"Juan Maglio, Carlos H. Macchi (Flute)",José Bonano,"Piano, Bass, 4 Bandoneons, 3 Violins",,
Juan Maglio,Orquesta Juan Maglio,12/20/1928,Siempre Te Recuerdo,,Vals,Carlos Viván,Odeón,,José Mocciola,Francisco Brancatti,,28-33 Viván,Luis Suárez,,"Juan Maglio, Carlos H. Macchi (Flute)",José Bonano,"Piano, Bass, 4 Bandoneons, 3 Violins",,
Juan Maglio,Orquesta Juan Maglio,12/29/1928,Se Van a Armar,,Tango,Carlos Viván,Odeón,,José Rizzuti,Juan Sarcione,,28-33 Viván,Luis Suárez,,"Juan Maglio, Carlos H. Macchi (Flute)",José Bonano,"Piano, Bass, 4 Bandoneons, 3 Violins",,
Juan Maglio,Juan Maglio Solo,1929,La Sonámbula,Sonámbula,Tango,Instrumental,Odeón,,Pascual Cardarópoli,,,28-33 Viván,,,Juan Maglio,,Bandoneon,,
Juan Maglio,Orquesta Juan Maglio,1/6/1929,A Oscuras,,Tango,Carlos Viván,Odeón,,"Antonio Sureda, Gerónimo Sureda",Gerónimo Sureda,,28-33 Viván,José Tinelli,Alfredo Corletto,"Juan Maglio, Federico Scorticati, Gabriel Clausi, Ernesto Di Cicco","Benjamin Holgado Barrios, Marcos Larrosa, Mario Brugni","Piano, Bass, 4 Bandoneons, 3 Violins",,
Juan Maglio,Orquesta Juan Maglio,1/6/1929,Esa Soy Yo,,Tango,Carlos Viván,Odeón,,Adolfo pocholo,José Fernández,,28-33 Viván,José Tinelli,Alfredo Corletto,"Juan Maglio, Federico Scorticati, Gabriel Clausi, Ernesto Di Cicco","Benjamin Holgado Barrios, Marcos Larrosa, Mario Brugni","Piano, Bass, 4 Bandoneons, 3 Violins",,
Juan Maglio,Orquesta Juan Maglio,1/6/1929,Vendría,,Tango,Carlos Viván,Odeón,,Cátulo Castillo,E. Fernández,,28-33 Viván,José Tinelli,Alfredo Corletto,"Juan Maglio, Federico Scorticati, Gabriel Clausi, Ernesto Di Cicco","Benjamin Holgado Barrios, Marcos Larrosa, Mario Brugni","Piano, Bass, 4 Bandoneons, 3 Violins",,
Juan Maglio,Orquesta Juan Maglio,2/26/1929,Amor Filial,,Tango,Instrumental,Odeón,,Pablo Valle,,,28-33 Viván,José Tinelli,Alfredo Corletto,"Juan Maglio, Federico Scorticati, Gabriel Clausi, Ernesto Di Cicco","Benjamin Holgado Barrios, Marcos Larrosa, Mario Brugni","Piano, Bass, 4 Bandoneons, 3 Violins",,
Juan Maglio,Orquesta Juan Maglio,2/26/1929,Provinciano,,Tango,Carlos Viván,Odeón,,José Roselli,José Roselli,,28-33 Viván,José Tinelli,Alfredo Corletto,"Juan Maglio, Federico Scorticati, Gabriel Clausi, Ernesto Di Cicco","Benjamin Holgado Barrios, Marcos Larrosa, Mario Brugni","Piano, Bass, 4 Bandoneons, 3 Violins",,
Juan Maglio,Orquesta Juan Maglio,2/26/1929,Quién Me la Habra Regalao,,Tango,Carlos Viván,Odeón,,Emilio Marchiano,Emilio Marchiano,,28-33 Viván,José Tinelli,Alfredo Corletto,"Juan Maglio, Federico Scorticati, Gabriel Clausi, Ernesto Di Cicco","Benjamin Holgado Barrios, Marcos Larrosa, Mario Brugni","Piano, Bass, 4 Bandoneons, 3 Violins",,
Juan Maglio,Orquesta Juan Maglio,3/5/1929,Cuando Llora el Corazón,,Tango,Carlos Viván,Odeón,,Juan Maglio,José Fernández,,28-33 Viván,José Tinelli,Alfredo Corletto,"Juan Maglio, Federico Scorticati, Gabriel Clausi, Ernesto Di Cicco","Benjamin Holgado Barrios, Marcos Larrosa, Mario Brugni","Piano, Bass, 4 Bandoneons, 3 Violins",,
Juan Maglio,Orquesta Juan Maglio,3/5/1929,Tango Argentino,,Tango,Instrumental,Odeón,,Juan Maglio,Alfredo Bigeschi,,28-33 Viván,José Tinelli,Alfredo Corletto,"Juan Maglio, Federico Scorticati, Gabriel Clausi, Ernesto Di Cicco","Benjamin Holgado Barrios, Marcos Larrosa, Mario Brugni","Piano, Bass, 4 Bandoneons, 3 Violins",,
Juan Maglio,Orquesta Juan Maglio,3/9/1929,Mala Racha,,Tango,Carlos Viván,Odeón,,Enrique Rodríguez,Enrique Rodríguez,,28-33 Viván,José Tinelli,Alfredo Corletto,"Juan Maglio, Federico Scorticati, Gabriel Clausi, Ernesto Di Cicco","Benjamin Holgado Barrios, Marcos Larrosa, Mario Brugni","Piano, Bass, 4 Bandoneons, 3 Violins",,
Juan Maglio,Orquesta Juan Maglio,3/9/1929,Soy un Pobre Gaucho,,Tango,Instrumental,Odeón,,Adolfo pocholo,José Fernández,,28-33 Viván,José Tinelli,Alfredo Corletto,"Juan Maglio, Federico Scorticati, Gabriel Clausi, Ernesto Di Cicco","Benjamin Holgado Barrios, Marcos Larrosa, Mario Brugni","Piano, Bass, 4 Bandoneons, 3 Violins",,
Juan Maglio,Orquesta Juan Maglio,3/26/1929,Chau Hermano,,Tango,Nicolás Gianastasio,Odeón,,Carlos Tirigall,Carlos Tirigall,,28-33 Viván,José Tinelli,Alfredo Corletto,"Juan Maglio, Federico Scorticati, Gabriel Clausi, Ernesto Di Cicco","Benjamin Holgado Barrios, Marcos Larrosa, Mario Brugni","Piano, Bass, 4 Bandoneons, 3 Violins",,
Juan Maglio,Orquesta Juan Maglio,3/26/1929,Sombras de Buenos Aires,,Vals,Instrumental,Odeón,,Antonio Bonavena,,,28-33 Viván,José Tinelli,Alfredo Corletto,"Juan Maglio, Federico Scorticati, Gabriel Clausi, Ernesto Di Cicco","Benjamin Holgado Barrios, Marcos Larrosa, Mario Brugni","Piano, Bass, 4 Bandoneons, 3 Violins",,
Juan Maglio,Orquesta Juan Maglio,3/26/1929,Tendras que Laburar,,Tango,Ángel Ramos,Odeón,,Juan Maglio,José Fernández,,28-33 Viván,José Tinelli,Alfredo Corletto,"Juan Maglio, Federico Scorticati, Gabriel Clausi, Ernesto Di Cicco","Benjamin Holgado Barrios, Marcos Larrosa, Mario Brugni","Piano, Bass, 4 Bandoneons, 3 Violins",,
Juan Maglio,Orquesta Juan Maglio,3/26/1929,Yo Quisiera,,Tango,Instrumental,Odeón,,Udelino Toranzo,,,28-33 Viván,José Tinelli,Alfredo Corletto,"Juan Maglio, Federico Scorticati, Gabriel Clausi, Ernesto Di Cicco","Benjamin Holgado Barrios, Marcos Larrosa, Mario Brugni","Piano, Bass, 4 Bandoneons, 3 Violins",,
Juan Maglio,Orquesta Juan Maglio,4/9/1929,Bohemia,,Tango,Carlos Viván,Odeón,,H. Biassi,H. Biassi,,28-33 Viván,José Tinelli,Alfredo Corletto,"Juan Maglio, Federico Scorticati, Gabriel Clausi, Ernesto Di Cicco","Benjamin Holgado Barrios, Marcos Larrosa, Mario Brugni","Piano, Bass, 4 Bandoneons, 3 Violins",,
Juan Maglio,Orquesta Juan Maglio,4/9/1929,Tus Cartas,,Tango,Nicolás Gianastasio,Odeón,,Antonio Bonavena,Francisco Brancatti,,28-33 Viván,José Tinelli,Alfredo Corletto,"Juan Maglio, Federico Scorticati, Gabriel Clausi, Ernesto Di Cicco","Benjamin Holgado Barrios, Marcos Larrosa, Mario Brugni","Piano, Bass, 4 Bandoneons, 3 Violins",,
Juan Maglio,Orquesta Juan Maglio,4/20/1929,Al Margen de la Ley,,Tango,Carlos Viván,Odeón,,M. Donato,M. Donato,,28-33 Viván,José Tinelli,Alfredo Corletto,"Juan Maglio, Federico Scorticati, Gabriel Clausi, Ernesto Di Cicco","Benjamin Holgado Barrios, Marcos Larrosa, Mario Brugni","Piano, Bass, 4 Bandoneons, 3 Violins",,
Juan Maglio,Orquesta Juan Maglio,4/20/1929,Corazón De Papel,,Tango,Instrumental,Odeón,,Cátulo Castillo,Alberto Franco,,28-33 Viván,José Tinelli,Alfredo Corletto,"Juan Maglio, Federico Scorticati, Gabriel Clausi, Ernesto Di Cicco","Benjamin Holgado Barrios, Marcos Larrosa, Mario Brugni","Piano, Bass, 4 Bandoneons, 3 Violins",,
Juan Maglio,Orquesta Juan Maglio,5/14/1929,Derecho al Vento,,Tango,Carlos Viván,Odeón,,José Mocciola,José Mocciola,,28-33 Viván,José Tinelli,Alfredo Corletto,"Juan Maglio, Federico Scorticati, Gabriel Clausi, Ernesto Di Cicco","Benjamin Holgado Barrios, Marcos Larrosa, Mario Brugni","Piano, Bass, 4 Bandoneons, 3 Violins",,
Juan Maglio,Orquesta Juan Maglio,5/14/1929,Desolación,,Vals,Instrumental,Odeón,,Carmelo Saponaro,,,28-33 Viván,José Tinelli,Alfredo Corletto,"Juan Maglio, Federico Scorticati, Gabriel Clausi, Ernesto Di Cicco","Benjamin Holgado Barrios, Marcos Larrosa, Mario Brugni","Piano, Bass, 4 Bandoneons, 3 Violins",,
Juan Maglio,Orquesta Juan Maglio,5/14/1929,Escuchame Negra,,Tango,Instrumental,Odeón,,Juan Sarcione,Juan Sarcione,,28-33 Viván,José Tinelli,Alfredo Corletto,"Juan Maglio, Federico Scorticati, Gabriel Clausi, Ernesto Di Cicco","Benjamin Holgado Barrios, Marcos Larrosa, Mario Brugni","Piano, Bass, 4 Bandoneons, 3 Violins",,
Juan Maglio,Orquesta Juan Maglio,5/22/1929,Organito del Suburbio,,Tango,Roberto Basso,Odeón,,Antonio Bonavena,Roberto Torres,,28-33 Viván,José Tinelli,Alfredo Corletto,"Juan Maglio, Federico Scorticati, Gabriel Clausi, Ernesto Di Cicco","Benjamin Holgado Barrios, Marcos Larrosa, Mario Brugni","Piano, Bass, 4 Bandoneons, 3 Violins",,
Juan Maglio,Orquesta Juan Maglio,5/24/1929,Pa' que Engañarte Más,,Tango,Instrumental,Odeón,,Amelindo Marchiano,,,28-33 Viván,José Tinelli,Alfredo Corletto,"Juan Maglio, Federico Scorticati, Gabriel Clausi, Ernesto Di Cicco","Benjamin Holgado Barrios, Marcos Larrosa, Mario Brugni","Piano, Bass, 4 Bandoneons, 3 Violins",,
Juan Maglio,Orquesta Juan Maglio,5/24/1929,Porqué Lloras Muchacha,,Tango,Carlos Viván,Odeón,,Rafael Sánchez,Edelmiro Garrido,,28-33 Viván,José Tinelli,Alfredo Corletto,"Juan Maglio, Federico Scorticati, Gabriel Clausi, Ernesto Di Cicco","Benjamin Holgado Barrios, Marcos Larrosa, Mario Brugni","Piano, Bass, 4 Bandoneons, 3 Violins",,
Juan Maglio,Orquesta Juan Maglio,6/7/1929,El Tío Soltero,,Tango,Instrumental,Odeón,,Juan Maglio,José Fernández,,28-33 Viván,José Tinelli,Alfredo Corletto,"Juan Maglio, Federico Scorticati, Gabriel Clausi, Ernesto Di Cicco","Benjamin Holgado Barrios, Marcos Larrosa, Mario Brugni","Piano, Bass, 4 Bandoneons, 3 Violins",G-1850,Victor 69588
Juan Maglio,Orquesta Juan Maglio,6/7/1929,Salí Nomás,,Tango,Carlos Viván,Odeón,,Antonio Bonavena,Antonio Bonavena,,28-33 Viván,José Tinelli,Alfredo Corletto,"Juan Maglio, Federico Scorticati, Gabriel Clausi, Ernesto Di Cicco","Benjamin Holgado Barrios, Marcos Larrosa, Mario Brugni","Piano, Bass, 4 Bandoneons, 3 Violins",,
Juan Maglio,Orquesta Juan Maglio,6/7/1929,Viejo Marino,,Tango,Carlos Viván,Odeón,,Enrique Sotelo,Enrique Sotelo,,28-33 Viván,José Tinelli,Alfredo Corletto,"Juan Maglio, Federico Scorticati, Gabriel Clausi, Ernesto Di Cicco","Benjamin Holgado Barrios, Marcos Larrosa, Mario Brugni","Piano, Bass, 4 Bandoneons, 3 Violins",,
Juan Maglio,Orquesta Juan Maglio,7/26/1929,Bandoneón Por Qué Llorás,,Tango,Carlos Viván,Odeón,,A. Catanaro,A. Catanaro,,28-33 Viván,José Tinelli,Alfredo Corletto,"Juan Maglio, Federico Scorticati, Gabriel Clausi, Ernesto Di Cicco","Benjamin Holgado Barrios, Marcos Larrosa, Mario Brugni","Piano, Bass, 4 Bandoneons, 3 Violins",,
Juan Maglio,Orquesta Juan Maglio,7/26/1929,Sombras del Desierto,,Vals,Carlos Viván,Odeón,,Francisco Peña,Francisco Peña,,28-33 Viván,José Tinelli,Alfredo Corletto,"Juan Maglio, Federico Scorticati, Gabriel Clausi, Ernesto Di Cicco","Benjamin Holgado Barrios, Marcos Larrosa, Mario Brugni","Piano, Bass, 4 Bandoneons, 3 Violins",,
Juan Maglio,Orquesta Juan Maglio,8/6/1929,Bicho Feo,,Tango,Instrumental,Odeón,,José Padula,,,28-33 Viván,José Tinelli,Alfredo Corletto,"Juan Maglio, Federico Scorticati, Gabriel Clausi, Ernesto Di Cicco","Benjamin Holgado Barrios, Marcos Larrosa, Mario Brugni","Piano, Bass, 4 Bandoneons, 3 Violins",,
Juan Maglio,Orquesta Juan Maglio,8/6/1929,Has Vuelto,,Tango,Carlos Viván,Odeón,,M. Donato,M. Donato,,28-33 Viván,José Tinelli,Alfredo Corletto,"Juan Maglio, Federico Scorticati, Gabriel Clausi, Ernesto Di Cicco","Benjamin Holgado Barrios, Marcos Larrosa, Mario Brugni","Piano, Bass, 4 Bandoneons, 3 Violins",,
Juan Maglio,Orquesta Juan Maglio,8/6/1929,Pa' Eso Sos Hombre,,Tango,Instrumental,Odeón,,Alfredo Bigeschi,,,28-33 Viván,José Tinelli,Alfredo Corletto,"Juan Maglio, Federico Scorticati, Gabriel Clausi, Ernesto Di Cicco","Benjamin Holgado Barrios, Marcos Larrosa, Mario Brugni","Piano, Bass, 4 Bandoneons, 3 Violins",,
Juan Maglio,Orquesta Juan Maglio,8/16/1929,Muñecas,,Tango,Instrumental,Odeón,,Marcos Larrosa,,,28-33 Viván,José Tinelli,Alfredo Corletto,"Juan Maglio, Federico Scorticati, Gabriel Clausi, Ernesto Di Cicco","Benjamin Holgado Barrios, Marcos Larrosa, Mario Brugni","Piano, Bass, 4 Bandoneons, 3 Violins",,
Juan Maglio,Orquesta Juan Maglio,8/26/1929,La Guardia Vieja,,Tango,Instrumental,Odeón,,Juan Maglio,Carlos Pesce,,28-33 Viván,José Tinelli,Alfredo Corletto,"Juan Maglio, Federico Scorticati, Gabriel Clausi, Ernesto Di Cicco","Benjamin Holgado Barrios, Marcos Larrosa, Mario Brugni","Piano, Bass, 4 Bandoneons, 3 Violins",G-1886,Victor 69713
Juan Maglio,Orquesta Juan Maglio,8/26/1929,Qué Haces Matón,,Tango,Carlos Viván,Odeón,,Enrique Rodríguez,José Fernández,,28-33 Viván,José Tinelli,Alfredo Corletto,"Juan Maglio, Federico Scorticati, Gabriel Clausi, Ernesto Di Cicco","Benjamin Holgado Barrios, Marcos Larrosa, Mario Brugni","Piano, Bass, 4 Bandoneons, 3 Violins",,
Juan Maglio,Orquesta Juan Maglio,8/26/1929,Senda de Abrojos,,Tango,Carlos Viván,Odeón,,Juan Maglio,Alfredo Bigeschi,,28-33 Viván,José Tinelli,Alfredo Corletto,"Juan Maglio, Federico Scorticati, Gabriel Clausi, Ernesto Di Cicco","Benjamin Holgado Barrios, Marcos Larrosa, Mario Brugni","Piano, Bass, 4 Bandoneons, 3 Violins",G-1852,Victor 69805
Juan Maglio,Orquesta Juan Maglio,9/16/1929,Caperucita Roja,,Tango,Carlos Viván,Odeón,,Alpidio Fernández,Alejandro Del Barrio,,28-33 Viván,José Tinelli,Alfredo Corletto,"Juan Maglio, Federico Scorticati, Gabriel Clausi, Ernesto Di Cicco","Benjamin Holgado Barrios, Marcos Larrosa, Mario Brugni","Piano, Bass, 4 Bandoneons, 3 Violins",,
Juan Maglio,Orquesta Juan Maglio,9/16/1929,Mascotita de Marfil,,Vals,Instrumental,Odeón,,"Juan Castillo, Rafael Giovinazzo",Alfredo Roldán,,28-33 Viván,José Tinelli,Alfredo Corletto,"Juan Maglio, Federico Scorticati, Gabriel Clausi, Ernesto Di Cicco","Benjamin Holgado Barrios, Marcos Larrosa, Mario Brugni","Piano, Bass, 4 Bandoneons, 3 Violins",,
Juan Maglio,Orquesta Juan Maglio,9/16/1929,Muñecas,,Tango,Instrumental,Odeón,,Marcos Larrosa,,,28-33 Viván,José Tinelli,Alfredo Corletto,"Juan Maglio, Federico Scorticati, Gabriel Clausi, Ernesto Di Cicco","Benjamin Holgado Barrios, Marcos Larrosa, Mario Brugni","Piano, Bass, 4 Bandoneons, 3 Violins",,
Juan Maglio,Orquesta Juan Maglio,9/27/1929,En un Rincón del Café,,Tango,Carlos Viván,Odeón,,Gabriel Clausi,Francisco Laino,,28-33 Viván,José Tinelli,Alfredo Corletto,"Juan Maglio, Federico Scorticati, Gabriel Clausi, Ernesto Di Cicco","Benjamin Holgado Barrios, Marcos Larrosa, Mario Brugni","Piano, Bass, 4 Bandoneons, 3 Violins",,
Juan Maglio,Orquesta Juan Maglio,9/27/1929,No Le Engañes,,Tango,Carlos Viván,Odeón,,Juan Maglio,Alfredo Bigeschi,,28-33 Viván,José Tinelli,Alfredo Corletto,"Juan Maglio, Federico Scorticati, Gabriel Clausi, Ernesto Di Cicco","Benjamin Holgado Barrios, Marcos Larrosa, Mario Brugni","Piano, Bass, 4 Bandoneons, 3 Violins",,
Juan Maglio,Orquesta Juan Maglio,9/27/1929,Te Quiero Te Adoro,,Vals,Instrumental,Odeón,,M. Barilari,,,28-33 Viván,José Tinelli,Alfredo Corletto,"Juan Maglio, Federico Scorticati, Gabriel Clausi, Ernesto Di Cicco","Benjamin Holgado Barrios, Marcos Larrosa, Mario Brugni","Piano, Bass, 4 Bandoneons, 3 Violins",,
Juan Maglio,Orquesta Juan Maglio,10/4/1929,Margaritas,,Tango,Instrumental,Odeón,,Juan González,Gabino Peñaloza,,28-33 Viván,José Tinelli,Alfredo Corletto,"Juan Maglio, Federico Scorticati, Gabriel Clausi, Ernesto Di Cicco","Benjamin Holgado Barrios, Marcos Larrosa, Mario Brugni","Piano, Bass, 4 Bandoneons, 3 Violins",,
Juan Maglio,Orquesta Juan Maglio,10/4/1929,Vencida,,Tango,Carlos Viván,Odeón,,Juan Maglio,Enrique Sotelo,,28-33 Viván,José Tinelli,Alfredo Corletto,"Juan Maglio, Federico Scorticati, Gabriel Clausi, Ernesto Di Cicco","Benjamin Holgado Barrios, Marcos Larrosa, Mario Brugni","Piano, Bass, 4 Bandoneons, 3 Violins",,
Juan Maglio,Orquesta Juan Maglio,10/25/1929,Hermanita Buena,,Tango,Carlos Viván,Odeón,,Antonio Boutureira,Antonio Boutureira,,28-33 Viván,José Tinelli,Alfredo Corletto,"Juan Maglio, Federico Scorticati, Gabriel Clausi, Ernesto Di Cicco","Benjamin Holgado Barrios, Marcos Larrosa, Mario Brugni","Piano, Bass, 4 Bandoneons, 3 Violins",,
Juan Maglio,Orquesta Juan Maglio,10/25/1929,Lamento Gaucho,,Tango,Instrumental,Odeón,,Natalio Ink,,,28-33 Viván,José Tinelli,Alfredo Corletto,"Juan Maglio, Federico Scorticati, Gabriel Clausi, Ernesto Di Cicco","Benjamin Holgado Barrios, Marcos Larrosa, Mario Brugni","Piano, Bass, 4 Bandoneons, 3 Violins",,
Juan Maglio,Orquesta Juan Maglio,10/25/1929,Un Chico Bien,,Tango,Carlos Viván,Odeón,,Juan Maglio,Juan Maglio,,28-33 Viván,José Tinelli,Alfredo Corletto,"Juan Maglio, Federico Scorticati, Gabriel Clausi, Ernesto Di Cicco","Benjamin Holgado Barrios, Marcos Larrosa, Mario Brugni","Piano, Bass, 4 Bandoneons, 3 Violins",,
Juan Maglio,Orquesta Juan Maglio,11/8/1929,A Media Noche,A Medianoche,Tango,Carlos Viván,Odeón,,Juan Maglio,Enrique Dizeo,,28-33 Viván,José Tinelli,Alfredo Corletto,"Juan Maglio, Federico Scorticati, Gabriel Clausi, Ernesto Di Cicco","Benjamin Holgado Barrios, Marcos Larrosa, Mario Brugni","Piano, Bass, 4 Bandoneons, 3 Violins",,
Juan Maglio,Orquesta Juan Maglio,11/8/1929,Cuando Soñe,,Vals,Instrumental,Odeón,,Francisco Bonafina,,,28-33 Viván,José Tinelli,Alfredo Corletto,"Juan Maglio, Federico Scorticati, Gabriel Clausi, Ernesto Di Cicco","Benjamin Holgado Barrios, Marcos Larrosa, Mario Brugni","Piano, Bass, 4 Bandoneons, 3 Violins",,
Juan Maglio,Orquesta Juan Maglio,11/8/1929,Mi Monona,,Tango,Instrumental,Odeón,,Juan Maglio,Carlos Pesce,,28-33 Viván,José Tinelli,Alfredo Corletto,"Juan Maglio, Federico Scorticati, Gabriel Clausi, Ernesto Di Cicco","Benjamin Holgado Barrios, Marcos Larrosa, Mario Brugni","Piano, Bass, 4 Bandoneons, 3 Violins",,
Juan Maglio,Orquesta Juan Maglio,11/22/1929,El Barbijo,,Tango,Instrumental,Odeón,,Andrés Doménech,Jesús Blanco,,28-33 Viván,José Tinelli,Alfredo Corletto,"Juan Maglio, Federico Scorticati, Gabriel Clausi, Ernesto Di Cicco","Benjamin Holgado Barrios, Marcos Larrosa, Mario Brugni","Piano, Bass, 4 Bandoneons, 3 Violins",,
Juan Maglio,Orquesta Juan Maglio,11/22/1929,El Tejado,,Tango,Instrumental,Odeón,,Juan Maglio,,,28-33 Viván,José Tinelli,Alfredo Corletto,"Juan Maglio, Federico Scorticati, Gabriel Clausi, Ernesto Di Cicco","Benjamin Holgado Barrios, Marcos Larrosa, Mario Brugni","Piano, Bass, 4 Bandoneons, 3 Violins",,
Juan Maglio,Orquesta Juan Maglio,11/22/1929,No Llores,,Tango,Carlos Viván,Odeón,,Emilio Marchiano,Emilio Marchiano,,28-33 Viván,José Tinelli,Alfredo Corletto,"Juan Maglio, Federico Scorticati, Gabriel Clausi, Ernesto Di Cicco","Benjamin Holgado Barrios, Marcos Larrosa, Mario Brugni","Piano, Bass, 4 Bandoneons, 3 Violins",,
Juan Maglio,Orquesta Juan Maglio,11/22/1929,No Me Hablés de Amor,No Me Hablen de Amor,Tango,Carlos Viván,Odeón,,Blanco Pedregal,Blanco Pedregal,,28-33 Viván,José Tinelli,Alfredo Corletto,"Juan Maglio, Federico Scorticati, Gabriel Clausi, Ernesto Di Cicco","Benjamin Holgado Barrios, Marcos Larrosa, Mario Brugni","Piano, Bass, 4 Bandoneons, 3 Violins",,
Juan Maglio,Orquesta Juan Maglio,12/3/1929,Y Hasta El Cardo Tiene Flor,,Tango,Instrumental,Odeón,,Carlos Escobar,,,28-33 Viván,José Tinelli,Alfredo Corletto,"Juan Maglio, Federico Scorticati, Gabriel Clausi, Ernesto Di Cicco","Benjamin Holgado Barrios, Marcos Larrosa, Mario Brugni","Piano, Bass, 4 Bandoneons, 3 Violins",,
Juan Maglio,Orquesta Juan Maglio,12/6/1929,Alma y Corazón,,Tango,Carlos Viván,Odeón,,"Juan Varni, José Varni","Juan Varni, José Varni",,28-33 Viván,José Tinelli,Alfredo Corletto,"Juan Maglio, Federico Scorticati, Gabriel Clausi, Ernesto Di Cicco","Benjamin Holgado Barrios, Marcos Larrosa, Mario Brugni","Piano, Bass, 4 Bandoneons, 3 Violins",,
Juan Maglio,Orquesta Juan Maglio,12/6/1929,Armenonville,,Tango,Instrumental,Odeón,,Juan Maglio,José Fernández,,28-33 Viván,José Tinelli,Alfredo Corletto,"Juan Maglio, Federico Scorticati, Gabriel Clausi, Ernesto Di Cicco","Benjamin Holgado Barrios, Marcos Larrosa, Mario Brugni","Piano, Bass, 4 Bandoneons, 3 Violins",56606,Columbia T520
Juan Maglio,Orquesta Juan Maglio,12/6/1929,Todo Lo Perdí,,Tango,Carlos Viván,Odeón,,Vicente Pierro,Alfredo Bigeschi,,28-33 Viván,José Tinelli,Alfredo Corletto,"Juan Maglio, Federico Scorticati, Gabriel Clausi, Ernesto Di Cicco","Benjamin Holgado Barrios, Marcos Larrosa, Mario Brugni","Piano, Bass, 4 Bandoneons, 3 Violins",,
Juan Maglio,Orquesta Juan Maglio,2/25/1930,Qué Pena Mamita,,Tango,Carlos Viván,Odeón,,Juan Maglio,"Francisco Laino, Arturo Blasi",,28-33 Viván,José Tinelli,Alfredo Corletto,"Juan Maglio, Federico Scorticati, Gabriel Clausi, Ernesto Di Cicco","Benjamin Holgado Barrios, Marcos Larrosa, Mario Brugni","Piano, Bass, 4 Bandoneons, 3 Violins",,
Juan Maglio,Orquesta Juan Maglio,3/6/1930,Bella Vista,,Tango,Instrumental,Odeón,,Juan Maglio,,,28-33 Viván,José Tinelli,Alfredo Corletto,"Juan Maglio, Federico Scorticati, Gabriel Clausi, Ernesto Di Cicco","Benjamin Holgado Barrios, Marcos Larrosa, Mario Brugni","Piano, Bass, 4 Bandoneons, 3 Violins",,
Juan Maglio,Orquesta Juan Maglio,3/6/1930,Elegancia,,Tango,Instrumental,Odeón,,Juan Rezzano,,,28-33 Viván,José Tinelli,Alfredo Corletto,"Juan Maglio, Federico Scorticati, Gabriel Clausi, Ernesto Di Cicco","Benjamin Holgado Barrios, Marcos Larrosa, Mario Brugni","Piano, Bass, 4 Bandoneons, 3 Violins",,
Juan Maglio,Orquesta Juan Maglio,3/15/1930,El Curdela,,Tango,Carlos Viván,Odeón,,Juan Maglio,Jorge Lobos,,28-33 Viván,José Tinelli,Alfredo Corletto,"Juan Maglio, Federico Scorticati, Gabriel Clausi, Ernesto Di Cicco","Benjamin Holgado Barrios, Marcos Larrosa, Mario Brugni","Piano, Bass, 4 Bandoneons, 3 Violins",,
Juan Maglio,Orquesta Juan Maglio,3/15/1930,Gloria Gaucha,,Vals,Carlos Viván,Odeón,,José Fernández,José Fernández,,28-33 Viván,José Tinelli,Alfredo Corletto,"Juan Maglio, Federico Scorticati, Gabriel Clausi, Ernesto Di Cicco","Benjamin Holgado Barrios, Marcos Larrosa, Mario Brugni","Piano, Bass, 4 Bandoneons, 3 Violins",,
Juan Maglio,Orquesta Juan Maglio,3/15/1930,Orillas Del Plata,,Vals,Carlos Viván,Odeón,,Juan Maglio,Ricardo Llanes,,28-33 Viván,José Tinelli,Alfredo Corletto,"Juan Maglio, Federico Scorticati, Gabriel Clausi, Ernesto Di Cicco","Benjamin Holgado Barrios, Marcos Larrosa, Mario Brugni","Piano, Bass, 4 Bandoneons, 3 Violins",G-1869,Victor 69589
Juan Maglio,Orquesta Juan Maglio,3/15/1930,Que se Vayan,,Tango,Instrumental,Odeón,,Francisco Canosa,Enrique Dizeo,,28-33 Viván,José Tinelli,Alfredo Corletto,"Juan Maglio, Federico Scorticati, Gabriel Clausi, Ernesto Di Cicco","Benjamin Holgado Barrios, Marcos Larrosa, Mario Brugni","Piano, Bass, 4 Bandoneons, 3 Violins",,
Juan Maglio,Orquesta Juan Maglio,3/28/1930,Adoración,,Tango,Carlos Viván,Odeón,,Alberto Pugliese,Alberto Pugliese,,28-33 Viván,José Tinelli,Alfredo Corletto,"Juan Maglio, Federico Scorticati, Gabriel Clausi, Ernesto Di Cicco","Benjamin Holgado Barrios, Marcos Larrosa, Mario Brugni","Piano, Bass, 4 Bandoneons, 3 Violins",,
Juan Maglio,Orquesta Juan Maglio,3/28/1930,Mi Barrio Querido,,Tango,Carlos Viván,Odeón,,Juan Puentes,Francisco Ringa,,28-33 Viván,José Tinelli,Alfredo Corletto,"Juan Maglio, Federico Scorticati, Gabriel Clausi, Ernesto Di Cicco","Benjamin Holgado Barrios, Marcos Larrosa, Mario Brugni","Piano, Bass, 4 Bandoneons, 3 Violins",,
Juan Maglio,Orquesta Juan Maglio,3/28/1930,Mujer de Carnaval,,Tango,Carlos Viván,Odeón,,Eugenio Nóbile,Nolo López,,28-33 Viván,José Tinelli,Alfredo Corletto,"Juan Maglio, Federico Scorticati, Gabriel Clausi, Ernesto Di Cicco","Benjamin Holgado Barrios, Marcos Larrosa, Mario Brugni","Piano, Bass, 4 Bandoneons, 3 Violins",,
Juan Maglio,Orquesta Juan Maglio,3/28/1930,Vieja Muchachada,,Tango,Carlos Viván,Odeón,,Antonio Arona,Antonio Arona,,28-33 Viván,José Tinelli,Alfredo Corletto,"Juan Maglio, Federico Scorticati, Gabriel Clausi, Ernesto Di Cicco","Benjamin Holgado Barrios, Marcos Larrosa, Mario Brugni","Piano, Bass, 4 Bandoneons, 3 Violins",,
Juan Maglio,Orquesta Juan Maglio,4/8/1930,Fayuto,,Tango,Instrumental,Odeón,,Rafael Ventura,,,28-33 Viván,José Tinelli,Alfredo Corletto,"Juan Maglio, Federico Scorticati, Gabriel Clausi, Ernesto Di Cicco","Benjamin Holgado Barrios, Marcos Larrosa, Mario Brugni","Piano, Bass, 4 Bandoneons, 3 Violins",,
Juan Maglio,Orquesta Juan Maglio,4/8/1930,Mi Caballito Criollo,,Tango,Nicolás Gianastasio,Odeón,,Nicolás Gianastasio,José Fernández,,28-33 Viván,José Tinelli,Alfredo Corletto,"Juan Maglio, Federico Scorticati, Gabriel Clausi, Ernesto Di Cicco","Benjamin Holgado Barrios, Marcos Larrosa, Mario Brugni","Piano, Bass, 4 Bandoneons, 3 Violins",,
Juan Maglio,Orquesta Juan Maglio,4/8/1930,Negrita No Te Enojes,,Tango,Carlos Viván,Odeón,,T. Guisado,T. Guisado,,28-33 Viván,José Tinelli,Alfredo Corletto,"Juan Maglio, Federico Scorticati, Gabriel Clausi, Ernesto Di Cicco","Benjamin Holgado Barrios, Marcos Larrosa, Mario Brugni","Piano, Bass, 4 Bandoneons, 3 Violins",,
Juan Maglio,Orquesta Juan Maglio,4/25/1930,Artigas,,Tango,Instrumental,Odeón,,Juan Maglio,Alfredo Bigeschi,,28-33 Viván,José Tinelli,Alfredo Corletto,"Juan Maglio, Federico Scorticati, Gabriel Clausi, Ernesto Di Cicco","Benjamin Holgado Barrios, Marcos Larrosa, Mario Brugni","Piano, Bass, 4 Bandoneons, 3 Violins",,
Juan Maglio,Orquesta Juan Maglio,4/26/1930,Corazón de Piedra,,Tango,Instrumental,Odeón,,Juan Puentes,,,28-33 Viván,José Tinelli,Alfredo Corletto,"Juan Maglio, Federico Scorticati, Gabriel Clausi, Ernesto Di Cicco","Benjamin Holgado Barrios, Marcos Larrosa, Mario Brugni","Piano, Bass, 4 Bandoneons, 3 Violins",,
Juan Maglio,Orquesta Juan Maglio,5/8/1930,Cielo Azul,,Tango,Carlos Viván,Odeón,,Alejandro Scarpino,Alejandro Scarpino,,28-33 Viván,José Tinelli,Alfredo Corletto,"Juan Maglio, Federico Scorticati, Gabriel Clausi, Ernesto Di Cicco","Benjamin Holgado Barrios, Marcos Larrosa, Mario Brugni","Piano, Bass, 4 Bandoneons, 3 Violins",,
Juan Maglio,Orquesta Juan Maglio,5/8/1930,Flor Otoñal,,Vals,Carlos Viván,Odeón,,Adolfo pocholo,Adolfo pocholo,,28-33 Viván,José Tinelli,Alfredo Corletto,"Juan Maglio, Federico Scorticati, Gabriel Clausi, Ernesto Di Cicco","Benjamin Holgado Barrios, Marcos Larrosa, Mario Brugni","Piano, Bass, 4 Bandoneons, 3 Violins",,
Juan Maglio,Orquesta Juan Maglio,5/8/1930,Recuerdo Póstumo,,Tango,Instrumental,Odeón,,Antonio Corrado,,,28-33 Viván,José Tinelli,Alfredo Corletto,"Juan Maglio, Federico Scorticati, Gabriel Clausi, Ernesto Di Cicco","Benjamin Holgado Barrios, Marcos Larrosa, Mario Brugni","Piano, Bass, 4 Bandoneons, 3 Violins",,
Juan Maglio,Orquesta Juan Maglio,5/8/1930,Tomá Mate,,Tango,Instrumental,Odeón,,Juan Maglio,Carlos Pesce,,28-33 Viván,José Tinelli,Alfredo Corletto,"Juan Maglio, Federico Scorticati, Gabriel Clausi, Ernesto Di Cicco","Benjamin Holgado Barrios, Marcos Larrosa, Mario Brugni","Piano, Bass, 4 Bandoneons, 3 Violins",57218,Columbia TX761
Juan Maglio,Orquesta Juan Maglio,5/13/1930,Cachá Viaje,,Tango,Instrumental,Odeón,,Jaime Vila,Ernesto Cardenal,,28-33 Viván,José Tinelli,Alfredo Corletto,"Juan Maglio, Federico Scorticati, Gabriel Clausi, Ernesto Di Cicco","Benjamin Holgado Barrios, Marcos Larrosa, Mario Brugni","Piano, Bass, 4 Bandoneons, 3 Violins",,
Juan Maglio,Orquesta Juan Maglio,5/13/1930,Loco de Amor,,Tango,Carlos Viván,Odeón,,Francisco Bonafina,Francisco Bonafina,,28-33 Viván,José Tinelli,Alfredo Corletto,"Juan Maglio, Federico Scorticati, Gabriel Clausi, Ernesto Di Cicco","Benjamin Holgado Barrios, Marcos Larrosa, Mario Brugni","Piano, Bass, 4 Bandoneons, 3 Violins",,
Juan Maglio,Orquesta Juan Maglio,5/20/1930,Almagro,,Tango,Instrumental,Odeón,,Vicente Lorenzo,Antonio Polito,,28-33 Viván,José Tinelli,Alfredo Corletto,"Juan Maglio, Federico Scorticati, Gabriel Clausi, Ernesto Di Cicco","Benjamin Holgado Barrios, Marcos Larrosa, Mario Brugni","Piano, Bass, 4 Bandoneons, 3 Violins",,
Juan Maglio,Orquesta Juan Maglio,5/20/1930,Matala,,Tango,Instrumental,Odeón,,Eduardo Bonessi,Eduardo Bonessi,,28-33 Viván,José Tinelli,Alfredo Corletto,"Juan Maglio, Federico Scorticati, Gabriel Clausi, Ernesto Di Cicco","Benjamin Holgado Barrios, Marcos Larrosa, Mario Brugni","Piano, Bass, 4 Bandoneons, 3 Violins",,
Juan Maglio,Orquesta Juan Maglio,5/20/1930,Viejo Smoking,,Tango,Instrumental,Odeón,,Guillermo Barbieri,Celedonio Flores,,28-33 Viván,José Tinelli,Alfredo Corletto,"Juan Maglio, Federico Scorticati, Gabriel Clausi, Ernesto Di Cicco","Benjamin Holgado Barrios, Marcos Larrosa, Mario Brugni","Piano, Bass, 4 Bandoneons, 3 Violins",,
Juan Maglio,Orquesta Juan Maglio,6/14/1930,Candombe de Barrio,,Tango,Carlos Viván,Odeón,,Rafael Ventura,Celedonio Flores,,28-33 Viván,José Tinelli,Alfredo Corletto,"Juan Maglio, Federico Scorticati, Gabriel Clausi, Ernesto Di Cicco","Benjamin Holgado Barrios, Marcos Larrosa, Mario Brugni","Piano, Bass, 4 Bandoneons, 3 Violins",,
Juan Maglio,Orquesta Juan Maglio,6/14/1930,Nostalgía,,Vals,Carlos Viván,Odeón,,Antonio Sureda,Antonio Sureda,,28-33 Viván,José Tinelli,Alfredo Corletto,"Juan Maglio, Federico Scorticati, Gabriel Clausi, Ernesto Di Cicco","Benjamin Holgado Barrios, Marcos Larrosa, Mario Brugni","Piano, Bass, 4 Bandoneons, 3 Violins",,
Juan Maglio,Orquesta Juan Maglio,6/14/1930,Un Copetín,,Tango,Carlos Viván,Odeón,,Juan Maglio,José Fernández,,28-33 Viván,José Tinelli,Alfredo Corletto,"Juan Maglio, Federico Scorticati, Gabriel Clausi, Ernesto Di Cicco","Benjamin Holgado Barrios, Marcos Larrosa, Mario Brugni","Piano, Bass, 4 Bandoneons, 3 Violins",56609,Columbia T522
Juan Maglio,Orquesta Juan Maglio,6/18/1930,El Último Tango,,Tango,Instrumental,Odeón,,Vicente Salerno,,,28-33 Viván,José Tinelli,Alfredo Corletto,"Juan Maglio, Federico Scorticati, Gabriel Clausi, Ernesto Di Cicco","Benjamin Holgado Barrios, Marcos Larrosa, Mario Brugni","Piano, Bass, 4 Bandoneons, 3 Violins",,
Juan Maglio,Orquesta Juan Maglio,6/18/1930,Negra Mala,,Tango,Instrumental,Odeón,,Hermes Peressini,,,28-33 Viván,José Tinelli,Alfredo Corletto,"Juan Maglio, Federico Scorticati, Gabriel Clausi, Ernesto Di Cicco","Benjamin Holgado Barrios, Marcos Larrosa, Mario Brugni","Piano, Bass, 4 Bandoneons, 3 Violins",,
Juan Maglio,Orquesta Juan Maglio,9/3/1930,Angelita,,Vals,Carlos Viván,Odeón,,"Juan Mercorelli, Ferreyra","Juan Mercorelli, Ferreyra",,28-33 Viván,José Tinelli,Alfredo Corletto,"Juan Maglio, Federico Scorticati, Gabriel Clausi, Ernesto Di Cicco","Benjamin Holgado Barrios, Marcos Larrosa, Mario Brugni","Piano, Bass, 4 Bandoneons, 3 Violins",,
Juan Maglio,Orquesta Juan Maglio,9/3/1930,Gritos del Alma,,Vals,Instrumental,Odeón,,Adolfo pocholo,José Staffolani,,28-33 Viván,José Tinelli,Alfredo Corletto,"Juan Maglio, Federico Scorticati, Gabriel Clausi, Ernesto Di Cicco","Benjamin Holgado Barrios, Marcos Larrosa, Mario Brugni","Piano, Bass, 4 Bandoneons, 3 Violins",,
Juan Maglio,Orquesta Juan Maglio,9/12/1930,Adelita,,Tango,Instrumental,Odeón,,Juan Maglio,,,28-33 Viván,José Tinelli,Alfredo Corletto,"Juan Maglio, Federico Scorticati, Gabriel Clausi, Ernesto Di Cicco","Benjamin Holgado Barrios, Marcos Larrosa, Mario Brugni","Piano, Bass, 4 Bandoneons, 3 Violins",57205,Columbia TX767
Juan Maglio,Orquesta Juan Maglio,9/12/1930,Siete Palabras,,Tango,Carlos Viván,Odeón,,Juan Maglio,Alfredo Bigeschi,,28-33 Viván,José Tinelli,Alfredo Corletto,"Juan Maglio, Federico Scorticati, Gabriel Clausi, Ernesto Di Cicco","Benjamin Holgado Barrios, Marcos Larrosa, Mario Brugni","Piano, Bass, 4 Bandoneons, 3 Violins",,
Juan Maglio,Orquesta Juan Maglio,9/12/1930,Vieja Tapera,,Tango,Carlos Viván,Odeón,,Hernando Scapparone,Francisco Lío,,28-33 Viván,José Tinelli,Alfredo Corletto,"Juan Maglio, Federico Scorticati, Gabriel Clausi, Ernesto Di Cicco","Benjamin Holgado Barrios, Marcos Larrosa, Mario Brugni","Piano, Bass, 4 Bandoneons, 3 Violins",,
Juan Maglio,Orquesta Juan Maglio,9/26/1930,Quasi Nada,El Combate / Cuasi Nada,Tango,Instrumental,Odeón,,Juan Maglio,Francisco Brancatti,,28-33 Viván,José Tinelli,Alfredo Corletto,"Juan Maglio, Federico Scorticati, Gabriel Clausi, Ernesto Di Cicco","Benjamin Holgado Barrios, Marcos Larrosa, Mario Brugni","Piano, Bass, 4 Bandoneons, 3 Violins",,
Juan Maglio,Orquesta Juan Maglio,9/26/1930,Yo Busco una Mina,,Tango,Carlos Viván,Odeón,,Nicolás Verona,Enrique Maroni,,28-33 Viván,José Tinelli,Alfredo Corletto,"Juan Maglio, Federico Scorticati, Gabriel Clausi, Ernesto Di Cicco","Benjamin Holgado Barrios, Marcos Larrosa, Mario Brugni","Piano, Bass, 4 Bandoneons, 3 Violins",,
Juan Maglio,Orquesta Juan Maglio,10/7/1930,Esta Loco,,Tango,Instrumental,Odeón,,Carlos Sapelli,,,28-33 Viván,José Tinelli,Alfredo Corletto,"Juan Maglio, Federico Scorticati, Gabriel Clausi, Ernesto Di Cicco","Benjamin Holgado Barrios, Marcos Larrosa, Mario Brugni","Piano, Bass, 4 Bandoneons, 3 Violins",,
Juan Maglio,Orquesta Juan Maglio,10/7/1930,Jeanette,Jeannette,Tango,Instrumental,Odeón,,Juan Maglio,,,28-33 Viván,José Tinelli,Alfredo Corletto,"Juan Maglio, Federico Scorticati, Gabriel Clausi, Ernesto Di Cicco","Benjamin Holgado Barrios, Marcos Larrosa, Mario Brugni","Piano, Bass, 4 Bandoneons, 3 Violins",,
Juan Maglio,Orquesta Juan Maglio,10/31/1930,Abran Cancha,,Tango,Instrumental,Odeón,,Américo Mauro,,,28-33 Viván,José Tinelli,Alfredo Corletto,"Juan Maglio, Federico Scorticati, Gabriel Clausi, Ernesto Di Cicco","Benjamin Holgado Barrios, Marcos Larrosa, Mario Brugni","Piano, Bass, 4 Bandoneons, 3 Violins",,
Juan Maglio,Orquesta Juan Maglio,10/31/1930,Celia,,Vals,Roberto Basso,Odeón,,Juan Mercorelli,Alfredo Bigeschi,,28-33 Viván,José Tinelli,Alfredo Corletto,"Juan Maglio, Federico Scorticati, Gabriel Clausi, Ernesto Di Cicco","Benjamin Holgado Barrios, Marcos Larrosa, Mario Brugni","Piano, Bass, 4 Bandoneons, 3 Violins",,
Juan Maglio,Orquesta Juan Maglio,10/31/1930,Despedida,,Tango,Instrumental,Odeón,,Ernesto Marcorelli,,,28-33 Viván,José Tinelli,Alfredo Corletto,"Juan Maglio, Federico Scorticati, Gabriel Clausi, Ernesto Di Cicco","Benjamin Holgado Barrios, Marcos Larrosa, Mario Brugni","Piano, Bass, 4 Bandoneons, 3 Violins",,
Juan Maglio,Orquesta Juan Maglio,10/31/1930,No Tenés Perdón de Dios,,Tango,Fernando Díaz,Odeón,,Carlos Masina,Enrique Saenz,,28-33 Viván,José Tinelli,Alfredo Corletto,"Juan Maglio, Federico Scorticati, Gabriel Clausi, Ernesto Di Cicco","Benjamin Holgado Barrios, Marcos Larrosa, Mario Brugni","Piano, Bass, 4 Bandoneons, 3 Violins",,
Juan Maglio,Orquesta Juan Maglio,11/15/1930,Lazo Pampa,,Tango,Carlos Viván,Odeón,,Juan Maglio,Juan Maglio,,28-33 Viván,José Tinelli,Alfredo Corletto,"Juan Maglio, Federico Scorticati, Gabriel Clausi, Ernesto Di Cicco","Benjamin Holgado Barrios, Marcos Larrosa, Mario Brugni","Piano, Bass, 4 Bandoneons, 3 Violins",,
Juan Maglio,Orquesta Juan Maglio,11/15/1930,Mal Amigo,,Tango,Instrumental,Odeón,,José Bonnano,Rodolfo Sciammarella,,28-33 Viván,José Tinelli,Alfredo Corletto,"Juan Maglio, Federico Scorticati, Gabriel Clausi, Ernesto Di Cicco","Benjamin Holgado Barrios, Marcos Larrosa, Mario Brugni","Piano, Bass, 4 Bandoneons, 3 Violins",,
Juan Maglio,Orquesta Juan Maglio,1931,El Aguacero,Canción de la Pampa,Tango,Carlos Viván,Odeón,,Cátulo Castillo,José Castillo,,28-33 Viván,José Tinelli,Alfredo Corletto,"Juan Maglio, Federico Scorticati, Gabriel Clausi, Ernesto Di Cicco","Benjamin Holgado Barrios, Marcos Larrosa, Mario Brugni","Piano, Bass, 4 Bandoneons, 3 Violins",,
Juan Maglio,Orquesta Juan Maglio,1931,Margot,,Tango,Instrumental,Odeón,,Juan Maglio,Francisco Brancatti,,28-33 Viván,José Tinelli,Alfredo Corletto,"Juan Maglio, Federico Scorticati, Gabriel Clausi, Ernesto Di Cicco","Benjamin Holgado Barrios, Marcos Larrosa, Mario Brugni","Piano, Bass, 4 Bandoneons, 3 Violins",,
Juan Maglio,Orquesta Juan Maglio,4/23/1931,La Canción de la Montaña,,Tango,Carlos Viván,Odeón,,Juan Maglio,Juan Maglio,,28-33 Viván,José Tinelli,Alfredo Corletto,"Juan Maglio, Federico Scorticati, Gabriel Clausi, Ernesto Di Cicco","Benjamin Holgado Barrios, Marcos Larrosa, Mario Brugni","Piano, Bass, 4 Bandoneons, 3 Violins",,
Juan Maglio,Orquesta Juan Maglio,4/23/1931,Un Placer,,Vals,Instrumental,Odeón,,Vicente Romeo,Juan Caruso,,28-33 Viván,José Tinelli,Alfredo Corletto,"Juan Maglio, Federico Scorticati, Gabriel Clausi, Ernesto Di Cicco","Benjamin Holgado Barrios, Marcos Larrosa, Mario Brugni","Piano, Bass, 4 Bandoneons, 3 Violins",,
Juan Maglio,Orquesta Juan Maglio,5/9/1931,Cielito,,Tango,Instrumental,Odeón,,Juan Maglio,,,28-33 Viván,José Tinelli,Alfredo Corletto,"Juan Maglio, Federico Scorticati, Gabriel Clausi, Ernesto Di Cicco","Benjamin Holgado Barrios, Marcos Larrosa, Mario Brugni","Piano, Bass, 4 Bandoneons, 3 Violins",G-1862,Victor 72159
Juan Maglio,Orquesta Juan Maglio,5/9/1931,Cuentos Viejos,,Tango,Instrumental,Odeón,,Juan Maglio,,,28-33 Viván,José Tinelli,Alfredo Corletto,"Juan Maglio, Federico Scorticati, Gabriel Clausi, Ernesto Di Cicco","Benjamin Holgado Barrios, Marcos Larrosa, Mario Brugni","Piano, Bass, 4 Bandoneons, 3 Violins",,
Juan Maglio,Orquesta Juan Maglio,7/18/1931,Con una Sola Mano,,Tango,Instrumental,Odeón,,Bartolomé Villa,José Fernández,,28-33 Viván,José Tinelli,Alfredo Corletto,"Juan Maglio, Federico Scorticati, Gabriel Clausi, Ernesto Di Cicco","Benjamin Holgado Barrios, Marcos Larrosa, Mario Brugni","Piano, Bass, 4 Bandoneons, 3 Violins",,
Juan Maglio,Orquesta Juan Maglio,8/21/1931,Plegaria,,Tango,Instrumental,Odeón,,Eduardo De Maio,Alfredo Allegretto,,28-33 Viván,José Tinelli,Alfredo Corletto,"Juan Maglio, Federico Scorticati, Gabriel Clausi, Ernesto Di Cicco","Benjamin Holgado Barrios, Marcos Larrosa, Mario Brugni","Piano, Bass, 4 Bandoneons, 3 Violins",,
Juan Maglio,Orquesta Juan Maglio,9/18/1931,Abrojos,,Tango,Instrumental,Odeón,,Alfonso Lacueva,Armando Tagini,,28-33 Viván,José Tinelli,Alfredo Corletto,"Juan Maglio, Federico Scorticati, Gabriel Clausi, Ernesto Di Cicco","Benjamin Holgado Barrios, Marcos Larrosa, Mario Brugni","Piano, Bass, 4 Bandoneons, 3 Violins",,
Juan Maglio,Orquesta Juan Maglio,9/18/1931,Pensando En Ti,,Vals,Carlos Viván,Odeón,,G. Dupnur,José Fernández,,28-33 Viván,José Tinelli,Alfredo Corletto,"Juan Maglio, Federico Scorticati, Gabriel Clausi, Ernesto Di Cicco","Benjamin Holgado Barrios, Marcos Larrosa, Mario Brugni","Piano, Bass, 4 Bandoneons, 3 Violins",,
Juan Maglio,Orquesta Juan Maglio,9/18/1931,Princesa,,Vals,Instrumental,Odeón,,Juan Maglio,,,28-33 Viván,José Tinelli,Alfredo Corletto,"Juan Maglio, Federico Scorticati, Gabriel Clausi, Ernesto Di Cicco","Benjamin Holgado Barrios, Marcos Larrosa, Mario Brugni","Piano, Bass, 4 Bandoneons, 3 Violins",,
Juan Maglio,Orquesta Juan Maglio,11/12/1931,Alma Triste,,Tango,Instrumental,Odeón,,Juan Guido,,,28-33 Viván,José Tinelli,Alfredo Corletto,"Juan Maglio, Federico Scorticati, Gabriel Clausi, Ernesto Di Cicco","Benjamin Holgado Barrios, Marcos Larrosa, Mario Brugni","Piano, Bass, 4 Bandoneons, 3 Violins",,
Juan Maglio,Orquesta Juan Maglio,12/18/1931,El Pensamiento,,Vals,Carlos Viván,Odeón,,Juan Maglio,Juan Maglio,,28-33 Viván,José Tinelli,Alfredo Corletto,"Juan Maglio, Federico Scorticati, Gabriel Clausi, Ernesto Di Cicco","Benjamin Holgado Barrios, Marcos Larrosa, Mario Brugni","Piano, Bass, 4 Bandoneons, 3 Violins",,
Juan Maglio,Orquesta Juan Maglio,12/18/1931,El Zonda,,Tango,Carlos Viván,Odeón,,Juan Maglio,Juan Maglio,,28-33 Viván,José Tinelli,Alfredo Corletto,"Juan Maglio, Federico Scorticati, Gabriel Clausi, Ernesto Di Cicco","Benjamin Holgado Barrios, Marcos Larrosa, Mario Brugni","Piano, Bass, 4 Bandoneons, 3 Violins",,
Juan Maglio,Orquesta Juan Maglio,1/7/1932,Tristeza Gaucha,,Tango,Carlos Viván,Odeón,,Juan Labadia,Juan Labadia,,28-33 Viván,José Tinelli,Alfredo Corletto,"Juan Maglio, Federico Scorticati, Gabriel Clausi, Ernesto Di Cicco","Benjamin Holgado Barrios, Marcos Larrosa, Mario Brugni","Piano, Bass, 4 Bandoneons, 3 Violins",,
Juan Maglio,Orquesta Juan Maglio,2/26/1932,Garabatos,,Tango,Carlos Viván,Odeón,,Miguel Caló,Mario Gomila,,28-33 Viván,José Tinelli,Alfredo Corletto,"Juan Maglio, Federico Scorticati, Gabriel Clausi, Ernesto Di Cicco","Benjamin Holgado Barrios, Marcos Larrosa, Mario Brugni","Piano, Bass, 4 Bandoneons, 3 Violins",,
Juan Maglio,Orquesta Juan Maglio,2/26/1932,Pobre Flor,Primera Ilusión,Vals,Instrumental,Odeón,,Luis Mottolese,Víctor Spindola,,28-33 Viván,José Tinelli,Alfredo Corletto,"Juan Maglio, Federico Scorticati, Gabriel Clausi, Ernesto Di Cicco","Benjamin Holgado Barrios, Marcos Larrosa, Mario Brugni","Piano, Bass, 4 Bandoneons, 3 Violins",,
Juan Maglio,Orquesta Juan Maglio,5/10/1932,Mi Queja,,Tango,Instrumental,Odeón,,Juan Maglio,,,28-33 Viván,José Tinelli,Alfredo Corletto,"Juan Maglio, Federico Scorticati, Gabriel Clausi, Ernesto Di Cicco","Benjamin Holgado Barrios, Marcos Larrosa, Mario Brugni","Piano, Bass, 4 Bandoneons, 3 Violins",,
Juan Maglio,Orquesta Juan Maglio,2/21/1933,Unión Cívica,,Tango,Instrumental,Víctor,,Domingo Santa Cruz,,,28-33 Viván,Juan Santa Cruz,Alfredo Corletto,"Juan Maglio, Angel Martín, Gabriel Clausi, Ernesto Di Cicco","Elvino Vardaro, Mauricio Saiovich, Luciano Ríos","Piano, Bass, 4 Bandoneons, 3 Violins",BAVE-74045,Victor 37357
Juan Maglio,Orquesta Juan Maglio,4/17/1934,Recordándote,,Vals,Instrumental,Víctor,,Gerardo Metallo,Gerardo Metallo,,28-33 Viván,Juan Santa Cruz,Alfredo Corletto,"Juan Maglio, Angel Martín, Gabriel Clausi, Ernesto Di Cicco","Elvino Vardaro, Mauricio Saiovich, Luciano Ríos","Piano, Bass, 4 Bandoneons, 3 Violins",56633,Columbia T540
Juan Maglio,Orquesta Juan Maglio,2/21/1933,María Esther,,Vals,Instrumental,Víctor,,Juan Maglio,Juan Raimundo Falchi,,28-33 Viván,Juan Santa Cruz,Alfredo Corletto,"Juan Maglio, Angel Martín, Gabriel Clausi, Ernesto Di Cicco","Elvino Vardaro, Mauricio Saiovich, Luciano Ríos","Piano, Bass, 4 Bandoneons, 3 Violins",BAVE-74044,Victor 37357
Juan Maglio,Orquesta Juan Maglio,5/3/1933,El Mate Amargo,Un Mate Amargo,Tango,Instrumental,Víctor,,Oscar Herrero,Elizardo Martínez Vilas,,28-33 Viván,Juan Santa Cruz,Alfredo Corletto,"Juan Maglio, Angel Martín, Gabriel Clausi, Ernesto Di Cicco","Elvino Vardaro, Mauricio Saiovich, Luciano Ríos","Piano, Bass, 4 Bandoneons, 3 Violins",,
Juan Maglio,,1912,Recuerdos,,Polca,Instrumental,Columbia,,Domingo Santa Cruz,,,,,,,,,56612,Columbia T540
Juan Maglio,,1912,Siga la farra,,Tango,Instrumental,Columbia,,Oreste Metetieri,,,,,,,,,56613,Columbia T539
Juan Maglio,,1912,Cuasi nada,,Tango,Instrumental,Columbia,,Juan Maglio,,,,,,,,,56615,Columbia T538
Juan Maglio,,1912,Aires criollos,,Potpourri,Instrumental,Columbia,,Domingo Santa Cruz,,,,,,,,,56617,Columbia T537
Juan Maglio,,1912,Tan delicao el niño,,Tango,Instrumental,Columbia,,Angel Gregorio Villoldo,,,,,,,,,56627,Columbia T590
Juan Maglio,,1912,Don Pedro,,Tango,Instrumental,Columbia,,Angel Gregorio Villoldo,Carlos Pesce; Antonio Polito,,,,,,,,56629,Columbia S2002
Juan Maglio,,1912,Sarita,,Tango,Instrumental,Columbia,,Carlos H. Macchi,León Castaing,,,,,,,,56630,Columbia S2002
Juan Maglio,,1912,Las siete palabras,,Tango,Instrumental,Columbia,,Ambrosio Radrizzani,,,,,,,,,56631,Columbia T541
Juan Maglio,,1912,Si me queres decime,,Tango,Instrumental,Columbia,,C. Posadas,,,,,,,,,56632,Columbia T591
Juan Maglio,,1912,No hay plata,,Tango,Instrumental,Columbia,,José Guardó,,,,,,,,,56727,Columbia T568
Juan Maglio,,1912,Marconi,,Tango,Instrumental,Columbia,,Alfredo A. Bevilacqua,,,,,,,,,56730,Columbia T570
Juan Maglio,,1912,Iguala y larga,,Tango,Instrumental,Columbia,,Cárlos Posadas,,,,,,,,,56732,Columbia T589
Juan Maglio,,1912,El gringo,,,Instrumental,Columbia,,Cárlos Posadas,,,,,,,,,56735,Columbia S2005
Juan Maglio,,1912,Juan Carlos,,Tango,Instrumental,Columbia,,Jaime V. Casalins,,,,,,,,,56737,Columbia T653
Juan Maglio,,1912,Ecos del alma,,Vals,Instrumental,Columbia,,Eusebio De Miguel,,,,,,,,,56739,Columbia S2005
Juan Maglio,,1912,Siempre cariñosa,,Polca,Instrumental,Columbia,,Alberto S. Poggi,,,,,,,,,56740,Columbia T654
Juan Maglio,,1912,Entre rios,,Vals,Instrumental,Columbia,,Bartolomé Burlando,,,,,,,,,56783,Columbia T596
Juan Maglio,,1912,Burlando,,Tango,Instrumental,Columbia,,Bartolomé Burlando,,,,,,,,,56784,Columbia T596
Juan Maglio,,1912,A ti dedico mis flores,,Tango,Instrumental,Columbia,,Luis Da-Larosa,,,,,,,,,56785,Columbia S2009
Juan Maglio,,1912,Carlitos,,Tango,Instrumental,Columbia,,M. A. Torres,,,,,,,,,56789,Columbia T597
Juan Maglio,,1912,Los granaderos,,Polca,Instrumental,Columbia,,Ernesto Becucci,,,,,,,,,56794,Columbia T599
Juan Maglio,,1912,Compinche,,Tango,Instrumental,Columbia,,Roberto Firpo,,,,,,,,,56795,Columbia T650
Juan Maglio,,1912,Lluvia de oro,,Vals,Instrumental,Columbia,,Emil Waldteufel,,,,,,,,,56798,Columbia T599
Juan Maglio,,1912,Brune ou blonde,,Vals,Instrumental,Columbia,,Emil Waldteufel,,,,,,,,,56800,Columbia S2003
Juan Maglio,,1912,Bar el popular,,Tango,Instrumental,Columbia,,Alfredo A. Bevilacqua,Antonio Polito,,,,,,,,56802,Columbia S2012
Juan Maglio,,1912,Tres jolie,,Vals,Instrumental,Columbia,,Emil Waldteufel,,,,,,,,,56803,Columbia T656
Juan Maglio,,1912,La pleu belle,,Vals,Instrumental,Columbia,,Emil Waldteufel,,,,,,,,,56804,Columbia T657
Juan Maglio,,1912,Les sirenes,,Vals,Instrumental,Columbia,,Emil Waldteufel,,,,,,,,,56805,Columbia S2004
Juan Maglio,,1912,Vertige,,Vals,Instrumental,Columbia,,Rodolphe Berger,,,,,,,,,56806,Columbia T656
Juan Maglio,,1912,El reservado,,Tango,Instrumental,Columbia,,Carlos H. Macchi,,,,,,,,,56808,Columbia T600
Juan Maglio,,1912,Herminia,,Tango,Instrumental,Columbia,,A. Corte Real,,,,,,,,,56809,Columbia T649
Juan Maglio,,1912,Granada,,,Instrumental,Columbia,,,,,,,,,,,57130,Columbia TX871
Juan Maglio,,1912,Estilos y vidalitas,,Improvisaciones,Instrumental,Columbia,,,,,,,,,,,57174,Columbia T657
Juan Maglio,,1913,La tardecita,,Tango,Instrumental,Columbia,,Juan Maglio,,,,,,,,,57197,Columbia TX886
Juan Maglio,,1913,13,,,Instrumental,Columbia,,Juan Maglio,,,,,,,,,57207,Columbia TX858
Juan Maglio,,1913,La machona,,,Instrumental,Columbia,,Juan Maglio,,,,,,,,,57209,Columbia TX889
Juan Maglio,,1913,La chitita,,Tango,Instrumental,Columbia,,Juan Maglio,,,,,,,,,57217,Columbia TX761
Juan Maglio,,1913,Jaguel,,Tango,Instrumental,Columbia,,Cárlos Posadas,,,,,,,,,57219,Columbia TX765
Juan Maglio,,1913,El electrico,,Tango,Instrumental,Columbia,,Vicente Greco,Ernesto Temes,,,,,,,,57220,Columbia TX765
Juan Maglio,,1913,El espiante,,Tango,Instrumental,Columbia,,,,,,,,,,,57221,Columbia TX898
Juan Maglio,,1913,Chile,,Tango,Instrumental,Columbia,,Juan Maglio,,,,,,,,,57227,Columbia TX766
Juan Maglio,,1913,Maria Celestina,,Tango,Instrumental,Columbia,,Juan Maglio; R. L. Alvarez Roldan,,,,,,,,,57228,Columbia TX766
Juan Maglio,,1913,Flor de...zanahoria,,Tango,Instrumental,Columbia,,Francisco Miraglia,,,,,,,,,57229,Columbia TX763
Juan Maglio,,1913,Que plancha?,,,Instrumental,Columbia,,Juan Maglio,,,,,,,,,57232,Columbia TX885
Juan Maglio,,1913,Corazones amantes,,,Instrumental,Columbia,,,,,,,,,,,57233,Columbia TX893
Juan Maglio,,1913,Horas de Hastio,,,Instrumental,Columbia,,Juan Maglio,,,,,,,,,57238,Columbia TX762
Juan Maglio,,1913,Zamba,,Aires provincianos,Instrumental,Columbia,,Juan Maglio,,,,,,,,,57239,Columbia TX763
Juan Maglio,,1913,La taruguita,,,Instrumental,Columbia,,Francisco Miraglia,,,,,,,,,57240,Columbia TX762
Juan Maglio,,1913,Irene,,Mazurca,Instrumental,Columbia,,Francisco Miraglia,Francisco García Jiménez,,,,,,,,57241,Columbia TX897
Juan Maglio,,1913,Cosas y cositas,,Mazurka de concierto,Instrumental,Columbia,,Francisco Miraglia,,,,,,,,,57242,Columbia TX767
Juan Maglio,,1913,El amor que rie,,Two step,Instrumental,Columbia,,,,,,,,,,,57249,Columbia TX871
Juan Maglio,,1913,¿Quién dijo yo?,,Polca,Instrumental,Columbia,,Carlos Minotti,,,,,,,,,57250,Columbia TX875
Juan Maglio,,1913,La pebetita,,,Instrumental,Columbia,,Francisco Miraglia,,,,,,,,,57251,Columbia TX768
Juan Maglio,,1913,Amor eterno,,Vals,Instrumental,Columbia,,Carlos Minotti,,,,,,,,,57252,Columbia TX875
Juan Maglio,,1913,Antes o despues?,,Polca,Instrumental,Columbia,,Carlos Minotti,,,,,,,,,57264,Columbia TX873
Juan Maglio,,1913,Soko,,,Instrumental,Columbia,,,,,,,,,,,57265,Columbia TX768
Juan Maglio,,1913,Bajo los sauces,,Vals,Instrumental,Columbia,,Carlos Minotti,,,,,,,,,57267,Columbia TX873
Juan Maglio,,1913,Dos almas en una,,Vals,Instrumental,Columbia,,Carlos Minotti,,,,,,,,,57268,Columbia TX782
Juan Maglio,,1913,Retirao,,,Instrumental,Columbia,,Cárlos Posadas,,,,,,,,,57312,Columbia TX889
Juan Maglio,,1913,Cuarteto Pacho,,Tango,Instrumental,Columbia,,Mauricio Sorin,,,,,,,,,57314,Columbia TX897
Juan Maglio,,1913,El flaco,,,Instrumental,Columbia,,Cárlos Posadas,,,,,,,,,57315,Columbia TX858
Juan Maglio,,1913,El simpático,,Tango,Instrumental,Columbia,,Cárlos Posadas,,,,,,,,,57316,Columbia TX898
Juan Maglio,,1913,As de oro,,Tango,Instrumental,Columbia,,,,,,,,,,,57317,Columbia T936
Juan Maglio,,1914,Mi compadre,,,Instrumental,Columbia,,Francisco Miraglia,,,,,,,,,57334,Columbia TX859
Juan Maglio,,1914,Mercedes,,,Instrumental,Columbia,,,,,,,,,,,57335,Columbia TX893
Juan Maglio,,1914,Mi compadre,,,Instrumental,Columbia,,Cárlos Posadas,,,,,,,,,57336,Columbia TX859
Juan Maglio,,1914,Que ocurrencia,,Tango,Instrumental,Columbia,,Cárlos Posadas,,,,,,,,,57425,Columbia TX783
Juan Maglio,,1914,Picuka,,,Instrumental,Columbia,,Cárlos Posadas,,,,,,,,,57426,Columbia TX787
Juan Maglio,,1914,Amelia,,Mazurka,Instrumental,Columbia,,,,,,,,,,,57428,Columbia T915
Juan Maglio,,1914,Florita,,,Instrumental,Columbia,,Carlos Minotti,,,,,,,,,57429,Columbia TX786
Juan Maglio,,1914,Si Ud. quisiera,,,Instrumental,Columbia,,Carlos Minotti,,,,,,,,,57430,Columbia TX785
Juan Maglio,,1914,Sin base,,Tango,Instrumental,Columbia,,,,,,,,,,,57431,Columbia T915
Juan Maglio,,1914,El tabaré,,Tango,Instrumental,Columbia,,Juan Maglio,,,,,,,,,57468,Columbia TX783
Juan Maglio,,1914,Chaucha pelada,,,Instrumental,Columbia,,Carlos Minotti,,,,,,,,,57470,Columbia TX784
Juan Maglio,,1914,Contra la yetta,,,Instrumental,Columbia,,Carlos Minotti,,,,,,,,,57472,Columbia TX787
Juan Maglio,,1914,Pabellon argentino,,,Instrumental,Columbia,,Francisco Miraglia,,,,,,,,,57474,Columbia TX786
Juan Maglio,,1914,Irma,,,Instrumental,Columbia,,,,,,,,,,,57475,Columbia TX785
Juan Maglio,,1914,El caiman,,,Instrumental,Columbia,,José Guardó,,,,,,,,,57477,Columbia TX784
Juan Maglio,,1914,Tus ojos,,,Instrumental,Columbia,,Osmán Pérez Freire,,,,,,,,,59030,Columbia TX789
Juan Maglio,,1914,Inspiracion,,,Instrumental,Columbia,,,,,,,,,,,59031,Columbia TX790
Juan Maglio,,1914,Suspiros lejanos,,,Instrumental,Columbia,,Angel Gregorio Villoldo,,,,,,,,,59032,Columbia TX914
Juan Maglio,,1914,Misterios de amor,,,Instrumental,Columbia,,Gaetano Grossi,,,,,,,,,59033,Columbia TX789
Juan Maglio,,1914,Anhelos de amor,,,Instrumental,Columbia,,,,,,,,,,,59034,Columbia TX914
Juan Maglio,,1914,Anfora de amores,,,Instrumental,Columbia,,Osmán Pérez Freire,,,,,,,,,59035,Columbia TX790
Juan Maglio,,1914,Oido a la caja,,Tango,Instrumental,Columbia,,Cipriano Nava,,,,,,,,,59036,Columbia TX788
Juan Maglio,,1914,La furlana antigua,,,Instrumental,Columbia,,,,,,,,,,,59082,Columbia TX856
Juan Maglio,,1914,La furlana moderna,,,Instrumental,Columbia,,,,,,,,,,,59085,Columbia TX856
Juan Maglio,,1914,Aero Club 1ª parte,,,Instrumental,Columbia,,,,,,,,,,,59086,Columbia TX854
Juan Maglio,,1914,Aero Club 2ª parte,,,Instrumental,Columbia,,,,,,,,,,,59087,Columbia TX855
Juan Maglio,,1914,Aero Club 3ª y 4ª parte,,,Instrumental,Columbia,,,,,,,,,,,59088,Columbia TX854
Juan Maglio,,1914,Aero Club 5ª parte,,,Instrumental,Columbia,,,,,,,,,,,59089,Columbia TX855
Juan Maglio,,1914,American Cirque Excelsior,,,Instrumental,Columbia,,,,,,,,,,,59090,Columbia TX857
Juan Maglio,,1914,El 13,,,Instrumental,Columbia,,Alberico Spatola,,,,,,,,,59091,Columbia TX918
Juan Maglio,,1914,Canal de Panama,,,Instrumental,Columbia,,Juan Maglio,,,,,,,,,59092,Columbia TX857
Juan Maglio,,1914,El granadero,,,Instrumental,Columbia,,Angel Gregorio Villoldo,,,,,,,,,59094,Columbia TX853
Juan Maglio,,1914,San Lorenzo,,,Instrumental,Columbia,,Cayetano Alberto Silva,,,,,,,,,59095,Columbia TX853
Juan Maglio,,1914,Una gauchada,,,Instrumental,Columbia,,,,,,,,,,,59104,Columbia TX918
Juan Maglio,,1914,Los pimpollos,,,Instrumental,Columbia,,,,,,,,,,,59106,Columbia TX887
Juan Maglio,,1914,En la sombra,,,Instrumental,Columbia,,,,,,,,,,,59110,Columbia TX876
Juan Maglio,,1914,Flor de lis,,,Instrumental,Columbia,,Pascual de Gullo,,,,,,,,,59111,Columbia TX885
Juan Maglio,,1914,Penas que matan,,,Instrumental,Columbia,,,,,,,,,,,59112,Columbia TX886
Juan Maglio,,1914,El cuervo,,,Instrumental,Columbia,,,,,,,,,,,59113,Columbia TX934
Juan Maglio,,1914,Tome y traiga,,,Instrumental,Columbia,,,,,,,,,,,59114,Columbia TX934
Juan Maglio,,1914,Gato negro,,,Instrumental,Columbia,,,,,,,,,,,59117,Columbia TX932
Juan Maglio,,1914,Granada,,Pasodoble,Instrumental,Columbia,,,,,,,,,,,59130,Columbia T871
Juan Maglio,,1914,"Sacame una pelicula, Gordito!",,,Instrumental,Columbia,,Angel Gregorio Villoldo,,,,,,,,,59131,Columbia TX872
Juan Maglio,,1914,Tango no. 5,,,Instrumental,Columbia,,,,,,,,,,,59133,Columbia T923
Juan Maglio,,1914,Tango no. 3,,,Instrumental,Columbia,,,,,,,,,,,59134,Columbia T923
Juan Maglio,,1914,El régimen,,,Instrumental,Columbia,,,,,,,,,,,59135,Columbia TX933
Juan Maglio,,1914,El castañazo,,,Instrumental,Columbia,,Mauricio Mignot,,,,,,,,,59136,Columbia TX933
Juan Maglio,,1914,Mi homenaje,,,Instrumental,Columbia,,,,,,,,,,,59137,Columbia TX872
Juan Maglio,,1914,Aprovechá la bolada,,,Instrumental,Columbia,,Angel Gregorio Villoldo,Francisco Bohigas,,,,,,,,59139,Columbia TX935
Juan Maglio,,1914,El suertudo,,,Instrumental,Columbia,,Angel Gregorio Villoldo,,,,,,,,,59140,Columbia TX935
Juan Maglio,,1914,La paisanita,,,Instrumental,Columbia,,José M. Cresta,,,,,,,,,59141,Columbia TX927
Juan Maglio,,1914,Estela,,,Instrumental,Columbia,,José M. Cresta,,,,,,,,,59142,Columbia TX927
Juan Maglio,,1914,El cacique,,,Instrumental,Columbia,,,,,,,,,,,59143,Columbia TX874
Juan Maglio,,1914,El chimichurre,,,Instrumental,Columbia,,,,,,,,,,,59144,Columbia TX874
Juan Maglio,,1914,La portena,,Zamba,Instrumental,Columbia,,,,,,,,,,,59166,Columbia T900
Juan Maglio,,1914,Luisita,,Vals,Instrumental,Columbia,,,,,,,,,,,59168,Columbia T924
Juan Maglio,,1914,Pucho,,,Instrumental,Columbia,,Juan Maglio,,,,,,,,,59169,Columbia TX917
Juan Maglio,,1914,El Siripé,,,Instrumental,Columbia,,,,,,,,,,,59170,Columbia TX917
Juan Maglio,,1914,El trancazo,,,Instrumental,Columbia,,Francisco J. Lomuto,,,,,,,,,59171,Columbia TX887
Juan Maglio,,1914,Papita Pal'loro,,Tango,Instrumental,Columbia,,,,,,,,,,,59172,Columbia TX888
Juan Maglio,,1914,El tandilero,,,Instrumental,Columbia,,,,,,,,,,,59179,Columbia TX929
Juan Maglio,,1914,El jaguarete,,Tango,Instrumental,Columbia,,,,,,,,,,,59180,Columbia TX929
Juan Maglio,,1914,Botafogo,,Tango,Instrumental,Columbia,,,,,,,,,,,59181,Columbia T936
Juan Maglio,,1914,Florida,,Vals,Instrumental,Columbia,,Francisco J. Lomuto,Antonio Polito,,,,,,,,59182,Columbia TX888
Juan Maglio,,1914,Newbery,,,Instrumental,Columbia,,,,,,,,,,,59187,Columbia TX916
Juan Maglio,,1914,Cabrien Club (Tango no. 1),,,Instrumental,Columbia,,,,,,,,,,,59188,Columbia TX916
Juan Maglio,,1914,Tierra blanca,,Tango,Instrumental,Columbia,,,,,,,,,,,59189,Columbia T937
Juan Maglio,Orquesta Típica Maglio,4/24/1917,Mala cara,,Tango,Instrumental,Victor,,Luis Suárez,,,,Luis Suárez,,"Juan Maglio, Carlos H. Macchi (Flute)",José Bonano,,G-1851,Victor 69588
Juan Maglio,Orquesta Típica Maglio,4/24/1917,Royal Pigall,,Tango,Instrumental,Victor,,Juan Maglio,,,,Luis Suárez,,"Juan Maglio, Carlos H. Macchi (Flute)",José Bonano,,G-1853,Victor 72158
Juan Maglio,Orquesta Típica Maglio,4/25/1917,Pareja,,Tango,Instrumental,Victor,,Juan Maglio,,,,Luis Suárez,,"Juan Maglio, Carlos H. Macchi (Flute)",José Bonano,,G-1860,Victor 69711
Juan Maglio,Orquesta Típica Maglio,4/25/1917,Haras 'San Julio',,Tango,Instrumental,Victor,,Juan Maglio,,,,Luis Suárez,,"Juan Maglio, Carlos H. Macchi (Flute)",José Bonano,,G-1861,Victor 69711
Juan Maglio,Orquesta Típica Maglio,4/25/1917,Goyito,,Tango,Instrumental,Victor,,A. Cruz,,,,Luis Suárez,,"Juan Maglio, Carlos H. Macchi (Flute)",José Bonano,,G-1864,Victor 69805
Juan Maglio,Orquesta Típica Maglio,4/25/1917,Rodríguez Pividal,,Tango,Instrumental,Victor,,Juan Maglio,,,,Luis Suárez,,"Juan Maglio, Carlos H. Macchi (Flute)",José Bonano,,G-1865,INEDITA
Juan Maglio,Orquesta Típica Maglio,4/25/1917,Espiga de oro,Espiga de Oro (Smasher!),Tango,Instrumental,Victor,,Juan Maglio,,,,Luis Suárez,,"Juan Maglio, Carlos H. Macchi (Flute)",José Bonano,,G-1866,Victor 69589
Juan Maglio,Orquesta Típica Maglio,4/25/1917,Recordar es vivir,,Vals,Instrumental,Victor,,José Bonanno,,,,Luis Suárez,,"Juan Maglio, Carlos H. Macchi (Flute)",José Bonano,,G-1867,Victor 69712
Juan Maglio,Orquesta Típica Maglio,4/27/1917,María,,EstÍlo provinciano,Instrumental,Victor,,Carlos H. Macchi,Juan Miguel Velich,,,Luis Suárez,,"Juan Maglio, Carlos H. Macchi (Flute)",José Bonano,,G-1884,Victor 72159
Juan Maglio,Orquesta Típica Maglio,4/27/1917,Acuarelas pampeanas,,Estilo provinciano,Instrumental,Victor,,Juan Maglio,,,,Luis Suárez,,"Juan Maglio, Carlos H. Macchi (Flute)",José Bonano,,G-1885,Victor 69713
Juan Maglio,Orquesta Típica Maglio,4/27/1917,El comité,,Tango,Instrumental,Victor,,Juan Maglio,,,,Luis Suárez,,"Juan Maglio, Carlos H. Macchi (Flute)",José Bonano,,G-1887,Victor 69806
Juan Maglio,Orquesta Típica Maglio,4/27/1917,La tropilla,,Tango,Instrumental,Victor,,Luis Suárez,,,,Luis Suárez,,"Juan Maglio, Carlos H. Macchi (Flute)",José Bonano,,G-1888,Victor 69806
