Bandleader,Orchestra,Date,Title,AltTitle,Genre,Singer,Label,Master,Matrix,Disk,Composer,Author,Arranger,Grouping,Pianist,Bassist,Bandoneons,Strings,Lineup
Julio De Caro,Orquesta Típica De Caro,1929,Flor De Milonga,,Milonga,Instrumental,Brunswick,78rpm,BA 120,1207 B,Abel Bedrune,Emilio Magaldi,,29-32 Sexteto Brunswick,Francisco De Caro,Olindo Sinibaldi,"Pedro Laurenz, Armando Blasco","Julio De Caro, Emilio De Caro","Piano, Bass, 2 Bandoneons, 2 Violins"
Julio De Caro,Orquesta Típica De Caro,1929,Yo Me Quiero Divertir,,Tango,Roberto Díaz,Brunswick,78rpm,BA 017,1201 A,Julio De Caro,Dante Linyera,,29-32 Sexteto Brunswick,Francisco De Caro,Olindo Sinibaldi,"Pedro Laurenz, Armando Blasco","Julio De Caro, Emilio De Caro","Piano, Bass, 2 Bandoneons, 2 Violins"
Julio De Caro,Orquesta Típica De Caro,1929,Fantasías,,Tango,Instrumental,Brunswick,78rpm,BA 019,1202 B,Manlio Francia,,,29-32 Sexteto Brunswick,Francisco De Caro,Olindo Sinibaldi,"Pedro Laurenz, Armando Blasco","Julio De Caro, Emilio De Caro","Piano, Bass, 2 Bandoneons, 2 Violins"
Julio De Caro,Orquesta Típica De Caro,1929,Dos Lunares,Nadie Sabe,Tango,Instrumental,Brunswick,78rpm,BA 021,1202 A,Francisco De Caro,María Carnelli,,29-32 Sexteto Brunswick,Francisco De Caro,Olindo Sinibaldi,"Pedro Laurenz, Armando Blasco","Julio De Caro, Emilio De Caro","Piano, Bass, 2 Bandoneons, 2 Violins"
Julio De Caro,Orquesta Típica De Caro,1929,Boca Abierta,,Tango,Instrumental,Brunswick,78rpm,BA 024,1201 B,Adolfo Mondino,Víctor Soliño,,29-32 Sexteto Brunswick,Francisco De Caro,Olindo Sinibaldi,"Pedro Laurenz, Armando Blasco","Julio De Caro, Emilio De Caro","Piano, Bass, 2 Bandoneons, 2 Violins"
Julio De Caro,Orquesta Típica De Caro,1929,El Diente,,Tango,Luis Díaz,Brunswick,78rpm,BA 025,1203 A,Julio De Caro,Oscar Lanatta,,29-32 Sexteto Brunswick,Francisco De Caro,Olindo Sinibaldi,"Pedro Laurenz, Armando Blasco","Julio De Caro, Emilio De Caro","Piano, Bass, 2 Bandoneons, 2 Violins"
Julio De Caro,Orquesta Típica De Caro,1929,Luz Mala,,Tango,Instrumental,Brunswick,78rpm,BA 028,1203 B,Graciano De Leone,,,29-32 Sexteto Brunswick,Francisco De Caro,Olindo Sinibaldi,"Pedro Laurenz, Armando Blasco","Julio De Caro, Emilio De Caro","Piano, Bass, 2 Bandoneons, 2 Violins"
Julio De Caro,Orquesta Típica De Caro,1929,Gaucha,,Tango,Luis Díaz,Brunswick,78rpm,BA 067,1204 A,Pedro Laurenz,Luis Rubinstein,,29-32 Sexteto Brunswick,Francisco De Caro,Olindo Sinibaldi,"Pedro Laurenz, Armando Blasco","Julio De Caro, Emilio De Caro","Piano, Bass, 2 Bandoneons, 2 Violins"
Julio De Caro,Orquesta Típica De Caro,1929,Moulin Rouge,,Tango,Instrumental,Brunswick,78rpm,BA 069,1205 A,Julio De Caro,María Carnelli,,29-32 Sexteto Brunswick,Francisco De Caro,Olindo Sinibaldi,"Pedro Laurenz, Armando Blasco","Julio De Caro, Emilio De Caro","Piano, Bass, 2 Bandoneons, 2 Violins"
Julio De Caro,Orquesta Típica De Caro,1929,Víctoria,,Tango,Instrumental,Brunswick,78rpm,BA 071,1204 B,Enrique Discépolo,Enrique Discépolo,,29-32 Sexteto Brunswick,Francisco De Caro,Olindo Sinibaldi,"Pedro Laurenz, Armando Blasco","Julio De Caro, Emilio De Caro","Piano, Bass, 2 Bandoneons, 2 Violins"
Julio De Caro,Orquesta Típica De Caro,1929,Semameton,,Tango,Instrumental,Brunswick,78rpm,BA 118,1205 B,Luis Petrucelli,,,29-32 Sexteto Brunswick,Francisco De Caro,Olindo Sinibaldi,"Pedro Laurenz, Armando Blasco","Julio De Caro, Emilio De Caro","Piano, Bass, 2 Bandoneons, 2 Violins"
Julio De Caro,Orquesta Típica De Caro,1929,Mussete,,Tango,Instrumental,Brunswick,78rpm,BA 122,1207 A,Lucio Demare,,,29-32 Sexteto Brunswick,Francisco De Caro,Olindo Sinibaldi,"Pedro Laurenz, Armando Blasco","Julio De Caro, Emilio De Caro","Piano, Bass, 2 Bandoneons, 2 Violins"
Julio De Caro,Orquesta Típica De Caro,1929,Puro Apronte,,Tango,Instrumental,Brunswick,78rpm,BA 156,1206 A,Domingo Platerotti,Félix Villa,,29-32 Sexteto Brunswick,Francisco De Caro,Olindo Sinibaldi,"Pedro Laurenz, Armando Blasco","Julio De Caro, Emilio De Caro","Piano, Bass, 2 Bandoneons, 2 Violins"
Julio De Caro,Orquesta Típica De Caro,1929,Suerte Perra,,Tango,Oscar Sacchi,Brunswick,78rpm,BA 158,1206 B,Elio Rietti,Enrique Maroni,,29-32 Sexteto Brunswick,Francisco De Caro,Olindo Sinibaldi,"Pedro Laurenz, Armando Blasco","Julio De Caro, Emilio De Caro","Piano, Bass, 2 Bandoneons, 2 Violins"
Julio De Caro,Orquesta Típica De Caro,1929,Corazón,,Tango,Instrumental,Brunswick,78rpm,BA 199,1208 A,Ángel Ortíz,,,29-32 Sexteto Brunswick,Francisco De Caro,Olindo Sinibaldi,"Pedro Laurenz, Armando Blasco","Julio De Caro, Emilio De Caro","Piano, Bass, 2 Bandoneons, 2 Violins"
Julio De Caro,Orquesta Típica De Caro,1929,Tierra Adentro,,Tango,Instrumental,Brunswick,78rpm,BA 228,3 A,Julio De Caro,Atilio Supparo,,29-32 Sexteto Brunswick,Francisco De Caro,Olindo Sinibaldi,"Pedro Laurenz, Armando Blasco","Julio De Caro, Emilio De Caro","Piano, Bass, 2 Bandoneons, 2 Violins"
Julio De Caro,Orquesta Típica De Caro,1929,Andá Con Tus Amigos,,Tango,Luis Díaz,Brunswick,78rpm,BA 298,1212 A,Carlos Sánchez,César Vedani,,29-32 Sexteto Brunswick,Francisco De Caro,Olindo Sinibaldi,"Pedro Laurenz, Armando Blasco","Julio De Caro, Emilio De Caro","Piano, Bass, 2 Bandoneons, 2 Violins"
Julio De Caro,Orquesta Típica De Caro,1929,El Buey Solo,,Tango,Instrumental,Brunswick,78rpm,BA 300,1212 B,Agustín Bardi,,,29-32 Sexteto Brunswick,Francisco De Caro,Olindo Sinibaldi,"Pedro Laurenz, Armando Blasco","Julio De Caro, Emilio De Caro","Piano, Bass, 2 Bandoneons, 2 Violins"
Julio De Caro,Orquesta Típica De Caro,1929,Mal Agüero,,Tango,Instrumental,Brunswick,78rpm,BA 301,1211 A,Graciano De Leone,,,29-32 Sexteto Brunswick,Francisco De Caro,Olindo Sinibaldi,"Pedro Laurenz, Armando Blasco","Julio De Caro, Emilio De Caro","Piano, Bass, 2 Bandoneons, 2 Violins"
Julio De Caro,Orquesta Típica De Caro,1929,Negligé,,Tango,Instrumental,Brunswick,78rpm,BA 303,1211 B,Vicente Sciarreta,,,29-32 Sexteto Brunswick,Francisco De Caro,Olindo Sinibaldi,"Pedro Laurenz, Armando Blasco","Julio De Caro, Emilio De Caro","Piano, Bass, 2 Bandoneons, 2 Violins"
Julio De Caro,Orquesta Típica De Caro,1929,Aquel Don Juan,,Tango,Luis Díaz,Brunswick,78rpm,BA 305,1210 B,Rafael Sánchez,Francisco Brancatti,,29-32 Sexteto Brunswick,Francisco De Caro,Olindo Sinibaldi,"Pedro Laurenz, Armando Blasco","Julio De Caro, Emilio De Caro","Piano, Bass, 2 Bandoneons, 2 Violins"
Julio De Caro,Orquesta Típica De Caro,1929,El Pibe Chacarita,,Tango,Luis Díaz,Brunswick,78rpm,BA 307,1210 A,"Agustín Magaldi, Pedro Noda",Emilio Magaldi,,29-32 Sexteto Brunswick,Francisco De Caro,Olindo Sinibaldi,"Pedro Laurenz, Armando Blasco","Julio De Caro, Emilio De Caro","Piano, Bass, 2 Bandoneons, 2 Violins"
Julio De Caro,Orquesta Típica De Caro,1929,De Antaño,,Tango,Instrumental,Brunswick,78rpm,BA 375,1215 A,Pedro Laurenz,,,29-32 Sexteto Brunswick,Francisco De Caro,Olindo Sinibaldi,"Pedro Laurenz, Armando Blasco","Julio De Caro, Emilio De Caro","Piano, Bass, 2 Bandoneons, 2 Violins"
Julio De Caro,Orquesta Típica De Caro,1929,Un Poema,,Tango,Instrumental,Brunswick,78rpm,BA 378,1215 B,Francisco De Caro,,,29-32 Sexteto Brunswick,Francisco De Caro,Olindo Sinibaldi,"Pedro Laurenz, Armando Blasco","Julio De Caro, Emilio De Caro","Piano, Bass, 2 Bandoneons, 2 Violins"
Julio De Caro,Orquesta Típica De Caro,1929,Amanecer,,Tango,Instrumental,Brunswick,78rpm,BA 379,1214 A,Luis Visca,,,29-32 Sexteto Brunswick,Francisco De Caro,Olindo Sinibaldi,"Pedro Laurenz, Armando Blasco","Julio De Caro, Emilio De Caro","Piano, Bass, 2 Bandoneons, 2 Violins"
Julio De Caro,Orquesta Típica De Caro,1929,Mi Churrasca,,Tango,Instrumental,Brunswick,78rpm,BA 382,1214 B,Miguel Padula,A. Norraca,,29-32 Sexteto Brunswick,Francisco De Caro,Olindo Sinibaldi,"Pedro Laurenz, Armando Blasco","Julio De Caro, Emilio De Caro","Piano, Bass, 2 Bandoneons, 2 Violins"
Julio De Caro,Orquesta Típica De Caro,1929,Recoveco,,Tango,Pedro Lauga,Brunswick,78rpm,BA 394,1213 B,Luis D'Andrea,Julio Bozzano,,29-32 Sexteto Brunswick,Francisco De Caro,Olindo Sinibaldi,"Pedro Laurenz, Armando Blasco","Julio De Caro, Emilio De Caro","Piano, Bass, 2 Bandoneons, 2 Violins"
Julio De Caro,Orquesta Típica De Caro,1929,Loro Viejo,,Tango,Instrumental,Brunswick,78rpm,BA 395,1213 A,Adolfo Avilés,,,29-32 Sexteto Brunswick,Francisco De Caro,Olindo Sinibaldi,"Pedro Laurenz, Armando Blasco","Julio De Caro, Emilio De Caro","Piano, Bass, 2 Bandoneons, 2 Violins"
Julio De Caro,Orquesta Típica De Caro,1929,No Me Olvides Corazón,,Tango,Luis Díaz,Brunswick,78rpm,BA 419,1209 B,Carlos Minotti,Francisco Cozzitorti,,29-32 Sexteto Brunswick,Francisco De Caro,Olindo Sinibaldi,"Pedro Laurenz, Armando Blasco","Julio De Caro, Emilio De Caro","Piano, Bass, 2 Bandoneons, 2 Violins"
Julio De Caro,Orquesta Típica De Caro,1929,Don Quijote,,Tango,Instrumental,Brunswick,78rpm,BA 422,1209 A,Vicente Pierro,,,29-32 Sexteto Brunswick,Francisco De Caro,Olindo Sinibaldi,"Pedro Laurenz, Armando Blasco","Julio De Caro, Emilio De Caro","Piano, Bass, 2 Bandoneons, 2 Violins"
Julio De Caro,Orquesta Típica De Caro,1929,Batida Nocturna,,Tango,Instrumental,Brunswick,78rpm,BA 424,1216 A,Julio De Caro,,,29-32 Sexteto Brunswick,Francisco De Caro,Olindo Sinibaldi,"Pedro Laurenz, Armando Blasco","Julio De Caro, Emilio De Caro","Piano, Bass, 2 Bandoneons, 2 Violins"
Julio De Caro,Orquesta Típica De Caro,1929,Solterona,,Tango,Pedro Lauga,Brunswick,78rpm,BA 425,1216 B,Joaquín Barreiro,Luis Zeballos,,29-32 Sexteto Brunswick,Francisco De Caro,Olindo Sinibaldi,"Pedro Laurenz, Armando Blasco","Julio De Caro, Emilio De Caro","Piano, Bass, 2 Bandoneons, 2 Violins"
Julio De Caro,Orquesta Típica De Caro,1929,Filigrama,,Tango,Instrumental,Brunswick,78rpm,BA 428,1217 A,Plinio Borraschi,Ernesto Echeverría,,29-32 Sexteto Brunswick,Francisco De Caro,Olindo Sinibaldi,"Pedro Laurenz, Armando Blasco","Julio De Caro, Emilio De Caro","Piano, Bass, 2 Bandoneons, 2 Violins"
Julio De Caro,Orquesta Típica De Caro,1929,Buen Amigo,,Tango,Instrumental,Brunswick,78rpm,BA 430,1217 B,Julio De Caro,Carlos Marambio Catán,,29-32 Sexteto Brunswick,Francisco De Caro,Olindo Sinibaldi,"Pedro Laurenz, Armando Blasco","Julio De Caro, Emilio De Caro","Piano, Bass, 2 Bandoneons, 2 Violins"
Julio De Caro,Orquesta Típica De Caro,1929,Rosita,,Vals,Instrumental,Brunswick,78rpm,BA 201,1208 B,Julio De Caro,Lito Bayardo,,29-32 Sexteto Brunswick,Francisco De Caro,Olindo Sinibaldi,"Pedro Laurenz, Armando Blasco","Julio De Caro, Emilio De Caro","Piano, Bass, 2 Bandoneons, 2 Violins"
Julio De Caro,Orquesta Típica De Caro,1930,Rodríguez Peña,,Tango,Instrumental,Brunswick,78rpm,BA 466,1218 A,Vicente Greco,,,29-32 Sexteto Brunswick,Francisco De Caro,Vicente Sciarretta,"Pedro Laurenz, Armando Blasco","Julio De Caro, José Nieso","Piano, Bass, 2 Bandoneons, 2 Violins"
Julio De Caro,Orquesta Típica De Caro,1930,Dónde Estás Corazón,,Tango,"Pedro Lauga, Juan Lauga",Brunswick,78rpm,BA 469,1218 B,Augusto Berto,Luis Martínez Serrano,,29-32 Sexteto Brunswick,Francisco De Caro,Vicente Sciarretta,"Pedro Laurenz, Armando Blasco","Julio De Caro, José Nieso","Piano, Bass, 2 Bandoneons, 2 Violins"
Julio De Caro,Orquesta Típica De Caro,1930,Adiós Arrabal,,Tango,Pedro Lauga,Brunswick,78rpm,BA 479,1219 A,Juan Baüer,Carlos Lenzi,,29-32 Sexteto Brunswick,Francisco De Caro,Vicente Sciarretta,"Pedro Laurenz, Armando Blasco","Julio De Caro, José Nieso","Piano, Bass, 2 Bandoneons, 2 Violins"
Julio De Caro,Orquesta Típica De Caro,1930,Un Copetín,,Tango,Instrumental,Brunswick,78rpm,BA 480,1219 B,Juan Maglio,,,29-32 Sexteto Brunswick,Francisco De Caro,Vicente Sciarretta,"Pedro Laurenz, Armando Blasco","Julio De Caro, José Nieso","Piano, Bass, 2 Bandoneons, 2 Violins"
Julio De Caro,Orquesta Típica De Caro,1930,Corazón Callate Un Poco,,Tango,Pedro Lauga,Brunswick,78rpm,BA 491,1220 A,"Armando Baliotti, César Ginzo",Eduardo Calvo,,29-32 Sexteto Brunswick,Francisco De Caro,Vicente Sciarretta,"Pedro Laurenz, Armando Blasco","Julio De Caro, José Nieso","Piano, Bass, 2 Bandoneons, 2 Violins"
Julio De Caro,Orquesta Típica De Caro,1930,Jueves,Dia De Moda,Tango,Instrumental,Brunswick,78rpm,BA 492,1220 B,"Udelino Toranzo, Rafael Rossi",,,29-32 Sexteto Brunswick,Francisco De Caro,Vicente Sciarretta,"Pedro Laurenz, Armando Blasco","Julio De Caro, José Nieso","Piano, Bass, 2 Bandoneons, 2 Violins"
Julio De Caro,Orquesta Típica De Caro,1930,Qué Alegría,,Tango,Instrumental,Brunswick,78rpm,BA 512,1221 A,Eustaquio Laurenz,,,29-32 Sexteto Brunswick,Francisco De Caro,Vicente Sciarretta,"Pedro Laurenz, Armando Blasco","Julio De Caro, José Nieso","Piano, Bass, 2 Bandoneons, 2 Violins"
Julio De Caro,Orquesta Típica De Caro,1930,Ilusión De Pierrot,,Tango,Luis Díaz,Brunswick,78rpm,BA 515,1221 B,Julio De Caro,Luis Díaz,,29-32 Sexteto Brunswick,Francisco De Caro,Vicente Sciarretta,"Pedro Laurenz, Armando Blasco","Julio De Caro, José Nieso","Piano, Bass, 2 Bandoneons, 2 Violins"
Julio De Caro,Orquesta Típica De Caro,1930,Cómo Nos Divertimos,,Tango,Luis Díaz,Brunswick,78rpm,BA 536,1222 A,Julio De Caro,Dante Linyera,,29-32 Sexteto Brunswick,Francisco De Caro,Vicente Sciarretta,"Pedro Laurenz, Armando Blasco","Julio De Caro, José Nieso","Piano, Bass, 2 Bandoneons, 2 Violins"
Julio De Caro,Orquesta Típica De Caro,1930,Yo Me Quiero Suicidar,,Tango,Luis Díaz,Brunswick,78rpm,BA 539,1222 B,Carlos Minotti,Francisco Cozzitorti,,29-32 Sexteto Brunswick,Francisco De Caro,Vicente Sciarretta,"Pedro Laurenz, Armando Blasco","Julio De Caro, José Nieso","Piano, Bass, 2 Bandoneons, 2 Violins"
Julio De Caro,Orquesta Típica De Caro,1930,Mentiras De Amor,,Tango,Instrumental,Brunswick,78rpm,BA 557,1223 A,Francisco De Caro,Manuel Meaños,,29-32 Sexteto Brunswick,Francisco De Caro,Vicente Sciarretta,"Pedro Laurenz, Armando Blasco","Julio De Caro, José Nieso","Piano, Bass, 2 Bandoneons, 2 Violins"
Julio De Caro,Orquesta Típica De Caro,1930,Coqueta,,Tango,Instrumental,Brunswick,78rpm,BA 559,1223 B,"Francisco De Caro, Pedro Laurenz",,,29-32 Sexteto Brunswick,Francisco De Caro,Vicente Sciarretta,"Pedro Laurenz, Armando Blasco","Julio De Caro, José Nieso","Piano, Bass, 2 Bandoneons, 2 Violins"
Julio De Caro,Orquesta Típica De Caro,1930,Romántica Ternura,,Tango,Instrumental,Brunswick,78rpm,BA 658,1224 A,A. Esperanza,,,29-32 Sexteto Brunswick,Francisco De Caro,Vicente Sciarretta,"Pedro Laurenz, Armando Blasco","Julio De Caro, José Nieso","Piano, Bass, 2 Bandoneons, 2 Violins"
Julio De Caro,Orquesta Típica De Caro,1930,Anocheciendo,,Tango,Luis Díaz,Brunswick,78rpm,BA 660,1224 B,Pintín Castellanos,Pintín Castellanos,,29-32 Sexteto Brunswick,Francisco De Caro,Vicente Sciarretta,"Pedro Laurenz, Armando Blasco","Julio De Caro, José Nieso","Piano, Bass, 2 Bandoneons, 2 Violins"
Julio De Caro,Orquesta Típica De Caro,1930,Engrupido,,Tango,Luis Díaz,Brunswick,78rpm,BA 672,1225A,Adolfo Mondino,Adolfo Mondino,,29-32 Sexteto Brunswick,Francisco De Caro,Vicente Sciarretta,"Pedro Laurenz, Armando Blasco","Julio De Caro, José Nieso","Piano, Bass, 2 Bandoneons, 2 Violins"
Julio De Caro,Orquesta Típica De Caro,1930,Cuando Comprendas,,Tango,Luis Díaz,Brunswick,78rpm,BA 689,1227 B,Horacio Susena,Juan Soria,,29-32 Sexteto Brunswick,Francisco De Caro,Vicente Sciarretta,"Pedro Laurenz, Armando Blasco","Julio De Caro, José Nieso","Piano, Bass, 2 Bandoneons, 2 Violins"
Julio De Caro,Orquesta Típica De Caro,1930,Tan Tan Cartero,,Tango,Luis Díaz,Brunswick,78rpm,BA 698,1226 A,Domingo Vivas,Alfredo Roldán,,29-32 Sexteto Brunswick,Francisco De Caro,Vicente Sciarretta,"Pedro Laurenz, Armando Blasco","Julio De Caro, José Nieso","Piano, Bass, 2 Bandoneons, 2 Violins"
Julio De Caro,Orquesta Típica De Caro,1930,Aunque No Quieras,,Tango,Instrumental,Brunswick,78rpm,BA 700,1226 B,E. Ferraro,,,29-32 Sexteto Brunswick,Francisco De Caro,Vicente Sciarretta,"Pedro Laurenz, Armando Blasco","Julio De Caro, José Nieso","Piano, Bass, 2 Bandoneons, 2 Violins"
Julio De Caro,Orquesta Típica De Caro,1930,Misa Maleva,,Tango,Luis Díaz,Brunswick,78rpm,BA 713,1228 B,D. Faillace,Martín Villanova,,29-32 Sexteto Brunswick,Francisco De Caro,Vicente Sciarretta,"Pedro Laurenz, Armando Blasco","Julio De Caro, José Nieso","Piano, Bass, 2 Bandoneons, 2 Violins"
Julio De Caro,Orquesta Típica De Caro,1930,Vení Chinita,,Tango,Luis Díaz,Brunswick,78rpm,BA 716,1229 B,Alpidio Fernández,Alpidio Fernández,,29-32 Sexteto Brunswick,Francisco De Caro,Vicente Sciarretta,"Pedro Laurenz, Armando Blasco","Julio De Caro, José Nieso","Piano, Bass, 2 Bandoneons, 2 Violins"
Julio De Caro,Orquesta Típica De Caro,1930,Siempre Te Quise,María Rosa,Tango,Luis Díaz,Brunswick,78rpm,BA 717,1225 B,S. Ballón,S. Ballón,,29-32 Sexteto Brunswick,Francisco De Caro,Vicente Sciarretta,"Pedro Laurenz, Armando Blasco","Julio De Caro, José Nieso","Piano, Bass, 2 Bandoneons, 2 Violins"
Julio De Caro,Orquesta Típica De Caro,1930,De Rompe Y Raja,,Tango,Instrumental,Brunswick,78rpm,BA 719,1227 A,Julio De Caro,,,29-32 Sexteto Brunswick,Francisco De Caro,Vicente Sciarretta,"Pedro Laurenz, Armando Blasco","Julio De Caro, José Nieso","Piano, Bass, 2 Bandoneons, 2 Violins"
Julio De Caro,Orquesta Típica De Caro,1930,Mi Tormento,,Tango,Instrumental,Brunswick,78rpm,BA 779,1228 A,S. Bailón,,,29-32 Sexteto Brunswick,Francisco De Caro,Vicente Sciarretta,"Pedro Laurenz, Armando Blasco","Julio De Caro, José Nieso","Piano, Bass, 2 Bandoneons, 2 Violins"
Julio De Caro,Orquesta Típica De Caro,1930,Corazón Malevo,,Tango,Instrumental,Brunswick,78rpm,BA 781,1229 A,Julio Vanni,,,29-32 Sexteto Brunswick,Francisco De Caro,Vicente Sciarretta,"Pedro Laurenz, Armando Blasco","Julio De Caro, José Nieso","Piano, Bass, 2 Bandoneons, 2 Violins"
Julio De Caro,Orquesta Típica De Caro,1930,Loco Berretín,,Tango,Luis Díaz,Brunswick,78rpm,BA 804,1232 A,Pascual Clausi,Pascual Clausi,,29-32 Sexteto Brunswick,Francisco De Caro,Vicente Sciarretta,"Pedro Laurenz, Armando Blasco","Julio De Caro, José Nieso","Piano, Bass, 2 Bandoneons, 2 Violins"
Julio De Caro,Orquesta Típica De Caro,1930,Soñador,,Tango,Luis Díaz,Brunswick,78rpm,BA 806,1232 B,Armando Baliotti,Armando Baliotti,,29-32 Sexteto Brunswick,Francisco De Caro,Vicente Sciarretta,"Pedro Laurenz, Armando Blasco","Julio De Caro, José Nieso","Piano, Bass, 2 Bandoneons, 2 Violins"
Julio De Caro,Orquesta Típica De Caro,1930,Muchachito Grande,,Tango,Luis Díaz,Brunswick,78rpm,BA 813,1231 A,Alfonso Lacueva,Máxino Vago,,29-32 Sexteto Brunswick,Francisco De Caro,Vicente Sciarretta,"Pedro Laurenz, Armando Blasco","Julio De Caro, José Nieso","Piano, Bass, 2 Bandoneons, 2 Violins"
Julio De Caro,Orquesta Típica De Caro,1930,Lágrimas,,Tango,Luis Díaz,Brunswick,78rpm,BA 814,1234 B,L. Ceballos,L. Ceballos,,29-32 Sexteto Brunswick,Francisco De Caro,Vicente Sciarretta,"Pedro Laurenz, Armando Blasco","Julio De Caro, José Nieso","Piano, Bass, 2 Bandoneons, 2 Violins"
Julio De Caro,Orquesta Típica De Caro,1930,Dejá Que Te Cuente,,Tango,Instrumental,Brunswick,78rpm,BA 842,1230 B,Pascual Collazzo,,,29-32 Sexteto Brunswick,Francisco De Caro,Vicente Sciarretta,"Pedro Laurenz, Armando Blasco","Julio De Caro, José Nieso","Piano, Bass, 2 Bandoneons, 2 Violins"
Julio De Caro,Orquesta Típica De Caro,1930,Sin Amor,,Tango,Instrumental,Brunswick,78rpm,BA 843,1231 B,Antonio Rodio,,,29-32 Sexteto Brunswick,Francisco De Caro,Vicente Sciarretta,"Pedro Laurenz, Armando Blasco","Julio De Caro, José Nieso","Piano, Bass, 2 Bandoneons, 2 Violins"
Julio De Caro,Orquesta Típica De Caro,1930,El Entrerriano,,Tango,Instrumental,Brunswick,78rpm,BA 856,1230 A,Rosendo Mendizábal,,,29-32 Sexteto Brunswick,Francisco De Caro,Vicente Sciarretta,"Pedro Laurenz, Armando Blasco","Julio De Caro, José Nieso","Piano, Bass, 2 Bandoneons, 2 Violins"
Julio De Caro,Orquesta Típica De Caro,1930,El Pillete,,Tango,Instrumental,Brunswick,78rpm,BA 888,1233 B,Graciano De Leone,,,29-32 Sexteto Brunswick,Francisco De Caro,Vicente Sciarretta,"Pedro Laurenz, Armando Blasco","Julio De Caro, José Nieso","Piano, Bass, 2 Bandoneons, 2 Violins"
Julio De Caro,Orquesta Típica De Caro,1930,Chinche Bonete,,Tango,Instrumental,Brunswick,78rpm,BA 909,1236 A,Antonio Corrado,,,29-32 Sexteto Brunswick,Francisco De Caro,Vicente Sciarretta,"Pedro Laurenz, Armando Blasco","Julio De Caro, José Nieso","Piano, Bass, 2 Bandoneons, 2 Violins"
Julio De Caro,Orquesta Típica De Caro,1930,La Cumparsita,,Tango,Instrumental,Brunswick,78rpm,BA 911,6 A,Gerardo Mátos Rodríguez,,,29-32 Sexteto Brunswick,Francisco De Caro,Vicente Sciarretta,"Pedro Laurenz, Armando Blasco","Julio De Caro, José Nieso","Piano, Bass, 2 Bandoneons, 2 Violins"
Julio De Caro,Orquesta Típica De Caro,1930,Tata Viejo,,Tango,Luis Díaz,Brunswick,78rpm,BA 913,1235 B,Ricardo Rodríguez,Ricardo Rodríguez,,29-32 Sexteto Brunswick,Francisco De Caro,Vicente Sciarretta,"Pedro Laurenz, Armando Blasco","Julio De Caro, José Nieso","Piano, Bass, 2 Bandoneons, 2 Violins"
Julio De Caro,Orquesta Típica De Caro,1930,Che Panete,,Tango,Luis Díaz,Brunswick,78rpm,BA 934,1235 A,Andrés Doménech,"Alfredo Bertonasco, Domingo Martignone",,29-32 Sexteto Brunswick,Francisco De Caro,Vicente Sciarretta,"Pedro Laurenz, Armando Blasco","Julio De Caro, José Nieso","Piano, Bass, 2 Bandoneons, 2 Violins"
Julio De Caro,Orquesta Típica De Caro,1930,Espuma De Mar,,Tango,Luis Díaz,Brunswick,78rpm,BA 937,1233 A,Santiago Meinvielle,Arturo Rodríguez Bustamente,,29-32 Sexteto Brunswick,Francisco De Caro,Vicente Sciarretta,"Pedro Laurenz, Armando Blasco","Julio De Caro, José Nieso","Piano, Bass, 2 Bandoneons, 2 Violins"
Julio De Caro,Orquesta Típica De Caro,1930,Vieja Escuela De Mi Barrio,,Tango,Luis Díaz,Brunswick,78rpm,BA 969,1234 A,Rodolfo Nasso,César Vedani,,29-32 Sexteto Brunswick,Francisco De Caro,Vicente Sciarretta,"Pedro Laurenz, Armando Blasco","Julio De Caro, José Nieso","Piano, Bass, 2 Bandoneons, 2 Violins"
Julio De Caro,Orquesta Típica De Caro,1930,El Último Adiós,,Tango,Luis Díaz,Brunswick,78rpm,BA 1011,1236 B,"José De Caro, Vicente Tagliacozzo",Luis Rubinstein,,29-32 Sexteto Brunswick,Francisco De Caro,Vicente Sciarretta,"Pedro Laurenz, Armando Blasco","Julio De Caro, José Nieso","Piano, Bass, 2 Bandoneons, 2 Violins"
Julio De Caro,Orquesta Típica De Caro,1930,Narciso Negro,,Tango,Luis Díaz,Brunswick,78rpm,BA 1014,1239 A,Pascual Martínez,Pascual Martínez,,29-32 Sexteto Brunswick,Francisco De Caro,Vicente Sciarretta,"Pedro Laurenz, Armando Blasco","Julio De Caro, José Nieso","Piano, Bass, 2 Bandoneons, 2 Violins"
Julio De Caro,Orquesta Típica De Caro,1930,Carbonada Criolla,,Tango,Instrumental,Brunswick,78rpm,BA 1030,1238 A,B. Machado,,,29-32 Sexteto Brunswick,Francisco De Caro,Vicente Sciarretta,"Pedro Laurenz, Armando Blasco","Julio De Caro, José Nieso","Piano, Bass, 2 Bandoneons, 2 Violins"
Julio De Caro,Orquesta Típica De Caro,1930,Del Pasado,,Tango,Instrumental,Brunswick,78rpm,BA 1032,1238 B,"Agustín Magaldi, Pedro Noda",Enrique Cadícamo,,29-32 Sexteto Brunswick,Francisco De Caro,Vicente Sciarretta,"Pedro Laurenz, Armando Blasco","Julio De Caro, José Nieso","Piano, Bass, 2 Bandoneons, 2 Violins"
Julio De Caro,Orquesta Típica De Caro,1930,Luz Y Sombra,,Tango,Luis Díaz,Brunswick,78rpm,BA 1056,1237 A,Augusto Gentile,Atilio Supparo,,29-32 Sexteto Brunswick,Francisco De Caro,Vicente Sciarretta,"Pedro Laurenz, Armando Blasco","Julio De Caro, José Nieso","Piano, Bass, 2 Bandoneons, 2 Violins"
Julio De Caro,Orquesta Típica De Caro,1930,Malas Lenguas,,Tango,Instrumental,Brunswick,78rpm,BA 1058,1237 B,Justo Trivelli,,,29-32 Sexteto Brunswick,Francisco De Caro,Vicente Sciarretta,"Pedro Laurenz, Armando Blasco","Julio De Caro, José Nieso","Piano, Bass, 2 Bandoneons, 2 Violins"
Julio De Caro,Orquesta Típica De Caro,1930,Gaucho Noble,,Tango,Luis Díaz,Brunswick,78rpm,BA 1067,1241 A,Salvador Grupillo,Manuel Meaños,,29-32 Sexteto Brunswick,Francisco De Caro,Vicente Sciarretta,"Pedro Laurenz, Armando Blasco","Julio De Caro, José Nieso","Piano, Bass, 2 Bandoneons, 2 Violins"
Julio De Caro,Orquesta Típica De Caro,1930,Aflojaste Tiburón,,Tango,Luis Díaz,Brunswick,78rpm,BA 1070,1241 B,Adolfo Mondino,Edmundo Bianchi,,29-32 Sexteto Brunswick,Francisco De Caro,Vicente Sciarretta,"Pedro Laurenz, Armando Blasco","Julio De Caro, José Nieso","Piano, Bass, 2 Bandoneons, 2 Violins"
Julio De Caro,Orquesta Típica De Caro,1930,Canción Del Olvido,,Tango,Luis Díaz,Brunswick,78rpm,BA 1088,1240 B,Rafael Sánchez,Francisco Brancatti,,29-32 Sexteto Brunswick,Francisco De Caro,Vicente Sciarretta,"Pedro Laurenz, Armando Blasco","Julio De Caro, José Nieso","Piano, Bass, 2 Bandoneons, 2 Violins"
Julio De Caro,Orquesta Típica De Caro,1930,Cuento De Amor,,Tango,Luis Díaz,Brunswick,78rpm,BA 1091,1258 B,Juan Rezzano,Luis D'Andrea,,29-32 Sexteto Brunswick,Francisco De Caro,Vicente Sciarretta,"Pedro Laurenz, Armando Blasco","Julio De Caro, José Nieso","Piano, Bass, 2 Bandoneons, 2 Violins"
Julio De Caro,Orquesta Típica De Caro,1930,Yo Se Tu Drama,,Tango,Instrumental,Brunswick,78rpm,BA 1132,1243 B,Vicente Fiorentino,,,29-32 Sexteto Brunswick,Francisco De Caro,Vicente Sciarretta,"Pedro Laurenz, Armando Blasco","Julio De Caro, José Nieso","Piano, Bass, 2 Bandoneons, 2 Violins"
Julio De Caro,Orquesta Típica De Caro,1930,Antojos,,Tango,Luis Díaz,Brunswick,78rpm,BA 1135,1243 A,R. Aguilar Costa,R. Aguilar Costa,,29-32 Sexteto Brunswick,Francisco De Caro,Vicente Sciarretta,"Pedro Laurenz, Armando Blasco","Julio De Caro, José Nieso","Piano, Bass, 2 Bandoneons, 2 Violins"
Julio De Caro,Orquesta Típica De Caro,1930,A La Francesa,,Tango,Luis Díaz,Brunswick,78rpm,BA 1148,1239 B,Enrique Mónaco,Dante Linyera,,29-32 Sexteto Brunswick,Francisco De Caro,Vicente Sciarretta,"Pedro Laurenz, Armando Blasco","Julio De Caro, José Nieso","Piano, Bass, 2 Bandoneons, 2 Violins"
Julio De Caro,Orquesta Típica De Caro,1930,Maliciosa,,Tango,Instrumental,Brunswick,78rpm,BA 1150,1242 B,Miguel Villanueva,,,29-32 Sexteto Brunswick,Francisco De Caro,Vicente Sciarretta,"Pedro Laurenz, Armando Blasco","Julio De Caro, José Nieso","Piano, Bass, 2 Bandoneons, 2 Violins"
Julio De Caro,Orquesta Típica De Caro,1930,Balcón Florido,,Tango,Instrumental,Brunswick,78rpm,BA 1174,1240 A,Vicente Catalano,,,29-32 Sexteto Brunswick,Francisco De Caro,Vicente Sciarretta,"Pedro Laurenz, Armando Blasco","Julio De Caro, José Nieso","Piano, Bass, 2 Bandoneons, 2 Violins"
Julio De Caro,Orquesta Típica De Caro,1930,Noches De Estío,,Tango,Instrumental,Brunswick,78rpm,BA 1188,1242 A,Oscar Rossano,,,29-32 Sexteto Brunswick,Francisco De Caro,Vicente Sciarretta,"Pedro Laurenz, Armando Blasco","Julio De Caro, José Nieso","Piano, Bass, 2 Bandoneons, 2 Violins"
Julio De Caro,Orquesta Típica De Caro,1930,Tradición,,Tango,Luis Díaz,Brunswick,78rpm,BA 1215,1244 B,Fausto Frontera,Enrique Cadícamo,,29-32 Sexteto Brunswick,Francisco De Caro,Vicente Sciarretta,"Pedro Laurenz, Armando Blasco","Julio De Caro, José Nieso","Piano, Bass, 2 Bandoneons, 2 Violins"
Julio De Caro,Orquesta Típica De Caro,1930,Loca Ilusión,,Tango,Luis Díaz,Brunswick,78rpm,BA 1231,1244 A,Julio De Caro,Arturo Rodríguez Bustamente,,29-32 Sexteto Brunswick,Francisco De Caro,Vicente Sciarretta,"Pedro Laurenz, Armando Blasco","Julio De Caro, José Nieso","Piano, Bass, 2 Bandoneons, 2 Violins"
Julio De Caro,Orquesta Típica De Caro,1930,Yira Yira,,Tango,Luis Díaz,Brunswick,78rpm,BA 1233,1245 A,Enrique Discépolo,Enrique Discépolo,,29-32 Sexteto Brunswick,Francisco De Caro,Vicente Sciarretta,"Pedro Laurenz, Armando Blasco","Julio De Caro, José Nieso","Piano, Bass, 2 Bandoneons, 2 Violins"
Julio De Caro,Orquesta Típica De Caro,1930,Calandria,Dejá El Bodegón,Tango,Luis Díaz,Brunswick,78rpm,BA 1249,1245 B,Álvaro Sanjurjo Varela,Enrique Cadícamo,,29-32 Sexteto Brunswick,Francisco De Caro,Vicente Sciarretta,"Pedro Laurenz, Armando Blasco","Julio De Caro, José Nieso","Piano, Bass, 2 Bandoneons, 2 Violins"
Julio De Caro,Orquesta Típica De Caro,1930,Derecho Viejo,,Tango,Instrumental,Brunswick,78rpm,BA 1252,1247 A,Eduardo Arolas,,,29-32 Sexteto Brunswick,Francisco De Caro,Vicente Sciarretta,"Pedro Laurenz, Armando Blasco","Julio De Caro, José Nieso","Piano, Bass, 2 Bandoneons, 2 Violins"
Julio De Caro,Orquesta Típica De Caro,1930,Te Vas A Arrepentir,,Tango,Luis Díaz,Brunswick,78rpm,BA 1277,1246 B,F. Molinari,F. Molinari,,29-32 Sexteto Brunswick,Francisco De Caro,Vicente Sciarretta,"Pedro Laurenz, Armando Blasco","Julio De Caro, José Nieso","Piano, Bass, 2 Bandoneons, 2 Violins"
Julio De Caro,Orquesta Típica De Caro,1930,Chiqué,,Tango,Instrumental,Brunswick,78rpm,BA 1313,1246 A,Ricardo Brignolo,,,29-32 Sexteto Brunswick,Francisco De Caro,Vicente Sciarretta,"Pedro Laurenz, Armando Blasco","Julio De Caro, José Nieso","Piano, Bass, 2 Bandoneons, 2 Violins"
Julio De Caro,Orquesta Típica De Caro,1930,Mi Queja,,Tango,Instrumental,Brunswick,78rpm,BA 1329,1247 B,"Julio De Caro, Francisco De Caro",,,29-32 Sexteto Brunswick,Francisco De Caro,Vicente Sciarretta,"Pedro Laurenz, Armando Blasco","Julio De Caro, José Nieso","Piano, Bass, 2 Bandoneons, 2 Violins"
Julio De Caro,Orquesta Típica De Caro,1930,El Penado 14,,Tango,Instrumental,Brunswick,78rpm,BA 1344,1248 A,"Agustín Magaldi, Pedro Noda",Carlos Pesce,,29-32 Sexteto Brunswick,Francisco De Caro,Vicente Sciarretta,"Pedro Laurenz, Armando Blasco","Julio De Caro, José Nieso","Piano, Bass, 2 Bandoneons, 2 Violins"
Julio De Caro,Orquesta Típica De Caro,1930,Zorrita Maula,,Tango,Instrumental,Brunswick,78rpm,BA 1345,1248 B,"Agustín Magaldi, Pedro Noda",Francisco Brancatti,,29-32 Sexteto Brunswick,Francisco De Caro,Vicente Sciarretta,"Pedro Laurenz, Armando Blasco","Julio De Caro, José Nieso","Piano, Bass, 2 Bandoneons, 2 Violins"
Julio De Caro,Orquesta Típica De Caro,1930,Qué Noche,,Tango,Instrumental,Brunswick,78rpm,BA 1361,1249 B,Agustín Bardi,,,29-32 Sexteto Brunswick,Francisco De Caro,Vicente Sciarretta,"Pedro Laurenz, Armando Blasco","Julio De Caro, José Nieso","Piano, Bass, 2 Bandoneons, 2 Violins"
Julio De Caro,Orquesta Típica De Caro,1930,Alma De Indio,,Tango,Teófilo Ibáñez,Brunswick,78rpm,BA 1364,1249 A,Augusto Gentile,Pedro Córdoba,,29-32 Sexteto Brunswick,Francisco De Caro,Vicente Sciarretta,"Pedro Laurenz, Armando Blasco","Julio De Caro, José Nieso","Piano, Bass, 2 Bandoneons, 2 Violins"
Julio De Caro,Orquesta Típica De Caro,1930,Gotas De Acíbar,,Tango,Luis Díaz,Brunswick,78rpm,BA 1384,1250 A,Washington Boasso Lépori,Washington Boasso Lépori,,29-32 Sexteto Brunswick,Francisco De Caro,Vicente Sciarretta,"Pedro Laurenz, Armando Blasco","Julio De Caro, José Nieso","Piano, Bass, 2 Bandoneons, 2 Violins"
Julio De Caro,Orquesta Típica De Caro,1930,Amelia,,Vals,Luis Díaz,Brunswick,78rpm,BA 886,6 B,Julio De Caro,Julio De Caro,,29-32 Sexteto Brunswick,Francisco De Caro,Vicente Sciarretta,"Pedro Laurenz, Armando Blasco","Julio De Caro, José Nieso","Piano, Bass, 2 Bandoneons, 2 Violins"
Julio De Caro,Orquesta Típica De Caro,1931,Caripavo,,Tango,Instrumental,Brunswick,78rpm,BA 1444,1251 B,Orlando Ponzoni,,,29-32 Sexteto Brunswick,Francisco De Caro,Vicente Sciarretta,"Pedro Laurenz, Armando Blasco","Julio De Caro, José Nieso","Piano, Bass, 2 Bandoneons, 2 Violins"
Julio De Caro,Orquesta Típica De Caro,1931,El Baqueano,,Tango,Instrumental,Brunswick,78rpm,BA 1457,1251 A,Agustín Bardi,,,29-32 Sexteto Brunswick,Francisco De Caro,Vicente Sciarretta,"Pedro Laurenz, Armando Blasco","Julio De Caro, José Nieso","Piano, Bass, 2 Bandoneons, 2 Violins"
Julio De Caro,Orquesta Típica De Caro,1931,Noctámbulo,,Tango,Luis Díaz,Brunswick,78rpm,BA 1481,1252 A,Armando Baliotti,Luis Rubinstein,,29-32 Sexteto Brunswick,Francisco De Caro,Vicente Sciarretta,"Pedro Laurenz, Armando Blasco","Julio De Caro, José Nieso","Piano, Bass, 2 Bandoneons, 2 Violins"
Julio De Caro,Orquesta Típica De Caro,1931,Tu Violín,,Tango,Luis Díaz,Brunswick,78rpm,BA 1482,1252 B,"José Traviglia, Learte Carroli",Armando Tagini,,29-32 Sexteto Brunswick,Francisco De Caro,Vicente Sciarretta,"Pedro Laurenz, Armando Blasco","Julio De Caro, José Nieso","Piano, Bass, 2 Bandoneons, 2 Violins"
Julio De Caro,Orquesta Típica De Caro,1931,La Mazorca,,Tango,Instrumental,Brunswick,78rpm,BA 1518,1253 B,"Julio De Caro, Francisco De Caro",,,29-32 Sexteto Brunswick,Francisco De Caro,Vicente Sciarretta,"Pedro Laurenz, Armando Blasco","Julio De Caro, José Nieso","Piano, Bass, 2 Bandoneons, 2 Violins"
Julio De Caro,Orquesta Típica De Caro,1931,Muñequita De Cristal,,Tango,Luis Díaz,Brunswick,78rpm,BA 1535,1255 B,José Pontón,José Pontón,,29-32 Sexteto Brunswick,Francisco De Caro,Vicente Sciarretta,"Pedro Laurenz, Armando Blasco","Julio De Caro, José Nieso","Piano, Bass, 2 Bandoneons, 2 Violins"
Julio De Caro,Orquesta Típica De Caro,1931,Miguelito,,Tango,Luis Díaz,Brunswick,78rpm,BA 1539,1255 A,Alberto Gentile,Carlos Minotti,,29-32 Sexteto Brunswick,Francisco De Caro,Vicente Sciarretta,"Pedro Laurenz, Armando Blasco","Julio De Caro, José Nieso","Piano, Bass, 2 Bandoneons, 2 Violins"
Julio De Caro,Orquesta Típica De Caro,1931,Todo El Año Es Carnaval,,Tango,Luis Díaz,Brunswick,78rpm,BA 1571,1254 A,Julio De Caro,Dante Linyera,,29-32 Sexteto Brunswick,Francisco De Caro,Vicente Sciarretta,"Pedro Laurenz, Armando Blasco","Julio De Caro, José Nieso","Piano, Bass, 2 Bandoneons, 2 Violins"
Julio De Caro,Orquesta Típica De Caro,1931,Sin Tacha,,Tango,Instrumental,Brunswick,78rpm,BA 1572,1256 B,Pedro Laurenz,,,29-32 Sexteto Brunswick,Francisco De Caro,Vicente Sciarretta,"Pedro Laurenz, Armando Blasco","Julio De Caro, José Nieso","Piano, Bass, 2 Bandoneons, 2 Violins"
Julio De Caro,Orquesta Típica De Caro,1931,Viejo Amigo,,Tango,Luis Díaz,Brunswick,78rpm,BA 1583,1254 B,Julio De Caro,Máximo Vago,,29-32 Sexteto Brunswick,Francisco De Caro,Vicente Sciarretta,"Pedro Laurenz, Armando Blasco","Julio De Caro, José Nieso","Piano, Bass, 2 Bandoneons, 2 Violins"
Julio De Caro,Orquesta Típica De Caro,1931,Páginas Muertas,,Tango,Instrumental,Brunswick,78rpm,BA 1586,1256 A,Francisco De Caro,Mario Gomila,,29-32 Sexteto Brunswick,Francisco De Caro,Vicente Sciarretta,"Pedro Laurenz, Armando Blasco","Julio De Caro, José Nieso","Piano, Bass, 2 Bandoneons, 2 Violins"
Julio De Caro,Orquesta Típica De Caro,1931,Che Pascual,,Tango,Luis Díaz,Brunswick,78rpm,BA 1599,1258 B,José Rizzuti,Santiago Giordano,,29-32 Sexteto Brunswick,Francisco De Caro,Vicente Sciarretta,"Pedro Laurenz, Armando Blasco","Julio De Caro, José Nieso","Piano, Bass, 2 Bandoneons, 2 Violins"
Julio De Caro,Orquesta Típica De Caro,1931,Lamento Reo,,Tango,Luis Díaz,Brunswick,78rpm,BA 1617,1259 A,"Emilio De Caro, Alberto De Caro","Emilio De Caro, Alberto De Caro",,29-32 Sexteto Brunswick,Francisco De Caro,Vicente Sciarretta,"Pedro Laurenz, Armando Blasco","Julio De Caro, José Nieso","Piano, Bass, 2 Bandoneons, 2 Violins"
Julio De Caro,Orquesta Típica De Caro,1931,La Refalada,,Tango,Instrumental,Brunswick,78rpm,BA 1619,1257 A,Julio De Caro,,,29-32 Sexteto Brunswick,Francisco De Caro,Vicente Sciarretta,"Pedro Laurenz, Armando Blasco","Julio De Caro, José Nieso","Piano, Bass, 2 Bandoneons, 2 Violins"
Julio De Caro,Orquesta Típica De Caro,1931,No Es Pa' Ponerse A Llorar,,Tango,Luis Díaz,Brunswick,78rpm,BA 1628,1259 B,Francisco Canosa,Enrique Dizeo,,29-32 Sexteto Brunswick,Francisco De Caro,Vicente Sciarretta,"Pedro Laurenz, Armando Blasco","Julio De Caro, José Nieso","Piano, Bass, 2 Bandoneons, 2 Violins"
Julio De Caro,Orquesta Típica De Caro,1931,Hasta La Vuelta,,Tango,Luis Díaz,Brunswick,78rpm,BA 1647,1262 A,Francisco De Caro,Máximo Vago,,29-32 Sexteto Brunswick,Francisco De Caro,Vicente Sciarretta,"Pedro Laurenz, Armando Blasco","Julio De Caro, José Nieso","Piano, Bass, 2 Bandoneons, 2 Violins"
Julio De Caro,Orquesta Típica De Caro,1931,Tené Cuidado,,Tango,Luis Díaz,Brunswick,78rpm,BA 1650,1260 A,Rodolfo Sciammarella,Rodolfo Sciammarella,,29-32 Sexteto Brunswick,Francisco De Caro,Vicente Sciarretta,"Pedro Laurenz, Armando Blasco","Julio De Caro, José Nieso","Piano, Bass, 2 Bandoneons, 2 Violins"
Julio De Caro,Orquesta Típica De Caro,1931,La Partida,,Tango,Luis Díaz,Brunswick,78rpm,BA 1651,1261 B,Vicente Sciarreta,Vicente Sciarreta,,29-32 Sexteto Brunswick,Francisco De Caro,Vicente Sciarretta,"Pedro Laurenz, Armando Blasco","Julio De Caro, José Nieso","Piano, Bass, 2 Bandoneons, 2 Violins"
Julio De Caro,Orquesta Típica De Caro,1931,Caminito Al Bajo,,Tango,Instrumental,Brunswick,78rpm,BA 1660,1261 A,"Manuel Parada, José De La Vega, Enrique Maroni",,,29-32 Sexteto Brunswick,Francisco De Caro,Vicente Sciarretta,"Pedro Laurenz, Armando Blasco","Julio De Caro, José Nieso","Piano, Bass, 2 Bandoneons, 2 Violins"
Julio De Caro,Orquesta Típica De Caro,1931,Con Cariño,,Tango,Teófilo Ibáñez,Brunswick,78rpm,BA 2113,1263 B,Alejandro Scarpino,Alejandro Scarpino,,29-32 Sexteto Brunswick,Francisco De Caro,Vicente Sciarretta,"Pedro Laurenz, Armando Blasco","Julio De Caro, José Nieso","Piano, Bass, 2 Bandoneons, 2 Violins"
Julio De Caro,Orquesta Típica De Caro,1931,Luna De Miel,,Tango,Instrumental,Brunswick,78rpm,BA 2114,1265 A,Julio De Caro,Mario Gomila,,29-32 Sexteto Brunswick,Francisco De Caro,Vicente Sciarretta,"Pedro Laurenz, Armando Blasco","Julio De Caro, José Nieso","Piano, Bass, 2 Bandoneons, 2 Violins"
Julio De Caro,Orquesta Típica De Caro,1931,A Pan Y Agua,,Tango,Instrumental,Brunswick,78rpm,BA 2128,1264 A,Juan Cobián,,,29-32 Sexteto Brunswick,Francisco De Caro,Vicente Sciarretta,"Pedro Laurenz, Armando Blasco","Julio De Caro, José Nieso","Piano, Bass, 2 Bandoneons, 2 Violins"
Julio De Caro,Orquesta Típica De Caro,1931,Repeluz,,Tango,Instrumental,Brunswick,78rpm,BA 2185,1267 A,Graciano De Leone,,,29-32 Sexteto Brunswick,Francisco De Caro,Vicente Sciarretta,"Pedro Laurenz, Armando Blasco","Julio De Caro, José Nieso","Piano, Bass, 2 Bandoneons, 2 Violins"
Julio De Caro,Orquesta Típica De Caro,1931,Tuve Un Sueño,,Tango,Instrumental,Brunswick,78rpm,BA 2188,1266 A,Pedro Laurenz,,,29-32 Sexteto Brunswick,Francisco De Caro,Vicente Sciarretta,"Pedro Laurenz, Armando Blasco","Julio De Caro, José Nieso","Piano, Bass, 2 Bandoneons, 2 Violins"
Julio De Caro,Orquesta Típica De Caro,1931,Milongueando,,Tango,Teófilo Ibáñez,Brunswick,78rpm,BA 2303,1268 A,J. Ricciardi,J. Ricciardi,,29-32 Sexteto Brunswick,Francisco De Caro,Vicente Sciarretta,"Pedro Laurenz, Armando Blasco","Julio De Caro, José Nieso","Piano, Bass, 2 Bandoneons, 2 Violins"
Julio De Caro,Orquesta Típica De Caro,1931,La Casita De Mis Viejos,,Tango,Instrumental,Brunswick,78rpm,BA 2317,1271 B,Juan Cobián,,,29-32 Sexteto Brunswick,Francisco De Caro,Vicente Sciarretta,"Pedro Laurenz, Armando Blasco","Julio De Caro, José Nieso","Piano, Bass, 2 Bandoneons, 2 Violins"
Julio De Caro,Orquesta Típica De Caro,1931,Noche Calurosa,,Vals,Luis Díaz,Brunswick,78rpm,BA 1682,1262 B,Julio De Caro,Máximo Vago,,29-32 Sexteto Brunswick,Francisco De Caro,Vicente Sciarretta,"Pedro Laurenz, Armando Blasco","Julio De Caro, José Nieso","Piano, Bass, 2 Bandoneons, 2 Violins"
Julio De Caro,Orquesta Típica De Caro,1931,Sueño De Juventud,,Vals,Teófilo Ibáñez,Brunswick,78rpm,BA 2164,1266 B,Enrique Discépolo,Enrique Discépolo,,29-32 Sexteto Brunswick,Francisco De Caro,Vicente Sciarretta,"Pedro Laurenz, Armando Blasco","Julio De Caro, José Nieso","Piano, Bass, 2 Bandoneons, 2 Violins"
Julio De Caro,Orquesta Típica De Caro,1931,La Serenata De Ayer,,Vals,Teófilo Ibáñez,Brunswick,78rpm,BA 2318,1269 B,Manuel Buzón,Ismael Aguilar,,29-32 Sexteto Brunswick,Francisco De Caro,Vicente Sciarretta,"Pedro Laurenz, Armando Blasco","Julio De Caro, José Nieso","Piano, Bass, 2 Bandoneons, 2 Violins"
Julio De Caro,Orquesta Típica De Caro,1932,Hermana,,Tango,Luis Díaz,Brunswick,78rpm,BA 2416,1275 A,Miguel Caló,Mario Gomila,,29-32 Sexteto Brunswick,Francisco De Caro,Vicente Sciarretta,"Pedro Laurenz, Armando Blasco","Julio De Caro, José Nieso","Piano, Bass, 2 Bandoneons, 2 Violins"
Julio De Caro,Orquesta Típica De Caro,1932,Taponazo,,Tango,Teófilo Ibáñez,Brunswick,78rpm,BA 2417,1279 B,Venancio Clauso,Armando Tagini,,29-32 Sexteto Brunswick,Francisco De Caro,Vicente Sciarretta,"Pedro Laurenz, Armando Blasco","Julio De Caro, José Nieso","Piano, Bass, 2 Bandoneons, 2 Violins"
Julio De Caro,Orquesta Típica De Caro,1932,Mi Mujer Es Una Fiera,,Tango,Teófilo Ibáñez,Brunswick,78rpm,BA 2450,1276 B,Ítalo Gianetti,Ítalo Gianetti,,29-32 Sexteto Brunswick,Francisco De Caro,Vicente Sciarretta,"Pedro Laurenz, Armando Blasco","Julio De Caro, José Nieso","Piano, Bass, 2 Bandoneons, 2 Violins"
Julio De Caro,Orquesta Típica De Caro,1932,Souvenir,,Tango,Teófilo Ibáñez,Brunswick,78rpm,BA 2456,1277 A,Armando Blasco,Armando Blasco,,29-32 Sexteto Brunswick,Francisco De Caro,Vicente Sciarretta,"Pedro Laurenz, Armando Blasco","Julio De Caro, José Nieso","Piano, Bass, 2 Bandoneons, 2 Violins"
Julio De Caro,Orquesta Típica De Caro,1932,Catita,,Tango,Teófilo Ibáñez,Brunswick,78rpm,BA 2471,1281 B,Leopoldo Thompson,Leopoldo Thompson,,29-32 Sexteto Brunswick,Francisco De Caro,Vicente Sciarretta,"Pedro Laurenz, Armando Blasco","Julio De Caro, José Nieso","Piano, Bass, 2 Bandoneons, 2 Violins"
Julio De Caro,Orquesta Típica De Caro,1932,Quién Dijo Miedo,,Tango,Teófilo Ibáñez,Brunswick,78rpm,BA 2514,1281 A,Julio De Caro,Enrique Cadícamo,,29-32 Sexteto Brunswick,Francisco De Caro,Vicente Sciarretta,"Pedro Laurenz, Armando Blasco","Julio De Caro, José Nieso","Piano, Bass, 2 Bandoneons, 2 Violins"
Julio De Caro,Orquesta Típica De Caro,1932,Como Una Sombra,,Tango,Teófilo Ibáñez,Brunswick,78rpm,BA 2516,1273 A,Antonio Pecoraro,Antonio Pecoraro,,29-32 Sexteto Brunswick,Francisco De Caro,Vicente Sciarretta,"Pedro Laurenz, Armando Blasco","Julio De Caro, José Nieso","Piano, Bass, 2 Bandoneons, 2 Violins"
Julio De Caro,Orquesta Típica De Caro,1932,Esquelas,,Tango,Luis Díaz,Brunswick,78rpm,BA 2563,1278 B,"Francisco De Caro, Pedro Laurenz",Mario Gomila,,29-32 Sexteto Brunswick,Francisco De Caro,Vicente Sciarretta,"Pedro Laurenz, Armando Blasco","Julio De Caro, José Nieso","Piano, Bass, 2 Bandoneons, 2 Violins"
Julio De Caro,Orquesta Típica De Caro,1932,Patria Querida,,Tango,Instrumental,Brunswick,78rpm,BA 2575,1275 B,José Nieso,Carlos Arce,,29-32 Sexteto Brunswick,Francisco De Caro,Vicente Sciarretta,"Pedro Laurenz, Armando Blasco","Julio De Caro, José Nieso","Piano, Bass, 2 Bandoneons, 2 Violins"
Julio De Caro,Orquesta Típica De Caro,1932,Volver A Vivir,,Tango,Luis Díaz,Brunswick,78rpm,BA 2577,1643 B,Julio De Caro,Antonio Helú,,29-32 Sexteto Brunswick,Francisco De Caro,Vicente Sciarretta,"Pedro Laurenz, Armando Blasco","Julio De Caro, José Nieso","Piano, Bass, 2 Bandoneons, 2 Violins"
Julio De Caro,Orquesta Típica De Caro,1932,Mujer De Fuego,,Tango,Luis Díaz,Brunswick,78rpm,BA 2612,1280 B,César Petrone,Oscar Peenter,,29-32 Sexteto Brunswick,Francisco De Caro,Vicente Sciarretta,"Pedro Laurenz, Armando Blasco","Julio De Caro, José Nieso","Piano, Bass, 2 Bandoneons, 2 Violins"
Julio De Caro,Orquesta Típica De Caro,1932,Jamás Podré Olvidarte,,Vals,Teófilo Ibáñez,Brunswick,78rpm,BA 2400,1273 B,Julio De Caro,Mario Gomila,,29-32 Sexteto Brunswick,Francisco De Caro,Vicente Sciarretta,"Pedro Laurenz, Armando Blasco","Julio De Caro, José Nieso","Piano, Bass, 2 Bandoneons, 2 Violins"
Julio De Caro,Orquesta Típica De Caro,1932,No Importa Te Perdono,,Vals,Luis Díaz,Brunswick,78rpm,BA 2579,1277 B,Vicente Salerno,Jeremías Romero,,29-32 Sexteto Brunswick,Francisco De Caro,Vicente Sciarretta,"Pedro Laurenz, Armando Blasco","Julio De Caro, José Nieso","Piano, Bass, 2 Bandoneons, 2 Violins"
Julio De Caro,Orquesta Típica De Caro,1932,Taponazo,,Tango,Teófilo Ibáñez,Brunswick,78rpm,BA 2418,demo,"Clauso, Venancio Juan Pedro","Tagini, Armando José María",,29-32 Sexteto Brunswick,Francisco De Caro,Vicente Sciarretta,"Pedro Laurenz, Armando Blasco","Julio De Caro, José Nieso","Piano, Bass, 2 Bandoneons, 2 Violins"
Julio De Caro,Julio De Caro y su Orquesta Típica,1939,Tierra Querida,,Tango,Instrumental,Víctor,78rpm,,38809,Julio De Caro,Luis Díaz,,35-42 Odeón,,,,,
Julio De Caro,Julio De Caro y su Orquesta Típica,1939,Amurado,,Tango,Instrumental,Víctor,78rpm,,38809,"Pedro Laurenz, Pedro Maffía",José De Grandis,,35-42 Odeón,,,,,
Julio De Caro,Julio De Caro y su Orquesta Típica,1939,Flores Negras,,Tango,Instrumental,Víctor,78rpm,,38810 A,Francisco De Caro,Mario Gomila,,35-42 Odeón,,,,,
Julio De Caro,Julio De Caro y su Orquesta Típica,1939,El Monito,,Tango,Instrumental,Víctor,78rpm,e 9952,5444 B,Julio De Caro,,,35-42 Odeón,,,,,
Julio De Caro,Julio De Caro y su Orquesta Típica,1939,El Pillete,,Tango,Instrumental,Víctor,78rpm,,38811 A,Graciano De Leone,,,35-42 Odeón,,,,,
Julio De Caro,Julio De Caro y su Orquesta Típica,1939,El Baqueano,,Tango,Instrumental,Víctor,78rpm,,38811 B,Agustín Bardi,,,35-42 Odeón,,,,,
Julio De Caro,Julio De Caro y su Orquesta Típica,1939,Qué Noche,,Tango,Instrumental,Víctor,78rpm,,38812 A,Agustín Bardi,,,35-42 Odeón,,,,,
Julio De Caro,Julio De Caro y su Orquesta Típica,1939,El Malevo,,Tango,Instrumental,Víctor,78rpm,,38812 B,"Julio De Caro, M. Castro",Enrique González Tuñón,,35-42 Odeón,,,,,
Julio De Caro,Julio De Caro y su Orquesta Típica,12/4/1924,Todo Corazón,,Tango,Instrumental,Víctor,Accoustic,BA 515/1,79508 B,"Julio De Caro, José Ruffet",,,24-26 Acoustic,Francisco De Caro,Leopoldo Thompson,"Pedro Maffia, Luis Petrucelli","Julio De Caro, Emilio De Caro","Piano, Bass, 2 Bandoneons, 2 Violins"
Julio De Caro,Julio De Caro y su Orquesta Típica,12/4/1924,Pobre Margot,,Tango,Instrumental,Víctor,Accoustic,BA 516/1,79512 A,Emilio De Caro,,,24-26 Acoustic,Francisco De Caro,Leopoldo Thompson,"Pedro Maffia, Luis Petrucelli","Julio De Caro, Emilio De Caro","Piano, Bass, 2 Bandoneons, 2 Violins"
Julio De Caro,Julio De Caro y su Orquesta Típica,12/11/1924,Triste,,Tango,Instrumental,Víctor,Accoustic,BA 526/6,79520 B,"Ángel Maffia, José De Caro",,,24-26 Acoustic,Francisco De Caro,Hugo Baralis,"Pedro Maffia, Luis Petrucelli","Julio De Caro, Emilio De Caro","Piano, Bass, 2 Bandoneons, 2 Violins"
Julio De Caro,Julio De Caro y su Orquesta Típica,12/11/1924,Mis Lágrimas,,Tango,Instrumental,Víctor,Accoustic,BA 530/2,79519 A,Ángel Maffia,Enrique Cadícamo,,24-26 Acoustic,Francisco De Caro,Hugo Baralis,"Pedro Maffia, Luis Petrucelli","Julio De Caro, Emilio De Caro","Piano, Bass, 2 Bandoneons, 2 Violins"
Julio De Caro,Julio De Caro y su Orquesta Típica,12/11/1924,Picardías,,Tango,Instrumental,Víctor,Accoustic,BA 531/3,79519 B,"Luis Petrucelli, Julio Bonnet",,,24-26 Acoustic,Francisco De Caro,Hugo Baralis,"Pedro Maffia, Luis Petrucelli","Julio De Caro, Emilio De Caro","Piano, Bass, 2 Bandoneons, 2 Violins"
Julio De Caro,Julio De Caro y su Orquesta Típica,3/26/1925,Piedad,,Tango,Roberto Díaz,Víctor,Accoustic,BA 542/2,79526 A,José Rizzuti,Julio Bonnet,,24-26 Acoustic,Francisco De Caro,Enrique Krauss,"Pedro Maffia, Pedro Laurenz","Julio De Caro, Emilio De Caro","Piano, Bass, 2 Bandoneons, 2 Violins"
Julio De Caro,Julio De Caro y su Orquesta Típica,3/26/1925,Por Qué,,Tango,Roberto Díaz,Víctor,Accoustic,BA 543/1,79526 B,Manuel Jovés,Manuel Jovés,,24-26 Acoustic,Francisco De Caro,Enrique Krauss,"Pedro Maffia, Pedro Laurenz","Julio De Caro, Emilio De Caro","Piano, Bass, 2 Bandoneons, 2 Violins"
Julio De Caro,Julio De Caro y su Orquesta Típica,6/9/1925,El Rebelde,,Tango,Instrumental,Víctor,Accoustic,BA 611/2,79561 B,"Pedro Laurenz, Emilio Marchiano",,,24-26 Acoustic,Francisco De Caro,Enrique Krauss,"Pedro Maffia, Pedro Laurenz","Julio De Caro, Emilio De Caro","Piano, Bass, 2 Bandoneons, 2 Violins"
Julio De Caro,Julio De Caro y su Orquesta Típica,6/9/1925,Pura Maña,,Tango,Instrumental,Víctor,Accoustic,BA 612/2,79561 A,Ángel Maffia,Celedonio Flores,,24-26 Acoustic,Francisco De Caro,Enrique Krauss,"Pedro Maffia, Pedro Laurenz","Julio De Caro, Emilio De Caro","Piano, Bass, 2 Bandoneons, 2 Violins"
Julio De Caro,Julio De Caro y su Orquesta Típica,7/1/1925,Dolor,,Tango,Instrumental,Víctor,Accoustic,BA 639/2,79576 B,"Teodoro Díaz Cepeda, José Pérez Mores",,,24-26 Acoustic,Francisco De Caro,Enrique Krauss,"Pedro Maffia, Pedro Laurenz","Julio De Caro, Emilio De Caro","Piano, Bass, 2 Bandoneons, 2 Violins"
Julio De Caro,Julio De Caro y su Orquesta Típica,7/6/1925,El Monito,,Tango,Instrumental,Víctor,Accoustic,BA 627/2,79569 A,Julio De Caro,Juan Marambio Catán,,24-26 Acoustic,Francisco De Caro,Enrique Krauss,"Pedro Maffia, Pedro Laurenz","Julio De Caro, Emilio De Caro","Piano, Bass, 2 Bandoneons, 2 Violins"
Julio De Caro,Julio De Caro y su Orquesta Típica,7/6/1925,Puras Plumas,,Tango,Instrumental,Víctor,Accoustic,BA 630/2,79569 B,Edgardo Donato,Víctor Soliño,,24-26 Acoustic,Francisco De Caro,Enrique Krauss,"Pedro Maffia, Pedro Laurenz","Julio De Caro, Emilio De Caro","Piano, Bass, 2 Bandoneons, 2 Violins"
Julio De Caro,Julio De Caro y su Orquesta Típica,7/6/1925,Nobleza,,Tango,Instrumental,Víctor,Accoustic,BA 631/2,79577 B,Alfredo Bevilacqua,,,24-26 Acoustic,Francisco De Caro,Enrique Krauss,"Pedro Maffia, Pedro Laurenz","Julio De Caro, Emilio De Caro","Piano, Bass, 2 Bandoneons, 2 Violins"
Julio De Caro,Julio De Caro y su Orquesta Típica,7/16/1925,Piramidal,,Tango,Instrumental,Víctor,Accoustic,BA 638/2,79576 A,Enrique Roque,,,24-26 Acoustic,Francisco De Caro,Enrique Krauss,"Pedro Maffia, Pedro Laurenz","Julio De Caro, Emilio De Caro","Piano, Bass, 2 Bandoneons, 2 Violins"
Julio De Caro,Julio De Caro y su Orquesta Típica,7/16/1925,Blanquita,,Tango,Instrumental,Víctor,Accoustic,BA 640/1,79577 A,E. Lancellotti,,,24-26 Acoustic,Francisco De Caro,Enrique Krauss,"Pedro Maffia, Pedro Laurenz","Julio De Caro, Emilio De Caro","Piano, Bass, 2 Bandoneons, 2 Violins"
Julio De Caro,Julio De Caro y su Orquesta Típica,7/28/1925,Volverás,,Tango,Instrumental,Víctor,Accoustic,BA 591/1,79553 B,Ramón Collazo,Víctor Soliño,,24-26 Acoustic,Francisco De Caro,Enrique Krauss,"Pedro Maffia, Pedro Laurenz","Julio De Caro, Emilio De Caro","Piano, Bass, 2 Bandoneons, 2 Violins"
Julio De Caro,Julio De Caro y su Orquesta Típica,7/28/1925,Buen Amigo,,Tango,Instrumental,Víctor,Accoustic,BA 592/1,79553 A,Julio De Caro,Juan Marambio Catán,,24-26 Acoustic,Francisco De Caro,Enrique Krauss,"Pedro Maffia, Pedro Laurenz","Julio De Caro, Emilio De Caro","Piano, Bass, 2 Bandoneons, 2 Violins"
Julio De Caro,Julio De Caro y su Orquesta Típica,7/28/1925,Un Silencio,,Tango,Instrumental,Víctor,Accoustic,BA 603/2,79548 A,"Antonio Romano, Alberto Celenza",,,24-26 Acoustic,Francisco De Caro,Enrique Krauss,"Pedro Maffia, Pedro Laurenz","Julio De Caro, Emilio De Caro","Piano, Bass, 2 Bandoneons, 2 Violins"
Julio De Caro,Julio De Caro y su Orquesta Típica,7/28/1925,La Tranquera,,Tango,Instrumental,Víctor,Accoustic,BA 604/3,79548 B,Cipriano Nava,,,24-26 Acoustic,Francisco De Caro,Enrique Krauss,"Pedro Maffia, Pedro Laurenz","Julio De Caro, Emilio De Caro","Piano, Bass, 2 Bandoneons, 2 Violins"
Julio De Caro,Julio De Caro y su Orquesta Típica,9/1/1925,Atilio Pelossi,,Tango,Instrumental,Víctor,Accoustic,BA 651/3,79584 B,Doroteo Andrada,,,24-26 Acoustic,Francisco De Caro,Enrique Krauss,"Pedro Maffia, Pedro Laurenz","Julio De Caro, Emilio De Caro","Piano, Bass, 2 Bandoneons, 2 Violins"
Julio De Caro,Julio De Caro y su Orquesta Típica,9/2/1925,Sobre El Pucho,,Tango,Instrumental,Víctor,Accoustic,BA 652/2,79584 A,Sebastián Piana,José González Castillo,,24-26 Acoustic,Francisco De Caro,Enrique Krauss,"Pedro Maffia, Pedro Laurenz","Julio De Caro, Emilio De Caro","Piano, Bass, 2 Bandoneons, 2 Violins"
Julio De Caro,Julio De Caro y su Orquesta Típica,9/21/1925,Muchacho,,Tango,Instrumental,Víctor,Accoustic,BA 662/1,79590 B,Edgardo Donato,Celedonio Flores,,24-26 Acoustic,Francisco De Caro,Enrique Krauss,"Pedro Maffia, Pedro Laurenz","Julio De Caro, Emilio De Caro","Piano, Bass, 2 Bandoneons, 2 Violins"
Julio De Caro,Julio De Caro y su Orquesta Típica,9/21/1925,Te Perdono,,Tango,Instrumental,Víctor,Accoustic,BA 663/3,79590 A,"José De Caro, Ángel Maffia",Celedonio Flores,,24-26 Acoustic,Francisco De Caro,Enrique Krauss,"Pedro Maffia, Pedro Laurenz","Julio De Caro, Emilio De Caro","Piano, Bass, 2 Bandoneons, 2 Violins"
Julio De Caro,Julio De Caro y su Orquesta Típica,10/13/1925,Beba,,Tango,Instrumental,Víctor,Accoustic,BA 676/3,79595 A,Edgardo Donato,Celedonio Flores,,24-26 Acoustic,Francisco De Caro,Enrique Krauss,"Pedro Maffia, Pedro Laurenz","Julio De Caro, Emilio De Caro","Piano, Bass, 2 Bandoneons, 2 Violins"
Julio De Caro,Julio De Caro y su Orquesta Típica,10/13/1925,El Abrojito,,Tango,Instrumental,Víctor,Accoustic,BA 677/2,79595 B,Luis Bernstein,Jesús Fernández Blanco,,24-26 Acoustic,Francisco De Caro,Enrique Krauss,"Pedro Maffia, Pedro Laurenz","Julio De Caro, Emilio De Caro","Piano, Bass, 2 Bandoneons, 2 Violins"
Julio De Caro,Julio De Caro y su Orquesta Típica,10/22/1925,Corazoncito De Oro,,Tango,Instrumental,Víctor,Accoustic,BA 684/2,79599 A,Edgardo Donato,Celedonio Flores,,24-26 Acoustic,Francisco De Caro,Enrique Krauss,"Pedro Maffia, Pedro Laurenz","Julio De Caro, Emilio De Caro","Piano, Bass, 2 Bandoneons, 2 Violins"
Julio De Caro,Julio De Caro y su Orquesta Típica,10/22/1925,Mujercita Triste,,Tango,Instrumental,Víctor,Accoustic,BA 685/2,79599 B,Próspero Cimaglia,,,24-26 Acoustic,Francisco De Caro,Enrique Krauss,"Pedro Maffia, Pedro Laurenz","Julio De Caro, Emilio De Caro","Piano, Bass, 2 Bandoneons, 2 Violins"
Julio De Caro,Julio De Caro y su Orquesta Típica,10/28/1925,La Farándula,,Tango,Instrumental,Víctor,Accoustic,BA 686/2,79600 A,José De Caro,,,24-26 Acoustic,Francisco De Caro,Enrique Krauss,"Pedro Maffia, Pedro Laurenz","Julio De Caro, Emilio De Caro","Piano, Bass, 2 Bandoneons, 2 Violins"
Julio De Caro,Julio De Caro y su Orquesta Típica,10/28/1925,Canillita,,Tango,Instrumental,Víctor,Accoustic,BA 687/3,79600 B,Tomás De Bassi,,,24-26 Acoustic,Francisco De Caro,Enrique Krauss,"Pedro Maffia, Pedro Laurenz","Julio De Caro, Emilio De Caro","Piano, Bass, 2 Bandoneons, 2 Violins"
Julio De Caro,Julio De Caro y su Orquesta Típica,11/5/1925,Un Sueño,,Tango,Instrumental,Víctor,Accoustic,BA 700/3,79607 B,Emilio Calandrelli,,,24-26 Acoustic,Francisco De Caro,Enrique Krauss,"Pedro Maffia, Pedro Laurenz","Julio De Caro, Emilio De Caro","Piano, Bass, 2 Bandoneons, 2 Violins"
Julio De Caro,Julio De Caro y su Orquesta Típica,11/5/1925,Mocosita,,Tango,Instrumental,Víctor,Accoustic,BA 701/1,79607 A,Gerardo Mátos Rodríguez,Víctor Soliño,,24-26 Acoustic,Francisco De Caro,Enrique Krauss,"Pedro Maffia, Pedro Laurenz","Julio De Caro, Emilio De Caro","Piano, Bass, 2 Bandoneons, 2 Violins"
Julio De Caro,Julio De Caro y su Orquesta Típica,11/17/1925,Una Limosnita,,Tango,Instrumental,Víctor,Accoustic,BA 708/2,79611 A,Antonio Cipolla,,,24-26 Acoustic,Francisco De Caro,Enrique Krauss,"Pedro Maffia, Pedro Laurenz","Julio De Caro, Emilio De Caro","Piano, Bass, 2 Bandoneons, 2 Violins"
Julio De Caro,Julio De Caro y su Orquesta Típica,11/17/1925,Huesito,,Tango,Instrumental,Víctor,Accoustic,BA 709/2,79611 B,José Rostas,,,24-26 Acoustic,Francisco De Caro,Enrique Krauss,"Pedro Maffia, Pedro Laurenz","Julio De Caro, Emilio De Caro","Piano, Bass, 2 Bandoneons, 2 Violins"
Julio De Caro,Julio De Caro y su Orquesta Típica,12/1/1925,Horas Tristes,,Tango,Instrumental,Víctor,Accoustic,BA 717/1,79615 A,Vicente Spina,Eugenio Cárdenas,,24-26 Acoustic,Francisco De Caro,Enrique Krauss,"Pedro Maffia, Pedro Laurenz","Julio De Caro, Emilio De Caro","Piano, Bass, 2 Bandoneons, 2 Violins"
Julio De Caro,Julio De Caro y su Orquesta Típica,12/1/1925,Mis Ternuras,,Tango,Instrumental,Víctor,Accoustic,BA 718/3,79615 B,Ángel Maffia,,,24-26 Acoustic,Francisco De Caro,Enrique Krauss,"Pedro Maffia, Pedro Laurenz","Julio De Caro, Emilio De Caro","Piano, Bass, 2 Bandoneons, 2 Violins"
Julio De Caro,Julio De Caro y su Orquesta Típica,12/16/1925,Primavera,,Tango,Instrumental,Víctor,Accoustic,BA 726/3,79619 A,"Julio De Caro, Ismael Aguilar",M. Massa,,24-26 Acoustic,Francisco De Caro,Enrique Krauss,"Pedro Maffia, Pedro Laurenz","Julio De Caro, Emilio De Caro","Piano, Bass, 2 Bandoneons, 2 Violins"
Julio De Caro,Julio De Caro y su Orquesta Típica,12/16/1925,Alma De Bohemio,,Tango,Instrumental,Víctor,Accoustic,BA 727/2,79619 B,Roberto Firpo,Juan Caruso,,24-26 Acoustic,Francisco De Caro,Enrique Krauss,"Pedro Maffia, Pedro Laurenz","Julio De Caro, Emilio De Caro","Piano, Bass, 2 Bandoneons, 2 Violins"
Julio De Caro,Julio De Caro y su Orquesta Típica,12/30/1925,Chacabuco,,Tango,Instrumental,Víctor,Accoustic,BA 737/2,79625 A,Federico Lafemina,Arturo Senez,,24-26 Acoustic,Francisco De Caro,Enrique Krauss,"Pedro Maffia, Pedro Laurenz","Julio De Caro, Emilio De Caro","Piano, Bass, 2 Bandoneons, 2 Violins"
Julio De Caro,Julio De Caro y su Orquesta Típica,12/30/1925,Ay Corazón,,Tango,Instrumental,Víctor,Accoustic,BA 738/2,79625 B,"Walter Stubbs, Adolfo Mondino",,,24-26 Acoustic,Francisco De Caro,Enrique Krauss,"Pedro Maffia, Pedro Laurenz","Julio De Caro, Emilio De Caro","Piano, Bass, 2 Bandoneons, 2 Violins"
Julio De Caro,Julio De Caro y su Orquesta Típica,1/12/1926,Espuma De Cabaret,,Tango,Instrumental,Víctor,Accoustic,BA 743/1,79628 B,Domingo Renis,,,24-26 Acoustic,Francisco De Caro,Enrique Krauss,"Pedro Laurenz, Armando Blasco","Julio De Caro, Emilio De Caro","Piano, Bass, 2 Bandoneons, 2 Violins"
Julio De Caro,Julio De Caro y su Orquesta Típica,1/12/1926,Flor De Noche,,Tango,Instrumental,Víctor,Accoustic,BA 744/1,79628 A,"Pedro Laurenz, Emilio De Caro",,,24-26 Acoustic,Francisco De Caro,Enrique Krauss,"Pedro Laurenz, Armando Blasco","Julio De Caro, Emilio De Caro","Piano, Bass, 2 Bandoneons, 2 Violins"
Julio De Caro,Julio De Caro y su Orquesta Típica,1/25/1926,Cachita,,Tango,Instrumental,Víctor,Accoustic,BA 751/1,79631 A,Roque Silliti,,,24-26 Acoustic,Francisco De Caro,Enrique Krauss,"Pedro Laurenz, Armando Blasco","Julio De Caro, Emilio De Caro","Piano, Bass, 2 Bandoneons, 2 Violins"
Julio De Caro,Julio De Caro y su Orquesta Típica,1/25/1926,Ninette,,Tango,Instrumental,Víctor,Accoustic,BA 752/1,79631 B,Alfonso Lacueva,,,24-26 Acoustic,Francisco De Caro,Enrique Krauss,"Pedro Laurenz, Armando Blasco","Julio De Caro, Emilio De Caro","Piano, Bass, 2 Bandoneons, 2 Violins"
Julio De Caro,Julio De Caro y su Orquesta Típica,4/12/1926,Mary,,Tango,Instrumental,Víctor,78rpm,BAVE 769/2,79636 A,Antonio Fracassi,,,26-29 Sexteto Víctor,Francisco De Caro,Olindo Sinibaldi,"Pedro Laurenz, Armando Blasco","Julio De Caro, Emilio De Caro","Piano, Bass, 2 Bandoneons, 2 Violins"
Julio De Caro,Julio De Caro y su Orquesta Típica,4/12/1926,Feliz Viaje,,Tango,Instrumental,Víctor,78rpm,BAVE 770/1,79636 B,Ángel Maffia,,,26-29 Sexteto Víctor,Francisco De Caro,Olindo Sinibaldi,"Pedro Laurenz, Armando Blasco","Julio De Caro, Emilio De Caro","Piano, Bass, 2 Bandoneons, 2 Violins"
Julio De Caro,Julio De Caro y su Orquesta Típica,4/12/1926,Mis Desvelos,,Tango,Instrumental,Víctor,78rpm,BAVE 771/2,79637 A,Jaime Bustamante,,,26-29 Sexteto Víctor,Francisco De Caro,Olindo Sinibaldi,"Pedro Laurenz, Armando Blasco","Julio De Caro, Emilio De Caro","Piano, Bass, 2 Bandoneons, 2 Violins"
Julio De Caro,Julio De Caro y su Orquesta Típica,4/12/1926,Quince Abriles,,Tango,Instrumental,Víctor,78rpm,BAVE 772/1,79637 B,Roberto Dolard,,,26-29 Sexteto Víctor,Francisco De Caro,Olindo Sinibaldi,"Pedro Laurenz, Armando Blasco","Julio De Caro, Emilio De Caro","Piano, Bass, 2 Bandoneons, 2 Violins"
Julio De Caro,Julio De Caro y su Orquesta Típica,5/11/1926,Agua Corriente,,Tango,Instrumental,Víctor,78rpm,BAVE 796/1,79654 A,Juan Rodríguez,,,26-29 Sexteto Víctor,Francisco De Caro,Olindo Sinibaldi,"Pedro Laurenz, Armando Blasco","Julio De Caro, Emilio De Caro","Piano, Bass, 2 Bandoneons, 2 Violins"
Julio De Caro,Julio De Caro y su Orquesta Típica,5/11/1926,La Revancha,,Tango,Instrumental,Víctor,78rpm,BAVE 797/2,79654 B,Pedro Laurenz,,,26-29 Sexteto Víctor,Francisco De Caro,Olindo Sinibaldi,"Pedro Laurenz, Armando Blasco","Julio De Caro, Emilio De Caro","Piano, Bass, 2 Bandoneons, 2 Violins"
Julio De Caro,Julio De Caro y su Orquesta Típica,5/20/1926,Populacha,,Tango,Instrumental,Víctor,78rpm,BAVE 807/2,79660 A,"Alberto Celenza, Antonio Romano",,,26-29 Sexteto Víctor,Francisco De Caro,Olindo Sinibaldi,"Pedro Laurenz, Armando Blasco","Julio De Caro, Emilio De Caro","Piano, Bass, 2 Bandoneons, 2 Violins"
Julio De Caro,Julio De Caro y su Orquesta Típica,5/20/1926,Son Grupos,,Tango,Instrumental,Víctor,78rpm,BAVE 808/1,79660 B,Gerardo Mátos Rodríguez,Celedonio Flores,,26-29 Sexteto Víctor,Francisco De Caro,Olindo Sinibaldi,"Pedro Laurenz, Armando Blasco","Julio De Caro, Emilio De Caro","Piano, Bass, 2 Bandoneons, 2 Violins"
Julio De Caro,Julio De Caro y su Orquesta Típica,5/24/1926,Mala Senda,,Tango,Instrumental,Víctor,78rpm,BAVE 809/2,79661 B,Edmundo Wiurnos,,,26-29 Sexteto Víctor,Francisco De Caro,Olindo Sinibaldi,"Pedro Laurenz, Armando Blasco","Julio De Caro, Emilio De Caro","Piano, Bass, 2 Bandoneons, 2 Violins"
Julio De Caro,Julio De Caro y su Orquesta Típica,5/24/1926,Fuiste,,Tango,Instrumental,Víctor,78rpm,BAVE 810/2,79661 A,"Hugo La Rocca, Luis Roldán",,,26-29 Sexteto Víctor,Francisco De Caro,Olindo Sinibaldi,"Pedro Laurenz, Armando Blasco","Julio De Caro, Emilio De Caro","Piano, Bass, 2 Bandoneons, 2 Violins"
Julio De Caro,Julio De Caro y su Orquesta Típica,6/9/1926,Ivette,,Tango,Instrumental,Víctor,78rpm,BAVE 833/2,79673 A,"Enrique Costa, Julio Roca",Pascual Contursi,,26-29 Sexteto Víctor,Francisco De Caro,Olindo Sinibaldi,"Pedro Laurenz, Armando Blasco","Julio De Caro, Emilio De Caro","Piano, Bass, 2 Bandoneons, 2 Violins"
Julio De Caro,Julio De Caro y su Orquesta Típica,6/9/1926,La Rayuela,,Tango,Instrumental,Víctor,78rpm,BAVE 834/1,79673 B,Julio De Caro,,,26-29 Sexteto Víctor,Francisco De Caro,Olindo Sinibaldi,"Pedro Laurenz, Armando Blasco","Julio De Caro, Emilio De Caro","Piano, Bass, 2 Bandoneons, 2 Violins"
Julio De Caro,Julio De Caro y su Orquesta Típica,6/16/1926,Allá En El Bajo,,Tango,Instrumental,Víctor,78rpm,BAVE 843/1,79677 A,"Agustín Magaldi, Pedro Noda",Guillermo Martinelli Massa,,26-29 Sexteto Víctor,Francisco De Caro,Olindo Sinibaldi,"Pedro Laurenz, Armando Blasco","Julio De Caro, Emilio De Caro","Piano, Bass, 2 Bandoneons, 2 Violins"
Julio De Caro,Julio De Caro y su Orquesta Típica,6/16/1926,Morondanga,,Tango,Instrumental,Víctor,78rpm,BAVE 844/2,79677 B,Eduardo Pataro Conté,,,26-29 Sexteto Víctor,Francisco De Caro,Olindo Sinibaldi,"Pedro Laurenz, Armando Blasco","Julio De Caro, Emilio De Caro","Piano, Bass, 2 Bandoneons, 2 Violins"
Julio De Caro,Julio De Caro y su Orquesta Típica,7/15/1926,Don Goyo,,Tango,Instrumental,Víctor,78rpm,BAVE 877/2,79693 A,Luis Bernstein,,,26-29 Sexteto Víctor,Francisco De Caro,Olindo Sinibaldi,"Pedro Laurenz, Armando Blasco","Julio De Caro, Emilio De Caro","Piano, Bass, 2 Bandoneons, 2 Violins"
Julio De Caro,Julio De Caro y su Orquesta Típica,7/15/1926,Recuerdo,,Vals,Instrumental,Víctor,78rpm,BAVE 876/2,79693 B,Alfredo Pelaia,,,26-29 Sexteto Víctor,Francisco De Caro,Olindo Sinibaldi,"Pedro Laurenz, Armando Blasco","Julio De Caro, Emilio De Caro","Piano, Bass, 2 Bandoneons, 2 Violins"
Julio De Caro,Julio De Caro y su Orquesta Típica,8/4/1926,Derecho Viejo,,Tango,Instrumental,Víctor,78rpm,BAVE 901/1,79706 A,Eduardo Arolas,Enrique Baldassari,,26-29 Sexteto Víctor,Francisco De Caro,Olindo Sinibaldi,"Pedro Laurenz, Armando Blasco","Julio De Caro, Emilio De Caro","Piano, Bass, 2 Bandoneons, 2 Violins"
Julio De Caro,Julio De Caro y su Orquesta Típica,9/7/1926,La Plegaria,,Tango,Instrumental,Víctor,78rpm,BAVE 919/2,79717 A,Emilio De Caro,,,26-29 Sexteto Víctor,Francisco De Caro,Olindo Sinibaldi,"Pedro Laurenz, Armando Blasco","Julio De Caro, Emilio De Caro","Piano, Bass, 2 Bandoneons, 2 Violins"
Julio De Caro,Julio De Caro y su Orquesta Típica,9/7/1926,Mosca Brava,,Tango,Instrumental,Víctor,78rpm,BAVE 920/1,79717 B,Delmiro Pereyra,,,26-29 Sexteto Víctor,Francisco De Caro,Olindo Sinibaldi,"Pedro Laurenz, Armando Blasco","Julio De Caro, Emilio De Caro","Piano, Bass, 2 Bandoneons, 2 Violins"
Julio De Caro,Julio De Caro y su Orquesta Típica,9/23/1926,Obrerita,,Tango,Instrumental,Víctor,78rpm,BAVE 947/2,79728 A,Adrián Russo,Eugenio Cárdenas,,26-29 Sexteto Víctor,Francisco De Caro,Olindo Sinibaldi,"Pedro Laurenz, Armando Blasco","Julio De Caro, Emilio De Caro","Piano, Bass, 2 Bandoneons, 2 Violins"
Julio De Caro,Julio De Caro y su Orquesta Típica,9/23/1926,Chiquilina,,Tango,Instrumental,Víctor,78rpm,BAVE 948/2,79728 B,Orlando Romanelli,Alberto Munilla,,26-29 Sexteto Víctor,Francisco De Caro,Olindo Sinibaldi,"Pedro Laurenz, Armando Blasco","Julio De Caro, Emilio De Caro","Piano, Bass, 2 Bandoneons, 2 Violins"
Julio De Caro,Julio De Caro y su Orquesta Típica,10/6/1926,Mala Jugada,,Tango,Instrumental,Víctor,78rpm,BAVE 962/1,79736 B,Luis D'Andrea,,,26-29 Sexteto Víctor,Francisco De Caro,Olindo Sinibaldi,"Pedro Laurenz, Armando Blasco","Julio De Caro, Emilio De Caro","Piano, Bass, 2 Bandoneons, 2 Violins"
Julio De Caro,Julio De Caro y su Orquesta Típica,10/6/1926,Guardia Vieja,,Tango,Instrumental,Víctor,78rpm,BAVE 963/1,79736 A,Julio De Caro,José De Grandis,,26-29 Sexteto Víctor,Francisco De Caro,Olindo Sinibaldi,"Pedro Laurenz, Armando Blasco","Julio De Caro, Emilio De Caro","Piano, Bass, 2 Bandoneons, 2 Violins"
Julio De Caro,Julio De Caro y su Orquesta Típica,11/15/1926,Pato Cuá Cuá,,Tango,Instrumental,Víctor,78rpm,BAVE 997/2,79753 A,José Rodríguez,,,26-29 Sexteto Víctor,Francisco De Caro,Olindo Sinibaldi,"Pedro Laurenz, Armando Blasco","Julio De Caro, Emilio De Caro","Piano, Bass, 2 Bandoneons, 2 Violins"
Julio De Caro,Julio De Caro y su Orquesta Típica,11/15/1926,Sentencia,,Tango,Instrumental,Víctor,78rpm,BAVE 998/1,79753 B,Ángel Maffia,Celedonio Flores,,26-29 Sexteto Víctor,Francisco De Caro,Olindo Sinibaldi,"Pedro Laurenz, Armando Blasco","Julio De Caro, Emilio De Caro","Piano, Bass, 2 Bandoneons, 2 Violins"
Julio De Caro,Julio De Caro y su Orquesta Típica,11/29/1926,Coperito,,Tango,Instrumental,Víctor,78rpm,BAVE 1022/2,79766 A,Adolfo Mondino,Víctor Soliño,,26-29 Sexteto Víctor,Francisco De Caro,Olindo Sinibaldi,"Pedro Laurenz, Armando Blasco","Julio De Caro, Emilio De Caro","Piano, Bass, 2 Bandoneons, 2 Violins"
Julio De Caro,Julio De Caro y su Orquesta Típica,11/29/1926,Sueño Azul,,Tango,Instrumental,Víctor,78rpm,BAVE 1023/2,79766 B,Francisco De Caro,Mario Gomila,,26-29 Sexteto Víctor,Francisco De Caro,Olindo Sinibaldi,"Pedro Laurenz, Armando Blasco","Julio De Caro, Emilio De Caro","Piano, Bass, 2 Bandoneons, 2 Violins"
Julio De Caro,Julio De Caro y su Orquesta Típica,12/9/1926,Recuerdo,,Tango,Instrumental,Víctor,78rpm,BAVE 1046/2,79778 B,Osvaldo Pugliese,Eduardo Moreno,,26-29 Sexteto Víctor,Francisco De Caro,Olindo Sinibaldi,"Pedro Laurenz, Armando Blasco","Julio De Caro, Emilio De Caro","Piano, Bass, 2 Bandoneons, 2 Violins"
Julio De Caro,Julio De Caro y su Orquesta Típica,12/9/1926,Qué Noche,,Tango,Instrumental,Víctor,78rpm,BAVE 1047/1,79778 A,Agustín Bardi,,,26-29 Sexteto Víctor,Francisco De Caro,Olindo Sinibaldi,"Pedro Laurenz, Armando Blasco","Julio De Caro, Emilio De Caro","Piano, Bass, 2 Bandoneons, 2 Violins"
Julio De Caro,Julio De Caro y su Orquesta Típica,12/16/1926,Risa Loca,,Tango,Instrumental,Víctor,78rpm,BAVE 1065/2,79788 B,Pedro Laurenz,José De Grandis,,26-29 Sexteto Víctor,Francisco De Caro,Olindo Sinibaldi,"Pedro Laurenz, Armando Blasco","Julio De Caro, Emilio De Caro","Piano, Bass, 2 Bandoneons, 2 Violins"
Julio De Caro,Julio De Caro y su Orquesta Típica,12/16/1926,Farolito De Mi Barrio,,Tango,Instrumental,Víctor,78rpm,BAVE 1066/2,79788 A,Emilio Pollet,José De Grandis,,26-29 Sexteto Víctor,Francisco De Caro,Olindo Sinibaldi,"Pedro Laurenz, Armando Blasco","Julio De Caro, Emilio De Caro","Piano, Bass, 2 Bandoneons, 2 Violins"
Julio De Caro,Julio De Caro y su Orquesta Típica,12/21/1926,Cabecita De Aserrín,,Tango,Instrumental,Víctor,78rpm,BAVE 1068/1,79789 A,Elio Rietti,,,26-29 Sexteto Víctor,Francisco De Caro,Olindo Sinibaldi,"Pedro Laurenz, Armando Blasco","Julio De Caro, Emilio De Caro","Piano, Bass, 2 Bandoneons, 2 Violins"
Julio De Caro,Julio De Caro y su Orquesta Típica,12/21/1926,Don Esteban,,Tango,Instrumental,Víctor,78rpm,BAVE 1069/1,79789 B,Augusto Berto,,,26-29 Sexteto Víctor,Francisco De Caro,Olindo Sinibaldi,"Pedro Laurenz, Armando Blasco","Julio De Caro, Emilio De Caro","Piano, Bass, 2 Bandoneons, 2 Violins"
Julio De Caro,Julio De Caro y su Orquesta Típica,12/28/1926,La Casita Está Triste,,Tango,Instrumental,Víctor,78rpm,BAVE 1076/2,79793 A,Luis Bernstein,José De Grandis,,26-29 Sexteto Víctor,Francisco De Caro,Olindo Sinibaldi,"Pedro Laurenz, Armando Blasco","Julio De Caro, Emilio De Caro","Piano, Bass, 2 Bandoneons, 2 Violins"
Julio De Caro,Julio De Caro y su Orquesta Típica,12/28/1926,Lorenzo,,Tango,Instrumental,Víctor,78rpm,BAVE 1077/2,79793 B,Agustín Bardi,Mario Pardo,,26-29 Sexteto Víctor,Francisco De Caro,Olindo Sinibaldi,"Pedro Laurenz, Armando Blasco","Julio De Caro, Emilio De Caro","Piano, Bass, 2 Bandoneons, 2 Violins"
Julio De Caro,Julio De Caro y su Orquesta Típica,3/9/1927,Noches De Arrabal,,Tango,Instrumental,Víctor,78rpm,BAVE 1124/2,79812 A,Juan Baüer,,,26-29 Sexteto Víctor,Francisco De Caro,Olindo Sinibaldi,"Pedro Laurenz, Armando Blasco","Julio De Caro, Emilio De Caro","Piano, Bass, 2 Bandoneons, 2 Violins"
Julio De Caro,Julio De Caro y su Orquesta Típica,3/9/1927,Quejas De Bandoneón,,Tango,Instrumental,Víctor,78rpm,BAVE 1125/1,79812 B,Juan Filiberto,,,26-29 Sexteto Víctor,Francisco De Caro,Olindo Sinibaldi,"Pedro Laurenz, Armando Blasco","Julio De Caro, Emilio De Caro","Piano, Bass, 2 Bandoneons, 2 Violins"
Julio De Caro,Julio De Caro y su Orquesta Típica,3/21/1927,Mía,,Tango,Instrumental,Víctor,78rpm,BAVE 1142/1,79820 B,Francisco Maqueira,,,26-29 Sexteto Víctor,Francisco De Caro,Olindo Sinibaldi,"Pedro Laurenz, Armando Blasco","Julio De Caro, Emilio De Caro","Piano, Bass, 2 Bandoneons, 2 Violins"
Julio De Caro,Julio De Caro y su Orquesta Típica,3/21/1927,Maula,,Tango,Instrumental,Víctor,78rpm,BAVE 1143/2,79820 A,Adolfo Mondino,Víctor Soliño,,26-29 Sexteto Víctor,Francisco De Caro,Olindo Sinibaldi,"Pedro Laurenz, Armando Blasco","Julio De Caro, Emilio De Caro","Piano, Bass, 2 Bandoneons, 2 Violins"
Julio De Caro,Julio De Caro y su Orquesta Típica,3/29/1927,Nobleza De Arrabal,,Tango,Instrumental,Víctor,78rpm,BAVE 1156/1,79827 A,Francisco Canaro,Juan Caruso,,26-29 Sexteto Víctor,Francisco De Caro,Olindo Sinibaldi,"Pedro Laurenz, Armando Blasco","Julio De Caro, Emilio De Caro","Piano, Bass, 2 Bandoneons, 2 Violins"
Julio De Caro,Julio De Caro y su Orquesta Típica,3/29/1927,Parlamento,,Tango,Instrumental,Víctor,78rpm,BAVE 1157/2,79827 B,Julio De Caro,Richard Russo,,26-29 Sexteto Víctor,Francisco De Caro,Olindo Sinibaldi,"Pedro Laurenz, Armando Blasco","Julio De Caro, Emilio De Caro","Piano, Bass, 2 Bandoneons, 2 Violins"
Julio De Caro,Julio De Caro y su Orquesta Típica,4/11/1927,Corazón Mío,,Tango,Instrumental,Víctor,78rpm,BAVE 1168/2,79833 A,Víctor Donato,Rafael Cabrera,,26-29 Sexteto Víctor,Francisco De Caro,Olindo Sinibaldi,"Pedro Laurenz, Armando Blasco","Julio De Caro, Emilio De Caro","Piano, Bass, 2 Bandoneons, 2 Violins"
Julio De Caro,Julio De Caro y su Orquesta Típica,4/11/1927,Corazón Herido,,Tango,Félix Gutiérrez,Víctor,78rpm,BAVE 1169/1,79833 B,Francisco De Caro,Federico Dupuy,,26-29 Sexteto Víctor,Francisco De Caro,Olindo Sinibaldi,"Pedro Laurenz, Armando Blasco","Julio De Caro, Emilio De Caro","Piano, Bass, 2 Bandoneons, 2 Violins"
Julio De Caro,Julio De Caro y su Orquesta Típica,9/12/1927,El Baqueano,El Baquiano,Tango,Instrumental,Víctor,78rpm,BAVE 1418/2,79923 A,Agustín Bardi,,,26-29 Sexteto Víctor,Francisco De Caro,Olindo Sinibaldi,"Pedro Laurenz, Armando Blasco","Julio De Caro, Emilio De Caro","Piano, Bass, 2 Bandoneons, 2 Violins"
Julio De Caro,Julio De Caro y su Orquesta Típica,9/12/1927,Copacabana,Nido De Amor,Tango,Instrumental,Víctor,78rpm,BAVE 1419/1,79923 B,Julio De Caro,Antonio Rubio Fernández,,26-29 Sexteto Víctor,Francisco De Caro,Olindo Sinibaldi,"Pedro Laurenz, Armando Blasco","Julio De Caro, Emilio De Caro","Piano, Bass, 2 Bandoneons, 2 Violins"
Julio De Caro,Julio De Caro y su Orquesta Típica,9/12/1927,Tierra Querida,,Tango,Instrumental,Víctor,78rpm,BAVE 1420/1,79924 B,Julio De Caro,Luis Díaz,,26-29 Sexteto Víctor,Francisco De Caro,Olindo Sinibaldi,"Pedro Laurenz, Armando Blasco","Julio De Caro, Emilio De Caro","Piano, Bass, 2 Bandoneons, 2 Violins"
Julio De Caro,Julio De Caro y su Orquesta Típica,9/12/1927,Amurado,,Tango,Instrumental,Víctor,78rpm,BAVE 1421/2,79924 A,"Pedro Laurenz, Pedro Maffía",José De Grandis,,26-29 Sexteto Víctor,Francisco De Caro,Olindo Sinibaldi,"Pedro Laurenz, Armando Blasco","Julio De Caro, Emilio De Caro","Piano, Bass, 2 Bandoneons, 2 Violins"
Julio De Caro,Julio De Caro y su Orquesta Típica,9/13/1927,Mala Junta,,Tango,Instrumental,Víctor,78rpm,BAVE 1422/1,79925 A,"Julio De Caro, Pedro Laurenz",Juan Velich,,26-29 Sexteto Víctor,Francisco De Caro,Olindo Sinibaldi,"Pedro Laurenz, Armando Blasco","Julio De Caro, Emilio De Caro","Piano, Bass, 2 Bandoneons, 2 Violins"
Julio De Caro,Julio De Caro y su Orquesta Típica,9/13/1927,Flores Negras,,Tango,Instrumental,Víctor,78rpm,BAVE 1423/1,79925 B,Francisco De Caro,Mario Gomila,,26-29 Sexteto Víctor,Francisco De Caro,Olindo Sinibaldi,"Pedro Laurenz, Armando Blasco","Julio De Caro, Emilio De Caro","Piano, Bass, 2 Bandoneons, 2 Violins"
Julio De Caro,Julio De Caro y su Orquesta Típica,10/17/1927,Gallo Ciego,,Tango,Instrumental,Víctor,78rpm,BAVE 1486/2,79937 A,Agustín Bardi,,,26-29 Sexteto Víctor,Francisco De Caro,Olindo Sinibaldi,"Pedro Laurenz, Armando Blasco","Julio De Caro, Emilio De Caro","Piano, Bass, 2 Bandoneons, 2 Violins"
Julio De Caro,Julio De Caro y su Orquesta Típica,10/17/1927,Mi Ranchito,,Tango,Instrumental,Víctor,78rpm,BAVE 1487/2,79937 B,Salvador Grupillo,,,26-29 Sexteto Víctor,Francisco De Caro,Olindo Sinibaldi,"Pedro Laurenz, Armando Blasco","Julio De Caro, Emilio De Caro","Piano, Bass, 2 Bandoneons, 2 Violins"
Julio De Caro,Julio De Caro y su Orquesta Típica,10/27/1927,O Inesquecivel,El Inolvidable,Tango,Instrumental,Víctor,78rpm,BAVE 1504/2,79946 A,Aida Alohari,,,26-29 Sexteto Víctor,Francisco De Caro,Olindo Sinibaldi,"Pedro Laurenz, Armando Blasco","Julio De Caro, Emilio De Caro","Piano, Bass, 2 Bandoneons, 2 Violins"
Julio De Caro,Julio De Caro y su Orquesta Típica,10/27/1927,Olympia,Rio De Janeiro,Tango,Instrumental,Víctor,78rpm,BAVE 1505/2,79946 B,Julio De Caro,Juan Caruso,,26-29 Sexteto Víctor,Francisco De Caro,Olindo Sinibaldi,"Pedro Laurenz, Armando Blasco","Julio De Caro, Emilio De Caro","Piano, Bass, 2 Bandoneons, 2 Violins"
Julio De Caro,Julio De Caro y su Orquesta Típica,11/24/1927,Quiéreme Más,,Tango,Instrumental,Víctor,78rpm,BAVE 1514/2,79951 A,José Quevedo,,,26-29 Sexteto Víctor,Francisco De Caro,Olindo Sinibaldi,"Pedro Laurenz, Armando Blasco","Julio De Caro, Emilio De Caro","Piano, Bass, 2 Bandoneons, 2 Violins"
Julio De Caro,Julio De Caro y su Orquesta Típica,11/24/1927,Pasionaria,,Tango,Instrumental,Víctor,78rpm,BAVE 1515/2,79951 B,Manlio Francia,Richard Russo,,26-29 Sexteto Víctor,Francisco De Caro,Olindo Sinibaldi,"Pedro Laurenz, Armando Blasco","Julio De Caro, Emilio De Caro","Piano, Bass, 2 Bandoneons, 2 Violins"
Julio De Caro,Julio De Caro y su Orquesta Típica,11/24/1927,Cortesanita,,Tango,Instrumental,Víctor,78rpm,BAVE 1516/2,79952 A,Manuel Parada,Enrique Dizeo,,26-29 Sexteto Víctor,Francisco De Caro,Olindo Sinibaldi,"Pedro Laurenz, Armando Blasco","Julio De Caro, Emilio De Caro","Piano, Bass, 2 Bandoneons, 2 Violins"
Julio De Caro,Julio De Caro y su Orquesta Típica,11/24/1927,Bulincito Amigo,,Tango,Instrumental,Víctor,78rpm,BAVE 1517/2,79952 B,Arturo Bettoni,Víctor Soliño,,26-29 Sexteto Víctor,Francisco De Caro,Olindo Sinibaldi,"Pedro Laurenz, Armando Blasco","Julio De Caro, Emilio De Caro","Piano, Bass, 2 Bandoneons, 2 Violins"
Julio De Caro,Julio De Caro y su Orquesta Típica,11/28/1927,T B C,,Tango,Instrumental,Víctor,78rpm,BAVE 1522/2,79955 B,Edgardo Donato,Víctor Soliño,,26-29 Sexteto Víctor,Francisco De Caro,Olindo Sinibaldi,"Pedro Laurenz, Armando Blasco","Julio De Caro, Emilio De Caro","Piano, Bass, 2 Bandoneons, 2 Violins"
Julio De Caro,Julio De Caro y su Orquesta Típica,11/28/1927,Gigoló,,Tango,Instrumental,Víctor,78rpm,BAVE 1523/1,79955 A,"Emilio De Caro, Alberto De Caro",,,26-29 Sexteto Víctor,Francisco De Caro,Olindo Sinibaldi,"Pedro Laurenz, Armando Blasco","Julio De Caro, Emilio De Caro","Piano, Bass, 2 Bandoneons, 2 Violins"
Julio De Caro,Julio De Caro y su Orquesta Típica,12/1/1927,El Pillete,,Tango,Instrumental,Víctor,78rpm,BAVE 1529/2,79958 B,Graciano De Leone,,,26-29 Sexteto Víctor,Francisco De Caro,Olindo Sinibaldi,"Pedro Laurenz, Armando Blasco","Julio De Caro, Emilio De Caro","Piano, Bass, 2 Bandoneons, 2 Violins"
Julio De Caro,Julio De Caro y su Orquesta Típica,12/1/1927,Cata,,Vals,Instrumental,Víctor,78rpm,BAVE 1528/2,79958 A,Julio De Caro,Antonio Rubio Fernández,,26-29 Sexteto Víctor,Francisco De Caro,Olindo Sinibaldi,"Pedro Laurenz, Armando Blasco","Julio De Caro, Emilio De Caro","Piano, Bass, 2 Bandoneons, 2 Violins"
Julio De Caro,Julio De Caro y su Orquesta Típica,2/2/1928,El Malevo,,Tango,Instrumental,Víctor,78rpm,BAVE 1638/2,79993 A,"Julio De Caro, M. Castro",Enrique González Tuñón,,26-29 Sexteto Víctor,Francisco De Caro,Olindo Sinibaldi,"Pedro Laurenz, Armando Blasco","Julio De Caro, Emilio De Caro","Piano, Bass, 2 Bandoneons, 2 Violins"
Julio De Caro,Julio De Caro y su Orquesta Típica,2/2/1928,Color De Rosa,,Tango,Instrumental,Víctor,78rpm,BAVE 1639/2,79993 B,"Pedro Polito, Antonio Polito",,,26-29 Sexteto Víctor,Francisco De Caro,Olindo Sinibaldi,"Pedro Laurenz, Armando Blasco","Julio De Caro, Emilio De Caro","Piano, Bass, 2 Bandoneons, 2 Violins"
Julio De Caro,Julio De Caro y su Orquesta Típica,2/28/1928,Primer Agua,,Tango,Félix Gutiérrez,Víctor,78rpm,BAVE 1670/2,80809 A,Francisco De Caro,María Carnelli,,26-29 Sexteto Víctor,Francisco De Caro,Olindo Sinibaldi,"Pedro Laurenz, Armando Blasco","Julio De Caro, Emilio De Caro","Piano, Bass, 2 Bandoneons, 2 Violins"
Julio De Caro,Julio De Caro y su Orquesta Típica,2/28/1928,Berretín,,Tango,Instrumental,Víctor,78rpm,BAVE 1671/1,80809 B,Pedro Laurenz,Enrique Cadícamo,,26-29 Sexteto Víctor,Francisco De Caro,Olindo Sinibaldi,"Pedro Laurenz, Armando Blasco","Julio De Caro, Emilio De Caro","Piano, Bass, 2 Bandoneons, 2 Violins"
Julio De Caro,Julio De Caro y su Orquesta Típica,3/28/1928,Maipo,,Tango,Instrumental,Víctor,78rpm,BAVE 44022/1,80821 A,Eduardo Arolas,,,26-29 Sexteto Víctor,Francisco De Caro,Olindo Sinibaldi,"Pedro Laurenz, Armando Blasco","Julio De Caro, Emilio De Caro","Piano, Bass, 2 Bandoneons, 2 Violins"
Julio De Caro,Julio De Caro y su Orquesta Típica,3/28/1928,Lágrimas De Arrabal,,Tango,Instrumental,Víctor,78rpm,BAVE 44023/1,80821 B,José Pécora,Luis Rubinstein,,26-29 Sexteto Víctor,Francisco De Caro,Olindo Sinibaldi,"Pedro Laurenz, Armando Blasco","Julio De Caro, Emilio De Caro","Piano, Bass, 2 Bandoneons, 2 Violins"
Julio De Caro,Julio De Caro y su Orquesta Típica,4/30/1928,Sollozos,,Tango,Instrumental,Víctor,78rpm,BAVE 44050/4,80835 A,Osvaldo Fresedo,Emilio Fresedo,,26-29 Sexteto Víctor,Francisco De Caro,Olindo Sinibaldi,"Pedro Laurenz, Armando Blasco","Julio De Caro, Emilio De Caro","Piano, Bass, 2 Bandoneons, 2 Violins"
Julio De Caro,Julio De Caro y su Orquesta Típica,4/30/1928,Con Todo Amor,,Tango,Instrumental,Víctor,78rpm,BAVE 44051/3,80835 B,P. Ramallo,,,26-29 Sexteto Víctor,Francisco De Caro,Olindo Sinibaldi,"Pedro Laurenz, Armando Blasco","Julio De Caro, Emilio De Caro","Piano, Bass, 2 Bandoneons, 2 Violins"
Julio De Caro,Julio De Caro y su Orquesta Típica,4/30/1928,Vayan Saliendo,,Tango,Instrumental,Víctor,78rpm,BAVE 44052/2,80836 A,Víctor Donato,,,26-29 Sexteto Víctor,Francisco De Caro,Olindo Sinibaldi,"Pedro Laurenz, Armando Blasco","Julio De Caro, Emilio De Caro","Piano, Bass, 2 Bandoneons, 2 Violins"
Julio De Caro,Julio De Caro y su Orquesta Típica,4/30/1928,Mediodía,,Tango,Instrumental,Víctor,78rpm,BAVE 44053/1,80836 B,Manuel Buzón,Celedonio Flores,,26-29 Sexteto Víctor,Francisco De Caro,Olindo Sinibaldi,"Pedro Laurenz, Armando Blasco","Julio De Caro, Emilio De Caro","Piano, Bass, 2 Bandoneons, 2 Violins"
Julio De Caro,Julio De Caro y su Orquesta Típica,6/13/1928,Mundo Argentino,,Tango,Instrumental,Víctor,78rpm,BAVE 44150/2,80885 A,Julio De Caro,Richard Russo,,26-29 Sexteto Víctor,Francisco De Caro,Olindo Sinibaldi,"Pedro Laurenz, Armando Blasco","Julio De Caro, Emilio De Caro","Piano, Bass, 2 Bandoneons, 2 Violins"
Julio De Caro,Julio De Caro y su Orquesta Típica,6/13/1928,El Taita,,Tango,Instrumental,Víctor,78rpm,BAVE 44151/2,80885 B,Salvador Grupillo,,,26-29 Sexteto Víctor,Francisco De Caro,Olindo Sinibaldi,"Pedro Laurenz, Armando Blasco","Julio De Caro, Emilio De Caro","Piano, Bass, 2 Bandoneons, 2 Violins"
Julio De Caro,Julio De Caro y su Orquesta Típica,6/18/1928,Aromas,,Tango,Instrumental,Víctor,78rpm,BAVE 44166/2,80893 A,Osvaldo Fresedo,Emilio Fresedo,,26-29 Sexteto Víctor,Francisco De Caro,Olindo Sinibaldi,"Pedro Laurenz, Armando Blasco","Julio De Caro, Emilio De Caro","Piano, Bass, 2 Bandoneons, 2 Violins"
Julio De Caro,Julio De Caro y su Orquesta Típica,6/18/1928,La Otra Noche,,Tango,Instrumental,Víctor,78rpm,BAVE 44167/1,80893 B,Antonio Romano,Alberto Celenza,,26-29 Sexteto Víctor,Francisco De Caro,Olindo Sinibaldi,"Pedro Laurenz, Armando Blasco","Julio De Caro, Emilio De Caro","Piano, Bass, 2 Bandoneons, 2 Violins"
Julio De Caro,Julio De Caro y su Orquesta Típica,6/28/1928,Amarguras,Abandono,Tango,Instrumental,Víctor,78rpm,BAVE 44192/1,80906 A,Pedro Maffía,,,26-29 Sexteto Víctor,Francisco De Caro,Olindo Sinibaldi,"Pedro Laurenz, Armando Blasco","Julio De Caro, Emilio De Caro","Piano, Bass, 2 Bandoneons, 2 Violins"
Julio De Caro,Julio De Caro y su Orquesta Típica,6/28/1928,Colombina,Teresita,Tango,Instrumental,Víctor,78rpm,BAVE 44193/2,80906 B,"Julio De Caro, Francisco De Caro",Enrique Cadícamo,,26-29 Sexteto Víctor,Francisco De Caro,Olindo Sinibaldi,"Pedro Laurenz, Armando Blasco","Julio De Caro, Emilio De Caro","Piano, Bass, 2 Bandoneons, 2 Violins"
Julio De Caro,Julio De Caro y su Orquesta Típica,7/19/1928,El Monito,,Tango,Instrumental,Víctor,78rpm,BAVE 44224/2,80922 A,Julio De Caro,Juan Marambio Catán,,26-29 Sexteto Víctor,Francisco De Caro,Olindo Sinibaldi,"Pedro Laurenz, Armando Blasco","Julio De Caro, Emilio De Caro","Piano, Bass, 2 Bandoneons, 2 Violins"
Julio De Caro,Julio De Caro y su Orquesta Típica,7/19/1928,La Última Cita,,Tango,Instrumental,Víctor,78rpm,BAVE 44225/2,80922 B,Agustín Bardi,Francisco García Jiménez,,26-29 Sexteto Víctor,Francisco De Caro,Olindo Sinibaldi,"Pedro Laurenz, Armando Blasco","Julio De Caro, Emilio De Caro","Piano, Bass, 2 Bandoneons, 2 Violins"
Julio De Caro,Julio De Caro y su Orquesta Típica,8/10/1928,Carro Viejo,,Tango,Instrumental,Víctor,78rpm,BAVE 44258/1,80939 A,Fernando Montoni,Máximo Orsi,,26-29 Sexteto Víctor,Francisco De Caro,Olindo Sinibaldi,"Pedro Laurenz, Armando Blasco","Julio De Caro, Emilio De Caro","Piano, Bass, 2 Bandoneons, 2 Violins"
Julio De Caro,Julio De Caro y su Orquesta Típica,8/10/1928,Acordate Gil,,Tango,Instrumental,Víctor,78rpm,BAVE 44259/1,80939 B,A. Bacciale,Luis Zeballos,,26-29 Sexteto Víctor,Francisco De Caro,Olindo Sinibaldi,"Pedro Laurenz, Armando Blasco","Julio De Caro, Emilio De Caro","Piano, Bass, 2 Bandoneons, 2 Violins"
Julio De Caro,Julio De Caro y su Orquesta Típica,8/14/1928,Adiós Pueblo,,Tango,Instrumental,Víctor,78rpm,BAVE 44264/2,80942 A,Agustín Bardi,José De Grandis,,26-29 Sexteto Víctor,Francisco De Caro,Olindo Sinibaldi,"Pedro Laurenz, Armando Blasco","Julio De Caro, Emilio De Caro","Piano, Bass, 2 Bandoneons, 2 Violins"
Julio De Caro,Julio De Caro y su Orquesta Típica,8/14/1928,Criollo De Ley,,Tango,Instrumental,Víctor,78rpm,BAVE 44265/2,80942 B,Henry Binstock,,,26-29 Sexteto Víctor,Francisco De Caro,Olindo Sinibaldi,"Pedro Laurenz, Armando Blasco","Julio De Caro, Emilio De Caro","Piano, Bass, 2 Bandoneons, 2 Violins"
Julio De Caro,Julio De Caro y su Orquesta Típica,8/24/1928,Quimeras,,Tango,Instrumental,Víctor,78rpm,BAVE 44266/2,80943 A,Eugenio Nóbile,,,26-29 Sexteto Víctor,Francisco De Caro,Olindo Sinibaldi,"Pedro Laurenz, Armando Blasco","Julio De Caro, Emilio De Caro","Piano, Bass, 2 Bandoneons, 2 Violins"
Julio De Caro,Julio De Caro y su Orquesta Típica,8/24/1928,Ojos Brujos,,Tango,Instrumental,Víctor,78rpm,BAVE 44267/2,80943 B,Miguel Dramacket,,,26-29 Sexteto Víctor,Francisco De Caro,Olindo Sinibaldi,"Pedro Laurenz, Armando Blasco","Julio De Caro, Emilio De Caro","Piano, Bass, 2 Bandoneons, 2 Violins"
Julio De Caro,Julio De Caro y su Orquesta Típica,8/27/1928,Mala Pinta,,Tango,Instrumental,Víctor,78rpm,BAVE 44276/2,80948 A,"Julio De Caro, Francisco De Caro",,,26-29 Sexteto Víctor,Francisco De Caro,Olindo Sinibaldi,"Pedro Laurenz, Armando Blasco","Julio De Caro, Emilio De Caro","Piano, Bass, 2 Bandoneons, 2 Violins"
Julio De Caro,Julio De Caro y su Orquesta Típica,8/27/1928,Añorando,,Tango,Instrumental,Víctor,78rpm,BAVE 44277/2,80948 B,"Alfonso Gagliano, Pedro Gagliano",Richard Russo,,26-29 Sexteto Víctor,Francisco De Caro,Olindo Sinibaldi,"Pedro Laurenz, Armando Blasco","Julio De Caro, Emilio De Caro","Piano, Bass, 2 Bandoneons, 2 Violins"
Julio De Caro,Julio De Caro y su Orquesta Típica,9/14/1928,Loca Bohemia,,Tango,Instrumental,Víctor,78rpm,BAVE 44294/2,80957 A,Francisco De Caro,Dante Linyera,,26-29 Sexteto Víctor,Francisco De Caro,Olindo Sinibaldi,"Pedro Laurenz, Armando Blasco","Julio De Caro, Emilio De Caro","Piano, Bass, 2 Bandoneons, 2 Violins"
Julio De Caro,Julio De Caro y su Orquesta Típica,9/14/1928,Mal De Amores,,Tango,Instrumental,Víctor,78rpm,BAVE 44295/2,80957 B,Pedro Laurenz,,,26-29 Sexteto Víctor,Francisco De Caro,Olindo Sinibaldi,"Pedro Laurenz, Armando Blasco","Julio De Caro, Emilio De Caro","Piano, Bass, 2 Bandoneons, 2 Violins"
Julio De Caro,Julio De Caro y su Orquesta Típica,9/17/1928,Pobre Cantor,,Tango,Instrumental,Víctor,78rpm,BAVE 44298/2,80959 A,Raúl Ruíz Moreno,,,26-29 Sexteto Víctor,Francisco De Caro,Olindo Sinibaldi,"Pedro Laurenz, Armando Blasco","Julio De Caro, Emilio De Caro","Piano, Bass, 2 Bandoneons, 2 Violins"
Julio De Caro,Julio De Caro y su Orquesta Típica,9/17/1928,Orgullo Criollo,,Tango,Instrumental,Víctor,78rpm,BAVE 44299/2,80959 B,"Julio De Caro, Pedro Laurenz",,,26-29 Sexteto Víctor,Francisco De Caro,Olindo Sinibaldi,"Pedro Laurenz, Armando Blasco","Julio De Caro, Emilio De Caro","Piano, Bass, 2 Bandoneons, 2 Violins"
Julio De Caro,Julio De Caro y su Orquesta Típica,10/10/1928,Vengan Muchachos,,Tango,Instrumental,Víctor,78rpm,BAVE 44322/2,80971 A,Manuel Aróztegui,Luis Rubinstein,,26-29 Sexteto Víctor,Francisco De Caro,Olindo Sinibaldi,"Pedro Laurenz, Armando Blasco","Julio De Caro, Emilio De Caro","Piano, Bass, 2 Bandoneons, 2 Violins"
Julio De Caro,Julio De Caro y su Orquesta Típica,10/10/1928,Maliciosa,,Tango,Instrumental,Víctor,78rpm,BAVE 44323/2,80971 B,Luis Petrucelli,,,26-29 Sexteto Víctor,Francisco De Caro,Olindo Sinibaldi,"Pedro Laurenz, Armando Blasco","Julio De Caro, Emilio De Caro","Piano, Bass, 2 Bandoneons, 2 Violins"
Julio De Caro,Julio De Caro y su Orquesta Típica,11/16/1928,Boedo,,Tango,Instrumental,Víctor,78rpm,BAVE 44378/1,80999 A,Julio De Caro,Dante Linyera,,26-29 Sexteto Víctor,Francisco De Caro,Olindo Sinibaldi,"Pedro Laurenz, Armando Blasco","Julio De Caro, Emilio De Caro","Piano, Bass, 2 Bandoneons, 2 Violins"
Julio De Caro,Julio De Caro y su Orquesta Típica,11/16/1928,Candilejas,,Tango,Instrumental,Víctor,78rpm,BAVE 44379/2,80999 B,Enrique Ursini,,,26-29 Sexteto Víctor,Francisco De Caro,Olindo Sinibaldi,"Pedro Laurenz, Armando Blasco","Julio De Caro, Emilio De Caro","Piano, Bass, 2 Bandoneons, 2 Violins"
Julio De Caro,Orquesta Típica De Caro,5/1/1931,Hasta El Otro Carnaval,,Tango,Instrumental,Brunswick,78rpm,BKP 4439/1,1274 A,Emilio De Caro,Lito Bayardo,,29-32 Sexteto Brunswick,Francisco De Caro,Vicente Sciarretta,"Pedro Laurenz, Armando Blasco","Julio De Caro, José Nieso","Piano, Bass, 2 Bandoneons, 2 Violins"
Julio De Caro,Orquesta Típica De Caro,5/1/1931,Côte D'Azur,Amor Eterno,Tango,Instrumental,Brunswick,78rpm,BKP 4437,1270 A,Julio De Caro,Luis Díaz,,29-32 Sexteto Brunswick,Francisco De Caro,Vicente Sciarretta,"Pedro Laurenz, Armando Blasco","Julio De Caro, José Nieso","Piano, Bass, 2 Bandoneons, 2 Violins"
Julio De Caro,Orquesta Típica De Caro,5/1/1931,La Revancha,,Tango,Instrumental,Brunswick,78rpm,BKP 4447/1,1272 A,Pedro Laurenz,,,29-32 Sexteto Brunswick,Francisco De Caro,Vicente Sciarretta,"Pedro Laurenz, Armando Blasco","Julio De Caro, José Nieso","Piano, Bass, 2 Bandoneons, 2 Violins"
Julio De Caro,Orquesta Típica De Caro,1/4/1934,El Arranque,,Tango,Instrumental,Víctor,78rpm,,37626 A,Julio De Caro,,,35-42 Odeón,Francisco De Caro,Francisco De Lorenzo,"Carlos Marcucci, Gabriel Clausi, Félix Lipesker, Romualdo Marcucci","Julio De Caro, Luis Gutiérrez, Mauricio Saiovich","Piano, Bass, 4 Bandoneons, 3 Violins"
Julio De Caro,Julio De Caro y su Orquesta Típica,5/17/1935,Puede Ser,,Tango,Pedro Lauga,Odeón,78rpm,e 8126,5430 A,Julio De Caro,Mario Gomila,,35-42 Odeón,Francisco De Caro,Francisco De Lorenzo,"Carlos Marcucci, Gabriel Clausi, Félix Lipesker, Romualdo Marcucci","Julio De Caro, Luis Gutiérrez, Mauricio Saiovich","Piano, Bass, 4 Bandoneons, 3 Violins"
Julio De Caro,Julio De Caro y su Orquesta Típica,5/17/1935,Nunca,,Tango,Pedro Lauga,Odeón,78rpm,e 8127,5430 B,Julio De Caro,Luis Amadori,,35-42 Odeón,Francisco De Caro,Francisco De Lorenzo,"Carlos Marcucci, Gabriel Clausi, Félix Lipesker, Romualdo Marcucci","Julio De Caro, Luis Gutiérrez, Mauricio Saiovich","Piano, Bass, 4 Bandoneons, 3 Violins"
Julio De Caro,Julio De Caro y su Orquesta Típica,6/18/1935,Ideal,,Tango,Pedro Lauga,Odeón,78rpm,e 8210,5431 A,Francisco De Caro,Mario Gomila,,35-42 Odeón,Francisco De Caro,Francisco De Lorenzo,"Carlos Marcucci, Gabriel Clausi, Félix Lipesker, Romualdo Marcucci","Julio De Caro, Luis Gutiérrez, Mauricio Saiovich","Piano, Bass, 4 Bandoneons, 3 Violins"
Julio De Caro,Julio De Caro y su Orquesta Típica,6/18/1935,Taba Calzada,,Tango,Instrumental,Odeón,78rpm,e 8211,5431 B,Eduardo Arolas,,,35-42 Odeón,Francisco De Caro,Francisco De Lorenzo,"Carlos Marcucci, Gabriel Clausi, Félix Lipesker, Romualdo Marcucci","Julio De Caro, Luis Gutiérrez, Mauricio Saiovich","Piano, Bass, 4 Bandoneons, 3 Violins"
Julio De Caro,Julio De Caro y su Orquesta Típica,7/18/1935,Potpourri Federal,,Tango,Pedro Lauga,Odeón,78rpm,e 8241,40090 A,Julio De Caro,Mario Gomila,,35-42 Odeón,Francisco De Caro,Francisco De Lorenzo,"Carlos Marcucci, Gabriel Clausi, Félix Lipesker, Romualdo Marcucci","Julio De Caro, Luis Gutiérrez, Mauricio Saiovich","Piano, Bass, 4 Bandoneons, 3 Violins"
Julio De Caro,Julio De Caro y su Orquesta Típica,7/18/1935,Potpourri De Tangos,,Tango,Instrumental,Odeón,78rpm,e 8242,40090 B,Various,Various,,35-42 Odeón,Francisco De Caro,Francisco De Lorenzo,"Carlos Marcucci, Gabriel Clausi, Félix Lipesker, Romualdo Marcucci","Julio De Caro, Luis Gutiérrez, Mauricio Saiovich","Piano, Bass, 4 Bandoneons, 3 Violins"
Julio De Caro,Julio De Caro y su Orquesta Típica,9/24/1935,Virundela,,Tango,Pedro Lauga,Odeón,78rpm,e 8326,5432 A,Eduardo De Pauli,Eduardo De Pauli,,35-42 Odeón,Francisco De Caro,Francisco De Lorenzo,"Carlos Marcucci, Gabriel Clausi, Félix Lipesker, Romualdo Marcucci","Julio De Caro, Luis Gutiérrez, Mauricio Saiovich","Piano, Bass, 4 Bandoneons, 3 Violins"
Julio De Caro,Julio De Caro y su Orquesta Típica,9/24/1935,Tristeza,,Tango,Pedro Lauga,Odeón,78rpm,e 8327,5432 B,Alfredo Nesi,Mario Gomila,,35-42 Odeón,Francisco De Caro,Francisco De Lorenzo,"Carlos Marcucci, Gabriel Clausi, Félix Lipesker, Romualdo Marcucci","Julio De Caro, Luis Gutiérrez, Mauricio Saiovich","Piano, Bass, 4 Bandoneons, 3 Violins"
Julio De Caro,Julio De Caro y su Orquesta Típica,9/24/1935,Amor Criollo,,Tango,Pedro Lauga,Odeón,78rpm,e 8328,,Juan Baüer,,,35-42 Odeón,Francisco De Caro,Francisco De Lorenzo,"Carlos Marcucci, Gabriel Clausi, Félix Lipesker, Romualdo Marcucci","Julio De Caro, Luis Gutiérrez, Mauricio Saiovich","Piano, Bass, 4 Bandoneons, 3 Violins"
Julio De Caro,Julio De Caro y su Orquesta Típica,3/13/1936,Yo No Sé Si Me Querés,,Tango,Pedro Lauga,Odeón,78rpm,e 8477,5433 B,Julio De Caro,Luis Amadori,,35-42 Odeón,Francisco De Caro,Francisco De Lorenzo,"Carlos Marcucci, Gabriel Clausi, Félix Lipesker, Romualdo Marcucci","Julio De Caro, Luis Gutiérrez, Mauricio Saiovich","Piano, Bass, 4 Bandoneons, 3 Violins"
Julio De Caro,Julio De Caro y su Orquesta Típica,3/13/1936,Mala Pata,,Tango,Pedro Lauga,Odeón,78rpm,e 8478,5434 A,Francisco De Caro,Mario Gomila,,35-42 Odeón,Francisco De Caro,Francisco De Lorenzo,"Carlos Marcucci, Gabriel Clausi, Félix Lipesker, Romualdo Marcucci","Julio De Caro, Luis Gutiérrez, Mauricio Saiovich","Piano, Bass, 4 Bandoneons, 3 Violins"
Julio De Caro,Julio De Caro y su Orquesta Típica,3/13/1936,Dulce Esperanza,,Tango,Pedro Lauga,Odeón,78rpm,e 8479,5434 B,Juan Falchi,Carlos Pesce,,35-42 Odeón,Francisco De Caro,Francisco De Lorenzo,"Carlos Marcucci, Gabriel Clausi, Félix Lipesker, Romualdo Marcucci","Julio De Caro, Luis Gutiérrez, Mauricio Saiovich","Piano, Bass, 4 Bandoneons, 3 Violins"
Julio De Caro,Melódica Internacional,8/10/1936,Derecho Viejo,,Tango,Instrumental,Odeón,78rpm,e 8663,5435 B,Eduardo Arolas,,,1936 Melódica + Cuarteto,"Francisco De Caro, Julio Rosenberg, Julio Perceval (Organ)",,"Carlos Marcucci, Alfredo Cordisco, Calixto Sallago, Pedro Belluati","Julio De Caro, José Nieso, Cayetano Puglisi, Luis Gutiérrez, Manlio Francia","Piano, 4 Bandoneons, 5 Violins"
Julio De Caro,Melódica Internacional,8/10/1936,Pienso En Tí,,Vals,Violeta y Lidia Desmond,Odeón,78rpm,e 8662,5435 A,Julio De Caro,Jesús Fernández Blanco,,1936 Melódica + Cuarteto,"Francisco De Caro, Julio Rosenberg, Julio Perceval (Organ)",,"Carlos Marcucci, Alfredo Cordisco, Calixto Sallago, Pedro Belluati","Julio De Caro, José Nieso, Cayetano Puglisi, Luis Gutiérrez, Manlio Francia","Piano, 4 Bandoneons, 5 Violins"
Julio De Caro,Melódica Internacional,12/13/1936,De Contrapunto,,Milonga,Instrumental,Odeón,78rpm,e 8854,5437 B,Julio De Caro,,,1936 Melódica + Cuarteto,"Francisco De Caro, Julio Rosenberg, Julio Perceval (Organ)",,"Carlos Marcucci, Alfredo Cordisco, Calixto Sallago, Pedro Belluati","Julio De Caro, José Nieso, Cayetano Puglisi, Luis Gutiérrez, Manlio Francia","Piano, 4 Bandoneons, 5 Violins"
Julio De Caro,Melódica Internacional,12/13/1936,Noche Estrellada,,Tango,Pedro Lauga,Odeón,78rpm,e 8851,5436 A,Julio Rozenberg,Julio Rozenberg,,1936 Melódica + Cuarteto,"Francisco De Caro, Julio Rosenberg, Julio Perceval (Organ)",,"Carlos Marcucci, Alfredo Cordisco, Calixto Sallago, Pedro Belluati","Julio De Caro, José Nieso, Cayetano Puglisi, Luis Gutiérrez, Manlio Francia","Piano, 4 Bandoneons, 5 Violins"
Julio De Caro,Melódica Internacional,12/13/1936,Aquel Amor,,Tango,Pedro Lauga,Odeón,78rpm,e 8852,5436 B,Francisco De Caro,Mario Gomila,,1936 Melódica + Cuarteto,"Francisco De Caro, Julio Rosenberg, Julio Perceval (Organ)",,"Carlos Marcucci, Alfredo Cordisco, Calixto Sallago, Pedro Belluati","Julio De Caro, José Nieso, Cayetano Puglisi, Luis Gutiérrez, Manlio Francia","Piano, 4 Bandoneons, 5 Violins"
Julio De Caro,Melódica Internacional,12/13/1936,Viña Del Mar,,Tango,Pedro Lauga,Odeón,78rpm,e 8853,5437 A,Julio De Caro,Mario Gomila,,1936 Melódica + Cuarteto,"Francisco De Caro, Julio Rosenberg, Julio Perceval (Organ)",,"Carlos Marcucci, Alfredo Cordisco, Calixto Sallago, Pedro Belluati","Julio De Caro, José Nieso, Cayetano Puglisi, Luis Gutiérrez, Manlio Francia","Piano, 4 Bandoneons, 5 Violins"
Julio De Caro,Cuarteto Los Virtuosos,12/15/1936,Un Lamento,,Tango,Instrumental,Odeón,78rpm,BAVE 94440,38069 A,Graciano De Leone,Pedro Numa Córdoba,,1936 Melódica + Cuarteto,Francisco De Caro,,"Ciriaco Ortiz, Carlos Marcucci","Julio De Caro, Elvino Vardaro","Piano, 2 Bandoneons, 2 Violins"
Julio De Caro,Cuarteto Los Virtuosos,12/15/1936,Tierra Querida,,Tango,Instrumental,Odeón,78rpm,BAVE 94441,38074 A,Julio De Caro,Luis Díaz,,1936 Melódica + Cuarteto,Francisco De Caro,,"Ciriaco Ortiz, Carlos Marcucci","Julio De Caro, Elvino Vardaro","Piano, 2 Bandoneons, 2 Violins"
Julio De Caro,Cuarteto Los Virtuosos,12/15/1936,El Tirabuzón,,Tango,Instrumental,Odeón,78rpm,BAVE 94442,38069 B,Antonio Corrado,,,1936 Melódica + Cuarteto,Francisco De Caro,,"Ciriaco Ortiz, Carlos Marcucci","Julio De Caro, Elvino Vardaro","Piano, 2 Bandoneons, 2 Violins"
Julio De Caro,Cuarteto Los Virtuosos,12/15/1936,Chiclana,,Tango,Instrumental,Odeón,78rpm,BAVE 94443,38074 B,Julio De Caro,,,1936 Melódica + Cuarteto,Francisco De Caro,,"Ciriaco Ortiz, Carlos Marcucci","Julio De Caro, Elvino Vardaro","Piano, 2 Bandoneons, 2 Violins"
Julio De Caro,Julio De Caro y su Orquesta Típica,1/10/1938,Mil Novecientos Treinta y Siete,1937,Tango,Luis Díaz,Odeón,78rpm,e 9282,5438 A,Julio De Caro,Mario Gomila,,35-42 Odeón,Francisco De Caro,Francisco De Lorenzo,"Carlos Marcucci, Gabriel Clausi, Félix Lipesker, Romualdo Marcucci","Julio De Caro, Luis Gutiérrez, Mauricio Saiovich","Piano, Bass, 4 Bandoneons, 3 Violins"
Julio De Caro,Julio De Caro y su Orquesta Típica,1/10/1938,La Polca De Los Pibes,,Tango,Luis Díaz,Odeón,78rpm,e 9283,5438 B,Julio De Caro,José Saldías,,35-42 Odeón,Francisco De Caro,Francisco De Lorenzo,"Carlos Marcucci, Gabriel Clausi, Félix Lipesker, Romualdo Marcucci","Julio De Caro, Luis Gutiérrez, Mauricio Saiovich","Piano, Bass, 4 Bandoneons, 3 Violins"
Julio De Caro,Julio De Caro y su Orquesta Típica,3/10/1938,Sacachispas,,Milonga,Luis Díaz,Odeón,78rpm,e 9332,5439 A,Julio De Caro,José Saldías,,35-42 Odeón,Francisco De Caro,Francisco De Lorenzo,"Carlos Marcucci, Gabriel Clausi, Félix Lipesker, Romualdo Marcucci","Julio De Caro, Luis Gutiérrez, Mauricio Saiovich","Piano, Bass, 4 Bandoneons, 3 Violins"
Julio De Caro,Julio De Caro y su Orquesta Típica,3/10/1938,Fuego,,Tango,Luis Díaz,Odeón,78rpm,e 9333,5439 B,Julio De Caro,Carlos De La Púa,,35-42 Odeón,Francisco De Caro,Francisco De Lorenzo,"Carlos Marcucci, Gabriel Clausi, Félix Lipesker, Romualdo Marcucci","Julio De Caro, Luis Gutiérrez, Mauricio Saiovich","Piano, Bass, 4 Bandoneons, 3 Violins"
Julio De Caro,Julio De Caro y su Orquesta Típica,5/18/1938,Milonga Gris,,Milonga,Luis Díaz,Odeón,78rpm,e 9405,5440 B,Carlos Marcucci,Mario Gomila,,35-42 Odeón,Francisco De Caro,Francisco De Lorenzo,"Carlos Marcucci, Gabriel Clausi, Félix Lipesker, Romualdo Marcucci","Julio De Caro, Luis Gutiérrez, Mauricio Saiovich","Piano, Bass, 4 Bandoneons, 3 Violins"
Julio De Caro,Julio De Caro y su Orquesta Típica,5/18/1938,Decime que Sí,,Tango,Luis Díaz,Odeón,78rpm,e 9404,5440 A,Francisco De Caro,Mario Gomila,,35-42 Odeón,Francisco De Caro,Francisco De Lorenzo,"Carlos Marcucci, Gabriel Clausi, Félix Lipesker, Romualdo Marcucci","Julio De Caro, Luis Gutiérrez, Mauricio Saiovich","Piano, Bass, 4 Bandoneons, 3 Violins"
Julio De Caro,Julio De Caro y su Orquesta Típica,8/10/1938,Arolas,,Tango,Luis Díaz,Odeón,78rpm,e 9570,5441 B,Gabriel Clausi,Mario Gomila,,35-42 Odeón,Francisco De Caro,Francisco De Lorenzo,"Carlos Marcucci, Gabriel Clausi, Félix Lipesker, Romualdo Marcucci","Julio De Caro, Luis Gutiérrez, Mauricio Saiovich","Piano, Bass, 4 Bandoneons, 3 Violins"
Julio De Caro,Julio De Caro y su Orquesta Típica,8/10/1938,Norma,,Vals,Luis Díaz,Odeón,78rpm,e 9569,5441 A,María Gómez De Villavicencio,Luis Rey,,35-42 Odeón,Francisco De Caro,Francisco De Lorenzo,"Carlos Marcucci, Gabriel Clausi, Félix Lipesker, Romualdo Marcucci","Julio De Caro, Luis Gutiérrez, Mauricio Saiovich","Piano, Bass, 4 Bandoneons, 3 Violins"
Julio De Caro,Julio De Caro y su Orquesta Típica,11/16/1938,Mala Junta,,Tango,Instrumental,Odeón,78rpm,e 9716,5442 B,"Julio De Caro, Pedro Laurenz",,,35-42 Odeón,Francisco De Caro,Francisco De Lorenzo,"Carlos Marcucci, Gabriel Clausi, Félix Lipesker, Romualdo Marcucci","Julio De Caro, Luis Gutiérrez, Mauricio Saiovich","Piano, Bass, 4 Bandoneons, 3 Violins"
Julio De Caro,Julio De Caro y su Orquesta Típica,11/16/1938,Por Qué Tus Ojos Tienen Pena,,Vals,Luis Díaz,Odeón,78rpm,e 9715,5442 A,Julio De Caro,Mario Gomila,,35-42 Odeón,Francisco De Caro,Francisco De Lorenzo,"Carlos Marcucci, Gabriel Clausi, Félix Lipesker, Romualdo Marcucci","Julio De Caro, Luis Gutiérrez, Mauricio Saiovich","Piano, Bass, 4 Bandoneons, 3 Violins"
Julio De Caro,Julio De Caro y su Orquesta Típica,3/17/1939,Coraje,,Tango,Pedro Lauga,Odeón,78rpm,e 9826,5443 B,Julio De Caro,Carlos De La Púa,,35-42 Odeón,Francisco De Caro,Francisco De Lorenzo,"Carlos Marcucci, Gabriel Clausi, Félix Lipesker, Romualdo Marcucci","Julio De Caro, Luis Gutiérrez, Mauricio Saiovich","Piano, Bass, 4 Bandoneons, 3 Violins"
Julio De Caro,Julio De Caro y su Orquesta Típica,3/17/1939,Era Mi Vida,,Vals,Luis Díaz,Odeón,78rpm,e 9825,5443 A,Luis Gutiérrez Del Barrio,Atilio Bietti,,35-42 Odeón,Francisco De Caro,Francisco De Lorenzo,"Carlos Marcucci, Gabriel Clausi, Félix Lipesker, Romualdo Marcucci","Julio De Caro, Luis Gutiérrez, Mauricio Saiovich","Piano, Bass, 4 Bandoneons, 3 Violins"
Julio De Caro,Julio De Caro y su Orquesta Típica,5/23/1939,El Monito,,Tango,Instrumental,Odeón,78rpm,,38810 B,Julio De Caro,,,35-42 Odeón,Francisco De Caro,Francisco De Lorenzo,"Carlos Marcucci, Gabriel Clausi, Félix Lipesker, Romualdo Marcucci","Julio De Caro, Luis Gutiérrez, Mauricio Saiovich","Piano, Bass, 4 Bandoneons, 3 Violins"
Julio De Caro,Julio De Caro y su Orquesta Típica,5/23/1939,Ay Aurora,,Vals,Héctor Farrel,Odeón,78rpm,e 9951,5444 A,"Carlos Condemarín Vásquez, Federico Barreto Bustíos","Carlos Gardel, José Razzano",,35-42 Odeón,Francisco De Caro,Francisco De Lorenzo,"Carlos Marcucci, Gabriel Clausi, Félix Lipesker, Romualdo Marcucci","Julio De Caro, Luis Gutiérrez, Mauricio Saiovich","Piano, Bass, 4 Bandoneons, 3 Violins"
Julio De Caro,Julio De Caro y su Orquesta Típica,7/7/1939,El Espiante,,Tango,Instrumental,Odeón,78rpm,e 10010,5445 A,Osvaldo Fresedo,,,35-42 Odeón,Francisco De Caro,Francisco De Lorenzo,"Carlos Marcucci, Gabriel Clausi, Félix Lipesker, Romualdo Marcucci","Julio De Caro, Luis Gutiérrez, Mauricio Saiovich","Piano, Bass, 4 Bandoneons, 3 Violins"
Julio De Caro,Julio De Caro y su Orquesta Típica,7/7/1939,Boedo,,Tango,Héctor Farrel,Odeón,78rpm,e 10011,5445 B,Julio De Caro,Dante Linyera,,35-42 Odeón,Francisco De Caro,Francisco De Lorenzo,"Carlos Marcucci, Gabriel Clausi, Félix Lipesker, Romualdo Marcucci","Julio De Caro, Luis Gutiérrez, Mauricio Saiovich","Piano, Bass, 4 Bandoneons, 3 Violins"
Julio De Caro,Julio De Caro y su Orquesta Típica,9/7/1939,No Hay Tierra Como La Mía,,Milonga,Héctor Farrel,Odeón,78rpm,e 10069,5446 B,Charlo,Enrique Cadícamo,,35-42 Odeón,Francisco De Caro,Francisco De Lorenzo,"Carlos Marcucci, Gabriel Clausi, Félix Lipesker, Romualdo Marcucci","Julio De Caro, Luis Gutiérrez, Mauricio Saiovich","Piano, Bass, 4 Bandoneons, 3 Violins"
Julio De Caro,Julio De Caro y su Orquesta Típica,9/7/1939,Luz Divina,,Tango,Héctor Farrel,Odeón,78rpm,e 10068,5446 A,Charlo,Enrique Cadícamo,,35-42 Odeón,Francisco De Caro,Francisco De Lorenzo,"Carlos Marcucci, Gabriel Clausi, Félix Lipesker, Romualdo Marcucci","Julio De Caro, Luis Gutiérrez, Mauricio Saiovich","Piano, Bass, 4 Bandoneons, 3 Violins"
Julio De Caro,Julio De Caro y su Orquesta Típica,12/7/1939,Esta Noche,,Tango,Héctor Farrel,Odeón,78rpm,e 10211,5447 A,Carlos Marcucci,Lito Bayardo,,35-42 Odeón,Francisco De Caro,Francisco De Lorenzo,"Carlos Marcucci, Gabriel Clausi, Félix Lipesker, Romualdo Marcucci","Julio De Caro, Luis Gutiérrez, Mauricio Saiovich","Piano, Bass, 4 Bandoneons, 3 Violins"
Julio De Caro,Julio De Caro y su Orquesta Típica,12/7/1939,Deseo,,Tango,Héctor Farrel,Odeón,78rpm,e 10213,5448 A,Francisco De Caro,Luis Rubinstein,,35-42 Odeón,Francisco De Caro,Francisco De Lorenzo,"Carlos Marcucci, Gabriel Clausi, Félix Lipesker, Romualdo Marcucci","Julio De Caro, Luis Gutiérrez, Mauricio Saiovich","Piano, Bass, 4 Bandoneons, 3 Violins"
Julio De Caro,Julio De Caro y su Orquesta Típica,12/7/1939,Arrabal,,Tango,Héctor Farrel,Odeón,78rpm,e 10214,5448 B,Félix Lípesker,Homero Manzi,,35-42 Odeón,Francisco De Caro,Francisco De Lorenzo,"Carlos Marcucci, Gabriel Clausi, Félix Lipesker, Romualdo Marcucci","Julio De Caro, Luis Gutiérrez, Mauricio Saiovich","Piano, Bass, 4 Bandoneons, 3 Violins"
Julio De Caro,Julio De Caro y su Orquesta Típica,12/7/1939,Demasiado Tarde,,Vals,Héctor Farrel,Odeón,78rpm,e 10212,5447 B,Julio De Caro,Rodolfo Sciammarella,,35-42 Odeón,Francisco De Caro,Francisco De Lorenzo,"Carlos Marcucci, Gabriel Clausi, Félix Lipesker, Romualdo Marcucci","Julio De Caro, Luis Gutiérrez, Mauricio Saiovich","Piano, Bass, 4 Bandoneons, 3 Violins"
Julio De Caro,Julio De Caro y su Orquesta Típica,4/5/1940,Catamarca,,Tango,Instrumental,Odeón,78rpm,e 10390,5450 A,Eduardo Arolas,,,35-42 Odeón,Francisco De Caro,Francisco De Lorenzo,"Carlos Marcucci, Gabriel Clausi, Félix Lipesker, Romualdo Marcucci","Julio De Caro, Luis Gutiérrez, Mauricio Saiovich","Piano, Bass, 4 Bandoneons, 3 Violins"
Julio De Caro,Julio De Caro y su Orquesta Típica,4/5/1940,Mamá Yo Quiero Casarme,,Vals,Héctor Farrel,Odeón,78rpm,e 10391,5450 B,"Julio De Caro, Carlos Marcucci",Juan Thorry,,35-42 Odeón,Francisco De Caro,Francisco De Lorenzo,"Carlos Marcucci, Gabriel Clausi, Félix Lipesker, Romualdo Marcucci","Julio De Caro, Luis Gutiérrez, Mauricio Saiovich","Piano, Bass, 4 Bandoneons, 3 Violins"
Julio De Caro,Julio De Caro y su Orquesta Típica,5/30/1940,No Quiero Pensar Más,,Tango,Héctor Farrel,Odeón,78rpm,e 10504,5451 B,José Nieso,Iván Casadó,,35-42 Odeón,Francisco De Caro,Francisco De Lorenzo,"Carlos Marcucci, Gabriel Clausi, Félix Lipesker, Romualdo Marcucci","Julio De Caro, Luis Gutiérrez, Mauricio Saiovich","Piano, Bass, 4 Bandoneons, 3 Violins"
Julio De Caro,Julio De Caro y su Orquesta Típica,5/30/1940,Tu Nombre,,Vals,Héctor Farrel,Odeón,78rpm,e 10503,5451 A,Félix Lípesker,Homero Manzi,,35-42 Odeón,Francisco De Caro,Francisco De Lorenzo,"Carlos Marcucci, Gabriel Clausi, Félix Lipesker, Romualdo Marcucci","Julio De Caro, Luis Gutiérrez, Mauricio Saiovich","Piano, Bass, 4 Bandoneons, 3 Violins"
Julio De Caro,Julio De Caro y su Orquesta Típica,9/3/1940,Milonga De Montserrat,,Milonga,Héctor Farrel,Odeón,78rpm,e 10678,5452 B,Rafael Sánchez,Rafael Sánchez,,35-42 Odeón,Francisco De Caro,Francisco De Lorenzo,"Carlos Marcucci, Gabriel Clausi, Félix Lipesker, Romualdo Marcucci","Julio De Caro, Luis Gutiérrez, Mauricio Saiovich","Piano, Bass, 4 Bandoneons, 3 Violins"
Julio De Caro,Julio De Caro y su Orquesta Típica,9/3/1940,Mariposa,,Tango,Héctor Farrel,Odeón,78rpm,e 10677,5452 A,Ernesto Lecuona,Ernesto Lecuona,,35-42 Odeón,Francisco De Caro,Francisco De Lorenzo,"Carlos Marcucci, Gabriel Clausi, Félix Lipesker, Romualdo Marcucci","Julio De Caro, Luis Gutiérrez, Mauricio Saiovich","Piano, Bass, 4 Bandoneons, 3 Violins"
Julio De Caro,Julio De Caro y su Orquesta Típica,10/28/1940,Otro Amor Ha De Llegar,,Tango,Héctor Farrel,Odeón,78rpm,e 10790,5453 A,Francisco De Caro,Enrique Cadícamo,,35-42 Odeón,Francisco De Caro,Francisco De Lorenzo,"Carlos Marcucci, Gabriel Clausi, Félix Lipesker, Romualdo Marcucci","Julio De Caro, Luis Gutiérrez, Mauricio Saiovich","Piano, Bass, 4 Bandoneons, 3 Violins"
Julio De Caro,Julio De Caro y su Orquesta Típica,10/28/1940,Puro Corte,,Tango,Instrumental,Odeón,78rpm,e 10791,5453 B,Raquel Belmonte,,,35-42 Odeón,Francisco De Caro,Francisco De Lorenzo,"Carlos Marcucci, Gabriel Clausi, Félix Lipesker, Romualdo Marcucci","Julio De Caro, Luis Gutiérrez, Mauricio Saiovich","Piano, Bass, 4 Bandoneons, 3 Violins"
Julio De Caro,Julio De Caro y su Orquesta Típica,12/3/1940,Milonga De Mi Flor,,Milonga,Héctor Farrel,Odeón,78rpm,e 10894,5454 B,Feliciano Brunelli,Carlos Bahr,,35-42 Odeón,Francisco De Caro,Francisco De Lorenzo,"Carlos Marcucci, Gabriel Clausi, Félix Lipesker, Romualdo Marcucci","Julio De Caro, Luis Gutiérrez, Mauricio Saiovich","Piano, Bass, 4 Bandoneons, 3 Violins"
Julio De Caro,Julio De Caro y su Orquesta Típica,12/3/1940,Tierra Negra,,Tango,Instrumental,Odeón,78rpm,e 10893,5454 A,Graciano De Leone,,,35-42 Odeón,Francisco De Caro,Francisco De Lorenzo,"Carlos Marcucci, Gabriel Clausi, Félix Lipesker, Romualdo Marcucci","Julio De Caro, Luis Gutiérrez, Mauricio Saiovich","Piano, Bass, 4 Bandoneons, 3 Violins"
Julio De Caro,Julio De Caro y su Orquesta Típica,1/17/1941,No Me Pidas La Exclusiva,,Tango,Héctor Farrel,Odeón,78rpm,e 10995,5455 B,Julio De Caro,Enrique Cadícamo,,35-42 Odeón,Francisco De Caro,Francisco De Lorenzo,"Carlos Marcucci, Gabriel Clausi, Félix Lipesker, Romualdo Marcucci","Julio De Caro, Luis Gutiérrez, Mauricio Saiovich","Piano, Bass, 4 Bandoneons, 3 Violins"
Julio De Caro,Julio De Caro y su Orquesta Típica,3/27/1941,Copacabana,Nido De Amor,Tango,Héctor Farrel,Odeón,78rpm,e 11114,5456 A,Julio De Caro,Antonio Penadés,,35-42 Odeón,Francisco De Caro,Francisco De Lorenzo,"Carlos Marcucci, Gabriel Clausi, Félix Lipesker, Romualdo Marcucci","Julio De Caro, Luis Gutiérrez, Mauricio Saiovich","Piano, Bass, 4 Bandoneons, 3 Violins"
Julio De Caro,Julio De Caro y su Orquesta Típica,3/27/1941,La Rayuela,,Tango,Instrumental,Odeón,78rpm,e 11115,5456 B,Julio De Caro,,,35-42 Odeón,Francisco De Caro,Francisco De Lorenzo,"Carlos Marcucci, Gabriel Clausi, Félix Lipesker, Romualdo Marcucci","Julio De Caro, Luis Gutiérrez, Mauricio Saiovich","Piano, Bass, 4 Bandoneons, 3 Violins"
Julio De Caro,Julio De Caro y su Orquesta Típica,5/29/1941,El Baqueano,,Tango,Instrumental,Odeón,78rpm,e 11219,5457 A,Agustín Bardi,,,35-42 Odeón,Francisco De Caro,Francisco De Lorenzo,"Carlos Marcucci, Gabriel Clausi, Félix Lipesker, Romualdo Marcucci","Julio De Caro, Luis Gutiérrez, Mauricio Saiovich","Piano, Bass, 4 Bandoneons, 3 Violins"
Julio De Caro,Julio De Caro y su Orquesta Típica,5/29/1941,Moulin Rouge,,Tango,Instrumental,Odeón,78rpm,e 11220,5457 B,Julio De Caro,,,35-42 Odeón,Francisco De Caro,Francisco De Lorenzo,"Carlos Marcucci, Gabriel Clausi, Félix Lipesker, Romualdo Marcucci","Julio De Caro, Luis Gutiérrez, Mauricio Saiovich","Piano, Bass, 4 Bandoneons, 3 Violins"
Julio De Caro,Julio De Caro y su Orquesta Típica,8/14/1941,De Mí Te Alejas,,Tango,Agustín Volpe,Odeón,78rpm,e 11382,5458 B,Julio De Caro,Atilio Bietti,,35-42 Odeón,Francisco De Caro,Francisco De Lorenzo,"Carlos Marcucci, Gabriel Clausi, Félix Lipesker, Romualdo Marcucci","Julio De Caro, Luis Gutiérrez, Mauricio Saiovich","Piano, Bass, 4 Bandoneons, 3 Violins"
Julio De Caro,Julio De Caro y su Orquesta Típica,8/14/1941,Celoso Por Tí,,Vals,Héctor Farrel,Odeón,78rpm,e 11381,5458 A,Julián Ortiz,José Contursi,,35-42 Odeón,Francisco De Caro,Francisco De Lorenzo,"Carlos Marcucci, Gabriel Clausi, Félix Lipesker, Romualdo Marcucci","Julio De Caro, Luis Gutiérrez, Mauricio Saiovich","Piano, Bass, 4 Bandoneons, 3 Violins"
Julio De Caro,Julio De Caro y su Orquesta Típica,9/2/1941,Maipo,,Tango,Instrumental,Odeón,78rpm,e 11406,5459 A,Eduardo Arolas,,,35-42 Odeón,Francisco De Caro,Francisco De Lorenzo,"Carlos Marcucci, Gabriel Clausi, Félix Lipesker, Romualdo Marcucci","Julio De Caro, Luis Gutiérrez, Mauricio Saiovich","Piano, Bass, 4 Bandoneons, 3 Violins"
Julio De Caro,Julio De Caro y su Orquesta Típica,9/2/1941,Ay Elena,,Vals,Héctor Farrel,Odeón,78rpm,e 11407,5459 B,"Carlos Gardel, José Razzano","Carlos Gardel, José Razzano",,35-42 Odeón,Francisco De Caro,Francisco De Lorenzo,"Carlos Marcucci, Gabriel Clausi, Félix Lipesker, Romualdo Marcucci","Julio De Caro, Luis Gutiérrez, Mauricio Saiovich","Piano, Bass, 4 Bandoneons, 3 Violins"
Julio De Caro,Julio De Caro y su Orquesta Típica,1/13/1942,El Candombe,,Tango,Roberto Quiroga,Odeón,78rpm,e 11712,5460 A,Julio De Caro,Enrique Cadícamo,,35-42 Odeón,Francisco De Caro,Francisco De Lorenzo,"Carlos Marcucci, Gabriel Clausi, Félix Lipesker, Romualdo Marcucci","Julio De Caro, Luis Gutiérrez, Mauricio Saiovich","Piano, Bass, 4 Bandoneons, 3 Violins"
Julio De Caro,Julio De Caro y su Orquesta Típica,1/13/1942,El Pensamiento,,Tango,Instrumental,Odeón,78rpm,e 11714,5461 A,José Martínez,Francisco García Jiménez,,35-42 Odeón,Francisco De Caro,Francisco De Lorenzo,"Carlos Marcucci, Gabriel Clausi, Félix Lipesker, Romualdo Marcucci","Julio De Caro, Luis Gutiérrez, Mauricio Saiovich","Piano, Bass, 4 Bandoneons, 3 Violins"
Julio De Caro,Julio De Caro y su Orquesta Típica,1/13/1942,De Vuelta Al Bulín,,Tango,Roberto Quiroga,Odeón,78rpm,e 11715,5461 B,José Martínez,Pascual Contursi,,35-42 Odeón,Francisco De Caro,Francisco De Lorenzo,"Carlos Marcucci, Gabriel Clausi, Félix Lipesker, Romualdo Marcucci","Julio De Caro, Luis Gutiérrez, Mauricio Saiovich","Piano, Bass, 4 Bandoneons, 3 Violins"
Julio De Caro,Julio De Caro y su Orquesta Típica,1/13/1942,Beatriz,,Vals,Agustín Volpe,Odeón,78rpm,e 11713,5460 B,Julio De Caro,Mario Gomila,,35-42 Odeón,Francisco De Caro,Francisco De Lorenzo,"Carlos Marcucci, Gabriel Clausi, Félix Lipesker, Romualdo Marcucci","Julio De Caro, Luis Gutiérrez, Mauricio Saiovich","Piano, Bass, 4 Bandoneons, 3 Violins"
Julio De Caro,Julio De Caro y su Orquesta Típica,7/2/1942,Morena Del 900,,Milonga,Héctor Farrel,Odeón,78rpm,e 12074,5462 B,Alfredo Cordisco,Lito Bayardo,,35-42 Odeón,Francisco De Caro,Francisco De Lorenzo,"Carlos Marcucci, Gabriel Clausi, Félix Lipesker, Romualdo Marcucci","Julio De Caro, Luis Gutiérrez, Mauricio Saiovich","Piano, Bass, 4 Bandoneons, 3 Violins"
Julio De Caro,Julio De Caro y su Orquesta Típica,7/2/1942,Decíme Qué Pasó,,Tango,Pedro Lauga,Odeón,78rpm,e 12073,5462 A,"Miguel Nijensohn, José Nieso",José Suñé,,35-42 Odeón,Francisco De Caro,Francisco De Lorenzo,"Carlos Marcucci, Gabriel Clausi, Félix Lipesker, Romualdo Marcucci","Julio De Caro, Luis Gutiérrez, Mauricio Saiovich","Piano, Bass, 4 Bandoneons, 3 Violins"
Julio De Caro,Julio De Caro y su Orquesta Típica,9/16/1942,Flores Negras,,Tango,Instrumental,Odeón,78rpm,e 12220,5463 A,Francisco De Caro,Mario Gomila,,35-42 Odeón,Francisco De Caro,Francisco De Lorenzo,"Carlos Marcucci, Gabriel Clausi, Félix Lipesker, Romualdo Marcucci","Julio De Caro, Luis Gutiérrez, Mauricio Saiovich","Piano, Bass, 4 Bandoneons, 3 Violins"
Julio De Caro,Julio De Caro y su Orquesta Típica,9/16/1942,Buen Amigo,,Tango,Agustín Volpe,Odeón,78rpm,e 12221,5463 B,Julio De Caro,Juan Marambio Catán,,35-42 Odeón,Francisco De Caro,Francisco De Lorenzo,"Carlos Marcucci, Gabriel Clausi, Félix Lipesker, Romualdo Marcucci","Julio De Caro, Luis Gutiérrez, Mauricio Saiovich","Piano, Bass, 4 Bandoneons, 3 Violins"
Julio De Caro,Julio De Caro y su Orquesta Típica,10/28/1942,El Motivo,,Tango,Instrumental,Odeón,78rpm,e 12316,5464 B,Julio De Caro,Juan Marambio Catán,,35-42 Odeón,Francisco De Caro,Francisco De Lorenzo,"Carlos Marcucci, Gabriel Clausi, Félix Lipesker, Romualdo Marcucci","Julio De Caro, Luis Gutiérrez, Mauricio Saiovich","Piano, Bass, 4 Bandoneons, 3 Violins"
Julio De Caro,Julio De Caro y su Orquesta Típica,10/28/1942,Un Dilema,,Vals,Agustín Volpe,Odeón,78rpm,e 12315,5464 A,Julio De Caro,Enrique Cadícamo,,35-42 Odeón,Francisco De Caro,Francisco De Lorenzo,"Carlos Marcucci, Gabriel Clausi, Félix Lipesker, Romualdo Marcucci","Julio De Caro, Luis Gutiérrez, Mauricio Saiovich","Piano, Bass, 4 Bandoneons, 3 Violins"
Julio De Caro,Julio De Caro y su Orquesta Típica,6/3/1943,Un Violín En La Noche,,Tango,Carlos Viván,Víctor,78rpm,BAVE 84395,60-0145 B,Julio De Caro,Enrique Cadícamo,,35-42 Odeón,Francisco De Caro,Juan José Fantín,"Carlos Marcucci, Alfredo Cordisco, Calixto Sallago, Pedro Belluati","Julio De Caro, Bernardo Weber, José Nieso, Manlio Francia, Bernardo Sevilla","Piano, Bass, 4 Bandoneons, 5 Violins"
Julio De Caro,Julio De Caro y su Orquesta Típica,6/3/1943,Sueño Azul,,Tango,Instrumental,Víctor,78rpm,BAVE 84396,60-0145 A,Francisco De Caro,Mario Gomila,,43-51 Larger Group,Francisco De Caro,Juan José Fantín,"Carlos Marcucci, Alfredo Cordisco, Calixto Sallago, Pedro Belluati","Julio De Caro, Bernardo Weber, José Nieso, Manlio Francia, Bernardo Sevilla","Piano, Bass, 4 Bandoneons, 5 Violins"
Julio De Caro,Julio De Caro y su Orquesta Típica,9/7/1943,Corazón De Carbón,,Milonga,Carlos Viván y Héctor Farrel,Víctor,78rpm,BAVE 77213,60-0207 A,Francisco De Caro,Horacio Sanguinetti,,43-51 Larger Group,Francisco De Caro,Juan José Fantín,"Carlos Marcucci, Alfredo Cordisco, Calixto Sallago, Pedro Belluati","Julio De Caro, Bernardo Weber, José Nieso, Manlio Francia, Bernardo Sevilla","Piano, Bass, 4 Bandoneons, 5 Violins"
Julio De Caro,Julio De Caro y su Orquesta Típica,9/7/1943,Guardia Vieja,,Tango,Instrumental,Víctor,78rpm,BAVE 77214,60-0207 B,Julio De Caro,de Pedro,,43-51 Larger Group,Francisco De Caro,Juan José Fantín,"Carlos Marcucci, Alfredo Cordisco, Calixto Sallago, Pedro Belluati","Julio De Caro, Bernardo Weber, José Nieso, Manlio Francia, Bernardo Sevilla","Piano, Bass, 4 Bandoneons, 5 Violins"
Julio De Caro,Julio De Caro y su Orquesta Típica,10/26/1943,Loca Bohemia,,Tango,Instrumental,Víctor,78rpm,BAVE 77318,60-0267 B,Francisco De Caro,Dante Linyera,,43-51 Larger Group,Francisco De Caro,Juan José Fantín,"Carlos Marcucci, Alfredo Cordisco, Calixto Sallago, Pedro Belluati","Julio De Caro, Bernardo Weber, José Nieso, Manlio Francia, Bernardo Sevilla","Piano, Bass, 4 Bandoneons, 5 Violins"
Julio De Caro,Julio De Caro y su Orquesta Típica,10/26/1943,Sorpresa De Novia,,Vals,Carlos Viván y Héctor Farrel,Víctor,78rpm,BAVE 77317,60-0267 A,Carlos Marcucci,José Suñé,,43-51 Larger Group,Francisco De Caro,Juan José Fantín,"Carlos Marcucci, Alfredo Cordisco, Calixto Sallago, Pedro Belluati","Julio De Caro, Bernardo Weber, José Nieso, Manlio Francia, Bernardo Sevilla","Piano, Bass, 4 Bandoneons, 5 Violins"
Julio De Caro,Julio De Caro y su Orquesta Típica,8/9/1944,Cuatro Campanadas,,Tango,Carlos Viván,Víctor,78rpm,BAVE 79308,60-0514 A,Mario Maurano,Lito Bayardo,,43-51 Larger Group,Francisco De Caro,Juan José Fantín,"Carlos Marcucci, Alfredo Cordisco, Calixto Sallago, Pedro Belluati","Julio De Caro, Bernardo Weber, José Nieso, Manlio Francia, Bernardo Sevilla","Piano, Bass, 4 Bandoneons, 5 Violins"
Julio De Caro,Julio De Caro y su Orquesta Típica,8/9/1944,Buhardilla,,Tango,Carlos Viván,Víctor,78rpm,BAVE 79309,60-0514 B,Rodolfo Blasi,Horacio Sanguinetti,,43-51 Larger Group,Francisco De Caro,Juan José Fantín,"Carlos Marcucci, Alfredo Cordisco, Calixto Sallago, Pedro Belluati","Julio De Caro, Bernardo Weber, José Nieso, Manlio Francia, Bernardo Sevilla","Piano, Bass, 4 Bandoneons, 5 Violins"
Julio De Caro,Julio De Caro y su Orquesta Típica,7/26/1949,Copacabana,Nido De Amor,Tango,Instrumental,Odeón,78rpm,e 17367,30371 A,Julio De Caro,Antonio Rubio Penades,,43-51 Larger Group,Francisco De Caro,Juan José Fantín,"Carlos Marcucci, Roberto Di Filippo, Ángel Genta, Pedro Belluati, Alfredo Marcucci","Julio De Caro, Bernardo Weber, José Nieso, Manlio Francia, Pedro Sapochnik, Luis Cuervo","Piano, Bass, 5 Bandoneons, 6 Violins"
Julio De Caro,Julio De Caro y su Orquesta Típica,7/26/1949,Selecciones De Carlos Gardel,,Tango,Roberto Medina,Odeón,78rpm,e 17368,30371 B,"Carlos Gardel, Alfredo Lepera",Mario Battistella,,43-51 Larger Group,Francisco De Caro,Juan José Fantín,"Carlos Marcucci, Roberto Di Filippo, Ángel Genta, Pedro Belluati, Alfredo Marcucci","Julio De Caro, Bernardo Weber, José Nieso, Manlio Francia, Pedro Sapochnik, Luis Cuervo","Piano, Bass, 5 Bandoneons, 6 Violins"
Julio De Caro,Julio De Caro y su Orquesta Típica,9/29/1949,El Monito,,Tango,Instrumental,Odeón,78rpm,e 17438,30372 A,Julio De Caro,,,43-51 Larger Group,Francisco De Caro,Juan José Fantín,"Carlos Marcucci, Roberto Di Filippo, Ángel Genta, Pedro Belluati, Alfredo Marcucci","Julio De Caro, Bernardo Weber, José Nieso, Manlio Francia, Pedro Sapochnik, Luis Cuervo","Piano, Bass, 5 Bandoneons, 6 Violins"
Julio De Caro,Julio De Caro y su Orquesta Típica,9/29/1949,Aníbal Troilo,,Tango,Instrumental,Odeón,78rpm,e 17439,30372 B,Julio De Caro,,,43-51 Larger Group,Francisco De Caro,Juan José Fantín,"Carlos Marcucci, Roberto Di Filippo, Ángel Genta, Pedro Belluati, Alfredo Marcucci","Julio De Caro, Bernardo Weber, José Nieso, Manlio Francia, Pedro Sapochnik, Luis Cuervo","Piano, Bass, 5 Bandoneons, 6 Violins"
Julio De Caro,Julio De Caro y su Orquesta Típica,10/19/1949,Mala Junta,,Tango,Instrumental,Odeón,78rpm,e 17457,30374 A,"Julio De Caro, Pedro Laurenz",,,43-51 Larger Group,Francisco De Caro,Juan José Fantín,"Carlos Marcucci, Roberto Di Filippo, Ángel Genta, Pedro Belluati, Alfredo Marcucci","Julio De Caro, Bernardo Weber, José Nieso, Manlio Francia, Pedro Sapochnik, Luis Cuervo","Piano, Bass, 5 Bandoneons, 6 Violins"
Julio De Caro,Julio De Caro y su Orquesta Típica,10/19/1949,De Rompe Y Raja,,Tango,Instrumental,Odeón,78rpm,e 17458,30374 B,Julio De Caro,,,43-51 Larger Group,Francisco De Caro,Juan José Fantín,"Carlos Marcucci, Roberto Di Filippo, Ángel Genta, Pedro Belluati, Alfredo Marcucci","Julio De Caro, Bernardo Weber, José Nieso, Manlio Francia, Pedro Sapochnik, Luis Cuervo","Piano, Bass, 5 Bandoneons, 6 Violins"
Julio De Caro,Julio De Caro y su Orquesta Típica,11/18/1949,De Mi Barrio,,Tango,Fanny Navarro,Odeón,78rpm,e 17488,30373 A,Roberto Goyeneche,Roberto Goyeneche,,43-51 Larger Group,Francisco De Caro,Juan José Fantín,"Carlos Marcucci, Roberto Di Filippo, Ángel Genta, Pedro Belluati, Alfredo Marcucci","Julio De Caro, Bernardo Weber, José Nieso, Manlio Francia, Pedro Sapochnik, Luis Cuervo","Piano, Bass, 5 Bandoneons, 6 Violins"
Julio De Caro,Julio De Caro y su Orquesta Típica,11/18/1949,Guardia Vieja,,Tango,Instrumental,Odeón,78rpm,e 17489,30373 B,Julio De Caro,de Pedro,,43-51 Larger Group,Francisco De Caro,Juan José Fantín,"Carlos Marcucci, Roberto Di Filippo, Ángel Genta, Pedro Belluati, Alfredo Marcucci","Julio De Caro, Bernardo Weber, José Nieso, Manlio Francia, Pedro Sapochnik, Luis Cuervo","Piano, Bass, 5 Bandoneons, 6 Violins"
Julio De Caro,Julio De Caro y su Orquesta Típica,6/9/1950,Boedo,,Tango,Instrumental,Odeón,78rpm,e 17676,55131 A,Julio De Caro,Mario Gomila,,43-51 Larger Group,Francisco De Caro,Juan José Fantín,"Ángel Ramos, Carlos Marcucci, Ángel Genta, Pedro Belluati, Alfredo Marcucci","Julio De Caro, Bernardo Weber, José Nieso, Manlio Francia, Pedro Sapochnik, Luis Cuervo","Piano, Bass, 5 Bandoneons, 6 Violins"
Julio De Caro,Julio De Caro y su Orquesta Típica,6/9/1950,Punto Y Banca,,Tango,Orlando Verri,Odeón,78rpm,e 17677,55131 B,Julio De Caro,Mario Gomila,,43-51 Larger Group,Francisco De Caro,Juan José Fantín,"Ángel Ramos, Carlos Marcucci, Ángel Genta, Pedro Belluati, Alfredo Marcucci","Julio De Caro, Bernardo Weber, José Nieso, Manlio Francia, Pedro Sapochnik, Luis Cuervo","Piano, Bass, 5 Bandoneons, 6 Violins"
Julio De Caro,Julio De Caro y su Orquesta Típica,9/11/1950,Criolla Linda,,Tango,Instrumental,Odeón,78rpm,e 17790,55159 A,"Vicente Gorrese, Bernardo Germino, Luis Rubistein",,,43-51 Larger Group,Francisco De Caro,Juan José Fantín,"Ángel Ramos, Carlos Marcucci, Ángel Genta, Pedro Belluati, Alfredo Marcucci","Julio De Caro, Bernardo Weber, José Nieso, Manlio Francia, Pedro Sapochnik, Luis Cuervo","Piano, Bass, 5 Bandoneons, 6 Violins"
Julio De Caro,Julio De Caro y su Orquesta Típica,9/11/1950,Chiclana,,Tango,Instrumental,Odeón,78rpm,e 17791,55159 B,Julio De Caro,,,43-51 Larger Group,Francisco De Caro,Juan José Fantín,"Ángel Ramos, Carlos Marcucci, Ángel Genta, Pedro Belluati, Alfredo Marcucci","Julio De Caro, Bernardo Weber, José Nieso, Manlio Francia, Pedro Sapochnik, Luis Cuervo","Piano, Bass, 5 Bandoneons, 6 Violins"
Julio De Caro,Julio De Caro y su Orquesta Típica,10/27/1950,Mi Dolor,,Tango,Orlando Verri,Odeón,78rpm,e 17854,55186 A,Carlos Marcucci,Manuel Meaños,,43-51 Larger Group,Francisco De Caro,Juan José Fantín,"Ángel Ramos, Carlos Marcucci, Ángel Genta, Pedro Belluati, Alfredo Marcucci","Julio De Caro, Bernardo Weber, José Nieso, Manlio Francia, Pedro Sapochnik, Luis Cuervo","Piano, Bass, 5 Bandoneons, 6 Violins"
Julio De Caro,Julio De Caro y su Orquesta Típica,10/27/1950,La Rayuela,,Tango,Instrumental,Odeón,78rpm,e 17855,55186 B,Julio De Caro,,,43-51 Larger Group,Francisco De Caro,Juan José Fantín,"Ángel Ramos, Carlos Marcucci, Ángel Genta, Pedro Belluati, Alfredo Marcucci","Julio De Caro, Bernardo Weber, José Nieso, Manlio Francia, Pedro Sapochnik, Luis Cuervo","Piano, Bass, 5 Bandoneons, 6 Violins"
Julio De Caro,Julio De Caro y su Orquesta Típica,12/18/1950,Buen Amigo,,Tango,Orlando Verri,Odeón,78rpm,e 17946,55205 A,Julio De Caro,Juan Marambio Catán,,43-51 Larger Group,Francisco De Caro,Juan José Fantín,"Ángel Ramos, Carlos Marcucci, Ángel Genta, Pedro Belluati, Alfredo Marcucci","Julio De Caro, Bernardo Weber, José Nieso, Manlio Francia, Pedro Sapochnik, Luis Cuervo","Piano, Bass, 5 Bandoneons, 6 Violins"
Julio De Caro,Julio De Caro y su Orquesta Típica,12/18/1950,Soy Bailarín,,Tango,Orlando Verri,Odeón,78rpm,e 17947,55205 B,Julio De Caro,Erasmo Silva Cabrera,,43-51 Larger Group,Francisco De Caro,Juan José Fantín,"Ángel Ramos, Carlos Marcucci, Ángel Genta, Pedro Belluati, Alfredo Marcucci","Julio De Caro, Bernardo Weber, José Nieso, Manlio Francia, Pedro Sapochnik, Luis Cuervo","Piano, Bass, 5 Bandoneons, 6 Violins"
Julio De Caro,Julio De Caro y su Orquesta Típica,6/1/1951,Todo Corazón,,Tango,Instrumental,Odeón,78rpm,e 18042,55264 A,Julio De Caro,,,43-51 Larger Group,Francisco De Caro,Juan José Fantín,"Ángel Ramos, Carlos Marcucci, Ángel Genta, Pedro Belluati, Alfredo Marcucci","Julio De Caro, Bernardo Weber, José Nieso, Manlio Francia, Pedro Sapochnik, Luis Cuervo","Piano, Bass, 5 Bandoneons, 6 Violins"
Julio De Caro,Julio De Caro y su Orquesta Típica,6/1/1951,Ja Ja Ja,,Tango,Orlando Verri,Odeón,78rpm,e 18043,55264 B,Julio De Caro,Enrique Cadícamo,,43-51 Larger Group,Francisco De Caro,Juan José Fantín,"Ángel Ramos, Carlos Marcucci, Ángel Genta, Pedro Belluati, Alfredo Marcucci","Julio De Caro, Bernardo Weber, José Nieso, Manlio Francia, Pedro Sapochnik, Luis Cuervo","Piano, Bass, 5 Bandoneons, 6 Violins"
Julio De Caro,Julio De Caro y su Orquesta Típica,7/16/1951,Esta Noche De Luna,,Tango,Roberto Medina,Odeón,78rpm,e 18108,55308 A,"José García, Graciano Gómez",Héctor Marcó,,43-51 Larger Group,Francisco De Caro,Juan José Fantín,"Ángel Ramos, Carlos Marcucci, Ángel Genta, Pedro Belluati, Alfredo Marcucci","Julio De Caro, Bernardo Weber, José Nieso, Manlio Francia, Pedro Sapochnik, Luis Cuervo","Piano, Bass, 5 Bandoneons, 6 Violins"
Julio De Caro,Julio De Caro y su Orquesta Típica,7/16/1951,Loca Bohemia,,Tango,Instrumental,Odeón,78rpm,e 18109,55308 B,Francisco De Caro,,,43-51 Larger Group,Francisco De Caro,Juan José Fantín,"Ángel Ramos, Carlos Marcucci, Ángel Genta, Pedro Belluati, Alfredo Marcucci","Julio De Caro, Bernardo Weber, José Nieso, Manlio Francia, Pedro Sapochnik, Luis Cuervo","Piano, Bass, 5 Bandoneons, 6 Violins"
Julio De Caro,Julio De Caro y su Orquesta Típica,11/16/1951,El Arranque,,Tango,Instrumental,Odeón,78rpm,e 18267,55342 A,Julio De Caro,Mario Gomila,,43-51 Larger Group,Francisco De Caro,Juan José Fantín,"Ángel Ramos, Carlos Marcucci, Ángel Genta, Pedro Belluati, Alfredo Marcucci","Julio De Caro, Bernardo Weber, José Nieso, Manlio Francia, Pedro Sapochnik, Luis Cuervo","Piano, Bass, 5 Bandoneons, 6 Violins"
Julio De Caro,Julio De Caro y su Orquesta Típica,11/17/1951,Esmeralda,,Tango,Roberto Medina y Roberto Taibo,Odeón,78rpm,e 18268,55342 B,Julio De Caro,Horacio Sanguinetti,,43-51 Larger Group,Francisco De Caro,Juan José Fantín,"Ángel Ramos, Carlos Marcucci, Ángel Genta, Pedro Belluati, Alfredo Marcucci","Julio De Caro, Bernardo Weber, José Nieso, Manlio Francia, Pedro Sapochnik, Luis Cuervo","Piano, Bass, 5 Bandoneons, 6 Violins"
Julio De Caro,Julio De Caro y su Orquesta Típica,11/17/1951,Mala Pinta,,Tango,Instrumental,Odeón,78rpm,e 18269,55392 A,"Francisco De Caro, Julio De Caro",,,43-51 Larger Group,Francisco De Caro,Juan José Fantín,"Ángel Ramos, Carlos Marcucci, Ángel Genta, Pedro Belluati, Alfredo Marcucci","Julio De Caro, Bernardo Weber, José Nieso, Manlio Francia, Pedro Sapochnik, Luis Cuervo","Piano, Bass, 5 Bandoneons, 6 Violins"
Julio De Caro,Julio De Caro y su Orquesta Típica,11/17/1951,Sueño Azul,,Tango,Instrumental,Odeón,78rpm,e 18270,55392 B,Julio De Caro,Mario Gomila,,43-51 Larger Group,Francisco De Caro,Juan José Fantín,"Ángel Ramos, Carlos Marcucci, Ángel Genta, Pedro Belluati, Alfredo Marcucci","Julio De Caro, Bernardo Weber, José Nieso, Manlio Francia, Pedro Sapochnik, Luis Cuervo","Piano, Bass, 5 Bandoneons, 6 Violins"
Julio De Caro,Julio De Caro y su Orquesta Típica,7/17/1952,Recuerdo,,Tango,Instrumental,Pathé,Tape,735,PG 11041 A,Osvaldo Pugliese,,,52-53 Pathé,Francisco De Caro,Alfredo Sciarretta,"Carlos Marcucci, Juan Miguel Rodríguez, Ángel Genta, Pedro Belluatim, Alfredo Marcucci","Julio De Caro, Hugo Baralis Jr., José Nieso, Manlio Francia, Bernardo Sevilla, Luis Cuervo, Norberto Bernasconi","Piano, Bass, 5 Bandoneons, 7 Violins"
Julio De Caro,Julio De Caro y su Orquesta Típica,7/17/1952,Churro,,Tango,Roberto Taibo,Pathé,Tape,736,PG 11041 B,Julio De Caro,Francisco García Jiménez,,52-53 Pathé,Francisco De Caro,Alfredo Sciarretta,"Carlos Marcucci, Juan Miguel Rodríguez, Ángel Genta, Pedro Belluatim, Alfredo Marcucci","Julio De Caro, Hugo Baralis Jr., José Nieso, Manlio Francia, Bernardo Sevilla, Luis Cuervo, Norberto Bernasconi","Piano, Bass, 5 Bandoneons, 7 Violins"
Julio De Caro,Julio De Caro y su Orquesta Típica,9/19/1952,Boedo,,Tango,Instrumental,Pathé,Tape,799,PG 11046 A,Julio De Caro,,,52-53 Pathé,Francisco De Caro,Alfredo Sciarretta,"Carlos Marcucci, Juan Miguel Rodríguez, Ángel Genta, Pedro Belluatim, Alfredo Marcucci","Julio De Caro, Hugo Baralis Jr., José Nieso, Manlio Francia, Bernardo Sevilla, Luis Cuervo, Norberto Bernasconi","Piano, Bass, 5 Bandoneons, 7 Violins"
Julio De Caro,Julio De Caro y su Orquesta Típica,9/19/1952,Flores Negras,,Tango,Instrumental,Pathé,Tape,801,PG 11046 B,Francisco De Caro,,,52-53 Pathé,Francisco De Caro,Alfredo Sciarretta,"Carlos Marcucci, Juan Miguel Rodríguez, Ángel Genta, Pedro Belluatim, Alfredo Marcucci","Julio De Caro, Hugo Baralis Jr., José Nieso, Manlio Francia, Bernardo Sevilla, Luis Cuervo, Norberto Bernasconi","Piano, Bass, 5 Bandoneons, 7 Violins"
Julio De Caro,Julio De Caro y su Orquesta Típica,11/27/1952,Ojos Negros,,Tango,Instrumental,Pathé,Tape,919,PG 11043 A,Vicente Greco,,,52-53 Pathé,Francisco De Caro,Alfredo Sciarretta,"Carlos Marcucci, Juan Miguel Rodríguez, Ángel Genta, Pedro Belluatim, Alfredo Marcucci","Julio De Caro, Hugo Baralis Jr., José Nieso, Manlio Francia, Bernardo Sevilla, Luis Cuervo, Norberto Bernasconi","Piano, Bass, 5 Bandoneons, 7 Violins"
Julio De Caro,Julio De Caro y su Orquesta Típica,11/27/1952,Allá En El Cielo,,Tango,Instrumental,Pathé,Tape,920,PG 11053 B,Julio De Caro,,,52-53 Pathé,Francisco De Caro,Alfredo Sciarretta,"Carlos Marcucci, Juan Miguel Rodríguez, Ángel Genta, Pedro Belluatim, Alfredo Marcucci","Julio De Caro, Hugo Baralis Jr., José Nieso, Manlio Francia, Bernardo Sevilla, Luis Cuervo, Norberto Bernasconi","Piano, Bass, 5 Bandoneons, 7 Violins"
Julio De Caro,Julio De Caro y su Orquesta Típica,11/27/1952,Tierra Querida,,Tango,Instrumental,Pathé,Tape,921,PG 11057 A,Julio De Caro,,,52-53 Pathé,Francisco De Caro,Alfredo Sciarretta,"Carlos Marcucci, Juan Miguel Rodríguez, Ángel Genta, Pedro Belluatim, Alfredo Marcucci","Julio De Caro, Hugo Baralis Jr., José Nieso, Manlio Francia, Bernardo Sevilla, Luis Cuervo, Norberto Bernasconi","Piano, Bass, 5 Bandoneons, 7 Violins"
Julio De Caro,Julio De Caro y su Orquesta Típica,11/27/1952,Puro Apronte,,Tango,Instrumental,Pathé,Tape,922,PG 11057 B,Domingo Platerotti,,,52-53 Pathé,Francisco De Caro,Alfredo Sciarretta,"Carlos Marcucci, Juan Miguel Rodríguez, Ángel Genta, Pedro Belluatim, Alfredo Marcucci","Julio De Caro, Hugo Baralis Jr., José Nieso, Manlio Francia, Bernardo Sevilla, Luis Cuervo, Norberto Bernasconi","Piano, Bass, 5 Bandoneons, 7 Violins"
Julio De Caro,Julio De Caro y su Orquesta Típica,4/10/1953,Maipo,,Tango,Instrumental,Pathé,Tape,1074,PG 11066 A,Eduardo Arolas,,,52-53 Pathé,Francisco De Caro,Alfredo Sciarretta,"Carlos Marcucci, Juan Miguel Rodríguez, Ángel Genta, Pedro Belluatim, Alfredo Marcucci","Julio De Caro, Hugo Baralis Jr., José Nieso, Manlio Francia, Bernardo Sevilla, Luis Cuervo, Norberto Bernasconi","Piano, Bass, 5 Bandoneons, 7 Violins"
Julio De Caro,Julio De Caro y su Orquesta Típica,4/10/1953,El Buey Solo,,Tango,Instrumental,Pathé,Tape,1076,PG 11071 A,Agustín Bardi,,,52-53 Pathé,Francisco De Caro,Ramón de la Plaza,"Carlos Marcucci, Alberto Garralda, Marcos Madrigal, Mario Demarco, Alfredo Marcucci, Arturo Penón","Julio De Caro, José Nieso, Juan Miguel Álvarez Cuervo, Norberto Bernasconi, Abraham Neiburg","Piano, Bass, 6 Bandoneons, 5 Violins"
Julio De Caro,Julio De Caro y su Orquesta Típica,4/10/1953,Moulin Rouge,,Tango,Instrumental,Pathé,Tape,1077,PG 11071 B,Julio De Caro,,,52-53 Pathé,Francisco De Caro,Ramón de la Plaza,"Carlos Marcucci, Alberto Garralda, Marcos Madrigal, Mario Demarco, Alfredo Marcucci, Arturo Penón","Julio De Caro, José Nieso, Juan Miguel Álvarez Cuervo, Norberto Bernasconi, Abraham Neiburg","Piano, Bass, 6 Bandoneons, 5 Violins"
Julio De Caro,Julio De Caro y su Orquesta Típica,4/10/1953,Para Corrientes,,Tango,Roberto Taibo,Pathé,Tape,1075,PG 11066 B,Julio De Caro,Osvaldo Sosa Cordero,,52-53 Pathé,Francisco De Caro,Ramón de la Plaza,"Carlos Marcucci, Alberto Garralda, Marcos Madrigal, Mario Demarco, Alfredo Marcucci, Arturo Penón","Julio De Caro, José Nieso, Juan Miguel Álvarez Cuervo, Norberto Bernasconi, Abraham Neiburg","Piano, Bass, 6 Bandoneons, 5 Violins"
Julio De Caro,Julio De Caro y su Orquesta Típica,8/5/1953,Esta Noche,,Tango,Roberto Taibo,Pathé,Tape,1186,PG 10001 A,Carlos Marcucci,Lito Bayardo,,52-53 Pathé,Francisco De Caro,Ramón de la Plaza,"Carlos Marcucci, Alberto Garralda, Marcos Madrigal, Mario Demarco, Alfredo Marcucci, Arturo Penón","Julio De Caro, José Nieso, Juan Miguel Álvarez Cuervo, Norberto Bernasconi, Abraham Neiburg","Piano, Bass, 6 Bandoneons, 5 Violins"
Julio De Caro,Julio De Caro y su Orquesta Típica,8/5/1953,Derecho Viejo,,Tango,Instrumental,Pathé,Tape,1187,PG 10001 B,Eduardo Arolas,,,52-53 Pathé,Francisco De Caro,Ramón de la Plaza,"Carlos Marcucci, Alberto Garralda, Marcos Madrigal, Mario Demarco, Alfredo Marcucci, Arturo Penón","Julio De Caro, José Nieso, Juan Miguel Álvarez Cuervo, Norberto Bernasconi, Abraham Neiburg","Piano, Bass, 6 Bandoneons, 5 Violins"
