Bandleader,Orchestra,Date,Title,AltTitle,Genre,Singer,Label,Master,Matrix,Disc,Composer,Author,Arranger,Grouping,Pianist,Bassist,Bandoneons,Strings,Lineup
Miguel Caló,Miguel Caló y su Orquesta Típica,1932,Amarguras,Abandono,Vals,Roman Prince,Splendid,78rpm,,1001,"Jaime Vinent, Miguel Nijensohn",Sapet Grasso,,33 Splendid,Luis Brighenti,Enzo Ricci,"Miguel Caló, Domingo Cuestas","Raúl Kaplún, Hugo Gutiérrez","Piano, Bass, 2 Bandoneons, 2 Violins"
Miguel Caló,Miguel Caló y su Orquesta Típica,1932,Milonga Porteña,,Tango,Roman Prince,Splendid,78rpm,,1001,"Luis Brighenti, Miguel Caló",Mario Gomila,,33 Splendid,Luis Brighenti,Enzo Ricci,"Miguel Caló, Domingo Cuestas","Raúl Kaplún, Hugo Gutiérrez","Piano, Bass, 2 Bandoneons, 2 Violins"
Miguel Caló,Miguel Caló y su Orquesta Típica,1934-10-05,No Vale la Pena,,Tango,Carlos Dante,Odeón,78rpm,7836,8350,Antonio Helú,Antonio Helú,,34-38 Calo Playing,Miguel Nijensohn,Enzo Ricci,"Miguel Caló, Domingo Cuestas","Raúl Kaplún, Hugo Gutiérrez","Piano, Bass, 2 Bandoneons, 2 Violins"
Miguel Caló,Miguel Caló y su Orquesta Típica,1934-10-05,Tú Eres Para Mí,,Vals,Carlos Dante,Odeón,78rpm,7835,8350,Armando Baliotti,Horacio Ginzo,,34-38 Calo Playing,Miguel Nijensohn,Alfredo Sciarretta,"Miguel Caló, Calixto Sallago, Américo Caggiano, Domingo Cuestas","Raúl Kaplún, Pedro Sapochnik, Pedro Pandolfi, Orestes Zungri","Piano, Bass, 4 Bandoneons, 4 Violins"
Miguel Caló,Miguel Caló y su Orquesta Típica,1934-11-26,Mentiras Piadosas,,Tango,Carlos Dante,Odeón,78rpm,7941,8351,"Pedro Pandolfi, Miguel Nijenshon",Carlos Marín,,34-38 Calo Playing,Miguel Nijensohn,Alfredo Sciarretta,"Miguel Caló, Calixto Sallago, Américo Caggiano, Domingo Cuestas","Raúl Kaplún, Pedro Sapochnik, Pedro Pandolfi, Orestes Zungri","Piano, Bass, 4 Bandoneons, 4 Violins"
Miguel Caló,Miguel Caló y su Orquesta Típica,1935-03-25,Allá en el Cielo,,Vals,Carlos Dante,Odeón,78rpm,8041,8352,"Miguel Caló, Miguel Nijensohn","Miguel Caló, Miguel Nijensohn",,34-38 Calo Playing,Miguel Nijensohn,Alfredo Sciarretta,"Miguel Caló, Calixto Sallago, Américo Caggiano, Domingo Cuestas","Raúl Kaplún, Pedro Sapochnik, Pedro Pandolfi, Orestes Zungri","Piano, Bass, 4 Bandoneons, 4 Violins"
Miguel Caló,Miguel Caló y su Orquesta Típica,1935-03-25,Los Años Pasan,,Tango,Carlos Dante,Odeón,78rpm,8040,8352,Armando Baliotti,Carlos Giampetruzzi,,34-38 Calo Playing,Miguel Nijensohn,Alfredo Sciarretta,"Miguel Caló, Calixto Sallago, Américo Caggiano, Domingo Cuestas","Raúl Kaplún, Pedro Sapochnik, Pedro Pandolfi, Orestes Zungri","Piano, Bass, 4 Bandoneons, 4 Violins"
Miguel Caló,Miguel Caló y su Orquesta Típica,1935-04-05,Serpentinas de Esperanza,,Tango,Carlos Dante,Odeón,78rpm,8061,8353,José Canet,Afner Gatti,,34-38 Calo Playing,Miguel Nijensohn,Alfredo Sciarretta,"Miguel Caló, Calixto Sallago, Américo Caggiano, Domingo Cuestas","Raúl Kaplún, Pedro Sapochnik, Pedro Pandolfi, Orestes Zungri","Piano, Bass, 4 Bandoneons, 4 Violins"
Miguel Caló,Miguel Caló y su Orquesta Típica,1935-06-10,Es una Santa Mamá,,Tango,Carlos Dante,Odeón,78rpm,8175,8354,Miguel Caló,Celedonio Flores,,34-38 Calo Playing,Miguel Nijensohn,Alfredo Sciarretta,"Miguel Caló, Calixto Sallago, Américo Caggiano, Domingo Cuestas","Raúl Kaplún, Pedro Sapochnik, Pedro Pandolfi, Orestes Zungri","Piano, Bass, 4 Bandoneons, 4 Violins"
Miguel Caló,Miguel Caló y su Orquesta Típica,1935-09-28,Si Volviera Jesús,,Tango,Carlos Dante,Odeón,78rpm,8339,8355,Joaquín Mora,Dante Linyera,,34-38 Calo Playing,Miguel Nijensohn,Alfredo Sciarretta,"Miguel Caló, Calixto Sallago, Américo Caggiano, Domingo Cuestas","Raúl Kaplún, Pedro Sapochnik, Pedro Pandolfi, Orestes Zungri","Piano, Bass, 4 Bandoneons, 4 Violins"
Miguel Caló,Miguel Caló y su Orquesta Típica,1935-09-28,Voluntad,,Tango,Carlos Dante,Odeón,78rpm,8340,8355,Enrique Delfino,Manuel Perales,,34-38 Calo Playing,Miguel Nijensohn,Alfredo Sciarretta,"Miguel Caló, Calixto Sallago, Américo Caggiano, Domingo Cuestas","Raúl Kaplún, Pedro Sapochnik, Pedro Pandolfi, Orestes Zungri","Piano, Bass, 4 Bandoneons, 4 Violins"
Miguel Caló,Miguel Caló y su Orquesta Típica,1935-12-17,Alma Mía,,Tango,Carlos Dante,Odeón,78rpm,8458,8356,Domingo Cuestas,Mario Gomila,,34-38 Calo Playing,Miguel Nijensohn,Alfredo Sciarretta,"Miguel Caló, Calixto Sallago, Américo Caggiano, Domingo Cuestas","Raúl Kaplún, Pedro Sapochnik, Pedro Pandolfi, Orestes Zungri","Piano, Bass, 4 Bandoneons, 4 Violins"
Miguel Caló,Miguel Caló y su Orquesta Típica,1936-03-14,Caballo de Calesita,,Tango,Carlos Dante,Odeón,78rpm,8483,8358,"Miguel Nijensohn, Pedro Pandolfi",Carlos Marín,,34-38 Calo Playing,Miguel Nijensohn,Alfredo Sciarretta,"Miguel Caló, Calixto Sallago, Américo Caggiano, Domingo Cuestas","Raúl Kaplún, Pedro Sapochnik, Pedro Pandolfi, Orestes Zungri","Piano, Bass, 4 Bandoneons, 4 Violins"
Miguel Caló,Miguel Caló y su Orquesta Típica,1936-03-14,Soy Milonguero,,Tango,Carlos Dante,Odeón,78rpm,8481,8357,Miguel Caló,Mario Gomila,,34-38 Calo Playing,Miguel Nijensohn,Alfredo Sciarretta,"Miguel Caló, Calixto Sallago, Américo Caggiano, Domingo Cuestas","Raúl Kaplún, Pedro Sapochnik, Pedro Pandolfi, Orestes Zungri","Piano, Bass, 4 Bandoneons, 4 Violins"
Miguel Caló,Miguel Caló y su Orquesta Típica,1936-07-13,Bailar Soñar,,Vals,Alberto Morel,Odeón,78rpm,8631,8359,M. Testa,Louis Raymond,,34-38 Calo Playing,Miguel Nijensohn,Alfredo Sciarretta,"Miguel Caló, Calixto Sallago, Américo Caggiano, Domingo Cuestas","Raúl Kaplún, Pedro Sapochnik, Pedro Pandolfi, Orestes Zungri","Piano, Bass, 4 Bandoneons, 4 Violins"
Miguel Caló,Miguel Caló y su Orquesta Típica,1936-07-13,Las Campanas,,Tango,Alberto Morel,Odeón,78rpm,8630,8359,Armando Acquarone,Juan Velich,,34-38 Calo Playing,Miguel Nijensohn,Alfredo Sciarretta,"Miguel Caló, Calixto Sallago, Américo Caggiano, Domingo Cuestas","Raúl Kaplún, Pedro Sapochnik, Pedro Pandolfi, Orestes Zungri","Piano, Bass, 4 Bandoneons, 4 Violins"
Miguel Caló,Miguel Caló y su Orquesta Típica,1936-10-23,La Pequeña Shirley,,Vals,Alberto Morel,Odeón,78rpm,8807,8360,Miguel Caló,Mario Gomila,,34-38 Calo Playing,Miguel Nijensohn,Alfredo Sciarretta,"Miguel Caló, Calixto Sallago, Américo Caggiano, Domingo Cuestas","Raúl Kaplún, Pedro Sapochnik, Pedro Pandolfi, Orestes Zungri","Piano, Bass, 4 Bandoneons, 4 Violins"
Miguel Caló,Miguel Caló y su Orquesta Típica,1936-10-23,Nostalgias,,Tango,Alberto Morel,Odeón,78rpm,8808,8360,Juan Cobián,Enrique Cadícamo,,34-38 Calo Playing,Miguel Nijensohn,Alfredo Sciarretta,"Miguel Caló, Calixto Sallago, Américo Caggiano, Domingo Cuestas","Raúl Kaplún, Pedro Sapochnik, Pedro Pandolfi, Orestes Zungri","Piano, Bass, 4 Bandoneons, 4 Violins"
Miguel Caló,Miguel Caló y su Orquesta Típica,1938-12-21,Dulce Amargura,,Tango,Roberto Caló,Odeón,78rpm,9763,8361,Virgilio Clemente,"Jorge Torres, Enrique Galperín",,34-38 Calo Playing,Miguel Nijensohn,Alfredo Sciarretta,"Miguel Caló, Calixto Sallago, Américo Caggiano, Domingo Cuestas","Raúl Kaplún, Pedro Sapochnik, Pedro Pandolfi, Orestes Zungri","Piano, Bass, 4 Bandoneons, 4 Violins"
Miguel Caló,Miguel Caló y su Orquesta Típica,1941-03-12,Bajo un Cielo de Estrellas,,Vals,Alberto Podestá,Odeón,78rpm,11088,8362,"Enrique Francini, Héctor Stamponi",José Contursi,,41-43 Las Estrellas,Osmar Maderna,Ariel Pedernera,"Domingo Federico, Armando Pontier, José Cambareri, Felipe Ricciardi","Enrique Francini, Aquiles Aguilar, Ariol Gessaghi, Ángel Bodas","Piano, Bass, 4 Bandoneons, 4 Violins"
Miguel Caló,Miguel Caló y su Orquesta Típica,1941-03-12,Yo Soy el Tango,,Tango,Alberto Podestá,Odeón,78rpm,11087,8362,Domingo Federico,Homero Expósito,,41-43 Las Estrellas,Osmar Maderna,Ariel Pedernera,"Domingo Federico, Armando Pontier, José Cambareri, Felipe Ricciardi","Enrique Francini, Aquiles Aguilar, Ariol Gessaghi, Ángel Bodas","Piano, Bass, 4 Bandoneons, 4 Violins"
Miguel Caló,Miguel Caló y su Orquesta Típica,1941-07-31,Dos Fracasos,,Tango,Alberto Podestá,Odeón,78rpm,11344,8363,Miguel Caló,Homero Expósito,,41-43 Las Estrellas,Osmar Maderna,Ariel Pedernera,"Domingo Federico, Armando Pontier, José Cambareri, Felipe Ricciardi","Enrique Francini, Aquiles Aguilar, Ariol Gessaghi, Ángel Bodas","Piano, Bass, 4 Bandoneons, 4 Violins"
Miguel Caló,Miguel Caló y su Orquesta Típica,1942-04-29,Al Compás del Corazón,Late un Corazón,Tango,Raúl Berón,Odeón,78rpm,11964,8364,Domingo Federico,Homero Expósito,,41-43 Las Estrellas,Osmar Maderna,Ariel Pedernera,"Domingo Federico, Armando Pontier, José Cambareri, Felipe Ricciardi","Enrique Francini, Aquiles Aguilar, Ariol Gessaghi, Ángel Bodas","Piano, Bass, 4 Bandoneons, 4 Violins"
Miguel Caló,Miguel Caló y su Orquesta Típica,1942-04-29,El Vals Soñador,,Vals,Raúl Berón,Odeón,78rpm,11963,8364,Armando Pontier,Oscar Rubens,,41-43 Las Estrellas,Osmar Maderna,Ariel Pedernera,"Domingo Federico, Armando Pontier, José Cambareri, Felipe Ricciardi","Enrique Francini, Aquiles Aguilar, Ariol Gessaghi, Ángel Bodas","Piano, Bass, 4 Bandoneons, 4 Violins"
Miguel Caló,Miguel Caló y su Orquesta Típica,1942-06-30,Qué Te Importa Que Te Llore,,Tango,Raúl Berón,Odeón,78rpm,12066,8365,Miguel Caló,Osmar Maderna,,41-43 Las Estrellas,Osmar Maderna,Ariel Pedernera,"Domingo Federico, Armando Pontier, José Cambareri, Felipe Ricciardi","Enrique Francini, Aquiles Aguilar, Ariol Gessaghi, Ángel Bodas","Piano, Bass, 4 Bandoneons, 4 Violins"
Miguel Caló,Miguel Caló y su Orquesta Típica,1942-06-30,Trasnochando,,Tango,Raúl Berón,Odeón,78rpm,12067,8365,Armando Baliotti,Santiago Adamini,,41-43 Las Estrellas,Osmar Maderna,Ariel Pedernera,"Domingo Federico, Armando Pontier, José Cambareri, Felipe Ricciardi","Enrique Francini, Aquiles Aguilar, Ariol Gessaghi, Ángel Bodas","Piano, Bass, 4 Bandoneons, 4 Violins"
Miguel Caló,Miguel Caló y su Orquesta Típica,1942-07-29,Lejos de Buenos Aires,,Tango,Raúl Berón,Odeón,78rpm,12135,8366,Alberto Villanueva,Oscar Rubens,,41-43 Las Estrellas,Osmar Maderna,Ariel Pedernera,"Domingo Federico, Armando Pontier, José Cambareri, Felipe Ricciardi","Enrique Francini, Aquiles Aguilar, Ariol Gessaghi, Ángel Bodas","Piano, Bass, 4 Bandoneons, 4 Violins"
Miguel Caló,Miguel Caló y su Orquesta Típica,1942-07-29,Tarareando,,Tango,Raúl Berón,Odeón,78rpm,12134,8366,Juan Guichandut,Oscar Rubistein,,41-43 Las Estrellas,Osmar Maderna,Ariel Pedernera,"Domingo Federico, Armando Pontier, José Cambareri, Felipe Ricciardi","Enrique Francini, Aquiles Aguilar, Ariol Gessaghi, Ángel Bodas","Piano, Bass, 4 Bandoneons, 4 Violins"
Miguel Caló,Miguel Caló y su Orquesta Típica,1942-09-02,Pedacito de Cielo,,Vals,Alberto Podestá,Odeón,78rpm,12191,8367,"Enrique Francini, Héctor Stamponi",Homero Expósito,,41-43 Las Estrellas,Osmar Maderna,Ariel Pedernera,"Domingo Federico, Armando Pontier, José Cambareri, Felipe Ricciardi","Enrique Francini, Aquiles Aguilar, Ariol Gessaghi, Ángel Bodas","Piano, Bass, 4 Bandoneons, 4 Violins"
Miguel Caló,Miguel Caló y su Orquesta Típica,1942-09-02,Tristezas de la Calle Corrientes,,Tango,Raúl Berón,Odeón,78rpm,12192,8367,Domingo Federico,Homero Expósito,,41-43 Las Estrellas,Osmar Maderna,Ariel Pedernera,"Domingo Federico, Armando Pontier, José Cambareri, Felipe Ricciardi","Enrique Francini, Aquiles Aguilar, Ariol Gessaghi, Ángel Bodas","Piano, Bass, 4 Bandoneons, 4 Violins"
Miguel Caló,Miguel Caló y su Orquesta Típica,1942-09-09,Margarita Gauthier,,Tango,Raúl Berón,Odeón,78rpm,12204,8370,Joaquín Mora,Julio Nelson,,41-43 Las Estrellas,Osmar Maderna,Ariel Pedernera,"Domingo Federico, Armando Pontier, José Cambareri, Felipe Ricciardi","Enrique Francini, Aquiles Aguilar, Ariol Gessaghi, Ángel Bodas","Piano, Bass, 4 Bandoneons, 4 Violins"
Miguel Caló,Miguel Caló y su Orquesta Típica,1942-09-09,Milonga Que Peina Canas,,Milonga,Raúl Berón,Odeón,78rpm,12203,8370,Alberto Gómez,Alberto Adducci,,41-43 Las Estrellas,Osmar Maderna,Ariel Pedernera,"Domingo Federico, Armando Pontier, José Cambareri, Felipe Ricciardi","Enrique Francini, Aquiles Aguilar, Ariol Gessaghi, Ángel Bodas","Piano, Bass, 4 Bandoneons, 4 Violins"
Miguel Caló,Miguel Caló y su Orquesta Típica,1942-09-29,Azabache,,Milonga,Raúl Berón,Odeón,78rpm,12263,8368,"Enrique Francini, Héctor Stamponi",Homero Expósito,,41-43 Las Estrellas,Osmar Maderna,Ariel Pedernera,"Domingo Federico, Armando Pontier, José Cambareri, Felipe Ricciardi","Enrique Francini, Aquiles Aguilar, Ariol Gessaghi, Ángel Bodas","Piano, Bass, 4 Bandoneons, 4 Violins"
Miguel Caló,Miguel Caló y su Orquesta Típica,1942-09-29,Corazón No Le Hagas Caso,,Tango,Raúl Berón,Odeón,78rpm,12264,8368,Armando Pontier,Carlos Bahr,,41-43 Las Estrellas,Osmar Maderna,Ariel Pedernera,"Domingo Federico, Armando Pontier, José Cambareri, Felipe Ricciardi","Enrique Francini, Aquiles Aguilar, Ariol Gessaghi, Ángel Bodas","Piano, Bass, 4 Bandoneons, 4 Violins"
Miguel Caló,Miguel Caló y su Orquesta Típica,1942-10-09,Jamás Retornarás,,Tango,Raúl Berón,Odeón,78rpm,12290,8369,"Miguel Caló, Osmar Maderna","Miguel Caló, Osmar Maderna",,41-43 Las Estrellas,Osmar Maderna,Ariel Pedernera,"Domingo Federico, Armando Pontier, José Cambareri, Felipe Ricciardi","Enrique Francini, Aquiles Aguilar, Ariol Gessaghi, Ángel Bodas","Piano, Bass, 4 Bandoneons, 4 Violins"
Miguel Caló,Miguel Caló y su Orquesta Típica,1942-10-09,Un Crimen,,Tango,Raúl Berón,Odeón,78rpm,12289,8369,Luis Rubistein,Luis Rubistein,,41-43 Las Estrellas,Osmar Maderna,Ariel Pedernera,"Domingo Federico, Armando Pontier, José Cambareri, Felipe Ricciardi","Enrique Francini, Aquiles Aguilar, Ariol Gessaghi, Ángel Bodas","Piano, Bass, 4 Bandoneons, 4 Violins"
Miguel Caló,Miguel Caló y su Orquesta Típica,1942-12-01,Cuatro Compases,4 Compases,Tango,Raúl Berón,Odeón,78rpm,12420,8371,Atilio Bruni,Oscar Rubens,,41-43 Las Estrellas,Osmar Maderna,Ariel Pedernera,"Domingo Federico, Armando Pontier, José Cambareri, Felipe Ricciardi","Enrique Francini, Aquiles Aguilar, Ariol Gessaghi, Ángel Bodas","Piano, Bass, 4 Bandoneons, 4 Violins"
Miguel Caló,Miguel Caló y su Orquesta Típica,1942-12-01,Milonga Antigua,,Milonga,Raúl Berón,Odeón,78rpm,12421,8371,Carlos Parodi,Rafael Pignataro,,41-43 Las Estrellas,Osmar Maderna,Ariel Pedernera,"Domingo Federico, Armando Pontier, José Cambareri, Felipe Ricciardi","Enrique Francini, Aquiles Aguilar, Ariol Gessaghi, Ángel Bodas","Piano, Bass, 4 Bandoneons, 4 Violins"
Miguel Caló,Miguel Caló y su Orquesta Típica,1943-01-19,Barrio de Tango,,Tango,Jorge Ortiz,Odeón,78rpm,12493,8372,Aníbal Troilo,Homero Manzi,,41-43 Las Estrellas,Osmar Maderna,Ariel Pedernera,"Domingo Federico, Armando Pontier, José Cambareri, Felipe Ricciardi","Enrique Francini, Aquiles Aguilar, Ariol Gessaghi, Ángel Bodas","Piano, Bass, 4 Bandoneons, 4 Violins"
Miguel Caló,Miguel Caló y su Orquesta Típica,1943-01-19,Pa' Qué Seguir,,Tango,Jorge Ortiz,Odeón,78rpm,12494,8372,Francisco Fiorentino,Pedro Lloret,,41-43 Las Estrellas,Osmar Maderna,Ariel Pedernera,"Domingo Federico, Armando Pontier, José Cambareri, Felipe Ricciardi","Enrique Francini, Aquiles Aguilar, Ariol Gessaghi, Ángel Bodas","Piano, Bass, 4 Bandoneons, 4 Violins"
Miguel Caló,Miguel Caló y su Orquesta Típica,1943-01-20,A las Siete en el Café,A las 7 en el Café,Tango,Jorge Ortiz,Odeón,78rpm,12498,8373,Armando Baliotti,Santiago Adamini,,41-43 Las Estrellas,Osmar Maderna,Ariel Pedernera,"Domingo Federico, Armando Pontier, José Cambareri, Felipe Ricciardi","Enrique Francini, Aquiles Aguilar, Ariol Gessaghi, Ángel Bodas","Piano, Bass, 4 Bandoneons, 4 Violins"
Miguel Caló,Miguel Caló y su Orquesta Típica,1943-01-20,Inspiración,,Tango,Instrumental,Odeón,78rpm,12497,8373,Peregrino Paulos,Luis Rubistein,,41-43 Las Estrellas,Osmar Maderna,Ariel Pedernera,"Domingo Federico, Armando Pontier, José Cambareri, Felipe Ricciardi","Enrique Francini, Aquiles Aguilar, Ariol Gessaghi, Ángel Bodas","Piano, Bass, 4 Bandoneons, 4 Violins"
Miguel Caló,Miguel Caló y su Orquesta Típica,1943-02-25,Percal,,Tango,Alberto Podestá,Odeón,78rpm,12604,8374,Domingo Federico,Homero Expósito,,41-43 Las Estrellas,Osmar Maderna,Ariel Pedernera,"Domingo Federico, Armando Pontier, José Cambareri, Felipe Ricciardi","Enrique Francini, Aquiles Aguilar, Ariol Gessaghi, Ángel Bodas","Piano, Bass, 4 Bandoneons, 4 Violins"
Miguel Caló,Miguel Caló y su Orquesta Típica,1943-02-25,Ya Sale el Tren,,Tango,Jorge Ortiz,Odeón,78rpm,12605,8374,Luis Rubistein,Luis Rubistein,,41-43 Las Estrellas,Osmar Maderna,Ariel Pedernera,"Domingo Federico, Armando Pontier, José Cambareri, Felipe Ricciardi","Enrique Francini, Aquiles Aguilar, Ariol Gessaghi, Ángel Bodas","Piano, Bass, 4 Bandoneons, 4 Violins"
Miguel Caló,Miguel Caló y su Orquesta Típica,1943-03-18,A Martín Fierro,,Tango,Instrumental,Odeón,78rpm,12652,8375,Francisco Federico,,,41-43 Las Estrellas,Osmar Maderna,Ariel Pedernera,"Domingo Federico, Armando Pontier, José Cambareri, Felipe Ricciardi","Enrique Francini, Aquiles Aguilar, Ariol Gessaghi, Ángel Bodas","Piano, Bass, 4 Bandoneons, 4 Violins"
Miguel Caló,Miguel Caló y su Orquesta Típica,1943-03-18,Si Tú Quisieras,,Tango,Alberto Podestá,Odeón,78rpm,12651,8375,Francisco Pracánico,Luis Rubistein,,41-43 Las Estrellas,Osmar Maderna,Ariel Pedernera,"Domingo Federico, Armando Pontier, José Cambareri, Felipe Ricciardi","Enrique Francini, Aquiles Aguilar, Ariol Gessaghi, Ángel Bodas","Piano, Bass, 4 Bandoneons, 4 Violins"
Miguel Caló,Miguel Caló y su Orquesta Típica,1943-05-17,De Barro,,Tango,Jorge Ortiz,Odeón,78rpm,12776,8376,Sebastián Piana,Homero Manzi,,41-43 Las Estrellas,Osmar Maderna,Ariel Pedernera,"Eduardo Del Piano, Armando Pontier, José Cambareri, Felipe Ricciardi","Enrique Francini, Aquiles Aguilar, Ariol Gessaghi, Ángel Bodas","Piano, Bass, 4 Bandoneons, 4 Violins"
Miguel Caló,Miguel Caló y su Orquesta Típica,1943-05-17,Es en Vano Llorar,,Tango,Raúl Iriarte,Odeón,78rpm,12777,8376,Alberto Villanueva,Oscar Rubistein,,41-43 Las Estrellas,Osmar Maderna,Ariel Pedernera,"Eduardo Del Piano, Armando Pontier, José Cambareri, Felipe Ricciardi","Enrique Francini, Aquiles Aguilar, Ariol Gessaghi, Ángel Bodas","Piano, Bass, 4 Bandoneons, 4 Violins"
Miguel Caló,Miguel Caló y su Orquesta Típica,1943-05-21,Cuando Tallan los Recuerdos,,Tango,Raúl Iriarte,Odeón,78rpm,12790,8377,Rafael Rossi,Enrique Cadícamo,,41-43 Las Estrellas,Osmar Maderna,Ariel Pedernera,"Eduardo Del Piano, Armando Pontier, José Cambareri, Felipe Ricciardi","Enrique Francini, Aquiles Aguilar, Ariol Gessaghi, Ángel Bodas","Piano, Bass, 4 Bandoneons, 4 Violins"
Miguel Caló,Miguel Caló y su Orquesta Típica,1943-05-21,Mi Cantar,,Tango,Jorge Ortiz,Odeón,78rpm,12789,8377,Héctor Stamponi,Homero Expósito,,41-43 Las Estrellas,Osmar Maderna,Ariel Pedernera,"Eduardo Del Piano, Armando Pontier, José Cambareri, Felipe Ricciardi","Enrique Francini, Aquiles Aguilar, Ariol Gessaghi, Ángel Bodas","Piano, Bass, 4 Bandoneons, 4 Violins"
Miguel Caló,Miguel Caló y su Orquesta Típica,1943-06-01,Cuento Azul,,Tango,Raúl Iriarte,Odeón,78rpm,12844,8378,"Miguel Caló, Osmar Maderna",Julio Rosofsky,,41-43 Las Estrellas,Osmar Maderna,Ariel Pedernera,"Eduardo Del Piano, Armando Pontier, José Cambareri, Felipe Ricciardi","Enrique Francini, Aquiles Aguilar, Ariol Gessaghi, Ángel Bodas","Piano, Bass, 4 Bandoneons, 4 Violins"
Miguel Caló,Miguel Caló y su Orquesta Típica,1943-06-10,Pobre Negra,,Milonga,Jorge Ortiz,Odeón,78rpm,12843,8378,"Enrique Francini, Héctor Stamponi",Homero Expósito,,41-43 Las Estrellas,Osmar Maderna,Ariel Pedernera,"Eduardo Del Piano, Armando Pontier, José Cambareri, Felipe Ricciardi","Enrique Francini, Aquiles Aguilar, Ariol Gessaghi, Ángel Bodas","Piano, Bass, 4 Bandoneons, 4 Violins"
Miguel Caló,Miguel Caló y su Orquesta Típica,1943-08-10,La Maleva,,Tango,Instrumental,Odeón,78rpm,13009,8380,Antonio Buglione,Mario Pardo,,43-45 Estrellas - Pontier 1st Bando,Osmar Maderna,Ariel Pedernera,"Armando Pontier, José Cambareri, Carlos Lázzari, Felipe Ricciardi","Enrique Francini, Aquiles Aguilar, Ariol Gessaghi, Ángel Bodas","Piano, Bass, 4 Bandoneons, 4 Violins"
Miguel Caló,Miguel Caló y su Orquesta Típica,1943-08-10,Mañana Iré Temprano,,Tango,Raúl Iriarte,Odeón,78rpm,13008,8379,Enrique Francini,Carlos Bahr,,43-45 Estrellas - Pontier 1st Bando,Osmar Maderna,Ariel Pedernera,"Armando Pontier, José Cambareri, Carlos Lázzari, Felipe Ricciardi","Enrique Francini, Aquiles Aguilar, Ariol Gessaghi, Ángel Bodas","Piano, Bass, 4 Bandoneons, 4 Violins"
Miguel Caló,Miguel Caló y su Orquesta Típica,1943-08-10,Otro Tango,Tango y Copas,Tango,Raúl Iriarte,Odeón,78rpm,13010,8379,Héctor Artola,Carlos Bahr,,43-45 Estrellas - Pontier 1st Bando,Osmar Maderna,Ariel Pedernera,"Armando Pontier, José Cambareri, Carlos Lázzari, Felipe Ricciardi","Enrique Francini, Aquiles Aguilar, Ariol Gessaghi, Ángel Bodas","Piano, Bass, 4 Bandoneons, 4 Violins"
Miguel Caló,Miguel Caló y su Orquesta Típica,1943-09-16,Cada Día Te Extraño Más,,Tango,Raúl Iriarte,Odeón,78rpm,13119,8380,Armando Pontier,Carlos Bahr,,43-45 Estrellas - Pontier 1st Bando,Osmar Maderna,Ariel Pedernera,"Armando Pontier, José Cambareri, Carlos Lázzari, Felipe Ricciardi","Enrique Francini, Aquiles Aguilar, Ariol Gessaghi, Ángel Bodas","Piano, Bass, 4 Bandoneons, 4 Violins"
Miguel Caló,Miguel Caló y su Orquesta Típica,1943-09-28,Verdemar,,Tango,Raúl Iriarte,Odeón,78rpm,13190,8381,Carlos Di Sarli,José Contursi,,43-45 Estrellas - Pontier 1st Bando,Osmar Maderna,Ariel Pedernera,"Armando Pontier, José Cambareri, Carlos Lázzari, Felipe Ricciardi","Enrique Francini, Aquiles Aguilar, Ariol Gessaghi, Ángel Bodas","Piano, Bass, 4 Bandoneons, 4 Violins"
Miguel Caló,Miguel Caló y su Orquesta Típica,1943-10-19,Luna de Plata,,Vals,Raúl Iriarte,Odeón,78rpm,13282,8381,Osmar Maderna,Miguel Caló,,43-45 Estrellas - Pontier 1st Bando,Osmar Maderna,Ariel Pedernera,"Armando Pontier, José Cambareri, Carlos Lázzari, Felipe Ricciardi","Enrique Francini, Aquiles Aguilar, Ariol Gessaghi, Ángel Bodas","Piano, Bass, 4 Bandoneons, 4 Violins"
Miguel Caló,Miguel Caló y su Orquesta Típica,1943-11-23,A Mí Me Llaman Juan Tango,,Tango,Raúl Iriarte,Odeón,78rpm,13288,8382,Tito Ribero,Carlos Waiss,,43-45 Estrellas - Pontier 1st Bando,Osmar Maderna,Ariel Pedernera,"Armando Pontier, José Cambareri, Carlos Lázzari, Felipe Ricciardi","Enrique Francini, Aquiles Aguilar, Ariol Gessaghi, Ángel Bodas","Piano, Bass, 4 Bandoneons, 4 Violins"
Miguel Caló,Miguel Caló y su Orquesta Típica,1943-11-29,Gime el Viento,,Tango,Raúl Iriarte,Odeón,78rpm,,,Atilio Bruni,Oscar Rubistein,,43-45 Estrellas - Pontier 1st Bando,Osmar Maderna,Ariel Pedernera,"Armando Pontier, José Cambareri, Carlos Lázzari, Felipe Ricciardi","Enrique Francini, Aquiles Aguilar, Ariol Gessaghi, Ángel Bodas","Piano, Bass, 4 Bandoneons, 4 Violins"
Miguel Caló,Miguel Caló y su Orquesta Típica,1943-12-27,Elegante Papirusa,,Tango,Instrumental,Odeón,78rpm,13485,8383,David Roccatagliata,Sandalio Gómez,,43-45 Estrellas - Pontier 1st Bando,Osmar Maderna,Ariel Pedernera,"Armando Pontier, José Cambareri, Carlos Lázzari, Felipe Ricciardi","Enrique Francini, Aquiles Aguilar, Ariol Gessaghi, Ángel Bodas","Piano, Bass, 4 Bandoneons, 4 Violins"
Miguel Caló,Miguel Caló y su Orquesta Típica,1943-12-27,Marión,,Tango,Raúl Iriarte,Odeón,78rpm,13486,8383,Luis Rubistein,Luis Rubistein,,43-45 Estrellas - Pontier 1st Bando,Osmar Maderna,Ariel Pedernera,"Armando Pontier, José Cambareri, Carlos Lázzari, Felipe Ricciardi","Enrique Francini, Aquiles Aguilar, Ariol Gessaghi, Ángel Bodas","Piano, Bass, 4 Bandoneons, 4 Violins"
Miguel Caló,Miguel Caló y su Orquesta Típica,1944-01-10,Después,,Tango,Raúl Iriarte,Odeón,78rpm,13506,8384,Hugo Gutiérrez,Homero Manzi,,43-45 Estrellas - Pontier 1st Bando,Osmar Maderna,Ariel Pedernera,"Armando Pontier, José Cambareri, Carlos Lázzari, Felipe Ricciardi","Enrique Francini, Aquiles Aguilar, Ariol Gessaghi, Ángel Bodas","Piano, Bass, 4 Bandoneons, 4 Violins"
Miguel Caló,Miguel Caló y su Orquesta Típica,1944-01-28,Orquestas de Mi Ciudad,,Tango,Raúl Iriarte,Odeón,78rpm,13550,8385,Francisco Fiorentino,Avlis Cabrera,,43-45 Estrellas - Pontier 1st Bando,Osmar Maderna,Armando Caló,"Armando Pontier, Eduardo Rovira, José Cambareri, Carlos Lázzari, Felipe Ricciardi","Enrique Francini, Aquiles Aguilar, Ariol Gessaghi, Ángel Bodas, Mario Lalli (Viola)","Piano, Bass, 5 Bandoneons, 5 Violins"
Miguel Caló,Miguel Caló y su Orquesta Típica,1944-01-28,Si Yo Pudiera Comprender,,Tango,Raúl Iriarte,Odeón,78rpm,13551,8385,Miguel Caló,Oscar Valdéz,,43-45 Estrellas - Pontier 1st Bando,Osmar Maderna,Armando Caló,"Armando Pontier, Eduardo Rovira, José Cambareri, Carlos Lázzari, Felipe Ricciardi","Enrique Francini, Aquiles Aguilar, Ariol Gessaghi, Ángel Bodas, Mario Lalli (Viola)","Piano, Bass, 5 Bandoneons, 5 Violins"
Miguel Caló,Miguel Caló y su Orquesta Típica,1944-03-09,El Desafío,,Milonga,Raúl Iriarte,Odeón,78rpm,13631,8386,René Ruiz,Charrúa Márquez,,43-45 Estrellas - Pontier 1st Bando,Osmar Maderna,Armando Caló,"Armando Pontier, Eduardo Rovira, José Cambareri, Carlos Lázzari, Felipe Ricciardi","Enrique Francini, Aquiles Aguilar, Ariol Gessaghi, Ángel Bodas, Mario Lalli (Viola)","Piano, Bass, 5 Bandoneons, 5 Violins"
Miguel Caló,Miguel Caló y su Orquesta Típica,1944-03-09,Nada,,Tango,Raúl Iriarte,Odeón,78rpm,13630,8386,José Dames,Horacio Basterra,,43-45 Estrellas - Pontier 1st Bando,Osmar Maderna,Armando Caló,"Armando Pontier, Eduardo Rovira, José Cambareri, Carlos Lázzari, Felipe Ricciardi","Enrique Francini, Aquiles Aguilar, Ariol Gessaghi, Ángel Bodas, Mario Lalli (Viola)","Piano, Bass, 5 Bandoneons, 5 Violins"
Miguel Caló,Miguel Caló y su Orquesta Típica,1944-04-19,Bohardilla,,Tango,Raúl Iriarte,Odeón,78rpm,13708,8367,Rodolfo Blasi,Horacio Basterra,,43-45 Estrellas - Pontier 1st Bando,Osmar Maderna,Armando Caló,"Armando Pontier, Eduardo Rovira, José Cambareri, Carlos Lázzari, Felipe Ricciardi","Enrique Francini, Aquiles Aguilar, Ariol Gessaghi, Ángel Bodas, Mario Lalli (Viola)","Piano, Bass, 5 Bandoneons, 5 Violins"
Miguel Caló,Miguel Caló y su Orquesta Típica,1944-04-19,La Vi Llegar,,Tango,Raúl Iriarte,Odeón,78rpm,13709,8387,Enrique Francini,Julián Centeya,,43-45 Estrellas - Pontier 1st Bando,Osmar Maderna,Armando Caló,"Armando Pontier, Eduardo Rovira, José Cambareri, Carlos Lázzari, Felipe Ricciardi","Enrique Francini, Aquiles Aguilar, Ariol Gessaghi, Ángel Bodas, Mario Lalli (Viola)","Piano, Bass, 5 Bandoneons, 5 Violins"
Miguel Caló,Miguel Caló y su Orquesta Típica,1944-04-27,La Abandoné y No Sabía,,Tango,Raúl Berón,Odeón,78rpm,13727,8388,José Canet,José Canet,,43-45 Estrellas - Pontier 1st Bando,Osmar Maderna,Armando Caló,"Armando Pontier, Eduardo Rovira, José Cambareri, Carlos Lázzari, Felipe Ricciardi","Enrique Francini, Aquiles Aguilar, Ariol Gessaghi, Ángel Bodas, Mario Lalli (Viola)","Piano, Bass, 5 Bandoneons, 5 Violins"
Miguel Caló,Miguel Caló y su Orquesta Típica,1944-05-08,Entre Sueños,,Tango,Raúl Berón,Odeón,78rpm,13768,8388,"Anselmo Aieta, Juan Polito",Francisco Jiménez,,43-45 Estrellas - Pontier 1st Bando,Osmar Maderna,Armando Caló,"Armando Pontier, Eduardo Rovira, José Cambareri, Carlos Lázzari, Felipe Ricciardi","Enrique Francini, Aquiles Aguilar, Ariol Gessaghi, Ángel Bodas, Mario Lalli (Viola)","Piano, Bass, 5 Bandoneons, 5 Violins"
Miguel Caló,Miguel Caló y su Orquesta Típica,1944-06-14,Tabaco,,Tango,Raúl Iriarte,Odeón,78rpm,13871,8389,Armando Pontier,José Contursi,,43-45 Estrellas - Pontier 1st Bando,Osmar Maderna,Armando Caló,"Armando Pontier, Eduardo Rovira, José Cambareri, Carlos Lázzari, Felipe Ricciardi","Enrique Francini, Aquiles Aguilar, Ariol Gessaghi, Ángel Bodas, Mario Lalli (Viola)","Piano, Bass, 5 Bandoneons, 5 Violins"
Miguel Caló,Miguel Caló y su Orquesta Típica,1944-06-22,Mulata,,Milonga,Raúl Berón,Odeón,78rpm,13892,8389,Roberto Nievas,Roberto Nievas,,43-45 Estrellas - Pontier 1st Bando,Osmar Maderna,Armando Caló,"Armando Pontier, Eduardo Rovira, José Cambareri, Carlos Lázzari, Felipe Ricciardi","Enrique Francini, Aquiles Aguilar, Ariol Gessaghi, Ángel Bodas, Mario Lalli (Viola)","Piano, Bass, 5 Bandoneons, 5 Violins"
Miguel Caló,Miguel Caló y su Orquesta Típica,1944-07-07,Sans Souci,,Tango,Instrumental,Odeón,78rpm,13929,8390,Enrique Delfino,,,43-45 Estrellas - Pontier 1st Bando,Osmar Maderna,Armando Caló,"Armando Pontier, Eduardo Rovira, José Cambareri, Carlos Lázzari, Felipe Ricciardi","Enrique Francini, Aquiles Aguilar, Ariol Gessaghi, Ángel Bodas, Mario Lalli (Viola)","Piano, Bass, 5 Bandoneons, 5 Violins"
Miguel Caló,Miguel Caló y su Orquesta Típica,1944-07-10,En Tus Ojos de Cielo,,Tango,Raúl Berón,Odeón,78rpm,16558,8390,Osmar Maderna,Luis Rubistein,,43-45 Estrellas - Pontier 1st Bando,Osmar Maderna,Armando Caló,"Armando Pontier, Eduardo Rovira, José Cambareri, Carlos Lázzari, Felipe Ricciardi","Enrique Francini, Aquiles Aguilar, Ariol Gessaghi, Ángel Bodas, Mario Lalli (Viola)","Piano, Bass, 5 Bandoneons, 5 Violins"
Miguel Caló,Miguel Caló y su Orquesta Típica,1944-08-16,Domingo a la Noche,,Tango,Raúl Berón,Odeón,78rpm,14034,8391,Juan Guichandut,Oscar Rubens,,43-45 Estrellas - Pontier 1st Bando,Osmar Maderna,Armando Caló,"Armando Pontier, Eduardo Rovira, José Cambareri, Carlos Lázzari, Felipe Ricciardi","Enrique Francini, Aquiles Aguilar, Ariol Gessaghi, Ángel Bodas, Mario Lalli (Viola)","Piano, Bass, 5 Bandoneons, 5 Violins"
Miguel Caló,Miguel Caló y su Orquesta Típica,1944-08-23,Saludos,,Tango,Instrumental,Odeón,78rpm,14043,8391,"Domingo Federico, Francisco Federico",,,43-45 Estrellas - Pontier 1st Bando,Osmar Maderna,Armando Caló,"Armando Pontier, Eduardo Rovira, José Cambareri, Carlos Lázzari, Felipe Ricciardi","Enrique Francini, Aquiles Aguilar, Ariol Gessaghi, Ángel Bodas, Mario Lalli (Viola)","Piano, Bass, 5 Bandoneons, 5 Violins"
Miguel Caló,Miguel Caló y su Orquesta Típica,1944-08-28,Jugando Jugando,,Vals,Raúl Berón,Odeón,78rpm,14055,8392,Miguel Caló,Oscar Valdéz,,43-45 Estrellas - Pontier 1st Bando,Osmar Maderna,Armando Caló,"Armando Pontier, Eduardo Rovira, José Cambareri, Carlos Lázzari, Felipe Ricciardi","Enrique Francini, Aquiles Aguilar, Ariol Gessaghi, Ángel Bodas, Mario Lalli (Viola)","Piano, Bass, 5 Bandoneons, 5 Violins"
Miguel Caló,Miguel Caló y su Orquesta Típica,1944-08-28,Mi Tango Es Triste,,Tango,Raúl Iriarte,Odeón,78rpm,14056,8392,Elías Rubistein,Marvil Vilas,,43-45 Estrellas - Pontier 1st Bando,Osmar Maderna,Armando Caló,"Armando Pontier, Eduardo Rovira, José Cambareri, Carlos Lázzari, Felipe Ricciardi","Enrique Francini, Aquiles Aguilar, Ariol Gessaghi, Ángel Bodas, Mario Lalli (Viola)","Piano, Bass, 5 Bandoneons, 5 Violins"
Miguel Caló,Miguel Caló y su Orquesta Típica,1944-10-24,De Seis a Siete,De 6 a 7,Tango,Raúl Iriarte,Odeón,78rpm,14181,8393,José Canet,José Canet,,43-45 Estrellas - Pontier 1st Bando,Osmar Maderna,Armando Caló,"Armando Pontier, Eduardo Rovira, José Cambareri, Carlos Lázzari, Felipe Ricciardi","Enrique Francini, Aquiles Aguilar, Ariol Gessaghi, Ángel Bodas, Mario Lalli (Viola)","Piano, Bass, 5 Bandoneons, 5 Violins"
Miguel Caló,Miguel Caló y su Orquesta Típica,1944-10-24,Fantasma,,Tango,Raúl Iriarte,Odeón,78rpm,14180,8393,Enrique Delfino,Cátulo Castillo,,43-45 Estrellas - Pontier 1st Bando,Osmar Maderna,Armando Caló,"Armando Pontier, Eduardo Rovira, José Cambareri, Carlos Lázzari, Felipe Ricciardi","Enrique Francini, Aquiles Aguilar, Ariol Gessaghi, Ángel Bodas, Mario Lalli (Viola)","Piano, Bass, 5 Bandoneons, 5 Violins"
Miguel Caló,Miguel Caló y su Orquesta Típica,1944-11-07,Madalit,,Tango,Raúl Iriarte,Odeón,78rpm,14200,8394,Enrique Delfino,Agustín Delamónica,,43-45 Estrellas - Pontier 1st Bando,Osmar Maderna,Armando Caló,"Armando Pontier, Eduardo Rovira, José Cambareri, Carlos Lázzari, Felipe Ricciardi","Enrique Francini, Aquiles Aguilar, Ariol Gessaghi, Ángel Bodas, Mario Lalli (Viola)","Piano, Bass, 5 Bandoneons, 5 Violins"
Miguel Caló,Miguel Caló y su Orquesta Típica,1944-11-07,Me Duele el Corazón,,Vals,Raúl Iriarte,Odeón,78rpm,14199,8394,"C. Yeguit, Luis Mendoza","C. Yeguit, Luis Mendoza",Osmar Maderna,43-45 Estrellas - Pontier 1st Bando,Osmar Maderna,Armando Caló,"Armando Pontier, Eduardo Rovira, José Cambareri, Carlos Lázzari, Felipe Ricciardi","Enrique Francini, Aquiles Aguilar, Ariol Gessaghi, Ángel Bodas, Mario Lalli (Viola)","Piano, Bass, 5 Bandoneons, 5 Violins"
Miguel Caló,Miguel Caló y su Orquesta Típica,1944-12-14,La de los Ojos Tristes,,Tango,Luis Tolosa,Odeón,78rpm,14312,8395,Edgardo Donato,Héctor Marcó,,43-45 Estrellas - Pontier 1st Bando,Osmar Maderna,Armando Caló,"Armando Pontier, Eduardo Rovira, José Cambareri, Carlos Lázzari, Felipe Ricciardi","Enrique Francini, Aquiles Aguilar, Ariol Gessaghi, Ángel Bodas, Mario Lalli (Viola)","Piano, Bass, 5 Bandoneons, 5 Violins"
Miguel Caló,Miguel Caló y su Orquesta Típica,1944-12-14,Mi Nataí,,Tango,Luis Tolosa,Odeón,78rpm,14311,8395,"Félix Lípesker, Jerome Timor","Félix Lipesker, Leonardo Timor",,43-45 Estrellas - Pontier 1st Bando,Osmar Maderna,Armando Caló,"Armando Pontier, Eduardo Rovira, José Cambareri, Carlos Lázzari, Felipe Ricciardi","Enrique Francini, Aquiles Aguilar, Ariol Gessaghi, Ángel Bodas, Mario Lalli (Viola)","Piano, Bass, 5 Bandoneons, 5 Violins"
Miguel Caló,Miguel Caló y su Orquesta Típica,1945-01-19,Igual Que una Sombra,,Tango,Raúl Iriarte,Odeón,78rpm,14407,8395,Osvaldo Pugliese,Enrique Cadícamo,,43-45 Estrellas - Pontier 1st Bando,Osmar Maderna,Armando Caló,"Armando Pontier, Eduardo Rovira, José Cambareri, Carlos Lázzari, Felipe Ricciardi","Enrique Francini, Aquiles Aguilar, Ariol Gessaghi, Ángel Bodas, Mario Lalli (Viola)","Piano, Bass, 5 Bandoneons, 5 Violins"
Miguel Caló,Miguel Caló y su Orquesta Típica,1945-01-19,Tierra Querida,,Tango,Instrumental,Odeón,78rpm,11408,8396,Julio De Caro,Luis Díaz,,43-45 Estrellas - Pontier 1st Bando,Osmar Maderna,Armando Caló,"Armando Pontier, Eduardo Rovira, José Cambareri, Carlos Lázzari, Felipe Ricciardi","Enrique Francini, Aquiles Aguilar, Ariol Gessaghi, Ángel Bodas, Mario Lalli (Viola)","Piano, Bass, 5 Bandoneons, 5 Violins"
Miguel Caló,Miguel Caló y su Orquesta Típica,1945-02-20,La Noche Que Te Fuiste,,Tango,Raúl Iriarte,Odeón,78rpm,14448,8397,Osmar Maderna,José Contursi,,43-45 Estrellas - Pontier 1st Bando,Osmar Maderna,Armando Caló,"Armando Pontier, Eduardo Rovira, José Cambareri, Carlos Lázzari, Felipe Ricciardi","Enrique Francini, Aquiles Aguilar, Ariol Gessaghi, Ángel Bodas, Mario Lalli (Viola)","Piano, Bass, 5 Bandoneons, 5 Violins"
Miguel Caló,Miguel Caló y su Orquesta Típica,1945-02-20,Lluvia de Abril,,Tango,Raúl Iriarte,Odeón,78rpm,14447,8398,Enrique Francini,Julián Vergiati,,43-45 Estrellas - Pontier 1st Bando,Osmar Maderna,Armando Caló,"Armando Pontier, Eduardo Rovira, José Cambareri, Carlos Lázzari, Felipe Ricciardi","Enrique Francini, Aquiles Aguilar, Ariol Gessaghi, Ángel Bodas, Mario Lalli (Viola)","Piano, Bass, 5 Bandoneons, 5 Violins"
Miguel Caló,Miguel Caló y su Orquesta Típica,1945-02-20,Trenzas,,Tango,Raúl Iriarte,Odeón,78rpm,14449,8397,Armando Pontier,Homero Expósito,,43-45 Estrellas - Pontier 1st Bando,Osmar Maderna,Armando Caló,"Armando Pontier, Eduardo Rovira, José Cambareri, Carlos Lázzari, Felipe Ricciardi","Enrique Francini, Aquiles Aguilar, Ariol Gessaghi, Ángel Bodas, Mario Lalli (Viola)","Piano, Bass, 5 Bandoneons, 5 Violins"
Miguel Caló,Miguel Caló y su Orquesta Típica,1945-03-08,Garras,,Tango,Raúl Iriarte,Odeón,78rpm,14472,8399,Aníbal Troilo,José Contursi,,43-45 Estrellas - Pontier 1st Bando,Osmar Maderna,Armando Caló,"Armando Pontier, Eduardo Rovira, José Cambareri, Carlos Lázzari, Felipe Ricciardi","Enrique Francini, Aquiles Aguilar, Ariol Gessaghi, Ángel Bodas, Mario Lalli (Viola)","Piano, Bass, 5 Bandoneons, 5 Violins"
Miguel Caló,Miguel Caló y su Orquesta Típica,1945-03-09,Bien Criolla y Bien Porteña,,Milonga,Iriate y Tolosa,Odeón,78rpm,14469,8398,Armando Pontier,Homero Expósito,,43-45 Estrellas - Pontier 1st Bando,Osmar Maderna,Armando Caló,"Armando Pontier, Eduardo Rovira, José Cambareri, Carlos Lázzari, Felipe Ricciardi","Enrique Francini, Aquiles Aguilar, Ariol Gessaghi, Ángel Bodas, Mario Lalli (Viola)","Piano, Bass, 5 Bandoneons, 5 Violins"
Miguel Caló,Miguel Caló y su Orquesta Típica,1945-04-20,Yo,,Tango,Raúl Iriarte,Odeón,78rpm,14567,8399,Juan Guichandut,Juan Guichandut,,43-45 Estrellas - Pontier 1st Bando,Osmar Maderna,Armando Caló,"Armando Pontier, Eduardo Rovira, José Cambareri, Carlos Lázzari, Felipe Ricciardi","Enrique Francini, Aquiles Aguilar, Ariol Gessaghi, Ángel Bodas, Mario Lalli (Viola)","Piano, Bass, 5 Bandoneons, 5 Violins"
Miguel Caló,Miguel Caló y su Orquesta Típica,1945-05-22,Fruta Amarga,,Tango,Raúl Iriarte,Odeón,78rpm,14635,30001,Hugo Gutiérrez,Homero Manzi,,45-46 Post Breakup,Miguel Nijensohn,Juan Fasio,"Ismael Spitalnik, Atilio Corral, Eliseo Marchesse, José Appendino","Antonio Rodio, Alberto Besprovan, Simón Broitman, Gerardo Balinotti, Mario Lalli (Viola)","Piano, Bass, 4 Bandoneons, 5 Violins"
Miguel Caló,Miguel Caló y su Orquesta Típica,1945-05-22,Sol,,Tango,Luis Tolosa,Odeón,78rpm,14634,30001,"Miguel Nijensohn, José Niesow",José Suñé,,45-46 Post Breakup,Miguel Nijensohn,Juan Fasio,"Ismael Spitalnik, Atilio Corral, Eliseo Marchesse, José Appendino","Antonio Rodio, Alberto Besprovan, Simón Broitman, Gerardo Balinotti, Mario Lalli (Viola)","Piano, Bass, 4 Bandoneons, 5 Violins"
Miguel Caló,Miguel Caló y su Orquesta Típica,1945-06-05,Por la Cuesta Arriba,,Tango,Raúl Iriarte,Odeón,78rpm,14661,30002,Argentino Galván,Carlos Bahr,,45-46 Post Breakup,Miguel Nijensohn,Juan Fasio,"Ismael Spitalnik, Atilio Corral, Eliseo Marchesse, José Appendino","Antonio Rodio, Alberto Besprovan, Simón Broitman, Gerardo Balinotti, Mario Lalli (Viola)","Piano, Bass, 4 Bandoneons, 5 Violins"
Miguel Caló,Miguel Caló y su Orquesta Típica,1945-06-05,Seis Días,,Tango,Raúl Iriarte,Odeón,78rpm,14662,30002,Manuel Sucher,Carlos Bahr,,45-46 Post Breakup,Miguel Nijensohn,Juan Fasio,"Ismael Spitalnik, Atilio Corral, Eliseo Marchesse, José Appendino","Antonio Rodio, Alberto Besprovan, Simón Broitman, Gerardo Balinotti, Mario Lalli (Viola)","Piano, Bass, 4 Bandoneons, 5 Violins"
Miguel Caló,Miguel Caló y su Orquesta Típica,1945-07-05,No Te Olvides Corazón,,Vals,Raúl Iriarte,Odeón,78rpm,14746,30003,Don Fabiano,Don Fabiano,,45-46 Post Breakup,Miguel Nijensohn,Juan Fasio,"Ismael Spitalnik, Atilio Corral, Eliseo Marchesse, José Appendino","Antonio Rodio, Alberto Besprovan, Simón Broitman, Gerardo Balinotti, Mario Lalli (Viola)","Piano, Bass, 4 Bandoneons, 5 Violins"
Miguel Caló,Miguel Caló y su Orquesta Típica,1945-07-05,Soledad la de Barracas,,Tango,Raúl Iriarte,Odeón,78rpm,14745,30003,Roberto López,Carlos Bahr,,45-46 Post Breakup,Miguel Nijensohn,Juan Fasio,"Ismael Spitalnik, Atilio Corral, Eliseo Marchesse, José Appendino","Antonio Rodio, Alberto Besprovan, Simón Broitman, Gerardo Balinotti, Mario Lalli (Viola)","Piano, Bass, 4 Bandoneons, 5 Violins"
Miguel Caló,Miguel Caló y su Orquesta Típica,1945-08-07,Cimarrón de Ausencia,,Milonga,Roberto Arrieta,Odeón,78rpm,14837,30004,Juan Larenza,Marsilio Robles,,45-46 Post Breakup,Miguel Nijensohn,Juan Fasio,"Ismael Spitalnik, Atilio Corral, Eliseo Marchesse, José Appendino","Antonio Rodio, Alberto Besprovan, Simón Broitman, Gerardo Balinotti, Mario Lalli (Viola)","Piano, Bass, 4 Bandoneons, 5 Violins"
Miguel Caló,Miguel Caló y su Orquesta Típica,1945-08-07,Quedó en Venir a las Nueve,,Tango,Roberto Arrieta,Odeón,78rpm,14836,30004,Juan Polito,Luis Caruso,,45-46 Post Breakup,Miguel Nijensohn,Juan Fasio,"Ismael Spitalnik, Atilio Corral, Eliseo Marchesse, José Appendino","Antonio Rodio, Alberto Besprovan, Simón Broitman, Gerardo Balinotti, Mario Lalli (Viola)","Piano, Bass, 4 Bandoneons, 5 Violins"
Miguel Caló,Miguel Caló y su Orquesta Típica,1945-09-14,Tedio,,Tango,Roberto Arrieta,Odeón,78rpm,14911,30005,Miguel Bucino,Miguel Bucino,,45-46 Post Breakup,Miguel Nijensohn,Juan Fasio,"Ismael Spitalnik, Atilio Corral, Eliseo Marchesse, José Appendino","Antonio Rodio, Alberto Besprovan, Simón Broitman, Gerardo Balinotti, Mario Lalli (Viola)","Piano, Bass, 4 Bandoneons, 5 Violins"
Miguel Caló,Miguel Caló y su Orquesta Típica,1945-09-14,Valsecito,,Vals,Roberto Arrieta,Odeón,78rpm,14912,30005,"Miguel Caló, Félix Lípesker",Carlos Bahr,,45-46 Post Breakup,Miguel Nijensohn,Juan Fasio,"Ismael Spitalnik, Atilio Corral, Eliseo Marchesse, José Appendino","Antonio Rodio, Alberto Besprovan, Simón Broitman, Gerardo Balinotti, Mario Lalli (Viola)","Piano, Bass, 4 Bandoneons, 5 Violins"
Miguel Caló,Miguel Caló y su Orquesta Típica,1945-10-08,Enrique Delfino,,Tango,Raúl Iriarte,Odeón,78rpm,11963,30006,Roberto Nievas,Oscar Rubistein,,45-46 Post Breakup,Miguel Nijensohn,Juan Fasio,"Ismael Spitalnik, Atilio Corral, Eliseo Marchesse, José Appendino","Antonio Rodio, Alberto Besprovan, Simón Broitman, Gerardo Balinotti, Emilio Paiva (Cello)","Piano, Bass, 4 Bandoneons, 5 Violins"
Miguel Caló,Miguel Caló y su Orquesta Típica,1945-11-02,Cosas de Tango,,Tango,Raúl Iriarte,Odeón,78rpm,15060,30006,Tito Ribero,Rodolfo Taboada,,45-46 Post Breakup,Miguel Nijensohn,Juan Fasio,"Ismael Spitalnik, Atilio Corral, Eliseo Marchesse, José Appendino","Antonio Rodio, Alberto Besprovan, Simón Broitman, Gerardo Balinotti, Emilio Paiva (Cello)","Piano, Bass, 4 Bandoneons, 5 Violins"
Miguel Caló,Miguel Caló y su Orquesta Típica,1945-11-08,Amor y Tango,,Tango,Raúl Iriarte,Odeón,78rpm,15076,30007,José Basso,Carlos Bahr,,45-46 Post Breakup,Miguel Nijensohn,Juan Fasio,"Ismael Spitalnik, Atilio Corral, Eliseo Marchesse, José Appendino","Antonio Rodio, Alberto Besprovan, Simón Broitman, Gerardo Balinotti, Emilio Paiva (Cello)","Piano, Bass, 4 Bandoneons, 5 Violins"
Miguel Caló,Miguel Caló y su Orquesta Típica,1945-11-15,El Mismo Dolor,,Vals,Raúl Iriarte,Odeón,78rpm,15106,30007,Enrique Francini,Carlos Bahr,,45-46 Post Breakup,Miguel Nijensohn,Juan Fasio,"Ismael Spitalnik, Atilio Corral, Eliseo Marchesse, José Appendino","Antonio Rodio, Alberto Besprovan, Simón Broitman, Gerardo Balinotti, Emilio Paiva (Cello)","Piano, Bass, 4 Bandoneons, 5 Violins"
Miguel Caló,Miguel Caló y su Orquesta Típica,1945-11-15,Margó,,Tango,Raúl Iriarte,Odeón,78rpm,15104,30008,Armando Pontier,Homero Expósito,,45-46 Post Breakup,Miguel Nijensohn,Juan Fasio,"Ismael Spitalnik, Atilio Corral, Eliseo Marchesse, José Appendino","Antonio Rodio, Alberto Besprovan, Simón Broitman, Gerardo Balinotti, Emilio Paiva (Cello)","Piano, Bass, 4 Bandoneons, 5 Violins"
Miguel Caló,Miguel Caló y su Orquesta Típica,1945-11-15,Una Tarde Cualquiera,,Tango,Roberto Arrieta,Odeón,78rpm,15105,30007,"Roberto Puccio, Miguel Puccio",Rodolfo Taboada,,45-46 Post Breakup,Miguel Nijensohn,Juan Fasio,"Ismael Spitalnik, Atilio Corral, Eliseo Marchesse, José Appendino","Antonio Rodio, Alberto Besprovan, Simón Broitman, Gerardo Balinotti, Emilio Paiva (Cello)","Piano, Bass, 4 Bandoneons, 5 Violins"
Miguel Caló,Miguel Caló y su Orquesta Típica,1945-12-27,Canción Desesperada,,Tango,Raúl Iriarte,Odeón,78rpm,15228,30009,Enrique Discépolo,Enrique Discépolo,,45-46 Post Breakup,Miguel Nijensohn,Juan Fasio,"Ismael Spitalnik, Atilio Corral, Eliseo Marchesse, José Appendino","Antonio Rodio, Alberto Besprovan, Simón Broitman, Gerardo Balinotti, Emilio Paiva (Cello)","Piano, Bass, 4 Bandoneons, 5 Violins"
Miguel Caló,Miguel Caló y su Orquesta Típica,1945-12-27,Pudo Ser una Vida,,Tango,Roberto Arrieta,Odeón,78rpm,15227,30010,Elías Randal,Carlos Bahr,,45-46 Post Breakup,Miguel Nijensohn,Juan Fasio,"Ismael Spitalnik, Atilio Corral, Eliseo Marchesse, José Appendino","Antonio Rodio, Alberto Besprovan, Simón Broitman, Gerardo Balinotti, Emilio Paiva (Cello)","Piano, Bass, 4 Bandoneons, 5 Violins"
Miguel Caló,Miguel Caló y su Orquesta Típica,1945-12-29,Corazón Si la Viera,,Tango,Roberto Arrieta,Odeón,78rpm,15235,30010,Pedro Pandolfi,Cátulo Castillo,,45-46 Post Breakup,Miguel Nijensohn,Juan Fasio,"Ismael Spitalnik, Atilio Corral, Eliseo Marchesse, José Appendino","Antonio Rodio, Alberto Besprovan, Simón Broitman, Gerardo Balinotti, Emilio Paiva (Cello)","Piano, Bass, 4 Bandoneons, 5 Violins"
Miguel Caló,Miguel Caló y su Orquesta Típica,1945-12-29,Mañana No Estarás,,Tango,Raúl Iriarte,Odeón,78rpm,15236,30009,Ariol Gessaghi,Horacio Sanguinetti,,45-46 Post Breakup,Miguel Nijensohn,Juan Fasio,"Ismael Spitalnik, Atilio Corral, Eliseo Marchesse, José Appendino","Antonio Rodio, Alberto Besprovan, Simón Broitman, Gerardo Balinotti, Emilio Paiva (Cello)","Piano, Bass, 4 Bandoneons, 5 Violins"
Miguel Caló,Miguel Caló y su Orquesta Típica,1946-03-08,Me Llamo Anselmo Contreras,,Tango,Raúl Iriarte,Odeón,78rpm,15346,30012,Miguel Nijensohn,Cátulo Castillo,,45-46 Post Breakup,Miguel Nijensohn,Juan Fasio,"Ismael Spitalnik, Atilio Corral, Eliseo Marchesse, José Appendino","Antonio Rodio, Alberto Besprovan, Simón Broitman, Gerardo Balinotti, Emilio Paiva (Cello)","Piano, Bass, 4 Bandoneons, 5 Violins"
Miguel Caló,Miguel Caló y su Orquesta Típica,1946-03-08,Qué Me Van a Hablar de Amor,Hablame de Amor,Tango,Roberto Arrieta,Odeón,78rpm,15347,30012,Héctor Stamponi,Homero Expósito,,45-46 Post Breakup,Miguel Nijensohn,Juan Fasio,"Ismael Spitalnik, Atilio Corral, Eliseo Marchesse, José Appendino","Antonio Rodio, Alberto Besprovan, Simón Broitman, Gerardo Balinotti, Emilio Paiva (Cello)","Piano, Bass, 4 Bandoneons, 5 Violins"
Miguel Caló,Miguel Caló y su Orquesta Típica,1946-03-15,Loco Turbión,,Tango,Iriarte y Arrieta,Odeón,78rpm,15369,30011,Vicente Spina,Roberto Miró,,45-46 Post Breakup,Miguel Nijensohn,Juan Fasio,"Ismael Spitalnik, Atilio Corral, Eliseo Marchesse, José Appendino","Antonio Rodio, Alberto Besprovan, Simón Broitman, Gerardo Balinotti, Emilio Paiva (Cello)","Piano, Bass, 4 Bandoneons, 5 Violins"
Miguel Caló,Miguel Caló y su Orquesta Típica,1946-03-15,Trapitos,,Milonga,Iriarte y Arrieta,Odeón,78rpm,15368,30011,José Canet,José Canet,,45-46 Post Breakup,Miguel Nijensohn,Juan Fasio,"Ismael Spitalnik, Atilio Corral, Eliseo Marchesse, José Appendino","Antonio Rodio, Alberto Besprovan, Simón Broitman, Gerardo Balinotti, Emilio Paiva (Cello)","Piano, Bass, 4 Bandoneons, 5 Violins"
Miguel Caló,Miguel Caló y su Orquesta Típica,1946-04-04,El Cuatrero,El Tigre,Tango,Instrumental,Odeón,78rpm,15416,30013,Agustín Bardi,,,45-46 Post Breakup,Miguel Nijensohn,Juan Fasio,"Ismael Spitalnik, Atilio Corral, Eliseo Marchesse, José Appendino","Antonio Rodio, Alberto Besprovan, Simón Broitman, Gerardo Balinotti, Emilio Paiva (Cello)","Piano, Bass, 4 Bandoneons, 5 Violins"
Miguel Caló,Miguel Caló y su Orquesta Típica,1946-04-04,Qué Cosas Tiene la Vida,,Tango,Roberto Arrieta,Odeón,78rpm,15415,30013,Enrique Munné,Roberto Lambertucci,,45-46 Post Breakup,Miguel Nijensohn,Juan Fasio,"Ismael Spitalnik, Atilio Corral, Eliseo Marchesse, José Appendino","Antonio Rodio, Alberto Besprovan, Simón Broitman, Gerardo Balinotti, Emilio Paiva (Cello)","Piano, Bass, 4 Bandoneons, 5 Violins"
Miguel Caló,Miguel Caló y su Orquesta Típica,1946-12-03,Flor de Lino,,Vals,Raúl Iriarte,Odeón,78rpm,16047,30015,Héctor Stamponi,Homero Expósito,,46-51 Plaza 1st Bando,Miguel Nijensohn,Juan Fasio,"Julián Plaza, Atilio Corral, Rodolfo Nerone, Eliseo Marchesse, José Appendino","Julián Ortiz, Gerardo Balinotti, Manuel Goldfeder, Nito Farace, Emilio Paiva (Cello)","Piano, Bass, 5 Bandoneons, 5 Violins"
Miguel Caló,Miguel Caló y su Orquesta Típica,1946-12-03,Inútil,,Tango,Roberto Arrieta,Odeón,78rpm,16048,30014,Tito Ribero,"Reinaldo Yiso, Félix Lipesker",,46-51 Plaza 1st Bando,Miguel Nijensohn,Juan Fasio,"Julián Plaza, Atilio Corral, Rodolfo Nerone, Eliseo Marchesse, José Appendino","Julián Ortiz, Gerardo Balinotti, Manuel Goldfeder, Nito Farace, Emilio Paiva (Cello)","Piano, Bass, 5 Bandoneons, 5 Violins"
Miguel Caló,Miguel Caló y su Orquesta Típica,1946-12-12,En Secreto,,Tango,Roberto Arrieta,Odeón,78rpm,16096,30015,Vicente Demarco,Alfredo Roldán,,46-51 Plaza 1st Bando,Miguel Nijensohn,Juan Fasio,"Julián Plaza, Atilio Corral, Rodolfo Nerone, Eliseo Marchesse, José Appendino","Julián Ortiz, Gerardo Balinotti, Manuel Goldfeder, Nito Farace, Emilio Paiva (Cello)","Piano, Bass, 5 Bandoneons, 5 Violins"
Miguel Caló,Miguel Caló y su Orquesta Típica,1946-12-12,Tarde Gris,,Tango,Raúl Iriarte,Odeón,78rpm,16095,30014,Juan Guido,Luis Rubistein,,46-51 Plaza 1st Bando,Miguel Nijensohn,Juan Fasio,"Julián Plaza, Atilio Corral, Rodolfo Nerone, Eliseo Marchesse, José Appendino","Julián Ortiz, Gerardo Balinotti, Manuel Goldfeder, Nito Farace, Emilio Paiva (Cello)","Piano, Bass, 5 Bandoneons, 5 Violins"
Miguel Caló,Miguel Caló y su Orquesta Típica,1947-01-21,Extraña,,Tango,Raúl Iriarte,Odeón,78rpm,16235,30016,"Oscar Rubistein, Roberto Nievas, Miguel Caló","Oscar Rubistein, Roberto Nievas, Miguel Caló",,46-51 Plaza 1st Bando,Miguel Nijensohn,Juan Fasio,"Julián Plaza, Atilio Corral, Rodolfo Nerone, Eliseo Marchesse, José Appendino","Julián Ortiz, Gerardo Balinotti, Manuel Goldfeder, Nito Farace, Emilio Paiva (Cello)","Piano, Bass, 5 Bandoneons, 5 Violins"
Miguel Caló,Miguel Caló y su Orquesta Típica,1947-01-21,Rebeldía,,Tango,Raúl Iriarte,Odeón,78rpm,16234,30016,Roberto Blanco,Oscar Rubens,,46-51 Plaza 1st Bando,Miguel Nijensohn,Juan Fasio,"Julián Plaza, Atilio Corral, Rodolfo Nerone, Eliseo Marchesse, José Appendino","Julián Ortiz, Gerardo Balinotti, Manuel Goldfeder, Nito Farace, Emilio Paiva (Cello)","Piano, Bass, 5 Bandoneons, 5 Violins"
Miguel Caló,Miguel Caló y su Orquesta Típica,1947-04-25,Cambalache,,Tango,Roberto Arrieta,Odeón,78rpm,16417,30017,Enrique Discépolo,Enrique Discépolo,,46-51 Plaza 1st Bando,Miguel Nijensohn,Juan Fasio,"Julián Plaza, Atilio Corral, Rodolfo Nerone, Eliseo Marchesse, José Appendino","Julián Ortiz, Gerardo Balinotti, Manuel Goldfeder, Nito Farace, Emilio Paiva (Cello)","Piano, Bass, 5 Bandoneons, 5 Violins"
Miguel Caló,Miguel Caló y su Orquesta Típica,1947-04-25,Sin Comprender,,Tango,Roberto Arrieta,Odeón,78rpm,16418,30017,Miguel Nijensohn,Carlos Bahr,,46-51 Plaza 1st Bando,Miguel Nijensohn,Juan Fasio,"Julián Plaza, Atilio Corral, Rodolfo Nerone, Eliseo Marchesse, José Appendino","Julián Ortiz, Gerardo Balinotti, Manuel Goldfeder, Nito Farace, Emilio Paiva (Cello)","Piano, Bass, 5 Bandoneons, 5 Violins"
Miguel Caló,Miguel Caló y su Orquesta Típica,1947-05-09,El Plebeyo,,Vals,Iriarte y Trío P-R-C,Odeón,78rpm,16449,30018,Felipe Alva,Felipe Alva,,46-51 Plaza 1st Bando,Miguel Nijensohn,Juan Fasio,"Julián Plaza, Atilio Corral, Rodolfo Nerone, Eliseo Marchesse, José Appendino","Julián Ortiz, Gerardo Balinotti, Manuel Goldfeder, Nito Farace, Emilio Paiva (Cello)","Piano, Bass, 5 Bandoneons, 5 Violins"
Miguel Caló,Miguel Caló y su Orquesta Típica,1947-05-09,Los Despojos,,Tango,Raúl Iriarte,Odeón,78rpm,16450,30018,José Dames,Horacio Sanguinetti,,46-51 Plaza 1st Bando,Miguel Nijensohn,Juan Fasio,"Julián Plaza, Atilio Corral, Rodolfo Nerone, Eliseo Marchesse, José Appendino","Julián Ortiz, Gerardo Balinotti, Manuel Goldfeder, Nito Farace, Emilio Paiva (Cello)","Piano, Bass, 5 Bandoneons, 5 Violins"
Miguel Caló,Miguel Caló y su Orquesta Típica,1947-06-26,El Penado Catorce,El Penado 14,Tango,Raúl Iriarte,Odeón,78rpm,16558,30019,"Agustín Magaldi, Pedro Noda",Carlos Pesce,,46-51 Plaza 1st Bando,Miguel Nijensohn,Juan Fasio,"Julián Plaza, Atilio Corral, Rodolfo Nerone, Eliseo Marchesse, José Appendino","Julián Ortiz, Gerardo Balinotti, Manuel Goldfeder, Nito Farace, Emilio Paiva (Cello)","Piano, Bass, 5 Bandoneons, 5 Violins"
Miguel Caló,Miguel Caló y su Orquesta Típica,1947-06-26,Plomo,,Tango,Raúl Iriarte,Odeón,78rpm,16557,30019,Luis Rubistein,Luis Rubistein,,46-51 Plaza 1st Bando,Miguel Nijensohn,Juan Fasio,"Julián Plaza, Atilio Corral, Rodolfo Nerone, Eliseo Marchesse, José Appendino","Julián Ortiz, Gerardo Balinotti, Manuel Goldfeder, Nito Farace, Emilio Paiva (Cello)","Piano, Bass, 5 Bandoneons, 5 Violins"
Miguel Caló,Miguel Caló y su Orquesta Típica,1947-10-22,La Negra Quiere Bailar,,Milonga,Roberto Arrieta,Odeón,78rpm,16760,30020,José Ranieri,Carlos Bahr,,46-51 Plaza 1st Bando,Miguel Nijensohn,Juan Fasio,"Julián Plaza, Atilio Corral, Rodolfo Nerone, Eliseo Marchesse, José Appendino","Julián Ortiz, Gerardo Balinotti, Manuel Goldfeder, Nito Farace, Emilio Paiva (Cello)","Piano, Bass, 5 Bandoneons, 5 Violins"
Miguel Caló,Miguel Caló y su Orquesta Típica,1947-10-22,Óyeme,,Tango,Raúl Iriarte,Odeón,78rpm,16761,30020,Enrique Francini,Homero Expósito,,46-51 Plaza 1st Bando,Miguel Nijensohn,Juan Fasio,"Julián Plaza, Atilio Corral, Rodolfo Nerone, Eliseo Marchesse, José Appendino","Julián Ortiz, Gerardo Balinotti, Manuel Goldfeder, Nito Farace, Emilio Paiva (Cello)","Piano, Bass, 5 Bandoneons, 5 Violins"
Miguel Caló,Miguel Caló y su Orquesta Típica,1948-01-05,A la Gran Muñeca,,Tango,Roberto Arrieta,Odeón,78rpm,16832,30021,Jesús Ventura,Miguel Osés,,46-51 Plaza 1st Bando,Miguel Nijensohn,Juan Fasio,"Julián Plaza, Atilio Corral, Rodolfo Nerone, Eliseo Marchesse, José Appendino","Julián Ortiz, Gerardo Balinotti, Manuel Goldfeder, Nito Farace, Emilio Paiva (Cello)","Piano, Bass, 5 Bandoneons, 5 Violins"
Miguel Caló,Miguel Caló y su Orquesta Típica,1948-01-05,Carriego,,Tango,Roberto Arrieta,Odeón,78rpm,16833,30022,Roberto Blanco,Julio Nelson,,46-51 Plaza 1st Bando,Miguel Nijensohn,Juan Fasio,"Julián Plaza, Atilio Corral, Rodolfo Nerone, Eliseo Marchesse, José Appendino","Julián Ortiz, Gerardo Balinotti, Manuel Goldfeder, Nito Farace, Emilio Paiva (Cello)","Piano, Bass, 5 Bandoneons, 5 Violins"
Miguel Caló,Miguel Caló y su Orquesta Típica,1948-04-27,No Te Perdono Más,,Tango,Roberto Arrieta,Odeón,78rpm,16898,30022,Rodolfo Sciammarella,Rodolfo Sciammarella,,46-51 Plaza 1st Bando,Miguel Nijensohn,Juan Fasio,"Julián Plaza, Atilio Corral, Rodolfo Nerone, Eliseo Marchesse, José Appendino","Julián Ortiz, Gerardo Balinotti, Manuel Goldfeder, Nito Farace, Emilio Paiva (Cello)","Piano, Bass, 5 Bandoneons, 5 Violins"
Miguel Caló,Miguel Caló y su Orquesta Típica,1948-04-27,Pimienta,,Tango,Instrumental,Odeón,78rpm,16897,30022,Osvaldo Fresedo,,,46-51 Plaza 1st Bando,Miguel Nijensohn,Juan Fasio,"Julián Plaza, Atilio Corral, Rodolfo Nerone, Eliseo Marchesse, José Appendino","Julián Ortiz, Gerardo Balinotti, Manuel Goldfeder, Nito Farace, Emilio Paiva (Cello)","Piano, Bass, 5 Bandoneons, 5 Violins"
Miguel Caló,Miguel Caló y su Orquesta Típica,1948-06-09,La Guiñada,,Tango,Instrumental,Odeón,78rpm,16942,30023,Agustín Bardi,,,46-51 Plaza 1st Bando,Miguel Nijensohn,Juan Fasio,"Julián Plaza, Atilio Corral, Rodolfo Nerone, Eliseo Marchesse, José Appendino","Julián Ortiz, Gerardo Balinotti, Manuel Goldfeder, Nito Farace, Emilio Paiva (Cello)","Piano, Bass, 5 Bandoneons, 5 Violins"
Miguel Caló,Miguel Caló y su Orquesta Típica,1948-06-09,Pobre Mi Madre Querida,,Vals,Roberto Arrieta,Odeón,78rpm,16941,30023,José Betinotti,José Betinotti,,46-51 Plaza 1st Bando,Miguel Nijensohn,Juan Fasio,"Julián Plaza, Atilio Corral, Rodolfo Nerone, Eliseo Marchesse, José Appendino","Julián Ortiz, Gerardo Balinotti, Manuel Goldfeder, Nito Farace, Emilio Paiva (Cello)","Piano, Bass, 5 Bandoneons, 5 Violins"
Miguel Caló,Miguel Caló y su Orquesta Típica,1948-08-09,Echale Sal,,Tango,Instrumental,Odeón,78rpm,17029,30024,"Miguel Caló, Víctor Braña",,,46-51 Plaza 1st Bando,Miguel Nijensohn,Juan Fasio,"Julián Plaza, Atilio Corral, Rodolfo Nerone, Eliseo Marchesse, José Appendino","Julián Ortiz, Gerardo Balinotti, Manuel Goldfeder, Nito Farace, Emilio Paiva (Cello)","Piano, Bass, 5 Bandoneons, 5 Violins"
Miguel Caló,Miguel Caló y su Orquesta Típica,1948-08-09,Nostalgias,,Tango,Roberto Arrieta,Odeón,78rpm,17028,30024,Juan Cobián,Enrique Cadícamo,,46-51 Plaza 1st Bando,Miguel Nijensohn,Juan Fasio,"Julián Plaza, Atilio Corral, Rodolfo Nerone, Eliseo Marchesse, José Appendino","Julián Ortiz, Gerardo Balinotti, Manuel Goldfeder, Nito Farace, Emilio Paiva (Cello)","Piano, Bass, 5 Bandoneons, 5 Violins"
Miguel Caló,Miguel Caló y su Orquesta Típica,1948-09-23,Corazón de Papel,,Tango,Roberto Arrieta,Odeón,78rpm,17088,30025,Cátulo Castillo,Alberto Franco,,46-51 Plaza 1st Bando,Miguel Nijensohn,Juan Fasio,"Julián Plaza, Atilio Corral, Rodolfo Nerone, Eliseo Marchesse, José Appendino","Julián Ortiz, Gerardo Balinotti, Manuel Goldfeder, Nito Farace, Emilio Paiva (Cello)","Piano, Bass, 5 Bandoneons, 5 Violins"
Miguel Caló,Miguel Caló y su Orquesta Típica,1948-09-23,Nunca Más,,Tango,Roberto Arrieta,Odeón,78rpm,17085,30025,Francisco Lomuto,Oscar Lomuto,,46-51 Plaza 1st Bando,Miguel Nijensohn,Juan Fasio,"Julián Plaza, Atilio Corral, Rodolfo Nerone, Eliseo Marchesse, José Appendino","Julián Ortiz, Gerardo Balinotti, Manuel Goldfeder, Nito Farace, Emilio Paiva (Cello)","Piano, Bass, 5 Bandoneons, 5 Violins"
Miguel Caló,Miguel Caló y su Orquesta Típica,1948-12-15,Tanto,,Tango,Mario Cané,Odeón,78rpm,17166,30026,Elías Rubistein,Carlos Bahr,,46-51 Plaza 1st Bando,Miguel Nijensohn,Juan Fasio,"Julián Plaza, Atilio Corral, Rodolfo Nerone, Eliseo Marchesse, José Appendino","Julián Ortiz, Gerardo Balinotti, Manuel Goldfeder, Nito Farace, Emilio Paiva (Cello)","Piano, Bass, 5 Bandoneons, 5 Violins"
Miguel Caló,Miguel Caló y su Orquesta Típica,1948-12-15,Unión Cívica,,Tango,Instrumental,Odeón,78rpm,17167,30026,Domingo Cruz,,,46-51 Plaza 1st Bando,Miguel Nijensohn,Juan Fasio,"Julián Plaza, Atilio Corral, Rodolfo Nerone, Eliseo Marchesse, José Appendino","Julián Ortiz, Gerardo Balinotti, Manuel Goldfeder, Nito Farace, Emilio Paiva (Cello)","Piano, Bass, 5 Bandoneons, 5 Violins"
Miguel Caló,Miguel Caló y su Orquesta Típica,1949-07-20,La Casa Vacía,,Tango,Roberto Rufino,Odeón,Micro,17356,30027,Arturo Gallucci,"Julio Nelson, Reinaldo Yiso",,46-51 Plaza 1st Bando,Miguel Nijensohn,Juan Fasio,"Julián Plaza, Atilio Corral, Rodolfo Nerone, Eliseo Marchesse, José Appendino","Julián Ortiz, Gerardo Balinotti, Manuel Goldfeder, Nito Farace, Emilio Paiva (Cello)","Piano, Bass, 5 Bandoneons, 5 Violins"
Miguel Caló,Miguel Caló y su Orquesta Típica,1949-07-20,Tú,,Tango,Raúl Berón,Odeón,Micro,17357,30027,José Dames,José Contursi,,46-51 Plaza 1st Bando,Miguel Nijensohn,Juan Fasio,"Julián Plaza, Atilio Corral, Rodolfo Nerone, Eliseo Marchesse, José Appendino","Julián Ortiz, Gerardo Balinotti, Manuel Goldfeder, Nito Farace, Emilio Paiva (Cello)","Piano, Bass, 5 Bandoneons, 5 Violins"
Miguel Caló,Miguel Caló y su Orquesta Típica,1949-12-29,La Guitarrita,,Tango,Instrumental,Odeón,Micro,17548,30028,Eduardo Arolas,Gabriel Clausi,,46-51 Plaza 1st Bando,Miguel Nijensohn,Juan Fasio,"Julián Plaza, Atilio Corral, Rodolfo Nerone, Eliseo Marchesse, José Appendino","Julián Ortiz, Gerardo Balinotti, Manuel Goldfeder, Nito Farace, Emilio Paiva (Cello)","Piano, Bass, 5 Bandoneons, 5 Violins"
Miguel Caló,Miguel Caló y su Orquesta Típica,1949-12-29,Mi Flor de Noche,,Tango,Roberto Rufino,Odeón,Micro,17549,30028,Vicente Demarco,"Silvio Marinucci, Lito Bayardo",,46-51 Plaza 1st Bando,Miguel Nijensohn,Juan Fasio,"Julián Plaza, Atilio Corral, Rodolfo Nerone, Eliseo Marchesse, José Appendino","Julián Ortiz, Gerardo Balinotti, Manuel Goldfeder, Nito Farace, Emilio Paiva (Cello)","Piano, Bass, 5 Bandoneons, 5 Violins"
Miguel Caló,Miguel Caló y su Orquesta Típica,1950-03-16,Che Bandoneón,,Tango,Ricardo Blanco,Odeón,Micro,17588,30029,Aníbal Troilo,Homero Manzi,,46-51 Plaza 1st Bando,Miguel Nijensohn,Juan Fasio,"Julián Plaza, Atilio Corral, Rodolfo Nerone, Eliseo Marchesse, José Appendino","Julián Ortiz, Gerardo Balinotti, Manuel Goldfeder, Nito Farace, Emilio Paiva (Cello)","Piano, Bass, 5 Bandoneons, 5 Violins"
Miguel Caló,Miguel Caló y su Orquesta Típica,1950-03-16,Mi Moro,,Tango,Raúl Berón,Odeón,Micro,17587,30029,"Carlos Gardel, José Razzano",Cátulo Castillo,,46-51 Plaza 1st Bando,Miguel Nijensohn,Juan Fasio,"Julián Plaza, Atilio Corral, Rodolfo Nerone, Eliseo Marchesse, José Appendino","Julián Ortiz, Gerardo Balinotti, Manuel Goldfeder, Nito Farace, Emilio Paiva (Cello)","Piano, Bass, 5 Bandoneons, 5 Violins"
Miguel Caló,Miguel Caló y su Orquesta Típica,1950-06-06,Charamusca,,Tango,Instrumental,Odeón,Micro,17669,55019,Francisco Canaro,,,46-51 Plaza 1st Bando,Miguel Nijensohn,Juan Fasio,"Julián Plaza, Atilio Corral, Rodolfo Nerone, Eliseo Marchesse, José Appendino","Julián Ortiz, Gerardo Balinotti, Manuel Goldfeder, Nito Farace, Emilio Paiva (Cello)","Piano, Bass, 5 Bandoneons, 5 Violins"
Miguel Caló,Miguel Caló y su Orquesta Típica,1950-06-06,El Divorcio,,Milonga,Raúl Berón,Odeón,Micro,17670,55019,Luis Addesso,Raúl Hormazza,,46-51 Plaza 1st Bando,Miguel Nijensohn,Juan Fasio,"Julián Plaza, Atilio Corral, Rodolfo Nerone, Eliseo Marchesse, José Appendino","Julián Ortiz, Gerardo Balinotti, Manuel Goldfeder, Nito Farace, Emilio Paiva (Cello)","Piano, Bass, 5 Bandoneons, 5 Violins"
Miguel Caló,Miguel Caló y su Orquesta Típica,1950-09-08,El Pillete,,Tango,Instrumental,Odeón,Micro,17788,55160,Graciano De Leone,,,46-51 Plaza 1st Bando,Miguel Nijensohn,Juan Fasio,"Julián Plaza, Atilio Corral, Rodolfo Nerone, Eliseo Marchesse, José Appendino","Julián Ortiz, Gerardo Balinotti, Manuel Goldfeder, Nito Farace, Emilio Paiva (Cello)","Piano, Bass, 5 Bandoneons, 5 Violins"
Miguel Caló,Miguel Caló y su Orquesta Típica,1950-09-08,Los Mareados,,Tango,Ricardo Blanco,Odeón,Micro,17789,55160,Juan Cobián,Enrique Cadícamo,,46-51 Plaza 1st Bando,Miguel Nijensohn,Juan Fasio,"Julián Plaza, Atilio Corral, Rodolfo Nerone, Eliseo Marchesse, José Appendino","Julián Ortiz, Gerardo Balinotti, Manuel Goldfeder, Nito Farace, Emilio Paiva (Cello)","Piano, Bass, 5 Bandoneons, 5 Violins"
Miguel Caló,Miguel Caló y su Orquesta Típica,1950-10-27,Disco Rayado,,Tango,Instrumental,Odeón,Micro,17853,55172,"Miguel Caló, Miguel Nijensohn",,,46-51 Plaza 1st Bando,Miguel Nijensohn,Juan Fasio,"Julián Plaza, Atilio Corral, Rodolfo Nerone, Eliseo Marchesse, José Appendino","Julián Ortiz, Gerardo Balinotti, Manuel Goldfeder, Nito Farace, Emilio Paiva (Cello)","Piano, Bass, 5 Bandoneons, 5 Violins"
Miguel Caló,Miguel Caló y su Orquesta Típica,1950-10-27,Precio,,Tango,Juan Carlos Fabri,Odeón,Micro,17852,55172,Manuel Sucher,Carlos Bahr,,46-51 Plaza 1st Bando,Miguel Nijensohn,Juan Fasio,"Julián Plaza, Atilio Corral, Rodolfo Nerone, Eliseo Marchesse, José Appendino","Julián Ortiz, Gerardo Balinotti, Manuel Goldfeder, Nito Farace, Emilio Paiva (Cello)","Piano, Bass, 5 Bandoneons, 5 Violins"
Miguel Caló,Miguel Caló y su Orquesta Típica,1950-12-18,La Trampera,,Milonga,Instrumental,Odeón,Micro,17948,55212,Aníbal Troilo,,,46-51 Plaza 1st Bando,Miguel Nijensohn,Juan Fasio,"Julián Plaza, Atilio Corral, Rodolfo Nerone, Eliseo Marchesse, José Appendino","Julián Ortiz, Gerardo Balinotti, Manuel Goldfeder, Nito Farace, Emilio Paiva (Cello)","Piano, Bass, 5 Bandoneons, 5 Violins"
Miguel Caló,Miguel Caló y su Orquesta Típica,1950-12-18,Murmullos,,Tango,Ricardo Blanco,Odeón,Micro,17949,55212,Froilán Aguilar,Juan Patrón,,46-51 Plaza 1st Bando,Miguel Nijensohn,Juan Fasio,"Julián Plaza, Atilio Corral, Rodolfo Nerone, Eliseo Marchesse, José Appendino","Julián Ortiz, Gerardo Balinotti, Manuel Goldfeder, Nito Farace, Emilio Paiva (Cello)","Piano, Bass, 5 Bandoneons, 5 Violins"
Miguel Caló,Miguel Caló y su Orquesta Típica,1951-05-23,Pasional,,Tango,Juan Carlos Fabri,Odeón,Micro,18027,55245,Jorge Caldara,Mario Soto,,46-51 Plaza 1st Bando,Miguel Nijensohn,Juan Fasio,"Julián Plaza, Atilio Corral, Rodolfo Nerone, Eliseo Marchesse, Víctor Lavallén","Julián Ortiz, Gerardo Balinotti, Manuel Goldfeder, Nito Farace, Emilio Paiva (Cello)","Piano, Bass, 5 Bandoneons, 5 Violins"
Miguel Caló,Miguel Caló y su Orquesta Típica,1951-05-23,Portero Suba y Diga,,Tango,Carlos Barbé,Odeón,Micro,18026,55245,Eduardo De Labar,Luis Amadori,,46-51 Plaza 1st Bando,Miguel Nijensohn,Juan Fasio,"Julián Plaza, Atilio Corral, Rodolfo Nerone, Eliseo Marchesse, Víctor Lavallén","Julián Ortiz, Gerardo Balinotti, Manuel Goldfeder, Nito Farace, Emilio Paiva (Cello)","Piano, Bass, 5 Bandoneons, 5 Violins"
Miguel Caló,Miguel Caló y su Orquesta Típica,1951-07-31,Primero Yo,,Tango,Carlos Barbé,Odeón,Micro,18135,55305,Rafael Rossi,José Rial,,46-51 Plaza 1st Bando,Miguel Nijensohn,Juan Fasio,"Julián Plaza, Atilio Corral, Rodolfo Nerone, Eliseo Marchesse, Víctor Lavallén","Julián Ortiz, Gerardo Balinotti, Manuel Goldfeder, Nito Farace, Emilio Paiva (Cello)","Piano, Bass, 5 Bandoneons, 5 Violins"
Miguel Caló,Miguel Caló y su Orquesta Típica,1951-07-31,Una Fija,Glorias de Ayer,Tango,Instrumental,Odeón,Micro,18134,55305,Ángel Villoldo,"Antonio Polito, Carlos Pesce",,46-51 Plaza 1st Bando,Miguel Nijensohn,Juan Fasio,"Julián Plaza, Atilio Corral, Rodolfo Nerone, Eliseo Marchesse, Víctor Lavallén","Julián Ortiz, Gerardo Balinotti, Manuel Goldfeder, Nito Farace, Emilio Paiva (Cello)","Piano, Bass, 5 Bandoneons, 5 Violins"
Miguel Caló,Miguel Caló y su Orquesta Típica,1951-11-27,Caminito,,Tango,Juan Carlos Fabri,Odeón,Micro,18279,55340,Juan Filiberto,Gabino Peñaloza,,46-51 Plaza 1st Bando,Miguel Nijensohn,Juan Fasio,"Julián Plaza, Atilio Corral, Rodolfo Nerone, Eliseo Marchesse, Víctor Lavallén","Julián Ortiz, Gerardo Balinotti, Manuel Goldfeder, Nito Farace, Emilio Paiva (Cello)","Piano, Bass, 5 Bandoneons, 5 Violins"
Miguel Caló,Miguel Caló y su Orquesta Típica,1951-11-27,El Chamuyo,,Tango,Instrumental,Odeón,Micro,18282,55340,Francisco Canaro,,,46-51 Plaza 1st Bando,Miguel Nijensohn,Juan Fasio,"Julián Plaza, Atilio Corral, Rodolfo Nerone, Eliseo Marchesse, Víctor Lavallén","Julián Ortiz, Gerardo Balinotti, Manuel Goldfeder, Nito Farace, Emilio Paiva (Cello)","Piano, Bass, 5 Bandoneons, 5 Violins"
Miguel Caló,Miguel Caló y su Orquesta Típica,1951-11-27,La Última Cita,,Tango,Instrumental,Odeón,Micro,18281,55448,Agustín Bardi,Francisco Jiménez,,46-51 Plaza 1st Bando,Miguel Nijensohn,Juan Fasio,"Julián Plaza, Atilio Corral, Rodolfo Nerone, Eliseo Marchesse, Víctor Lavallén","Julián Ortiz, Gerardo Balinotti, Manuel Goldfeder, Nito Farace, Emilio Paiva (Cello)","Piano, Bass, 5 Bandoneons, 5 Violins"
Miguel Caló,Miguel Caló y su Orquesta Típica,1951-11-27,No Son Siete Son Catorce,No Son 7 Son 14,Milonga,Carlos Barbé,Odeón,Micro,18280,55448,Armando Baliotti,Luis Díaz,,46-51 Plaza 1st Bando,Miguel Nijensohn,Juan Fasio,"Julián Plaza, Atilio Corral, Rodolfo Nerone, Eliseo Marchesse, Víctor Lavallén","Julián Ortiz, Gerardo Balinotti, Manuel Goldfeder, Nito Farace, Emilio Paiva (Cello)","Piano, Bass, 5 Bandoneons, 5 Violins"
Miguel Caló,Miguel Caló y su Orquesta Típica,1952-10-03,Cuando Me Entrés a Fallar,,Tango,Carlos Barbé,Odeón,Tape,18625,55479,José Aguilar,Celedonio Flores,,52-56 Tape,Miguel Nijensohn,Juan Fasio,"Julián Plaza, Atilio Corral, Rodolfo Nerone, Eliseo Marchesse, Víctor Lavallén","Julián Ortiz, Gerardo Balinotti, Manuel Goldfeder, Nito Farace, Emilio Paiva (Cello)","Piano, Bass, 5 Bandoneons, 5 Violins"
Miguel Caló,Miguel Caló y su Orquesta Típica,1952-10-03,Manos Adoradas,,Vals,Juan Carlos Fabri,Odeón,Tape,18626,55479,Roberto Rufino,Horacio Sanguinetti,,52-56 Tape,Miguel Nijensohn,Juan Fasio,"Julián Plaza, Atilio Corral, Rodolfo Nerone, Eliseo Marchesse, Víctor Lavallén","Julián Ortiz, Gerardo Balinotti, Manuel Goldfeder, Nito Farace, Emilio Paiva (Cello)","Piano, Bass, 5 Bandoneons, 5 Violins"
Miguel Caló,Miguel Caló y su Orquesta Típica,1953-01-26,Déjame Hablar,,Tango,Carlos Barbé,Odeón,Tape,18796,55599,Arturo Gallucci,Abel Aznar,,52-56 Tape,Miguel Nijensohn,Juan Fasio,"Julián Plaza, Atilio Corral, Rodolfo Nerone, Eliseo Marchesse, Víctor Lavallén","Julián Ortiz, Gerardo Balinotti, Manuel Goldfeder, Nito Farace, Emilio Paiva (Cello)","Piano, Bass, 5 Bandoneons, 5 Violins"
Miguel Caló,Miguel Caló y su Orquesta Típica,1953-01-26,Soy Feo Pero Vistoso,,Milonga,Carlos Barbé,Odeón,Tape,18795,55599,Miguel Caló,Juan Correia,,52-56 Tape,Miguel Nijensohn,Juan Fasio,"Julián Plaza, Atilio Corral, Rodolfo Nerone, Eliseo Marchesse, Víctor Lavallén","Julián Ortiz, Gerardo Balinotti, Manuel Goldfeder, Nito Farace, Emilio Paiva (Cello)","Piano, Bass, 5 Bandoneons, 5 Violins"
Miguel Caló,Miguel Caló y su Orquesta Típica,1953-04-08,Por una Cabeza,,Tango,Carlos Barbé,Odeón,Tape,18857,55637,Carlos Gardel,Alfredo Le Pera,,52-56 Tape,Miguel Nijensohn,Juan Fasio,"Julián Plaza, Atilio Corral, Rodolfo Nerone, Eliseo Marchesse, Víctor Lavallén","Julián Ortiz, Gerardo Balinotti, Manuel Goldfeder, Nito Farace, Emilio Paiva (Cello)","Piano, Bass, 5 Bandoneons, 5 Violins"
Miguel Caló,Miguel Caló y su Orquesta Típica,1953-04-08,Vengo a Verla,,Tango,Carlos Barbé,Odeón,Tape,18856,55637,Miguel Nijensohn,Roberto Miró,,52-56 Tape,Miguel Nijensohn,Juan Fasio,"Julián Plaza, Atilio Corral, Rodolfo Nerone, Eliseo Marchesse, Víctor Lavallén","Julián Ortiz, Gerardo Balinotti, Manuel Goldfeder, Nito Farace, Emilio Paiva (Cello)","Piano, Bass, 5 Bandoneons, 5 Violins"
Miguel Caló,Miguel Caló y su Orquesta Típica,1953-09-07,El Abandono,,Vals,Trío P-R-C,Odeón,Tape,19108,55787,Miguel Caló,Reinaldo Ghiso,,52-56 Tape,Miguel Nijensohn,Juan Fasio,"Julián Plaza, Atilio Corral, Rodolfo Nerone, Eliseo Marchesse, Víctor Lavallén","Julián Ortiz, Gerardo Balinotti, Manuel Goldfeder, Nito Farace, Emilio Paiva (Cello)","Piano, Bass, 5 Bandoneons, 5 Violins"
Miguel Caló,Miguel Caló y su Orquesta Típica,1953-09-07,Tomá Estas Tres Monedas,,Tango,Miguel Martino,Odeón,Tape,19109,55787,"Juan D'Arienzo, Fulvio Salamanca, Carlos Bahr","Juan D'Arienzo, Fulvio Salamanca, Carlos Bahr",,52-56 Tape,Miguel Nijensohn,Juan Fasio,"Julián Plaza, Atilio Corral, Rodolfo Nerone, Eliseo Marchesse, Víctor Lavallén","Julián Ortiz, Gerardo Balinotti, Manuel Goldfeder, Nito Farace, Emilio Paiva (Cello)","Piano, Bass, 5 Bandoneons, 5 Violins"
Miguel Caló,Miguel Caló y su Orquesta Típica,1954-03-05,En Fa Menor,,Tango,Instrumental,Odeón,Tape,19391,55896,"Roberto Caló, Osvaldo Tarantino",,,52-56 Tape,Miguel Nijensohn,Enrique Marchetto,"Julián Plaza, Atilio Corral, Rodolfo Nerone, Eliseo Marchesse, Víctor Lavallén","Miguel Auteri, José Votti, Julio Graña, Pedro Sapochnik, Emilio Paiva (Cello)","Piano, Bass, 5 Bandoneons, 5 Violins"
Miguel Caló,Miguel Caló y su Orquesta Típica,1954-03-05,Oración Rante,,Tango,Alberto Podestá,Odeón,Tape,19390,55896,Roberto Chanel,Aldo Queirolo,,52-56 Tape,Miguel Nijensohn,Enrique Marchetto,"Julián Plaza, Atilio Corral, Rodolfo Nerone, Eliseo Marchesse, Víctor Lavallén","Miguel Auteri, José Votti, Julio Graña, Pedro Sapochnik, Emilio Paiva (Cello)","Piano, Bass, 5 Bandoneons, 5 Violins"
Miguel Caló,Miguel Caló y su Orquesta Típica,1954-05-05,El Bazar de los Juguetes,,Tango,Alberto Podestá,Odeón,Tape,19474,55937,"Alberto Podestá, Roberto Rufino",Reinaldo Yiso,,52-56 Tape,Miguel Nijensohn,Enrique Marchetto,"Julián Plaza, Atilio Corral, Rodolfo Nerone, Eliseo Marchesse, Víctor Lavallén","Miguel Auteri, José Votti, Julio Graña, Pedro Sapochnik, Emilio Paiva (Cello)","Piano, Bass, 5 Bandoneons, 5 Violins"
Miguel Caló,Miguel Caló y su Orquesta Típica,1954-05-05,Un Infierno,,Tango,Alberto Podestá,Odeón,Tape,19473,55937,Francisco Rotundo,Reinaldo Yiso,,52-56 Tape,Miguel Nijensohn,Enrique Marchetto,"Julián Plaza, Atilio Corral, Rodolfo Nerone, Eliseo Marchesse, Víctor Lavallén","Miguel Auteri, José Votti, Julio Graña, Pedro Sapochnik, Emilio Paiva (Cello)","Piano, Bass, 5 Bandoneons, 5 Violins"
Miguel Caló,Miguel Caló y su Orquesta Típica,1954-06-15,Cómo Le Digo a la Vieja,,Tango,Alberto Podestá,Odeón,Tape,19525,55965,Miguel Caló,Reinaldo Yiso,,52-56 Tape,Miguel Nijensohn,Enrique Marchetto,"Julián Plaza, Atilio Corral, Rodolfo Nerone, Eliseo Marchesse, Víctor Lavallén","Miguel Auteri, José Votti, Julio Graña, Pedro Sapochnik, Emilio Paiva (Cello)","Piano, Bass, 5 Bandoneons, 5 Violins"
Miguel Caló,Miguel Caló y su Orquesta Típica,1954-06-15,La Cantina,,Tango,Alberto Podestá,Odeón,Tape,19524,55963,Aníbal Troilo,Cátulo Castillo,,52-56 Tape,Miguel Nijensohn,Enrique Marchetto,"Julián Plaza, Atilio Corral, Rodolfo Nerone, Eliseo Marchesse, Víctor Lavallén","Miguel Auteri, José Votti, Julio Graña, Pedro Sapochnik, Emilio Paiva (Cello)","Piano, Bass, 5 Bandoneons, 5 Violins"
Miguel Caló,Miguel Caló y su Orquesta Típica,1954-06-23,Boca Juniors,Himno a Boca Juniors,Tango,Roberto Arrieta,Odeón,Tape,19536,55965,Ítalo Goyeche,Jesús Blanco,,52-56 Tape,Miguel Nijensohn,Enrique Marchetto,"Julián Plaza, Atilio Corral, Rodolfo Nerone, Eliseo Marchesse, Víctor Lavallén","Miguel Auteri, José Votti, Julio Graña, Pedro Sapochnik, Emilio Paiva (Cello)","Piano, Bass, 5 Bandoneons, 5 Violins"
Miguel Caló,Miguel Caló y su Orquesta Típica,1954-06-23,Noche de Locura,,Tango,Alberto Podestá,Odeón,Tape,19537,55963,Manuel Sucher,Carlos Bahr,,52-56 Tape,Miguel Nijensohn,Enrique Marchetto,"Julián Plaza, Atilio Corral, Rodolfo Nerone, Eliseo Marchesse, Víctor Lavallén","Miguel Auteri, José Votti, Julio Graña, Pedro Sapochnik, Emilio Paiva (Cello)","Piano, Bass, 5 Bandoneons, 5 Violins"
Miguel Caló,Miguel Caló y su Orquesta Típica,1954-10-13,Los Cosos de Al Lao,,Tango,Carlos Almagro,Odeón,Tape,19766,51628,"José Canet, Marcos Larrosa","José Canet, Marcos Larrosa",,52-56 Tape,Miguel Nijensohn,Enrique Marchetto,"Julián Plaza, Atilio Corral, Rodolfo Nerone, Eliseo Marchesse, Víctor Lavallén","Miguel Auteri, José Votti, Julio Graña, Pedro Sapochnik, Emilio Paiva (Cello)","Piano, Bass, 5 Bandoneons, 5 Violins"
Miguel Caló,Miguel Caló y su Orquesta Típica,1954-10-13,Sueña,,Vals,Alberto Podestá,Odeón,Tape,19765,51628,Emile Noblot,Max François,,52-56 Tape,Miguel Nijensohn,Enrique Marchetto,"Julián Plaza, Atilio Corral, Rodolfo Nerone, Eliseo Marchesse, Víctor Lavallén","Miguel Auteri, José Votti, Julio Graña, Pedro Sapochnik, Emilio Paiva (Cello)","Piano, Bass, 5 Bandoneons, 5 Violins"
Miguel Caló,Miguel Caló y su Orquesta Típica,1955-05-04,La Barquilla,,Vals,Almagro y Trío Lh,Odeón,Tape,20139,51730,Miguel Nijensohn,Carmen Siriann,,52-56 Tape,Miguel Nijensohn,Enrique Marchetto,"Julián Plaza, Atilio Corral, Rodolfo Nerone, Eliseo Marchesse","Miguel Auteri, José Votti, Julio Graña, Pedro Sapochnik","Piano, Bass, 4 Bandoneons, 4 Violins"
Miguel Caló,Miguel Caló y su Orquesta Típica,1955-05-04,Por Unos Ojos Negros,,Tango,Carlos Almagro,Odeón,Tape,20138,51730,José Dames,Horacio Sanguinetti,,52-56 Tape,Miguel Nijensohn,Enrique Marchetto,"Julián Plaza, Atilio Corral, Rodolfo Nerone, Eliseo Marchesse","Miguel Auteri, José Votti, Julio Graña, Pedro Sapochnik","Piano, Bass, 4 Bandoneons, 4 Violins"
Miguel Caló,Miguel Caló y su Orquesta Típica,1955-06-07,Bien Jaileife,,Tango,Carlos Almagro,Odeón,Tape,20220,51752,Vicente Demarco,"Silvio Marinucci, Oscar Lucchesi",,52-56 Tape,Miguel Nijensohn,Enrique Marchetto,"Julián Plaza, Atilio Corral, Rodolfo Nerone, Eliseo Marchesse","Miguel Auteri, José Votti, Julio Graña, Pedro Sapochnik","Piano, Bass, 4 Bandoneons, 4 Violins"
Miguel Caló,Miguel Caló y su Orquesta Típica,1955-06-07,Sensiblero,,Tango,Instrumental,Odeón,Tape,20221,51752,Julián Plaza,,,52-56 Tape,Miguel Nijensohn,Enrique Marchetto,"Julián Plaza, Atilio Corral, Rodolfo Nerone, Eliseo Marchesse","Miguel Auteri, José Votti, Julio Graña, Pedro Sapochnik","Piano, Bass, 4 Bandoneons, 4 Violins"
Miguel Caló,Miguel Caló y su Orquesta Típica,1956-04-06,Desorientado,,Tango,Carlos Roldán,Odeón,Tape,20891,51921,"Miguel Caló, Elizardo Vila, Oscar Rubistein","Miguel Caló, Marvil Vila, Oscar Rubistein",,52-56 Tape,Miguel Nijensohn,Alfredo Sciarreta,"Osvaldo Rizzo, Atilio Corral, Rodolfo Nerone, Eliseo Marchesse","Simón Bajour, Pedro Sapochnik, Julián Ortiz, Carlos Garnero","Piano, Bass, 4 Bandoneons, 4 Violins"
Miguel Caló,Miguel Caló y su Orquesta Típica,1956-04-06,Madre,,Tango,Chola Luna,Odeón,Tape,20892,51921,Francisco Pracánico,Verminio Servetto,,52-56 Tape,Miguel Nijensohn,Alfredo Sciarreta,"Osvaldo Rizzo, Atilio Corral, Rodolfo Nerone, Eliseo Marchesse","Simón Bajour, Pedro Sapochnik, Julián Ortiz, Carlos Garnero","Piano, Bass, 4 Bandoneons, 4 Violins"
Miguel Caló,Miguel Caló y su Orquesta Típica,1956-07-23,Gloria,,Tango,Chola Luna,Odeón,Tape,21157,51979,Humberto Canaro,Armando Tagini,,52-56 Tape,Miguel Nijensohn,Alfredo Sciarreta,"Osvaldo Rizzo, Atilio Corral, Rodolfo Nerone, Eliseo Marchesse","Simón Bajour, Pedro Sapochnik, Julián Ortiz, Carlos Garnero","Piano, Bass, 4 Bandoneons, 4 Violins"
Miguel Caló,Miguel Caló y su Orquesta Típica,1956-07-23,Lo Que Vos Te Merecés,,Tango,Alfredo Dalton,Odeón,Tape,21156,51979,Carlos Olmedo,Abel Aznar,,52-56 Tape,Miguel Nijensohn,Alfredo Sciarreta,"Osvaldo Rizzo, Atilio Corral, Rodolfo Nerone, Eliseo Marchesse","Simón Bajour, Pedro Sapochnik, Julián Ortiz, Carlos Garnero","Piano, Bass, 4 Bandoneons, 4 Violins"
Miguel Caló,Miguel Caló y su Orquesta Típica,1956-10-19,Café Para Dos,,Tango,Alfredo Dalton,Odeón,Tape,21440,52056,Francisco Canaro,Francisco Canaro,,52-56 Tape,Miguel Nijensohn,Alfredo Sciarreta,"Osvaldo Rizzo, Atilio Corral, Rodolfo Nerone, Eliseo Marchesse","Simón Bajour, Pedro Sapochnik, Julián Ortiz, Carlos Garnero","Piano, Bass, 4 Bandoneons, 4 Violins"
Miguel Caló,Miguel Caló y su Orquesta Típica,1956-10-19,Mi Promesa,,Tango,Alfredo Dalton,Odeón,Tape,21441,52056,Alfredo Ángelis,José Rótulo,,52-56 Tape,Miguel Nijensohn,Alfredo Sciarreta,"Osvaldo Rizzo, Atilio Corral, Rodolfo Nerone, Eliseo Marchesse","Simón Bajour, Pedro Sapochnik, Julián Ortiz, Carlos Garnero","Piano, Bass, 4 Bandoneons, 4 Violins"
Miguel Caló,Miguel Caló y su Orquesta Típica,1956-12-21,La Perinola,,Vals,Dalton y Mancini,Odeón,Tape,21721,52094,Ángel Condercuri,"Riobal Castillo, Marvil Vilas",,52-56 Tape,Miguel Nijensohn,Alfredo Sciarreta,"Osvaldo Rizzo, Atilio Corral, Rodolfo Nerone, Eliseo Marchesse","Simón Bajour, Pedro Sapochnik, Julián Ortiz, Carlos Garnero","Piano, Bass, 4 Bandoneons, 4 Violins"
Miguel Caló,Miguel Caló y su Orquesta Típica,1956-12-21,Quedémonos Aquí,,Tango,Roberto Mancini,Odeón,Tape,21720,52094,Héctor Stamponi,Homero Expósito,,52-56 Tape,Miguel Nijensohn,Alfredo Sciarreta,"Osvaldo Rizzo, Atilio Corral, Rodolfo Nerone, Eliseo Marchesse","Simón Bajour, Pedro Sapochnik, Julián Ortiz, Carlos Garnero","Piano, Bass, 4 Bandoneons, 4 Violins"
Miguel Caló,Miguel Caló y su Orquesta Típica,1957-06-18,Cuánta Angustia,,Tango,Roberto Arrieta,Odeón,Tape,22214,52188,Julián Plaza,Manuel Barros,,57-63 Trípodi,Orlando Trípodi,Alfredo Sciarreta,"Osvaldo Rizzo, Atilio Corral, Rodolfo Nerone, Eliseo Marchesse","Simón Bajour, Pedro Sapochnik, Julián Ortiz, Carlos Garnero","Piano, Bass, 4 Bandoneons, 4 Violins"
Miguel Caló,Miguel Caló y su Orquesta Típica,1957-06-18,Mientras Viva,,Tango,Raúl Garcés,Odeón,Tape,22213,52188,Lucio Demare,Eugenio Majúl,,57-63 Trípodi,Orlando Trípodi,Alfredo Sciarreta,"Osvaldo Rizzo, Atilio Corral, Rodolfo Nerone, Eliseo Marchesse","Simón Bajour, Pedro Sapochnik, Julián Ortiz, Carlos Garnero","Piano, Bass, 4 Bandoneons, 4 Violins"
Miguel Caló,Miguel Caló y su Orquesta Típica,1957-07-11,Milonga Milonguera,,Milonga,Instrumental,Odeón,Tape,11171,52201,"Miguel Caló, Orlando Trípodi",,,57-63 Trípodi,Orlando Trípodi,Alfredo Sciarreta,"Osvaldo Rizzo, Atilio Corral, Rodolfo Nerone, Eliseo Marchesse","Simón Bajour, Pedro Sapochnik, Julián Ortiz, Carlos Garnero","Piano, Bass, 4 Bandoneons, 4 Violins"
Miguel Caló,Miguel Caló y su Orquesta Típica,1957-07-11,Por Qué Seguir,,Tango,Roberto Mancini,Odeón,Tape,22270,52201,Elías Randal,"Alberto Palazón, Oscar Rubens",,57-63 Trípodi,Orlando Trípodi,Alfredo Sciarreta,"Osvaldo Rizzo, Atilio Corral, Rodolfo Nerone, Eliseo Marchesse","Simón Bajour, Pedro Sapochnik, Julián Ortiz, Carlos Garnero","Piano, Bass, 4 Bandoneons, 4 Violins"
Miguel Caló,Miguel Caló y su Orquesta Típica,1958-04-15,Encadenados,,Tango,Raúl Ledesma,Odeón,Tape,17788,52340,Carlos Briz,Carlos Briz,,57-63 Trípodi,Orlando Trípodi,Alfredo Sciarreta,"Osvaldo Rizzo, Atilio Corral, Rodolfo Nerone, Eliseo Marchesse","Fernando Suárez Paz, Pedro Sapochnik, Julián Ortiz, Carlos Garnero","Piano, Bass, 4 Bandoneons, 4 Violins"
Miguel Caló,Miguel Caló y su Orquesta Típica,1958-04-15,Por Quererla Así,,Tango,Hugo San Luis,Odeón,Tape,22990,52340,Carlos Olmedo,Marcelino Hernández,,57-63 Trípodi,Orlando Trípodi,Alfredo Sciarreta,"Osvaldo Rizzo, Atilio Corral, Rodolfo Nerone, Eliseo Marchesse","Fernando Suárez Paz, Pedro Sapochnik, Julián Ortiz, Carlos Garnero","Piano, Bass, 4 Bandoneons, 4 Violins"
Miguel Caló,Miguel Caló y su Orquesta Típica,1958-07-11,Frenético,,Tango,Raúl Ledesma,Odeón,Tape,23191,52383,Fernando Tell,Guillermo Parfait,,57-63 Trípodi,Orlando Trípodi,Alfredo Sciarreta,"Osvaldo Rizzo, Atilio Corral, Rodolfo Nerone, Eliseo Marchesse","Fernando Suárez Paz, Pedro Sapochnik, Julián Ortiz, Carlos Garnero","Piano, Bass, 4 Bandoneons, 4 Violins"
Miguel Caló,Miguel Caló y su Orquesta Típica,1958-07-11,Un Tango Para la Historia,,Tango,Raúl Ledesma,Odeón,Tape,23190,52383,Cristóbal Herreros,Cristóbal Herreros,,57-63 Trípodi,Orlando Trípodi,Alfredo Sciarreta,"Osvaldo Rizzo, Atilio Corral, Rodolfo Nerone, Eliseo Marchesse","Fernando Suárez Paz, Pedro Sapochnik, Julián Ortiz, Carlos Garnero","Piano, Bass, 4 Bandoneons, 4 Violins"
Miguel Caló,Miguel Caló y su Orquesta Típica,1958-09-17,Cuando Rondan los Recuerdos,,Tango,Raúl Ledesma,Odeón,Tape,23476,52411,"Tito Ferrari, Norberto Guerra",Alberto Coria,,57-63 Trípodi,Orlando Trípodi,Alfredo Sciarreta,"Osvaldo Rizzo, Atilio Corral, Rodolfo Nerone, Eliseo Marchesse","Fernando Suárez Paz, Pedro Sapochnik, Julián Ortiz, Carlos Garnero","Piano, Bass, 4 Bandoneons, 4 Violins"
Miguel Caló,Miguel Caló y su Orquesta Típica,1958-09-17,Madre de los Cabellos de Plata,,Tango,Raúl Ledesma,Odeón,Tape,23477,52411,Juan Pedrero,Alejo Montoro,,57-63 Trípodi,Orlando Trípodi,Alfredo Sciarreta,"Osvaldo Rizzo, Atilio Corral, Rodolfo Nerone, Eliseo Marchesse","Fernando Suárez Paz, Pedro Sapochnik, Julián Ortiz, Carlos Garnero","Piano, Bass, 4 Bandoneons, 4 Violins"
Miguel Caló,Miguel Caló y su Orquesta Típica,1959,A Voz Do Morro,,Tango,Instrumental,Odeón BR,Tape,12147,LDM-8143,Miguel Caló,Carlos Mastronardi,,59 Brazil Tour,Osvaldo Tarantino,Alfredo Sciarreta,"Alberto Garralda, Atilio Corral, Rodolfo Nerone, Eliseo Marchesse","Fernando Suárez Paz, Pedro Sapochnik, Julián Ortiz, Carlos Garnero","Piano, Bass, 4 Bandoneons, 4 Violins"
Miguel Caló,Miguel Caló y su Orquesta Típica,1959,Aquarela Do Brasil,,Tango,Instrumental,Odeón BR,Tape,12145,LDM-8143,Ary Barroso,,,59 Brazil Tour,Osvaldo Tarantino,Alfredo Sciarreta,"Alberto Garralda, Atilio Corral, Rodolfo Nerone, Eliseo Marchesse","Fernando Suárez Paz, Pedro Sapochnik, Julián Ortiz, Carlos Garnero","Piano, Bass, 4 Bandoneons, 4 Violins"
Miguel Caló,Miguel Caló y su Orquesta Típica,1959,Chove Lá Fora,Llueve Afuera,Tango,Instrumental,Odeón BR,Tape,12152,LDM-8143,Tito Madi,,,59 Brazil Tour,Osvaldo Tarantino,Alfredo Sciarreta,"Alberto Garralda, Atilio Corral, Rodolfo Nerone, Eliseo Marchesse","Fernando Suárez Paz, Pedro Sapochnik, Julián Ortiz, Carlos Garnero","Piano, Bass, 4 Bandoneons, 4 Violins"
Miguel Caló,Miguel Caló y su Orquesta Típica,1959,Conceição,,Tango,Instrumental,Odeón BR,Tape,12148,LDM-8143,Jair Amorim,,,59 Brazil Tour,Osvaldo Tarantino,Alfredo Sciarreta,"Alberto Garralda, Atilio Corral, Rodolfo Nerone, Eliseo Marchesse","Fernando Suárez Paz, Pedro Sapochnik, Julián Ortiz, Carlos Garnero","Piano, Bass, 4 Bandoneons, 4 Violins"
Miguel Caló,Miguel Caló y su Orquesta Típica,1959,Feitiço Da Vila,,Tango,Instrumental,Odeón BR,Tape,12151,LDM-8143,"Vadico, Noel Rosa",,,59 Brazil Tour,Osvaldo Tarantino,Alfredo Sciarreta,"Alberto Garralda, Atilio Corral, Rodolfo Nerone, Eliseo Marchesse","Fernando Suárez Paz, Pedro Sapochnik, Julián Ortiz, Carlos Garnero","Piano, Bass, 4 Bandoneons, 4 Violins"
Miguel Caló,Miguel Caló y su Orquesta Típica,1959,Hoja Muerta,,Tango,Instrumental,Odeón BR,Tape,12142,LDM-8143,Ary Barroso,,,59 Brazil Tour,Osvaldo Tarantino,Alfredo Sciarreta,"Alberto Garralda, Atilio Corral, Rodolfo Nerone, Eliseo Marchesse","Fernando Suárez Paz, Pedro Sapochnik, Julián Ortiz, Carlos Garnero","Piano, Bass, 4 Bandoneons, 4 Violins"
Miguel Caló,Miguel Caló y su Orquesta Típica,1959,Laura,,Tango,Instrumental,Odeón BR,Tape,12153,LDM-8143,Alcyr Vermelho,,,59 Brazil Tour,Osvaldo Tarantino,Alfredo Sciarreta,"Alberto Garralda, Atilio Corral, Rodolfo Nerone, Eliseo Marchesse","Fernando Suárez Paz, Pedro Sapochnik, Julián Ortiz, Carlos Garnero","Piano, Bass, 4 Bandoneons, 4 Violins"
Miguel Caló,Miguel Caló y su Orquesta Típica,1959,Marina,,Tango,Instrumental,Odeón BR,Tape,12149,LDM-8143,Juan Buscaglia,José Fernández,,59 Brazil Tour,Osvaldo Tarantino,Alfredo Sciarreta,"Alberto Garralda, Atilio Corral, Rodolfo Nerone, Eliseo Marchesse","Fernando Suárez Paz, Pedro Sapochnik, Julián Ortiz, Carlos Garnero","Piano, Bass, 4 Bandoneons, 4 Violins"
Miguel Caló,Miguel Caló y su Orquesta Típica,1959,Recuerdo de Bahía,,Tango,Instrumental,Odeón BR,Tape,12150,LDM-8143,Dorival Caymmi,,,59 Brazil Tour,Osvaldo Tarantino,Alfredo Sciarreta,"Alberto Garralda, Atilio Corral, Rodolfo Nerone, Eliseo Marchesse","Fernando Suárez Paz, Pedro Sapochnik, Julián Ortiz, Carlos Garnero","Piano, Bass, 4 Bandoneons, 4 Violins"
Miguel Caló,Miguel Caló y su Orquesta Típica,1959,Risque,Olvídame,Tango,Instrumental,Odeón BR,Tape,12143,LDM-8143,Horacio Sanguinetti,,,59 Brazil Tour,Osvaldo Tarantino,Alfredo Sciarreta,"Alberto Garralda, Atilio Corral, Rodolfo Nerone, Eliseo Marchesse","Fernando Suárez Paz, Pedro Sapochnik, Julián Ortiz, Carlos Garnero","Piano, Bass, 4 Bandoneons, 4 Violins"
Miguel Caló,Miguel Caló y su Orquesta Típica,1959,Serenata,,Tango,Instrumental,Odeón BR,Tape,12144,LDM-8143,Luis Amadori,,,59 Brazil Tour,Osvaldo Tarantino,Alfredo Sciarreta,"Alberto Garralda, Atilio Corral, Rodolfo Nerone, Eliseo Marchesse","Fernando Suárez Paz, Pedro Sapochnik, Julián Ortiz, Carlos Garnero","Piano, Bass, 4 Bandoneons, 4 Violins"
Miguel Caló,Miguel Caló y su Orquesta Típica,1959,Yo Sé,,Tango,Instrumental,Odeón BR,Tape,12146,LDM-8143,,,,59 Brazil Tour,Osvaldo Tarantino,Alfredo Sciarreta,"Alberto Garralda, Atilio Corral, Rodolfo Nerone, Eliseo Marchesse","Fernando Suárez Paz, Pedro Sapochnik, Julián Ortiz, Carlos Garnero","Piano, Bass, 4 Bandoneons, 4 Violins"
Miguel Caló,Miguel Caló y su Orquesta Típica,1961-09-15,Nocturna,,Milonga,Instrumental,Odeón,Tape-S,26905,52752,Julián Plaza,,,57-63 Trípodi,Orlando Trípodi,Alfredo Sciarreta,"Alberto Garralda, Atilio Corral, Rodolfo Nerone, Eliseo Marchesse","Fernando Suárez Paz, Pedro Sapochnik, Julián Ortiz, Carlos Garnero","Piano, Bass, 4 Bandoneons, 4 Violins"
Miguel Caló,Miguel Caló y su Orquesta Típica,1961-09-15,Volvió una Noche,,Tango,Instrumental,Odeón,Tape-S,26904,52752,Carlos Gardel,Alfredo Le Pera,,57-63 Trípodi,Orlando Trípodi,Alfredo Sciarreta,"Alberto Garralda, Atilio Corral, Rodolfo Nerone, Eliseo Marchesse","Fernando Suárez Paz, Pedro Sapochnik, Julián Ortiz, Carlos Garnero","Piano, Bass, 4 Bandoneons, 4 Violins"
Miguel Caló,Miguel Caló y su Orquesta Típica,1961-10-10,Quiero Huir de Mí,,Vals,Luque y Trío Lc,Odeón,Tape-S,27021,52736,Manuel Sucher,Roberto Cantoral,,57-63 Trípodi,Orlando Trípodi,Alfredo Sciarreta,"Alberto Garralda, Atilio Corral, Rodolfo Nerone, Eliseo Marchesse","Fernando Suárez Paz, Pedro Sapochnik, Julián Ortiz, Carlos Garnero","Piano, Bass, 4 Bandoneons, 4 Violins"
Miguel Caló,Miguel Caló y su Orquesta Típica,1961-10-10,Única,,Tango,Roberto Luque,Odeón,Tape-S,27022,52736,Roberto Prechi,Eugenio Majúl,,57-63 Trípodi,Orlando Trípodi,Alfredo Sciarreta,"Alberto Garralda, Atilio Corral, Rodolfo Nerone, Eliseo Marchesse","Fernando Suárez Paz, Pedro Sapochnik, Julián Ortiz, Carlos Garnero","Piano, Bass, 4 Bandoneons, 4 Violins"
Miguel Caló,Miguel Caló y su Orquesta Típica,1962,Amo a París,,Tango,Instrumental,Odeón,Tape,CHI-5232,DTOA-1433,Cole Porter,,,57-63 Trípodi,Orlando Trípodi,Alfredo Sciarreta,"Alberto Garralda, Atilio Corral, Rodolfo Nerone, Eliseo Marchesse","Fernando Suárez Paz, Pedro Sapochnik, Julián Ortiz, Carlos Garnero","Piano, Bass, 4 Bandoneons, 4 Violins"
Miguel Caló,Miguel Caló y su Orquesta Típica,1962,Cambalache,,Tango,Roberto Luque,Odeón,Tape,CHI-5249,DTOA-1433,Enrique Discépolo,,,57-63 Trípodi,Orlando Trípodi,Alfredo Sciarreta,"Alberto Garralda, Atilio Corral, Rodolfo Nerone, Eliseo Marchesse","Fernando Suárez Paz, Pedro Sapochnik, Julián Ortiz, Carlos Garnero","Piano, Bass, 4 Bandoneons, 4 Violins"
Miguel Caló,Miguel Caló y su Orquesta Típica,1962,Oración de Labriego,,Vals,Instrumental,Odeón PE,Tape,340,45-8143,Felipe Alva,,,57-63 Trípodi,Orlando Trípodi,Alfredo Sciarreta,"Alberto Garralda, Atilio Corral, Rodolfo Nerone, Eliseo Marchesse","Fernando Suárez Paz, Pedro Sapochnik, Julián Ortiz, Carlos Garnero","Piano, Bass, 4 Bandoneons, 4 Violins"
Miguel Caló,Miguel Caló y su Orquesta Típica,1962,Reminiscencias,,Vals,Roberto Luque,Odeón,Tape,CHI-5233,DTOA-1433,Luis Pinto,,,57-63 Trípodi,Orlando Trípodi,Alfredo Sciarreta,"Alberto Garralda, Atilio Corral, Rodolfo Nerone, Eliseo Marchesse","Fernando Suárez Paz, Pedro Sapochnik, Julián Ortiz, Carlos Garnero","Piano, Bass, 4 Bandoneons, 4 Violins"
Miguel Caló,Miguel Caló y su Orquesta Típica,1962,Rosa Té,,Vals,Juan Carlos Roldán,Odeón PE,Tape,370,45-8143,Max Arroyo,,,57-63 Trípodi,Orlando Trípodi,Alfredo Sciarreta,"Alberto Garralda, Atilio Corral, Rodolfo Nerone, Eliseo Marchesse","Fernando Suárez Paz, Pedro Sapochnik, Julián Ortiz, Carlos Garnero","Piano, Bass, 4 Bandoneons, 4 Violins"
Miguel Caló,Miguel Caló y su Orquesta Típica,1962,Vanidad,,Tango,Roberto Luque,Odeón,Tape,CHI-5248,DTOA-1433,Armando Malbrán,,,57-63 Trípodi,Orlando Trípodi,Alfredo Sciarreta,"Alberto Garralda, Atilio Corral, Rodolfo Nerone, Eliseo Marchesse","Fernando Suárez Paz, Pedro Sapochnik, Julián Ortiz, Carlos Garnero","Piano, Bass, 4 Bandoneons, 4 Violins"
Miguel Caló,Miguel Caló y su Orquesta Típica,1962-08-21,Luna de Tartagal,,Milonga,Roberto Luque,Odeón,Tape,28203,DTOA-1409,Chango Rodríguez,Chango Rodríguez,,57-63 Trípodi,Orlando Trípodi,Alfredo Sciarreta,"Alberto Garralda, Atilio Corral, Rodolfo Nerone, Eliseo Marchesse","Fernando Suárez Paz, Pedro Sapochnik, Julián Ortiz, Carlos Garnero","Piano, Bass, 4 Bandoneons, 4 Violins"
Miguel Caló,Miguel Caló y su Orquesta Típica,1962-08-21,Yo Pequé,,Tango,Roberto Luque,Odeón,Tape,28202,DTOA-1409,"Miguel Ratto, Tito Ferrari",Juan Birome,,57-63 Trípodi,Orlando Trípodi,Alfredo Sciarreta,"Alberto Garralda, Atilio Corral, Rodolfo Nerone, Eliseo Marchesse","Fernando Suárez Paz, Pedro Sapochnik, Julián Ortiz, Carlos Garnero","Piano, Bass, 4 Bandoneons, 4 Violins"
Miguel Caló,Miguel Caló y su Orquesta Típica,1963-04-16,El Mismo Final,,Tango,Alberto Podestá,Odeón,Tape,28900,LDI-545,Armando Pontier,Federico Silva,,63 Estrellas Reunion,Orlando Trípodi,Mario Monteleone,"Domingo Federico, Armando Pontier, Tomás Giannini, Osvaldo Rizzo, Héctor Coralli","Enrique Francini, Hugo Baralis, Fernando Suárez Paz, Luis Cantafio, Samuel Dojman","Piano, Bass, 5 Bandoneons, 5 Violins"
Miguel Caló,Miguel Caló y su Orquesta Típica,1963-04-16,En la Calle,,Tango,Raúl Berón,Odeón,Tape,28901,LDI-545,Domingo Federico,José Kohei,,63 Estrellas Reunion,Orlando Trípodi,Mario Monteleone,"Domingo Federico, Armando Pontier, Tomás Giannini, Osvaldo Rizzo, Héctor Coralli","Enrique Francini, Hugo Baralis, Fernando Suárez Paz, Luis Cantafio, Samuel Dojman","Piano, Bass, 5 Bandoneons, 5 Violins"
Miguel Caló,Miguel Caló y su Orquesta Típica,1963-04-19,Brazo de Oro,,Tango,Instrumental,Odeón,Tape,28911,LDI-545,José Basso,José Basso,,63 Estrellas Reunion,Orlando Trípodi,Mario Monteleone,"Domingo Federico, Armando Pontier, Tomás Giannini, Osvaldo Rizzo, Héctor Coralli","Enrique Francini, Hugo Baralis, Fernando Suárez Paz, Luis Cantafio, Samuel Dojman","Piano, Bass, 5 Bandoneons, 5 Violins"
Miguel Caló,Miguel Caló y su Orquesta Típica,1963-04-19,Qué Falta Que Me Hacés,,Tango,Alberto Podestá,Odeón,Tape,28910,LDI-545,"Armando Pontier, Miguel Caló, Federico Silva","Armando Pontier, Miguel Caló, Federico Silva",,63 Estrellas Reunion,Orlando Trípodi,Mario Monteleone,"Domingo Federico, Armando Pontier, Tomás Giannini, Osvaldo Rizzo, Héctor Coralli","Enrique Francini, Hugo Baralis, Fernando Suárez Paz, Luis Cantafio, Samuel Dojman","Piano, Bass, 5 Bandoneons, 5 Violins"
Miguel Caló,Miguel Caló y su Orquesta Típica,1963-04-23,Bebiendo Contigo,,Tango,Alberto Podestá,Odeón,Tape,28920,LDI-545,Enrique Francini,Carlos Bahr,,63 Estrellas Reunion,Orlando Trípodi,Mario Monteleone,"Domingo Federico, Armando Pontier, Tomás Giannini, Osvaldo Rizzo, Héctor Coralli","Enrique Francini, Hugo Baralis, Fernando Suárez Paz, Luis Cantafio, Samuel Dojman","Piano, Bass, 5 Bandoneons, 5 Violins"
Miguel Caló,Miguel Caló y su Orquesta Típica,1963-04-23,Soy Milonguero,,Tango,Raúl Berón,Odeón,Tape,28921,LDI-545,Miguel Caló,Mario Gomila,,63 Estrellas Reunion,Orlando Trípodi,Mario Monteleone,"Domingo Federico, Armando Pontier, Tomás Giannini, Osvaldo Rizzo, Héctor Coralli","Enrique Francini, Hugo Baralis, Fernando Suárez Paz, Luis Cantafio, Samuel Dojman","Piano, Bass, 5 Bandoneons, 5 Violins"
Miguel Caló,Miguel Caló y su Orquesta Típica,1963-05-07,Madre Hay una Sola,,Tango,Raúl Berón,Odeón,Tape,28964,LDI-545,Agustín Bardi,José Vega,,63 Estrellas Reunion,Orlando Trípodi,Mario Monteleone,"Domingo Federico, Armando Pontier, Tomás Giannini, Osvaldo Rizzo, Héctor Coralli","Enrique Francini, Hugo Baralis, Fernando Suárez Paz, Luis Cantafio, Samuel Dojman","Piano, Bass, 5 Bandoneons, 5 Violins"
Miguel Caló,Miguel Caló y su Orquesta Típica,1963-05-07,Pa' Lo Que Te Va a Durar,,Tango,Raúl Berón,Odeón,Tape,28963,LDI-545,Guillermo Barbieri,Celedonio Flores,,63 Estrellas Reunion,Orlando Trípodi,Mario Monteleone,"Domingo Federico, Armando Pontier, Tomás Giannini, Osvaldo Rizzo, Héctor Coralli","Enrique Francini, Hugo Baralis, Fernando Suárez Paz, Luis Cantafio, Samuel Dojman","Piano, Bass, 5 Bandoneons, 5 Violins"
Miguel Caló,Miguel Caló y su Orquesta Típica,1963-05-17,Carta Para Renée,,Tango,Alberto Podestá,Odeón,Tape,29003,LDI-545,Manuel Sucher,Elizardo Vila,,63 Estrellas Reunion,Orlando Trípodi,Mario Monteleone,"Domingo Federico, Armando Pontier, Tomás Giannini, Osvaldo Rizzo, Héctor Coralli","Enrique Francini, Hugo Baralis, Fernando Suárez Paz, Luis Cantafio, Samuel Dojman","Piano, Bass, 5 Bandoneons, 5 Violins"
Miguel Caló,Miguel Caló y su Orquesta Típica,1963-05-24,Para el Recuerdo,A Fiore,Tango,Instrumental,Odeón,Tape,29145,LDI-545,Manuel Sucher,Manuel Sucher,,63 Estrellas Reunion,Orlando Trípodi,Mario Monteleone,"Domingo Federico, Armando Pontier, Tomás Giannini, Osvaldo Rizzo, Héctor Coralli","Enrique Francini, Hugo Baralis, Fernando Suárez Paz, Luis Cantafio, Samuel Dojman","Piano, Bass, 5 Bandoneons, 5 Violins"
Miguel Caló,Miguel Caló y su Orquesta Típica,1963-05-24,Para Osmar Maderna,,Tango,Instrumental,Odeón,Tape,29144,LDI-545,"Miguel Caló, Orlando Trípodi","Miguel Caló, Orlando Trípodi",,63 Estrellas Reunion,Orlando Trípodi,Mario Monteleone,"Domingo Federico, Armando Pontier, Tomás Giannini, Osvaldo Rizzo, Héctor Coralli","Enrique Francini, Hugo Baralis, Fernando Suárez Paz, Luis Cantafio, Samuel Dojman","Piano, Bass, 5 Bandoneons, 5 Violins"
Miguel Caló,Miguel Caló y su Orquesta Típica,1963-06-07,A las Estrellas,,Tango,Instrumental,Odeón,Tape,21199,LDI-545,Armando Baliotti,Armando Baliotti,,63 Estrellas Reunion,Orlando Trípodi,Mario Monteleone,"Domingo Federico, Armando Pontier, Tomás Giannini, Osvaldo Rizzo, Héctor Coralli","Enrique Francini, Hugo Baralis, Fernando Suárez Paz, Luis Cantafio, Samuel Dojman","Piano, Bass, 5 Bandoneons, 5 Violins"
Miguel Caló,Miguel Caló y su Orquesta Típica,1963-11-19,Dos Fracasos,,Tango,Luis Correa,Odeón,Tape,29630,DTOA-2083,Miguel Caló,Homero Expósito,,63-69 Post Reunion,Orlando Trípodi,Enrique Marchetto,"José Libertella, Lito Gentiluomo, Felipe Ricciardi, José Ricciardi","Fernando Suárez Paz, Aquiles Roggero, Alberto Del Bagno, Mauricio Marcelli, Raúl Domínguez, Pedro Aguilar","Piano, Bass, 4 Bandoneons, 6 Violins"
Miguel Caló,Miguel Caló y su Orquesta Típica,1963-11-19,Tengo,,Tango,Roberto Luque,Odeón,Tape,29629,DTOA-2083,Roberto Prechi,Eugenio Majúl,,63-69 Post Reunion,Orlando Trípodi,Enrique Marchetto,"José Libertella, Lito Gentiluomo, Felipe Ricciardi, José Ricciardi","Fernando Suárez Paz, Aquiles Roggero, Alberto Del Bagno, Mauricio Marcelli, Raúl Domínguez, Pedro Aguilar","Piano, Bass, 4 Bandoneons, 6 Violins"
Miguel Caló,Miguel Caló y su Orquesta Típica,1963-12-04,A Mucha Honra,,Tango,Luis Correa,Odeón,Tape,29702,DTOA-2083,"Américo Pinella, Luis Stazo",Ernesto Cardenal,,63-69 Post Reunion,Orlando Trípodi,Enrique Marchetto,"José Libertella, Lito Gentiluomo, Felipe Ricciardi, José Ricciardi","Fernando Suárez Paz, Aquiles Roggero, Alberto Del Bagno, Mauricio Marcelli, Raúl Domínguez, Pedro Aguilar","Piano, Bass, 4 Bandoneons, 6 Violins"
Miguel Caló,Miguel Caló y su Orquesta Típica,1963-12-04,Aconsejando,,Tango,Roberto Luque,Odeón,Tape,29701,DTOA-2083,Fortunata Rodiño,J. Piaggio,,63-69 Post Reunion,Orlando Trípodi,Enrique Marchetto,"José Libertella, Lito Gentiluomo, Felipe Ricciardi, José Ricciardi","Fernando Suárez Paz, Aquiles Roggero, Alberto Del Bagno, Mauricio Marcelli, Raúl Domínguez, Pedro Aguilar","Piano, Bass, 4 Bandoneons, 6 Violins"
Miguel Caló,Miguel Caló y su Orquesta Típica,1964-03-13,Adiós Pampa Mía,,Tango,Ranko Fujisawa,Odeón,Tape-S,29826,,Francisco Canaro,Ivo Pelay,,63-69 Post Reunion,Orlando Trípodi,Enrique Marchetto,"José Libertella, Lito Gentiluomo, Felipe Ricciardi, José Ricciardi","Fernando Suárez Paz, Aquiles Roggero, Alberto Del Bagno, Mauricio Marcelli, Raúl Domínguez, Pedro Aguilar","Piano, Bass, 4 Bandoneons, 6 Violins"
Miguel Caló,Miguel Caló y su Orquesta Típica,1964-03-13,Yira Yira,,Tango,Ranko Fujisawa,Odeón,Tape-S,29825,,Enrique Discépolo,Enrique Discépolo,,63-69 Post Reunion,Orlando Trípodi,Enrique Marchetto,"José Libertella, Lito Gentiluomo, Felipe Ricciardi, José Ricciardi","Fernando Suárez Paz, Aquiles Roggero, Alberto Del Bagno, Mauricio Marcelli, Raúl Domínguez, Pedro Aguilar","Piano, Bass, 4 Bandoneons, 6 Violins"
Miguel Caló,Miguel Caló y su Orquesta Típica,1964-03-17,Caminito,,Tango,Ranko Fujisawa,Odeón,Tape-S,29833,,Juan Filiberto,Gabino Peñaloza,,63-69 Post Reunion,Orlando Trípodi,Enrique Marchetto,"José Libertella, Lito Gentiluomo, Felipe Ricciardi, José Ricciardi","Fernando Suárez Paz, Aquiles Roggero, Alberto Del Bagno, Mauricio Marcelli, Raúl Domínguez, Pedro Aguilar","Piano, Bass, 4 Bandoneons, 6 Violins"
Miguel Caló,Miguel Caló y su Orquesta Típica,1964-03-17,Mamá Yo Quiero un Novio,,Tango,Ranko Fujisawa,Odeón,Tape-S,29834,,Ramón Collazo,Roberto Fontaina,,63-69 Post Reunion,Orlando Trípodi,Enrique Marchetto,"José Libertella, Lito Gentiluomo, Felipe Ricciardi, José Ricciardi","Fernando Suárez Paz, Aquiles Roggero, Alberto Del Bagno, Mauricio Marcelli, Raúl Domínguez, Pedro Aguilar","Piano, Bass, 4 Bandoneons, 6 Violins"
Miguel Caló,Miguel Caló y su Orquesta Típica,1964-03-31,Noche de Plataforma,,Tango,Ranko Fujisawa,Odeón,Tape-S,29933,,Ryoichi Hattori,Yasuo Okuno,,63-69 Post Reunion,Orlando Trípodi,Enrique Marchetto,"José Libertella, Lito Gentiluomo, Felipe Ricciardi, José Ricciardi","Fernando Suárez Paz, Aquiles Roggero, Alberto Del Bagno, Mauricio Marcelli, Raúl Domínguez, Pedro Aguilar","Piano, Bass, 4 Bandoneons, 6 Violins"
Miguel Caló,Miguel Caló y su Orquesta Típica,1964-03-31,Qué Falta Que Me Hacés,,Tango,Ranko Fujisawa,Odeón,Tape-S,29934,,"Armando Pontier, Miguel Caló, Federico Silva","Armando Pontier, Miguel Caló, Federico Silva",,63-69 Post Reunion,Orlando Trípodi,Enrique Marchetto,"José Libertella, Lito Gentiluomo, Felipe Ricciardi, José Ricciardi","Fernando Suárez Paz, Aquiles Roggero, Alberto Del Bagno, Mauricio Marcelli, Raúl Domínguez, Pedro Aguilar","Piano, Bass, 4 Bandoneons, 6 Violins"
Miguel Caló,Miguel Caló y su Orquesta Típica,1964-04-07,El Choclo,,Tango,Instrumental,Odeón,Tape-S,29958,DTOA-2097,Ángel Arroyo,"Juan Catán, Enrique Discépolo",,63-69 Post Reunion,Orlando Trípodi,Enrique Marchetto,"José Libertella, Lito Gentiluomo, Felipe Ricciardi, José Ricciardi","Fernando Suárez Paz, Aquiles Roggero, Alberto Del Bagno, Mauricio Marcelli, Raúl Domínguez, Pedro Aguilar","Piano, Bass, 4 Bandoneons, 6 Violins"
Miguel Caló,Miguel Caló y su Orquesta Típica,1964-04-07,Nadine,,Tango,Instrumental,Odeón,Tape-S,29959,DTOA-2097,Miguel Caló,Orlando Trípodi,,63-69 Post Reunion,Orlando Trípodi,Enrique Marchetto,"José Libertella, Lito Gentiluomo, Felipe Ricciardi, José Ricciardi","Fernando Suárez Paz, Aquiles Roggero, Alberto Del Bagno, Mauricio Marcelli, Raúl Domínguez, Pedro Aguilar","Piano, Bass, 4 Bandoneons, 6 Violins"
Miguel Caló,Miguel Caló y su Orquesta Típica,1964-04-14,Luna del Viejo Castillo,,Tango,Instrumental,Odeón,Tape-S,29990,Inédito,Rentaro Taki,,,63-69 Post Reunion,Orlando Trípodi,Enrique Marchetto,"José Libertella, Lito Gentiluomo, Felipe Ricciardi, José Ricciardi","Fernando Suárez Paz, Aquiles Roggero, Alberto Del Bagno, Mauricio Marcelli, Raúl Domínguez, Pedro Aguilar","Piano, Bass, 4 Bandoneons, 6 Violins"
Miguel Caló,Miguel Caló y su Orquesta Típica,1964-04-14,Sans Souci,,Tango,Instrumental,Odeón,Tape-S,29990,SDMO-55591,Enrique Delfino,,,63-69 Post Reunion,Orlando Trípodi,Enrique Marchetto,"José Libertella, Lito Gentiluomo, Felipe Ricciardi, José Ricciardi","Fernando Suárez Paz, Aquiles Roggero, Alberto Del Bagno, Mauricio Marcelli, Raúl Domínguez, Pedro Aguilar","Piano, Bass, 4 Bandoneons, 6 Violins"
Miguel Caló,Miguel Caló y su Orquesta Típica,1964-04-24,A Media Luz,,Tango,Instrumental,Odeón,Tape-S,,DTOA-2097,Edgardo Donato,Carlos Lenzi,,63-69 Post Reunion,Orlando Trípodi,Enrique Marchetto,"José Libertella, Lito Gentiluomo, Felipe Ricciardi, José Ricciardi","Fernando Suárez Paz, Aquiles Roggero, Alberto Del Bagno, Mauricio Marcelli, Raúl Domínguez, Pedro Aguilar","Piano, Bass, 4 Bandoneons, 6 Violins"
Miguel Caló,Miguel Caló y su Orquesta Típica,1964-04-24,La Cumparsita,Si Supieras,Tango,Instrumental,Odeón,Tape-S,30047,DTOA-2097,Gerardo Rodríguez,"Pascual Contursi, Enrique Maroni, Gerardo Rodríguez",,63-69 Post Reunion,Orlando Trípodi,Enrique Marchetto,"José Libertella, Lito Gentiluomo, Felipe Ricciardi, José Ricciardi","Fernando Suárez Paz, Aquiles Roggero, Alberto Del Bagno, Mauricio Marcelli, Raúl Domínguez, Pedro Aguilar","Piano, Bass, 4 Bandoneons, 6 Violins"
Miguel Caló,Miguel Caló y su Orquesta Típica,1965,A Media Luz,,Tango,Raúl Del Mar,Odeón CO,Tape-S,,,Carlos Lenzi,,,63-69 Post Reunion,Orlando Trípodi,Enrique Marchetto,"José Libertella, Lito Gentiluomo, Felipe Ricciardi, José Ricciardi","Fernando Suárez Paz, Aquiles Roggero, Alberto Del Bagno, Mauricio Marcelli, Raúl Domínguez, Pedro Aguilar","Piano, Bass, 4 Bandoneons, 6 Violins"
Miguel Caló,Miguel Caló y su Orquesta Típica,1965,Adiós Muchachos,,Tango,Raúl Del Mar,Odeón CO,Tape-S,,,Julio Sanders,César Vedani,,63-69 Post Reunion,Orlando Trípodi,Enrique Marchetto,"José Libertella, Lito Gentiluomo, Felipe Ricciardi, José Ricciardi","Fernando Suárez Paz, Aquiles Roggero, Alberto Del Bagno, Mauricio Marcelli, Raúl Domínguez, Pedro Aguilar","Piano, Bass, 4 Bandoneons, 6 Violins"
Miguel Caló,Miguel Caló y su Orquesta Típica,1965-05-02,Adiós Pampa Mía,,Tango,Lucho Gatica,Odeón CL,Tape-S,,LDM-8166,Ivo Pelay,,,63-69 Post Reunion,Orlando Trípodi,Enrique Marchetto,"José Libertella, Lito Gentiluomo, Felipe Ricciardi, José Ricciardi","Fernando Suárez Paz, Aquiles Roggero, Alberto Del Bagno, Mauricio Marcelli, Raúl Domínguez, Pedro Aguilar","Piano, Bass, 4 Bandoneons, 6 Violins"
Miguel Caló,Miguel Caló y su Orquesta Típica,1965-05-13,Ahora No Me Conocés,,Tango,Marga Fontana,Odeón CO,Tape-S,,LDB-67,Carlos Giampé,,,63-69 Post Reunion,Orlando Trípodi,Enrique Marchetto,"José Libertella, Lito Gentiluomo, Felipe Ricciardi, José Ricciardi","Fernando Suárez Paz, Aquiles Roggero, Alberto Del Bagno, Mauricio Marcelli, Raúl Domínguez, Pedro Aguilar","Piano, Bass, 4 Bandoneons, 6 Violins"
Miguel Caló,Miguel Caló y su Orquesta Típica,1965,Al Compás del Corazón,Late un Corazón,Tango,Raúl Del Mar,Odeón CO,Tape-S,,,Homero Expósito,,,63-69 Post Reunion,Orlando Trípodi,Enrique Marchetto,"José Libertella, Lito Gentiluomo, Felipe Ricciardi, José Ricciardi","Fernando Suárez Paz, Aquiles Roggero, Alberto Del Bagno, Mauricio Marcelli, Raúl Domínguez, Pedro Aguilar","Piano, Bass, 4 Bandoneons, 6 Violins"
Miguel Caló,Miguel Caló y su Orquesta Típica,1965-05-04,Alma de Bohemio,,Tango,Lucho Gatica,Odeón CL,Tape-S,,LDM-8166,Juan Caruso,,,63-69 Post Reunion,Orlando Trípodi,Enrique Marchetto,"José Libertella, Lito Gentiluomo, Felipe Ricciardi, José Ricciardi","Fernando Suárez Paz, Aquiles Roggero, Alberto Del Bagno, Mauricio Marcelli, Raúl Domínguez, Pedro Aguilar","Piano, Bass, 4 Bandoneons, 6 Violins"
Miguel Caló,Miguel Caló y su Orquesta Típica,1965-08-21,Antes del Adiós,,Tango,Roberto Luque,Odeón CO,Tape-S,,LDB-67,Eugenio Majúl,,,63-69 Post Reunion,Orlando Trípodi,Enrique Marchetto,"José Libertella, Lito Gentiluomo, Felipe Ricciardi, José Ricciardi","Fernando Suárez Paz, Aquiles Roggero, Alberto Del Bagno, Mauricio Marcelli, Raúl Domínguez, Pedro Aguilar","Piano, Bass, 4 Bandoneons, 6 Violins"
Miguel Caló,Miguel Caló y su Orquesta Típica,1965-05-05,Cada Día Te Extraño Más,,Tango,Lucho Gatica,Odeón CL,Tape-S,,LDM-8166,Carlos Bahr,,,63-69 Post Reunion,Orlando Trípodi,Enrique Marchetto,"José Libertella, Lito Gentiluomo, Felipe Ricciardi, José Ricciardi","Fernando Suárez Paz, Aquiles Roggero, Alberto Del Bagno, Mauricio Marcelli, Raúl Domínguez, Pedro Aguilar","Piano, Bass, 4 Bandoneons, 6 Violins"
Miguel Caló,Miguel Caló y su Orquesta Típica,1965-05-06,Caminito,,Tango,Lucho Gatica,Odeón CL,Tape-S,,LDM-8166,Gabino Peñaloza,,,63-69 Post Reunion,Orlando Trípodi,Enrique Marchetto,"José Libertella, Lito Gentiluomo, Felipe Ricciardi, José Ricciardi","Fernando Suárez Paz, Aquiles Roggero, Alberto Del Bagno, Mauricio Marcelli, Raúl Domínguez, Pedro Aguilar","Piano, Bass, 4 Bandoneons, 6 Violins"
Miguel Caló,Miguel Caló y su Orquesta Típica,1965-05-14,Confesión,,Tango,Marga Fontana,Odeón CO,Tape-S,,LDB-67,"Enrique Discépolo, Luis Amadori",,,63-69 Post Reunion,Orlando Trípodi,Enrique Marchetto,"José Libertella, Lito Gentiluomo, Felipe Ricciardi, José Ricciardi","Fernando Suárez Paz, Aquiles Roggero, Alberto Del Bagno, Mauricio Marcelli, Raúl Domínguez, Pedro Aguilar","Piano, Bass, 4 Bandoneons, 6 Violins"
Miguel Caló,Miguel Caló y su Orquesta Típica,1965,Dónde Estás Corazón,,Tango,Raúl Del Mar,Odeón CO,Tape-S,,,Luis Serrano,,,63-69 Post Reunion,Orlando Trípodi,Enrique Marchetto,"José Libertella, Lito Gentiluomo, Felipe Ricciardi, José Ricciardi","Fernando Suárez Paz, Aquiles Roggero, Alberto Del Bagno, Mauricio Marcelli, Raúl Domínguez, Pedro Aguilar","Piano, Bass, 4 Bandoneons, 6 Violins"
Miguel Caló,Miguel Caló y su Orquesta Típica,1965-05-15,En Esta Tarde Gris,,Tango,Marga Fontana,Odeón CO,Tape-S,,LDB-67,José Contursi,,,63-69 Post Reunion,Orlando Trípodi,Enrique Marchetto,"José Libertella, Lito Gentiluomo, Felipe Ricciardi, José Ricciardi","Fernando Suárez Paz, Aquiles Roggero, Alberto Del Bagno, Mauricio Marcelli, Raúl Domínguez, Pedro Aguilar","Piano, Bass, 4 Bandoneons, 6 Violins"
Miguel Caló,Miguel Caló y su Orquesta Típica,1965-05-16,Gricel,,Tango,Marga Fontana,Odeón CO,Tape-S,,LDB-67,José Contursi,,,63-69 Post Reunion,Orlando Trípodi,Enrique Marchetto,"José Libertella, Lito Gentiluomo, Felipe Ricciardi, José Ricciardi","Fernando Suárez Paz, Aquiles Roggero, Alberto Del Bagno, Mauricio Marcelli, Raúl Domínguez, Pedro Aguilar","Piano, Bass, 4 Bandoneons, 6 Violins"
Miguel Caló,Miguel Caló y su Orquesta Típica,1965-05-07,La Copa del Olvido,,Tango,Lucho Gatica,Odeón CL,Tape-S,,LDM-8166,Alberto Vacarezza,,,63-69 Post Reunion,Orlando Trípodi,Enrique Marchetto,"José Libertella, Lito Gentiluomo, Felipe Ricciardi, José Ricciardi","Fernando Suárez Paz, Aquiles Roggero, Alberto Del Bagno, Mauricio Marcelli, Raúl Domínguez, Pedro Aguilar","Piano, Bass, 4 Bandoneons, 6 Violins"
Miguel Caló,Miguel Caló y su Orquesta Típica,1965,La Última Copa,,Tango,Raúl Del Mar,Odeón CO,Tape-S,,,Juan Caruso,,,63-69 Post Reunion,Orlando Trípodi,Enrique Marchetto,"José Libertella, Lito Gentiluomo, Felipe Ricciardi, José Ricciardi","Fernando Suárez Paz, Aquiles Roggero, Alberto Del Bagno, Mauricio Marcelli, Raúl Domínguez, Pedro Aguilar","Piano, Bass, 4 Bandoneons, 6 Violins"
Miguel Caló,Miguel Caló y su Orquesta Típica,1965,Lo Han Visto con Otra,,Tango,Raúl Del Mar,Odeón CO,Tape-S,,,Horacio Pettorossi,,,63-69 Post Reunion,Orlando Trípodi,Enrique Marchetto,"José Libertella, Lito Gentiluomo, Felipe Ricciardi, José Ricciardi","Fernando Suárez Paz, Aquiles Roggero, Alberto Del Bagno, Mauricio Marcelli, Raúl Domínguez, Pedro Aguilar","Piano, Bass, 4 Bandoneons, 6 Violins"
Miguel Caló,Miguel Caló y su Orquesta Típica,1965-08-19,Malena,,Tango,Roberto Luque,Odeón CO,Tape-S,,LDB-67,Homero Manzi,,,63-69 Post Reunion,Orlando Trípodi,Enrique Marchetto,"José Libertella, Lito Gentiluomo, Felipe Ricciardi, José Ricciardi","Fernando Suárez Paz, Aquiles Roggero, Alberto Del Bagno, Mauricio Marcelli, Raúl Domínguez, Pedro Aguilar","Piano, Bass, 4 Bandoneons, 6 Violins"
Miguel Caló,Miguel Caló y su Orquesta Típica,1965-05-09,Mañana Iré Temprano,,Tango,Lucho Gatica,Odeón CL,Tape-S,,LDM-8166,Carlos Bahr,,,63-69 Post Reunion,Orlando Trípodi,Enrique Marchetto,"José Libertella, Lito Gentiluomo, Felipe Ricciardi, José Ricciardi","Fernando Suárez Paz, Aquiles Roggero, Alberto Del Bagno, Mauricio Marcelli, Raúl Domínguez, Pedro Aguilar","Piano, Bass, 4 Bandoneons, 6 Violins"
Miguel Caló,Miguel Caló y su Orquesta Típica,1965,Mano a Mano,Viejo Bandoneón,Tango,Raúl Del Mar,Odeón CO,Tape-S,,,Celedonio Flores,,,63-69 Post Reunion,Orlando Trípodi,Enrique Marchetto,"José Libertella, Lito Gentiluomo, Felipe Ricciardi, José Ricciardi","Fernando Suárez Paz, Aquiles Roggero, Alberto Del Bagno, Mauricio Marcelli, Raúl Domínguez, Pedro Aguilar","Piano, Bass, 4 Bandoneons, 6 Violins"
Miguel Caló,Miguel Caló y su Orquesta Típica,1965,Melodía del Arrabal,,Tango,Raúl Del Mar,Odeón CO,Tape-S,,,"Alfredo Le Pera, Mario Battistella",,,63-69 Post Reunion,Orlando Trípodi,Enrique Marchetto,"José Libertella, Lito Gentiluomo, Felipe Ricciardi, José Ricciardi","Fernando Suárez Paz, Aquiles Roggero, Alberto Del Bagno, Mauricio Marcelli, Raúl Domínguez, Pedro Aguilar","Piano, Bass, 4 Bandoneons, 6 Violins"
Miguel Caló,Miguel Caló y su Orquesta Típica,1965-05-17,Mi Buenos Aires Querido,,Tango,Marga Fontana,Odeón CO,Tape-S,,LDB-67,Alfredo Le Pera,,,63-69 Post Reunion,Orlando Trípodi,Enrique Marchetto,"José Libertella, Lito Gentiluomo, Felipe Ricciardi, José Ricciardi","Fernando Suárez Paz, Aquiles Roggero, Alberto Del Bagno, Mauricio Marcelli, Raúl Domínguez, Pedro Aguilar","Piano, Bass, 4 Bandoneons, 6 Violins"
Miguel Caló,Miguel Caló y su Orquesta Típica,1965,Nada,,Tango,Raúl Del Mar,Odeón CO,Tape-S,,,Horacio Basterra,,,63-69 Post Reunion,Orlando Trípodi,Enrique Marchetto,"José Libertella, Lito Gentiluomo, Felipe Ricciardi, José Ricciardi","Fernando Suárez Paz, Aquiles Roggero, Alberto Del Bagno, Mauricio Marcelli, Raúl Domínguez, Pedro Aguilar","Piano, Bass, 4 Bandoneons, 6 Violins"
Miguel Caló,Miguel Caló y su Orquesta Típica,1965,Percal,,Tango,Raúl Del Mar,Odeón CO,Tape-S,,,Homero Expósito,,,63-69 Post Reunion,Orlando Trípodi,Enrique Marchetto,"José Libertella, Lito Gentiluomo, Felipe Ricciardi, José Ricciardi","Fernando Suárez Paz, Aquiles Roggero, Alberto Del Bagno, Mauricio Marcelli, Raúl Domínguez, Pedro Aguilar","Piano, Bass, 4 Bandoneons, 6 Violins"
Miguel Caló,Miguel Caló y su Orquesta Típica,1965,Qué Falta Que Me Hacés,,Tango,Raúl Del Mar,Odeón CO,Tape-S,,,"Armando Pontier, Miguel Caló, Federico Silva",,,63-69 Post Reunion,Orlando Trípodi,Enrique Marchetto,"José Libertella, Lito Gentiluomo, Felipe Ricciardi, José Ricciardi","Fernando Suárez Paz, Aquiles Roggero, Alberto Del Bagno, Mauricio Marcelli, Raúl Domínguez, Pedro Aguilar","Piano, Bass, 4 Bandoneons, 6 Violins"
Miguel Caló,Miguel Caló y su Orquesta Típica,1965-05-11,Sin Palabras,,Tango,Lucho Gatica,Odeón CL,Tape-S,,LDM-8166,Enrique Discépolo,,,63-69 Post Reunion,Orlando Trípodi,Enrique Marchetto,"José Libertella, Lito Gentiluomo, Felipe Ricciardi, José Ricciardi","Fernando Suárez Paz, Aquiles Roggero, Alberto Del Bagno, Mauricio Marcelli, Raúl Domínguez, Pedro Aguilar","Piano, Bass, 4 Bandoneons, 6 Violins"
Miguel Caló,Miguel Caló y su Orquesta Típica,1965-08-23,Soñar y Nada Más,,Vals,Roberto Luque,Odeón CO,Tape-S,,LDB-67,Ivo Pelay,,,63-69 Post Reunion,Orlando Trípodi,Enrique Marchetto,"José Libertella, Lito Gentiluomo, Felipe Ricciardi, José Ricciardi","Fernando Suárez Paz, Aquiles Roggero, Alberto Del Bagno, Mauricio Marcelli, Raúl Domínguez, Pedro Aguilar","Piano, Bass, 4 Bandoneons, 6 Violins"
Miguel Caló,Miguel Caló y su Orquesta Típica,1965-09-02,Uno,,Tango,Instrumental,Odeón CO,Tape-S,,LDB-67,Enrique Discépolo,,,63-69 Post Reunion,Orlando Trípodi,Enrique Marchetto,"José Libertella, Lito Gentiluomo, Felipe Ricciardi, José Ricciardi","Fernando Suárez Paz, Aquiles Roggero, Alberto Del Bagno, Mauricio Marcelli, Raúl Domínguez, Pedro Aguilar","Piano, Bass, 4 Bandoneons, 6 Violins"
Miguel Caló,Miguel Caló y su Orquesta Típica,1965-05-18,Volver,,Tango,Marga Fontana,Odeón CO,Tape-S,,LDB-67,Alfredo Le Pera,,,63-69 Post Reunion,Orlando Trípodi,Enrique Marchetto,"José Libertella, Lito Gentiluomo, Felipe Ricciardi, José Ricciardi","Fernando Suárez Paz, Aquiles Roggero, Alberto Del Bagno, Mauricio Marcelli, Raúl Domínguez, Pedro Aguilar","Piano, Bass, 4 Bandoneons, 6 Violins"
Miguel Caló,Miguel Caló y su Orquesta Típica,1965-08-25,Vuelves Hoy,,Tango,Roberto Luque,Odeón CO,Tape-S,,LDB-67,Eugenio Majúl,,,63-69 Post Reunion,Orlando Trípodi,Enrique Marchetto,"José Libertella, Lito Gentiluomo, Felipe Ricciardi, José Ricciardi","Fernando Suárez Paz, Aquiles Roggero, Alberto Del Bagno, Mauricio Marcelli, Raúl Domínguez, Pedro Aguilar","Piano, Bass, 4 Bandoneons, 6 Violins"
Miguel Caló,Miguel Caló y su Orquesta Típica,1966-06-02,No Fue Ninguno de los Dos,,Tango,Miguel Montero,Odeón,Tape-S,32424,SDMO-55591,Roberto Vallejos,Leopoldo Vélez,,63-69 Post Reunion,Orlando Trípodi,Enrique Marchetto,"José Libertella, Lito Gentiluomo, Felipe Ricciardi, José Ricciardi","Fernando Suárez Paz, Aquiles Roggero, Alberto Del Bagno, Mauricio Marcelli, Raúl Domínguez, Pedro Aguilar","Piano, Bass, 4 Bandoneons, 6 Violins"
Miguel Caló,Miguel Caló y su Orquesta Típica,1966-06-02,Solitaria,,Vals,Miguel Montero,Odeón,Tape-S,32423,SDMO-55591,Miguel Caló,Leopoldo Vélez,,63-69 Post Reunion,Orlando Trípodi,Enrique Marchetto,"José Libertella, Lito Gentiluomo, Felipe Ricciardi, José Ricciardi","Fernando Suárez Paz, Aquiles Roggero, Alberto Del Bagno, Mauricio Marcelli, Raúl Domínguez, Pedro Aguilar","Piano, Bass, 4 Bandoneons, 6 Violins"
Miguel Caló,Miguel Caló y su Orquesta Típica,1966-09-05,Elegante Papirusa,,Tango,Instrumental,Odeón,Tape-S,32739,LDB-114,David Roccatagliata,Sandalio Gómez,,63-69 Post Reunion,Orlando Trípodi,Enrique Marchetto,"José Libertella, Lito Gentiluomo, Felipe Ricciardi, José Ricciardi","Fernando Suárez Paz, Aquiles Roggero, Alberto Del Bagno, Mauricio Marcelli, Raúl Domínguez, Pedro Aguilar","Piano, Bass, 4 Bandoneons, 6 Violins"
Miguel Caló,Miguel Caló y su Orquesta Típica,1966-09-08,Marión,,Tango,Roberto Rufino,Odeón,Tape-S,32740,LDB-114,Luis Rubistein,Luis Rubistein,,63-69 Post Reunion,Orlando Trípodi,Enrique Marchetto,"José Libertella, Lito Gentiluomo, Felipe Ricciardi, José Ricciardi","Fernando Suárez Paz, Aquiles Roggero, Alberto Del Bagno, Mauricio Marcelli, Raúl Domínguez, Pedro Aguilar","Piano, Bass, 4 Bandoneons, 6 Violins"
Miguel Caló,Miguel Caló y su Orquesta Típica,1966-09-20,Nido Gaucho,,Tango,Roberto Rufino,Odeón,Tape-S,32791,LDB-114,Carlos Di Sarli,Héctor Marcó,,63-69 Post Reunion,Orlando Trípodi,Enrique Marchetto,"José Libertella, Lito Gentiluomo, Felipe Ricciardi, José Ricciardi","Fernando Suárez Paz, Aquiles Roggero, Alberto Del Bagno, Mauricio Marcelli, Raúl Domínguez, Pedro Aguilar","Piano, Bass, 4 Bandoneons, 6 Violins"
Miguel Caló,Miguel Caló y su Orquesta Típica,1966-09-29,Yuyo Verde,Callejón,Tango,Roberto Rufino,Odeón,Tape-S,32792,LDB-114,Domingo Federico,Homero Expósito,,63-69 Post Reunion,Orlando Trípodi,Enrique Marchetto,"José Libertella, Lito Gentiluomo, Felipe Ricciardi, José Ricciardi","Fernando Suárez Paz, Aquiles Roggero, Alberto Del Bagno, Mauricio Marcelli, Raúl Domínguez, Pedro Aguilar","Piano, Bass, 4 Bandoneons, 6 Violins"
Miguel Caló,Miguel Caló y su Orquesta Típica,1966-09-27,Fatalmente Nada,,Tango,Roberto Rufino,Odeón,Tape-S,32814,LDB-114,Manuel Sucher,Alberto Mastra,,63-69 Post Reunion,Orlando Trípodi,Enrique Marchetto,"José Libertella, Lito Gentiluomo, Felipe Ricciardi, José Ricciardi","Fernando Suárez Paz, Aquiles Roggero, Alberto Del Bagno, Mauricio Marcelli, Raúl Domínguez, Pedro Aguilar","Piano, Bass, 4 Bandoneons, 6 Violins"
Miguel Caló,Miguel Caló y su Orquesta Típica,1966-09-27,Verdemar,,Tango,Roberto Rufino,Odeón,Tape-S,32813,LDB-114,Carlos Di Sarli,José Contursi,,63-69 Post Reunion,Orlando Trípodi,Enrique Marchetto,"José Libertella, Lito Gentiluomo, Felipe Ricciardi, José Ricciardi","Fernando Suárez Paz, Aquiles Roggero, Alberto Del Bagno, Mauricio Marcelli, Raúl Domínguez, Pedro Aguilar","Piano, Bass, 4 Bandoneons, 6 Violins"
Miguel Caló,Miguel Caló y su Orquesta Típica,1966-10-03,Canción de Rango,Pa' Que Se Callen,Tango,Roberto Rufino,Odeón,Tape-S,32825,LDB-114,Raúl Kaplún,José Suñé,,63-69 Post Reunion,Orlando Trípodi,Enrique Marchetto,"José Libertella, Lito Gentiluomo, Felipe Ricciardi, José Ricciardi","Fernando Suárez Paz, Aquiles Roggero, Alberto Del Bagno, Mauricio Marcelli, Raúl Domínguez, Pedro Aguilar","Piano, Bass, 4 Bandoneons, 6 Violins"
Miguel Caló,Miguel Caló y su Orquesta Típica,1966-10-03,Duelo Criollo,,Tango,Roberto Rufino,Odeón,Tape-S,32824,LDB-114,Juan Rezzano,Manuel García,,63-69 Post Reunion,Orlando Trípodi,Enrique Marchetto,"José Libertella, Lito Gentiluomo, Felipe Ricciardi, José Ricciardi","Fernando Suárez Paz, Aquiles Roggero, Alberto Del Bagno, Mauricio Marcelli, Raúl Domínguez, Pedro Aguilar","Piano, Bass, 4 Bandoneons, 6 Violins"
Miguel Caló,Miguel Caló y su Orquesta Típica,1966-10-27,Para Siempre,,Tango,Roberto Rufino,Odeón,Tape-S,32938,LDB-114,Armando Pontier,Federi,,63-69 Post Reunion,Orlando Trípodi,Enrique Marchetto,"José Libertella, Lito Gentiluomo, Felipe Ricciardi, José Ricciardi","Fernando Suárez Paz, Aquiles Roggero, Alberto Del Bagno, Mauricio Marcelli, Raúl Domínguez, Pedro Aguilar","Piano, Bass, 4 Bandoneons, 6 Violins"
Miguel Caló,Miguel Caló y su Orquesta Típica,1966-10-27,Y Te Necesito Tanto,,Tango,Roberto Rufino,Odeón,Tape-S,32937,LDB-114,Aquiles Roggero,Reinaldo Yiso,,63-69 Post Reunion,Orlando Trípodi,Enrique Marchetto,"José Libertella, Lito Gentiluomo, Felipe Ricciardi, José Ricciardi","Fernando Suárez Paz, Aquiles Roggero, Alberto Del Bagno, Mauricio Marcelli, Raúl Domínguez, Pedro Aguilar","Piano, Bass, 4 Bandoneons, 6 Violins"
Miguel Caló,Miguel Caló y su Orquesta Típica,1966-11-17,El Mundo de los Dos,,Tango,Roberto Rufino,Odeón,Tape-S,33018,LDB-114,"Roberto Rufino, Samuel Pribluda","Roberto Rufino, Samuel Pribluda",,63-69 Post Reunion,Orlando Trípodi,Enrique Marchetto,"José Libertella, Lito Gentiluomo, Felipe Ricciardi, José Ricciardi","Fernando Suárez Paz, Aquiles Roggero, Alberto Del Bagno, Mauricio Marcelli, Raúl Domínguez, Pedro Aguilar","Piano, Bass, 4 Bandoneons, 6 Violins"
Miguel Caló,Miguel Caló y su Orquesta Típica,1966-11-17,Racconto,,Tango,Roberto Rufino,Odeón,Tape-S,33019,LDB-114,Carlos García,Margarita Durán,,63-69 Post Reunion,Orlando Trípodi,Enrique Marchetto,"José Libertella, Lito Gentiluomo, Felipe Ricciardi, José Ricciardi","Fernando Suárez Paz, Aquiles Roggero, Alberto Del Bagno, Mauricio Marcelli, Raúl Domínguez, Pedro Aguilar","Piano, Bass, 4 Bandoneons, 6 Violins"
Miguel Caló,Miguel Caló y su Orquesta Típica,1967-05-15,Cafetín de Buenos Aires,,Tango,Alberto Marino,Odeón,Tape-S,33451,LDB-126,"Mariano Mores, Enrique Discépolo",Mariano Discépolo,,63-69 Post Reunion,Orlando Trípodi,Enrique Marchetto,"José Libertella, Lito Gentiluomo, Felipe Ricciardi, José Ricciardi","Fernando Suárez Paz, Aquiles Roggero, Alberto Del Bagno, Mauricio Marcelli, Raúl Domínguez, Pedro Aguilar","Piano, Bass, 4 Bandoneons, 6 Violins"
Miguel Caló,Miguel Caló y su Orquesta Típica,1967-05-15,Tu Piel de Jazmín,,Tango,Alberto Marino,Odeón,Tape-S,33452,LDB-126,Mariano Mores,José Contursi,,63-69 Post Reunion,Orlando Trípodi,Enrique Marchetto,"José Libertella, Lito Gentiluomo, Felipe Ricciardi, José Ricciardi","Fernando Suárez Paz, Aquiles Roggero, Alberto Del Bagno, Mauricio Marcelli, Raúl Domínguez, Pedro Aguilar","Piano, Bass, 4 Bandoneons, 6 Violins"
Miguel Caló,Miguel Caló y su Orquesta Típica,1967-05-23,Adiós Pampa Mía,,Tango,Alberto Marino,Odeón,Tape-S,33470,LDB-126,"Francisco Canaro, Mariano Mores",Ivo Pelay,,63-69 Post Reunion,Orlando Trípodi,Enrique Marchetto,"José Libertella, Lito Gentiluomo, Felipe Ricciardi, José Ricciardi","Fernando Suárez Paz, Aquiles Roggero, Alberto Del Bagno, Mauricio Marcelli, Raúl Domínguez, Pedro Aguilar","Piano, Bass, 4 Bandoneons, 6 Violins"
Miguel Caló,Miguel Caló y su Orquesta Típica,1967-05-23,Cuando Caigan las Hojas,,Tango,Alberto Marino,Odeón,Tape-S,33471,LDB-126,Emilio Balcarce,Ítalo Curio,,63-69 Post Reunion,Orlando Trípodi,Enrique Marchetto,"José Libertella, Lito Gentiluomo, Felipe Ricciardi, José Ricciardi","Fernando Suárez Paz, Aquiles Roggero, Alberto Del Bagno, Mauricio Marcelli, Raúl Domínguez, Pedro Aguilar","Piano, Bass, 4 Bandoneons, 6 Violins"
Miguel Caló,Miguel Caló y su Orquesta Típica,1967-05-29,Cilicio,,Tango,Alberto Marino,Odeón,Tape-S,33483,LDB-126,Vicente Marinaro,Ítalo Curio,,63-69 Post Reunion,Orlando Trípodi,Enrique Marchetto,"José Libertella, Lito Gentiluomo, Felipe Ricciardi, José Ricciardi","Fernando Suárez Paz, Aquiles Roggero, Alberto Del Bagno, Mauricio Marcelli, Raúl Domínguez, Pedro Aguilar","Piano, Bass, 4 Bandoneons, 6 Violins"
Miguel Caló,Miguel Caló y su Orquesta Típica,1967-05-29,Mi Tango Triste,,Tango,Alberto Marino,Odeón,Tape-S,,,Aníbal Troilo,José Contursi,,63-69 Post Reunion,Orlando Trípodi,Enrique Marchetto,"José Libertella, Lito Gentiluomo, Felipe Ricciardi, José Ricciardi","Fernando Suárez Paz, Aquiles Roggero, Alberto Del Bagno, Mauricio Marcelli, Raúl Domínguez, Pedro Aguilar","Piano, Bass, 4 Bandoneons, 6 Violins"
Miguel Caló,Miguel Caló y su Orquesta Típica,1967-06-05,Adiós,La Tarde Que Partí,Tango,Alberto Marino,Odeón,Tape-S,33499,LDB-126,Mariano Mores,"Pierre Lemaire, Alberto Martínez",,63-69 Post Reunion,Orlando Trípodi,Enrique Marchetto,"José Libertella, Lito Gentiluomo, Felipe Ricciardi, José Ricciardi","Fernando Suárez Paz, Aquiles Roggero, Alberto Del Bagno, Mauricio Marcelli, Raúl Domínguez, Pedro Aguilar","Piano, Bass, 4 Bandoneons, 6 Violins"
Miguel Caló,Miguel Caló y su Orquesta Típica,1967-06-05,He Vuelto Muchachos,,Tango,Alberto Marino,Odeón,Tape-S,33500,LDB-126,"José Suñé, Julio Sanders, Emilio Brameri","Pepe Suñe, Julio Sanders, Redoma Brameri",,63-69 Post Reunion,Orlando Trípodi,Enrique Marchetto,"José Libertella, Lito Gentiluomo, Felipe Ricciardi, José Ricciardi","Fernando Suárez Paz, Aquiles Roggero, Alberto Del Bagno, Mauricio Marcelli, Raúl Domínguez, Pedro Aguilar","Piano, Bass, 4 Bandoneons, 6 Violins"
Miguel Caló,Miguel Caló y su Orquesta Típica,1967-06-12,Entre Dos,,Tango,Instrumental,Odeón,Tape-S,33520,LDB-126,"Orlando Trípodi, Luis Stazo",,,63-69 Post Reunion,Orlando Trípodi,Enrique Marchetto,"José Libertella, Lito Gentiluomo, Felipe Ricciardi, José Ricciardi","Fernando Suárez Paz, Aquiles Roggero, Alberto Del Bagno, Mauricio Marcelli, Raúl Domínguez, Pedro Aguilar","Piano, Bass, 4 Bandoneons, 6 Violins"
Miguel Caló,Miguel Caló y su Orquesta Típica,1967-06-12,Porteñísimo,,Tango,Instrumental,Odeón,Tape-S,33519,LDB-126,"Miguel Caló, Aquiles Roggero",,,63-69 Post Reunion,Orlando Trípodi,Enrique Marchetto,"José Libertella, Lito Gentiluomo, Felipe Ricciardi, José Ricciardi","Fernando Suárez Paz, Aquiles Roggero, Alberto Del Bagno, Mauricio Marcelli, Raúl Domínguez, Pedro Aguilar","Piano, Bass, 4 Bandoneons, 6 Violins"
Miguel Caló,Miguel Caló y su Orquesta Típica,1967-06-26,El Chupete,,Tango,Instrumental,Odeón,Tape-S,33573,LDB-126,Carlos Gaudencio,Ángel Polito,,63-69 Post Reunion,Orlando Trípodi,Enrique Marchetto,"José Libertella, Lito Gentiluomo, Felipe Ricciardi, José Ricciardi","Fernando Suárez Paz, Aquiles Roggero, Alberto Del Bagno, Mauricio Marcelli, Raúl Domínguez, Pedro Aguilar","Piano, Bass, 4 Bandoneons, 6 Violins"
Miguel Caló,Miguel Caló y su Orquesta Típica,1967-06-26,Snobismo,,Tango,Instrumental,Odeón,Tape-S,33572,LDB-126,Juan Cobián,,,63-69 Post Reunion,Orlando Trípodi,Enrique Marchetto,"José Libertella, Lito Gentiluomo, Felipe Ricciardi, José Ricciardi","Fernando Suárez Paz, Aquiles Roggero, Alberto Del Bagno, Mauricio Marcelli, Raúl Domínguez, Pedro Aguilar","Piano, Bass, 4 Bandoneons, 6 Violins"
Miguel Caló,Miguel Caló y su Orquesta Típica,1967-09-12,Aquel Viejo Tango,,Tango,Raúl Ledesma,Odeón,Tape-S,33854,LDB-175,"Antonio Arcieri, Ángel Danesi","Luis Deregnaucourt, Roberto Giménez, Francisco Bohígas",,63-69 Post Reunion,Orlando Trípodi,Enrique Marchetto,"José Libertella, Lito Gentiluomo, Felipe Ricciardi, José Ricciardi","Fernando Suárez Paz, Aquiles Roggero, Alberto Del Bagno, Mauricio Marcelli, Raúl Domínguez, Pedro Aguilar","Piano, Bass, 4 Bandoneons, 6 Violins"
Miguel Caló,Miguel Caló y su Orquesta Típica,1967-09-12,Así Era Ella Muchachos,,Tango,Raúl Ledesma,Odeón,Tape-S,33852,LDB-175,Eduardo Cabodevila,Ángel Rosa,,63-69 Post Reunion,Orlando Trípodi,Enrique Marchetto,"José Libertella, Lito Gentiluomo, Felipe Ricciardi, José Ricciardi","Fernando Suárez Paz, Aquiles Roggero, Alberto Del Bagno, Mauricio Marcelli, Raúl Domínguez, Pedro Aguilar","Piano, Bass, 4 Bandoneons, 6 Violins"
Miguel Caló,Miguel Caló y su Orquesta Típica,1967-09-12,Garras,,Tango,Raúl Ledesma,Odeón,Tape-S,33851,LDB-175,Aníbal Troilo,José Contursi,,63-69 Post Reunion,Orlando Trípodi,Enrique Marchetto,"José Libertella, Lito Gentiluomo, Felipe Ricciardi, José Ricciardi","Fernando Suárez Paz, Aquiles Roggero, Alberto Del Bagno, Mauricio Marcelli, Raúl Domínguez, Pedro Aguilar","Piano, Bass, 4 Bandoneons, 6 Violins"
Miguel Caló,Miguel Caló y su Orquesta Típica,1967-09-12,Sabor a Buenos Aires,,Tango,Raúl Ledesma,Odeón,Tape-S,33853,LDB-175,Miguel Caló,Carlos Mastronardi,,63-69 Post Reunion,Orlando Trípodi,Enrique Marchetto,"José Libertella, Lito Gentiluomo, Felipe Ricciardi, José Ricciardi","Fernando Suárez Paz, Aquiles Roggero, Alberto Del Bagno, Mauricio Marcelli, Raúl Domínguez, Pedro Aguilar","Piano, Bass, 4 Bandoneons, 6 Violins"
Miguel Caló,Miguel Caló y su Orquesta Típica,1969-03-28,Aquel Lugar Querido,,Tango,Instrumental,Odeón,Tape-S,33518,LDB-175,"Miguel Caló, Aquiles Roggero",,,63-69 Post Reunion,Orlando Trípodi,Enrique Marchetto,"José Libertella, Lito Gentiluomo, Felipe Ricciardi, José Ricciardi","Fernando Suárez Paz, Aquiles Roggero, Alberto Del Bagno, Mauricio Marcelli, Raúl Domínguez, Pedro Aguilar","Piano, Bass, 4 Bandoneons, 6 Violins"
Miguel Caló,Miguel Caló y su Orquesta Típica,1969-03-28,El Amanecer,,Tango,Instrumental,Odeón,Tape-S,35519,LDB-175,Roberto Firpo,,,63-69 Post Reunion,Orlando Trípodi,Enrique Marchetto,"José Libertella, Lito Gentiluomo, Felipe Ricciardi, José Ricciardi","Fernando Suárez Paz, Aquiles Roggero, Alberto Del Bagno, Mauricio Marcelli, Raúl Domínguez, Pedro Aguilar","Piano, Bass, 4 Bandoneons, 6 Violins"
Miguel Caló,Miguel Caló y su Orquesta Típica,1969-03-28,Notas Para el Cielo,,Tango,Instrumental,Odeón,Tape-S,35501,LDB-175,Orlando Trípodi,,,63-69 Post Reunion,Orlando Trípodi,Enrique Marchetto,"José Libertella, Lito Gentiluomo, Felipe Ricciardi, José Ricciardi","Fernando Suárez Paz, Aquiles Roggero, Alberto Del Bagno, Mauricio Marcelli, Raúl Domínguez, Pedro Aguilar","Piano, Bass, 4 Bandoneons, 6 Violins"
Miguel Caló,Miguel Caló y su Orquesta Típica,1969-03-28,Tierra Querida,,Tango,Instrumental,Odeón,Tape-S,35502,LDB-175,Julio De Caro,Luis Díaz,,63-69 Post Reunion,Orlando Trípodi,Enrique Marchetto,"José Libertella, Lito Gentiluomo, Felipe Ricciardi, José Ricciardi","Fernando Suárez Paz, Aquiles Roggero, Alberto Del Bagno, Mauricio Marcelli, Raúl Domínguez, Pedro Aguilar","Piano, Bass, 4 Bandoneons, 6 Violins"
Miguel Caló,Miguel Caló y su Orquesta Típica,1969-05-15,A Villoldo,,Tango,Instrumental,Odeón,Tape-S,35750,LDB-175,Armando Lacava,,,63-69 Post Reunion,Orlando Trípodi,Enrique Marchetto,"José Libertella, Lito Gentiluomo, Felipe Ricciardi, José Ricciardi","Fernando Suárez Paz, Aquiles Roggero, Alberto Del Bagno, Mauricio Marcelli, Raúl Domínguez, Pedro Aguilar","Piano, Bass, 4 Bandoneons, 6 Violins"
Miguel Caló,Miguel Caló y su Orquesta Típica,1969-05-15,En Fa Menor,,Tango,Instrumental,Odeón,Tape-S,35749,LDB-175,"Roberto Caló, Osvaldo Tarantino",,,63-69 Post Reunion,Orlando Trípodi,Enrique Marchetto,"José Libertella, Lito Gentiluomo, Felipe Ricciardi, José Ricciardi","Fernando Suárez Paz, Aquiles Roggero, Alberto Del Bagno, Mauricio Marcelli, Raúl Domínguez, Pedro Aguilar","Piano, Bass, 4 Bandoneons, 6 Violins"
Miguel Caló,Miguel Caló y su Orquesta Típica,1969-05-27,Canción Desesperada,,Tango,Instrumental,Odeón,Tape-S,35823,LDB-175,Enrique Discépolo,Enrique Discépolo,,63-69 Post Reunion,Orlando Trípodi,Enrique Marchetto,"José Libertella, Lito Gentiluomo, Felipe Ricciardi, José Ricciardi","Fernando Suárez Paz, Aquiles Roggero, Alberto Del Bagno, Mauricio Marcelli, Raúl Domínguez, Pedro Aguilar","Piano, Bass, 4 Bandoneons, 6 Violins"
Miguel Caló,Miguel Caló y su Orquesta Típica,1969-05-27,Rondando Tu Esquina,,Tango,Instrumental,Odeón,Tape-S,35824,LDB-175,Charlo,Enrique Cadícamo,,63-69 Post Reunion,Orlando Trípodi,Enrique Marchetto,"José Libertella, Lito Gentiluomo, Felipe Ricciardi, José Ricciardi","Fernando Suárez Paz, Aquiles Roggero, Alberto Del Bagno, Mauricio Marcelli, Raúl Domínguez, Pedro Aguilar","Piano, Bass, 4 Bandoneons, 6 Violins"
Miguel Caló,Miguel Caló y su Orquesta Típica,1972,A Mi Me Gusta y a Usted,,Tango,Instrumental,Embassy,Tape-S,,70001,"Miguel Caló, Orlando Trípodi",,,72 Embassy,Orlando Trípodi,Juan Carlos Vallejos,"Tomás Giannini, Oscar Bassil, Héctor Lettera, Santos Maggi","Aquiles Roggero, Aquiles Aguilar, José Amatriain, Pedro Aguilar, Osvaldo Rodríguez","Piano, Bass, 4 Bandoneons, 5 Violins"
Miguel Caló,Miguel Caló y su Orquesta Típica,1972,Así Se Baila Hoy,,Tango,Alberto Podestá,Embassy,Tape-S,,50023,Marcos Vera,Ernesto Cardenal,,72 Embassy,Orlando Trípodi,Juan Carlos Vallejos,"Tomás Giannini, Oscar Bassil, Héctor Lettera, Santos Maggi","Aquiles Roggero, Aquiles Aguilar, José Amatriain, Pedro Aguilar, Osvaldo Rodríguez","Piano, Bass, 4 Bandoneons, 5 Violins"
Miguel Caló,Miguel Caló y su Orquesta Típica,1972,Cobrate y Dame el Vuelto,,Milonga,Alberto Podestá,Embassy,Tape-S,,50023,Miguel Caló,Enrique Dizeo,,72 Embassy,Orlando Trípodi,Juan Carlos Vallejos,"Tomás Giannini, Oscar Bassil, Héctor Lettera, Santos Maggi","Aquiles Roggero, Aquiles Aguilar, José Amatriain, Pedro Aguilar, Osvaldo Rodríguez","Piano, Bass, 4 Bandoneons, 5 Violins"
Miguel Caló,Miguel Caló y su Orquesta Típica,1972,Con Personalidad,,Tango,Instrumental,Embassy,Tape-S,,70001,"Miguel Caló, Aquiles Roggero",,,72 Embassy,Orlando Trípodi,Juan Carlos Vallejos,"Tomás Giannini, Oscar Bassil, Héctor Lettera, Santos Maggi","Aquiles Roggero, Aquiles Aguilar, José Amatriain, Pedro Aguilar, Osvaldo Rodríguez","Piano, Bass, 4 Bandoneons, 5 Violins"
Miguel Caló,Miguel Caló y su Orquesta Típica,1972,Corazón Yo Creo en Vos,,Tango,Alberto Podestá,Embassy,Tape-S,,50023,Miguel Caló,Leopoldo Vélez,,72 Embassy,Orlando Trípodi,Juan Carlos Vallejos,"Tomás Giannini, Oscar Bassil, Héctor Lettera, Santos Maggi","Aquiles Roggero, Aquiles Aguilar, José Amatriain, Pedro Aguilar, Osvaldo Rodríguez","Piano, Bass, 4 Bandoneons, 5 Violins"
Miguel Caló,Miguel Caló y su Orquesta Típica,1972,De Levita y con Bastón,,Tango,Instrumental,Embassy,Tape-S,,70001,"Miguel Nijensohn, Miguel Caló",,,72 Embassy,Orlando Trípodi,Juan Carlos Vallejos,"Tomás Giannini, Oscar Bassil, Héctor Lettera, Santos Maggi","Aquiles Roggero, Aquiles Aguilar, José Amatriain, Pedro Aguilar, Osvaldo Rodríguez","Piano, Bass, 4 Bandoneons, 5 Violins"
Miguel Caló,Miguel Caló y su Orquesta Típica,1972,La Luz de la Pensión,,Tango,Alberto Podestá,Embassy,Tape-S,,50023,Aquiles Roggero,Héctor Varela,,72 Embassy,Orlando Trípodi,Juan Carlos Vallejos,"Tomás Giannini, Oscar Bassil, Héctor Lettera, Santos Maggi","Aquiles Roggero, Aquiles Aguilar, José Amatriain, Pedro Aguilar, Osvaldo Rodríguez","Piano, Bass, 4 Bandoneons, 5 Violins"
Miguel Caló,Miguel Caló y su Orquesta Típica,1972,La Mentirosa,,Tango,Raúl Iriarte,Embassy,Tape-S,,70001,Anselmo Aieta,Francisco Jiménez,,72 Embassy,Orlando Trípodi,Juan Carlos Vallejos,"Tomás Giannini, Oscar Bassil, Héctor Lettera, Santos Maggi","Aquiles Roggero, Aquiles Aguilar, José Amatriain, Pedro Aguilar, Osvaldo Rodríguez","Piano, Bass, 4 Bandoneons, 5 Violins"
Miguel Caló,Miguel Caló y su Orquesta Típica,1972,Lo Pensé Así,,Tango,Instrumental,Embassy,Tape-S,,50023,Miguel Nijensohn,,,72 Embassy,Orlando Trípodi,Juan Carlos Vallejos,"Tomás Giannini, Oscar Bassil, Héctor Lettera, Santos Maggi","Aquiles Roggero, Aquiles Aguilar, José Amatriain, Pedro Aguilar, Osvaldo Rodríguez","Piano, Bass, 4 Bandoneons, 5 Violins"
Miguel Caló,Miguel Caló y su Orquesta Típica,1972,Mientras Vuelva el Amor,,Tango,Alberto Podestá,Embassy,Tape-S,,50023,José Dames,Leopoldo Vélez,,72 Embassy,Orlando Trípodi,Juan Carlos Vallejos,"Tomás Giannini, Oscar Bassil, Héctor Lettera, Santos Maggi","Aquiles Roggero, Aquiles Aguilar, José Amatriain, Pedro Aguilar, Osvaldo Rodríguez","Piano, Bass, 4 Bandoneons, 5 Violins"
Miguel Caló,Miguel Caló y su Orquesta Típica,1972,Mis Flores Negras,,Vals,Iriarte y Arrieta,Embassy,Tape-S,,70001,Félix Almeyda,Félix Almeyda,,72 Embassy,Orlando Trípodi,Juan Carlos Vallejos,"Tomás Giannini, Oscar Bassil, Héctor Lettera, Santos Maggi","Aquiles Roggero, Aquiles Aguilar, José Amatriain, Pedro Aguilar, Osvaldo Rodríguez","Piano, Bass, 4 Bandoneons, 5 Violins"
Miguel Caló,Miguel Caló y su Orquesta Típica,1972,Nadine,,Tango,Instrumental,Embassy,Tape-S,,50023,Miguel Caló,Orlando Trípodi,,72 Embassy,Orlando Trípodi,Juan Carlos Vallejos,"Tomás Giannini, Oscar Bassil, Héctor Lettera, Santos Maggi","Aquiles Roggero, Aquiles Aguilar, José Amatriain, Pedro Aguilar, Osvaldo Rodríguez","Piano, Bass, 4 Bandoneons, 5 Violins"
Miguel Caló,Miguel Caló y su Orquesta Típica,1972,Nubes de Humo,Fume Compadre,Tango,Raúl Iriarte,Embassy,Tape-S,,70001,Manuel Jovés,Manuel Romero,,72 Embassy,Orlando Trípodi,Juan Carlos Vallejos,"Tomás Giannini, Oscar Bassil, Héctor Lettera, Santos Maggi","Aquiles Roggero, Aquiles Aguilar, José Amatriain, Pedro Aguilar, Osvaldo Rodríguez","Piano, Bass, 4 Bandoneons, 5 Violins"
Miguel Caló,Miguel Caló y su Orquesta Típica,1972,Que Te Lo Diga Dios,,Tango,Roberto Arrieta,Embassy,Tape-S,,70001,"Miguel Nijensohn, Rodolfo Toscano",Roberto Arrieta,,72 Embassy,Orlando Trípodi,Juan Carlos Vallejos,"Tomás Giannini, Oscar Bassil, Héctor Lettera, Santos Maggi","Aquiles Roggero, Aquiles Aguilar, José Amatriain, Pedro Aguilar, Osvaldo Rodríguez","Piano, Bass, 4 Bandoneons, 5 Violins"
Miguel Caló,Miguel Caló y su Orquesta Típica,1972,Señor Que No Me Miras,,Tango,Alberto Podestá,Embassy,Tape-S,,50023,Orlando Trípodi,Mario Benedetti,,72 Embassy,Orlando Trípodi,Juan Carlos Vallejos,"Tomás Giannini, Oscar Bassil, Héctor Lettera, Santos Maggi","Aquiles Roggero, Aquiles Aguilar, José Amatriain, Pedro Aguilar, Osvaldo Rodríguez","Piano, Bass, 4 Bandoneons, 5 Violins"
Miguel Caló,Miguel Caló y su Orquesta Típica,1972,Sobre un Mar de Azoteas,,Tango,Alberto Podestá,Embassy,Tape-S,,50023,"Miguel Nijensohn, Alberto Alé",Cátulo Castillo,,72 Embassy,Orlando Trípodi,Juan Carlos Vallejos,"Tomás Giannini, Oscar Bassil, Héctor Lettera, Santos Maggi","Aquiles Roggero, Aquiles Aguilar, José Amatriain, Pedro Aguilar, Osvaldo Rodríguez","Piano, Bass, 4 Bandoneons, 5 Violins"
Miguel Caló,Miguel Caló y su Orquesta Típica,1972,Soy Melodioso,,Tango,Instrumental,Embassy,Tape-S,,70001,"Miguel Caló, Orlando Trípodi",,,72 Embassy,Orlando Trípodi,Juan Carlos Vallejos,"Tomás Giannini, Oscar Bassil, Héctor Lettera, Santos Maggi","Aquiles Roggero, Aquiles Aguilar, José Amatriain, Pedro Aguilar, Osvaldo Rodríguez","Piano, Bass, 4 Bandoneons, 5 Violins"
Miguel Caló,Miguel Caló y su Orquesta Típica,1972,Soy Porteñísima,,Milonga,Instrumental,Embassy,Tape-S,,50023,"Aquiles Roggero, Miguel Caló",,,72 Embassy,Orlando Trípodi,Juan Carlos Vallejos,"Tomás Giannini, Oscar Bassil, Héctor Lettera, Santos Maggi","Aquiles Roggero, Aquiles Aguilar, José Amatriain, Pedro Aguilar, Osvaldo Rodríguez","Piano, Bass, 4 Bandoneons, 5 Violins"
Miguel Caló,Miguel Caló y su Orquesta Típica,1972,Todos Vuelven,,Vals,Iriarte y Arrieta,Embassy,Tape-S,,70001,César Bahamonde,César Miró,,72 Embassy,Orlando Trípodi,Juan Carlos Vallejos,"Tomás Giannini, Oscar Bassil, Héctor Lettera, Santos Maggi","Aquiles Roggero, Aquiles Aguilar, José Amatriain, Pedro Aguilar, Osvaldo Rodríguez","Piano, Bass, 4 Bandoneons, 5 Violins"
Miguel Caló,Miguel Caló y su Orquesta Típica,1972,Tres Esperanzas,,Tango,Roberto Arrieta,Embassy,Tape-S,,70001,Enrique Discépolo,Enrique Discépolo,,72 Embassy,Orlando Trípodi,Juan Carlos Vallejos,"Tomás Giannini, Oscar Bassil, Héctor Lettera, Santos Maggi","Aquiles Roggero, Aquiles Aguilar, José Amatriain, Pedro Aguilar, Osvaldo Rodríguez","Piano, Bass, 4 Bandoneons, 5 Violins"
Miguel Caló,Miguel Caló y su Orquesta Típica,1972,Un Alma Buena,,Tango,Alberto Podestá,Embassy,Tape-S,,50023,Aquiles Aguilar,José Contursi,,72 Embassy,Orlando Trípodi,Juan Carlos Vallejos,"Tomás Giannini, Oscar Bassil, Héctor Lettera, Santos Maggi","Aquiles Roggero, Aquiles Aguilar, José Amatriain, Pedro Aguilar, Osvaldo Rodríguez","Piano, Bass, 4 Bandoneons, 5 Violins"
Miguel Caló,Miguel Caló y su Orquesta Típica,1972,Un Lugar Para los Dos,,Tango,Raúl Iriarte,Embassy,Tape-S,,70001,"Miguel Caló, Aquiles Roggero",Leopoldo Vélez,,72 Embassy,Orlando Trípodi,Juan Carlos Vallejos,"Tomás Giannini, Oscar Bassil, Héctor Lettera, Santos Maggi","Aquiles Roggero, Aquiles Aguilar, José Amatriain, Pedro Aguilar, Osvaldo Rodríguez","Piano, Bass, 4 Bandoneons, 5 Violins"
Miguel Caló,Miguel Caló y su Orquesta Típica,1972,Unamos Nuestras Vidas,,Vals,Alberto Podestá,Embassy,Tape-S,,50023,Juan Caló,Alberto Cosentino,,72 Embassy,Orlando Trípodi,Juan Carlos Vallejos,"Tomás Giannini, Oscar Bassil, Héctor Lettera, Santos Maggi","Aquiles Roggero, Aquiles Aguilar, José Amatriain, Pedro Aguilar, Osvaldo Rodríguez","Piano, Bass, 4 Bandoneons, 5 Violins"
Miguel Caló,Miguel Caló y su Orquesta Típica,1972,Yo También Soñé,,Tango,Roberto Arrieta,Embassy,Tape-S,,70001,Francisco Canaro,Luis Amadori,,72 Embassy,Orlando Trípodi,Juan Carlos Vallejos,"Tomás Giannini, Oscar Bassil, Héctor Lettera, Santos Maggi","Aquiles Roggero, Aquiles Aguilar, José Amatriain, Pedro Aguilar, Osvaldo Rodríguez","Piano, Bass, 4 Bandoneons, 5 Violins"
Miguel Caló,Miguel Caló y su Orquesta Típica,1965-05-01,A Media Luz,,Tango,Lucho Gatica,Odeón,,,LDM-8166,Edgardo Donato,Carlos Lenzi,,,,,,,
Miguel Caló,Miguel Caló y su Orquesta Típica,1965-05-03,Al Compás del Corazón,,Tango,Lucho Gatica,Odeón,,,LDM-8166,Domingo Federico,Homero Expósito,,,,,,,
Miguel Caló,Miguel Caló y su Orquesta Típica,1965,Malena,,Tango,Raúl Del Mar-Héctor Gagliardi,,,,,Lucio Demare,Homero Manzi,,,,,,,
Miguel Caló,Miguel Caló y su Orquesta Típica,1965-05-08,Mano a Mano,,Tango,Lucho Gatica,Odeón,,,LDM-8166,Carlos Gardel,Celedonio Flores,,,,,,,
Miguel Caló,Miguel Caló y su Orquesta Típica,1944-08-28,Mi Tango Es Triste,,Tango,Alberto Marino,Odeón,,33482,LDB-126,Aníbal Troilo,José Contursi,,,,,,,
Miguel Caló,Miguel Caló y su Orquesta Típica,1965-05-10,Percal,,Tango,Lucho Gatica,Odeón,,,LDM-8166,Domingo Federico,Homero Expósito,,,,,,,
Miguel Caló,Miguel Caló y su Orquesta Típica,1965-08-22,Que Falta Que Me Hacés,,Tango,Roberto Luque,Odeón,,,LDB-67,Armando Pontier,Federico Silva,,,,,,,
Miguel Caló,Miguel Caló y su Orquesta Típica,1935-06-10,Suena el Acordeón,,Tango,Carlos Dante,Odeón,,8176,8354,Juan Mateo,Mario Battistella,,,,,,,
Miguel Caló,Miguel Caló y su Orquesta Típica,1966-09-27,Tal Vez (Adiós en Flor),,Tango,Roberto Rufino,Odeón,,32813,LDB-114,Juan Schellemberg,José Arenas,,,,,,,
Miguel Caló,Miguel Caló y su Orquesta Típica,1965-05-12,Uno,,Tango,Lucho Gatica,Odeón,,,LDM-8166,Mariano Mores,Enrique Discépolo,,,,,,,
