Bandleader,Orchestra,Date,Title,AltTitle,Genre,Singer,Label,Master,Matrix,Disc,Composer,Author,Arranger,Grouping,Pianist,Bassist,Bandoneons,Strings,Lineup,Img_Type,Img_Folder,Img_Side,Img_Album
Osvaldo Pugliese,Osvaldo Pugliese y su Orquesta Típica,1943-07-15,El Rodeo,,Tango,Instrumental,Odeón,78rpm,12926,,Agustín Bardi,,,43-46 Pre Yumba,Osvaldo Pugliese,Aniceto Rossi,"Enrique Alessio, Osvaldo Ruggiero, Esteban Gilardi, Alberto Armengol","Enrique Camerano, Julio Carrasco, Jaime Tursky","Piano, Bass, 4 Bandoneons, 3 Violins",LP,Edición Aniversario 1905-2005,,Edicion Aniversario
Osvaldo Pugliese,Osvaldo Pugliese y su Orquesta Típica,1943-07-15,Farol,,Tango,Roberto Chanel,Odeón,78rpm,12925,,Virgilio Expósito,Homero Expósito,,43-46 Pre Yumba,Osvaldo Pugliese,Aniceto Rossi,"Enrique Alessio, Osvaldo Ruggiero, Esteban Gilardi, Alberto Armengol","Enrique Camerano, Julio Carrasco, Jaime Tursky","Piano, Bass, 4 Bandoneons, 3 Violins",LP,Edición Aniversario 1905-2005,,Edicion Aniversario
Osvaldo Pugliese,Osvaldo Pugliese y su Orquesta Típica,1943-08-27,Mala Junta,,Tango,Instrumental,Odeón,78rpm,13082,,"Julio De Caro, Pedro Laurenz",Juan Velich,,43-46 Pre Yumba,Osvaldo Pugliese,Aniceto Rossi,"Enrique Alessio, Osvaldo Ruggiero, Esteban Gilardi, Alberto Armengol","Enrique Camerano, Julio Carrasco, Jaime Tursky","Piano, Bass, 4 Bandoneons, 3 Violins",,,,
Osvaldo Pugliese,Osvaldo Pugliese y su Orquesta Típica,1943-08-27,Muchachos Comienza la Ronda,,Tango,Roberto Chanel,Odeón,78rpm,13081,,Luis Porcell,Leopoldo Vélez,,43-46 Pre Yumba,Osvaldo Pugliese,Aniceto Rossi,"Enrique Alessio, Osvaldo Ruggiero, Esteban Gilardi, Alberto Armengol","Enrique Camerano, Julio Carrasco, Jaime Tursky","Piano, Bass, 4 Bandoneons, 3 Violins",,,,
Osvaldo Pugliese,Osvaldo Pugliese y su Orquesta Típica,1943-10-21,Milonga de Mi Tierra,,Milonga,Jorge Rubino,Odeón,78rpm,13288,,Alberto Pugliese,José Sassone,,43-46 Pre Yumba,Osvaldo Pugliese,Aniceto Rossi,"Enrique Alessio, Osvaldo Ruggiero, Esteban Gilardi, Alberto Armengol","Enrique Camerano, Julio Carrasco, Jaime Tursky","Piano, Bass, 4 Bandoneons, 3 Violins",LP,Edición Aniversario 1905-2005,,Edicion Aniversario
Osvaldo Pugliese,Osvaldo Pugliese y su Orquesta Típica,1943-10-21,Qué Bien Te Queda,Cómo Has Cambiado,Tango,Roberto Chanel,Odeón,78rpm,13289,,Vicente Salerno,Juan Mazzaroni,,43-46 Pre Yumba,Osvaldo Pugliese,Aniceto Rossi,"Enrique Alessio, Osvaldo Ruggiero, Esteban Gilardi, Alberto Armengol","Enrique Camerano, Julio Carrasco, Jaime Tursky","Piano, Bass, 4 Bandoneons, 3 Violins",,,,
Osvaldo Pugliese,Osvaldo Pugliese y su Orquesta Típica,1944-03-31,Recuerdo,,Tango,Instrumental,Odeón,78rpm,13685,,Osvaldo Pugliese,Eduardo Moreno,,43-46 Pre Yumba,Osvaldo Pugliese,Aniceto Rossi,"Enrique Alessio, Osvaldo Ruggiero, Esteban Gilardi, Alberto Armengol","Enrique Camerano, Julio Carrasco, Oscar Herrero, Jaime Tursky","Piano, Bass, 4 Bandoneons, 4 Violins",LP,Recuerdo,A,Recuerdo
Osvaldo Pugliese,Osvaldo Pugliese y su Orquesta Típica,1944-03-31,Silbar de Boyero,,Tango,Roberto Chanel,Odeón,78rpm,13680,,David Barberis,José Bazán,,43-46 Pre Yumba,Osvaldo Pugliese,Aniceto Rossi,"Enrique Alessio, Osvaldo Ruggiero, Esteban Gilardi, Alberto Armengol","Enrique Camerano, Julio Carrasco, Oscar Herrero, Jaime Tursky","Piano, Bass, 4 Bandoneons, 4 Violins",,,,
Osvaldo Pugliese,Osvaldo Pugliese y su Orquesta Típica,1944-06-01,El Remate,,Tango,Instrumental,Odeón,78rpm,13819,,Alberto Pugliese,,,43-46 Pre Yumba,Osvaldo Pugliese,Aniceto Rossi,"Enrique Alessio, Osvaldo Ruggiero, Esteban Gilardi, Alberto Armengol","Enrique Camerano, Julio Carrasco, Oscar Herrero, Jaime Tursky","Piano, Bass, 4 Bandoneons, 4 Violins",,,,
Osvaldo Pugliese,Osvaldo Pugliese y su Orquesta Típica,1944-06-01,Tortazos,,Milonga,Roberto Chanel,Odeón,78rpm,13818,,José Razzano,Enrique Maroni,,43-46 Pre Yumba,Osvaldo Pugliese,Aniceto Rossi,"Enrique Alessio, Osvaldo Ruggiero, Esteban Gilardi, Alberto Armengol","Enrique Camerano, Julio Carrasco, Oscar Herrero, Jaime Tursky","Piano, Bass, 4 Bandoneons, 4 Violins",LP,Noches de San Telmo,A,Noches De San Telmo
Osvaldo Pugliese,Osvaldo Pugliese y su Orquesta Típica,1944-07-06,Tierra Querida,,Tango,Instrumental,Odeón,78rpm,13924,,Julio De Caro,Luis Díaz,,43-46 Pre Yumba,Osvaldo Pugliese,Aniceto Rossi,"Enrique Alessio, Osvaldo Ruggiero, Esteban Gilardi, Alberto Armengol","Enrique Camerano, Julio Carrasco, Oscar Herrero, Jaime Tursky","Piano, Bass, 4 Bandoneons, 4 Violins",,,,
Osvaldo Pugliese,Osvaldo Pugliese y su Orquesta Típica,1944-07-06,El Día de Tu Ausencia,,Tango,Roberto Chanel,Odeón,78rpm,13923,,Argentino Galván,Manuel Arcos,,43-46 Pre Yumba,Osvaldo Pugliese,Aniceto Rossi,"Enrique Alessio, Osvaldo Ruggiero, Esteban Gilardi, Alberto Armengol","Enrique Camerano, Julio Carrasco, Oscar Herrero, Jaime Tursky","Piano, Bass, 4 Bandoneons, 4 Violins",,,,
Osvaldo Pugliese,Osvaldo Pugliese y su Orquesta Típica,1944-07-20,La Abandoné y No Sabía,,Tango,Roberto Chanel,Odeón,78rpm,13958,,José Canet,José Canet,,43-46 Pre Yumba,Osvaldo Pugliese,Aniceto Rossi,"Enrique Alessio, Osvaldo Ruggiero, Esteban Gilardi, Alberto Armengol","Enrique Camerano, Julio Carrasco, Oscar Herrero, Jaime Tursky","Piano, Bass, 4 Bandoneons, 4 Violins",,,,
Osvaldo Pugliese,Osvaldo Pugliese y su Orquesta Típica,1944-07-20,Tu Casa Ya No Está,,Vals,Roberto Chanel,Odeón,78rpm,13957,,Virgilio Expósito,Homero Expósito,,43-46 Pre Yumba,Osvaldo Pugliese,Aniceto Rossi,"Enrique Alessio, Osvaldo Ruggiero, Esteban Gilardi, Alberto Armengol","Enrique Camerano, Julio Carrasco, Oscar Herrero, Jaime Tursky","Piano, Bass, 4 Bandoneons, 4 Violins",,,,
Osvaldo Pugliese,Osvaldo Pugliese y su Orquesta Típica,1944-08-22,El Arranque,,Tango,Instrumental,Odeón,78rpm,14040,,Julio De Caro,Mario Gomila,,43-46 Pre Yumba,Osvaldo Pugliese,Aniceto Rossi,"Enrique Alessio, Osvaldo Ruggiero, Esteban Gilardi, Alberto Armengol","Enrique Camerano, Julio Carrasco, Oscar Herrero, Jaime Tursky","Piano, Bass, 4 Bandoneons, 4 Violins",,,,
Osvaldo Pugliese,Osvaldo Pugliese y su Orquesta Típica,1944-08-22,El Tango Es una Historia,,Tango,Roberto Chanel,Odeón,78rpm,14039,,Roberto Chanel,Reinaldo Yiso,,43-46 Pre Yumba,Osvaldo Pugliese,Aniceto Rossi,"Enrique Alessio, Osvaldo Ruggiero, Esteban Gilardi, Alberto Armengol","Enrique Camerano, Julio Carrasco, Oscar Herrero, Jaime Tursky","Piano, Bass, 4 Bandoneons, 4 Violins",LP,Edición Aniversario 1905-2005,,Edicion Aniversario
Osvaldo Pugliese,Osvaldo Pugliese y su Orquesta Típica,1944-10-17,Adiós Bardi,,Tango,Instrumental,Odeón,78rpm,14165,,Osvaldo Pugliese,,,43-46 Pre Yumba,Osvaldo Pugliese,Aniceto Rossi,"Osvaldo Ruggiero, Jose Caldara, Esteban Gilardi, Oscar Castagniaro","Enrique Camerano, Julio Carrasco, Oscar Herrero, Jaime Tursky","Piano, Bass, 4 Bandoneons, 4 Violins",LP,Edición Aniversario 1905-2005,,Edicion Aniversario
Osvaldo Pugliese,Osvaldo Pugliese y su Orquesta Típica,1944-10-17,Corrientes y Esmeralda,,Tango,Roberto Chanel,Odeón,78rpm,14166,,Francisco Pracánico,Celedonio Flores,,43-46 Pre Yumba,Osvaldo Pugliese,Aniceto Rossi,"Osvaldo Ruggiero, Jose Caldara, Esteban Gilardi, Oscar Castagniaro","Enrique Camerano, Julio Carrasco, Oscar Herrero, Jaime Tursky","Piano, Bass, 4 Bandoneons, 4 Violins",LP,Noches de San Telmo,A,Noches De San Telmo
Osvaldo Pugliese,Osvaldo Pugliese y su Orquesta Típica,1944-11-24,Amurado,,Tango,Instrumental,Odeón,78rpm,14240,,"Pedro Maffía, Pedro Laurenz",José De Grandis,,43-46 Pre Yumba,Osvaldo Pugliese,Aniceto Rossi,"Osvaldo Ruggiero, Jose Caldara, Esteban Gilardi, Oscar Castagniaro","Enrique Camerano, Julio Carrasco, Oscar Herrero, Jaime Tursky","Piano, Bass, 4 Bandoneons, 4 Violins",LP,Edición Aniversario 1905-2005,,Edicion Aniversario
Osvaldo Pugliese,Osvaldo Pugliese y su Orquesta Típica,1944-11-24,Nada Más Que un Corazón,,Tango,Roberto Chanel,Odeón,78rpm,14241,,Manuel Sucher,Carlos Bahr,,43-46 Pre Yumba,Osvaldo Pugliese,Aniceto Rossi,"Osvaldo Ruggiero, Jose Caldara, Esteban Gilardi, Oscar Castagniaro","Enrique Camerano, Julio Carrasco, Oscar Herrero, Jaime Tursky","Piano, Bass, 4 Bandoneons, 4 Violins",LP,Noches de San Telmo,B,Noches De San Telmo
Osvaldo Pugliese,Osvaldo Pugliese y su Orquesta Típica,1944-12-21,Mala Pinta,Mala Estampa,Tango,Instrumental,Odeón,78rpm,14332,,"Francisco De Caro, Julio De Caro",,,43-46 Pre Yumba,Osvaldo Pugliese,Aniceto Rossi,"Osvaldo Ruggiero, Jose Caldara, Esteban Gilardi, Oscar Castagniaro","Enrique Camerano, Julio Carrasco, Oscar Herrero, Jaime Tursky","Piano, Bass, 4 Bandoneons, 4 Violins",,,,
Osvaldo Pugliese,Osvaldo Pugliese y su Orquesta Típica,1944-12-21,Puentecito de Mi Río,,Vals,Roberto Chanel,Odeón,78rpm,14331,,"Antonio Tormo, Manuel Canales",Buenaventura Luna,,43-46 Pre Yumba,Osvaldo Pugliese,Aniceto Rossi,"Osvaldo Ruggiero, Jose Caldara, Esteban Gilardi, Oscar Castagniaro","Enrique Camerano, Julio Carrasco, Oscar Herrero, Jaime Tursky","Piano, Bass, 4 Bandoneons, 4 Violins",,,,
Osvaldo Pugliese,Osvaldo Pugliese y su Orquesta Típica,1945-01-25,Raza Criolla,El Taita,Tango,Instrumental,Odeón,78rpm,14416,,Salvador Grupillo,,,43-46 Pre Yumba,Osvaldo Pugliese,Aniceto Rossi,"Osvaldo Ruggiero, Jose Caldara, Esteban Gilardi, Oscar Castagniaro","Enrique Camerano, Julio Carrasco, Oscar Herrero, Jaime Tursky","Piano, Bass, 4 Bandoneons, 4 Violins",,,,
Osvaldo Pugliese,Osvaldo Pugliese y su Orquesta Típica,1945-01-25,Yuyo Verde,Callejón,Tango,Alberto Morán,Odeón,78rpm,14415,,Domingo Federico,Homero Expósito,,43-46 Pre Yumba,Osvaldo Pugliese,Aniceto Rossi,"Osvaldo Ruggiero, Jose Caldara, Esteban Gilardi, Oscar Castagniaro","Enrique Camerano, Julio Carrasco, Oscar Herrero, Jaime Tursky","Piano, Bass, 4 Bandoneons, 4 Violins",LP,Edición Aniversario 1905-2005,,Edicion Aniversario
Osvaldo Pugliese,Osvaldo Pugliese y su Orquesta Típica,1945-03-20,El Paladín,,Tango,Instrumental,Odeón,78rpm,14490,,Agustín Bardi,,,43-46 Pre Yumba,Osvaldo Pugliese,Aniceto Rossi,"Osvaldo Ruggiero, Jose Caldara, Esteban Gilardi, Oscar Castagniaro","Enrique Camerano, Julio Carrasco, Oscar Herrero, Jaime Tursky","Piano, Bass, 4 Bandoneons, 4 Violins",,,,
Osvaldo Pugliese,Osvaldo Pugliese y su Orquesta Típica,1945-03-22,El Sueño del Pibe,,Tango,Roberto Chanel,Odeón,78rpm,14498,,Juan Puey,Reinaldo Yiso,,43-46 Pre Yumba,Osvaldo Pugliese,Aniceto Rossi,"Osvaldo Ruggiero, Jose Caldara, Esteban Gilardi, Oscar Castagniaro","Enrique Camerano, Julio Carrasco, Oscar Herrero, Jaime Tursky","Piano, Bass, 4 Bandoneons, 4 Violins",LP,Noches de San Telmo,B,Noches De San Telmo
Osvaldo Pugliese,Osvaldo Pugliese y su Orquesta Típica,1945-05-28,Derecho Viejo,,Tango,Instrumental,Odeón,78rpm,14647,,Eduardo Arolas,Gabriel Clausi,,43-46 Pre Yumba,Osvaldo Pugliese,Aniceto Rossi,"Osvaldo Ruggiero, Jose Caldara, Esteban Gilardi, Oscar Castagniaro","Enrique Camerano, Julio Carrasco, Oscar Herrero, Jaime Tursky","Piano, Bass, 4 Bandoneons, 4 Violins",LP,Edición Aniversario 1905-2005,,Edicion Aniversario
Osvaldo Pugliese,Osvaldo Pugliese y su Orquesta Típica,1945-05-28,Maleza,,Tango,Alberto Morán,Odeón,78rpm,14648,,Enrique Munné,Cátulo Castillo,,43-46 Pre Yumba,Osvaldo Pugliese,Aniceto Rossi,"Osvaldo Ruggiero, Jose Caldara, Esteban Gilardi, Oscar Castagniaro","Enrique Camerano, Julio Carrasco, Oscar Herrero, Jaime Tursky","Piano, Bass, 4 Bandoneons, 4 Violins",,,,
Osvaldo Pugliese,Osvaldo Pugliese y su Orquesta Típica,1945-06-12,El Monito,,Tango,Instrumental,Odeón,78rpm,14676,,Julio De Caro,Juan Catán,,43-46 Pre Yumba,Osvaldo Pugliese,Aniceto Rossi,"Osvaldo Ruggiero, Jose Caldara, Esteban Gilardi, Oscar Castagniaro","Enrique Camerano, Julio Carrasco, Oscar Herrero, Jaime Tursky","Piano, Bass, 4 Bandoneons, 4 Violins",,,,
Osvaldo Pugliese,Osvaldo Pugliese y su Orquesta Típica,1945-06-12,Pelele,,Tango,Instrumental,Odeón,78rpm,14677,,Pedro Maffía,,,43-46 Pre Yumba,Osvaldo Pugliese,Aniceto Rossi,"Osvaldo Ruggiero, Jose Caldara, Esteban Gilardi, Oscar Castagniaro","Enrique Camerano, Julio Carrasco, Oscar Herrero, Jaime Tursky","Piano, Bass, 4 Bandoneons, 4 Violins",,,,
Osvaldo Pugliese,Osvaldo Pugliese y su Orquesta Típica,1945-07-18,Rondando Tu Esquina,,Tango,Roberto Chanel,Odeón,78rpm,14782,,Charlo,Enrique Cadícamo,,43-46 Pre Yumba,Osvaldo Pugliese,Aniceto Rossi,"Osvaldo Ruggiero, Jose Caldara, Esteban Gilardi, Oscar Castagniaro","Enrique Camerano, Julio Carrasco, Oscar Herrero, Jaime Tursky","Piano, Bass, 4 Bandoneons, 4 Violins",,,,
Osvaldo Pugliese,Osvaldo Pugliese y su Orquesta Típica,1945-07-24,El Abrojito,,Tango,Alberto Morán,Odeón,78rpm,14805,,Luis Bernstein,Jesús Blanco,,43-46 Pre Yumba,Osvaldo Pugliese,Aniceto Rossi,"Osvaldo Ruggiero, Jose Caldara, Esteban Gilardi, Oscar Castagniaro","Enrique Camerano, Julio Carrasco, Oscar Herrero, Jaime Tursky","Piano, Bass, 4 Bandoneons, 4 Violins",LP,Noches de San Telmo,B,Noches De San Telmo
Osvaldo Pugliese,Osvaldo Pugliese y su Orquesta Típica,1945-08-28,Flor de Tango,,Tango,Instrumental,Odeón,78rpm,14876,,Julio Carrasco,,,43-46 Pre Yumba,Osvaldo Pugliese,Aniceto Rossi,"Osvaldo Ruggiero, Jose Caldara, Esteban Gilardi, Oscar Castagniaro","Enrique Camerano, Julio Carrasco, Oscar Herrero, Jaime Tursky","Piano, Bass, 4 Bandoneons, 4 Violins",LP,Edición Aniversario 1905-2005,,Edicion Aniversario
Osvaldo Pugliese,Osvaldo Pugliese y su Orquesta Típica,1945-08-28,Por Qué,,Tango,Chanel Y Morán,Odeón,78rpm,14875,,Osvaldo Fresedo,Emilio Fresedo,,43-46 Pre Yumba,Osvaldo Pugliese,Aniceto Rossi,"Osvaldo Ruggiero, Jose Caldara, Esteban Gilardi, Oscar Castagniaro","Enrique Camerano, Julio Carrasco, Oscar Herrero, Jaime Tursky","Piano, Bass, 4 Bandoneons, 4 Violins",,,,
Osvaldo Pugliese,Osvaldo Pugliese y su Orquesta Típica,1945-09-24,La Cachila,,Tango,Instrumental,Odeón,78rpm,14937,,Eduardo Arolas,Héctor Polito,,43-46 Pre Yumba,Osvaldo Pugliese,Aniceto Rossi,"Osvaldo Ruggiero, Jose Caldara, Esteban Gilardi, Oscar Castagniaro","Enrique Camerano, Julio Carrasco, Oscar Herrero, Jaime Tursky","Piano, Bass, 4 Bandoneons, 4 Violins",,,,
Osvaldo Pugliese,Osvaldo Pugliese y su Orquesta Típica,1945-09-24,Mentira,,Tango,Alberto Morán,Odeón,78rpm,14938,,Francisco Pracánico,Celedonio Flores,,43-46 Pre Yumba,Osvaldo Pugliese,Aniceto Rossi,"Osvaldo Ruggiero, Jose Caldara, Esteban Gilardi, Oscar Castagniaro","Enrique Camerano, Julio Carrasco, Oscar Herrero, Jaime Tursky","Piano, Bass, 4 Bandoneons, 4 Violins",LP,Mato y Voy,A,Mato y Voy
Osvaldo Pugliese,Osvaldo Pugliese y su Orquesta Típica,1945-11-06,Las Marionetas,,Tango,Instrumental,Odeón,78rpm,15070,,Osvaldo Pugliese,,,43-46 Pre Yumba,Osvaldo Pugliese,Aniceto Rossi,"Osvaldo Ruggiero, Jose Caldara, Esteban Gilardi, Oscar Castagniaro","Enrique Camerano, Julio Carrasco, Oscar Herrero, Jaime Tursky","Piano, Bass, 4 Bandoneons, 4 Violins",LP,Edición Aniversario 1905-2005,,Edicion Aniversario
Osvaldo Pugliese,Osvaldo Pugliese y su Orquesta Típica,1945-11-06,Galleguita,,Tango,Roberto Chanel,Odeón,78rpm,15071,,Horacio Pettorossi,Alfredo Navarrine,,43-46 Pre Yumba,Osvaldo Pugliese,Aniceto Rossi,"Osvaldo Ruggiero, Jose Caldara, Esteban Gilardi, Oscar Castagniaro","Enrique Camerano, Julio Carrasco, Oscar Herrero, Jaime Tursky","Piano, Bass, 4 Bandoneons, 4 Violins",,,,
Osvaldo Pugliese,Osvaldo Pugliese y su Orquesta Típica,1945-12-03,Dandy,,Tango,Roberto Chanel,Odeón,78rpm,15154,,Lucio Demare,"Agustín Irusta, Roberto Fugazot",,43-46 Pre Yumba,Osvaldo Pugliese,Aniceto Rossi,"Osvaldo Ruggiero, Jose Caldara, Esteban Gilardi, Oscar Castagniaro","Enrique Camerano, Julio Carrasco, Oscar Herrero, Jaime Tursky","Piano, Bass, 4 Bandoneons, 4 Violins",,,,
Osvaldo Pugliese,Osvaldo Pugliese y su Orquesta Típica,1945-12-03,Por Qué No Has Venido,,Tango,Alberto Morán,Odeón,78rpm,15153,,Pedro Maffía,Julio Navarrine,,43-46 Pre Yumba,Osvaldo Pugliese,Aniceto Rossi,"Osvaldo Ruggiero, Jose Caldara, Esteban Gilardi, Oscar Castagniaro","Enrique Camerano, Julio Carrasco, Oscar Herrero, Jaime Tursky","Piano, Bass, 4 Bandoneons, 4 Violins",,,,
Osvaldo Pugliese,Osvaldo Pugliese y su Orquesta Típica,1945-12-18,Tiny,,Tango,Instrumental,Odeón,78rpm,15197,,"Pedro Maffía, Julio De Caro",,,43-46 Pre Yumba,Osvaldo Pugliese,Aniceto Rossi,"Osvaldo Ruggiero, Jose Caldara, Esteban Gilardi, Oscar Castagniaro","Enrique Camerano, Julio Carrasco, Oscar Herrero, Jaime Tursky","Piano, Bass, 4 Bandoneons, 4 Violins",,,,
Osvaldo Pugliese,Osvaldo Pugliese y su Orquesta Típica,1945-12-18,Hoy Al Recordarla,,Tango,Alberto Morán,Odeón,78rpm,15196,,José Canet,José Canet,,43-46 Pre Yumba,Osvaldo Pugliese,Aniceto Rossi,"Osvaldo Ruggiero, Jose Caldara, Esteban Gilardi, Oscar Castagniaro","Enrique Camerano, Julio Carrasco, Oscar Herrero, Jaime Tursky","Piano, Bass, 4 Bandoneons, 4 Violins",,,,
Osvaldo Pugliese,Osvaldo Pugliese y su Orquesta Típica,1946-02-27,Consejo de Oro,,Tango,Roberto Chanel,Odeón,78rpm,15332,,Francisco Tróppoli,Agustín Delamónica,,43-46 Pre Yumba,Osvaldo Pugliese,Aniceto Rossi,"Osvaldo Ruggiero, Jose Caldara, Esteban Gilardi, Oscar Castagniaro","Enrique Camerano, Julio Carrasco, Oscar Herrero, Jaime Tursky","Piano, Bass, 4 Bandoneons, 4 Violins",,,,
Osvaldo Pugliese,Osvaldo Pugliese y su Orquesta Típica,1946-02-27,Demasiado Tarde,,Tango,Alberto Morán,Odeón,78rpm,15333,,Francisco Tróppoli,Agustín Delamónica,,43-46 Pre Yumba,Osvaldo Pugliese,Aniceto Rossi,"Osvaldo Ruggiero, Jose Caldara, Esteban Gilardi, Oscar Castagniaro","Enrique Camerano, Julio Carrasco, Oscar Herrero, Jaime Tursky","Piano, Bass, 4 Bandoneons, 4 Violins",,,,
Osvaldo Pugliese,Osvaldo Pugliese y su Orquesta Típica,1946-03-28,Fuimos,,Tango,Roberto Chanel,Odeón,78rpm,15398,,José Dames,Homero Manzi,,43-46 Pre Yumba,Osvaldo Pugliese,Aniceto Rossi,"Osvaldo Ruggiero, Jose Caldara, Esteban Gilardi, Oscar Castagniaro","Enrique Camerano, Julio Carrasco, Oscar Herrero, Jaime Tursky","Piano, Bass, 4 Bandoneons, 4 Violins",,,,
Osvaldo Pugliese,Osvaldo Pugliese y su Orquesta Típica,1946-03-28,Príncipe,,Tango,Alberto Morán,Odeón,78rpm,15399,,"Anselmo Aieta, Rafael Tuegols",Francisco Jiménez,,43-46 Pre Yumba,Osvaldo Pugliese,Aniceto Rossi,"Osvaldo Ruggiero, Jose Caldara, Esteban Gilardi, Oscar Castagniaro","Enrique Camerano, Julio Carrasco, Oscar Herrero, Jaime Tursky","Piano, Bass, 4 Bandoneons, 4 Violins",,,,
Osvaldo Pugliese,Osvaldo Pugliese y su Orquesta Típica,1946-05-27,Dos Ojos Tristes,,Tango,Alberto Morán,Odeón,78rpm,15537,,Oscar De La Fuente,Luis Rubistein,,43-46 Pre Yumba,Osvaldo Pugliese,Aniceto Rossi,"Osvaldo Ruggiero, Jose Caldara, Esteban Gilardi, Oscar Castagniaro","Enrique Camerano, Julio Carrasco, Oscar Herrero, Jaime Tursky","Piano, Bass, 4 Bandoneons, 4 Violins",,,,
Osvaldo Pugliese,Osvaldo Pugliese y su Orquesta Típica,1946-05-27,Sin Lágrimas,,Tango,Roberto Chanel,Odeón,78rpm,15536,,Charlo,José Contursi,,43-46 Pre Yumba,Osvaldo Pugliese,Aniceto Rossi,"Osvaldo Ruggiero, Jose Caldara, Esteban Gilardi, Oscar Castagniaro","Enrique Camerano, Julio Carrasco, Oscar Herrero, Jaime Tursky","Piano, Bass, 4 Bandoneons, 4 Violins",,,,
Osvaldo Pugliese,Osvaldo Pugliese y su Orquesta Típica,1946-06-13,El Tábano,,Tango,Instrumental,Odeón,78rpm,15584,,"Armando Baliotti, César Ginzo",Mario Gomila,,43-46 Pre Yumba,Osvaldo Pugliese,Aniceto Rossi,"Osvaldo Ruggiero, Jose Caldara, Esteban Gilardi, Oscar Castagniaro","Enrique Camerano, Julio Carrasco, Oscar Herrero, Jaime Tursky","Piano, Bass, 4 Bandoneons, 4 Violins",,,,
Osvaldo Pugliese,Osvaldo Pugliese y su Orquesta Típica,1946-06-21,Vayan Saliendo,,Tango,Instrumental,Odeón,78rpm,15607,,Víctor Donato,Juan Velich,,43-46 Pre Yumba,Osvaldo Pugliese,Aniceto Rossi,"Osvaldo Ruggiero, Jose Caldara, Esteban Gilardi, Oscar Castagniaro","Enrique Camerano, Julio Carrasco, Oscar Herrero, Jaime Tursky","Piano, Bass, 4 Bandoneons, 4 Violins",,,,
Osvaldo Pugliese,Osvaldo Pugliese y su Orquesta Típica,1946-07-31,No Me Escribas,,Tango,Alberto Morán,Odeón,78rpm,15702,,Agustín Bardi,Juan Caruso,,43-46 Pre Yumba,Osvaldo Pugliese,Aniceto Rossi,"Osvaldo Ruggiero, Jose Caldara, Esteban Gilardi, Oscar Castagniaro","Enrique Camerano, Julio Carrasco, Oscar Herrero, Jaime Tursky","Piano, Bass, 4 Bandoneons, 4 Violins",,,,
Osvaldo Pugliese,Osvaldo Pugliese y su Orquesta Típica,1946-07-31,Tiempo,,Tango,Roberto Chanel,Odeón,78rpm,15701,,Osvaldo Ruggiero,Francisco Jiménez,,43-46 Pre Yumba,Osvaldo Pugliese,Aniceto Rossi,"Osvaldo Ruggiero, Jose Caldara, Esteban Gilardi, Oscar Castagniaro","Enrique Camerano, Julio Carrasco, Oscar Herrero, Jaime Tursky","Piano, Bass, 4 Bandoneons, 4 Violins",LP,Edición Aniversario 1905-2005,,Edicion Aniversario
Osvaldo Pugliese,Osvaldo Pugliese y su Orquesta Típica,1946-08-21,La Yumba,,Tango,Instrumental,Odeón,78rpm,15758,,Osvaldo Pugliese,,,46-51 Pugliesean Style,Osvaldo Pugliese,Aniceto Rossi,"Osvaldo Ruggiero, Jose Caldara, Esteban Gilardi, Oscar Castagniaro","Enrique Camerano, Julio Carrasco, Oscar Herrero, Jaime Tursky","Piano, Bass, 4 Bandoneons, 4 Violins",,,,
Osvaldo Pugliese,Osvaldo Pugliese y su Orquesta Típica,1946-08-21,Mal de Amores,,Tango,Instrumental,Odeón,78rpm,15759,,Pedro Laurenz,,,46-51 Pugliesean Style,Osvaldo Pugliese,Aniceto Rossi,"Osvaldo Ruggiero, Jose Caldara, Esteban Gilardi, Oscar Castagniaro","Enrique Camerano, Julio Carrasco, Oscar Herrero, Jaime Tursky","Piano, Bass, 4 Bandoneons, 4 Violins",LP,A Mis Compañeros,A,A Mis Compañeros
Osvaldo Pugliese,Osvaldo Pugliese y su Orquesta Típica,1946-11-08,La Mascota del Barrio,,Tango,Roberto Chanel,Odeón,78rpm,15942,,Abel Aznar,Reinaldo Yiso,,46-51 Pugliesean Style,Osvaldo Pugliese,Aniceto Rossi,"Osvaldo Ruggiero, Jose Caldara, Esteban Gilardi, Oscar Castagniaro","Enrique Camerano, Julio Carrasco, Oscar Herrero, Jaime Tursky","Piano, Bass, 4 Bandoneons, 4 Violins",,,,
Osvaldo Pugliese,Osvaldo Pugliese y su Orquesta Típica,1946-11-08,Una Vez,,Tango,Alberto Morán,Odeón,78rpm,15943,,Osvaldo Pugliese,Cátulo Castillo,,46-51 Pugliesean Style,Osvaldo Pugliese,Aniceto Rossi,"Osvaldo Ruggiero, Jose Caldara, Esteban Gilardi, Oscar Castagniaro","Enrique Camerano, Julio Carrasco, Oscar Herrero, Jaime Tursky","Piano, Bass, 4 Bandoneons, 4 Violins",LP,Edición Aniversario 1905-2005,,Edicion Aniversario
Osvaldo Pugliese,Osvaldo Pugliese y su Orquesta Típica,1946-12-20,Mirando la Lluvia,,Tango,Chanel Y Morán,Odeón,78rpm,16124,,Adolfo Avilés,Leopoldo Ríos,,46-51 Pugliesean Style,Osvaldo Pugliese,Aniceto Rossi,"Osvaldo Ruggiero, Jose Caldara, Esteban Gilardi, Oscar Castagniaro","Enrique Camerano, Julio Carrasco, Oscar Herrero, Jaime Tursky","Piano, Bass, 4 Bandoneons, 4 Violins",,,,
Osvaldo Pugliese,Osvaldo Pugliese y su Orquesta Típica,1947-01-02,Sin Palabras,,Tango,Alberto Morán,Odeón,78rpm,16168,,Mariano Mores,Enrique Discépolo,,46-51 Pugliesean Style,Osvaldo Pugliese,Aniceto Rossi,"Osvaldo Ruggiero, Jose Caldara, Esteban Gilardi, Oscar Castagniaro","Enrique Camerano, Julio Carrasco, Oscar Herrero, Jaime Tursky","Piano, Bass, 4 Bandoneons, 4 Violins",,,,
Osvaldo Pugliese,Osvaldo Pugliese y su Orquesta Típica,1947-01-28,Ilusión Marina,,Vals,Alberto Morán,Odeón,78rpm,16263,,Antonio Sureda,Gerónimo Sureda,,46-51 Pugliesean Style,Osvaldo Pugliese,Aniceto Rossi,"Osvaldo Ruggiero, Jose Caldara, Esteban Gilardi, Oscar Castagniaro","Enrique Camerano, Julio Carrasco, Oscar Herrero, Jaime Tursky","Piano, Bass, 4 Bandoneons, 4 Violins",,,,
Osvaldo Pugliese,Osvaldo Pugliese y su Orquesta Típica,1947-01-28,Ojos Maulas,,Tango,Roberto Chanel,Odeón,78rpm,16262,,Luis Bernstein,Alfredo Roldán,,46-51 Pugliesean Style,Osvaldo Pugliese,Aniceto Rossi,"Osvaldo Ruggiero, Jose Caldara, Esteban Gilardi, Oscar Castagniaro","Enrique Camerano, Julio Carrasco, Oscar Herrero, Jaime Tursky","Piano, Bass, 4 Bandoneons, 4 Violins",,,,
Osvaldo Pugliese,Osvaldo Pugliese y su Orquesta Típica,1947-03-27,Cafetín,Bistro,Tango,Alberto Morán,Odeón,78rpm,16339,,Argentino Galván,Homero Expósito,,46-51 Pugliesean Style,Osvaldo Pugliese,Aniceto Rossi,"Osvaldo Ruggiero, Jose Caldara, Esteban Gilardi, Oscar Castagniaro","Enrique Camerano, Julio Carrasco, Oscar Herrero, Jaime Tursky","Piano, Bass, 4 Bandoneons, 4 Violins",,,,
Osvaldo Pugliese,Osvaldo Pugliese y su Orquesta Típica,1947-03-27,Yo Te Bendigo,,Tango,Roberto Chanel,Odeón,78rpm,16338,,Juan Filiberto,Juan Bruno,,46-51 Pugliesean Style,Osvaldo Pugliese,Aniceto Rossi,"Osvaldo Ruggiero, Jose Caldara, Esteban Gilardi, Oscar Castagniaro","Enrique Camerano, Julio Carrasco, Oscar Herrero, Jaime Tursky","Piano, Bass, 4 Bandoneons, 4 Violins",,,,
Osvaldo Pugliese,Osvaldo Pugliese y su Orquesta Típica,1947-04-28,N.N.,,Tango,Instrumental,Odeón,78rpm,,,Osvaldo Ruggiero,,,46-51 Pugliesean Style,Osvaldo Pugliese,Aniceto Rossi,"Osvaldo Ruggiero, Jose Caldara, Esteban Gilardi, Oscar Castagniaro","Enrique Camerano, Julio Carrasco, Oscar Herrero, Jaime Tursky","Piano, Bass, 4 Bandoneons, 4 Violins",,,,
Osvaldo Pugliese,Osvaldo Pugliese y su Orquesta Típica,1947-04-28,Desilusión,,Tango,Alberto Morán,Odeón,78rpm,16422,,Lito Bayardo,Lito Bayardo,,46-51 Pugliesean Style,Osvaldo Pugliese,Aniceto Rossi,"Osvaldo Ruggiero, Jose Caldara, Esteban Gilardi, Oscar Castagniaro","Enrique Camerano, Julio Carrasco, Oscar Herrero, Jaime Tursky","Piano, Bass, 4 Bandoneons, 4 Violins",,,,
Osvaldo Pugliese,Osvaldo Pugliese y su Orquesta Típica,1947-06-10,Amiga,,Tango,Roberto Chanel,Odeón,78rpm,16521,,Carlos Viván,Horacio Sanguinetti,,46-51 Pugliesean Style,Osvaldo Pugliese,Aniceto Rossi,"Osvaldo Ruggiero, Jose Caldara, Esteban Gilardi, Oscar Castagniaro","Enrique Camerano, Julio Carrasco, Oscar Herrero, Jaime Tursky","Piano, Bass, 4 Bandoneons, 4 Violins",,,,
Osvaldo Pugliese,Osvaldo Pugliese y su Orquesta Típica,1947-06-10,Escúchame Manón,,Tango,Roberto Chanel,Odeón,78rpm,16522,,Francisco Pracánico,"Roberto Chanel, Claudio Frollo",,46-51 Pugliesean Style,Osvaldo Pugliese,Aniceto Rossi,"Osvaldo Ruggiero, Jose Caldara, Esteban Gilardi, Oscar Castagniaro","Enrique Camerano, Julio Carrasco, Oscar Herrero, Jaime Tursky","Piano, Bass, 4 Bandoneons, 4 Violins",LP,Edición Aniversario 1905-2005,,Edicion Aniversario
Osvaldo Pugliese,Osvaldo Pugliese y su Orquesta Típica,1947-08-19,Jueves,,Tango,Instrumental,Odeón,78rpm,16646,,"Rafael Rossi, Udelino Toranzo",,,46-51 Pugliesean Style,Osvaldo Pugliese,Aniceto Rossi,"Osvaldo Ruggiero, Jose Caldara, Esteban Gilardi, Oscar Castagniaro","Enrique Camerano, Julio Carrasco, Oscar Herrero, Jaime Tursky","Piano, Bass, 4 Bandoneons, 4 Violins",,,,
Osvaldo Pugliese,Osvaldo Pugliese y su Orquesta Típica,1947-08-19,En Secreto,,Tango,Alberto Morán,Odeón,78rpm,16647,,Vicente Demarco,Alfredo Roldán,,46-51 Pugliesean Style,Osvaldo Pugliese,Aniceto Rossi,"Osvaldo Ruggiero, Jose Caldara, Esteban Gilardi, Oscar Castagniaro","Enrique Camerano, Julio Carrasco, Oscar Herrero, Jaime Tursky","Piano, Bass, 4 Bandoneons, 4 Violins",,,,
Osvaldo Pugliese,Osvaldo Pugliese y su Orquesta Típica,1947-10-14,Cabecitas Blancas,,Tango,Roberto Chanel,Odeón,78rpm,16751,,Alberto Pugliese,Enrique Dizeo,,46-51 Pugliesean Style,Osvaldo Pugliese,Aniceto Rossi,"Osvaldo Ruggiero, Jose Caldara, Esteban Gilardi, Oscar Castagniaro","Enrique Camerano, Julio Carrasco, Oscar Herrero, Jaime Tursky","Piano, Bass, 4 Bandoneons, 4 Violins",,,,
Osvaldo Pugliese,Osvaldo Pugliese y su Orquesta Típica,1947-10-14,El Mareo,,Tango,Chanel Y Morán,Odeón,78rpm,16752,,Julio De Caro,Mario Gomila,,46-51 Pugliesean Style,Osvaldo Pugliese,Aniceto Rossi,"Osvaldo Ruggiero, Jose Caldara, Esteban Gilardi, Oscar Castagniaro","Enrique Camerano, Julio Carrasco, Oscar Herrero, Jaime Tursky","Piano, Bass, 4 Bandoneons, 4 Violins",,,,
Osvaldo Pugliese,Osvaldo Pugliese y su Orquesta Típica,1947-12-01,El Buscapié,,Tango,Instrumental,Odeón,78rpm,16813,,José Dames,,,46-51 Pugliesean Style,Osvaldo Pugliese,Aniceto Rossi,"Osvaldo Ruggiero, Jose Caldara, Esteban Gilardi, Oscar Castagniaro","Enrique Camerano, Julio Carrasco, Oscar Herrero, Jaime Tursky","Piano, Bass, 4 Bandoneons, 4 Violins",,,,
Osvaldo Pugliese,Osvaldo Pugliese y su Orquesta Típica,1947-12-01,Andá Que Te Cure Lola,,Milonga,Roberto Chanel,Odeón,78rpm,16812,,Luis Caruso,Luis Caruso,,46-51 Pugliesean Style,Osvaldo Pugliese,Aniceto Rossi,"Osvaldo Ruggiero, Jose Caldara, Esteban Gilardi, Oscar Castagniaro","Enrique Camerano, Julio Carrasco, Oscar Herrero, Jaime Tursky","Piano, Bass, 4 Bandoneons, 4 Violins",,,,
Osvaldo Pugliese,Osvaldo Pugliese y su Orquesta Típica,1947-12-16,Entrada Prohibida,,Tango,Instrumental,Odeón,78rpm,16823,,Luis Teisseire,,,46-51 Pugliesean Style,Osvaldo Pugliese,Aniceto Rossi,"Osvaldo Ruggiero, Jose Caldara, Esteban Gilardi, Oscar Castagniaro","Enrique Camerano, Julio Carrasco, Oscar Herrero, Jaime Tursky","Piano, Bass, 4 Bandoneons, 4 Violins",,,,
Osvaldo Pugliese,Osvaldo Pugliese y su Orquesta Típica,1947-12-16,Bolero,,Tango,Roberto Chanel,Odeón,78rpm,16822,,Santos Lipesker,Reinaldo Yiso,,46-51 Pugliesean Style,Osvaldo Pugliese,Aniceto Rossi,"Osvaldo Ruggiero, Jose Caldara, Esteban Gilardi, Oscar Castagniaro","Enrique Camerano, Julio Carrasco, Oscar Herrero, Jaime Tursky","Piano, Bass, 4 Bandoneons, 4 Violins",,,,
Osvaldo Pugliese,Osvaldo Pugliese y su Orquesta Típica,1948,El Encopao,,Tango,Mario Alonso,Odeón,78rpm,,,Osvaldo Pugliese,Enrique Dizeo,,46-51 Pugliesean Style,Osvaldo Pugliese,Aniceto Rossi,"Osvaldo Ruggiero, Jose Caldara, Esteban Gilardi, Oscar Castagniaro","Enrique Camerano, Julio Carrasco, Oscar Herrero, Jaime Tursky","Piano, Bass, 4 Bandoneons, 4 Violins",LP,50 Años,A,50 Años
Osvaldo Pugliese,Osvaldo Pugliese y su Orquesta Típica,1948,A Barquinazos,,Tango,Mario Alonso,Odeón,78rpm,,,Osvaldo Pugliese,Homero Expósito,,46-51 Pugliesean Style,Osvaldo Pugliese,Aniceto Rossi,"Osvaldo Ruggiero, Jose Caldara, Esteban Gilardi, Oscar Castagniaro","Enrique Camerano, Julio Carrasco, Oscar Herrero, Jaime Tursky","Piano, Bass, 4 Bandoneons, 4 Violins",,,,
Osvaldo Pugliese,Osvaldo Pugliese y su Orquesta Típica,1948-04-06,Déjame en Paz,,Tango,Alberto Morán,Odeón,78rpm,16872,,Américo Actis,Oscar Rubens,,46-51 Pugliesean Style,Osvaldo Pugliese,Aniceto Rossi,"Osvaldo Ruggiero, Jose Caldara, Esteban Gilardi, Oscar Castagniaro","Enrique Camerano, Julio Carrasco, Oscar Herrero, Emilio Balcarce","Piano, Bass, 4 Bandoneons, 4 Violins",,,,
Osvaldo Pugliese,Osvaldo Pugliese y su Orquesta Típica,1948-04-06,Patético,,Tango,Instrumental,Odeón,78rpm,16871,,Jorge Caldara,,,46-51 Pugliesean Style,Osvaldo Pugliese,Aniceto Rossi,"Osvaldo Ruggiero, Jose Caldara, Esteban Gilardi, Oscar Castagniaro","Enrique Camerano, Julio Carrasco, Oscar Herrero, Emilio Balcarce","Piano, Bass, 4 Bandoneons, 4 Violins",LP,Edición Aniversario 1905-2005,,Edicion Aniversario
Osvaldo Pugliese,Osvaldo Pugliese y su Orquesta Típica,1948-06-24,Negracha,,Tango,Instrumental,Odeón,78rpm,16970,,Osvaldo Pugliese,,,46-51 Pugliesean Style,Osvaldo Pugliese,Aniceto Rossi,"Osvaldo Ruggiero, Jose Caldara, Esteban Gilardi, Oscar Castagniaro","Enrique Camerano, Julio Carrasco, Oscar Herrero, Emilio Balcarce","Piano, Bass, 4 Bandoneons, 4 Violins",LP,Edición Aniversario 1905-2005,,Edicion Aniversario
Osvaldo Pugliese,Osvaldo Pugliese y su Orquesta Típica,1948-07-14,Boedo,,Tango,Instrumental,Odeón,78rpm,16997,,Julio De Caro,Dante Linyera,,46-51 Pugliesean Style,Osvaldo Pugliese,Aniceto Rossi,"Osvaldo Ruggiero, Jose Caldara, Esteban Gilardi, Oscar Castagniaro","Enrique Camerano, Julio Carrasco, Oscar Herrero, Emilio Balcarce","Piano, Bass, 4 Bandoneons, 4 Violins",,,,
Osvaldo Pugliese,Osvaldo Pugliese y su Orquesta Típica,1948-09-13,Punto y Coma,,Tango,Instrumental,Odeón,78rpm,17064,,José Martínez,,,46-51 Pugliesean Style,Osvaldo Pugliese,Aniceto Rossi,"Osvaldo Ruggiero, Jose Caldara, Esteban Gilardi, Oscar Castagniaro","Enrique Camerano, Julio Carrasco, Oscar Herrero, Emilio Balcarce","Piano, Bass, 4 Bandoneons, 4 Violins",,,,
Osvaldo Pugliese,Osvaldo Pugliese y su Orquesta Típica,1948-09-15,Dos Que Se Aman,,Vals,Alberto Morán,Odeón,78rpm,17071,,Antonio Tormo,Manuel Flores,,46-51 Pugliesean Style,Osvaldo Pugliese,Aniceto Rossi,"Osvaldo Ruggiero, Jose Caldara, Esteban Gilardi, Oscar Castagniaro","Enrique Camerano, Julio Carrasco, Oscar Herrero, Emilio Balcarce","Piano, Bass, 4 Bandoneons, 4 Violins",,,,
Osvaldo Pugliese,Osvaldo Pugliese y su Orquesta Típica,1949-05-04,Chuzas,,Tango,Instrumental,Odeón,Micro,17279,,Agustín Bardi,,,46-51 Pugliesean Style,Osvaldo Pugliese,Aniceto Rossi,"Osvaldo Ruggiero, Jose Caldara, Esteban Gilardi, Oscar Castagniaro","Enrique Camerano, Julio Carrasco, Oscar Herrero, Emilio Balcarce","Piano, Bass, 4 Bandoneons, 4 Violins",,,,
Osvaldo Pugliese,Osvaldo Pugliese y su Orquesta Típica,1949-05-04,Frente a una Copa,,Tango,Alberto Morán,Odeón,Micro,17280,,Francisco Amor,Santiago Wainer,,46-51 Pugliesean Style,Osvaldo Pugliese,Aniceto Rossi,"Osvaldo Ruggiero, Jose Caldara, Esteban Gilardi, Oscar Castagniaro","Enrique Camerano, Julio Carrasco, Oscar Herrero, Emilio Balcarce","Piano, Bass, 4 Bandoneons, 4 Violins",,,,
Osvaldo Pugliese,Osvaldo Pugliese y su Orquesta Típica,1949-05-31,Y Volvemos a Querernos,,Tango,Alberto Morán,Odeón,Micro,17306,,Luciano Leocata,Abel Aznar,,46-51 Pugliesean Style,Osvaldo Pugliese,Aniceto Rossi,"Osvaldo Ruggiero, Jose Caldara, Esteban Gilardi, Oscar Castagniaro","Enrique Camerano, Julio Carrasco, Oscar Herrero, Emilio Balcarce","Piano, Bass, 4 Bandoneons, 4 Violins",,,,
Osvaldo Pugliese,Osvaldo Pugliese y su Orquesta Típica,1949-05-31,Malandraca,,Tango,Instrumental,Odeón,Micro,17307,,Osvaldo Pugliese,,,46-51 Pugliesean Style,Osvaldo Pugliese,Aniceto Rossi,"Osvaldo Ruggiero, Jose Caldara, Esteban Gilardi, Oscar Castagniaro","Enrique Camerano, Julio Carrasco, Oscar Herrero, Emilio Balcarce","Piano, Bass, 4 Bandoneons, 4 Violins",LP,Edición Aniversario 1905-2005,,Edicion Aniversario
Osvaldo Pugliese,Osvaldo Pugliese y su Orquesta Típica,1949-08-22,Pinta Brava,,Tango,Instrumental,Odeón,Micro,17395,,Francisco Canaro,,,46-51 Pugliesean Style,Osvaldo Pugliese,Aniceto Rossi,"Osvaldo Ruggiero, Jose Caldara, Esteban Gilardi, Oscar Castagniaro","Enrique Camerano, Julio Carrasco, Oscar Herrero, Emilio Balcarce","Piano, Bass, 4 Bandoneons, 4 Violins",LP,Edición Aniversario 1905-2005,,Edicion Aniversario
Osvaldo Pugliese,Osvaldo Pugliese y su Orquesta Típica,1949-08-22,Puente Alsina,,Tango,Jorge Vidal,Odeón,Micro,17396,,Benjamín Lara,Benjamín Lara,,46-51 Pugliesean Style,Osvaldo Pugliese,Aniceto Rossi,"Osvaldo Ruggiero, Jose Caldara, Esteban Gilardi, Oscar Castagniaro","Enrique Camerano, Julio Carrasco, Oscar Herrero, Emilio Balcarce","Piano, Bass, 4 Bandoneons, 4 Violins",LP,Noches de San Telmo,A,Noches De San Telmo
Osvaldo Pugliese,Osvaldo Pugliese y su Orquesta Típica,1949-09-27,Bien Compadre,,Tango,Instrumental,Odeón,Micro,17434,,Emilio Balcarce,,,46-51 Pugliesean Style,Osvaldo Pugliese,Aniceto Rossi,"Osvaldo Ruggiero, Jose Caldara, Esteban Gilardi, Oscar Castagniaro","Enrique Camerano, Julio Carrasco, Oscar Herrero, Emilio Balcarce","Piano, Bass, 4 Bandoneons, 4 Violins",LP,Edición Aniversario 1905-2005,,Edicion Aniversario
Osvaldo Pugliese,Osvaldo Pugliese y su Orquesta Típica,1949-09-27,La Cieguita,,Tango,Jorge Vidal,Odeón,Micro,17435,,Keppler Lais,Ramuncho,,46-51 Pugliesean Style,Osvaldo Pugliese,Aniceto Rossi,"Osvaldo Ruggiero, Jose Caldara, Esteban Gilardi, Oscar Castagniaro","Enrique Camerano, Julio Carrasco, Oscar Herrero, Emilio Balcarce","Piano, Bass, 4 Bandoneons, 4 Violins",,,,
Osvaldo Pugliese,Osvaldo Pugliese y su Orquesta Típica,1949-10-25,Descorazonado,,Tango,Alberto Morán,Odeón,Micro,17467,,Oscar Herrero,Elizardo Vilas,,46-51 Pugliesean Style,Osvaldo Pugliese,Aniceto Rossi,"Osvaldo Ruggiero, Jose Caldara, Esteban Gilardi, Oscar Castagniaro","Enrique Camerano, Julio Carrasco, Oscar Herrero, Emilio Balcarce","Piano, Bass, 4 Bandoneons, 4 Violins",LP,A Mis Compañeros,B,A Mis Compañeros
Osvaldo Pugliese,Osvaldo Pugliese y su Orquesta Típica,1949-11-28,Canaro en París,,Tango,Instrumental,Odeón,Micro,17500,,"Alejandro Scarpino, Juan Caldarella",José Scarpino,,46-51 Pugliesean Style,Osvaldo Pugliese,Aniceto Rossi,"Osvaldo Ruggiero, Jose Caldara, Esteban Gilardi, Oscar Castagniaro","Enrique Camerano, Julio Carrasco, Oscar Herrero, Emilio Balcarce","Piano, Bass, 4 Bandoneons, 4 Violins",LP,El Tango Se Llama Osvaldo Pugliese,B,El Tango Se Llama Osvaldo Pugliese
Osvaldo Pugliese,Osvaldo Pugliese y su Orquesta Típica,1949-12-07,Testamento de Arrabal,,Tango,Jorge Vidal,Odeón,Micro,17515,,Oscar Castagniaro,Raúl Hormaza,,46-51 Pugliesean Style,Osvaldo Pugliese,Aniceto Rossi,"Osvaldo Ruggiero, Jose Caldara, Esteban Gilardi, Oscar Castagniaro","Enrique Camerano, Julio Carrasco, Oscar Herrero, Emilio Balcarce","Piano, Bass, 4 Bandoneons, 4 Violins",LP,Edición Aniversario 1905-2005,,Edicion Aniversario
Osvaldo Pugliese,Osvaldo Pugliese y su Orquesta Típica,1949-12-07,Catuzo,,Tango,Instrumental,Odeón,Micro,17516,,Osvaldo Ruggiero,,,46-51 Pugliesean Style,Osvaldo Pugliese,Aniceto Rossi,"Osvaldo Ruggiero, Jose Caldara, Esteban Gilardi, Oscar Castagniaro","Enrique Camerano, Julio Carrasco, Oscar Herrero, Emilio Balcarce","Piano, Bass, 4 Bandoneons, 4 Violins",LP,Edición Aniversario 1905-2005,,Edicion Aniversario
Osvaldo Pugliese,Osvaldo Pugliese y su Orquesta Típica,1950-03-07,Quiero Verte una Vez Más,Viejo Gaucho,Tango,Alberto Morán,Odeón,Micro,17583,,Mario Canaro,José Contursi,,46-51 Pugliesean Style,Osvaldo Pugliese,Aniceto Rossi,"Osvaldo Ruggiero, Jose Caldara, Esteban Gilardi, Oscar Castagniaro","Enrique Camerano, Julio Carrasco, Oscar Herrero, Emilio Balcarce","Piano, Bass, 4 Bandoneons, 4 Violins",,,,
Osvaldo Pugliese,Osvaldo Pugliese y su Orquesta Típica,1950-03-07,Ventanita de Arrabal,,Tango,Jorge Vidal,Odeón,Micro,17582,,Antonio Scatasso,Pascual Contursi,,46-51 Pugliesean Style,Osvaldo Pugliese,Aniceto Rossi,"Osvaldo Ruggiero, Jose Caldara, Esteban Gilardi, Oscar Castagniaro","Enrique Camerano, Julio Carrasco, Oscar Herrero, Emilio Balcarce","Piano, Bass, 4 Bandoneons, 4 Violins",LP,Noches de San Telmo,B,Noches De San Telmo
Osvaldo Pugliese,Osvaldo Pugliese y su Orquesta Típica,1950-03-29,De Floreo,,Tango,Instrumental,Odeón,Micro,17601,,Julio Carrasco,,,46-51 Pugliesean Style,Osvaldo Pugliese,Aniceto Rossi,"Osvaldo Ruggiero, Jose Caldara, Esteban Gilardi, Oscar Castagniaro","Enrique Camerano, Julio Carrasco, Oscar Herrero, Emilio Balcarce","Piano, Bass, 4 Bandoneons, 4 Violins",LP,Edición Aniversario 1905-2005,,Edicion Aniversario
Osvaldo Pugliese,Osvaldo Pugliese y su Orquesta Típica,1950-03-29,Hacélo Por la Vieja,,Tango,Alberto Morán,Odeón,Micro,17602,,Rodolfo Sciammarella,"Carlos Viván, Héctor Bonatti",,46-51 Pugliesean Style,Osvaldo Pugliese,Aniceto Rossi,"Osvaldo Ruggiero, Jose Caldara, Esteban Gilardi, Oscar Castagniaro","Enrique Camerano, Julio Carrasco, Oscar Herrero, Emilio Balcarce","Piano, Bass, 4 Bandoneons, 4 Violins",,,,
Osvaldo Pugliese,Osvaldo Pugliese y su Orquesta Típica,1950-05-03,Pastoral,,Tango,Instrumental,Odeón,Micro,17635,,Jorge Caldara,,,46-51 Pugliesean Style,Osvaldo Pugliese,Aniceto Rossi,"Osvaldo Ruggiero, Jose Caldara, Esteban Gilardi, Oscar Castagniaro","Enrique Camerano, Julio Carrasco, Oscar Herrero, Emilio Balcarce","Piano, Bass, 4 Bandoneons, 4 Violins",LP,Edición Aniversario 1905-2005,,Edicion Aniversario
Osvaldo Pugliese,Osvaldo Pugliese y su Orquesta Típica,1950-05-03,Vieja Recova,,Tango,Jorge Vidal,Odeón,Micro,17636,,Rodolfo Cadícamo,,,46-51 Pugliesean Style,Osvaldo Pugliese,Aniceto Rossi,"Osvaldo Ruggiero, Jose Caldara, Esteban Gilardi, Oscar Castagniaro","Enrique Camerano, Julio Carrasco, Oscar Herrero, Emilio Balcarce","Piano, Bass, 4 Bandoneons, 4 Violins",,,,
Osvaldo Pugliese,Osvaldo Pugliese y su Orquesta Típica,1950-06-30,Porque Canto el Tango,,Tango,Jorge Vidal,Odeón,Micro,17699,,Oscar Castagniaro,Antonio Cantó,,46-51 Pugliesean Style,Osvaldo Pugliese,Aniceto Rossi,"Osvaldo Ruggiero, Jose Caldara, Esteban Gilardi, Oscar Castagniaro","Enrique Camerano, Julio Carrasco, Oscar Herrero, Emilio Balcarce","Piano, Bass, 4 Bandoneons, 4 Violins",LP,Edición Aniversario 1905-2005,,Edicion Aniversario
Osvaldo Pugliese,Osvaldo Pugliese y su Orquesta Típica,1950-06-30,Cadenas,,Tango,Alberto Morán,Odeón,Micro,17700,,Luis Rubistein,Luis Rubistein,,46-51 Pugliesean Style,Osvaldo Pugliese,Aniceto Rossi,"Osvaldo Ruggiero, Jose Caldara, Esteban Gilardi, Oscar Castagniaro","Enrique Camerano, Julio Carrasco, Oscar Herrero, Emilio Balcarce","Piano, Bass, 4 Bandoneons, 4 Violins",,,,
Osvaldo Pugliese,Osvaldo Pugliese y su Orquesta Típica,1950-07-26,Don Aniceto,,Tango,Instrumental,Odeón,Micro,17731,,Esteban Gilardi,,,46-51 Pugliesean Style,Osvaldo Pugliese,Aniceto Rossi,"Osvaldo Ruggiero, Jose Caldara, Esteban Gilardi, Oscar Castagniaro","Enrique Camerano, Julio Carrasco, Oscar Herrero, Emilio Balcarce","Piano, Bass, 4 Bandoneons, 4 Violins",LP,Edición Aniversario 1905-2005,,Edicion Aniversario
Osvaldo Pugliese,Osvaldo Pugliese y su Orquesta Típica,1950-07-26,Y Mientes Todavía,,Tango,Alberto Morán,Odeón,Micro,17732,,Luciano Leocata,Abel Aznar,,46-51 Pugliesean Style,Osvaldo Pugliese,Aniceto Rossi,"Osvaldo Ruggiero, Jose Caldara, Esteban Gilardi, Oscar Castagniaro","Enrique Camerano, Julio Carrasco, Oscar Herrero, Emilio Balcarce","Piano, Bass, 4 Bandoneons, 4 Violins",,,,
Osvaldo Pugliese,Osvaldo Pugliese y su Orquesta Típica,1950-10-24,El Tobiano,,Tango,Instrumental,Odeón,Micro,17846,,Emilio Balcarce,,,46-51 Pugliesean Style,Osvaldo Pugliese,Aniceto Rossi,"Osvaldo Ruggiero, Jose Caldara, Esteban Gilardi, Oscar Castagniaro","Enrique Camerano, Julio Carrasco, Oscar Herrero, Emilio Balcarce","Piano, Bass, 4 Bandoneons, 4 Violins",LP,Edición Aniversario 1905-2005,,Edicion Aniversario
Osvaldo Pugliese,Osvaldo Pugliese y su Orquesta Típica,1950-10-24,Cobardía,Bolero de Ma Vie,Tango,Alberto Morán,Odeón,Micro,17847,,Charlo Riestra,Luis Amadori,,46-51 Pugliesean Style,Osvaldo Pugliese,Aniceto Rossi,"Osvaldo Ruggiero, Jose Caldara, Esteban Gilardi, Oscar Castagniaro","Enrique Camerano, Julio Carrasco, Oscar Herrero, Emilio Balcarce","Piano, Bass, 4 Bandoneons, 4 Violins",,,,
Osvaldo Pugliese,Osvaldo Pugliese y su Orquesta Típica,1950-11-16,Barra Querida,,Tango,Jorge Vidal,Odeón,Micro,17891,,Carlos Sánchez,César Vedani,,46-51 Pugliesean Style,Osvaldo Pugliese,Aniceto Rossi,"Osvaldo Ruggiero, Jose Caldara, Esteban Gilardi, Oscar Castagniaro","Enrique Camerano, Julio Carrasco, Oscar Herrero, Emilio Balcarce","Piano, Bass, 4 Bandoneons, 4 Violins",LP,Noches de San Telmo,A,Noches De San Telmo
Osvaldo Pugliese,Osvaldo Pugliese y su Orquesta Típica,1950-11-16,Un Baile a Beneficio,La Podrida,Milonga,Jorge Vidal,Odeón,Micro,17892,,Juan Caccaviello,José Fernández,,46-51 Pugliesean Style,Osvaldo Pugliese,Aniceto Rossi,"Osvaldo Ruggiero, Jose Caldara, Esteban Gilardi, Oscar Castagniaro","Enrique Camerano, Julio Carrasco, Oscar Herrero, Emilio Balcarce","Piano, Bass, 4 Bandoneons, 4 Violins",LP,Noches de San Telmo,B,Noches De San Telmo
Osvaldo Pugliese,Osvaldo Pugliese y su Orquesta Típica,1950-11-24,Llámame,,Tango,Alberto Morán,Odeón,Micro,17907,,Ángel Domínguez,José Rótulo,,46-51 Pugliesean Style,Osvaldo Pugliese,Aniceto Rossi,"Osvaldo Ruggiero, Jose Caldara, Esteban Gilardi, Oscar Castagniaro","Enrique Camerano, Julio Carrasco, Oscar Herrero, Emilio Balcarce","Piano, Bass, 4 Bandoneons, 4 Violins",,,,
Osvaldo Pugliese,Osvaldo Pugliese y su Orquesta Típica,1950-11-24,Llevátelo Todo,,Tango,Alberto Morán,Odeón,Micro,17908,,Rodolfo Sciammarella,Rodolfo Sciammarella,,46-51 Pugliesean Style,Osvaldo Pugliese,Aniceto Rossi,"Osvaldo Ruggiero, Jose Caldara, Esteban Gilardi, Oscar Castagniaro","Enrique Camerano, Julio Carrasco, Oscar Herrero, Emilio Balcarce","Piano, Bass, 4 Bandoneons, 4 Violins",,,,
Osvaldo Pugliese,Osvaldo Pugliese y su Orquesta Típica,1951-05-22,Barro,,Tango,Alberto Morán,Odeón,Micro,18024,,Osvaldo Pugliese,Horacio Basterra,,51-60 Mature Sound,Osvaldo Pugliese,Aniceto Rossi,"Osvaldo Ruggiero, Jose Caldara, Esteban Gilardi, Roberto Peppe","Enrique Camerano, Julio Carrasco, Oscar Herrero, Emilio Balcarce, Francisco Sanmartino (Viola)","Piano, Bass, 4 Bandoneons, 4 Violins, Viola",,,,
Osvaldo Pugliese,Osvaldo Pugliese y su Orquesta Típica,1951-05-22,De Vuelta Al Bulín,,Tango,Alberto Morán,Odeón,Micro,18025,,José Martínez,Pascual Contursi,,51-60 Mature Sound,Osvaldo Pugliese,Aniceto Rossi,"Osvaldo Ruggiero, Jose Caldara, Esteban Gilardi, Roberto Peppe","Enrique Camerano, Julio Carrasco, Oscar Herrero, Emilio Balcarce, Francisco Sanmartino (Viola)","Piano, Bass, 4 Bandoneons, 4 Violins, Viola",,,,
Osvaldo Pugliese,Osvaldo Pugliese y su Orquesta Típica,1951-06-27,Don Atilio,,Tango,Instrumental,Odeón,Micro,18084,,Osvaldo Pugliese,,,51-60 Mature Sound,Osvaldo Pugliese,Aniceto Rossi,"Osvaldo Ruggiero, Jose Caldara, Esteban Gilardi, Roberto Peppe","Enrique Camerano, Julio Carrasco, Oscar Herrero, Emilio Balcarce, Francisco Sanmartino (Viola)","Piano, Bass, 4 Bandoneons, 4 Violins, Viola",LP,Edición Aniversario 1905-2005,,Edicion Aniversario
Osvaldo Pugliese,Osvaldo Pugliese y su Orquesta Típica,1951-06-27,El Mate Amargo,,Tango,Alberto Morán,Odeón,Micro,18085,,Oscar Herrero,Elizardo Vilas,,51-60 Mature Sound,Osvaldo Pugliese,Aniceto Rossi,"Osvaldo Ruggiero, Jose Caldara, Esteban Gilardi, Roberto Peppe","Enrique Camerano, Julio Carrasco, Oscar Herrero, Emilio Balcarce, Francisco Sanmartino (Viola)","Piano, Bass, 4 Bandoneons, 4 Violins, Viola",LP,Edición Aniversario 1905-2005,,Edicion Aniversario
Osvaldo Pugliese,Osvaldo Pugliese y su Orquesta Típica,1951-07-31,Bien Milonga,,Tango,Instrumental,Odeón,Micro,18136,,Ismael Spitalnik,,,51-60 Mature Sound,Osvaldo Pugliese,Aniceto Rossi,"Osvaldo Ruggiero, Jose Caldara, Esteban Gilardi, Roberto Peppe","Enrique Camerano, Julio Carrasco, Oscar Herrero, Emilio Balcarce, Francisco Sanmartino (Viola)","Piano, Bass, 4 Bandoneons, 4 Violins, Viola",LP,Edición Aniversario 1905-2005,,Edicion Aniversario
Osvaldo Pugliese,Osvaldo Pugliese y su Orquesta Típica,1951-07-31,Pasional,,Tango,Alberto Morán,Odeón,Micro,18137,,Jorge Caldara,Mario Soto,,51-60 Mature Sound,Osvaldo Pugliese,Aniceto Rossi,"Osvaldo Ruggiero, Jose Caldara, Esteban Gilardi, Roberto Peppe","Enrique Camerano, Julio Carrasco, Oscar Herrero, Emilio Balcarce, Francisco Sanmartino (Viola)","Piano, Bass, 4 Bandoneons, 4 Violins, Viola",LP,Noches de San Telmo,A,Noches De San Telmo
Osvaldo Pugliese,Osvaldo Pugliese y su Orquesta Típica,1951-10-02,El Refrán,,Tango,Instrumental,Odeón,Micro,18215,,Roberto Peppe,,,51-60 Mature Sound,Osvaldo Pugliese,Aniceto Rossi,"Osvaldo Ruggiero, Jose Caldara, Esteban Gilardi, Roberto Peppe","Enrique Camerano, Julio Carrasco, Oscar Herrero, Emilio Balcarce, Francisco Sanmartino (Viola)","Piano, Bass, 4 Bandoneons, 4 Violins, Viola",LP,Edición Aniversario 1905-2005,,Edicion Aniversario
Osvaldo Pugliese,Osvaldo Pugliese y su Orquesta Típica,1951-10-02,El Cielo en las Manos,,Tango,Alberto Morán,Odeón,Micro,18216,,Astor Piazzolla,Homero Cárpena,,51-60 Mature Sound,Osvaldo Pugliese,Aniceto Rossi,"Osvaldo Ruggiero, Jose Caldara, Esteban Gilardi, Roberto Peppe","Enrique Camerano, Julio Carrasco, Oscar Herrero, Emilio Balcarce, Francisco Sanmartino (Viola)","Piano, Bass, 4 Bandoneons, 4 Violins, Viola",,,,
Osvaldo Pugliese,Osvaldo Pugliese y su Orquesta Típica,1951-12-06,Que Nunca Me Falte,,Tango,Alberto Morán,Odeón,Micro,18291,,Héctor Morales,Héctor Marcó,,51-60 Mature Sound,Osvaldo Pugliese,Aniceto Rossi,"Osvaldo Ruggiero, Jose Caldara, Esteban Gilardi, Roberto Peppe","Enrique Camerano, Julio Carrasco, Oscar Herrero, Emilio Balcarce, Francisco Sanmartino (Viola)","Piano, Bass, 4 Bandoneons, 4 Violins, Viola",,,,
Osvaldo Pugliese,Osvaldo Pugliese y su Orquesta Típica,1951-12-10,Olivero,,Tango,Instrumental,Odeón,Micro,18300,,"José Martínez, Antonio Buglione",,,51-60 Mature Sound,Osvaldo Pugliese,Aniceto Rossi,"Osvaldo Ruggiero, Jose Caldara, Esteban Gilardi, Roberto Peppe","Enrique Camerano, Julio Carrasco, Oscar Herrero, Emilio Balcarce, Francisco Sanmartino (Viola)","Piano, Bass, 4 Bandoneons, 4 Violins, Viola",,,,
Osvaldo Pugliese,Osvaldo Pugliese y su Orquesta Típica,1952-01-28,La Noche Que Me Esperes,,Vals,Alberto Morán,Odeón,Micro,18339,,Juan Canaro,Juan Canaro,,51-60 Mature Sound,Osvaldo Pugliese,Aniceto Rossi,"Osvaldo Ruggiero, Jose Caldara, Esteban Gilardi, Roberto Peppe","Enrique Camerano, Julio Carrasco, Oscar Herrero, Emilio Balcarce, Francisco Sanmartino (Viola)","Piano, Bass, 4 Bandoneons, 4 Violins, Viola",,,,
Osvaldo Pugliese,Osvaldo Pugliese y su Orquesta Típica,1952-01-28,Cualquier Cosa,,Tango,Alberto Morán,Odeón,Micro,18340,,"Herminia De Rossano, Juan Velich","Herminia De Rossano, Juan Velich",,51-60 Mature Sound,Osvaldo Pugliese,Aniceto Rossi,"Osvaldo Ruggiero, Jose Caldara, Esteban Gilardi, Roberto Peppe","Enrique Camerano, Julio Carrasco, Oscar Herrero, Emilio Balcarce, Francisco Sanmartino (Viola)","Piano, Bass, 4 Bandoneons, 4 Violins, Viola",,,,
Osvaldo Pugliese,Osvaldo Pugliese y su Orquesta Típica,1952-05-06,Para Dos,,Tango,Instrumental,Odeón,Micro,18380,,Osvaldo Ruggiero,,,51-60 Mature Sound,Osvaldo Pugliese,Aniceto Rossi,"Osvaldo Ruggiero, Jose Caldara, Esteban Gilardi, Roberto Peppe","Enrique Camerano, Julio Carrasco, Oscar Herrero, Emilio Balcarce, Francisco Sanmartino (Viola)","Piano, Bass, 4 Bandoneons, 4 Violins, Viola",LP,Edición Aniversario 1905-2005,,Edicion Aniversario
Osvaldo Pugliese,Osvaldo Pugliese y su Orquesta Típica,1952-05-06,Entrador,,Tango,Instrumental,Odeón,Micro,18381,,Mario Demarco,,,51-60 Mature Sound,Osvaldo Pugliese,Aniceto Rossi,"Osvaldo Ruggiero, Jose Caldara, Esteban Gilardi, Roberto Peppe","Enrique Camerano, Julio Carrasco, Oscar Herrero, Emilio Balcarce, Francisco Sanmartino (Viola)","Piano, Bass, 4 Bandoneons, 4 Violins, Viola",LP,Edición Aniversario 1905-2005,,Edicion Aniversario
Osvaldo Pugliese,Osvaldo Pugliese y su Orquesta Típica,1952-06-27,La Tupungatina,,Tango,Instrumental,Odeón,Micro,18452,,Cristino Tapia,,,51-60 Mature Sound,Osvaldo Pugliese,Aniceto Rossi,"Osvaldo Ruggiero, Jose Caldara, Esteban Gilardi, Roberto Peppe","Enrique Camerano, Julio Carrasco, Oscar Herrero, Emilio Balcarce, Francisco Sanmartino (Viola)","Piano, Bass, 4 Bandoneons, 4 Violins, Viola",,,,
Osvaldo Pugliese,Osvaldo Pugliese y su Orquesta Típica,1952-06-27,Ahora No Me Conocés,,Tango,Alberto Morán,Odeón,Micro,18453,,Armando Baliotti,Carlos Giampé,,51-60 Mature Sound,Osvaldo Pugliese,Aniceto Rossi,"Osvaldo Ruggiero, Jose Caldara, Esteban Gilardi, Roberto Peppe","Enrique Camerano, Julio Carrasco, Oscar Herrero, Emilio Balcarce, Francisco Sanmartino (Viola)","Piano, Bass, 4 Bandoneons, 4 Violins, Viola",LP,A Mis Compañeros,A,A Mis Compañeros
Osvaldo Pugliese,Osvaldo Pugliese y su Orquesta Típica,1952-10-09,Por Pecadora,,Tango,Alberto Morán,Odeón,Tape,18648,,Jorge Caldara,Mario Soto,,51-60 Mature Sound,Osvaldo Pugliese,Aniceto Rossi,"Osvaldo Ruggiero, Jose Caldara, Esteban Gilardi, Roberto Peppe","Enrique Camerano, Julio Carrasco, Oscar Herrero, Emilio Balcarce, Francisco Sanmartino (Viola)","Piano, Bass, 4 Bandoneons, 4 Violins, Viola",LP,Edición Aniversario 1905-2005,,Edicion Aniversario
Osvaldo Pugliese,Osvaldo Pugliese y su Orquesta Típica,1952-10-09,Si Sos Brujo,,Tango,Instrumental,Odeón,Tape,18647,,Emilio Balcarce,,,51-60 Mature Sound,Osvaldo Pugliese,Aniceto Rossi,"Osvaldo Ruggiero, Jose Caldara, Esteban Gilardi, Roberto Peppe","Enrique Camerano, Julio Carrasco, Oscar Herrero, Emilio Balcarce, Francisco Sanmartino (Viola)","Piano, Bass, 4 Bandoneons, 4 Violins, Viola",LP,Edición Aniversario 1905-2005,,Edicion Aniversario
Osvaldo Pugliese,Osvaldo Pugliese y su Orquesta Típica,1952-11-13,El Embrollo,,Tango,Instrumental,Odeón,Tape,18705,,Esteban Gilardi,,,51-60 Mature Sound,Osvaldo Pugliese,Aniceto Rossi,"Osvaldo Ruggiero, Jose Caldara, Esteban Gilardi, Roberto Peppe","Enrique Camerano, Julio Carrasco, Oscar Herrero, Emilio Balcarce, Francisco Sanmartino (Viola)","Piano, Bass, 4 Bandoneons, 4 Violins, Viola",LP,Edición Aniversario 1905-2005,,Edicion Aniversario
Osvaldo Pugliese,Osvaldo Pugliese y su Orquesta Típica,1952-11-13,La Tupungatina,,Tango,Instrumental,Odeón,Tape,18452/1,,Cristino Tapia,,,51-60 Mature Sound,Osvaldo Pugliese,Aniceto Rossi,"Osvaldo Ruggiero, Jose Caldara, Esteban Gilardi, Roberto Peppe","Enrique Camerano, Julio Carrasco, Oscar Herrero, Emilio Balcarce, Francisco Sanmartino (Viola)","Piano, Bass, 4 Bandoneons, 4 Violins, Viola",,,,
Osvaldo Pugliese,Osvaldo Pugliese y su Orquesta Típica,1952-11-13,La Yumba,,Tango,Instrumental,Odeón,Tape,18758/1,,Osvaldo Pugliese,,,51-60 Mature Sound,Osvaldo Pugliese,Aniceto Rossi,"Osvaldo Ruggiero, Jose Caldara, Esteban Gilardi, Roberto Peppe","Enrique Camerano, Julio Carrasco, Oscar Herrero, Emilio Balcarce, Francisco Sanmartino (Viola)","Piano, Bass, 4 Bandoneons, 4 Violins, Viola",,,,
Osvaldo Pugliese,Osvaldo Pugliese y su Orquesta Típica,1952-11-13,N.N.,,Tango,Instrumental,Odeón,Tape,,,Osvaldo Ruggiero,,,51-60 Mature Sound,Osvaldo Pugliese,Aniceto Rossi,"Osvaldo Ruggiero, Jose Caldara, Esteban Gilardi, Roberto Peppe","Enrique Camerano, Julio Carrasco, Oscar Herrero, Emilio Balcarce, Francisco Sanmartino (Viola)","Piano, Bass, 4 Bandoneons, 4 Violins, Viola",LP,Edición Aniversario 1905-2005,,Edicion Aniversario
Osvaldo Pugliese,Osvaldo Pugliese y su Orquesta Típica,1952-11-18,Manos Adoradas,,Vals,Alberto Morán,Odeón,Tape,18714,,Roberto Rufino,Horacio Sanguinetti,,51-60 Mature Sound,Osvaldo Pugliese,Aniceto Rossi,"Osvaldo Ruggiero, Jose Caldara, Esteban Gilardi, Roberto Peppe","Enrique Camerano, Julio Carrasco, Oscar Herrero, Emilio Balcarce, Francisco Sanmartino (Viola)","Piano, Bass, 4 Bandoneons, 4 Violins, Viola",,,,
Osvaldo Pugliese,Osvaldo Pugliese y su Orquesta Típica,1952-11-24,La Cachila,,Tango,Instrumental,Odeón,Tape,14937/1,,Eduardo Arolas,Héctor Polito,,51-60 Mature Sound,Osvaldo Pugliese,Aniceto Rossi,"Osvaldo Ruggiero, Jose Caldara, Esteban Gilardi, Roberto Peppe","Enrique Camerano, Julio Carrasco, Oscar Herrero, Emilio Balcarce, Francisco Sanmartino (Viola)","Piano, Bass, 4 Bandoneons, 4 Violins, Viola",,,,
Osvaldo Pugliese,Osvaldo Pugliese y su Orquesta Típica,1952-11-24,Pasional,,Tango,Alberto Morán,Odeón,Tape,17137/1,,Jorge Caldara,Mario Soto,,51-60 Mature Sound,Osvaldo Pugliese,Aniceto Rossi,"Osvaldo Ruggiero, Jose Caldara, Esteban Gilardi, Roberto Peppe","Enrique Camerano, Julio Carrasco, Oscar Herrero, Emilio Balcarce, Francisco Sanmartino (Viola)","Piano, Bass, 4 Bandoneons, 4 Violins, Viola",LP,Edición Aniversario 1905-2005,,Edicion Aniversario
Osvaldo Pugliese,Osvaldo Pugliese y su Orquesta Típica,1952-11-29,Mala Junta,,Tango,Instrumental,Odeón,Tape,13082/1,,"Julio De Caro, Pedro Laurenz",Juan Velich,,51-60 Mature Sound,Osvaldo Pugliese,Aniceto Rossi,"Osvaldo Ruggiero, Jose Caldara, Esteban Gilardi, Roberto Peppe","Enrique Camerano, Julio Carrasco, Oscar Herrero, Emilio Balcarce, Francisco Sanmartino (Viola)","Piano, Bass, 4 Bandoneons, 4 Violins, Viola",,,,
Osvaldo Pugliese,Osvaldo Pugliese y su Orquesta Típica,1952-12-03,La Noche Que Me Esperes,,Vals,Alberto Morán,Odeón,Tape,18939/1,,Juan Canaro,Juan Canaro,,51-60 Mature Sound,Osvaldo Pugliese,Aniceto Rossi,"Osvaldo Ruggiero, Jose Caldara, Esteban Gilardi, Roberto Peppe","Enrique Camerano, Julio Carrasco, Oscar Herrero, Emilio Balcarce, Francisco Sanmartino (Viola)","Piano, Bass, 4 Bandoneons, 4 Violins, Viola",,,,
Osvaldo Pugliese,Osvaldo Pugliese y su Orquesta Típica,1952-12-03,Barro,,Tango,Alberto Morán,Odeón,Tape,18024/1,,Osvaldo Pugliese,Horacio Sanguinetti,,51-60 Mature Sound,Osvaldo Pugliese,Aniceto Rossi,"Osvaldo Ruggiero, Jose Caldara, Esteban Gilardi, Roberto Peppe","Enrique Camerano, Julio Carrasco, Oscar Herrero, Emilio Balcarce, Francisco Sanmartino (Viola)","Piano, Bass, 4 Bandoneons, 4 Violins, Viola",LP,Edición Aniversario 1905-2005,,Edicion Aniversario
Osvaldo Pugliese,Osvaldo Pugliese y su Orquesta Típica,1953-05-28,Chiqué,El Elegante,Tango,Instrumental,Odeón,Tape,18934,,Ricardo Brignolo,,,51-60 Mature Sound,Osvaldo Pugliese,Aniceto Rossi,"Osvaldo Ruggiero, Jose Caldara, Esteban Gilardi, Roberto Peppe","Enrique Camerano, Julio Carrasco, Oscar Herrero, Emilio Balcarce, Francisco Sanmartino (Viola)","Piano, Bass, 4 Bandoneons, 4 Violins, Viola",,,,
Osvaldo Pugliese,Osvaldo Pugliese y su Orquesta Típica,1953-05-28,Caminito Soleado,,Tango,Cobos Y Morán,Odeón,Tape,18935,,Carlos Gardel,Alfredo Le Pera,,51-60 Mature Sound,Osvaldo Pugliese,Aniceto Rossi,"Osvaldo Ruggiero, Jose Caldara, Esteban Gilardi, Roberto Peppe","Enrique Camerano, Julio Carrasco, Oscar Herrero, Emilio Balcarce, Francisco Sanmartino (Viola)","Piano, Bass, 4 Bandoneons, 4 Violins, Viola",LP,Edición Aniversario 1905-2005,,Edicion Aniversario
Osvaldo Pugliese,Osvaldo Pugliese y su Orquesta Típica,1953-07-14,Milonguera,,Tango,Juan Carlos Cobos,Odeón,Tape,19018,,José Aguilar,José Aguilar,,51-60 Mature Sound,Osvaldo Pugliese,Aniceto Rossi,"Osvaldo Ruggiero, Jose Caldara, Esteban Gilardi, Roberto Peppe","Enrique Camerano, Julio Carrasco, Oscar Herrero, Emilio Balcarce, Francisco Sanmartino (Viola)","Piano, Bass, 4 Bandoneons, 4 Violins, Viola",,,,
Osvaldo Pugliese,Osvaldo Pugliese y su Orquesta Típica,1953-07-14,San José de Flores,,Tango,Alberto Morán,Odeón,Tape,19019,,Armando Acquarone,Enrique Gaudino,,51-60 Mature Sound,Osvaldo Pugliese,Aniceto Rossi,"Osvaldo Ruggiero, Jose Caldara, Esteban Gilardi, Roberto Peppe","Enrique Camerano, Julio Carrasco, Oscar Herrero, Emilio Balcarce, Francisco Sanmartino (Viola)","Piano, Bass, 4 Bandoneons, 4 Violins, Viola",LP,Noches de San Telmo,A,Noches De San Telmo
Osvaldo Pugliese,Osvaldo Pugliese y su Orquesta Típica,1953-08-06,Olvidao,,Tango,Juan Carlos Cobos,Odeón,Tape,19046,,Guillermo Cadícamo,,,51-60 Mature Sound,Osvaldo Pugliese,Aniceto Rossi,"Osvaldo Ruggiero, Jose Caldara, Esteban Gilardi, Roberto Peppe","Enrique Camerano, Julio Carrasco, Oscar Herrero, Emilio Balcarce, Francisco Sanmartino (Viola)","Piano, Bass, 4 Bandoneons, 4 Violins, Viola",,,,
Osvaldo Pugliese,Osvaldo Pugliese y su Orquesta Típica,1953-08-16,Desvelo,De Flor en Flor,Tango,Alberto Morán,Odeón,Tape,19047,,Eduardo Bonessi,"Enrique Cadícamo, Domingo Gallicchio",,51-60 Mature Sound,Osvaldo Pugliese,Aniceto Rossi,"Osvaldo Ruggiero, Jose Caldara, Esteban Gilardi, Roberto Peppe","Enrique Camerano, Julio Carrasco, Oscar Herrero, Emilio Balcarce, Francisco Sanmartino (Viola)","Piano, Bass, 4 Bandoneons, 4 Violins, Viola",,,,
Osvaldo Pugliese,Osvaldo Pugliese y su Orquesta Típica,1953-10-06,Seguíme Si Podés,,Tango,Instrumental,Odeón,Tape,19166,,"Alejandro Scarpino, Juan Caldarella",Antonio Anselmi,,51-60 Mature Sound,Osvaldo Pugliese,Aniceto Rossi,"Osvaldo Ruggiero, Jose Caldara, Esteban Gilardi, Roberto Peppe","Enrique Camerano, Julio Carrasco, Oscar Herrero, Emilio Balcarce, Francisco Sanmartino (Viola)","Piano, Bass, 4 Bandoneons, 4 Violins, Viola",,,,
Osvaldo Pugliese,Osvaldo Pugliese y su Orquesta Típica,1953-10-06,La Última Copa,,Tango,Alberto Morán,Odeón,Tape,19167,,Francisco Canaro,Juan Caruso,,51-60 Mature Sound,Osvaldo Pugliese,Aniceto Rossi,"Osvaldo Ruggiero, Jose Caldara, Esteban Gilardi, Roberto Peppe","Enrique Camerano, Julio Carrasco, Oscar Herrero, Emilio Balcarce, Francisco Sanmartino (Viola)","Piano, Bass, 4 Bandoneons, 4 Violins, Viola",LP,Noches de San Telmo,B,Noches De San Telmo
Osvaldo Pugliese,Osvaldo Pugliese y su Orquesta Típica,1953-11-25,La Rayuela,,Tango,Instrumental,Odeón,Tape,19252,,Julio De Caro,,,51-60 Mature Sound,Osvaldo Pugliese,Aniceto Rossi,"Osvaldo Ruggiero, Jose Caldara, Esteban Gilardi, Roberto Peppe","Enrique Camerano, Julio Carrasco, Oscar Herrero, Emilio Balcarce, Francisco Sanmartino (Viola)","Piano, Bass, 4 Bandoneons, 4 Violins, Viola",,,,
Osvaldo Pugliese,Osvaldo Pugliese y su Orquesta Típica,1953-11-25,Es Preciso Que Te Vayas,,Tango,Juan Carlos Cobos,Odeón,Tape,19253,,Juan Cobián,Celedonio Flores,,51-60 Mature Sound,Osvaldo Pugliese,Aniceto Rossi,"Osvaldo Ruggiero, Jose Caldara, Esteban Gilardi, Roberto Peppe","Enrique Camerano, Julio Carrasco, Oscar Herrero, Emilio Balcarce, Francisco Sanmartino (Viola)","Piano, Bass, 4 Bandoneons, 4 Violins, Viola",,,,
Osvaldo Pugliese,Osvaldo Pugliese y su Orquesta Típica,1954-01-05,Picaneao,,Tango,Juan Carlos Cobos,Odeón,Tape,19344,,Héctor Baldi,Enrique Cadícamo,,51-60 Mature Sound,Osvaldo Pugliese,Aniceto Rossi,"Osvaldo Ruggiero, Jose Caldara, Esteban Gilardi, Roberto Peppe","Enrique Camerano, Julio Carrasco, Oscar Herrero, Emilio Balcarce, Francisco Sanmartino (Viola)","Piano, Bass, 4 Bandoneons, 4 Violins, Viola",,,,
Osvaldo Pugliese,Osvaldo Pugliese y su Orquesta Típica,1954-01-05,Porqué No Te Tengo Más,,Tango,Alberto Morán,Odeón,Tape,19345,,Oscar Herrero,Elizardo Vilas,,51-60 Mature Sound,Osvaldo Pugliese,Aniceto Rossi,"Osvaldo Ruggiero, Jose Caldara, Esteban Gilardi, Roberto Peppe","Enrique Camerano, Julio Carrasco, Oscar Herrero, Emilio Balcarce, Francisco Sanmartino (Viola)","Piano, Bass, 4 Bandoneons, 4 Violins, Viola",LP,Edición Aniversario 1905-2005,,Edicion Aniversario
Osvaldo Pugliese,Osvaldo Pugliese y su Orquesta Típica,1954-03-17,Mi Lamento,,Tango,Instrumental,Odeón,Tape,19400,,Julio Carrasco,,,51-60 Mature Sound,Osvaldo Pugliese,Aniceto Rossi,"Osvaldo Ruggiero, Jose Caldara, Esteban Gilardi, Roberto Peppe","Enrique Camerano, Julio Carrasco, Oscar Herrero, Emilio Balcarce, Francisco Sanmartino (Viola)","Piano, Bass, 4 Bandoneons, 4 Violins, Viola",LP,Edición Aniversario 1905-2005,,Edicion Aniversario
Osvaldo Pugliese,Osvaldo Pugliese y su Orquesta Típica,1954-03-17,La Mentirosa,,Tango,Alberto Morán,Odeón,Tape,19402,,Anselmo Aieta,Francisco Jiménez,,51-60 Mature Sound,Osvaldo Pugliese,Aniceto Rossi,"Osvaldo Ruggiero, Jose Caldara, Esteban Gilardi, Roberto Peppe","Enrique Camerano, Julio Carrasco, Oscar Herrero, Emilio Balcarce, Francisco Sanmartino (Viola)","Piano, Bass, 4 Bandoneons, 4 Violins, Viola",,,,
Osvaldo Pugliese,Osvaldo Pugliese y su Orquesta Típica,1954-03-17,No Es Más Que Yo,,Tango,Juan Carlos Cobos,Odeón,Tape,19401,,Luis Mandarino,Enrique Dizeo,,51-60 Mature Sound,Osvaldo Pugliese,Aniceto Rossi,"Osvaldo Ruggiero, Jose Caldara, Esteban Gilardi, Roberto Peppe","Enrique Camerano, Julio Carrasco, Oscar Herrero, Emilio Balcarce, Francisco Sanmartino (Viola)","Piano, Bass, 4 Bandoneons, 4 Violins, Viola",,,,
Osvaldo Pugliese,Osvaldo Pugliese y su Orquesta Típica,1954-03-17,No Quiero Perderte,,Tango,Alberto Morán,Odeón,Tape,19403,,Enrique Camerano,Alberto Morán,,51-60 Mature Sound,Osvaldo Pugliese,Aniceto Rossi,"Osvaldo Ruggiero, Jose Caldara, Esteban Gilardi, Roberto Peppe","Enrique Camerano, Julio Carrasco, Oscar Herrero, Emilio Balcarce, Francisco Sanmartino (Viola)","Piano, Bass, 4 Bandoneons, 4 Violins, Viola",LP,Edición Aniversario 1905-2005,,Edicion Aniversario
Osvaldo Pugliese,Osvaldo Pugliese y su Orquesta Típica,1954-05-13,Nueve de Julio,9 de Julio,Tango,Instrumental,Odeón,Tape,19486,,José Padula,Lito Bayardo,,51-60 Mature Sound,Osvaldo Pugliese,Aniceto Rossi,"Osvaldo Ruggiero, Jose Caldara, Esteban Gilardi, Roberto Peppe","Enrique Camerano, Julio Carrasco, Oscar Herrero, Emilio Balcarce, Francisco Sanmartino (Viola)","Piano, Bass, 4 Bandoneons, 4 Violins, Viola",LP,Amigos,B,Amigos
Osvaldo Pugliese,Osvaldo Pugliese y su Orquesta Típica,1954-05-13,Te Aconsejo Que Me Olvides,,Tango,Juan Carlos Cobos,Odeón,Tape,19487,,Pedro Maffía,Jorge Curí,,51-60 Mature Sound,Osvaldo Pugliese,Aniceto Rossi,"Osvaldo Ruggiero, Jose Caldara, Esteban Gilardi, Roberto Peppe","Enrique Camerano, Julio Carrasco, Oscar Herrero, Emilio Balcarce, Francisco Sanmartino (Viola)","Piano, Bass, 4 Bandoneons, 4 Violins, Viola",,,,
Osvaldo Pugliese,Osvaldo Pugliese y su Orquesta Típica,1954-07-14,La Guitarrita,,Tango,Instrumental,Odeón,Tape,19576,,Eduardo Arolas,Gabriel Clausi,,51-60 Mature Sound,Osvaldo Pugliese,Aniceto Rossi,"Osvaldo Ruggiero, Jose Caldara, Esteban Gilardi, Roberto Peppe","Enrique Camerano, Julio Carrasco, Oscar Herrero, Emilio Balcarce, Francisco Sanmartino (Viola)","Piano, Bass, 4 Bandoneons, 4 Violins, Viola",,,,
Osvaldo Pugliese,Osvaldo Pugliese y su Orquesta Típica,1954-07-14,A la Luz del Candil,,Tango,Miguel Montero,Odeón,Tape,19577,,Carlos Flores,Julio Navarrine,,51-60 Mature Sound,Osvaldo Pugliese,Aniceto Rossi,"Osvaldo Ruggiero, Jose Caldara, Esteban Gilardi, Roberto Peppe","Enrique Camerano, Julio Carrasco, Oscar Herrero, Emilio Balcarce, Francisco Sanmartino (Viola)","Piano, Bass, 4 Bandoneons, 4 Violins, Viola",LP,Edición Aniversario 1905-2005,,Edicion Aniversario
Osvaldo Pugliese,Osvaldo Pugliese y su Orquesta Típica,1954-10-29,Canzoneta,,Tango,Jorge Maciel,Odeón,Tape,19787,,Erma Suárez,Enrique Lary,,51-60 Mature Sound,Osvaldo Pugliese,Aniceto Rossi,"Osvaldo Ruggiero, Jose Caldara, Esteban Gilardi, Roberto Peppe","Enrique Camerano, Julio Carrasco, Oscar Herrero, Emilio Balcarce, Francisco Sanmartino (Viola)","Piano, Bass, 4 Bandoneons, 4 Violins, Viola",LP,Edición Aniversario 1905-2005,,Edicion Aniversario
Osvaldo Pugliese,Osvaldo Pugliese y su Orquesta Típica,1954-10-29,Por una Muñeca,,Tango,Miguel Montero,Odeón,Tape,19578,,Emilio Balcarce,Manolo Barros,,51-60 Mature Sound,Osvaldo Pugliese,Aniceto Rossi,"Osvaldo Ruggiero, Jose Caldara, Esteban Gilardi, Roberto Peppe","Enrique Camerano, Julio Carrasco, Oscar Herrero, Emilio Balcarce, Francisco Sanmartino (Viola)","Piano, Bass, 4 Bandoneons, 4 Violins, Viola",LP,Edición Aniversario 1905-2005,,Edicion Aniversario
Osvaldo Pugliese,Osvaldo Pugliese y su Orquesta Típica,1954-12-13,Mi Fuelle Rezonga,,Tango,Instrumental,Odeón,Tape,19858,,Pedro Toscano,,,51-60 Mature Sound,Osvaldo Pugliese,Aniceto Rossi,"Osvaldo Ruggiero, Jose Caldara, Esteban Gilardi, Roberto Peppe","Enrique Camerano, Julio Carrasco, Oscar Herrero, Emilio Balcarce, Francisco Sanmartino (Viola)","Piano, Bass, 4 Bandoneons, 4 Violins, Viola",,,,
Osvaldo Pugliese,Osvaldo Pugliese y su Orquesta Típica,1954-12-13,Si Yo Pudiera Olvidarla,,Tango,Jorge Maciel,Odeón,Tape,19857,,Osvaldo Tarantino,Alfredo Palacios,,51-60 Mature Sound,Osvaldo Pugliese,Aniceto Rossi,"Osvaldo Ruggiero, Jose Caldara, Esteban Gilardi, Roberto Peppe","Enrique Camerano, Julio Carrasco, Oscar Herrero, Emilio Balcarce, Francisco Sanmartino (Viola)","Piano, Bass, 4 Bandoneons, 4 Violins, Viola",,,,
Osvaldo Pugliese,Osvaldo Pugliese y su Orquesta Típica,1955-09-02,Emancipación,,Tango,Instrumental,Odeón,Tape,20440,,Alfredo Bevilacqua,Antonio Polito,,51-60 Mature Sound,Osvaldo Pugliese,Aniceto Rossi,"Osvaldo Ruggiero, Mario Demarco, Esteban Gilardi, Roberto Peppe","Enrique Camerano, Julio Carrasco, Oscar Herrero, Emilio Balcarce, Francisco Sanmartino (Viola)","Piano, Bass, 4 Bandoneons, 4 Violins, Viola",,,,
Osvaldo Pugliese,Osvaldo Pugliese y su Orquesta Típica,1955-09-02,Antiguo Reloj de Cobre,,Tango,Miguel Montero,Odeón,Tape,20443,,Eduardo Marvezi,,,51-60 Mature Sound,Osvaldo Pugliese,Aniceto Rossi,"Osvaldo Ruggiero, Mario Demarco, Esteban Gilardi, Roberto Peppe","Enrique Camerano, Julio Carrasco, Oscar Herrero, Emilio Balcarce, Francisco Sanmartino (Viola)","Piano, Bass, 4 Bandoneons, 4 Violins, Viola",,,,
Osvaldo Pugliese,Osvaldo Pugliese y su Orquesta Típica,1955-09-02,Esta Noche de Luna,,Tango,Jorge Maciel,Odeón,Tape,20442,,"Graciano Gómez, José García",Héctor Marcó,,51-60 Mature Sound,Osvaldo Pugliese,Aniceto Rossi,"Osvaldo Ruggiero, Mario Demarco, Esteban Gilardi, Roberto Peppe","Enrique Camerano, Julio Carrasco, Oscar Herrero, Emilio Balcarce, Francisco Sanmartino (Viola)","Piano, Bass, 4 Bandoneons, 4 Violins, Viola",,,,
Osvaldo Pugliese,Osvaldo Pugliese y su Orquesta Típica,1955-09-02,Mi Serenata,,Tango,Montero Y Maciel,Odeón,Tape,20441,,Edgardo Donato,Juan Thorry,,51-60 Mature Sound,Osvaldo Pugliese,Aniceto Rossi,"Osvaldo Ruggiero, Mario Demarco, Esteban Gilardi, Roberto Peppe","Enrique Camerano, Julio Carrasco, Oscar Herrero, Emilio Balcarce, Francisco Sanmartino (Viola)","Piano, Bass, 4 Bandoneons, 4 Violins, Viola",LP,A Mis Compañeros,B,A Mis Compañeros
Osvaldo Pugliese,Osvaldo Pugliese y su Orquesta Típica,1955-09-22,Cascabelito,,Tango,Jorge Maciel,Odeón,Tape,20471,,José Bohr,Juan Caruso,,51-60 Mature Sound,Osvaldo Pugliese,Aniceto Rossi,"Osvaldo Ruggiero, Mario Demarco, Esteban Gilardi, Roberto Peppe","Enrique Camerano, Julio Carrasco, Oscar Herrero, Emilio Balcarce, Francisco Sanmartino (Viola)","Piano, Bass, 4 Bandoneons, 4 Violins, Viola",,,,
Osvaldo Pugliese,Osvaldo Pugliese y su Orquesta Típica,1955-09-22,El Poncho del Amor,Juancito de la Ribera,Tango,Miguel Montero,Odeón,Tape,20470,,Antonio Scatasso,Alberto Vaccarezza,,51-60 Mature Sound,Osvaldo Pugliese,Aniceto Rossi,"Osvaldo Ruggiero, Mario Demarco, Esteban Gilardi, Roberto Peppe","Enrique Camerano, Julio Carrasco, Oscar Herrero, Emilio Balcarce, Francisco Sanmartino (Viola)","Piano, Bass, 4 Bandoneons, 4 Violins, Viola",,,,
Osvaldo Pugliese,Osvaldo Pugliese y su Orquesta Típica,1956-01-31,A Mis Compañeros,,Tango,Instrumental,Odeón,Tape,20770,,Osvaldo Ruggiero,,,51-60 Mature Sound,Osvaldo Pugliese,Aniceto Rossi,"Osvaldo Ruggiero, Mario Demarco, Esteban Gilardi, Ismael Spitalnik","Enrique Camerano, Julio Carrasco, Oscar Herrero, Emilio Balcarce, Francisco Sanmartino (Viola)","Piano, Bass, 4 Bandoneons, 4 Violins, Viola",LP,A Mis Compañeros,B,A Mis Compañeros
Osvaldo Pugliese,Osvaldo Pugliese y su Orquesta Típica,1956-01-31,No Juegues a la Guerra,,Tango,Jorge Maciel,Odeón,Tape,20771,,Osvaldo Pugliese,Modesto Miramonti,,51-60 Mature Sound,Osvaldo Pugliese,Aniceto Rossi,"Osvaldo Ruggiero, Mario Demarco, Esteban Gilardi, Ismael Spitalnik","Enrique Camerano, Julio Carrasco, Oscar Herrero, Emilio Balcarce, Francisco Sanmartino (Viola)","Piano, Bass, 4 Bandoneons, 4 Violins, Viola",LP,Edición Aniversario 1905-2005,,Edicion Aniversario
Osvaldo Pugliese,Osvaldo Pugliese y su Orquesta Típica,1956-03-20,A Roberto Peppe,,Tango,Instrumental,Odeón,Tape,20836,,Esteban Gilardi,,,51-60 Mature Sound,Osvaldo Pugliese,Aniceto Rossi,"Osvaldo Ruggiero, Mario Demarco, Esteban Gilardi, Ismael Spitalnik","Enrique Camerano, Julio Carrasco, Oscar Herrero, Emilio Balcarce, Francisco Sanmartino (Viola)","Piano, Bass, 4 Bandoneons, 4 Violins, Viola",LP,Edición Aniversario 1905-2005,,Edicion Aniversario
Osvaldo Pugliese,Osvaldo Pugliese y su Orquesta Típica,1956-03-20,Qué Te Pasa Buenos Aires,,Tango,Miguel Montero,Odeón,Tape,20837,,Eduardo Corti,Juan Correia,,51-60 Mature Sound,Osvaldo Pugliese,Aniceto Rossi,"Osvaldo Ruggiero, Mario Demarco, Esteban Gilardi, Ismael Spitalnik","Enrique Camerano, Julio Carrasco, Oscar Herrero, Emilio Balcarce, Francisco Sanmartino (Viola)","Piano, Bass, 4 Bandoneons, 4 Violins, Viola",LP,A Mis Compañeros,A,A Mis Compañeros
Osvaldo Pugliese,Osvaldo Pugliese y su Orquesta Típica,1956-05-30,Muchachos Mi Último Tango,,Tango,Miguel Montero,Odeón,Tape,21025,,Ernesto Rossi,Ricardo Thompson,,51-60 Mature Sound,Osvaldo Pugliese,Aniceto Rossi,"Osvaldo Ruggiero, Mario Demarco, Esteban Gilardi, Ismael Spitalnik","Enrique Camerano, Julio Carrasco, Oscar Herrero, Emilio Balcarce, Francisco Sanmartino (Viola)","Piano, Bass, 4 Bandoneons, 4 Violins, Viola",,,,
Osvaldo Pugliese,Osvaldo Pugliese y su Orquesta Típica,1956-06-21,Orgullo Criollo,,Tango,Instrumental,Odeón,Tape,21094,,"Pedro Laurenz, Julio De Caro",,,51-60 Mature Sound,Osvaldo Pugliese,Aniceto Rossi,"Osvaldo Ruggiero, Mario Demarco, Esteban Gilardi, Ismael Spitalnik","Enrique Camerano, Julio Carrasco, Oscar Herrero, Emilio Balcarce, Francisco Sanmartino (Viola)","Piano, Bass, 4 Bandoneons, 4 Violins, Viola",,,,
Osvaldo Pugliese,Osvaldo Pugliese y su Orquesta Típica,1956-06-21,Y Todavía Te Quiero,,Tango,Jorge Maciel,Odeón,Tape,21093,,Luciano Leocata,,,51-60 Mature Sound,Osvaldo Pugliese,Aniceto Rossi,"Osvaldo Ruggiero, Mario Demarco, Esteban Gilardi, Ismael Spitalnik","Enrique Camerano, Julio Carrasco, Oscar Herrero, Emilio Balcarce, Francisco Sanmartino (Viola)","Piano, Bass, 4 Bandoneons, 4 Violins, Viola",,,,
Osvaldo Pugliese,Osvaldo Pugliese y su Orquesta Típica,1956-07-04,Remembranza,,Tango,Jorge Maciel,Odeón,Tape,21123,,Mario Melfi,Mario Battistella,,51-60 Mature Sound,Osvaldo Pugliese,Aniceto Rossi,"Osvaldo Ruggiero, Mario Demarco, Esteban Gilardi, Ismael Spitalnik","Enrique Camerano, Julio Carrasco, Oscar Herrero, Emilio Balcarce, Francisco Sanmartino (Viola)","Piano, Bass, 4 Bandoneons, 4 Violins, Viola",,,,
Osvaldo Pugliese,Osvaldo Pugliese y su Orquesta Típica,1956-08-02,Silueta Porteña,,Milonga,Montero Y Maciel,Odeón,Tape,21180,,"Nicolás Cúccaro, Juan Cuccaro","Orlando D'Aniello, Ernesto Noli",,51-60 Mature Sound,Osvaldo Pugliese,Aniceto Rossi,"Osvaldo Ruggiero, Mario Demarco, Esteban Gilardi, Ismael Spitalnik","Enrique Camerano, Julio Carrasco, Oscar Herrero, Emilio Balcarce, Francisco Sanmartino (Viola)","Piano, Bass, 4 Bandoneons, 4 Violins, Viola",,,,
Osvaldo Pugliese,Osvaldo Pugliese y su Orquesta Típica,1956-08-02,Te Estaba Esperando,,Tango,Miguel Montero,Odeón,Tape,21181,,Roberto Giménez,Roberto Giménez,,51-60 Mature Sound,Osvaldo Pugliese,Aniceto Rossi,"Osvaldo Ruggiero, Mario Demarco, Esteban Gilardi, Ismael Spitalnik","Enrique Camerano, Julio Carrasco, Oscar Herrero, Emilio Balcarce, Francisco Sanmartino (Viola)","Piano, Bass, 4 Bandoneons, 4 Violins, Viola",,,,
Osvaldo Pugliese,Osvaldo Pugliese y su Orquesta Típica,1956-10-26,Suipacha,,Tango,Instrumental,Odeón,Tape,21473,,Eduardo Arolas,Jesús Blanco,,51-60 Mature Sound,Osvaldo Pugliese,Aniceto Rossi,"Osvaldo Ruggiero, Mario Demarco, Esteban Gilardi, Ismael Spitalnik","Enrique Camerano, Julio Carrasco, Oscar Herrero, Emilio Balcarce, Francisco Sanmartino (Viola)","Piano, Bass, 4 Bandoneons, 4 Violins, Viola",,,,
Osvaldo Pugliese,Osvaldo Pugliese y su Orquesta Típica,1956-10-26,Muchacha,,Tango,Jorge Maciel,Odeón,Tape,21472,,Luis Caruso,Jesús Suárez,,51-60 Mature Sound,Osvaldo Pugliese,Aniceto Rossi,"Osvaldo Ruggiero, Mario Demarco, Esteban Gilardi, Ismael Spitalnik","Enrique Camerano, Julio Carrasco, Oscar Herrero, Emilio Balcarce, Francisco Sanmartino (Viola)","Piano, Bass, 4 Bandoneons, 4 Violins, Viola",,,,
Osvaldo Pugliese,Osvaldo Pugliese y su Orquesta Típica,1956-11-28,Nochero Soy,,Tango,Instrumental,Odeón,Tape,21600,,Oscar Herrero,,,51-60 Mature Sound,Osvaldo Pugliese,Aniceto Rossi,"Osvaldo Ruggiero, Mario Demarco, Esteban Gilardi, Ismael Spitalnik","Enrique Camerano, Julio Carrasco, Oscar Herrero, Emilio Balcarce, Francisco Sanmartino (Viola)","Piano, Bass, 4 Bandoneons, 4 Violins, Viola",LP,Edición Aniversario 1905-2005,,Edicion Aniversario
Osvaldo Pugliese,Osvaldo Pugliese y su Orquesta Típica,1956-11-28,Y con Eso Dónde Voy,,Tango,Miguel Montero,Odeón,Tape,21601,,Ángel Cabral,Enrique Dizeo,,51-60 Mature Sound,Osvaldo Pugliese,Aniceto Rossi,"Osvaldo Ruggiero, Mario Demarco, Esteban Gilardi, Ismael Spitalnik","Enrique Camerano, Julio Carrasco, Oscar Herrero, Emilio Balcarce, Francisco Sanmartino (Viola)","Piano, Bass, 4 Bandoneons, 4 Violins, Viola",,,,
Osvaldo Pugliese,Osvaldo Pugliese y su Orquesta Típica,1956-12-26,Marrón y Azul,,Tango,Instrumental,Odeón,Tape,21727,,Astor Piazzolla,,,51-60 Mature Sound,Osvaldo Pugliese,Aniceto Rossi,"Osvaldo Ruggiero, Mario Demarco, Esteban Gilardi, Ismael Spitalnik","Enrique Camerano, Julio Carrasco, Oscar Herrero, Emilio Balcarce, Francisco Sanmartino (Viola)","Piano, Bass, 4 Bandoneons, 4 Violins, Viola",LP,Edición Aniversario 1905-2005,,Edicion Aniversario
Osvaldo Pugliese,Osvaldo Pugliese y su Orquesta Típica,1956-12-26,Mentiras,,Tango,Montero Y Maciel,Odeón,Tape,21726,,Juan Reyes,Juan Reyes,,51-60 Mature Sound,Osvaldo Pugliese,Aniceto Rossi,"Osvaldo Ruggiero, Mario Demarco, Esteban Gilardi, Ismael Spitalnik","Enrique Camerano, Julio Carrasco, Oscar Herrero, Emilio Balcarce, Francisco Sanmartino (Viola)","Piano, Bass, 4 Bandoneons, 4 Violins, Viola",,,,
Osvaldo Pugliese,Osvaldo Pugliese y su Orquesta Típica,1957-04-04,Los Largos del Pibe,,Tango,Miguel Montero,Odeón,Tape,21966,,"Samuel Pribluda, Roberto Rufino, Enrique Lary","Samuel Pribluda, Roberto Rufino, Enrique Lary",,51-60 Mature Sound,Osvaldo Manzi,Aniceto Rossi,"Osvaldo Ruggiero, Mario Demarco, Esteban Gilardi, Ismael Spitalnik","Enrique Camerano, Julio Carrasco, Oscar Herrero, Emilio Balcarce, Norberto Bernasconi (Viola)","Piano, Bass, 4 Bandoneons, 4 Violins, Viola",,,,
Osvaldo Pugliese,Osvaldo Pugliese y su Orquesta Típica,1957-04-04,Y Sigo Esperando,,Tango,Jorge Maciel,Odeón,Tape,21967,,Cayetano Ziccaro,Juan Velich,,51-60 Mature Sound,Osvaldo Manzi,Aniceto Rossi,"Osvaldo Ruggiero, Mario Demarco, Esteban Gilardi, Ismael Spitalnik","Enrique Camerano, Julio Carrasco, Oscar Herrero, Emilio Balcarce, Norberto Bernasconi (Viola)","Piano, Bass, 4 Bandoneons, 4 Violins, Viola",,,,
Osvaldo Pugliese,Osvaldo Pugliese y su Orquesta Típica,1957-05-13,Pata Ancha,,Tango,Instrumental,Odeón,Tape,22088,,Mario Demarco,,,51-60 Mature Sound,Osvaldo Manzi,Aniceto Rossi,"Osvaldo Ruggiero, Mario Demarco, Esteban Gilardi, Ismael Spitalnik","Enrique Camerano, Julio Carrasco, Oscar Herrero, Emilio Balcarce, Norberto Bernasconi (Viola)","Piano, Bass, 4 Bandoneons, 4 Violins, Viola",LP,Edición Aniversario 1905-2005,,Edicion Aniversario
Osvaldo Pugliese,Osvaldo Pugliese y su Orquesta Típica,1957-05-13,La Novia del Suburbio,,Tango,Jorge Maciel,Odeón,Tape,22087,,Roberto Rufino,Agustín Minotti,,51-60 Mature Sound,Osvaldo Manzi,Aniceto Rossi,"Osvaldo Ruggiero, Mario Demarco, Esteban Gilardi, Ismael Spitalnik","Enrique Camerano, Julio Carrasco, Oscar Herrero, Emilio Balcarce, Norberto Bernasconi (Viola)","Piano, Bass, 4 Bandoneons, 4 Violins, Viola",,,,
Osvaldo Pugliese,Osvaldo Pugliese y su Orquesta Típica,1957-06-24,La Conciencia,,Tango,Miguel Montero,Odeón,Tape,22226,,Emilio Barros,,,51-60 Mature Sound,Osvaldo Manzi,Aniceto Rossi,"Osvaldo Ruggiero, Mario Demarco, Esteban Gilardi, Ismael Spitalnik","Enrique Camerano, Julio Carrasco, Oscar Herrero, Emilio Balcarce, Norberto Bernasconi (Viola)","Piano, Bass, 4 Bandoneons, 4 Violins, Viola",LP,Edición Aniversario 1905-2005,,Edicion Aniversario
Osvaldo Pugliese,Osvaldo Pugliese y su Orquesta Típica,1957-06-24,Un Tango Para el Recuerdo,,Tango,Jorge Maciel,Odeón,Tape,22227,,Rafael Del Bagno,Antonio Cantó,,51-60 Mature Sound,Osvaldo Manzi,Aniceto Rossi,"Osvaldo Ruggiero, Mario Demarco, Esteban Gilardi, Ismael Spitalnik","Enrique Camerano, Julio Carrasco, Oscar Herrero, Emilio Balcarce, Norberto Bernasconi (Viola)","Piano, Bass, 4 Bandoneons, 4 Violins, Viola",,,,
Osvaldo Pugliese,Osvaldo Pugliese y su Orquesta Típica,1957-07-10,Cachá Viaje,,Tango,Miguel Montero,Odeón,Tape,22269,,Jaime Cardenal,,,51-60 Mature Sound,Osvaldo Manzi,Aniceto Rossi,"Osvaldo Ruggiero, Mario Demarco, Esteban Gilardi, Ismael Spitalnik","Enrique Camerano, Julio Carrasco, Oscar Herrero, Emilio Balcarce, Norberto Bernasconi (Viola)","Piano, Bass, 4 Bandoneons, 4 Violins, Viola",LP,A Mis Compañeros,B,A Mis Compañeros
Osvaldo Pugliese,Osvaldo Pugliese y su Orquesta Típica,1957-07-10,En Otros Caminos,,Tango,Montero Y Maciel,Odeón,Tape,22268,,Guillermo Pariente,,,51-60 Mature Sound,Osvaldo Manzi,Aniceto Rossi,"Osvaldo Ruggiero, Mario Demarco, Esteban Gilardi, Ismael Spitalnik","Enrique Camerano, Julio Carrasco, Oscar Herrero, Emilio Balcarce, Norberto Bernasconi (Viola)","Piano, Bass, 4 Bandoneons, 4 Violins, Viola",,,,
Osvaldo Pugliese,Osvaldo Pugliese y su Orquesta Típica,1957-10-25,Yunta de Oro,,Tango,Instrumental,Odeón,Tape,22596,,Osvaldo Ruggiero,,,51-60 Mature Sound,Osvaldo Manzi,Aniceto Rossi,"Osvaldo Ruggiero, Mario Demarco, Esteban Gilardi, Ismael Spitalnik","Oscar Herrero, Enrique Camerano, Julio Carrasco, Emilio Balcarce, Norberto Bernasconi (Viola)","Piano, Bass, 4 Bandoneons, 4 Violins, Viola",LP,Edición Aniversario 1905-2005,,Edicion Aniversario
Osvaldo Pugliese,Osvaldo Pugliese y su Orquesta Típica,1957-10-25,No Me Hablen de Ella,,Tango,Jorge Maciel,Odeón,Tape,22597,,"Tití Rossi, Jorge Moreira","Tití Rossi, Jorge Moreira",,51-60 Mature Sound,Osvaldo Manzi,Aniceto Rossi,"Osvaldo Ruggiero, Mario Demarco, Esteban Gilardi, Ismael Spitalnik","Oscar Herrero, Enrique Camerano, Julio Carrasco, Emilio Balcarce, Norberto Bernasconi (Viola)","Piano, Bass, 4 Bandoneons, 4 Violins, Viola",,,,
Osvaldo Pugliese,Osvaldo Pugliese y su Orquesta Típica,1957-12-18,Pa' la Muchachada,,Tango,Miguel Montero,Odeón,Tape,22754,,Carlos Jonsson,,,51-60 Mature Sound,Osvaldo Manzi,Aniceto Rossi,"Osvaldo Ruggiero, Mario Demarco, Esteban Gilardi, Ismael Spitalnik","Oscar Herrero, Enrique Camerano, Julio Carrasco, Emilio Balcarce, Norberto Bernasconi (Viola)","Piano, Bass, 4 Bandoneons, 4 Violins, Viola",LP,Edición Aniversario 1905-2005,,Edicion Aniversario
Osvaldo Pugliese,Osvaldo Pugliese y su Orquesta Típica,1957-12-18,Perla Fina,,Tango,Jorge Maciel,Odeón,Tape,22753,,"Juan Lotito, Norberto Lotito",Vladimiro Vega,,51-60 Mature Sound,Osvaldo Manzi,Aniceto Rossi,"Osvaldo Ruggiero, Mario Demarco, Esteban Gilardi, Ismael Spitalnik","Oscar Herrero, Enrique Camerano, Julio Carrasco, Emilio Balcarce, Norberto Bernasconi (Viola)","Piano, Bass, 4 Bandoneons, 4 Violins, Viola",,,,
Osvaldo Pugliese,Osvaldo Pugliese y su Orquesta Típica,1958-01-02,Corazoneando,,Tango,Instrumental,Odeón,Tape,22786,,Osvaldo Pugliese,,,51-60 Mature Sound,Osvaldo Manzi,Aniceto Rossi,"Osvaldo Ruggiero, Mario Demarco, Esteban Gilardi, Ismael Spitalnik","Oscar Herrero, Enrique Camerano, Julio Carrasco, Emilio Balcarce, Norberto Bernasconi (Viola)","Piano, Bass, 4 Bandoneons, 4 Violins, Viola",LP,Edición Aniversario 1905-2005,,Edicion Aniversario
Osvaldo Pugliese,Osvaldo Pugliese y su Orquesta Típica,1958-01-02,Gente Amiga,,Tango,Instrumental,Odeón,Tape,22787,,Ismael Spitalnik,,,51-60 Mature Sound,Osvaldo Manzi,Aniceto Rossi,"Osvaldo Ruggiero, Mario Demarco, Esteban Gilardi, Ismael Spitalnik","Oscar Herrero, Enrique Camerano, Julio Carrasco, Emilio Balcarce, Norberto Bernasconi (Viola)","Piano, Bass, 4 Bandoneons, 4 Violins, Viola",LP,Edición Aniversario 1905-2005,,Edicion Aniversario
Osvaldo Pugliese,Osvaldo Pugliese y su Orquesta Típica,1958-01-16,Julie,,Tango,Instrumental,Odeón,Tape,22821,,"Enrique Alessio, Carlos Lázzari",,,51-60 Mature Sound,Osvaldo Manzi,Aniceto Rossi,"Osvaldo Ruggiero, Mario Demarco, Esteban Gilardi, Ismael Spitalnik","Oscar Herrero, Enrique Camerano, Julio Carrasco, Emilio Balcarce, Norberto Bernasconi (Viola)","Piano, Bass, 4 Bandoneons, 4 Violins, Viola",LP,Edición Aniversario 1905-2005,,Edicion Aniversario
Osvaldo Pugliese,Osvaldo Pugliese y su Orquesta Típica,1958-01-16,Gurisa,,Tango,Miguel Montero,Odeón,Tape,22822,,Amitor Vidal,Enrique Satur,,51-60 Mature Sound,Osvaldo Manzi,Aniceto Rossi,"Osvaldo Ruggiero, Mario Demarco, Esteban Gilardi, Ismael Spitalnik","Oscar Herrero, Enrique Camerano, Julio Carrasco, Emilio Balcarce, Norberto Bernasconi (Viola)","Piano, Bass, 4 Bandoneons, 4 Violins, Viola",,,,
Osvaldo Pugliese,Osvaldo Pugliese y su Orquesta Típica,1958-03-26,Buen Amigo,,Tango,Instrumental,Odeón,Tape,22929,,Julio De Caro,Juan Catán,,51-60 Mature Sound,Osvaldo Manzi,Aniceto Rossi,"Osvaldo Ruggiero, Mario Demarco, Esteban Gilardi, Ismael Spitalnik","Oscar Herrero, Enrique Camerano, Julio Carrasco, Emilio Balcarce, Norberto Bernasconi (Viola)","Piano, Bass, 4 Bandoneons, 4 Violins, Viola",,,,
Osvaldo Pugliese,Osvaldo Pugliese y su Orquesta Típica,1958-03-26,Quién,,Tango,Jorge Maciel,Odeón,Tape,22930,,Osvaldo Manzi,Luis Lira,,51-60 Mature Sound,Osvaldo Manzi,Aniceto Rossi,"Osvaldo Ruggiero, Mario Demarco, Esteban Gilardi, Ismael Spitalnik","Oscar Herrero, Enrique Camerano, Julio Carrasco, Emilio Balcarce, Norberto Bernasconi (Viola)","Piano, Bass, 4 Bandoneons, 4 Violins, Viola",LP,Edición Aniversario 1905-2005,,Edicion Aniversario
Osvaldo Pugliese,Osvaldo Pugliese y su Orquesta Típica,1958-05-29,Adiós Corazón,,Tango,Jorge Maciel,Odeón,Tape,23117,,Lalo Etchegoncelay,Héctor Sapelli,,51-60 Mature Sound,Osvaldo Pugliese Ernesto Romero,Aniceto Rossi,"Osvaldo Ruggiero, Mario Demarco, Esteban Gilardi, Ismael Spitalnik","Oscar Herrero, Enrique Camerano, Julio Carrasco, Emilio Balcarce, Norberto Bernasconi (Viola)","Piano, Bass, 4 Bandoneons, 4 Violins, Viola",,,,
Osvaldo Pugliese,Osvaldo Pugliese y su Orquesta Típica,1958-05-29,Che Cristóbal,,Tango,Miguel Montero,Odeón,Tape,23118,,Orlando Calautti,Elbio Vallejo,,51-60 Mature Sound,Osvaldo Pugliese Ernesto Romero,Aniceto Rossi,"Osvaldo Ruggiero, Mario Demarco, Esteban Gilardi, Ismael Spitalnik","Oscar Herrero, Enrique Camerano, Julio Carrasco, Emilio Balcarce, Norberto Bernasconi (Viola)","Piano, Bass, 4 Bandoneons, 4 Violins, Viola",,,,
Osvaldo Pugliese,Osvaldo Pugliese y su Orquesta Típica,1958-07-23,Acquaforte,,Tango,Miguel Montero,Odeón,Tape,23241,,Horacio Pettorossi,Juan Catán,,51-60 Mature Sound,Osvaldo Pugliese Ernesto Romero,Aniceto Rossi,"Osvaldo Ruggiero, Mario Demarco, Esteban Gilardi, Ismael Spitalnik","Oscar Herrero, Enrique Camerano, Julio Carrasco, Emilio Balcarce, Norberto Bernasconi (Viola)","Piano, Bass, 4 Bandoneons, 4 Violins, Viola",,,,
Osvaldo Pugliese,Osvaldo Pugliese y su Orquesta Típica,1958-07-23,Las Tres Banderas,,Tango,Jorge Maciel,Odeón,Tape,23240,,Roberto Rufino,Carlos Russo,,51-60 Mature Sound,Osvaldo Pugliese Ernesto Romero,Aniceto Rossi,"Osvaldo Ruggiero, Mario Demarco, Esteban Gilardi, Ismael Spitalnik","Oscar Herrero, Enrique Camerano, Julio Carrasco, Emilio Balcarce, Norberto Bernasconi (Viola)","Piano, Bass, 4 Bandoneons, 4 Violins, Viola",,,,
Osvaldo Pugliese,Osvaldo Pugliese y su Orquesta Típica,1958-08-06,La Bordona,,Tango,Instrumental,Odeón,Tape,23318,,Emilio Balcarce,,,51-60 Mature Sound,Osvaldo Pugliese Ernesto Romero,Aniceto Rossi,"Osvaldo Ruggiero, Mario Demarco, Esteban Gilardi, Ismael Spitalnik","Oscar Herrero, Enrique Camerano, Julio Carrasco, Emilio Balcarce, Norberto Bernasconi (Viola)","Piano, Bass, 4 Bandoneons, 4 Violins, Viola",LP,Edición Aniversario 1905-2005,,Edicion Aniversario
Osvaldo Pugliese,Osvaldo Pugliese y su Orquesta Típica,1958-08-06,Qué Pinturita,,Tango,Instrumental,Odeón,Tape,23319,,Esteban Gilardi,,,51-60 Mature Sound,Osvaldo Pugliese Ernesto Romero,Aniceto Rossi,"Osvaldo Ruggiero, Mario Demarco, Esteban Gilardi, Ismael Spitalnik","Oscar Herrero, Enrique Camerano, Julio Carrasco, Emilio Balcarce, Norberto Bernasconi (Viola)","Piano, Bass, 4 Bandoneons, 4 Violins, Viola",LP,Edición Aniversario 1905-2005,,Edicion Aniversario
Osvaldo Pugliese,Osvaldo Pugliese y su Orquesta Típica,1958-11-19,Unión Cívica,,Tango,Instrumental,Odeón,Tape,23654,,Domingo Cruz,,,51-60 Mature Sound,Osvaldo Pugliese Ernesto Romero,Aniceto Rossi,"Osvaldo Ruggiero, Mario Demarco, Esteban Gilardi, Ismael Spitalnik","Oscar Herrero, Enrique Camerano, Julio Carrasco, Emilio Balcarce, Norberto Bernasconi (Viola)","Piano, Bass, 4 Bandoneons, 4 Violins, Viola",,,,
Osvaldo Pugliese,Osvaldo Pugliese y su Orquesta Típica,1958-11-19,Dicha Pasada,,Tango,Miguel Montero,Odeón,Tape,23653,,Guillermo Barbieri,Guillermo Barbieri,,51-60 Mature Sound,Osvaldo Pugliese Ernesto Romero,Aniceto Rossi,"Osvaldo Ruggiero, Mario Demarco, Esteban Gilardi, Ismael Spitalnik","Oscar Herrero, Enrique Camerano, Julio Carrasco, Emilio Balcarce, Norberto Bernasconi (Viola)","Piano, Bass, 4 Bandoneons, 4 Violins, Viola",,,,
Osvaldo Pugliese,Osvaldo Pugliese y su Orquesta Típica,1958-12-10,Alma de Bohemio,,Tango,Instrumental,Odeón,Tape,23695,,Roberto Firpo,Juan Caruso,,51-60 Mature Sound,Osvaldo Pugliese Ernesto Romero,Aniceto Rossi,"Osvaldo Ruggiero, Mario Demarco, Esteban Gilardi, Ismael Spitalnik","Oscar Herrero, Enrique Camerano, Julio Carrasco, Emilio Balcarce, Norberto Bernasconi (Viola)","Piano, Bass, 4 Bandoneons, 4 Violins, Viola",,,,
Osvaldo Pugliese,Osvaldo Pugliese y su Orquesta Típica,1958-12-10,Porqué Me la Nombran,,Tango,Jorge Maciel,Odeón,Tape,,,Tití Rossi,"Ernesto Paredes, Carlos Russo",,51-60 Mature Sound,Osvaldo Pugliese Ernesto Romero,Aniceto Rossi,"Osvaldo Ruggiero, Mario Demarco, Esteban Gilardi, Ismael Spitalnik","Oscar Herrero, Enrique Camerano, Julio Carrasco, Emilio Balcarce, Norberto Bernasconi (Viola)","Piano, Bass, 4 Bandoneons, 4 Violins, Viola",,,,
Osvaldo Pugliese,Osvaldo Pugliese y su Orquesta Típica,1959-07-23,Gallo Ciego,,Tango,Instrumental,Odeón,Tape,24259,,Agustín Bardi,,,51-60 Mature Sound,Osvaldo Pugliese Ernesto Romero,Aniceto Rossi,"Osvaldo Ruggiero, Mario Demarco, Ismael Spitalnik, Víctor Lavallén","Oscar Herrero, Julio Carrasco, Emilio Balcarce, Norberto Bernasconi (Viola), Andriano Fanelli (Cello)","Piano, Bass, 4 Bandoneons, 3 Violins, Viola, Cello",LP,Amigos,C,Amigos
Osvaldo Pugliese,Osvaldo Pugliese y su Orquesta Típica,1959-07-23,El Pañuelito,,Tango,Jorge Maciel,Odeón,Tape,24262,,Juan Filiberto,Gabino Peñaloza,,51-60 Mature Sound,Osvaldo Pugliese Ernesto Romero,Aniceto Rossi,"Osvaldo Ruggiero, Mario Demarco, Ismael Spitalnik, Víctor Lavallén","Oscar Herrero, Julio Carrasco, Emilio Balcarce, Norberto Bernasconi (Viola), Andriano Fanelli (Cello)","Piano, Bass, 4 Bandoneons, 3 Violins, Viola, Cello",,,,
Osvaldo Pugliese,Osvaldo Pugliese y su Orquesta Típica,1959-07-23,Mamita,Flor de Angustia,Tango,Jorge Maciel,Odeón,Tape,24258,,Ángel Danesi,Francisco Bohígas,,51-60 Mature Sound,Osvaldo Pugliese Ernesto Romero,Aniceto Rossi,"Osvaldo Ruggiero, Mario Demarco, Ismael Spitalnik, Víctor Lavallén","Oscar Herrero, Julio Carrasco, Emilio Balcarce, Norberto Bernasconi (Viola), Andriano Fanelli (Cello)","Piano, Bass, 4 Bandoneons, 3 Violins, Viola, Cello",LP,A Mis Compañeros,A,A Mis Compañeros
Osvaldo Pugliese,Osvaldo Pugliese y su Orquesta Típica,1959-07-23,Quejumbroso,,Tango,Instrumental,Odeón,Tape,24257,,Oscar Herrero,,,51-60 Mature Sound,Osvaldo Pugliese Ernesto Romero,Aniceto Rossi,"Osvaldo Ruggiero, Mario Demarco, Ismael Spitalnik, Víctor Lavallén","Oscar Herrero, Julio Carrasco, Emilio Balcarce, Norberto Bernasconi (Viola), Andriano Fanelli (Cello)","Piano, Bass, 4 Bandoneons, 3 Violins, Viola, Cello",LP,Edición Aniversario 1905-2005,,Edicion Aniversario
Osvaldo Pugliese,Osvaldo Pugliese y su Orquesta Típica,1959-07-23,Si Nace Chancleta,,Tango,Jorge Maciel,Odeón,Tape,24260,,Mario Demarco,Vicente Bonvissuto,,51-60 Mature Sound,Osvaldo Pugliese Ernesto Romero,Aniceto Rossi,"Osvaldo Ruggiero, Mario Demarco, Ismael Spitalnik, Víctor Lavallén","Oscar Herrero, Julio Carrasco, Emilio Balcarce, Norberto Bernasconi (Viola), Andriano Fanelli (Cello)","Piano, Bass, 4 Bandoneons, 3 Violins, Viola, Cello",LP,Edición Aniversario 1905-2005,,Edicion Aniversario
Osvaldo Pugliese,Osvaldo Pugliese y su Orquesta Típica,1959-07-23,Y No Podrás Querer,,Tango,Jorge Maciel,Odeón,Tape,24261,,Vicente Demarco,Silvio Marinucci,,51-60 Mature Sound,Osvaldo Pugliese Ernesto Romero,Aniceto Rossi,"Osvaldo Ruggiero, Mario Demarco, Ismael Spitalnik, Víctor Lavallén","Oscar Herrero, Julio Carrasco, Emilio Balcarce, Norberto Bernasconi (Viola), Andriano Fanelli (Cello)","Piano, Bass, 4 Bandoneons, 3 Violins, Viola, Cello",,,,
Osvaldo Pugliese,Osvaldo Pugliese y su Orquesta Típica,1959-07-24,Sentencia,,Tango,Ricardo Medina,Odeón,Tape,24264,,Pedro Maffía,Celedonio Flores,,51-60 Mature Sound,Osvaldo Pugliese Ernesto Romero,Aniceto Rossi,"Osvaldo Ruggiero, Mario Demarco, Ismael Spitalnik, Víctor Lavallén","Oscar Herrero, Julio Carrasco, Emilio Balcarce, Norberto Bernasconi (Viola), Andriano Fanelli (Cello)","Piano, Bass, 4 Bandoneons, 3 Violins, Viola, Cello",,,,
Osvaldo Pugliese,Osvaldo Pugliese y su Orquesta Típica,1959-07-24,Y No Le Erré,,Tango,Ricardo Medina,Odeón,Tape,24263,,Carlos Olmedo,Abel Aznar,,51-60 Mature Sound,Osvaldo Pugliese Ernesto Romero,Aniceto Rossi,"Osvaldo Ruggiero, Mario Demarco, Ismael Spitalnik, Víctor Lavallén","Oscar Herrero, Julio Carrasco, Emilio Balcarce, Norberto Bernasconi (Viola), Andriano Fanelli (Cello)","Piano, Bass, 4 Bandoneons, 3 Violins, Viola, Cello",LP,Edición Aniversario 1905-2005,,Edicion Aniversario
Osvaldo Pugliese,Osvaldo Pugliese y su Orquesta Típica,1959-08-06,La Cumparsita,Si Supieras,Tango,Maciel Y Guido,Odeón,Tape,24299,,Gerardo Rodríguez,,,51-60 Mature Sound,Osvaldo Pugliese Ernesto Romero,Aniceto Rossi,"Osvaldo Ruggiero, Mario Demarco, Ismael Spitalnik, Víctor Lavallén","Oscar Herrero, Julio Carrasco, Emilio Balcarce, Norberto Bernasconi (Viola), Andriano Fanelli (Cello)","Piano, Bass, 4 Bandoneons, 3 Violins, Viola, Cello",LP,Amigos,A,Amigos
Osvaldo Pugliese,Osvaldo Pugliese y su Orquesta Típica,1959-08-06,Silencio,,Tango,Jorge Maciel,Odeón,Tape,24298,,"Carlos Gardel, Horacio Pettorossi","Alfredo Le Pera, Horacio Pettorossi",,51-60 Mature Sound,Osvaldo Pugliese Ernesto Romero,Aniceto Rossi,"Osvaldo Ruggiero, Mario Demarco, Ismael Spitalnik, Víctor Lavallén","Oscar Herrero, Julio Carrasco, Emilio Balcarce, Norberto Bernasconi (Viola), Andriano Fanelli (Cello)","Piano, Bass, 4 Bandoneons, 3 Violins, Viola, Cello",,,,
Osvaldo Pugliese,Osvaldo Pugliese y su Orquesta Típica,1959-08-07,Dónde Estás,,Tango,Jorge Maciel,Odeón,Tape,24307,,Manuel Sucher,Carlos Bahr,,51-60 Mature Sound,Osvaldo Pugliese Ernesto Romero,Aniceto Rossi,"Osvaldo Ruggiero, Mario Demarco, Ismael Spitalnik, Víctor Lavallén","Oscar Herrero, Julio Carrasco, Emilio Balcarce, Norberto Bernasconi (Viola), Andriano Fanelli (Cello)","Piano, Bass, 4 Bandoneons, 3 Violins, Viola, Cello",,,,
Osvaldo Pugliese,Osvaldo Pugliese y su Orquesta Típica,1959-08-07,Por un Cariño,Vidita,Tango,Maciel Y Guido,Odeón,Tape,24306,,J. Demon,Gerardo Alcázar,,51-60 Mature Sound,Osvaldo Pugliese Ernesto Romero,Aniceto Rossi,"Osvaldo Ruggiero, Mario Demarco, Ismael Spitalnik, Víctor Lavallén","Oscar Herrero, Julio Carrasco, Emilio Balcarce, Norberto Bernasconi (Viola), Andriano Fanelli (Cello)","Piano, Bass, 4 Bandoneons, 3 Violins, Viola, Cello",,,,
Osvaldo Pugliese,Osvaldo Pugliese y su Orquesta Típica,1960-07-15,A los Amigos,,Tango,Instrumental,Odeón,Tape-S,25554,,Armando Pontier,,,51-60 Mature Sound,Osvaldo Pugliese,Alcides Rossi,"Osvaldo Ruggiero, Víctor Lavallén, Julián Plaza, Arturo Penón","Oscar Herrero, Julio Carrasco, Emilio Balcarce, Norberto Bernasconi (Viola), Andriano Fanelli (Cello)","Piano, Bass, 4 Bandoneons, 3 Violins, Viola, Cello",,,,
Osvaldo Pugliese,Osvaldo Pugliese y su Orquesta Típica,1960-07-15,Un Lamento,,Tango,Jorge Maciel,Odeón,Tape-S,25555,,Graciano De Leone,Pedro Córdoba,,51-60 Mature Sound,Osvaldo Pugliese,Alcides Rossi,"Osvaldo Ruggiero, Víctor Lavallén, Julián Plaza, Arturo Penón","Oscar Herrero, Julio Carrasco, Emilio Balcarce, Norberto Bernasconi (Viola), Andriano Fanelli (Cello)","Piano, Bass, 4 Bandoneons, 3 Violins, Viola, Cello",,,,
Osvaldo Pugliese,Osvaldo Pugliese y su Orquesta Típica,1960-09-20,La Vieja Vale Más,,Tango,Jorge Maciel,Stentor,Tape,6001,,Juan Lotito,Vicente Demarco,,60-61 Stentor,Osvaldo Pugliese,Alcides Rossi,"Osvaldo Ruggiero, Víctor Lavallén, Julián Plaza, Arturo Penón","Oscar Herrero, Julio Carrasco, Emilio Balcarce, Norberto Bernasconi (Viola)","Piano, Bass, 4 Bandoneons, 3 Violins, Viola",LP,Osvaldo Pugliese y su Nuevo Repertorio,A,Osvaldo Pugliese Y Su Nuevo Repertorio
Osvaldo Pugliese,Osvaldo Pugliese y su Orquesta Típica,1960-10-10,Vamos Tropilla,,Tango,Maciel Y Belusi,Stentor,Tape,6001,,Emilio Balcarce,Julio Camilloni,,60-61 Stentor,Osvaldo Pugliese,Alcides Rossi,"Osvaldo Ruggiero, Víctor Lavallén, Julián Plaza, Arturo Penón","Oscar Herrero, Julio Carrasco, Emilio Balcarce, Norberto Bernasconi (Viola)","Piano, Bass, 4 Bandoneons, 3 Violins, Viola",LP,Osvaldo Pugliese y su Nuevo Repertorio,A,Osvaldo Pugliese Y Su Nuevo Repertorio
Osvaldo Pugliese,Osvaldo Pugliese y su Orquesta Típica,1960-10-20,Amigazo,,Tango,Alfredo Belusi,Stentor,Tape,6001,,Juan Filiberto,"Francisco Brancatti, Juan Velich",,60-61 Stentor,Osvaldo Pugliese,Alcides Rossi,"Osvaldo Ruggiero, Víctor Lavallén, Julián Plaza, Arturo Penón","Oscar Herrero, Julio Carrasco, Emilio Balcarce, Norberto Bernasconi (Viola)","Piano, Bass, 4 Bandoneons, 3 Violins, Viola",LP,Osvaldo Pugliese y su Nuevo Repertorio,A,Osvaldo Pugliese Y Su Nuevo Repertorio
Osvaldo Pugliese,Osvaldo Pugliese y su Orquesta Típica,1960-10-20,Con Voz Rebelde,,Tango,Alfredo Belusi,Stentor,Tape,6001,,Eduardo Corti,Carlos Zein,,60-61 Stentor,Osvaldo Pugliese,Alcides Rossi,"Osvaldo Ruggiero, Víctor Lavallén, Julián Plaza, Arturo Penón","Oscar Herrero, Julio Carrasco, Emilio Balcarce, Norberto Bernasconi (Viola)","Piano, Bass, 4 Bandoneons, 3 Violins, Viola",LP,Osvaldo Pugliese y su Nuevo Repertorio,B,Osvaldo Pugliese Y Su Nuevo Repertorio
Osvaldo Pugliese,Osvaldo Pugliese y su Orquesta Típica,1960-10-20,Malambeao,,Tango,Instrumental,Stentor,Tape,6001,,Osvaldo Ruggiero,,,60-61 Stentor,Osvaldo Pugliese,Alcides Rossi,"Osvaldo Ruggiero, Víctor Lavallén, Julián Plaza, Arturo Penón","Oscar Herrero, Julio Carrasco, Emilio Balcarce, Norberto Bernasconi (Viola)","Piano, Bass, 4 Bandoneons, 3 Violins, Viola",LP,Osvaldo Pugliese y su Nuevo Repertorio,A,Osvaldo Pugliese Y Su Nuevo Repertorio
Osvaldo Pugliese,Osvaldo Pugliese y su Orquesta Típica,1960-11-10,Arrabal,,Tango,Instrumental,Stentor,Tape,6001,,José Pascual,,,60-61 Stentor,Osvaldo Pugliese,Alcides Rossi,"Osvaldo Ruggiero, Víctor Lavallén, Julián Plaza, Arturo Penón","Oscar Herrero, Julio Carrasco, Emilio Balcarce, Norberto Bernasconi (Viola)","Piano, Bass, 4 Bandoneons, 3 Violins, Viola",LP,Osvaldo Pugliese y su Nuevo Repertorio,B,Osvaldo Pugliese Y Su Nuevo Repertorio
Osvaldo Pugliese,Osvaldo Pugliese y su Orquesta Típica,1960-11-18,Melenita de Oro,,Tango,Jorge Maciel,Stentor,Tape,6001,,Carlos Flores,Samuel Linnig,,60-61 Stentor,Osvaldo Pugliese,Alcides Rossi,"Osvaldo Ruggiero, Víctor Lavallén, Julián Plaza, Arturo Penón","Oscar Herrero, Julio Carrasco, Emilio Balcarce, Norberto Bernasconi (Viola)","Piano, Bass, 4 Bandoneons, 3 Violins, Viola",LP,Osvaldo Pugliese y su Nuevo Repertorio,B,Osvaldo Pugliese Y Su Nuevo Repertorio
Osvaldo Pugliese,Osvaldo Pugliese y su Orquesta Típica,1960-11-28,Baldosa Floja,,Milonga,Maciel Y Belusi,Stentor,Tape,6001,,"Florindo Sassone, Julio Boccazzi",Dante Gilardoni,,60-61 Stentor,Osvaldo Pugliese,Alcides Rossi,"Osvaldo Ruggiero, Víctor Lavallén, Julián Plaza, Arturo Penón","Oscar Herrero, Julio Carrasco, Emilio Balcarce, Norberto Bernasconi (Viola)","Piano, Bass, 4 Bandoneons, 3 Violins, Viola",LP,Osvaldo Pugliese y su Nuevo Repertorio,B,Osvaldo Pugliese Y Su Nuevo Repertorio
Osvaldo Pugliese,Osvaldo Pugliese y su Orquesta Típica,1960-11-29,Nonino,,Tango,Instrumental,Stentor,Tape,6001,,Astor Piazzolla,,,60-61 Stentor,Osvaldo Pugliese,Alcides Rossi,"Osvaldo Ruggiero, Víctor Lavallén, Julián Plaza, Arturo Penón","Oscar Herrero, Julio Carrasco, Emilio Balcarce, Norberto Bernasconi (Viola)","Piano, Bass, 4 Bandoneons, 3 Violins, Viola",LP,Osvaldo Pugliese y su Nuevo Repertorio,A,Osvaldo Pugliese Y Su Nuevo Repertorio
Osvaldo Pugliese,Osvaldo Pugliese y su Orquesta Típica,1960-11-30,No Tengo la Culpa,,Tango,Alfredo Belusi,Stentor,Tape,6001,,Carlos Olmedo,Arturo Torre,,60-61 Stentor,Osvaldo Pugliese,Alcides Rossi,"Osvaldo Ruggiero, Víctor Lavallén, Julián Plaza, Arturo Penón","Oscar Herrero, Julio Carrasco, Emilio Balcarce, Norberto Bernasconi (Viola)","Piano, Bass, 4 Bandoneons, 3 Violins, Viola",LP,Osvaldo Pugliese y su Nuevo Repertorio,A,Osvaldo Pugliese Y Su Nuevo Repertorio
Osvaldo Pugliese,Osvaldo Pugliese y su Orquesta Típica,1960-12-02,Muchachita del Amanecer,,Tango,Jorge Maciel,Stentor,Tape,6001,,Osvaldo Pugliese,,,60-61 Stentor,Osvaldo Pugliese,Alcides Rossi,"Osvaldo Ruggiero, Víctor Lavallén, Julián Plaza, Arturo Penón","Oscar Herrero, Julio Carrasco, Emilio Balcarce, Norberto Bernasconi (Viola)","Piano, Bass, 4 Bandoneons, 3 Violins, Viola",LP,Osvaldo Pugliese y su Nuevo Repertorio,B,Osvaldo Pugliese Y Su Nuevo Repertorio
Osvaldo Pugliese,Osvaldo Pugliese y su Orquesta Típica,1960-12-12,Sueño Malevo,,Tango,Alfredo Belusi,Stentor,Tape,6001,,Leo Lipesker,Abel Aznar,,60-61 Stentor,Osvaldo Pugliese,Alcides Rossi,"Osvaldo Ruggiero, Víctor Lavallén, Julián Plaza, Arturo Penón","Oscar Herrero, Julio Carrasco, Emilio Balcarce, Norberto Bernasconi (Viola)","Piano, Bass, 4 Bandoneons, 3 Violins, Viola",LP,Osvaldo Pugliese y su Nuevo Repertorio,B,Osvaldo Pugliese Y Su Nuevo Repertorio
Osvaldo Pugliese,Osvaldo Pugliese y su Orquesta Típica,1961-04,Milonga Para Fidel,,Milonga,,Stentor,Tape,,,Osvaldo Pugliese,Domingo Arce,,60-61 Stentor,Osvaldo Pugliese,Alcides Rossi,"Osvaldo Ruggiero, Víctor Lavallén, Julián Plaza, Arturo Penón","Oscar Herrero, Julio Carrasco, Emilio Balcarce, Norberto Bernasconi (Viola)","Piano, Bass, 4 Bandoneons, 3 Violins, Viola",,,,
Osvaldo Pugliese,Osvaldo Pugliese y su Orquesta Típica,1961-06,Malambeao,,Tango,Instrumental,Philips,Tape,,,Osvaldo Ruggiero,,,61-68 Phillips,Osvaldo Pugliese,Alcides Rossi,"Osvaldo Ruggiero, Víctor Lavallén, Julián Plaza, Arturo Penón","Oscar Herrero, Julio Carrasco, Emilio Balcarce, Norberto Bernasconi (Viola)","Piano, Bass, 4 Bandoneons, 3 Violins, Viola",,,,
Osvaldo Pugliese,Osvaldo Pugliese y su Orquesta Típica,1961-06,Corrientes Bajo Cero,,Tango,Alfredo Belusi,Philips,Tape,,,Roberto Chanel,Aldo Queirolo,,61-68 Phillips,Osvaldo Pugliese,Alcides Rossi,"Osvaldo Ruggiero, Víctor Lavallén, Julián Plaza, Arturo Penón","Oscar Herrero, Julio Carrasco, Emilio Balcarce, Norberto Bernasconi (Viola)","Piano, Bass, 4 Bandoneons, 3 Violins, Viola",LP,La Cena Del Tango,A,La Cena Del Tango
Osvaldo Pugliese,Osvaldo Pugliese y su Orquesta Típica,1961-07,Nonino,,Tango,Instrumental,Philips,Tape,,,Astor Piazzolla,,,61-68 Phillips,Osvaldo Pugliese,Alcides Rossi,"Osvaldo Ruggiero, Víctor Lavallén, Julián Plaza, Arturo Penón","Oscar Herrero, Julio Carrasco, Emilio Balcarce, Norberto Bernasconi (Viola)","Piano, Bass, 4 Bandoneons, 3 Violins, Viola",,,,
Osvaldo Pugliese,Osvaldo Pugliese y su Orquesta Típica,1961-07,Milonga del Soldado,,Milonga,Maciel Y Belusi,Philips,Tape,,,Horacio Guarany,,,61-68 Phillips,Osvaldo Pugliese,Alcides Rossi,"Osvaldo Ruggiero, Víctor Lavallén, Julián Plaza, Arturo Penón","Oscar Herrero, Julio Carrasco, Emilio Balcarce, Norberto Bernasconi (Viola)","Piano, Bass, 4 Bandoneons, 3 Violins, Viola",LP,Soy Bien Porteño,B,Soy Bien Porteño
Osvaldo Pugliese,Osvaldo Pugliese y su Orquesta Típica,1961-08,Don Agustín Bardi,,Tango,Instrumental,Philips,Tape,,,Horacio Salgán,,,61-68 Phillips,Osvaldo Pugliese,Alcides Rossi,"Osvaldo Ruggiero, Víctor Lavallén, Julián Plaza, Arturo Penón","Oscar Herrero, Julio Carrasco, Emilio Balcarce, Norberto Bernasconi (Viola)","Piano, Bass, 4 Bandoneons, 3 Violins, Viola",LP,La Cena Del Tango,A,La Cena Del Tango
Osvaldo Pugliese,Osvaldo Pugliese y su Orquesta Típica,1961-08,La Vi Llegar,,Tango,Jorge Maciel,Philips,Tape,,,Enrique Francini,Julián Centeya,,61-68 Phillips,Osvaldo Pugliese,Alcides Rossi,"Osvaldo Ruggiero, Víctor Lavallén, Julián Plaza, Arturo Penón","Oscar Herrero, Julio Carrasco, Emilio Balcarce, Norberto Bernasconi (Viola)","Piano, Bass, 4 Bandoneons, 3 Violins, Viola",LP,La Cena Del Tango,B,La Cena Del Tango
Osvaldo Pugliese,Osvaldo Pugliese y su Orquesta Típica,1961-09,Bronca,,Tango,Alfredo Belusi,Philips,Tape,,,Edmundo Rivero,Mario Battistella,,61-68 Phillips,Osvaldo Pugliese,Alcides Rossi,"Osvaldo Ruggiero, Víctor Lavallén, Julián Plaza, Arturo Penón","Oscar Herrero, Julio Carrasco, Emilio Balcarce, Norberto Bernasconi (Viola)","Piano, Bass, 4 Bandoneons, 3 Violins, Viola",LP,Soy Bien Porteño,A,Soy Bien Porteño
Osvaldo Pugliese,Osvaldo Pugliese y su Orquesta Típica,1961-09,Coplas,,Tango,Maciel Y Belusi,Philips,Tape,,,Aníbal Troilo,Alberto Martínez,,61-68 Phillips,Osvaldo Pugliese,Alcides Rossi,"Osvaldo Ruggiero, Víctor Lavallén, Julián Plaza, Arturo Penón","Oscar Herrero, Julio Carrasco, Emilio Balcarce, Norberto Bernasconi (Viola)","Piano, Bass, 4 Bandoneons, 3 Violins, Viola",LP,La Cena Del Tango,B,La Cena Del Tango
Osvaldo Pugliese,Osvaldo Pugliese y su Orquesta Típica,1961-10,Pregonera,,Tango,Maciel Y Belusi,Philips,Tape,,,Alfredo Ángelis,José Rótulo,,61-68 Phillips,Osvaldo Pugliese,Alcides Rossi,"Osvaldo Ruggiero, Víctor Lavallén, Julián Plaza, Arturo Penón","Oscar Herrero, Julio Carrasco, Emilio Balcarce, Norberto Bernasconi (Viola)","Piano, Bass, 4 Bandoneons, 3 Violins, Viola",LP,La Cena Del Tango,A,La Cena Del Tango
Osvaldo Pugliese,Osvaldo Pugliese y su Orquesta Típica,1961-10,Senda del Amor,,Tango,Jorge Maciel,Philips,Tape,,,Javier Mazzea,Ernesto Laúr,,61-68 Phillips,Osvaldo Pugliese,Alcides Rossi,"Osvaldo Ruggiero, Víctor Lavallén, Julián Plaza, Arturo Penón","Oscar Herrero, Julio Carrasco, Emilio Balcarce, Norberto Bernasconi (Viola)","Piano, Bass, 4 Bandoneons, 3 Violins, Viola",LP,La Cena Del Tango,B,La Cena Del Tango
Osvaldo Pugliese,Osvaldo Pugliese y su Orquesta Típica,1961-11,Un Tropezón,,Tango,Alfredo Belusi,Philips,Tape,,,Raúl De Los Hoyos,Luis Herrera,,61-68 Phillips,Osvaldo Pugliese,Alcides Rossi,"Osvaldo Ruggiero, Víctor Lavallén, Julián Plaza, Arturo Penón","Oscar Herrero, Julio Carrasco, Emilio Balcarce, Norberto Bernasconi (Viola)","Piano, Bass, 4 Bandoneons, 3 Violins, Viola",LP,Bandoneon Arrabalero,A,Bandoneon Arrabalero
Osvaldo Pugliese,Osvaldo Pugliese y su Orquesta Típica,1961-11,Dos Amores,,Tango,Jorge Maciel,Philips,Tape,,,Antonio Sureda,Gerónimo Sureda,,61-68 Phillips,Osvaldo Pugliese,Alcides Rossi,"Osvaldo Ruggiero, Víctor Lavallén, Julián Plaza, Arturo Penón","Oscar Herrero, Julio Carrasco, Emilio Balcarce, Norberto Bernasconi (Viola)","Piano, Bass, 4 Bandoneons, 3 Violins, Viola",LP,La Cena Del Tango,A,La Cena Del Tango
Osvaldo Pugliese,Osvaldo Pugliese y su Orquesta Típica,1961-12,Candombe Blanco,,Milonga,Maciel Y Belusi,Philips,Tape,,,Emilio Balcarce,Julio Camilloni,,61-68 Phillips,Osvaldo Pugliese,Alcides Rossi,"Osvaldo Ruggiero, Víctor Lavallén, Julián Plaza, Arturo Penón","Oscar Herrero, Julio Carrasco, Emilio Balcarce, Norberto Bernasconi (Viola)","Piano, Bass, 4 Bandoneons, 3 Violins, Viola",LP,La Cena Del Tango,B,La Cena Del Tango
Osvaldo Pugliese,Osvaldo Pugliese y su Orquesta Típica,1961-12,Festejando,,Tango,Instrumental,Philips,Tape,,,Héctor Stamponi,,,61-68 Phillips,Osvaldo Pugliese,Alcides Rossi,"Osvaldo Ruggiero, Víctor Lavallén, Julián Plaza, Arturo Penón","Oscar Herrero, Julio Carrasco, Emilio Balcarce, Norberto Bernasconi (Viola)","Piano, Bass, 4 Bandoneons, 3 Violins, Viola",LP,Soy Bien Porteño,B,Soy Bien Porteño
Osvaldo Pugliese,Osvaldo Pugliese y su Orquesta Típica,1962-04,No Me Pregunten Por Qué,,Tango,Alfredo Belusi,Philips,Tape,,,Carlos Di Sarli,Reynaldo Pignataro,,61-68 Phillips,Osvaldo Pugliese,Alcides Rossi,"Osvaldo Ruggiero, Víctor Lavallén, Julián Plaza, Arturo Penón","Oscar Herrero, Julio Carrasco, Emilio Balcarce, Norberto Bernasconi (Viola)","Piano, Bass, 4 Bandoneons, 3 Violins, Viola",LP,El Andariego,A,El Andariego
Osvaldo Pugliese,Osvaldo Pugliese y su Orquesta Típica,1962-04,Cabulero,,Tango,Instrumental,Philips,Tape,,,"Leopoldo Federico, Manuel Flores",,,61-68 Phillips,Osvaldo Pugliese,Alcides Rossi,"Osvaldo Ruggiero, Víctor Lavallén, Julián Plaza, Arturo Penón","Oscar Herrero, Julio Carrasco, Emilio Balcarce, Norberto Bernasconi (Viola)","Piano, Bass, 4 Bandoneons, 3 Violins, Viola",LP,Soy Bien Porteño,A,Soy Bien Porteño
Osvaldo Pugliese,Osvaldo Pugliese y su Orquesta Típica,1962-05,Llévame Carretero,,Tango,Jorge Maciel,Philips,Tape,,,Manuel Parada,José Cicarelli,,61-68 Phillips,Osvaldo Pugliese,Alcides Rossi,"Osvaldo Ruggiero, Víctor Lavallén, Julián Plaza, Arturo Penón","Oscar Herrero, Julio Carrasco, Emilio Balcarce, Norberto Bernasconi (Viola)","Piano, Bass, 4 Bandoneons, 3 Violins, Viola",LP,Soy Bien Porteño,B,Soy Bien Porteño
Osvaldo Pugliese,Osvaldo Pugliese y su Orquesta Típica,1962-05,El Vino Triste,,Tango,Alfredo Belusi,Philips,Tape,,,Juan D'Arienzo,Manuel Romero,,61-68 Phillips,Osvaldo Pugliese,Alcides Rossi,"Osvaldo Ruggiero, Víctor Lavallén, Julián Plaza, Arturo Penón","Oscar Herrero, Julio Carrasco, Emilio Balcarce, Norberto Bernasconi (Viola)","Piano, Bass, 4 Bandoneons, 3 Violins, Viola",LP,La Cena Del Tango,A,La Cena Del Tango
Osvaldo Pugliese,Osvaldo Pugliese y su Orquesta Típica,1962-06,Cardo y Malvón,,Tango,Instrumental,Philips,Tape,,,Osvaldo Pugliese,,,61-68 Phillips,Osvaldo Pugliese,Alcides Rossi,"Osvaldo Ruggiero, Víctor Lavallén, Julián Plaza, Arturo Penón","Oscar Herrero, Julio Carrasco, Emilio Balcarce, Norberto Bernasconi (Viola)","Piano, Bass, 4 Bandoneons, 3 Violins, Viola",LP,Soy Bien Porteño,B,Soy Bien Porteño
Osvaldo Pugliese,Osvaldo Pugliese y su Orquesta Típica,1962-06,El Pescante,,Tango,Alfredo Belusi,Philips,Tape,,,Sebastián Piana,Homero Manzi,,61-68 Phillips,Osvaldo Pugliese,Alcides Rossi,"Osvaldo Ruggiero, Víctor Lavallén, Julián Plaza, Arturo Penón","Oscar Herrero, Julio Carrasco, Emilio Balcarce, Norberto Bernasconi (Viola)","Piano, Bass, 4 Bandoneons, 3 Violins, Viola",LP,Soy Bien Porteño,B,Soy Bien Porteño
Osvaldo Pugliese,Osvaldo Pugliese y su Orquesta Típica,1962-07,Nostálgico,,Tango,Instrumental,Philips,Tape,,,Julián Plaza,,,61-68 Phillips,Osvaldo Pugliese,Alcides Rossi,"Osvaldo Ruggiero, Víctor Lavallén, Julián Plaza, Arturo Penón","Oscar Herrero, Julio Carrasco, Emilio Balcarce, Norberto Bernasconi (Viola)","Piano, Bass, 4 Bandoneons, 3 Violins, Viola",LP,Soy Bien Porteño,A,Soy Bien Porteño
Osvaldo Pugliese,Osvaldo Pugliese y su Orquesta Típica,1962-07,Por Qué la Quise Tanto,,Tango,Jorge Maciel,Philips,Tape,,,Mariano Martínez,Rodolfo Taboada,,61-68 Phillips,Osvaldo Pugliese,Alcides Rossi,"Osvaldo Ruggiero, Víctor Lavallén, Julián Plaza, Arturo Penón","Oscar Herrero, Julio Carrasco, Emilio Balcarce, Norberto Bernasconi (Viola)","Piano, Bass, 4 Bandoneons, 3 Violins, Viola",LP,Soy Bien Porteño,B,Soy Bien Porteño
Osvaldo Pugliese,Osvaldo Pugliese y su Orquesta Típica,1962-08,Desencuentro,,Tango,Alfredo Belusi,Philips,Tape,,,Aníbal Troilo,Cátulo Castillo,,61-68 Phillips,Osvaldo Pugliese,Alcides Rossi,"Osvaldo Ruggiero, Víctor Lavallén, Julián Plaza, Arturo Penón","Oscar Herrero, Julio Carrasco, Emilio Balcarce, Norberto Bernasconi (Viola)","Piano, Bass, 4 Bandoneons, 3 Violins, Viola",LP,Soy Bien Porteño,A,Soy Bien Porteño
Osvaldo Pugliese,Osvaldo Pugliese y su Orquesta Típica,1962-08,Bordoneo y Novecientos,Bordoneo y 900,Milonga,Instrumental,Philips,Tape,,,Osvaldo Ruggiero,,,61-68 Phillips,Osvaldo Pugliese,Alcides Rossi,"Osvaldo Ruggiero, Víctor Lavallén, Julián Plaza, Arturo Penón","Oscar Herrero, Julio Carrasco, Emilio Balcarce, Norberto Bernasconi (Viola)","Piano, Bass, 4 Bandoneons, 3 Violins, Viola",LP,Soy Bien Porteño,A,Soy Bien Porteño
Osvaldo Pugliese,Osvaldo Pugliese y su Orquesta Típica,1962-09,De Mi Ciudad,,Tango,Jorge Maciel,Philips,Tape,,,Emilio Balcarce,Andrés Lizárraga,,61-68 Phillips,Osvaldo Pugliese,Alcides Rossi,"Osvaldo Ruggiero, Víctor Lavallén, Julián Plaza, Arturo Penón","Oscar Herrero, Julio Carrasco, Emilio Balcarce, Norberto Bernasconi (Viola)","Piano, Bass, 4 Bandoneons, 3 Violins, Viola",LP,Soy Bien Porteño,A,Soy Bien Porteño
Osvaldo Pugliese,Osvaldo Pugliese y su Orquesta Típica,1962-12,Inspiración,,Tango,Instrumental,Philips,Tape-S,,,Peregrino Paulos,Luis Rubistein,,61-68 Phillips,Osvaldo Pugliese,Alcides Rossi,"Osvaldo Ruggiero, Víctor Lavallén, Julián Plaza, Arturo Penón","Oscar Herrero, Julio Carrasco, Emilio Balcarce, Norberto Bernasconi (Viola), Enrique Lannoo (Cello)","Piano, Bass, 4 Bandoneons, 3 Violins, Viola, Cello",LP,Tangos en Estereo,B,Tangos en Estereo
Osvaldo Pugliese,Osvaldo Pugliese y su Orquesta Típica,1963-04,El Adiós,,Tango,Jorge Maciel,Philips,Tape-S,,,María Huergo,Virgilio Clemente,,61-68 Phillips,Osvaldo Pugliese,Alcides Rossi,"Osvaldo Ruggiero, Víctor Lavallén, Julián Plaza, Arturo Penón","Oscar Herrero, Julio Carrasco, Emilio Balcarce, Norberto Bernasconi (Viola), Enrique Lannoo (Cello)","Piano, Bass, 4 Bandoneons, 3 Violins, Viola, Cello",LP,El Gran Osvaldo Pugliese,A,El Gran Osvaldo Pugliese
Osvaldo Pugliese,Osvaldo Pugliese y su Orquesta Típica,1963-05,Charamusca,,Tango,Instrumental,Philips,Tape-S,,,Francisco Canaro,,,61-68 Phillips,Osvaldo Pugliese,Alcides Rossi,"Osvaldo Ruggiero, Víctor Lavallén, Julián Plaza, Arturo Penón","Oscar Herrero, Julio Carrasco, Emilio Balcarce, Norberto Bernasconi (Viola), Enrique Lannoo (Cello)","Piano, Bass, 4 Bandoneons, 3 Violins, Viola, Cello",,,,
Osvaldo Pugliese,Osvaldo Pugliese y su Orquesta Típica,1963-05,Enamorado Estoy,,Tango,Abel Córdoba,Philips,Tape-S,,,José Márquez,Oscar Fresedo,,61-68 Phillips,Osvaldo Pugliese,Alcides Rossi,"Osvaldo Ruggiero, Víctor Lavallén, Julián Plaza, Arturo Penón","Oscar Herrero, Julio Carrasco, Emilio Balcarce, Norberto Bernasconi (Viola), Enrique Lannoo (Cello)","Piano, Bass, 4 Bandoneons, 3 Violins, Viola, Cello",,,,
Osvaldo Pugliese,Osvaldo Pugliese y su Orquesta Típica,1963-11,Decime Dios Dónde Estás,,Tango,Jorge Maciel,Philips,Tape-S,,,Manuel Sucher,Tita Merello,,61-68 Phillips,Osvaldo Pugliese,Alcides Rossi,"Osvaldo Ruggiero, Víctor Lavallén, Julián Plaza, Arturo Penón","Oscar Herrero, Julio Carrasco, Emilio Balcarce, Norberto Bernasconi (Viola), Enrique Lannoo (Cello)","Piano, Bass, 4 Bandoneons, 3 Violins, Viola, Cello",,,,
Osvaldo Pugliese,Osvaldo Pugliese y su Orquesta Típica,1963-11,La Cabrera,,Tango,Instrumental,Philips,Tape-S,,,Eduardo Arolas,,,61-68 Phillips,Osvaldo Pugliese,Alcides Rossi,"Osvaldo Ruggiero, Víctor Lavallén, Julián Plaza, Arturo Penón","Oscar Herrero, Julio Carrasco, Emilio Balcarce, Norberto Bernasconi (Viola), Enrique Lannoo (Cello)","Piano, Bass, 4 Bandoneons, 3 Violins, Viola, Cello",,,,
Osvaldo Pugliese,Osvaldo Pugliese y su Orquesta Típica,1964-04,El Amanecer,,Tango,Instrumental,Philips,Tape-S,,,Roberto Firpo,,,61-68 Phillips,Osvaldo Pugliese,Alcides Rossi,"Osvaldo Ruggiero, Víctor Lavallén, Julián Plaza, Arturo Penón","Oscar Herrero, Julio Carrasco, Emilio Balcarce, Norberto Bernasconi (Viola), Enrique Lannoo (Cello)","Piano, Bass, 4 Bandoneons, 3 Violins, Viola, Cello",,,,
Osvaldo Pugliese,Osvaldo Pugliese y su Orquesta Típica,1964-04,La Solita,,Milonga,Jorge Maciel,Philips,Tape-S,,,"Víctor Buchino, Edmundo Rivero",Enrique Cantore,,61-68 Phillips,Osvaldo Pugliese,Alcides Rossi,"Osvaldo Ruggiero, Víctor Lavallén, Julián Plaza, Arturo Penón","Oscar Herrero, Julio Carrasco, Emilio Balcarce, Norberto Bernasconi (Viola), Enrique Lannoo (Cello)","Piano, Bass, 4 Bandoneons, 3 Violins, Viola, Cello",LP,El Gran Osvaldo Pugliese,B,El Gran Osvaldo Pugliese
Osvaldo Pugliese,Osvaldo Pugliese y su Orquesta Típica,1964-05,La Payanca,,Tango,Instrumental,Philips,Tape-S,,,Augusto Berto,"Jesús Blanco, Francisco Bianco",,61-68 Phillips,Osvaldo Pugliese,Alcides Rossi,"Osvaldo Ruggiero, Víctor Lavallén, Julián Plaza, Arturo Penón","Oscar Herrero, Julio Carrasco, Emilio Balcarce, Norberto Bernasconi (Viola), Enrique Lannoo (Cello)","Piano, Bass, 4 Bandoneons, 3 Violins, Viola, Cello",LP,Tangos en Estereo,B,Tangos en Estereo
Osvaldo Pugliese,Osvaldo Pugliese y su Orquesta Típica,1964-05,Cómo Aprender a Quererte,,Tango,Abel Córdoba,Philips,Tape-S,,,Carlos Lucero,Javier Mazzea,,61-68 Phillips,Osvaldo Pugliese,Alcides Rossi,"Osvaldo Ruggiero, Víctor Lavallén, Julián Plaza, Arturo Penón","Oscar Herrero, Julio Carrasco, Emilio Balcarce, Norberto Bernasconi (Viola), Enrique Lannoo (Cello)","Piano, Bass, 4 Bandoneons, 3 Violins, Viola, Cello",,,,
Osvaldo Pugliese,Osvaldo Pugliese y su Orquesta Típica,1964-06,Norteño,,Tango,Instrumental,Philips,Tape-S,,,Emilio Balcarce,,,61-68 Phillips,Osvaldo Pugliese,Alcides Rossi,"Osvaldo Ruggiero, Víctor Lavallén, Julián Plaza, Arturo Penón","Oscar Herrero, Julio Carrasco, Emilio Balcarce, Norberto Bernasconi (Viola), Enrique Lannoo (Cello)","Piano, Bass, 4 Bandoneons, 3 Violins, Viola, Cello",,,,
Osvaldo Pugliese,Osvaldo Pugliese y su Orquesta Típica,1964-06,Será una Noche,,Tango,Jorge Maciel,Philips,Tape-S,,,José Tinelli,Manuel Campos,,61-68 Phillips,Osvaldo Pugliese,Alcides Rossi,"Osvaldo Ruggiero, Víctor Lavallén, Julián Plaza, Arturo Penón","Oscar Herrero, Julio Carrasco, Emilio Balcarce, Norberto Bernasconi (Viola), Enrique Lannoo (Cello)","Piano, Bass, 4 Bandoneons, 3 Violins, Viola, Cello",,,,
Osvaldo Pugliese,Osvaldo Pugliese y su Orquesta Típica,1964-08,Pa' la Guardia,,Tango,Instrumental,Philips,Tape-S,,,Ernesto Baffa,Antonio Scelza,,61-68 Phillips,Osvaldo Pugliese,Alcides Rossi,"Osvaldo Ruggiero, Víctor Lavallén, Julián Plaza, Arturo Penón","Oscar Herrero, Julio Carrasco, Emilio Balcarce, Norberto Bernasconi (Viola), Enrique Lannoo (Cello)","Piano, Bass, 4 Bandoneons, 3 Violins, Viola, Cello",LP,El Gran Osvaldo Pugliese,A,El Gran Osvaldo Pugliese
Osvaldo Pugliese,Osvaldo Pugliese y su Orquesta Típica,1964-09,Qué Falta Que Me Hacés,,Tango,Jorge Maciel,Philips,Tape-S,,,"Armando Pontier, Miguel Caló, Federico Silva","Armando Pontier, Miguel Caló, Federico Silva",,61-68 Phillips,Osvaldo Pugliese,Alcides Rossi,"Osvaldo Ruggiero, Víctor Lavallén, Julián Plaza, Arturo Penón","Oscar Herrero, Julio Carrasco, Emilio Balcarce, Norberto Bernasconi (Viola), Enrique Lannoo (Cello)","Piano, Bass, 4 Bandoneons, 3 Violins, Viola, Cello",LP,Bandoneon Arrabalero,B,Bandoneon Arrabalero
Osvaldo Pugliese,Osvaldo Pugliese y su Orquesta Típica,1964-11,Morena,,Milonga,Instrumental,Philips,Tape-S,,,Julián Plaza,,,61-68 Phillips,Osvaldo Pugliese,Alcides Rossi,"Osvaldo Ruggiero, Víctor Lavallén, Julián Plaza, Arturo Penón","Oscar Herrero, Julio Carrasco, Emilio Balcarce, Norberto Bernasconi (Viola), Enrique Lannoo (Cello)","Piano, Bass, 4 Bandoneons, 3 Violins, Viola, Cello",LP,El Gran Osvaldo Pugliese,A,El Gran Osvaldo Pugliese
Osvaldo Pugliese,Osvaldo Pugliese y su Orquesta Típica,1964-11,Abrazo Fraternal,,Tango,Maciel Y Córdoba,Philips,Tape-S,,,Arturo Penón,Vicente Demarco,,61-68 Phillips,Osvaldo Pugliese,Alcides Rossi,"Osvaldo Ruggiero, Víctor Lavallén, Julián Plaza, Arturo Penón","Oscar Herrero, Julio Carrasco, Emilio Balcarce, Norberto Bernasconi (Viola), Enrique Lannoo (Cello)","Piano, Bass, 4 Bandoneons, 3 Violins, Viola, Cello",LP,El Gran Osvaldo Pugliese,A,El Gran Osvaldo Pugliese
Osvaldo Pugliese,Osvaldo Pugliese y su Orquesta Típica,1964-12,El Relámpago,,Tango,Instrumental,Philips,Tape-S,,,Florindo Sassone,,,61-68 Phillips,Osvaldo Pugliese,Alcides Rossi,"Osvaldo Ruggiero, Víctor Lavallén, Julián Plaza, Arturo Penón","Oscar Herrero, Julio Carrasco, Emilio Balcarce, Norberto Bernasconi (Viola), Enrique Lannoo (Cello)","Piano, Bass, 4 Bandoneons, 3 Violins, Viola, Cello",LP,El Gran Osvaldo Pugliese,B,El Gran Osvaldo Pugliese
Osvaldo Pugliese,Osvaldo Pugliese y su Orquesta Típica,1964-12,Nido Gaucho,,Tango,Maciel Y Córdoba,Philips,Tape-S,,,Carlos Di Sarli,Héctor Marcolongo,,61-68 Phillips,Osvaldo Pugliese,Alcides Rossi,"Osvaldo Ruggiero, Víctor Lavallén, Julián Plaza, Arturo Penón","Oscar Herrero, Julio Carrasco, Emilio Balcarce, Norberto Bernasconi (Viola), Enrique Lannoo (Cello)","Piano, Bass, 4 Bandoneons, 3 Violins, Viola, Cello",LP,El Gran Osvaldo Pugliese,B,El Gran Osvaldo Pugliese
Osvaldo Pugliese,Osvaldo Pugliese y su Orquesta Típica,1964-12,A los Artistas Plásticos,,Tango,Instrumental,Philips,Tape-S,,,Osvaldo Pugliese,,,61-68 Phillips,Osvaldo Pugliese,Alcides Rossi,"Osvaldo Ruggiero, Víctor Lavallén, Julián Plaza, Arturo Penón","Oscar Herrero, Julio Carrasco, Emilio Balcarce, Norberto Bernasconi (Viola), Enrique Lannoo (Cello)","Piano, Bass, 4 Bandoneons, 3 Violins, Viola, Cello",LP,El Gran Osvaldo Pugliese,B,El Gran Osvaldo Pugliese
Osvaldo Pugliese,Osvaldo Pugliese y su Orquesta Típica,1965-04,Buenos Aires - Tokio,,Tango,Instrumental,Philips,Tape-S,,,Julián Plaza,,,61-68 Phillips,Osvaldo Pugliese,Alcides Rossi,"Osvaldo Ruggiero, Víctor Lavallén, Julián Plaza, Arturo Penón","Oscar Herrero, Julio Carrasco, Emilio Balcarce, Norberto Bernasconi (Viola), Enrique Lannoo (Cello)","Piano, Bass, 4 Bandoneons, 3 Violins, Viola, Cello",LP,El Tango Se Llama Osvaldo Pugliese,A,El Tango Se Llama Osvaldo Pugliese
Osvaldo Pugliese,Osvaldo Pugliese y su Orquesta Típica,1965-04,La Casita de Mis Viejos,,Tango,Jorge Maciel,Philips,Tape-S,,,Juan Cobián,Enrique Cadícamo,,61-68 Phillips,Osvaldo Pugliese,Alcides Rossi,"Osvaldo Ruggiero, Víctor Lavallén, Julián Plaza, Arturo Penón","Oscar Herrero, Julio Carrasco, Emilio Balcarce, Norberto Bernasconi (Viola), Enrique Lannoo (Cello)","Piano, Bass, 4 Bandoneons, 3 Violins, Viola, Cello",LP,El Gran Osvaldo Pugliese,A,El Gran Osvaldo Pugliese
Osvaldo Pugliese,Osvaldo Pugliese y su Orquesta Típica,1965-08,Canción de Rango,,Tango,Abel Córdoba,Philips,Tape-S,,,Raúl Kaplún,José Suñé,,61-68 Phillips,Osvaldo Pugliese,Alcides Rossi,"Osvaldo Ruggiero, Víctor Lavallén, Julián Plaza, Arturo Penón","Oscar Herrero, Julio Carrasco, Emilio Balcarce, Norberto Bernasconi (Viola), Enrique Lannoo (Cello)","Piano, Bass, 4 Bandoneons, 3 Violins, Viola, Cello",LP,El Gran Osvaldo Pugliese,A,El Gran Osvaldo Pugliese
Osvaldo Pugliese,Osvaldo Pugliese y su Orquesta Típica,1965-08,Lorenzo,,Tango,Instrumental,Philips,Tape-S,,,Agustín Bardi,Mario Pardo,,61-68 Phillips,Osvaldo Pugliese,Alcides Rossi,"Osvaldo Ruggiero, Víctor Lavallén, Julián Plaza, Arturo Penón","Oscar Herrero, Julio Carrasco, Emilio Balcarce, Norberto Bernasconi (Viola), Enrique Lannoo (Cello)","Piano, Bass, 4 Bandoneons, 3 Violins, Viola, Cello",LP,El Tango Se Llama Osvaldo Pugliese,B,El Tango Se Llama Osvaldo Pugliese
Osvaldo Pugliese,Osvaldo Pugliese y su Orquesta Típica,1965-09,Yo Soy del Treinta,,Tango,Abel Córdoba,Philips,Tape-S,,,Aníbal Troilo,Héctor Méndez,,61-68 Phillips,Osvaldo Pugliese,Alcides Rossi,"Osvaldo Ruggiero, Víctor Lavallén, Julián Plaza, Arturo Penón","Oscar Herrero, Julio Carrasco, Emilio Balcarce, Norberto Bernasconi (Viola), Enrique Lannoo (Cello)","Piano, Bass, 4 Bandoneons, 3 Violins, Viola, Cello",,,,
Osvaldo Pugliese,Osvaldo Pugliese y su Orquesta Típica,1965-09,Whisky,,Tango,Abel Córdoba,Philips,Tape-S,,,Héctor Marcó,Héctor Marcó,,61-68 Phillips,Osvaldo Pugliese,Alcides Rossi,"Osvaldo Ruggiero, Víctor Lavallén, Julián Plaza, Arturo Penón","Oscar Herrero, Julio Carrasco, Emilio Balcarce, Norberto Bernasconi (Viola), Enrique Lannoo (Cello)","Piano, Bass, 4 Bandoneons, 3 Violins, Viola, Cello",LP,El Gran Osvaldo Pugliese,B,El Gran Osvaldo Pugliese
Osvaldo Pugliese,Osvaldo Pugliese y su Orquesta Típica,1965-10,Canaro en París,,Tango,Instrumental,Philips,Tape-S,,,"Alejandro Scarpino, Juan Caldarella",José Scarpino,,61-68 Phillips,Osvaldo Pugliese,Alcides Rossi,"Osvaldo Ruggiero, Víctor Lavallén, Julián Plaza, Arturo Penón","Oscar Herrero, Julio Carrasco, Emilio Balcarce, Norberto Bernasconi (Viola), Enrique Lannoo (Cello)","Piano, Bass, 4 Bandoneons, 3 Violins, Viola, Cello",LP,El Tango Se Llama Osvaldo Pugliese,B,El Tango Se Llama Osvaldo Pugliese
Osvaldo Pugliese,Osvaldo Pugliese y su Orquesta Típica,1965-10,Frase,,Tango,Jorge Maciel,Philips,Tape-S,,,Víctor Lavallén,Félix Arena,,61-68 Phillips,Osvaldo Pugliese,Alcides Rossi,"Osvaldo Ruggiero, Víctor Lavallén, Julián Plaza, Arturo Penón","Oscar Herrero, Julio Carrasco, Emilio Balcarce, Norberto Bernasconi (Viola), Enrique Lannoo (Cello)","Piano, Bass, 4 Bandoneons, 3 Violins, Viola, Cello",LP,El Tango Se Llama Osvaldo Pugliese,B,El Tango Se Llama Osvaldo Pugliese
Osvaldo Pugliese,Osvaldo Pugliese y su Orquesta Típica,1965-10,Orlando Goñi,,Tango,Instrumental,Philips,Tape-S,,,Alfredo Gobbi,,,61-68 Phillips,Osvaldo Pugliese,Alcides Rossi,"Osvaldo Ruggiero, Víctor Lavallén, Julián Plaza, Arturo Penón","Oscar Herrero, Julio Carrasco, Emilio Balcarce, Norberto Bernasconi (Viola), Enrique Lannoo (Cello)","Piano, Bass, 4 Bandoneons, 3 Violins, Viola, Cello",LP,El Tango Se Llama Osvaldo Pugliese,A,El Tango Se Llama Osvaldo Pugliese
Osvaldo Pugliese,Osvaldo Pugliese y su Orquesta Típica,1965-11,Carmen,,Milonga,Maciel Y Córdoba,Philips,Tape-S,,,Fulvio Salamanca,Fulvio Salamanca,,61-68 Phillips,Osvaldo Pugliese,Alcides Rossi,"Osvaldo Ruggiero, Víctor Lavallén, Julián Plaza, Arturo Penón","Oscar Herrero, Julio Carrasco, Emilio Balcarce, Norberto Bernasconi (Viola), Enrique Lannoo (Cello)","Piano, Bass, 4 Bandoneons, 3 Violins, Viola, Cello",LP,El Tango Se Llama Osvaldo Pugliese,B,El Tango Se Llama Osvaldo Pugliese
Osvaldo Pugliese,Osvaldo Pugliese y su Orquesta Típica,1966-04,La Mariposa,,Tango,Instrumental,Philips,Tape-S,,,Pedro Maffía,Celedonio Flores,,61-68 Phillips,Osvaldo Pugliese,Alcides Rossi,"Osvaldo Ruggiero, Víctor Lavallén, Julián Plaza, Arturo Penón","Oscar Herrero, Julio Carrasco, Emilio Balcarce, Norberto Bernasconi (Viola), Enrique Lannoo (Cello)","Piano, Bass, 4 Bandoneons, 3 Violins, Viola, Cello",LP,El Tango Se Llama Osvaldo Pugliese,B,El Tango Se Llama Osvaldo Pugliese
Osvaldo Pugliese,Osvaldo Pugliese y su Orquesta Típica,1966-04,Navidad,,Vals,Jorge Maciel,Philips,Tape-S,,,Osvaldo Pugliese,Fioravanti Jiménez,,61-68 Phillips,Osvaldo Pugliese,Alcides Rossi,"Osvaldo Ruggiero, Víctor Lavallén, Julián Plaza, Arturo Penón","Oscar Herrero, Julio Carrasco, Emilio Balcarce, Norberto Bernasconi (Viola), Enrique Lannoo (Cello)","Piano, Bass, 4 Bandoneons, 3 Violins, Viola, Cello",LP,El Tango Se Llama Osvaldo Pugliese,A,El Tango Se Llama Osvaldo Pugliese
Osvaldo Pugliese,Osvaldo Pugliese y su Orquesta Típica,1966-05,Verano Porteño,,Tango,Instrumental,Philips,Tape-S,,,Astor Piazzolla,,,61-68 Phillips,Osvaldo Pugliese,Alcides Rossi,"Osvaldo Ruggiero, Víctor Lavallén, Julián Plaza, Arturo Penón","Oscar Herrero, Julio Carrasco, Emilio Balcarce, Norberto Bernasconi (Viola), Enrique Lannoo (Cello)","Piano, Bass, 4 Bandoneons, 3 Violins, Viola, Cello",LP,El Tango Se Llama Osvaldo Pugliese,A,El Tango Se Llama Osvaldo Pugliese
Osvaldo Pugliese,Osvaldo Pugliese y su Orquesta Típica,1966-05,Jamás Lo Vas a Saber,,Tango,Jorge Maciel,Philips,Tape-S,,,Manuel Sucher,Abel Aznar,,61-68 Phillips,Osvaldo Pugliese,Alcides Rossi,"Osvaldo Ruggiero, Víctor Lavallén, Julián Plaza, Arturo Penón","Oscar Herrero, Julio Carrasco, Emilio Balcarce, Norberto Bernasconi (Viola), Enrique Lannoo (Cello)","Piano, Bass, 4 Bandoneons, 3 Violins, Viola, Cello",LP,El Tango Se Llama Osvaldo Pugliese,B,El Tango Se Llama Osvaldo Pugliese
Osvaldo Pugliese,Osvaldo Pugliese y su Orquesta Típica,1966-06,Con Voz Rebelde,,Tango,Abel Córdoba,Philips,Tape-S,,,Eduardo Corti,Carlos Zein,,61-68 Phillips,Osvaldo Pugliese,Alcides Rossi,"Osvaldo Ruggiero, Víctor Lavallén, Julián Plaza, Arturo Penón","Oscar Herrero, Julio Carrasco, Emilio Balcarce, Norberto Bernasconi (Viola), Enrique Lannoo (Cello)","Piano, Bass, 4 Bandoneons, 3 Violins, Viola, Cello",,,,
Osvaldo Pugliese,Osvaldo Pugliese y su Orquesta Típica,1966-06,Qué Solo Estoy,,Tango,Jorge Maciel,Philips,Tape-S,,,Raúl Kaplún,Roberto Miró,,61-68 Phillips,Osvaldo Pugliese,Alcides Rossi,"Osvaldo Ruggiero, Víctor Lavallén, Julián Plaza, Arturo Penón","Oscar Herrero, Julio Carrasco, Emilio Balcarce, Norberto Bernasconi (Viola), Enrique Lannoo (Cello)","Piano, Bass, 4 Bandoneons, 3 Violins, Viola, Cello",LP,El Tango Se Llama Osvaldo Pugliese,A,El Tango Se Llama Osvaldo Pugliese
Osvaldo Pugliese,Osvaldo Pugliese y su Orquesta Típica,1966-08,El Motivo,,Tango,Instrumental,Philips,Tape-S,,,Juan Cobián,Pascual Contursi,,61-68 Phillips,Osvaldo Pugliese,Alcides Rossi,"Osvaldo Ruggiero, Víctor Lavallén, Julián Plaza, Arturo Penón","Oscar Herrero, Julio Carrasco, Emilio Balcarce, Norberto Bernasconi (Viola), Enrique Lannoo (Cello)","Piano, Bass, 4 Bandoneons, 3 Violins, Viola, Cello",LP,El Tango Se Llama Osvaldo Pugliese,B,El Tango Se Llama Osvaldo Pugliese
Osvaldo Pugliese,Osvaldo Pugliese y su Orquesta Típica,1966-08,Se Tiran Conmigo,,Tango,Abel Córdoba,Philips,Tape-S,,,"José Díaz, Luis Díaz",Luis Díaz,,61-68 Phillips,Osvaldo Pugliese,Alcides Rossi,"Osvaldo Ruggiero, Víctor Lavallén, Julián Plaza, Arturo Penón","Oscar Herrero, Julio Carrasco, Emilio Balcarce, Norberto Bernasconi (Viola), Enrique Lannoo (Cello)","Piano, Bass, 4 Bandoneons, 3 Violins, Viola, Cello",LP,El Tango Se Llama Osvaldo Pugliese,B,El Tango Se Llama Osvaldo Pugliese
Osvaldo Pugliese,Osvaldo Pugliese y su Orquesta Típica,1966-09,Mi Lejana Buenos Aires,,Tango,Instrumental,Philips,Tape-S,,,Emilio Balcarce,,,61-68 Phillips,Osvaldo Pugliese,Alcides Rossi,"Osvaldo Ruggiero, Víctor Lavallén, Julián Plaza, Arturo Penón","Oscar Herrero, Julio Carrasco, Emilio Balcarce, Norberto Bernasconi (Viola), Enrique Lannoo (Cello)","Piano, Bass, 4 Bandoneons, 3 Violins, Viola, Cello",LP,Caminito,A,Caminito
Osvaldo Pugliese,Osvaldo Pugliese y su Orquesta Típica,1966-09,Recuerdo,,Tango,Jorge Maciel,Philips,Tape-S,,,Osvaldo Pugliese,Eduardo Moreno,,61-68 Phillips,Osvaldo Pugliese,Alcides Rossi,"Osvaldo Ruggiero, Víctor Lavallén, Julián Plaza, Arturo Penón","Oscar Herrero, Julio Carrasco, Emilio Balcarce, Norberto Bernasconi (Viola), Enrique Lannoo (Cello)","Piano, Bass, 4 Bandoneons, 3 Violins, Viola, Cello",,,,
Osvaldo Pugliese,Osvaldo Pugliese y su Orquesta Típica,1966-10,Locura Tanguera,,Tango,Instrumental,Philips,Tape-S,,,Osvaldo Ruggiero,,,61-68 Phillips,Osvaldo Pugliese,Alcides Rossi,"Osvaldo Ruggiero, Víctor Lavallén, Julián Plaza, Arturo Penón","Oscar Herrero, Julio Carrasco, Emilio Balcarce, Norberto Bernasconi (Viola), Enrique Lannoo (Cello)","Piano, Bass, 4 Bandoneons, 3 Violins, Viola, Cello",LP,Caminito,A,Caminito
Osvaldo Pugliese,Osvaldo Pugliese y su Orquesta Típica,1966-10,Así Era Ella Muchachos,,Tango,Jorge Maciel,Philips,Tape-S,,,José Cabodevila,Ángel Rosa,,61-68 Phillips,Osvaldo Pugliese,Alcides Rossi,"Osvaldo Ruggiero, Víctor Lavallén, Julián Plaza, Arturo Penón","Oscar Herrero, Julio Carrasco, Emilio Balcarce, Norberto Bernasconi (Viola), Enrique Lannoo (Cello)","Piano, Bass, 4 Bandoneons, 3 Violins, Viola, Cello",LP,Caminito,A,Caminito
Osvaldo Pugliese,Osvaldo Pugliese y su Orquesta Típica,1966-11,El Inquilino,,Milonga,Abel Córdoba,Philips,Tape-S,,,Javier Mazzea,Carlos Lucero,,61-68 Phillips,Osvaldo Pugliese,Alcides Rossi,"Osvaldo Ruggiero, Víctor Lavallén, Julián Plaza, Arturo Penón","Oscar Herrero, Julio Carrasco, Emilio Balcarce, Norberto Bernasconi (Viola), Enrique Lannoo (Cello)","Piano, Bass, 4 Bandoneons, 3 Violins, Viola, Cello",LP,Caminito,B,Caminito
Osvaldo Pugliese,Osvaldo Pugliese y su Orquesta Típica,1966-11,Caminito,,Tango,Jorge Maciel,Philips,Tape-S,,,Juan Filiberto,Gabino Peñaloza,,61-68 Phillips,Osvaldo Pugliese,Alcides Rossi,"Osvaldo Ruggiero, Víctor Lavallén, Julián Plaza, Arturo Penón","Oscar Herrero, Julio Carrasco, Emilio Balcarce, Norberto Bernasconi (Viola), Enrique Lannoo (Cello)","Piano, Bass, 4 Bandoneons, 3 Violins, Viola, Cello",LP,Caminito,B,Caminito
Osvaldo Pugliese,Osvaldo Pugliese y su Orquesta Típica,1966-12,Nobleza de Arrabal,,Tango,Instrumental,Philips,Tape-S,,,Francisco Canaro,,,61-68 Phillips,Osvaldo Pugliese,Alcides Rossi,"Osvaldo Ruggiero, Víctor Lavallén, Julián Plaza, Arturo Penón","Oscar Herrero, Julio Carrasco, Emilio Balcarce, Norberto Bernasconi (Viola), Enrique Lannoo (Cello)","Piano, Bass, 4 Bandoneons, 3 Violins, Viola, Cello",LP,Tangueando,A,Tangueando
Osvaldo Pugliese,Osvaldo Pugliese y su Orquesta Típica,1967-04,Lágrimas de Sangre,,Tango,Jorge Maciel,Philips,Tape-S,,,Roberto Giménez,Roberto Giménez,,61-68 Phillips,Osvaldo Pugliese,Alcides Rossi,"Osvaldo Ruggiero, Víctor Lavallén, Julián Plaza, Arturo Penón","Oscar Herrero, Julio Carrasco, Emilio Balcarce, Norberto Bernasconi (Viola), Enrique Lannoo (Cello)","Piano, Bass, 4 Bandoneons, 3 Violins, Viola, Cello",LP,Caminito,B,Caminito
Osvaldo Pugliese,Osvaldo Pugliese y su Orquesta Típica,1967-05,Sin Gritar,,Tango,Abel Córdoba,Philips,Tape-S,,,"Marcelino Hernández, Roberto Cassinelli","Marcelino Hernández, Roberto Cassinelli",,61-68 Phillips,Osvaldo Pugliese,Alcides Rossi,"Osvaldo Ruggiero, Víctor Lavallén, Julián Plaza, Arturo Penón","Oscar Herrero, Julio Carrasco, Emilio Balcarce, Norberto Bernasconi (Viola), Enrique Lannoo (Cello)","Piano, Bass, 4 Bandoneons, 3 Violins, Viola, Cello",LP,Caminito,A,Caminito
Osvaldo Pugliese,Osvaldo Pugliese y su Orquesta Típica,1967-05,Una Lágrima,,Tango,Abel Córdoba,Philips,Tape-S,,,Nicolás Verona,Eugenio Cárdenas,,61-68 Phillips,Osvaldo Pugliese,Alcides Rossi,"Osvaldo Ruggiero, Víctor Lavallén, Julián Plaza, Arturo Penón","Oscar Herrero, Julio Carrasco, Emilio Balcarce, Norberto Bernasconi (Viola), Enrique Lannoo (Cello)","Piano, Bass, 4 Bandoneons, 3 Violins, Viola, Cello",LP,Caminito,A,Caminito
Osvaldo Pugliese,Osvaldo Pugliese y su Orquesta Típica,1967-06,Bien de Abajo,,Tango,Abel Córdoba,Philips,Tape-S,,,Arturo Penón,Héctor Negro,,61-68 Phillips,Osvaldo Pugliese,Alcides Rossi,"Osvaldo Ruggiero, Víctor Lavallén, Julián Plaza, Arturo Penón","Oscar Herrero, Julio Carrasco, Emilio Balcarce, Norberto Bernasconi (Viola), Enrique Lannoo (Cello)","Piano, Bass, 4 Bandoneons, 3 Violins, Viola, Cello",LP,Caminito,B,Caminito
Osvaldo Pugliese,Osvaldo Pugliese y su Orquesta Típica,1967-06,Didí,,Tango,Instrumental,Philips,Tape-S,,,Roberto Firpo,,,61-68 Phillips,Osvaldo Pugliese,Alcides Rossi,"Osvaldo Ruggiero, Víctor Lavallén, Julián Plaza, Arturo Penón","Oscar Herrero, Julio Carrasco, Emilio Balcarce, Norberto Bernasconi (Viola), Enrique Lannoo (Cello)","Piano, Bass, 4 Bandoneons, 3 Violins, Viola, Cello",LP,Tangueando,A,Tangueando
Osvaldo Pugliese,Osvaldo Pugliese y su Orquesta Típica,1967-07,Imagen Campera,,Tango,Maciel Y Córdoba,Philips,Tape-S,,,Víctor Lavallén,Félix Arena,,61-68 Phillips,Osvaldo Pugliese,Alcides Rossi,"Osvaldo Ruggiero, Víctor Lavallén, Julián Plaza, Arturo Penón","Oscar Herrero, Julio Carrasco, Emilio Balcarce, Norberto Bernasconi (Viola), Enrique Lannoo (Cello)","Piano, Bass, 4 Bandoneons, 3 Violins, Viola, Cello",LP,Tangueando,A,Tangueando
Osvaldo Pugliese,Osvaldo Pugliese y su Orquesta Típica,1967-07,Marejada,,Tango,Instrumental,Philips,Tape-S,,,Roberto Firpo,Daniel Barreto,,61-68 Phillips,Osvaldo Pugliese,Alcides Rossi,"Osvaldo Ruggiero, Víctor Lavallén, Julián Plaza, Arturo Penón","Oscar Herrero, Julio Carrasco, Emilio Balcarce, Norberto Bernasconi (Viola), Enrique Lannoo (Cello)","Piano, Bass, 4 Bandoneons, 3 Violins, Viola, Cello",LP,Tangueando,B,Tangueando
Osvaldo Pugliese,Osvaldo Pugliese y su Orquesta Típica,1967-08,Decencia,,Tango,Jorge Maciel,Philips,Tape-S,,,Javier Mazzea,Manuel Bargiela,,61-68 Phillips,Osvaldo Pugliese,Alcides Rossi,"Osvaldo Ruggiero, Víctor Lavallén, Julián Plaza, Arturo Penón","Oscar Herrero, Julio Carrasco, Emilio Balcarce, Norberto Bernasconi (Viola), Enrique Lannoo (Cello)","Piano, Bass, 4 Bandoneons, 3 Violins, Viola, Cello",LP,Tangueando,B,Tangueando
Osvaldo Pugliese,Osvaldo Pugliese y su Orquesta Típica,1967-08,Bien de Tango,,Tango,Instrumental,Philips,Tape-S,,,Armando Cupo,,,61-68 Phillips,Osvaldo Pugliese,Alcides Rossi,"Osvaldo Ruggiero, Víctor Lavallén, Julián Plaza, Arturo Penón","Oscar Herrero, Julio Carrasco, Emilio Balcarce, Norberto Bernasconi (Viola), Enrique Lannoo (Cello)","Piano, Bass, 4 Bandoneons, 3 Violins, Viola, Cello",LP,Tangueando,B,Tangueando
Osvaldo Pugliese,Osvaldo Pugliese y su Orquesta Típica,1967-09,Tangueando Te Quiero,,Tango,Abel Córdoba,Philips,Tape-S,,,Carlos Di Sarli,Héctor Marcó,,61-68 Phillips,Osvaldo Pugliese,Alcides Rossi,"Osvaldo Ruggiero, Víctor Lavallén, Julián Plaza, Arturo Penón","Oscar Herrero, Julio Carrasco, Emilio Balcarce, Norberto Bernasconi (Viola), Enrique Lannoo (Cello)","Piano, Bass, 4 Bandoneons, 3 Violins, Viola, Cello",LP,Tangueando,A,Tangueando
Osvaldo Pugliese,Osvaldo Pugliese y su Orquesta Típica,1967-09,Bandoneón Arrabalero,,Tango,Instrumental,Philips,Tape-S,,,Juan Deambroggio,Pascual Contursi,,61-68 Phillips,Osvaldo Pugliese,Alcides Rossi,"Osvaldo Ruggiero, Víctor Lavallén, Julián Plaza, Arturo Penón","Oscar Herrero, Julio Carrasco, Emilio Balcarce, Norberto Bernasconi (Viola), Enrique Lannoo (Cello)","Piano, Bass, 4 Bandoneons, 3 Violins, Viola, Cello",LP,Tangueando,A,Tangueando
Osvaldo Pugliese,Osvaldo Pugliese y su Orquesta Típica,1967-10,Arrepentido,,Tango,Jorge Maciel,Philips,Tape-S,,,Rodolfo Sciammarella,Rodolfo Sciammarella,,61-68 Phillips,Osvaldo Pugliese,Alcides Rossi,"Osvaldo Ruggiero, Víctor Lavallén, Julián Plaza, Arturo Penón","Oscar Herrero, Julio Carrasco, Emilio Balcarce, Norberto Bernasconi (Viola), Enrique Lannoo (Cello)","Piano, Bass, 4 Bandoneons, 3 Violins, Viola, Cello",LP,Tangueando,A,Tangueando
Osvaldo Pugliese,Osvaldo Pugliese y su Orquesta Típica,1967-10,Universo,,Tango,Instrumental,Philips,Tape-S,,,José Libertella,,,61-68 Phillips,Osvaldo Pugliese,Alcides Rossi,"Osvaldo Ruggiero, Víctor Lavallén, Julián Plaza, Arturo Penón","Oscar Herrero, Julio Carrasco, Emilio Balcarce, Norberto Bernasconi (Viola), Enrique Lannoo (Cello)","Piano, Bass, 4 Bandoneons, 3 Violins, Viola, Cello",LP,Tangueando,B,Tangueando
Osvaldo Pugliese,Osvaldo Pugliese y su Orquesta Típica,1967-11,Esta Ciudad,,Tango,Jorge Maciel,Philips,Tape-S,,,Osvaldo Avena,Héctor Negro,,61-68 Phillips,Osvaldo Pugliese,Alcides Rossi,"Osvaldo Ruggiero, Víctor Lavallén, Julián Plaza, Arturo Penón","Oscar Herrero, Julio Carrasco, Emilio Balcarce, Norberto Bernasconi (Viola), Enrique Lannoo (Cello)","Piano, Bass, 4 Bandoneons, 3 Violins, Viola, Cello",LP,Tangueando,B,Tangueando
Osvaldo Pugliese,Osvaldo Pugliese y su Orquesta Típica,1967-11,El Negro Cambambá,,Milonga,Abel Córdoba,Philips,Tape-S,,,Osvaldo Pugliese,Francisco Bagalá,,61-68 Phillips,Osvaldo Pugliese,Alcides Rossi,"Osvaldo Ruggiero, Víctor Lavallén, Julián Plaza, Arturo Penón","Oscar Herrero, Julio Carrasco, Emilio Balcarce, Norberto Bernasconi (Viola), Enrique Lannoo (Cello)","Piano, Bass, 4 Bandoneons, 3 Violins, Viola, Cello",LP,Tangueando,B,Tangueando
Osvaldo Pugliese,Osvaldo Pugliese y su Orquesta Típica,1968-11,El Entrerriano,,Tango,Instrumental,Philips,Tape-S,,,Anselmo Mendizábal,"Ernesto Temes, Homero Expósito",,61-68 Phillips,Osvaldo Pugliese,Alcides Rossi,"Osvaldo Ruggiero, Víctor Lavallén, Julián Plaza, Arturo Penón","Oscar Herrero, Julio Carrasco, Emilio Balcarce, Norberto Bernasconi (Viola), Enrique Lannoo (Cello)","Piano, Bass, 4 Bandoneons, 3 Violins, Viola, Cello",LP,El Tango Se Llama Osvaldo Pugliese,A,El Tango Se Llama Osvaldo Pugliese
Osvaldo Pugliese,Osvaldo Pugliese y su Orquesta Típica,1968-11,Muñequita,,Tango,Abel Córdoba,Philips,Tape-S,,,Francisco Lomuto,Adolfo Herschel,,61-68 Phillips,Osvaldo Pugliese,Alcides Rossi,"Osvaldo Ruggiero, Víctor Lavallén, Julián Plaza, Arturo Penón","Oscar Herrero, Julio Carrasco, Emilio Balcarce, Norberto Bernasconi (Viola), Enrique Lannoo (Cello)","Piano, Bass, 4 Bandoneons, 3 Violins, Viola, Cello",LP,La Biandunga,B,La Biandunga
Osvaldo Pugliese,Osvaldo Pugliese y su Orquesta Típica,1968-12,Qué Noche,,Tango,Instrumental,Philips,Tape-S,,,Agustín Bardi,,,61-68 Phillips,Osvaldo Pugliese,Alcides Rossi,"Osvaldo Ruggiero, Víctor Lavallén, Julián Plaza, Arturo Penón","Oscar Herrero, Julio Carrasco, Emilio Balcarce, Norberto Bernasconi (Viola), Enrique Lannoo (Cello)","Piano, Bass, 4 Bandoneons, 3 Violins, Viola, Cello",LP,El Tango Se Llama Osvaldo Pugliese,B,El Tango Se Llama Osvaldo Pugliese
Osvaldo Pugliese,Osvaldo Pugliese y su Orquesta Típica,1968-12,Mi Primer Gol,,Tango,Abel Córdoba,Philips,Tape-S,,,"Horacio Pettorossi, Alejandro Fattorini",Miguel Bonano,,61-68 Phillips,Osvaldo Pugliese,Alcides Rossi,"Osvaldo Ruggiero, Víctor Lavallén, Julián Plaza, Arturo Penón","Oscar Herrero, Julio Carrasco, Emilio Balcarce, Norberto Bernasconi (Viola), Enrique Lannoo (Cello)","Piano, Bass, 4 Bandoneons, 3 Violins, Viola, Cello",LP,La Biandunga,A,La Biandunga
Osvaldo Pugliese,Osvaldo Pugliese y su Orquesta Típica,1969-04,Che Colectivero,,Tango,Abel Córdoba,Philips,Tape-S,,,Osvaldo Pugliese,Julio Camilloni,,69-90 Final Orchestra,Osvaldo Pugliese,Fernando Romano,"Arturo Penón, Daniel Binelli, Juan José Mosalini, Rodolfo Mederos","Mauricio Marcelli, Raúl Domínguez, Santiago Kutchevasky, Bautista Huerta (Viola), Pedro Vidaurre (Cello)","Piano, Bass, 4 Bandoneons, 3 Violins, Viola, Cello",,,,
Osvaldo Pugliese,Osvaldo Pugliese y su Orquesta Típica,1969-05,El Pensamiento,,Tango,Instrumental,Philips,Tape-S,,,José Martínez,Francisco Jiménez,,69-90 Final Orchestra,Osvaldo Pugliese,Fernando Romano,"Arturo Penón, Daniel Binelli, Juan José Mosalini, Rodolfo Mederos","Mauricio Marcelli, Raúl Domínguez, Santiago Kutchevasky, Bautista Huerta (Viola), Pedro Vidaurre (Cello)","Piano, Bass, 4 Bandoneons, 3 Violins, Viola, Cello",LP,La Biandunga,A,La Biandunga
Osvaldo Pugliese,Osvaldo Pugliese y su Orquesta Típica,1969-05,El Encopao,,Tango,Abel Córdoba,Philips,Tape-S,,,Osvaldo Pugliese,Enrique Dizeo,,69-90 Final Orchestra,Osvaldo Pugliese,Fernando Romano,"Arturo Penón, Daniel Binelli, Juan José Mosalini, Rodolfo Mederos","Mauricio Marcelli, Raúl Domínguez, Santiago Kutchevasky, Bautista Huerta (Viola), Pedro Vidaurre (Cello)","Piano, Bass, 4 Bandoneons, 3 Violins, Viola, Cello",LP,La Biandunga,A,La Biandunga
Osvaldo Pugliese,Osvaldo Pugliese y su Orquesta Típica,1969-06,El Marne,,Tango,Instrumental,Philips,Tape-S,,,Eduardo Arolas,Gabriel Clausi,,69-90 Final Orchestra,Osvaldo Pugliese,Fernando Romano,"Arturo Penón, Daniel Binelli, Juan José Mosalini, Rodolfo Mederos","Mauricio Marcelli, Raúl Domínguez, Santiago Kutchevasky, Bautista Huerta (Viola), Pedro Vidaurre (Cello)","Piano, Bass, 4 Bandoneons, 3 Violins, Viola, Cello",LP,El Tango Se Llama Osvaldo Pugliese,A,El Tango Se Llama Osvaldo Pugliese
Osvaldo Pugliese,Osvaldo Pugliese y su Orquesta Típica,1969-06,Canción Para un Niño Negro,,Milonga,Abel Córdoba,Philips,Tape-S,,,Fulvio Salamanca,Fulvio Salamanca,,69-90 Final Orchestra,Osvaldo Pugliese,Fernando Romano,"Arturo Penón, Daniel Binelli, Juan José Mosalini, Rodolfo Mederos","Mauricio Marcelli, Raúl Domínguez, Santiago Kutchevasky, Bautista Huerta (Viola), Pedro Vidaurre (Cello)","Piano, Bass, 4 Bandoneons, 3 Violins, Viola, Cello",LP,La Biandunga,A,La Biandunga
Osvaldo Pugliese,Osvaldo Pugliese y su Orquesta Típica,1969-07,Manón,,Tango,Abel Córdoba,Philips,Tape-S,,,Arturo De Bassi,Antonio Podestá,,69-90 Final Orchestra,Osvaldo Pugliese,Fernando Romano,"Arturo Penón, Daniel Binelli, Juan José Mosalini, Rodolfo Mederos","Mauricio Marcelli, Raúl Domínguez, Santiago Kutchevasky, Bautista Huerta (Viola), Pedro Vidaurre (Cello)","Piano, Bass, 4 Bandoneons, 3 Violins, Viola, Cello",LP,La Biandunga,B,La Biandunga
Osvaldo Pugliese,Osvaldo Pugliese y su Orquesta Típica,1969-07,A Evaristo Carriego,,Tango,Instrumental,Philips,Tape-S,,,Eduardo Rovira,,,69-90 Final Orchestra,Osvaldo Pugliese,Fernando Romano,"Arturo Penón, Daniel Binelli, Juan José Mosalini, Rodolfo Mederos","Mauricio Marcelli, Raúl Domínguez, Santiago Kutchevasky, Bautista Huerta (Viola), Pedro Vidaurre (Cello)","Piano, Bass, 4 Bandoneons, 3 Violins, Viola, Cello",LP,La Biandunga,B,La Biandunga
Osvaldo Pugliese,Osvaldo Pugliese y su Orquesta Típica,1969-08,Bandó,,Tango,Instrumental,Philips,Tape-S,,,Astor Piazzolla,,,69-90 Final Orchestra,Osvaldo Pugliese,Fernando Romano,"Arturo Penón, Daniel Binelli, Juan José Mosalini, Rodolfo Mederos","Mauricio Marcelli, Raúl Domínguez, Santiago Kutchevasky, Bautista Huerta (Viola), Pedro Vidaurre (Cello)","Piano, Bass, 4 Bandoneons, 3 Violins, Viola, Cello",LP,La Biandunga,A,La Biandunga
Osvaldo Pugliese,Osvaldo Pugliese y su Orquesta Típica,1969-08,La Biandunga,,Tango,Instrumental,Philips,Tape-S,,,Osvaldo Pugliese,,,69-90 Final Orchestra,Osvaldo Pugliese,Fernando Romano,"Arturo Penón, Daniel Binelli, Juan José Mosalini, Rodolfo Mederos","Mauricio Marcelli, Raúl Domínguez, Santiago Kutchevasky, Bautista Huerta (Viola), Pedro Vidaurre (Cello)","Piano, Bass, 4 Bandoneons, 3 Violins, Viola, Cello",LP,El Tango Se Llama Osvaldo Pugliese,A,El Tango Se Llama Osvaldo Pugliese
Osvaldo Pugliese,Osvaldo Pugliese y su Orquesta Típica,1969-09,Zorro Gris,,Tango,Instrumental,Philips,Tape-S,,,Rafael Tuegols,Francisco Jiménez,,69-90 Final Orchestra,Osvaldo Pugliese,Fernando Romano,"Arturo Penón, Daniel Binelli, Juan José Mosalini, Rodolfo Mederos","Mauricio Marcelli, Raúl Domínguez, Santiago Kutchevasky, Bautista Huerta (Viola), Pedro Vidaurre (Cello)","Piano, Bass, 4 Bandoneons, 3 Violins, Viola, Cello",LP,Sentimental y Cayengue,A,Sentimental y Cayengue
Osvaldo Pugliese,Osvaldo Pugliese y su Orquesta Típica,1969-09,Tu Angustia y Mi Dolor,,Tango,Abel Córdoba,Philips,Tape-S,,,Alfredo Gobbi,Julio Camilloni,,69-90 Final Orchestra,Osvaldo Pugliese,Fernando Romano,"Arturo Penón, Daniel Binelli, Juan José Mosalini, Rodolfo Mederos","Mauricio Marcelli, Raúl Domínguez, Santiago Kutchevasky, Bautista Huerta (Viola), Pedro Vidaurre (Cello)","Piano, Bass, 4 Bandoneons, 3 Violins, Viola, Cello",LP,Sentimental y Cayengue,A,Sentimental y Cayengue
Osvaldo Pugliese,Osvaldo Pugliese y su Orquesta Típica,1969-10,Gente de Teatro,,Tango,Instrumental,Philips,Tape-S,,,Arturo Penón,,,69-90 Final Orchestra,Osvaldo Pugliese,Fernando Romano,"Arturo Penón, Daniel Binelli, Juan José Mosalini, Rodolfo Mederos","Mauricio Marcelli, Raúl Domínguez, Santiago Kutchevasky, Bautista Huerta (Viola), Pedro Vidaurre (Cello)","Piano, Bass, 4 Bandoneons, 3 Violins, Viola, Cello",LP,Sentimental y Cayengue,B,Sentimental y Cayengue
Osvaldo Pugliese,Osvaldo Pugliese y su Orquesta Típica,1969-10,Pavadas,,Tango,Abel Córdoba,Philips,Tape-S,,,Mario Demarco,"Julio Camilloni, Isusi Mouso",,69-90 Final Orchestra,Osvaldo Pugliese,Fernando Romano,"Arturo Penón, Daniel Binelli, Juan José Mosalini, Rodolfo Mederos","Mauricio Marcelli, Raúl Domínguez, Santiago Kutchevasky, Bautista Huerta (Viola), Pedro Vidaurre (Cello)","Piano, Bass, 4 Bandoneons, 3 Violins, Viola, Cello",LP,Sentimental y Cayengue,B,Sentimental y Cayengue
Osvaldo Pugliese,Osvaldo Pugliese y su Orquesta Típica,1969-11,La Última Cita,,Tango,Instrumental,Philips,Tape-S,,,Agustín Bardi,Francisco Jiménez,,69-90 Final Orchestra,Osvaldo Pugliese,Fernando Romano,"Arturo Penón, Daniel Binelli, Juan José Mosalini, Rodolfo Mederos","Mauricio Marcelli, Raúl Domínguez, Santiago Kutchevasky, Bautista Huerta (Viola), Pedro Vidaurre (Cello)","Piano, Bass, 4 Bandoneons, 3 Violins, Viola, Cello",LP,El Tango Se Llama Osvaldo Pugliese,A,El Tango Se Llama Osvaldo Pugliese
Osvaldo Pugliese,Osvaldo Pugliese y su Orquesta Típica,1969-11,Te Quiero Como Te Quiero,,Tango,Abel Córdoba,Philips,Tape-S,,,Gabriel Clausi,José Rótulo,,69-90 Final Orchestra,Osvaldo Pugliese,Fernando Romano,"Arturo Penón, Daniel Binelli, Juan José Mosalini, Rodolfo Mederos","Mauricio Marcelli, Raúl Domínguez, Santiago Kutchevasky, Bautista Huerta (Viola), Pedro Vidaurre (Cello)","Piano, Bass, 4 Bandoneons, 3 Violins, Viola, Cello",LP,Sentimental y Cayengue,B,Sentimental y Cayengue
Osvaldo Pugliese,Osvaldo Pugliese y su Orquesta Típica,1970-05,Balada Para un Loco,,Tango,Instrumental,Philips,Tape-S,,,Astor Piazzolla,Horacio Ferrer,,69-90 Final Orchestra,Osvaldo Pugliese,Fernando Romano,"Arturo Penón, Daniel Binelli, Juan José Mosalini, Rodolfo Mederos","Mauricio Marcelli, Raúl Domínguez, Santiago Kutchevasky, Bautista Huerta (Viola), Pedro Vidaurre (Cello)","Piano, Bass, 4 Bandoneons, 3 Violins, Viola, Cello",LP,El Tango Se Llama Osvaldo Pugliese,A,El Tango Se Llama Osvaldo Pugliese
Osvaldo Pugliese,Osvaldo Pugliese y su Orquesta Típica,1970-05,Taconeando,,Tango,Instrumental,Philips,Tape-S,,,Pedro Maffía,José Staffolani,,69-90 Final Orchestra,Osvaldo Pugliese,Fernando Romano,"Arturo Penón, Daniel Binelli, Juan José Mosalini, Rodolfo Mederos","Mauricio Marcelli, Raúl Domínguez, Santiago Kutchevasky, Bautista Huerta (Viola), Pedro Vidaurre (Cello)","Piano, Bass, 4 Bandoneons, 3 Violins, Viola, Cello",LP,El Tango Se Llama Osvaldo Pugliese,B,El Tango Se Llama Osvaldo Pugliese
Osvaldo Pugliese,Osvaldo Pugliese y su Orquesta Típica,1970-06,Sentimental y Canyengue,,Tango,Instrumental,Philips,Tape-S,,,"Leopoldo Federico, Víctor Felice",,,69-90 Final Orchestra,Osvaldo Pugliese,Fernando Romano,"Arturo Penón, Daniel Binelli, Juan José Mosalini, Rodolfo Mederos","Mauricio Marcelli, Raúl Domínguez, Santiago Kutchevasky, Bautista Huerta (Viola), Pedro Vidaurre (Cello)","Piano, Bass, 4 Bandoneons, 3 Violins, Viola, Cello",LP,Sentimental y Cayengue,A,Sentimental y Cayengue
Osvaldo Pugliese,Osvaldo Pugliese y su Orquesta Típica,1970-06,Lágrimas,,Tango,Instrumental,Philips,Tape-S,,,Eduardo Arolas,Héctor Polito,,69-90 Final Orchestra,Osvaldo Pugliese,Fernando Romano,"Arturo Penón, Daniel Binelli, Juan José Mosalini, Rodolfo Mederos","Mauricio Marcelli, Raúl Domínguez, Santiago Kutchevasky, Bautista Huerta (Viola), Pedro Vidaurre (Cello)","Piano, Bass, 4 Bandoneons, 3 Violins, Viola, Cello",LP,Sentimental y Cayengue,A,Sentimental y Cayengue
Osvaldo Pugliese,Osvaldo Pugliese y su Orquesta Típica,1970-07,Hasta el Último Tren,,Tango,Abel Córdoba,Philips,Tape-S,,,Julio Ahumada,Julio Camilloni,,69-90 Final Orchestra,Osvaldo Pugliese,Fernando Romano,"Arturo Penón, Daniel Binelli, Juan José Mosalini, Rodolfo Mederos","Mauricio Marcelli, Raúl Domínguez, Santiago Kutchevasky, Bautista Huerta (Viola), Pedro Vidaurre (Cello)","Piano, Bass, 4 Bandoneons, 3 Violins, Viola, Cello",LP,Sentimental y Cayengue,A,Sentimental y Cayengue
Osvaldo Pugliese,Osvaldo Pugliese y su Orquesta Típica,1970-07-11,Farolito de Mi Barrio,,Tango,Instrumental,Philips,Tape-S,,,Enrique Pollet,José De Grandis,,69-90 Final Orchestra,Osvaldo Pugliese,Fernando Romano,"Arturo Penón, Daniel Binelli, Juan José Mosalini, Rodolfo Mederos","Mauricio Marcelli, Raúl Domínguez, Santiago Kutchevasky, Bautista Huerta (Viola), Pedro Vidaurre (Cello)","Piano, Bass, 4 Bandoneons, 3 Violins, Viola, Cello",LP,Sentimental y Cayengue,B,Sentimental y Cayengue
Osvaldo Pugliese,Osvaldo Pugliese y su Orquesta Típica,1970-07-11,Shusheta,El Aristócrata,Tango,Instrumental,Philips,Tape-S,,,Juan Cobián,Enrique Cadícamo,,69-90 Final Orchestra,Osvaldo Pugliese,Fernando Romano,,"Mauricio Marcelli, Raúl Domínguez, Santiago Kutchevasky, Bautista Huerta (Viola), Pedro Vidaurre (Cello)","Piano, Bass, 3 Violins, Viola, Cello",,,,
Osvaldo Pugliese,Osvaldo Pugliese y su Orquesta Típica,1970-07-11,Ciudad Triste,,Tango,Instrumental,Philips,Tape-S,,,Osvaldo Tarantino,,,69-90 Final Orchestra,Osvaldo Pugliese,Fernando Romano,,"Mauricio Marcelli, Raúl Domínguez, Santiago Kutchevasky, Bautista Huerta (Viola), Pedro Vidaurre (Cello)","Piano, Bass, 3 Violins, Viola, Cello",,,,
Osvaldo Pugliese,Osvaldo Pugliese y su Orquesta Típica,1970-07-11,Sensoral,,Tango,Instrumental,Philips,Tape-S,,,"Dino Saluzzi, Mauricio Marcelli",,,69-90 Final Orchestra,Osvaldo Pugliese,Fernando Romano,,"Mauricio Marcelli, Raúl Domínguez, Santiago Kutchevasky, Bautista Huerta (Viola), Pedro Vidaurre (Cello)","Piano, Bass, 3 Violins, Viola, Cello",,,,
Osvaldo Pugliese,Osvaldo Pugliese y su Orquesta Típica,1970-10-11,El Recodo,,Tango,Instrumental,Philips,Tape-S,,,Alejandro Junnissi,Armando Tagini,,69-90 Final Orchestra,Osvaldo Pugliese,Fernando Romano,,"Mauricio Marcelli, Raúl Domínguez, Santiago Kutchevasky, Bautista Huerta (Viola), Pedro Vidaurre (Cello)","Piano, Bass, 3 Violins, Viola, Cello",,,,
Osvaldo Pugliese,Osvaldo Pugliese y su Orquesta Típica,1972-04-25,La Beba,,Tango,Instrumental,Odeón,Tape-S,39281,,Osvaldo Pugliese,,,69-90 Final Orchestra,Osvaldo Pugliese,Fernando Romano,"Arturo Penón, Daniel Binelli, Juan José Mosalini, Rodolfo Mederos","Mauricio Marcelli, Raúl Domínguez, Santiago Kutchevasky, Néstor Panik (Viola), Pedro Vidaurre (Cello)","Piano, Bass, 4 Bandoneons, 3 Violins, Viola, Cello",LP,El Andariego,A,El Andariego
Osvaldo Pugliese,Osvaldo Pugliese y su Orquesta Típica,1972-04-25,Tinta Roja,,Tango,Instrumental,Odeón,Tape-S,39282,,Sebastián Piana,Cátulo Castillo,,69-90 Final Orchestra,Osvaldo Pugliese,Fernando Romano,"Arturo Penón, Daniel Binelli, Juan José Mosalini, Rodolfo Mederos","Mauricio Marcelli, Raúl Domínguez, Santiago Kutchevasky, Néstor Panik (Viola), Pedro Vidaurre (Cello)","Piano, Bass, 4 Bandoneons, 3 Violins, Viola, Cello",LP,El Andariego,B,El Andariego
Osvaldo Pugliese,Osvaldo Pugliese y su Orquesta Típica,1972-05-12,Ni Triste Ni Solo,,Tango,Abel Córdoba,Odeón,Tape-S,39354,,Arturo Penón,Héctor Negro,,69-90 Final Orchestra,Osvaldo Pugliese,Fernando Romano,"Arturo Penón, Daniel Binelli, Juan José Mosalini, Rodolfo Mederos","Mauricio Marcelli, Raúl Domínguez, Santiago Kutchevasky, Néstor Panik (Viola), Pedro Vidaurre (Cello)","Piano, Bass, 4 Bandoneons, 3 Violins, Viola, Cello",LP,El Andariego,B,El Andariego
Osvaldo Pugliese,Osvaldo Pugliese y su Orquesta Típica,1972-05-12,No Me Pregunten Por Qué,,Tango,Abel Córdoba,Odeón,Tape-S,39353,,Carlos Di Sarli,Reynaldo Pignataro,,69-90 Final Orchestra,Osvaldo Pugliese,Fernando Romano,"Arturo Penón, Daniel Binelli, Juan José Mosalini, Rodolfo Mederos","Mauricio Marcelli, Raúl Domínguez, Santiago Kutchevasky, Néstor Panik (Viola), Pedro Vidaurre (Cello)","Piano, Bass, 4 Bandoneons, 3 Violins, Viola, Cello",LP,Edición Aniversario 1905-2005,,Edicion Aniversario
Osvaldo Pugliese,Osvaldo Pugliese y su Orquesta Típica,1972-06-16,La Revancha,,Tango,Instrumental,Odeón,Tape-S,,,Pedro Laurenz,,,69-90 Final Orchestra,Osvaldo Pugliese,Fernando Romano,"Arturo Penón, Daniel Binelli, Juan José Mosalini, Rodolfo Mederos","Mauricio Marcelli, Raúl Domínguez, Santiago Kutchevasky, Néstor Panik (Viola), Pedro Vidaurre (Cello)","Piano, Bass, 4 Bandoneons, 3 Violins, Viola, Cello",,,,
Osvaldo Pugliese,Osvaldo Pugliese y su Orquesta Típica,1972-06-26,El Andariego,,Tango,Instrumental,Odeón,Tape-S,39496,,Alfredo Gobbi,,,69-90 Final Orchestra,Osvaldo Pugliese,Fernando Romano,"Arturo Penón, Daniel Binelli, Juan José Mosalini, Rodolfo Mederos","Mauricio Marcelli, Raúl Domínguez, Santiago Kutchevasky, Néstor Panik (Viola), Pedro Vidaurre (Cello)","Piano, Bass, 4 Bandoneons, 3 Violins, Viola, Cello",LP,El Andariego,A,El Andariego
Osvaldo Pugliese,Osvaldo Pugliese y su Orquesta Típica,1972-07-17,Si Se Calla el Cantor,,Tango,Abel Córdoba,Odeón,Tape-S,39607,,Horacio Guarany,Horacio Guarany,,69-90 Final Orchestra,Osvaldo Pugliese,Fernando Romano,"Arturo Penón, Daniel Binelli, Juan José Mosalini, Rodolfo Mederos","Mauricio Marcelli, Raúl Domínguez, Santiago Kutchevasky, Néstor Panik (Viola), Pedro Vidaurre (Cello)","Piano, Bass, 4 Bandoneons, 3 Violins, Viola, Cello",LP,El Andariego,B,El Andariego
Osvaldo Pugliese,Osvaldo Pugliese y su Orquesta Típica,1972-07-17,Tormento,,Tango,Abel Córdoba,Odeón,Tape-S,38600,,Charlo,Luis Amadori,,69-90 Final Orchestra,Osvaldo Pugliese,Fernando Romano,"Arturo Penón, Daniel Binelli, Juan José Mosalini, Rodolfo Mederos","Mauricio Marcelli, Raúl Domínguez, Santiago Kutchevasky, Néstor Panik (Viola), Pedro Vidaurre (Cello)","Piano, Bass, 4 Bandoneons, 3 Violins, Viola, Cello",LP,El Andariego,A,El Andariego
Osvaldo Pugliese,Osvaldo Pugliese y su Orquesta Típica,1972-07-20,Ojos Negros,,Tango,Instrumental,Odeón,Tape-S,39921,,Vicente Greco,Pedro Córdoba,,69-90 Final Orchestra,Osvaldo Pugliese,Fernando Romano,"Arturo Penón, Daniel Binelli, Juan José Mosalini, Rodolfo Mederos","Mauricio Marcelli, Raúl Domínguez, Santiago Kutchevasky, Néstor Panik (Viola), Pedro Vidaurre (Cello)","Piano, Bass, 4 Bandoneons, 3 Violins, Viola, Cello",LP,El Andariego,B,El Andariego
Osvaldo Pugliese,Osvaldo Pugliese y su Orquesta Típica,1972-11-10,De Puro Guapo,,Tango,Instrumental,Odeón,Tape-S,39973,,Pedro Laurenz,Manuel Meaños,,69-90 Final Orchestra,Osvaldo Pugliese,Fernando Romano,"Arturo Penón, Daniel Binelli, Juan José Mosalini, Rodolfo Mederos","Mauricio Marcelli, Raúl Domínguez, Santiago Kutchevasky, Néstor Panik (Viola), Pedro Vidaurre (Cello)","Piano, Bass, 4 Bandoneons, 3 Violins, Viola, Cello",LP,El Andariego,A,El Andariego
Osvaldo Pugliese,Osvaldo Pugliese y su Orquesta Típica,1972-12-06,Los Hermanos,,Milonga,Abel Córdoba,Odeón,Tape-S,40032,,Atahualpa Yupanqui,Atahualpa Yupanqui,,69-90 Final Orchestra,Osvaldo Pugliese,Fernando Romano,"Arturo Penón, Daniel Binelli, Juan José Mosalini, Rodolfo Mederos","Mauricio Marcelli, Raúl Domínguez, Santiago Kutchevasky, Néstor Panik (Viola), Pedro Vidaurre (Cello)","Piano, Bass, 4 Bandoneons, 3 Violins, Viola, Cello",LP,A Mis Compañeros,A,A Mis Compañeros
Osvaldo Pugliese,Osvaldo Pugliese y su Orquesta Típica,1972-12-06,Poema Número Dos,El Jubilado,Tango,Abel Córdoba,Odeón,Tape-S,40033,,Edmundo Rivero,Luis Alposta,,69-90 Final Orchestra,Osvaldo Pugliese,Fernando Romano,"Arturo Penón, Daniel Binelli, Juan José Mosalini, Rodolfo Mederos","Mauricio Marcelli, Raúl Domínguez, Santiago Kutchevasky, Néstor Panik (Viola), Pedro Vidaurre (Cello)","Piano, Bass, 4 Bandoneons, 3 Violins, Viola, Cello",,,,
Osvaldo Pugliese,Osvaldo Pugliese y su Orquesta Típica,1972-12-22,La Vaquita,,Milonga,Abel Córdoba,Odeón,Tape-S,40093,,Osvaldo Pugliese,Roberto Pizzini,,69-90 Final Orchestra,Osvaldo Pugliese,Fernando Romano,"Arturo Penón, Daniel Binelli, Juan José Mosalini, Rodolfo Mederos","Mauricio Marcelli, Raúl Domínguez, Santiago Kutchevasky, Néstor Panik (Viola), Pedro Vidaurre (Cello)","Piano, Bass, 4 Bandoneons, 3 Violins, Viola, Cello",LP,El Andariego,B,El Andariego
Osvaldo Pugliese,Osvaldo Pugliese y su Orquesta Típica,1972-12-27,Corchito,,Tango,Abel Córdoba,Odeón,Tape-S,40096,,Javier Mazzea,Pedro Gatti,,69-90 Final Orchestra,Osvaldo Pugliese,Fernando Romano,"Arturo Penón, Daniel Binelli, Juan José Mosalini, Rodolfo Mederos","Mauricio Marcelli, Raúl Domínguez, Santiago Kutchevasky, Néstor Panik (Viola), Pedro Vidaurre (Cello)","Piano, Bass, 4 Bandoneons, 3 Violins, Viola, Cello",LP,El Andariego,B,El Andariego
Osvaldo Pugliese,Osvaldo Pugliese y su Orquesta Típica,1973-12-12,Camandulaje,,Tango,Instrumental,Odeón,Tape-S,41106,,Alfredo Gobbi,,,69-90 Final Orchestra,Osvaldo Pugliese,Fernando Romano,"Arturo Penón, Daniel Binelli, Juan José Mosalini, Rodolfo Mederos","Mauricio Marcelli, Raúl Domínguez, Santiago Kutchevasky, Néstor Panik (Viola), Pedro Vidaurre (Cello)","Piano, Bass, 4 Bandoneons, 3 Violins, Viola, Cello",,,,
Osvaldo Pugliese,Osvaldo Pugliese y su Orquesta Típica,1973-12-12,Zum,,Tango,Instrumental,Odeón,Tape-S,41105,,Astor Piazzolla,,,69-90 Final Orchestra,Osvaldo Pugliese,Fernando Romano,"Arturo Penón, Daniel Binelli, Juan José Mosalini, Rodolfo Mederos","Mauricio Marcelli, Raúl Domínguez, Santiago Kutchevasky, Néstor Panik (Viola), Pedro Vidaurre (Cello)","Piano, Bass, 4 Bandoneons, 3 Violins, Viola, Cello",,,,
Osvaldo Pugliese,Osvaldo Pugliese y su Orquesta Típica,1973-12-26,Cuando Llora la Milonga,,Tango,Instrumental,Odeón,Tape-S,41118,,Juan Filiberto,Luis Mario,,69-90 Final Orchestra,Osvaldo Pugliese,Fernando Romano,"Arturo Penón, Daniel Binelli, Juan José Mosalini, Rodolfo Mederos","Mauricio Marcelli, Raúl Domínguez, Santiago Kutchevasky, Néstor Panik (Viola), Pedro Vidaurre (Cello)","Piano, Bass, 4 Bandoneons, 3 Violins, Viola, Cello",,,,
Osvaldo Pugliese,Osvaldo Pugliese y su Orquesta Típica,1973-12-26,La Cumparsita,Si Supieras,Tango,Instrumental,Odeón,Tape-S,,,Gerardo Rodríguez,Gerardo Rodríguez,,69-90 Final Orchestra,Osvaldo Pugliese,Fernando Romano,"Arturo Penón, Daniel Binelli, Juan José Mosalini, Rodolfo Mederos","Mauricio Marcelli, Raúl Domínguez, Santiago Kutchevasky, Néstor Panik (Viola), Pedro Vidaurre (Cello)","Piano, Bass, 4 Bandoneons, 3 Violins, Viola, Cello",LP,Edición Aniversario 1905-2005,,Edicion Aniversario
Osvaldo Pugliese,Osvaldo Pugliese y su Orquesta Típica,1974-05-03,Corrales Viejos,,Milonga,Instrumental,Odeón,Tape-S,41383,,Anselmo Aieta,"Francisco Laino, Antonio Radicci",,69-90 Final Orchestra,Osvaldo Pugliese,Fernando Romano,"Arturo Penón, Daniel Binelli, Juan José Mosalini, Rodolfo Mederos","Osvaldo Monterde, Raúl Domínguez, Santiago Kutchevasky, Adrián Pucci (Viola), Pedro Vidaurre (Cello)","Piano, Bass, 4 Bandoneons, 3 Violins, Viola, Cello",LP,A Mis Compañeros,B,A Mis Compañeros
Osvaldo Pugliese,Osvaldo Pugliese y su Orquesta Típica,1974-05-03,La Canción de Buenos Aires,,Tango,Abel Córdoba,Odeón,Tape-S,41384,,"Azucena Maizani, Orestes Cúfaro",Manuel Romero,,69-90 Final Orchestra,Osvaldo Pugliese,Fernando Romano,"Arturo Penón, Daniel Binelli, Juan José Mosalini, Rodolfo Mederos","Osvaldo Monterde, Raúl Domínguez, Santiago Kutchevasky, Adrián Pucci (Viola), Pedro Vidaurre (Cello)","Piano, Bass, 4 Bandoneons, 3 Violins, Viola, Cello",LP,Mato y Voy,B,Mato y Voy
Osvaldo Pugliese,Osvaldo Pugliese y su Orquesta Típica,1974-09-27,Arrabal,,Tango,Instrumental,Odeón,Tape-S,41722,,José Pascual,,,69-90 Final Orchestra,Osvaldo Pugliese,Fernando Romano,"Arturo Penón, Daniel Binelli, Juan José Mosalini, Rodolfo Mederos","Osvaldo Monterde, Raúl Domínguez, Santiago Kutchevasky, Adrián Pucci (Viola), Pedro Vidaurre (Cello)","Piano, Bass, 4 Bandoneons, 3 Violins, Viola, Cello",,,,
Osvaldo Pugliese,Osvaldo Pugliese y su Orquesta Típica,1974-09-27,Te Quiero,,Tango,Abel Córdoba,Odeón,Tape-S,41723,,Francisco Canaro,Francisco Canaro,,69-90 Final Orchestra,Osvaldo Pugliese,Fernando Romano,"Arturo Penón, Daniel Binelli, Juan José Mosalini, Rodolfo Mederos","Osvaldo Monterde, Raúl Domínguez, Santiago Kutchevasky, Adrián Pucci (Viola), Pedro Vidaurre (Cello)","Piano, Bass, 4 Bandoneons, 3 Violins, Viola, Cello",,,,
Osvaldo Pugliese,Osvaldo Pugliese y su Orquesta Típica,1974-12-11,Callejera,,Tango,Abel Córdoba,Odeón,Tape-S,41858,,Fausto Frontera,Enrique Cadícamo,,69-90 Final Orchestra,Osvaldo Pugliese,Fernando Romano,"Arturo Penón, Daniel Binelli, Juan José Mosalini, Rodolfo Mederos","Osvaldo Monterde, Raúl Domínguez, Eduardo Malaguarnera, Adrián Pucci (Viola), Pedro Vidaurre (Cello)","Piano, Bass, 4 Bandoneons, 3 Violins, Viola, Cello",,,,
Osvaldo Pugliese,Osvaldo Pugliese y su Orquesta Típica,1974-12-11,Malena,,Tango,Instrumental,Odeón,Tape-S,41857,,Lucio Demare,Homero Manzi,,69-90 Final Orchestra,Osvaldo Pugliese,Fernando Romano,"Arturo Penón, Daniel Binelli, Juan José Mosalini, Rodolfo Mederos","Osvaldo Monterde, Raúl Domínguez, Eduardo Malaguarnera, Adrián Pucci (Viola), Pedro Vidaurre (Cello)","Piano, Bass, 4 Bandoneons, 3 Violins, Viola, Cello",,,,
Osvaldo Pugliese,Osvaldo Pugliese y su Orquesta Típica,1976-05-14,Callao Once,,Tango,Instrumental,Odeón,Tape-S,42799,,Javier Mazzea,,,69-90 Final Orchestra,Osvaldo Pugliese,Domingo Diani,"Arturo Penón, Daniel Binelli, Juan José Mosalini","Osvaldo Monterde, Raúl Domínguez, Julio Peressini, Merei Brain (Viola), Daniel Pucci (Cello)","Piano, Bass, 3 Bandoneons, 3 Violins, Viola, Cello",LP,A Mis Compañeros,A,A Mis Compañeros
Osvaldo Pugliese,Osvaldo Pugliese y su Orquesta Típica,1976-05-14,Uno,,Tango,Abel Córdoba,Odeón,Tape-S,42800,,Mariano Mores,Enrique Discépolo,,69-90 Final Orchestra,Osvaldo Pugliese,Domingo Diani,"Arturo Penón, Daniel Binelli, Juan José Mosalini","Osvaldo Monterde, Raúl Domínguez, Julio Peressini, Merei Brain (Viola), Daniel Pucci (Cello)","Piano, Bass, 3 Bandoneons, 3 Violins, Viola, Cello",,,,
Osvaldo Pugliese,Osvaldo Pugliese y su Orquesta Típica,1976-06-04,Adiós Pampa Mía,,Tango,Abel Córdoba,Odeón,Tape-S,42853,,"Francisco Canaro, Mariano Mores",Ivo Pelay,,69-90 Final Orchestra,Osvaldo Pugliese,Domingo Diani,"Arturo Penón, Daniel Binelli, Juan José Mosalini","Osvaldo Monterde, Raúl Domínguez, Julio Peressini, Merei Brain (Viola), Daniel Pucci (Cello)","Piano, Bass, 3 Bandoneons, 3 Violins, Viola, Cello",LP,Amigos,A,Amigos
Osvaldo Pugliese,Osvaldo Pugliese y su Orquesta Típica,1976-06-04,Para Eduardo Arolas,,Tango,Instrumental,Odeón,Tape-S,42852,,Osvaldo Pugliese,,,69-90 Final Orchestra,Osvaldo Pugliese,Domingo Diani,"Arturo Penón, Daniel Binelli, Juan José Mosalini","Osvaldo Monterde, Raúl Domínguez, Julio Peressini, Merei Brain (Viola), Daniel Pucci (Cello)","Piano, Bass, 3 Bandoneons, 3 Violins, Viola, Cello",LP,Edición Aniversario 1905-2005,,Edicion Aniversario
Osvaldo Pugliese,Osvaldo Pugliese y su Orquesta Típica,1976-10-13,Tiempos Viejos,Te Acordás Hermano,Tango,Abel Córdoba,Odeón,Tape-S,43165,,Francisco Canaro,Manuel Romero,,69-90 Final Orchestra,Osvaldo Pugliese,Domingo Diani,"Arturo Penón, Daniel Binelli, Juan José Mosalini, Alejandro Prevignano","Osvaldo Monterde, Raúl Domínguez, Julio Peressini, Merei Brain (Viola), Daniel Pucci (Cello)","Piano, Bass, 4 Bandoneons, 3 Violins, Viola, Cello",LP,A Mis Compañeros,B,A Mis Compañeros
Osvaldo Pugliese,Osvaldo Pugliese y su Orquesta Típica,1976-10-14,Sur,,Tango,Abel Córdoba,Odeón,Tape-S,43169,,Aníbal Troilo,Homero Manzi,,69-90 Final Orchestra,Osvaldo Pugliese,Domingo Diani,"Arturo Penón, Daniel Binelli, Juan José Mosalini, Alejandro Prevignano","Osvaldo Monterde, Raúl Domínguez, Julio Peressini, Merei Brain (Viola), Daniel Pucci (Cello)","Piano, Bass, 4 Bandoneons, 3 Violins, Viola, Cello",LP,Mato y Voy,A,Mato y Voy
Osvaldo Pugliese,Osvaldo Pugliese y su Orquesta Típica,1977-06-14,El Día Que Me Quieras,,Tango,Instrumental,Odeón,Tape-S,43554,,Carlos Gardel,Alfredo Le Pera,,69-90 Final Orchestra,Osvaldo Pugliese,Domingo Diani,"Arturo Penón, Daniel Binelli, Lisandro Adrover, Alejandro Prevignano","Osvaldo Monterde, Raúl Domínguez, Julio Peressini, Merei Brain (Viola), Daniel Pucci (Cello)","Piano, Bass, 4 Bandoneons, 3 Violins, Viola, Cello",LP,Mato y Voy,B,Mato y Voy
Osvaldo Pugliese,Osvaldo Pugliese y su Orquesta Típica,1977-06-14,Quejas de Bandoneón,,Tango,Instrumental,Odeón,Tape-S,43553,,Juan Filiberto,,,69-90 Final Orchestra,Osvaldo Pugliese,Domingo Diani,"Arturo Penón, Daniel Binelli, Lisandro Adrover, Alejandro Prevignano","Osvaldo Monterde, Raúl Domínguez, Julio Peressini, Merei Brain (Viola), Daniel Pucci (Cello)","Piano, Bass, 4 Bandoneons, 3 Violins, Viola, Cello",LP,Mato y Voy,A,Mato y Voy
Osvaldo Pugliese,Osvaldo Pugliese y su Orquesta Típica,1977-10-20,Los Mareados,,Tango,Instrumental,Odeón,Tape-S,43857,,Juan Cobián,Enrique Cadícamo,,69-90 Final Orchestra,Osvaldo Pugliese,Domingo Diani,"Arturo Penón, Daniel Binelli, Lisandro Adrover, Alejandro Prevignano","Osvaldo Monterde, Raúl Domínguez, Julio Peressini, Merei Brain (Viola), Daniel Pucci (Cello)","Piano, Bass, 4 Bandoneons, 3 Violins, Viola, Cello",LP,Mato y Voy,A,Mato y Voy
Osvaldo Pugliese,Osvaldo Pugliese y su Orquesta Típica,1977-10-20,Mentira,,Tango,Nelly Vázquez,Odeón,Tape-S,43858,,Francisco Pracánico,Celedonio Flores,,69-90 Final Orchestra,Osvaldo Pugliese,Domingo Diani,"Arturo Penón, Daniel Binelli, Lisandro Adrover, Alejandro Prevignano","Osvaldo Monterde, Raúl Domínguez, Julio Peressini, Merei Brain (Viola), Daniel Pucci (Cello)","Piano, Bass, 4 Bandoneons, 3 Violins, Viola, Cello",LP,Edición Aniversario 1905-2005,,Edicion Aniversario
Osvaldo Pugliese,Osvaldo Pugliese y su Orquesta Típica,1978-12-20,El Africano,,Tango,Instrumental,Odeón,Tape-S,44483,,Eduardo Pereyra,Francisco Lío,,69-90 Final Orchestra,Osvaldo Pugliese,Domingo Diani,"Arturo Penón, Daniel Binelli, Roberto Alvarez, Alejandro Prevignano","Osvaldo Monterde, Raúl Domínguez, Julio Peressini, Merei Brain (Viola), Silvio Pucci (Cello)","Piano, Bass, 4 Bandoneons, 3 Violins, Viola, Cello",LP,Mato y Voy,B,Mato y Voy
Osvaldo Pugliese,Osvaldo Pugliese y su Orquesta Típica,1978-12-20,El Japanga,,Tango,Instrumental,Odeón,Tape-S,44484,,Osvaldo Pugliese,,,69-90 Final Orchestra,Osvaldo Pugliese,Domingo Diani,"Arturo Penón, Daniel Binelli, Roberto Alvarez, Alejandro Prevignano","Osvaldo Monterde, Raúl Domínguez, Julio Peressini, Merei Brain (Viola), Silvio Pucci (Cello)","Piano, Bass, 4 Bandoneons, 3 Violins, Viola, Cello",LP,Mato y Voy,B,Mato y Voy
Osvaldo Pugliese,Osvaldo Pugliese y su Orquesta Típica,1978-12-20,Mato y Voy,,Tango,Instrumental,Odeón,Tape-S,44485,,Ernesto Baffa,,,69-90 Final Orchestra,Osvaldo Pugliese,Domingo Diani,"Arturo Penón, Daniel Binelli, Roberto Alvarez, Alejandro Prevignano","Osvaldo Monterde, Raúl Domínguez, Julio Peressini, Merei Brain (Viola), Silvio Pucci (Cello)","Piano, Bass, 4 Bandoneons, 3 Violins, Viola, Cello",LP,Mato y Voy,A,Mato y Voy
Osvaldo Pugliese,Osvaldo Pugliese y su Orquesta Típica,1979-12-27,Berretín,,Tango,Instrumental,Odeón,Tape-S,45052,,Pedro Laurenz,Enrique Cadícamo,,69-90 Final Orchestra,Osvaldo Pugliese,Amílcar Tolosa,"Arturo Penón, Daniel Binelli, Roberto Alvarez, Alejandro Prevignano","Osvaldo Monterde, Raúl Domínguez, Julio Peressini, Merei Brain (Viola), Silvio Pucci (Cello)","Piano, Bass, 4 Bandoneons, 3 Violins, Viola, Cello",LP,Desde El Alma,B,Desde El Alma
Osvaldo Pugliese,Osvaldo Pugliese y su Orquesta Típica,1979-12-27,Desde el Alma,,Vals,Instrumental,Odeón,Tape-S,45050,,Rosita Melo,"Víctor Vélez, Homero Manzi",,69-90 Final Orchestra,Osvaldo Pugliese,Amílcar Tolosa,"Arturo Penón, Daniel Binelli, Roberto Alvarez, Alejandro Prevignano","Osvaldo Monterde, Raúl Domínguez, Julio Peressini, Merei Brain (Viola), Silvio Pucci (Cello)","Piano, Bass, 4 Bandoneons, 3 Violins, Viola, Cello",LP,Desde El Alma,A,Desde El Alma
Osvaldo Pugliese,Osvaldo Pugliese y su Orquesta Típica,1979-12-27,Madrugados Bien Temprano,,Tango,Instrumental,Odeón,Tape-S,45049,,Osvaldo Pugliese,,,69-90 Final Orchestra,Osvaldo Pugliese,Amílcar Tolosa,"Arturo Penón, Daniel Binelli, Roberto Alvarez, Alejandro Prevignano","Osvaldo Monterde, Raúl Domínguez, Julio Peressini, Merei Brain (Viola), Silvio Pucci (Cello)","Piano, Bass, 4 Bandoneons, 3 Violins, Viola, Cello",LP,Desde El Alma,A,Desde El Alma
Osvaldo Pugliese,Osvaldo Pugliese y su Orquesta Típica,1979-12-27,Mi Noche Triste,,Tango,Instrumental,Odeón,Tape-S,45051,,Samuel Castriota,Pascual Contursi,,69-90 Final Orchestra,Osvaldo Pugliese,Amílcar Tolosa,"Arturo Penón, Daniel Binelli, Roberto Alvarez, Alejandro Prevignano","Osvaldo Monterde, Raúl Domínguez, Julio Peressini, Merei Brain (Viola), Silvio Pucci (Cello)","Piano, Bass, 4 Bandoneons, 3 Violins, Viola, Cello",LP,Desde El Alma,B,Desde El Alma
Osvaldo Pugliese,Osvaldo Pugliese y su Orquesta Típica,1979-12-27,Parlamento,,Tango,Instrumental,Odeón,Tape-S,45048,,Julio De Caro,Richard Russo,,69-90 Final Orchestra,Osvaldo Pugliese,Amílcar Tolosa,"Arturo Penón, Daniel Binelli, Roberto Alvarez, Alejandro Prevignano","Osvaldo Monterde, Raúl Domínguez, Julio Peressini, Merei Brain (Viola), Silvio Pucci (Cello)","Piano, Bass, 4 Bandoneons, 3 Violins, Viola, Cello",LP,Desde El Alma,A,Desde El Alma
Osvaldo Pugliese,Osvaldo Pugliese y su Orquesta Típica,1980-06-03,A un Artista Plástico,,Tango,Instrumental,Odeón,Tape-S,,,Arturo Penón,,,69-90 Final Orchestra,Osvaldo Pugliese,Amílcar Tolosa,"Arturo Penón, Daniel Binelli, Roberto Alvarez, Alejandro Prevignano","Osvaldo Monterde, Raúl Domínguez, Julio Peressini, Merei Brain (Viola), Silvio Pucci (Cello)","Piano, Bass, 4 Bandoneons, 3 Violins, Viola, Cello",,,,
Osvaldo Pugliese,Osvaldo Pugliese y su Orquesta Típica,1980-06-03,Tengo Calle,,Tango,Instrumental,Odeón,Tape-S,45263,,Silvio Pucci,,,69-90 Final Orchestra,Osvaldo Pugliese,Amílcar Tolosa,"Arturo Penón, Daniel Binelli, Roberto Alvarez, Alejandro Prevignano","Osvaldo Monterde, Raúl Domínguez, Julio Peressini, Merei Brain (Viola), Silvio Pucci (Cello)","Piano, Bass, 4 Bandoneons, 3 Violins, Viola, Cello",LP,Desde El Alma,B,Desde El Alma
Osvaldo Pugliese,Osvaldo Pugliese y su Orquesta Típica,1980-09-10,Cuando Tallan los Recuerdos,,Tango,Instrumental,Odeón,Tape-S,45453,,Rafael Rossi,Enrique Cadícamo,,69-90 Final Orchestra,Osvaldo Pugliese,Amílcar Tolosa,"Arturo Penón, Daniel Binelli, Roberto Alvarez, Alejandro Prevignano","Osvaldo Monterde, Raúl Domínguez, Julio Peressini, Merei Brain (Viola), Silvio Pucci (Cello)","Piano, Bass, 4 Bandoneons, 3 Violins, Viola, Cello",LP,Desde El Alma,A,Desde El Alma
Osvaldo Pugliese,Osvaldo Pugliese y su Orquesta Típica,1980-09-10,De Pura Cepa,,Milonga,Instrumental,Odeón,Tape-S,45452,,"José Ceglie, Antonio Molina",Osvaldo Cordero,,69-90 Final Orchestra,Osvaldo Pugliese,Amílcar Tolosa,"Arturo Penón, Daniel Binelli, Roberto Alvarez, Alejandro Prevignano","Osvaldo Monterde, Raúl Domínguez, Julio Peressini, Merei Brain (Viola), Silvio Pucci (Cello)","Piano, Bass, 4 Bandoneons, 3 Violins, Viola, Cello",LP,Desde El Alma,B,Desde El Alma
Osvaldo Pugliese,Osvaldo Pugliese y su Orquesta Típica,1980-09-10,Montaraz,,Tango,Instrumental,Odeón,Tape-S,45454,,Vicente Greco,,,69-90 Final Orchestra,Osvaldo Pugliese,Amílcar Tolosa,"Arturo Penón, Daniel Binelli, Roberto Alvarez, Alejandro Prevignano","Osvaldo Monterde, Raúl Domínguez, Julio Peressini, Merei Brain (Viola), Silvio Pucci (Cello)","Piano, Bass, 4 Bandoneons, 3 Violins, Viola, Cello",LP,Desde El Alma,A,Desde El Alma
Osvaldo Pugliese,Osvaldo Pugliese y su Orquesta Típica,1980-09-10,Recién,,Tango,Abel Córdoba,Odeón,Tape-S,45455,,Osvaldo Pugliese,Homero Manzi,,69-90 Final Orchestra,Osvaldo Pugliese,Amílcar Tolosa,"Arturo Penón, Daniel Binelli, Roberto Alvarez, Alejandro Prevignano","Osvaldo Monterde, Raúl Domínguez, Julio Peressini, Merei Brain (Viola), Silvio Pucci (Cello)","Piano, Bass, 4 Bandoneons, 3 Violins, Viola, Cello",LP,Pa` Los Medicos,B,Pa` Los Medicos
Osvaldo Pugliese,Osvaldo Pugliese y su Orquesta Típica,1981-07-01,Quinto Año,,Tango,Adrián Guida,Odeón,Tape-S,45881,,Osvaldo Tarantino,Juanca Tavera,,69-90 Final Orchestra,Osvaldo Pugliese,Amílcar Tolosa,"Arturo Penón, Daniel Binelli, Roberto Alvarez, Alejandro Prevignano","Osvaldo Monterde, Raúl Domínguez, Julio Peressini, Merei Brain (Viola), Silvio Pucci (Cello)","Piano, Bass, 4 Bandoneons, 3 Violins, Viola, Cello",LP,Futuro,B,Futuro
Osvaldo Pugliese,Osvaldo Pugliese y su Orquesta Típica,1981-07-01,Tiempo de Tranvías,,Tango,Abel Córdoba,Odeón,Tape-S,45882,,Raúl Garello,Héctor Negro,,69-90 Final Orchestra,Osvaldo Pugliese,Amílcar Tolosa,"Arturo Penón, Daniel Binelli, Roberto Alvarez, Alejandro Prevignano","Osvaldo Monterde, Raúl Domínguez, Julio Peressini, Merei Brain (Viola), Silvio Pucci (Cello)","Piano, Bass, 4 Bandoneons, 3 Violins, Viola, Cello",LP,Futuro,A,Futuro
Osvaldo Pugliese,Osvaldo Pugliese y su Orquesta Típica,1981-07-08,Cómo Se Pianta la Vida,,Tango,Abel Córdoba,Odeón,Tape-S,45892,,Carlos Viván,Carlos Viván,,69-90 Final Orchestra,Osvaldo Pugliese,Amílcar Tolosa,"Arturo Penón, Daniel Binelli, Roberto Alvarez, Alejandro Prevignano","Osvaldo Monterde, Raúl Domínguez, Julio Peressini, Merei Brain (Viola), Silvio Pucci (Cello)","Piano, Bass, 4 Bandoneons, 3 Violins, Viola, Cello",LP,Pa` Los Medicos,A,Pa` Los Medicos
Osvaldo Pugliese,Osvaldo Pugliese y su Orquesta Típica,1981-07-17,Cómo Te Parecés a Mi Guitarra,,Milonga,Adrián Guida,Odeón,Tape-S,45906,,Nicolás D'Alessandro,Salvador D'Alessandro,,69-90 Final Orchestra,Osvaldo Pugliese,Amílcar Tolosa,"Arturo Penón, Daniel Binelli, Roberto Alvarez, Alejandro Prevignano","Osvaldo Monterde, Raúl Domínguez, Julio Peressini, Merei Brain (Viola), Silvio Pucci (Cello)","Piano, Bass, 4 Bandoneons, 3 Violins, Viola, Cello",LP,Pa` Los Medicos,B,Pa` Los Medicos
Osvaldo Pugliese,Osvaldo Pugliese y su Orquesta Típica,1981-07-17,Madrugada Porteña,,Tango,Eduardo Espinoza,Odeón,Tape-S,45905,,José Libertella,Orlando Punzi,,69-90 Final Orchestra,Osvaldo Pugliese,Amílcar Tolosa,"Arturo Penón, Daniel Binelli, Roberto Alvarez, Alejandro Prevignano","Osvaldo Monterde, Raúl Domínguez, Julio Peressini, Merei Brain (Viola), Silvio Pucci (Cello)","Piano, Bass, 4 Bandoneons, 3 Violins, Viola, Cello",LP,Futuro,B,Futuro
Osvaldo Pugliese,Osvaldo Pugliese y su Orquesta Típica,1981-07-29,Contame una Historia,,Tango,Hernán Salinas,Odeón,Tape-S,45922,,Eladia Blázquez,Mario Iaquinandi,,69-90 Final Orchestra,Osvaldo Pugliese,Amílcar Tolosa,"Arturo Penón, Daniel Binelli, Roberto Alvarez, Alejandro Prevignano","Osvaldo Monterde, Raúl Domínguez, Julio Peressini, Merei Brain (Viola), Silvio Pucci (Cello)","Piano, Bass, 4 Bandoneons, 3 Violins, Viola, Cello",LP,Futuro,B,Futuro
Osvaldo Pugliese,Osvaldo Pugliese y su Orquesta Típica,1981-07-29,Juan Pueblo,,Tango,Instrumental,Odeón,Tape-S,45921,,Ismael Spitalnik,,,69-90 Final Orchestra,Osvaldo Pugliese,Amílcar Tolosa,"Arturo Penón, Daniel Binelli, Roberto Alvarez, Alejandro Prevignano","Osvaldo Monterde, Raúl Domínguez, Julio Peressini, Merei Brain (Viola), Silvio Pucci (Cello)","Piano, Bass, 4 Bandoneons, 3 Violins, Viola, Cello",LP,Pa` Los Medicos,A,Pa` Los Medicos
Osvaldo Pugliese,Osvaldo Pugliese y su Orquesta Típica,1981-08-01,Después,,Tango,Abel Córdoba,Odeón,Tape-S,45882,,Hugo Gutiérrez,Homero Manzi,,69-90 Final Orchestra,Osvaldo Pugliese,Amílcar Tolosa,"Arturo Penón, Daniel Binelli, Roberto Alvarez, Alejandro Prevignano","Osvaldo Monterde, Raúl Domínguez, Julio Peressini, Merei Brain (Viola), Silvio Pucci (Cello)","Piano, Bass, 4 Bandoneons, 3 Violins, Viola, Cello",LP,Recuerdo,B,Recuerdo
Osvaldo Pugliese,Osvaldo Pugliese y su Orquesta Típica,1981-12-03,La Piel de Buenos Aires,,Tango,Jorge Guillermo,Odeón,Tape-S,46082,,Pedro Ortiz,Javier Mazzea,,69-90 Final Orchestra,Osvaldo Pugliese,Amílcar Tolosa,"Arturo Penón, Daniel Binelli, Roberto Alvarez, Alejandro Prevignano","Osvaldo Monterde, Raúl Domínguez, Julio Peressini, Merei Brain (Viola), Silvio Pucci (Cello)","Piano, Bass, 4 Bandoneons, 3 Violins, Viola, Cello",LP,Futuro,A,Futuro
Osvaldo Pugliese,Osvaldo Pugliese y su Orquesta Típica,1981-12-03,Mi Viejo Es Amigo Mío,,Milonga,Guillermo Galvé,Odeón,Tape-S,46083,,Horacio Quintana,Julio Martín,,69-90 Final Orchestra,Osvaldo Pugliese,Amílcar Tolosa,"Arturo Penón, Daniel Binelli, Roberto Alvarez, Alejandro Prevignano","Osvaldo Monterde, Raúl Domínguez, Julio Peressini, Merei Brain (Viola), Silvio Pucci (Cello)","Piano, Bass, 4 Bandoneons, 3 Violins, Viola, Cello",LP,Futuro,A,Futuro
Osvaldo Pugliese,Osvaldo Pugliese y su Orquesta Típica,1981-12-23,Volver,,Tango,Adrián Guida,Odeón,Tape-S,46106,,Carlos Gardel,Alfredo Le Pera,,69-90 Final Orchestra,Osvaldo Pugliese,Amílcar Tolosa,"Arturo Penón, Daniel Binelli, Roberto Alvarez, Alejandro Prevignano","Osvaldo Monterde, Raúl Domínguez, Julio Peressini, Merei Brain (Viola), Silvio Pucci (Cello)","Piano, Bass, 4 Bandoneons, 3 Violins, Viola, Cello",LP,Pa` Los Medicos,A,Pa` Los Medicos
Osvaldo Pugliese,Osvaldo Pugliese y su Orquesta Típica,1981-12-23,Y No Puedo Olvidarte,,Tango,María Graña,Odeón,Tape-S,46107,,Armando Cupo,Abel Aznar,,69-90 Final Orchestra,Osvaldo Pugliese,Amílcar Tolosa,"Arturo Penón, Daniel Binelli, Roberto Alvarez, Alejandro Prevignano","Osvaldo Monterde, Raúl Domínguez, Julio Peressini, Merei Brain (Viola), Silvio Pucci (Cello)","Piano, Bass, 4 Bandoneons, 3 Violins, Viola, Cello",LP,Futuro,A,Futuro
Osvaldo Pugliese,Osvaldo Pugliese y su Orquesta Típica,1982-05-31,Son y Serán Argentinas,,Tango,Adrián Guida,Odeón,Tape-S,46221,,Sebastián Piana,Gallardo Sarmiento,,69-90 Final Orchestra,Osvaldo Pugliese,Amílcar Tolosa,"Daniel Binelli, Roberto Alvarez, Alejandro Prevignano","Osvaldo Monterde, Raúl Domínguez, Julio Peressini, Merei Brain (Viola), Silvio Pucci (Cello)","Piano, Bass, 3 Bandoneons, 3 Violins, Viola, Cello",LP,Recuerdo,B,Recuerdo
Osvaldo Pugliese,Osvaldo Pugliese y su Orquesta Típica,1982-05-31,Verdenuevo,,Tango,Instrumental,Odeón,Tape-S,46220,,Raúl Garello,,,69-90 Final Orchestra,Osvaldo Pugliese,Amílcar Tolosa,"Daniel Binelli, Roberto Alvarez, Alejandro Prevignano","Osvaldo Monterde, Raúl Domínguez, Julio Peressini, Merei Brain (Viola), Silvio Pucci (Cello)","Piano, Bass, 3 Bandoneons, 3 Violins, Viola, Cello",LP,Pa` Los Medicos,B,Pa` Los Medicos
Osvaldo Pugliese,Osvaldo Pugliese y su Orquesta Típica,1982-06-30,Cordón,,Tango,José Ángel Trelles,Odeón,Tape-S,46254,,Chico Novarro,Chico Novarro,,69-90 Final Orchestra,Osvaldo Pugliese,Amílcar Tolosa,"Daniel Binelli, Roberto Alvarez, Alejandro Prevignano","Osvaldo Monterde, Raúl Domínguez, Julio Peressini, Merei Brain (Viola), Silvio Pucci (Cello)","Piano, Bass, 3 Bandoneons, 3 Violins, Viola, Cello",LP,Futuro,B,Futuro
Osvaldo Pugliese,Osvaldo Pugliese y su Orquesta Típica,1982-06-30,Mi Bandoneón y Yo,Crecimos Juntos,Tango,Gustavo Nocetti,Odeón,Tape-S,46253,,Rubén Juárez,Julio Martín,,69-90 Final Orchestra,Osvaldo Pugliese,Amílcar Tolosa,"Daniel Binelli, Roberto Alvarez, Alejandro Prevignano","Osvaldo Monterde, Raúl Domínguez, Julio Peressini, Merei Brain (Viola), Silvio Pucci (Cello)","Piano, Bass, 3 Bandoneons, 3 Violins, Viola, Cello",LP,Futuro,A,Futuro
Osvaldo Pugliese,Osvaldo Pugliese y su Orquesta Típica,1982-08-03,De Espaldas,,Tango,Abel Córdoba,Odeón,Tape-S,,,Rubén Juárez,Julio Martín,,69-90 Final Orchestra,Osvaldo Pugliese,Amílcar Tolosa,"Daniel Binelli, Roberto Alvarez, Alejandro Prevignano","Osvaldo Monterde, Raúl Domínguez, Julio Peressini, Merei Brain (Viola), Silvio Pucci (Cello)","Piano, Bass, 3 Bandoneons, 3 Violins, Viola, Cello",LP,Recuerdo,B,Recuerdo
Osvaldo Pugliese,Osvaldo Pugliese y su Orquesta Típica,1982-08-03,Racconto,,Tango,Instrumental,Odeón,Tape-S,46265,,Carlos García,Margarita Durán,,69-90 Final Orchestra,Osvaldo Pugliese,Amílcar Tolosa,"Daniel Binelli, Roberto Alvarez, Alejandro Prevignano","Osvaldo Monterde, Raúl Domínguez, Julio Peressini, Merei Brain (Viola), Silvio Pucci (Cello)","Piano, Bass, 3 Bandoneons, 3 Violins, Viola, Cello",LP,Pa` Los Medicos,B,Pa` Los Medicos
Osvaldo Pugliese,Osvaldo Pugliese y su Orquesta Típica,1982-09-03,Esta Es Mi Ciudad,,Tango,Patricia Lasala,Odeón,Tape-S,46312,,Osvaldo Requena,Julián Centeya,,69-90 Final Orchestra,Osvaldo Pugliese,Amílcar Tolosa,"Daniel Binelli, Roberto Alvarez, Alejandro Prevignano","Osvaldo Monterde, Raúl Domínguez, Julio Peressini, Merei Brain (Viola), Silvio Pucci (Cello)","Piano, Bass, 3 Bandoneons, 3 Violins, Viola, Cello",LP,Futuro,B,Futuro
Osvaldo Pugliese,Osvaldo Pugliese y su Orquesta Típica,1982-09-03,Pa' los Medicos,,Tango,Instrumental,Odeón,Tape-S,46311,,Osvaldo Pugliese,,,69-90 Final Orchestra,Osvaldo Pugliese,Amílcar Tolosa,"Daniel Binelli, Roberto Alvarez, Alejandro Prevignano","Osvaldo Monterde, Raúl Domínguez, Julio Peressini, Merei Brain (Viola), Silvio Pucci (Cello)","Piano, Bass, 3 Bandoneons, 3 Violins, Viola, Cello",LP,Pa` Los Medicos,A,Pa` Los Medicos
Osvaldo Pugliese,Osvaldo Pugliese y su Orquesta Típica,1982-11-15,A Mí Me Copa el Tango,,Tango,Abel Córdoba,Odeón,Tape-S,,,Diana Claret,Renée Díaz,,69-90 Final Orchestra,Osvaldo Pugliese,Amílcar Tolosa,"Daniel Binelli, Roberto Alvarez, Alejandro Prevignano","Osvaldo Monterde, Raúl Domínguez, Julio Peressini, Merei Brain (Viola), Silvio Pucci (Cello)","Piano, Bass, 3 Bandoneons, 3 Violins, Viola, Cello",LP,Pa` Los Medicos,B,Pa` Los Medicos
Osvaldo Pugliese,Osvaldo Pugliese y su Orquesta Típica,1982-11-15,Chacabuqueando,,Tango,Instrumental,Odeón,Tape-S,,,Roberto Álvarez,,,69-90 Final Orchestra,Osvaldo Pugliese,Amílcar Tolosa,"Daniel Binelli, Roberto Alvarez, Alejandro Prevignano","Osvaldo Monterde, Raúl Domínguez, Julio Peressini, Merei Brain (Viola), Silvio Pucci (Cello)","Piano, Bass, 3 Bandoneons, 3 Violins, Viola, Cello",LP,Pa` Los Medicos,A,Pa` Los Medicos
Osvaldo Pugliese,Osvaldo Pugliese y su Orquesta Típica,1984-10-16,Preguntas Para Mi Viejo,,Tango,Abel Córdoba,Odeón,Tape-S,,,Arturo Penón,Héctor Negro,,69-90 Final Orchestra,Osvaldo Pugliese,Amílcar Tolosa,"Roberto Alvarez, Alejandro Prevignano, Fabio Lapinta","Osvaldo Monterde, Gabriel Rivas, Diego Lerendegui, Fernando Rodríguez, Merei Brain (Viola), Silvio Pucci (Cello)","Piano, Bass, 3 Bandoneons, 4 Violins, Viola, Cello",LP,50 Años,A,50 Años
Osvaldo Pugliese,Osvaldo Pugliese y su Orquesta Típica,1984-10-16,Toda Mi Vida,,Tango,Instrumental,Odeón,Tape-S,,,Aníbal Troilo,José Contursi,,69-90 Final Orchestra,Osvaldo Pugliese,Amílcar Tolosa,"Roberto Alvarez, Alejandro Prevignano, Fabio Lapinta","Osvaldo Monterde, Gabriel Rivas, Diego Lerendegui, Fernando Rodríguez, Merei Brain (Viola), Silvio Pucci (Cello)","Piano, Bass, 3 Bandoneons, 4 Violins, Viola, Cello",LP,Recuerdo,A,Recuerdo
Osvaldo Pugliese,Osvaldo Pugliese y su Orquesta Típica,1985-04-25,Recuerdo,,Tango,Instrumental,Odeón,Tape-S,,,Eduardo Moreno,,,69-90 Final Orchestra,Osvaldo Pugliese,Amílcar Tolosa,"Roberto Alvarez, Alejandro Prevignano, Fabio Lapinta","Osvaldo Monterde, Gabriel Rivas, Diego Lerendegui, Fernando Rodríguez, Merei Brain (Viola), Silvio Pucci (Cello)","Piano, Bass, 3 Bandoneons, 4 Violins, Viola, Cello",,,,
Osvaldo Pugliese,Osvaldo Pugliese y su Orquesta Típica,1985-04-30,Calor de Hogar,,Tango,Adrián Guida,Odeón,Tape-S,,,Eugenio Carrere,Jesús Blanco,,69-90 Final Orchestra,Osvaldo Pugliese,Amílcar Tolosa,"Roberto Alvarez, Alejandro Prevignano, Fabio Lapinta","Osvaldo Monterde, Gabriel Rivas, Diego Lerendegui, Fernando Rodríguez, Merei Brain (Viola), Silvio Pucci (Cello)","Piano, Bass, 3 Bandoneons, 4 Violins, Viola, Cello",LP,50 Años,B,50 Años
Osvaldo Pugliese,Osvaldo Pugliese y su Orquesta Típica,1985-04-30,Guardia Vieja 4049,,Tango,Instrumental,Odeón,Tape-S,,,Armando Lacava,,,69-90 Final Orchestra,Osvaldo Pugliese,Amílcar Tolosa,"Roberto Alvarez, Alejandro Prevignano, Fabio Lapinta","Osvaldo Monterde, Gabriel Rivas, Diego Lerendegui, Fernando Rodríguez, Merei Brain (Viola), Silvio Pucci (Cello)","Piano, Bass, 3 Bandoneons, 4 Violins, Viola, Cello",,,,
Osvaldo Pugliese,Osvaldo Pugliese y su Orquesta Típica,1985-04-30,Milonga Para Gardel,,Milonga,Córdoba Y Guida,Odeón,Tape-S,,,Carlos Viván,Horacio Sanguinetti,,69-90 Final Orchestra,Osvaldo Pugliese,Amílcar Tolosa,"Roberto Alvarez, Alejandro Prevignano, Fabio Lapinta","Osvaldo Monterde, Gabriel Rivas, Diego Lerendegui, Fernando Rodríguez, Merei Brain (Viola), Silvio Pucci (Cello)","Piano, Bass, 3 Bandoneons, 4 Violins, Viola, Cello",LP,Recuerdo,B,Recuerdo
Osvaldo Pugliese,Osvaldo Pugliese y su Orquesta Típica,1985-05-21,Andrés Selpa,,Tango,Instrumental,Odeón,Tape-S,,,Osvaldo Pugliese,,,69-90 Final Orchestra,Osvaldo Pugliese,Amílcar Tolosa,"Roberto Alvarez, Alejandro Prevignano, Fabio Lapinta","Osvaldo Monterde, Gabriel Rivas, Diego Lerendegui, Fernando Rodríguez, Merei Brain (Viola), Silvio Pucci (Cello)","Piano, Bass, 3 Bandoneons, 4 Violins, Viola, Cello",LP,50 Años,A,50 Años
Osvaldo Pugliese,Osvaldo Pugliese y su Orquesta Típica,1985-05-21,Pa' Lo Que Te Va Durar,,Tango,Abel Córdoba,Odeón,Tape-S,,,Guillermo Barbieri,Celedonio Flores,,69-90 Final Orchestra,Osvaldo Pugliese,Amílcar Tolosa,"Roberto Alvarez, Alejandro Prevignano, Fabio Lapinta","Osvaldo Monterde, Gabriel Rivas, Diego Lerendegui, Fernando Rodríguez, Merei Brain (Viola), Silvio Pucci (Cello)","Piano, Bass, 3 Bandoneons, 4 Violins, Viola, Cello",LP,50 Años,B,50 Años
Osvaldo Pugliese,Osvaldo Pugliese y su Orquesta Típica,1985-06-28,Copacabana,Nido de Amor,Tango,Instrumental,Odeón,Tape-S,,,Julio De Caro,Antonio Penadés,,69-90 Final Orchestra,Osvaldo Pugliese,Amílcar Tolosa,"Roberto Alvarez, Alejandro Prevignano, Fabio Lapinta","Osvaldo Monterde, Gabriel Rivas, Diego Lerendegui, Fernando Rodríguez, Merei Brain (Viola), Silvio Pucci (Cello)","Piano, Bass, 3 Bandoneons, 4 Violins, Viola, Cello",LP,Recuerdo,A,Recuerdo
Osvaldo Pugliese,Osvaldo Pugliese y su Orquesta Típica,1985-06-28,Reencuentro de Amor,,Tango,Adrián Guida,Odeón,Tape-S,,,,,,69-90 Final Orchestra,Osvaldo Pugliese,Amílcar Tolosa,"Roberto Alvarez, Alejandro Prevignano, Fabio Lapinta","Osvaldo Monterde, Gabriel Rivas, Diego Lerendegui, Fernando Rodríguez, Merei Brain (Viola), Silvio Pucci (Cello)","Piano, Bass, 3 Bandoneons, 4 Violins, Viola, Cello",,,,
Osvaldo Pugliese,Osvaldo Pugliese y su Orquesta Típica,1985-11-11,El Encopao,,Tango,Instrumental,Odeón,Tape-S,,,Osvaldo Pugliese,Enrique Dizeo,,69-90 Final Orchestra,Osvaldo Pugliese,Amílcar Tolosa,"Roberto Alvarez, Alejandro Prevignano, Fabio Lapinta","Osvaldo Monterde, Gabriel Rivas, Diego Lerendegui, Fernando Rodríguez, Merei Brain (Viola), Silvio Pucci (Cello)","Piano, Bass, 3 Bandoneons, 4 Violins, Viola, Cello",LP,Edición Aniversario 1905-2005,,Edicion Aniversario
Osvaldo Pugliese,Osvaldo Pugliese y su Orquesta Típica,1985-11-11,Melodía de Arrabal,,Tango,Abel Córdoba,Odeón,Tape-S,,,Carlos Gardel,"Alfredo Le Pera, Mario Battistella",,69-90 Final Orchestra,Osvaldo Pugliese,Amílcar Tolosa,"Roberto Alvarez, Alejandro Prevignano, Fabio Lapinta","Osvaldo Monterde, Gabriel Rivas, Diego Lerendegui, Fernando Rodríguez, Merei Brain (Viola), Silvio Pucci (Cello)","Piano, Bass, 3 Bandoneons, 4 Violins, Viola, Cello",,,,
Osvaldo Pugliese,Osvaldo Pugliese y su Orquesta Típica,1985-11-15,Almagro,,Tango,Adrián Guida,Odeón,Tape-S,,,Vicente Lorenzo,Antonio Polito,,69-90 Final Orchestra,Osvaldo Pugliese,Amílcar Tolosa,"Roberto Alvarez, Alejandro Prevignano, Fabio Lapinta","Osvaldo Monterde, Gabriel Rivas, Diego Lerendegui, Fernando Rodríguez, Merei Brain (Viola), Silvio Pucci (Cello)","Piano, Bass, 3 Bandoneons, 4 Violins, Viola, Cello",LP,50 Años,A,50 Años
Osvaldo Pugliese,Osvaldo Pugliese y su Orquesta Típica,1985-11-15,Protocoleando,,Tango,Instrumental,Odeón,Tape-S,,,Osvaldo Pugliese,,,69-90 Final Orchestra,Osvaldo Pugliese,Amílcar Tolosa,"Roberto Alvarez, Alejandro Prevignano, Fabio Lapinta","Osvaldo Monterde, Gabriel Rivas, Diego Lerendegui, Fernando Rodríguez, Merei Brain (Viola), Silvio Pucci (Cello)","Piano, Bass, 3 Bandoneons, 4 Violins, Viola, Cello",LP,Recuerdo,A,Recuerdo
Osvaldo Pugliese,Osvaldo Pugliese y su Orquesta Típica,1986-04-21,Por Unos Ojos Negros,,Tango,Abel Córdoba,Odeón,Tape-S,,,José Dames,Horacio Sanguinetti,,69-90 Final Orchestra,Osvaldo Pugliese,Amílcar Tolosa,"Roberto Alvarez, Alejandro Prevignano, Fabio Lapinta","Osvaldo Monterde, Gabriel Rivas, Diego Lerendegui, Fernando Rodríguez, Merei Brain (Viola), Silvio Pucci (Cello)","Piano, Bass, 3 Bandoneons, 4 Violins, Viola, Cello",LP,50 Años,A,50 Años
Osvaldo Pugliese,Osvaldo Pugliese y su Orquesta Típica,1986-04-21,Vieja Amiga,,Tango,Adrián Guida,Odeón,Tape-S,,,Pedro Laurenz,José Contursi,,69-90 Final Orchestra,Osvaldo Pugliese,Amílcar Tolosa,"Roberto Alvarez, Alejandro Prevignano, Fabio Lapinta","Osvaldo Monterde, Gabriel Rivas, Diego Lerendegui, Fernando Rodríguez, Merei Brain (Viola), Silvio Pucci (Cello)","Piano, Bass, 3 Bandoneons, 4 Violins, Viola, Cello",LP,Recuerdo,B,Recuerdo
Osvaldo Pugliese,Osvaldo Pugliese y su Orquesta Típica,1986-06-18,Aquel Encuentro,,Tango,Córdoba Y Guida,Odeón,Tape-S,,,Roberto Caló,Federico Saniez,,69-90 Final Orchestra,Osvaldo Pugliese,Amílcar Tolosa,"Roberto Alvarez, Alejandro Prevignano, Fabio Lapinta","Osvaldo Monterde, Gabriel Rivas, Diego Lerendegui, Fernando Rodríguez, Merei Brain (Viola), Silvio Pucci (Cello)","Piano, Bass, 3 Bandoneons, 4 Violins, Viola, Cello",LP,50 Años,B,50 Años
Osvaldo Pugliese,Osvaldo Pugliese y su Orquesta Típica,1986-06-18,Elegante Papirusa,,Tango,Instrumental,Odeón,Tape-S,,,David Roccatagliata,Sandalio Gómez,,69-90 Final Orchestra,Osvaldo Pugliese,Amílcar Tolosa,"Roberto Alvarez, Alejandro Prevignano, Fabio Lapinta","Osvaldo Monterde, Gabriel Rivas, Diego Lerendegui, Fernando Rodríguez, Merei Brain (Viola), Silvio Pucci (Cello)","Piano, Bass, 3 Bandoneons, 4 Violins, Viola, Cello",LP,50 Años,A,50 Años
Osvaldo Pugliese,Osvaldo Pugliese y su Orquesta Típica,1986-06-18,Suerte Loca,,Tango,Instrumental,Odeón,Tape-S,,,Anselmo Aieta,Francisco Jiménez,,69-90 Final Orchestra,Osvaldo Pugliese,Amílcar Tolosa,"Roberto Alvarez, Alejandro Prevignano, Fabio Lapinta","Osvaldo Monterde, Gabriel Rivas, Diego Lerendegui, Fernando Rodríguez, Merei Brain (Viola), Silvio Pucci (Cello)","Piano, Bass, 3 Bandoneons, 4 Violins, Viola, Cello",LP,50 Años,B,50 Años
Osvaldo Pugliese,Osvaldo Pugliese y su Orquesta Típica,1986-11-10,Ensayando,,Tango,Instrumental,Odeón,Tape-S,,,Alejandro Prevignano,,,69-90 Final Orchestra,Osvaldo Pugliese,Amílcar Tolosa,"Roberto Alvarez, Alejandro Prevignano, Fabio Lapinta","Osvaldo Monterde, Gabriel Rivas, Diego Lerendegui, Fernando Rodríguez, Merei Brain (Viola), Silvio Pucci (Cello)","Piano, Bass, 3 Bandoneons, 4 Violins, Viola, Cello",LP,Recuerdo,A,Recuerdo
Osvaldo Pugliese,Osvaldo Pugliese y su Orquesta Típica,1986-11-10,Hermosa Japonesita,,Tango,Instrumental,Odeón,Tape-S,,,Osvaldo Pugliese,Javier Mazzea,,69-90 Final Orchestra,Osvaldo Pugliese,Amílcar Tolosa,"Roberto Alvarez, Alejandro Prevignano, Fabio Lapinta","Osvaldo Monterde, Gabriel Rivas, Diego Lerendegui, Fernando Rodríguez, Merei Brain (Viola), Silvio Pucci (Cello)","Piano, Bass, 3 Bandoneons, 4 Violins, Viola, Cello",,,,
Osvaldo Pugliese,Osvaldo Pugliese y su Orquesta Típica,1987-06-09,Tokio Luminoso,,Tango,Instrumental,Odeón,Tape-S,,,Osvaldo Pugliese,,,69-90 Final Orchestra,Osvaldo Pugliese,Amílcar Tolosa,"Roberto Alvarez, Alejandro Prevignano, Fabio Lapinta","Osvaldo Monterde, Gabriel Rivas, Diego Lerendegui, Fernando Rodríguez, Merei Brain (Viola), Silvio Pucci (Cello)","Piano, Bass, 3 Bandoneons, 4 Violins, Viola, Cello",LP,Edición Aniversario 1905-2005,,Edicion Aniversario
Osvaldo Pugliese,Osvaldo Pugliese y su Orquesta Típica,1987-06-09,Compañera,,Tango,Abel Córdoba,Odeón,Tape-S,,,Osvaldo Pugliese,Julio Martín,,69-90 Final Orchestra,Osvaldo Pugliese,Amílcar Tolosa,"Roberto Alvarez, Alejandro Prevignano, Fabio Lapinta","Osvaldo Monterde, Gabriel Rivas, Diego Lerendegui, Fernando Rodríguez, Merei Brain (Viola), Silvio Pucci (Cello)","Piano, Bass, 3 Bandoneons, 4 Violins, Viola, Cello",LP,Edición Aniversario 1905-2005,,Edicion Aniversario
Osvaldo Pugliese,Osvaldo Pugliese y su Orquesta Típica,1987-06-09,Igual Que una Sombra,,Tango,Adrián Guida,Odeón,Tape-S,,,Osvaldo Pugliese,Enrique Cadícamo,,69-90 Final Orchestra,Osvaldo Pugliese,Amílcar Tolosa,"Roberto Alvarez, Alejandro Prevignano, Fabio Lapinta","Osvaldo Monterde, Gabriel Rivas, Diego Lerendegui, Fernando Rodríguez, Merei Brain (Viola), Silvio Pucci (Cello)","Piano, Bass, 3 Bandoneons, 4 Violins, Viola, Cello",LP,Edición Aniversario 1905-2005,,Edicion Aniversario
Osvaldo Pugliese,Osvaldo Pugliese y su Orquesta Típica,1985-12-26,Almagro,,Tango,Instrumental,Live,Tape-S,,,Vicente Lorenzo,Antonio Polito,,69-90 Final Orchestra,Osvaldo Pugliese,Amílcar Tolosa,"Roberto Alvarez, Alejandro Prevignano, Fabio Lapinta","Osvaldo Monterde, Gabriel Rivas, Diego Lerendegui, Fernando Rodríguez, Merei Brain (Viola), Silvio Pucci (Cello)","Piano, Bass, 3 Bandoneons, 4 Violins, Viola, Cello",LP,En El Teatro Colon De Buenos Aires Volumen 1,B,En El Teatro Colon De Buenos Aires Volumen 1
Osvaldo Pugliese,Osvaldo Pugliese y su Orquesta Típica,1985-12-26,Arrabal,,Tango,Instrumental,Live,Tape-S,,,José Pascual,,,69-90 Final Orchestra,Osvaldo Pugliese,Amílcar Tolosa,"Roberto Alvarez, Alejandro Prevignano, Fabio Lapinta","Osvaldo Monterde, Gabriel Rivas, Diego Lerendegui, Fernando Rodríguez, Merei Brain (Viola), Silvio Pucci (Cello)","Piano, Bass, 3 Bandoneons, 4 Violins, Viola, Cello",LP,En El Teatro Colon De Buenos Aires Volumen 1,A,En El Teatro Colon De Buenos Aires Volumen 1
Osvaldo Pugliese,Osvaldo Pugliese y su Orquesta Típica,1985-12-26,Los Mareados,,Tango,Instrumental,Live,Tape-S,,,Juan Cobián,Enrique Cadícamo,,69-90 Final Orchestra,Osvaldo Pugliese,Amílcar Tolosa,"Roberto Alvarez, Alejandro Prevignano, Fabio Lapinta","Osvaldo Monterde, Gabriel Rivas, Diego Lerendegui, Fernando Rodríguez, Merei Brain (Viola), Silvio Pucci (Cello)","Piano, Bass, 3 Bandoneons, 4 Violins, Viola, Cello",LP,En El Teatro Colon De Buenos Aires Volumen 1,A,En El Teatro Colon De Buenos Aires Volumen 1
Osvaldo Pugliese,Osvaldo Pugliese y su Orquesta Típica,1985-12-26,Después,,Tango,Instrumental,Live,Tape-S,,,Hugo Gutiérrez,Homero Manzi,,69-90 Final Orchestra,Osvaldo Pugliese,Amílcar Tolosa,"Roberto Alvarez, Alejandro Prevignano, Fabio Lapinta","Osvaldo Monterde, Gabriel Rivas, Diego Lerendegui, Fernando Rodríguez, Merei Brain (Viola), Silvio Pucci (Cello)","Piano, Bass, 3 Bandoneons, 4 Violins, Viola, Cello",LP,En El Teatro Colon De Buenos Aires Volumen 1,A,En El Teatro Colon De Buenos Aires Volumen 1
Osvaldo Pugliese,Osvaldo Pugliese y su Orquesta Típica,1985-12-26,Quinto Año,,Tango,Instrumental,Live,Tape-S,,,Osvaldo Tarantino,Juanca Tavera,,69-90 Final Orchestra,Osvaldo Pugliese,Amílcar Tolosa,"Roberto Alvarez, Alejandro Prevignano, Fabio Lapinta","Osvaldo Monterde, Gabriel Rivas, Diego Lerendegui, Fernando Rodríguez, Merei Brain (Viola), Silvio Pucci (Cello)","Piano, Bass, 3 Bandoneons, 4 Violins, Viola, Cello",LP,En El Teatro Colon De Buenos Aires Volumen 1,A,En El Teatro Colon De Buenos Aires Volumen 1
Osvaldo Pugliese,Osvaldo Pugliese y su Orquesta Típica,1985-12-26,Chacabuqueando,,Tango,Instrumental,Live,Tape-S,,,Roberto Álvarez,,,69-90 Final Orchestra,Osvaldo Pugliese,Amílcar Tolosa,"Roberto Alvarez, Alejandro Prevignano, Fabio Lapinta","Osvaldo Monterde, Gabriel Rivas, Diego Lerendegui, Fernando Rodríguez, Merei Brain (Viola), Silvio Pucci (Cello)","Piano, Bass, 3 Bandoneons, 4 Violins, Viola, Cello",LP,En El Teatro Colon De Buenos Aires Volumen 1,A,En El Teatro Colon De Buenos Aires Volumen 1
Osvaldo Pugliese,Osvaldo Pugliese y su Orquesta Típica,1985-12-26,A Evaristo Carriego,,Tango,Instrumental,Live,Tape-S,,,Eduardo Rovira,,,69-90 Final Orchestra,Osvaldo Pugliese,Amílcar Tolosa,"Roberto Alvarez, Alejandro Prevignano, Fabio Lapinta","Osvaldo Monterde, Gabriel Rivas, Diego Lerendegui, Fernando Rodríguez, Merei Brain (Viola), Silvio Pucci (Cello)","Piano, Bass, 3 Bandoneons, 4 Violins, Viola, Cello",LP,En El Teatro Colon De Buenos Aires Volumen 1,B,En El Teatro Colon De Buenos Aires Volumen 1
Osvaldo Pugliese,Osvaldo Pugliese y su Orquesta Típica,1985-12-26,Melodía de Arrabal,,Tango,Instrumental,Live,Tape-S,,,Carlos Gardel,"Alfredo Le Pera, Mario Battistella",,69-90 Final Orchestra,Osvaldo Pugliese,Amílcar Tolosa,"Roberto Alvarez, Alejandro Prevignano, Fabio Lapinta","Osvaldo Monterde, Gabriel Rivas, Diego Lerendegui, Fernando Rodríguez, Merei Brain (Viola), Silvio Pucci (Cello)","Piano, Bass, 3 Bandoneons, 4 Violins, Viola, Cello",LP,En El Teatro Colon De Buenos Aires Volumen 1,B,En El Teatro Colon De Buenos Aires Volumen 1
Osvaldo Pugliese,Osvaldo Pugliese y su Orquesta Típica,1985-12-26,Recuerdo,,Tango,Instrumental,Live,Tape-S,,,Osvaldo Pugliese,Eduardo Moreno,,69-90 Final Orchestra,Osvaldo Pugliese,Amílcar Tolosa,"Roberto Alvarez, Alejandro Prevignano, Fabio Lapinta","Osvaldo Monterde, Gabriel Rivas, Diego Lerendegui, Fernando Rodríguez, Merei Brain (Viola), Silvio Pucci (Cello)","Piano, Bass, 3 Bandoneons, 4 Violins, Viola, Cello",LP,En El Teatro Colon De Buenos Aires Volumen 1,B,En El Teatro Colon De Buenos Aires Volumen 1
Osvaldo Pugliese,Osvaldo Pugliese y su Orquesta Típica,1985-12-26,Chiqué,El Elegante,Tango,Instrumental,Live,Tape-S,,,Ricardo Brignolo,Ricardo Brignolo,,69-90 Final Orchestra,Osvaldo Pugliese,Amílcar Tolosa,"Roberto Alvarez, Alejandro Prevignano, Fabio Lapinta","Osvaldo Monterde, Gabriel Rivas, Diego Lerendegui, Fernando Rodríguez, Merei Brain (Viola), Silvio Pucci (Cello)","Piano, Bass, 3 Bandoneons, 4 Violins, Viola, Cello",LP,En El Teatro Colon De Buenos Aires Volumen 1,B,En El Teatro Colon De Buenos Aires Volumen 1
Osvaldo Pugliese,Osvaldo Pugliese y su Orquesta Típica,1985-12-26,Mala Junta,,Tango,Instrumental,Live,Tape-S,,,"Julio De Caro, Pedro Laurenz",Juan Velich,,69-90 Final Orchestra,Osvaldo Pugliese,Amílcar Tolosa,"Roberto Alvarez, Alejandro Prevignano, Fabio Lapinta","Osvaldo Monterde, Gabriel Rivas, Diego Lerendegui, Fernando Rodríguez, Merei Brain (Viola), Silvio Pucci (Cello)","Piano, Bass, 3 Bandoneons, 4 Violins, Viola, Cello",LP,En El Teatro Colon De Buenos Aires Volumen 2,A,En El Teatro Colon De Buenos Aires Volumen 2
Osvaldo Pugliese,Osvaldo Pugliese y su Orquesta Típica,1985-12-26,La Canción de Buenos Aires,,Tango,Instrumental,Live,Tape-S,,,"Azucena Maizani, Orestes Cúfaro",Manuel Romero,,69-90 Final Orchestra,Osvaldo Pugliese,Amílcar Tolosa,"Roberto Alvarez, Alejandro Prevignano, Fabio Lapinta","Osvaldo Monterde, Gabriel Rivas, Diego Lerendegui, Fernando Rodríguez, Merei Brain (Viola), Silvio Pucci (Cello)","Piano, Bass, 3 Bandoneons, 4 Violins, Viola, Cello",LP,En El Teatro Colon De Buenos Aires Volumen 2,A,En El Teatro Colon De Buenos Aires Volumen 2
Osvaldo Pugliese,Osvaldo Pugliese y su Orquesta Típica,1985-12-26,Contame una Historia,,Tango,Instrumental,Live,Tape-S,,,Eladia Blázquez,Mario Iaquinandi,,69-90 Final Orchestra,Osvaldo Pugliese,Amílcar Tolosa,"Roberto Alvarez, Alejandro Prevignano, Fabio Lapinta","Osvaldo Monterde, Gabriel Rivas, Diego Lerendegui, Fernando Rodríguez, Merei Brain (Viola), Silvio Pucci (Cello)","Piano, Bass, 3 Bandoneons, 4 Violins, Viola, Cello",LP,En El Teatro Colon De Buenos Aires Volumen 2,A,En El Teatro Colon De Buenos Aires Volumen 2
Osvaldo Pugliese,Osvaldo Pugliese y su Orquesta Típica,1985-12-26,Copacabana,Nido de Amor,Tango,Instrumental,Live,Tape-S,,,Julio De Caro,Antonio Penadés,,69-90 Final Orchestra,Osvaldo Pugliese,Amílcar Tolosa,"Roberto Alvarez, Alejandro Prevignano, Fabio Lapinta","Osvaldo Monterde, Gabriel Rivas, Diego Lerendegui, Fernando Rodríguez, Merei Brain (Viola), Silvio Pucci (Cello)","Piano, Bass, 3 Bandoneons, 4 Violins, Viola, Cello",LP,En El Teatro Colon De Buenos Aires Volumen 2,A,En El Teatro Colon De Buenos Aires Volumen 2
Osvaldo Pugliese,Osvaldo Pugliese y su Orquesta Típica,1985-12-26,Protocoleando,,Tango,Instrumental,Live,Tape-S,,,Osvaldo Pugliese,,,69-90 Final Orchestra,Osvaldo Pugliese,Amílcar Tolosa,"Roberto Alvarez, Alejandro Prevignano, Fabio Lapinta","Osvaldo Monterde, Gabriel Rivas, Diego Lerendegui, Fernando Rodríguez, Merei Brain (Viola), Silvio Pucci (Cello)","Piano, Bass, 3 Bandoneons, 4 Violins, Viola, Cello",LP,En El Teatro Colon De Buenos Aires Volumen 2,A,En El Teatro Colon De Buenos Aires Volumen 2
Osvaldo Pugliese,Osvaldo Pugliese y su Orquesta Típica,1985-12-26,Milonga Para Gardel,,Milonga,Instrumental,Live,Tape-S,,,Carlos Viván,Horacio Sanguinetti,,69-90 Final Orchestra,Osvaldo Pugliese,Amílcar Tolosa,"Roberto Alvarez, Alejandro Prevignano, Fabio Lapinta","Osvaldo Monterde, Gabriel Rivas, Diego Lerendegui, Fernando Rodríguez, Merei Brain (Viola), Silvio Pucci (Cello)","Piano, Bass, 3 Bandoneons, 4 Violins, Viola, Cello",LP,En El Teatro Colon De Buenos Aires Volumen 2,A,En El Teatro Colon De Buenos Aires Volumen 2
Osvaldo Pugliese,Osvaldo Pugliese y su Orquesta Típica,1985-12-26,Desde el Alma,,Vals,Instrumental,Live,Tape-S,,,Rosita Melo,"Víctor Vélez, Homero Manzi",,69-90 Final Orchestra,Osvaldo Pugliese,Amílcar Tolosa,"Roberto Alvarez, Alejandro Prevignano, Fabio Lapinta","Osvaldo Monterde, Gabriel Rivas, Diego Lerendegui, Fernando Rodríguez, Merei Brain (Viola), Silvio Pucci (Cello)","Piano, Bass, 3 Bandoneons, 4 Violins, Viola, Cello",LP,En El Teatro Colon De Buenos Aires Volumen 2,A,En El Teatro Colon De Buenos Aires Volumen 2
Osvaldo Pugliese,Osvaldo Pugliese y su Orquesta Típica,1985-12-26,Palabras de Osvaldo Pugliese,,Tango,Instrumental,Live,Tape-S,,,,,,69-90 Final Orchestra,Osvaldo Pugliese,Amílcar Tolosa,"Roberto Alvarez, Alejandro Prevignano, Fabio Lapinta","Osvaldo Monterde, Gabriel Rivas, Diego Lerendegui, Fernando Rodríguez, Merei Brain (Viola), Silvio Pucci (Cello)","Piano, Bass, 3 Bandoneons, 4 Violins, Viola, Cello",,,,
Osvaldo Pugliese,Osvaldo Pugliese y su Orquesta Típica,1985-12-26,La Yumba,,Tango,Instrumental,Live,Tape-S,,,Osvaldo Pugliese,,,69-90 Final Orchestra,Osvaldo Pugliese,Amílcar Tolosa,"Roberto Alvarez, Alejandro Prevignano, Fabio Lapinta","Osvaldo Monterde, Gabriel Rivas, Diego Lerendegui, Fernando Rodríguez, Merei Brain (Viola), Silvio Pucci (Cello)","Piano, Bass, 3 Bandoneons, 4 Violins, Viola, Cello",LP,Finally Together Vol 2,B,Finally Together Vol 2
Osvaldo Pugliese,Osvaldo Pugliese y su Orquesta Típica,1985-12-26,La Mariposa,,Tango,Instrumental,Live,Tape-S,,,Pedro Maffía,Celedonio Flores,,69-90 Final Orchestra,Osvaldo Pugliese,Amílcar Tolosa,"Roberto Alvarez, Alejandro Prevignano, Fabio Lapinta","Osvaldo Monterde, Gabriel Rivas, Diego Lerendegui, Fernando Rodríguez, Merei Brain (Viola), Silvio Pucci (Cello)","Piano, Bass, 3 Bandoneons, 4 Violins, Viola, Cello",LP,En El Teatro Colon De Buenos Aires Volumen 2,B,En El Teatro Colon De Buenos Aires Volumen 2
Osvaldo Pugliese,Osvaldo Pugliese y su Orquesta Típica,1985-12-26,Toda Mi Vida,,Tango,Instrumental,Live,Tape-S,,,Aníbal Troilo,José Contursi,,69-90 Final Orchestra,Osvaldo Pugliese,Amílcar Tolosa,"Roberto Alvarez, Alejandro Prevignano, Fabio Lapinta","Osvaldo Monterde, Gabriel Rivas, Diego Lerendegui, Fernando Rodríguez, Merei Brain (Viola), Silvio Pucci (Cello)","Piano, Bass, 3 Bandoneons, 4 Violins, Viola, Cello",LP,En El Teatro Colon De Buenos Aires Volumen 2,B,En El Teatro Colon De Buenos Aires Volumen 2
Osvaldo Pugliese,Osvaldo Pugliese y su Orquesta Típica,1985-12-26,El Encopao,,Tango,Instrumental,Live,Tape-S,,,Osvaldo Pugliese,Enrique Dizeo,,69-90 Final Orchestra,Osvaldo Pugliese,Amílcar Tolosa,"Roberto Alvarez, Alejandro Prevignano, Fabio Lapinta","Osvaldo Monterde, Gabriel Rivas, Diego Lerendegui, Fernando Rodríguez, Merei Brain (Viola), Silvio Pucci (Cello)","Piano, Bass, 3 Bandoneons, 4 Violins, Viola, Cello",LP,En El Teatro Colon De Buenos Aires Volumen 2,B,En El Teatro Colon De Buenos Aires Volumen 2
Osvaldo Pugliese,Osvaldo Pugliese y su Orquesta Típica,1985-06-09,Tokio Luminoso,,Tango,Instrumental,Odeón,Tape-S,,,Osvaldo Pugliese,,,69-90 Final Orchestra,Osvaldo Pugliese,Amílcar Tolosa,"Roberto Alvarez, Alejandro Prevignano, Fabio Lapinta","Osvaldo Monterde, Gabriel Rivas, Diego Lerendegui, Fernando Rodríguez, Merei Brain (Viola), Silvio Pucci (Cello)","Piano, Bass, 3 Bandoneons, 4 Violins, Viola, Cello",,,,
Osvaldo Pugliese,Osvaldo Pugliese y su Orquesta Típica,1985-06-09,Compañera,,Tango,Abel Córdoba,Odeón,Tape-S,,,Osvaldo Pugliese,Julio Martín,,69-90 Final Orchestra,Osvaldo Pugliese,Amílcar Tolosa,"Roberto Alvarez, Alejandro Prevignano, Fabio Lapinta","Osvaldo Monterde, Gabriel Rivas, Diego Lerendegui, Fernando Rodríguez, Merei Brain (Viola), Silvio Pucci (Cello)","Piano, Bass, 3 Bandoneons, 4 Violins, Viola, Cello",,,,
Osvaldo Pugliese,Osvaldo Pugliese y su Orquesta Típica,1985-06-09,Igual Que una Sombra,,Tango,Adrián Guida,Odeón,Tape-S,,,Osvaldo Pugliese,Enrique Cadícamo,,69-90 Final Orchestra,Osvaldo Pugliese,Amílcar Tolosa,"Roberto Alvarez, Alejandro Prevignano, Fabio Lapinta","Osvaldo Monterde, Gabriel Rivas, Diego Lerendegui, Fernando Rodríguez, Merei Brain (Viola), Silvio Pucci (Cello)","Piano, Bass, 3 Bandoneons, 4 Violins, Viola, Cello",,,,
Osvaldo Pugliese,Osvaldo Pugliese y su Orquesta Típica,1989-06-26,Arrabal,,Tango,Instrumental,Lucho (Live),,,,José Pascual,,,69-90 Final Orchestra,Osvaldo Pugliese,Guillermo Ferrer,"Walther Castro, Alejandro Prevignano, Fabio Lapinta, Héctor Del Curto","Marcelo Prieto, Gabriel Rivas, Diego Lerendegui, Merei Brain (Viola), Patricio Villarejo (Cello)","Piano, Bass, 4 Bandoneons, 3 Violins, Viola, Cello",LP,Finally Together Vol 2,A,Finally Together Vol 2
Osvaldo Pugliese,Osvaldo Pugliese y su Orquesta Típica,1989-06-26,Los Mareados,,Tango,Instrumental,Lucho (Live),,,,Juan Cobián,Enrique Cadícamo,,69-90 Final Orchestra,Osvaldo Pugliese,Guillermo Ferrer,"Walther Castro, Alejandro Prevignano, Fabio Lapinta, Héctor Del Curto","Marcelo Prieto, Gabriel Rivas, Diego Lerendegui, Merei Brain (Viola), Patricio Villarejo (Cello)","Piano, Bass, 4 Bandoneons, 3 Violins, Viola, Cello",LP,Finally Together Vol 2,A,Finally Together Vol 2
Osvaldo Pugliese,Osvaldo Pugliese y su Orquesta Típica,1989-06-26,Melodía de Arrabal,,Tango,Instrumental,Lucho (Live),,,,Carlos Gardel,"Alfredo Le Pera, Mario Battistella",,69-90 Final Orchestra,Osvaldo Pugliese,Guillermo Ferrer,"Walther Castro, Alejandro Prevignano, Fabio Lapinta, Héctor Del Curto","Marcelo Prieto, Gabriel Rivas, Diego Lerendegui, Merei Brain (Viola), Patricio Villarejo (Cello)","Piano, Bass, 4 Bandoneons, 3 Violins, Viola, Cello",LP,Finally Together Vol 2,A,Finally Together Vol 2
Osvaldo Pugliese,Osvaldo Pugliese y su Orquesta Típica,1989-06-26,Recuerdo,,Tango,Instrumental,Lucho (Live),,,,Osvaldo Pugliese,Eduardo Moreno,,69-90 Final Orchestra,Osvaldo Pugliese,Guillermo Ferrer,"Walther Castro, Alejandro Prevignano, Fabio Lapinta, Héctor Del Curto","Marcelo Prieto, Gabriel Rivas, Diego Lerendegui, Merei Brain (Viola), Patricio Villarejo (Cello)","Piano, Bass, 4 Bandoneons, 3 Violins, Viola, Cello",LP,Finally Together Vol 2,A,Finally Together Vol 2
Osvaldo Pugliese,Osvaldo Pugliese y su Orquesta Típica,1989-06-26,Chacabuqueando,,Tango,Instrumental,Lucho (Live),,,,Roberto Álvarez,,,69-90 Final Orchestra,Osvaldo Pugliese,Guillermo Ferrer,"Walther Castro, Alejandro Prevignano, Fabio Lapinta, Héctor Del Curto","Marcelo Prieto, Gabriel Rivas, Diego Lerendegui, Merei Brain (Viola), Patricio Villarejo (Cello)","Piano, Bass, 4 Bandoneons, 3 Violins, Viola, Cello",LP,Finally Together Vol 2,A,Finally Together Vol 2
Osvaldo Pugliese,Osvaldo Pugliese y su Orquesta Típica,1989-06-26,Las Cuarenta,,Tango,Instrumental,Lucho (Live),,,,Roberto Grela,Francisco Gorrindo,,69-90 Final Orchestra,Osvaldo Pugliese,Guillermo Ferrer,"Walther Castro, Alejandro Prevignano, Fabio Lapinta, Héctor Del Curto","Marcelo Prieto, Gabriel Rivas, Diego Lerendegui, Merei Brain (Viola), Patricio Villarejo (Cello)","Piano, Bass, 4 Bandoneons, 3 Violins, Viola, Cello",LP,Finally Together Vol 2,A,Finally Together Vol 2
Osvaldo Pugliese,Osvaldo Pugliese y su Orquesta Típica,1989-06-26,Bailamos,,Tango,Instrumental,Lucho (Live),,,,Cholo Mamone,Reinaldo Ghiso,,69-90 Final Orchestra,Osvaldo Pugliese,Guillermo Ferrer,"Walther Castro, Alejandro Prevignano, Fabio Lapinta, Héctor Del Curto","Marcelo Prieto, Gabriel Rivas, Diego Lerendegui, Merei Brain (Viola), Patricio Villarejo (Cello)","Piano, Bass, 4 Bandoneons, 3 Violins, Viola, Cello",LP,Finally Together Vol 2,A,Finally Together Vol 2
Osvaldo Pugliese,Osvaldo Pugliese y su Orquesta Típica,1989-06-26,Ensayando,,Tango,Instrumental,Lucho (Live),,,,Alejandro Prevignano,,,69-90 Final Orchestra,Osvaldo Pugliese,Guillermo Ferrer,"Walther Castro, Alejandro Prevignano, Fabio Lapinta, Héctor Del Curto","Marcelo Prieto, Gabriel Rivas, Diego Lerendegui, Merei Brain (Viola), Patricio Villarejo (Cello)","Piano, Bass, 4 Bandoneons, 3 Violins, Viola, Cello",LP,Finally Together Vol 2,A,Finally Together Vol 2
Osvaldo Pugliese,Osvaldo Pugliese y su Orquesta Típica,1989-06-26,A Evaristo Carriego,,Tango,Instrumental,Lucho (Live),,,,Eduardo Rovira,,,69-90 Final Orchestra,Osvaldo Pugliese,Guillermo Ferrer,"Walther Castro, Alejandro Prevignano, Fabio Lapinta, Héctor Del Curto","Marcelo Prieto, Gabriel Rivas, Diego Lerendegui, Merei Brain (Viola), Patricio Villarejo (Cello)","Piano, Bass, 4 Bandoneons, 3 Violins, Viola, Cello",LP,Finally Together Vol 2,B,Finally Together Vol 2
Osvaldo Pugliese,Osvaldo Pugliese y su Orquesta Típica,1989-06-26,Desde el Alma,,Vals,Instrumental,Lucho (Live),,,,Rosita Melo,"Víctor Vélez, Homero Manzi",,69-90 Final Orchestra,Osvaldo Pugliese,Guillermo Ferrer,"Walther Castro, Alejandro Prevignano, Fabio Lapinta, Héctor Del Curto","Marcelo Prieto, Gabriel Rivas, Diego Lerendegui, Merei Brain (Viola), Patricio Villarejo (Cello)","Piano, Bass, 4 Bandoneons, 3 Violins, Viola, Cello",LP,Finally Together Vol 2,B,Finally Together Vol 2
Osvaldo Pugliese,Osvaldo Pugliese y su Orquesta Típica,1989-06-26,La Canción de Buenos Aires,,Tango,Abel Córdoba,Lucho (Live),,,,"Azucena Maizani, Orestes Cúfaro",Manuel Romero,,69-90 Final Orchestra,Osvaldo Pugliese,Guillermo Ferrer,"Walther Castro, Alejandro Prevignano, Fabio Lapinta, Héctor Del Curto","Marcelo Prieto, Gabriel Rivas, Diego Lerendegui, Merei Brain (Viola), Patricio Villarejo (Cello)","Piano, Bass, 4 Bandoneons, 3 Violins, Viola, Cello",LP,Finally Together Vol 2,B,Finally Together Vol 2
Osvaldo Pugliese,Osvaldo Pugliese y su Orquesta Típica,1989-06-26,Contame una Historia,,Tango,Adrián Guida,Lucho (Live),,,,Eladia Blázquez,Mario Iaquinandi,,69-90 Final Orchestra,Osvaldo Pugliese,Guillermo Ferrer,"Walther Castro, Alejandro Prevignano, Fabio Lapinta, Héctor Del Curto","Marcelo Prieto, Gabriel Rivas, Diego Lerendegui, Merei Brain (Viola), Patricio Villarejo (Cello)","Piano, Bass, 4 Bandoneons, 3 Violins, Viola, Cello",LP,Finally Together Vol 2,B,Finally Together Vol 2
Osvaldo Pugliese,Osvaldo Pugliese y su Orquesta Típica,1989-06-26,Mala Junta,,Tango,Instrumental,Lucho (Live),,,,"Ulio Caro, Pedro Laurenz",Juan Velich,,69-90 Final Orchestra,Osvaldo Pugliese,Guillermo Ferrer,"Walther Castro, Alejandro Prevignano, Fabio Lapinta, Héctor Del Curto","Marcelo Prieto, Gabriel Rivas, Diego Lerendegui, Merei Brain (Viola), Patricio Villarejo (Cello)","Piano, Bass, 4 Bandoneons, 3 Violins, Viola, Cello",LP,Finally Together Vol 2,B,Finally Together Vol 2
Osvaldo Pugliese,Osvaldo Pugliese y su Orquesta Típica,1989-06-26,Chiqué,,Tango,Instrumental,Lucho (Live),,,,Ricardo Brignolo,Ricardo Brignolo,,69-90 Final Orchestra,Osvaldo Pugliese,Guillermo Ferrer,"Walther Castro, Alejandro Prevignano, Fabio Lapinta, Héctor Del Curto","Marcelo Prieto, Gabriel Rivas, Diego Lerendegui, Merei Brain (Viola), Patricio Villarejo (Cello)","Piano, Bass, 4 Bandoneons, 3 Violins, Viola, Cello",LP,Finally Together Vol 2,B,Finally Together Vol 2
Osvaldo Pugliese,Osvaldo Pugliese y su Orquesta Típica,1989-06-26,Milonga Para Gardel,,Milonga,Instrumental,Lucho (Live),,,,Carlos Viván,Horacio Sanguinetti,,69-90 Final Orchestra,Osvaldo Pugliese,Guillermo Ferrer,"Walther Castro, Alejandro Prevignano, Fabio Lapinta, Héctor Del Curto","Marcelo Prieto, Gabriel Rivas, Diego Lerendegui, Merei Brain (Viola), Patricio Villarejo (Cello)","Piano, Bass, 4 Bandoneons, 3 Violins, Viola, Cello",LP,Finally Together Vol 2,B,Finally Together Vol 2
Osvaldo Pugliese,Osvaldo Pugliese y su Orquesta Típica,1989-06-26,La Yumba Adiós Nonino,,Tango,Instrumental,Lucho (Live),,,,Osvaldo Pugliese,,,69-90 Final Orchestra,Osvaldo Pugliese,Guillermo Ferrer,"Walther Castro, Alejandro Prevignano, Fabio Lapinta, Héctor Del Curto","Marcelo Prieto, Gabriel Rivas, Diego Lerendegui, Merei Brain (Viola), Patricio Villarejo (Cello)","Piano, Bass, 4 Bandoneons, 3 Violins, Viola, Cello",LP,Finally Together Vol 1,A,Finally Together Vol 1
