Bandleader,Orchestra,Date,Title,AltTitle,Genre,Singer,Label,Master,Matrix,Disc,Composer,Author,Arranger,Grouping,Pianist,Bassist,Bandoneons,Strings,Lineup
Roberto Firpo,Orquesta Argentina Roberto Firpo,1914,Alma de Bohemio,,Tango,Instrumental,,Acoustic,,,Roberto Firpo,Juan Caruso,,14-25 Acoustic,Roberto Firpo,Leopoldo Thompson,"Eduardo Arolas, Bachicha","Tito Roccatagliata, Agesilao Ferrazzano","Piano, Bass, 2 Bandoneons, 2 Violins"
Roberto Firpo,Orquesta Típica Criolla,1914,Argañaraz,Aquellas Farras,Tango,Orquesta Típica Criolla,,Acoustic,,,Roberto Firpo,Enrique Cadícamo,,14-25 Acoustic,Roberto Firpo,Leopoldo Thompson,"Eduardo Arolas, Bachicha","Tito Roccatagliata, Agesilao Ferrazzano","Piano, Bass, 2 Bandoneons, 2 Violins"
Roberto Firpo,Orquesta Roberto Firpo,1914,Champagne Tango,,Tango,Instrumental,,Acoustic,,,Manuel Aróztegui,,,14-25 Acoustic,Roberto Firpo,Leopoldo Thompson,"Eduardo Arolas, Bachicha","Tito Roccatagliata, Agesilao Ferrazzano","Piano, Bass, 2 Bandoneons, 2 Violins"
Roberto Firpo,Orquesta Típica Criolla,1914,Curda Completa,,Tango,Orquesta Típica Criolla,,Acoustic,,,Roberto Firpo,,,14-25 Acoustic,Roberto Firpo,Leopoldo Thompson,"Eduardo Arolas, Bachicha","Tito Roccatagliata, Agesilao Ferrazzano","Piano, Bass, 2 Bandoneons, 2 Violins"
Roberto Firpo,Orquesta Típica Criolla,1914,El Flete,,Tango,Orquesta Típica Criolla,,Acoustic,,,Vicente Greco,Gerónimo Gradito,,14-25 Acoustic,Roberto Firpo,Leopoldo Thompson,"Eduardo Arolas, Bachicha","Tito Roccatagliata, Agesilao Ferrazzano","Piano, Bass, 2 Bandoneons, 2 Violins"
Roberto Firpo,Orquesta Roberto Firpo,1914,Los Guevara,,Tango,Instrumental,,Acoustic,,,Roberto Firpo,,,14-25 Acoustic,Roberto Firpo,Leopoldo Thompson,"Eduardo Arolas, Bachicha","Tito Roccatagliata, Agesilao Ferrazzano","Piano, Bass, 2 Bandoneons, 2 Violins"
Roberto Firpo,Roberto Firpo Solo,1914,Marejada,,Tango,Instrumental,,Acoustic,,,Roberto Firpo,Daniel Barreto,,14-25 Acoustic,Roberto Firpo,,,,Piano
Roberto Firpo,Orquesta Roberto Firpo,1916,Ando Pato,,Tango,Instrumental,,Acoustic,,,Juan Maglio,Eugenio Cárdenas,,14-25 Acoustic,Roberto Firpo,Leopoldo Thompson,"Eduardo Arolas, Bachicha","Tito Roccatagliata, Agesilao Ferrazzano, Pedro Festa","Piano, Bass, 2 Bandoneons, 3 Violins"
Roberto Firpo,Orquesta Roberto Firpo,1916,Barógrafo,,Tango,Instrumental,,Acoustic,,,Roberto Firpo,,,14-25 Acoustic,Roberto Firpo,Leopoldo Thompson,"Eduardo Arolas, Bachicha","Tito Roccatagliata, Agesilao Ferrazzano, Pedro Festa","Piano, Bass, 2 Bandoneons, 3 Violins"
Roberto Firpo,Orquesta Roberto Firpo,1916,De Mi Flor,,Tango,Instrumental,,Acoustic,,,Roberto Firpo,,,14-25 Acoustic,Roberto Firpo,Leopoldo Thompson,"Eduardo Arolas, Bachicha","Tito Roccatagliata, Agesilao Ferrazzano, Pedro Festa","Piano, Bass, 2 Bandoneons, 3 Violins"
Roberto Firpo,Orquesta Roberto Firpo,1916,El Distinguido Ciudadano,,Tango,Instrumental,,Acoustic,,,Peregrino Paulos,,,14-25 Acoustic,Roberto Firpo,Leopoldo Thompson,"Eduardo Arolas, Bachicha","Tito Roccatagliata, Agesilao Ferrazzano, Pedro Festa","Piano, Bass, 2 Bandoneons, 3 Violins"
Roberto Firpo,Orquesta Roberto Firpo,1916,El Espiante,,Tango,Instrumental,,Acoustic,,,Osvaldo Fresedo,,,14-25 Acoustic,Roberto Firpo,Leopoldo Thompson,"Eduardo Arolas, Bachicha","Tito Roccatagliata, Agesilao Ferrazzano, Pedro Festa","Piano, Bass, 2 Bandoneons, 3 Violins"
Roberto Firpo,Orquesta Roberto Firpo,1916,El Flete,,Tango,Instrumental,,Acoustic,,,Vicente Greco,Gerónimo Gradito,,14-25 Acoustic,Roberto Firpo,Leopoldo Thompson,"Eduardo Arolas, Bachicha","Tito Roccatagliata, Agesilao Ferrazzano, Pedro Festa","Piano, Bass, 2 Bandoneons, 3 Violins"
Roberto Firpo,Orquesta Roberto Firpo,1916,La Cumparsita,Si Supieras,Tango,Instrumental,,Acoustic,,,Gerardo Rodríguez,"Pascual Contursi, Enrique Maroni, Gerardo Rodríguez",,14-25 Acoustic,Roberto Firpo,Leopoldo Thompson,"Eduardo Arolas, Bachicha","Tito Roccatagliata, Agesilao Ferrazzano, Pedro Festa","Piano, Bass, 2 Bandoneons, 3 Violins"
Roberto Firpo,Orquesta Roberto Firpo,1916,La Guitarrita,,Tango,Instrumental,,Acoustic,,,Eduardo Arolas,,,14-25 Acoustic,Roberto Firpo,Leopoldo Thompson,"Eduardo Arolas, Bachicha","Tito Roccatagliata, Agesilao Ferrazzano, Pedro Festa","Piano, Bass, 2 Bandoneons, 3 Violins"
Roberto Firpo,Orquesta Roberto Firpo,1916,La Trilla,,Tango,Instrumental,,Acoustic,,,Eduardo Arolas,Héctor Polito,,14-25 Acoustic,Roberto Firpo,Leopoldo Thompson,"Eduardo Arolas, Bachicha","Tito Roccatagliata, Agesilao Ferrazzano, Pedro Festa","Piano, Bass, 2 Bandoneons, 3 Violins"
Roberto Firpo,Orquesta Roberto Firpo,1916,Lo Que Está Bien Está Bien,,Tango,Instrumental,,Acoustic,,,Roberto Firpo,,,14-25 Acoustic,Roberto Firpo,Leopoldo Thompson,"Eduardo Arolas, Bachicha","Tito Roccatagliata, Agesilao Ferrazzano, Pedro Festa","Piano, Bass, 2 Bandoneons, 3 Violins"
Roberto Firpo,Orquesta Roberto Firpo,1916,Lágrimas,,Tango,Instrumental,,Acoustic,,,Eduardo Arolas,Héctor Polito,,14-25 Acoustic,Roberto Firpo,Leopoldo Thompson,"Eduardo Arolas, Bachicha","Tito Roccatagliata, Agesilao Ferrazzano, Pedro Festa","Piano, Bass, 2 Bandoneons, 3 Violins"
Roberto Firpo,Orquesta Roberto Firpo,1916,Montevideo,,Tango,Instrumental,,Acoustic,,,Roberto Firpo,,,14-25 Acoustic,Roberto Firpo,Leopoldo Thompson,"Eduardo Arolas, Bachicha","Tito Roccatagliata, Agesilao Ferrazzano, Pedro Festa","Piano, Bass, 2 Bandoneons, 3 Violins"
Roberto Firpo,Orquesta Roberto Firpo,1916,Royal Pigall,Qué Has Hecho de Mi Cariño,Tango,Instrumental,,Acoustic,,,Juan Maglio,José Castillo,,14-25 Acoustic,Roberto Firpo,Leopoldo Thompson,"Eduardo Arolas, Bachicha","Tito Roccatagliata, Agesilao Ferrazzano, Pedro Festa","Piano, Bass, 2 Bandoneons, 3 Violins"
Roberto Firpo,Orquesta Roberto Firpo,1916,Sans Souci,,Tango,Instrumental,,Acoustic,,,Enrique Delfino,,,14-25 Acoustic,Roberto Firpo,Leopoldo Thompson,"Eduardo Arolas, Bachicha","Tito Roccatagliata, Agesilao Ferrazzano, Pedro Festa","Piano, Bass, 2 Bandoneons, 3 Violins"
Roberto Firpo,Orquesta Roberto Firpo,1917,Nueve de Julio,9 de Julio,Tango,Instrumental,,Acoustic,,,José Padula,Lito Bayardo,,14-25 Acoustic,Roberto Firpo,Ángel Corleto,"Pedro Maffia, José Servidio, Alejandro Michetti (Flute), Luis Cosenza (Harmonium)","Cayetano Puglisi, Adolfo Muzzi","Piano, Bass, 2 Bandoneons, 2 Violins, Flute, Harmonium"
Roberto Firpo,Orquesta Roberto Firpo,1917,A Firpo,,Tango,Instrumental,,Acoustic,,,H. Manktosch,,,14-25 Acoustic,Roberto Firpo,Ángel Corleto,"Pedro Maffia, José Servidio, Alejandro Michetti (Flute), Luis Cosenza (Harmonium)","Cayetano Puglisi, Adolfo Muzzi","Piano, Bass, 2 Bandoneons, 2 Violins, Flute, Harmonium"
Roberto Firpo,Orquesta Roberto Firpo,1917,Derecho Viejo,,Tango,Instrumental,,Acoustic,,,Eduardo Arolas,Gabriel Clausi,,14-25 Acoustic,Roberto Firpo,Ángel Corleto,"Pedro Maffia, José Servidio, Alejandro Michetti (Flute), Luis Cosenza (Harmonium)","Cayetano Puglisi, Adolfo Muzzi","Piano, Bass, 2 Bandoneons, 2 Violins, Flute, Harmonium"
Roberto Firpo,Orquesta Roberto Firpo,1917,El Entrerriano,El Entrerriano,Tango,Instrumental,,Acoustic,,,Anselmo Mendizábal,Ernesto Amor,,14-25 Acoustic,Roberto Firpo,Ángel Corleto,"Pedro Maffia, José Servidio, Alejandro Michetti (Flute), Luis Cosenza (Harmonium)","Cayetano Puglisi, Adolfo Muzzi","Piano, Bass, 2 Bandoneons, 2 Violins, Flute, Harmonium"
Roberto Firpo,Orquesta Roberto Firpo,1917,El Pillete,,Tango,Instrumental,,Acoustic,,,Graciano De Leone,,,14-25 Acoustic,Roberto Firpo,Ángel Corleto,"Pedro Maffia, José Servidio, Alejandro Michetti (Flute), Luis Cosenza (Harmonium)","Cayetano Puglisi, Adolfo Muzzi","Piano, Bass, 2 Bandoneons, 2 Violins, Flute, Harmonium"
Roberto Firpo,Orquesta Roberto Firpo,1917,En la Brecha,,Tango,Instrumental,,Acoustic,,,Roberto Firpo,,,14-25 Acoustic,Roberto Firpo,Ángel Corleto,"Pedro Maffia, José Servidio, Alejandro Michetti (Flute), Luis Cosenza (Harmonium)","Cayetano Puglisi, Adolfo Muzzi","Piano, Bass, 2 Bandoneons, 2 Violins, Flute, Harmonium"
Roberto Firpo,Orquesta Roberto Firpo,1917,Gente Fina,,Tango,Instrumental,,Acoustic,,,Carlos Macchi,,,14-25 Acoustic,Roberto Firpo,Ángel Corleto,"Pedro Maffia, José Servidio, Alejandro Michetti (Flute), Luis Cosenza (Harmonium)","Cayetano Puglisi, Adolfo Muzzi","Piano, Bass, 2 Bandoneons, 2 Violins, Flute, Harmonium"
Roberto Firpo,Orquesta Roberto Firpo,1917,Homero,,Tango,Instrumental,,Acoustic,,,Roberto Firpo,,,14-25 Acoustic,Roberto Firpo,Ángel Corleto,"Pedro Maffia, José Servidio, Alejandro Michetti (Flute), Luis Cosenza (Harmonium)","Cayetano Puglisi, Adolfo Muzzi","Piano, Bass, 2 Bandoneons, 2 Violins, Flute, Harmonium"
Roberto Firpo,Orquesta Roberto Firpo,1917,Imitando,,Tango,Instrumental,,Acoustic,,,Calderilla,,,14-25 Acoustic,Roberto Firpo,Ángel Corleto,"Pedro Maffia, José Servidio, Alejandro Michetti (Flute), Luis Cosenza (Harmonium)","Cayetano Puglisi, Adolfo Muzzi","Piano, Bass, 2 Bandoneons, 2 Violins, Flute, Harmonium"
Roberto Firpo,Orquesta Roberto Firpo,1917,La Carcajada,,Tango,Instrumental,,Acoustic,,,Roberto Firpo,,,14-25 Acoustic,Roberto Firpo,Ángel Corleto,"Pedro Maffia, José Servidio, Alejandro Michetti (Flute), Luis Cosenza (Harmonium)","Cayetano Puglisi, Adolfo Muzzi","Piano, Bass, 2 Bandoneons, 2 Violins, Flute, Harmonium"
Roberto Firpo,Orquesta Roberto Firpo,1917,La Chiflada,El Silbido,Tango,Instrumental,,Acoustic,,,Anselmo Aieta,Francisco Jiménez,,14-25 Acoustic,Roberto Firpo,Ángel Corleto,"Pedro Maffia, José Servidio, Alejandro Michetti (Flute), Luis Cosenza (Harmonium)","Cayetano Puglisi, Adolfo Muzzi","Piano, Bass, 2 Bandoneons, 2 Violins, Flute, Harmonium"
Roberto Firpo,Orquesta Roberto Firpo,1917,Lunes,,Tango,Instrumental,,Acoustic,,,José Padula,,,14-25 Acoustic,Roberto Firpo,Ángel Corleto,"Pedro Maffia, José Servidio, Alejandro Michetti (Flute), Luis Cosenza (Harmonium)","Cayetano Puglisi, Adolfo Muzzi","Piano, Bass, 2 Bandoneons, 2 Violins, Flute, Harmonium"
Roberto Firpo,Orquesta Roberto Firpo,1917,Ojos Negros,Dark Eyes,Tango,Instrumental,,Acoustic,,,"Vicente Greco, Ernesto Temes",,,14-25 Acoustic,Roberto Firpo,Ángel Corleto,"Pedro Maffia, José Servidio, Alejandro Michetti (Flute), Luis Cosenza (Harmonium)","Cayetano Puglisi, Adolfo Muzzi","Piano, Bass, 2 Bandoneons, 2 Violins, Flute, Harmonium"
Roberto Firpo,Orquesta Roberto Firpo,1917,Re Fa Si,,Tango,Instrumental,,Acoustic,,,Enrique Delfino,,,14-25 Acoustic,Roberto Firpo,Ángel Corleto,"Pedro Maffia, José Servidio, Alejandro Michetti (Flute), Luis Cosenza (Harmonium)","Cayetano Puglisi, Adolfo Muzzi","Piano, Bass, 2 Bandoneons, 2 Violins, Flute, Harmonium"
Roberto Firpo,Orquesta Roberto Firpo,1917,Retintín,,Tango,Instrumental,,Acoustic,,,Eduardo Arolas,Gabriel Clausi,,14-25 Acoustic,Roberto Firpo,Ángel Corleto,"Pedro Maffia, José Servidio, Alejandro Michetti (Flute), Luis Cosenza (Harmonium)","Cayetano Puglisi, Adolfo Muzzi","Piano, Bass, 2 Bandoneons, 2 Violins, Flute, Harmonium"
Roberto Firpo,Orquesta Roberto Firpo,1917,Tierra Negra,,Tango,Instrumental,,Acoustic,,,"Graciano De Leone, Juan Noli",Francisco Bastardi,,14-25 Acoustic,Roberto Firpo,Ángel Corleto,"Pedro Maffia, José Servidio, Alejandro Michetti (Flute), Luis Cosenza (Harmonium)","Cayetano Puglisi, Adolfo Muzzi","Piano, Bass, 2 Bandoneons, 2 Violins, Flute, Harmonium"
Roberto Firpo,Orquesta Roberto Firpo,1917,Vea Vea,Vea Vea,Tango,Coro,,Acoustic,,,Roberto Firpo,Alberto Lago,,14-25 Acoustic,Roberto Firpo,Ángel Corleto,"Pedro Maffia, José Servidio, Alejandro Michetti (Flute), Luis Cosenza (Harmonium)","Cayetano Puglisi, Adolfo Muzzi","Piano, Bass, 2 Bandoneons, 2 Violins, Flute, Harmonium"
Roberto Firpo,Orquesta Roberto Firpo,1918,A la Gran Muñeca,,Tango,Instrumental,,Acoustic,,,Jesús Ventura,Miguel Osés,,14-25 Acoustic,Roberto Firpo,Ángel Corleto,"Pedro Maffia, José Servidio, Alejandro Michetti (Flute), Luis Cosenza (Harmonium)","Cayetano Puglisi, Adolfo Muzzi","Piano, Bass, 2 Bandoneons, 2 Violins, Flute, Harmonium"
Roberto Firpo,Orquesta Roberto Firpo,1918,Dinamita,,Tango,Instrumental,,Acoustic,,,Eduardo Arolas,,,14-25 Acoustic,Roberto Firpo,Ángel Corleto,"Pedro Maffia, José Servidio, Alejandro Michetti (Flute), Luis Cosenza (Harmonium)","Cayetano Puglisi, Adolfo Muzzi","Piano, Bass, 2 Bandoneons, 2 Violins, Flute, Harmonium"
Roberto Firpo,Orquesta Roberto Firpo,1918,El Cuzquito,,Tango,Coro,,Acoustic,,,Vicente Greco,José Arolas,,14-25 Acoustic,Roberto Firpo,Ángel Corleto,"Pedro Maffia, José Servidio, Alejandro Michetti (Flute), Luis Cosenza (Harmonium)","Cayetano Puglisi, Adolfo Muzzi","Piano, Bass, 2 Bandoneons, 2 Violins, Flute, Harmonium"
Roberto Firpo,Orquesta Roberto Firpo,1918,Maipo,,Tango,Instrumental,,Acoustic,,,Eduardo Arolas,Gabriel Clausi,,14-25 Acoustic,Roberto Firpo,Ángel Corleto,"Pedro Maffia, José Servidio, Alejandro Michetti (Flute), Luis Cosenza (Harmonium)","Cayetano Puglisi, Adolfo Muzzi","Piano, Bass, 2 Bandoneons, 2 Violins, Flute, Harmonium"
Roberto Firpo,Orquesta Roberto Firpo,1918,Mano Brava,,Tango,Canto,,Acoustic,,,"Francisco Canaro, Juan Canaro",,,14-25 Acoustic,Roberto Firpo,Ángel Corleto,"Pedro Maffia, José Servidio, Alejandro Michetti (Flute), Luis Cosenza (Harmonium)","Cayetano Puglisi, Adolfo Muzzi","Piano, Bass, 2 Bandoneons, 2 Violins, Flute, Harmonium"
Roberto Firpo,Quinteto Roberto Firpo,1918,Qué Noche,,Tango,Instrumental,,Acoustic,,,Agustín Bardi,,,14-25 Acoustic,Roberto Firpo,Ángel Corleto,"Pedro Maffia, José Servidio, Alejandro Michetti (Flute), Luis Cosenza (Harmonium)","Cayetano Puglisi, Adolfo Muzzi","Piano, Bass, 2 Bandoneons, 2 Violins, Flute, Harmonium"
Roberto Firpo,Orquesta Roberto Firpo,1918,Suerte Negra,,Tango,Instrumental,,Acoustic,,,Pedro Maffía,,,14-25 Acoustic,Roberto Firpo,Ángel Corleto,"Pedro Maffia, José Servidio, Alejandro Michetti (Flute), Luis Cosenza (Harmonium)","Cayetano Puglisi, Adolfo Muzzi","Piano, Bass, 2 Bandoneons, 2 Violins, Flute, Harmonium"
Roberto Firpo,Roberto Firpo,1919,Don Esteban,,Tango,Coro,,Acoustic,,,Augusto Berto,Carlos Sarmiento,,14-25 Acoustic,Roberto Firpo,Ángel Corleto,"Pedro Maffia, José Servidio, Alejandro Michetti (Flute), Luis Cosenza (Harmonium)","Cayetano Puglisi, Adolfo Muzzi","Piano, Bass, 2 Bandoneons, 2 Violins, Flute, Harmonium"
Roberto Firpo,Orquesta Roberto Firpo,1919,El Motivo,Pobre Paica,Tango,Instrumental,,Acoustic,,,Juan Cobián,,,14-25 Acoustic,Roberto Firpo,Ángel Corleto,"Pedro Maffia, José Servidio, Alejandro Michetti (Flute), Luis Cosenza (Harmonium)","Cayetano Puglisi, Adolfo Muzzi","Piano, Bass, 2 Bandoneons, 2 Violins, Flute, Harmonium"
Roberto Firpo,Orquesta Roberto Firpo,1919,Jueves,,Tango,Instrumental,,Acoustic,,,"Rafael Rossi, Udelino Toranzo",,,14-25 Acoustic,Roberto Firpo,Ángel Corleto,"Pedro Maffia, José Servidio, Alejandro Michetti (Flute), Luis Cosenza (Harmonium)","Cayetano Puglisi, Adolfo Muzzi","Piano, Bass, 2 Bandoneons, 2 Violins, Flute, Harmonium"
Roberto Firpo,Orquesta Roberto Firpo,1919,Sembrando Flores,,Vals,Instrumental,,Acoustic,,,Augusto Berto,,,14-25 Acoustic,Roberto Firpo,Ángel Corleto,"Pedro Maffia, José Servidio, Alejandro Michetti (Flute), Luis Cosenza (Harmonium)","Cayetano Puglisi, Adolfo Muzzi","Piano, Bass, 2 Bandoneons, 2 Violins, Flute, Harmonium"
Roberto Firpo,Orquesta Roberto Firpo,1919,Wilson,,Tango,Instrumental,,Acoustic,,,Francisco Canaro,,,14-25 Acoustic,Roberto Firpo,Ángel Corleto,"Pedro Maffia, José Servidio, Alejandro Michetti (Flute), Luis Cosenza (Harmonium)","Cayetano Puglisi, Adolfo Muzzi","Piano, Bass, 2 Bandoneons, 2 Violins, Flute, Harmonium"
Roberto Firpo,Orquesta Roberto Firpo,1920,Alice,,Tango,Instrumental,,Acoustic,,,Eduardo Arolas,,,14-25 Acoustic,Roberto Firpo,Ángel Corleto,"Pedro Maffia, José Servidio, Alejandro Michetti (Flute), Luis Cosenza (Harmonium)","Cayetano Puglisi, Adolfo Muzzi","Piano, Bass, 2 Bandoneons, 2 Violins, Flute, Harmonium"
Roberto Firpo,Orquesta Roberto Firpo,1920,Cura Segura,,Tango,Instrumental,,Acoustic,,,Juan Filiberto,,,14-25 Acoustic,Roberto Firpo,Ángel Corleto,"Pedro Maffia, José Servidio, Alejandro Michetti (Flute), Luis Cosenza (Harmonium)","Cayetano Puglisi, Adolfo Muzzi","Piano, Bass, 2 Bandoneons, 2 Violins, Flute, Harmonium"
Roberto Firpo,Orquesta Roberto Firpo,1920,De Raza,,Tango,Instrumental,,Acoustic,,,Vicente Greco,,,14-25 Acoustic,Roberto Firpo,Ángel Corleto,"Pedro Maffia, José Servidio, Alejandro Michetti (Flute), Luis Cosenza (Harmonium)","Cayetano Puglisi, Adolfo Muzzi","Piano, Bass, 2 Bandoneons, 2 Violins, Flute, Harmonium"
Roberto Firpo,Orquesta Roberto Firpo,1920,El Aeroplano,,Vals,Instrumental,,Acoustic,,,Pedro Datta,,,14-25 Acoustic,Roberto Firpo,Ángel Corleto,"Pedro Maffia, José Servidio, Alejandro Michetti (Flute), Luis Cosenza (Harmonium)","Cayetano Puglisi, Adolfo Muzzi","Piano, Bass, 2 Bandoneons, 2 Violins, Flute, Harmonium"
Roberto Firpo,Orquesta Roberto Firpo,1920,El Ahorcado,,Tango,Instrumental,,Acoustic,,,Roberto Firpo,,,14-25 Acoustic,Roberto Firpo,Ángel Corleto,"Pedro Maffia, José Servidio, Alejandro Michetti (Flute), Luis Cosenza (Harmonium)","Cayetano Puglisi, Adolfo Muzzi","Piano, Bass, 2 Bandoneons, 2 Violins, Flute, Harmonium"
Roberto Firpo,Orquesta Roberto Firpo,1920,El Pangaré,,Tango,Instrumental,,Acoustic,,,"Carlos Gardel, José Razzano",,,14-25 Acoustic,Roberto Firpo,Ángel Corleto,"Pedro Maffia, José Servidio, Alejandro Michetti (Flute), Luis Cosenza (Harmonium)","Cayetano Puglisi, Adolfo Muzzi","Piano, Bass, 2 Bandoneons, 2 Violins, Flute, Harmonium"
Roberto Firpo,Orquesta Roberto Firpo,1920,El Pañuelito,,Tango,Instrumental,,Acoustic,,,Juan Filiberto,Gabino Peñaloza,,14-25 Acoustic,Roberto Firpo,Ángel Corleto,"Pedro Maffia, José Servidio, Alejandro Michetti (Flute), Luis Cosenza (Harmonium)","Cayetano Puglisi, Adolfo Muzzi","Piano, Bass, 2 Bandoneons, 2 Violins, Flute, Harmonium"
Roberto Firpo,Roberto Firpo,1920,Gallito,El Gallito,Tango,Instrumental,,Acoustic,,,Roberto Firpo,,,14-25 Acoustic,Roberto Firpo,Ángel Corleto,"Pedro Maffia, José Servidio, Alejandro Michetti (Flute), Luis Cosenza (Harmonium)","Cayetano Puglisi, Adolfo Muzzi","Piano, Bass, 2 Bandoneons, 2 Violins, Flute, Harmonium"
Roberto Firpo,Orquesta Roberto Firpo,1920,Locatelli,,Tango,Instrumental,,Acoustic,,,Enrique Delfino,,,14-25 Acoustic,Roberto Firpo,Ángel Corleto,"Pedro Maffia, José Servidio, Alejandro Michetti (Flute), Luis Cosenza (Harmonium)","Cayetano Puglisi, Adolfo Muzzi","Piano, Bass, 2 Bandoneons, 2 Violins, Flute, Harmonium"
Roberto Firpo,Orquesta Roberto Firpo,1920,Mi Nena,,Tango,Instrumental,,Acoustic,,,Carlos Alsina,,,14-25 Acoustic,Roberto Firpo,Ángel Corleto,"Pedro Maffia, José Servidio, Alejandro Michetti (Flute), Luis Cosenza (Harmonium)","Cayetano Puglisi, Adolfo Muzzi","Piano, Bass, 2 Bandoneons, 2 Violins, Flute, Harmonium"
Roberto Firpo,Orquesta Roberto Firpo,1920,Milonguita,Esthercita,Tango,Instrumental,,Acoustic,,,Enrique Delfino,Samuel Linning,,14-25 Acoustic,Roberto Firpo,Ángel Corleto,"Pedro Maffia, José Servidio, Alejandro Michetti (Flute), Luis Cosenza (Harmonium)","Cayetano Puglisi, Adolfo Muzzi","Piano, Bass, 2 Bandoneons, 2 Violins, Flute, Harmonium"
Roberto Firpo,Orquesta Roberto Firpo,1920,Nobleza de Arrabal,,Tango,Instrumental,,Acoustic,,,Francisco Canaro,,,14-25 Acoustic,Roberto Firpo,Ángel Corleto,"Pedro Maffia, José Servidio, Alejandro Michetti (Flute), Luis Cosenza (Harmonium)","Cayetano Puglisi, Adolfo Muzzi","Piano, Bass, 2 Bandoneons, 2 Violins, Flute, Harmonium"
Roberto Firpo,Orquesta Roberto Firpo,1920,Quejas de Bandoneón,Quejas de Bandoneón,Tango,Instrumental,,Acoustic,,,Juan Filiberto,,,14-25 Acoustic,Roberto Firpo,Ángel Corleto,"Pedro Maffia, José Servidio, Alejandro Michetti (Flute), Luis Cosenza (Harmonium)","Cayetano Puglisi, Adolfo Muzzi","Piano, Bass, 2 Bandoneons, 2 Violins, Flute, Harmonium"
Roberto Firpo,Orquesta Roberto Firpo,1920,Se Acabó la Yeta,,Tango,Instrumental,,Acoustic,,,"Ricardo González, Antonio Polito",,,14-25 Acoustic,Roberto Firpo,Ángel Corleto,"Pedro Maffia, José Servidio, Alejandro Michetti (Flute), Luis Cosenza (Harmonium)","Cayetano Puglisi, Adolfo Muzzi","Piano, Bass, 2 Bandoneons, 2 Violins, Flute, Harmonium"
Roberto Firpo,Orquesta Roberto Firpo,1920,Viviani,,Tango,Instrumental,,Acoustic,,,Roberto Firpo,,,14-25 Acoustic,Roberto Firpo,Ángel Corleto,"Pedro Maffia, José Servidio, Alejandro Michetti (Flute), Luis Cosenza (Harmonium)","Cayetano Puglisi, Adolfo Muzzi","Piano, Bass, 2 Bandoneons, 2 Violins, Flute, Harmonium"
Roberto Firpo,Orquesta Roberto Firpo,1920,Y Que Hay,,Tango,Instrumental,,Acoustic,,,Juan Pacho,,,14-25 Acoustic,Roberto Firpo,Ángel Corleto,"Pedro Maffia, José Servidio, Alejandro Michetti (Flute), Luis Cosenza (Harmonium)","Cayetano Puglisi, Adolfo Muzzi","Piano, Bass, 2 Bandoneons, 2 Violins, Flute, Harmonium"
Roberto Firpo,Orquesta Roberto Firpo,1920,Zorro Gris,,Tango,Instrumental,,Acoustic,,,Rafael Tuegols,,,14-25 Acoustic,Roberto Firpo,Ángel Corleto,"Pedro Maffia, José Servidio, Alejandro Michetti (Flute), Luis Cosenza (Harmonium)","Cayetano Puglisi, Adolfo Muzzi","Piano, Bass, 2 Bandoneons, 2 Violins, Flute, Harmonium"
Roberto Firpo,Orquesta Roberto Firpo,1921,La Copa del Olvido,,Tango,Instrumental,,Acoustic,,,Enrique Delfino,Alberto Vacarezza,,14-25 Acoustic,Roberto Firpo,Ángel Corleto,"Pedro Maffia, José Servidio, Alejandro Michetti (Flute), Luis Cosenza (Harmonium)","Cayetano Puglisi, Adolfo Muzzi","Piano, Bass, 2 Bandoneons, 2 Violins, Flute, Harmonium"
Roberto Firpo,Orquesta Roberto Firpo,1921,Siempre Te Requerdo,,Vals,Instrumental,,Acoustic,,,Roberto Firpo,,,14-25 Acoustic,Roberto Firpo,Ángel Corleto,"Pedro Maffia, José Servidio, Alejandro Michetti (Flute), Luis Cosenza (Harmonium)","Cayetano Puglisi, Adolfo Muzzi","Piano, Bass, 2 Bandoneons, 2 Violins, Flute, Harmonium"
Roberto Firpo,Orquesta Roberto Firpo,1922,Cap Polonio,,Tango,Instrumental,,Acoustic,,,Adolfo Rosquellas,,,14-25 Acoustic,Roberto Firpo,Ángel Corleto,"Pedro Maffia, José Servidio, Alejandro Michetti (Flute), Luis Cosenza (Harmonium)","Cayetano Puglisi, Adolfo Muzzi","Piano, Bass, 2 Bandoneons, 2 Violins, Flute, Harmonium"
Roberto Firpo,Orquesta Roberto Firpo,1922,En Plena Mar,,Vals,Instrumental,,Acoustic,,,Roberto Firpo,,,14-25 Acoustic,Roberto Firpo,Ángel Corleto,"Pedro Maffia, José Servidio, Alejandro Michetti (Flute), Luis Cosenza (Harmonium)","Cayetano Puglisi, Adolfo Muzzi","Piano, Bass, 2 Bandoneons, 2 Violins, Flute, Harmonium"
Roberto Firpo,Firpo y Bazán,1922,Noches Orientales,,Vals,Instrumental,,Acoustic,,,Gerardo Metallo,,,14-25 Acoustic,Roberto Firpo,,Juan Carlos Bazán (Clarinett),,"Piano, Clarinett"
Roberto Firpo,Orquesta Roberto Firpo,1923,Buenos Aires,,Tango,Instrumental,,Acoustic,,,Manuel Jovés,Manuel Romero,,14-25 Acoustic,Luis Cosenza,Ángel Corleto,"Juan Bautista Guido, José Schumacher","Elvino Vardaro, Cayetano Puglisi, Octavio Scaglione, Antonio Rossi","Piano, Bass, 2 Bandoneons, 4 Violins"
Roberto Firpo,Orquesta Roberto Firpo,1923,Gallo Viejo,,Tango,Instrumental,,Acoustic,,,Juan Noli,,,14-25 Acoustic,Luis Cosenza,Ángel Corleto,"Juan Bautista Guido, José Schumacher","Elvino Vardaro, Cayetano Puglisi, Octavio Scaglione, Antonio Rossi","Piano, Bass, 2 Bandoneons, 4 Violins"
Roberto Firpo,Orquesta Roberto Firpo,1923,Padre Nuestro,,Tango,Instrumental,,Acoustic,,,Enrique Delfino,Alberto Vacarezza,,14-25 Acoustic,Luis Cosenza,Ángel Corleto,"Juan Bautista Guido, José Schumacher","Elvino Vardaro, Cayetano Puglisi, Octavio Scaglione, Antonio Rossi","Piano, Bass, 2 Bandoneons, 4 Violins"
Roberto Firpo,Orquesta Roberto Firpo,1924,Capullos,,Tango,Instrumental,,Acoustic,,,"Juan Bazán, Andrés Seitun",,,14-25 Acoustic,Luis Cosenza,Ángel Corleto,"Juan Bautista Guido, José Schumacher","Elvino Vardaro, Cayetano Puglisi, Octavio Scaglione, Antonio Rossi","Piano, Bass, 2 Bandoneons, 4 Violins"
Roberto Firpo,Orquesta Roberto Firpo,1924,Espumilla,,Tango,Instrumental,,Acoustic,,,Orlando Puglisi,,,14-25 Acoustic,Luis Cosenza,Ángel Corleto,"Juan Bautista Guido, José Schumacher","Elvino Vardaro, Cayetano Puglisi, Octavio Scaglione, Antonio Rossi","Piano, Bass, 2 Bandoneons, 4 Violins"
Roberto Firpo,Orquesta Roberto Firpo,1924,Il Piccolo Navío,,Tango,Instrumental,,Acoustic,,,Luis Riccardi,Juan Caruso,,14-25 Acoustic,Luis Cosenza,Ángel Corleto,"Juan Bautista Guido, José Schumacher","Elvino Vardaro, Cayetano Puglisi, Octavio Scaglione, Antonio Rossi","Piano, Bass, 2 Bandoneons, 4 Violins"
Roberto Firpo,Orquesta Roberto Firpo,1924,La Cabeza del Italiano,,Tango,Instrumental,,Acoustic,,,Antonio Scatasso,Francisco Bastardi,,14-25 Acoustic,Luis Cosenza,Ángel Corleto,"Juan Bautista Guido, José Schumacher","Elvino Vardaro, Cayetano Puglisi, Octavio Scaglione, Antonio Rossi","Piano, Bass, 2 Bandoneons, 4 Violins"
Roberto Firpo,Orquesta Roberto Firpo,1924,Pa' Que Te Acordés,,Tango,Instrumental,,Acoustic,,,Francisco Lomuto,Andrés Seitún,,14-25 Acoustic,Luis Cosenza,Ángel Corleto,"Juan Bautista Guido, José Schumacher","Elvino Vardaro, Cayetano Puglisi, Octavio Scaglione, Antonio Rossi","Piano, Bass, 2 Bandoneons, 4 Violins"
Roberto Firpo,Orquesta Roberto Firpo,1924,Para Ti,,Tango,Instrumental,,Acoustic,,,Ciriaco Ortiz,,,14-25 Acoustic,Luis Cosenza,Ángel Corleto,"Juan Bautista Guido, José Schumacher","Elvino Vardaro, Cayetano Puglisi, Octavio Scaglione, Antonio Rossi","Piano, Bass, 2 Bandoneons, 4 Violins"
Roberto Firpo,Orquesta Roberto Firpo,1924,Sin Cariño,,Tango,Instrumental,,Acoustic,,,Carlos Pérez,,,14-25 Acoustic,Luis Cosenza,Ángel Corleto,"Juan Bautista Guido, José Schumacher","Elvino Vardaro, Cayetano Puglisi, Octavio Scaglione, Antonio Rossi","Piano, Bass, 2 Bandoneons, 4 Violins"
Roberto Firpo,Orquesta Roberto Firpo,1924,Un Metejón,,Tango,Instrumental,,Acoustic,,,Antonio De Bassi,,,14-25 Acoustic,Luis Cosenza,Ángel Corleto,"Juan Bautista Guido, José Schumacher","Elvino Vardaro, Cayetano Puglisi, Octavio Scaglione, Antonio Rossi","Piano, Bass, 2 Bandoneons, 4 Violins"
Roberto Firpo,Orquesta Roberto Firpo,1925,Fea,,Tango,Instrumental,,Acoustic,,,Horacio Pettorossi,Alfredo Navarrine,,14-25 Acoustic,Luis Cosenza,Ángel Corleto,"Juan Bautista Guido, José Schumacher","Elvino Vardaro, Cayetano Puglisi, Octavio Scaglione, Antonio Rossi","Piano, Bass, 2 Bandoneons, 4 Violins"
Roberto Firpo,Orquesta Roberto Firpo,1925,Hotel Victoria,Gran Hotel Victoria,Tango,Instrumental,,Acoustic,,,Feliciano Latasa,Carlos Pesce,,14-25 Acoustic,Luis Cosenza,Ángel Corleto,"Juan Bautista Guido, José Schumacher","Elvino Vardaro, Cayetano Puglisi, Octavio Scaglione, Antonio Rossi","Piano, Bass, 2 Bandoneons, 4 Violins"
Roberto Firpo,Orquesta Roberto Firpo,1925,Silbando,,Tango,Instrumental,,Acoustic,,,"Cátulo Castillo, Sebastián Piana",José Castillo,,14-25 Acoustic,Luis Cosenza,Ángel Corleto,"Juan Bautista Guido, José Schumacher","Elvino Vardaro, Cayetano Puglisi, Octavio Scaglione, Antonio Rossi","Piano, Bass, 2 Bandoneons, 4 Violins"
Roberto Firpo,Orquesta Roberto Firpo,1925,Viejo Rincón,,Tango,Instrumental,,Acoustic,,,Raúl Hoyos,Roberto Cayol,,14-25 Acoustic,Luis Cosenza,Ángel Corleto,"Juan Bautista Guido, José Schumacher","Elvino Vardaro, Cayetano Puglisi, Octavio Scaglione, Antonio Rossi","Piano, Bass, 2 Bandoneons, 4 Violins"
Roberto Firpo,Orquesta Roberto Firpo,1926,A Media Luz,,Tango,Instrumental,Odeón,,,,Edgardo Donato,Carlos Lenzi,,26-28 Nijensohn Piano,Miguel Nijensohn,Ángel Corleto,"Juan Bautista Guido, José Schumacher","Elvino Vardaro, Cayetano Puglisi, Octavio Scaglione, Antonio Rossi","Piano, Bass, 2 Bandoneons, 4 Violins"
Roberto Firpo,Orquesta Roberto Firpo,1926,El Apronte,,Tango,Instrumental,Odeón,,,,Roberto Firpo,,,26-28 Nijensohn Piano,Miguel Nijensohn,Ángel Corleto,"Juan Bautista Guido, José Schumacher","Elvino Vardaro, Cayetano Puglisi, Octavio Scaglione, Antonio Rossi","Piano, Bass, 2 Bandoneons, 4 Violins"
Roberto Firpo,Orquesta Roberto Firpo,1926,El Entrerriano,El Entrerriano,Tango,Instrumental,Odeón,,,,Anselmo Mendizábal,Ernesto Amor,,26-28 Nijensohn Piano,Miguel Nijensohn,Ángel Corleto,"Juan Bautista Guido, José Schumacher","Elvino Vardaro, Cayetano Puglisi, Octavio Scaglione, Antonio Rossi","Piano, Bass, 2 Bandoneons, 4 Violins"
Roberto Firpo,Orquesta Roberto Firpo,1926,Era Buena la Paisana,,Tango,Instrumental,Odeón,,,,"Julio De Caro, Francisco De Caro",,,26-28 Nijensohn Piano,Miguel Nijensohn,Ángel Corleto,"Juan Bautista Guido, José Schumacher","Elvino Vardaro, Cayetano Puglisi, Octavio Scaglione, Antonio Rossi","Piano, Bass, 2 Bandoneons, 4 Violins"
Roberto Firpo,Orquesta Roberto Firpo,1926,Mi Diosa,,Tango,Instrumental,Odeón,,,,Francisco De Caro,José De Grandis,,26-28 Nijensohn Piano,Miguel Nijensohn,Ángel Corleto,"Juan Bautista Guido, José Schumacher","Elvino Vardaro, Cayetano Puglisi, Octavio Scaglione, Antonio Rossi","Piano, Bass, 2 Bandoneons, 4 Violins"
Roberto Firpo,Orquesta Roberto Firpo,1926,Siga el Corso,,Tango,Instrumental,Odeón,,,,Anselmo Aieta,Francisco Jiménez,,26-28 Nijensohn Piano,Miguel Nijensohn,Ángel Corleto,"Juan Bautista Guido, José Schumacher","Elvino Vardaro, Cayetano Puglisi, Octavio Scaglione, Antonio Rossi","Piano, Bass, 2 Bandoneons, 4 Violins"
Roberto Firpo,Orquesta Roberto Firpo,1926-01-08,Anoche a las Dos,,Tango,Instrumental,Odeón,,,,Raúl Hoyos,Roberto Cayol,,26-28 Nijensohn Piano,Miguel Nijensohn,Ángel Corleto,"Juan Bautista Guido, José Schumacher","Elvino Vardaro, Cayetano Puglisi, Octavio Scaglione, Antonio Rossi","Piano, Bass, 2 Bandoneons, 4 Violins"
Roberto Firpo,Orquesta Roberto Firpo,1926-01-08,La Violetera,,Tango,Instrumental,Odeón,,,,Anselmo Aieta,Francisco Jiménez,,26-28 Nijensohn Piano,Miguel Nijensohn,Ángel Corleto,"Juan Bautista Guido, José Schumacher","Elvino Vardaro, Cayetano Puglisi, Octavio Scaglione, Antonio Rossi","Piano, Bass, 2 Bandoneons, 4 Violins"
Roberto Firpo,Orquesta Roberto Firpo,1926-12-02,Corazón Noble,,Vals,Instrumental,Odeón,,,,Alfredo Seghini,,,26-28 Nijensohn Piano,Miguel Nijensohn,Ángel Corleto,"Juan Bautista Guido, José Schumacher","Elvino Vardaro, Cayetano Puglisi, Octavio Scaglione, Antonio Rossi","Piano, Bass, 2 Bandoneons, 4 Violins"
Roberto Firpo,Orquesta Roberto Firpo,1926-12-02,No Tiene Importancia,,Tango,Instrumental,Odeón,,,,Alfredo Sheguini,,,26-28 Nijensohn Piano,Miguel Nijensohn,Ángel Corleto,"Juan Bautista Guido, José Schumacher","Elvino Vardaro, Cayetano Puglisi, Octavio Scaglione, Antonio Rossi","Piano, Bass, 2 Bandoneons, 4 Violins"
Roberto Firpo,Orquesta Roberto Firpo,1926-12-23,Llegué a Ladrón Por Amarte,,Tango,Instrumental,Odeón,,,,Juan Pacho,Juan Pacho,,26-28 Nijensohn Piano,Miguel Nijensohn,Ángel Corleto,"Juan Bautista Guido, José Schumacher","Elvino Vardaro, Cayetano Puglisi, Octavio Scaglione, Antonio Rossi","Piano, Bass, 2 Bandoneons, 4 Violins"
Roberto Firpo,Orquesta Roberto Firpo,1926-12-23,Normiña,,Tango,Instrumental,Odeón,,,,Eduardo Armani,,,26-28 Nijensohn Piano,Miguel Nijensohn,Ángel Corleto,"Juan Bautista Guido, José Schumacher","Elvino Vardaro, Cayetano Puglisi, Octavio Scaglione, Antonio Rossi","Piano, Bass, 2 Bandoneons, 4 Violins"
Roberto Firpo,Orquesta Roberto Firpo,1926-12-24,Diablito,,Tango,Instrumental,Odeón,,,,Pedro Maffía,"Ismael Aguilar, Gerónimo Massa",,26-28 Nijensohn Piano,Miguel Nijensohn,Ángel Corleto,"Juan Bautista Guido, José Schumacher","Elvino Vardaro, Cayetano Puglisi, Octavio Scaglione, Antonio Rossi","Piano, Bass, 2 Bandoneons, 4 Violins"
Roberto Firpo,Orquesta Roberto Firpo,1926-12-24,Engrupida,,Tango,Instrumental,Odeón,,,,Pedro Vérgez,Pedro Vérgez,,26-28 Nijensohn Piano,Miguel Nijensohn,Ángel Corleto,"Juan Bautista Guido, José Schumacher","Elvino Vardaro, Cayetano Puglisi, Octavio Scaglione, Antonio Rossi","Piano, Bass, 2 Bandoneons, 4 Violins"
Roberto Firpo,Orquesta Roberto Firpo,1926-12-30,Me Contaron,,Tango,Instrumental,Odeón,,,,"Juan Rezzano, Lito Bayardo",,,26-28 Nijensohn Piano,Miguel Nijensohn,Ángel Corleto,"Juan Bautista Guido, José Schumacher","Elvino Vardaro, Cayetano Puglisi, Octavio Scaglione, Antonio Rossi","Piano, Bass, 2 Bandoneons, 4 Violins"
Roberto Firpo,Orquesta Roberto Firpo,1926-12-30,Todos Lloraban,,Tango,Instrumental,Odeón,,,,Ciriaco Ortiz,,,26-28 Nijensohn Piano,Miguel Nijensohn,Ángel Corleto,"Juan Bautista Guido, José Schumacher","Elvino Vardaro, Cayetano Puglisi, Octavio Scaglione, Antonio Rossi","Piano, Bass, 2 Bandoneons, 4 Violins"
Roberto Firpo,Orquesta Roberto Firpo,1926-12-31,Adiós,La Tarde Que Partí,Vals,Instrumental,Odeón,,,,Pedro Laurenz,José De Grandis,,26-28 Nijensohn Piano,Miguel Nijensohn,Ángel Corleto,"Juan Bautista Guido, José Schumacher","Elvino Vardaro, Cayetano Puglisi, Octavio Scaglione, Antonio Rossi","Piano, Bass, 2 Bandoneons, 4 Violins"
Roberto Firpo,Orquesta Roberto Firpo,1926-12-31,Bajo el Ombu,,Vals,Instrumental,Odeón,,,,"J. Sacodato, Ramón Coll",,,26-28 Nijensohn Piano,Miguel Nijensohn,Ángel Corleto,"Juan Bautista Guido, José Schumacher","Elvino Vardaro, Cayetano Puglisi, Octavio Scaglione, Antonio Rossi","Piano, Bass, 2 Bandoneons, 4 Violins"
Roberto Firpo,Orquesta Roberto Firpo,1926-12-31,Qué Pua,,Tango,Instrumental,Odeón,,,,Hugo E.galli,,,26-28 Nijensohn Piano,Miguel Nijensohn,Ángel Corleto,"Juan Bautista Guido, José Schumacher","Elvino Vardaro, Cayetano Puglisi, Octavio Scaglione, Antonio Rossi","Piano, Bass, 2 Bandoneons, 4 Violins"
Roberto Firpo,Orquesta Roberto Firpo,1926-12-31,Triste Atardecer,,Tango,Instrumental,Odeón,,,,Pedro Laurenz,,,26-28 Nijensohn Piano,Miguel Nijensohn,Ángel Corleto,"Juan Bautista Guido, José Schumacher","Elvino Vardaro, Cayetano Puglisi, Octavio Scaglione, Antonio Rossi","Piano, Bass, 2 Bandoneons, 4 Violins"
Roberto Firpo,Orquesta Roberto Firpo,1927-02-11,Amadeo,,Tango,Instrumental,Odeón,,,,Ernesto De La Cruz,,,26-28 Nijensohn Piano,Miguel Nijensohn,Ángel Corleto,"Juan Bautista Guido, José Schumacher","Elvino Vardaro, Cayetano Puglisi, Octavio Scaglione, Antonio Rossi, José Nieso","Piano, Bass, 2 Bandoneons, 5 Violins"
Roberto Firpo,Orquesta Roberto Firpo,1927-02-11,Amurado,,Tango,Instrumental,Odeón,,,,"Pedro Maffía, Pedro Laurenz",José De Grandis,,26-28 Nijensohn Piano,Miguel Nijensohn,Ángel Corleto,"Juan Bautista Guido, José Schumacher","Elvino Vardaro, Cayetano Puglisi, Octavio Scaglione, Antonio Rossi, José Nieso","Piano, Bass, 2 Bandoneons, 5 Violins"
Roberto Firpo,Orquesta Roberto Firpo,1927-02-11,Coronel de Pinedo,,Tango,Instrumental,Odeón,,,,Guillermo Cavazza,,,26-28 Nijensohn Piano,Miguel Nijensohn,Ángel Corleto,"Juan Bautista Guido, José Schumacher","Elvino Vardaro, Cayetano Puglisi, Octavio Scaglione, Antonio Rossi, José Nieso","Piano, Bass, 2 Bandoneons, 5 Violins"
Roberto Firpo,Orquesta Roberto Firpo,1927-02-11,Ríase,,Tango,Instrumental,Odeón,,,,Carlos Flores,,,26-28 Nijensohn Piano,Miguel Nijensohn,Ángel Corleto,"Juan Bautista Guido, José Schumacher","Elvino Vardaro, Cayetano Puglisi, Octavio Scaglione, Antonio Rossi, José Nieso","Piano, Bass, 2 Bandoneons, 5 Violins"
Roberto Firpo,Orquesta Roberto Firpo,1927-02-19,Cáliz de Hiel,,Tango,Instrumental,Odeón,,,,Alfonso Lacueva,Ricardo Brignolo,,26-28 Nijensohn Piano,Miguel Nijensohn,Ángel Corleto,"Juan Bautista Guido, José Schumacher","Elvino Vardaro, Cayetano Puglisi, Octavio Scaglione, Antonio Rossi, José Nieso","Piano, Bass, 2 Bandoneons, 5 Violins"
Roberto Firpo,Orquesta Roberto Firpo,1927-02-19,Mis Aprontes,,Tango,Instrumental,Odeón,,,,José Rebolini,,,26-28 Nijensohn Piano,Miguel Nijensohn,Ángel Corleto,"Juan Bautista Guido, José Schumacher","Elvino Vardaro, Cayetano Puglisi, Octavio Scaglione, Antonio Rossi, José Nieso","Piano, Bass, 2 Bandoneons, 5 Violins"
Roberto Firpo,Orquesta Roberto Firpo,1927-02-27,Espinas,,Tango,Instrumental,Odeón,,,,Alberto Pugliese,,,26-28 Nijensohn Piano,Miguel Nijensohn,Ángel Corleto,"Juan Bautista Guido, José Schumacher","Elvino Vardaro, Cayetano Puglisi, Octavio Scaglione, Antonio Rossi, José Nieso","Piano, Bass, 2 Bandoneons, 5 Violins"
Roberto Firpo,Orquesta Roberto Firpo,1927-02-27,La Conocí en un Baile,,Tango,Instrumental,Odeón,,,,Alfredo Mazzeo,,,26-28 Nijensohn Piano,Miguel Nijensohn,Ángel Corleto,"Juan Bautista Guido, José Schumacher","Elvino Vardaro, Cayetano Puglisi, Octavio Scaglione, Antonio Rossi, José Nieso","Piano, Bass, 2 Bandoneons, 5 Violins"
Roberto Firpo,Orquesta Roberto Firpo,1927-02-27,Mi Ambición,,Vals,Instrumental,Odeón,,,,Cristino Tapia,Cristino Tapia,,26-28 Nijensohn Piano,Miguel Nijensohn,Ángel Corleto,"Juan Bautista Guido, José Schumacher","Elvino Vardaro, Cayetano Puglisi, Octavio Scaglione, Antonio Rossi, José Nieso","Piano, Bass, 2 Bandoneons, 5 Violins"
Roberto Firpo,Orquesta Roberto Firpo,1927-03-10,Arrabalero,,Tango,Instrumental,Odeón,,,,Osvaldo Fresedo,Eduardo Calvo,,26-28 Nijensohn Piano,Miguel Nijensohn,Ángel Corleto,"Juan Bautista Guido, José Schumacher","Elvino Vardaro, Cayetano Puglisi, Octavio Scaglione, Antonio Rossi, José Nieso","Piano, Bass, 2 Bandoneons, 5 Violins"
Roberto Firpo,Orquesta Roberto Firpo,1927-03-10,Dicha Pasada,,Tango,Instrumental,Odeón,,,,Guillermo Barbieri,Guillermo Barbieri,,26-28 Nijensohn Piano,Miguel Nijensohn,Ángel Corleto,"Juan Bautista Guido, José Schumacher","Elvino Vardaro, Cayetano Puglisi, Octavio Scaglione, Antonio Rossi, José Nieso","Piano, Bass, 2 Bandoneons, 5 Violins"
Roberto Firpo,Orquesta Roberto Firpo,1927-03-10,Rezongos,,Tango,Instrumental,Odeón,,,,José Rizzuti,Eduardo Calvo,,26-28 Nijensohn Piano,Miguel Nijensohn,Ángel Corleto,"Juan Bautista Guido, José Schumacher","Elvino Vardaro, Cayetano Puglisi, Octavio Scaglione, Antonio Rossi, José Nieso","Piano, Bass, 2 Bandoneons, 5 Violins"
Roberto Firpo,Orquesta Roberto Firpo,1927-03-10,Trovas Galanas,,Vals,Instrumental,Odeón,,,,Guillermo Barbieri,Eugenio Cárdenas,,26-28 Nijensohn Piano,Miguel Nijensohn,Ángel Corleto,"Juan Bautista Guido, José Schumacher","Elvino Vardaro, Cayetano Puglisi, Octavio Scaglione, Antonio Rossi, José Nieso","Piano, Bass, 2 Bandoneons, 5 Violins"
Roberto Firpo,Orquesta Roberto Firpo,1927-03-11,Arrabalero,,Tango,Instrumental,Odeón,,,,Osvaldo Fresedo,Eduardo Calvo,,26-28 Nijensohn Piano,Miguel Nijensohn,Ángel Corleto,"Juan Bautista Guido, José Schumacher","Elvino Vardaro, Cayetano Puglisi, Octavio Scaglione, Antonio Rossi, José Nieso","Piano, Bass, 2 Bandoneons, 5 Violins"
Roberto Firpo,Orquesta Roberto Firpo,1927-03-25,Mandría,,Tango,Instrumental,Odeón,,,,Juan Rodríguez,"Juan Velich, Francisco Brancatti",,26-28 Nijensohn Piano,Miguel Nijensohn,Ángel Corleto,"Juan Bautista Guido, José Schumacher","Elvino Vardaro, Cayetano Puglisi, Octavio Scaglione, Antonio Rossi, José Nieso","Piano, Bass, 2 Bandoneons, 5 Violins"
Roberto Firpo,Orquesta Roberto Firpo,1927-03-25,Pobre Colombina,,Tango,Instrumental,Odeón,,,,"Virgilio Carmona, Emilio Falero",Emilio Falero,,26-28 Nijensohn Piano,Miguel Nijensohn,Ángel Corleto,"Juan Bautista Guido, José Schumacher","Elvino Vardaro, Cayetano Puglisi, Octavio Scaglione, Antonio Rossi, José Nieso","Piano, Bass, 2 Bandoneons, 5 Violins"
Roberto Firpo,Orquesta Roberto Firpo,1927-03-31,Federación,,Tango,Instrumental,Odeón,,,,"Francisco Canaro, Luis Riccardi",Juan Caruso,,26-28 Nijensohn Piano,Miguel Nijensohn,Ángel Corleto,"Juan Bautista Guido, José Schumacher","Elvino Vardaro, Cayetano Puglisi, Octavio Scaglione, Antonio Rossi, José Nieso","Piano, Bass, 2 Bandoneons, 5 Violins"
Roberto Firpo,Orquesta Roberto Firpo,1927-03-31,La Loca Carola,,Tango,Instrumental,Odeón,,,,"Domingo Moranese, José Lanziano",,,26-28 Nijensohn Piano,Miguel Nijensohn,Ángel Corleto,"Juan Bautista Guido, José Schumacher","Elvino Vardaro, Cayetano Puglisi, Octavio Scaglione, Antonio Rossi, José Nieso","Piano, Bass, 2 Bandoneons, 5 Violins"
Roberto Firpo,Orquesta Roberto Firpo,1927-03-31,Lobo de Mar,,Tango,Instrumental,Odeón,,,,Sebastián Piana,,,26-28 Nijensohn Piano,Miguel Nijensohn,Ángel Corleto,"Juan Bautista Guido, José Schumacher","Elvino Vardaro, Cayetano Puglisi, Octavio Scaglione, Antonio Rossi, José Nieso","Piano, Bass, 2 Bandoneons, 5 Violins"
Roberto Firpo,Orquesta Roberto Firpo,1927-03-31,Maffia,,Tango,Instrumental,Odeón,,,,Elías Cosenza,,,26-28 Nijensohn Piano,Miguel Nijensohn,Ángel Corleto,"Juan Bautista Guido, José Schumacher","Elvino Vardaro, Cayetano Puglisi, Octavio Scaglione, Antonio Rossi, José Nieso","Piano, Bass, 2 Bandoneons, 5 Violins"
Roberto Firpo,Orquesta Roberto Firpo,1927-03-31,Porque No Has Venido,,Tango,Instrumental,Odeón,,,,"Pedro Maffía, Julio Navarrine",,,26-28 Nijensohn Piano,Miguel Nijensohn,Ángel Corleto,"Juan Bautista Guido, José Schumacher","Elvino Vardaro, Cayetano Puglisi, Octavio Scaglione, Antonio Rossi, José Nieso","Piano, Bass, 2 Bandoneons, 5 Violins"
Roberto Firpo,Orquesta Roberto Firpo,1927-03-31,Se Acabaron los Otarios,,Tango,Instrumental,Odeón,,,,Francisco Canaro,Juan Caruso,,26-28 Nijensohn Piano,Miguel Nijensohn,Ángel Corleto,"Juan Bautista Guido, José Schumacher","Elvino Vardaro, Cayetano Puglisi, Octavio Scaglione, Antonio Rossi, José Nieso","Piano, Bass, 2 Bandoneons, 5 Violins"
Roberto Firpo,Roberto Firpo Jazz Band,1927-04-08,Risas y Lágrimas,,Vals,Jazz Band,Odeón,,,,Francisco Caso,,,26-28 Nijensohn Piano,Miguel Nijensohn,Ángel Corleto,"Juan Bautista Guido, José Schumacher","Elvino Vardaro, Cayetano Puglisi, Octavio Scaglione, Antonio Rossi, José Nieso","Piano, Bass, 2 Bandoneons, 5 Violins"
Roberto Firpo,Orquesta Roberto Firpo,1927-04-21,Noche de Amor,,Tango,Instrumental,Odeón,,,,"Luis Rubistein, Fernando Franco","Luis Rubistein, Fernando Franco",,26-28 Nijensohn Piano,Miguel Nijensohn,Ángel Corleto,"Juan Bautista Guido, José Schumacher","Elvino Vardaro, Cayetano Puglisi, Octavio Scaglione, Antonio Rossi, José Nieso","Piano, Bass, 2 Bandoneons, 5 Violins"
Roberto Firpo,Orquesta Roberto Firpo,1927-04-21,Que Dios Te Ayude,,Tango,Instrumental,Odeón,,,,V. Conti,,,26-28 Nijensohn Piano,Miguel Nijensohn,Ángel Corleto,"Juan Bautista Guido, José Schumacher","Elvino Vardaro, Cayetano Puglisi, Octavio Scaglione, Antonio Rossi, José Nieso","Piano, Bass, 2 Bandoneons, 5 Violins"
Roberto Firpo,Orquesta Roberto Firpo,1927-04-21,Quiero Estar Solo,,Tango,Instrumental,Odeón,,,,Domingo Di Domenico,,,26-28 Nijensohn Piano,Miguel Nijensohn,Ángel Corleto,"Juan Bautista Guido, José Schumacher","Elvino Vardaro, Cayetano Puglisi, Octavio Scaglione, Antonio Rossi, José Nieso","Piano, Bass, 2 Bandoneons, 5 Violins"
Roberto Firpo,Orquesta Roberto Firpo,1927-04-29,Pájaro Suelto,,Tango,Instrumental,Odeón,,,,Alberto Rodríguez,,,26-28 Nijensohn Piano,Miguel Nijensohn,Ángel Corleto,"Juan Bautista Guido, José Schumacher","Elvino Vardaro, Cayetano Puglisi, Octavio Scaglione, Antonio Rossi, José Nieso","Piano, Bass, 2 Bandoneons, 5 Violins"
Roberto Firpo,Orquesta Roberto Firpo,1927-04-29,Tú Recuerdo,,Tango,Instrumental,Odeón,,,,Amado Simone,,,26-28 Nijensohn Piano,Miguel Nijensohn,Ángel Corleto,"Juan Bautista Guido, José Schumacher","Elvino Vardaro, Cayetano Puglisi, Octavio Scaglione, Antonio Rossi, José Nieso","Piano, Bass, 2 Bandoneons, 5 Violins"
Roberto Firpo,Orquesta Roberto Firpo,1927-05-19,A Media Luz,,Tango,Instrumental,Odeón,,,,Edgardo Donato,Carlos Lenzi,,26-28 Nijensohn Piano,Miguel Nijensohn,Ángel Corleto,"Juan Bautista Guido, José Schumacher","Elvino Vardaro, Cayetano Puglisi, Octavio Scaglione, Antonio Rossi, José Nieso","Piano, Bass, 2 Bandoneons, 5 Violins"
Roberto Firpo,Orquesta Roberto Firpo,1927-05-19,Jueves,,Tango,Instrumental,Odeón,,,,"Rafael Rossi, Udelino Toranzo",,,26-28 Nijensohn Piano,Miguel Nijensohn,Ángel Corleto,"Juan Bautista Guido, José Schumacher","Elvino Vardaro, Cayetano Puglisi, Octavio Scaglione, Antonio Rossi, José Nieso","Piano, Bass, 2 Bandoneons, 5 Violins"
Roberto Firpo,Orquesta Roberto Firpo,1927-05-19,Tierra Negra,,Tango,Instrumental,Odeón,,,,"Graciano De Leone, Juan Noli",Francisco Bastardi,,26-28 Nijensohn Piano,Miguel Nijensohn,Ángel Corleto,"Juan Bautista Guido, José Schumacher","Elvino Vardaro, Cayetano Puglisi, Octavio Scaglione, Antonio Rossi, José Nieso","Piano, Bass, 2 Bandoneons, 5 Violins"
Roberto Firpo,Orquesta Roberto Firpo,1927-05-19,Vea Vea,Vea Vea,Tango,Instrumental,Odeón,,,,Roberto Firpo,Alberto Lago,,26-28 Nijensohn Piano,Miguel Nijensohn,Ángel Corleto,"Juan Bautista Guido, José Schumacher","Elvino Vardaro, Cayetano Puglisi, Octavio Scaglione, Antonio Rossi, José Nieso","Piano, Bass, 2 Bandoneons, 5 Violins"
Roberto Firpo,Orquesta Roberto Firpo,1927-05-20,Ríe Bataclana,,Tango,Instrumental,Odeón,,,,Rafael Rossi,,,26-28 Nijensohn Piano,Miguel Nijensohn,Ángel Corleto,"Juan Bautista Guido, José Schumacher","Elvino Vardaro, Cayetano Puglisi, Octavio Scaglione, Antonio Rossi, José Nieso","Piano, Bass, 2 Bandoneons, 5 Violins"
Roberto Firpo,Orquesta Roberto Firpo,1927-05-27,Cuándo Volverás,,Tango,Instrumental,Odeón,,,,Pedro Maffía,José Staffolani,,26-28 Nijensohn Piano,Miguel Nijensohn,Ángel Corleto,"Juan Bautista Guido, José Schumacher","Elvino Vardaro, Cayetano Puglisi, Octavio Scaglione, Antonio Rossi, José Nieso","Piano, Bass, 2 Bandoneons, 5 Violins"
Roberto Firpo,Orquesta Roberto Firpo,1927-05-27,Desaires,,Tango,Instrumental,Odeón,,,,Manuel Parada,,,26-28 Nijensohn Piano,Miguel Nijensohn,Ángel Corleto,"Juan Bautista Guido, José Schumacher","Elvino Vardaro, Cayetano Puglisi, Octavio Scaglione, Antonio Rossi, José Nieso","Piano, Bass, 2 Bandoneons, 5 Violins"
Roberto Firpo,Orquesta Roberto Firpo,1927-05-27,Fuiste Mala,,Tango,Instrumental,Odeón,,,,Pedro Maffía,,,26-28 Nijensohn Piano,Miguel Nijensohn,Ángel Corleto,"Juan Bautista Guido, José Schumacher","Elvino Vardaro, Cayetano Puglisi, Octavio Scaglione, Antonio Rossi, José Nieso","Piano, Bass, 2 Bandoneons, 5 Violins"
Roberto Firpo,Orquesta Roberto Firpo,1927-06-03,9 de Julio,Nueve de Julio,Tango,Instrumental,Odeón,,,,José Padula,Lito Bayardo,,26-28 Nijensohn Piano,Miguel Nijensohn,Ángel Corleto,"Juan Bautista Guido, José Schumacher","Elvino Vardaro, Cayetano Puglisi, Octavio Scaglione, Antonio Rossi, José Nieso","Piano, Bass, 2 Bandoneons, 5 Violins"
Roberto Firpo,Orquesta Roberto Firpo,1927-06-03,La Maleva,,Tango,Instrumental,Odeón,,,,Antonio Buglione,Mario Pardo,,26-28 Nijensohn Piano,Miguel Nijensohn,Ángel Corleto,"Juan Bautista Guido, José Schumacher","Elvino Vardaro, Cayetano Puglisi, Octavio Scaglione, Antonio Rossi, José Nieso","Piano, Bass, 2 Bandoneons, 5 Violins"
Roberto Firpo,Orquesta Roberto Firpo,1927-06-03,Oro Muerto,Jirón Porteño,Tango,Instrumental,Odeón,,,,"Juan Raggi, Julio Navarrine","Juan Raggi, Julio Navarrine",,26-28 Nijensohn Piano,Miguel Nijensohn,Ángel Corleto,"Juan Bautista Guido, José Schumacher","Elvino Vardaro, Cayetano Puglisi, Octavio Scaglione, Antonio Rossi, José Nieso","Piano, Bass, 2 Bandoneons, 5 Violins"
Roberto Firpo,Orquesta Roberto Firpo,1927-06-03,Sentimiento Criollo,,Tango,Instrumental,Odeón,,,,Roberto Firpo,Domingo Lombardi,,26-28 Nijensohn Piano,Miguel Nijensohn,Ángel Corleto,"Juan Bautista Guido, José Schumacher","Elvino Vardaro, Cayetano Puglisi, Octavio Scaglione, Antonio Rossi, José Nieso","Piano, Bass, 2 Bandoneons, 5 Violins"
Roberto Firpo,Orquesta Roberto Firpo,1927-06-09,Farolito Viejo,,Tango,Instrumental,Odeón,,,,Luis Teisseire,José Riú,,26-28 Nijensohn Piano,Miguel Nijensohn,Ángel Corleto,"Juan Bautista Guido, José Schumacher","Elvino Vardaro, Cayetano Puglisi, Octavio Scaglione, Antonio Rossi, José Nieso","Piano, Bass, 2 Bandoneons, 5 Violins"
Roberto Firpo,Orquesta Roberto Firpo,1927-06-09,Micifuz,,Tango,Instrumental,Odeón,,,,Adolfo Avilés,Enrique Maroni,,26-28 Nijensohn Piano,Miguel Nijensohn,Ángel Corleto,"Juan Bautista Guido, José Schumacher","Elvino Vardaro, Cayetano Puglisi, Octavio Scaglione, Antonio Rossi, José Nieso","Piano, Bass, 2 Bandoneons, 5 Violins"
Roberto Firpo,Orquesta Roberto Firpo,1927-06-11,A la Luz del Candil,A la Luz de un Candíl,Tango,Instrumental,Odeón,,,,Carlos Flores,Julio Navarrine,,26-28 Nijensohn Piano,Miguel Nijensohn,Ángel Corleto,"Juan Bautista Guido, José Schumacher","Elvino Vardaro, Cayetano Puglisi, Octavio Scaglione, Antonio Rossi, José Nieso","Piano, Bass, 2 Bandoneons, 5 Violins"
Roberto Firpo,Orquesta Roberto Firpo,1927-06-11,Allá en Barracas,,Tango,Instrumental,Odeón,,,,L. Gastaldi,,,26-28 Nijensohn Piano,Miguel Nijensohn,Ángel Corleto,"Juan Bautista Guido, José Schumacher","Elvino Vardaro, Cayetano Puglisi, Octavio Scaglione, Antonio Rossi, José Nieso","Piano, Bass, 2 Bandoneons, 5 Violins"
Roberto Firpo,Orquesta Roberto Firpo,1927-06-17,Pebeta,,Tango,Instrumental,Odeón,,,,Nicolás Vaccaro,,,26-28 Nijensohn Piano,Miguel Nijensohn,Ángel Corleto,"Juan Bautista Guido, José Schumacher","Elvino Vardaro, Cayetano Puglisi, Octavio Scaglione, Antonio Rossi, José Nieso","Piano, Bass, 2 Bandoneons, 5 Violins"
Roberto Firpo,Orquesta Roberto Firpo,1927-06-17,Rosa de Sangre,,Tango,Instrumental,Odeón,,,,Pedro Vérgez,,,26-28 Nijensohn Piano,Miguel Nijensohn,Ángel Corleto,"Juan Bautista Guido, José Schumacher","Elvino Vardaro, Cayetano Puglisi, Octavio Scaglione, Antonio Rossi, José Nieso","Piano, Bass, 2 Bandoneons, 5 Violins"
Roberto Firpo,Orquesta Roberto Firpo,1927-06-17,Un Tropezón,,Tango,Instrumental,Odeón,,,,Raúl Hoyos,Luis Herrera,,26-28 Nijensohn Piano,Miguel Nijensohn,Ángel Corleto,"Juan Bautista Guido, José Schumacher","Elvino Vardaro, Cayetano Puglisi, Octavio Scaglione, Antonio Rossi, José Nieso","Piano, Bass, 2 Bandoneons, 5 Violins"
Roberto Firpo,Orquesta Roberto Firpo,1927-06-23,Criolla Linda,,Tango,Instrumental,Odeón,,,,Cristino Tapia,,,26-28 Nijensohn Piano,Miguel Nijensohn,Ángel Corleto,"Juan Bautista Guido, José Schumacher","Elvino Vardaro, Cayetano Puglisi, Octavio Scaglione, Antonio Rossi, José Nieso","Piano, Bass, 2 Bandoneons, 5 Violins"
Roberto Firpo,Orquesta Roberto Firpo,1927-06-23,Gauchito Lindo,,Tango,Instrumental,Odeón,,,,"Enrique Maciel, Francisco Brancatti",,,26-28 Nijensohn Piano,Miguel Nijensohn,Ángel Corleto,"Juan Bautista Guido, José Schumacher","Elvino Vardaro, Cayetano Puglisi, Octavio Scaglione, Antonio Rossi, José Nieso","Piano, Bass, 2 Bandoneons, 5 Violins"
Roberto Firpo,Orquesta Roberto Firpo,1927-06-23,Hojarasca,,Tango,Instrumental,Odeón,,,,Rosendo Pesoa,Enrique Cadícamo,,26-28 Nijensohn Piano,Miguel Nijensohn,Ángel Corleto,"Juan Bautista Guido, José Schumacher","Elvino Vardaro, Cayetano Puglisi, Octavio Scaglione, Antonio Rossi, José Nieso","Piano, Bass, 2 Bandoneons, 5 Violins"
Roberto Firpo,Orquesta Roberto Firpo,1927-07-14,El Poncho del Amor,Juancito de la Ribera,Tango,Instrumental,Odeón,,,,Antonio Scatasso,Alberto Vaccarezza,,26-28 Nijensohn Piano,Miguel Nijensohn,Ángel Corleto,"Juan Bautista Guido, José Schumacher","Elvino Vardaro, Cayetano Puglisi, Octavio Scaglione, Antonio Rossi, José Nieso","Piano, Bass, 2 Bandoneons, 5 Violins"
Roberto Firpo,Orquesta Roberto Firpo,1927-07-14,Gorjeos,Gorgeos,Tango,Instrumental,Odeón,,,,Remo Bernasconi,,,26-28 Nijensohn Piano,Miguel Nijensohn,Ángel Corleto,"Juan Bautista Guido, José Schumacher","Elvino Vardaro, Cayetano Puglisi, Octavio Scaglione, Antonio Rossi, José Nieso","Piano, Bass, 2 Bandoneons, 5 Violins"
Roberto Firpo,Orquesta Roberto Firpo,1927-07-21,Volvé Hermanita,,Tango,Instrumental,Odeón,,,,Juan Polito,Salvador Polito,,26-28 Nijensohn Piano,Miguel Nijensohn,Ángel Corleto,"Juan Bautista Guido, José Schumacher","Elvino Vardaro, Cayetano Puglisi, Octavio Scaglione, Antonio Rossi, José Nieso","Piano, Bass, 2 Bandoneons, 5 Violins"
Roberto Firpo,Orquesta Roberto Firpo,1927-07-23,La Canción del Cabaret,Mala,Tango,Instrumental,Odeón,,,,Roberto Firpo,Mario Flores,,26-28 Nijensohn Piano,Miguel Nijensohn,Ángel Corleto,"Juan Bautista Guido, José Schumacher","Elvino Vardaro, Cayetano Puglisi, Octavio Scaglione, Antonio Rossi, José Nieso","Piano, Bass, 2 Bandoneons, 5 Violins"
Roberto Firpo,Orquesta Roberto Firpo,1927-07-23,Linda Estampa,,Tango,Instrumental,Odeón,,,,"Juan Guido, Pedro Vérgez",Francisco Bastardi,,26-28 Nijensohn Piano,Miguel Nijensohn,Ángel Corleto,"Juan Bautista Guido, José Schumacher","Elvino Vardaro, Cayetano Puglisi, Octavio Scaglione, Antonio Rossi, José Nieso","Piano, Bass, 2 Bandoneons, 5 Violins"
Roberto Firpo,Orquesta Roberto Firpo,1927-07-23,Pablo,,Tango,Instrumental,Odeón,,,,José Martínez,Héctor Polito,,26-28 Nijensohn Piano,Miguel Nijensohn,Ángel Corleto,"Juan Bautista Guido, José Schumacher","Elvino Vardaro, Cayetano Puglisi, Octavio Scaglione, Antonio Rossi, José Nieso","Piano, Bass, 2 Bandoneons, 5 Violins"
Roberto Firpo,Orquesta Roberto Firpo,1927-07-25,Barcos Amarrados,,Tango,Instrumental,Odeón,,,,Julio Navarrine,,,26-28 Nijensohn Piano,Miguel Nijensohn,Ángel Corleto,"Juan Bautista Guido, José Schumacher","Elvino Vardaro, Cayetano Puglisi, Octavio Scaglione, Antonio Rossi, José Nieso","Piano, Bass, 2 Bandoneons, 5 Violins"
Roberto Firpo,Orquesta Roberto Firpo,1927-07-25,Purrete de Mi Amor,,Tango,Instrumental,Odeón,,,,Raúl Hoyos,Luis Herrera,,26-28 Nijensohn Piano,Miguel Nijensohn,Ángel Corleto,"Juan Bautista Guido, José Schumacher","Elvino Vardaro, Cayetano Puglisi, Octavio Scaglione, Antonio Rossi, José Nieso","Piano, Bass, 2 Bandoneons, 5 Violins"
Roberto Firpo,Orquesta Roberto Firpo,1927-07-26,Alma de Bohemio,,Tango,Instrumental,Odeón,,,,Roberto Firpo,Juan Caruso,,26-28 Nijensohn Piano,Miguel Nijensohn,Ángel Corleto,"Juan Bautista Guido, José Schumacher","Elvino Vardaro, Cayetano Puglisi, Octavio Scaglione, Antonio Rossi, José Nieso","Piano, Bass, 2 Bandoneons, 5 Violins"
Roberto Firpo,Orquesta Roberto Firpo,1927-07-26,Yo Te Bendigo,,Tango,Instrumental,Odeón,,,,Juan Filiberto,Juan Bruno,,26-28 Nijensohn Piano,Miguel Nijensohn,Ángel Corleto,"Juan Bautista Guido, José Schumacher","Elvino Vardaro, Cayetano Puglisi, Octavio Scaglione, Antonio Rossi, José Nieso","Piano, Bass, 2 Bandoneons, 5 Violins"
Roberto Firpo,Orquesta Roberto Firpo,1927-07-28,Carosito,,Tango,Instrumental,Odeón,,,,Roque Biafore,Juan Durante,,26-28 Nijensohn Piano,Miguel Nijensohn,Ángel Corleto,"Juan Bautista Guido, José Schumacher","Elvino Vardaro, Cayetano Puglisi, Octavio Scaglione, Antonio Rossi, José Nieso","Piano, Bass, 2 Bandoneons, 5 Violins"
Roberto Firpo,Orquesta Roberto Firpo,1927-07-28,Retoños,,Tango,Instrumental,Odeón,,,,Osvaldo Pugliese,,,26-28 Nijensohn Piano,Miguel Nijensohn,Ángel Corleto,"Juan Bautista Guido, José Schumacher","Elvino Vardaro, Cayetano Puglisi, Octavio Scaglione, Antonio Rossi, José Nieso","Piano, Bass, 2 Bandoneons, 5 Violins"
Roberto Firpo,Orquesta Roberto Firpo,1927-08-02,Boquita de Ángel,,Tango,Instrumental,Odeón,,,,Humberto Costanzo,,,26-28 Nijensohn Piano,Miguel Nijensohn,Ángel Corleto,"Juan Bautista Guido, José Schumacher","Elvino Vardaro, Cayetano Puglisi, Octavio Scaglione, Antonio Rossi, José Nieso","Piano, Bass, 2 Bandoneons, 5 Violins"
Roberto Firpo,Orquesta Roberto Firpo,1927-08-02,Cortesanita,,Tango,Instrumental,Odeón,,,,Manuel Parada,Enrique Dizeo,,26-28 Nijensohn Piano,Miguel Nijensohn,Ángel Corleto,"Juan Bautista Guido, José Schumacher","Elvino Vardaro, Cayetano Puglisi, Octavio Scaglione, Antonio Rossi, José Nieso","Piano, Bass, 2 Bandoneons, 5 Violins"
Roberto Firpo,Orquesta Roberto Firpo,1927-08-02,Princesita,,Tango,Instrumental,Odeón,,,,Antonio Trelles,,,26-28 Nijensohn Piano,Miguel Nijensohn,Ángel Corleto,"Juan Bautista Guido, José Schumacher","Elvino Vardaro, Cayetano Puglisi, Octavio Scaglione, Antonio Rossi, José Nieso","Piano, Bass, 2 Bandoneons, 5 Violins"
Roberto Firpo,Orquesta Roberto Firpo,1927-08-06,La Muchacha del Arrabal,,Tango,Instrumental,Odeón,,,,"Roberto Firpo, J.a. Saavedra, L. Ri?os",,,26-28 Nijensohn Piano,Miguel Nijensohn,Ángel Corleto,"Juan Bautista Guido, José Schumacher","Elvino Vardaro, Cayetano Puglisi, Octavio Scaglione, Antonio Rossi, José Nieso","Piano, Bass, 2 Bandoneons, 5 Violins"
Roberto Firpo,Orquesta Roberto Firpo,1927-08-06,Una Sombra,,Tango,Instrumental,Odeón,,,,Roberto Firpo,,,26-28 Nijensohn Piano,Miguel Nijensohn,Ángel Corleto,"Juan Bautista Guido, José Schumacher","Elvino Vardaro, Cayetano Puglisi, Octavio Scaglione, Antonio Rossi, José Nieso","Piano, Bass, 2 Bandoneons, 5 Violins"
Roberto Firpo,Orquesta Roberto Firpo,1927-08-16,Calle Corrientes,,Tango,Instrumental,Odeón,,,,Enrique Delfino,Alberto Vacarezza,,26-28 Nijensohn Piano,Miguel Nijensohn,Ángel Corleto,"Juan Bautista Guido, José Schumacher","Elvino Vardaro, Cayetano Puglisi, Octavio Scaglione, Antonio Rossi, José Nieso","Piano, Bass, 2 Bandoneons, 5 Violins"
Roberto Firpo,Orquesta Roberto Firpo,1927-08-16,Decime Que Sí,,Tango,Instrumental,Odeón,,,,Anselmo Aieta,Francisco Jiménez,,26-28 Nijensohn Piano,Miguel Nijensohn,Ángel Corleto,"Juan Bautista Guido, José Schumacher","Elvino Vardaro, Cayetano Puglisi, Octavio Scaglione, Antonio Rossi, José Nieso","Piano, Bass, 2 Bandoneons, 5 Violins"
Roberto Firpo,Orquesta Roberto Firpo,1927-08-16,No Quiero Más Besos,,Tango,Instrumental,Odeón,,,,Anselmo Aieta,,,26-28 Nijensohn Piano,Miguel Nijensohn,Ángel Corleto,"Juan Bautista Guido, José Schumacher","Elvino Vardaro, Cayetano Puglisi, Octavio Scaglione, Antonio Rossi, José Nieso","Piano, Bass, 2 Bandoneons, 5 Violins"
Roberto Firpo,Orquesta Roberto Firpo,1927-08-16,No Salgas de Tu Barrio,,Tango,Instrumental,Odeón,,,,Enrique Delfino,Arturo Bustamante,,26-28 Nijensohn Piano,Miguel Nijensohn,Ángel Corleto,"Juan Bautista Guido, José Schumacher","Elvino Vardaro, Cayetano Puglisi, Octavio Scaglione, Antonio Rossi, José Nieso","Piano, Bass, 2 Bandoneons, 5 Violins"
Roberto Firpo,Orquesta Roberto Firpo,1927-08-23,El Trece,El 13,Tango,Instrumental,Odeón,,,,Alberico Spátola,Ángel Villoldo,,26-28 Nijensohn Piano,Miguel Nijensohn,Ángel Corleto,"Juan Bautista Guido, José Schumacher","Elvino Vardaro, Cayetano Puglisi, Octavio Scaglione, Antonio Rossi, José Nieso","Piano, Bass, 2 Bandoneons, 5 Violins"
Roberto Firpo,Orquesta Roberto Firpo,1927-08-23,Fumando Espero,,Tango,Instrumental,Odeón,,,,Juan Masanas,Félix Garzo,,26-28 Nijensohn Piano,Miguel Nijensohn,Ángel Corleto,"Juan Bautista Guido, José Schumacher","Elvino Vardaro, Cayetano Puglisi, Octavio Scaglione, Antonio Rossi, José Nieso","Piano, Bass, 2 Bandoneons, 5 Violins"
Roberto Firpo,Orquesta Roberto Firpo,1927-08-25,El Caburé,,Tango,Instrumental,Odeón,,,,Arturo De Bassi,,,26-28 Nijensohn Piano,Miguel Nijensohn,Ángel Corleto,"Juan Bautista Guido, José Schumacher","Elvino Vardaro, Cayetano Puglisi, Octavio Scaglione, Antonio Rossi, José Nieso","Piano, Bass, 2 Bandoneons, 5 Violins"
Roberto Firpo,Orquesta Roberto Firpo,1927-08-25,El Incendio,,Tango,Instrumental,Odeón,,,,Arturo De Bassi,,,26-28 Nijensohn Piano,Miguel Nijensohn,Ángel Corleto,"Juan Bautista Guido, José Schumacher","Elvino Vardaro, Cayetano Puglisi, Octavio Scaglione, Antonio Rossi, José Nieso","Piano, Bass, 2 Bandoneons, 5 Violins"
Roberto Firpo,Orquesta Roberto Firpo,1927-08-25,El Rápido,,Tango,Instrumental,Odeón,,,,Roberto Firpo,,,26-28 Nijensohn Piano,Miguel Nijensohn,Ángel Corleto,"Juan Bautista Guido, José Schumacher","Elvino Vardaro, Cayetano Puglisi, Octavio Scaglione, Antonio Rossi, José Nieso","Piano, Bass, 2 Bandoneons, 5 Violins"
Roberto Firpo,Orquesta Roberto Firpo,1927-09-03,Dejá la Farra,,Tango,Instrumental,Odeón,,,,Ernesto Di Cicco,,,26-28 Nijensohn Piano,Miguel Nijensohn,Ángel Corleto,"Juan Bautista Guido, José Schumacher","Elvino Vardaro, Cayetano Puglisi, Octavio Scaglione, Antonio Rossi, José Nieso","Piano, Bass, 2 Bandoneons, 5 Violins"
Roberto Firpo,Orquesta Roberto Firpo,1927-09-03,Leguisamo Solo,,Tango,Instrumental,Odeón,,,,Modesto Papávero,Modesto Papávero,,26-28 Nijensohn Piano,Miguel Nijensohn,Ángel Corleto,"Juan Bautista Guido, José Schumacher","Elvino Vardaro, Cayetano Puglisi, Octavio Scaglione, Antonio Rossi, José Nieso","Piano, Bass, 2 Bandoneons, 5 Violins"
Roberto Firpo,Orquesta Roberto Firpo,1927-09-03,Vení Maula,,Tango,Instrumental,Odeón,,,,Juan Rezzano,Jesús Blanco,,26-28 Nijensohn Piano,Miguel Nijensohn,Ángel Corleto,"Juan Bautista Guido, José Schumacher","Elvino Vardaro, Cayetano Puglisi, Octavio Scaglione, Antonio Rossi, José Nieso","Piano, Bass, 2 Bandoneons, 5 Violins"
Roberto Firpo,Orquesta Roberto Firpo,1927-09-08,Capricho Malevo,,Tango,Instrumental,Odeón,,,,Miguel Bucino,,,26-28 Nijensohn Piano,Miguel Nijensohn,Ángel Corleto,"Juan Bautista Guido, José Schumacher","Elvino Vardaro, Cayetano Puglisi, Octavio Scaglione, Antonio Rossi, José Nieso","Piano, Bass, 2 Bandoneons, 5 Violins"
Roberto Firpo,Orquesta Roberto Firpo,1927-09-08,Dios Te Salve,Pebeta Loca,Tango,Instrumental,Odeón,,,,Tomás Cervo,,,26-28 Nijensohn Piano,Miguel Nijensohn,Ángel Corleto,"Juan Bautista Guido, José Schumacher","Elvino Vardaro, Cayetano Puglisi, Octavio Scaglione, Antonio Rossi, José Nieso","Piano, Bass, 2 Bandoneons, 5 Violins"
Roberto Firpo,Orquesta Roberto Firpo,1927-09-08,Esperando Estoy,,Tango,Instrumental,Odeón,,,,"Juan Guido, Pedro Vérgez",,,26-28 Nijensohn Piano,Miguel Nijensohn,Ángel Corleto,"Juan Bautista Guido, José Schumacher","Elvino Vardaro, Cayetano Puglisi, Octavio Scaglione, Antonio Rossi, José Nieso","Piano, Bass, 2 Bandoneons, 5 Violins"
Roberto Firpo,Orquesta Roberto Firpo,1927-09-08,Saturnia,,Tango,Instrumental,Odeón,,,,Juan Filiberto,Nicolás Olivari,,26-28 Nijensohn Piano,Miguel Nijensohn,Ángel Corleto,"Juan Bautista Guido, José Schumacher","Elvino Vardaro, Cayetano Puglisi, Octavio Scaglione, Antonio Rossi, José Nieso","Piano, Bass, 2 Bandoneons, 5 Violins"
Roberto Firpo,Orquesta Roberto Firpo,1927-09-16,Cotorrita de la Suerte,,Tango,Instrumental,Odeón,,,,Alfredo De Franco,José De Grandis,,26-28 Nijensohn Piano,Miguel Nijensohn,Ángel Corleto,"Juan Bautista Guido, José Schumacher","Elvino Vardaro, Cayetano Puglisi, Octavio Scaglione, Antonio Rossi, José Nieso","Piano, Bass, 2 Bandoneons, 5 Violins"
Roberto Firpo,Orquesta Roberto Firpo,1927-09-22,Ahí Va el Disco,,Tango,Instrumental,Odeón,,,,Remo Bernasconi,,,26-28 Nijensohn Piano,Miguel Nijensohn,Ángel Corleto,"Juan Bautista Guido, José Schumacher","Elvino Vardaro, Cayetano Puglisi, Octavio Scaglione, Antonio Rossi, José Nieso","Piano, Bass, 2 Bandoneons, 5 Violins"
Roberto Firpo,Orquesta Roberto Firpo,1927-10-06,El Calabozo,,Tango,Instrumental,Odeón,,,,Augusto Gentile,,,26-28 Nijensohn Piano,Miguel Nijensohn,Ángel Corleto,"Juan Bautista Guido, José Schumacher","Elvino Vardaro, Cayetano Puglisi, Octavio Scaglione, Antonio Rossi, José Nieso","Piano, Bass, 2 Bandoneons, 5 Violins"
Roberto Firpo,Orquesta Roberto Firpo,1927-10-06,La Chiflada,El Silbido,Tango,Instrumental,Odeón,,,,Anselmo Aieta,Francisco Jiménez,,26-28 Nijensohn Piano,Miguel Nijensohn,Ángel Corleto,"Juan Bautista Guido, José Schumacher","Elvino Vardaro, Cayetano Puglisi, Octavio Scaglione, Antonio Rossi, José Nieso","Piano, Bass, 2 Bandoneons, 5 Violins"
Roberto Firpo,Orquesta Roberto Firpo,1927-10-06,Mala Suerte,,Tango,Instrumental,Odeón,,,,Augusto Gentile,,,26-28 Nijensohn Piano,Miguel Nijensohn,Ángel Corleto,"Juan Bautista Guido, José Schumacher","Elvino Vardaro, Cayetano Puglisi, Octavio Scaglione, Antonio Rossi, José Nieso","Piano, Bass, 2 Bandoneons, 5 Violins"
Roberto Firpo,Orquesta Roberto Firpo,1927-10-06,Nostalgias,,Tango,Instrumental,Odeón,,,,C. De Caro,,,26-28 Nijensohn Piano,Miguel Nijensohn,Ángel Corleto,"Juan Bautista Guido, José Schumacher","Elvino Vardaro, Cayetano Puglisi, Octavio Scaglione, Antonio Rossi, José Nieso","Piano, Bass, 2 Bandoneons, 5 Violins"
Roberto Firpo,Orquesta Roberto Firpo,1927-10-06,Romántico Bulincito,,Tango,Instrumental,Odeón,,,,Augusto Gentile,Enrique Dizeo,,26-28 Nijensohn Piano,Miguel Nijensohn,Ángel Corleto,"Juan Bautista Guido, José Schumacher","Elvino Vardaro, Cayetano Puglisi, Octavio Scaglione, Antonio Rossi, José Nieso","Piano, Bass, 2 Bandoneons, 5 Violins"
Roberto Firpo,Orquesta Roberto Firpo,1927-10-13,Caído del Cielo,,Tango,Instrumental,Odeón,,,,"Antonio Polito, Pedro Polito",Antonio Polito,,26-28 Nijensohn Piano,Miguel Nijensohn,Ángel Corleto,"Juan Bautista Guido, José Schumacher","Elvino Vardaro, Cayetano Puglisi, Octavio Scaglione, Antonio Rossi, José Nieso","Piano, Bass, 2 Bandoneons, 5 Violins"
Roberto Firpo,Orquesta Roberto Firpo,1927-10-13,El Mal Que Me Hiciste,,Tango,Instrumental,Odeón,,,,Carlos Percuoco,Luis De Biase,,26-28 Nijensohn Piano,Miguel Nijensohn,Ángel Corleto,"Juan Bautista Guido, José Schumacher","Elvino Vardaro, Cayetano Puglisi, Octavio Scaglione, Antonio Rossi, José Nieso","Piano, Bass, 2 Bandoneons, 5 Violins"
Roberto Firpo,Orquesta Roberto Firpo,1927-10-13,Mburucuyá,,Tango,Instrumental,Odeón,,,,Pedro Donato,,,26-28 Nijensohn Piano,Miguel Nijensohn,Ángel Corleto,"Juan Bautista Guido, José Schumacher","Elvino Vardaro, Cayetano Puglisi, Octavio Scaglione, Antonio Rossi, José Nieso","Piano, Bass, 2 Bandoneons, 5 Violins"
Roberto Firpo,Orquesta Roberto Firpo,1927-10-13,Noche de Reyes,,Tango,Instrumental,Odeón,,,,Pedro Maffía,Jorge Curí,,26-28 Nijensohn Piano,Miguel Nijensohn,Ángel Corleto,"Juan Bautista Guido, José Schumacher","Elvino Vardaro, Cayetano Puglisi, Octavio Scaglione, Antonio Rossi, José Nieso","Piano, Bass, 2 Bandoneons, 5 Violins"
Roberto Firpo,Orquesta Roberto Firpo,1927-10-13,Perfume de Mujer,,Tango,Instrumental,Odeón,,,,Juan Guichandut,Armando Tagini,,26-28 Nijensohn Piano,Miguel Nijensohn,Ángel Corleto,"Juan Bautista Guido, José Schumacher","Elvino Vardaro, Cayetano Puglisi, Octavio Scaglione, Antonio Rossi, José Nieso","Piano, Bass, 2 Bandoneons, 5 Violins"
Roberto Firpo,Orquesta Roberto Firpo,1927-10-13,Queja Indiana,,Tango,Instrumental,Odeón,,,,Juan Rodríguez,Juan Velich,,26-28 Nijensohn Piano,Miguel Nijensohn,Ángel Corleto,"Juan Bautista Guido, José Schumacher","Elvino Vardaro, Cayetano Puglisi, Octavio Scaglione, Antonio Rossi, José Nieso","Piano, Bass, 2 Bandoneons, 5 Violins"
Roberto Firpo,Orquesta Roberto Firpo,1927-10-13,Río de Oro,,Tango,Instrumental,Odeón,,,,Lucio Demare,,,26-28 Nijensohn Piano,Miguel Nijensohn,Ángel Corleto,"Juan Bautista Guido, José Schumacher","Elvino Vardaro, Cayetano Puglisi, Octavio Scaglione, Antonio Rossi, José Nieso","Piano, Bass, 2 Bandoneons, 5 Violins"
Roberto Firpo,Orquesta Roberto Firpo,1927-10-20,Desde el Alma,,Vals,Instrumental,Odeón,,,,Rosita Melo,"Víctor Vélez, Homero Manzi",,26-28 Nijensohn Piano,Miguel Nijensohn,Ángel Corleto,"Juan Bautista Guido, José Schumacher","Elvino Vardaro, Cayetano Puglisi, Octavio Scaglione, Antonio Rossi, José Nieso","Piano, Bass, 2 Bandoneons, 5 Violins"
Roberto Firpo,Orquesta Roberto Firpo,1927-10-20,Mentías,,Tango,Instrumental,Odeón,,,,Juan Filiberto,Milon Mujica,,26-28 Nijensohn Piano,Miguel Nijensohn,Ángel Corleto,"Juan Bautista Guido, José Schumacher","Elvino Vardaro, Cayetano Puglisi, Octavio Scaglione, Antonio Rossi, José Nieso","Piano, Bass, 2 Bandoneons, 5 Violins"
Roberto Firpo,Orquesta Roberto Firpo,1927-10-20,Negrucha,,Tango,Instrumental,Odeón,,,,Ciriaco Ortiz,,,26-28 Nijensohn Piano,Miguel Nijensohn,Ángel Corleto,"Juan Bautista Guido, José Schumacher","Elvino Vardaro, Cayetano Puglisi, Octavio Scaglione, Antonio Rossi, José Nieso","Piano, Bass, 2 Bandoneons, 5 Violins"
Roberto Firpo,Orquesta Roberto Firpo,1927-10-20,Olvida Corazón,,Tango,Instrumental,Odeón,,,,Armando Acquarone,,,26-28 Nijensohn Piano,Miguel Nijensohn,Ángel Corleto,"Juan Bautista Guido, José Schumacher","Elvino Vardaro, Cayetano Puglisi, Octavio Scaglione, Antonio Rossi, José Nieso","Piano, Bass, 2 Bandoneons, 5 Violins"
Roberto Firpo,Orquesta Roberto Firpo,1927-10-27,Boca Negra,,Tango,Instrumental,Odeón,,,,Roberto Firpo,,,26-28 Nijensohn Piano,Miguel Nijensohn,Ángel Corleto,"Juan Bautista Guido, José Schumacher","Elvino Vardaro, Cayetano Puglisi, Octavio Scaglione, Antonio Rossi, José Nieso","Piano, Bass, 2 Bandoneons, 5 Violins"
Roberto Firpo,Orquesta Roberto Firpo,1927-10-27,Buenos Tiempos,,Tango,Instrumental,Odeón,,,,Rafael Iriarte,,,26-28 Nijensohn Piano,Miguel Nijensohn,Ángel Corleto,"Juan Bautista Guido, José Schumacher","Elvino Vardaro, Cayetano Puglisi, Octavio Scaglione, Antonio Rossi, José Nieso","Piano, Bass, 2 Bandoneons, 5 Violins"
Roberto Firpo,Orquesta Roberto Firpo,1927-11-04,Fuegos Artificiales,,Tango,Instrumental,Odeón,,,,"Roberto Firpo, Eduardo Arolas",,,26-28 Nijensohn Piano,Miguel Nijensohn,Ángel Corleto,"Juan Bautista Guido, José Schumacher","Elvino Vardaro, Cayetano Puglisi, Octavio Scaglione, Antonio Rossi, José Nieso","Piano, Bass, 2 Bandoneons, 5 Violins"
Roberto Firpo,Orquesta Roberto Firpo,1927-11-04,Lagrimitas,,Tango,Instrumental,Odeón,,,,"José Raynelli, Emilio Marchiano",Emilio Marchiano,,26-28 Nijensohn Piano,Miguel Nijensohn,Ángel Corleto,"Juan Bautista Guido, José Schumacher","Elvino Vardaro, Cayetano Puglisi, Octavio Scaglione, Antonio Rossi, José Nieso","Piano, Bass, 2 Bandoneons, 5 Violins"
Roberto Firpo,Orquesta Roberto Firpo,1927-11-04,Seña Fatal,,Tango,Instrumental,Odeón,,,,Pablo Mazzeo,,,26-28 Nijensohn Piano,Miguel Nijensohn,Ángel Corleto,"Juan Bautista Guido, José Schumacher","Elvino Vardaro, Cayetano Puglisi, Octavio Scaglione, Antonio Rossi, José Nieso","Piano, Bass, 2 Bandoneons, 5 Violins"
Roberto Firpo,Orquesta Roberto Firpo,1927-11-04,Tratala con Cariño,,Tango,Instrumental,Odeón,,,,Rafael Tuegols,,,26-28 Nijensohn Piano,Miguel Nijensohn,Ángel Corleto,"Juan Bautista Guido, José Schumacher","Elvino Vardaro, Cayetano Puglisi, Octavio Scaglione, Antonio Rossi, José Nieso","Piano, Bass, 2 Bandoneons, 5 Violins"
Roberto Firpo,Orquesta Roberto Firpo,1927-11-04,Y una Noche,,Tango,Instrumental,Odeón,,,,Ángel Wells,,,26-28 Nijensohn Piano,Miguel Nijensohn,Ángel Corleto,"Juan Bautista Guido, José Schumacher","Elvino Vardaro, Cayetano Puglisi, Octavio Scaglione, Antonio Rossi, José Nieso","Piano, Bass, 2 Bandoneons, 5 Violins"
Roberto Firpo,Orquesta Roberto Firpo,1927-11-10,Corazón de Criollo,,Tango,Instrumental,Odeón,,,,Alberto Visca,,,26-28 Nijensohn Piano,Miguel Nijensohn,Ángel Corleto,"Juan Bautista Guido, José Schumacher","Elvino Vardaro, Cayetano Puglisi, Octavio Scaglione, Antonio Rossi, José Nieso","Piano, Bass, 2 Bandoneons, 5 Violins"
Roberto Firpo,Orquesta Roberto Firpo,1927-11-10,Mucha Escuela,,Tango,Instrumental,Odeón,,,,C. Tubino,,,26-28 Nijensohn Piano,Miguel Nijensohn,Ángel Corleto,"Juan Bautista Guido, José Schumacher","Elvino Vardaro, Cayetano Puglisi, Octavio Scaglione, Antonio Rossi, José Nieso","Piano, Bass, 2 Bandoneons, 5 Violins"
Roberto Firpo,Orquesta Roberto Firpo,1927-11-10,Quién Lo Sabe,,Tango,Instrumental,Odeón,,,,L. Leoncini,,,26-28 Nijensohn Piano,Miguel Nijensohn,Ángel Corleto,"Juan Bautista Guido, José Schumacher","Elvino Vardaro, Cayetano Puglisi, Octavio Scaglione, Antonio Rossi, José Nieso","Piano, Bass, 2 Bandoneons, 5 Violins"
Roberto Firpo,Orquesta Roberto Firpo,1927-11-24,Cadetes Chilenos,,Tango,Instrumental,Odeón,,,,Carlos Flores,,,26-28 Nijensohn Piano,Miguel Nijensohn,Ángel Corleto,"Juan Bautista Guido, José Schumacher","Elvino Vardaro, Cayetano Puglisi, Octavio Scaglione, Antonio Rossi, José Nieso","Piano, Bass, 2 Bandoneons, 5 Violins"
Roberto Firpo,Orquesta Roberto Firpo,1927-11-24,Tabernero,El Tabernero,Tango,Instrumental,Odeón,,,,"Miguel Cafre, Fausto Frontera",Raúl Olivieri,,26-28 Nijensohn Piano,Miguel Nijensohn,Ángel Corleto,"Juan Bautista Guido, José Schumacher","Elvino Vardaro, Cayetano Puglisi, Octavio Scaglione, Antonio Rossi, José Nieso","Piano, Bass, 2 Bandoneons, 5 Violins"
Roberto Firpo,Orquesta Roberto Firpo,1927-12-11,Adiós Muchachos,,Tango,Instrumental,Odeón,,,,Julio Sanders,"César Vedani, Carol Raven",,26-28 Nijensohn Piano,Miguel Nijensohn,Ángel Corleto,"Juan Bautista Guido, José Schumacher","Elvino Vardaro, Cayetano Puglisi, Octavio Scaglione, Antonio Rossi, José Nieso","Piano, Bass, 2 Bandoneons, 5 Violins"
Roberto Firpo,Orquesta Roberto Firpo,1927-12-11,Inglesita,,Tango,Instrumental,Odeón,,,,Julio Sanders,,,26-28 Nijensohn Piano,Miguel Nijensohn,Ángel Corleto,"Juan Bautista Guido, José Schumacher","Elvino Vardaro, Cayetano Puglisi, Octavio Scaglione, Antonio Rossi, José Nieso","Piano, Bass, 2 Bandoneons, 5 Violins"
Roberto Firpo,Orquesta Roberto Firpo,1928-01-11,Chichito Mío,,Tango,Instrumental,Odeón,,,,Luis Cosenza,,,26-28 Nijensohn Piano,Miguel Nijensohn,Ángel Corleto,"Juan Bautista Guido, José Schumacher","Elvino Vardaro, Cayetano Puglisi, Octavio Scaglione, Antonio Rossi, José Nieso","Piano, Bass, 2 Bandoneons, 5 Violins"
Roberto Firpo,Orquesta Roberto Firpo,1928-01-11,Cuando Llora la Milonga,,Tango,Instrumental,Odeón,,,,Juan Filiberto,Luis Mario,,26-28 Nijensohn Piano,Miguel Nijensohn,Ángel Corleto,"Juan Bautista Guido, José Schumacher","Elvino Vardaro, Cayetano Puglisi, Octavio Scaglione, Antonio Rossi, José Nieso","Piano, Bass, 2 Bandoneons, 5 Violins"
Roberto Firpo,Orquesta Roberto Firpo,1928-01-11,La Cumparsita,Si Supieras,Tango,Instrumental,Odeón,,,,Gerardo Rodríguez,"Pascual Contursi, Enrique Maroni, Gerardo Rodríguez",,26-28 Nijensohn Piano,Miguel Nijensohn,Ángel Corleto,"Juan Bautista Guido, José Schumacher","Elvino Vardaro, Cayetano Puglisi, Octavio Scaglione, Antonio Rossi, José Nieso","Piano, Bass, 2 Bandoneons, 5 Violins"
Roberto Firpo,Orquesta Roberto Firpo,1928-01-11,Qué Lindo Es Estar Metido,Qué Lindo Es Enamorarse,Tango,Instrumental,Odeón,,,,Enrique Delfino,Pascual Contursi,,26-28 Nijensohn Piano,Miguel Nijensohn,Ángel Corleto,"Juan Bautista Guido, José Schumacher","Elvino Vardaro, Cayetano Puglisi, Octavio Scaglione, Antonio Rossi, José Nieso","Piano, Bass, 2 Bandoneons, 5 Violins"
Roberto Firpo,Orquesta Roberto Firpo,1928-02-08,Despedida,,Tango,Canto,Odeón,,,,"Francisco Jiménez, Julio Stamburgo","Francisco Jiménez, Julio Stamburgo",,26-28 Nijensohn Piano,Miguel Nijensohn,Ángel Corleto,"Juan Bautista Guido, José Schumacher","Elvino Vardaro, Cayetano Puglisi, Octavio Scaglione, Antonio Rossi, José Nieso","Piano, Bass, 2 Bandoneons, 5 Violins"
Roberto Firpo,Orquesta Roberto Firpo,1928-02-08,Lechuza,,Tango,Canto,Odeón,,,,Julio Navarrine,Alfredo Navarrine,,26-28 Nijensohn Piano,Miguel Nijensohn,Ángel Corleto,"Juan Bautista Guido, José Schumacher","Elvino Vardaro, Cayetano Puglisi, Octavio Scaglione, Antonio Rossi, José Nieso","Piano, Bass, 2 Bandoneons, 5 Violins"
Roberto Firpo,Orquesta Roberto Firpo,1928-02-08,Sos Aquella Mascarita,,Tango,Teófilo Ibáñez,Odeón,,,,J. Imirizaldi,J. Imirizaldi,,26-28 Nijensohn Piano,Miguel Nijensohn,Ángel Corleto,"Juan Bautista Guido, José Schumacher","Elvino Vardaro, Cayetano Puglisi, Octavio Scaglione, Antonio Rossi, José Nieso","Piano, Bass, 2 Bandoneons, 5 Violins"
Roberto Firpo,Orquesta Roberto Firpo,1928-02-12,Alma de Loca,,Tango,Instrumental,Odeón,,,,Guillermo Cavazza,Jacinto Font,,26-28 Nijensohn Piano,Miguel Nijensohn,Ángel Corleto,"Juan Bautista Guido, José Schumacher","Elvino Vardaro, Cayetano Puglisi, Octavio Scaglione, Antonio Rossi, José Nieso","Piano, Bass, 2 Bandoneons, 5 Violins"
Roberto Firpo,Orquesta Roberto Firpo,1928-02-12,Año Nuevo,,Tango,Canto,Odeón,,,,Juan Polito,Luis Rubistein,,26-28 Nijensohn Piano,Miguel Nijensohn,Ángel Corleto,"Juan Bautista Guido, José Schumacher","Elvino Vardaro, Cayetano Puglisi, Octavio Scaglione, Antonio Rossi, José Nieso","Piano, Bass, 2 Bandoneons, 5 Violins"
Roberto Firpo,Orquesta Roberto Firpo,1928-02-12,Dónde Estás Corazón,,Tango,Teófilo Ibáñez,Odeón,,,,María Godard,Francisco Jiménez,,26-28 Nijensohn Piano,Miguel Nijensohn,Ángel Corleto,"Juan Bautista Guido, José Schumacher","Elvino Vardaro, Cayetano Puglisi, Octavio Scaglione, Antonio Rossi, José Nieso","Piano, Bass, 2 Bandoneons, 5 Violins"
Roberto Firpo,Orquesta Roberto Firpo,1928-02-16,Nieve en el Alma,,Tango,Teófilo Ibáñez,Odeón,,,,L. Leoncini,L. Leoncini,,26-28 Nijensohn Piano,Miguel Nijensohn,Ángel Corleto,"Juan Bautista Guido, José Schumacher","Elvino Vardaro, Cayetano Puglisi, Octavio Scaglione, Antonio Rossi, José Nieso","Piano, Bass, 2 Bandoneons, 5 Violins"
Roberto Firpo,Orquesta Roberto Firpo,1928-02-23,Maldonado,,Tango,Teófilo Ibáñez,Odeón,,,,Luis Visca,Luis Rubistein,,26-28 Nijensohn Piano,Miguel Nijensohn,Ángel Corleto,"Juan Bautista Guido, José Schumacher","Elvino Vardaro, Cayetano Puglisi, Octavio Scaglione, Antonio Rossi, José Nieso","Piano, Bass, 2 Bandoneons, 5 Violins"
Roberto Firpo,Orquesta Roberto Firpo,1928-02-23,Nuestro Hombre,,Tango,Teófilo Ibáñez,Odeón,,,,Anselmo Aieta,Anselmo Aieta,,26-28 Nijensohn Piano,Miguel Nijensohn,Ángel Corleto,"Juan Bautista Guido, José Schumacher","Elvino Vardaro, Cayetano Puglisi, Octavio Scaglione, Antonio Rossi, José Nieso","Piano, Bass, 2 Bandoneons, 5 Violins"
Roberto Firpo,Orquesta Roberto Firpo,1928-02-23,Risa de Mujer,,Tango,Teófilo Ibáñez,Odeón,,,,Juan Larenza,Juan Larenza,,26-28 Nijensohn Piano,Miguel Nijensohn,Ángel Corleto,"Juan Bautista Guido, José Schumacher","Elvino Vardaro, Cayetano Puglisi, Octavio Scaglione, Antonio Rossi, José Nieso","Piano, Bass, 2 Bandoneons, 5 Violins"
Roberto Firpo,Orquesta Roberto Firpo,1928-02-29,Apariencias,,Tango,Teófilo Ibáñez,Odeón,,,,Pascual Storti,Pascual Storti,,26-28 Nijensohn Piano,Miguel Nijensohn,Ángel Corleto,"Juan Bautista Guido, José Schumacher","Elvino Vardaro, Cayetano Puglisi, Octavio Scaglione, Antonio Rossi, José Nieso","Piano, Bass, 2 Bandoneons, 5 Violins"
Roberto Firpo,Orquesta Roberto Firpo,1928-02-29,Madre Mía,,Tango,Teófilo Ibáñez,Odeón,,,,Osvaldo Fresedo,Emilio Fresedo,,26-28 Nijensohn Piano,Miguel Nijensohn,Ángel Corleto,"Juan Bautista Guido, José Schumacher","Elvino Vardaro, Cayetano Puglisi, Octavio Scaglione, Antonio Rossi, José Nieso","Piano, Bass, 2 Bandoneons, 5 Violins"
Roberto Firpo,Orquesta Roberto Firpo,1928-02-29,Yo Me Quiero Disfrazar,,Tango,Teófilo Ibáñez,Odeón,,,,Anselmo Aieta,Francisco Jiménez,,26-28 Nijensohn Piano,Miguel Nijensohn,Ángel Corleto,"Juan Bautista Guido, José Schumacher","Elvino Vardaro, Cayetano Puglisi, Octavio Scaglione, Antonio Rossi, José Nieso","Piano, Bass, 2 Bandoneons, 5 Violins"
Roberto Firpo,Orquesta Roberto Firpo,1928-03-01,Al Pie de Tu Reja,,Vals,Teófilo Ibáñez,Odeón,,,,"Guillermo Barbieri, Rafael Rossi",Eugenio Cárdenas,,26-28 Nijensohn Piano,Miguel Nijensohn,Ángel Corleto,"Juan Bautista Guido, José Schumacher","Elvino Vardaro, Cayetano Puglisi, Octavio Scaglione, Antonio Rossi, José Nieso","Piano, Bass, 2 Bandoneons, 5 Violins"
Roberto Firpo,Orquesta Roberto Firpo,1928-03-01,Reelección,,Tango,Instrumental,Odeón,,,,Pedro Maffía,,,26-28 Nijensohn Piano,Miguel Nijensohn,Ángel Corleto,"Juan Bautista Guido, José Schumacher","Elvino Vardaro, Cayetano Puglisi, Octavio Scaglione, Antonio Rossi, José Nieso","Piano, Bass, 2 Bandoneons, 5 Violins"
Roberto Firpo,Orquesta Roberto Firpo,1928-03-01,Yo Te Perdono,,Tango,Teófilo Ibáñez,Odeón,,,,Roberto Goyeneche,Enrique Cadícamo,,26-28 Nijensohn Piano,Miguel Nijensohn,Ángel Corleto,"Juan Bautista Guido, José Schumacher","Elvino Vardaro, Cayetano Puglisi, Octavio Scaglione, Antonio Rossi, José Nieso","Piano, Bass, 2 Bandoneons, 5 Violins"
Roberto Firpo,Orquesta Roberto Firpo,1928-03-08,Era de Ley,,Tango,Teófilo Ibáñez,Odeón,,,,Virgilio Carmona,Emilio Falero,,26-28 Nijensohn Piano,Miguel Nijensohn,Ángel Corleto,"Juan Bautista Guido, José Schumacher","Elvino Vardaro, Cayetano Puglisi, Octavio Scaglione, Antonio Rossi, José Nieso","Piano, Bass, 2 Bandoneons, 5 Violins"
Roberto Firpo,Orquesta Roberto Firpo,1928-03-08,Quemá Esas Cartas,Quemá Estas Cartas,Tango,Teófilo Ibáñez,Odeón,,,,Raúl Hoyos,Manuel Romero,,26-28 Nijensohn Piano,Miguel Nijensohn,Ángel Corleto,"Juan Bautista Guido, José Schumacher","Elvino Vardaro, Cayetano Puglisi, Octavio Scaglione, Antonio Rossi, José Nieso","Piano, Bass, 2 Bandoneons, 5 Violins"
Roberto Firpo,Orquesta Roberto Firpo,1928-03-15,A Toda Vela,,Tango,Canto,Odeón,,,,Francisco Lomuto,Dante,,26-28 Nijensohn Piano,Miguel Nijensohn,Ángel Corleto,"Juan Bautista Guido, José Schumacher","Elvino Vardaro, Cayetano Puglisi, Octavio Scaglione, Antonio Rossi, José Nieso","Piano, Bass, 2 Bandoneons, 5 Violins"
Roberto Firpo,Orquesta Roberto Firpo,1928-03-15,Andate con la Otra,,Tango,Teófilo Ibáñez,Odeón,,,,Carlos Flores,Enrique Dizeo,,26-28 Nijensohn Piano,Miguel Nijensohn,Ángel Corleto,"Juan Bautista Guido, José Schumacher","Elvino Vardaro, Cayetano Puglisi, Octavio Scaglione, Antonio Rossi, José Nieso","Piano, Bass, 2 Bandoneons, 5 Violins"
Roberto Firpo,Orquesta Roberto Firpo,1928-03-15,Carro Viejo,,Tango,Canto,Odeón,,,,Fernando Montoni,Máximo Orsi,,26-28 Nijensohn Piano,Miguel Nijensohn,Ángel Corleto,"Juan Bautista Guido, José Schumacher","Elvino Vardaro, Cayetano Puglisi, Octavio Scaglione, Antonio Rossi, José Nieso","Piano, Bass, 2 Bandoneons, 5 Violins"
Roberto Firpo,Orquesta Roberto Firpo,1928-03-15,Chiqué,El Elegante,Tango,Instrumental,Odeón,,,,Ricardo Brignolo,Ricardo Brignolo,,26-28 Nijensohn Piano,Miguel Nijensohn,Ángel Corleto,"Juan Bautista Guido, José Schumacher","Elvino Vardaro, Cayetano Puglisi, Octavio Scaglione, Antonio Rossi, José Nieso","Piano, Bass, 2 Bandoneons, 5 Violins"
Roberto Firpo,Orquesta Roberto Firpo,1928-03-15,Joyita de Arrabal,,Tango,Teófilo Ibáñez,Odeón,,,,Pedro Vittori,Pedro Vittori,,26-28 Nijensohn Piano,Miguel Nijensohn,Ángel Corleto,"Juan Bautista Guido, José Schumacher","Elvino Vardaro, Cayetano Puglisi, Octavio Scaglione, Antonio Rossi, José Nieso","Piano, Bass, 2 Bandoneons, 5 Violins"
Roberto Firpo,Orquesta Roberto Firpo,1928-03-15,Tajo a Tajo,,Tango,Teófilo Ibáñez,Odeón,,,,Ricardo González,Ricardo González,,26-28 Nijensohn Piano,Miguel Nijensohn,Ángel Corleto,"Juan Bautista Guido, José Schumacher","Elvino Vardaro, Cayetano Puglisi, Octavio Scaglione, Antonio Rossi, José Nieso","Piano, Bass, 2 Bandoneons, 5 Violins"
Roberto Firpo,Orquesta Roberto Firpo,1928-03-22,Adónde Vas Pierrot,A Donde Vas Pierrot,Tango,Canto,Odeón,,,,Mauricio Mignot,Armando Tagini,,26-28 Nijensohn Piano,Miguel Nijensohn,Ángel Corleto,"Juan Bautista Guido, José Schumacher","Elvino Vardaro, Cayetano Puglisi, Octavio Scaglione, Antonio Rossi, José Nieso","Piano, Bass, 2 Bandoneons, 5 Violins"
Roberto Firpo,Orquesta Roberto Firpo,1928-03-22,El Palomo,,Vals,Instrumental,Odeón,,,,Arturo De Nava,,,26-28 Nijensohn Piano,Miguel Nijensohn,Ángel Corleto,"Juan Bautista Guido, José Schumacher","Elvino Vardaro, Cayetano Puglisi, Octavio Scaglione, Antonio Rossi, José Nieso","Piano, Bass, 2 Bandoneons, 5 Violins"
Roberto Firpo,Orquesta Roberto Firpo,1928-03-22,No Me la Traigan,,Tango,Canto,Odeón,,,,"Orlando Gallo, León Castaing",Francisco Brancatti,,26-28 Nijensohn Piano,Miguel Nijensohn,Ángel Corleto,"Juan Bautista Guido, José Schumacher","Elvino Vardaro, Cayetano Puglisi, Octavio Scaglione, Antonio Rossi, José Nieso","Piano, Bass, 2 Bandoneons, 5 Violins"
Roberto Firpo,Orquesta Roberto Firpo,1928-03-29,Che Papusa Oí,,Tango,Teófilo Ibáñez,Odeón,,,,Gerardo Rodríguez,Enrique Cadícamo,,26-28 Nijensohn Piano,Miguel Nijensohn,Ángel Corleto,"Juan Bautista Guido, José Schumacher","Elvino Vardaro, Cayetano Puglisi, Octavio Scaglione, Antonio Rossi, José Nieso","Piano, Bass, 2 Bandoneons, 5 Violins"
Roberto Firpo,Orquesta Roberto Firpo,1928-03-29,Delfino,,Tango,Instrumental,Odeón,,,,Raúl Peralta,,,26-28 Nijensohn Piano,Miguel Nijensohn,Ángel Corleto,"Juan Bautista Guido, José Schumacher","Elvino Vardaro, Cayetano Puglisi, Octavio Scaglione, Antonio Rossi, José Nieso","Piano, Bass, 2 Bandoneons, 5 Violins"
Roberto Firpo,Orquesta Roberto Firpo,1928-03-29,Lujan de Cuyo,,Tango,Instrumental,Odeón,,,,P.j. Gaullo,,,26-28 Nijensohn Piano,Miguel Nijensohn,Ángel Corleto,"Juan Bautista Guido, José Schumacher","Elvino Vardaro, Cayetano Puglisi, Octavio Scaglione, Antonio Rossi, José Nieso","Piano, Bass, 2 Bandoneons, 5 Violins"
Roberto Firpo,Orquesta Roberto Firpo,1928-03-29,Virgencita de Luján,,Tango,Canto,Odeón,,,,Antonio Bonavena,Antonio Bonavena,,26-28 Nijensohn Piano,Miguel Nijensohn,Ángel Corleto,"Juan Bautista Guido, José Schumacher","Elvino Vardaro, Cayetano Puglisi, Octavio Scaglione, Antonio Rossi, José Nieso","Piano, Bass, 2 Bandoneons, 5 Violins"
Roberto Firpo,Orquesta Roberto Firpo,1928-04-12,Chingolito,Ya No Cantas Chingolo,Tango,Teófilo Ibáñez,Odeón,,,,Antonio Scatasso,Edmundo Bianchi,,26-28 Nijensohn Piano,Miguel Nijensohn,Ángel Corleto,"Juan Bautista Guido, José Schumacher","Elvino Vardaro, Cayetano Puglisi, Octavio Scaglione, Antonio Rossi, José Nieso","Piano, Bass, 2 Bandoneons, 5 Violins"
Roberto Firpo,Orquesta Roberto Firpo,1928-04-12,Corazoncito,Ñafa,Tango,Teófilo Ibáñez,Odeón,,,,Rafael Rossi,José Rial,,26-28 Nijensohn Piano,Miguel Nijensohn,Ángel Corleto,"Juan Bautista Guido, José Schumacher","Elvino Vardaro, Cayetano Puglisi, Octavio Scaglione, Antonio Rossi, José Nieso","Piano, Bass, 2 Bandoneons, 5 Violins"
Roberto Firpo,Orquesta Roberto Firpo,1928-04-18,Farolito de Arrabal,,Tango,Teófilo Ibáñez,Odeón,,,,Salvador Del Priore,Salvador Del Priore,,26-28 Nijensohn Piano,Miguel Nijensohn,Ángel Corleto,"Juan Bautista Guido, José Schumacher","Elvino Vardaro, Cayetano Puglisi, Octavio Scaglione, Antonio Rossi, José Nieso","Piano, Bass, 2 Bandoneons, 5 Violins"
Roberto Firpo,Orquesta Roberto Firpo,1928-04-18,Noches de Frío,,Tango,Teófilo Ibáñez,Odeón,,,,J. Calvi,J. Calvi,,26-28 Nijensohn Piano,Miguel Nijensohn,Ángel Corleto,"Juan Bautista Guido, José Schumacher","Elvino Vardaro, Cayetano Puglisi, Octavio Scaglione, Antonio Rossi, José Nieso","Piano, Bass, 2 Bandoneons, 5 Violins"
Roberto Firpo,Orquesta Roberto Firpo,1928-04-19,Tu Disfraz,,Tango,Teófilo Ibáñez,Odeón,,,,Ángel Danesi,José De Grandis,,26-28 Nijensohn Piano,Miguel Nijensohn,Ángel Corleto,"Juan Bautista Guido, José Schumacher","Elvino Vardaro, Cayetano Puglisi, Octavio Scaglione, Antonio Rossi, José Nieso","Piano, Bass, 2 Bandoneons, 5 Violins"
Roberto Firpo,Orquesta Roberto Firpo,1928-04-25,Llora Malevo,,Tango,Teófilo Ibáñez,Odeón,,,,Juan Nervo,Francisco Marino,,26-28 Nijensohn Piano,Miguel Nijensohn,Ángel Corleto,"Juan Bautista Guido, José Schumacher","Elvino Vardaro, Cayetano Puglisi, Octavio Scaglione, Antonio Rossi, José Nieso","Piano, Bass, 2 Bandoneons, 5 Violins"
Roberto Firpo,Orquesta Roberto Firpo,1928-04-25,Matón,,Tango,Teófilo Ibáñez,Odeón,,,,Ángel Danesi,Ángel Danesi,,26-28 Nijensohn Piano,Miguel Nijensohn,Ángel Corleto,"Juan Bautista Guido, José Schumacher","Elvino Vardaro, Cayetano Puglisi, Octavio Scaglione, Antonio Rossi, José Nieso","Piano, Bass, 2 Bandoneons, 5 Violins"
Roberto Firpo,Orquesta Roberto Firpo,1928-05-02,Cara de Trapo,,Tango,Teófilo Ibáñez,Odeón,,,,Edgardo Donato,Edgardo Donato,,26-28 Nijensohn Piano,Miguel Nijensohn,Ángel Corleto,"Juan Bautista Guido, José Schumacher","Elvino Vardaro, Cayetano Puglisi, Octavio Scaglione, Antonio Rossi, José Nieso","Piano, Bass, 2 Bandoneons, 5 Violins"
Roberto Firpo,Orquesta Roberto Firpo,1928-05-02,Pueblo Chico,,Tango,Teófilo Ibáñez,Odeón,,,,Willy Stern,Willy Stern,,26-28 Nijensohn Piano,Miguel Nijensohn,Ángel Corleto,"Juan Bautista Guido, José Schumacher","Elvino Vardaro, Cayetano Puglisi, Octavio Scaglione, Antonio Rossi, José Nieso","Piano, Bass, 2 Bandoneons, 5 Violins"
Roberto Firpo,Orquesta Roberto Firpo,1928-05-10,Rouge,,Tango,Instrumental,Odeón,,,,Leonor Arciprete,,,26-28 Nijensohn Piano,Miguel Nijensohn,Ángel Corleto,"Juan Bautista Guido, José Schumacher","Elvino Vardaro, Cayetano Puglisi, Octavio Scaglione, Antonio Rossi, José Nieso","Piano, Bass, 2 Bandoneons, 5 Violins"
Roberto Firpo,Orquesta Roberto Firpo,1928-05-18,A Mi Madre,Pobre Madre,Vals,Instrumental,Odeón,,,,Francisco Peña,,,26-28 Nijensohn Piano,Miguel Nijensohn,Ángel Corleto,"Juan Bautista Guido, José Schumacher","Elvino Vardaro, Cayetano Puglisi, Octavio Scaglione, Antonio Rossi, José Nieso","Piano, Bass, 2 Bandoneons, 5 Violins"
Roberto Firpo,Orquesta Roberto Firpo,1928-05-18,La Liga,,Tango,Instrumental,Odeón,,,,Víctor Troysi,,,26-28 Nijensohn Piano,Miguel Nijensohn,Ángel Corleto,"Juan Bautista Guido, José Schumacher","Elvino Vardaro, Cayetano Puglisi, Octavio Scaglione, Antonio Rossi, José Nieso","Piano, Bass, 2 Bandoneons, 5 Violins"
Roberto Firpo,Orquesta Roberto Firpo,1928-05-18,Me Voy,,Tango,Teófilo Ibáñez,Odeón,,,,Edgardo Donato,Edgardo Donato,,26-28 Nijensohn Piano,Miguel Nijensohn,Ángel Corleto,"Juan Bautista Guido, José Schumacher","Elvino Vardaro, Cayetano Puglisi, Octavio Scaglione, Antonio Rossi, José Nieso","Piano, Bass, 2 Bandoneons, 5 Violins"
Roberto Firpo,Orquesta Roberto Firpo,1928-05-18,Montevideo,A Montevideo,Tango,Instrumental,Odeón,,,,Roberto Firpo,,,26-28 Nijensohn Piano,Miguel Nijensohn,Ángel Corleto,"Juan Bautista Guido, José Schumacher","Elvino Vardaro, Cayetano Puglisi, Octavio Scaglione, Antonio Rossi, José Nieso","Piano, Bass, 2 Bandoneons, 5 Violins"
Roberto Firpo,Orquesta Roberto Firpo,1928-05-23,Frivolité,,Tango,Instrumental,Odeón,,,,Enrique Delfino,,,26-28 Nijensohn Piano,Miguel Nijensohn,Ángel Corleto,"Juan Bautista Guido, José Schumacher","Elvino Vardaro, Cayetano Puglisi, Octavio Scaglione, Antonio Rossi, José Nieso","Piano, Bass, 2 Bandoneons, 5 Violins"
Roberto Firpo,Orquesta Roberto Firpo,1928-05-23,Pare Cochero,,Tango,Teófilo Ibáñez,Odeón,,,,Ernesto Bianchi,Ernesto Bianchi,,26-28 Nijensohn Piano,Miguel Nijensohn,Ángel Corleto,"Juan Bautista Guido, José Schumacher","Elvino Vardaro, Cayetano Puglisi, Octavio Scaglione, Antonio Rossi, José Nieso","Piano, Bass, 2 Bandoneons, 5 Violins"
Roberto Firpo,Orquesta Roberto Firpo,1928-05-28,Basurita,,Tango,Teófilo Ibáñez,Odeón,,,,E.d. Moretti,E.d. Moretti,,26-28 Nijensohn Piano,Miguel Nijensohn,Ángel Corleto,"Juan Bautista Guido, José Schumacher","Elvino Vardaro, Cayetano Puglisi, Octavio Scaglione, Antonio Rossi, José Nieso","Piano, Bass, 2 Bandoneons, 5 Violins"
Roberto Firpo,Orquesta Roberto Firpo,1928-05-28,El Amanecer,,Tango,Instrumental,Odeón,,,,Roberto Firpo,,,26-28 Nijensohn Piano,Miguel Nijensohn,Ángel Corleto,"Juan Bautista Guido, José Schumacher","Elvino Vardaro, Cayetano Puglisi, Octavio Scaglione, Antonio Rossi, José Nieso","Piano, Bass, 2 Bandoneons, 5 Violins"
Roberto Firpo,Orquesta Roberto Firpo,1928-05-28,Farabute,,Tango,Teófilo Ibáñez,Odeón,,,,Joaquín Barreiro,Antonio Casciani,,26-28 Nijensohn Piano,Miguel Nijensohn,Ángel Corleto,"Juan Bautista Guido, José Schumacher","Elvino Vardaro, Cayetano Puglisi, Octavio Scaglione, Antonio Rossi, José Nieso","Piano, Bass, 2 Bandoneons, 5 Violins"
Roberto Firpo,Orquesta Roberto Firpo,1928-05-28,Fuegos Artificiales,,Tango,Instrumental,Odeón,,,,"Roberto Firpo, Eduardo Arolas",,,26-28 Nijensohn Piano,Miguel Nijensohn,Ángel Corleto,"Juan Bautista Guido, José Schumacher","Elvino Vardaro, Cayetano Puglisi, Octavio Scaglione, Antonio Rossi, José Nieso","Piano, Bass, 2 Bandoneons, 5 Violins"
Roberto Firpo,Orquesta Roberto Firpo,1928-05-28,Jazmín de Amor,,Tango,Instrumental,Odeón,,,,Antonio Scatasso,,,26-28 Nijensohn Piano,Miguel Nijensohn,Ángel Corleto,"Juan Bautista Guido, José Schumacher","Elvino Vardaro, Cayetano Puglisi, Octavio Scaglione, Antonio Rossi, José Nieso","Piano, Bass, 2 Bandoneons, 5 Violins"
Roberto Firpo,Orquesta Roberto Firpo,1928-05-28,Viva la Patria,,Tango,Coro,Odeón,,,,Antonio Scatasso,Alberto Vacarezza,,26-28 Nijensohn Piano,Miguel Nijensohn,Ángel Corleto,"Juan Bautista Guido, José Schumacher","Elvino Vardaro, Cayetano Puglisi, Octavio Scaglione, Antonio Rossi, José Nieso","Piano, Bass, 2 Bandoneons, 5 Violins"
Roberto Firpo,Orquesta Roberto Firpo,1928-05-31,Mi Buenos Aires,Milonga de Hoy,Tango,Instrumental,Odeón,,,,E.v. Salerno,,,26-28 Nijensohn Piano,Miguel Nijensohn,Ángel Corleto,"Juan Bautista Guido, José Schumacher","Elvino Vardaro, Cayetano Puglisi, Octavio Scaglione, Antonio Rossi, José Nieso","Piano, Bass, 2 Bandoneons, 5 Violins"
Roberto Firpo,Orquesta Roberto Firpo,1928-06-01,El Carrerito,,Tango,Teófilo Ibáñez,Odeón,,,,Raúl Hoyos,Alberto Vacarezza,,26-28 Nijensohn Piano,Miguel Nijensohn,Ángel Corleto,"Juan Bautista Guido, José Schumacher","Elvino Vardaro, Cayetano Puglisi, Octavio Scaglione, Antonio Rossi, José Nieso","Piano, Bass, 2 Bandoneons, 5 Violins"
Roberto Firpo,Orquesta Roberto Firpo,1928-06-05,Pim Pam Pum,Pim Pam Pum,Tango,Teófilo Ibáñez,Odeón,,,,Enrique Delfino,Alberto Vacarezza,,26-28 Nijensohn Piano,Miguel Nijensohn,Ángel Corleto,"Juan Bautista Guido, José Schumacher","Elvino Vardaro, Cayetano Puglisi, Octavio Scaglione, Antonio Rossi, José Nieso","Piano, Bass, 2 Bandoneons, 5 Violins"
Roberto Firpo,Orquesta Roberto Firpo,1928-06-05,Pura Percha,,Tango,Instrumental,Odeón,,,,M. Perdeck,,,26-28 Nijensohn Piano,Miguel Nijensohn,Ángel Corleto,"Juan Bautista Guido, José Schumacher","Elvino Vardaro, Cayetano Puglisi, Octavio Scaglione, Antonio Rossi, José Nieso","Piano, Bass, 2 Bandoneons, 5 Violins"
Roberto Firpo,Orquesta Roberto Firpo,1928-06-28,25 de Mayo,Venticinco de Mayo,Tango,Teófilo Ibáñez,Odeón,,,,Eduardo Arolas,,,26-28 Nijensohn Piano,Miguel Nijensohn,Ángel Corleto,"Juan Bautista Guido, José Schumacher","Elvino Vardaro, Cayetano Puglisi, Octavio Scaglione, Antonio Rossi, José Nieso","Piano, Bass, 2 Bandoneons, 5 Violins"
Roberto Firpo,Orquesta Roberto Firpo,1928-06-28,Barajita de la Suerte,,Tango,Teófilo Ibáñez,Odeón,,,,Andrés Calvillo,Andrés Calvillo,,26-28 Nijensohn Piano,Miguel Nijensohn,Ángel Corleto,"Juan Bautista Guido, José Schumacher","Elvino Vardaro, Cayetano Puglisi, Octavio Scaglione, Antonio Rossi, José Nieso","Piano, Bass, 2 Bandoneons, 5 Violins"
Roberto Firpo,Orquesta Roberto Firpo,1928-06-28,Te Acuerdas Mamita,,Tango,Instrumental,Odeón,,,,Mario Danesi,,,26-28 Nijensohn Piano,Miguel Nijensohn,Ángel Corleto,"Juan Bautista Guido, José Schumacher","Elvino Vardaro, Cayetano Puglisi, Octavio Scaglione, Antonio Rossi, José Nieso","Piano, Bass, 2 Bandoneons, 5 Violins"
Roberto Firpo,Orquesta Roberto Firpo,1928-06-28,Yo Que Soñé,,Tango,Canto,Odeón,,,,A. De Santi,A. De Santi,,26-28 Nijensohn Piano,Miguel Nijensohn,Ángel Corleto,"Juan Bautista Guido, José Schumacher","Elvino Vardaro, Cayetano Puglisi, Octavio Scaglione, Antonio Rossi, José Nieso","Piano, Bass, 2 Bandoneons, 5 Violins"
Roberto Firpo,Orquesta Roberto Firpo,1928-08-22,Madrecita de Mi Ensueño,,Tango,Teófilo Ibáñez,Odeón,,,,A.l.bonanni,A.l.bonanni,,26-28 Nijensohn Piano,Miguel Nijensohn,Ángel Corleto,"Juan Bautista Guido, José Schumacher","Elvino Vardaro, Cayetano Puglisi, Octavio Scaglione, Antonio Rossi, José Nieso","Piano, Bass, 2 Bandoneons, 5 Violins"
Roberto Firpo,Orquesta Roberto Firpo,1928-08-22,Mujercita Caprichosa,,Tango,Teófilo Ibáñez,Odeón,,,,Benjamin Musci,Benjamin Musci,,26-28 Nijensohn Piano,Miguel Nijensohn,Ángel Corleto,"Juan Bautista Guido, José Schumacher","Elvino Vardaro, Cayetano Puglisi, Octavio Scaglione, Antonio Rossi, José Nieso","Piano, Bass, 2 Bandoneons, 5 Violins"
Roberto Firpo,Orquesta Roberto Firpo,1928-08-22,Tierra Hermana,,Tango,Canto,Odeón,,,,Guillermo Barbieri,Eugenio Cárdenas,,26-28 Nijensohn Piano,Miguel Nijensohn,Ángel Corleto,"Juan Bautista Guido, José Schumacher","Elvino Vardaro, Cayetano Puglisi, Octavio Scaglione, Antonio Rossi, José Nieso","Piano, Bass, 2 Bandoneons, 5 Violins"
Roberto Firpo,Orquesta Roberto Firpo,1928-08-28,Adiós Porota,,Tango,Teófilo Ibáñez,Odeón,,,,P. Russo,,,26-28 Nijensohn Piano,Miguel Nijensohn,Ángel Corleto,"Juan Bautista Guido, José Schumacher","Elvino Vardaro, Cayetano Puglisi, Octavio Scaglione, Antonio Rossi, José Nieso","Piano, Bass, 2 Bandoneons, 5 Violins"
Roberto Firpo,Orquesta Roberto Firpo,1928-08-28,Algún Día,,Tango,Canto,Odeón,,,,"Alejandro Scarpino, Mario Licarse",,,26-28 Nijensohn Piano,Miguel Nijensohn,Ángel Corleto,"Juan Bautista Guido, José Schumacher","Elvino Vardaro, Cayetano Puglisi, Octavio Scaglione, Antonio Rossi, José Nieso","Piano, Bass, 2 Bandoneons, 5 Violins"
Roberto Firpo,Orquesta Roberto Firpo,1928-08-28,Sin Madre,,Tango,Instrumental,Odeón,,,,Alfredo Gobbi,,,26-28 Nijensohn Piano,Miguel Nijensohn,Ángel Corleto,"Juan Bautista Guido, José Schumacher","Elvino Vardaro, Cayetano Puglisi, Octavio Scaglione, Antonio Rossi, José Nieso","Piano, Bass, 2 Bandoneons, 5 Violins"
Roberto Firpo,Orquesta Roberto Firpo,1928-09-06,Nunca Te Olvidaré Madre,,Tango,Teófilo Ibáñez,Odeón,,,,Juan Calabró,Juan Calabró,,26-28 Nijensohn Piano,Miguel Nijensohn,Ángel Corleto,"Juan Bautista Guido, José Schumacher","Elvino Vardaro, Cayetano Puglisi, Octavio Scaglione, Antonio Rossi, José Nieso","Piano, Bass, 2 Bandoneons, 5 Violins"
Roberto Firpo,Orquesta Roberto Firpo,1928-09-06,Viejo Disco,,Tango,Teófilo Ibáñez,Odeón,,,,F. González,F. González,,26-28 Nijensohn Piano,Miguel Nijensohn,Ángel Corleto,"Juan Bautista Guido, José Schumacher","Elvino Vardaro, Cayetano Puglisi, Octavio Scaglione, Antonio Rossi, José Nieso","Piano, Bass, 2 Bandoneons, 5 Violins"
Roberto Firpo,Orquesta Roberto Firpo,1928-09-13,Aquel Tapado de Armiño,,Tango,Instrumental,Odeón,,,,Enrique Delfino,Manuel Romero,,26-28 Nijensohn Piano,Miguel Nijensohn,Ángel Corleto,"Juan Bautista Guido, José Schumacher","Elvino Vardaro, Cayetano Puglisi, Octavio Scaglione, Antonio Rossi, José Nieso","Piano, Bass, 2 Bandoneons, 5 Violins"
Roberto Firpo,Orquesta Roberto Firpo,1928-09-13,Chiquita y Bonita,,Tango,Instrumental,Odeón,,,,J. Pini,,,26-28 Nijensohn Piano,Miguel Nijensohn,Ángel Corleto,"Juan Bautista Guido, José Schumacher","Elvino Vardaro, Cayetano Puglisi, Octavio Scaglione, Antonio Rossi, José Nieso","Piano, Bass, 2 Bandoneons, 5 Violins"
Roberto Firpo,Orquesta Roberto Firpo,1928-09-18,Añoranza Campera,,Tango,Instrumental,Odeón,,,,Próspero Cimaglia,Velez Díaz,,26-28 Nijensohn Piano,Miguel Nijensohn,Ángel Corleto,"Juan Bautista Guido, José Schumacher","Elvino Vardaro, Cayetano Puglisi, Octavio Scaglione, Antonio Rossi, José Nieso","Piano, Bass, 2 Bandoneons, 5 Violins"
Roberto Firpo,Orquesta Roberto Firpo,1928-09-18,Guapeza,,Tango,Teófilo Ibáñez,Odeón,,,,Domingo Moranese,Felipe Lanziano,,26-28 Nijensohn Piano,Miguel Nijensohn,Ángel Corleto,"Juan Bautista Guido, José Schumacher","Elvino Vardaro, Cayetano Puglisi, Octavio Scaglione, Antonio Rossi, José Nieso","Piano, Bass, 2 Bandoneons, 5 Violins"
Roberto Firpo,Orquesta Roberto Firpo,1928-09-27,Cualquier Cosa,,Tango,Teófilo Ibáñez,Odeón,,,,"Herminia De Rossano, Juan Velich","Herminia De Rossano, Juan Velich",,26-28 Nijensohn Piano,Miguel Nijensohn,Ángel Corleto,"Juan Bautista Guido, José Schumacher","Elvino Vardaro, Cayetano Puglisi, Octavio Scaglione, Antonio Rossi, José Nieso","Piano, Bass, 2 Bandoneons, 5 Violins"
Roberto Firpo,Orquesta Roberto Firpo,1928-10-04,Che Bartolo,,Tango,Instrumental,Odeón,,,,Rodolfo Sciammarella,Enrique Cadícamo,,26-28 Nijensohn Piano,Miguel Nijensohn,Ángel Corleto,"Juan Bautista Guido, José Schumacher","Elvino Vardaro, Cayetano Puglisi, Octavio Scaglione, Antonio Rossi, José Nieso","Piano, Bass, 2 Bandoneons, 5 Violins"
Roberto Firpo,Orquesta Roberto Firpo,1928-10-04,Entre Sueños,,Tango,Instrumental,Odeón,,,,"Anselmo Aieta, Juan Polito",Francisco Jiménez,,26-28 Nijensohn Piano,Miguel Nijensohn,Ángel Corleto,"Juan Bautista Guido, José Schumacher","Elvino Vardaro, Cayetano Puglisi, Octavio Scaglione, Antonio Rossi, José Nieso","Piano, Bass, 2 Bandoneons, 5 Violins"
Roberto Firpo,Orquesta Roberto Firpo,1928-10-10,La Vuelta de Rocha,,Tango,Instrumental,Odeón,,,,Juan Filiberto,Gabino Peñaloza,,26-28 Nijensohn Piano,Miguel Nijensohn,Ángel Corleto,"Juan Bautista Guido, José Schumacher","Elvino Vardaro, Cayetano Puglisi, Octavio Scaglione, Antonio Rossi, José Nieso","Piano, Bass, 2 Bandoneons, 5 Violins"
Roberto Firpo,Orquesta Roberto Firpo,1928-10-11,Malevaje,,Tango,Instrumental,Odeón,,,,Juan Filiberto,Enrique Discépolo,,26-28 Nijensohn Piano,Miguel Nijensohn,Ángel Corleto,"Juan Bautista Guido, José Schumacher","Elvino Vardaro, Cayetano Puglisi, Octavio Scaglione, Antonio Rossi, José Nieso","Piano, Bass, 2 Bandoneons, 5 Violins"
Roberto Firpo,Orquesta Roberto Firpo,1928-10-11,Sueño Florido,Tristeza de Barrio,Tango,Instrumental,Odeón,,,,"Cayetano Puglisi, Elías Cosenza",,,26-28 Nijensohn Piano,Miguel Nijensohn,Ángel Corleto,"Juan Bautista Guido, José Schumacher","Elvino Vardaro, Cayetano Puglisi, Octavio Scaglione, Antonio Rossi, José Nieso","Piano, Bass, 2 Bandoneons, 5 Violins"
Roberto Firpo,Orquesta Roberto Firpo,1928-10-18,El Rasgueo,,Tango,Instrumental,Odeón,,,,Aníbal De Iturriaga,,,26-28 Nijensohn Piano,Miguel Nijensohn,Ángel Corleto,"Juan Bautista Guido, José Schumacher","Elvino Vardaro, Cayetano Puglisi, Octavio Scaglione, Antonio Rossi, José Nieso","Piano, Bass, 2 Bandoneons, 5 Violins"
Roberto Firpo,Orquesta Roberto Firpo,1928-10-18,Muñeca Brava,,Tango,Instrumental,Odeón,,,,Luis Visca,Enrique Cadícamo,,26-28 Nijensohn Piano,Miguel Nijensohn,Ángel Corleto,"Juan Bautista Guido, José Schumacher","Elvino Vardaro, Cayetano Puglisi, Octavio Scaglione, Antonio Rossi, José Nieso","Piano, Bass, 2 Bandoneons, 5 Violins"
Roberto Firpo,Orquesta Roberto Firpo,1928-10-18,Senda Florida,,Tango,Instrumental,Odeón,,,,Rafael Rossi,Eugenio Cárdenas,,26-28 Nijensohn Piano,Miguel Nijensohn,Ángel Corleto,"Juan Bautista Guido, José Schumacher","Elvino Vardaro, Cayetano Puglisi, Octavio Scaglione, Antonio Rossi, José Nieso","Piano, Bass, 2 Bandoneons, 5 Violins"
Roberto Firpo,Orquesta Roberto Firpo,1928-10-22,Alma en Pena,,Tango,Teófilo Ibáñez,Odeón,,,,Anselmo Aieta,Francisco Jiménez,,26-28 Nijensohn Piano,Miguel Nijensohn,Ángel Corleto,"Juan Bautista Guido, José Schumacher","Elvino Vardaro, Cayetano Puglisi, Octavio Scaglione, Antonio Rossi, José Nieso","Piano, Bass, 2 Bandoneons, 5 Violins"
Roberto Firpo,Orquesta Roberto Firpo,1928-10-22,Chamuyando un Recuerdo,,Tango,Teófilo Ibáñez,Odeón,,,,Jacinto Rendón,Miguel Fuentes,,26-28 Nijensohn Piano,Miguel Nijensohn,Ángel Corleto,"Juan Bautista Guido, José Schumacher","Elvino Vardaro, Cayetano Puglisi, Octavio Scaglione, Antonio Rossi, José Nieso","Piano, Bass, 2 Bandoneons, 5 Violins"
Roberto Firpo,Orquesta Roberto Firpo,1928-10-22,Piedad,,Tango,Teófilo Ibáñez,Odeón,,,,Carlos Percuoco,Luis De Biase,,26-28 Nijensohn Piano,Miguel Nijensohn,Ángel Corleto,"Juan Bautista Guido, José Schumacher","Elvino Vardaro, Cayetano Puglisi, Octavio Scaglione, Antonio Rossi, José Nieso","Piano, Bass, 2 Bandoneons, 5 Violins"
Roberto Firpo,Orquesta Roberto Firpo,1928-11-01,Divinidad,,Tango,Instrumental,Odeón,,,,Pascual Storti,,,26-28 Nijensohn Piano,Miguel Nijensohn,Ángel Corleto,"Juan Bautista Guido, José Schumacher","Elvino Vardaro, Cayetano Puglisi, Octavio Scaglione, Antonio Rossi, José Nieso","Piano, Bass, 2 Bandoneons, 5 Violins"
Roberto Firpo,Orquesta Roberto Firpo,1928-11-01,Entre Tangos y Champagne,,Tango,Teófilo Ibáñez,Odeón,,,,"Carlos Rocco, C. Arelluto","Carlos Rocco, C. Arelluto",,26-28 Nijensohn Piano,Miguel Nijensohn,Ángel Corleto,"Juan Bautista Guido, José Schumacher","Elvino Vardaro, Cayetano Puglisi, Octavio Scaglione, Antonio Rossi, José Nieso","Piano, Bass, 2 Bandoneons, 5 Violins"
Roberto Firpo,Orquesta Roberto Firpo,1928-11-08,Don Victorio,,Tango,Instrumental,Odeón,,,,Héctor Sordelli,,,26-28 Nijensohn Piano,Miguel Nijensohn,Ángel Corleto,"Juan Bautista Guido, José Schumacher","Elvino Vardaro, Cayetano Puglisi, Octavio Scaglione, Antonio Rossi, José Nieso","Piano, Bass, 2 Bandoneons, 5 Violins"
Roberto Firpo,Orquesta Roberto Firpo,1928-11-22,Don José,,Tango,Instrumental,Odeón,,,,"Héctor Finanzini, A. Sordelli",,,26-28 Nijensohn Piano,Miguel Nijensohn,Ángel Corleto,"Juan Bautista Guido, José Schumacher","Elvino Vardaro, Cayetano Puglisi, Octavio Scaglione, Antonio Rossi, José Nieso","Piano, Bass, 2 Bandoneons, 5 Violins"
Roberto Firpo,Orquesta Roberto Firpo,1928-11-29,Atilio,,Tango,Teófilo Ibáñez,Odeón,,,,Antonino Cipolla,Celedonio Flores,,26-28 Nijensohn Piano,Miguel Nijensohn,Ángel Corleto,"Juan Bautista Guido, José Schumacher","Elvino Vardaro, Cayetano Puglisi, Octavio Scaglione, Antonio Rossi, José Nieso","Piano, Bass, 2 Bandoneons, 5 Violins"
Roberto Firpo,Orquesta Roberto Firpo,1928-12-05,Recordándote,,Vals,Instrumental,Odeón,,,,Gerardo Metallo,Gerardo Metallo,,26-28 Nijensohn Piano,Miguel Nijensohn,Ángel Corleto,"Juan Bautista Guido, José Schumacher","Elvino Vardaro, Cayetano Puglisi, Octavio Scaglione, Antonio Rossi, José Nieso","Piano, Bass, 2 Bandoneons, 5 Violins"
Roberto Firpo,Orquesta Roberto Firpo,1928-12-13,Plumitas,,Tango,Instrumental,Odeón,,,,Federico Scorticati,Luis Rubistein,,26-28 Nijensohn Piano,Miguel Nijensohn,Ángel Corleto,"Juan Bautista Guido, José Schumacher","Elvino Vardaro, Cayetano Puglisi, Octavio Scaglione, Antonio Rossi, José Nieso","Piano, Bass, 2 Bandoneons, 5 Violins"
Roberto Firpo,Orquesta Roberto Firpo,1928-12-21,No Hay Derecho,,Tango,Instrumental,Odeón,,,,Arturo Senez,,,26-28 Nijensohn Piano,Miguel Nijensohn,Ángel Corleto,"Juan Bautista Guido, José Schumacher","Elvino Vardaro, Cayetano Puglisi, Octavio Scaglione, Antonio Rossi, José Nieso","Piano, Bass, 2 Bandoneons, 5 Violins"
Roberto Firpo,Orquesta Roberto Firpo,1928-12-21,Quejas de Bandoneón,Quejas de Bandoneón,Tango,Instrumental,Odeón,,,,Juan Filiberto,,,26-28 Nijensohn Piano,Miguel Nijensohn,Ángel Corleto,"Juan Bautista Guido, José Schumacher","Elvino Vardaro, Cayetano Puglisi, Octavio Scaglione, Antonio Rossi, José Nieso","Piano, Bass, 2 Bandoneons, 5 Violins"
Roberto Firpo,Orquesta Roberto Firpo,1929-02-06,Campanita de la Iglesia,,Tango,Instrumental,Odeón,,,,Carlos Percuoco,,,28-29 Giovinazzi Piano,Rafael Giovinazzi,Ángel Corleto,"Juan Bautista Guido, José Schumacher, Gabriel Clausi","Elvino Vardaro, Cayetano Puglisi, Octavio Scaglione, Antonio Rossi, José Nieso","Piano, Bass, 3 Bandoneons, 5 Violins"
Roberto Firpo,Orquesta Roberto Firpo,1929-02-06,Don Bardi,,Tango,Instrumental,Odeón,,,,Udelino Toranzo,,,28-29 Giovinazzi Piano,Rafael Giovinazzi,Ángel Corleto,"Juan Bautista Guido, José Schumacher, Gabriel Clausi","Elvino Vardaro, Cayetano Puglisi, Octavio Scaglione, Antonio Rossi, José Nieso","Piano, Bass, 3 Bandoneons, 5 Violins"
Roberto Firpo,Orquesta Roberto Firpo,1929-02-06,Pordiosera,,Tango,Instrumental,Odeón,,,,Antonio Bonavena,,,28-29 Giovinazzi Piano,Rafael Giovinazzi,Ángel Corleto,"Juan Bautista Guido, José Schumacher, Gabriel Clausi","Elvino Vardaro, Cayetano Puglisi, Octavio Scaglione, Antonio Rossi, José Nieso","Piano, Bass, 3 Bandoneons, 5 Violins"
Roberto Firpo,Orquesta Roberto Firpo,1929-02-06,Ríe Payaso,,Tango,Instrumental,Odeón,,,,Virgilio Carmona,Emilio Falero,,28-29 Giovinazzi Piano,Rafael Giovinazzi,Ángel Corleto,"Juan Bautista Guido, José Schumacher, Gabriel Clausi","Elvino Vardaro, Cayetano Puglisi, Octavio Scaglione, Antonio Rossi, José Nieso","Piano, Bass, 3 Bandoneons, 5 Violins"
Roberto Firpo,Orquesta Roberto Firpo,1929-02-06,Te Fuiste Ja Ja,,Tango,Instrumental,Odeón,,,,Gerardo Rodríguez,Juan Reyes,,28-29 Giovinazzi Piano,Rafael Giovinazzi,Ángel Corleto,"Juan Bautista Guido, José Schumacher, Gabriel Clausi","Elvino Vardaro, Cayetano Puglisi, Octavio Scaglione, Antonio Rossi, José Nieso","Piano, Bass, 3 Bandoneons, 5 Violins"
Roberto Firpo,Orquesta Roberto Firpo,1929-02-28,Porqué Lloras Muchacha,,Tango,Teófilo Ibáñez,Odeón,,,,Rafael Sánchez,Edelmiro Garrido,,28-29 Giovinazzi Piano,Rafael Giovinazzi,Ángel Corleto,"Juan Bautista Guido, José Schumacher, Gabriel Clausi","Elvino Vardaro, Cayetano Puglisi, Octavio Scaglione, Antonio Rossi, José Nieso","Piano, Bass, 3 Bandoneons, 5 Violins"
Roberto Firpo,Orquesta Roberto Firpo,1929-03-11,Miguelito,,Tango,Instrumental,Odeón,,,,Enrique Discépolo,,,28-29 Giovinazzi Piano,Rafael Giovinazzi,Ángel Corleto,"Juan Bautista Guido, José Schumacher, Gabriel Clausi","Elvino Vardaro, Cayetano Puglisi, Octavio Scaglione, Antonio Rossi, José Nieso","Piano, Bass, 3 Bandoneons, 5 Violins"
Roberto Firpo,Orquesta Roberto Firpo,1929-03-14,Impia,,Tango,Teófilo Ibáñez,Odeón,,,,F. Demarco,F. Demarco,,28-29 Giovinazzi Piano,Rafael Giovinazzi,Ángel Corleto,"Juan Bautista Guido, José Schumacher, Gabriel Clausi","Elvino Vardaro, Cayetano Puglisi, Octavio Scaglione, Antonio Rossi, José Nieso","Piano, Bass, 3 Bandoneons, 5 Violins"
Roberto Firpo,Orquesta Roberto Firpo,1929-03-21,No Hay Tierra Como Mi Tierra,,Tango,Teófilo Ibáñez,Odeón,,,,Santiago París,Santiago París,,28-29 Giovinazzi Piano,Rafael Giovinazzi,Ángel Corleto,"Juan Bautista Guido, José Schumacher, Gabriel Clausi","Elvino Vardaro, Cayetano Puglisi, Octavio Scaglione, Antonio Rossi, José Nieso","Piano, Bass, 3 Bandoneons, 5 Violins"
Roberto Firpo,Orquesta Roberto Firpo,1929-04-01,Tango Te Cambiaron la Pinta,,Tango,Instrumental,Odeón,,,,Juan Rezzano,,,28-29 Giovinazzi Piano,Rafael Giovinazzi,Ángel Corleto,"Juan Bautista Guido, José Schumacher, Gabriel Clausi","Elvino Vardaro, Cayetano Puglisi, Octavio Scaglione, Antonio Rossi, José Nieso","Piano, Bass, 3 Bandoneons, 5 Violins"
Roberto Firpo,Orquesta Roberto Firpo,1929-04-04,Noches de Frío,,Vals,Instrumental,Odeón,,,,Roberto Firpo,Lito Bayardo,,28-29 Giovinazzi Piano,Rafael Giovinazzi,Ángel Corleto,"Juan Bautista Guido, José Schumacher, Gabriel Clausi","Elvino Vardaro, Cayetano Puglisi, Octavio Scaglione, Antonio Rossi, José Nieso","Piano, Bass, 3 Bandoneons, 5 Violins"
Roberto Firpo,Orquesta Roberto Firpo,1929-04-04,Sangre Maleva,,Tango,Instrumental,Odeón,,,,Dante Tortonese,"Juan Velich, Pedro Platas",,28-29 Giovinazzi Piano,Rafael Giovinazzi,Ángel Corleto,"Juan Bautista Guido, José Schumacher, Gabriel Clausi","Elvino Vardaro, Cayetano Puglisi, Octavio Scaglione, Antonio Rossi, José Nieso","Piano, Bass, 3 Bandoneons, 5 Violins"
Roberto Firpo,Orquesta Roberto Firpo,1929-04-07,Ingratos,Ingratas,Tango,Teófilo Ibáñez,Odeón,,,,Inocente Arcaus,Inocente Arcaus,,28-29 Giovinazzi Piano,Rafael Giovinazzi,Ángel Corleto,"Juan Bautista Guido, José Schumacher, Gabriel Clausi","Elvino Vardaro, Cayetano Puglisi, Octavio Scaglione, Antonio Rossi, José Nieso","Piano, Bass, 3 Bandoneons, 5 Violins"
Roberto Firpo,Orquesta Roberto Firpo,1929-04-07,Salud Percantinas,Salú Percantinas,Tango,Teófilo Ibáñez,Odeón,,,,Alberto Visca,Enrique Cadícamo,,28-29 Giovinazzi Piano,Rafael Giovinazzi,Ángel Corleto,"Juan Bautista Guido, José Schumacher, Gabriel Clausi","Elvino Vardaro, Cayetano Puglisi, Octavio Scaglione, Antonio Rossi, José Nieso","Piano, Bass, 3 Bandoneons, 5 Violins"
Roberto Firpo,Orquesta Roberto Firpo,1929-04-11,Serenatas de Ayer,,Tango,Instrumental,Odeón,,,,Víctor Donato,,,28-29 Giovinazzi Piano,Rafael Giovinazzi,Ángel Corleto,"Juan Bautista Guido, José Schumacher, Gabriel Clausi","Elvino Vardaro, Cayetano Puglisi, Octavio Scaglione, Antonio Rossi, José Nieso","Piano, Bass, 3 Bandoneons, 5 Violins"
Roberto Firpo,Orquesta Roberto Firpo,1929-04-14,Sangre Maleva,,Tango,Instrumental,Odeón,,,,Dante Tortonese,"Juan Velich, Pedro Platas",,28-29 Giovinazzi Piano,Rafael Giovinazzi,Ángel Corleto,"Juan Bautista Guido, José Schumacher, Gabriel Clausi","Elvino Vardaro, Cayetano Puglisi, Octavio Scaglione, Antonio Rossi, José Nieso","Piano, Bass, 3 Bandoneons, 5 Violins"
Roberto Firpo,Orquesta Roberto Firpo,1929-04-26,Adiós Cotorrito,,Tango,Teófilo Ibáñez,Odeón,,,,"Mario Calvera, Miguel Padula","Mario Calvera, Miguel Padula, Alfredo Roldán",,28-29 Giovinazzi Piano,Rafael Giovinazzi,Ángel Corleto,"Juan Bautista Guido, José Schumacher, Gabriel Clausi","Elvino Vardaro, Cayetano Puglisi, Octavio Scaglione, Antonio Rossi, José Nieso","Piano, Bass, 3 Bandoneons, 5 Violins"
Roberto Firpo,Orquesta Roberto Firpo,1929-04-27,Perchita,,Tango,Instrumental,Odeón,,,,E. Petrucci,,,28-29 Giovinazzi Piano,Rafael Giovinazzi,Ángel Corleto,"Juan Bautista Guido, José Schumacher, Gabriel Clausi","Elvino Vardaro, Cayetano Puglisi, Octavio Scaglione, Antonio Rossi, José Nieso","Piano, Bass, 3 Bandoneons, 5 Violins"
Roberto Firpo,Orquesta Roberto Firpo,1929-04-28,Ofrenda,,Tango,Teófilo Ibáñez,Odeón,,,,Manuel Solano,Gabino Ezeiza,,28-29 Giovinazzi Piano,Rafael Giovinazzi,Ángel Corleto,"Juan Bautista Guido, José Schumacher, Gabriel Clausi","Elvino Vardaro, Cayetano Puglisi, Octavio Scaglione, Antonio Rossi, José Nieso","Piano, Bass, 3 Bandoneons, 5 Violins"
Roberto Firpo,Orquesta Roberto Firpo,1929-05-02,Martirios del Alma,,Vals,Instrumental,Odeón,,,,Antonio Bonavena,Alejandro Legüero,,28-29 Giovinazzi Piano,Rafael Giovinazzi,Ángel Corleto,"Juan Bautista Guido, José Schumacher, Gabriel Clausi","Elvino Vardaro, Cayetano Puglisi, Octavio Scaglione, Antonio Rossi, José Nieso","Piano, Bass, 3 Bandoneons, 5 Violins"
Roberto Firpo,Orquesta Roberto Firpo,1929-05-08,Falsa Alegría,,Tango,Instrumental,Odeón,,,,Julio Vanni,,,28-29 Giovinazzi Piano,Rafael Giovinazzi,Ángel Corleto,"Juan Bautista Guido, José Schumacher, Gabriel Clausi","Elvino Vardaro, Cayetano Puglisi, Octavio Scaglione, Antonio Rossi, José Nieso","Piano, Bass, 3 Bandoneons, 5 Violins"
Roberto Firpo,Orquesta Roberto Firpo,1929-05-08,Miente,,Tango,Instrumental,Odeón,,,,Lina Pesce,Luis Roldán,,28-29 Giovinazzi Piano,Rafael Giovinazzi,Ángel Corleto,"Juan Bautista Guido, José Schumacher, Gabriel Clausi","Elvino Vardaro, Cayetano Puglisi, Octavio Scaglione, Antonio Rossi, José Nieso","Piano, Bass, 3 Bandoneons, 5 Violins"
Roberto Firpo,Orquesta Roberto Firpo,1929-05-16,El Embrujado,,Tango,Instrumental,Odeón,,,,Carmelo Falcone,,,28-29 Giovinazzi Piano,Rafael Giovinazzi,Ángel Corleto,"Juan Bautista Guido, José Schumacher, Gabriel Clausi","Elvino Vardaro, Cayetano Puglisi, Octavio Scaglione, Antonio Rossi, José Nieso","Piano, Bass, 3 Bandoneons, 5 Violins"
Roberto Firpo,Orquesta Roberto Firpo,1929-05-16,Moneda Corriente,,Tango,Instrumental,Odeón,,,,Rodolfo Sciammarella,Alfredo Bertonasco,,28-29 Giovinazzi Piano,Rafael Giovinazzi,Ángel Corleto,"Juan Bautista Guido, José Schumacher, Gabriel Clausi","Elvino Vardaro, Cayetano Puglisi, Octavio Scaglione, Antonio Rossi, José Nieso","Piano, Bass, 3 Bandoneons, 5 Violins"
Roberto Firpo,Orquesta Roberto Firpo,1929-06-06,Besos de la Plata,Besos de Plata,Vals,Instrumental,Odeón,,,,Julio Vega,Francisco Brancatti,,28-29 Giovinazzi Piano,Rafael Giovinazzi,Ángel Corleto,"Juan Bautista Guido, José Schumacher, Gabriel Clausi","Elvino Vardaro, Cayetano Puglisi, Octavio Scaglione, Antonio Rossi, José Nieso","Piano, Bass, 3 Bandoneons, 5 Violins"
Roberto Firpo,Orquesta Roberto Firpo,1929-06-06,La Última Ronda,,Tango,Instrumental,Odeón,,,,Julio Pollero,Francisco Lozano,,28-29 Giovinazzi Piano,Rafael Giovinazzi,Ángel Corleto,"Juan Bautista Guido, José Schumacher, Gabriel Clausi","Elvino Vardaro, Cayetano Puglisi, Octavio Scaglione, Antonio Rossi, José Nieso","Piano, Bass, 3 Bandoneons, 5 Violins"
Roberto Firpo,Orquesta Roberto Firpo,1929-06-06,Panchito,,Tango,Instrumental,Odeón,,,,A. Savia,,,28-29 Giovinazzi Piano,Rafael Giovinazzi,Ángel Corleto,"Juan Bautista Guido, José Schumacher, Gabriel Clausi","Elvino Vardaro, Cayetano Puglisi, Octavio Scaglione, Antonio Rossi, José Nieso","Piano, Bass, 3 Bandoneons, 5 Violins"
Roberto Firpo,Orquesta Roberto Firpo,1929-06-08,Delirio Gaucho,,Vals,Instrumental,Odeón,,,,Alfredo Gobbi,Alfredo Gobbi,,28-29 Giovinazzi Piano,Rafael Giovinazzi,Ángel Corleto,"Juan Bautista Guido, José Schumacher, Gabriel Clausi","Elvino Vardaro, Cayetano Puglisi, Octavio Scaglione, Antonio Rossi, José Nieso","Piano, Bass, 3 Bandoneons, 5 Violins"
Roberto Firpo,Orquesta Roberto Firpo,1929-06-08,Mariquita,L'espamentosa,Tango,Instrumental,Odeón,,,,Juan Bazán,Arturo Bustamante,,28-29 Giovinazzi Piano,Rafael Giovinazzi,Ángel Corleto,"Juan Bautista Guido, José Schumacher, Gabriel Clausi","Elvino Vardaro, Cayetano Puglisi, Octavio Scaglione, Antonio Rossi, José Nieso","Piano, Bass, 3 Bandoneons, 5 Violins"
Roberto Firpo,Orquesta Roberto Firpo,1929-06-08,Mensaje de Amor,,Tango,Instrumental,Odeón,,,,Ataliva Montenegro,,,28-29 Giovinazzi Piano,Rafael Giovinazzi,Ángel Corleto,"Juan Bautista Guido, José Schumacher, Gabriel Clausi","Elvino Vardaro, Cayetano Puglisi, Octavio Scaglione, Antonio Rossi, José Nieso","Piano, Bass, 3 Bandoneons, 5 Violins"
Roberto Firpo,Orquesta Roberto Firpo,1929-06-08,Penitencia,,Tango,Teófilo Ibáñez,Odeón,,,,Anselmo Aieta,Francisco Jiménez,,28-29 Giovinazzi Piano,Rafael Giovinazzi,Ángel Corleto,"Juan Bautista Guido, José Schumacher, Gabriel Clausi","Elvino Vardaro, Cayetano Puglisi, Octavio Scaglione, Antonio Rossi, José Nieso","Piano, Bass, 3 Bandoneons, 5 Violins"
Roberto Firpo,Orquesta Roberto Firpo,1929-06-08,Perdóname,,Tango,Instrumental,Odeón,,,,Amado Simone,,,28-29 Giovinazzi Piano,Rafael Giovinazzi,Ángel Corleto,"Juan Bautista Guido, José Schumacher, Gabriel Clausi","Elvino Vardaro, Cayetano Puglisi, Octavio Scaglione, Antonio Rossi, José Nieso","Piano, Bass, 3 Bandoneons, 5 Violins"
Roberto Firpo,Orquesta Roberto Firpo,1929-06-11,Mala Racha,,Tango,Instrumental,Odeón,,,,Juan Rezzano,Lito Bayardo,,28-29 Giovinazzi Piano,Rafael Giovinazzi,Ángel Corleto,"Juan Bautista Guido, José Schumacher, Gabriel Clausi","Elvino Vardaro, Cayetano Puglisi, Octavio Scaglione, Antonio Rossi, José Nieso","Piano, Bass, 3 Bandoneons, 5 Violins"
Roberto Firpo,Orquesta Roberto Firpo,1929-06-11,No Me Olvides Mi Uruguaya,,Vals,Instrumental,Odeón,,,,A. Bonini,Juan Velich,,28-29 Giovinazzi Piano,Rafael Giovinazzi,Ángel Corleto,"Juan Bautista Guido, José Schumacher, Gabriel Clausi","Elvino Vardaro, Cayetano Puglisi, Octavio Scaglione, Antonio Rossi, José Nieso","Piano, Bass, 3 Bandoneons, 5 Violins"
Roberto Firpo,Orquesta Roberto Firpo,1929-06-26,Organito del Suburbio,,Tango,Teófilo Ibáñez,Odeón,,,,Antonio Bonavena,Roberto Torres,,28-29 Giovinazzi Piano,Rafael Giovinazzi,Ángel Corleto,"Juan Bautista Guido, José Schumacher, Gabriel Clausi","Elvino Vardaro, Cayetano Puglisi, Octavio Scaglione, Antonio Rossi, José Nieso","Piano, Bass, 3 Bandoneons, 5 Violins"
Roberto Firpo,Orquesta Roberto Firpo,1929-06-26,Pura Pinta,,Tango,Teófilo Ibáñez,Odeón,,,,"Carlos Flores, Jaime Bohigas",Jaime Bohigas,,28-29 Giovinazzi Piano,Rafael Giovinazzi,Ángel Corleto,"Juan Bautista Guido, José Schumacher, Gabriel Clausi","Elvino Vardaro, Cayetano Puglisi, Octavio Scaglione, Antonio Rossi, José Nieso","Piano, Bass, 3 Bandoneons, 5 Violins"
Roberto Firpo,Orquesta Roberto Firpo,1929-07-02,Yo Tuve un Corazón,,Vals,Instrumental,Odeón,,,,Alejandro Schujer,,,28-29 Giovinazzi Piano,Rafael Giovinazzi,Ángel Corleto,"Juan Bautista Guido, José Schumacher, Gabriel Clausi","Elvino Vardaro, Cayetano Puglisi, Octavio Scaglione, Antonio Rossi, José Nieso","Piano, Bass, 3 Bandoneons, 5 Violins"
Roberto Firpo,Orquesta Roberto Firpo,1929-07-04,Marejada,,Tango,Teófilo Ibáñez,Odeón,,,,Roberto Firpo,Daniel Barreto,,28-29 Giovinazzi Piano,Rafael Giovinazzi,Ángel Corleto,"Juan Bautista Guido, José Schumacher, Gabriel Clausi","Elvino Vardaro, Cayetano Puglisi, Octavio Scaglione, Antonio Rossi, José Nieso","Piano, Bass, 3 Bandoneons, 5 Violins"
Roberto Firpo,Orquesta Roberto Firpo,1929-07-22,Canto de Amor,,Vals,Instrumental,Odeón,,,,Remo Bernasconi,,,28-29 Giovinazzi Piano,Rafael Giovinazzi,Ángel Corleto,"Juan Bautista Guido, José Schumacher, Gabriel Clausi","Elvino Vardaro, Cayetano Puglisi, Octavio Scaglione, Antonio Rossi, José Nieso","Piano, Bass, 3 Bandoneons, 5 Violins"
Roberto Firpo,Orquesta Roberto Firpo,1929-07-23,Nannete,Mannette,Vals,Instrumental,Odeón,,,,César De Pardo,,,28-29 Giovinazzi Piano,Rafael Giovinazzi,Ángel Corleto,"Juan Bautista Guido, José Schumacher, Gabriel Clausi","Elvino Vardaro, Cayetano Puglisi, Octavio Scaglione, Antonio Rossi, José Nieso","Piano, Bass, 3 Bandoneons, 5 Violins"
Roberto Firpo,Orquesta Roberto Firpo,1929-07-23,Vida Tanguera,,Tango,Instrumental,Odeón,,,,Hugo E.galli,,,28-29 Giovinazzi Piano,Rafael Giovinazzi,Ángel Corleto,"Juan Bautista Guido, José Schumacher, Gabriel Clausi","Elvino Vardaro, Cayetano Puglisi, Octavio Scaglione, Antonio Rossi, José Nieso","Piano, Bass, 3 Bandoneons, 5 Violins"
Roberto Firpo,Orquesta Roberto Firpo,1929-07-26,Andate,,Tango,Instrumental,Odeón,,,,Fidel Pintos,,,28-29 Giovinazzi Piano,Rafael Giovinazzi,Ángel Corleto,"Juan Bautista Guido, José Schumacher, Gabriel Clausi","Elvino Vardaro, Cayetano Puglisi, Octavio Scaglione, Antonio Rossi, José Nieso","Piano, Bass, 3 Bandoneons, 5 Violins"
Roberto Firpo,Orquesta Roberto Firpo,1929-07-26,Canillita,Canillita (No 1),Tango,Instrumental,Odeón,,,,Carlos Pibernat,José Riú,,28-29 Giovinazzi Piano,Rafael Giovinazzi,Ángel Corleto,"Juan Bautista Guido, José Schumacher, Gabriel Clausi","Elvino Vardaro, Cayetano Puglisi, Octavio Scaglione, Antonio Rossi, José Nieso","Piano, Bass, 3 Bandoneons, 5 Violins"
Roberto Firpo,Orquesta Roberto Firpo,1929-07-26,Por Ella He Sido Malo,,Tango,Instrumental,Odeón,,,,Ernesto Mirabelle,,,28-29 Giovinazzi Piano,Rafael Giovinazzi,Ángel Corleto,"Juan Bautista Guido, José Schumacher, Gabriel Clausi","Elvino Vardaro, Cayetano Puglisi, Octavio Scaglione, Antonio Rossi, José Nieso","Piano, Bass, 3 Bandoneons, 5 Violins"
Roberto Firpo,Orquesta Roberto Firpo,1929-07-26,Una Esperanza,,Vals,Instrumental,Odeón,,,,Antonio Bonavena,,,28-29 Giovinazzi Piano,Rafael Giovinazzi,Ángel Corleto,"Juan Bautista Guido, José Schumacher, Gabriel Clausi","Elvino Vardaro, Cayetano Puglisi, Octavio Scaglione, Antonio Rossi, José Nieso","Piano, Bass, 3 Bandoneons, 5 Violins"
Roberto Firpo,Orquesta Roberto Firpo,1929-08-01,Llanto de Amor,,Vals,Instrumental,Odeón,,,,Francisco Peña,Juan Caruso,,28-29 Giovinazzi Piano,Rafael Giovinazzi,Ángel Corleto,"Juan Bautista Guido, José Schumacher, Gabriel Clausi","Elvino Vardaro, Cayetano Puglisi, Octavio Scaglione, Antonio Rossi, José Nieso","Piano, Bass, 3 Bandoneons, 5 Violins"
Roberto Firpo,Orquesta Roberto Firpo,1929-08-01,Una Noche en la Milonga,,Tango,Instrumental,Odeón,,,,Guillermo Del Ciancio,"Nolo López, Fidel Robertassi",,28-29 Giovinazzi Piano,Rafael Giovinazzi,Ángel Corleto,"Juan Bautista Guido, José Schumacher, Gabriel Clausi","Elvino Vardaro, Cayetano Puglisi, Octavio Scaglione, Antonio Rossi, José Nieso","Piano, Bass, 3 Bandoneons, 5 Violins"
Roberto Firpo,Orquesta Roberto Firpo,1929-08-12,Mienten,,Tango,Canto,Odeón,,,,Marcos Cordoba,Marcos Cordoba,,28-29 Giovinazzi Piano,Rafael Giovinazzi,Ángel Corleto,"Juan Bautista Guido, José Schumacher, Gabriel Clausi","Elvino Vardaro, Cayetano Puglisi, Octavio Scaglione, Antonio Rossi, José Nieso","Piano, Bass, 3 Bandoneons, 5 Violins"
Roberto Firpo,Orquesta Roberto Firpo,1929-08-12,Plata Falsa,,Tango,Luis Díaz,Odeón,,,,Hugo Galli,Hugo Galli,,28-29 Giovinazzi Piano,Rafael Giovinazzi,Ángel Corleto,"Juan Bautista Guido, José Schumacher, Gabriel Clausi","Elvino Vardaro, Cayetano Puglisi, Octavio Scaglione, Antonio Rossi, José Nieso","Piano, Bass, 3 Bandoneons, 5 Violins"
Roberto Firpo,Orquesta Roberto Firpo,1929-08-12,Tu Beso,,Vals,Luis Díaz,Odeón,,,,A. Stibelman,A. Stibelman,,28-29 Giovinazzi Piano,Rafael Giovinazzi,Ángel Corleto,"Juan Bautista Guido, José Schumacher, Gabriel Clausi","Elvino Vardaro, Cayetano Puglisi, Octavio Scaglione, Antonio Rossi, José Nieso","Piano, Bass, 3 Bandoneons, 5 Violins"
Roberto Firpo,Orquesta Roberto Firpo,1929-08-21,Bacán Fulero,,Tango,Instrumental,Odeón,,,,Ricardo Brignolo,Alberto Richard,,28-29 Giovinazzi Piano,Rafael Giovinazzi,Ángel Corleto,"Juan Bautista Guido, José Schumacher, Gabriel Clausi","Elvino Vardaro, Cayetano Puglisi, Octavio Scaglione, Antonio Rossi, José Nieso","Piano, Bass, 3 Bandoneons, 5 Violins"
Roberto Firpo,Orquesta Roberto Firpo,1929-08-21,El Favorito,,Tango,Instrumental,Odeón,,,,Juan Rezzano,Lito Bayardo,,28-29 Giovinazzi Piano,Rafael Giovinazzi,Ángel Corleto,"Juan Bautista Guido, José Schumacher, Gabriel Clausi","Elvino Vardaro, Cayetano Puglisi, Octavio Scaglione, Antonio Rossi, José Nieso","Piano, Bass, 3 Bandoneons, 5 Violins"
Roberto Firpo,Orquesta Roberto Firpo,1929-08-29,El Magnate,,Tango,Instrumental,Odeón,,,,"Domingo Pelle, Richard Russo",,,28-29 Giovinazzi Piano,Rafael Giovinazzi,Ángel Corleto,"Juan Bautista Guido, José Schumacher, Gabriel Clausi","Elvino Vardaro, Cayetano Puglisi, Octavio Scaglione, Antonio Rossi, José Nieso","Piano, Bass, 3 Bandoneons, 5 Violins"
Roberto Firpo,Orquesta Roberto Firpo,1929-08-29,Tal Vez Mi Nena,,Tango,Francisco Fiorentino,Odeón,,,,Francisco Lauro,Francisco Lauro,,28-29 Giovinazzi Piano,Rafael Giovinazzi,Ángel Corleto,"Juan Bautista Guido, José Schumacher, Gabriel Clausi","Elvino Vardaro, Cayetano Puglisi, Octavio Scaglione, Antonio Rossi, José Nieso","Piano, Bass, 3 Bandoneons, 5 Violins"
Roberto Firpo,Orquesta Roberto Firpo,1929-09-05,Muñequita de Cartón,,Tango,Instrumental,Odeón,,,,Carlos Sánchez,,,28-29 Giovinazzi Piano,Rafael Giovinazzi,Ángel Corleto,"Juan Bautista Guido, José Schumacher, Gabriel Clausi","Elvino Vardaro, Cayetano Puglisi, Octavio Scaglione, Antonio Rossi, José Nieso","Piano, Bass, 3 Bandoneons, 5 Violins"
Roberto Firpo,Orquesta Roberto Firpo,1929-09-05,Sombras de la Tarde,,Vals,Instrumental,Odeón,,,,J. Renden,,,28-29 Giovinazzi Piano,Rafael Giovinazzi,Ángel Corleto,"Juan Bautista Guido, José Schumacher, Gabriel Clausi","Elvino Vardaro, Cayetano Puglisi, Octavio Scaglione, Antonio Rossi, José Nieso","Piano, Bass, 3 Bandoneons, 5 Violins"
Roberto Firpo,Orquesta Roberto Firpo,1929-09-05,Triste Memoria,,Tango,Teófilo Ibáñez,Odeón,,,,Roberto Firpo,Roberto Firpo,,28-29 Giovinazzi Piano,Rafael Giovinazzi,Ángel Corleto,"Juan Bautista Guido, José Schumacher, Gabriel Clausi","Elvino Vardaro, Cayetano Puglisi, Octavio Scaglione, Antonio Rossi, José Nieso","Piano, Bass, 3 Bandoneons, 5 Violins"
Roberto Firpo,Orquesta Roberto Firpo,1929-09-10,El Barbijo,,Tango,Teófilo Ibáñez,Odeón,,,,Andrés Doménech,Jesús Blanco,,28-29 Giovinazzi Piano,Rafael Giovinazzi,Ángel Corleto,"Juan Bautista Guido, José Schumacher, Gabriel Clausi","Elvino Vardaro, Cayetano Puglisi, Octavio Scaglione, Antonio Rossi, José Nieso","Piano, Bass, 3 Bandoneons, 5 Violins"
Roberto Firpo,Orquesta Roberto Firpo,1929-09-10,Margaritas,,Tango,Teófilo Ibáñez Y Luis Díaz,Odeón,,,,Juan González,Gabino Peñaloza,,28-29 Giovinazzi Piano,Rafael Giovinazzi,Ángel Corleto,"Juan Bautista Guido, José Schumacher, Gabriel Clausi","Elvino Vardaro, Cayetano Puglisi, Octavio Scaglione, Antonio Rossi, José Nieso","Piano, Bass, 3 Bandoneons, 5 Violins"
Roberto Firpo,Orquesta Roberto Firpo,1929-09-11,Misa de Once,,Tango,Teófilo Ibáñez,Odeón,,,,Juan Guichandut,Armando Tagini,,28-29 Giovinazzi Piano,Rafael Giovinazzi,Ángel Corleto,"Juan Bautista Guido, José Schumacher, Gabriel Clausi","Elvino Vardaro, Cayetano Puglisi, Octavio Scaglione, Antonio Rossi, José Nieso","Piano, Bass, 3 Bandoneons, 5 Violins"
Roberto Firpo,Orquesta Roberto Firpo,1929-09-12,Bataraz,,Tango,Instrumental,Odeón,,,,Faustino Taboada,,,28-29 Giovinazzi Piano,Rafael Giovinazzi,Ángel Corleto,"Juan Bautista Guido, José Schumacher, Gabriel Clausi","Elvino Vardaro, Cayetano Puglisi, Octavio Scaglione, Antonio Rossi, José Nieso","Piano, Bass, 3 Bandoneons, 5 Violins"
Roberto Firpo,Orquesta Roberto Firpo,1929-09-12,Prisionero,,Tango,Teófilo Ibáñez,Odeón,,,,Anselmo Aieta,Francisco Jiménez,,28-29 Giovinazzi Piano,Rafael Giovinazzi,Ángel Corleto,"Juan Bautista Guido, José Schumacher, Gabriel Clausi","Elvino Vardaro, Cayetano Puglisi, Octavio Scaglione, Antonio Rossi, José Nieso","Piano, Bass, 3 Bandoneons, 5 Violins"
Roberto Firpo,Orquesta Roberto Firpo,1929-09-19,Hasta Luego,,Tango,Instrumental,Odeón,,,,Juan Mateo,,,28-29 Giovinazzi Piano,Rafael Giovinazzi,Ángel Corleto,"Juan Bautista Guido, José Schumacher, Gabriel Clausi","Elvino Vardaro, Cayetano Puglisi, Octavio Scaglione, Antonio Rossi, José Nieso","Piano, Bass, 3 Bandoneons, 5 Violins"
Roberto Firpo,Orquesta Roberto Firpo,1929-09-19,Irupe,Trupe,Tango,Instrumental,Odeón,,,,Francisco García,,,28-29 Giovinazzi Piano,Rafael Giovinazzi,Ángel Corleto,"Juan Bautista Guido, José Schumacher, Gabriel Clausi","Elvino Vardaro, Cayetano Puglisi, Octavio Scaglione, Antonio Rossi, José Nieso","Piano, Bass, 3 Bandoneons, 5 Violins"
Roberto Firpo,Orquesta Roberto Firpo,1929-09-21,Buena Pilcha,,Tango,Instrumental,Odeón,,,,Rafael Rossi,José Rial,,28-29 Giovinazzi Piano,Rafael Giovinazzi,Ángel Corleto,"Juan Bautista Guido, José Schumacher, Gabriel Clausi","Elvino Vardaro, Cayetano Puglisi, Octavio Scaglione, Antonio Rossi, José Nieso","Piano, Bass, 3 Bandoneons, 5 Violins"
Roberto Firpo,Orquesta Roberto Firpo,1929-09-21,Entre Aromas de Clavel,,Tango,Instrumental,Odeón,,,,Antonio Bertona,,,28-29 Giovinazzi Piano,Rafael Giovinazzi,Ángel Corleto,"Juan Bautista Guido, José Schumacher, Gabriel Clausi","Elvino Vardaro, Cayetano Puglisi, Octavio Scaglione, Antonio Rossi, José Nieso","Piano, Bass, 3 Bandoneons, 5 Violins"
Roberto Firpo,Orquesta Roberto Firpo,1929-09-29,Alma Campera,,Tango,Instrumental,Odeón,,,,A. Pérez,,,28-29 Giovinazzi Piano,Rafael Giovinazzi,Ángel Corleto,"Juan Bautista Guido, José Schumacher, Gabriel Clausi","Elvino Vardaro, Cayetano Puglisi, Octavio Scaglione, Antonio Rossi, José Nieso","Piano, Bass, 3 Bandoneons, 5 Violins"
Roberto Firpo,Orquesta Roberto Firpo,1929-09-29,De Refilón,,Tango,Instrumental,Odeón,,,,"Nazario García, Julio Caro",Nicolás Trimani,,28-29 Giovinazzi Piano,Rafael Giovinazzi,Ángel Corleto,"Juan Bautista Guido, José Schumacher, Gabriel Clausi","Elvino Vardaro, Cayetano Puglisi, Octavio Scaglione, Antonio Rossi, José Nieso","Piano, Bass, 3 Bandoneons, 5 Violins"
Roberto Firpo,Orquesta Roberto Firpo,1929-10-02,Desilusión,,Tango,Instrumental,Odeón,,,,Miguel Bucino,,,28-29 Giovinazzi Piano,Rafael Giovinazzi,Ángel Corleto,"Juan Bautista Guido, José Schumacher, Gabriel Clausi","Elvino Vardaro, Cayetano Puglisi, Octavio Scaglione, Antonio Rossi, José Nieso","Piano, Bass, 3 Bandoneons, 5 Violins"
Roberto Firpo,Orquesta Roberto Firpo,1929-10-02,La Madrugada,,Tango,Instrumental,Odeón,,,,Emilio Iribarne,,,28-29 Giovinazzi Piano,Rafael Giovinazzi,Ángel Corleto,"Juan Bautista Guido, José Schumacher, Gabriel Clausi","Elvino Vardaro, Cayetano Puglisi, Octavio Scaglione, Antonio Rossi, José Nieso","Piano, Bass, 3 Bandoneons, 5 Violins"
Roberto Firpo,Orquesta Roberto Firpo,1929-10-10,Manguero,,Tango,Teófilo Ibáñez,Odeón,,,,Luis Riccardi,"Ray Rada, Mario Castellanos",,28-29 Giovinazzi Piano,Rafael Giovinazzi,Ángel Corleto,"Juan Bautista Guido, José Schumacher, Gabriel Clausi","Elvino Vardaro, Cayetano Puglisi, Octavio Scaglione, Antonio Rossi, José Nieso","Piano, Bass, 3 Bandoneons, 5 Violins"
Roberto Firpo,Orquesta Roberto Firpo,1929-10-10,Pensalo Bien,,Tango,Teófilo Ibáñez,Odeón,,,,Alberto Calvera,Enrique López,,28-29 Giovinazzi Piano,Rafael Giovinazzi,Ángel Corleto,"Juan Bautista Guido, José Schumacher, Gabriel Clausi","Elvino Vardaro, Cayetano Puglisi, Octavio Scaglione, Antonio Rossi, José Nieso","Piano, Bass, 3 Bandoneons, 5 Violins"
Roberto Firpo,Orquesta Roberto Firpo,1929-10-18,Canto de Amor,,Tango,Teófilo Ibáñez,Odeón,,,,Antonio Polito,Antonio Polito,,28-29 Giovinazzi Piano,Rafael Giovinazzi,Ángel Corleto,"Juan Bautista Guido, José Schumacher, Gabriel Clausi","Elvino Vardaro, Cayetano Puglisi, Octavio Scaglione, Antonio Rossi, José Nieso","Piano, Bass, 3 Bandoneons, 5 Violins"
Roberto Firpo,Orquesta Roberto Firpo,1929-10-18,La Eterna Milonga,,Tango,Instrumental,Odeón,,,,Dora De Iturriaga,,,28-29 Giovinazzi Piano,Rafael Giovinazzi,Ángel Corleto,"Juan Bautista Guido, José Schumacher, Gabriel Clausi","Elvino Vardaro, Cayetano Puglisi, Octavio Scaglione, Antonio Rossi, José Nieso","Piano, Bass, 3 Bandoneons, 5 Violins"
Roberto Firpo,Orquesta Roberto Firpo,1929-10-18,Mentiras Criollas,,Tango,Teófilo Ibáñez,Odeón,,,,Antonio Arona,Antonio Arona,,28-29 Giovinazzi Piano,Rafael Giovinazzi,Ángel Corleto,"Juan Bautista Guido, José Schumacher, Gabriel Clausi","Elvino Vardaro, Cayetano Puglisi, Octavio Scaglione, Antonio Rossi, José Nieso","Piano, Bass, 3 Bandoneons, 5 Violins"
Roberto Firpo,Orquesta Roberto Firpo,1929-10-20,De Todo Te Olvidas,Cabeza de Novia,Tango,Teófilo Ibáñez,Odeón,,,,Salvador Merico,Enrique Cadícamo,,28-29 Giovinazzi Piano,Rafael Giovinazzi,Ángel Corleto,"Juan Bautista Guido, José Schumacher, Gabriel Clausi","Elvino Vardaro, Cayetano Puglisi, Octavio Scaglione, Antonio Rossi, José Nieso","Piano, Bass, 3 Bandoneons, 5 Violins"
Roberto Firpo,Orquesta Roberto Firpo,1929-10-21,Rancho Embrujao,El Rancho Embrujao,Tango,Instrumental,Odeón,,,,Raúl Courau,Francisco Jiménez,,28-29 Giovinazzi Piano,Rafael Giovinazzi,Ángel Corleto,"Juan Bautista Guido, José Schumacher, Gabriel Clausi","Elvino Vardaro, Cayetano Puglisi, Octavio Scaglione, Antonio Rossi, José Nieso","Piano, Bass, 3 Bandoneons, 5 Violins"
Roberto Firpo,Orquesta Roberto Firpo,1929-10-24,Cuento Viejo,,Tango,Instrumental,Odeón,,,,Juan Culiersi,,,28-29 Giovinazzi Piano,Rafael Giovinazzi,Ángel Corleto,"Juan Bautista Guido, José Schumacher, Gabriel Clausi","Elvino Vardaro, Cayetano Puglisi, Octavio Scaglione, Antonio Rossi, José Nieso","Piano, Bass, 3 Bandoneons, 5 Violins"
Roberto Firpo,Orquesta Roberto Firpo,1929-10-24,Gran Bacan,,Tango,Instrumental,Odeón,,,,Antonio Polito,,,28-29 Giovinazzi Piano,Rafael Giovinazzi,Ángel Corleto,"Juan Bautista Guido, José Schumacher, Gabriel Clausi","Elvino Vardaro, Cayetano Puglisi, Octavio Scaglione, Antonio Rossi, José Nieso","Piano, Bass, 3 Bandoneons, 5 Violins"
Roberto Firpo,Orquesta Roberto Firpo,1929-10-26,Organito del Suburbio,,Tango,Teófilo Ibáñez,Odeón,,,,Antonio Bonavena,Roberto Torres,,28-29 Giovinazzi Piano,Rafael Giovinazzi,Ángel Corleto,"Juan Bautista Guido, José Schumacher, Gabriel Clausi","Elvino Vardaro, Cayetano Puglisi, Octavio Scaglione, Antonio Rossi, José Nieso","Piano, Bass, 3 Bandoneons, 5 Violins"
Roberto Firpo,Orquesta Roberto Firpo,1929-11-07,Palabra de Honor,,Tango,Teófilo Ibáñez,Odeón,,,,Carlos Percuocco,Jorge Curí,,28-29 Giovinazzi Piano,Rafael Giovinazzi,Ángel Corleto,"Juan Bautista Guido, José Schumacher, Gabriel Clausi","Elvino Vardaro, Cayetano Puglisi, Octavio Scaglione, Antonio Rossi, José Nieso","Piano, Bass, 3 Bandoneons, 5 Violins"
Roberto Firpo,Orquesta Roberto Firpo,1929-11-14,Un Curda,,Tango,Instrumental,Odeón,,,,Emilio Sassenus,,,28-29 Giovinazzi Piano,Rafael Giovinazzi,Ángel Corleto,"Juan Bautista Guido, José Schumacher, Gabriel Clausi","Elvino Vardaro, Cayetano Puglisi, Octavio Scaglione, Antonio Rossi, José Nieso","Piano, Bass, 3 Bandoneons, 5 Violins"
Roberto Firpo,Orquesta Roberto Firpo,1929-11-15,No Llore Vieja,,Tango,Teófilo Ibáñez,Odeón,,,,Arturo Senez,,,28-29 Giovinazzi Piano,Rafael Giovinazzi,Ángel Corleto,"Juan Bautista Guido, José Schumacher, Gabriel Clausi","Elvino Vardaro, Cayetano Puglisi, Octavio Scaglione, Antonio Rossi, José Nieso","Piano, Bass, 3 Bandoneons, 5 Violins"
Roberto Firpo,Orquesta Roberto Firpo,1929-11-15,Una Promesa,,Tango,Instrumental,Odeón,,,,J. Carrere,,,28-29 Giovinazzi Piano,Rafael Giovinazzi,Ángel Corleto,"Juan Bautista Guido, José Schumacher, Gabriel Clausi","Elvino Vardaro, Cayetano Puglisi, Octavio Scaglione, Antonio Rossi, José Nieso","Piano, Bass, 3 Bandoneons, 5 Violins"
Roberto Firpo,Orquesta Roberto Firpo,1929-11-21,Ahora No Te Quiero,,Tango,Teófilo Ibáñez,Odeón,,,,Ángel Rodríguez,Ángel Rodríguez,,28-29 Giovinazzi Piano,Rafael Giovinazzi,Ángel Corleto,"Juan Bautista Guido, José Schumacher, Gabriel Clausi","Elvino Vardaro, Cayetano Puglisi, Octavio Scaglione, Antonio Rossi, José Nieso","Piano, Bass, 3 Bandoneons, 5 Violins"
Roberto Firpo,Orquesta Roberto Firpo,1929-11-21,Caballito Mío,,Tango,Teófilo Ibáñez,Odeón,,,,José Ares,E. Costas,,28-29 Giovinazzi Piano,Rafael Giovinazzi,Ángel Corleto,"Juan Bautista Guido, José Schumacher, Gabriel Clausi","Elvino Vardaro, Cayetano Puglisi, Octavio Scaglione, Antonio Rossi, José Nieso","Piano, Bass, 3 Bandoneons, 5 Violins"
Roberto Firpo,Orquesta Roberto Firpo,1929-11-21,Cuento Gaucho,,Tango,Instrumental,Odeón,,,,Antonio Bonavena,,,28-29 Giovinazzi Piano,Rafael Giovinazzi,Ángel Corleto,"Juan Bautista Guido, José Schumacher, Gabriel Clausi","Elvino Vardaro, Cayetano Puglisi, Octavio Scaglione, Antonio Rossi, José Nieso","Piano, Bass, 3 Bandoneons, 5 Violins"
Roberto Firpo,Orquesta Roberto Firpo,1929-11-28,Medallita de los Pobres,Virgencita de Pompeya,Tango,Instrumental,Odeón,,,,Félix Almeyda,Enrique Maroni,,28-29 Giovinazzi Piano,Rafael Giovinazzi,Ángel Corleto,"Juan Bautista Guido, José Schumacher, Gabriel Clausi","Elvino Vardaro, Cayetano Puglisi, Octavio Scaglione, Antonio Rossi, José Nieso","Piano, Bass, 3 Bandoneons, 5 Violins"
Roberto Firpo,Orquesta Roberto Firpo,1929-11-28,Mi Viejo Ranchito,,Tango,Instrumental,Odeón,,,,Gerónimo Gradito,,,28-29 Giovinazzi Piano,Rafael Giovinazzi,Ángel Corleto,"Juan Bautista Guido, José Schumacher, Gabriel Clausi","Elvino Vardaro, Cayetano Puglisi, Octavio Scaglione, Antonio Rossi, José Nieso","Piano, Bass, 3 Bandoneons, 5 Violins"
Roberto Firpo,Orquesta Roberto Firpo,1929-12-12,Bien Amada,,Tango,Instrumental,Odeón,,,,Raúl Hoyos,,,28-29 Giovinazzi Piano,Rafael Giovinazzi,Ángel Corleto,"Juan Bautista Guido, José Schumacher, Gabriel Clausi","Elvino Vardaro, Cayetano Puglisi, Octavio Scaglione, Antonio Rossi, José Nieso","Piano, Bass, 3 Bandoneons, 5 Violins"
Roberto Firpo,Orquesta Roberto Firpo,1929-12-12,Oí Malevo,,Tango,Instrumental,Odeón,,,,Juan Buscaglia,,,28-29 Giovinazzi Piano,Rafael Giovinazzi,Ángel Corleto,"Juan Bautista Guido, José Schumacher, Gabriel Clausi","Elvino Vardaro, Cayetano Puglisi, Octavio Scaglione, Antonio Rossi, José Nieso","Piano, Bass, 3 Bandoneons, 5 Violins"
Roberto Firpo,Orquesta Roberto Firpo,1930-02-27,A Montmartre,,Tango,Carlos Varela,Odeón,,,,Enrique Delfino,José Castillo,,30-31 Federico Piano,Armando Federico,Ángel Corleto,"Vicente Toppi, Héctor Villanueva, Rafael Margaruccio, Francisco Marino","Nicolás Kornitz, Antonio Rossi, Enrique Forte, Raúl Vera","Piano, Bass, 4 Bandoneons, 4 Violins"
Roberto Firpo,Orquesta Roberto Firpo,1930-02-27,Qué Querés con Ese Loro,,Tango,Carlos Varela,Odeón,,,,Enrique Delfino,Manuel Romero,,30-31 Federico Piano,Armando Federico,Ángel Corleto,"Vicente Toppi, Héctor Villanueva, Rafael Margaruccio, Francisco Marino","Nicolás Kornitz, Antonio Rossi, Enrique Forte, Raúl Vera","Piano, Bass, 4 Bandoneons, 4 Violins"
Roberto Firpo,Orquesta Roberto Firpo,1930-03-06,En el Suburbio,,Tango,Carlos Varela,Odeón,,,,"Gabriel Claussi, Fco.vacca","Gabriel Claussi, Fco.vacca",,30-31 Federico Piano,Armando Federico,Ángel Corleto,"Vicente Toppi, Héctor Villanueva, Rafael Margaruccio, Francisco Marino","Nicolás Kornitz, Antonio Rossi, Enrique Forte, Raúl Vera","Piano, Bass, 4 Bandoneons, 4 Violins"
Roberto Firpo,Orquesta Roberto Firpo,1930-03-06,La Montonera,,Vals,Instrumental,Odeón,,,,"Enrique Delfino, Manuel Romero",,,30-31 Federico Piano,Armando Federico,Ángel Corleto,"Vicente Toppi, Héctor Villanueva, Rafael Margaruccio, Francisco Marino","Nicolás Kornitz, Antonio Rossi, Enrique Forte, Raúl Vera","Piano, Bass, 4 Bandoneons, 4 Violins"
Roberto Firpo,Orquesta Roberto Firpo,1930-03-06,Morochita,,Tango,Instrumental,Odeón,,,,Juan Carabilló,,,30-31 Federico Piano,Armando Federico,Ángel Corleto,"Vicente Toppi, Héctor Villanueva, Rafael Margaruccio, Francisco Marino","Nicolás Kornitz, Antonio Rossi, Enrique Forte, Raúl Vera","Piano, Bass, 4 Bandoneons, 4 Violins"
Roberto Firpo,Orquesta Roberto Firpo,1930-03-13,Guarango,,Tango,Carlos Varela,Odeón,,,,"Luis Minervini, Julio Bonnet","Luis Minervini, Julio Bonnet",,30-31 Federico Piano,Armando Federico,Ángel Corleto,"Vicente Toppi, Héctor Villanueva, Rafael Margaruccio, Francisco Marino","Nicolás Kornitz, Antonio Rossi, Enrique Forte, Raúl Vera","Piano, Bass, 4 Bandoneons, 4 Violins"
Roberto Firpo,Orquesta Roberto Firpo,1930-03-18,Aquella Loca,,Tango,Instrumental,Odeón,,,,Cirilo Camerota,,,30-31 Federico Piano,Armando Federico,Ángel Corleto,"Vicente Toppi, Héctor Villanueva, Rafael Margaruccio, Francisco Marino","Nicolás Kornitz, Antonio Rossi, Enrique Forte, Raúl Vera","Piano, Bass, 4 Bandoneons, 4 Violins"
Roberto Firpo,Orquesta Roberto Firpo,1930-03-27,Cuando Buenos Aires Duerme,,Tango,Instrumental,Odeón,,,,Eduardo Pereyra,,,30-31 Federico Piano,Armando Federico,Ángel Corleto,"Vicente Toppi, Héctor Villanueva, Rafael Margaruccio, Francisco Marino","Nicolás Kornitz, Antonio Rossi, Enrique Forte, Raúl Vera","Piano, Bass, 4 Bandoneons, 4 Violins"
Roberto Firpo,Orquesta Roberto Firpo,1930-03-31,Vieja Escuela de Mi Barrio,,Tango,Instrumental,Odeón,,,,Mario Nasso,César Vedani,,30-31 Federico Piano,Armando Federico,Ángel Corleto,"Vicente Toppi, Héctor Villanueva, Rafael Margaruccio, Francisco Marino","Nicolás Kornitz, Antonio Rossi, Enrique Forte, Raúl Vera","Piano, Bass, 4 Bandoneons, 4 Violins"
Roberto Firpo,Orquesta Roberto Firpo,1930-04-12,Che Felipe,,Tango,Carlos Varela,Odeón,,,,Guillermo Del Ciancio,Nolo López,,30-31 Federico Piano,Armando Federico,Ángel Corleto,"Vicente Toppi, Héctor Villanueva, Rafael Margaruccio, Francisco Marino","Nicolás Kornitz, Antonio Rossi, Enrique Forte, Raúl Vera","Piano, Bass, 4 Bandoneons, 4 Violins"
Roberto Firpo,Orquesta Roberto Firpo,1930-04-16,Mesita de Lujo,,Tango,Carlos Varela,Odeón,,,,"José Servidio, Edo Mendez","José Servidio, Edo Mendez",,30-31 Federico Piano,Armando Federico,Ángel Corleto,"Vicente Toppi, Héctor Villanueva, Rafael Margaruccio, Francisco Marino","Nicolás Kornitz, Antonio Rossi, Enrique Forte, Raúl Vera","Piano, Bass, 4 Bandoneons, 4 Violins"
Roberto Firpo,Orquesta Roberto Firpo,1930-04-16,Ojos Que Lloran,,Vals,Carlos Varela,Odeón,,,,Antonio Polito,Antonio Polito,,30-31 Federico Piano,Armando Federico,Ángel Corleto,"Vicente Toppi, Héctor Villanueva, Rafael Margaruccio, Francisco Marino","Nicolás Kornitz, Antonio Rossi, Enrique Forte, Raúl Vera","Piano, Bass, 4 Bandoneons, 4 Violins"
Roberto Firpo,Orquesta Roberto Firpo,1930-04-16,Palabras de Amor,,Tango,Instrumental,Odeón,,,,Anselmo Aieta,,,30-31 Federico Piano,Armando Federico,Ángel Corleto,"Vicente Toppi, Héctor Villanueva, Rafael Margaruccio, Francisco Marino","Nicolás Kornitz, Antonio Rossi, Enrique Forte, Raúl Vera","Piano, Bass, 4 Bandoneons, 4 Violins"
Roberto Firpo,Orquesta Roberto Firpo,1930-04-24,Mi Casita,,Tango,Carlos Varela,Odeón,,,,Juan González,Gabino Peñaloza,,30-31 Federico Piano,Armando Federico,Ángel Corleto,"Vicente Toppi, Héctor Villanueva, Rafael Margaruccio, Francisco Marino","Nicolás Kornitz, Antonio Rossi, Enrique Forte, Raúl Vera","Piano, Bass, 4 Bandoneons, 4 Violins"
Roberto Firpo,Orquesta Roberto Firpo,1930-04-24,Paganini,,Tango,Carlos Varela,Odeón,,,,Pedro Etchegoyen,Pedro Etchegoyen,,30-31 Federico Piano,Armando Federico,Ángel Corleto,"Vicente Toppi, Héctor Villanueva, Rafael Margaruccio, Francisco Marino","Nicolás Kornitz, Antonio Rossi, Enrique Forte, Raúl Vera","Piano, Bass, 4 Bandoneons, 4 Violins"
Roberto Firpo,Orquesta Roberto Firpo,1930-04-24,Pilcha Bruja,,Tango,Instrumental,Odeón,,,,Rodolfo Sciammarella,,,30-31 Federico Piano,Armando Federico,Ángel Corleto,"Vicente Toppi, Héctor Villanueva, Rafael Margaruccio, Francisco Marino","Nicolás Kornitz, Antonio Rossi, Enrique Forte, Raúl Vera","Piano, Bass, 4 Bandoneons, 4 Violins"
Roberto Firpo,Orquesta Roberto Firpo,1930-04-28,Pájaro Suelto,,Tango,Instrumental,Odeón,,,,"Eduardo Conté, Raúl Moreno",,,30-31 Federico Piano,Armando Federico,Ángel Corleto,"Vicente Toppi, Héctor Villanueva, Rafael Margaruccio, Francisco Marino","Nicolás Kornitz, Antonio Rossi, Enrique Forte, Raúl Vera","Piano, Bass, 4 Bandoneons, 4 Violins"
Roberto Firpo,Orquesta Roberto Firpo,1930-04-28,Sos un Cobarde,,Tango,Instrumental,Odeón,,,,Modesto Papávero,,,30-31 Federico Piano,Armando Federico,Ángel Corleto,"Vicente Toppi, Héctor Villanueva, Rafael Margaruccio, Francisco Marino","Nicolás Kornitz, Antonio Rossi, Enrique Forte, Raúl Vera","Piano, Bass, 4 Bandoneons, 4 Violins"
Roberto Firpo,Orquesta Roberto Firpo,1930-05-01,El Vagabundo,,Tango,Instrumental,Odeón,,,,Juan Velich,,,30-31 Federico Piano,Armando Federico,Ángel Corleto,"Vicente Toppi, Héctor Villanueva, Rafael Margaruccio, Francisco Marino","Nicolás Kornitz, Antonio Rossi, Enrique Forte, Raúl Vera","Piano, Bass, 4 Bandoneons, 4 Violins"
Roberto Firpo,Orquesta Roberto Firpo,1930-05-07,La Tenes Conmigo,,Tango,Carlos Varela,Odeón,,,,Modesto Papávero,Venancio Clauso,,30-31 Federico Piano,Armando Federico,Ángel Corleto,"Vicente Toppi, Héctor Villanueva, Rafael Margaruccio, Francisco Marino","Nicolás Kornitz, Antonio Rossi, Enrique Forte, Raúl Vera","Piano, Bass, 4 Bandoneons, 4 Violins"
Roberto Firpo,Orquesta Roberto Firpo,1930-05-07,Mechita,,Vals,Carlos Varela,Odeón,,,,"Hermes Peressini, H. Dodda","Hermes Peressini, H. Dodda",,30-31 Federico Piano,Armando Federico,Ángel Corleto,"Vicente Toppi, Héctor Villanueva, Rafael Margaruccio, Francisco Marino","Nicolás Kornitz, Antonio Rossi, Enrique Forte, Raúl Vera","Piano, Bass, 4 Bandoneons, 4 Violins"
Roberto Firpo,Orquesta Roberto Firpo,1930-05-07,No Tengas Miedo,,Tango,Carlos Varela,Odeón,,,,Guillermo Cavazza,Jacinto Font,,30-31 Federico Piano,Armando Federico,Ángel Corleto,"Vicente Toppi, Héctor Villanueva, Rafael Margaruccio, Francisco Marino","Nicolás Kornitz, Antonio Rossi, Enrique Forte, Raúl Vera","Piano, Bass, 4 Bandoneons, 4 Violins"
Roberto Firpo,Orquesta Roberto Firpo,1930-05-15,Manos de Seda,,Tango,Instrumental,Odeón,,,,Mateo Coppola,Delmira Zinola,,30-31 Federico Piano,Armando Federico,Ángel Corleto,"Vicente Toppi, Héctor Villanueva, Rafael Margaruccio, Francisco Marino","Nicolás Kornitz, Antonio Rossi, Enrique Forte, Raúl Vera","Piano, Bass, 4 Bandoneons, 4 Violins"
Roberto Firpo,Orquesta Roberto Firpo,1930-05-15,Venganza de Pierrot,,Tango,Carlos Varela,Odeón,,,,Raúl Courau,Raúl Courau,,30-31 Federico Piano,Armando Federico,Ángel Corleto,"Vicente Toppi, Héctor Villanueva, Rafael Margaruccio, Francisco Marino","Nicolás Kornitz, Antonio Rossi, Enrique Forte, Raúl Vera","Piano, Bass, 4 Bandoneons, 4 Violins"
Roberto Firpo,Orquesta Roberto Firpo,1930-05-21,Verdad Que No Te Irás,,Tango,Carlos Varela,Odeón,,,,Enrique Canosa,Enrique Canosa,,30-31 Federico Piano,Armando Federico,Ángel Corleto,"Vicente Toppi, Héctor Villanueva, Rafael Margaruccio, Francisco Marino","Nicolás Kornitz, Antonio Rossi, Enrique Forte, Raúl Vera","Piano, Bass, 4 Bandoneons, 4 Violins"
Roberto Firpo,Orquesta Roberto Firpo,1930-05-21,Violines Gitanos,,Tango,Instrumental,Odeón,,,,Enrique Maciel,Héctor Blomberg,,30-31 Federico Piano,Armando Federico,Ángel Corleto,"Vicente Toppi, Héctor Villanueva, Rafael Margaruccio, Francisco Marino","Nicolás Kornitz, Antonio Rossi, Enrique Forte, Raúl Vera","Piano, Bass, 4 Bandoneons, 4 Violins"
Roberto Firpo,Orquesta Roberto Firpo,1930-05-22,Dicen Que Dicen,,Tango,Instrumental,Odeón,,,,Enrique Delfino,Alberto Ballestero,,30-31 Federico Piano,Armando Federico,Ángel Corleto,"Vicente Toppi, Héctor Villanueva, Rafael Margaruccio, Francisco Marino","Nicolás Kornitz, Antonio Rossi, Enrique Forte, Raúl Vera","Piano, Bass, 4 Bandoneons, 4 Violins"
Roberto Firpo,Orquesta Roberto Firpo,1930-05-28,Ave Negra,,Tango,Carlos Varela,Odeón,,,,Osvaldo Montenegro,Dante Linyera,,30-31 Federico Piano,Armando Federico,Ángel Corleto,"Vicente Toppi, Héctor Villanueva, Rafael Margaruccio, Francisco Marino","Nicolás Kornitz, Antonio Rossi, Enrique Forte, Raúl Vera","Piano, Bass, 4 Bandoneons, 4 Violins"
Roberto Firpo,Orquesta Roberto Firpo,1930-05-28,Calor de Hogar,,Tango,Instrumental,Odeón,,,,Eugenio Carrere,Jesús Blanco,,30-31 Federico Piano,Armando Federico,Ángel Corleto,"Vicente Toppi, Héctor Villanueva, Rafael Margaruccio, Francisco Marino","Nicolás Kornitz, Antonio Rossi, Enrique Forte, Raúl Vera","Piano, Bass, 4 Bandoneons, 4 Violins"
Roberto Firpo,Orquesta Roberto Firpo,1930-06-07,Bailemos Pebeta,,Tango,Carlos Varela,Odeón,,,,Armando Acquarone,Armando Acquarone,,30-31 Federico Piano,Armando Federico,Ángel Corleto,"Vicente Toppi, Héctor Villanueva, Rafael Margaruccio, Francisco Marino","Nicolás Kornitz, Antonio Rossi, Enrique Forte, Raúl Vera","Piano, Bass, 4 Bandoneons, 4 Violins"
Roberto Firpo,Orquesta Roberto Firpo,1930-06-07,No la Contes Grande,,Tango,Instrumental,Odeón,,,,Luis Visca,,,30-31 Federico Piano,Armando Federico,Ángel Corleto,"Vicente Toppi, Héctor Villanueva, Rafael Margaruccio, Francisco Marino","Nicolás Kornitz, Antonio Rossi, Enrique Forte, Raúl Vera","Piano, Bass, 4 Bandoneons, 4 Violins"
Roberto Firpo,Orquesta Roberto Firpo,1930-06-12,Chirolita,,Tango,Carlos Varela,Odeón,,,,Francisco Peña,Francisco Peña,,30-31 Federico Piano,Armando Federico,Ángel Corleto,"Vicente Toppi, Héctor Villanueva, Rafael Margaruccio, Francisco Marino","Nicolás Kornitz, Antonio Rossi, Enrique Forte, Raúl Vera","Piano, Bass, 4 Bandoneons, 4 Violins"
Roberto Firpo,Orquesta Roberto Firpo,1930-06-19,Ilusión,,Vals,Instrumental,Odeón,,,,Angel Molo,,,30-31 Federico Piano,Armando Federico,Ángel Corleto,"Vicente Toppi, Héctor Villanueva, Rafael Margaruccio, Francisco Marino","Nicolás Kornitz, Antonio Rossi, Enrique Forte, Raúl Vera","Piano, Bass, 4 Bandoneons, 4 Violins"
Roberto Firpo,Orquesta Roberto Firpo,1930-06-19,Muchachita del Ciego,,Tango,Carlos Varela,Odeón,,,,Juan Culiersi,Juan Culiersi,,30-31 Federico Piano,Armando Federico,Ángel Corleto,"Vicente Toppi, Héctor Villanueva, Rafael Margaruccio, Francisco Marino","Nicolás Kornitz, Antonio Rossi, Enrique Forte, Raúl Vera","Piano, Bass, 4 Bandoneons, 4 Violins"
Roberto Firpo,Orquesta Roberto Firpo,1930-06-19,Pobre Canillita,,Tango,Instrumental,Odeón,,,,Julio Sanders,,,30-31 Federico Piano,Armando Federico,Ángel Corleto,"Vicente Toppi, Héctor Villanueva, Rafael Margaruccio, Francisco Marino","Nicolás Kornitz, Antonio Rossi, Enrique Forte, Raúl Vera","Piano, Bass, 4 Bandoneons, 4 Violins"
Roberto Firpo,Orquesta Roberto Firpo,1930-06-19,Rie Corazón,Y Rie Corazón,Tango,Carlos Varela,Odeón,,,,F. Strazzarini,Roberto Duque,,30-31 Federico Piano,Armando Federico,Ángel Corleto,"Vicente Toppi, Héctor Villanueva, Rafael Margaruccio, Francisco Marino","Nicolás Kornitz, Antonio Rossi, Enrique Forte, Raúl Vera","Piano, Bass, 4 Bandoneons, 4 Violins"
Roberto Firpo,Orquesta Roberto Firpo,1930-06-26,Pebeta Loca,,Tango,Instrumental,Odeón,,,,Alberto Cima,,,30-31 Federico Piano,Armando Federico,Ángel Corleto,"Vicente Toppi, Héctor Villanueva, Rafael Margaruccio, Francisco Marino","Nicolás Kornitz, Antonio Rossi, Enrique Forte, Raúl Vera","Piano, Bass, 4 Bandoneons, 4 Violins"
Roberto Firpo,Orquesta Roberto Firpo,1930-06-26,Vení Temprano,,Tango,Instrumental,Odeón,,,,Manuel Jovés,,,30-31 Federico Piano,Armando Federico,Ángel Corleto,"Vicente Toppi, Héctor Villanueva, Rafael Margaruccio, Francisco Marino","Nicolás Kornitz, Antonio Rossi, Enrique Forte, Raúl Vera","Piano, Bass, 4 Bandoneons, 4 Violins"
Roberto Firpo,Orquesta Roberto Firpo,1930-07-10,Caras y Caretas,El Canillita,Tango,Carlos Varela,Odeón,,,,Enrique Saborido,Carlos Saborido,,30-31 Federico Piano,Armando Federico,Ángel Corleto,"Vicente Toppi, Héctor Villanueva, Rafael Margaruccio, Francisco Marino","Nicolás Kornitz, Antonio Rossi, Enrique Forte, Raúl Vera","Piano, Bass, 4 Bandoneons, 4 Violins"
Roberto Firpo,Orquesta Roberto Firpo,1930-07-17,Penas del Alma,,Vals,Carlos Varela,Odeón,,,,Roberto Firpo,Vicente Del Campo,,30-31 Federico Piano,Armando Federico,Ángel Corleto,"Vicente Toppi, Héctor Villanueva, Rafael Margaruccio, Francisco Marino","Nicolás Kornitz, Antonio Rossi, Enrique Forte, Raúl Vera","Piano, Bass, 4 Bandoneons, 4 Violins"
Roberto Firpo,Orquesta Roberto Firpo,1930-09-04,De Rincón a Rincón,De Rincón en Rincón,Tango,Instrumental,Odeón,,,,Santiago París,Santiago Scherini,,30-31 Federico Piano,Armando Federico,Ángel Corleto,"Vicente Toppi, Héctor Villanueva, Rafael Margaruccio, Francisco Marino","Nicolás Kornitz, Antonio Rossi, Enrique Forte, Raúl Vera","Piano, Bass, 4 Bandoneons, 4 Violins"
Roberto Firpo,Orquesta Roberto Firpo,1930-09-04,Vivirás Eternamente,,Vals,Instrumental,Odeón,,,,Miguel Cetta,,,30-31 Federico Piano,Armando Federico,Ángel Corleto,"Vicente Toppi, Héctor Villanueva, Rafael Margaruccio, Francisco Marino","Nicolás Kornitz, Antonio Rossi, Enrique Forte, Raúl Vera","Piano, Bass, 4 Bandoneons, 4 Violins"
Roberto Firpo,Orquesta Roberto Firpo,1930-09-18,Mujeres Frivolas,,Tango,Instrumental,Odeón,,,,F. Lepori,,,30-31 Federico Piano,Armando Federico,Ángel Corleto,"Vicente Toppi, Héctor Villanueva, Rafael Margaruccio, Francisco Marino","Nicolás Kornitz, Antonio Rossi, Enrique Forte, Raúl Vera","Piano, Bass, 4 Bandoneons, 4 Violins"
Roberto Firpo,Orquesta Roberto Firpo,1930-09-18,No Es Por Hablar Mal,,Tango,Instrumental,Odeón,,,,Enrique Delfino,Manuel Romero,,30-31 Federico Piano,Armando Federico,Ángel Corleto,"Vicente Toppi, Héctor Villanueva, Rafael Margaruccio, Francisco Marino","Nicolás Kornitz, Antonio Rossi, Enrique Forte, Raúl Vera","Piano, Bass, 4 Bandoneons, 4 Violins"
Roberto Firpo,Orquesta Roberto Firpo,1930-09-18,Tango Amigo,,Tango,Instrumental,Odeón,,,,Juan Rezzano,,,30-31 Federico Piano,Armando Federico,Ángel Corleto,"Vicente Toppi, Héctor Villanueva, Rafael Margaruccio, Francisco Marino","Nicolás Kornitz, Antonio Rossi, Enrique Forte, Raúl Vera","Piano, Bass, 4 Bandoneons, 4 Violins"
Roberto Firpo,Orquesta Roberto Firpo,1930-09-22,Barco Viejo,,Tango,Instrumental,Odeón,,,,Enrique Delfino,,,30-31 Federico Piano,Armando Federico,Ángel Corleto,"Vicente Toppi, Héctor Villanueva, Rafael Margaruccio, Francisco Marino","Nicolás Kornitz, Antonio Rossi, Enrique Forte, Raúl Vera","Piano, Bass, 4 Bandoneons, 4 Violins"
Roberto Firpo,Orquesta Roberto Firpo,1930-09-22,Mujer,,Vals,Carlos Varela,Odeón,,,,Víctor Troysi,Víctor Troysi,,30-31 Federico Piano,Armando Federico,Ángel Corleto,"Vicente Toppi, Héctor Villanueva, Rafael Margaruccio, Francisco Marino","Nicolás Kornitz, Antonio Rossi, Enrique Forte, Raúl Vera","Piano, Bass, 4 Bandoneons, 4 Violins"
Roberto Firpo,Orquesta Roberto Firpo,1930-09-22,Norah,,Tango,Carlos Varela,Odeón,,,,"H. Sabattino, J. Losso","H. Sabattino, J. Losso",,30-31 Federico Piano,Armando Federico,Ángel Corleto,"Vicente Toppi, Héctor Villanueva, Rafael Margaruccio, Francisco Marino","Nicolás Kornitz, Antonio Rossi, Enrique Forte, Raúl Vera","Piano, Bass, 4 Bandoneons, 4 Violins"
Roberto Firpo,Orquesta Roberto Firpo,1930-09-22,Torito de Mataderos,,Tango,Carlos Varela,Odeón,,,,Anselmo Aieta,Anselmo Aieta,,30-31 Federico Piano,Armando Federico,Ángel Corleto,"Vicente Toppi, Héctor Villanueva, Rafael Margaruccio, Francisco Marino","Nicolás Kornitz, Antonio Rossi, Enrique Forte, Raúl Vera","Piano, Bass, 4 Bandoneons, 4 Violins"
Roberto Firpo,Orquesta Roberto Firpo,1930-09-22,Viva la Patria,,Tango,Coro,Odeón,,,,Anselmo Aieta,Francisco Jiménez,,30-31 Federico Piano,Armando Federico,Ángel Corleto,"Vicente Toppi, Héctor Villanueva, Rafael Margaruccio, Francisco Marino","Nicolás Kornitz, Antonio Rossi, Enrique Forte, Raúl Vera","Piano, Bass, 4 Bandoneons, 4 Violins"
Roberto Firpo,Orquesta Roberto Firpo,1930-09-25,Estoy Penando,,Tango,Carlos Varela,Odeón,,,,Alejandro Pereyra,Alejandro Pereyra,,30-31 Federico Piano,Armando Federico,Ángel Corleto,"Vicente Toppi, Héctor Villanueva, Rafael Margaruccio, Francisco Marino","Nicolás Kornitz, Antonio Rossi, Enrique Forte, Raúl Vera","Piano, Bass, 4 Bandoneons, 4 Violins"
Roberto Firpo,Orquesta Roberto Firpo,1930-09-25,Un Loco Metejón,,Tango,Carlos Varela,Odeón,,,,"Raul Brujis, J. Zoani","Raul Brujis, J. Zoani",,30-31 Federico Piano,Armando Federico,Ángel Corleto,"Vicente Toppi, Héctor Villanueva, Rafael Margaruccio, Francisco Marino","Nicolás Kornitz, Antonio Rossi, Enrique Forte, Raúl Vera","Piano, Bass, 4 Bandoneons, 4 Violins"
Roberto Firpo,Orquesta Roberto Firpo,1930-10-02,Carcajadas,,Tango,Carlos Varela,Odeón,,,,Acho Manzi,Jesús Blanco,,30-31 Federico Piano,Armando Federico,Ángel Corleto,"Vicente Toppi, Héctor Villanueva, Rafael Margaruccio, Francisco Marino","Nicolás Kornitz, Antonio Rossi, Enrique Forte, Raúl Vera","Piano, Bass, 4 Bandoneons, 4 Violins"
Roberto Firpo,Quinteto Roberto Firpo,1930-10-02,Qué Noche,,Tango,Instrumental,Odeón,,,,Agustín Bardi,,,30-31 Federico Piano,Armando Federico,Ángel Corleto,"Vicente Toppi, Héctor Villanueva, Rafael Margaruccio, Francisco Marino","Nicolás Kornitz, Antonio Rossi, Enrique Forte, Raúl Vera","Piano, Bass, 4 Bandoneons, 4 Violins"
Roberto Firpo,Orquesta Roberto Firpo,1930-10-02,Vivorita,Viborita,Tango,Instrumental,Odeón,,,,Eduardo Arolas,Gabriel Clausi,,30-31 Federico Piano,Armando Federico,Ángel Corleto,"Vicente Toppi, Héctor Villanueva, Rafael Margaruccio, Francisco Marino","Nicolás Kornitz, Antonio Rossi, Enrique Forte, Raúl Vera","Piano, Bass, 4 Bandoneons, 4 Violins"
Roberto Firpo,Orquesta Roberto Firpo,1930-10-16,Tres Arroyos,,Tango,Instrumental,Odeón,,,,A. Rosendo,,,30-31 Federico Piano,Armando Federico,Ángel Corleto,"Vicente Toppi, Héctor Villanueva, Rafael Margaruccio, Francisco Marino","Nicolás Kornitz, Antonio Rossi, Enrique Forte, Raúl Vera","Piano, Bass, 4 Bandoneons, 4 Violins"
Roberto Firpo,Orquesta Roberto Firpo,1930-10-23,Amor Pirata,,Tango,Carlos Varela,Odeón,,,,Augusto Berto,Richard Russo,,30-31 Federico Piano,Armando Federico,Ángel Corleto,"Vicente Toppi, Héctor Villanueva, Rafael Margaruccio, Francisco Marino","Nicolás Kornitz, Antonio Rossi, Enrique Forte, Raúl Vera","Piano, Bass, 4 Bandoneons, 4 Violins"
Roberto Firpo,Orquesta Roberto Firpo,1930-10-23,Ya Van Pa' Muchos Años,,Tango,Carlos Varela,Odeón,,,,R. Olivera,R. Olivera,,30-31 Federico Piano,Armando Federico,Ángel Corleto,"Vicente Toppi, Héctor Villanueva, Rafael Margaruccio, Francisco Marino","Nicolás Kornitz, Antonio Rossi, Enrique Forte, Raúl Vera","Piano, Bass, 4 Bandoneons, 4 Violins"
Roberto Firpo,Orquesta Roberto Firpo,1930-10-29,Vieja Recova,Vieja Recoba,Tango,Instrumental,Odeón,,,,Rodolfo Sciammarella,Enrique Cadícamo,,30-31 Federico Piano,Armando Federico,Ángel Corleto,"Vicente Toppi, Héctor Villanueva, Rafael Margaruccio, Francisco Marino","Nicolás Kornitz, Antonio Rossi, Enrique Forte, Raúl Vera","Piano, Bass, 4 Bandoneons, 4 Violins"
Roberto Firpo,Orquesta Roberto Firpo,1930-10-30,Rouge,,Vals,Instrumental,Odeón,,,,"Restituto Alonso, N. Muñiz",,,30-31 Federico Piano,Armando Federico,Ángel Corleto,"Vicente Toppi, Héctor Villanueva, Rafael Margaruccio, Francisco Marino","Nicolás Kornitz, Antonio Rossi, Enrique Forte, Raúl Vera","Piano, Bass, 4 Bandoneons, 4 Violins"
Roberto Firpo,Orquesta Roberto Firpo,1930-11-06,Ni Flores Ya Se Ven,,Vals,Instrumental,Odeón,,,,Roberto Firpo,"Lito Bayardo, Vincente Del Campo",,30-31 Federico Piano,Armando Federico,Ángel Corleto,"Vicente Toppi, Héctor Villanueva, Rafael Margaruccio, Francisco Marino","Nicolás Kornitz, Antonio Rossi, Enrique Forte, Raúl Vera","Piano, Bass, 4 Bandoneons, 4 Violins"
Roberto Firpo,Orquesta Roberto Firpo,1930-11-06,Que Gamba Che Hermano,,Tango,Carlos Varela,Odeón,,,,"Francisco Zingoni, Juan Clauso","Francisco Zingoni, Juan Clauso",,30-31 Federico Piano,Armando Federico,Ángel Corleto,"Vicente Toppi, Héctor Villanueva, Rafael Margaruccio, Francisco Marino","Nicolás Kornitz, Antonio Rossi, Enrique Forte, Raúl Vera","Piano, Bass, 4 Bandoneons, 4 Violins"
Roberto Firpo,Orquesta Roberto Firpo,1930-11-06,Que Te Han Hecho los Muchachos,,Tango,Carlos Varela,Odeón,,,,Anselmo Aieta,Vicente Del Campo,,30-31 Federico Piano,Armando Federico,Ángel Corleto,"Vicente Toppi, Héctor Villanueva, Rafael Margaruccio, Francisco Marino","Nicolás Kornitz, Antonio Rossi, Enrique Forte, Raúl Vera","Piano, Bass, 4 Bandoneons, 4 Violins"
Roberto Firpo,Orquesta Roberto Firpo,1930-11-13,Grandulón,,Tango,Carlos Varela,Odeón,,,,Fernando Montoni,Máximo Orsi,,30-31 Federico Piano,Armando Federico,Ángel Corleto,"Vicente Toppi, Héctor Villanueva, Rafael Margaruccio, Francisco Marino","Nicolás Kornitz, Antonio Rossi, Enrique Forte, Raúl Vera","Piano, Bass, 4 Bandoneons, 4 Violins"
Roberto Firpo,Orquesta Roberto Firpo,1930-11-20,Cuando Paso el Amor,,Vals,Carlos Varela,Odeón,,,,Roberto Lurati,Roberto Duque,,30-31 Federico Piano,Armando Federico,Ángel Corleto,"Vicente Toppi, Héctor Villanueva, Rafael Margaruccio, Francisco Marino","Nicolás Kornitz, Antonio Rossi, Enrique Forte, Raúl Vera","Piano, Bass, 4 Bandoneons, 4 Violins"
Roberto Firpo,Orquesta Roberto Firpo,1930-11-20,Florcita Criolla,Flor del Pais,Vals,Carlos Varela,Odeón,,,,Francisco Zingoni,Venancio Clauso,,30-31 Federico Piano,Armando Federico,Ángel Corleto,"Vicente Toppi, Héctor Villanueva, Rafael Margaruccio, Francisco Marino","Nicolás Kornitz, Antonio Rossi, Enrique Forte, Raúl Vera","Piano, Bass, 4 Bandoneons, 4 Violins"
Roberto Firpo,Orquesta Roberto Firpo,1930-11-20,La Oración del Tango,,Tango,Carlos Varela,Odeón,,,,Emilio Sassenus,Alfredo Bigeschi,,30-31 Federico Piano,Armando Federico,Ángel Corleto,"Vicente Toppi, Héctor Villanueva, Rafael Margaruccio, Francisco Marino","Nicolás Kornitz, Antonio Rossi, Enrique Forte, Raúl Vera","Piano, Bass, 4 Bandoneons, 4 Violins"
Roberto Firpo,Orquesta Roberto Firpo,1930-11-27,Te Llevo en el Alma,Te Llevo en Mi Alma,Vals,Instrumental,Odeón,,,,Manuel Martins,,,30-31 Federico Piano,Armando Federico,Ángel Corleto,"Vicente Toppi, Héctor Villanueva, Rafael Margaruccio, Francisco Marino","Nicolás Kornitz, Antonio Rossi, Enrique Forte, Raúl Vera","Piano, Bass, 4 Bandoneons, 4 Violins"
Roberto Firpo,Orquesta Roberto Firpo,1930-12-04,Cuidamela Mucho,,Tango,Instrumental,Odeón,,,,Francisco Boutureira,,,30-31 Federico Piano,Armando Federico,Ángel Corleto,"Vicente Toppi, Héctor Villanueva, Rafael Margaruccio, Francisco Marino","Nicolás Kornitz, Antonio Rossi, Enrique Forte, Raúl Vera","Piano, Bass, 4 Bandoneons, 4 Violins"
Roberto Firpo,Orquesta Roberto Firpo,1930-12-04,Mi Clavel,,Vals,Carlos Varela,Odeón,,,,Gerardo Rodríguez,Francisco Bohígas,,30-31 Federico Piano,Armando Federico,Ángel Corleto,"Vicente Toppi, Héctor Villanueva, Rafael Margaruccio, Francisco Marino","Nicolás Kornitz, Antonio Rossi, Enrique Forte, Raúl Vera","Piano, Bass, 4 Bandoneons, 4 Violins"
Roberto Firpo,Orquesta Roberto Firpo,1930-12-04,Portate Bien Que Sos Grande,,Tango,Instrumental,Odeón,,,,Gerardo Rodríguez,Francisco Bohígas,,30-31 Federico Piano,Armando Federico,Ángel Corleto,"Vicente Toppi, Héctor Villanueva, Rafael Margaruccio, Francisco Marino","Nicolás Kornitz, Antonio Rossi, Enrique Forte, Raúl Vera","Piano, Bass, 4 Bandoneons, 4 Violins"
Roberto Firpo,Orquesta Roberto Firpo,1931-03-10,Eco Melodioso,,Tango,Príncipe Azul,Odeón,,,,Roberto Firpo,Vicente Del Campo,,30-31 Federico Piano,Armando Federico,Ángel Corleto,"Vicente Toppi, Héctor Villanueva, Rafael Margaruccio, Francisco Marino","Nicolás Kornitz, Antonio Rossi, Enrique Forte, Raúl Vera","Piano, Bass, 4 Bandoneons, 4 Violins"
Roberto Firpo,Orquesta Roberto Firpo,1931-03-10,Hay Que Creerlo,Hay Que Creer O,Tango,Instrumental,Odeón,,,,Anselmo Aieta,Francisco Jiménez,,30-31 Federico Piano,Armando Federico,Ángel Corleto,"Vicente Toppi, Héctor Villanueva, Rafael Margaruccio, Francisco Marino","Nicolás Kornitz, Antonio Rossi, Enrique Forte, Raúl Vera","Piano, Bass, 4 Bandoneons, 4 Violins"
Roberto Firpo,Orquesta Roberto Firpo,1931-03-10,Mágico Sueño,,Tango,Príncipe Azul,Odeón,,,,Roberto Firpo,Vicente Del Campo,,30-31 Federico Piano,Armando Federico,Ángel Corleto,"Vicente Toppi, Héctor Villanueva, Rafael Margaruccio, Francisco Marino","Nicolás Kornitz, Antonio Rossi, Enrique Forte, Raúl Vera","Piano, Bass, 4 Bandoneons, 4 Violins"
Roberto Firpo,Orquesta Roberto Firpo,1931-03-10,Que Me Contas,,Tango,Príncipe Azul,Odeón,,,,Roberto Firpo,Andrés Gaos,,30-31 Federico Piano,Armando Federico,Ángel Corleto,"Vicente Toppi, Héctor Villanueva, Rafael Margaruccio, Francisco Marino","Nicolás Kornitz, Antonio Rossi, Enrique Forte, Raúl Vera","Piano, Bass, 4 Bandoneons, 4 Violins"
Roberto Firpo,Orquesta Roberto Firpo,1931-03-10,Una Sombra,,Tango,Instrumental,Odeón,,,,Roberto Firpo,,,30-31 Federico Piano,Armando Federico,Ángel Corleto,"Vicente Toppi, Héctor Villanueva, Rafael Margaruccio, Francisco Marino","Nicolás Kornitz, Antonio Rossi, Enrique Forte, Raúl Vera","Piano, Bass, 4 Bandoneons, 4 Violins"
Roberto Firpo,Orquesta Roberto Firpo,1931-03-30,Campanita de la Escuela,,Tango,Príncipe Azul,Odeón,,,,"Carlos Masina, Gregorio Barbera",Juan Mazaroni,,30-31 Federico Piano,Armando Federico,Ángel Corleto,"Vicente Toppi, Héctor Villanueva, Rafael Margaruccio, Francisco Marino","Nicolás Kornitz, Antonio Rossi, Enrique Forte, Raúl Vera","Piano, Bass, 4 Bandoneons, 4 Violins"
Roberto Firpo,Orquesta Roberto Firpo,1931-03-30,Qué Pasó Vecina,,Tango,Príncipe Azul,Odeón,,,,Raúl Hoyos,Enrique Rando,,30-31 Federico Piano,Armando Federico,Ángel Corleto,"Vicente Toppi, Héctor Villanueva, Rafael Margaruccio, Francisco Marino","Nicolás Kornitz, Antonio Rossi, Enrique Forte, Raúl Vera","Piano, Bass, 4 Bandoneons, 4 Violins"
Roberto Firpo,Orquesta Roberto Firpo,1931-04-14,Pobre Huerfanita,,Tango,Instrumental,Odeón,,,,Antonio Arona,Armando Tagini,,30-31 Federico Piano,Armando Federico,Ángel Corleto,"Vicente Toppi, Héctor Villanueva, Rafael Margaruccio, Francisco Marino","Nicolás Kornitz, Antonio Rossi, Enrique Forte, Raúl Vera","Piano, Bass, 4 Bandoneons, 4 Violins"
Roberto Firpo,Orquesta Roberto Firpo,1931-05-07,El Ahorcado,,Tango,Instrumental,Odeón,,,,Roberto Firpo,,,30-31 Federico Piano,Armando Federico,Ángel Corleto,"Vicente Toppi, Héctor Villanueva, Rafael Margaruccio, Francisco Marino","Nicolás Kornitz, Antonio Rossi, Enrique Forte, Raúl Vera","Piano, Bass, 4 Bandoneons, 4 Violins"
Roberto Firpo,Orquesta Roberto Firpo,1931-05-07,Se Necesita un Amigo,,Tango,Instrumental,Odeón,,,,Salvador Merico,,,30-31 Federico Piano,Armando Federico,Ángel Corleto,"Vicente Toppi, Héctor Villanueva, Rafael Margaruccio, Francisco Marino","Nicolás Kornitz, Antonio Rossi, Enrique Forte, Raúl Vera","Piano, Bass, 4 Bandoneons, 4 Violins"
Roberto Firpo,Orquesta Roberto Firpo,1931-05-28,Estoy en la Via,,Tango,Instrumental,Odeón,,,,Alejandro Scarpino,,,30-31 Federico Piano,Armando Federico,Ángel Corleto,"Vicente Toppi, Héctor Villanueva, Rafael Margaruccio, Francisco Marino","Nicolás Kornitz, Antonio Rossi, Enrique Forte, Raúl Vera","Piano, Bass, 4 Bandoneons, 4 Violins"
Roberto Firpo,Orquesta Roberto Firpo,1931-05-29,El Desquite,,Tango,Instrumental,Odeón,,,,Juan Polito,Nicolás Trimani,,30-31 Federico Piano,Armando Federico,Ángel Corleto,"Vicente Toppi, Héctor Villanueva, Rafael Margaruccio, Francisco Marino","Nicolás Kornitz, Antonio Rossi, Enrique Forte, Raúl Vera","Piano, Bass, 4 Bandoneons, 4 Violins"
Roberto Firpo,Orquesta Roberto Firpo,1931-07-02,Toda Tuya,,Vals,Instrumental,Odeón,,,,Elsa Calcagno,,,30-31 Federico Piano,Armando Federico,Ángel Corleto,"Vicente Toppi, Héctor Villanueva, Rafael Margaruccio, Francisco Marino","Nicolás Kornitz, Antonio Rossi, Enrique Forte, Raúl Vera","Piano, Bass, 4 Bandoneons, 4 Violins"
Roberto Firpo,Orquesta Roberto Firpo,1931-07-02,Tuve una Muñeca,,Tango,Instrumental,Odeón,,,,Alfonso Cagliano,,,30-31 Federico Piano,Armando Federico,Ángel Corleto,"Vicente Toppi, Héctor Villanueva, Rafael Margaruccio, Francisco Marino","Nicolás Kornitz, Antonio Rossi, Enrique Forte, Raúl Vera","Piano, Bass, 4 Bandoneons, 4 Violins"
Roberto Firpo,Orquesta Roberto Firpo,1931-07-16,Honda Tristeza,,Tango,Príncipe Azul,Odeón,,,,Roberto Firpo,Vicente Del Campo,,30-31 Federico Piano,Armando Federico,Ángel Corleto,"Vicente Toppi, Héctor Villanueva, Rafael Margaruccio, Francisco Marino","Nicolás Kornitz, Antonio Rossi, Enrique Forte, Raúl Vera","Piano, Bass, 4 Bandoneons, 4 Violins"
Roberto Firpo,Orquesta Roberto Firpo,1931-07-16,La Caravana,,Tango,Instrumental,Odeón,,,,Roberto Firpo,,,30-31 Federico Piano,Armando Federico,Ángel Corleto,"Vicente Toppi, Héctor Villanueva, Rafael Margaruccio, Francisco Marino","Nicolás Kornitz, Antonio Rossi, Enrique Forte, Raúl Vera","Piano, Bass, 4 Bandoneons, 4 Violins"
Roberto Firpo,Orquesta Roberto Firpo,1931-07-16,Siempre Te Recuerdo,,Vals,Instrumental,Odeón,,,,Roberto Firpo,,,30-31 Federico Piano,Armando Federico,Ángel Corleto,"Vicente Toppi, Héctor Villanueva, Rafael Margaruccio, Francisco Marino","Nicolás Kornitz, Antonio Rossi, Enrique Forte, Raúl Vera","Piano, Bass, 4 Bandoneons, 4 Violins"
Roberto Firpo,Orquesta Roberto Firpo,1931-08-13,Mi Virgencita,,Tango,Príncipe Azul,Odeón,,,,R. Machi,Celedonio Flores,,30-31 Federico Piano,Armando Federico,Ángel Corleto,"Vicente Toppi, Héctor Villanueva, Rafael Margaruccio, Francisco Marino","Nicolás Kornitz, Antonio Rossi, Enrique Forte, Raúl Vera","Piano, Bass, 4 Bandoneons, 4 Violins"
Roberto Firpo,Orquesta Roberto Firpo,1931-08-13,Viejo Tango,,Tango,Príncipe Azul,Odeón,,,,Juan Díaz,Francisco Fava,,30-31 Federico Piano,Armando Federico,Ángel Corleto,"Vicente Toppi, Héctor Villanueva, Rafael Margaruccio, Francisco Marino","Nicolás Kornitz, Antonio Rossi, Enrique Forte, Raúl Vera","Piano, Bass, 4 Bandoneons, 4 Violins"
Roberto Firpo,Orquesta Roberto Firpo,1931-08-27,Al Gran Bonete,,Tango,Estribillo Coreado,Odeón,,,,Roberto Firpo,Roberto Firpo,,30-31 Federico Piano,Armando Federico,Ángel Corleto,"Vicente Toppi, Héctor Villanueva, Rafael Margaruccio, Francisco Marino","Nicolás Kornitz, Antonio Rossi, Enrique Forte, Raúl Vera","Piano, Bass, 4 Bandoneons, 4 Violins"
Roberto Firpo,Orquesta Roberto Firpo,1931-08-27,El Rápido,,Tango,Estribillo Coreado,Odeón,,,,Roberto Firpo,,,30-31 Federico Piano,Armando Federico,Ángel Corleto,"Vicente Toppi, Héctor Villanueva, Rafael Margaruccio, Francisco Marino","Nicolás Kornitz, Antonio Rossi, Enrique Forte, Raúl Vera","Piano, Bass, 4 Bandoneons, 4 Violins"
Roberto Firpo,Orquesta Roberto Firpo,1931-08-27,Lo Mismo Que Ayer,,Tango,Príncipe Azul,Odeón,,,,Roberto Firpo,Vincente Del Campo,,30-31 Federico Piano,Armando Federico,Ángel Corleto,"Vicente Toppi, Héctor Villanueva, Rafael Margaruccio, Francisco Marino","Nicolás Kornitz, Antonio Rossi, Enrique Forte, Raúl Vera","Piano, Bass, 4 Bandoneons, 4 Violins"
Roberto Firpo,Orquesta Roberto Firpo,1931-08-27,Presentimiento,,Vals,Instrumental,Odeón,,,,Roberto Firpo,,,30-31 Federico Piano,Armando Federico,Ángel Corleto,"Vicente Toppi, Héctor Villanueva, Rafael Margaruccio, Francisco Marino","Nicolás Kornitz, Antonio Rossi, Enrique Forte, Raúl Vera","Piano, Bass, 4 Bandoneons, 4 Violins"
Roberto Firpo,Orquesta Roberto Firpo,1931-09-17,Carrillón de la Mercéd,Carillón de la Mercéd,Tango,Príncipe Azul,Odeón,,,,Enrique Discépolo,"Enrique Discépolo, Alfredo Le Pera",,30-31 Federico Piano,Armando Federico,Ángel Corleto,"Vicente Toppi, Héctor Villanueva, Rafael Margaruccio, Francisco Marino","Nicolás Kornitz, Antonio Rossi, Enrique Forte, Raúl Vera","Piano, Bass, 4 Bandoneons, 4 Violins"
Roberto Firpo,Orquesta Roberto Firpo,1931-09-17,La Guitarrera de San Nicolás,,Vals,Instrumental,Odeón,,,,Enrique Maciel,Héctor Blomberg,,30-31 Federico Piano,Armando Federico,Ángel Corleto,"Vicente Toppi, Héctor Villanueva, Rafael Margaruccio, Francisco Marino","Nicolás Kornitz, Antonio Rossi, Enrique Forte, Raúl Vera","Piano, Bass, 4 Bandoneons, 4 Violins"
Roberto Firpo,Orquesta Roberto Firpo,1931-09-17,La Que Murió en París,,Tango,Príncipe Azul,Odeón,,,,Enrique Maciel,Héctor Blomberg,,30-31 Federico Piano,Armando Federico,Ángel Corleto,"Vicente Toppi, Héctor Villanueva, Rafael Margaruccio, Francisco Marino","Nicolás Kornitz, Antonio Rossi, Enrique Forte, Raúl Vera","Piano, Bass, 4 Bandoneons, 4 Violins"
Roberto Firpo,Orquesta Roberto Firpo,1931-09-24,Pensando en Ti,,Tango,Príncipe Azul Y Dorita Davis,Odeón,,,,Roberto Firpo,Vicente Del Campo,,30-31 Federico Piano,Armando Federico,Ángel Corleto,"Vicente Toppi, Héctor Villanueva, Rafael Margaruccio, Francisco Marino","Nicolás Kornitz, Antonio Rossi, Enrique Forte, Raúl Vera","Piano, Bass, 4 Bandoneons, 4 Violins"
Roberto Firpo,Orquesta Roberto Firpo,1931-10-07,De Cita en Cita,,Tango,Príncipe Azul Y Héctor Villanueva,Odeón,,,,Santiago Montoni,José Montoni,,30-31 Federico Piano,Armando Federico,Ángel Corleto,"Vicente Toppi, Héctor Villanueva, Rafael Margaruccio, Francisco Marino","Nicolás Kornitz, Antonio Rossi, Enrique Forte, Raúl Vera","Piano, Bass, 4 Bandoneons, 4 Violins"
Roberto Firpo,Orquesta Roberto Firpo,1931-10-07,El Apronte,,Tango,Instrumental,Odeón,,,,Roberto Firpo,,,30-31 Federico Piano,Armando Federico,Ángel Corleto,"Vicente Toppi, Héctor Villanueva, Rafael Margaruccio, Francisco Marino","Nicolás Kornitz, Antonio Rossi, Enrique Forte, Raúl Vera","Piano, Bass, 4 Bandoneons, 4 Violins"
Roberto Firpo,Orquesta Roberto Firpo,1931-10-15,Por Ellas No Me Case,,Tango,Príncipe Azul,Odeón,,,,Juan Guichandut,Claudio Frollo,,30-31 Federico Piano,Armando Federico,Ángel Corleto,"Vicente Toppi, Héctor Villanueva, Rafael Margaruccio, Francisco Marino","Nicolás Kornitz, Antonio Rossi, Enrique Forte, Raúl Vera","Piano, Bass, 4 Bandoneons, 4 Violins"
Roberto Firpo,Orquesta Roberto Firpo,1931-11-05,Callecita de Ensueño,,Tango,Príncipe Azul,Odeón,,,,Alberto Gambino,José Menacho,,30-31 Federico Piano,Armando Federico,Ángel Corleto,"Vicente Toppi, Héctor Villanueva, Rafael Margaruccio, Francisco Marino","Nicolás Kornitz, Antonio Rossi, Enrique Forte, Raúl Vera","Piano, Bass, 4 Bandoneons, 4 Violins"
Roberto Firpo,Orquesta Roberto Firpo,1931-11-05,Falsía,,Tango,Instrumental,Odeón,,,,José Domínguez,,,30-31 Federico Piano,Armando Federico,Ángel Corleto,"Vicente Toppi, Héctor Villanueva, Rafael Margaruccio, Francisco Marino","Nicolás Kornitz, Antonio Rossi, Enrique Forte, Raúl Vera","Piano, Bass, 4 Bandoneons, 4 Violins"
Roberto Firpo,Orquesta Roberto Firpo,1931-11-14,María Elena,,Vals,Príncipe Azul,Odeón,,,,Alberto Aló,Alberto Aló,,30-31 Federico Piano,Armando Federico,Ángel Corleto,"Vicente Toppi, Héctor Villanueva, Rafael Margaruccio, Francisco Marino","Nicolás Kornitz, Antonio Rossi, Enrique Forte, Raúl Vera","Piano, Bass, 4 Bandoneons, 4 Violins"
Roberto Firpo,Orquesta Roberto Firpo,1931-12-05,Adiós Hermano,,Tango,Instrumental,Odeón,,,,Lucio D'Agostino,,,30-31 Federico Piano,Armando Federico,Ángel Corleto,"Vicente Toppi, Héctor Villanueva, Rafael Margaruccio, Francisco Marino","Nicolás Kornitz, Antonio Rossi, Enrique Forte, Raúl Vera","Piano, Bass, 4 Bandoneons, 4 Violins"
Roberto Firpo,Orquesta Roberto Firpo,1931-12-05,En Tu Florido Balcón,,Tango,Instrumental,Odeón,,,,Rafael Rossi,,,30-31 Federico Piano,Armando Federico,Ángel Corleto,"Vicente Toppi, Héctor Villanueva, Rafael Margaruccio, Francisco Marino","Nicolás Kornitz, Antonio Rossi, Enrique Forte, Raúl Vera","Piano, Bass, 4 Bandoneons, 4 Violins"
Roberto Firpo,Orquesta Roberto Firpo,1931-12-05,La Muchacha del Arrabal,,Tango,Instrumental,Odeón,,,,"Roberto Firpo, J.a. Saavedra, L. Ri?os",,,30-31 Federico Piano,Armando Federico,Ángel Corleto,"Vicente Toppi, Héctor Villanueva, Rafael Margaruccio, Francisco Marino","Nicolás Kornitz, Antonio Rossi, Enrique Forte, Raúl Vera","Piano, Bass, 4 Bandoneons, 4 Violins"
Roberto Firpo,Orquesta Roberto Firpo,1931-12-05,Lágrimas de Madre,,Tango,Príncipe Azul,Odeón,,,,Francisco Laino,Francisco Laino,,30-31 Federico Piano,Armando Federico,Ángel Corleto,"Vicente Toppi, Héctor Villanueva, Rafael Margaruccio, Francisco Marino","Nicolás Kornitz, Antonio Rossi, Enrique Forte, Raúl Vera","Piano, Bass, 4 Bandoneons, 4 Violins"
Roberto Firpo,Orquesta Roberto Firpo,1931-12-19,Dolor de Preso,,Tango,Príncipe Azul,Odeón,,,,Anselmo Aieta,Francisco Laino,,30-31 Federico Piano,Armando Federico,Ángel Corleto,"Vicente Toppi, Héctor Villanueva, Rafael Margaruccio, Francisco Marino","Nicolás Kornitz, Antonio Rossi, Enrique Forte, Raúl Vera","Piano, Bass, 4 Bandoneons, 4 Violins"
Roberto Firpo,Orquesta Roberto Firpo,1932-01-05,Romance,,Vals,Instrumental,Odeón,,,,Víctor Troysi,,,32-36 García Piano,Carlos García,Ángel Corleto,"Vicente Toppi, Héctor Villanueva, Rafael Margaruccio, Francisco Marino","Nicolás Kornitz, Antonio Rossi, Enrique Forte, Raúl Vera","Piano, Bass, 4 Bandoneons, 4 Violins"
Roberto Firpo,Orquesta Roberto Firpo,1932-01-05,Sos un Tipo Regadera,,Tango,Príncipe Azul,Odeón,,,,"F. Zingoni, Venancio Clauso","F. Zingoni, Venancio Clauso",,32-36 García Piano,Carlos García,Ángel Corleto,"Vicente Toppi, Héctor Villanueva, Rafael Margaruccio, Francisco Marino","Nicolás Kornitz, Antonio Rossi, Enrique Forte, Raúl Vera","Piano, Bass, 4 Bandoneons, 4 Violins"
Roberto Firpo,Orquesta Roberto Firpo,1932-01-07,Miserere,,Tango,Príncipe Azul,Odeón,,,,Miguel Padul,Francisco Gorrindo,,32-36 García Piano,Carlos García,Ángel Corleto,"Vicente Toppi, Héctor Villanueva, Rafael Margaruccio, Francisco Marino","Nicolás Kornitz, Antonio Rossi, Enrique Forte, Raúl Vera","Piano, Bass, 4 Bandoneons, 4 Violins"
Roberto Firpo,Orquesta Roberto Firpo,1932-01-07,Palo Dulce,,Tango,Instrumental,Odeón,,,,Luis Cimino,,,32-36 García Piano,Carlos García,Ángel Corleto,"Vicente Toppi, Héctor Villanueva, Rafael Margaruccio, Francisco Marino","Nicolás Kornitz, Antonio Rossi, Enrique Forte, Raúl Vera","Piano, Bass, 4 Bandoneons, 4 Violins"
Roberto Firpo,Orquesta Roberto Firpo,1932-02-18,Después de Tanto Rodar,,Tango,Carlos Viván Y Héctor Villanueva,Odeón,,,,Roberto Firpo,Vicente Del Campo,,32-36 García Piano,Carlos García,Ángel Corleto,"Vicente Toppi, Héctor Villanueva, Rafael Margaruccio, Francisco Marino","Nicolás Kornitz, Antonio Rossi, Enrique Forte, Raúl Vera","Piano, Bass, 4 Bandoneons, 4 Violins"
Roberto Firpo,Orquesta Roberto Firpo,1932-02-18,Mariposa Azul,,Vals,Carlos Viván Y Héctor Villanueva,Odeón,,,,Roberto Firpo,Roberto Firpo,,32-36 García Piano,Carlos García,Ángel Corleto,"Vicente Toppi, Héctor Villanueva, Rafael Margaruccio, Francisco Marino","Nicolás Kornitz, Antonio Rossi, Enrique Forte, Raúl Vera","Piano, Bass, 4 Bandoneons, 4 Violins"
Roberto Firpo,Orquesta Roberto Firpo,1932-02-18,Te Vi Llorar,,Tango,Instrumental,Odeón,,,,Roberto Firpo,Vicente Del Campo,,32-36 García Piano,Carlos García,Ángel Corleto,"Vicente Toppi, Héctor Villanueva, Rafael Margaruccio, Francisco Marino","Nicolás Kornitz, Antonio Rossi, Enrique Forte, Raúl Vera","Piano, Bass, 4 Bandoneons, 4 Violins"
Roberto Firpo,Orquesta Roberto Firpo,1932-02-23,Barquinazo,,Tango,Instrumental,Odeón,,,,Roberto Firpo,,,32-36 García Piano,Carlos García,Ángel Corleto,"Vicente Toppi, Héctor Villanueva, Rafael Margaruccio, Francisco Marino","Nicolás Kornitz, Antonio Rossi, Enrique Forte, Raúl Vera","Piano, Bass, 4 Bandoneons, 4 Violins"
Roberto Firpo,Orquesta Roberto Firpo,1932-02-23,No Me Pidas Que Te Olvide,,Vals,Miguel Manacord Y Victorio Cipelli,Odeón,,,,"Miguel Manacorda, Víctor Cipelli, J. Dortona","Miguel Manacorda, Víctor Cipelli",,32-36 García Piano,Carlos García,Ángel Corleto,"Vicente Toppi, Héctor Villanueva, Rafael Margaruccio, Francisco Marino","Nicolás Kornitz, Antonio Rossi, Enrique Forte, Raúl Vera","Piano, Bass, 4 Bandoneons, 4 Violins"
Roberto Firpo,Orquesta Roberto Firpo,1932-03-10,Ave Sin Rumbo,,Tango,Carlos Viván,Odeón,,,,Roberto Firpo,Vicente Del Campo,,32-36 García Piano,Carlos García,Ángel Corleto,"Vicente Toppi, Héctor Villanueva, Rafael Margaruccio, Francisco Marino","Nicolás Kornitz, Antonio Rossi, Enrique Forte, Raúl Vera","Piano, Bass, 4 Bandoneons, 4 Violins"
Roberto Firpo,Orquesta Roberto Firpo,1932-03-10,Clyde,,Vals,Carlos Viván,Odeón,,,,"Héctor Bates, Luis Bates",Venancio Clauso,,32-36 García Piano,Carlos García,Ángel Corleto,"Vicente Toppi, Héctor Villanueva, Rafael Margaruccio, Francisco Marino","Nicolás Kornitz, Antonio Rossi, Enrique Forte, Raúl Vera","Piano, Bass, 4 Bandoneons, 4 Violins"
Roberto Firpo,Orquesta Roberto Firpo,1932-03-10,Marejada,,Tango,Instrumental,Odeón,,,,Roberto Firpo,Daniel Barreto,,32-36 García Piano,Carlos García,Ángel Corleto,"Vicente Toppi, Héctor Villanueva, Rafael Margaruccio, Francisco Marino","Nicolás Kornitz, Antonio Rossi, Enrique Forte, Raúl Vera","Piano, Bass, 4 Bandoneons, 4 Violins"
Roberto Firpo,Orquesta Roberto Firpo,1932-03-15,La Ofrenda del Trovero,,Vals,Carlos Viván,Odeón,,,,Alberto Acuña,Alberto Acuña,,32-36 García Piano,Carlos García,Ángel Corleto,"Vicente Toppi, Héctor Villanueva, Rafael Margaruccio, Francisco Marino","Nicolás Kornitz, Antonio Rossi, Enrique Forte, Raúl Vera","Piano, Bass, 4 Bandoneons, 4 Violins"
Roberto Firpo,Orquesta Roberto Firpo,1932-03-15,Lunes,,Tango,Instrumental,Odeón,,,,José Padula,Francisco Jiménez,,32-36 García Piano,Carlos García,Ángel Corleto,"Vicente Toppi, Héctor Villanueva, Rafael Margaruccio, Francisco Marino","Nicolás Kornitz, Antonio Rossi, Enrique Forte, Raúl Vera","Piano, Bass, 4 Bandoneons, 4 Violins"
Roberto Firpo,Orquesta Roberto Firpo,1932-03-15,Poema del Viejo Balcón,,Tango,Instrumental,Odeón,,,,Victor Sirolli,,,32-36 García Piano,Carlos García,Ángel Corleto,"Vicente Toppi, Héctor Villanueva, Rafael Margaruccio, Francisco Marino","Nicolás Kornitz, Antonio Rossi, Enrique Forte, Raúl Vera","Piano, Bass, 4 Bandoneons, 4 Violins"
Roberto Firpo,Orquesta Roberto Firpo,1932-04-07,De Vuelta Al Suburbio,,Tango,Canto,Odeón,,,,Alejandro Scarpino,José Fernández,,32-36 García Piano,Carlos García,Ángel Corleto,"Vicente Toppi, Héctor Villanueva, Rafael Margaruccio, Francisco Marino","Nicolás Kornitz, Antonio Rossi, Enrique Forte, Raúl Vera","Piano, Bass, 4 Bandoneons, 4 Violins"
Roberto Firpo,Orquesta Roberto Firpo,1932-04-07,En Plena Mar,,Vals,Instrumental,Odeón,,,,Roberto Firpo,,,32-36 García Piano,Carlos García,Ángel Corleto,"Vicente Toppi, Héctor Villanueva, Rafael Margaruccio, Francisco Marino","Nicolás Kornitz, Antonio Rossi, Enrique Forte, Raúl Vera","Piano, Bass, 4 Bandoneons, 4 Violins"
Roberto Firpo,Orquesta Roberto Firpo,1932-05-09,Cenizas de Mi Primer Amor,,Tango,Roberto Díaz,Odeón,,,,Pedro Debé,Pedro Debé,,32-36 García Piano,Carlos García,Ángel Corleto,"Vicente Toppi, Héctor Villanueva, Rafael Margaruccio, Francisco Marino","Nicolás Kornitz, Antonio Rossi, Enrique Forte, Raúl Vera","Piano, Bass, 4 Bandoneons, 4 Violins"
Roberto Firpo,Orquesta Roberto Firpo,1932-05-09,Mosquetero de Arrabal,,Tango,Roberto Díaz,Odeón,,,,Armando Tagini,Armando Tagini,,32-36 García Piano,Carlos García,Ángel Corleto,"Vicente Toppi, Héctor Villanueva, Rafael Margaruccio, Francisco Marino","Nicolás Kornitz, Antonio Rossi, Enrique Forte, Raúl Vera","Piano, Bass, 4 Bandoneons, 4 Violins"
Roberto Firpo,Orquesta Roberto Firpo,1932-06-13,El Bailongo,,Tango,Roberto Díaz,Odeón,,,,Rafael Rossi,Eugenio Cárdenas,,32-36 García Piano,Carlos García,Ángel Corleto,"Vicente Toppi, Héctor Villanueva, Rafael Margaruccio, Francisco Marino","Nicolás Kornitz, Antonio Rossi, Enrique Forte, Raúl Vera","Piano, Bass, 4 Bandoneons, 4 Violins"
Roberto Firpo,Orquesta Roberto Firpo,1932-06-13,La Mujer de Mis Sueños,,Tango,Instrumental,Odeón,,,,Armando Tagini,,,32-36 García Piano,Carlos García,Ángel Corleto,"Vicente Toppi, Héctor Villanueva, Rafael Margaruccio, Francisco Marino","Nicolás Kornitz, Antonio Rossi, Enrique Forte, Raúl Vera","Piano, Bass, 4 Bandoneons, 4 Violins"
Roberto Firpo,Orquesta Roberto Firpo,1932-07-07,Arroyito Gaucho,,Vals,Roberto Díaz,Odeón,,,,"Luis Del Barrio, L. Cantú, J.a.canto","Luis Del Barrio, L. Cantú, J.a.canto",,32-36 García Piano,Carlos García,Ángel Corleto,"Vicente Toppi, Héctor Villanueva, Rafael Margaruccio, Francisco Marino","Nicolás Kornitz, Antonio Rossi, Enrique Forte, Raúl Vera","Piano, Bass, 4 Bandoneons, 4 Violins"
Roberto Firpo,Orquesta Roberto Firpo,1932-07-07,La Cueva de Oro,,Tango,Héctor Villanueva,Odeón,,,,Rafael Rossi,Rafael Rossi,,32-36 García Piano,Carlos García,Ángel Corleto,"Vicente Toppi, Héctor Villanueva, Rafael Margaruccio, Francisco Marino","Nicolás Kornitz, Antonio Rossi, Enrique Forte, Raúl Vera","Piano, Bass, 4 Bandoneons, 4 Violins"
Roberto Firpo,Orquesta Roberto Firpo,1932-07-07,Noche de Amor,,Tango,Instrumental,Odeón,,,,"Luis Rubistein, Fernando Franco","Luis Rubistein, Fernando Franco",,32-36 García Piano,Carlos García,Ángel Corleto,"Vicente Toppi, Héctor Villanueva, Rafael Margaruccio, Francisco Marino","Nicolás Kornitz, Antonio Rossi, Enrique Forte, Raúl Vera","Piano, Bass, 4 Bandoneons, 4 Violins"
Roberto Firpo,Orquesta Roberto Firpo,1932-09-15,Al Resplandor De Las Estrellas,,Vals,Príncipe Azul,Odeón,,,,Roberto Firpo,Vicente Del Campo,,32-36 García Piano,Carlos García,Ángel Corleto,"Vicente Toppi, Héctor Villanueva, Rafael Margaruccio, Francisco Marino","Nicolás Kornitz, Antonio Rossi, Enrique Forte, Raúl Vera","Piano, Bass, 4 Bandoneons, 4 Violins"
Roberto Firpo,Orquesta Roberto Firpo,1932-09-15,Cabaret de Cristal,,Tango,Instrumental,Odeón,,,,Roberto Firpo,,,32-36 García Piano,Carlos García,Ángel Corleto,"Vicente Toppi, Héctor Villanueva, Rafael Margaruccio, Francisco Marino","Nicolás Kornitz, Antonio Rossi, Enrique Forte, Raúl Vera","Piano, Bass, 4 Bandoneons, 4 Violins"
Roberto Firpo,Orquesta Roberto Firpo,1932-09-27,Horas de Pasión,,Vals,Príncipe Azul,Odeón,,,,Roberto Firpo,"José Bugliot, Rafael De Rosa",,32-36 García Piano,Carlos García,Ángel Corleto,"Vicente Toppi, Héctor Villanueva, Rafael Margaruccio, Francisco Marino","Nicolás Kornitz, Antonio Rossi, Enrique Forte, Raúl Vera","Piano, Bass, 4 Bandoneons, 4 Violins"
Roberto Firpo,Orquesta Roberto Firpo,1932-09-27,Hoy Te Llaman Milonguita,,Tango,Príncipe Azul,Odeón,,,,Roberto Firpo,"Rafael De Rosa, José Bugliot",,32-36 García Piano,Carlos García,Ángel Corleto,"Vicente Toppi, Héctor Villanueva, Rafael Margaruccio, Francisco Marino","Nicolás Kornitz, Antonio Rossi, Enrique Forte, Raúl Vera","Piano, Bass, 4 Bandoneons, 4 Violins"
Roberto Firpo,Orquesta Roberto Firpo,1932-09-27,Que la Salve Dios,,Tango,Príncipe Azul,Odeón,,,,"Roberto Firpo, José Buglione",Rafael De Rosa,,32-36 García Piano,Carlos García,Ángel Corleto,"Vicente Toppi, Héctor Villanueva, Rafael Margaruccio, Francisco Marino","Nicolás Kornitz, Antonio Rossi, Enrique Forte, Raúl Vera","Piano, Bass, 4 Bandoneons, 4 Violins"
Roberto Firpo,Orquesta Roberto Firpo,1933-01-20,Bajo los Puentes de París,,Vals,Carlos Varela,Odeón,,,,Vincent Scotto,Jean Coulon,,32-36 García Piano,Carlos García,Ángel Corleto,"Vicente Toppi, Héctor Villanueva, Rafael Margaruccio, Francisco Marino","Nicolás Kornitz, Antonio Rossi, Enrique Forte, Raúl Vera","Piano, Bass, 4 Bandoneons, 4 Violins"
Roberto Firpo,Orquesta Roberto Firpo,1933-03-09,Alegre Despertar,,Tango,Carlos Varela,Odeón,,,,Ricardo González,Martín Villanova,,32-36 García Piano,Carlos García,Ángel Corleto,"Vicente Toppi, Héctor Villanueva, Rafael Margaruccio, Francisco Marino","Nicolás Kornitz, Antonio Rossi, Enrique Forte, Raúl Vera","Piano, Bass, 4 Bandoneons, 4 Violins"
Roberto Firpo,Orquesta Roberto Firpo,1933-03-09,De Aquellos Tiempos,,Tango,Instrumental,Odeón,,,,Roberto Firpo,,,32-36 García Piano,Carlos García,Ángel Corleto,"Vicente Toppi, Héctor Villanueva, Rafael Margaruccio, Francisco Marino","Nicolás Kornitz, Antonio Rossi, Enrique Forte, Raúl Vera","Piano, Bass, 4 Bandoneons, 4 Violins"
Roberto Firpo,Orquesta Roberto Firpo,1933-03-09,Muy Juntitos,,Vals,Carlos Varela,Odeón,,,,Roberto Firpo,Vicente Del Campo,,32-36 García Piano,Carlos García,Ángel Corleto,"Vicente Toppi, Héctor Villanueva, Rafael Margaruccio, Francisco Marino","Nicolás Kornitz, Antonio Rossi, Enrique Forte, Raúl Vera","Piano, Bass, 4 Bandoneons, 4 Violins"
Roberto Firpo,Orquesta Roberto Firpo,1933-03-29,No Me Mientas,,Tango,Carlos Varela,Odeón,,,,Miguel Padula,Celedonio Flores,,32-36 García Piano,Carlos García,Ángel Corleto,"Vicente Toppi, Héctor Villanueva, Rafael Margaruccio, Francisco Marino","Nicolás Kornitz, Antonio Rossi, Enrique Forte, Raúl Vera","Piano, Bass, 4 Bandoneons, 4 Violins"
Roberto Firpo,Orquesta Roberto Firpo,1933-06-09,En la Lejanía,,Vals,Instrumental,Odeón,,,,Roberto Firpo,,,32-36 García Piano,Carlos García,Ángel Corleto,"Vicente Toppi, Héctor Villanueva, Rafael Margaruccio, Francisco Marino","Nicolás Kornitz, Antonio Rossi, Enrique Forte, Raúl Vera","Piano, Bass, 4 Bandoneons, 4 Violins"
Roberto Firpo,Orquesta Roberto Firpo,1933-06-09,Vieja Iglesia,,Tango,Carlos Varela,Odeón,,,,Ernesto Rossi,Ernesto Rossi,,32-36 García Piano,Carlos García,Ángel Corleto,"Vicente Toppi, Héctor Villanueva, Rafael Margaruccio, Francisco Marino","Nicolás Kornitz, Antonio Rossi, Enrique Forte, Raúl Vera","Piano, Bass, 4 Bandoneons, 4 Violins"
Roberto Firpo,Orquesta Roberto Firpo,1933-06-16,Desde Pebeta,,Tango,Carlos Varela,Odeón,,,,Roberto Firpo,Lito Bayardo,,32-36 García Piano,Carlos García,Ángel Corleto,"Vicente Toppi, Héctor Villanueva, Rafael Margaruccio, Francisco Marino","Nicolás Kornitz, Antonio Rossi, Enrique Forte, Raúl Vera","Piano, Bass, 4 Bandoneons, 4 Violins"
Roberto Firpo,Orquesta Roberto Firpo,1934-04-16,Mascarada,,Tango,Carlos Varela,Odeón,,,,Roberto Firpo,Venancio Clauso,,32-36 García Piano,Carlos García,Ángel Corleto,"Vicente Toppi, Héctor Villanueva, Rafael Margaruccio, Francisco Marino","Nicolás Kornitz, Antonio Rossi, Enrique Forte, Raúl Vera","Piano, Bass, 4 Bandoneons, 4 Violins"
Roberto Firpo,Orquesta Roberto Firpo,1934-05-16,Mi Desdicha,,Tango,Carlos Varela,Odeón,,,,Luis Iglesias,Juan Velich,,32-36 García Piano,Carlos García,Ángel Corleto,"Vicente Toppi, Héctor Villanueva, Rafael Margaruccio, Francisco Marino","Nicolás Kornitz, Antonio Rossi, Enrique Forte, Raúl Vera","Piano, Bass, 4 Bandoneons, 4 Violins"
Roberto Firpo,Orquesta Roberto Firpo,1934-06-15,Mi Desdicha,,Tango,Carlos Varela,Odeón,,,,Luis Iglesias,Juan Velich,,32-36 García Piano,Carlos García,Ángel Corleto,"Vicente Toppi, Héctor Villanueva, Rafael Margaruccio, Francisco Marino","Nicolás Kornitz, Antonio Rossi, Enrique Forte, Raúl Vera","Piano, Bass, 4 Bandoneons, 4 Violins"
Roberto Firpo,Orchestra Típica Argentina Roberto Firpo,1934-07-19,De Mi Flor,,Tango,Instrumental,Odeón,,,,Roberto Firpo,,,32-36 García Piano,Carlos García,Ángel Corleto,"Vicente Toppi, Héctor Villanueva, Rafael Margaruccio, Francisco Marino","Nicolás Kornitz, Antonio Rossi, Enrique Forte, Raúl Vera","Piano, Bass, 4 Bandoneons, 4 Violins"
Roberto Firpo,Orquesta Roberto Firpo,1934-07-19,Recordando Lo Pasado,,Vals,Instrumental,Odeón,,,,Roberto Firpo,,,32-36 García Piano,Carlos García,Ángel Corleto,"Vicente Toppi, Héctor Villanueva, Rafael Margaruccio, Francisco Marino","Nicolás Kornitz, Antonio Rossi, Enrique Forte, Raúl Vera","Piano, Bass, 4 Bandoneons, 4 Violins"
Roberto Firpo,Orquesta Roberto Firpo,1934-08-09,De Pura Cepa,,Tango,Carlos Varela,Odeón,,,,Roberto Firpo,Benjamín Lara,,32-36 García Piano,Carlos García,Ángel Corleto,"Vicente Toppi, Héctor Villanueva, Rafael Margaruccio, Francisco Marino","Nicolás Kornitz, Antonio Rossi, Enrique Forte, Raúl Vera","Piano, Bass, 4 Bandoneons, 4 Violins"
Roberto Firpo,Orquesta Roberto Firpo,1934-09-20,Recordando Tu Traición,,Tango,Carlos Varela,Odeón,,,,"L. Santagado, Pascual Verzino",José Staffolani,,32-36 García Piano,Carlos García,Ángel Corleto,"Vicente Toppi, Héctor Villanueva, Rafael Margaruccio, Francisco Marino","Nicolás Kornitz, Antonio Rossi, Enrique Forte, Raúl Vera","Piano, Bass, 4 Bandoneons, 4 Violins"
Roberto Firpo,Orquesta Roberto Firpo,1934-10-19,A Media Luz,,Tango,Carlos Varela Y Coro,Odeón,,,,Edgardo Donato,Carlos Lenzi,,32-36 García Piano,Carlos García,Ángel Corleto,"Vicente Toppi, Héctor Villanueva, Rafael Margaruccio, Francisco Marino","Nicolás Kornitz, Antonio Rossi, Enrique Forte, Raúl Vera","Piano, Bass, 4 Bandoneons, 4 Violins"
Roberto Firpo,Orquesta Roberto Firpo,1934-12-11,El Adiós del Boyero,,Tango,Carlos Varela,Odeón,,,,Jaime Vila,José Fernández,,32-36 García Piano,Carlos García,Ángel Corleto,"Vicente Toppi, Héctor Villanueva, Rafael Margaruccio, Francisco Marino","Nicolás Kornitz, Antonio Rossi, Enrique Forte, Raúl Vera","Piano, Bass, 4 Bandoneons, 4 Violins"
Roberto Firpo,Orquesta Roberto Firpo,1934-12-11,Toda la Vida,,Tango,Carlos Varela,Odeón,,,,Roberto Firpo,Roberto Firpo,,32-36 García Piano,Carlos García,Ángel Corleto,"Vicente Toppi, Héctor Villanueva, Rafael Margaruccio, Francisco Marino","Nicolás Kornitz, Antonio Rossi, Enrique Forte, Raúl Vera","Piano, Bass, 4 Bandoneons, 4 Violins"
Roberto Firpo,Orquesta Roberto Firpo,1934-12-17,Mecha,,Vals,Instrumental,Odeón,,,,Enrique Rodríguez,,,32-36 García Piano,Carlos García,Ángel Corleto,"Vicente Toppi, Héctor Villanueva, Rafael Margaruccio, Francisco Marino","Nicolás Kornitz, Antonio Rossi, Enrique Forte, Raúl Vera","Piano, Bass, 4 Bandoneons, 4 Violins"
Roberto Firpo,Orquesta Roberto Firpo,1934-12-17,Telegrama Urgente,,Tango,Carlos Varela,Odeón,,,,"Juan Clauso, Julio Marini","Juan Clauso, Julio Marini",,32-36 García Piano,Carlos García,Ángel Corleto,"Vicente Toppi, Héctor Villanueva, Rafael Margaruccio, Francisco Marino","Nicolás Kornitz, Antonio Rossi, Enrique Forte, Raúl Vera","Piano, Bass, 4 Bandoneons, 4 Violins"
Roberto Firpo,Orquesta Roberto Firpo,1935-03-22,Cero a Cero,,Tango,Carlos Varela,Odeón,,,,Roberto Firpo,Venancio Clauso,,32-36 García Piano,Carlos García,Ángel Corleto,"Vicente Toppi, Héctor Villanueva, Rafael Margaruccio, Francisco Marino","Nicolás Kornitz, Antonio Rossi, Enrique Forte, Raúl Vera","Piano, Bass, 4 Bandoneons, 4 Violins"
Roberto Firpo,Orquesta Roberto Firpo,1935-03-22,Dulce Perdón,,Vals,Canto,Odeón,,,,Roberto Firpo,Francisco Brancatti,,32-36 García Piano,Carlos García,Ángel Corleto,"Vicente Toppi, Héctor Villanueva, Rafael Margaruccio, Francisco Marino","Nicolás Kornitz, Antonio Rossi, Enrique Forte, Raúl Vera","Piano, Bass, 4 Bandoneons, 4 Violins"
Roberto Firpo,Orquesta Roberto Firpo,1935-03-22,La Bordadora,,Tango,Carlos Varela,Odeón,,,,Roberto Firpo,Venancio Clauso,,32-36 García Piano,Carlos García,Ángel Corleto,"Vicente Toppi, Héctor Villanueva, Rafael Margaruccio, Francisco Marino","Nicolás Kornitz, Antonio Rossi, Enrique Forte, Raúl Vera","Piano, Bass, 4 Bandoneons, 4 Violins"
Roberto Firpo,Orquesta Roberto Firpo,1935-04-15,Pena Gaucha,,Tango,Carlos Varela Y Enrique Forte,Odeón,,,,Armando Acquarone,Rafael Velich,,32-36 García Piano,Carlos García,Ángel Corleto,"Vicente Toppi, Héctor Villanueva, Rafael Margaruccio, Francisco Marino","Nicolás Kornitz, Antonio Rossi, Enrique Forte, Raúl Vera","Piano, Bass, 4 Bandoneons, 4 Violins"
Roberto Firpo,Orquesta Roberto Firpo,1935-05-13,Quejas,,Tango,Carlos Varela,Odeón,,,,José Cacopardo,Francisco Jiménez,,32-36 García Piano,Carlos García,Ángel Corleto,"Vicente Toppi, Héctor Villanueva, Rafael Margaruccio, Francisco Marino","Nicolás Kornitz, Antonio Rossi, Enrique Forte, Raúl Vera","Piano, Bass, 4 Bandoneons, 4 Violins"
Roberto Firpo,Orquesta Roberto Firpo,1935-07-24,Chiribiribín,,Vals,Carlos Varela,Odeón,,,,"A.pestalozza, Louis Raymond","A.pestalozza, Louis Raymond",,32-36 García Piano,Carlos García,Ángel Corleto,"Vicente Toppi, Héctor Villanueva, Rafael Margaruccio, Francisco Marino","Nicolás Kornitz, Antonio Rossi, Enrique Forte, Raúl Vera","Piano, Bass, 4 Bandoneons, 4 Violins"
Roberto Firpo,Orquesta Roberto Firpo,1935-07-24,Fantoches,,Tango,Carlos Varela,Odeón,,,,"Roberto Zerrillo, F. Martín, Eduardo Moreno","Roberto Zerrillo, F. Martín, Eduardo Moreno",,32-36 García Piano,Carlos García,Ángel Corleto,"Vicente Toppi, Héctor Villanueva, Rafael Margaruccio, Francisco Marino","Nicolás Kornitz, Antonio Rossi, Enrique Forte, Raúl Vera","Piano, Bass, 4 Bandoneons, 4 Violins"
Roberto Firpo,Orquesta Roberto Firpo,1935-07-24,Olas Nocturnas,,Vals,Instrumental,Odeón,,,,Roberto Firpo,,,32-36 García Piano,Carlos García,Ángel Corleto,"Vicente Toppi, Héctor Villanueva, Rafael Margaruccio, Francisco Marino","Nicolás Kornitz, Antonio Rossi, Enrique Forte, Raúl Vera","Piano, Bass, 4 Bandoneons, 4 Violins"
Roberto Firpo,Orquesta Roberto Firpo,1935-07-31,El Encuentro,,Tango,Carlos Varela,Odeón,,,,Felipe Pane,Juan Carlomagno,,32-36 García Piano,Carlos García,Ángel Corleto,"Vicente Toppi, Héctor Villanueva, Rafael Margaruccio, Francisco Marino","Nicolás Kornitz, Antonio Rossi, Enrique Forte, Raúl Vera","Piano, Bass, 4 Bandoneons, 4 Violins"
Roberto Firpo,Orquesta Roberto Firpo,1935-07-31,En la Brecha,,Tango,Instrumental,Odeón,,,,Roberto Firpo,,,32-36 García Piano,Carlos García,Ángel Corleto,"Vicente Toppi, Héctor Villanueva, Rafael Margaruccio, Francisco Marino","Nicolás Kornitz, Antonio Rossi, Enrique Forte, Raúl Vera","Piano, Bass, 4 Bandoneons, 4 Violins"
Roberto Firpo,Orquesta Roberto Firpo,1935-10-04,Cuando el Amor Muere,,Vals,Instrumental,Odeón,,,,J. Cremieux,,,32-36 García Piano,Carlos García,Ángel Corleto,"Vicente Toppi, Héctor Villanueva, Rafael Margaruccio, Francisco Marino","Nicolás Kornitz, Antonio Rossi, Enrique Forte, Raúl Vera","Piano, Bass, 4 Bandoneons, 4 Violins"
Roberto Firpo,Orquesta Roberto Firpo,1935-10-04,La Carcajada,,Tango,Instrumental,Odeón,,,,Roberto Firpo,,,32-36 García Piano,Carlos García,Ángel Corleto,"Vicente Toppi, Héctor Villanueva, Rafael Margaruccio, Francisco Marino","Nicolás Kornitz, Antonio Rossi, Enrique Forte, Raúl Vera","Piano, Bass, 4 Bandoneons, 4 Violins"
Roberto Firpo,Orquesta Roberto Firpo,1935-10-04,Puente Viejo,,Tango,Carlos Varela,Odeón,,,,"César Gola, José Gola","César Gola, José Gola",,32-36 García Piano,Carlos García,Ángel Corleto,"Vicente Toppi, Héctor Villanueva, Rafael Margaruccio, Francisco Marino","Nicolás Kornitz, Antonio Rossi, Enrique Forte, Raúl Vera","Piano, Bass, 4 Bandoneons, 4 Violins"
Roberto Firpo,Orquesta Roberto Firpo,1935-12-27,Las Carreras,,Tango,Instrumental,Odeón,,,,Roberto Firpo,,,32-36 García Piano,Carlos García,Ángel Corleto,"Vicente Toppi, Héctor Villanueva, Rafael Margaruccio, Francisco Marino","Nicolás Kornitz, Antonio Rossi, Enrique Forte, Raúl Vera","Piano, Bass, 4 Bandoneons, 4 Violins"
Roberto Firpo,Orquesta Roberto Firpo,1936-03-14,Bravo Porteño,,Tango,Carlos Varela,Odeón,,,,Roberto Firpo,José Fernández,,32-36 García Piano,Carlos García,Ángel Corleto,"Vicente Toppi, Héctor Villanueva, Rafael Margaruccio, Francisco Marino","Nicolás Kornitz, Antonio Rossi, Enrique Forte, Raúl Vera","Piano, Bass, 4 Bandoneons, 4 Violins"
Roberto Firpo,Orquesta Roberto Firpo,1936-03-14,De Madrugada,,Tango,Carlos Varela,Odeón,,,,Roberto Firpo,Venancio Clauso,,32-36 García Piano,Carlos García,Ángel Corleto,"Vicente Toppi, Héctor Villanueva, Rafael Margaruccio, Francisco Marino","Nicolás Kornitz, Antonio Rossi, Enrique Forte, Raúl Vera","Piano, Bass, 4 Bandoneons, 4 Violins"
Roberto Firpo,Orquesta Roberto Firpo,1936-03-14,Hilacha,,Tango,Carlos Varela,Odeón,,,,Roberto Firpo,Venancio Clauso,,32-36 García Piano,Carlos García,Ángel Corleto,"Vicente Toppi, Héctor Villanueva, Rafael Margaruccio, Francisco Marino","Nicolás Kornitz, Antonio Rossi, Enrique Forte, Raúl Vera","Piano, Bass, 4 Bandoneons, 4 Violins"
Roberto Firpo,Orquesta Roberto Firpo,1936-03-14,Álzame en Tus Brazos,,Vals,Carlos Varela,Odeón,,,,Héctor Cruz,Mario Battistella,,32-36 García Piano,Carlos García,Ángel Corleto,"Vicente Toppi, Héctor Villanueva, Rafael Margaruccio, Francisco Marino","Nicolás Kornitz, Antonio Rossi, Enrique Forte, Raúl Vera","Piano, Bass, 4 Bandoneons, 4 Violins"
Roberto Firpo,Orquesta Roberto Firpo,1936-06-05,Atardecer Campero,,Vals,Instrumental,Odeón,,,,Roberto Firpo,,,32-36 García Piano,Carlos García,Ángel Corleto,"Vicente Toppi, Héctor Villanueva, Rafael Margaruccio, Francisco Marino","Nicolás Kornitz, Antonio Rossi, Enrique Forte, Raúl Vera","Piano, Bass, 4 Bandoneons, 4 Violins"
Roberto Firpo,Orquesta Roberto Firpo,1936-06-05,Desconsuelo,,Tango,Carlos Varela,Odeón,,,,Antonio Rossi,Marvil,,32-36 García Piano,Carlos García,Ángel Corleto,"Vicente Toppi, Héctor Villanueva, Rafael Margaruccio, Francisco Marino","Nicolás Kornitz, Antonio Rossi, Enrique Forte, Raúl Vera","Piano, Bass, 4 Bandoneons, 4 Violins"
Roberto Firpo,Orquesta Roberto Firpo,1936-06-05,La Despedida,,Tango,Instrumental,Odeón,,,,Roberto Firpo,,,32-36 García Piano,Carlos García,Ángel Corleto,"Vicente Toppi, Héctor Villanueva, Rafael Margaruccio, Francisco Marino","Nicolás Kornitz, Antonio Rossi, Enrique Forte, Raúl Vera","Piano, Bass, 4 Bandoneons, 4 Violins"
Roberto Firpo,Orquesta Roberto Firpo,1936-07-18,Loco Lindo,,Tango,Instrumental,Odeón,,,,"Carlos Di Sarli, Ernesto Famá",Conrado Roxlo,,32-36 García Piano,Carlos García,Ángel Corleto,"Vicente Toppi, Héctor Villanueva, Rafael Margaruccio, Francisco Marino","Nicolás Kornitz, Antonio Rossi, Enrique Forte, Raúl Vera","Piano, Bass, 4 Bandoneons, 4 Violins"
Roberto Firpo,Orquesta Roberto Firpo,1936-09-18,Arrepentido,,Tango,Carlos Varela,Odeón,,,,Rodolfo Sciammarella,Rodolfo Sciammarella,,32-36 García Piano,Carlos García,Ángel Corleto,"Vicente Toppi, Héctor Villanueva, Rafael Margaruccio, Francisco Marino","Nicolás Kornitz, Antonio Rossi, Enrique Forte, Raúl Vera","Piano, Bass, 4 Bandoneons, 4 Violins"
Roberto Firpo,Orquesta Roberto Firpo,1936-09-18,Barreras de Amor,,Vals,Carlos Varela,Odeón,,,,Antonio Sureda,Gerónimo Sureda,,32-36 García Piano,Carlos García,Ángel Corleto,"Vicente Toppi, Héctor Villanueva, Rafael Margaruccio, Francisco Marino","Nicolás Kornitz, Antonio Rossi, Enrique Forte, Raúl Vera","Piano, Bass, 4 Bandoneons, 4 Violins"
Roberto Firpo,Orquesta Roberto Firpo,1936-10-19,Damisela Encantadora,,Vals,Instrumental,Odeón,,,,Ernesto Lecuona,Ernesto Lecuona,,32-36 García Piano,Carlos García,Ángel Corleto,"Vicente Toppi, Héctor Villanueva, Rafael Margaruccio, Francisco Marino","Nicolás Kornitz, Antonio Rossi, Enrique Forte, Raúl Vera","Piano, Bass, 4 Bandoneons, 4 Violins"
Roberto Firpo,Orquesta Roberto Firpo,1936-10-19,Homero,,Tango,Instrumental,Odeón,,,,Roberto Firpo,,,32-36 García Piano,Carlos García,Ángel Corleto,"Vicente Toppi, Héctor Villanueva, Rafael Margaruccio, Francisco Marino","Nicolás Kornitz, Antonio Rossi, Enrique Forte, Raúl Vera","Piano, Bass, 4 Bandoneons, 4 Violins"
Roberto Firpo,Orquesta Roberto Firpo,1936-12-02,Medallita de la Suerte,Mon Bijou,Tango,Carlos Varela,Odeón,,,,"Carlos Gardel, José Razzano",Mario Battistella,,32-36 García Piano,Carlos García,Ángel Corleto,"Vicente Toppi, Héctor Villanueva, Rafael Margaruccio, Francisco Marino","Nicolás Kornitz, Antonio Rossi, Enrique Forte, Raúl Vera","Piano, Bass, 4 Bandoneons, 4 Violins"
Roberto Firpo,Roberto Firpo y su Cuarteto,1936-12-19,El Aeroplano,,Vals,Instrumental,Odeón,,,,Pedro Datta,,,36-42 Cuarteto,,,,,
Roberto Firpo,Roberto Firpo y su Cuarteto,1936-12-19,El Llorón,,Milonga,Instrumental,Odeón,,,,Juan Maglio,Enrique Cadícamo,,36-42 Cuarteto,,,,,
Roberto Firpo,Roberto Firpo y su Cuarteto,1936-12-19,El Resplandor,,Vals,Instrumental,Odeón,,,,Roberto Firpo,,,36-42 Cuarteto,,,,,
Roberto Firpo,Roberto Firpo y su Cuarteto,1936-12-19,Eternamente,,Vals,Instrumental,Odeón,,,,Roberto Firpo,,,36-42 Cuarteto,,,,,
Roberto Firpo,Roberto Firpo y su Cuarteto,1936-12-19,La Rosarina,,Tango,Instrumental,Odeón,,,,Ricardo Alfiletegaray,Antonio Polito,,36-42 Cuarteto,,,,,
Roberto Firpo,Roberto Firpo y su Cuarteto,1936-12-19,La Trilla,,Tango,Instrumental,Odeón,,,,Eduardo Arolas,Héctor Polito,,36-42 Cuarteto,,,,,
Roberto Firpo,Roberto Firpo y su Cuarteto,1936-12-19,Noche Calurosa,,Vals,Instrumental,Odeón,,,,Roberto Firpo,,,36-42 Cuarteto,,,,,
Roberto Firpo,Orquesta Roberto Firpo,1936-12-23,La Canción del Cabaret,Mala,Tango,Instrumental,Odeón,,,,Roberto Firpo,Mario Flores,,36-44 Orquesta,,,,,
Roberto Firpo,Orquesta Roberto Firpo,1937-02-15,La Murra,,Tango,Instrumental,Odeón,,,,Roberto Firpo,Roberto Firpo,,36-44 Orquesta,,,,,
Roberto Firpo,Orquesta Roberto Firpo,1937-03-26,Dicha y Dolor,,Vals,Carlos Varela,Odeón,,,,"Carmelo Saponaro, José Aiello","Carmelo Saponaro, José Aiello",,36-44 Orquesta,,,,,
Roberto Firpo,Orquesta Roberto Firpo,1937-03-26,No Me Importa,,Tango,Carlos Varela,Odeón,,,,Salvador Merico,Jesús Blanco,,36-44 Orquesta,,,,,
Roberto Firpo,Orquesta Roberto Firpo,1937-03-26,Triste Domingo,Szomorú Vasárnap / Gloomy Sunday,Vals,Carlos Varela,Odeón,,,,"Rezs? Seress, Ar: Rosenberg","Francisco Gorrindo, László Jávor",,36-44 Orquesta,,,,,
Roberto Firpo,Orquesta Roberto Firpo,1937-03-26,Vea Vea,Vea Vea,Tango,Instrumental,Odeón,,,,Roberto Firpo,Alberto Lago,,36-44 Orquesta,,,,,
Roberto Firpo,Roberto Firpo y su Cuarteto,1937-03-27,El Apronte,,Tango,Instrumental,Odeón,,,,Roberto Firpo,,,36-42 Cuarteto,,,,,
Roberto Firpo,Roberto Firpo y su Cuarteto,1937-03-27,Pálida Sombra,,Vals,Instrumental,Odeón,,,,Roberto Firpo,,,36-42 Cuarteto,,,,,
Roberto Firpo,Roberto Firpo y su Cuarteto,1937-03-27,Rodríguez Peña,Rodríguez Peña,Tango,Instrumental,Odeón,,,,Vicente Greco,"Ernesto Temes, Juan Velich, Rafael Velich",,36-42 Cuarteto,,,,,
Roberto Firpo,Roberto Firpo y su Cuarteto,1937-04-20,Felicia,,Tango,Instrumental,Odeón,,,,Enrique Saborido,Carlos Pacheco,,36-42 Cuarteto,,,,,
Roberto Firpo,Roberto Firpo y su Cuarteto,1937-05-21,Don Enrique,,Tango,Instrumental,Odeón,,,,Rosendo Mendizábal,Ernesto Temes,,36-42 Cuarteto,,,,,
Roberto Firpo,Orquesta Roberto Firpo,1937-06-11,Didí,Di Di,Tango,Instrumental,Odeón,,,,Roberto Firpo,,,36-44 Orquesta,,,,,
Roberto Firpo,Orquesta Roberto Firpo,1937-06-11,Entre los Ceibos,,Vals,Instrumental,Odeón,,,,Roberto Firpo,,,36-44 Orquesta,,,,,
Roberto Firpo,Orquesta Roberto Firpo,1937-06-11,No Quiero Verte Llorar,,Tango,Carlos Varela,Odeón,,,,Agustín Magaldi,Rodolfo Sciammarella,,36-44 Orquesta,,,,,
Roberto Firpo,Orquesta Roberto Firpo,1937-06-11,Noche de Ronda,,Vals,Carlos Varela,Odeón,,,,María Lara,María Lara,,36-44 Orquesta,,,,,
Roberto Firpo,Roberto Firpo y su Cuarteto,1937-07-04,Alma Poética,,Vals,Instrumental,Odeón,,,,Roberto Firpo,,,36-42 Cuarteto,,,,,
Roberto Firpo,Roberto Firpo y su Cuarteto,1937-07-04,El Moro,,Tango,Instrumental,Odeón,,,,"Carlos Gardel, José Razzano","Carlos Gardel, José Razzano",,36-42 Cuarteto,,,,,
Roberto Firpo,Roberto Firpo y su Cuarteto,1937-07-04,La Cumparsita,Si Supieras,Tango,Instrumental,Odeón,,,,Gerardo Rodríguez,"Pascual Contursi, Enrique Maroni, Gerardo Rodríguez",,36-42 Cuarteto,,,,,
Roberto Firpo,Roberto Firpo y su Cuarteto,1937-07-04,Lo Que Está Bien Está Bien,,Tango,Instrumental,Odeón,,,,Roberto Firpo,,,36-42 Cuarteto,,,,,
Roberto Firpo,Roberto Firpo y su Cuarteto,1937-07-04,Matasano,,Tango,Instrumental,Odeón,,,,Francisco Canaro,,,36-42 Cuarteto,,,,,
Roberto Firpo,Roberto Firpo y su Cuarteto,1937-07-04,Noches de Frío,,Vals,Instrumental,Odeón,,,,Roberto Firpo,Lito Bayardo,,36-42 Cuarteto,,,,,
Roberto Firpo,Roberto Firpo y su Cuarteto,1937-07-04,Presentimiento,,Vals,Instrumental,Odeón,,,,Roberto Firpo,,,36-42 Cuarteto,,,,,
Roberto Firpo,Roberto Firpo y su Cuarteto,1937-07-04,Siempre Te Recuerdo,,Vals,Instrumental,Odeón,,,,Roberto Firpo,,,36-42 Cuarteto,,,,,
Roberto Firpo,Orquesta Roberto Firpo,1937-12-06,El Compinche,,Tango,Instrumental,Odeón,,,,Roberto Firpo,,,36-44 Orquesta,,,,,
Roberto Firpo,Orquesta Roberto Firpo,1937-12-06,Niñas de Viena,,Vals,Instrumental,Odeón,,,,Samuel Castriota,,,36-44 Orquesta,,,,,
Roberto Firpo,Orquesta Roberto Firpo,1937-12-06,Tierra Negra,,Tango,Instrumental,Odeón,,,,"Graciano De Leone, Juan Noli",Francisco Bastardi,,36-44 Orquesta,,,,,
Roberto Firpo,Roberto Firpo y su Cuarteto,1937-12-23,Por Buen Camino,,Tango,Instrumental,Odeón,,,,Roberto Firpo,,,36-42 Cuarteto,,,,,
Roberto Firpo,Roberto Firpo y su Cuarteto,1937-12-23,Tus Ojos Me Embelesan,,Vals,Instrumental,Odeón,,,,Gerardo Metallo,,,36-42 Cuarteto,,,,,
Roberto Firpo,Orquesta Roberto Firpo,1938-01-04,El Amanecer,,Tango,Instrumental,Odeón,,,,Roberto Firpo,,,36-44 Orquesta,,,,,
Roberto Firpo,Orquesta Roberto Firpo,1938-01-04,Fuegos Artificiales,,Tango,Instrumental,Odeón,,,,"Roberto Firpo, Eduardo Arolas",,,36-44 Orquesta,,,,,
Roberto Firpo,Roberto Firpo y su Cuarteto,1938-04-05,El Tío Soltero,,Tango,Instrumental,Odeón,,,,Juan Maglio,José Fernández,,36-42 Cuarteto,,,,,
Roberto Firpo,Roberto Firpo y su Cuarteto,1938-04-05,Superstición,,Vals,Instrumental,Odeón,,,,Juan Rezzano,,,36-42 Cuarteto,,,,,
Roberto Firpo,Roberto Firpo y su Cuarteto,1938-05-23,El Horizonte,,Tango,Instrumental,Odeón,,,,Roberto Firpo,,,36-42 Cuarteto,,,,,
Roberto Firpo,Roberto Firpo y su Cuarteto,1938-05-23,Milonga del 38,,Milonga,Instrumental,Odeón,,,,Roberto Firpo,,,36-42 Cuarteto,,,,,
Roberto Firpo,Roberto Firpo y su Cuarteto,1938-05-28,Milonga del 38,,Milonga,Instrumental,Odeón,,,,Roberto Firpo,,,36-42 Cuarteto,,,,,
Roberto Firpo,Roberto Firpo y su Cuarteto,1938-07-15,El Internado,,Tango,Instrumental,Odeón,,,,Francisco Canaro,,,36-42 Cuarteto,,,,,
Roberto Firpo,Roberto Firpo y su Cuarteto,1938-07-15,Estoy Penando,,Tango,Instrumental,Odeón,,,,Vicente Greco,,,36-42 Cuarteto,,,,,
Roberto Firpo,Roberto Firpo y su Cuarteto,1938-07-15,Hacia Ti Va Mi Alma,,Vals,Instrumental,Odeón,,,,Lucero Villegas,,,36-42 Cuarteto,,,,,
Roberto Firpo,Roberto Firpo y su Cuarteto,1938-07-22,La Morocha,,Tango,Instrumental,Odeón,,,,Enrique Saborido,Ángel Villoldo,,36-42 Cuarteto,,,,,
Roberto Firpo,Roberto Firpo y su Cuarteto,1938-07-22,Milonga Orillera,,Milonga,Instrumental,Odeón,,,,Roberto Firpo,,,36-42 Cuarteto,,,,,
Roberto Firpo,Roberto Firpo y su Cuarteto,1938-07-22,Ondas Sonoras,,Vals,Instrumental,Odeón,,,,Roberto Firpo,,,36-42 Cuarteto,,,,,
Roberto Firpo,Orquesta Roberto Firpo,1938-08-25,En el Desierto,,Vals,Instrumental,Odeón,,,,Roberto Firpo,,,36-44 Orquesta,,,,,
Roberto Firpo,Orquesta Roberto Firpo,1938-08-25,Indio Sácale el Pelo,,Tango,Instrumental,Odeón,,,,Roberto Firpo,,,36-44 Orquesta,,,,,
Roberto Firpo,Orquesta Roberto Firpo,1938-08-25,Volver a Querer,,Tango,Carlos Varela,Odeón,,,,Germán Teisseire,Nolo López,,36-44 Orquesta,,,,,
Roberto Firpo,Roberto Firpo y su Cuarteto,1939-02-02,Flor de Suburbio,,Milonga,Instrumental,Odeón,,,,Roberto Firpo,,,36-42 Cuarteto,,,,,
Roberto Firpo,Roberto Firpo y su Cuarteto,1939-02-02,La Huella,,Tango,Instrumental,Odeón,,,,Manuel Villanueva,Enrique Cadícamo,,36-42 Cuarteto,,,,,
Roberto Firpo,Roberto Firpo y su Cuarteto,1939-03-31,El Esquinazo,,Milonga,Instrumental,Odeón,,,,Ángel Villoldo,"Carlos Pesce, Antonio Polito",,36-42 Cuarteto,,,,,
Roberto Firpo,Roberto Firpo y su Cuarteto,1939-03-31,Sentimiento Criollo,,Tango,Instrumental,Odeón,,,,Roberto Firpo,Domingo Lombardi,,36-42 Cuarteto,,,,,
Roberto Firpo,Roberto Firpo y su Cuarteto,1939-04-05,Sueño Florido,,Vals,Instrumental,Odeón,,,,Roberto Firpo,,,36-42 Cuarteto,,,,,
Roberto Firpo,Roberto Firpo y su Cuarteto,1939-04-05,Vieja Milonga,,Milonga,Instrumental,Odeón,,,,Ateo Dapiaggi,,,36-42 Cuarteto,,,,,
Roberto Firpo,Roberto Firpo y su Cuarteto,1939-12-14,Recordando Lo Pasado,,Vals,Instrumental,Odeón,,,,Roberto Firpo,,,36-42 Cuarteto,,,,,
Roberto Firpo,Roberto Firpo y su Cuarteto,1939-12-14,Va a Dar Que Hablar,,Tango,Instrumental,Odeón,,,,Domingo Salerno,,,36-42 Cuarteto,,,,,
Roberto Firpo,Roberto Firpo y su Cuarteto,1939-12-21,Montevideo,,Tango,Instrumental,Odeón,,,,Roberto Firpo,,,36-42 Cuarteto,,,,,
Roberto Firpo,Roberto Firpo y su Cuarteto,1939-12-21,Recordándote,,Vals,Instrumental,Odeón,,,,Gerardo Metallo,Gerardo Metallo,,36-42 Cuarteto,,,,,
Roberto Firpo,Orquesta Roberto Firpo,1939-12-28,Curda Completa,,Tango,Instrumental,Odeón,,,,Roberto Firpo,,,36-44 Orquesta,,,,,
Roberto Firpo,Orquesta Roberto Firpo,1939-12-28,Fantasma,,Tango,Alberto Diale,Odeón,,,,Mario Maurano,José De Prisco,,36-44 Orquesta,,,,,
Roberto Firpo,Orquesta Roberto Firpo,1941-01-08,El Talento,,Tango,Instrumental,Odeón,,,,Roberto Firpo,,,36-44 Orquesta,,,,,
Roberto Firpo,Roberto Firpo y su Cuarteto,1941-01-08,El Tapial,,Tango,Instrumental,Odeón,,,,Alberto Buchardo,,,36-42 Cuarteto,,,,,
Roberto Firpo,Roberto Firpo y su Cuarteto,1941-01-08,Gran Muñeca,,Tango,Instrumental,Odeón,,,,Alfredo Bevilacqua,Antonio Polito,,36-42 Cuarteto,,,,,
Roberto Firpo,Orquesta Roberto Firpo,1941-01-08,Una Partida,,Tango,Instrumental,Odeón,,,,Roberto Firpo,,,36-44 Orquesta,,,,,
Roberto Firpo,Roberto Firpo y su Cuarteto,1941-06-16,El Bisturí,,Tango,Instrumental,Odeón,,,,Roberto Firpo,,,36-42 Cuarteto,,,,,
Roberto Firpo,Roberto Firpo y su Cuarteto,1941-06-16,Pena Mulata,,Milonga,Instrumental,Odeón,,,,Sebastián Piana,Homero Manzi,,36-42 Cuarteto,,,,,
Roberto Firpo,Orquesta Roberto Firpo,1941-09-16,La Chola,,Tango,Instrumental,Odeón,,,,Roberto Firpo,,,36-44 Orquesta,,,,,
Roberto Firpo,Orquesta Roberto Firpo,1941-09-16,Tristeza Criolla,,Tango,Alberto Diale Y Ignacio Murillo,Odeón,,,,"Fernando Rizzo, Cristóbal Becerra",José De La Huerta,,36-44 Orquesta,,,,,
Roberto Firpo,Orquesta Roberto Firpo,1942-01-02,Angustias del Corazón,,Vals,Instrumental,Odeón,,,,Roberto Firpo,,,36-44 Orquesta,,,,,
Roberto Firpo,Orquesta Roberto Firpo,1942-01-02,De Mi Arrabal,,Milonga,Instrumental,Odeón,,,,Roberto Firpo,Vicente Del Campo,,36-44 Orquesta,,,,,
Roberto Firpo,Roberto Firpo y su Cuarteto,1942-01-02,Un Lamento,,Milonga,Instrumental,Odeón,,,,Graciano De Leone,,,36-42 Cuarteto,,,,,
Roberto Firpo,Roberto Firpo y su Cuarteto,1942-06-15,Ataniche,,Tango,Instrumental,Odeón,,,,Ernesto Ponzio,,,36-42 Cuarteto,,,,,
Roberto Firpo,Roberto Firpo y su Cuarteto,1942-06-15,Entre los Ceibos,,Vals,Instrumental,Odeón,,,,Roberto Firpo,,,36-42 Cuarteto,,,,,
Roberto Firpo,Roberto Firpo y su Cuarteto,1942-06-15,Para las Chicas,Un Recuerdo,Vals,Instrumental,Odeón,,,,Julián Divasto,Oscar Sosa,,36-42 Cuarteto,,,,,
Roberto Firpo,Roberto Firpo y su Cuarteto,1942-06-15,Z Club,,Tango,Instrumental,Odeón,,,,Rosendo Mendizábal,Ernesto Temes,,36-42 Cuarteto,,,,,
Roberto Firpo,Orquesta Roberto Firpo,1942-07-15,Elvira Te Quiero,Elvira Te Quiero,Vals,Ignacio Murillo,Odeón,,,,Rodolfo Sciammarella,Manuel Romero,,36-44 Orquesta,,,,,
Roberto Firpo,Orquesta Roberto Firpo,1942-07-15,Muchachita Buena,,Tango,Alberto Diale,Odeón,,,,Don Vargas,"Maruja Huergo, Antonio Di Liello",,36-44 Orquesta,,,,,
Roberto Firpo,Orquesta Roberto Firpo,1942-07-21,Escríbeme,,Tango,Ignacio Murillo,Odeón,,,,"E. Parti, Giovanni Raimondo, E. Dorraval","E. Parti, Giovanni Raimondo, E. Dorraval",,36-44 Orquesta,,,,,
Roberto Firpo,Roberto Firpo y su Cuarteto,1942-08-05,Don Esteban,,Tango,Instrumental,Odeón,,,,Augusto Berto,Carlos Sarmiento,,36-42 Cuarteto,,,,,
Roberto Firpo,Orquesta Roberto Firpo,1942-08-05,Lo Mismo Que Ayer,,Tango,Alberto Diale,Odeón,,,,Roberto Firpo,Vincente Del Campo,,36-44 Orquesta,,,,,
Roberto Firpo,Roberto Firpo y su Cuarteto,1942-08-05,Ojos Negros,Dark Eyes,Tango,Instrumental,Odeón,,,,Vicente Greco,,,36-42 Cuarteto,,,,,
Roberto Firpo,Orquesta Roberto Firpo,1942-08-05,Vals del Recuerdo,El Vals del Recuerdo,Vals,Alberto Diale,Odeón,,,,Príncipe Kalender,Ben Molar,,36-44 Orquesta,,,,,
Roberto Firpo,Orquesta Roberto Firpo,1943-04-27,El Niño Jacinto,,Milonga,Alberto Diale Y Coro,Odeón,,,,"Oscar Rubens, Atilio Bruni",José De La Huerta,,36-44 Orquesta,,,,,
Roberto Firpo,Orquesta Roberto Firpo,1943-04-27,Petit Gris,Tapado Gris,Tango,Alberto Diale,Odeón,,,,Benjamín Garcilazo,Lito Bayardo,,36-44 Orquesta,,,,,
Roberto Firpo,Orquesta Roberto Firpo,1943-04-27,Si Alguna Vez,,Tango,Ignacio Murillo,Odeón,,,,"Antonio Arcieri, Benjamín García",Horacio Delamónica,,36-44 Orquesta,,,,,
Roberto Firpo,Orquesta Roberto Firpo,1943-04-27,Volver a Vernos,,Tango,Ignacio Murillo,Odeón,,,,Joaquín Mora,Luis Castiñeira,,36-44 Orquesta,,,,,
Roberto Firpo,Roberto Firpo y su Nuevo Cuarteto,1944-03-31,El Repique,,Milonga,Instrumental,Odeón,,,,Roberto Firpo,,,44-56 Nuevo Cuarteto,,,,,
Roberto Firpo,Roberto Firpo y su Nuevo Cuarteto,1944-03-31,La Rosarina,,Tango,Instrumental,Odeón,,,,Ricardo Alfiletegaray,Antonio Polito,,44-56 Nuevo Cuarteto,,,,,
Roberto Firpo,Orquesta Roberto Firpo,1944-04-21,Al Volver de Madrugada,,Tango,Ignacio Murillo,Víctor,,,,Antonio Arona,Francisco Jiménez,,36-44 Orquesta,,,,,
Roberto Firpo,Orquesta Roberto Firpo,1944-04-21,Argañaraz,Aquellas Farras,Tango,Ignacio Murillo,Víctor,,,,Roberto Firpo,Enrique Cadícamo,,36-44 Orquesta,,,,,
Roberto Firpo,Orquesta Roberto Firpo,1944-04-21,Lenguaje de Amor,,Vals,Ignacio Murillo,Víctor,,,,Roberto Firpo,Vicente Del Campo,,36-44 Orquesta,,,,,
Roberto Firpo,Orquesta Roberto Firpo,1944-04-21,Luna,,Milonga,Ignacio Murillo,Víctor,,,,Lucio Demare,Homero Manzi,,36-44 Orquesta,,,,,
Roberto Firpo,Roberto Firpo y su Nuevo Cuarteto,1944-06-02,El Llorón,,Milonga,Instrumental,Odeón,,,,Juan Maglio,Enrique Cadícamo,,44-56 Nuevo Cuarteto,,,,,
Roberto Firpo,Roberto Firpo y su Nuevo Cuarteto,1944-06-02,Recordando Lo Pasado,,Vals,Instrumental,Odeón,,,,Roberto Firpo,,,44-56 Nuevo Cuarteto,,,,,
Roberto Firpo,Roberto Firpo y su Nuevo Cuarteto,1944-09-11,El Toto,,Milonga,Instrumental,Odeón,,,,Carlos Posadas,,,44-56 Nuevo Cuarteto,,,,,
Roberto Firpo,Roberto Firpo y su Nuevo Cuarteto,1944-09-11,Noche Calurosa,,Vals,Instrumental,Odeón,,,,Roberto Firpo,,,44-56 Nuevo Cuarteto,,,,,
Roberto Firpo,Roberto Firpo y su Hijo (Dúo de Piano),1945-09-14,El Amanecer,,Tango,Instrumental,Odeón,,,,Roberto Firpo,,,44-56 Nuevo Cuarteto,,,,,
Roberto Firpo,Roberto Firpo y su Nuevo Cuarteto,1946-09-15,Olga,,Vals,Instrumental,Odeón,,,,Francisco Peña,,,44-56 Nuevo Cuarteto,,,,,
Roberto Firpo,Roberto Firpo y su Nuevo Cuarteto,1946-09-25,Champagne Tango,,Tango,Instrumental,Odeón,,,,Manuel Aróztegui,,,44-56 Nuevo Cuarteto,,,,,
Roberto Firpo,Roberto Firpo y su Nuevo Cuarteto,1946-10-21,El Once,A Divertirse,Tango,Instrumental,Odeón,,,,Osvaldo Fresedo,Emilio Fresedo,,44-56 Nuevo Cuarteto,,,,,
Roberto Firpo,Roberto Firpo y su Nuevo Cuarteto,1946-10-21,La Payanca,,Tango,Instrumental,Odeón,,,,Augusto Berto,Jesús Bianco,,44-56 Nuevo Cuarteto,,,,,
Roberto Firpo,Roberto Firpo y su Nuevo Cuarteto,1946-11-21,Duelo Criollo,,Tango,Instrumental,Odeón,,,,Juan Rezzano,Lito Bayardo,,44-56 Nuevo Cuarteto,,,,,
Roberto Firpo,Roberto Firpo y su Nuevo Cuarteto,1946-11-26,Me Gusta Bailar Milonga,,Milonga,Instrumental,Odeón,,,,Pintín Castellanos,Pintín Castellanos,,44-56 Nuevo Cuarteto,,,,,
Roberto Firpo,Roberto Firpo y su Nuevo Cuarteto,1946-12-16,Chamberguito Criollo,Chamberguito de los Gauchos,Milonga,Instrumental,Odeón,,,,Pascual Carabilló,Héctor Zapalorti,,44-56 Nuevo Cuarteto,,,,,
Roberto Firpo,Roberto Firpo y su Nuevo Cuarteto,1946-12-16,Mi Pebeta,Mi Nena,Tango,Instrumental,Odeón,,,,Rafael Rossi,,,44-56 Nuevo Cuarteto,,,,,
Roberto Firpo,Roberto Firpo y su Nuevo Cuarteto,1947-03-18,Madre,,Tango,Instrumental,Odeón,,,,Francisco Pracánico,Verminio Servetto,,44-56 Nuevo Cuarteto,,,,,
Roberto Firpo,Roberto Firpo y su Nuevo Cuarteto,1947-05-21,Alma de Bohemio,,Tango,Instrumental,Odeón,,,,Roberto Firpo,Juan Caruso,,44-56 Nuevo Cuarteto,,,,,
Roberto Firpo,Roberto Firpo y su Nuevo Cuarteto,1947-05-21,Desde el Alma,,Vals,Instrumental,Odeón,,,,Rosita Melo,"Víctor Vélez, Homero Manzi",,44-56 Nuevo Cuarteto,,,,,
Roberto Firpo,Roberto Firpo y su Nuevo Cuarteto,1947-08-21,Bravo Porteño,,Tango,Instrumental,Odeón,,,,Roberto Firpo,José Fernández,,44-56 Nuevo Cuarteto,,,,,
Roberto Firpo,Roberto Firpo y su Nuevo Cuarteto,1947-10-09,Tierra Negra,,Tango,Instrumental,Odeón,,,,"Graciano De Leone, Juan Noli",Francisco Bastardi,,44-56 Nuevo Cuarteto,,,,,
Roberto Firpo,Roberto Firpo y su Nuevo Cuarteto,1947-10-09,Vea Vea,Vea Vea,Tango,Instrumental,Odeón,,,,Roberto Firpo,Alberto Lago,,44-56 Nuevo Cuarteto,,,,,
Roberto Firpo,Roberto Firpo y su Nuevo Cuarteto,1948-01-21,De Pura Cepa,,Tango,Instrumental,Odeón,,,,Roberto Firpo,Benjamín Lara,,44-56 Nuevo Cuarteto,,,,,
Roberto Firpo,Roberto Firpo y su Nuevo Cuarteto,1948-01-21,Didí,Di Di,Tango,Instrumental,Odeón,,,,Roberto Firpo,,,44-56 Nuevo Cuarteto,,,,,
Roberto Firpo,Roberto Firpo y su Nuevo Cuarteto,1948-05-25,Milonga Orillera,,Milonga,Instrumental,Odeón,,,,Roberto Firpo,,,44-56 Nuevo Cuarteto,,,,,
Roberto Firpo,Roberto Firpo y su Nuevo Cuarteto,1948-05-25,Viento en Popa,,Tango,Instrumental,Odeón,,,,Anselmo Mendizábal,"Ernesto Temes, Carlos Waiss",,44-56 Nuevo Cuarteto,,,,,
Roberto Firpo,Roberto Firpo y su Nuevo Cuarteto,1948-05-28,Viento en Popa,,Tango,Instrumental,Odeón,,,,Anselmo Mendizábal,"Ernesto Temes, Carlos Waiss",,44-56 Nuevo Cuarteto,,,,,
Roberto Firpo,Roberto Firpo y su Nuevo Cuarteto,1948-08-13,Hotel Victoria,Gran Hotel Victoria,Tango,Instrumental,Odeón,,,,Feliciano Latasa,Carlos Pesce,,44-56 Nuevo Cuarteto,,,,,
Roberto Firpo,Roberto Firpo y su Nuevo Cuarteto,1948-08-13,Mariposa Azul,,Vals,Instrumental,Odeón,,,,Roberto Firpo,Roberto Firpo,,44-56 Nuevo Cuarteto,,,,,
Roberto Firpo,Roberto Firpo y su Nuevo Cuarteto,1948-11-19,De Mi Flor,,Tango,Instrumental,Odeón,,,,Roberto Firpo,,,44-56 Nuevo Cuarteto,,,,,
Roberto Firpo,Roberto Firpo y su Nuevo Cuarteto,1948-11-19,El Potro,La Rompedora,Milonga,Instrumental,Odeón,,,,Pintín Castellanos,,,44-56 Nuevo Cuarteto,,,,,
Roberto Firpo,Roberto Firpo y su Nuevo Cuarteto,1949-01-19,Apolo,,Tango,Instrumental,Odeón,,,,Alfredo Bevilacqua,Antonio Polito,,44-56 Nuevo Cuarteto,,,,,
Roberto Firpo,Roberto Firpo y su Nuevo Cuarteto,1949-01-19,Ni Flores Ya Se Ven,,Vals,Instrumental,Odeón,,,,Roberto Firpo,"Lito Bayardo, Vincente Del Campo",,44-56 Nuevo Cuarteto,,,,,
Roberto Firpo,Roberto Firpo y su Nuevo Cuarteto,1949-05-18,De Mi Arrabal,,Milonga,Instrumental,Odeón,,,,Roberto Firpo,Vicente Del Campo,,44-56 Nuevo Cuarteto,,,,,
Roberto Firpo,Roberto Firpo y su Nuevo Cuarteto,1949-05-18,Reina de Saba,,Tango,Instrumental,Odeón,,,,Rosendo Mendizábal,"Ernesto Temes, Carlos Waiss",,44-56 Nuevo Cuarteto,,,,,
Roberto Firpo,Roberto Firpo y su Nuevo Cuarteto,1949-07-27,En Plena Mar,,Vals,Instrumental,Odeón,,,,Roberto Firpo,,,44-56 Nuevo Cuarteto,,,,,
Roberto Firpo,Roberto Firpo y su Nuevo Cuarteto,1949-07-27,La Puñalada,,Milonga,Instrumental,Odeón,,,,Pintín Castellanos,Celedonio Flores,,44-56 Nuevo Cuarteto,,,,,
Roberto Firpo,Roberto Firpo y su Nuevo Cuarteto,1949-10-21,Diez de Mayo,,Milonga,Instrumental,Odeón,,,,Juan Caviello,Juan Caviello,,44-56 Nuevo Cuarteto,,,,,
Roberto Firpo,Roberto Firpo y su Nuevo Cuarteto,1949-10-21,La Rosarina,,Tango,Instrumental,Odeón,,,,Ricardo Alfiletegaray,Antonio Polito,,44-56 Nuevo Cuarteto,,,,,
Roberto Firpo,Roberto Firpo y su Nuevo Cuarteto,1949-12-21,El Talar,,Tango,Instrumental,Odeón,,,,Prudencio Aragón,Antonio Polito,,44-56 Nuevo Cuarteto,,,,,
Roberto Firpo,Roberto Firpo y su Nuevo Cuarteto,1949-12-21,Lo Que Está Bien Está Bien,,Tango,Instrumental,Odeón,,,,Roberto Firpo,,,44-56 Nuevo Cuarteto,,,,,
Roberto Firpo,Roberto Firpo y su Nuevo Cuarteto,1950,Derecho Viejo,,Tango,Instrumental,Odeón,,,,Eduardo Arolas,Gabriel Clausi,,44-56 Nuevo Cuarteto,,,,,
Roberto Firpo,Roberto Firpo y su Nuevo Cuarteto,1950,Lágrimas y Sonrisas,,Vals,Instrumental,Odeón,,,,Pascual De Gullo,Francisco Gullo,,44-56 Nuevo Cuarteto,,,,,
Roberto Firpo,Roberto Firpo y su Nuevo Cuarteto,1950,Sentimiento Criollo,,Tango,Instrumental,Odeón,,,,Roberto Firpo,Domingo Lombardi,,44-56 Nuevo Cuarteto,,,,,
Roberto Firpo,Roberto Firpo y su Nuevo Cuarteto,1950-03-06,Estoy Penando,,Tango,Instrumental,Odeón,,,,Vicente Greco,,,44-56 Nuevo Cuarteto,,,,,
Roberto Firpo,Roberto Firpo y su Nuevo Cuarteto,1950-03-06,Siempre Te Recuerdo,,Vals,Instrumental,Odeón,,,,Roberto Firpo,,,44-56 Nuevo Cuarteto,,,,,
Roberto Firpo,Roberto Firpo y su Nuevo Cuarteto,1950-05-19,La Galarcita,,Tango,Instrumental,Odeón,,,,Mauricio Guariglia,Antonio Polito,,44-56 Nuevo Cuarteto,,,,,
Roberto Firpo,Roberto Firpo y su Nuevo Cuarteto,1950-05-19,Noches de Frío,,Vals,Instrumental,Odeón,,,,Roberto Firpo,Lito Bayardo,,44-56 Nuevo Cuarteto,,,,,
Roberto Firpo,Roberto Firpo y su Nuevo Cuarteto,1950-08-03,Felicia,,Tango,Instrumental,Odeón,,,,Enrique Saborido,Carlos Pacheco,,44-56 Nuevo Cuarteto,,,,,
Roberto Firpo,Roberto Firpo y su Nuevo Cuarteto,1950-10-21,La Morocha,,Tango,Instrumental,Odeón,,,,Enrique Saborido,Ángel Villoldo,,44-56 Nuevo Cuarteto,,,,,
Roberto Firpo,Roberto Firpo y su Nuevo Cuarteto,1950-11-21,Don Enrique,,Tango,Instrumental,Odeón,,,,Rosendo Mendizábal,Ernesto Temes,,44-56 Nuevo Cuarteto,,,,,
Roberto Firpo,Roberto Firpo y su Nuevo Cuarteto,1950-11-21,Eternamente,,Vals,Instrumental,Odeón,,,,Roberto Firpo,,,44-56 Nuevo Cuarteto,,,,,
Roberto Firpo,Roberto Firpo y su Nuevo Cuarteto,1951,El Choclo,Kiss Of Fire,Tango,Instrumental,Odeón,,,,Ángel Villoldo,"Juan Catán, Enrique Discépolo",,44-56 Nuevo Cuarteto,,,,,
Roberto Firpo,Roberto Firpo y su Nuevo Cuarteto,1951,Fuegos Artificiales,,Tango,Instrumental,Odeón,,,,"Roberto Firpo, Eduardo Arolas",,,44-56 Nuevo Cuarteto,,,,,
Roberto Firpo,Roberto Firpo y su Nuevo Cuarteto,1951-05-09,Atardecer Campero,,Vals,Instrumental,Odeón,,,,Roberto Firpo,,,44-56 Nuevo Cuarteto,,,,,
Roberto Firpo,Roberto Firpo y su Nuevo Cuarteto,1951-05-09,Don Juan,Mozos Guapos,Tango,Instrumental,Odeón,,,,Ernesto Ponzio,Ricardo Podestá,,44-56 Nuevo Cuarteto,,,,,
Roberto Firpo,Roberto Firpo y su Nuevo Cuarteto,1951-08-07,El Horizonte,,Tango,Instrumental,Odeón,,,,Roberto Firpo,,,44-56 Nuevo Cuarteto,,,,,
Roberto Firpo,Roberto Firpo y su Nuevo Cuarteto,1951-08-07,Organito de Suburbio,,Milonga,Instrumental,Odeón,,,,Juan Caccaviello,Héctor Zappalorti,,44-56 Nuevo Cuarteto,,,,,
Roberto Firpo,Roberto Firpo y su Nuevo Cuarteto,1951-11-07,El Cencerro,,Tango,Instrumental,Odeón,,,,José Martínez,Francisco Lío,,44-56 Nuevo Cuarteto,,,,,
Roberto Firpo,Roberto Firpo y su Nuevo Cuarteto,1951-11-07,El Porteñito,,Tango,Instrumental,Odeón,,,,Ángel Villoldo,Ángel Villoldo,,44-56 Nuevo Cuarteto,,,,,
Roberto Firpo,Roberto Firpo y su Nuevo Cuarteto,1951-11-20,Alma Poética,,Vals,Instrumental,Odeón,,,,Roberto Firpo,,,44-56 Nuevo Cuarteto,,,,,
Roberto Firpo,Roberto Firpo y su Nuevo Cuarteto,1952-06-11,Cielo de Arrabal,,Milonga,Instrumental,Odeón,,,,Roberto Firpo,Héctor Zapalorti,,44-56 Nuevo Cuarteto,,,,,
Roberto Firpo,Roberto Firpo y su Nuevo Cuarteto,1952-06-11,Joaquina,,Tango,Instrumental,Odeón,,,,Juan Bergamino,,,44-56 Nuevo Cuarteto,,,,,
Roberto Firpo,Roberto Firpo y su Nuevo Cuarteto,1952-06-11,Mi Noche Triste,,Tango,Instrumental,Odeón,,,,Samuel Castriota,Pascual Contursi,,44-56 Nuevo Cuarteto,,,,,
Roberto Firpo,Roberto Firpo y su Nuevo Cuarteto,1952-06-11,Reflejos de Luna,,Vals,Instrumental,Odeón,,,,Roberto Firpo,,,44-56 Nuevo Cuarteto,,,,,
Roberto Firpo,Roberto Firpo y su Nuevo Cuarteto,1952-06-18,Cielo de Arrabal,,Milonga,Instrumental,Odeón,,,,Roberto Firpo,Héctor Zapalorti,,44-56 Nuevo Cuarteto,,,,,
Roberto Firpo,Roberto Firpo y su Nuevo Cuarteto,1952-10-08,Divisa Punzo,,Milonga,Instrumental,Odeón,,,,"Arturo Rodríguez, Chingay",,,44-56 Nuevo Cuarteto,,,,,
Roberto Firpo,Roberto Firpo y su Nuevo Cuarteto,1952-10-08,El Internado,,Tango,Instrumental,Odeón,,,,Francisco Canaro,,,44-56 Nuevo Cuarteto,,,,,
Roberto Firpo,Roberto Firpo y su Nuevo Cuarteto,1952-10-08,La Chola,,Tango,Instrumental,Odeón,,,,Roberto Firpo,,,44-56 Nuevo Cuarteto,,,,,
Roberto Firpo,Roberto Firpo y su Nuevo Cuarteto,1952-10-08,Mujer Espartanea,,Vals,Instrumental,Odeón,,,,"Roberto Firpo, Ricardo Otero, Alberto Cosentino",,,44-56 Nuevo Cuarteto,,,,,
Roberto Firpo,Roberto Firpo y su Nuevo Cuarteto,1952-12-18,Bar Exposición,Cosa Linda Barata,Tango,Instrumental,Odeón,,,,Luis Teisseire,,,44-56 Nuevo Cuarteto,,,,,
Roberto Firpo,Roberto Firpo y su Nuevo Cuarteto,1952-12-18,Nunca Me Olvides,,Vals,Instrumental,Odeón,,,,Roberto Firpo,,,44-56 Nuevo Cuarteto,,,,,
Roberto Firpo,Roberto Firpo y su Nuevo Cuarteto,1953-05-05,El Resplandor,,Vals,Instrumental,Odeón,,,,Roberto Firpo,,,44-56 Nuevo Cuarteto,,,,,
Roberto Firpo,Roberto Firpo y su Nuevo Cuarteto,1953-05-05,Va a Dar Que Hablar,,Tango,Instrumental,Odeón,,,,Domingo Salerno,,,44-56 Nuevo Cuarteto,,,,,
Roberto Firpo,Roberto Firpo y su Nuevo Cuarteto,1953-08-26,Clínicas,,Tango,Instrumental,Odeón,,,,Alberto Buchardo,,,44-56 Nuevo Cuarteto,,,,,
Roberto Firpo,Roberto Firpo y su Nuevo Cuarteto,1953-08-26,Ivette,Yvette,Tango,Instrumental,Odeón,,,,Augusto Berto,Pascual Contursi,,44-56 Nuevo Cuarteto,,,,,
Roberto Firpo,Roberto Firpo y su Nuevo Cuarteto,1953-12-11,Dulce Perdón,,Vals,Instrumental,Odeón,,,,Roberto Firpo,Francisco Brancatti,,44-56 Nuevo Cuarteto,,,,,
Roberto Firpo,Roberto Firpo y su Nuevo Cuarteto,1953-12-11,El Amanecer,,Tango,Instrumental,Odeón,,,,Roberto Firpo,,,44-56 Nuevo Cuarteto,,,,,
Roberto Firpo,Roberto Firpo y su Nuevo Cuarteto,1953-12-11,El Apache Argentino,,Tango,Instrumental,Odeón,,,,Manuel Aróztegui,,,44-56 Nuevo Cuarteto,,,,,
Roberto Firpo,Roberto Firpo y su Nuevo Cuarteto,1953-12-11,Malevaje,,Tango,Instrumental,Odeón,,,,Juan Filiberto,Enrique Discépolo,,44-56 Nuevo Cuarteto,,,,,
Roberto Firpo,Roberto Firpo y su Nuevo Cuarteto,1954-04-02,Homero,,Tango,Instrumental,Odeón,,,,Roberto Firpo,,,44-56 Nuevo Cuarteto,,,,,
Roberto Firpo,Roberto Firpo y su Nuevo Cuarteto,1954-04-02,Organito de la Tarde,,Tango,Instrumental,Odeón,,,,Castillo Cátulo,José Castillo,,44-56 Nuevo Cuarteto,,,,,
Roberto Firpo,Roberto Firpo y su Nuevo Cuarteto,1954-07-01,Copos de Espuma,,Vals,Instrumental,Odeón,,,,Anastasio González,Lito Bayardo,,44-56 Nuevo Cuarteto,,,,,
Roberto Firpo,Roberto Firpo y su Nuevo Cuarteto,1954-07-01,Eco Melodioso,,Tango,Instrumental,Odeón,,,,Roberto Firpo,Vicente Del Campo,,44-56 Nuevo Cuarteto,,,,,
Roberto Firpo,Roberto Firpo y su Nuevo Cuarteto,1954-08-10,El Cuzquito,,Tango,Instrumental,Odeón,,,,Vicente Greco,José Arolas,,44-56 Nuevo Cuarteto,,,,,
Roberto Firpo,Roberto Firpo y su Nuevo Cuarteto,1954-08-10,El Paraíso de los Locos,,Tango,Instrumental,Odeón,,,,Roberto Firpo,,,44-56 Nuevo Cuarteto,,,,,
Roberto Firpo,Roberto Firpo y su Nuevo Cuarteto,1954-12-21,De Rincón a Rincón,De Rincón en Rincón,Tango,Instrumental,Odeón,,,,Santiago París,Santiago Scherini,,44-56 Nuevo Cuarteto,,,,,
Roberto Firpo,Roberto Firpo y su Nuevo Cuarteto,1954-12-21,Olas Nocturnas,,Vals,Instrumental,Odeón,,,,Roberto Firpo,,,44-56 Nuevo Cuarteto,,,,,
Roberto Firpo,Roberto Firpo y su Nuevo Cuarteto,1955-04-25,Clarita,,Vals,Instrumental,Odeón,,,,Alfredo Cordisco,,,44-56 Nuevo Cuarteto,,,,,
Roberto Firpo,Roberto Firpo y su Nuevo Cuarteto,1955-04-25,El Talento,,Tango,Instrumental,Odeón,,,,Roberto Firpo,,,44-56 Nuevo Cuarteto,,,,,
Roberto Firpo,Roberto Firpo y su Nuevo Cuarteto,1955-06-13,Alma Gaucha,,Tango,Instrumental,Odeón,,,,Roberto Firpo,,,44-56 Nuevo Cuarteto,,,,,
Roberto Firpo,Roberto Firpo y su Nuevo Cuarteto,1955-06-13,L U,,Milonga,Instrumental,Odeón,,,,"Juan Caviello, Cesar Di Candia",,,44-56 Nuevo Cuarteto,,,,,
Roberto Firpo,Roberto Firpo y su Nuevo Cuarteto,1955-07-15,Didí,Di Di,Milonga,Instrumental,Odeón,,,,Roberto Firpo,,,44-56 Nuevo Cuarteto,,,,,
Roberto Firpo,Roberto Firpo y su Nuevo Cuarteto,1956-05-02,Curda Completa,,Tango,Instrumental,Odeón,,,,Roberto Firpo,,,44-56 Nuevo Cuarteto,,,,,
Roberto Firpo,Roberto Firpo y su Nuevo Cuarteto,1956-05-02,Horas de Pasión,,Vals,Instrumental,Odeón,,,,Roberto Firpo,"José Bugliot, Rafael De Rosa",,44-56 Nuevo Cuarteto,,,,,
Roberto Firpo,Roberto Firpo y su Nuevo Cuarteto,1956-07-24,Cuidado con los 50,,Tango,Instrumental,Odeón,,,,Ángel Villoldo,"Carlos Pesce, Antonio Polito",,44-56 Nuevo Cuarteto,,,,,
Roberto Firpo,Roberto Firpo y su Nuevo Cuarteto,1956-07-24,Cuidao con los 50,,Tango,Instrumental,Odeón,,,,Ángel Villoldo,"Carlos Pesce, Antonio Polito",,44-56 Nuevo Cuarteto,,,,,
Roberto Firpo,Roberto Firpo y su Nuevo Cuarteto,1956-07-24,La Mulita,,Milonga,Instrumental,Odeón,,,,Roberto Fipo,,,44-56 Nuevo Cuarteto,,,,,
Roberto Firpo,Roberto Firpo y su Nuevo Cuarteto,1956-08-22,El Pensamiento,,Tango,Instrumental,Odeón,,,,José Martínez,Francisco Jiménez,,44-56 Nuevo Cuarteto,,,,,
Roberto Firpo,Roberto Firpo y su Nuevo Cuarteto,1956-10-22,Te Fuiste Hermano,,Tango,Instrumental,Odeón,,,,Nioclás Tavarozzi,Eugenio Cárdenas,,44-56 Nuevo Cuarteto,,,,,
Roberto Firpo,Quinteto de Antes,1959-04-23,Campo Afuera,,Milonga,Instrumental,Odeón,,,,Rodolfo Biagi,Homero Manzi,,59 Quinteto,,,,,
Roberto Firpo,Quinteto de Antes,1959-04-23,El Choclo,Kiss Of Fire,Tango,Instrumental,Odeón,,,,Ángel Villoldo,"Juan Catán, Enrique Discépolo",,59 Quinteto,,,,,
Roberto Firpo,Quinteto de Antes,1959-04-23,El Llorón,,Tango,Instrumental,Odeón,,,,Juan Maglio,Enrique Cadícamo,,59 Quinteto,,,,,
Roberto Firpo,Quinteto de Antes,1959-04-23,La Payanca,,Tango,Instrumental,Odeón,,,,Augusto Berto,Jesús Bianco,,59 Quinteto,,,,,
Roberto Firpo,Quinteto de Antes,1959-05-05,El Cuzquito,,Tango,Instrumental,Odeón,,,,Vicente Greco,José Arolas,,59 Quinteto,,,,,
Roberto Firpo,Quinteto de Antes,1959-05-05,Entre los Ceibos,,Vals,Instrumental,Odeón,,,,Roberto Firpo,,,59 Quinteto,,,,,
Roberto Firpo,Quinteto de Antes,1959-05-05,Felicia,,Tango,Instrumental,Odeón,,,,Enrique Saborido,Carlos Pacheco,,59 Quinteto,,,,,
Roberto Firpo,Quinteto de Antes,1959-05-19,Duelo Criollo,,Tango,Instrumental,Odeón,,,,Juan Rezzano,Lito Bayardo,,59 Quinteto,,,,,
Roberto Firpo,Quinteto de Antes,1959-05-19,El Repique,,Milonga,Instrumental,Odeón,,,,Roberto Firpo,,,59 Quinteto,,,,,
Roberto Firpo,Quinteto de Antes,1959-05-19,Noche Calurosa,,Vals,Instrumental,Odeón,,,,Roberto Firpo,,,59 Quinteto,,,,,
